0 Minifigure, Hair Bowl Cut Parted in Center
0 Name: 38800.dat
0 Author: 
0 !LDRAW_ORG Unofficial_Part
0 !LICENSE Redistributable under CCAL version 2.0 : see CAreadme.txt

0 BFC CERTIFY CCW

4 16 5.413 0 3.125 5.413 -4.45 3.125 3.125 -4.45 5.413 3.125 0 5.413
4 16 3.125 0 5.413 3.125 -4.45 5.413 0 -4.45 6.25 0 0 6.25
4 16 0 0 6.25 0 -4.45 6.25 -3.125 -4.45 5.413 -3.125 0 5.413
4 16 -3.125 0 5.413 -3.125 -4.45 5.413 -5.413 -4.45 3.125 -5.413 0 3.125
4 16 -5.413 0 3.125 -5.413 -4.45 3.125 -6.25 -4.45 0 -6.25 0 0
4 16 -5.413 -4.45 -3.125 -5.413 0 -3.125 -6.25 0 0 -6.25 -4.45 0
4 16 -5.413 0 -3.125 -5.413 -4.45 -3.125 -3.125 -4.45 -5.413 -3.125 0 -5.413
4 16 -3.125 0 -5.413 -3.125 -4.45 -5.413 0 -4.45 -6.25 0 0 -6.25
4 16 5.413 -4.45 3.125 5.413 0 3.125 6.25 0 0 6.25 -4.45 0
4 16 6.25 -4.45 0 6.25 0 0 5.413 0 -3.125 5.413 -4.45 -3.125
4 16 5.413 -4.45 -3.125 5.413 0 -3.125 3.125 0 -5.413 3.125 -4.45 -5.413
4 16 3.125 -4.45 -5.413 3.125 0 -5.413 0 0 -6.25 0 -4.45 -6.25
4 16 5.413 -4.45 -3.125 0 -4.45 0 5.413 -4.45 3.125 6.25 -4.45 0
4 16 0 -4.45 6.25 3.125 -4.45 5.413 5.413 -4.45 3.125 0 -4.45 0
4 16 0 -4.45 6.25 0 -4.45 0 -5.413 -4.45 3.125 -3.125 -4.45 5.413
4 16 -5.413 -4.45 3.125 0 -4.45 0 -5.413 -4.45 -3.125 -6.25 -4.45 0
4 16 -5.413 -4.45 -3.125 0 -4.45 0 0 -4.45 -6.25 -3.125 -4.45 -5.413
4 16 0 -4.45 -6.25 0 -4.45 0 5.413 -4.45 -3.125 3.125 -4.45 -5.413
3 16 -0.165 -3.585 -11.432 0.613 -4.393 -10.869 -0.212 -4.469 -10.717 
3 16 -0.165 -3.585 -11.432 1.204 -4.228 -11.674 0.613 -4.393 -10.869 
3 16 1.527 -2.204 -12.685 1.204 -4.228 -11.674 -0.165 -3.585 -11.432 
3 16 1.204 -4.228 -11.674 1.527 -2.204 -12.685 3.446 -2.561 -12.904 
3 16 1.204 -4.228 -11.674 3.446 -2.561 -12.904 3.357 -4.759 -11.784 
3 16 3.446 -2.561 -12.904 5.568 -4.532 -11.675 3.357 -4.759 -11.784 
3 16 3.446 -2.561 -12.904 5.182 -2.307 -13.106 5.568 -4.532 -11.675 
3 16 7.613 -3.703 -11.417 5.568 -4.532 -11.675 5.182 -2.307 -13.106 
3 16 7.613 -3.703 -11.417 5.182 -2.307 -13.106 6.639 -1.104 -13.239 
3 16 6.639 -1.104 -13.239 9.303 -2.492 -10.884 7.613 -3.703 -11.417 
3 16 6.639 -1.104 -13.239 7.34 0.225 -13.152 9.303 -2.492 -10.884 
3 16 7.34 0.225 -13.152 10.705 -0.949 -10.238 9.303 -2.492 -10.884 
3 16 7.34 0.225 -13.152 7.968 1.75 -12.933 10.705 -0.949 -10.238 
4 16 8.553 3.484 -12.638 11.817 .693 -9.46 10.705 -.949 -10.238 7.968 1.75 -12.933
3 16 12.484 1.838 -8.82 11.817 0.693 -9.46 8.553 3.484 -12.638 
3 16 12.484 1.838 -8.82 8.553 3.484 -12.638 9.145 5.354 -12.185 
3 16 9.145 5.354 -12.185 12.438 3.627 -9.175 12.484 1.838 -8.82 
3 16 13.153 3.162 -8.183 12.484 1.838 -8.82 12.438 3.627 -9.175 
3 16 13.153 3.162 -8.183 12.853 2.163 -8.32 12.484 1.838 -8.82 
4 16 13.425 5.855 -8.145 13.153 3.162 -8.183 12.438 3.627 -9.175 12.684 5.953 -9.128
3 16 12.684 5.953 -9.128 12.438 3.627 -9.175 11.618 5.946 -10.164 
3 16 11.618 5.946 -10.164 12.438 3.627 -9.175 9.7 6.931 -11.692 
3 16 9.145 5.354 -12.185 9.7 6.931 -11.692 12.438 3.627 -9.175 
3 16 11.618 5.946 -10.164 9.7 6.931 -11.692 10.673 8.276 -11.009 
3 16 11.972 8.748 -9.887 11.618 5.946 -10.164 10.673 8.276 -11.009 
3 16 11.972 8.748 -9.887 12.684 5.953 -9.128 11.618 5.946 -10.164 
4 16 13.425 5.855 -8.145 12.684 5.953 -9.128 11.972 8.748 -9.887 13.436 8.556 -7.949
3 16 0.846 -5.358 -10.393 -0.212 -4.469 -10.717 0.613 -4.393 -10.869 
3 16 0.846 -5.358 -10.393 -0.572 -5.116 -9.871 -0.212 -4.469 -10.717 
3 16 0.846 -5.358 -10.393 -0.365 -5.948 -9.113 -0.572 -5.116 -9.871 
3 16 0.846 -5.358 -10.393 1 -6.615 -8.878 -0.365 -5.948 -9.113 
3 16 -0.238 -6.785 -7.545 -0.365 -5.948 -9.113 1 -6.615 -8.878 
3 16 -0.238 -6.785 -7.545 1 -6.615 -8.878 1.196 -7.33 -7.482 
3 16 0.23 -7.166 -6.411 -0.238 -6.785 -7.545 1.196 -7.33 -7.482 
3 16 0.23 -7.166 -6.411 -0.357 -7.161 -6.154 -0.238 -6.785 -7.545 
3 16 1.196 -7.33 -7.482 1 -6.615 -8.878 3.206 -6.968 -9.05 
3 16 1.196 -7.33 -7.482 3.206 -6.968 -9.05 3.153 -7.672 -7.399 
3 16 3.054 -5.858 -10.406 5.825 -6.658 -8.875 3.206 -6.968 -9.05 
4 16 3.206 -6.968 -9.05 1 -6.615 -8.878 .846 -5.358 -10.393 3.054 -5.858 -10.406
3 16 3.054 -5.858 -10.406 5.928 -5.583 -10.367 5.825 -6.658 -8.875 
3 16 8.007 -5.7 -8.439 5.825 -6.658 -8.875 5.928 -5.583 -10.367 
3 16 8.007 -5.7 -8.439 5.928 -5.583 -10.367 7.93 -4.749 -10.073 
3 16 9.757 -4.342 -7.868 8.007 -5.7 -8.439 7.93 -4.749 -10.073 
3 16 9.757 -4.342 -7.868 7.93 -4.749 -10.073 9.59 -3.373 -9.573 
3 16 9.636 -5.103 -6.046 8.007 -5.7 -8.439 9.757 -4.342 -7.868 
3 16 9.636 -5.103 -6.046 7.991 -6.427 -6.632 8.007 -5.7 -8.439 
4 16 7.991 -6.427 -6.632 5.791 -7.395 -7.105 5.825 -6.658 -8.875 8.007 -5.7 -8.439
4 16 3.206 -6.968 -9.05 5.825 -6.658 -8.875 5.791 -7.395 -7.105 3.153 -7.672 -7.399
3 16 9.59 -3.373 -9.573 11.246 -2.781 -7.15 9.757 -4.342 -7.868 
3 16 9.59 -3.373 -9.573 11.015 -1.731 -9.008 11.246 -2.781 -7.15 
4 16 11.015 -1.731 -9.008 12.156 .007 -8.399 12.575 -1.094 -6.084 11.246 -2.781 -7.15
4 16 12.156 .007 -8.399 12.943 1.534 -7.849 13.618 .917 -5.384 12.575 -1.094 -6.084
3 16 11.246 -2.781 -7.15 12.575 -1.094 -6.084 12.086 -2.502 -4.95 
3 16 11.246 -2.781 -7.15 12.086 -2.502 -4.95 11.144 -3.678 -5.458 
3 16 9.757 -4.342 -7.868 11.144 -3.678 -5.458 9.636 -5.103 -6.046 
3 16 9.757 -4.342 -7.868 11.246 -2.781 -7.15 11.144 -3.678 -5.458 
3 16 12.575 -1.094 -6.084 12.611 -1.806 -3.962 12.086 -2.502 -4.95 
3 16 12.575 -1.094 -6.084 13.199 -0.9 -3.61 12.611 -1.806 -3.962 
3 16 13.199 -0.9 -3.61 12.575 -1.094 -6.084 13.618 0.917 -5.384 
3 16 13.199 -0.9 -3.61 13.618 0.917 -5.384 13.881 0.473 -3.157 
3 16 13.881 0.473 -3.157 13.618 0.917 -5.384 14.429 2.729 -4.31 
3 16 13.881 0.473 -3.157 14.429 2.729 -4.31 14.554 2.156 -2.381 
3 16 14.429 2.729 -4.31 14.787 2.944 -2.333 14.554 2.156 -2.381 
3 16 14.787 2.944 -2.333 14.429 2.729 -4.31 14.825 3.132 -2.522 
3 16 14.429 2.729 -4.31 15.215 4.77 -2.474 14.825 3.132 -2.522 
4 16 15.215 4.77 -2.474 14.429 2.729 -4.31 13.787 3.031 -6.748 14.765 5.382 -4.409
3 16 13.787 3.031 -6.748 13.618 0.917 -5.384 12.943 1.534 -7.849 
3 16 13.787 3.031 -6.748 14.429 2.729 -4.31 13.618 0.917 -5.384 
3 16 14.765 5.382 -4.409 13.787 3.031 -6.748 14.155 5.655 -6.574 
3 16 14.155 5.655 -6.574 13.787 3.031 -6.748 13.153 3.162 -8.183 
3 16 12.943 1.534 -7.849 13.153 3.162 -8.183 13.787 3.031 -6.748 
3 16 14.155 5.655 -6.574 13.153 3.162 -8.183 13.425 5.855 -8.145 
3 16 14.237 8.293 -6.293 14.155 5.655 -6.574 13.425 5.855 -8.145 
3 16 14.237 8.293 -6.293 13.425 5.855 -8.145 13.436 8.556 -7.949 
3 16 14.808 8.056 -4.423 14.155 5.655 -6.574 14.237 8.293 -6.293 
3 16 14.808 8.056 -4.423 14.765 5.382 -4.409 14.155 5.655 -6.574 
3 16 15.337 6.199 -2.341 14.765 5.382 -4.409 14.808 8.056 -4.423 
3 16 15.337 6.199 -2.341 15.215 4.77 -2.474 14.765 5.382 -4.409 
3 16 14.808 8.056 -4.423 15.21 7.853 -2.656 15.337 6.199 -2.341 
3 16 12.943 1.534 -7.849 12.853 2.163 -8.32 13.153 3.162 -8.183 
3 16 -5.102 -2.286 -13.102 -4.537 -5.059 -11.14 -7.095 -4.337 -11.174 
3 16 -5.102 -2.286 -13.102 -3.573 -2.608 -12.91 -4.537 -5.059 -11.14 
3 16 -7.095 -4.337 -11.174 -6.867 -0.831 -13.215 -5.102 -2.286 -13.102 
3 16 -7.095 -4.337 -11.174 -9.018 -2.847 -10.982 -6.867 -0.831 -13.215 
3 16 -9.018 -2.847 -10.982 -7.942 1.181 -12.98 -6.867 -0.831 -13.215 
3 16 -9.018 -2.847 -10.982 -10.711 -0.596 -10.548 -7.942 1.181 -12.98 
3 16 -11.654 1.432 -10.145 -7.942 1.181 -12.98 -10.711 -0.596 -10.548 
3 16 -11.654 1.432 -10.145 -8.698 3.242 -12.623 -7.942 1.181 -12.98 
3 16 -8.698 3.242 -12.623 -11.654 1.432 -10.145 -11.26 3.844 -10.957 
4 16 -11.729 6.511 -10.617 -9.265 5.15 -12.212 -8.698 3.242 -12.623 -11.26 3.844 -10.957
3 16 -9.265 5.15 -12.212 -11.729 6.511 -10.617 -9.964 7.215 -11.608 
3 16 -10.9 8.266 -10.994 -9.964 7.215 -11.608 -11.729 6.511 -10.617 
3 16 -10.9 8.266 -10.994 -11.729 6.511 -10.617 -12.124 8.666 -9.993 
3 16 -13.315 6.152 -8.443 -12.124 8.666 -9.993 -11.729 6.511 -10.617 
3 16 -13.315 6.152 -8.443 -13.371 8.62 -8.33 -12.124 8.666 -9.993 
3 16 -11.729 6.511 -10.617 -12.751 3.696 -9.015 -13.315 6.152 -8.443 
3 16 -11.729 6.511 -10.617 -11.26 3.844 -10.957 -12.751 3.696 -9.015 
3 16 -13.315 6.152 -8.443 -12.751 3.696 -9.015 -13.815 3.457 -6.838 
3 16 -13.315 6.152 -8.443 -13.815 3.457 -6.838 -14.358 5.923 -6.375 
4 16 -14.79 5.93 -5.183 -14.358 5.923 -6.375 -13.815 3.457 -6.838 -14.477 3.891 -5.19
4 16 -12.984 .531 -7.229 -14.017 1.837 -5.069 -14.477 3.891 -5.19 -13.815 3.457 -6.838
3 16 -12.984 0.531 -7.229 -13.815 3.457 -6.838 -12.751 3.696 -9.015 
3 16 -13.533 0.197 -4.969 -14.017 1.837 -5.069 -12.984 0.531 -7.229 
3 16 -13.533 0.197 -4.969 -13.924 1.206 -4.6 -14.017 1.837 -5.069 
3 16 -12.776 -1.561 -5.198 -13.533 0.197 -4.969 -12.984 0.531 -7.229 
3 16 -12.776 -1.561 -5.198 -12.984 0.531 -7.229 -12.167 -1.304 -7.458 
3 16 -12.167 -1.304 -7.458 -12.984 0.531 -7.229 -12.076 1.011 -9.333 
3 16 -12.984 0.531 -7.229 -12.751 3.696 -9.015 -12.076 1.011 -9.333 
3 16 -12.167 -1.304 -7.458 -12.076 1.011 -9.333 -11.314 -0.875 -9.498 
4 16 -9.623 -3.485 -9.681 -10.278 -3.962 -7.9 -12.167 -1.304 -7.458 -11.314 -.875 -9.498
3 16 -8.247 -5.929 -8.004 -10.278 -3.962 -7.9 -9.623 -3.485 -9.681 
3 16 -8.247 -5.929 -8.004 -9.623 -3.485 -9.681 -7.574 -5.349 -9.741 
3 16 -5.241 -7.375 -7.826 -8.247 -5.929 -8.004 -7.574 -5.349 -9.741 
3 16 -5.241 -7.375 -7.826 -7.574 -5.349 -9.741 -4.678 -6.435 -9.591 
4 16 -8.356 -6.343 -6.078 -8.247 -5.929 -8.004 -5.241 -7.375 -7.826 -5.667 -7.607 -6.125
3 16 -10.491 -4.491 -5.98 -8.247 -5.929 -8.004 -8.356 -6.343 -6.078 
3 16 -10.491 -4.491 -5.98 -10.278 -3.962 -7.9 -8.247 -5.929 -8.004 
3 16 -11.619 -3.203 -5.769 -12.776 -1.561 -5.198 -12.167 -1.304 -7.458 
3 16 -10.278 -3.962 -7.9 -11.619 -3.203 -5.769 -12.167 -1.304 -7.458 
3 16 -10.278 -3.962 -7.9 -10.491 -4.491 -5.98 -11.619 -3.203 -5.769 
3 16 -11.619 -3.203 -5.769 -12.085 -2.684 -5.205 -12.776 -1.561 -5.198 
4 16 -12.776 -1.561 -5.198 -12.085 -2.684 -5.205 -11.643 -3.434 -4.565 -12.966 -1.485 -1.861
3 16 -2.671 -7.826 -6.173 -5.667 -7.607 -6.125 -5.241 -7.375 -7.826 
3 16 -2.671 -7.826 -6.173 -5.241 -7.375 -7.826 -2.592 -7.444 -7.809 
3 16 -2.592 -7.444 -7.809 -5.241 -7.375 -7.826 -4.678 -6.435 -9.591 
3 16 -2.592 -7.444 -7.809 -0.357 -7.161 -6.154 -2.671 -7.826 -6.173 
3 16 -2.592 -7.444 -7.809 -0.238 -6.785 -7.545 -0.357 -7.161 -6.154 
3 16 -2.397 -6.356 -9.326 -0.238 -6.785 -7.545 -2.592 -7.444 -7.809 
3 16 -2.592 -7.444 -7.809 -4.678 -6.435 -9.591 -2.397 -6.356 -9.326 
3 16 -2.397 -6.356 -9.326 -0.365 -5.948 -9.113 -0.238 -6.785 -7.545 
3 16 -12.148 -2.832 -2.254 -12.966 -1.485 -1.861 -11.643 -3.434 -4.565 
3 16 -11.643 -3.434 -4.565 -10.819 -4.36 -2.48 -12.148 -2.832 -2.254 
3 16 -11.643 -3.434 -4.565 -10.678 -4.495 -4.514 -10.819 -4.36 -2.48 
3 16 -10.678 -4.495 -4.514 -8.604 -6.257 -2.539 -10.819 -4.36 -2.48 
3 16 -10.678 -4.495 -4.514 -8.376 -6.421 -4.531 -8.604 -6.257 -2.539 
3 16 -8.376 -6.421 -4.531 -5.865 -7.846 -2.656 -8.604 -6.257 -2.539 
3 16 -8.376 -6.421 -4.531 -5.786 -7.748 -4.426 -5.865 -7.846 -2.656 
3 16 -3.449 -8.156 -4.284 -5.865 -7.846 -2.656 -5.786 -7.748 -4.426 
3 16 -3.449 -8.156 -4.284 -3.483 -8.292 -2.456 -5.865 -7.846 -2.656 
3 16 -1.251 -7.905 -4.079 -3.483 -8.292 -2.456 -3.449 -8.156 -4.284 
3 16 -1.251 -7.905 -4.079 -1.156 -7.967 -2.441 -3.483 -8.292 -2.456 
4 16 -1.251 -7.905 -4.079 -.284 -7.23 -5.101 -.147 -7.417 -1.424 -1.156 -7.967 -2.441
3 16 -12.148 -2.832 -2.254 -12.524 -2.203 -1.623 -12.966 -1.485 -1.861 
3 16 -12.524 -2.203 -1.623 -12.152 -2.232 2.424 -12.966 -1.485 -1.861 
3 16 -12.044 -2.837 -0.965 -12.152 -2.232 2.424 -12.524 -2.203 -1.623 
3 16 -12.044 -2.837 -0.965 -10.493 -4.349 2.265 -12.152 -2.232 2.424 
3 16 -12.044 -2.837 -0.965 -10.856 -4.262 -0.928 -10.493 -4.349 2.265 
3 16 -8.685 -6.01 2.067 -10.493 -4.349 2.265 -10.856 -4.262 -0.928 
3 16 -8.685 -6.01 2.067 -10.856 -4.262 -0.928 -8.392 -6.446 -0.904 
3 16 -6.027 -7.572 1.761 -8.685 -6.01 2.067 -8.392 -6.446 -0.904 
3 16 -6.027 -7.572 1.761 -8.392 -6.446 -0.904 -5.827 -7.803 -0.737 
3 16 -11.113 -2.725 5.756 -12.152 -2.232 2.424 -10.493 -4.349 2.265 
3 16 -12.152 -2.232 2.424 -11.113 -2.725 5.756 -12.011 -1.353 5.957 
3 16 -12.152 -2.232 2.424 -12.011 -1.353 5.957 -13.133 0.431 4.927 
3 16 -11.113 -2.725 5.756 -10.493 -4.349 2.265 -9.569 -4.637 5.282 
3 16 -9.569 -4.637 5.282 -10.493 -4.349 2.265 -8.685 -6.01 2.067 
3 16 -9.569 -4.637 5.282 -8.685 -6.01 2.067 -7.933 -6.128 4.902 
3 16 -7.933 -6.128 4.902 -8.685 -6.01 2.067 -6.027 -7.572 1.761 
3 16 -7.933 -6.128 4.902 -6.027 -7.572 1.761 -5.72 -7.385 4.332 
3 16 -3.113 -8.06 3.574 -5.72 -7.385 4.332 -6.027 -7.572 1.761 
3 16 -3.113 -8.06 3.574 -6.027 -7.572 1.761 -3.079 -8.383 1.559 
3 16 -3.079 -8.383 1.559 -1.108 -8.155 2.641 -3.113 -8.06 3.574 
3 16 -3.079 -8.383 1.559 -1.136 -8.208 1.33 -1.108 -8.155 2.641 
4 16 -3.536 -8.389 -.583 -1.23 -8.174 -.241 -1.136 -8.208 1.33 -3.079 -8.383 1.559
4 16 -3.079 -8.383 1.559 -6.027 -7.572 1.761 -5.827 -7.803 -.737 -3.536 -8.389 -.583
3 16 -13.133 0.431 4.927 -12.011 -1.353 5.957 -12.308 -0.461 6.592 
3 16 -13.133 0.431 4.927 -12.308 -0.461 6.592 -12.824 0.594 6.757 
3 16 -12.308 -0.461 6.592 -11.492 0.238 9.407 -12.824 0.594 6.757 
4 16 -11.492 .238 9.407 -12.353 2.808 9.796 -13.6 2.626 6.833 -12.824 .594 6.757
3 16 -13.133 0.431 4.927 -12.824 0.594 6.757 -13.6 2.626 6.833 
3 16 -14.148 4.925 6.982 -14.089 2.583 4.879 -13.6 2.626 6.833 
3 16 -14.148 4.925 6.982 -14.713 5.057 5.041 -14.089 2.583 4.879 
3 16 -14.713 5.057 5.041 -15.07 4.704 2.906 -14.089 2.583 4.879 
3 16 -14.947 4.068 2.617 -14.089 2.583 4.879 -15.07 4.704 2.906 
3 16 -14.434 2.467 2.761 -14.089 2.583 4.879 -14.947 4.068 2.617 
4 16 -14.606 2.527 .722 -14.434 2.467 2.761 -14.947 4.068 2.617 -15.191 4.721 2.108
4 16 -13.496 .239 2.775 -14.434 2.467 2.761 -14.606 2.527 .722 -13.702 .392 .58
3 16 -13.496 0.239 2.775 -14.089 2.583 4.879 -14.434 2.467 2.761 
3 16 -13.702 0.392 0.58 -12.152 -2.232 2.424 -13.496 0.239 2.775 
3 16 -15.191 4.721 2.108 -15.421 5.748 1.941 -15.25 4.499 -0.813 
3 16 -15.421 5.748 1.941 -15.594 6.587 -0.827 -15.25 4.499 -0.813 
4 16 -14.722 3.589 -3.698 -15.25 4.499 -.813 -15.594 6.587 -.827 -15.072 5.457 -3.479
3 16 -15.25 4.499 -0.813 -14.722 3.589 -3.698 -14.75 2.733 -1.343 
4 16 -15.191 4.721 2.108 -15.25 4.499 -.813 -14.75 2.733 -1.343 -14.606 2.527 .722
3 16 -14.094 1.574 -4.227 -14.75 2.733 -1.343 -14.722 3.589 -3.698 
3 16 -14.606 2.527 0.722 -13.902 0.534 -1.609 -13.702 0.392 0.58 
3 16 -14.606 2.527 0.722 -14.75 2.733 -1.343 -13.902 0.534 -1.609 
4 16 -14.75 2.733 -1.343 -14.094 1.574 -4.227 -13.924 1.206 -4.6 -13.902 .534 -1.609
3 16 -13.902 0.534 -1.609 -13.924 1.206 -4.6 -13.533 0.197 -4.969 
3 16 -13.533 0.197 -4.969 -12.966 -1.485 -1.861 -13.902 0.534 -1.609 
3 16 -13.702 0.392 0.58 -12.966 -1.485 -1.861 -12.152 -2.232 2.424 
3 16 -13.702 0.392 0.58 -13.902 0.534 -1.609 -12.966 -1.485 -1.861 
3 16 -13.533 0.197 -4.969 -12.776 -1.561 -5.198 -12.966 -1.485 -1.861 
3 16 -15.594 6.587 -0.827 -15.266 7.449 -3.233 -15.072 5.457 -3.479 
3 16 -15.266 7.449 -3.233 -15.594 6.587 -0.827 -15.413 8.332 -0.96 
3 16 -15.266 7.449 -3.233 -15.413 8.332 -0.96 -15.216 8.207 -2.649 
3 16 -15.382 8.382 0.936 -15.413 8.332 -0.96 -15.594 6.587 -0.827 
3 16 -15.382 8.382 0.936 -15.594 6.587 -0.827 -15.621 7.144 1.697 
3 16 -15.421 5.748 1.941 -15.621 7.144 1.697 -15.594 6.587 -0.827 
3 16 -14.017 1.837 -5.069 -14.287 3.88 -4.481 -14.477 3.891 -5.19 
3 16 -14.017 1.837 -5.069 -13.924 1.206 -4.6 -14.287 3.88 -4.481 
4 16 -14.477 3.891 -5.19 -14.287 3.88 -4.481 -14.543 5.951 -4.272 -14.79 5.93 -5.183
3 16 -14.543 5.951 -4.272 -14.88 7.547 -5.191 -14.79 5.93 -5.183 
3 16 -14.543 5.951 -4.272 -14.332 7.881 -3.991 -14.88 7.547 -5.191 
3 16 -14.88 7.547 -5.191 -14.332 7.881 -3.991 -13.999 8.668 -4.84 
3 16 -14.88 7.547 -5.191 -13.999 8.668 -4.84 -14.706 8.234 -5.575 
3 16 -13.483 8.926 -6.28 -14.706 8.234 -5.575 -13.999 8.668 -4.84 
3 16 -13.483 8.926 -6.28 -14.179 8.442 -6.854 -14.706 8.234 -5.575 
3 16 -14.179 8.442 -6.854 -13.483 8.926 -6.28 -12.998 8.977 -7.361 
3 16 -14.179 8.442 -6.854 -12.998 8.977 -7.361 -13.371 8.62 -8.33 
3 16 -13.371 8.62 -8.33 -12.998 8.977 -7.361 -12.124 8.666 -9.993 
3 16 -10.862 9.274 -7.393 -12.124 8.666 -9.993 -12.998 8.977 -7.361 
3 16 -10.862 9.274 -7.393 -10.02 9.034 -8.46 -12.124 8.666 -9.993 
3 16 -10.02 9.034 -8.46 -10.9 8.266 -10.994 -12.124 8.666 -9.993 
3 16 -10.02 9.034 -8.46 -9.096 8.491 -9.339 -10.9 8.266 -10.994 
3 16 -9.096 8.491 -9.339 -9.964 7.215 -11.608 -10.9 8.266 -10.994 
3 16 -9.096 8.491 -9.339 -8.283 7.27 -10.114 -9.964 7.215 -11.608 
3 16 -8.283 7.27 -10.114 -9.265 5.15 -12.212 -9.964 7.215 -11.608 
3 16 -8.283 7.27 -10.114 -7.418 5.251 -10.713 -9.265 5.15 -12.212 
4 16 -6.682 3.572 -10.858 -8.698 3.242 -12.623 -9.265 5.15 -12.212 -7.418 5.251 -10.713
3 16 -8.698 3.242 -12.623 -6.682 3.572 -10.858 -6.125 1.713 -11.367 
3 16 -8.698 3.242 -12.623 -6.125 1.713 -11.367 -7.942 1.181 -12.98 
3 16 -7.942 1.181 -12.98 -6.125 1.713 -11.367 -5.595 0.605 -11.581 
3 16 -7.942 1.181 -12.98 -5.595 0.605 -11.581 -6.867 -0.831 -13.215 
3 16 -4.584 -0.176 -11.685 -6.867 -0.831 -13.215 -5.595 0.605 -11.581 
3 16 -4.584 -0.176 -11.685 -5.102 -2.286 -13.102 -6.867 -0.831 -13.215 
3 16 -4.584 -0.176 -11.685 -3.573 -2.608 -12.91 -5.102 -2.286 -13.102 
3 16 -4.584 -0.176 -11.685 -3.213 -0.317 -11.719 -3.573 -2.608 -12.91 
3 16 -3.213 -0.317 -11.719 -1.78 -2.26 -12.703 -3.573 -2.608 -12.91 
3 16 -3.213 -0.317 -11.719 -2.092 0.136 -11.691 -1.78 -2.26 -12.703 
3 16 -0.041 -1.365 -12.491 -1.78 -2.26 -12.703 -2.092 0.136 -11.691 
3 16 -0.041 -1.365 -12.491 -2.092 0.136 -11.691 -1.148 1.251 -11.208 
3 16 -14.287 3.88 -4.481 -14.094 1.574 -4.227 -14.722 3.589 -3.698 
3 16 -14.287 3.88 -4.481 -13.924 1.206 -4.6 -14.094 1.574 -4.227 
3 16 -15.072 5.457 -3.479 -14.287 3.88 -4.481 -14.722 3.589 -3.698 
3 16 -15.072 5.457 -3.479 -14.543 5.951 -4.272 -14.287 3.88 -4.481 
3 16 -15.266 7.449 -3.233 -14.543 5.951 -4.272 -15.072 5.457 -3.479 
3 16 -15.266 7.449 -3.233 -14.332 7.881 -3.991 -14.543 5.951 -4.272 
3 16 -14.455 8.558 -2.962 -14.332 7.881 -3.991 -15.266 7.449 -3.233 
3 16 -14.455 8.558 -2.962 -15.266 7.449 -3.233 -15.216 8.207 -2.649 
3 16 -15.216 8.207 -2.649 -14.481 8.666 -1.501 -14.455 8.558 -2.962 
3 16 -15.216 8.207 -2.649 -15.413 8.332 -0.96 -14.481 8.666 -1.501 
3 16 -14.367 8.829 0.805 -14.481 8.666 -1.501 -15.413 8.332 -0.96 
3 16 -13.02 9.148 -1.304 -14.481 8.666 -1.501 -14.367 8.829 0.805 
3 16 -13.02 9.148 -1.304 -14.367 8.829 0.805 -13.112 9.249 0.708 
3 16 -14.367 8.829 0.805 -15.413 8.332 -0.96 -15.382 8.382 0.936 
3 16 -14.273 9.954 -2.119 -13.02 9.148 -1.304 -12.924 10.205 -1.884 
3 16 -14.273 9.954 -2.119 -14.481 8.666 -1.501 -13.02 9.148 -1.304 
3 16 -12.924 10.205 -1.884 -14.016 11.488 -2.866 -14.273 9.954 -2.119 
3 16 -12.924 10.205 -1.884 -12.804 11.697 -2.729 -14.016 11.488 -2.866 
3 16 -6.125 1.713 -11.367 -6.522 2.161 -10.104 -6.262 1.365 -10.487 
3 16 -6.125 1.713 -11.367 -6.682 3.572 -10.858 -6.522 2.161 -10.104 
3 16 -5.595 0.605 -11.581 -6.125 1.713 -11.367 -6.262 1.365 -10.487 
3 16 -5.595 0.605 -11.581 -6.262 1.365 -10.487 -5.708 0.541 -10.493 
3 16 -4.708 -0.089 -10.601 -5.595 0.605 -11.581 -5.708 0.541 -10.493 
3 16 -4.708 -0.089 -10.601 -4.584 -0.176 -11.685 -5.595 0.605 -11.581 
4 16 -3.213 -.317 -11.719 -4.584 -.176 -11.685 -4.708 -.089 -10.601 -3.581 -.218 -10.714
3 16 -6.262 1.365 -10.487 -5.654 1.174 -9.62 -5.708 0.541 -10.493 
3 16 -6.262 1.365 -10.487 -6.522 2.161 -10.104 -5.654 1.174 -9.62 
3 16 -5.708 0.541 -10.493 -4.507 0.587 -9.35 -4.708 -0.089 -10.601 
3 16 -5.708 0.541 -10.493 -5.654 1.174 -9.62 -4.507 0.587 -9.35 
3 16 -3.581 -0.218 -10.714 -4.708 -0.089 -10.601 -4.507 0.587 -9.35 
3 16 -3.213 -0.317 -11.719 -3.581 -0.218 -10.714 -2.61 0.109 -10.845 
3 16 -3.213 -0.317 -11.719 -2.61 0.109 -10.845 -2.092 0.136 -11.691 
3 16 -2.22 0.628 -10.316 -2.092 0.136 -11.691 -2.61 0.109 -10.845 
3 16 -2.22 0.628 -10.316 -1.148 1.251 -11.208 -2.092 0.136 -11.691 
3 16 -3.272 0.316 -9.453 -2.61 0.109 -10.845 -3.581 -0.218 -10.714 
3 16 -3.272 0.316 -9.453 -2.22 0.628 -10.316 -2.61 0.109 -10.845 
3 16 -3.581 -0.218 -10.714 -4.507 0.587 -9.35 -3.272 0.316 -9.453 
3 16 -0.041 -1.365 -12.491 -1.148 1.251 -11.208 -0.004 1.283 -11.298 
3 16 1.196 1.215 -11.214 -0.041 -1.365 -12.491 -0.004 1.283 -11.298 
3 16 2.046 0.085 -11.707 -0.041 -1.365 -12.491 1.196 1.215 -11.214 
4 16 -.041 -1.365 -12.491 2.046 .085 -11.707 3.24 -.423 -11.814 1.527 -2.204 -12.685
3 16 3.24 -0.423 -11.814 3.446 -2.561 -12.904 1.527 -2.204 -12.685 
3 16 4.502 -0.228 -11.818 3.446 -2.561 -12.904 3.24 -0.423 -11.814 
3 16 4.502 -0.228 -11.818 5.182 -2.307 -13.106 3.446 -2.561 -12.904 
3 16 6.639 -1.104 -13.239 5.182 -2.307 -13.106 4.502 -0.228 -11.818 
3 16 6.639 -1.104 -13.239 4.502 -0.228 -11.818 5.443 0.571 -11.649 
3 16 7.34 0.225 -13.152 6.639 -1.104 -13.239 5.443 0.571 -11.649 
3 16 7.34 0.225 -13.152 5.443 0.571 -11.649 6.008 1.693 -11.439 
3 16 7.968 1.75 -12.933 7.34 0.225 -13.152 6.008 1.693 -11.439 
3 16 7.968 1.75 -12.933 6.008 1.693 -11.439 6.542 3.375 -10.862 
3 16 8.553 3.484 -12.638 7.968 1.75 -12.933 6.542 3.375 -10.862 
3 16 8.553 3.484 -12.638 6.542 3.375 -10.862 7.121 4.462 -10.927 
3 16 9.145 5.354 -12.185 8.553 3.484 -12.638 7.121 4.462 -10.927 
3 16 9.145 5.354 -12.185 7.121 4.462 -10.927 7.618 5.74 -10.627 
4 16 8.234 7.284 -10.184 9.7 6.931 -11.692 9.145 5.354 -12.185 7.618 5.74 -10.627
3 16 8.234 7.284 -10.184 10.673 8.276 -11.009 9.7 6.931 -11.692 
3 16 8.234 7.284 -10.184 9.006 8.517 -9.516 10.673 8.276 -11.009 
3 16 10.673 8.276 -11.009 9.006 8.517 -9.516 9.844 9.055 -8.631 
3 16 10.673 8.276 -11.009 9.844 9.055 -8.631 11.972 8.748 -9.887 
3 16 10.877 9.255 -7.362 11.972 8.748 -9.887 9.844 9.055 -8.631 
3 16 10.877 9.255 -7.362 12.941 8.97 -7.325 11.972 8.748 -9.887 
3 16 12.941 8.97 -7.325 13.436 8.556 -7.949 11.972 8.748 -9.887 
3 16 14.237 8.293 -6.293 13.436 8.556 -7.949 12.941 8.97 -7.325 
3 16 14.237 8.293 -6.293 12.941 8.97 -7.325 13.561 8.881 -5.908 
3 16 14.106 8.735 -4.28 14.237 8.293 -6.293 13.561 8.881 -5.908 
3 16 14.106 8.735 -4.28 14.808 8.056 -4.423 14.237 8.293 -6.293 
3 16 14.106 8.735 -4.28 15.21 7.853 -2.656 14.808 8.056 -4.423 
3 16 14.106 8.735 -4.28 14.537 8.419 -2.244 15.21 7.853 -2.656 
3 16 -2.305 -5.045 -10.951 -0.572 -5.116 -9.871 -2.364 -5.17 -9.838 
3 16 -2.305 -5.045 -10.951 -0.212 -4.469 -10.717 -0.572 -5.116 -9.871 
3 16 -2.305 -5.045 -10.951 -2.364 -5.17 -9.838 -4.479 -5.109 -10.116 
3 16 -2.305 -5.045 -10.951 -4.479 -5.109 -10.116 -4.537 -5.059 -11.14 
3 16 -7.148 -4.425 -10.17 -4.537 -5.059 -11.14 -4.479 -5.109 -10.116 
3 16 -7.148 -4.425 -10.17 -7.095 -4.337 -11.174 -4.537 -5.059 -11.14 
3 16 -7.148 -4.425 -10.17 -9.018 -2.847 -10.982 -7.095 -4.337 -11.174 
3 16 -7.148 -4.425 -10.17 -9.078 -2.824 -10.067 -9.018 -2.847 -10.982 
3 16 -9.078 -2.824 -10.067 -10.711 -0.596 -10.548 -9.018 -2.847 -10.982 
3 16 -9.078 -2.824 -10.067 -10.838 -0.493 -9.808 -10.711 -0.596 -10.548 
3 16 -10.838 -0.493 -9.808 -11.654 1.432 -10.145 -10.711 -0.596 -10.548 
3 16 -10.838 -0.493 -9.808 -12.001 1.597 -9.636 -11.654 1.432 -10.145 
3 16 -2.364 -5.17 -9.838 -0.365 -5.948 -9.113 -2.397 -6.356 -9.326 
3 16 -2.364 -5.17 -9.838 -0.572 -5.116 -9.871 -0.365 -5.948 -9.113 
3 16 -2.397 -6.356 -9.326 -4.479 -5.109 -10.116 -2.364 -5.17 -9.838 
3 16 -2.397 -6.356 -9.326 -4.678 -6.435 -9.591 -4.479 -5.109 -10.116 
3 16 -7.574 -5.349 -9.741 -4.479 -5.109 -10.116 -4.678 -6.435 -9.591 
3 16 -7.574 -5.349 -9.741 -7.148 -4.425 -10.17 -4.479 -5.109 -10.116 
4 16 -7.574 -5.349 -9.741 -9.623 -3.485 -9.681 -9.078 -2.824 -10.067 -7.148 -4.425 -10.17
3 16 -9.078 -2.824 -10.067 -9.623 -3.485 -9.681 -11.314 -0.875 -9.498 
3 16 -9.078 -2.824 -10.067 -11.314 -0.875 -9.498 -10.838 -0.493 -9.808 
3 16 -10.838 -0.493 -9.808 -11.314 -0.875 -9.498 -12.076 1.011 -9.333 
3 16 -10.838 -0.493 -9.808 -12.076 1.011 -9.333 -12.001 1.597 -9.636 
3 16 -2.671 -7.826 -6.173 -0.284 -7.23 -5.101 -2.883 -7.449 -5.098 
3 16 -2.671 -7.826 -6.173 -0.357 -7.161 -6.154 -0.284 -7.23 -5.101 
4 16 -2.671 -7.826 -6.173 -2.883 -7.449 -5.098 -5.454 -7.3 -5.2 -5.667 -7.607 -6.125
3 16 -8.2 -5.967 -5.257 -5.667 -7.607 -6.125 -5.454 -7.3 -5.2 
3 16 -8.2 -5.967 -5.257 -8.356 -6.343 -6.078 -5.667 -7.607 -6.125 
3 16 -10.491 -4.491 -5.98 -8.356 -6.343 -6.078 -8.2 -5.967 -5.257 
3 16 -10.491 -4.491 -5.98 -8.2 -5.967 -5.257 -10.434 -4.15 -5.15 
3 16 -10.434 -4.15 -5.15 -11.619 -3.203 -5.769 -10.491 -4.491 -5.98 
3 16 -10.434 -4.15 -5.15 -12.085 -2.684 -5.205 -11.619 -3.203 -5.769 
3 16 -2.883 -7.449 -5.098 -1.251 -7.905 -4.079 -3.449 -8.156 -4.284 
3 16 -2.883 -7.449 -5.098 -0.284 -7.23 -5.101 -1.251 -7.905 -4.079 
3 16 -3.449 -8.156 -4.284 -5.454 -7.3 -5.2 -2.883 -7.449 -5.098 
3 16 -3.449 -8.156 -4.284 -5.786 -7.748 -4.426 -5.454 -7.3 -5.2 
3 16 -8.2 -5.967 -5.257 -5.454 -7.3 -5.2 -5.786 -7.748 -4.426 
3 16 -8.2 -5.967 -5.257 -5.786 -7.748 -4.426 -8.376 -6.421 -4.531 
3 16 -10.678 -4.495 -4.514 -8.2 -5.967 -5.257 -8.376 -6.421 -4.531 
3 16 -10.678 -4.495 -4.514 -10.434 -4.15 -5.15 -8.2 -5.967 -5.257 
3 16 -11.643 -3.434 -4.565 -10.434 -4.15 -5.15 -10.678 -4.495 -4.514 
3 16 -11.643 -3.434 -4.565 -12.085 -2.684 -5.205 -10.434 -4.15 -5.15 
3 16 -12.148 -2.832 -2.254 -10.636 -4.075 -1.702 -12.524 -2.203 -1.623 
3 16 -12.148 -2.832 -2.254 -10.819 -4.36 -2.48 -10.636 -4.075 -1.702 
3 16 -10.819 -4.36 -2.48 -8.29 -5.972 -1.739 -10.636 -4.075 -1.702 
3 16 -10.819 -4.36 -2.48 -8.604 -6.257 -2.539 -8.29 -5.972 -1.739 
3 16 -5.865 -7.846 -2.656 -8.29 -5.972 -1.739 -8.604 -6.257 -2.539 
3 16 -5.865 -7.846 -2.656 -5.632 -7.275 -1.665 -8.29 -5.972 -1.739 
3 16 -3.483 -8.292 -2.456 -5.632 -7.275 -1.665 -5.865 -7.846 -2.656 
3 16 -3.483 -8.292 -2.456 -3.282 -7.749 -1.464 -5.632 -7.275 -1.665 
3 16 -1.156 -7.967 -2.441 -3.282 -7.749 -1.464 -3.483 -8.292 -2.456 
3 16 -1.156 -7.967 -2.441 -0.147 -7.417 -1.424 -3.282 -7.749 -1.464 
3 16 -12.044 -2.837 -0.965 -10.636 -4.075 -1.702 -10.856 -4.262 -0.928 
3 16 -12.044 -2.837 -0.965 -12.524 -2.203 -1.623 -10.636 -4.075 -1.702 
3 16 -8.29 -5.972 -1.739 -10.856 -4.262 -0.928 -10.636 -4.075 -1.702 
3 16 -8.29 -5.972 -1.739 -8.392 -6.446 -0.904 -10.856 -4.262 -0.928 
3 16 -8.392 -6.446 -0.904 -8.29 -5.972 -1.739 -5.632 -7.275 -1.665 
3 16 -8.392 -6.446 -0.904 -5.632 -7.275 -1.665 -5.827 -7.803 -0.737 
3 16 -3.536 -8.389 -0.583 -5.827 -7.803 -0.737 -5.632 -7.275 -1.665 
3 16 -3.536 -8.389 -0.583 -5.632 -7.275 -1.665 -3.282 -7.749 -1.464 
3 16 -3.282 -7.749 -1.464 -1.23 -8.174 -0.241 -3.536 -8.389 -0.583 
3 16 -3.282 -7.749 -1.464 -0.147 -7.417 -1.424 -1.23 -8.174 -0.241 
3 16 0.047 -7.421 1.031 -1.108 -8.155 2.641 -1.136 -8.208 1.33 
3 16 0.047 -7.421 1.031 -0.101 -7.386 3.813 -1.108 -8.155 2.641 
4 16 -1.136 -8.208 1.33 -1.23 -8.174 -.241 -.147 -7.417 -1.424 .047 -7.421 1.031
3 16 -15.191 4.721 2.108 -15.168 5.819 2.439 -15.421 5.748 1.941 
3 16 -15.191 4.721 2.108 -14.947 4.068 2.617 -15.168 5.819 2.439 
3 16 -15.621 7.144 1.697 -15.421 5.748 1.941 -15.168 5.819 2.439 
3 16 -15.621 7.144 1.697 -15.168 5.819 2.439 -15.247 7.3 2.316 
3 16 -14.697 8.101 2.167 -15.621 7.144 1.697 -15.247 7.3 2.316 
3 16 -14.697 8.101 2.167 -15.382 8.382 0.936 -15.621 7.144 1.697 
3 16 -14.697 8.101 2.167 -14.367 8.829 0.805 -15.382 8.382 0.936 
3 16 -14.697 8.101 2.167 -13.962 8.572 1.954 -14.367 8.829 0.805 
3 16 -14.367 8.829 0.805 -13.962 8.572 1.954 -12.998 8.988 1.698 
3 16 -14.367 8.829 0.805 -12.998 8.988 1.698 -13.112 9.249 0.708 
3 16 -15.168 5.819 2.439 -15.07 4.704 2.906 -15.269 5.827 2.858 
3 16 -15.168 5.819 2.439 -14.947 4.068 2.617 -15.07 4.704 2.906 
3 16 -15.423 7.28 2.89 -15.168 5.819 2.439 -15.269 5.827 2.858 
3 16 -15.423 7.28 2.89 -15.247 7.3 2.316 -15.168 5.819 2.439 
3 16 -15.423 7.28 2.89 -14.697 8.101 2.167 -15.247 7.3 2.316 
3 16 -15.423 7.28 2.89 -15.375 8.534 3.453 -14.697 8.101 2.167 
3 16 -14.697 8.101 2.167 -15.375 8.534 3.453 -14.209 9.16 3.021 
3 16 -14.697 8.101 2.167 -14.209 9.16 3.021 -13.962 8.572 1.954 
3 16 -13.962 8.572 1.954 -14.209 9.16 3.021 -12.876 9.616 2.424 
3 16 -13.962 8.572 1.954 -12.876 9.616 2.424 -12.998 8.988 1.698 
3 16 -14.209 9.16 3.021 -12.655 10.039 3.314 -12.876 9.616 2.424 
3 16 -14.209 9.16 3.021 -14.274 9.396 4.477 -12.655 10.039 3.314 
3 16 -15.375 8.534 3.453 -14.274 9.396 4.477 -14.209 9.16 3.021 
3 16 -15.375 8.534 3.453 -15.064 8.905 5.126 -14.274 9.396 4.477 
3 16 -15.064 8.905 5.126 -13.839 9.721 6.808 -14.274 9.396 4.477 
3 16 -15.064 8.905 5.126 -14.566 9.121 7.116 -13.839 9.721 6.808 
4 16 -14.566 9.121 7.116 -13.263 9.543 9.932 -12.614 10.095 9.509 -13.839 9.721 6.808
3 16 -12.614 10.095 9.509 -13.263 9.543 9.932 -11.751 9.871 12.444 
3 16 -12.614 10.095 9.509 -11.751 9.871 12.444 -10.965 10.377 12.01 
3 16 -10.965 10.377 12.01 -11.751 9.871 12.444 -11.263 9.649 13.177 
3 16 -10.965 10.377 12.01 -11.263 9.649 13.177 -10.294 10.207 12.853 
3 16 -11.263 9.649 13.177 -9.704 9.696 13.585 -10.294 10.207 12.853 
3 16 -11.263 9.649 13.177 -11.018 8.784 13.598 -9.704 9.696 13.585 
3 16 -9.828 6.88 14.304 -9.704 9.696 13.585 -11.018 8.784 13.598 
3 16 -9.828 6.88 14.304 -11.018 8.784 13.598 -10.428 6.479 13.954 
3 16 -9.82 4.505 14.11 -9.828 6.88 14.304 -10.428 6.479 13.954 
3 16 -9.82 4.505 14.11 -9.371 3.799 14.323 -9.828 6.88 14.304 
4 16 -15.07 4.704 2.906 -14.713 5.057 5.041 -15.026 6.882 5.056 -15.269 5.827 2.858
3 16 -15.026 6.882 5.056 -15.423 7.28 2.89 -15.269 5.827 2.858 
3 16 -15.026 6.882 5.056 -15.375 8.534 3.453 -15.423 7.28 2.89 
3 16 -15.026 6.882 5.056 -15.064 8.905 5.126 -15.375 8.534 3.453 
3 16 -14.472 7.044 7.08 -15.064 8.905 5.126 -15.026 6.882 5.056 
3 16 -14.472 7.044 7.08 -14.566 9.121 7.116 -15.064 8.905 5.126 
4 16 -15.026 6.882 5.056 -14.713 5.057 5.041 -14.148 4.925 6.982 -14.472 7.044 7.08
3 16 -14.566 9.121 7.116 -14.472 7.044 7.08 -13.262 7.426 9.951 
3 16 -14.566 9.121 7.116 -13.262 7.426 9.951 -13.263 9.543 9.932 
3 16 -14.472 7.044 7.08 -12.939 5.173 9.92 -13.262 7.426 9.951 
3 16 -14.472 7.044 7.08 -14.148 4.925 6.982 -12.939 5.173 9.92 
3 16 -13.263 9.543 9.932 -13.262 7.426 9.951 -11.828 8.065 12.48 
3 16 -13.263 9.543 9.932 -11.828 8.065 12.48 -11.751 9.871 12.444 
4 16 -11.263 9.649 13.177 -11.751 9.871 12.444 -11.828 8.065 12.48 -11.018 8.784 13.598
4 16 -11.828 8.065 12.48 -13.262 7.426 9.951 -12.939 5.173 9.92 -11.432 5.785 12.605
4 16 -11.432 5.785 12.605 -10.428 6.479 13.954 -11.018 8.784 13.598 -11.828 8.065 12.48
4 16 -13.6 2.626 6.833 -12.353 2.808 9.796 -12.939 5.173 9.92 -14.148 4.925 6.982
4 16 -11.432 5.785 12.605 -12.939 5.173 9.92 -12.353 2.808 9.796 -10.605 3.354 12.829
3 16 -12.353 2.808 9.796 -10.118 0.919 12.196 -10.605 3.354 12.829 
3 16 -12.353 2.808 9.796 -11.492 0.238 9.407 -10.118 0.919 12.196 
3 16 -9.82 4.505 14.11 -11.432 5.785 12.605 -10.605 3.354 12.829 
3 16 -9.82 4.505 14.11 -10.428 6.479 13.954 -11.432 5.785 12.605 
4 16 -10.605 3.354 12.829 -9.3 2.803 14.019 -9.371 3.799 14.323 -9.82 4.505 14.11
3 16 -8.089 3.578 15.31 -9.371 3.799 14.323 -9.3 2.803 14.019 
3 16 -8.089 3.578 15.31 -9.294 4.558 14.634 -9.371 3.799 14.323 
3 16 -8.156 6.369 15.864 -9.294 4.558 14.634 -8.089 3.578 15.31 
3 16 -8.156 6.369 15.864 -9.545 6.921 14.826 -9.294 4.558 14.634 
3 16 -8.388 8.838 15.77 -9.545 6.921 14.826 -8.156 6.369 15.864 
3 16 -8.388 8.838 15.77 -9.5 9.447 14.802 -9.545 6.921 14.826 
3 16 -9.5 9.447 14.802 -8.388 8.838 15.77 -8.918 10.6 15.084 
3 16 -9.5 9.447 14.802 -8.918 10.6 15.084 -9.392 10.277 14.631 
4 16 -8.089 3.578 15.31 -9.3 2.803 14.019 -9.152 1.678 13.669 -7.385 1.487 14.966
3 16 -10.605 3.354 12.829 -9.152 1.678 13.669 -9.3 2.803 14.019 
3 16 -10.605 3.354 12.829 -10.118 0.919 12.196 -9.152 1.678 13.669 
3 16 -8.938 0.734 13.385 -9.152 1.678 13.669 -10.118 0.919 12.196 
3 16 -8.938 0.734 13.385 -10.118 0.919 12.196 -9.104 -0.061 12.744 
4 16 -8.938 .734 13.385 -8.127 .166 13.75 -7.385 1.487 14.966 -9.152 1.678 13.669
4 16 -5.013 3.925 16.992 -8.089 3.578 15.31 -7.385 1.487 14.966 -4.681 1.969 16.496
4 16 -7.385 1.487 14.966 -5.672 -1.085 14.449 -3.845 -.259 15.746 -4.681 1.969 16.496
3 16 -2.846 -1.772 15.177 -3.845 -0.259 15.746 -5.672 -1.085 14.449 
3 16 -2.846 -1.772 15.177 -5.672 -1.085 14.449 -3.594 -3.376 13.616 
3 16 -2.914 -4.644 12.57 -3.594 -3.376 13.616 -5.165 -3.849 12.456 
3 16 -2.914 -4.644 12.57 -5.165 -3.849 12.456 -3.685 -5.062 11.655 
4 16 -1.667 -6.128 10.569 -1.637 -4.939 12.474 -2.914 -4.644 12.57 -3.685 -5.062 11.655
3 16 -2.914 -4.644 12.57 -1.802 -3.847 13.742 -3.594 -3.376 13.616 
3 16 -2.914 -4.644 12.57 -1.637 -4.939 12.474 -1.802 -3.847 13.742 
4 16 -3.594 -3.376 13.616 -5.672 -1.085 14.449 -6.93 -1.628 13.375 -5.165 -3.849 12.456
4 16 -7.385 1.487 14.966 -8.127 .166 13.75 -6.93 -1.628 13.375 -5.672 -1.085 14.449
3 16 -1.834 -2.551 14.866 -3.594 -3.376 13.616 -1.802 -3.847 13.742 
3 16 -1.834 -2.551 14.866 -2.846 -1.772 15.177 -3.594 -3.376 13.616 
3 16 -1.84 -1.334 15.738 -2.846 -1.772 15.177 -1.834 -2.551 14.866 
3 16 -3.845 -0.259 15.746 -2.846 -1.772 15.177 -1.84 -1.334 15.738 
3 16 -1.961 0.151 16.64 -4.681 1.969 16.496 -3.845 -0.259 15.746 
3 16 -3.845 -0.259 15.746 -1.84 -1.334 15.738 -1.961 0.151 16.64 
3 16 -1.961 0.151 16.64 -2.092 2.076 17.465 -4.681 1.969 16.496 
3 16 -2.209 3.715 17.866 -4.681 1.969 16.496 -2.092 2.076 17.465 
3 16 -2.209 3.715 17.866 -5.013 3.925 16.992 -4.681 1.969 16.496 
3 16 -5.013 3.925 16.992 -2.209 3.715 17.866 -2.272 4.775 18.029 
3 16 -5.013 3.925 16.992 -2.272 4.775 18.029 -5.194 6.504 17.346 
3 16 -5.013 3.925 16.992 -5.194 6.504 17.346 -8.156 6.369 15.864 
3 16 -5.013 3.925 16.992 -8.156 6.369 15.864 -8.089 3.578 15.31 
3 16 -2.272 4.775 18.029 -1.989 7.119 18.304 -5.194 6.504 17.346 
3 16 -2.272 4.775 18.029 -1.675 5.613 18.205 -1.989 7.119 18.304 
3 16 -5.625 8.904 17.211 -8.156 6.369 15.864 -5.194 6.504 17.346 
3 16 -5.625 8.904 17.211 -8.388 8.838 15.77 -8.156 6.369 15.864 
3 16 -8.388 8.838 15.77 -5.625 8.904 17.211 -6.208 11.108 16.695 
3 16 -8.388 8.838 15.77 -6.208 11.108 16.695 -8.918 10.6 15.084 
3 16 -6.208 11.108 16.695 -5.625 8.904 17.211 -2.265 9.54 18.22 
4 16 -5.194 6.504 17.346 -1.989 7.119 18.304 -2.265 9.54 18.22 -5.625 8.904 17.211
3 16 -6.208 11.108 16.695 -2.265 9.54 18.22 -2.424 12.132 17.897 
3 16 -13.496 0.239 2.775 -13.133 0.431 4.927 -14.089 2.583 4.879 
3 16 -13.133 0.431 4.927 -13.6 2.626 6.833 -14.089 2.583 4.879 
3 16 -13.133 0.431 4.927 -13.496 0.239 2.775 -12.152 -2.232 2.424 
3 16 -14.273 9.954 -2.119 -14.455 8.558 -2.962 -14.481 8.666 -1.501 
3 16 -14.273 9.954 -2.119 -14.151 9.807 -3.877 -14.455 8.558 -2.962 
3 16 -13.999 8.668 -4.84 -14.455 8.558 -2.962 -14.151 9.807 -3.877 
3 16 -13.999 8.668 -4.84 -14.332 7.881 -3.991 -14.455 8.558 -2.962 
3 16 -13.999 8.668 -4.84 -13.519 9.853 -5.744 -13.483 8.926 -6.28 
4 16 -13.519 9.853 -5.744 -12.98 10.027 -6.9 -12.998 8.977 -7.361 -13.483 8.926 -6.28
3 16 -13.519 9.853 -5.744 -12.907 11.313 -6.318 -12.98 10.027 -6.9 
3 16 -13.519 9.853 -5.744 -13.449 11.396 -5.244 -12.907 11.313 -6.318 
4 16 -13.999 8.668 -4.84 -14.151 9.807 -3.877 -13.449 11.396 -5.244 -13.519 9.853 -5.744
3 16 -14.151 9.807 -3.877 -14.273 9.954 -2.119 -14.016 11.488 -2.866 
3 16 -14.151 9.807 -3.877 -14.016 11.488 -2.866 -13.906 11.48 -3.925 
3 16 -13.449 11.396 -5.244 -14.151 9.807 -3.877 -13.906 11.48 -3.925 
3 16 -13.906 11.48 -3.925 -12.804 11.697 -2.729 -12.432 11.771 -4.056 
3 16 -13.906 11.48 -3.925 -14.016 11.488 -2.866 -12.804 11.697 -2.729 
3 16 -12.432 11.771 -4.056 -13.449 11.396 -5.244 -13.906 11.48 -3.925 
3 16 -12.432 11.771 -4.056 -11.972 11.663 -5.277 -13.449 11.396 -5.244 
3 16 -12.907 11.313 -6.318 -13.449 11.396 -5.244 -11.972 11.663 -5.277 
3 16 -12.907 11.313 -6.318 -11.972 11.663 -5.277 -11.602 11.451 -6.342 
3 16 -11.602 11.451 -6.342 -12.98 10.027 -6.9 -12.907 11.313 -6.318 
3 16 -11.602 11.451 -6.342 -11.13 10.287 -6.962 -12.98 10.027 -6.9 
3 16 -12.98 10.027 -6.9 -11.13 10.287 -6.962 -10.862 9.274 -7.393 
3 16 -12.98 10.027 -6.9 -10.862 9.274 -7.393 -12.998 8.977 -7.361 
3 16 -10.794 -2.435 6.409 -12.011 -1.353 5.957 -11.113 -2.725 5.756 
3 16 -10.794 -2.435 6.409 -12.308 -0.461 6.592 -12.011 -1.353 5.957 
3 16 -9.119 -4.12 6.013 -10.794 -2.435 6.409 -11.113 -2.725 5.756 
3 16 -9.119 -4.12 6.013 -11.113 -2.725 5.756 -9.569 -4.637 5.282 
3 16 -9.569 -4.637 5.282 -7.43 -5.464 5.685 -9.119 -4.12 6.013 
3 16 -9.569 -4.637 5.282 -7.933 -6.128 4.902 -7.43 -5.464 5.685 
3 16 -7.933 -6.128 4.902 -5.336 -6.531 5.189 -7.43 -5.464 5.685 
3 16 -7.933 -6.128 4.902 -5.72 -7.385 4.332 -5.336 -6.531 5.189 
3 16 -2.878 -7.202 4.527 -5.336 -6.531 5.189 -5.72 -7.385 4.332 
3 16 -2.878 -7.202 4.527 -5.72 -7.385 4.332 -3.113 -8.06 3.574 
3 16 -1.108 -8.155 2.641 -2.878 -7.202 4.527 -3.113 -8.06 3.574 
3 16 -1.108 -8.155 2.641 -0.101 -7.386 3.813 -2.878 -7.202 4.527 
3 16 -11.75 -1.177 7.089 -10.794 -2.435 6.409 -10.769 -2.641 7.185 
3 16 -11.75 -1.177 7.089 -12.308 -0.461 6.592 -10.794 -2.435 6.409 
3 16 -10.769 -2.641 7.185 -10.794 -2.435 6.409 -9.119 -4.12 6.013 
3 16 -10.769 -2.641 7.185 -9.119 -4.12 6.013 -9.223 -4.369 6.97 
4 16 -9.223 -4.369 6.97 -9.119 -4.12 6.013 -7.43 -5.464 5.685 -7.519 -5.743 6.722
3 16 -5.414 -6.895 6.257 -7.519 -5.743 6.722 -7.43 -5.464 5.685 
3 16 -5.414 -6.895 6.257 -7.43 -5.464 5.685 -5.336 -6.531 5.189 
3 16 -3.381 -7.601 5.756 -5.414 -6.895 6.257 -5.336 -6.531 5.189 
3 16 -3.381 -7.601 5.756 -5.336 -6.531 5.189 -2.878 -7.202 4.527 
4 16 -3.381 -7.601 5.756 -2.878 -7.202 4.527 -.101 -7.386 3.813 -1.041 -7.781 5.185
3 16 -0.126 -7.182 6.441 -0.751 -7.354 7.292 -0.926 -7.646 6.182 
3 16 -0.126 -7.182 6.441 -0.055 -6.755 7.27 -0.751 -7.354 7.292 
3 16 -1.041 -7.781 5.185 -0.126 -7.182 6.441 -0.926 -7.646 6.182 
3 16 -1.041 -7.781 5.185 -0.101 -7.386 3.813 -0.126 -7.182 6.441 
3 16 -0.101 -7.386 3.813 0.047 -7.421 1.031 0.942 -8.147 2.775 
4 16 .942 -8.147 2.775 .816 -7.93 4.603 -.126 -7.182 6.441 -.101 -7.386 3.813
3 16 -0.126 -7.182 6.441 0.816 -7.93 4.603 0.809 -7.609 6.343 
3 16 -3.381 -7.601 5.756 -0.926 -7.646 6.182 -2.946 -7.353 7.208 
3 16 -3.381 -7.601 5.756 -1.041 -7.781 5.185 -0.926 -7.646 6.182 
3 16 -2.946 -7.353 7.208 -5.414 -6.895 6.257 -3.381 -7.601 5.756 
3 16 -2.946 -7.353 7.208 -5.108 -6.438 8.156 -5.414 -6.895 6.257 
3 16 -7.519 -5.743 6.722 -5.414 -6.895 6.257 -5.108 -6.438 8.156 
3 16 -7.519 -5.743 6.722 -5.108 -6.438 8.156 -7.325 -4.91 9.127 
3 16 -4.484 -5.862 9.992 -7.325 -4.91 9.127 -5.108 -6.438 8.156 
3 16 -4.484 -5.862 9.992 -6.231 -4.406 11.124 -7.325 -4.91 9.127 
3 16 -8.829 -3.372 9.355 -7.325 -4.91 9.127 -6.231 -4.406 11.124 
3 16 -8.829 -3.372 9.355 -6.231 -4.406 11.124 -8.111 -2.027 12.189 
3 16 -9.223 -4.369 6.97 -7.325 -4.91 9.127 -8.829 -3.372 9.355 
3 16 -9.223 -4.369 6.97 -7.519 -5.743 6.722 -7.325 -4.91 9.127 
3 16 -10.276 -1.7 9.5 -8.829 -3.372 9.355 -8.111 -2.027 12.189 
3 16 -10.276 -1.7 9.5 -8.111 -2.027 12.189 -9.104 -0.061 12.744 
3 16 -5.108 -6.438 8.156 -2.363 -6.921 8.568 -4.484 -5.862 9.992 
3 16 -5.108 -6.438 8.156 -2.946 -7.353 7.208 -2.363 -6.921 8.568 
3 16 -0.751 -7.354 7.292 -2.946 -7.353 7.208 -0.926 -7.646 6.182 
3 16 -0.751 -7.354 7.292 -2.363 -6.921 8.568 -2.946 -7.353 7.208 
3 16 -8.829 -3.372 9.355 -10.769 -2.641 7.185 -9.223 -4.369 6.97 
3 16 -8.829 -3.372 9.355 -10.276 -1.7 9.5 -10.769 -2.641 7.185 
3 16 -10.276 -1.7 9.5 -9.104 -0.061 12.744 -10.118 0.919 12.196 
3 16 -10.276 -1.7 9.5 -10.118 0.919 12.196 -11.492 0.238 9.407 
3 16 -10.276 -1.7 9.5 -11.75 -1.177 7.089 -10.769 -2.641 7.185 
3 16 -10.276 -1.7 9.5 -11.492 0.238 9.407 -11.75 -1.177 7.089 
3 16 -11.492 0.238 9.407 -12.308 -0.461 6.592 -11.75 -1.177 7.089 
3 16 -7.339 -1.686 12.579 -9.104 -0.061 12.744 -8.111 -2.027 12.189 
3 16 -7.339 -1.686 12.579 -8.938 0.734 13.385 -9.104 -0.061 12.744 
3 16 -6.231 -4.406 11.124 -7.339 -1.686 12.579 -8.111 -2.027 12.189 
3 16 -6.231 -4.406 11.124 -5.447 -3.854 11.421 -7.339 -1.686 12.579 
3 16 -6.231 -4.406 11.124 -3.748 -5.007 10.446 -5.447 -3.854 11.421 
3 16 -6.231 -4.406 11.124 -4.484 -5.862 9.992 -3.748 -5.007 10.446 
3 16 -1.695 -6.005 9.298 -3.748 -5.007 10.446 -4.484 -5.862 9.992 
3 16 -1.695 -6.005 9.298 -4.484 -5.862 9.992 -2.363 -6.921 8.568 
3 16 -0.751 -7.354 7.292 -1.695 -6.005 9.298 -2.363 -6.921 8.568 
3 16 -0.751 -7.354 7.292 -0.055 -6.755 7.27 -1.695 -6.005 9.298 
3 16 -8.127 0.166 13.75 -7.339 -1.686 12.579 -6.93 -1.628 13.375 
3 16 -8.127 0.166 13.75 -8.938 0.734 13.385 -7.339 -1.686 12.579 
3 16 -7.339 -1.686 12.579 -5.165 -3.849 12.456 -6.93 -1.628 13.375 
3 16 -7.339 -1.686 12.579 -5.447 -3.854 11.421 -5.165 -3.849 12.456 
3 16 -3.685 -5.062 11.655 -5.165 -3.849 12.456 -5.447 -3.854 11.421 
3 16 -3.685 -5.062 11.655 -5.447 -3.854 11.421 -3.748 -5.007 10.446 
3 16 -3.748 -5.007 10.446 -1.667 -6.128 10.569 -3.685 -5.062 11.655 
3 16 -3.748 -5.007 10.446 -1.695 -6.005 9.298 -1.667 -6.128 10.569 
3 16 -1.667 -6.128 10.569 -1.695 -6.005 9.298 -0.731 -5.966 9.45 
3 16 -1.667 -6.128 10.569 -0.797 -4.606 12.179 -1.637 -4.939 12.474 
3 16 -1.667 -6.128 10.569 -0.731 -5.966 9.45 -0.797 -4.606 12.179 
4 16 -.797 -4.606 12.179 -.958 -3.428 13.521 -1.802 -3.847 13.742 -1.637 -4.939 12.474
3 16 -1.834 -2.551 14.866 -1.802 -3.847 13.742 -0.958 -3.428 13.521 
3 16 -1.834 -2.551 14.866 -0.958 -3.428 13.521 -0.969 -2.309 14.561 
4 16 -1.84 -1.334 15.738 -1.834 -2.551 14.866 -.969 -2.309 14.561 -1.039 -1.123 15.451
4 16 -1.039 -1.123 15.451 -1.204 .362 16.381 -1.961 .151 16.64 -1.84 -1.334 15.738
3 16 -1.204 0.362 16.381 -2.092 2.076 17.465 -1.961 0.151 16.64 
3 16 -1.204 0.362 16.381 -1.406 2.226 17.281 -2.092 2.076 17.465 
3 16 -1.406 2.226 17.281 -2.209 3.715 17.866 -2.092 2.076 17.465 
3 16 -1.406 2.226 17.281 -1.495 3.734 17.799 -2.209 3.715 17.866 
3 16 -2.272 4.775 18.029 -2.209 3.715 17.866 -1.495 3.734 17.799 
3 16 -2.272 4.775 18.029 -1.495 3.734 17.799 -1.675 5.613 18.205 
3 16 -9.828 6.88 14.304 -9.294 4.558 14.634 -9.545 6.921 14.826 
3 16 -9.828 6.88 14.304 -9.371 3.799 14.323 -9.294 4.558 14.634 
3 16 -9.5 9.447 14.802 -9.828 6.88 14.304 -9.545 6.921 14.826 
3 16 -9.5 9.447 14.802 -9.704 9.696 13.585 -9.828 6.88 14.304 
3 16 -9.392 10.277 14.631 -9.704 9.696 13.585 -9.5 9.447 14.802 
3 16 -9.392 10.277 14.631 -9.359 10.508 13.806 -9.704 9.696 13.585 
3 16 -9.392 10.277 14.631 -8.674 11.158 14.125 -9.359 10.508 13.806 
3 16 -9.392 10.277 14.631 -8.918 10.6 15.084 -8.674 11.158 14.125 
3 16 -8.918 10.6 15.084 -5.899 11.709 15.827 -8.674 11.158 14.125 
3 16 -8.918 10.6 15.084 -6.208 11.108 16.695 -5.899 11.709 15.827 
3 16 -6.208 11.108 16.695 -2.888 12.596 16.766 -5.899 11.709 15.827 
3 16 -6.208 11.108 16.695 -2.424 12.132 17.897 -2.888 12.596 16.766 
3 16 -1.495 3.734 17.799 -0.978 4.808 18.208 -1.675 5.613 18.205 
3 16 -1.495 3.734 17.799 -0.894 3.695 18.032 -0.978 4.808 18.208 
3 16 -1.495 3.734 17.799 -0.745 2.414 17.696 -0.894 3.695 18.032 
3 16 -1.495 3.734 17.799 -1.406 2.226 17.281 -0.745 2.414 17.696 
3 16 -0.491 0.449 16.909 -0.745 2.414 17.696 -1.406 2.226 17.281 
3 16 -0.491 0.449 16.909 -1.406 2.226 17.281 -1.204 0.362 16.381 
3 16 -0.313 -1.359 15.849 -0.491 0.449 16.909 -1.204 0.362 16.381 
3 16 -0.313 -1.359 15.849 -1.204 0.362 16.381 -1.039 -1.123 15.451 
3 16 -0.279 -2.529 15.007 -0.313 -1.359 15.849 -1.039 -1.123 15.451 
3 16 -0.279 -2.529 15.007 -1.039 -1.123 15.451 -0.969 -2.309 14.561 
3 16 -0.958 -3.428 13.521 -0.279 -2.529 15.007 -0.969 -2.309 14.561 
3 16 -0.958 -3.428 13.521 -0.052 -3.821 13.97 -0.279 -2.529 15.007 
3 16 -0.958 -3.428 13.521 -0.079 -4.555 12.837 -0.052 -3.821 13.97 
3 16 -0.958 -3.428 13.521 -0.797 -4.606 12.179 -0.079 -4.555 12.837 
3 16 -0.079 -4.555 12.837 0.829 -3.372 13.769 -0.052 -3.821 13.97 
3 16 0.241 -2.643 15.012 -0.052 -3.821 13.97 0.829 -3.372 13.769 
3 16 0.241 -2.643 15.012 0.829 -3.372 13.769 0.962 -2.44 14.635 
3 16 -0.079 -4.555 12.837 0.722 -4.51 12.496 0.829 -3.372 13.769 
3 16 0.534 -1.467 15.769 0.241 -2.643 15.012 0.962 -2.44 14.635 
3 16 0.534 -1.467 15.769 0.962 -2.44 14.635 1.111 -1.432 15.479 
3 16 0.767 -0.556 16.306 0.534 -1.467 15.769 1.111 -1.432 15.479 
3 16 0.767 -0.556 16.306 1.111 -1.432 15.479 1.322 -0.369 16.35 
3 16 -0.731 -5.966 9.45 -0.079 -4.555 12.837 -0.797 -4.606 12.179 
3 16 0.722 -4.51 12.496 -0.079 -4.555 12.837 0.468 -5.75 10.484 
3 16 -0.731 -5.966 9.45 0.468 -5.75 10.484 -0.079 -4.555 12.837 
3 16 -0.731 -5.966 9.45 0.56 -6.333 8.266 0.468 -5.75 10.484 
3 16 0.993 7.32 18.365 -1.675 5.613 18.205 -0.978 4.808 18.208 
3 16 -1.675 5.613 18.205 0.993 7.32 18.365 -1.989 7.119 18.304 
3 16 -0.978 4.808 18.208 1.569 5.355 18.18 0.993 7.32 18.365 
3 16 -0.978 4.808 18.208 -0.894 3.695 18.032 1.569 5.355 18.18 
4 16 -1.989 7.119 18.304 .993 7.32 18.365 .926 9.958 18.306 -2.265 9.54 18.22
4 16 -2.265 9.54 18.22 .926 9.958 18.306 -.144 13.076 17.895 -2.424 12.132 17.897
3 16 -0.144 13.076 17.895 0.926 9.958 18.306 2.022 12.333 17.903 
3 16 0.926 9.958 18.306 0.993 7.32 18.365 3.774 8.515 17.936 
3 16 0.926 9.958 18.306 3.774 8.515 17.936 3.754 10.161 17.824 
3 16 3.754 10.161 17.824 2.022 12.333 17.903 0.926 9.958 18.306 
3 16 0.993 7.32 18.365 4.095 6.291 17.722 3.774 8.515 17.936 
3 16 0.993 7.32 18.365 1.569 5.355 18.18 4.095 6.291 17.722 
3 16 3.754 10.161 17.824 3.571 11.743 17.596 2.022 12.333 17.903 
3 16 -0.894 3.695 18.032 2.082 3.856 17.845 1.569 5.355 18.18 
3 16 -0.894 3.695 18.032 -0.745 2.414 17.696 2.082 3.856 17.845 
3 16 1.567 1.025 17.033 2.082 3.856 17.845 -0.745 2.414 17.696 
3 16 1.567 1.025 17.033 -0.745 2.414 17.696 -0.491 0.449 16.909 
4 16 -.491 .449 16.909 -.313 -1.359 15.849 .534 -1.467 15.769 .767 -.556 16.306
3 16 0.534 -1.467 15.769 -0.313 -1.359 15.849 -0.279 -2.529 15.007 
3 16 0.534 -1.467 15.769 -0.279 -2.529 15.007 0.241 -2.643 15.012 
4 16 -.491 .449 16.909 .767 -.556 16.306 1.322 -.369 16.35 1.567 1.025 17.033
3 16 1.786 -0.59 16.18 1.567 1.025 17.033 1.322 -0.369 16.35 
3 16 1.786 -0.59 16.18 4.298 -0.187 15.653 1.567 1.025 17.033 
3 16 1.968 -1.451 15.636 4.298 -0.187 15.653 1.786 -0.59 16.18 
3 16 1.968 -1.451 15.636 4.262 -1.474 14.868 4.298 -0.187 15.653 
4 16 3.977 -2.633 14.113 4.262 -1.474 14.868 1.968 -1.451 15.636 1.912 -2.71 14.739
3 16 1.912 -2.71 14.739 3.601 -3.577 13.428 3.977 -2.633 14.113 
3 16 1.912 -2.71 14.739 1.763 -3.72 13.86 3.601 -3.577 13.428 
3 16 0.241 -2.643 15.012 -0.279 -2.529 15.007 -0.052 -3.821 13.97 
3 16 5.152 1.353 16.125 1.567 1.025 17.033 4.298 -0.187 15.653 
3 16 5.152 1.353 16.125 4.91 3.374 16.927 1.567 1.025 17.033 
3 16 1.567 1.025 17.033 4.91 3.374 16.927 2.082 3.856 17.845 
3 16 2.082 3.856 17.845 4.91 3.374 16.927 4.475 5.015 17.453 
3 16 2.082 3.856 17.845 4.475 5.015 17.453 4.231 5.45 17.584 
3 16 1.569 5.355 18.18 2.082 3.856 17.845 4.231 5.45 17.584 
3 16 1.569 5.355 18.18 4.231 5.45 17.584 4.095 6.291 17.722 
3 16 2.082 12.881 16.837 -0.144 13.076 17.895 2.022 12.333 17.903 
3 16 2.082 12.881 16.837 -0.125 13.608 16.796 -0.144 13.076 17.895 
3 16 3.571 11.743 17.596 2.082 12.881 16.837 2.022 12.333 17.903 
3 16 3.571 11.743 17.596 4.084 12.013 16.47 2.082 12.881 16.837 
3 16 4.7 10.577 16.721 4.084 12.013 16.47 3.571 11.743 17.596 
3 16 4.7 10.577 16.721 3.571 11.743 17.596 3.754 10.161 17.824 
3 16 3.754 10.161 17.824 4.647 8.741 17.386 4.7 10.577 16.721 
3 16 3.754 10.161 17.824 3.774 8.515 17.936 4.647 8.741 17.386 
3 16 3.774 8.515 17.936 4.577 6.65 17.462 4.647 8.741 17.386 
3 16 3.774 8.515 17.936 4.095 6.291 17.722 4.577 6.65 17.462 
3 16 4.231 5.45 17.584 4.577 6.65 17.462 4.095 6.291 17.722 
3 16 4.231 5.45 17.584 4.475 5.015 17.453 4.577 6.65 17.462 
3 16 -2.424 12.132 17.897 -0.125 13.608 16.796 -2.888 12.596 16.766 
3 16 -2.424 12.132 17.897 -0.144 13.076 17.895 -0.125 13.608 16.796 
3 16 -11.51 17.205 6.374 -12.925 16.589 6.415 -12.449 17.089 7.471 
3 16 -11.51 17.205 6.374 -11.936 16.892 5.421 -12.925 16.589 6.415 
3 16 -10.288 17.503 8.199 -11.51 17.205 6.374 -12.449 17.089 7.471 
3 16 -10.288 17.503 8.199 -12.449 17.089 7.471 -11.204 17.339 9.231 
3 16 -8.938 17.697 9.6 -10.288 17.503 8.199 -11.204 17.339 9.231 
3 16 -8.938 17.697 9.6 -11.204 17.339 9.231 -9.73 17.436 10.923 
3 16 -9.73 17.436 10.923 -8.115 17.774 10.437 -8.938 17.697 9.6 
3 16 -9.73 17.436 10.923 -8.63 17.327 11.818 -8.115 17.774 10.437 
3 16 -8.63 17.327 11.818 -7.134 17.397 11.057 -8.115 17.774 10.437 
3 16 -8.63 17.327 11.818 -7.683 16.836 12.011 -7.134 17.397 11.057 
3 16 -13.117 15.877 5.854 -11.936 16.892 5.421 -12.134 16.118 5.023 
3 16 -13.117 15.877 5.854 -12.925 16.589 6.415 -11.936 16.892 5.421 
3 16 -12.377 13.184 4.547 -13.117 15.877 5.854 -12.134 16.118 5.023 
3 16 -12.377 13.184 4.547 -13.612 12.801 5.483 -13.117 15.877 5.854 
4 16 -14.274 9.396 4.477 -13.612 12.801 5.483 -12.377 13.184 4.547 -12.655 10.039 3.314
3 16 -13.839 9.721 6.808 -13.612 12.801 5.483 -14.274 9.396 4.477 
3 16 -13.839 9.721 6.808 -13.37 12.806 7.2 -13.612 12.801 5.483 
3 16 -13.37 12.806 7.2 -13.839 9.721 6.808 -12.614 10.095 9.509 
3 16 -13.37 12.806 7.2 -12.614 10.095 9.509 -12.193 12.914 9.627 
3 16 -12.193 12.914 9.627 -12.614 10.095 9.509 -10.965 10.377 12.01 
3 16 -12.193 12.914 9.627 -10.965 10.377 12.01 -10.528 12.702 11.91 
3 16 -13.117 15.877 5.854 -13.612 12.801 5.483 -13.37 12.806 7.2 
3 16 -13.117 15.877 5.854 -13.37 12.806 7.2 -12.951 15.671 7.428 
3 16 -12.951 15.671 7.428 -13.37 12.806 7.2 -12.193 12.914 9.627 
3 16 -12.925 16.589 6.415 -13.117 15.877 5.854 -12.951 15.671 7.428 
3 16 -12.925 16.589 6.415 -12.951 15.671 7.428 -12.449 17.089 7.471 
3 16 -12.951 15.671 7.428 -12.193 12.914 9.627 -11.766 15.69 9.536 
3 16 -11.766 15.69 9.536 -12.449 17.089 7.471 -12.951 15.671 7.428 
3 16 -11.766 15.69 9.536 -11.204 17.339 9.231 -12.449 17.089 7.471 
3 16 -12.193 12.914 9.627 -10.148 15.683 11.426 -11.766 15.69 9.536 
3 16 -12.193 12.914 9.627 -10.528 12.702 11.91 -10.148 15.683 11.426 
4 16 -9.315 12.118 13.238 -9.05 14.531 12.827 -10.148 15.683 11.426 -10.528 12.702 11.91
3 16 -9.05 14.531 12.827 -9.315 12.118 13.238 -8.732 14.138 13.182 
3 16 -10.148 15.683 11.426 -9.05 14.531 12.827 -8.907 15.644 12.436 
4 16 -11.766 15.69 9.536 -10.148 15.683 11.426 -9.73 17.436 10.923 -11.204 17.339 9.231
3 16 -10.148 15.683 11.426 -8.63 17.327 11.818 -9.73 17.436 10.923 
3 16 -10.148 15.683 11.426 -8.907 15.644 12.436 -8.63 17.327 11.818 
3 16 -9.315 12.118 13.238 -8.202 14.588 13.407 -8.732 14.138 13.182 
3 16 -8.202 14.588 13.407 -9.315 12.118 13.238 -6.011 13.602 15.004 
3 16 -6.011 13.602 15.004 -9.315 12.118 13.238 -8.674 11.158 14.125 
3 16 -6.011 13.602 15.004 -8.674 11.158 14.125 -5.899 11.709 15.827 
3 16 -5.623 15.92 14.388 -8.202 14.588 13.407 -6.011 13.602 15.004 
3 16 -5.623 15.92 14.388 -7.776 15.834 13.231 -8.202 14.588 13.407 
3 16 -5.623 15.92 14.388 -7.025 17.669 12.961 -7.776 15.834 13.231 
3 16 -5.623 15.92 14.388 -5.474 17.846 13.779 -7.025 17.669 12.961 
3 16 -5.623 15.92 14.388 -3.708 17.843 14.355 -5.474 17.846 13.779 
3 16 -5.623 15.92 14.388 -3.696 16.086 15.054 -3.708 17.843 14.355 
3 16 -3.218 14.364 15.875 -6.011 13.602 15.004 -3.16 13.584 16.242 
3 16 -6.011 13.602 15.004 -3.218 14.364 15.875 -3.69 14.812 15.565 
3 16 -5.623 15.92 14.388 -3.69 14.812 15.565 -3.696 16.086 15.054 
3 16 -5.623 15.92 14.388 -6.011 13.602 15.004 -3.69 14.812 15.565 
4 16 -6.011 13.602 15.004 -5.899 11.709 15.827 -2.888 12.596 16.766 -3.16 13.584 16.242
3 16 -3.16 13.584 16.242 -2.693 15.004 15.784 -3.218 14.364 15.875 
3 16 -3.16 13.584 16.242 -1.303 14.413 16.318 -2.693 15.004 15.784 
3 16 -2.888 12.596 16.766 -1.303 14.413 16.318 -3.16 13.584 16.242 
3 16 -2.888 12.596 16.766 -0.125 13.608 16.796 -1.303 14.413 16.318 
3 16 -2.424 16.114 15.366 -2.693 15.004 15.784 -1.303 14.413 16.318 
3 16 -2.424 16.114 15.366 -1.303 14.413 16.318 0.088 16.03 15.627 
3 16 -0.125 13.608 16.796 0.088 16.03 15.627 -1.303 14.413 16.318 
3 16 -0.125 13.608 16.796 1.537 14.774 16.069 0.088 16.03 15.627 
3 16 2.082 12.881 16.837 1.537 14.774 16.069 -0.125 13.608 16.796 
3 16 2.082 12.881 16.837 4.014 13.443 15.872 1.537 14.774 16.069 
3 16 2.082 12.881 16.837 4.084 12.013 16.47 4.014 13.443 15.872 
3 16 4.084 12.013 16.47 5.461 11.584 16.019 4.014 13.443 15.872 
3 16 4.084 12.013 16.47 4.7 10.577 16.721 5.461 11.584 16.019 
3 16 5.461 11.584 16.019 6.968 13.192 14.548 4.014 13.443 15.872 
3 16 5.461 11.584 16.019 7.041 11.492 15.2 6.968 13.192 14.548 
3 16 7.041 11.492 15.2 8.548 12.391 13.746 6.968 13.192 14.548 
3 16 6.968 13.192 14.548 8.548 12.391 13.746 8.385 13.508 13.455 
3 16 8.548 12.391 13.746 8.757 14.123 12.998 8.385 13.508 13.455 
3 16 8.548 12.391 13.746 9.912 13.162 12.205 8.757 14.123 12.998 
3 16 6.968 13.192 14.548 8.385 13.508 13.455 7.807 14.149 13.649 
3 16 9.733 15.943 11.464 8.757 14.123 12.998 9.912 13.162 12.205 
3 16 9.733 15.943 11.464 8.419 16.137 12.391 8.757 14.123 12.998 
3 16 6.292 15.255 14.219 4.014 13.443 15.872 6.968 13.192 14.548 
4 16 6.968 13.192 14.548 7.807 14.149 13.649 7.313 15.919 13.297 6.292 15.255 14.219
3 16 8.419 16.137 12.391 9.733 15.943 11.464 8.368 16.881 12.127 
3 16 8.368 16.881 12.127 9.733 15.943 11.464 8.532 17.338 11.912 
3 16 9.733 15.943 11.464 8.837 17.572 11.575 8.532 17.338 11.912 
3 16 9.733 15.943 11.464 9.907 17.484 10.611 8.837 17.572 11.575 
3 16 11.127 15.467 10.096 9.733 15.943 11.464 9.912 13.162 12.205 
4 16 9.733 15.943 11.464 11.127 15.467 10.096 10.998 17.375 9.405 9.907 17.484 10.611
3 16 11.127 15.467 10.096 9.912 13.162 12.205 11.282 12.918 10.647 
3 16 11.127 15.467 10.096 11.983 17.16 8.222 10.998 17.375 9.405 
3 16 11.127 15.467 10.096 12.633 15.388 7.876 11.983 17.16 8.222 
3 16 11.127 15.467 10.096 12.929 13.159 7.952 12.633 15.388 7.876 
3 16 11.127 15.467 10.096 11.282 12.918 10.647 12.929 13.159 7.952 
3 16 12.727 16.855 6.818 11.983 17.16 8.222 12.633 15.388 7.876 
3 16 12.727 16.855 6.818 12.633 15.388 7.876 12.969 16.451 6.216 
3 16 12.969 16.451 6.216 12.633 15.388 7.876 13.195 15.761 5.916 
3 16 12.633 15.388 7.876 13.438 13.749 5.571 13.195 15.761 5.916 
3 16 12.633 15.388 7.876 12.929 13.159 7.952 13.438 13.749 5.571 
3 16 13.395 11.152 7.391 13.438 13.749 5.571 12.929 13.159 7.952 
3 16 13.395 11.152 7.391 13.704 11.559 5.148 13.438 13.749 5.571 
3 16 13.704 11.559 5.148 13.395 11.152 7.391 13.824 9.471 6.933 
3 16 13.704 11.559 5.148 13.824 9.471 6.933 14.322 9.155 4.022 
3 16 12.416 9.965 9.575 13.824 9.471 6.933 13.395 11.152 7.391 
3 16 12.416 9.965 9.575 13.395 11.152 7.391 12.527 11.157 9.169 
3 16 13.395 11.152 7.391 12.929 13.159 7.952 12.527 11.157 9.169 
3 16 11.282 12.918 10.647 12.527 11.157 9.169 12.929 13.159 7.952 
3 16 11.759 10.855 10.334 12.416 9.965 9.575 12.527 11.157 9.169 
3 16 11.282 12.918 10.647 11.759 10.855 10.334 12.527 11.157 9.169 
3 16 11.06 10.208 11.472 11.759 10.855 10.334 11.282 12.918 10.647 
3 16 11.06 10.208 11.472 11.534 9.639 10.944 11.759 10.855 10.334 
3 16 11.993 9.766 10.254 11.759 10.855 10.334 11.534 9.639 10.944 
3 16 11.759 10.855 10.334 11.993 9.766 10.254 12.416 9.965 9.575 
3 16 11.993 9.766 10.254 11.534 9.639 10.944 11.889 8.973 10.833 
3 16 9.912 13.162 12.205 11.06 10.208 11.472 11.282 12.918 10.647 
3 16 9.912 13.162 12.205 9.895 10.67 12.865 11.06 10.208 11.472 
3 16 8.548 12.391 13.746 9.895 10.67 12.865 9.912 13.162 12.205 
3 16 8.548 12.391 13.746 8.555 11.142 14.168 9.895 10.67 12.865 
3 16 7.041 11.492 15.2 8.555 11.142 14.168 8.548 12.391 13.746 
3 16 -8.204 15.605 12.49 -8.202 14.588 13.407 -7.776 15.834 13.231 
3 16 -8.204 15.605 12.49 -8.732 14.138 13.182 -8.202 14.588 13.407 
3 16 -7.776 15.834 13.231 -7.683 16.836 12.011 -8.204 15.605 12.49 
3 16 -7.776 15.834 13.231 -7.025 17.669 12.961 -7.683 16.836 12.011 
3 16 -9.05 14.531 12.827 -8.204 15.605 12.49 -8.907 15.644 12.436 
3 16 -9.05 14.531 12.827 -8.732 14.138 13.182 -8.204 15.605 12.49 
3 16 -7.683 16.836 12.011 -8.907 15.644 12.436 -8.204 15.605 12.49 
3 16 -7.683 16.836 12.011 -8.63 17.327 11.818 -8.907 15.644 12.436 
3 16 -6.382 17.997 11.522 -7.683 16.836 12.011 -7.025 17.669 12.961 
3 16 -6.382 17.997 11.522 -7.134 17.397 11.057 -7.683 16.836 12.011 
4 16 -6.382 17.997 11.522 -7.025 17.669 12.961 -5.474 17.846 13.779 -5.192 18.127 12.11
3 16 -5.474 17.846 13.779 -3.595 18.085 12.752 -5.192 18.127 12.11 
3 16 -5.474 17.846 13.779 -3.708 17.843 14.355 -3.595 18.085 12.752 
3 16 -3.072 15.995 14.821 -2.693 15.004 15.784 -2.424 16.114 15.366 
3 16 -3.072 15.995 14.821 -3.218 14.364 15.875 -2.693 15.004 15.784 
3 16 -2.424 16.114 15.366 -2.803 17.454 13.962 -3.072 15.995 14.821 
3 16 -2.424 16.114 15.366 -1.876 17.913 14.593 -2.803 17.454 13.962 
3 16 -3.69 14.812 15.565 -3.072 15.995 14.821 -3.696 16.086 15.054 
3 16 -3.69 14.812 15.565 -3.218 14.364 15.875 -3.072 15.995 14.821 
3 16 -2.803 17.454 13.962 -3.696 16.086 15.054 -3.072 15.995 14.821 
3 16 -2.803 17.454 13.962 -3.708 17.843 14.355 -3.696 16.086 15.054 
3 16 -1.476 18.162 13.134 -2.803 17.454 13.962 -1.876 17.913 14.593 
3 16 -1.476 18.162 13.134 -2.607 17.703 12.874 -2.803 17.454 13.962 
3 16 -3.595 18.085 12.752 -2.803 17.454 13.962 -2.607 17.703 12.874 
3 16 -3.595 18.085 12.752 -3.708 17.843 14.355 -2.803 17.454 13.962 
3 16 -10.528 12.702 11.91 -10.294 10.207 12.853 -9.315 12.118 13.238 
3 16 -10.528 12.702 11.91 -10.965 10.377 12.01 -10.294 10.207 12.853 
3 16 -10.294 10.207 12.853 -9.359 10.508 13.806 -9.315 12.118 13.238 
3 16 -10.294 10.207 12.853 -9.704 9.696 13.585 -9.359 10.508 13.806 
3 16 -9.359 10.508 13.806 -8.674 11.158 14.125 -9.315 12.118 13.238 
4 16 -1.476 18.162 13.134 -1.876 17.913 14.593 .278 17.955 14.709 -.185 18.188 13.167
3 16 0.278 17.955 14.709 2.905 18.148 12.809 -0.185 18.188 13.167 
3 16 0.278 17.955 14.709 3.29 18.06 14.186 2.905 18.148 12.809 
3 16 2.905 18.148 12.809 3.29 18.06 14.186 5.901 17.944 13.374 
3 16 2.905 18.148 12.809 5.901 17.944 13.374 5.482 18.013 11.939 
3 16 6.637 17.59 13.073 5.482 18.013 11.939 5.901 17.944 13.374 
3 16 6.637 17.59 13.073 6.153 17.771 11.637 5.482 18.013 11.939 
3 16 6.914 17.102 13.115 6.153 17.771 11.637 6.637 17.59 13.073 
3 16 6.914 17.102 13.115 6.832 17.33 11.244 6.153 17.771 11.637 
3 16 6.914 17.102 13.115 7.68 16 12.38 6.832 17.33 11.244 
3 16 6.914 17.102 13.115 7.313 15.919 13.297 7.68 16 12.38 
3 16 7.807 14.149 13.649 7.68 16 12.38 7.313 15.919 13.297 
3 16 7.807 14.149 13.649 8.385 13.508 13.455 7.68 16 12.38 
3 16 4.577 6.65 17.462 5.391 8.441 17.326 4.647 8.741 17.386 
3 16 4.577 6.65 17.462 4.958 6.251 17.39 5.391 8.441 17.326 
3 16 5.664 10.069 17.047 4.647 8.741 17.386 5.391 8.441 17.326 
3 16 5.664 10.069 17.047 4.7 10.577 16.721 4.647 8.741 17.386 
3 16 4.7 10.577 16.721 5.664 10.069 17.047 6.092 10.978 16.731 
3 16 4.7 10.577 16.721 6.092 10.978 16.731 5.461 11.584 16.019 
3 16 4.757 5.483 17.397 4.958 6.251 17.39 4.577 6.65 17.462 
3 16 4.757 5.483 17.397 4.577 6.65 17.462 4.475 5.015 17.453 
3 16 7.041 11.492 15.2 5.461 11.584 16.019 6.092 10.978 16.731 
3 16 7.041 11.492 15.2 6.092 10.978 16.731 7.469 10.924 15.9 
3 16 7.469 10.924 15.9 8.555 11.142 14.168 7.041 11.492 15.2 
3 16 7.469 10.924 15.9 9.135 10.505 14.753 8.555 11.142 14.168 
3 16 9.135 10.505 14.753 9.895 10.67 12.865 8.555 11.142 14.168 
3 16 9.135 10.505 14.753 10.414 10.094 13.575 9.895 10.67 12.865 
3 16 9.895 10.67 12.865 10.414 10.094 13.575 11.434 9.719 12.37 
3 16 9.895 10.67 12.865 11.434 9.719 12.37 11.06 10.208 11.472 
3 16 11.752 9.231 11.944 11.06 10.208 11.472 11.434 9.719 12.37 
3 16 11.752 9.231 11.944 11.534 9.639 10.944 11.06 10.208 11.472 
3 16 11.752 9.231 11.944 11.889 8.973 10.833 11.534 9.639 10.944 
3 16 11.752 9.231 11.944 11.943 8.48 11.88 11.889 8.973 10.833 
3 16 11.943 8.48 11.88 12.243 7.242 11.169 11.889 8.973 10.833 
3 16 11.943 8.48 11.88 12.105 6.992 11.75 12.243 7.242 11.169 
4 16 12.106 4.952 11.158 12.243 7.242 11.169 12.105 6.992 11.75 12.079 5.526 11.446
3 16 8.757 14.123 12.998 7.68 16 12.38 8.385 13.508 13.455 
3 16 8.757 14.123 12.998 8.419 16.137 12.391 7.68 16 12.38 
3 16 7.68 16 12.38 8.419 16.137 12.391 8.368 16.881 12.127 
3 16 7.68 16 12.38 8.368 16.881 12.127 6.832 17.33 11.244 
3 16 7.353 17.545 10.875 6.832 17.33 11.244 8.368 16.881 12.127 
3 16 7.353 17.545 10.875 8.368 16.881 12.127 8.532 17.338 11.912 
3 16 8.532 17.338 11.912 7.846 17.782 10.521 7.353 17.545 10.875 
3 16 8.532 17.338 11.912 8.837 17.572 11.575 7.846 17.782 10.521 
3 16 8.995 17.765 9.589 7.846 17.782 10.521 8.837 17.572 11.575 
3 16 8.995 17.765 9.589 8.837 17.572 11.575 9.907 17.484 10.611 
3 16 9.967 17.571 8.585 8.995 17.765 9.589 9.907 17.484 10.611 
3 16 9.967 17.571 8.585 9.907 17.484 10.611 10.998 17.375 9.405 
3 16 10.922 17.333 7.409 9.967 17.571 8.585 10.998 17.375 9.405 
3 16 10.922 17.333 7.409 10.998 17.375 9.405 11.983 17.16 8.222 
3 16 10.922 17.333 7.409 11.983 17.16 8.222 12.727 16.855 6.818 
3 16 10.922 17.333 7.409 12.727 16.855 6.818 11.837 16.988 5.812 
4 16 12.727 16.855 6.818 12.969 16.451 6.216 12.061 16.609 5.23 11.837 16.988 5.812
3 16 13.195 15.761 5.916 12.061 16.609 5.23 12.969 16.451 6.216 
3 16 13.195 15.761 5.916 12.178 15.84 4.991 12.061 16.609 5.23 
3 16 12.282 13.839 4.669 12.178 15.84 4.991 13.195 15.761 5.916 
3 16 12.282 13.839 4.669 13.195 15.761 5.916 13.438 13.749 5.571 
3 16 12.282 13.839 4.669 13.438 13.749 5.571 13.704 11.559 5.148 
3 16 12.282 13.839 4.669 13.704 11.559 5.148 12.467 11.6 4.106 
3 16 13.704 11.559 5.148 12.8 9.63 2.972 12.467 11.6 4.106 
3 16 13.704 11.559 5.148 14.322 9.155 4.022 12.8 9.63 2.972 
3 16 4.757 5.483 17.397 4.91 3.374 16.927 6.603 5.71 16.585 
3 16 4.757 5.483 17.397 4.475 5.015 17.453 4.91 3.374 16.927 
3 16 6.603 5.71 16.585 4.91 3.374 16.927 8.496 3.053 14.613 
3 16 6.603 5.71 16.585 8.496 3.053 14.613 8.978 5.083 14.809 
3 16 6.603 5.71 16.585 8.978 5.083 14.809 9.327 7.018 14.798 
3 16 6.603 5.71 16.585 9.327 7.018 14.798 7.034 7.673 16.466 
3 16 7.034 7.673 16.466 4.958 6.251 17.39 6.603 5.71 16.585 
3 16 6.603 5.71 16.585 4.958 6.251 17.39 4.757 5.483 17.397 
3 16 7.034 7.673 16.466 5.391 8.441 17.326 4.958 6.251 17.39 
3 16 7.324 9.399 16.231 5.391 8.441 17.326 7.034 7.673 16.466 
3 16 7.324 9.399 16.231 5.664 10.069 17.047 5.391 8.441 17.326 
3 16 6.092 10.978 16.731 5.664 10.069 17.047 7.324 9.399 16.231 
3 16 6.092 10.978 16.731 7.324 9.399 16.231 7.469 10.924 15.9 
3 16 9.135 10.505 14.753 7.469 10.924 15.9 7.324 9.399 16.231 
3 16 9.135 10.505 14.753 7.324 9.399 16.231 9.573 8.745 14.582 
4 16 9.327 7.018 14.798 9.573 8.745 14.582 7.324 9.399 16.231 7.034 7.673 16.466
3 16 10.414 10.094 13.575 9.135 10.505 14.753 9.573 8.745 14.582 
4 16 8.978 5.083 14.809 8.496 3.053 14.613 10.352 2.608 12.542 10.935 4.814 12.721
3 16 12.381 4.217 10.264 10.935 4.814 12.721 10.352 2.608 12.542 
3 16 12.381 4.217 10.264 10.352 2.608 12.542 11.901 2.387 10.054 
3 16 8.978 5.083 14.809 11.192 6.812 12.898 9.327 7.018 14.798 
3 16 8.978 5.083 14.809 10.935 4.814 12.721 11.192 6.812 12.898 
4 16 9.327 7.018 14.798 11.192 6.812 12.898 11.27 8.408 12.838 9.573 8.745 14.582
3 16 11.27 8.408 12.838 10.414 10.094 13.575 9.573 8.745 14.582 
3 16 11.27 8.408 12.838 11.192 6.812 12.898 12.105 6.992 11.75 
3 16 11.27 8.408 12.838 12.105 6.992 11.75 11.943 8.48 11.88 
3 16 11.752 9.231 11.944 11.27 8.408 12.838 11.943 8.48 11.88 
3 16 11.752 9.231 11.944 11.434 9.719 12.37 11.27 8.408 12.838 
3 16 11.27 8.408 12.838 11.434 9.719 12.37 10.414 10.094 13.575 
3 16 11.297 0.453 9.634 11.901 2.387 10.054 10.352 2.608 12.542 
3 16 11.297 0.453 9.634 10.352 2.608 12.542 9.431 0.278 12.236 
3 16 8.021 1.103 14.118 9.431 0.278 12.236 10.352 2.608 12.542 
3 16 8.021 1.103 14.118 10.352 2.608 12.542 8.496 3.053 14.613 
3 16 8.016 -0.097 13.277 9.431 0.278 12.236 8.021 1.103 14.118 
3 16 8.016 -0.097 13.277 8.167 -0.69 12.808 9.431 0.278 12.236 
3 16 7.188 -0.453 13.851 8.016 -0.097 13.277 8.021 1.103 14.118 
3 16 5.152 1.353 16.125 7.188 -0.453 13.851 8.021 1.103 14.118 
3 16 8.496 3.053 14.613 5.152 1.353 16.125 8.021 1.103 14.118 
4 16 5.152 1.353 16.125 4.298 -.187 15.653 4.262 -1.474 14.868 7.188 -.453 13.851
3 16 4.262 -1.474 14.868 6.72 -1.649 13.251 7.188 -0.453 13.851 
3 16 8.496 3.053 14.613 4.91 3.374 16.927 5.152 1.353 16.125 
3 16 3.977 -2.633 14.113 6.72 -1.649 13.251 4.262 -1.474 14.868 
3 16 3.977 -2.633 14.113 5.882 -3.018 12.75 6.72 -1.649 13.251 
3 16 3.601 -3.577 13.428 5.882 -3.018 12.75 3.977 -2.633 14.113 
3 16 3.601 -3.577 13.428 4.993 -4.131 12.141 5.882 -3.018 12.75 
3 16 3.052 -4.718 12.415 4.993 -4.131 12.141 3.601 -3.577 13.428 
3 16 3.052 -4.718 12.415 3.601 -3.577 13.428 1.763 -3.72 13.86 
3 16 3.052 -4.718 12.415 1.763 -3.72 13.86 1.622 -4.759 12.777 
3 16 1.622 -4.759 12.777 2.352 -5.866 11.059 3.052 -4.718 12.415 
3 16 2.352 -5.866 11.059 3.944 -5.202 11.257 3.052 -4.718 12.415 
3 16 3.052 -4.718 12.415 3.944 -5.202 11.257 4.993 -4.131 12.141 
3 16 2.352 -5.866 11.059 2.625 -6.155 10.354 3.944 -5.202 11.257 
3 16 2.625 -6.155 10.354 2.352 -5.866 11.059 1.455 -6.117 10.878 
3 16 1.622 -4.759 12.777 1.455 -6.117 10.878 2.352 -5.866 11.059 
3 16 2.625 -6.155 10.354 1.455 -6.117 10.878 1.217 -6.671 9.394 
3 16 1.912 -2.71 14.739 1.111 -1.432 15.479 0.962 -2.44 14.635 
3 16 1.912 -2.71 14.739 1.968 -1.451 15.636 1.111 -1.432 15.479 
3 16 1.912 -2.71 14.739 0.962 -2.44 14.635 0.829 -3.372 13.769 
3 16 1.912 -2.71 14.739 0.829 -3.372 13.769 1.763 -3.72 13.86 
3 16 0.829 -3.372 13.769 1.622 -4.759 12.777 1.763 -3.72 13.86 
3 16 0.829 -3.372 13.769 0.722 -4.51 12.496 1.622 -4.759 12.777 
3 16 1.786 -0.59 16.18 1.111 -1.432 15.479 1.968 -1.451 15.636 
3 16 1.786 -0.59 16.18 1.322 -0.369 16.35 1.111 -1.432 15.479 
3 16 1.455 -6.117 10.878 1.622 -4.759 12.777 0.722 -4.51 12.496 
3 16 1.455 -6.117 10.878 0.722 -4.51 12.496 0.468 -5.75 10.484 
3 16 0.468 -5.75 10.484 1.217 -6.671 9.394 1.455 -6.117 10.878 
3 16 0.468 -5.75 10.484 0.56 -6.333 8.266 1.217 -6.671 9.394 
3 16 7.224 -1.531 12.689 7.188 -0.453 13.851 6.72 -1.649 13.251 
3 16 7.224 -1.531 12.689 8.016 -0.097 13.277 7.188 -0.453 13.851 
3 16 6.358 -2.837 12.068 7.224 -1.531 12.689 6.72 -1.649 13.251 
3 16 6.358 -2.837 12.068 6.72 -1.649 13.251 5.882 -3.018 12.75 
3 16 5.412 -3.97 11.306 6.358 -2.837 12.068 5.882 -3.018 12.75 
3 16 5.412 -3.97 11.306 5.882 -3.018 12.75 4.993 -4.131 12.141 
3 16 5.412 -3.97 11.306 4.993 -4.131 12.141 3.944 -5.202 11.257 
3 16 5.412 -3.97 11.306 3.944 -5.202 11.257 4.294 -4.977 10.38 
3 16 2.625 -6.155 10.354 4.294 -4.977 10.38 3.944 -5.202 11.257 
3 16 2.625 -6.155 10.354 3.135 -5.739 9.387 4.294 -4.977 10.38 
3 16 1.217 -6.671 9.394 3.135 -5.739 9.387 2.625 -6.155 10.354 
3 16 1.217 -6.671 9.394 0.56 -6.333 8.266 3.135 -5.739 9.387 
3 16 8.167 -0.69 12.808 7.224 -1.531 12.689 7.725 -1.783 12.396 
3 16 8.167 -0.69 12.808 8.016 -0.097 13.277 7.224 -1.531 12.689 
3 16 7.725 -1.783 12.396 7.224 -1.531 12.689 6.358 -2.837 12.068 
3 16 7.725 -1.783 12.396 6.358 -2.837 12.068 6.968 -3.101 11.799 
3 16 6.358 -2.837 12.068 6.121 -4.312 11.023 6.968 -3.101 11.799 
3 16 6.358 -2.837 12.068 5.412 -3.97 11.306 6.121 -4.312 11.023 
3 16 5.412 -3.97 11.306 5.039 -5.427 10.079 6.121 -4.312 11.023 
3 16 5.412 -3.97 11.306 4.294 -4.977 10.38 5.039 -5.427 10.079 
3 16 3.842 -6.344 9.046 5.039 -5.427 10.079 4.294 -4.977 10.38 
3 16 3.842 -6.344 9.046 4.294 -4.977 10.38 3.135 -5.739 9.387 
3 16 3.135 -5.739 9.387 2.444 -7.11 7.787 3.842 -6.344 9.046 
3 16 3.135 -5.739 9.387 1.543 -6.411 7.983 2.444 -7.11 7.787 
3 16 1.543 -6.411 7.983 0.809 -7.609 6.343 2.444 -7.11 7.787 
3 16 1.543 -6.411 7.983 -0.126 -7.182 6.441 0.809 -7.609 6.343 
3 16 12.943 1.534 -7.849 11.752 0.494 -8.924 12.853 2.163 -8.32 
3 16 12.943 1.534 -7.849 12.156 0.007 -8.399 11.752 0.494 -8.924 
3 16 10.605 -1.083 -9.453 11.752 0.494 -8.924 12.156 0.007 -8.399 
3 16 10.605 -1.083 -9.453 12.156 0.007 -8.399 11.015 -1.731 -9.008 
3 16 9.186 -2.583 -10.024 10.605 -1.083 -9.453 11.015 -1.731 -9.008 
3 16 9.186 -2.583 -10.024 11.015 -1.731 -9.008 9.59 -3.373 -9.573 
3 16 9.59 -3.373 -9.573 7.633 -3.899 -10.444 9.186 -2.583 -10.024 
3 16 9.59 -3.373 -9.573 7.93 -4.749 -10.073 7.633 -3.899 -10.444 
3 16 7.93 -4.749 -10.073 5.832 -4.601 -10.675 7.633 -3.899 -10.444 
3 16 7.93 -4.749 -10.073 5.928 -5.583 -10.367 5.832 -4.601 -10.675 
3 16 5.928 -5.583 -10.367 3.367 -4.665 -10.697 5.832 -4.601 -10.675 
3 16 5.928 -5.583 -10.367 3.054 -5.858 -10.406 3.367 -4.665 -10.697 
3 16 0.846 -5.358 -10.393 3.367 -4.665 -10.697 3.054 -5.858 -10.406 
3 16 0.846 -5.358 -10.393 0.613 -4.393 -10.869 3.367 -4.665 -10.697 
3 16 11.752 0.494 -8.924 12.484 1.838 -8.82 12.853 2.163 -8.32 
3 16 11.752 0.494 -8.924 11.817 0.693 -9.46 12.484 1.838 -8.82 
3 16 10.605 -1.083 -9.453 11.817 0.693 -9.46 11.752 0.494 -8.924 
3 16 10.605 -1.083 -9.453 10.705 -0.949 -10.238 11.817 0.693 -9.46 
3 16 9.186 -2.583 -10.024 10.705 -0.949 -10.238 10.605 -1.083 -9.453 
3 16 9.186 -2.583 -10.024 9.303 -2.492 -10.884 10.705 -0.949 -10.238 
3 16 7.633 -3.899 -10.444 9.303 -2.492 -10.884 9.186 -2.583 -10.024 
3 16 7.633 -3.899 -10.444 7.613 -3.703 -11.417 9.303 -2.492 -10.884 
3 16 5.832 -4.601 -10.675 7.613 -3.703 -11.417 7.633 -3.899 -10.444 
3 16 5.832 -4.601 -10.675 5.568 -4.532 -11.675 7.613 -3.703 -11.417 
3 16 3.367 -4.665 -10.697 5.568 -4.532 -11.675 5.832 -4.601 -10.675 
3 16 3.367 -4.665 -10.697 3.357 -4.759 -11.784 5.568 -4.532 -11.675 
3 16 1.204 -4.228 -11.674 3.357 -4.759 -11.784 3.367 -4.665 -10.697 
3 16 1.204 -4.228 -11.674 3.367 -4.665 -10.697 0.613 -4.393 -10.869 
3 16 14.953 6.813 -1.64 15.21 7.853 -2.656 14.537 8.419 -2.244 
3 16 14.953 6.813 -1.64 15.337 6.199 -2.341 15.21 7.853 -2.656 
3 16 14.986 4.857 -1.944 15.337 6.199 -2.341 14.953 6.813 -1.64 
3 16 14.986 4.857 -1.944 15.215 4.77 -2.474 15.337 6.199 -2.341 
3 16 14.986 4.857 -1.944 14.825 3.132 -2.522 15.215 4.77 -2.474 
3 16 14.986 4.857 -1.944 14.787 2.944 -2.333 14.825 3.132 -2.522 
3 16 14.5 8.036 -1.195 14.537 8.419 -2.244 14.404 8.771 -1.669 
3 16 14.5 8.036 -1.195 14.953 6.813 -1.64 14.537 8.419 -2.244 
3 16 14.356 9.797 -2.838 14.404 8.771 -1.669 14.537 8.419 -2.244 
3 16 14.356 9.797 -2.838 14.309 10.073 -2.231 14.404 8.771 -1.669 
3 16 14.356 9.797 -2.838 14.537 8.419 -2.244 14.106 8.735 -4.28 
3 16 14.356 9.797 -2.838 14.106 8.735 -4.28 13.964 9.721 -4.497 
3 16 13.964 9.721 -4.497 14.222 10.851 -3.2 14.356 9.797 -2.838 
4 16 14.356 9.797 -2.838 14.222 10.851 -3.2 14.175 11.077 -2.642 14.309 10.073 -2.231
3 16 14.222 10.851 -3.2 14.077 11.444 -2.882 14.175 11.077 -2.642 
3 16 14.222 10.851 -3.2 13.963 11.606 -3.281 14.077 11.444 -2.882 
3 16 13.964 9.721 -4.497 13.808 10.661 -4.697 14.222 10.851 -3.2 
3 16 13.808 10.661 -4.697 13.963 11.606 -3.281 14.222 10.851 -3.2 
3 16 13.808 10.661 -4.697 13.552 11.532 -4.801 13.963 11.606 -3.281 
3 16 13.323 10.734 -5.953 13.552 11.532 -4.801 13.808 10.661 -4.697 
3 16 13.323 10.734 -5.953 13.008 11.401 -6.107 13.552 11.532 -4.801 
3 16 13.008 11.401 -6.107 13.323 10.734 -5.953 12.89 10.954 -6.6 
3 16 13.008 11.401 -6.107 12.89 10.954 -6.6 12.883 11.245 -6.42 
3 16 13.323 10.734 -5.953 12.897 10.088 -6.94 12.89 10.954 -6.6 
3 16 13.323 10.734 -5.953 13.454 9.854 -5.894 12.897 10.088 -6.94 
3 16 13.808 10.661 -4.697 13.454 9.854 -5.894 13.323 10.734 -5.953 
3 16 13.808 10.661 -4.697 13.964 9.721 -4.497 13.454 9.854 -5.894 
3 16 13.561 8.881 -5.908 12.897 10.088 -6.94 13.454 9.854 -5.894 
3 16 13.561 8.881 -5.908 13.964 9.721 -4.497 14.106 8.735 -4.28 
3 16 13.561 8.881 -5.908 13.454 9.854 -5.894 13.964 9.721 -4.497 
3 16 13.561 8.881 -5.908 12.941 8.97 -7.325 12.897 10.088 -6.94 
3 16 15.636 7.39 -0.234 14.529 8.567 -0.628 15.631 8.181 0.282 
3 16 15.636 7.39 -0.234 14.5 8.036 -1.195 14.529 8.567 -0.628 
3 16 14.529 8.567 -0.628 14.5 8.036 -1.195 13.12 8.489 -1.02 
3 16 14.529 8.567 -0.628 13.12 8.489 -1.02 13.132 9.045 -0.508 
3 16 15.636 7.39 -0.234 14.953 6.813 -1.64 14.5 8.036 -1.195 
3 16 15.636 7.39 -0.234 15.471 5.864 -0.773 14.953 6.813 -1.64 
3 16 14.986 4.857 -1.944 14.953 6.813 -1.64 15.471 5.864 -0.773 
3 16 14.986 4.857 -1.944 15.471 5.864 -0.773 15.213 4.625 -1.276 
3 16 14.897 3.301 -1.943 14.986 4.857 -1.944 15.213 4.625 -1.276 
3 16 14.897 3.301 -1.943 14.787 2.944 -2.333 14.986 4.857 -1.944 
3 16 14.404 8.771 -1.669 13.12 8.489 -1.02 14.5 8.036 -1.195 
3 16 14.404 8.771 -1.669 13.098 8.921 -1.33 13.12 8.489 -1.02 
3 16 13.098 8.921 -1.33 14.404 8.771 -1.669 14.309 10.073 -2.231 
3 16 13.098 8.921 -1.33 14.309 10.073 -2.231 12.998 10.143 -1.878 
3 16 14.175 11.077 -2.642 12.998 10.143 -1.878 14.309 10.073 -2.231 
3 16 14.175 11.077 -2.642 12.937 11.25 -2.399 12.998 10.143 -1.878 
3 16 14.077 11.444 -2.882 12.937 11.25 -2.399 14.175 11.077 -2.642 
3 16 14.077 11.444 -2.882 12.852 11.662 -2.696 12.937 11.25 -2.399 
3 16 13.963 11.606 -3.281 12.852 11.662 -2.696 14.077 11.444 -2.882 
3 16 13.963 11.606 -3.281 12.729 11.808 -3.148 12.852 11.662 -2.696 
4 16 12.241 11.733 -4.674 12.729 11.808 -3.148 13.963 11.606 -3.281 13.552 11.532 -4.801
3 16 13.008 11.401 -6.107 12.241 11.733 -4.674 13.552 11.532 -4.801 
3 16 13.008 11.401 -6.107 11.568 11.562 -6.139 12.241 11.733 -4.674 
4 16 11.378 11.435 -6.417 11.568 11.562 -6.139 13.008 11.401 -6.107 12.883 11.245 -6.42
3 16 12.89 10.954 -6.6 11.378 11.435 -6.417 12.883 11.245 -6.42 
3 16 12.89 10.954 -6.6 11.295 11.174 -6.628 11.378 11.435 -6.417 
3 16 11.097 10.264 -6.98 11.295 11.174 -6.628 12.89 10.954 -6.6 
3 16 11.097 10.264 -6.98 12.89 10.954 -6.6 12.897 10.088 -6.94 
3 16 12.897 10.088 -6.94 10.877 9.255 -7.362 11.097 10.264 -6.98 
3 16 12.897 10.088 -6.94 12.941 8.97 -7.325 10.877 9.255 -7.362 
3 16 14.787 2.944 -2.333 13.981 1.817 2.26 14.554 2.156 -2.381 
3 16 13.981 1.817 2.26 14.787 2.944 -2.333 14.897 3.301 -1.943 
3 16 14.897 3.301 -1.943 14.629 3.694 2.66 13.981 1.817 2.26 
3 16 14.897 3.301 -1.943 15.213 4.625 -1.276 14.629 3.694 2.66 
3 16 14.629 3.694 2.66 13.255 2.276 6.81 13.981 1.817 2.26 
3 16 14.629 3.694 2.66 13.754 3.879 6.909 13.255 2.276 6.81 
3 16 15.047 5.369 2.982 13.754 3.879 6.909 14.629 3.694 2.66 
3 16 15.047 5.369 2.982 14.162 5.542 6.975 13.754 3.879 6.909 
3 16 15.289 6.959 3.21 14.162 5.542 6.975 15.047 5.369 2.982 
3 16 15.289 6.959 3.21 14.407 7.155 7.043 14.162 5.542 6.975 
3 16 14.407 7.155 7.043 15.289 6.959 3.21 15.199 8.513 4.351 
3 16 15.484 8.363 2.226 15.199 8.513 4.351 15.289 6.959 3.21 
3 16 15.636 7.39 -0.234 15.484 8.363 2.226 15.289 6.959 3.21 
3 16 15.047 5.369 2.982 15.636 7.39 -0.234 15.289 6.959 3.21 
3 16 15.636 7.39 -0.234 15.631 8.181 0.282 15.484 8.363 2.226 
3 16 14.407 7.155 7.043 15.199 8.513 4.351 14.494 8.822 7.127 
3 16 12.976 1.172 6.167 13.981 1.817 2.26 13.255 2.276 6.81 
3 16 15.047 5.369 2.982 15.471 5.864 -0.773 15.636 7.39 -0.234 
3 16 14.629 3.694 2.66 15.471 5.864 -0.773 15.047 5.369 2.982 
3 16 14.629 3.694 2.66 15.213 4.625 -1.276 15.471 5.864 -0.773 
3 16 12.82 0.438 5.444 13.981 1.817 2.26 12.976 1.172 6.167 
3 16 12.82 0.438 5.444 13.106 -0.3 1.582 13.981 1.817 2.26 
3 16 12.82 0.438 5.444 12.274 -0.78 5.101 13.106 -0.3 1.582 
4 16 12.274 -.78 5.101 11.273 -2.531 4.745 12.031 -2.271 .987 13.106 -.3 1.582
3 16 12.031 -2.271 0.987 11.273 -2.531 4.745 10.104 -4.222 4.282 
3 16 12.031 -2.271 0.987 10.104 -4.222 4.282 10.619 -4.189 0.589 
3 16 12.125 -2.691 -3.762 12.031 -2.271 0.987 10.619 -4.189 0.589 
3 16 12.125 -2.691 -3.762 10.619 -4.189 0.589 11.056 -3.986 -4.081 
4 16 10.104 -4.222 4.282 8.329 -6.053 3.567 8.932 -5.891 .075 10.619 -4.189 .589
3 16 8.932 -5.891 0.075 11.056 -3.986 -4.081 10.619 -4.189 0.589 
3 16 8.932 -5.891 0.075 9.371 -5.578 -4.449 11.056 -3.986 -4.081 
3 16 9.371 -5.578 -4.449 8.932 -5.891 0.075 6.998 -7.196 -0.499 
3 16 9.371 -5.578 -4.449 6.998 -7.196 -0.499 7.689 -6.805 -4.724 
3 16 6.428 -7.315 2.745 8.932 -5.891 0.075 8.329 -6.053 3.567 
3 16 6.428 -7.315 2.745 6.998 -7.196 -0.499 8.932 -5.891 0.075 
3 16 6.998 -7.196 -0.499 6.428 -7.315 2.745 4.131 -8.099 1.69 
3 16 6.998 -7.196 -0.499 4.131 -8.099 1.69 4.828 -8.094 -1.123 
3 16 2.833 -8.468 -1.631 4.828 -8.094 -1.123 4.131 -8.099 1.69 
3 16 2.833 -8.468 -1.631 4.131 -8.099 1.69 1.163 -8.333 0.328 
3 16 6.998 -7.196 -0.499 5.495 -7.771 -4.954 7.689 -6.805 -4.724 
3 16 6.998 -7.196 -0.499 4.828 -8.094 -1.123 5.495 -7.771 -4.954 
3 16 5.495 -7.771 -4.954 4.828 -8.094 -1.123 2.833 -8.468 -1.631 
3 16 5.495 -7.771 -4.954 2.833 -8.468 -1.631 2.83 -8.032 -5.198 
3 16 2.83 -8.032 -5.198 2.833 -8.468 -1.631 1.175 -8.268 -1.76 
3 16 1.163 -8.333 0.328 1.175 -8.268 -1.76 2.833 -8.468 -1.631 
3 16 2.83 -8.032 -5.198 1.175 -8.268 -1.76 1.01 -7.694 -5.409 
3 16 -0.284 -7.23 -5.101 1.01 -7.694 -5.409 1.175 -8.268 -1.76 
3 16 -0.284 -7.23 -5.101 0.23 -7.166 -6.411 1.01 -7.694 -5.409 
3 16 -0.284 -7.23 -5.101 -0.357 -7.161 -6.154 0.23 -7.166 -6.411 
3 16 -0.284 -7.23 -5.101 1.175 -8.268 -1.76 -0.147 -7.417 -1.424 
3 16 1.163 -8.333 0.328 -0.147 -7.417 -1.424 1.175 -8.268 -1.76 
3 16 1.163 -8.333 0.328 0.047 -7.421 1.031 -0.147 -7.417 -1.424 
4 16 15.631 8.181 .282 14.529 8.567 -.628 13.009 9.343 1.487 15.484 8.363 2.226
3 16 14.529 8.567 -0.628 13.132 9.045 -0.508 13.009 9.343 1.487 
3 16 14.322 9.155 4.022 15.484 8.363 2.226 13.009 9.343 1.487 
3 16 14.322 9.155 4.022 13.009 9.343 1.487 12.8 9.63 2.972 
3 16 14.322 9.155 4.022 15.199 8.513 4.351 15.484 8.363 2.226 
3 16 13.824 9.471 6.933 15.199 8.513 4.351 14.322 9.155 4.022 
3 16 13.824 9.471 6.933 14.494 8.822 7.127 15.199 8.513 4.351 
3 16 13.824 9.471 6.933 13.407 9.245 9.627 14.494 8.822 7.127 
3 16 13.824 9.471 6.933 12.416 9.965 9.575 13.407 9.245 9.627 
3 16 12.416 9.965 9.575 13.107 9.068 10.14 13.407 9.245 9.627 
3 16 12.416 9.965 9.575 11.993 9.766 10.254 13.107 9.068 10.14 
3 16 13.107 9.068 10.14 11.993 9.766 10.254 11.889 8.973 10.833 
3 16 13.107 9.068 10.14 11.889 8.973 10.833 12.926 8.409 10.465 
3 16 12.926 8.409 10.465 11.889 8.973 10.833 12.243 7.242 11.169 
3 16 12.926 8.409 10.465 12.243 7.242 11.169 12.615 6.775 10.843 
3 16 12.328 5.577 11.02 12.615 6.775 10.843 12.243 7.242 11.169 
3 16 12.328 5.577 11.02 12.243 7.242 11.169 12.106 4.952 11.158 
3 16 13.407 9.245 9.627 12.926 8.409 10.465 13.462 7.427 9.424 
3 16 13.407 9.245 9.627 13.107 9.068 10.14 12.926 8.409 10.465 
3 16 14.494 8.822 7.127 13.407 9.245 9.627 13.462 7.427 9.424 
3 16 14.494 8.822 7.127 13.462 7.427 9.424 14.407 7.155 7.043 
3 16 13.462 7.427 9.424 12.926 8.409 10.465 12.615 6.775 10.843 
3 16 13.462 7.427 9.424 12.615 6.775 10.843 13.251 6.022 9.437 
3 16 13.251 6.022 9.437 14.407 7.155 7.043 13.462 7.427 9.424 
3 16 12.328 5.577 11.02 13.251 6.022 9.437 12.615 6.775 10.843 
4 16 12.106 4.952 11.158 12.381 4.217 10.264 13.251 6.022 9.437 12.328 5.577 11.02
3 16 13.251 6.022 9.437 14.162 5.542 6.975 14.407 7.155 7.043 
3 16 13.251 6.022 9.437 13.754 3.879 6.909 14.162 5.542 6.975 
3 16 13.251 6.022 9.437 12.381 4.217 10.264 13.754 3.879 6.909 
3 16 11.901 2.387 10.054 13.754 3.879 6.909 12.381 4.217 10.264 
3 16 11.901 2.387 10.054 13.255 2.276 6.81 13.754 3.879 6.909 
3 16 13.255 2.276 6.81 11.901 2.387 10.054 11.297 0.453 9.634 
3 16 13.255 2.276 6.81 11.297 0.453 9.634 12.44 0.157 6.55 
3 16 13.255 2.276 6.81 12.44 0.157 6.55 12.976 1.172 6.167 
3 16 11.297 0.453 9.634 11.978 -0.794 6.375 12.44 0.157 6.55 
3 16 11.297 0.453 9.634 10.014 -1.404 9.81 11.978 -0.794 6.375 
3 16 10.014 -1.404 9.81 10.886 -2.603 6.054 11.978 -0.794 6.375 
3 16 10.014 -1.404 9.81 9.095 -3.005 9.199 10.886 -2.603 6.054 
3 16 9.659 -4.177 5.669 10.886 -2.603 6.054 9.095 -3.005 9.199 
3 16 9.659 -4.177 5.669 9.095 -3.005 9.199 7.97 -4.434 8.568 
3 16 7.97 -4.434 8.568 7.784 -5.924 4.985 9.659 -4.177 5.669 
3 16 7.97 -4.434 8.568 6.597 -5.726 7.825 7.784 -5.924 4.985 
3 16 5.021 -6.753 7.06 7.784 -5.924 4.985 6.597 -5.726 7.825 
3 16 5.021 -6.753 7.06 5.865 -7.294 4.427 7.784 -5.924 4.985 
3 16 3.185 -7.594 5.909 5.865 -7.294 4.427 5.021 -6.753 7.06 
3 16 3.185 -7.594 5.909 3.876 -7.977 3.788 5.865 -7.294 4.427 
4 16 .809 -7.609 6.343 .816 -7.93 4.603 3.876 -7.977 3.788 3.185 -7.594 5.909
3 16 0.816 -7.93 4.603 0.942 -8.147 2.775 3.876 -7.977 3.788 
3 16 5.864 17.026 13.828 6.637 17.59 13.073 5.901 17.944 13.374 
3 16 5.864 17.026 13.828 6.914 17.102 13.115 6.637 17.59 13.073 
4 16 6.914 17.102 13.115 5.864 17.026 13.828 6.292 15.255 14.219 7.313 15.919 13.297
3 16 4.13 15.058 15.215 6.292 15.255 14.219 5.864 17.026 13.828 
3 16 6.292 15.255 14.219 4.13 15.058 15.215 4.014 13.443 15.872 
3 16 4.13 15.058 15.215 5.864 17.026 13.828 3.396 16.763 14.765 
4 16 3.396 16.763 14.765 5.864 17.026 13.828 5.901 17.944 13.374 3.29 18.06 14.186
4 16 .088 16.03 15.627 3.396 16.763 14.765 3.29 18.06 14.186 .278 17.955 14.709
3 16 -1.876 17.913 14.593 0.088 16.03 15.627 0.278 17.955 14.709 
3 16 -1.876 17.913 14.593 -2.424 16.114 15.366 0.088 16.03 15.627 
3 16 3.396 16.763 14.765 0.088 16.03 15.627 1.537 14.774 16.069 
4 16 3.396 16.763 14.765 1.537 14.774 16.069 4.014 13.443 15.872 4.13 15.058 15.215
3 16 12.82 0.438 5.444 11.861 -0.788 5.736 12.274 -0.78 5.101 
3 16 12.82 0.438 5.444 12.976 1.172 6.167 11.861 -0.788 5.736 
3 16 11.273 -2.531 4.745 12.274 -0.78 5.101 11.861 -0.788 5.736 
3 16 11.273 -2.531 4.745 11.861 -0.788 5.736 10.775 -2.448 5.316 
3 16 10.104 -4.222 4.282 11.273 -2.531 4.745 10.775 -2.448 5.316 
3 16 10.104 -4.222 4.282 10.775 -2.448 5.316 9.516 -3.978 4.899 
3 16 7.776 -5.61 4.21 10.104 -4.222 4.282 9.516 -3.978 4.899 
3 16 7.776 -5.61 4.21 8.329 -6.053 3.567 10.104 -4.222 4.282 
3 16 5.873 -6.856 3.465 8.329 -6.053 3.567 7.776 -5.61 4.21 
3 16 5.873 -6.856 3.465 6.428 -7.315 2.745 8.329 -6.053 3.567 
3 16 4.131 -8.099 1.69 6.428 -7.315 2.745 5.873 -6.856 3.465 
3 16 4.131 -8.099 1.69 5.873 -6.856 3.465 3.615 -7.276 2.556 
3 16 3.615 -7.276 2.556 1.163 -8.333 0.328 4.131 -8.099 1.69 
3 16 3.615 -7.276 2.556 0.047 -7.421 1.031 1.163 -8.333 0.328 
3 16 12.44 0.157 6.55 11.861 -0.788 5.736 12.976 1.172 6.167 
3 16 12.44 0.157 6.55 11.978 -0.794 6.375 11.861 -0.788 5.736 
3 16 10.886 -2.603 6.054 11.861 -0.788 5.736 11.978 -0.794 6.375 
3 16 10.886 -2.603 6.054 10.775 -2.448 5.316 11.861 -0.788 5.736 
3 16 9.659 -4.177 5.669 10.775 -2.448 5.316 10.886 -2.603 6.054 
3 16 9.659 -4.177 5.669 9.516 -3.978 4.899 10.775 -2.448 5.316 
3 16 9.516 -3.978 4.899 9.659 -4.177 5.669 7.784 -5.924 4.985 
3 16 9.516 -3.978 4.899 7.784 -5.924 4.985 7.776 -5.61 4.21 
3 16 5.865 -7.294 4.427 7.776 -5.61 4.21 7.784 -5.924 4.985 
3 16 5.865 -7.294 4.427 5.873 -6.856 3.465 7.776 -5.61 4.21 
3 16 3.876 -7.977 3.788 5.873 -6.856 3.465 5.865 -7.294 4.427 
3 16 3.876 -7.977 3.788 3.615 -7.276 2.556 5.873 -6.856 3.465 
3 16 3.615 -7.276 2.556 3.876 -7.977 3.788 0.942 -8.147 2.775 
3 16 3.615 -7.276 2.556 0.942 -8.147 2.775 0.047 -7.421 1.031 
3 16 0.809 -7.609 6.343 3.185 -7.594 5.909 2.444 -7.11 7.787 
4 16 3.185 -7.594 5.909 5.021 -6.753 7.06 3.842 -6.344 9.046 2.444 -7.11 7.787
3 16 6.597 -5.726 7.825 3.842 -6.344 9.046 5.021 -6.753 7.06 
3 16 6.597 -5.726 7.825 5.039 -5.427 10.079 3.842 -6.344 9.046 
3 16 7.97 -4.434 8.568 5.039 -5.427 10.079 6.597 -5.726 7.825 
3 16 7.97 -4.434 8.568 6.121 -4.312 11.023 5.039 -5.427 10.079 
3 16 7.97 -4.434 8.568 6.968 -3.101 11.799 6.121 -4.312 11.023 
3 16 7.97 -4.434 8.568 9.095 -3.005 9.199 6.968 -3.101 11.799 
3 16 9.095 -3.005 9.199 7.725 -1.783 12.396 6.968 -3.101 11.799 
3 16 9.095 -3.005 9.199 10.014 -1.404 9.81 7.725 -1.783 12.396 
3 16 7.725 -1.783 12.396 10.014 -1.404 9.81 9.431 0.278 12.236 
3 16 7.725 -1.783 12.396 9.431 0.278 12.236 8.167 -0.69 12.808 
3 16 9.431 0.278 12.236 10.014 -1.404 9.81 11.297 0.453 9.634 
3 16 3.094 -7.226 -5.994 1.196 -7.33 -7.482 3.153 -7.672 -7.399 
3 16 3.094 -7.226 -5.994 0.23 -7.166 -6.411 1.196 -7.33 -7.482 
3 16 3.094 -7.226 -5.994 3.153 -7.672 -7.399 5.791 -7.395 -7.105 
3 16 3.094 -7.226 -5.994 5.791 -7.395 -7.105 5.565 -6.965 -5.84 
3 16 5.565 -6.965 -5.84 5.791 -7.395 -7.105 7.991 -6.427 -6.632 
3 16 5.565 -6.965 -5.84 7.991 -6.427 -6.632 7.55 -6.182 -5.511 
3 16 7.991 -6.427 -6.632 9.135 -5.124 -5.209 7.55 -6.182 -5.511 
3 16 7.991 -6.427 -6.632 9.636 -5.103 -6.046 9.135 -5.124 -5.209 
3 16 10.819 -3.696 -4.695 9.135 -5.124 -5.209 9.636 -5.103 -6.046 
3 16 10.819 -3.696 -4.695 9.636 -5.103 -6.046 11.144 -3.678 -5.458 
3 16 12.086 -2.502 -4.95 10.819 -3.696 -4.695 11.144 -3.678 -5.458 
3 16 12.086 -2.502 -4.95 12.611 -1.806 -3.962 10.819 -3.696 -4.695 
3 16 1.01 -7.694 -5.409 3.094 -7.226 -5.994 2.83 -8.032 -5.198 
3 16 1.01 -7.694 -5.409 0.23 -7.166 -6.411 3.094 -7.226 -5.994 
3 16 3.094 -7.226 -5.994 5.495 -7.771 -4.954 2.83 -8.032 -5.198 
3 16 3.094 -7.226 -5.994 5.565 -6.965 -5.84 5.495 -7.771 -4.954 
4 16 7.55 -6.182 -5.511 7.689 -6.805 -4.724 5.495 -7.771 -4.954 5.565 -6.965 -5.84
3 16 7.55 -6.182 -5.511 9.371 -5.578 -4.449 7.689 -6.805 -4.724 
3 16 7.55 -6.182 -5.511 9.135 -5.124 -5.209 9.371 -5.578 -4.449 
3 16 9.371 -5.578 -4.449 9.135 -5.124 -5.209 10.819 -3.696 -4.695 
3 16 9.371 -5.578 -4.449 10.819 -3.696 -4.695 11.056 -3.986 -4.081 
3 16 10.819 -3.696 -4.695 12.125 -2.691 -3.762 11.056 -3.986 -4.081 
3 16 10.819 -3.696 -4.695 12.611 -1.806 -3.962 12.125 -2.691 -3.762 
3 16 12.031 -2.271 0.987 12.611 -1.806 -3.962 13.199 -0.9 -3.61 
3 16 12.031 -2.271 0.987 12.125 -2.691 -3.762 12.611 -1.806 -3.962 
3 16 13.199 -0.9 -3.61 13.106 -0.3 1.582 12.031 -2.271 0.987 
3 16 13.199 -0.9 -3.61 13.881 0.473 -3.157 13.106 -0.3 1.582 
4 16 13.981 1.817 2.26 13.106 -.3 1.582 13.881 .473 -3.157 14.554 2.156 -2.381
3 16 -0.055 -6.755 7.27 1.543 -6.411 7.983 0.56 -6.333 8.266 
3 16 -0.055 -6.755 7.27 -0.126 -7.182 6.441 1.543 -6.411 7.983 
3 16 3.135 -5.739 9.387 0.56 -6.333 8.266 1.543 -6.411 7.983 
3 16 2.046 0.085 -11.707 1.957 0.71 -10.456 2.379 0.196 -10.895 
3 16 2.046 0.085 -11.707 1.196 1.215 -11.214 1.957 0.71 -10.456 
3 16 3.24 -0.423 -11.814 2.046 0.085 -11.707 2.379 0.196 -10.895 
3 16 3.24 -0.423 -11.814 2.379 0.196 -10.895 3.179 -0.106 -10.663 
3 16 3.179 -0.106 -10.663 2.379 0.196 -10.895 1.957 0.71 -10.456 
3 16 3.179 -0.106 -10.663 1.957 0.71 -10.456 3.037 0.295 -9.444 
3 16 4.379 -0.065 -10.535 3.24 -0.423 -11.814 3.179 -0.106 -10.663 
3 16 4.379 -0.065 -10.535 3.179 -0.106 -10.663 3.037 0.295 -9.444 
3 16 4.379 -0.065 -10.535 4.502 -0.228 -11.818 3.24 -0.423 -11.814 
3 16 5.443 0.571 -11.649 4.502 -0.228 -11.818 4.379 -0.065 -10.535 
3 16 5.443 0.571 -11.649 4.379 -0.065 -10.535 5.449 0.469 -10.561 
3 16 5.947 1.117 -10.561 5.443 0.571 -11.649 5.449 0.469 -10.561 
3 16 5.947 1.117 -10.561 6.008 1.693 -11.439 5.443 0.571 -11.649 
3 16 6.008 1.693 -11.439 5.947 1.117 -10.561 6.278 1.941 -10.128 
3 16 6.008 1.693 -11.439 6.278 1.941 -10.128 6.542 3.375 -10.862 
3 16 5.947 1.117 -10.561 5.429 1.092 -9.637 6.278 1.941 -10.128 
3 16 5.947 1.117 -10.561 5.449 0.469 -10.561 5.429 1.092 -9.637 
3 16 4.292 0.522 -9.309 5.449 0.469 -10.561 4.379 -0.065 -10.535 
3 16 4.292 0.522 -9.309 5.429 1.092 -9.637 5.449 0.469 -10.561 
3 16 4.379 -0.065 -10.535 3.037 0.295 -9.444 4.292 0.522 -9.309 
3 16 -3.573 -2.608 -12.91 -2.305 -5.045 -10.951 -4.537 -5.059 -11.14 
4 16 -3.573 -2.608 -12.91 -1.78 -2.26 -12.703 -.165 -3.585 -11.432 -2.305 -5.045 -10.951
3 16 -0.212 -4.469 -10.717 -2.305 -5.045 -10.951 -0.165 -3.585 -11.432 
3 16 -1.78 -2.26 -12.703 -0.041 -1.365 -12.491 -0.165 -3.585 -11.432 
3 16 -11.26 3.844 -10.957 -12.001 1.597 -9.636 -12.751 3.696 -9.015 
3 16 -11.26 3.844 -10.957 -11.654 1.432 -10.145 -12.001 1.597 -9.636 
3 16 -12.001 1.597 -9.636 -12.076 1.011 -9.333 -12.751 3.696 -9.015 
3 16 -14.88 7.547 -5.191 -14.358 5.923 -6.375 -14.79 5.93 -5.183 
3 16 -14.88 7.547 -5.191 -14.706 8.234 -5.575 -14.358 5.923 -6.375 
3 16 -14.179 8.442 -6.854 -14.358 5.923 -6.375 -14.706 8.234 -5.575 
3 16 -14.179 8.442 -6.854 -13.315 6.152 -8.443 -14.358 5.923 -6.375 
3 16 -14.179 8.442 -6.854 -13.371 8.62 -8.33 -13.315 6.152 -8.443 
3 16 -12.513 10.291 -3.695 -12.804 11.697 -2.729 -12.924 10.205 -1.884 
3 16 -12.513 10.291 -3.695 -12.432 11.771 -4.056 -12.804 11.697 -2.729 
4 16 -11.972 11.663 -5.277 -12.432 11.771 -4.056 -12.513 10.291 -3.695 -11.903 10.305 -5.331
3 16 -11.903 10.305 -5.331 -11.602 11.451 -6.342 -11.972 11.663 -5.277 
3 16 -11.903 10.305 -5.331 -11.13 10.287 -6.962 -11.602 11.451 -6.342 
3 16 -10.862 9.274 -7.393 -11.13 10.287 -6.962 -11.903 10.305 -5.331 
3 16 -10.862 9.274 -7.393 -11.903 10.305 -5.331 -11.616 7.899 -5.902 
4 16 -12.697 7.885 -2.908 -11.616 7.899 -5.902 -11.903 10.305 -5.331 -12.513 10.291 -3.695
3 16 -12.697 7.885 -2.908 -12.513 10.291 -3.695 -12.924 10.205 -1.884 
3 16 -12.697 7.885 -2.908 -12.924 10.205 -1.884 -13.02 9.148 -1.304 
4 16 -12.343 3.722 -3.214 -12.697 7.885 -2.908 -13.02 9.148 -1.304 -13.015 7.239 -.246
3 16 -13.015 7.239 -0.246 -13.02 9.148 -1.304 -13.112 9.249 0.708 
3 16 -13.112 9.249 0.708 -12.998 8.988 1.698 -12.889 7.077 1.86 
3 16 -12.876 9.616 2.424 -12.889 7.077 1.86 -12.998 8.988 1.698 
3 16 -12.876 9.616 2.424 -12.34 7.532 4.116 -12.889 7.077 1.86 
3 16 -12.34 7.532 4.116 -12.876 9.616 2.424 -12.655 10.039 3.314 
3 16 -12.34 7.532 4.116 -12.655 10.039 3.314 -11.995 9.624 5.069 
3 16 -11.995 9.624 5.069 -12.655 10.039 3.314 -12.377 13.184 4.547 
3 16 -11.995 9.624 5.069 -12.377 13.184 4.547 -11.682 12.788 5.848 
3 16 -11.51 15.815 6.25 -11.682 12.788 5.848 -12.377 13.184 4.547 
3 16 -11.51 15.815 6.25 -12.377 13.184 4.547 -12.134 16.118 5.023 
3 16 -11.936 16.892 5.421 -11.51 15.815 6.25 -12.134 16.118 5.023 
3 16 -11.936 16.892 5.421 -11.51 17.205 6.374 -11.51 15.815 6.25 
4 16 -10.288 17.503 8.199 -10.314 15.629 8.027 -11.51 15.815 6.25 -11.51 17.205 6.374
3 16 -10.288 17.503 8.199 -8.926 15.737 9.577 -10.314 15.629 8.027 
3 16 -10.288 17.503 8.199 -8.938 17.697 9.6 -8.926 15.737 9.577 
3 16 -8.926 15.737 9.577 -8.938 17.697 9.6 -8.115 17.774 10.437 
3 16 -8.926 15.737 9.577 -8.115 17.774 10.437 -7.119 15.95 10.963 
3 16 -7.134 17.397 11.057 -7.119 15.95 10.963 -8.115 17.774 10.437 
3 16 -7.134 17.397 11.057 -6.382 17.997 11.522 -7.119 15.95 10.963 
4 16 -5.192 18.127 12.11 -4.6 16.464 12.249 -7.119 15.95 10.963 -6.382 17.997 11.522
3 16 -5.192 18.127 12.11 -3.595 18.085 12.752 -4.6 16.464 12.249 
3 16 -2.553 15.921 12.846 -4.6 16.464 12.249 -3.595 18.085 12.752 
3 16 -2.553 15.921 12.846 -3.595 18.085 12.752 -2.607 17.703 12.874 
3 16 -2.607 17.703 12.874 -1.038 16.023 13.059 -2.553 15.921 12.846 
3 16 -2.607 17.703 12.874 -1.476 18.162 13.134 -1.038 16.023 13.059 
3 16 -1.038 16.023 13.059 -1.476 18.162 13.134 -0.185 18.188 13.167 
3 16 -1.038 16.023 13.059 -0.185 18.188 13.167 0.603 16.328 13.091 
3 16 0.603 16.328 13.091 -0.185 18.188 13.167 2.905 18.148 12.809 
3 16 0.603 16.328 13.091 2.905 18.148 12.809 3.059 16.35 12.672 
4 16 2.905 18.148 12.809 5.482 18.013 11.939 5.993 15.837 11.647 3.059 16.35 12.672
3 16 5.482 18.013 11.939 6.153 17.771 11.637 5.993 15.837 11.647 
3 16 6.832 17.33 11.244 5.993 15.837 11.647 6.153 17.771 11.637 
3 16 6.832 17.33 11.244 7.446 16.134 10.767 5.993 15.837 11.647 
3 16 6.832 17.33 11.244 7.353 17.545 10.875 7.446 16.134 10.767 
3 16 7.446 16.134 10.767 7.353 17.545 10.875 7.846 17.782 10.521 
3 16 7.846 17.782 10.521 8.889 15.685 9.614 7.446 16.134 10.767 
3 16 7.846 17.782 10.521 8.995 17.765 9.589 8.889 15.685 9.614 
3 16 9.967 17.571 8.585 8.889 15.685 9.614 8.995 17.765 9.589 
3 16 9.967 17.571 8.585 10.342 15.502 7.991 8.889 15.685 9.614 
3 16 9.967 17.571 8.585 10.922 17.333 7.409 10.342 15.502 7.991 
3 16 10.922 17.333 7.409 11.557 15.432 6.151 10.342 15.502 7.991 
3 16 10.922 17.333 7.409 11.837 16.988 5.812 11.557 15.432 6.151 
3 16 12.178 15.84 4.991 11.557 15.432 6.151 11.837 16.988 5.812 
3 16 11.557 15.432 6.151 12.178 15.84 4.991 12.282 13.839 4.669 
3 16 11.557 15.432 6.151 12.282 13.839 4.669 11.819 11.678 5.524 
3 16 12.282 13.839 4.669 12.467 11.6 4.106 11.819 11.678 5.524 
3 16 11.819 11.678 5.524 12.467 11.6 4.106 12.8 9.63 2.972 
3 16 11.819 11.678 5.524 12.8 9.63 2.972 12.214 6.341 4.435 
3 16 12.8 9.63 2.972 12.91 6.321 1.386 12.214 6.341 4.435 
3 16 12.8 9.63 2.972 13.009 9.343 1.487 12.91 6.321 1.386 
3 16 13.009 9.343 1.487 13.132 9.045 -0.508 12.91 6.321 1.386 
3 16 12.91 6.321 1.386 13.132 9.045 -0.508 13.12 8.489 -1.02 
3 16 12.91 6.321 1.386 13.12 8.489 -1.02 12.902 5.903 -1.535 
3 16 13.12 8.489 -1.02 13.098 8.921 -1.33 12.831 8.502 -2.228 
4 16 13.098 8.921 -1.33 12.998 10.143 -1.878 12.745 9.948 -2.789 12.831 8.502 -2.228
3 16 12.937 11.25 -2.399 12.745 9.948 -2.789 12.998 10.143 -1.878 
3 16 12.937 11.25 -2.399 12.707 11.194 -3.032 12.745 9.948 -2.789 
3 16 12.852 11.662 -2.696 12.707 11.194 -3.032 12.937 11.25 -2.399 
3 16 12.852 11.662 -2.696 12.729 11.808 -3.148 12.707 11.194 -3.032 
3 16 12.707 11.194 -3.032 12.729 11.808 -3.148 12.241 11.733 -4.674 
3 16 12.707 11.194 -3.032 12.241 11.733 -4.674 11.941 10.991 -5.236 
3 16 12.241 11.733 -4.674 11.568 11.562 -6.139 11.941 10.991 -5.236 
3 16 11.941 10.991 -5.236 11.568 11.562 -6.139 11.378 11.435 -6.417 
3 16 11.941 10.991 -5.236 11.378 11.435 -6.417 11.295 11.174 -6.628 
4 16 11.295 11.174 -6.628 11.097 10.264 -6.98 12.021 9.973 -4.999 11.941 10.991 -5.236
3 16 12.021 9.973 -4.999 12.707 11.194 -3.032 11.941 10.991 -5.236 
3 16 12.021 9.973 -4.999 12.745 9.948 -2.789 12.707 11.194 -3.032 
4 16 11.097 10.264 -6.98 10.877 9.255 -7.362 12.075 8.852 -4.811 12.021 9.973 -4.999
3 16 12.745 9.948 -2.789 12.021 9.973 -4.999 12.075 8.852 -4.811 
4 16 12.154 6.184 -4.581 12.075 8.852 -4.811 10.877 9.255 -7.362 11.221 7.138 -6.573
3 16 9.867 7.077 -8.449 11.221 7.138 -6.573 10.877 9.255 -7.362 
3 16 9.867 7.077 -8.449 10.877 9.255 -7.362 9.844 9.055 -8.631 
3 16 9.867 7.077 -8.449 9.844 9.055 -8.631 9.006 8.517 -9.516 
3 16 9.867 7.077 -8.449 9.006 8.517 -9.516 8.234 7.284 -10.184 
3 16 9.867 7.077 -8.449 8.234 7.284 -10.184 7.618 5.74 -10.627 
3 16 9.867 7.077 -8.449 7.618 5.74 -10.627 10.177 4.998 -7.989 
3 16 11.221 7.138 -6.573 9.867 7.077 -8.449 10.177 4.998 -7.989 
3 16 10.177 4.998 -7.989 7.618 5.74 -10.627 7.436 2.58 -9.991 
3 16 7.121 4.462 -10.927 7.436 2.58 -9.991 7.618 5.74 -10.627 
3 16 7.121 4.462 -10.927 6.542 3.375 -10.862 7.436 2.58 -9.991 
3 16 6.542 3.375 -10.862 6.278 1.941 -10.128 7.436 2.58 -9.991 
3 16 10.177 4.998 -7.989 7.436 2.58 -9.991 10.066 2.148 -7.102 
3 16 6.81 -0.278 -8.691 10.066 2.148 -7.102 7.436 2.58 -9.991 
3 16 6.81 -0.278 -8.691 9.411 -0.397 -5.825 10.066 2.148 -7.102 
4 16 6.81 -.278 -8.691 5.546 -2.513 -7.389 8.117 -2.513 -4.686 9.411 -.397 -5.825
3 16 11.221 7.138 -6.573 10.177 4.998 -7.989 12.154 6.184 -4.581 
3 16 12.154 6.184 -4.581 10.177 4.998 -7.989 10.066 2.148 -7.102 
3 16 12.154 6.184 -4.581 10.066 2.148 -7.102 11.911 2.159 -3.36 
3 16 9.411 -0.397 -5.825 11.911 2.159 -3.36 10.066 2.148 -7.102 
3 16 9.411 -0.397 -5.825 10.943 -0.554 -0.436 11.911 2.159 -3.36 
3 16 10.943 -0.554 -0.436 9.411 -0.397 -5.825 8.117 -2.513 -4.686 
3 16 10.943 -0.554 -0.436 8.117 -2.513 -4.686 9.373 -2.513 0 
3 16 12.154 6.184 -4.581 12.831 8.502 -2.228 12.075 8.852 -4.811 
3 16 12.745 9.948 -2.789 12.075 8.852 -4.811 12.831 8.502 -2.228 
4 16 13.12 8.489 -1.02 12.831 8.502 -2.228 12.154 6.184 -4.581 12.902 5.903 -1.535
3 16 11.911 2.159 -3.36 12.902 5.903 -1.535 12.154 6.184 -4.581 
3 16 11.911 2.159 -3.36 12.484 2.442 -0.993 12.902 5.903 -1.535 
3 16 10.943 -0.554 -0.436 12.484 2.442 -0.993 11.911 2.159 -3.36 
3 16 12.484 2.442 -0.993 12.91 6.321 1.386 12.902 5.903 -1.535 
3 16 12.484 2.442 -0.993 12.244 2.17 1.875 12.91 6.321 1.386 
3 16 10.943 -0.554 -0.436 12.244 2.17 1.875 12.484 2.442 -0.993 
3 16 12.244 2.17 1.875 12.214 6.341 4.435 12.91 6.321 1.386 
3 16 12.244 2.17 1.875 10.888 2.311 5.951 12.214 6.341 4.435 
3 16 9.577 -0.602 5.237 12.244 2.17 1.875 10.943 -0.554 -0.436 
3 16 9.577 -0.602 5.237 10.888 2.311 5.951 12.244 2.17 1.875 
3 16 9.577 -0.602 5.237 10.943 -0.554 -0.436 9.373 -2.513 0 
3 16 10.481 6.773 7.594 12.214 6.341 4.435 10.888 2.311 5.951 
3 16 10.481 6.773 7.594 11.819 11.678 5.524 12.214 6.341 4.435 
3 16 10.481 6.773 7.594 10.45 11.978 7.762 11.819 11.678 5.524 
3 16 11.557 15.432 6.151 11.819 11.678 5.524 10.45 11.978 7.762 
3 16 11.557 15.432 6.151 10.45 11.978 7.762 10.342 15.502 7.991 
3 16 10.45 11.978 7.762 8.889 15.685 9.614 10.342 15.502 7.991 
3 16 10.45 11.978 7.762 7.992 12.517 10.29 8.889 15.685 9.614 
3 16 7.446 16.134 10.767 8.889 15.685 9.614 7.992 12.517 10.29 
3 16 5.649 12.613 11.787 7.446 16.134 10.767 7.992 12.517 10.29 
3 16 5.649 12.613 11.787 5.993 15.837 11.647 7.446 16.134 10.767 
3 16 2.912 12.949 12.681 3.059 16.35 12.672 5.993 15.837 11.647 
3 16 2.912 12.949 12.681 0.603 16.328 13.091 3.059 16.35 12.672 
3 16 -0.48 12.652 13.057 0.603 16.328 13.091 2.912 12.949 12.681 
3 16 -0.48 12.652 13.057 -1.038 16.023 13.059 0.603 16.328 13.091 
3 16 -1.038 16.023 13.059 -0.48 12.652 13.057 -2.727 12.653 12.777 
3 16 -1.038 16.023 13.059 -2.727 12.653 12.777 -2.553 15.921 12.846 
4 16 -2.727 12.653 12.777 -4.798 13.144 12.145 -4.6 16.464 12.249 -2.553 15.921 12.846
4 16 -4.798 13.144 12.145 -6.839 13.844 11.121 -7.119 15.95 10.963 -4.6 16.464 12.249
3 16 -6.839 13.844 11.121 -8.926 15.737 9.577 -7.119 15.95 10.963 
3 16 -6.839 13.844 11.121 -8.704 12.999 9.744 -8.926 15.737 9.577 
4 16 -8.926 15.737 9.577 -8.704 12.999 9.744 -10.314 12.735 7.959 -10.314 15.629 8.027
3 16 -10.314 12.735 7.959 -11.51 15.815 6.25 -10.314 15.629 8.027 
4 16 -10.178 9.772 8.044 -11.682 12.788 5.848 -11.51 15.815 6.25 -10.314 12.735 7.959
3 16 -10.178 9.772 8.044 -11.995 9.624 5.069 -11.682 12.788 5.848 
4 16 -10.178 9.772 8.044 -9.656 7.813 8.562 -12.34 7.532 4.116 -11.995 9.624 5.069
4 16 -9.293 3.694 8.665 -11.851 3.352 4.513 -12.34 7.532 4.116 -9.656 7.813 8.562
3 16 -12.34 7.532 4.116 -11.851 3.352 4.513 -12.61 3.487 1.851 
3 16 -12.34 7.532 4.116 -12.61 3.487 1.851 -12.889 7.077 1.86 
4 16 -13.112 9.249 .708 -12.889 7.077 1.86 -12.61 3.487 1.851 -13.015 7.239 -.246
3 16 -13.015 7.239 -0.246 -12.61 3.487 1.851 -12.705 3.53 -0.668 
3 16 -13.015 7.239 -0.246 -12.705 3.53 -0.668 -12.343 3.722 -3.214 
4 16 -12.343 3.722 -3.214 -11.523 3.883 -5.593 -11.616 7.899 -5.902 -12.697 7.885 -2.908
3 16 -9.656 7.813 8.562 -10.178 9.772 8.044 -8.686 10.559 9.697 
4 16 -10.178 9.772 8.044 -10.314 12.735 7.959 -8.704 12.999 9.744 -8.686 10.559 9.697
4 16 -8.686 10.559 9.697 -8.704 12.999 9.744 -6.839 13.844 11.121 -6.936 9.99 10.998
3 16 -6.936 9.99 10.998 -6.839 13.844 11.121 -4.798 13.144 12.145 
3 16 -6.936 9.99 10.998 -4.798 13.144 12.145 -5.478 9.569 11.837 
3 16 -2.727 12.653 12.777 -5.478 9.569 11.837 -4.798 13.144 12.145 
3 16 -2.727 12.653 12.777 -3.185 8.877 12.627 -5.478 9.569 11.837 
4 16 -3.185 8.877 12.627 -2.727 12.653 12.777 -.48 12.652 13.057 .058 8.921 13.023
3 16 0.883 3.478 12.49 -3.185 8.877 12.627 0.058 8.921 13.023 
3 16 0.883 3.478 12.49 -4.503 3.682 11.756 -3.185 8.877 12.627 
3 16 -5.478 9.569 11.837 -3.185 8.877 12.627 -4.503 3.682 11.756 
3 16 -0.48 12.652 13.057 3.15 10.088 12.636 0.058 8.921 13.023 
3 16 -0.48 12.652 13.057 2.912 12.949 12.681 3.15 10.088 12.636 
3 16 4.629 8.899 12.159 0.058 8.921 13.023 3.15 10.088 12.636 
3 16 4.629 8.899 12.159 0.883 3.478 12.49 0.058 8.921 13.023 
4 16 5.993 15.837 11.647 5.649 12.613 11.787 3.15 10.088 12.636 2.912 12.949 12.681
3 16 5.649 12.613 11.787 4.629 8.899 12.159 3.15 10.088 12.636 
3 16 5.649 12.613 11.787 7.898 8.317 10.303 4.629 8.899 12.159 
3 16 5.649 12.613 11.787 7.992 12.517 10.29 7.898 8.317 10.303 
3 16 6.41 2.889 10.778 4.629 8.899 12.159 7.898 8.317 10.303 
3 16 6.41 2.889 10.778 0.883 3.478 12.49 4.629 8.899 12.159 
4 16 7.992 12.517 10.29 10.45 11.978 7.762 10.481 6.773 7.594 7.898 8.317 10.303
3 16 6.41 2.889 10.778 7.898 8.317 10.303 10.481 6.773 7.594 
3 16 6.41 2.889 10.778 10.481 6.773 7.594 10.888 2.311 5.951 
3 16 5.47 -0.444 9.586 6.41 2.889 10.778 10.888 2.311 5.951 
3 16 0.883 3.478 12.49 6.41 2.889 10.778 5.47 -0.444 9.586 
3 16 5.47 -0.444 9.586 10.888 2.311 5.951 9.577 -0.602 5.237 
3 16 0.883 3.478 12.49 5.47 -0.444 9.586 -0.226 -0.623 10.889 
3 16 -4.503 3.682 11.756 0.883 3.478 12.49 -0.226 -0.623 10.889 
3 16 -4.503 3.682 11.756 -0.226 -0.623 10.889 -4.577 -0.765 9.761 
3 16 -4.577 -0.765 9.761 -9.293 3.694 8.665 -4.503 3.682 11.756 
3 16 -4.577 -0.765 9.761 -8.454 -0.619 6.874 -9.293 3.694 8.665 
3 16 -8.454 -0.619 6.874 -11.851 3.352 4.513 -9.293 3.694 8.665 
3 16 -8.454 -0.619 6.874 -10.62 -0.274 3.39 -11.851 3.352 4.513 
3 16 -11.599 0.606 1.324 -11.851 3.352 4.513 -10.62 -0.274 3.39 
3 16 -11.599 0.606 1.324 -12.61 3.487 1.851 -11.851 3.352 4.513 
3 16 -11.599 0.606 1.324 -12.705 3.53 -0.668 -12.61 3.487 1.851 
3 16 -11.599 0.606 1.324 -11.304 0.003 -0.802 -12.705 3.53 -0.668 
4 16 -12.705 3.53 -.668 -11.304 .003 -.802 -10.903 .136 -3.376 -12.343 3.722 -3.214
3 16 -12.343 3.722 -3.214 -10.903 0.136 -3.376 -10.442 0.69 -5.349 
3 16 -12.343 3.722 -3.214 -10.442 0.69 -5.349 -11.523 3.883 -5.593 
3 16 -10.442 0.69 -5.349 -9.919 3.953 -8.122 -11.523 3.883 -5.593 
3 16 -10.442 0.69 -5.349 -9.084 0.452 -7.198 -9.919 3.953 -8.122 
3 16 -9.084 0.452 -7.198 -7.184 2.138 -9.808 -9.919 3.953 -8.122 
3 16 -7.184 2.138 -9.808 -7.418 5.251 -10.713 -9.919 3.953 -8.122 
3 16 -7.418 5.251 -10.713 -9.021 6.551 -9.367 -9.919 3.953 -8.122 
3 16 -7.418 5.251 -10.713 -8.283 7.27 -10.114 -9.021 6.551 -9.367 
3 16 -6.682 3.572 -10.858 -7.418 5.251 -10.713 -7.184 2.138 -9.808 
3 16 -6.682 3.572 -10.858 -7.184 2.138 -9.808 -6.522 2.161 -10.104 
3 16 -9.084 0.452 -7.198 -6.837 0.107 -8.927 -7.184 2.138 -9.808 
3 16 -5.717 -1.561 -7.477 -6.837 0.107 -8.927 -9.084 0.452 -7.198 
3 16 -5.717 -1.561 -7.477 -9.084 0.452 -7.198 -8.117 -2.513 -4.686 
3 16 -9.084 0.452 -7.198 -10.442 0.69 -5.349 -8.117 -2.513 -4.686 
3 16 -8.117 -2.513 -4.686 -10.442 0.69 -5.349 -10.903 0.136 -3.376 
3 16 -9.021 6.551 -9.367 -9.601 7.336 -8.796 -9.919 3.953 -8.122 
4 16 -9.021 6.551 -9.367 -8.283 7.27 -10.114 -9.096 8.491 -9.339 -9.601 7.336 -8.796
3 16 -9.373 -2.513 0 -8.117 -2.513 -4.686 -10.903 0.136 -3.376 
3 16 -9.919 3.953 -8.122 -9.601 7.336 -8.796 -10.313 7.418 -7.931 
4 16 -9.919 3.953 -8.122 -10.313 7.418 -7.931 -11.616 7.899 -5.902 -11.523 3.883 -5.593
3 16 -10.313 7.418 -7.931 -10.862 9.274 -7.393 -11.616 7.899 -5.902 
3 16 -10.313 7.418 -7.931 -10.02 9.034 -8.46 -10.862 9.274 -7.393 
3 16 -9.601 7.336 -8.796 -10.02 9.034 -8.46 -10.313 7.418 -7.931 
3 16 -9.601 7.336 -8.796 -9.096 8.491 -9.339 -10.02 9.034 -8.46 
3 16 -9.373 -2.513 0 -10.903 0.136 -3.376 -11.304 0.003 -0.802 
3 16 -11.599 0.606 1.324 -9.373 -2.513 0 -11.304 0.003 -0.802 
3 16 -11.599 0.606 1.324 -10.62 -0.274 3.39 -9.373 -2.513 0 
3 16 -8.117 -2.513 4.686 -9.373 -2.513 0 -10.62 -0.274 3.39 
3 16 -8.117 -2.513 4.686 -10.62 -0.274 3.39 -8.454 -0.619 6.874 
3 16 -8.454 -0.619 6.874 -4.686 -2.513 8.117 -8.117 -2.513 4.686 
3 16 -8.454 -0.619 6.874 -4.577 -0.765 9.761 -4.686 -2.513 8.117 
3 16 0 -2.513 9.373 -4.686 -2.513 8.117 -4.577 -0.765 9.761 
3 16 0 -2.513 9.373 -4.577 -0.765 9.761 -0.226 -0.623 10.889 
3 16 0 -2.513 9.373 -0.226 -0.623 10.889 5.47 -0.444 9.586 
3 16 0 -2.513 9.373 5.47 -0.444 9.586 4.686 -2.513 8.117 
3 16 8.117 -2.513 4.686 4.686 -2.513 8.117 5.47 -0.444 9.586 
3 16 8.117 -2.513 4.686 5.47 -0.444 9.586 9.577 -0.602 5.237 
3 16 9.577 -0.602 5.237 9.373 -2.513 0 8.117 -2.513 4.686 
4 16 -7.184 2.138 -9.808 -6.687 1.006 -9.052 -5.654 1.174 -9.62 -6.522 2.161 -10.104
3 16 -6.687 1.006 -9.052 -4.507 0.587 -9.35 -5.654 1.174 -9.62 
3 16 -6.687 1.006 -9.052 -5.546 0 -7.389 -4.507 0.587 -9.35 
3 16 -5.546 0 -7.389 -3.272 0.316 -9.453 -4.507 0.587 -9.35 
3 16 -5.546 0 -7.389 -3.125 0 -5.413 -3.272 0.316 -9.453 
3 16 -3.272 0.316 -9.453 -3.125 0 -5.413 0 0 -6.25 
3 16 -3.272 0.316 -9.453 0 0 -6.25 -2.22 0.628 -10.316 
3 16 -2.22 0.628 -10.316 0 0 -6.25 -0.011 0.613 -10.349 
3 16 -0.011 0.613 -10.349 -1.148 1.251 -11.208 -2.22 0.628 -10.316 
3 16 -0.011 0.613 -10.349 -0.004 1.283 -11.298 -1.148 1.251 -11.208 
3 16 -0.011 0.613 -10.349 1.196 1.215 -11.214 -0.004 1.283 -11.298 
3 16 -0.011 0.613 -10.349 1.957 0.71 -10.456 1.196 1.215 -11.214 
3 16 -0.011 0.613 -10.349 0 0 -6.25 1.957 0.71 -10.456 
3 16 0 0 -6.25 3.037 0.295 -9.444 1.957 0.71 -10.456 
3 16 0 0 -6.25 3.125 0 -5.413 3.037 0.295 -9.444 
3 16 3.037 0.295 -9.444 3.125 0 -5.413 5.546 0 -7.389 
3 16 3.037 0.295 -9.444 5.546 0 -7.389 4.292 0.522 -9.309 
3 16 6.407 0.722 -8.626 4.292 0.522 -9.309 5.546 0 -7.389 
3 16 6.407 0.722 -8.626 5.429 1.092 -9.637 4.292 0.522 -9.309 
3 16 6.278 1.941 -10.128 5.429 1.092 -9.637 6.407 0.722 -8.626 
3 16 6.278 1.941 -10.128 6.407 0.722 -8.626 7.436 2.58 -9.991 
4 16 3.125 0 -5.413 5.413 0 -3.125 8.117 0 -4.686 5.546 0 -7.389
4 16 5.413 0 -3.125 6.25 0 0 9.373 0 0 8.117 0 -4.686
4 16 6.25 0 0 5.413 0 3.125 8.117 0 4.686 9.373 0 0
4 16 5.413 0 3.125 3.125 0 5.413 4.686 0 8.117 8.117 0 4.686
4 16 3.125 0 5.413 0 0 6.25 0 0 9.373 4.686 0 8.117
4 16 0 0 6.25 -3.125 0 5.413 -4.686 0 8.117 0 0 9.373
4 16 -3.125 0 5.413 -5.413 0 3.125 -8.117 0 4.686 -4.686 0 8.117
4 16 -5.413 0 3.125 -6.25 0 0 -9.373 0 0 -8.117 0 4.686
4 16 -6.25 0 0 -5.413 0 -3.125 -8.117 0 -4.686 -9.373 0 0
4 16 -8.117 0 -4.686 -5.413 0 -3.125 -3.125 0 -5.413 -5.546 0 -7.389
3 16 -5.546 0 -7.389 -6.837 0.107 -8.927 -5.717 -1.561 -7.477 
3 16 -5.546 0 -7.389 -6.687 1.006 -9.052 -6.837 0.107 -8.927 
3 16 -7.184 2.138 -9.808 -6.837 0.107 -8.927 -6.687 1.006 -9.052 
3 16 -5.717 -1.561 -7.477 -8.117 0 -4.686 -5.546 0 -7.389 
3 16 -5.717 -1.561 -7.477 -8.117 -2.513 -4.686 -8.117 0 -4.686 
4 16 -8.117 -2.513 -4.686 -9.373 -2.513 0 -9.373 0 0 -8.117 0 -4.686
4 16 -9.373 -2.513 0 -8.117 -2.513 4.686 -8.117 0 4.686 -9.373 0 0
4 16 -8.117 -2.513 4.686 -4.686 -2.513 8.117 -4.686 0 8.117 -8.117 0 4.686
4 16 -4.686 -2.513 8.117 0 -2.513 9.373 0 0 9.373 -4.686 0 8.117
4 16 0 -2.513 9.373 4.686 -2.513 8.117 4.686 0 8.117 0 0 9.373
4 16 4.686 -2.513 8.117 8.117 -2.513 4.686 8.117 0 4.686 4.686 0 8.117
4 16 8.117 -2.513 4.686 9.373 -2.513 0 9.373 0 0 8.117 0 4.686
4 16 9.373 -2.513 0 8.117 -2.513 -4.686 8.117 0 -4.686 9.373 0 0
4 16 8.117 -2.513 -4.686 5.546 -2.513 -7.389 5.546 0 -7.389 8.117 0 -4.686
3 16 5.546 0 -7.389 5.546 -2.513 -7.389 6.81 -0.278 -8.691 
3 16 5.546 0 -7.389 6.81 -0.278 -8.691 6.407 0.722 -8.626 
3 16 6.407 0.722 -8.626 6.81 -0.278 -8.691 7.436 2.58 -9.991 
3 16 12.178 15.84 4.991 11.837 16.988 5.812 12.061 16.609 5.23 
3 16 -0.731 -5.966 9.45 -0.055 -6.755 7.27 0.56 -6.333 8.266 
3 16 -0.731 -5.966 9.45 -1.695 -6.005 9.298 -0.055 -6.755 7.27 
3 16 1.527 -2.204 -12.685 -0.165 -3.585 -11.432 -0.041 -1.365 -12.491 
3 16 12.079 5.526 11.446 11.192 6.812 12.898 10.935 4.814 12.721 
3 16 12.079 5.526 11.446 12.105 6.992 11.75 11.192 6.812 12.898 
3 16 12.106 4.952 11.158 12.079 5.526 11.446 10.935 4.814 12.721 
3 16 12.106 4.952 11.158 10.935 4.814 12.721 12.381 4.217 10.264 
3 16 -9.293 3.694 8.665 -6.968 7.497 10.656 -4.503 3.682 11.756 
3 16 -9.293 3.694 8.665 -9.656 7.813 8.562 -6.968 7.497 10.656 
3 16 -6.968 7.497 10.656 -5.478 9.569 11.837 -4.503 3.682 11.756 
3 16 -6.968 7.497 10.656 -6.936 9.99 10.998 -5.478 9.569 11.837 
4 16 -6.936 9.99 10.998 -6.968 7.497 10.656 -9.656 7.813 8.562 -8.686 10.559 9.697
2 24 3.125 0 5.413 5.413 0 3.125 
5 24 5.413 0 3.125 5.413 -4.45 3.125 3.125 0 5.413 6.25 -4.45 0 
2 24 5.413 -4.45 3.125 3.125 -4.45 5.413 
5 24 3.125 -4.45 5.413 3.125 0 5.413 5.413 -4.45 3.125 0 0 6.25 
2 24 0 0 6.25 3.125 0 5.413 
2 24 3.125 -4.45 5.413 0 -4.45 6.25 
5 24 0 -4.45 6.25 0 0 6.25 3.125 -4.45 5.413 -3.125 0 5.413 
2 24 -3.125 0 5.413 0 0 6.25 
2 24 0 -4.45 6.25 -3.125 -4.45 5.413 
5 24 -3.125 -4.45 5.413 -3.125 0 5.413 0 -4.45 6.25 -5.413 0 3.125 
2 24 -5.413 0 3.125 -3.125 0 5.413 
2 24 -3.125 -4.45 5.413 -5.413 -4.45 3.125 
5 24 -5.413 -4.45 3.125 -5.413 0 3.125 -3.125 -4.45 5.413 -6.25 0 0 
2 24 -6.25 0 0 -5.413 0 3.125 
2 24 -5.413 -4.45 3.125 -6.25 -4.45 0 
5 24 -6.25 -4.45 0 -6.25 0 0 -5.413 -4.45 3.125 -5.413 0 -3.125 
2 24 -5.413 0 -3.125 -6.25 0 0 
2 24 -6.25 -4.45 0 -5.413 -4.45 -3.125 
5 24 -5.413 -4.45 -3.125 -5.413 0 -3.125 -6.25 -4.45 0 -3.125 0 -5.413 
2 24 -3.125 0 -5.413 -5.413 0 -3.125 
2 24 -5.413 -4.45 -3.125 -3.125 -4.45 -5.413 
5 24 -3.125 -4.45 -5.413 -3.125 0 -5.413 -5.413 -4.45 -3.125 0 0 -6.25 
2 24 0 0 -6.25 -3.125 0 -5.413 
2 24 -3.125 -4.45 -5.413 0 -4.45 -6.25 
5 24 0 -4.45 -6.25 0 0 -6.25 -3.125 -4.45 -5.413 3.125 0 -5.413 
2 24 6.25 -4.45 0 5.413 -4.45 3.125 
2 24 5.413 0 3.125 6.25 0 0 
5 24 6.25 0 0 6.25 -4.45 0 5.413 0 3.125 5.413 -4.45 -3.125 
2 24 5.413 -4.45 -3.125 6.25 -4.45 0 
2 24 6.25 0 0 5.413 0 -3.125 
5 24 5.413 0 -3.125 5.413 -4.45 -3.125 6.25 0 0 3.125 -4.45 -5.413 
2 24 3.125 -4.45 -5.413 5.413 -4.45 -3.125 
2 24 5.413 0 -3.125 3.125 0 -5.413 
5 24 3.125 0 -5.413 3.125 -4.45 -5.413 5.413 0 -3.125 0 -4.45 -6.25 
2 24 0 -4.45 -6.25 3.125 -4.45 -5.413 
2 24 3.125 0 -5.413 0 0 -6.25 
5 24 -0.165 -3.585 -11.432 0.613 -4.393 -10.869 -0.212 -4.469 -10.717 1.204 -4.228 -11.674 
5 24 0.613 -4.393 -10.869 -0.212 -4.469 -10.717 -0.165 -3.585 -11.432 0.846 -5.358 -10.393 
2 24 -0.212 -4.469 -10.717 -0.165 -3.585 -11.432 
5 24 -0.165 -3.585 -11.432 1.204 -4.228 -11.674 0.613 -4.393 -10.869 1.527 -2.204 -12.685 
2 24 1.204 -4.228 -11.674 0.613 -4.393 -10.869 
5 24 1.527 -2.204 -12.685 1.204 -4.228 -11.674 -0.165 -3.585 -11.432 3.446 -2.561 -12.904 
5 24 -0.165 -3.585 -11.432 1.527 -2.204 -12.685 1.204 -4.228 -11.674 -0.041 -1.365 -12.491 
2 24 1.527 -2.204 -12.685 3.446 -2.561 -12.904 
5 24 3.446 -2.561 -12.904 1.204 -4.228 -11.674 1.527 -2.204 -12.685 3.357 -4.759 -11.784 
5 24 3.446 -2.561 -12.904 3.357 -4.759 -11.784 1.204 -4.228 -11.674 5.568 -4.532 -11.675 
2 24 3.357 -4.759 -11.784 1.204 -4.228 -11.674 
5 24 3.446 -2.561 -12.904 5.568 -4.532 -11.675 3.357 -4.759 -11.784 5.182 -2.307 -13.106 
2 24 5.568 -4.532 -11.675 3.357 -4.759 -11.784 
2 24 3.446 -2.561 -12.904 5.182 -2.307 -13.106 
5 24 5.182 -2.307 -13.106 5.568 -4.532 -11.675 3.446 -2.561 -12.904 7.613 -3.703 -11.417 
2 24 7.613 -3.703 -11.417 5.568 -4.532 -11.675 
5 24 5.182 -2.307 -13.106 7.613 -3.703 -11.417 5.568 -4.532 -11.675 6.639 -1.104 -13.239 
2 24 5.182 -2.307 -13.106 6.639 -1.104 -13.239 
5 24 6.639 -1.104 -13.239 7.613 -3.703 -11.417 5.182 -2.307 -13.106 9.303 -2.492 -10.884 
5 24 6.639 -1.104 -13.239 9.303 -2.492 -10.884 7.613 -3.703 -11.417 7.34 0.225 -13.152 
2 24 9.303 -2.492 -10.884 7.613 -3.703 -11.417 
2 24 6.639 -1.104 -13.239 7.34 0.225 -13.152 
5 24 7.34 0.225 -13.152 9.303 -2.492 -10.884 6.639 -1.104 -13.239 10.705 -0.949 -10.238 
5 24 7.34 0.225 -13.152 10.705 -0.949 -10.238 9.303 -2.492 -10.884 7.968 1.75 -12.933 
2 24 10.705 -0.949 -10.238 9.303 -2.492 -10.884 
2 24 7.34 0.225 -13.152 7.968 1.75 -12.933 
5 24 7.968 1.75 -12.933 10.705 -0.949 -10.238 7.34 0.225 -13.152 11.817 0.693 -9.46 
2 24 11.817 0.693 -9.46 10.705 -0.949 -10.238 
2 24 7.968 1.75 -12.933 8.553 3.484 -12.638 
5 24 8.553 3.484 -12.638 11.817 0.693 -9.46 7.968 1.75 -12.933 12.484 1.838 -8.82 
2 24 12.484 1.838 -8.82 11.817 0.693 -9.46 
5 24 8.553 3.484 -12.638 12.484 1.838 -8.82 11.817 0.693 -9.46 9.145 5.354 -12.185 
2 24 8.553 3.484 -12.638 9.145 5.354 -12.185 
5 24 9.145 5.354 -12.185 12.484 1.838 -8.82 8.553 3.484 -12.638 12.438 3.627 -9.175 
5 24 9.145 5.354 -12.185 12.438 3.627 -9.175 12.484 1.838 -8.82 9.7 6.931 -11.692 
5 24 12.438 3.627 -9.175 12.484 1.838 -8.82 9.145 5.354 -12.185 13.153 3.162 -8.183 
5 24 13.153 3.162 -8.183 12.484 1.838 -8.82 12.438 3.627 -9.175 12.853 2.163 -8.32 
5 24 12.438 3.627 -9.175 13.153 3.162 -8.183 12.484 1.838 -8.82 12.684 5.953 -9.128 
5 24 13.153 3.162 -8.183 12.853 2.163 -8.32 12.484 1.838 -8.82 12.943 1.534 -7.849 
2 24 12.853 2.163 -8.32 12.484 1.838 -8.82 
5 24 12.438 3.627 -9.175 12.684 5.953 -9.128 13.153 3.162 -8.183 11.618 5.946 -10.164 
5 24 12.438 3.627 -9.175 11.618 5.946 -10.164 12.684 5.953 -9.128 9.7 6.931 -11.692 
5 24 11.618 5.946 -10.164 12.684 5.953 -9.128 12.438 3.627 -9.175 11.972 8.748 -9.887 
5 24 12.438 3.627 -9.175 9.7 6.931 -11.692 11.618 5.946 -10.164 9.145 5.354 -12.185 
5 24 9.7 6.931 -11.692 11.618 5.946 -10.164 12.438 3.627 -9.175 10.673 8.276 -11.009 
2 24 9.145 5.354 -12.185 9.7 6.931 -11.692 
2 24 9.7 6.931 -11.692 10.673 8.276 -11.009 
5 24 10.673 8.276 -11.009 11.618 5.946 -10.164 9.7 6.931 -11.692 11.972 8.748 -9.887 
5 24 12.684 5.953 -9.128 13.425 5.855 -8.145 13.153 3.162 -8.183 13.436 8.556 -7.949 
5 24 13.425 5.855 -8.145 13.153 3.162 -8.183 12.684 5.953 -9.128 14.155 5.655 -6.574 
5 24 11.972 8.748 -9.887 11.618 5.946 -10.164 10.673 8.276 -11.009 12.684 5.953 -9.128 
2 24 10.673 8.276 -11.009 11.972 8.748 -9.887 
5 24 11.972 8.748 -9.887 12.684 5.953 -9.128 11.618 5.946 -10.164 13.436 8.556 -7.949 
5 24 13.436 8.556 -7.949 13.425 5.855 -8.145 12.684 5.953 -9.128 14.237 8.293 -6.293 
2 24 11.972 8.748 -9.887 13.436 8.556 -7.949 
5 24 0.846 -5.358 -10.393 -0.212 -4.469 -10.717 0.613 -4.393 -10.869 -0.572 -5.116 -9.871 
2 24 0.613 -4.393 -10.869 0.846 -5.358 -10.393 
5 24 0.846 -5.358 -10.393 -0.572 -5.116 -9.871 -0.212 -4.469 -10.717 -0.365 -5.948 -9.113 
2 24 -0.572 -5.116 -9.871 -0.212 -4.469 -10.717 
5 24 0.846 -5.358 -10.393 -0.365 -5.948 -9.113 -0.572 -5.116 -9.871 1 -6.615 -8.878 
2 24 -0.365 -5.948 -9.113 -0.572 -5.116 -9.871 
5 24 0.846 -5.358 -10.393 1 -6.615 -8.878 -0.365 -5.948 -9.113 3.054 -5.858 -10.406 
5 24 1 -6.615 -8.878 -0.365 -5.948 -9.113 0.846 -5.358 -10.393 -0.238 -6.785 -7.545 
2 24 -0.238 -6.785 -7.545 -0.365 -5.948 -9.113 
5 24 1 -6.615 -8.878 -0.238 -6.785 -7.545 -0.365 -5.948 -9.113 1.196 -7.33 -7.482 
5 24 1 -6.615 -8.878 1.196 -7.33 -7.482 -0.238 -6.785 -7.545 3.206 -6.968 -9.05 
5 24 1.196 -7.33 -7.482 -0.238 -6.785 -7.545 1 -6.615 -8.878 0.23 -7.166 -6.411 
5 24 0.23 -7.166 -6.411 -0.238 -6.785 -7.545 1.196 -7.33 -7.482 -0.357 -7.161 -6.154 
2 24 1.196 -7.33 -7.482 0.23 -7.166 -6.411 
5 24 0.23 -7.166 -6.411 -0.357 -7.161 -6.154 -0.238 -6.785 -7.545 -0.284 -7.23 -5.101 
2 24 -0.357 -7.161 -6.154 -0.238 -6.785 -7.545 
5 24 1 -6.615 -8.878 3.206 -6.968 -9.05 1.196 -7.33 -7.482 3.054 -5.858 -10.406 
5 24 3.206 -6.968 -9.05 1.196 -7.33 -7.482 1 -6.615 -8.878 3.153 -7.672 -7.399 
5 24 3.206 -6.968 -9.05 3.153 -7.672 -7.399 1.196 -7.33 -7.482 5.825 -6.658 -8.875 
2 24 3.153 -7.672 -7.399 1.196 -7.33 -7.482 
5 24 3.206 -6.968 -9.05 5.825 -6.658 -8.875 3.153 -7.672 -7.399 3.054 -5.858 -10.406 
5 24 3.054 -5.858 -10.406 5.825 -6.658 -8.875 3.206 -6.968 -9.05 5.928 -5.583 -10.367 
5 24 3.206 -6.968 -9.05 3.054 -5.858 -10.406 5.825 -6.658 -8.875 1 -6.615 -8.878 
2 24 0.846 -5.358 -10.393 3.054 -5.858 -10.406 
2 24 3.054 -5.858 -10.406 5.928 -5.583 -10.367 
5 24 5.928 -5.583 -10.367 5.825 -6.658 -8.875 3.054 -5.858 -10.406 8.007 -5.7 -8.439 
5 24 8.007 -5.7 -8.439 5.825 -6.658 -8.875 5.928 -5.583 -10.367 5.791 -7.395 -7.105 
5 24 5.928 -5.583 -10.367 8.007 -5.7 -8.439 5.825 -6.658 -8.875 7.93 -4.749 -10.073 
2 24 5.928 -5.583 -10.367 7.93 -4.749 -10.073 
5 24 7.93 -4.749 -10.073 8.007 -5.7 -8.439 5.928 -5.583 -10.367 9.757 -4.342 -7.868 
5 24 9.757 -4.342 -7.868 8.007 -5.7 -8.439 7.93 -4.749 -10.073 9.636 -5.103 -6.046 
5 24 7.93 -4.749 -10.073 9.757 -4.342 -7.868 8.007 -5.7 -8.439 9.59 -3.373 -9.573 
2 24 7.93 -4.749 -10.073 9.59 -3.373 -9.573 
5 24 9.59 -3.373 -9.573 9.757 -4.342 -7.868 7.93 -4.749 -10.073 11.246 -2.781 -7.15 
5 24 9.636 -5.103 -6.046 8.007 -5.7 -8.439 9.757 -4.342 -7.868 7.991 -6.427 -6.632 
5 24 9.757 -4.342 -7.868 9.636 -5.103 -6.046 8.007 -5.7 -8.439 11.144 -3.678 -5.458 
2 24 9.636 -5.103 -6.046 7.991 -6.427 -6.632 
5 24 7.991 -6.427 -6.632 8.007 -5.7 -8.439 9.636 -5.103 -6.046 5.791 -7.395 -7.105 
5 24 5.791 -7.395 -7.105 5.825 -6.658 -8.875 8.007 -5.7 -8.439 3.153 -7.672 -7.399 
2 24 7.991 -6.427 -6.632 5.791 -7.395 -7.105 
2 24 5.791 -7.395 -7.105 3.153 -7.672 -7.399 
5 24 9.59 -3.373 -9.573 11.246 -2.781 -7.15 9.757 -4.342 -7.868 11.015 -1.731 -9.008 
5 24 11.246 -2.781 -7.15 9.757 -4.342 -7.868 9.59 -3.373 -9.573 11.144 -3.678 -5.458 
2 24 9.59 -3.373 -9.573 11.015 -1.731 -9.008 
5 24 11.015 -1.731 -9.008 11.246 -2.781 -7.15 9.59 -3.373 -9.573 12.156 0.007 -8.399 
2 24 11.015 -1.731 -9.008 12.156 0.007 -8.399 
5 24 12.156 0.007 -8.399 12.575 -1.094 -6.084 11.246 -2.781 -7.15 12.943 1.534 -7.849 
5 24 12.575 -1.094 -6.084 11.246 -2.781 -7.15 12.156 0.007 -8.399 12.086 -2.502 -4.95 
2 24 12.156 0.007 -8.399 12.943 1.534 -7.849 
5 24 12.943 1.534 -7.849 13.618 0.917 -5.384 12.575 -1.094 -6.084 13.787 3.031 -6.748 
5 24 13.618 0.917 -5.384 12.575 -1.094 -6.084 12.943 1.534 -7.849 13.199 -0.9 -3.61 
5 24 12.575 -1.094 -6.084 12.086 -2.502 -4.95 11.246 -2.781 -7.15 12.611 -1.806 -3.962 
5 24 12.086 -2.502 -4.95 11.246 -2.781 -7.15 12.575 -1.094 -6.084 11.144 -3.678 -5.458 
2 24 12.086 -2.502 -4.95 11.144 -3.678 -5.458 
5 24 11.144 -3.678 -5.458 11.246 -2.781 -7.15 12.086 -2.502 -4.95 9.757 -4.342 -7.868 
5 24 9.757 -4.342 -7.868 11.144 -3.678 -5.458 9.636 -5.103 -6.046 11.246 -2.781 -7.15 
2 24 11.144 -3.678 -5.458 9.636 -5.103 -6.046 
5 24 12.575 -1.094 -6.084 12.611 -1.806 -3.962 12.086 -2.502 -4.95 13.199 -0.9 -3.61 
2 24 12.611 -1.806 -3.962 12.086 -2.502 -4.95 
5 24 12.575 -1.094 -6.084 13.199 -0.9 -3.61 12.611 -1.806 -3.962 13.618 0.917 -5.384 
5 24 13.199 -0.9 -3.61 12.611 -1.806 -3.962 12.575 -1.094 -6.084 12.031 -2.271 0.987 
5 24 13.618 0.917 -5.384 13.199 -0.9 -3.61 12.575 -1.094 -6.084 13.881 0.473 -3.157 
5 24 13.618 0.917 -5.384 13.881 0.473 -3.157 13.199 -0.9 -3.61 14.429 2.729 -4.31 
5 24 13.881 0.473 -3.157 13.199 -0.9 -3.61 13.618 0.917 -5.384 13.106 -0.3 1.582 
5 24 13.618 0.917 -5.384 14.429 2.729 -4.31 13.881 0.473 -3.157 13.787 3.031 -6.748 
5 24 14.429 2.729 -4.31 13.881 0.473 -3.157 13.618 0.917 -5.384 14.554 2.156 -2.381 
5 24 14.429 2.729 -4.31 14.554 2.156 -2.381 13.881 0.473 -3.157 14.787 2.944 -2.333 
5 24 14.554 2.156 -2.381 13.881 0.473 -3.157 14.429 2.729 -4.31 13.106 -0.3 1.582 
5 24 14.429 2.729 -4.31 14.787 2.944 -2.333 14.554 2.156 -2.381 14.825 3.132 -2.522 
5 24 14.787 2.944 -2.333 14.554 2.156 -2.381 14.429 2.729 -4.31 13.981 1.817 2.26 
5 24 14.429 2.729 -4.31 14.825 3.132 -2.522 14.787 2.944 -2.333 15.215 4.77 -2.474 
2 24 14.825 3.132 -2.522 14.787 2.944 -2.333 
5 24 14.429 2.729 -4.31 15.215 4.77 -2.474 14.825 3.132 -2.522 14.765 5.382 -4.409 
2 24 15.215 4.77 -2.474 14.825 3.132 -2.522 
5 24 14.765 5.382 -4.409 15.215 4.77 -2.474 14.429 2.729 -4.31 15.337 6.199 -2.341 
5 24 14.429 2.729 -4.31 13.787 3.031 -6.748 14.765 5.382 -4.409 13.618 0.917 -5.384 
5 24 13.787 3.031 -6.748 14.765 5.382 -4.409 14.429 2.729 -4.31 14.155 5.655 -6.574 
5 24 13.787 3.031 -6.748 13.618 0.917 -5.384 12.943 1.534 -7.849 14.429 2.729 -4.31 
5 24 12.943 1.534 -7.849 13.787 3.031 -6.748 13.618 0.917 -5.384 13.153 3.162 -8.183 
5 24 13.787 3.031 -6.748 14.155 5.655 -6.574 14.765 5.382 -4.409 13.153 3.162 -8.183 
5 24 14.155 5.655 -6.574 14.765 5.382 -4.409 13.787 3.031 -6.748 14.808 8.056 -4.423 
5 24 13.787 3.031 -6.748 13.153 3.162 -8.183 14.155 5.655 -6.574 12.943 1.534 -7.849 
5 24 13.153 3.162 -8.183 14.155 5.655 -6.574 13.787 3.031 -6.748 13.425 5.855 -8.145 
5 24 12.943 1.534 -7.849 13.153 3.162 -8.183 13.787 3.031 -6.748 12.853 2.163 -8.32 
5 24 13.425 5.855 -8.145 14.155 5.655 -6.574 13.153 3.162 -8.183 14.237 8.293 -6.293 
5 24 14.237 8.293 -6.293 14.155 5.655 -6.574 13.425 5.855 -8.145 14.808 8.056 -4.423 
5 24 13.425 5.855 -8.145 14.237 8.293 -6.293 14.155 5.655 -6.574 13.436 8.556 -7.949 
2 24 13.436 8.556 -7.949 14.237 8.293 -6.293 
5 24 14.808 8.056 -4.423 14.155 5.655 -6.574 14.237 8.293 -6.293 14.765 5.382 -4.409 
2 24 14.237 8.293 -6.293 14.808 8.056 -4.423 
5 24 14.808 8.056 -4.423 14.765 5.382 -4.409 14.155 5.655 -6.574 15.337 6.199 -2.341 
5 24 15.337 6.199 -2.341 14.765 5.382 -4.409 14.808 8.056 -4.423 15.215 4.77 -2.474 
5 24 14.808 8.056 -4.423 15.337 6.199 -2.341 14.765 5.382 -4.409 15.21 7.853 -2.656 
2 24 15.337 6.199 -2.341 15.215 4.77 -2.474 
2 24 14.808 8.056 -4.423 15.21 7.853 -2.656 
2 24 15.21 7.853 -2.656 15.337 6.199 -2.341 
2 24 12.943 1.534 -7.849 12.853 2.163 -8.32 
5 24 -5.102 -2.286 -13.102 -4.537 -5.059 -11.14 -7.095 -4.337 -11.174 -3.573 -2.608 -12.91 
2 24 -4.537 -5.059 -11.14 -7.095 -4.337 -11.174 
5 24 -7.095 -4.337 -11.174 -5.102 -2.286 -13.102 -4.537 -5.059 -11.14 -6.867 -0.831 -13.215 
2 24 -5.102 -2.286 -13.102 -3.573 -2.608 -12.91 
5 24 -3.573 -2.608 -12.91 -4.537 -5.059 -11.14 -5.102 -2.286 -13.102 -2.305 -5.045 -10.951 
5 24 -7.095 -4.337 -11.174 -6.867 -0.831 -13.215 -5.102 -2.286 -13.102 -9.018 -2.847 -10.982 
2 24 -6.867 -0.831 -13.215 -5.102 -2.286 -13.102 
2 24 -7.095 -4.337 -11.174 -9.018 -2.847 -10.982 
5 24 -9.018 -2.847 -10.982 -6.867 -0.831 -13.215 -7.095 -4.337 -11.174 -7.942 1.181 -12.98 
5 24 -9.018 -2.847 -10.982 -7.942 1.181 -12.98 -6.867 -0.831 -13.215 -10.711 -0.596 -10.548 
2 24 -7.942 1.181 -12.98 -6.867 -0.831 -13.215 
2 24 -9.018 -2.847 -10.982 -10.711 -0.596 -10.548 
5 24 -10.711 -0.596 -10.548 -7.942 1.181 -12.98 -9.018 -2.847 -10.982 -11.654 1.432 -10.145 
5 24 -11.654 1.432 -10.145 -7.942 1.181 -12.98 -10.711 -0.596 -10.548 -8.698 3.242 -12.623 
2 24 -10.711 -0.596 -10.548 -11.654 1.432 -10.145 
5 24 -11.654 1.432 -10.145 -8.698 3.242 -12.623 -7.942 1.181 -12.98 -11.26 3.844 -10.957 
2 24 -8.698 3.242 -12.623 -7.942 1.181 -12.98 
5 24 -11.654 1.432 -10.145 -11.26 3.844 -10.957 -8.698 3.242 -12.623 -12.001 1.597 -9.636 
5 24 -11.26 3.844 -10.957 -8.698 3.242 -12.623 -11.654 1.432 -10.145 -9.265 5.15 -12.212 
2 24 -9.265 5.15 -12.212 -8.698 3.242 -12.623 
5 24 -11.26 3.844 -10.957 -11.729 6.511 -10.617 -9.265 5.15 -12.212 -12.751 3.696 -9.015 
5 24 -11.729 6.511 -10.617 -9.265 5.15 -12.212 -11.26 3.844 -10.957 -9.964 7.215 -11.608 
5 24 -11.729 6.511 -10.617 -9.964 7.215 -11.608 -9.265 5.15 -12.212 -10.9 8.266 -10.994 
2 24 -9.964 7.215 -11.608 -9.265 5.15 -12.212 
2 24 -10.9 8.266 -10.994 -9.964 7.215 -11.608 
5 24 -11.729 6.511 -10.617 -10.9 8.266 -10.994 -9.964 7.215 -11.608 -12.124 8.666 -9.993 
5 24 -11.729 6.511 -10.617 -12.124 8.666 -9.993 -10.9 8.266 -10.994 -13.315 6.152 -8.443 
2 24 -12.124 8.666 -9.993 -10.9 8.266 -10.994 
5 24 -13.315 6.152 -8.443 -12.124 8.666 -9.993 -11.729 6.511 -10.617 -13.371 8.62 -8.33 
5 24 -11.729 6.511 -10.617 -13.315 6.152 -8.443 -12.124 8.666 -9.993 -12.751 3.696 -9.015 
5 24 -13.315 6.152 -8.443 -13.371 8.62 -8.33 -12.124 8.666 -9.993 -14.179 8.442 -6.854 
2 24 -13.371 8.62 -8.33 -12.124 8.666 -9.993 
5 24 -11.729 6.511 -10.617 -12.751 3.696 -9.015 -13.315 6.152 -8.443 -11.26 3.844 -10.957 
5 24 -12.751 3.696 -9.015 -13.315 6.152 -8.443 -11.729 6.511 -10.617 -13.815 3.457 -6.838 
5 24 -11.26 3.844 -10.957 -12.751 3.696 -9.015 -11.729 6.511 -10.617 -12.001 1.597 -9.636 
5 24 -12.751 3.696 -9.015 -13.815 3.457 -6.838 -13.315 6.152 -8.443 -12.984 0.531 -7.229 
5 24 -13.815 3.457 -6.838 -13.315 6.152 -8.443 -12.751 3.696 -9.015 -14.358 5.923 -6.375 
5 24 -13.815 3.457 -6.838 -14.358 5.923 -6.375 -13.315 6.152 -8.443 -14.477 3.891 -5.19 
5 24 -14.358 5.923 -6.375 -13.315 6.152 -8.443 -13.815 3.457 -6.838 -14.179 8.442 -6.854 
5 24 -13.815 3.457 -6.838 -14.477 3.891 -5.19 -14.358 5.923 -6.375 -14.017 1.837 -5.069 
2 24 -14.477 3.891 -5.19 -14.79 5.93 -5.183 
5 24 -14.79 5.93 -5.183 -14.358 5.923 -6.375 -14.477 3.891 -5.19 -14.88 7.547 -5.191 
2 24 -14.017 1.837 -5.069 -14.477 3.891 -5.19 
5 24 -13.815 3.457 -6.838 -12.984 0.531 -7.229 -14.017 1.837 -5.069 -12.751 3.696 -9.015 
5 24 -12.984 0.531 -7.229 -14.017 1.837 -5.069 -13.815 3.457 -6.838 -13.533 0.197 -4.969 
5 24 -12.751 3.696 -9.015 -12.984 0.531 -7.229 -13.815 3.457 -6.838 -12.076 1.011 -9.333 
5 24 -13.533 0.197 -4.969 -14.017 1.837 -5.069 -12.984 0.531 -7.229 -13.924 1.206 -4.6 
5 24 -12.984 0.531 -7.229 -13.533 0.197 -4.969 -14.017 1.837 -5.069 -12.776 -1.561 -5.198 
5 24 -13.533 0.197 -4.969 -13.924 1.206 -4.6 -14.017 1.837 -5.069 -13.902 0.534 -1.609 
2 24 -13.924 1.206 -4.6 -14.017 1.837 -5.069 
5 24 -12.776 -1.561 -5.198 -13.533 0.197 -4.969 -12.984 0.531 -7.229 -12.966 -1.485 -1.861 
5 24 -12.984 0.531 -7.229 -12.776 -1.561 -5.198 -13.533 0.197 -4.969 -12.167 -1.304 -7.458 
5 24 -12.984 0.531 -7.229 -12.167 -1.304 -7.458 -12.776 -1.561 -5.198 -12.076 1.011 -9.333 
5 24 -12.167 -1.304 -7.458 -12.776 -1.561 -5.198 -12.984 0.531 -7.229 -11.619 -3.203 -5.769 
5 24 -12.984 0.531 -7.229 -12.076 1.011 -9.333 -12.167 -1.304 -7.458 -12.751 3.696 -9.015 
5 24 -12.076 1.011 -9.333 -12.167 -1.304 -7.458 -12.984 0.531 -7.229 -11.314 -0.875 -9.498 
5 24 -12.751 3.696 -9.015 -12.076 1.011 -9.333 -12.984 0.531 -7.229 -12.001 1.597 -9.636 
2 24 -12.076 1.011 -9.333 -11.314 -0.875 -9.498 
5 24 -11.314 -0.875 -9.498 -12.167 -1.304 -7.458 -12.076 1.011 -9.333 -10.278 -3.962 -7.9 
5 24 -10.278 -3.962 -7.9 -12.167 -1.304 -7.458 -11.314 -0.875 -9.498 -11.619 -3.203 -5.769 
2 24 -11.314 -0.875 -9.498 -9.623 -3.485 -9.681 
5 24 -9.623 -3.485 -9.681 -10.278 -3.962 -7.9 -11.314 -0.875 -9.498 -8.247 -5.929 -8.004 
5 24 -8.247 -5.929 -8.004 -10.278 -3.962 -7.9 -9.623 -3.485 -9.681 -10.491 -4.491 -5.98 
5 24 -9.623 -3.485 -9.681 -8.247 -5.929 -8.004 -10.278 -3.962 -7.9 -7.574 -5.349 -9.741 
2 24 -9.623 -3.485 -9.681 -7.574 -5.349 -9.741 
5 24 -7.574 -5.349 -9.741 -8.247 -5.929 -8.004 -9.623 -3.485 -9.681 -5.241 -7.375 -7.826 
5 24 -5.241 -7.375 -7.826 -8.247 -5.929 -8.004 -7.574 -5.349 -9.741 -5.667 -7.607 -6.125 
5 24 -7.574 -5.349 -9.741 -5.241 -7.375 -7.826 -8.247 -5.929 -8.004 -4.678 -6.435 -9.591 
2 24 -7.574 -5.349 -9.741 -4.678 -6.435 -9.591 
5 24 -4.678 -6.435 -9.591 -5.241 -7.375 -7.826 -7.574 -5.349 -9.741 -2.592 -7.444 -7.809 
5 24 -5.241 -7.375 -7.826 -5.667 -7.607 -6.125 -8.247 -5.929 -8.004 -2.671 -7.826 -6.173 
2 24 -5.667 -7.607 -6.125 -8.356 -6.343 -6.078 
5 24 -8.356 -6.343 -6.078 -8.247 -5.929 -8.004 -5.667 -7.607 -6.125 -10.491 -4.491 -5.98 
5 24 -10.491 -4.491 -5.98 -8.247 -5.929 -8.004 -8.356 -6.343 -6.078 -10.278 -3.962 -7.9 
2 24 -8.356 -6.343 -6.078 -10.491 -4.491 -5.98 
5 24 -10.491 -4.491 -5.98 -10.278 -3.962 -7.9 -8.247 -5.929 -8.004 -11.619 -3.203 -5.769 
5 24 -11.619 -3.203 -5.769 -12.776 -1.561 -5.198 -12.167 -1.304 -7.458 -12.085 -2.684 -5.205 
5 24 -12.167 -1.304 -7.458 -11.619 -3.203 -5.769 -12.776 -1.561 -5.198 -10.278 -3.962 -7.9 
5 24 -10.278 -3.962 -7.9 -11.619 -3.203 -5.769 -12.167 -1.304 -7.458 -10.491 -4.491 -5.98 
2 24 -10.491 -4.491 -5.98 -11.619 -3.203 -5.769 
2 24 -11.619 -3.203 -5.769 -12.085 -2.684 -5.205 
5 24 -12.085 -2.684 -5.205 -12.776 -1.561 -5.198 -11.619 -3.203 -5.769 -12.966 -1.485 -1.861 
5 24 -12.966 -1.485 -1.861 -12.776 -1.561 -5.198 -12.085 -2.684 -5.205 -13.533 0.197 -4.969 
2 24 -12.085 -2.684 -5.205 -11.643 -3.434 -4.565 
5 24 -11.643 -3.434 -4.565 -12.966 -1.485 -1.861 -12.085 -2.684 -5.205 -12.148 -2.832 -2.254 
2 24 -2.671 -7.826 -6.173 -5.667 -7.607 -6.125 
5 24 -5.241 -7.375 -7.826 -2.671 -7.826 -6.173 -5.667 -7.607 -6.125 -2.592 -7.444 -7.809 
5 24 -5.241 -7.375 -7.826 -2.592 -7.444 -7.809 -2.671 -7.826 -6.173 -4.678 -6.435 -9.591 
5 24 -2.592 -7.444 -7.809 -2.671 -7.826 -6.173 -5.241 -7.375 -7.826 -0.357 -7.161 -6.154 
5 24 -4.678 -6.435 -9.591 -2.592 -7.444 -7.809 -5.241 -7.375 -7.826 -2.397 -6.356 -9.326 
5 24 -2.592 -7.444 -7.809 -0.357 -7.161 -6.154 -2.671 -7.826 -6.173 -0.238 -6.785 -7.545 
2 24 -0.357 -7.161 -6.154 -2.671 -7.826 -6.173 
5 24 -2.592 -7.444 -7.809 -0.238 -6.785 -7.545 -0.357 -7.161 -6.154 -2.397 -6.356 -9.326 
5 24 -2.397 -6.356 -9.326 -0.238 -6.785 -7.545 -2.592 -7.444 -7.809 -0.365 -5.948 -9.113 
5 24 -2.592 -7.444 -7.809 -2.397 -6.356 -9.326 -0.238 -6.785 -7.545 -4.678 -6.435 -9.591 
2 24 -4.678 -6.435 -9.591 -2.397 -6.356 -9.326 
2 24 -2.397 -6.356 -9.326 -0.365 -5.948 -9.113 
5 24 -12.148 -2.832 -2.254 -12.966 -1.485 -1.861 -11.643 -3.434 -4.565 -12.524 -2.203 -1.623 
5 24 -11.643 -3.434 -4.565 -12.148 -2.832 -2.254 -12.966 -1.485 -1.861 -10.819 -4.36 -2.48 
5 24 -11.643 -3.434 -4.565 -10.819 -4.36 -2.48 -12.148 -2.832 -2.254 -10.678 -4.495 -4.514 
2 24 -10.819 -4.36 -2.48 -12.148 -2.832 -2.254 
2 24 -11.643 -3.434 -4.565 -10.678 -4.495 -4.514 
5 24 -10.678 -4.495 -4.514 -10.819 -4.36 -2.48 -11.643 -3.434 -4.565 -8.604 -6.257 -2.539 
5 24 -10.678 -4.495 -4.514 -8.604 -6.257 -2.539 -10.819 -4.36 -2.48 -8.376 -6.421 -4.531 
2 24 -8.604 -6.257 -2.539 -10.819 -4.36 -2.48 
2 24 -10.678 -4.495 -4.514 -8.376 -6.421 -4.531 
5 24 -8.376 -6.421 -4.531 -8.604 -6.257 -2.539 -10.678 -4.495 -4.514 -5.865 -7.846 -2.656 
5 24 -8.376 -6.421 -4.531 -5.865 -7.846 -2.656 -8.604 -6.257 -2.539 -5.786 -7.748 -4.426 
2 24 -5.865 -7.846 -2.656 -8.604 -6.257 -2.539 
2 24 -8.376 -6.421 -4.531 -5.786 -7.748 -4.426 
5 24 -5.786 -7.748 -4.426 -5.865 -7.846 -2.656 -8.376 -6.421 -4.531 -3.449 -8.156 -4.284 
5 24 -3.449 -8.156 -4.284 -5.865 -7.846 -2.656 -5.786 -7.748 -4.426 -3.483 -8.292 -2.456 
2 24 -5.786 -7.748 -4.426 -3.449 -8.156 -4.284 
5 24 -3.449 -8.156 -4.284 -3.483 -8.292 -2.456 -5.865 -7.846 -2.656 -1.251 -7.905 -4.079 
2 24 -3.483 -8.292 -2.456 -5.865 -7.846 -2.656 
5 24 -1.251 -7.905 -4.079 -3.483 -8.292 -2.456 -3.449 -8.156 -4.284 -1.156 -7.967 -2.441 
2 24 -3.449 -8.156 -4.284 -1.251 -7.905 -4.079 
5 24 -1.251 -7.905 -4.079 -1.156 -7.967 -2.441 -3.483 -8.292 -2.456 -0.284 -7.23 -5.101 
2 24 -1.156 -7.967 -2.441 -3.483 -8.292 -2.456 
2 24 -1.251 -7.905 -4.079 -0.284 -7.23 -5.101 
2 24 -0.284 -7.23 -5.101 -0.147 -7.417 -1.424 
2 24 -0.147 -7.417 -1.424 -1.156 -7.967 -2.441 
2 24 -12.148 -2.832 -2.254 -12.524 -2.203 -1.623 
5 24 -12.524 -2.203 -1.623 -12.966 -1.485 -1.861 -12.148 -2.832 -2.254 -12.152 -2.232 2.424 
5 24 -12.524 -2.203 -1.623 -12.152 -2.232 2.424 -12.966 -1.485 -1.861 -12.044 -2.837 -0.965 
5 24 -12.152 -2.232 2.424 -12.966 -1.485 -1.861 -12.524 -2.203 -1.623 -13.702 0.392 0.58 
5 24 -12.044 -2.837 -0.965 -12.152 -2.232 2.424 -12.524 -2.203 -1.623 -10.493 -4.349 2.265 
2 24 -12.524 -2.203 -1.623 -12.044 -2.837 -0.965 
5 24 -12.044 -2.837 -0.965 -10.493 -4.349 2.265 -12.152 -2.232 2.424 -10.856 -4.262 -0.928 
5 24 -10.493 -4.349 2.265 -12.152 -2.232 2.424 -12.044 -2.837 -0.965 -11.113 -2.725 5.756 
2 24 -12.044 -2.837 -0.965 -10.856 -4.262 -0.928 
5 24 -10.856 -4.262 -0.928 -10.493 -4.349 2.265 -12.044 -2.837 -0.965 -8.685 -6.01 2.067 
5 24 -8.685 -6.01 2.067 -10.493 -4.349 2.265 -10.856 -4.262 -0.928 -9.569 -4.637 5.282 
5 24 -10.856 -4.262 -0.928 -8.685 -6.01 2.067 -10.493 -4.349 2.265 -8.392 -6.446 -0.904 
2 24 -10.856 -4.262 -0.928 -8.392 -6.446 -0.904 
5 24 -8.392 -6.446 -0.904 -8.685 -6.01 2.067 -10.856 -4.262 -0.928 -6.027 -7.572 1.761 
5 24 -6.027 -7.572 1.761 -8.685 -6.01 2.067 -8.392 -6.446 -0.904 -7.933 -6.128 4.902 
5 24 -8.392 -6.446 -0.904 -6.027 -7.572 1.761 -8.685 -6.01 2.067 -5.827 -7.803 -0.737 
2 24 -8.392 -6.446 -0.904 -5.827 -7.803 -0.737 
5 24 -5.827 -7.803 -0.737 -6.027 -7.572 1.761 -8.392 -6.446 -0.904 -3.536 -8.389 -0.583 
5 24 -11.113 -2.725 5.756 -12.152 -2.232 2.424 -10.493 -4.349 2.265 -12.011 -1.353 5.957 
5 24 -10.493 -4.349 2.265 -11.113 -2.725 5.756 -12.152 -2.232 2.424 -9.569 -4.637 5.282 
2 24 -11.113 -2.725 5.756 -12.011 -1.353 5.957 
5 24 -12.011 -1.353 5.957 -12.152 -2.232 2.424 -11.113 -2.725 5.756 -13.133 0.431 4.927 
5 24 -12.011 -1.353 5.957 -13.133 0.431 4.927 -12.152 -2.232 2.424 -12.308 -0.461 6.592 
5 24 -13.133 0.431 4.927 -12.152 -2.232 2.424 -12.011 -1.353 5.957 -13.496 0.239 2.775 
5 24 -10.493 -4.349 2.265 -9.569 -4.637 5.282 -11.113 -2.725 5.756 -8.685 -6.01 2.067 
2 24 -9.569 -4.637 5.282 -11.113 -2.725 5.756 
5 24 -8.685 -6.01 2.067 -9.569 -4.637 5.282 -10.493 -4.349 2.265 -7.933 -6.128 4.902 
5 24 -8.685 -6.01 2.067 -7.933 -6.128 4.902 -9.569 -4.637 5.282 -6.027 -7.572 1.761 
2 24 -7.933 -6.128 4.902 -9.569 -4.637 5.282 
5 24 -6.027 -7.572 1.761 -7.933 -6.128 4.902 -8.685 -6.01 2.067 -5.72 -7.385 4.332 
5 24 -6.027 -7.572 1.761 -5.72 -7.385 4.332 -7.933 -6.128 4.902 -3.113 -8.06 3.574 
2 24 -5.72 -7.385 4.332 -7.933 -6.128 4.902 
2 24 -3.113 -8.06 3.574 -5.72 -7.385 4.332 
5 24 -6.027 -7.572 1.761 -3.113 -8.06 3.574 -5.72 -7.385 4.332 -3.079 -8.383 1.559 
5 24 -6.027 -7.572 1.761 -3.079 -8.383 1.559 -3.113 -8.06 3.574 -3.536 -8.389 -0.583 
5 24 -3.079 -8.383 1.559 -3.113 -8.06 3.574 -6.027 -7.572 1.761 -1.108 -8.155 2.641 
5 24 -3.079 -8.383 1.559 -1.108 -8.155 2.641 -3.113 -8.06 3.574 -1.136 -8.208 1.33 
2 24 -1.108 -8.155 2.641 -3.113 -8.06 3.574 
5 24 -3.079 -8.383 1.559 -1.136 -8.208 1.33 -1.108 -8.155 2.641 -1.23 -8.174 -0.241 
2 24 -1.136 -8.208 1.33 -1.108 -8.155 2.641 
2 24 -1.23 -8.174 -0.241 -1.136 -8.208 1.33 
5 24 -3.079 -8.383 1.559 -3.536 -8.389 -0.583 -1.23 -8.174 -0.241 -6.027 -7.572 1.761 
2 24 -3.536 -8.389 -0.583 -1.23 -8.174 -0.241 
2 24 -5.827 -7.803 -0.737 -3.536 -8.389 -0.583 
2 24 -12.011 -1.353 5.957 -12.308 -0.461 6.592 
5 24 -12.308 -0.461 6.592 -13.133 0.431 4.927 -12.011 -1.353 5.957 -12.824 0.594 6.757 
5 24 -12.308 -0.461 6.592 -12.824 0.594 6.757 -13.133 0.431 4.927 -11.492 0.238 9.407 
5 24 -12.824 0.594 6.757 -13.133 0.431 4.927 -12.308 -0.461 6.592 -13.6 2.626 6.833 
5 24 -12.308 -0.461 6.592 -11.492 0.238 9.407 -12.824 0.594 6.757 -11.75 -1.177 7.089 
5 24 -11.492 0.238 9.407 -12.824 0.594 6.757 -12.308 -0.461 6.592 -12.353 2.808 9.796 
5 24 -11.492 0.238 9.407 -12.353 2.808 9.796 -12.824 0.594 6.757 -10.118 0.919 12.196 
5 24 -12.353 2.808 9.796 -13.6 2.626 6.833 -12.824 0.594 6.757 -14.148 4.925 6.982 
5 24 -13.6 2.626 6.833 -12.824 0.594 6.757 -12.353 2.808 9.796 -13.133 0.431 4.927 
5 24 -13.6 2.626 6.833 -13.133 0.431 4.927 -12.824 0.594 6.757 -14.089 2.583 4.879 
5 24 -14.148 4.925 6.982 -13.6 2.626 6.833 -12.353 2.808 9.796 -14.089 2.583 4.879 
5 24 -14.148 4.925 6.982 -14.089 2.583 4.879 -13.6 2.626 6.833 -14.713 5.057 5.041 
5 24 -14.089 2.583 4.879 -13.6 2.626 6.833 -14.148 4.925 6.982 -13.133 0.431 4.927 
5 24 -14.148 4.925 6.982 -14.713 5.057 5.041 -14.089 2.583 4.879 -14.472 7.044 7.08 
5 24 -14.713 5.057 5.041 -14.089 2.583 4.879 -14.148 4.925 6.982 -15.07 4.704 2.906 
5 24 -14.713 5.057 5.041 -15.07 4.704 2.906 -14.089 2.583 4.879 -15.269 5.827 2.858 
5 24 -15.07 4.704 2.906 -14.089 2.583 4.879 -14.713 5.057 5.041 -14.947 4.068 2.617 
5 24 -14.947 4.068 2.617 -14.089 2.583 4.879 -15.07 4.704 2.906 -14.434 2.467 2.761 
2 24 -15.07 4.704 2.906 -14.947 4.068 2.617 
5 24 -14.434 2.467 2.761 -14.089 2.583 4.879 -14.947 4.068 2.617 -13.496 0.239 2.775 
5 24 -14.947 4.068 2.617 -14.434 2.467 2.761 -14.089 2.583 4.879 -15.191 4.721 2.108 
2 24 -14.947 4.068 2.617 -15.191 4.721 2.108 
5 24 -15.191 4.721 2.108 -14.606 2.527 0.722 -14.434 2.467 2.761 -15.25 4.499 -0.813 
5 24 -14.606 2.527 0.722 -14.434 2.467 2.761 -15.191 4.721 2.108 -13.702 0.392 0.58 
5 24 -14.606 2.527 0.722 -13.702 0.392 0.58 -14.434 2.467 2.761 -13.902 0.534 -1.609 
5 24 -13.702 0.392 0.58 -13.496 0.239 2.775 -14.434 2.467 2.761 -12.152 -2.232 2.424 
5 24 -13.496 0.239 2.775 -14.434 2.467 2.761 -13.702 0.392 0.58 -14.089 2.583 4.879 
5 24 -13.496 0.239 2.775 -14.089 2.583 4.879 -14.434 2.467 2.761 -13.133 0.431 4.927 
5 24 -13.702 0.392 0.58 -12.152 -2.232 2.424 -13.496 0.239 2.775 -12.966 -1.485 -1.861 
5 24 -12.152 -2.232 2.424 -13.496 0.239 2.775 -13.702 0.392 0.58 -13.133 0.431 4.927 
5 24 -15.191 4.721 2.108 -15.25 4.499 -0.813 -14.606 2.527 0.722 -15.421 5.748 1.941 
2 24 -15.191 4.721 2.108 -15.421 5.748 1.941 
5 24 -15.421 5.748 1.941 -15.25 4.499 -0.813 -15.191 4.721 2.108 -15.594 6.587 -0.827 
5 24 -15.421 5.748 1.941 -15.594 6.587 -0.827 -15.25 4.499 -0.813 -15.621 7.144 1.697 
5 24 -15.594 6.587 -0.827 -15.25 4.499 -0.813 -15.421 5.748 1.941 -15.072 5.457 -3.479 
5 24 -15.594 6.587 -0.827 -15.072 5.457 -3.479 -15.25 4.499 -0.813 -15.266 7.449 -3.233 
2 24 -15.072 5.457 -3.479 -14.722 3.589 -3.698 
5 24 -14.722 3.589 -3.698 -15.25 4.499 -0.813 -15.072 5.457 -3.479 -14.75 2.733 -1.343 
5 24 -14.722 3.589 -3.698 -14.75 2.733 -1.343 -15.25 4.499 -0.813 -14.094 1.574 -4.227 
5 24 -14.75 2.733 -1.343 -15.25 4.499 -0.813 -14.722 3.589 -3.698 -14.606 2.527 0.722 
5 24 -14.75 2.733 -1.343 -14.606 2.527 0.722 -15.25 4.499 -0.813 -13.902 0.534 -1.609 
5 24 -14.094 1.574 -4.227 -14.75 2.733 -1.343 -14.722 3.589 -3.698 -13.902 0.534 -1.609 
2 24 -14.722 3.589 -3.698 -14.094 1.574 -4.227 
5 24 -13.902 0.534 -1.609 -14.75 2.733 -1.343 -14.094 1.574 -4.227 -14.606 2.527 0.722 
5 24 -14.606 2.527 0.722 -13.902 0.534 -1.609 -13.702 0.392 0.58 -14.75 2.733 -1.343 
5 24 -13.902 0.534 -1.609 -13.702 0.392 0.58 -14.606 2.527 0.722 -12.966 -1.485 -1.861 
2 24 -14.094 1.574 -4.227 -13.924 1.206 -4.6 
5 24 -13.924 1.206 -4.6 -13.902 0.534 -1.609 -14.094 1.574 -4.227 -13.533 0.197 -4.969 
5 24 -13.533 0.197 -4.969 -13.902 0.534 -1.609 -13.924 1.206 -4.6 -12.966 -1.485 -1.861 
5 24 -13.533 0.197 -4.969 -12.966 -1.485 -1.861 -13.902 0.534 -1.609 -12.776 -1.561 -5.198 
5 24 -12.966 -1.485 -1.861 -13.902 0.534 -1.609 -13.533 0.197 -4.969 -13.702 0.392 0.58 
5 24 -13.702 0.392 0.58 -12.966 -1.485 -1.861 -12.152 -2.232 2.424 -13.902 0.534 -1.609 
5 24 -15.594 6.587 -0.827 -15.266 7.449 -3.233 -15.072 5.457 -3.479 -15.413 8.332 -0.96 
2 24 -15.266 7.449 -3.233 -15.072 5.457 -3.479 
5 24 -15.594 6.587 -0.827 -15.413 8.332 -0.96 -15.266 7.449 -3.233 -15.382 8.382 0.936 
5 24 -15.413 8.332 -0.96 -15.266 7.449 -3.233 -15.594 6.587 -0.827 -15.216 8.207 -2.649 
2 24 -15.413 8.332 -0.96 -15.216 8.207 -2.649 
2 24 -15.216 8.207 -2.649 -15.266 7.449 -3.233 
2 24 -15.382 8.382 0.936 -15.413 8.332 -0.96 
5 24 -15.594 6.587 -0.827 -15.382 8.382 0.936 -15.413 8.332 -0.96 -15.621 7.144 1.697 
5 24 -15.594 6.587 -0.827 -15.621 7.144 1.697 -15.382 8.382 0.936 -15.421 5.748 1.941 
2 24 -15.621 7.144 1.697 -15.382 8.382 0.936 
2 24 -15.421 5.748 1.941 -15.621 7.144 1.697 
5 24 -14.017 1.837 -5.069 -14.287 3.88 -4.481 -14.477 3.891 -5.19 -13.924 1.206 -4.6 
5 24 -14.287 3.88 -4.481 -14.477 3.891 -5.19 -14.017 1.837 -5.069 -14.79 5.93 -5.183 
2 24 -13.924 1.206 -4.6 -14.287 3.88 -4.481 
2 24 -14.287 3.88 -4.481 -14.543 5.951 -4.272 
5 24 -14.543 5.951 -4.272 -14.79 5.93 -5.183 -14.287 3.88 -4.481 -14.88 7.547 -5.191 
5 24 -14.543 5.951 -4.272 -14.88 7.547 -5.191 -14.79 5.93 -5.183 -14.332 7.881 -3.991 
2 24 -14.88 7.547 -5.191 -14.79 5.93 -5.183 
2 24 -14.543 5.951 -4.272 -14.332 7.881 -3.991 
5 24 -14.332 7.881 -3.991 -14.88 7.547 -5.191 -14.543 5.951 -4.272 -13.999 8.668 -4.84 
2 24 -14.332 7.881 -3.991 -13.999 8.668 -4.84 
5 24 -13.999 8.668 -4.84 -14.88 7.547 -5.191 -14.332 7.881 -3.991 -14.706 8.234 -5.575 
5 24 -13.999 8.668 -4.84 -14.706 8.234 -5.575 -14.88 7.547 -5.191 -13.483 8.926 -6.28 
2 24 -14.706 8.234 -5.575 -14.88 7.547 -5.191 
5 24 -13.483 8.926 -6.28 -14.706 8.234 -5.575 -13.999 8.668 -4.84 -14.179 8.442 -6.854 
2 24 -13.999 8.668 -4.84 -13.483 8.926 -6.28 
5 24 -13.483 8.926 -6.28 -14.179 8.442 -6.854 -14.706 8.234 -5.575 -12.998 8.977 -7.361 
2 24 -14.179 8.442 -6.854 -14.706 8.234 -5.575 
2 24 -13.483 8.926 -6.28 -12.998 8.977 -7.361 
5 24 -12.998 8.977 -7.361 -14.179 8.442 -6.854 -13.483 8.926 -6.28 -13.371 8.62 -8.33 
5 24 -12.998 8.977 -7.361 -13.371 8.62 -8.33 -14.179 8.442 -6.854 -12.124 8.666 -9.993 
2 24 -13.371 8.62 -8.33 -14.179 8.442 -6.854 
5 24 -12.998 8.977 -7.361 -12.124 8.666 -9.993 -13.371 8.62 -8.33 -10.862 9.274 -7.393 
5 24 -10.862 9.274 -7.393 -12.124 8.666 -9.993 -12.998 8.977 -7.361 -10.02 9.034 -8.46 
2 24 -12.998 8.977 -7.361 -10.862 9.274 -7.393 
2 24 -10.862 9.274 -7.393 -10.02 9.034 -8.46 
5 24 -10.02 9.034 -8.46 -12.124 8.666 -9.993 -10.862 9.274 -7.393 -10.9 8.266 -10.994 
5 24 -10.02 9.034 -8.46 -10.9 8.266 -10.994 -12.124 8.666 -9.993 -9.096 8.491 -9.339 
2 24 -10.02 9.034 -8.46 -9.096 8.491 -9.339 
5 24 -9.096 8.491 -9.339 -10.9 8.266 -10.994 -10.02 9.034 -8.46 -9.964 7.215 -11.608 
5 24 -9.096 8.491 -9.339 -9.964 7.215 -11.608 -10.9 8.266 -10.994 -8.283 7.27 -10.114 
2 24 -9.096 8.491 -9.339 -8.283 7.27 -10.114 
5 24 -8.283 7.27 -10.114 -9.964 7.215 -11.608 -9.096 8.491 -9.339 -9.265 5.15 -12.212 
5 24 -8.283 7.27 -10.114 -9.265 5.15 -12.212 -9.964 7.215 -11.608 -7.418 5.251 -10.713 
2 24 -8.283 7.27 -10.114 -7.418 5.251 -10.713 
5 24 -7.418 5.251 -10.713 -9.265 5.15 -12.212 -8.283 7.27 -10.114 -8.698 3.242 -12.623 
2 24 -7.418 5.251 -10.713 -6.682 3.572 -10.858 
5 24 -6.682 3.572 -10.858 -8.698 3.242 -12.623 -7.418 5.251 -10.713 -6.125 1.713 -11.367 
2 24 -6.682 3.572 -10.858 -6.125 1.713 -11.367 
5 24 -6.125 1.713 -11.367 -8.698 3.242 -12.623 -6.682 3.572 -10.858 -7.942 1.181 -12.98 
5 24 -6.125 1.713 -11.367 -7.942 1.181 -12.98 -8.698 3.242 -12.623 -5.595 0.605 -11.581 
2 24 -6.125 1.713 -11.367 -5.595 0.605 -11.581 
5 24 -5.595 0.605 -11.581 -7.942 1.181 -12.98 -6.125 1.713 -11.367 -6.867 -0.831 -13.215 
5 24 -5.595 0.605 -11.581 -6.867 -0.831 -13.215 -7.942 1.181 -12.98 -4.584 -0.176 -11.685 
5 24 -4.584 -0.176 -11.685 -6.867 -0.831 -13.215 -5.595 0.605 -11.581 -5.102 -2.286 -13.102 
2 24 -5.595 0.605 -11.581 -4.584 -0.176 -11.685 
5 24 -4.584 -0.176 -11.685 -5.102 -2.286 -13.102 -6.867 -0.831 -13.215 -3.573 -2.608 -12.91 
5 24 -4.584 -0.176 -11.685 -3.573 -2.608 -12.91 -5.102 -2.286 -13.102 -3.213 -0.317 -11.719 
2 24 -4.584 -0.176 -11.685 -3.213 -0.317 -11.719 
5 24 -3.213 -0.317 -11.719 -3.573 -2.608 -12.91 -4.584 -0.176 -11.685 -1.78 -2.26 -12.703 
5 24 -3.213 -0.317 -11.719 -1.78 -2.26 -12.703 -3.573 -2.608 -12.91 -2.092 0.136 -11.691 
2 24 -1.78 -2.26 -12.703 -3.573 -2.608 -12.91 
2 24 -3.213 -0.317 -11.719 -2.092 0.136 -11.691 
5 24 -2.092 0.136 -11.691 -1.78 -2.26 -12.703 -3.213 -0.317 -11.719 -0.041 -1.365 -12.491 
2 24 -0.041 -1.365 -12.491 -1.78 -2.26 -12.703 
5 24 -2.092 0.136 -11.691 -0.041 -1.365 -12.491 -1.78 -2.26 -12.703 -1.148 1.251 -11.208 
2 24 -2.092 0.136 -11.691 -1.148 1.251 -11.208 
5 24 -1.148 1.251 -11.208 -0.041 -1.365 -12.491 -2.092 0.136 -11.691 -0.004 1.283 -11.298 
5 24 -14.287 3.88 -4.481 -14.094 1.574 -4.227 -14.722 3.589 -3.698 -13.924 1.206 -4.6 
5 24 -14.722 3.589 -3.698 -14.287 3.88 -4.481 -14.094 1.574 -4.227 -15.072 5.457 -3.479 
5 24 -15.072 5.457 -3.479 -14.287 3.88 -4.481 -14.722 3.589 -3.698 -14.543 5.951 -4.272 
5 24 -15.072 5.457 -3.479 -14.543 5.951 -4.272 -14.287 3.88 -4.481 -15.266 7.449 -3.233 
5 24 -15.266 7.449 -3.233 -14.543 5.951 -4.272 -15.072 5.457 -3.479 -14.332 7.881 -3.991 
5 24 -15.266 7.449 -3.233 -14.332 7.881 -3.991 -14.543 5.951 -4.272 -14.455 8.558 -2.962 
2 24 -14.455 8.558 -2.962 -14.332 7.881 -3.991 
5 24 -15.266 7.449 -3.233 -14.455 8.558 -2.962 -14.332 7.881 -3.991 -15.216 8.207 -2.649 
5 24 -15.216 8.207 -2.649 -14.455 8.558 -2.962 -15.266 7.449 -3.233 -14.481 8.666 -1.501 
5 24 -15.216 8.207 -2.649 -14.481 8.666 -1.501 -14.455 8.558 -2.962 -15.413 8.332 -0.96 
2 24 -14.481 8.666 -1.501 -14.455 8.558 -2.962 
5 24 -15.413 8.332 -0.96 -14.481 8.666 -1.501 -15.216 8.207 -2.649 -14.367 8.829 0.805 
5 24 -14.367 8.829 0.805 -14.481 8.666 -1.501 -15.413 8.332 -0.96 -13.02 9.148 -1.304 
5 24 -15.413 8.332 -0.96 -14.367 8.829 0.805 -14.481 8.666 -1.501 -15.382 8.382 0.936 
2 24 -13.02 9.148 -1.304 -14.481 8.666 -1.501 
5 24 -14.367 8.829 0.805 -13.02 9.148 -1.304 -14.481 8.666 -1.501 -13.112 9.249 0.708 
2 24 -14.367 8.829 0.805 -13.112 9.249 0.708 
2 24 -13.112 9.249 0.708 -13.02 9.148 -1.304 
2 24 -15.382 8.382 0.936 -14.367 8.829 0.805 
5 24 -14.273 9.954 -2.119 -13.02 9.148 -1.304 -12.924 10.205 -1.884 -14.481 8.666 -1.501 
2 24 -13.02 9.148 -1.304 -12.924 10.205 -1.884 
5 24 -12.924 10.205 -1.884 -14.273 9.954 -2.119 -13.02 9.148 -1.304 -14.016 11.488 -2.866 
2 24 -14.273 9.954 -2.119 -14.481 8.666 -1.501 
5 24 -12.924 10.205 -1.884 -14.016 11.488 -2.866 -14.273 9.954 -2.119 -12.804 11.697 -2.729 
2 24 -14.016 11.488 -2.866 -14.273 9.954 -2.119 
2 24 -12.924 10.205 -1.884 -12.804 11.697 -2.729 
2 24 -12.804 11.697 -2.729 -14.016 11.488 -2.866 
5 24 -6.125 1.713 -11.367 -6.522 2.161 -10.104 -6.262 1.365 -10.487 -6.682 3.572 -10.858 
5 24 -6.522 2.161 -10.104 -6.262 1.365 -10.487 -6.125 1.713 -11.367 -5.654 1.174 -9.62 
5 24 -6.262 1.365 -10.487 -6.125 1.713 -11.367 -6.522 2.161 -10.104 -5.595 0.605 -11.581 
2 24 -6.682 3.572 -10.858 -6.522 2.161 -10.104 
5 24 -6.262 1.365 -10.487 -5.595 0.605 -11.581 -6.125 1.713 -11.367 -5.708 0.541 -10.493 
5 24 -6.262 1.365 -10.487 -5.708 0.541 -10.493 -5.595 0.605 -11.581 -5.654 1.174 -9.62 
5 24 -5.708 0.541 -10.493 -5.595 0.605 -11.581 -6.262 1.365 -10.487 -4.708 -0.089 -10.601 
5 24 -4.708 -0.089 -10.601 -5.595 0.605 -11.581 -5.708 0.541 -10.493 -4.584 -0.176 -11.685 
5 24 -5.708 0.541 -10.493 -4.708 -0.089 -10.601 -5.595 0.605 -11.581 -4.507 0.587 -9.35 
5 24 -4.708 -0.089 -10.601 -4.584 -0.176 -11.685 -5.595 0.605 -11.581 -3.581 -0.218 -10.714 
5 24 -4.708 -0.089 -10.601 -3.581 -0.218 -10.714 -4.584 -0.176 -11.685 -4.507 0.587 -9.35 
5 24 -3.581 -0.218 -10.714 -3.213 -0.317 -11.719 -4.584 -0.176 -11.685 -2.61 0.109 -10.845 
5 24 -6.262 1.365 -10.487 -5.654 1.174 -9.62 -5.708 0.541 -10.493 -6.522 2.161 -10.104 
5 24 -5.654 1.174 -9.62 -5.708 0.541 -10.493 -6.262 1.365 -10.487 -4.507 0.587 -9.35 
2 24 -6.522 2.161 -10.104 -5.654 1.174 -9.62 
5 24 -5.708 0.541 -10.493 -4.507 0.587 -9.35 -4.708 -0.089 -10.601 -5.654 1.174 -9.62 
5 24 -4.507 0.587 -9.35 -4.708 -0.089 -10.601 -5.708 0.541 -10.493 -3.581 -0.218 -10.714 
2 24 -5.654 1.174 -9.62 -4.507 0.587 -9.35 
5 24 -4.507 0.587 -9.35 -3.581 -0.218 -10.714 -4.708 -0.089 -10.601 -3.272 0.316 -9.453 
5 24 -3.581 -0.218 -10.714 -2.61 0.109 -10.845 -3.213 -0.317 -11.719 -3.272 0.316 -9.453 
5 24 -2.61 0.109 -10.845 -3.213 -0.317 -11.719 -3.581 -0.218 -10.714 -2.092 0.136 -11.691 
5 24 -2.61 0.109 -10.845 -2.092 0.136 -11.691 -3.213 -0.317 -11.719 -2.22 0.628 -10.316 
5 24 -2.22 0.628 -10.316 -2.092 0.136 -11.691 -2.61 0.109 -10.845 -1.148 1.251 -11.208 
5 24 -2.61 0.109 -10.845 -2.22 0.628 -10.316 -2.092 0.136 -11.691 -3.272 0.316 -9.453 
2 24 -2.22 0.628 -10.316 -1.148 1.251 -11.208 
5 24 -3.272 0.316 -9.453 -2.61 0.109 -10.845 -3.581 -0.218 -10.714 -2.22 0.628 -10.316 
5 24 -3.581 -0.218 -10.714 -3.272 0.316 -9.453 -2.61 0.109 -10.845 -4.507 0.587 -9.35 
2 24 -3.272 0.316 -9.453 -2.22 0.628 -10.316 
2 24 -4.507 0.587 -9.35 -3.272 0.316 -9.453 
2 24 -1.148 1.251 -11.208 -0.004 1.283 -11.298 
5 24 -0.004 1.283 -11.298 -0.041 -1.365 -12.491 -1.148 1.251 -11.208 1.196 1.215 -11.214 
5 24 1.196 1.215 -11.214 -0.041 -1.365 -12.491 -0.004 1.283 -11.298 2.046 0.085 -11.707 
2 24 -0.004 1.283 -11.298 1.196 1.215 -11.214 
5 24 2.046 0.085 -11.707 -0.041 -1.365 -12.491 1.196 1.215 -11.214 1.527 -2.204 -12.685 
2 24 1.196 1.215 -11.214 2.046 0.085 -11.707 
2 24 1.527 -2.204 -12.685 -0.041 -1.365 -12.491 
5 24 3.24 -0.423 -11.814 1.527 -2.204 -12.685 2.046 0.085 -11.707 3.446 -2.561 -12.904 
2 24 2.046 0.085 -11.707 3.24 -0.423 -11.814 
5 24 3.24 -0.423 -11.814 3.446 -2.561 -12.904 1.527 -2.204 -12.685 4.502 -0.228 -11.818 
5 24 4.502 -0.228 -11.818 3.446 -2.561 -12.904 3.24 -0.423 -11.814 5.182 -2.307 -13.106 
2 24 3.24 -0.423 -11.814 4.502 -0.228 -11.818 
5 24 4.502 -0.228 -11.818 5.182 -2.307 -13.106 3.446 -2.561 -12.904 6.639 -1.104 -13.239 
5 24 4.502 -0.228 -11.818 6.639 -1.104 -13.239 5.182 -2.307 -13.106 5.443 0.571 -11.649 
2 24 4.502 -0.228 -11.818 5.443 0.571 -11.649 
5 24 5.443 0.571 -11.649 6.639 -1.104 -13.239 4.502 -0.228 -11.818 7.34 0.225 -13.152 
5 24 5.443 0.571 -11.649 7.34 0.225 -13.152 6.639 -1.104 -13.239 6.008 1.693 -11.439 
2 24 5.443 0.571 -11.649 6.008 1.693 -11.439 
5 24 6.008 1.693 -11.439 7.34 0.225 -13.152 5.443 0.571 -11.649 7.968 1.75 -12.933 
5 24 6.008 1.693 -11.439 7.968 1.75 -12.933 7.34 0.225 -13.152 6.542 3.375 -10.862 
2 24 6.008 1.693 -11.439 6.542 3.375 -10.862 
5 24 6.542 3.375 -10.862 7.968 1.75 -12.933 6.008 1.693 -11.439 8.553 3.484 -12.638 
5 24 6.542 3.375 -10.862 8.553 3.484 -12.638 7.968 1.75 -12.933 7.121 4.462 -10.927 
2 24 6.542 3.375 -10.862 7.121 4.462 -10.927 
5 24 7.121 4.462 -10.927 8.553 3.484 -12.638 6.542 3.375 -10.862 9.145 5.354 -12.185 
5 24 7.121 4.462 -10.927 9.145 5.354 -12.185 8.553 3.484 -12.638 7.618 5.74 -10.627 
2 24 7.121 4.462 -10.927 7.618 5.74 -10.627 
5 24 7.618 5.74 -10.627 9.145 5.354 -12.185 7.121 4.462 -10.927 9.7 6.931 -11.692 
2 24 7.618 5.74 -10.627 8.234 7.284 -10.184 
5 24 8.234 7.284 -10.184 9.7 6.931 -11.692 7.618 5.74 -10.627 10.673 8.276 -11.009 
5 24 8.234 7.284 -10.184 10.673 8.276 -11.009 9.7 6.931 -11.692 9.006 8.517 -9.516 
2 24 8.234 7.284 -10.184 9.006 8.517 -9.516 
5 24 9.006 8.517 -9.516 10.673 8.276 -11.009 8.234 7.284 -10.184 9.844 9.055 -8.631 
2 24 9.006 8.517 -9.516 9.844 9.055 -8.631 
5 24 9.844 9.055 -8.631 10.673 8.276 -11.009 9.006 8.517 -9.516 11.972 8.748 -9.887 
5 24 9.844 9.055 -8.631 11.972 8.748 -9.887 10.673 8.276 -11.009 10.877 9.255 -7.362 
5 24 10.877 9.255 -7.362 11.972 8.748 -9.887 9.844 9.055 -8.631 12.941 8.97 -7.325 
2 24 9.844 9.055 -8.631 10.877 9.255 -7.362 
2 24 10.877 9.255 -7.362 12.941 8.97 -7.325 
5 24 12.941 8.97 -7.325 11.972 8.748 -9.887 10.877 9.255 -7.362 13.436 8.556 -7.949 
5 24 12.941 8.97 -7.325 13.436 8.556 -7.949 11.972 8.748 -9.887 14.237 8.293 -6.293 
5 24 12.941 8.97 -7.325 14.237 8.293 -6.293 13.436 8.556 -7.949 13.561 8.881 -5.908 
2 24 12.941 8.97 -7.325 13.561 8.881 -5.908 
5 24 13.561 8.881 -5.908 14.237 8.293 -6.293 12.941 8.97 -7.325 14.106 8.735 -4.28 
5 24 14.106 8.735 -4.28 14.237 8.293 -6.293 13.561 8.881 -5.908 14.808 8.056 -4.423 
2 24 13.561 8.881 -5.908 14.106 8.735 -4.28 
5 24 14.106 8.735 -4.28 14.808 8.056 -4.423 14.237 8.293 -6.293 15.21 7.853 -2.656 
5 24 14.106 8.735 -4.28 15.21 7.853 -2.656 14.808 8.056 -4.423 14.537 8.419 -2.244 
2 24 14.106 8.735 -4.28 14.537 8.419 -2.244 
2 24 14.537 8.419 -2.244 15.21 7.853 -2.656 
5 24 -2.305 -5.045 -10.951 -0.572 -5.116 -9.871 -2.364 -5.17 -9.838 -0.212 -4.469 -10.717 
2 24 -0.572 -5.116 -9.871 -2.364 -5.17 -9.838 
5 24 -2.364 -5.17 -9.838 -2.305 -5.045 -10.951 -0.572 -5.116 -9.871 -4.479 -5.109 -10.116 
2 24 -2.305 -5.045 -10.951 -0.212 -4.469 -10.717 
2 24 -2.364 -5.17 -9.838 -4.479 -5.109 -10.116 
5 24 -4.479 -5.109 -10.116 -2.305 -5.045 -10.951 -2.364 -5.17 -9.838 -4.537 -5.059 -11.14 
5 24 -4.479 -5.109 -10.116 -4.537 -5.059 -11.14 -2.305 -5.045 -10.951 -7.148 -4.425 -10.17 
2 24 -4.537 -5.059 -11.14 -2.305 -5.045 -10.951 
5 24 -7.148 -4.425 -10.17 -4.537 -5.059 -11.14 -4.479 -5.109 -10.116 -7.095 -4.337 -11.174 
2 24 -4.479 -5.109 -10.116 -7.148 -4.425 -10.17 
5 24 -7.148 -4.425 -10.17 -7.095 -4.337 -11.174 -4.537 -5.059 -11.14 -9.018 -2.847 -10.982 
5 24 -7.148 -4.425 -10.17 -9.018 -2.847 -10.982 -7.095 -4.337 -11.174 -9.078 -2.824 -10.067 
2 24 -7.148 -4.425 -10.17 -9.078 -2.824 -10.067 
5 24 -9.078 -2.824 -10.067 -9.018 -2.847 -10.982 -7.148 -4.425 -10.17 -10.711 -0.596 -10.548 
5 24 -9.078 -2.824 -10.067 -10.711 -0.596 -10.548 -9.018 -2.847 -10.982 -10.838 -0.493 -9.808 
2 24 -9.078 -2.824 -10.067 -10.838 -0.493 -9.808 
5 24 -10.838 -0.493 -9.808 -10.711 -0.596 -10.548 -9.078 -2.824 -10.067 -11.654 1.432 -10.145 
5 24 -10.838 -0.493 -9.808 -11.654 1.432 -10.145 -10.711 -0.596 -10.548 -12.001 1.597 -9.636 
2 24 -10.838 -0.493 -9.808 -12.001 1.597 -9.636 
2 24 -12.001 1.597 -9.636 -11.654 1.432 -10.145 
5 24 -2.364 -5.17 -9.838 -0.365 -5.948 -9.113 -2.397 -6.356 -9.326 -0.572 -5.116 -9.871 
5 24 -2.397 -6.356 -9.326 -2.364 -5.17 -9.838 -0.365 -5.948 -9.113 -4.479 -5.109 -10.116 
5 24 -2.397 -6.356 -9.326 -4.479 -5.109 -10.116 -2.364 -5.17 -9.838 -4.678 -6.435 -9.591 
5 24 -4.678 -6.435 -9.591 -4.479 -5.109 -10.116 -2.397 -6.356 -9.326 -7.574 -5.349 -9.741 
5 24 -7.574 -5.349 -9.741 -4.479 -5.109 -10.116 -4.678 -6.435 -9.591 -7.148 -4.425 -10.17 
5 24 -7.574 -5.349 -9.741 -7.148 -4.425 -10.17 -4.479 -5.109 -10.116 -9.623 -3.485 -9.681 
5 24 -9.623 -3.485 -9.681 -9.078 -2.824 -10.067 -7.148 -4.425 -10.17 -11.314 -0.875 -9.498 
5 24 -11.314 -0.875 -9.498 -9.078 -2.824 -10.067 -9.623 -3.485 -9.681 -10.838 -0.493 -9.808 
5 24 -11.314 -0.875 -9.498 -10.838 -0.493 -9.808 -9.078 -2.824 -10.067 -12.076 1.011 -9.333 
5 24 -12.076 1.011 -9.333 -10.838 -0.493 -9.808 -11.314 -0.875 -9.498 -12.001 1.597 -9.636 
2 24 -12.076 1.011 -9.333 -12.001 1.597 -9.636 
5 24 -2.671 -7.826 -6.173 -0.284 -7.23 -5.101 -2.883 -7.449 -5.098 -0.357 -7.161 -6.154 
2 24 -0.284 -7.23 -5.101 -2.883 -7.449 -5.098 
5 24 -2.883 -7.449 -5.098 -2.671 -7.826 -6.173 -0.284 -7.23 -5.101 -5.667 -7.607 -6.125 
2 24 -0.357 -7.161 -6.154 -0.284 -7.23 -5.101 
2 24 -2.883 -7.449 -5.098 -5.454 -7.3 -5.2 
5 24 -5.454 -7.3 -5.2 -5.667 -7.607 -6.125 -2.883 -7.449 -5.098 -8.2 -5.967 -5.257 
5 24 -8.2 -5.967 -5.257 -5.667 -7.607 -6.125 -5.454 -7.3 -5.2 -8.356 -6.343 -6.078 
2 24 -5.454 -7.3 -5.2 -8.2 -5.967 -5.257 
5 24 -8.2 -5.967 -5.257 -8.356 -6.343 -6.078 -5.667 -7.607 -6.125 -10.491 -4.491 -5.98 
5 24 -8.2 -5.967 -5.257 -10.491 -4.491 -5.98 -8.356 -6.343 -6.078 -10.434 -4.15 -5.15 
2 24 -8.2 -5.967 -5.257 -10.434 -4.15 -5.15 
5 24 -10.434 -4.15 -5.15 -10.491 -4.491 -5.98 -8.2 -5.967 -5.257 -11.619 -3.203 -5.769 
5 24 -10.434 -4.15 -5.15 -11.619 -3.203 -5.769 -10.491 -4.491 -5.98 -12.085 -2.684 -5.205 
2 24 -10.434 -4.15 -5.15 -12.085 -2.684 -5.205 
5 24 -2.883 -7.449 -5.098 -1.251 -7.905 -4.079 -3.449 -8.156 -4.284 -0.284 -7.23 -5.101 
5 24 -3.449 -8.156 -4.284 -2.883 -7.449 -5.098 -1.251 -7.905 -4.079 -5.454 -7.3 -5.2 
5 24 -3.449 -8.156 -4.284 -5.454 -7.3 -5.2 -2.883 -7.449 -5.098 -5.786 -7.748 -4.426 
5 24 -5.786 -7.748 -4.426 -5.454 -7.3 -5.2 -3.449 -8.156 -4.284 -8.2 -5.967 -5.257 
5 24 -5.786 -7.748 -4.426 -8.2 -5.967 -5.257 -5.454 -7.3 -5.2 -8.376 -6.421 -4.531 
5 24 -8.376 -6.421 -4.531 -8.2 -5.967 -5.257 -5.786 -7.748 -4.426 -10.678 -4.495 -4.514 
5 24 -10.678 -4.495 -4.514 -8.2 -5.967 -5.257 -8.376 -6.421 -4.531 -10.434 -4.15 -5.15 
5 24 -10.678 -4.495 -4.514 -10.434 -4.15 -5.15 -8.2 -5.967 -5.257 -11.643 -3.434 -4.565 
5 24 -11.643 -3.434 -4.565 -10.434 -4.15 -5.15 -10.678 -4.495 -4.514 -12.085 -2.684 -5.205 
5 24 -12.148 -2.832 -2.254 -10.636 -4.075 -1.702 -12.524 -2.203 -1.623 -10.819 -4.36 -2.48 
2 24 -10.636 -4.075 -1.702 -12.524 -2.203 -1.623 
5 24 -10.819 -4.36 -2.48 -10.636 -4.075 -1.702 -12.148 -2.832 -2.254 -8.29 -5.972 -1.739 
5 24 -10.819 -4.36 -2.48 -8.29 -5.972 -1.739 -10.636 -4.075 -1.702 -8.604 -6.257 -2.539 
2 24 -8.29 -5.972 -1.739 -10.636 -4.075 -1.702 
5 24 -8.604 -6.257 -2.539 -8.29 -5.972 -1.739 -10.819 -4.36 -2.48 -5.865 -7.846 -2.656 
5 24 -5.865 -7.846 -2.656 -8.29 -5.972 -1.739 -8.604 -6.257 -2.539 -5.632 -7.275 -1.665 
5 24 -5.865 -7.846 -2.656 -5.632 -7.275 -1.665 -8.29 -5.972 -1.739 -3.483 -8.292 -2.456 
2 24 -5.632 -7.275 -1.665 -8.29 -5.972 -1.739 
5 24 -3.483 -8.292 -2.456 -5.632 -7.275 -1.665 -5.865 -7.846 -2.656 -3.282 -7.749 -1.464 
5 24 -3.483 -8.292 -2.456 -3.282 -7.749 -1.464 -5.632 -7.275 -1.665 -1.156 -7.967 -2.441 
2 24 -3.282 -7.749 -1.464 -5.632 -7.275 -1.665 
5 24 -1.156 -7.967 -2.441 -3.282 -7.749 -1.464 -3.483 -8.292 -2.456 -0.147 -7.417 -1.424 
2 24 -0.147 -7.417 -1.424 -3.282 -7.749 -1.464 
5 24 -12.044 -2.837 -0.965 -10.636 -4.075 -1.702 -10.856 -4.262 -0.928 -12.524 -2.203 -1.623 
5 24 -10.636 -4.075 -1.702 -10.856 -4.262 -0.928 -12.044 -2.837 -0.965 -8.29 -5.972 -1.739 
5 24 -8.29 -5.972 -1.739 -10.856 -4.262 -0.928 -10.636 -4.075 -1.702 -8.392 -6.446 -0.904 
5 24 -8.29 -5.972 -1.739 -8.392 -6.446 -0.904 -10.856 -4.262 -0.928 -5.632 -7.275 -1.665 
5 24 -5.632 -7.275 -1.665 -8.392 -6.446 -0.904 -8.29 -5.972 -1.739 -5.827 -7.803 -0.737 
5 24 -5.632 -7.275 -1.665 -5.827 -7.803 -0.737 -8.392 -6.446 -0.904 -3.536 -8.389 -0.583 
5 24 -5.632 -7.275 -1.665 -3.536 -8.389 -0.583 -5.827 -7.803 -0.737 -3.282 -7.749 -1.464 
5 24 -3.282 -7.749 -1.464 -3.536 -8.389 -0.583 -5.632 -7.275 -1.665 -1.23 -8.174 -0.241 
5 24 -3.282 -7.749 -1.464 -1.23 -8.174 -0.241 -3.536 -8.389 -0.583 -0.147 -7.417 -1.424 
2 24 -0.147 -7.417 -1.424 -1.23 -8.174 -0.241 
5 24 0.047 -7.421 1.031 -1.108 -8.155 2.641 -1.136 -8.208 1.33 -0.101 -7.386 3.813 
5 24 -1.136 -8.208 1.33 0.047 -7.421 1.031 -1.108 -8.155 2.641 -1.23 -8.174 -0.241 
2 24 0.047 -7.421 1.031 -0.101 -7.386 3.813 
2 24 -0.101 -7.386 3.813 -1.108 -8.155 2.641 
2 24 -0.147 -7.417 -1.424 0.047 -7.421 1.031 
5 24 -15.191 4.721 2.108 -15.168 5.819 2.439 -15.421 5.748 1.941 -14.947 4.068 2.617 
5 24 -15.168 5.819 2.439 -15.421 5.748 1.941 -15.191 4.721 2.108 -15.621 7.144 1.697 
2 24 -14.947 4.068 2.617 -15.168 5.819 2.439 
5 24 -15.168 5.819 2.439 -15.621 7.144 1.697 -15.421 5.748 1.941 -15.247 7.3 2.316 
2 24 -15.168 5.819 2.439 -15.247 7.3 2.316 
5 24 -15.247 7.3 2.316 -15.621 7.144 1.697 -15.168 5.819 2.439 -14.697 8.101 2.167 
5 24 -14.697 8.101 2.167 -15.621 7.144 1.697 -15.247 7.3 2.316 -15.382 8.382 0.936 
2 24 -15.247 7.3 2.316 -14.697 8.101 2.167 
5 24 -14.697 8.101 2.167 -15.382 8.382 0.936 -15.621 7.144 1.697 -14.367 8.829 0.805 
5 24 -14.697 8.101 2.167 -14.367 8.829 0.805 -15.382 8.382 0.936 -13.962 8.572 1.954 
2 24 -14.697 8.101 2.167 -13.962 8.572 1.954 
5 24 -13.962 8.572 1.954 -14.367 8.829 0.805 -14.697 8.101 2.167 -12.998 8.988 1.698 
2 24 -13.962 8.572 1.954 -12.998 8.988 1.698 
5 24 -12.998 8.988 1.698 -14.367 8.829 0.805 -13.962 8.572 1.954 -13.112 9.249 0.708 
2 24 -12.998 8.988 1.698 -13.112 9.249 0.708 
5 24 -15.168 5.819 2.439 -15.07 4.704 2.906 -15.269 5.827 2.858 -14.947 4.068 2.617 
2 24 -15.07 4.704 2.906 -15.269 5.827 2.858 
5 24 -15.269 5.827 2.858 -15.168 5.819 2.439 -15.07 4.704 2.906 -15.423 7.28 2.89 
5 24 -15.423 7.28 2.89 -15.168 5.819 2.439 -15.269 5.827 2.858 -15.247 7.3 2.316 
2 24 -15.269 5.827 2.858 -15.423 7.28 2.89 
5 24 -15.423 7.28 2.89 -15.247 7.3 2.316 -15.168 5.819 2.439 -14.697 8.101 2.167 
5 24 -15.423 7.28 2.89 -14.697 8.101 2.167 -15.247 7.3 2.316 -15.375 8.534 3.453 
2 24 -15.423 7.28 2.89 -15.375 8.534 3.453 
5 24 -15.375 8.534 3.453 -14.697 8.101 2.167 -15.423 7.28 2.89 -14.209 9.16 3.021 
2 24 -15.375 8.534 3.453 -14.209 9.16 3.021 
5 24 -14.209 9.16 3.021 -14.697 8.101 2.167 -15.375 8.534 3.453 -13.962 8.572 1.954 
5 24 -14.209 9.16 3.021 -13.962 8.572 1.954 -14.697 8.101 2.167 -12.876 9.616 2.424 
2 24 -14.209 9.16 3.021 -12.876 9.616 2.424 
5 24 -12.876 9.616 2.424 -13.962 8.572 1.954 -14.209 9.16 3.021 -12.998 8.988 1.698 
2 24 -12.876 9.616 2.424 -12.998 8.988 1.698 
5 24 -14.209 9.16 3.021 -12.655 10.039 3.314 -12.876 9.616 2.424 -14.274 9.396 4.477 
2 24 -12.655 10.039 3.314 -12.876 9.616 2.424 
5 24 -14.209 9.16 3.021 -14.274 9.396 4.477 -12.655 10.039 3.314 -15.375 8.534 3.453 
2 24 -14.274 9.396 4.477 -12.655 10.039 3.314 
5 24 -15.375 8.534 3.453 -14.274 9.396 4.477 -14.209 9.16 3.021 -15.064 8.905 5.126 
2 24 -15.375 8.534 3.453 -15.064 8.905 5.126 
5 24 -15.064 8.905 5.126 -14.274 9.396 4.477 -15.375 8.534 3.453 -13.839 9.721 6.808 
5 24 -15.064 8.905 5.126 -13.839 9.721 6.808 -14.274 9.396 4.477 -14.566 9.121 7.116 
2 24 -13.839 9.721 6.808 -14.274 9.396 4.477 
2 24 -15.064 8.905 5.126 -14.566 9.121 7.116 
5 24 -14.566 9.121 7.116 -13.839 9.721 6.808 -15.064 8.905 5.126 -13.263 9.543 9.932 
2 24 -14.566 9.121 7.116 -13.263 9.543 9.932 
5 24 -13.263 9.543 9.932 -12.614 10.095 9.509 -13.839 9.721 6.808 -11.751 9.871 12.444 
2 24 -12.614 10.095 9.509 -13.839 9.721 6.808 
2 24 -13.263 9.543 9.932 -11.751 9.871 12.444 
5 24 -11.751 9.871 12.444 -12.614 10.095 9.509 -13.263 9.543 9.932 -10.965 10.377 12.01 
5 24 -11.751 9.871 12.444 -10.965 10.377 12.01 -12.614 10.095 9.509 -11.263 9.649 13.177 
2 24 -10.965 10.377 12.01 -12.614 10.095 9.509 
2 24 -11.751 9.871 12.444 -11.263 9.649 13.177 
5 24 -11.263 9.649 13.177 -10.965 10.377 12.01 -11.751 9.871 12.444 -10.294 10.207 12.853 
5 24 -11.263 9.649 13.177 -10.294 10.207 12.853 -10.965 10.377 12.01 -9.704 9.696 13.585 
2 24 -10.294 10.207 12.853 -10.965 10.377 12.01 
5 24 -11.263 9.649 13.177 -9.704 9.696 13.585 -10.294 10.207 12.853 -11.018 8.784 13.598 
2 24 -9.704 9.696 13.585 -10.294 10.207 12.853 
2 24 -11.263 9.649 13.177 -11.018 8.784 13.598 
5 24 -11.018 8.784 13.598 -9.704 9.696 13.585 -11.263 9.649 13.177 -9.828 6.88 14.304 
2 24 -9.828 6.88 14.304 -9.704 9.696 13.585 
5 24 -11.018 8.784 13.598 -9.828 6.88 14.304 -9.704 9.696 13.585 -10.428 6.479 13.954 
2 24 -11.018 8.784 13.598 -10.428 6.479 13.954 
5 24 -10.428 6.479 13.954 -9.828 6.88 14.304 -11.018 8.784 13.598 -9.82 4.505 14.11 
5 24 -9.82 4.505 14.11 -9.828 6.88 14.304 -10.428 6.479 13.954 -9.371 3.799 14.323 
2 24 -10.428 6.479 13.954 -9.82 4.505 14.11 
2 24 -9.82 4.505 14.11 -9.371 3.799 14.323 
2 24 -9.371 3.799 14.323 -9.828 6.88 14.304 
5 24 -15.026 6.882 5.056 -15.269 5.827 2.858 -14.713 5.057 5.041 -15.423 7.28 2.89 
5 24 -14.713 5.057 5.041 -15.026 6.882 5.056 -15.269 5.827 2.858 -14.472 7.044 7.08 
5 24 -15.026 6.882 5.056 -15.423 7.28 2.89 -15.269 5.827 2.858 -15.375 8.534 3.453 
5 24 -15.026 6.882 5.056 -15.375 8.534 3.453 -15.423 7.28 2.89 -15.064 8.905 5.126 
5 24 -15.026 6.882 5.056 -15.064 8.905 5.126 -15.375 8.534 3.453 -14.472 7.044 7.08 
5 24 -14.472 7.044 7.08 -15.064 8.905 5.126 -15.026 6.882 5.056 -14.566 9.121 7.116 
5 24 -15.026 6.882 5.056 -14.472 7.044 7.08 -15.064 8.905 5.126 -14.713 5.057 5.041 
5 24 -14.472 7.044 7.08 -14.566 9.121 7.116 -15.064 8.905 5.126 -13.262 7.426 9.951 
5 24 -14.148 4.925 6.982 -14.472 7.044 7.08 -14.713 5.057 5.041 -12.939 5.173 9.92 
5 24 -14.472 7.044 7.08 -13.262 7.426 9.951 -14.566 9.121 7.116 -12.939 5.173 9.92 
5 24 -13.262 7.426 9.951 -14.566 9.121 7.116 -14.472 7.044 7.08 -13.263 9.543 9.932 
5 24 -13.262 7.426 9.951 -13.263 9.543 9.932 -14.566 9.121 7.116 -11.828 8.065 12.48 
5 24 -14.472 7.044 7.08 -12.939 5.173 9.92 -13.262 7.426 9.951 -14.148 4.925 6.982 
5 24 -12.939 5.173 9.92 -13.262 7.426 9.951 -14.472 7.044 7.08 -11.432 5.785 12.605 
5 24 -14.148 4.925 6.982 -12.939 5.173 9.92 -14.472 7.044 7.08 -12.353 2.808 9.796 
5 24 -13.262 7.426 9.951 -11.828 8.065 12.48 -13.263 9.543 9.932 -11.432 5.785 12.605 
5 24 -11.828 8.065 12.48 -13.263 9.543 9.932 -13.262 7.426 9.951 -11.751 9.871 12.444 
5 24 -11.828 8.065 12.48 -11.751 9.871 12.444 -13.263 9.543 9.932 -11.018 8.784 13.598 
5 24 -11.828 8.065 12.48 -11.018 8.784 13.598 -11.751 9.871 12.444 -10.428 6.479 13.954 
5 24 -12.939 5.173 9.92 -11.432 5.785 12.605 -13.262 7.426 9.951 -10.605 3.354 12.829 
5 24 -11.432 5.785 12.605 -11.828 8.065 12.48 -13.262 7.426 9.951 -10.428 6.479 13.954 
5 24 -11.432 5.785 12.605 -10.428 6.479 13.954 -11.828 8.065 12.48 -9.82 4.505 14.11 
5 24 -12.353 2.808 9.796 -12.939 5.173 9.92 -14.148 4.925 6.982 -10.605 3.354 12.829 
5 24 -10.605 3.354 12.829 -11.432 5.785 12.605 -12.939 5.173 9.92 -9.82 4.505 14.11 
5 24 -12.353 2.808 9.796 -10.605 3.354 12.829 -12.939 5.173 9.92 -10.118 0.919 12.196 
5 24 -12.353 2.808 9.796 -10.118 0.919 12.196 -10.605 3.354 12.829 -11.492 0.238 9.407 
5 24 -10.118 0.919 12.196 -10.605 3.354 12.829 -12.353 2.808 9.796 -9.152 1.678 13.669 
5 24 -11.492 0.238 9.407 -10.118 0.919 12.196 -12.353 2.808 9.796 -10.276 -1.7 9.5 
5 24 -9.82 4.505 14.11 -11.432 5.785 12.605 -10.605 3.354 12.829 -10.428 6.479 13.954 
5 24 -10.605 3.354 12.829 -9.82 4.505 14.11 -11.432 5.785 12.605 -9.3 2.803 14.019 
5 24 -10.605 3.354 12.829 -9.3 2.803 14.019 -9.82 4.505 14.11 -9.152 1.678 13.669 
5 24 -9.3 2.803 14.019 -9.371 3.799 14.323 -9.82 4.505 14.11 -8.089 3.578 15.31 
5 24 -8.089 3.578 15.31 -9.371 3.799 14.323 -9.3 2.803 14.019 -9.294 4.558 14.634 
5 24 -9.3 2.803 14.019 -8.089 3.578 15.31 -9.371 3.799 14.323 -7.385 1.487 14.966 
5 24 -8.089 3.578 15.31 -9.294 4.558 14.634 -9.371 3.799 14.323 -8.156 6.369 15.864 
2 24 -9.294 4.558 14.634 -9.371 3.799 14.323 
5 24 -8.156 6.369 15.864 -9.294 4.558 14.634 -8.089 3.578 15.31 -9.545 6.921 14.826 
5 24 -8.089 3.578 15.31 -8.156 6.369 15.864 -9.294 4.558 14.634 -5.013 3.925 16.992 
5 24 -8.156 6.369 15.864 -9.545 6.921 14.826 -9.294 4.558 14.634 -8.388 8.838 15.77 
2 24 -9.545 6.921 14.826 -9.294 4.558 14.634 
5 24 -8.388 8.838 15.77 -9.545 6.921 14.826 -8.156 6.369 15.864 -9.5 9.447 14.802 
5 24 -8.156 6.369 15.864 -8.388 8.838 15.77 -9.545 6.921 14.826 -5.625 8.904 17.211 
5 24 -8.388 8.838 15.77 -9.5 9.447 14.802 -9.545 6.921 14.826 -8.918 10.6 15.084 
2 24 -9.5 9.447 14.802 -9.545 6.921 14.826 
5 24 -8.388 8.838 15.77 -8.918 10.6 15.084 -9.5 9.447 14.802 -6.208 11.108 16.695 
5 24 -8.918 10.6 15.084 -9.5 9.447 14.802 -8.388 8.838 15.77 -9.392 10.277 14.631 
2 24 -8.918 10.6 15.084 -9.392 10.277 14.631 
2 24 -9.392 10.277 14.631 -9.5 9.447 14.802 
5 24 -7.385 1.487 14.966 -8.089 3.578 15.31 -9.3 2.803 14.019 -4.681 1.969 16.496 
5 24 -9.3 2.803 14.019 -9.152 1.678 13.669 -7.385 1.487 14.966 -10.605 3.354 12.829 
5 24 -9.152 1.678 13.669 -7.385 1.487 14.966 -9.3 2.803 14.019 -8.127 0.166 13.75 
5 24 -10.605 3.354 12.829 -9.152 1.678 13.669 -9.3 2.803 14.019 -10.118 0.919 12.196 
5 24 -10.118 0.919 12.196 -9.152 1.678 13.669 -10.605 3.354 12.829 -8.938 0.734 13.385 
5 24 -8.938 0.734 13.385 -9.152 1.678 13.669 -10.118 0.919 12.196 -8.127 0.166 13.75 
5 24 -10.118 0.919 12.196 -8.938 0.734 13.385 -9.152 1.678 13.669 -9.104 -0.061 12.744 
5 24 -10.118 0.919 12.196 -9.104 -0.061 12.744 -8.938 0.734 13.385 -10.276 -1.7 9.5 
2 24 -9.104 -0.061 12.744 -8.938 0.734 13.385 
2 24 -8.938 0.734 13.385 -8.127 0.166 13.75 
5 24 -8.127 0.166 13.75 -7.385 1.487 14.966 -9.152 1.678 13.669 -5.672 -1.085 14.449 
5 24 -5.672 -1.085 14.449 -7.385 1.487 14.966 -8.127 0.166 13.75 -4.681 1.969 16.496 
5 24 -4.681 1.969 16.496 -7.385 1.487 14.966 -5.672 -1.085 14.449 -8.089 3.578 15.31 
5 24 -5.672 -1.085 14.449 -3.845 -0.259 15.746 -4.681 1.969 16.496 -2.846 -1.772 15.177 
5 24 -3.845 -0.259 15.746 -4.681 1.969 16.496 -5.672 -1.085 14.449 -1.961 0.151 16.64 
5 24 -2.846 -1.772 15.177 -3.845 -0.259 15.746 -5.672 -1.085 14.449 -1.84 -1.334 15.738 
5 24 -5.672 -1.085 14.449 -2.846 -1.772 15.177 -3.845 -0.259 15.746 -3.594 -3.376 13.616 
5 24 -5.672 -1.085 14.449 -3.594 -3.376 13.616 -2.846 -1.772 15.177 -5.165 -3.849 12.456 
5 24 -3.594 -3.376 13.616 -2.846 -1.772 15.177 -5.672 -1.085 14.449 -1.834 -2.551 14.866 
5 24 -5.165 -3.849 12.456 -3.594 -3.376 13.616 -5.672 -1.085 14.449 -2.914 -4.644 12.57 
5 24 -2.914 -4.644 12.57 -3.594 -3.376 13.616 -5.165 -3.849 12.456 -1.802 -3.847 13.742 
5 24 -5.165 -3.849 12.456 -2.914 -4.644 12.57 -3.594 -3.376 13.616 -3.685 -5.062 11.655 
2 24 -5.165 -3.849 12.456 -3.685 -5.062 11.655 
5 24 -3.685 -5.062 11.655 -2.914 -4.644 12.57 -5.165 -3.849 12.456 -1.637 -4.939 12.474 
5 24 -1.637 -4.939 12.474 -2.914 -4.644 12.57 -3.685 -5.062 11.655 -1.802 -3.847 13.742 
2 24 -3.685 -5.062 11.655 -1.667 -6.128 10.569 
2 24 -1.667 -6.128 10.569 -1.637 -4.939 12.474 
5 24 -2.914 -4.644 12.57 -1.802 -3.847 13.742 -3.594 -3.376 13.616 -1.637 -4.939 12.474 
5 24 -1.802 -3.847 13.742 -3.594 -3.376 13.616 -2.914 -4.644 12.57 -1.834 -2.551 14.866 
2 24 -1.637 -4.939 12.474 -1.802 -3.847 13.742 
5 24 -5.672 -1.085 14.449 -6.93 -1.628 13.375 -5.165 -3.849 12.456 -8.127 0.166 13.75 
2 24 -6.93 -1.628 13.375 -5.165 -3.849 12.456 
2 24 -8.127 0.166 13.75 -6.93 -1.628 13.375 
5 24 -1.834 -2.551 14.866 -3.594 -3.376 13.616 -1.802 -3.847 13.742 -2.846 -1.772 15.177 
2 24 -1.802 -3.847 13.742 -1.834 -2.551 14.866 
5 24 -1.834 -2.551 14.866 -2.846 -1.772 15.177 -3.594 -3.376 13.616 -1.84 -1.334 15.738 
5 24 -1.84 -1.334 15.738 -2.846 -1.772 15.177 -1.834 -2.551 14.866 -3.845 -0.259 15.746 
2 24 -1.834 -2.551 14.866 -1.84 -1.334 15.738 
5 24 -1.84 -1.334 15.738 -3.845 -0.259 15.746 -2.846 -1.772 15.177 -1.961 0.151 16.64 
5 24 -1.961 0.151 16.64 -4.681 1.969 16.496 -3.845 -0.259 15.746 -2.092 2.076 17.465 
5 24 -3.845 -0.259 15.746 -1.961 0.151 16.64 -4.681 1.969 16.496 -1.84 -1.334 15.738 
2 24 -1.84 -1.334 15.738 -1.961 0.151 16.64 
2 24 -1.961 0.151 16.64 -2.092 2.076 17.465 
5 24 -2.092 2.076 17.465 -4.681 1.969 16.496 -1.961 0.151 16.64 -2.209 3.715 17.866 
5 24 -2.209 3.715 17.866 -4.681 1.969 16.496 -2.092 2.076 17.465 -5.013 3.925 16.992 
2 24 -2.092 2.076 17.465 -2.209 3.715 17.866 
5 24 -2.209 3.715 17.866 -5.013 3.925 16.992 -4.681 1.969 16.496 -2.272 4.775 18.029 
5 24 -5.013 3.925 16.992 -4.681 1.969 16.496 -2.209 3.715 17.866 -8.089 3.578 15.31 
2 24 -2.209 3.715 17.866 -2.272 4.775 18.029 
5 24 -2.272 4.775 18.029 -5.013 3.925 16.992 -2.209 3.715 17.866 -5.194 6.504 17.346 
5 24 -2.272 4.775 18.029 -5.194 6.504 17.346 -5.013 3.925 16.992 -1.989 7.119 18.304 
5 24 -5.194 6.504 17.346 -5.013 3.925 16.992 -2.272 4.775 18.029 -8.156 6.369 15.864 
5 24 -5.194 6.504 17.346 -8.156 6.369 15.864 -5.013 3.925 16.992 -5.625 8.904 17.211 
5 24 -8.156 6.369 15.864 -5.013 3.925 16.992 -5.194 6.504 17.346 -8.089 3.578 15.31 
5 24 -8.089 3.578 15.31 -5.013 3.925 16.992 -8.156 6.369 15.864 -4.681 1.969 16.496 
5 24 -2.272 4.775 18.029 -1.989 7.119 18.304 -5.194 6.504 17.346 -1.675 5.613 18.205 
5 24 -1.989 7.119 18.304 -5.194 6.504 17.346 -2.272 4.775 18.029 -5.625 8.904 17.211 
2 24 -2.272 4.775 18.029 -1.675 5.613 18.205 
5 24 -1.675 5.613 18.205 -1.989 7.119 18.304 -2.272 4.775 18.029 0.993 7.32 18.365 
5 24 -5.625 8.904 17.211 -8.156 6.369 15.864 -5.194 6.504 17.346 -8.388 8.838 15.77 
5 24 -5.194 6.504 17.346 -5.625 8.904 17.211 -8.156 6.369 15.864 -1.989 7.119 18.304 
5 24 -5.625 8.904 17.211 -8.388 8.838 15.77 -8.156 6.369 15.864 -6.208 11.108 16.695 
5 24 -5.625 8.904 17.211 -6.208 11.108 16.695 -8.388 8.838 15.77 -2.265 9.54 18.22 
5 24 -6.208 11.108 16.695 -8.388 8.838 15.77 -5.625 8.904 17.211 -8.918 10.6 15.084 
2 24 -6.208 11.108 16.695 -8.918 10.6 15.084 
5 24 -5.625 8.904 17.211 -2.265 9.54 18.22 -6.208 11.108 16.695 -1.989 7.119 18.304 
5 24 -2.265 9.54 18.22 -6.208 11.108 16.695 -5.625 8.904 17.211 -2.424 12.132 17.897 
5 24 -1.989 7.119 18.304 -2.265 9.54 18.22 -5.625 8.904 17.211 0.993 7.32 18.365 
5 24 -2.265 9.54 18.22 -2.424 12.132 17.897 -6.208 11.108 16.695 0.926 9.958 18.306 
2 24 -2.424 12.132 17.897 -6.208 11.108 16.695 
5 24 -13.496 0.239 2.775 -13.133 0.431 4.927 -14.089 2.583 4.879 -12.152 -2.232 2.424 
5 24 -13.133 0.431 4.927 -14.089 2.583 4.879 -13.496 0.239 2.775 -13.6 2.626 6.833 
5 24 -14.273 9.954 -2.119 -14.455 8.558 -2.962 -14.481 8.666 -1.501 -14.151 9.807 -3.877 
5 24 -14.273 9.954 -2.119 -14.151 9.807 -3.877 -14.455 8.558 -2.962 -14.016 11.488 -2.866 
5 24 -14.151 9.807 -3.877 -14.455 8.558 -2.962 -14.273 9.954 -2.119 -13.999 8.668 -4.84 
5 24 -13.999 8.668 -4.84 -14.455 8.558 -2.962 -14.151 9.807 -3.877 -14.332 7.881 -3.991 
5 24 -14.151 9.807 -3.877 -13.999 8.668 -4.84 -14.455 8.558 -2.962 -13.519 9.853 -5.744 
5 24 -13.519 9.853 -5.744 -13.999 8.668 -4.84 -14.151 9.807 -3.877 -13.483 8.926 -6.28 
5 24 -13.519 9.853 -5.744 -13.483 8.926 -6.28 -13.999 8.668 -4.84 -12.98 10.027 -6.9 
5 24 -13.519 9.853 -5.744 -12.98 10.027 -6.9 -13.483 8.926 -6.28 -12.907 11.313 -6.318 
2 24 -12.98 10.027 -6.9 -12.998 8.977 -7.361 
5 24 -13.519 9.853 -5.744 -12.907 11.313 -6.318 -12.98 10.027 -6.9 -13.449 11.396 -5.244 
2 24 -12.907 11.313 -6.318 -12.98 10.027 -6.9 
5 24 -13.519 9.853 -5.744 -13.449 11.396 -5.244 -12.907 11.313 -6.318 -14.151 9.807 -3.877 
2 24 -13.449 11.396 -5.244 -12.907 11.313 -6.318 
5 24 -14.151 9.807 -3.877 -13.449 11.396 -5.244 -13.519 9.853 -5.744 -13.906 11.48 -3.925 
5 24 -14.016 11.488 -2.866 -14.151 9.807 -3.877 -14.273 9.954 -2.119 -13.906 11.48 -3.925 
2 24 -14.016 11.488 -2.866 -13.906 11.48 -3.925 
5 24 -13.906 11.48 -3.925 -14.151 9.807 -3.877 -14.016 11.488 -2.866 -13.449 11.396 -5.244 
2 24 -13.906 11.48 -3.925 -13.449 11.396 -5.244 
5 24 -13.906 11.48 -3.925 -12.804 11.697 -2.729 -12.432 11.771 -4.056 -14.016 11.488 -2.866 
2 24 -12.804 11.697 -2.729 -12.432 11.771 -4.056 
5 24 -12.432 11.771 -4.056 -13.906 11.48 -3.925 -12.804 11.697 -2.729 -13.449 11.396 -5.244 
5 24 -12.432 11.771 -4.056 -13.449 11.396 -5.244 -13.906 11.48 -3.925 -11.972 11.663 -5.277 
2 24 -12.432 11.771 -4.056 -11.972 11.663 -5.277 
5 24 -11.972 11.663 -5.277 -13.449 11.396 -5.244 -12.432 11.771 -4.056 -12.907 11.313 -6.318 
5 24 -11.972 11.663 -5.277 -12.907 11.313 -6.318 -13.449 11.396 -5.244 -11.602 11.451 -6.342 
2 24 -11.972 11.663 -5.277 -11.602 11.451 -6.342 
2 24 -11.602 11.451 -6.342 -12.907 11.313 -6.318 
5 24 -11.602 11.451 -6.342 -12.98 10.027 -6.9 -12.907 11.313 -6.318 -11.13 10.287 -6.962 
2 24 -11.602 11.451 -6.342 -11.13 10.287 -6.962 
5 24 -11.13 10.287 -6.962 -12.98 10.027 -6.9 -11.602 11.451 -6.342 -10.862 9.274 -7.393 
2 24 -11.13 10.287 -6.962 -10.862 9.274 -7.393 
5 24 -10.862 9.274 -7.393 -12.98 10.027 -6.9 -11.13 10.287 -6.962 -12.998 8.977 -7.361 
5 24 -10.794 -2.435 6.409 -12.011 -1.353 5.957 -11.113 -2.725 5.756 -12.308 -0.461 6.592 
5 24 -11.113 -2.725 5.756 -10.794 -2.435 6.409 -12.011 -1.353 5.957 -9.119 -4.12 6.013 
2 24 -10.794 -2.435 6.409 -12.308 -0.461 6.592 
2 24 -9.119 -4.12 6.013 -10.794 -2.435 6.409 
5 24 -11.113 -2.725 5.756 -9.119 -4.12 6.013 -10.794 -2.435 6.409 -9.569 -4.637 5.282 
5 24 -9.569 -4.637 5.282 -9.119 -4.12 6.013 -11.113 -2.725 5.756 -7.43 -5.464 5.685 
5 24 -9.569 -4.637 5.282 -7.43 -5.464 5.685 -9.119 -4.12 6.013 -7.933 -6.128 4.902 
2 24 -7.43 -5.464 5.685 -9.119 -4.12 6.013 
5 24 -7.933 -6.128 4.902 -7.43 -5.464 5.685 -9.569 -4.637 5.282 -5.336 -6.531 5.189 
5 24 -7.933 -6.128 4.902 -5.336 -6.531 5.189 -7.43 -5.464 5.685 -5.72 -7.385 4.332 
2 24 -5.336 -6.531 5.189 -7.43 -5.464 5.685 
5 24 -5.72 -7.385 4.332 -5.336 -6.531 5.189 -7.933 -6.128 4.902 -2.878 -7.202 4.527 
2 24 -2.878 -7.202 4.527 -5.336 -6.531 5.189 
5 24 -5.72 -7.385 4.332 -2.878 -7.202 4.527 -5.336 -6.531 5.189 -3.113 -8.06 3.574 
5 24 -3.113 -8.06 3.574 -2.878 -7.202 4.527 -5.72 -7.385 4.332 -1.108 -8.155 2.641 
5 24 -1.108 -8.155 2.641 -2.878 -7.202 4.527 -3.113 -8.06 3.574 -0.101 -7.386 3.813 
2 24 -0.101 -7.386 3.813 -2.878 -7.202 4.527 
5 24 -11.75 -1.177 7.089 -10.794 -2.435 6.409 -10.769 -2.641 7.185 -12.308 -0.461 6.592 
5 24 -10.794 -2.435 6.409 -10.769 -2.641 7.185 -11.75 -1.177 7.089 -9.119 -4.12 6.013 
2 24 -10.769 -2.641 7.185 -11.75 -1.177 7.089 
2 24 -11.75 -1.177 7.089 -12.308 -0.461 6.592 
5 24 -9.119 -4.12 6.013 -10.769 -2.641 7.185 -10.794 -2.435 6.409 -9.223 -4.369 6.97 
5 24 -9.119 -4.12 6.013 -9.223 -4.369 6.97 -10.769 -2.641 7.185 -7.519 -5.743 6.722 
2 24 -9.223 -4.369 6.97 -10.769 -2.641 7.185 
2 24 -7.519 -5.743 6.722 -9.223 -4.369 6.97 
5 24 -7.43 -5.464 5.685 -7.519 -5.743 6.722 -9.119 -4.12 6.013 -5.414 -6.895 6.257 
2 24 -5.414 -6.895 6.257 -7.519 -5.743 6.722 
5 24 -7.43 -5.464 5.685 -5.414 -6.895 6.257 -7.519 -5.743 6.722 -5.336 -6.531 5.189 
5 24 -5.336 -6.531 5.189 -5.414 -6.895 6.257 -7.43 -5.464 5.685 -3.381 -7.601 5.756 
2 24 -3.381 -7.601 5.756 -5.414 -6.895 6.257 
5 24 -5.336 -6.531 5.189 -3.381 -7.601 5.756 -5.414 -6.895 6.257 -2.878 -7.202 4.527 
5 24 -2.878 -7.202 4.527 -3.381 -7.601 5.756 -5.336 -6.531 5.189 -1.041 -7.781 5.185 
2 24 -1.041 -7.781 5.185 -3.381 -7.601 5.756 
2 24 -0.101 -7.386 3.813 -1.041 -7.781 5.185 
5 24 -0.126 -7.182 6.441 -0.751 -7.354 7.292 -0.926 -7.646 6.182 -0.055 -6.755 7.27 
2 24 -0.751 -7.354 7.292 -0.926 -7.646 6.182 
5 24 -0.926 -7.646 6.182 -0.126 -7.182 6.441 -0.751 -7.354 7.292 -1.041 -7.781 5.185 
2 24 -0.126 -7.182 6.441 -0.055 -6.755 7.27 
2 24 -0.055 -6.755 7.27 -0.751 -7.354 7.292 
5 24 -1.041 -7.781 5.185 -0.126 -7.182 6.441 -0.926 -7.646 6.182 -0.101 -7.386 3.813 
2 24 -0.926 -7.646 6.182 -1.041 -7.781 5.185 
2 24 -0.101 -7.386 3.813 -0.126 -7.182 6.441 
5 24 -0.101 -7.386 3.813 0.942 -8.147 2.775 0.816 -7.93 4.603 0.047 -7.421 1.031 
2 24 0.942 -8.147 2.775 0.816 -7.93 4.603 
2 24 0.047 -7.421 1.031 0.942 -8.147 2.775 
5 24 0.816 -7.93 4.603 -0.126 -7.182 6.441 -0.101 -7.386 3.813 0.809 -7.609 6.343 
2 24 0.816 -7.93 4.603 0.809 -7.609 6.343 
2 24 0.809 -7.609 6.343 -0.126 -7.182 6.441 
5 24 -3.381 -7.601 5.756 -0.926 -7.646 6.182 -2.946 -7.353 7.208 -1.041 -7.781 5.185 
5 24 -0.926 -7.646 6.182 -2.946 -7.353 7.208 -3.381 -7.601 5.756 -0.751 -7.354 7.292 
5 24 -2.946 -7.353 7.208 -3.381 -7.601 5.756 -0.926 -7.646 6.182 -5.414 -6.895 6.257 
5 24 -2.946 -7.353 7.208 -5.414 -6.895 6.257 -3.381 -7.601 5.756 -5.108 -6.438 8.156 
5 24 -2.946 -7.353 7.208 -5.108 -6.438 8.156 -5.414 -6.895 6.257 -2.363 -6.921 8.568 
5 24 -5.108 -6.438 8.156 -5.414 -6.895 6.257 -2.946 -7.353 7.208 -7.519 -5.743 6.722 
5 24 -5.108 -6.438 8.156 -7.519 -5.743 6.722 -5.414 -6.895 6.257 -7.325 -4.91 9.127 
5 24 -5.108 -6.438 8.156 -7.325 -4.91 9.127 -7.519 -5.743 6.722 -4.484 -5.862 9.992 
5 24 -7.325 -4.91 9.127 -7.519 -5.743 6.722 -5.108 -6.438 8.156 -9.223 -4.369 6.97 
5 24 -4.484 -5.862 9.992 -7.325 -4.91 9.127 -5.108 -6.438 8.156 -6.231 -4.406 11.124 
5 24 -5.108 -6.438 8.156 -4.484 -5.862 9.992 -7.325 -4.91 9.127 -2.363 -6.921 8.568 
2 24 -4.484 -5.862 9.992 -6.231 -4.406 11.124 
5 24 -6.231 -4.406 11.124 -7.325 -4.91 9.127 -4.484 -5.862 9.992 -8.829 -3.372 9.355 
5 24 -8.829 -3.372 9.355 -7.325 -4.91 9.127 -6.231 -4.406 11.124 -9.223 -4.369 6.97 
5 24 -6.231 -4.406 11.124 -8.829 -3.372 9.355 -7.325 -4.91 9.127 -8.111 -2.027 12.189 
2 24 -6.231 -4.406 11.124 -8.111 -2.027 12.189 
5 24 -8.111 -2.027 12.189 -8.829 -3.372 9.355 -6.231 -4.406 11.124 -10.276 -1.7 9.5 
5 24 -9.223 -4.369 6.97 -7.325 -4.91 9.127 -8.829 -3.372 9.355 -7.519 -5.743 6.722 
5 24 -8.829 -3.372 9.355 -9.223 -4.369 6.97 -7.325 -4.91 9.127 -10.769 -2.641 7.185 
5 24 -10.276 -1.7 9.5 -8.829 -3.372 9.355 -8.111 -2.027 12.189 -10.769 -2.641 7.185 
5 24 -8.111 -2.027 12.189 -10.276 -1.7 9.5 -8.829 -3.372 9.355 -9.104 -0.061 12.744 
2 24 -8.111 -2.027 12.189 -9.104 -0.061 12.744 
5 24 -9.104 -0.061 12.744 -10.276 -1.7 9.5 -8.111 -2.027 12.189 -10.118 0.919 12.196 
5 24 -5.108 -6.438 8.156 -2.363 -6.921 8.568 -4.484 -5.862 9.992 -2.946 -7.353 7.208 
2 24 -2.363 -6.921 8.568 -4.484 -5.862 9.992 
5 24 -2.946 -7.353 7.208 -2.363 -6.921 8.568 -5.108 -6.438 8.156 -0.751 -7.354 7.292 
5 24 -0.751 -7.354 7.292 -2.946 -7.353 7.208 -0.926 -7.646 6.182 -2.363 -6.921 8.568 
2 24 -0.751 -7.354 7.292 -2.363 -6.921 8.568 
5 24 -8.829 -3.372 9.355 -10.769 -2.641 7.185 -9.223 -4.369 6.97 -10.276 -1.7 9.5 
5 24 -10.276 -1.7 9.5 -10.769 -2.641 7.185 -8.829 -3.372 9.355 -11.75 -1.177 7.089 
5 24 -10.118 0.919 12.196 -10.276 -1.7 9.5 -9.104 -0.061 12.744 -11.492 0.238 9.407 
5 24 -11.492 0.238 9.407 -10.276 -1.7 9.5 -10.118 0.919 12.196 -11.75 -1.177 7.089 
5 24 -10.276 -1.7 9.5 -11.75 -1.177 7.089 -10.769 -2.641 7.185 -11.492 0.238 9.407 
5 24 -11.492 0.238 9.407 -11.75 -1.177 7.089 -10.276 -1.7 9.5 -12.308 -0.461 6.592 
5 24 -7.339 -1.686 12.579 -9.104 -0.061 12.744 -8.111 -2.027 12.189 -8.938 0.734 13.385 
5 24 -8.111 -2.027 12.189 -7.339 -1.686 12.579 -9.104 -0.061 12.744 -6.231 -4.406 11.124 
2 24 -7.339 -1.686 12.579 -8.938 0.734 13.385 
5 24 -6.231 -4.406 11.124 -7.339 -1.686 12.579 -8.111 -2.027 12.189 -5.447 -3.854 11.421 
5 24 -6.231 -4.406 11.124 -5.447 -3.854 11.421 -7.339 -1.686 12.579 -3.748 -5.007 10.446 
2 24 -5.447 -3.854 11.421 -7.339 -1.686 12.579 
5 24 -6.231 -4.406 11.124 -3.748 -5.007 10.446 -5.447 -3.854 11.421 -4.484 -5.862 9.992 
2 24 -3.748 -5.007 10.446 -5.447 -3.854 11.421 
5 24 -4.484 -5.862 9.992 -3.748 -5.007 10.446 -6.231 -4.406 11.124 -1.695 -6.005 9.298 
2 24 -1.695 -6.005 9.298 -3.748 -5.007 10.446 
5 24 -4.484 -5.862 9.992 -1.695 -6.005 9.298 -3.748 -5.007 10.446 -2.363 -6.921 8.568 
5 24 -2.363 -6.921 8.568 -1.695 -6.005 9.298 -4.484 -5.862 9.992 -0.751 -7.354 7.292 
5 24 -0.751 -7.354 7.292 -1.695 -6.005 9.298 -2.363 -6.921 8.568 -0.055 -6.755 7.27 
2 24 -0.055 -6.755 7.27 -1.695 -6.005 9.298 
5 24 -8.127 0.166 13.75 -7.339 -1.686 12.579 -6.93 -1.628 13.375 -8.938 0.734 13.385 
5 24 -7.339 -1.686 12.579 -6.93 -1.628 13.375 -8.127 0.166 13.75 -5.165 -3.849 12.456 
5 24 -7.339 -1.686 12.579 -5.165 -3.849 12.456 -6.93 -1.628 13.375 -5.447 -3.854 11.421 
5 24 -5.447 -3.854 11.421 -5.165 -3.849 12.456 -7.339 -1.686 12.579 -3.685 -5.062 11.655 
5 24 -5.447 -3.854 11.421 -3.685 -5.062 11.655 -5.165 -3.849 12.456 -3.748 -5.007 10.446 
5 24 -3.748 -5.007 10.446 -3.685 -5.062 11.655 -5.447 -3.854 11.421 -1.667 -6.128 10.569 
5 24 -3.748 -5.007 10.446 -1.667 -6.128 10.569 -3.685 -5.062 11.655 -1.695 -6.005 9.298 
5 24 -1.695 -6.005 9.298 -1.667 -6.128 10.569 -3.748 -5.007 10.446 -0.731 -5.966 9.45 
2 24 -1.695 -6.005 9.298 -0.731 -5.966 9.45 
5 24 -0.731 -5.966 9.45 -1.667 -6.128 10.569 -1.695 -6.005 9.298 -0.797 -4.606 12.179 
5 24 -1.667 -6.128 10.569 -0.797 -4.606 12.179 -1.637 -4.939 12.474 -0.731 -5.966 9.45 
5 24 -0.797 -4.606 12.179 -1.637 -4.939 12.474 -1.667 -6.128 10.569 -0.958 -3.428 13.521 
2 24 -0.731 -5.966 9.45 -0.797 -4.606 12.179 
2 24 -0.797 -4.606 12.179 -0.958 -3.428 13.521 
5 24 -0.958 -3.428 13.521 -1.802 -3.847 13.742 -1.637 -4.939 12.474 -1.834 -2.551 14.866 
5 24 -0.958 -3.428 13.521 -1.834 -2.551 14.866 -1.802 -3.847 13.742 -0.969 -2.309 14.561 
2 24 -0.958 -3.428 13.521 -0.969 -2.309 14.561 
5 24 -0.969 -2.309 14.561 -1.834 -2.551 14.866 -0.958 -3.428 13.521 -1.039 -1.123 15.451 
2 24 -0.969 -2.309 14.561 -1.039 -1.123 15.451 
5 24 -1.039 -1.123 15.451 -1.84 -1.334 15.738 -1.834 -2.551 14.866 -1.204 0.362 16.381 
2 24 -1.039 -1.123 15.451 -1.204 0.362 16.381 
5 24 -1.204 0.362 16.381 -1.961 0.151 16.64 -1.84 -1.334 15.738 -2.092 2.076 17.465 
5 24 -1.204 0.362 16.381 -2.092 2.076 17.465 -1.961 0.151 16.64 -1.406 2.226 17.281 
2 24 -1.204 0.362 16.381 -1.406 2.226 17.281 
5 24 -1.406 2.226 17.281 -2.092 2.076 17.465 -1.204 0.362 16.381 -2.209 3.715 17.866 
5 24 -1.406 2.226 17.281 -2.209 3.715 17.866 -2.092 2.076 17.465 -1.495 3.734 17.799 
2 24 -1.406 2.226 17.281 -1.495 3.734 17.799 
5 24 -1.495 3.734 17.799 -2.209 3.715 17.866 -1.406 2.226 17.281 -2.272 4.775 18.029 
5 24 -1.495 3.734 17.799 -2.272 4.775 18.029 -2.209 3.715 17.866 -1.675 5.613 18.205 
2 24 -1.495 3.734 17.799 -1.675 5.613 18.205 
5 24 -9.828 6.88 14.304 -9.294 4.558 14.634 -9.545 6.921 14.826 -9.371 3.799 14.323 
5 24 -9.545 6.921 14.826 -9.828 6.88 14.304 -9.294 4.558 14.634 -9.5 9.447 14.802 
5 24 -9.5 9.447 14.802 -9.828 6.88 14.304 -9.545 6.921 14.826 -9.704 9.696 13.585 
5 24 -9.5 9.447 14.802 -9.704 9.696 13.585 -9.828 6.88 14.304 -9.392 10.277 14.631 
5 24 -9.392 10.277 14.631 -9.704 9.696 13.585 -9.5 9.447 14.802 -9.359 10.508 13.806 
5 24 -9.392 10.277 14.631 -9.359 10.508 13.806 -9.704 9.696 13.585 -8.674 11.158 14.125 
2 24 -9.359 10.508 13.806 -9.704 9.696 13.585 
5 24 -9.392 10.277 14.631 -8.674 11.158 14.125 -9.359 10.508 13.806 -8.918 10.6 15.084 
2 24 -8.674 11.158 14.125 -9.359 10.508 13.806 
5 24 -8.918 10.6 15.084 -8.674 11.158 14.125 -9.392 10.277 14.631 -5.899 11.709 15.827 
5 24 -8.918 10.6 15.084 -5.899 11.709 15.827 -8.674 11.158 14.125 -6.208 11.108 16.695 
2 24 -5.899 11.709 15.827 -8.674 11.158 14.125 
5 24 -6.208 11.108 16.695 -5.899 11.709 15.827 -8.918 10.6 15.084 -2.888 12.596 16.766 
5 24 -6.208 11.108 16.695 -2.888 12.596 16.766 -5.899 11.709 15.827 -2.424 12.132 17.897 
2 24 -2.888 12.596 16.766 -5.899 11.709 15.827 
5 24 -2.424 12.132 17.897 -2.888 12.596 16.766 -6.208 11.108 16.695 -0.125 13.608 16.796 
5 24 -1.495 3.734 17.799 -0.978 4.808 18.208 -1.675 5.613 18.205 -0.894 3.695 18.032 
2 24 -0.978 4.808 18.208 -1.675 5.613 18.205 
5 24 -1.495 3.734 17.799 -0.894 3.695 18.032 -0.978 4.808 18.208 -0.745 2.414 17.696 
2 24 -0.894 3.695 18.032 -0.978 4.808 18.208 
5 24 -1.495 3.734 17.799 -0.745 2.414 17.696 -0.894 3.695 18.032 -1.406 2.226 17.281 
2 24 -0.745 2.414 17.696 -0.894 3.695 18.032 
5 24 -1.406 2.226 17.281 -0.745 2.414 17.696 -1.495 3.734 17.799 -0.491 0.449 16.909 
2 24 -0.491 0.449 16.909 -0.745 2.414 17.696 
5 24 -1.406 2.226 17.281 -0.491 0.449 16.909 -0.745 2.414 17.696 -1.204 0.362 16.381 
5 24 -1.204 0.362 16.381 -0.491 0.449 16.909 -1.406 2.226 17.281 -0.313 -1.359 15.849 
2 24 -0.313 -1.359 15.849 -0.491 0.449 16.909 
5 24 -1.204 0.362 16.381 -0.313 -1.359 15.849 -0.491 0.449 16.909 -1.039 -1.123 15.451 
5 24 -1.039 -1.123 15.451 -0.313 -1.359 15.849 -1.204 0.362 16.381 -0.279 -2.529 15.007 
2 24 -0.279 -2.529 15.007 -0.313 -1.359 15.849 
5 24 -1.039 -1.123 15.451 -0.279 -2.529 15.007 -0.313 -1.359 15.849 -0.969 -2.309 14.561 
5 24 -0.969 -2.309 14.561 -0.279 -2.529 15.007 -1.039 -1.123 15.451 -0.958 -3.428 13.521 
5 24 -0.958 -3.428 13.521 -0.279 -2.529 15.007 -0.969 -2.309 14.561 -0.052 -3.821 13.97 
5 24 -0.958 -3.428 13.521 -0.052 -3.821 13.97 -0.279 -2.529 15.007 -0.079 -4.555 12.837 
2 24 -0.052 -3.821 13.97 -0.279 -2.529 15.007 
5 24 -0.958 -3.428 13.521 -0.079 -4.555 12.837 -0.052 -3.821 13.97 -0.797 -4.606 12.179 
5 24 -0.079 -4.555 12.837 -0.052 -3.821 13.97 -0.958 -3.428 13.521 0.829 -3.372 13.769 
5 24 -0.797 -4.606 12.179 -0.079 -4.555 12.837 -0.958 -3.428 13.521 -0.731 -5.966 9.45 
5 24 -0.079 -4.555 12.837 0.829 -3.372 13.769 -0.052 -3.821 13.97 0.722 -4.51 12.496 
5 24 0.829 -3.372 13.769 -0.052 -3.821 13.97 -0.079 -4.555 12.837 0.241 -2.643 15.012 
2 24 0.241 -2.643 15.012 -0.052 -3.821 13.97 
5 24 0.829 -3.372 13.769 0.241 -2.643 15.012 -0.052 -3.821 13.97 0.962 -2.44 14.635 
2 24 0.829 -3.372 13.769 0.962 -2.44 14.635 
5 24 0.962 -2.44 14.635 0.241 -2.643 15.012 0.829 -3.372 13.769 0.534 -1.467 15.769 
5 24 -0.079 -4.555 12.837 0.722 -4.51 12.496 0.829 -3.372 13.769 0.468 -5.75 10.484 
2 24 0.722 -4.51 12.496 0.829 -3.372 13.769 
2 24 0.534 -1.467 15.769 0.241 -2.643 15.012 
5 24 0.962 -2.44 14.635 0.534 -1.467 15.769 0.241 -2.643 15.012 1.111 -1.432 15.479 
2 24 0.962 -2.44 14.635 1.111 -1.432 15.479 
5 24 1.111 -1.432 15.479 0.534 -1.467 15.769 0.962 -2.44 14.635 0.767 -0.556 16.306 
2 24 0.767 -0.556 16.306 0.534 -1.467 15.769 
5 24 1.111 -1.432 15.479 0.767 -0.556 16.306 0.534 -1.467 15.769 1.322 -0.369 16.35 
2 24 1.111 -1.432 15.479 1.322 -0.369 16.35 
2 24 1.322 -0.369 16.35 0.767 -0.556 16.306 
5 24 -0.731 -5.966 9.45 -0.079 -4.555 12.837 -0.797 -4.606 12.179 0.468 -5.75 10.484 
5 24 -0.079 -4.555 12.837 0.468 -5.75 10.484 0.722 -4.51 12.496 -0.731 -5.966 9.45 
2 24 0.468 -5.75 10.484 0.722 -4.51 12.496 
5 24 -0.731 -5.966 9.45 0.468 -5.75 10.484 -0.079 -4.555 12.837 0.56 -6.333 8.266 
5 24 -0.731 -5.966 9.45 0.56 -6.333 8.266 0.468 -5.75 10.484 -0.055 -6.755 7.27 
2 24 0.56 -6.333 8.266 0.468 -5.75 10.484 
5 24 0.993 7.32 18.365 -1.675 5.613 18.205 -0.978 4.808 18.208 -1.989 7.119 18.304 
5 24 -0.978 4.808 18.208 0.993 7.32 18.365 -1.675 5.613 18.205 1.569 5.355 18.18 
5 24 0.993 7.32 18.365 -1.989 7.119 18.304 -1.675 5.613 18.205 -2.265 9.54 18.22 
5 24 -0.978 4.808 18.208 1.569 5.355 18.18 0.993 7.32 18.365 -0.894 3.695 18.032 
5 24 1.569 5.355 18.18 0.993 7.32 18.365 -0.978 4.808 18.208 4.095 6.291 17.722 
5 24 -0.894 3.695 18.032 1.569 5.355 18.18 -0.978 4.808 18.208 2.082 3.856 17.845 
5 24 0.993 7.32 18.365 0.926 9.958 18.306 -2.265 9.54 18.22 3.774 8.515 17.936 
5 24 0.926 9.958 18.306 -2.265 9.54 18.22 0.993 7.32 18.365 -2.424 12.132 17.897 
5 24 0.926 9.958 18.306 -0.144 13.076 17.895 -2.424 12.132 17.897 2.022 12.333 17.903 
2 24 -0.144 13.076 17.895 -2.424 12.132 17.897 
5 24 0.926 9.958 18.306 2.022 12.333 17.903 -0.144 13.076 17.895 3.754 10.161 17.824 
2 24 2.022 12.333 17.903 -0.144 13.076 17.895 
5 24 0.993 7.32 18.365 3.774 8.515 17.936 0.926 9.958 18.306 4.095 6.291 17.722 
5 24 3.774 8.515 17.936 0.926 9.958 18.306 0.993 7.32 18.365 3.754 10.161 17.824 
2 24 3.774 8.515 17.936 3.754 10.161 17.824 
5 24 3.754 10.161 17.824 0.926 9.958 18.306 3.774 8.515 17.936 2.022 12.333 17.903 
5 24 3.754 10.161 17.824 2.022 12.333 17.903 0.926 9.958 18.306 3.571 11.743 17.596 
5 24 0.993 7.32 18.365 4.095 6.291 17.722 3.774 8.515 17.936 1.569 5.355 18.18 
2 24 4.095 6.291 17.722 3.774 8.515 17.936 
5 24 1.569 5.355 18.18 4.095 6.291 17.722 0.993 7.32 18.365 4.231 5.45 17.584 
2 24 3.754 10.161 17.824 3.571 11.743 17.596 
2 24 3.571 11.743 17.596 2.022 12.333 17.903 
5 24 -0.894 3.695 18.032 2.082 3.856 17.845 1.569 5.355 18.18 -0.745 2.414 17.696 
5 24 2.082 3.856 17.845 1.569 5.355 18.18 -0.894 3.695 18.032 4.231 5.45 17.584 
5 24 -0.745 2.414 17.696 2.082 3.856 17.845 -0.894 3.695 18.032 1.567 1.025 17.033 
5 24 1.567 1.025 17.033 2.082 3.856 17.845 -0.745 2.414 17.696 4.91 3.374 16.927 
5 24 -0.745 2.414 17.696 1.567 1.025 17.033 2.082 3.856 17.845 -0.491 0.449 16.909 
5 24 -0.491 0.449 16.909 1.567 1.025 17.033 -0.745 2.414 17.696 0.767 -0.556 16.306 
5 24 -0.491 0.449 16.909 0.767 -0.556 16.306 1.567 1.025 17.033 -0.313 -1.359 15.849 
5 24 -0.313 -1.359 15.849 0.534 -1.467 15.769 0.767 -0.556 16.306 -0.279 -2.529 15.007 
5 24 -0.279 -2.529 15.007 0.534 -1.467 15.769 -0.313 -1.359 15.849 0.241 -2.643 15.012 
5 24 -0.279 -2.529 15.007 0.241 -2.643 15.012 0.534 -1.467 15.769 -0.052 -3.821 13.97 
5 24 1.322 -0.369 16.35 1.567 1.025 17.033 0.767 -0.556 16.306 1.786 -0.59 16.18 
5 24 1.786 -0.59 16.18 1.567 1.025 17.033 1.322 -0.369 16.35 4.298 -0.187 15.653 
2 24 1.322 -0.369 16.35 1.786 -0.59 16.18 
5 24 1.786 -0.59 16.18 4.298 -0.187 15.653 1.567 1.025 17.033 1.968 -1.451 15.636 
5 24 4.298 -0.187 15.653 1.567 1.025 17.033 1.786 -0.59 16.18 5.152 1.353 16.125 
5 24 1.968 -1.451 15.636 4.298 -0.187 15.653 1.786 -0.59 16.18 4.262 -1.474 14.868 
2 24 1.786 -0.59 16.18 1.968 -1.451 15.636 
5 24 1.968 -1.451 15.636 4.262 -1.474 14.868 4.298 -0.187 15.653 1.912 -2.71 14.739 
5 24 4.262 -1.474 14.868 4.298 -0.187 15.653 1.968 -1.451 15.636 7.188 -0.453 13.851 
2 24 1.968 -1.451 15.636 1.912 -2.71 14.739 
5 24 1.912 -2.71 14.739 3.977 -2.633 14.113 4.262 -1.474 14.868 3.601 -3.577 13.428 
5 24 3.977 -2.633 14.113 4.262 -1.474 14.868 1.912 -2.71 14.739 6.72 -1.649 13.251 
5 24 1.912 -2.71 14.739 3.601 -3.577 13.428 3.977 -2.633 14.113 1.763 -3.72 13.86 
5 24 3.601 -3.577 13.428 3.977 -2.633 14.113 1.912 -2.71 14.739 5.882 -3.018 12.75 
2 24 1.912 -2.71 14.739 1.763 -3.72 13.86 
5 24 1.763 -3.72 13.86 3.601 -3.577 13.428 1.912 -2.71 14.739 3.052 -4.718 12.415 
5 24 5.152 1.353 16.125 1.567 1.025 17.033 4.298 -0.187 15.653 4.91 3.374 16.927 
5 24 4.298 -0.187 15.653 5.152 1.353 16.125 1.567 1.025 17.033 7.188 -0.453 13.851 
5 24 5.152 1.353 16.125 4.91 3.374 16.927 1.567 1.025 17.033 8.496 3.053 14.613 
5 24 4.91 3.374 16.927 1.567 1.025 17.033 5.152 1.353 16.125 2.082 3.856 17.845 
5 24 4.91 3.374 16.927 2.082 3.856 17.845 1.567 1.025 17.033 4.475 5.015 17.453 
5 24 4.91 3.374 16.927 4.475 5.015 17.453 2.082 3.856 17.845 4.757 5.483 17.397 
5 24 4.475 5.015 17.453 2.082 3.856 17.845 4.91 3.374 16.927 4.231 5.45 17.584 
2 24 4.475 5.015 17.453 4.231 5.45 17.584 
5 24 4.231 5.45 17.584 2.082 3.856 17.845 4.475 5.015 17.453 1.569 5.355 18.18 
5 24 4.231 5.45 17.584 1.569 5.355 18.18 2.082 3.856 17.845 4.095 6.291 17.722 
2 24 4.231 5.45 17.584 4.095 6.291 17.722 
5 24 2.082 12.881 16.837 -0.144 13.076 17.895 2.022 12.333 17.903 -0.125 13.608 16.796 
5 24 2.022 12.333 17.903 2.082 12.881 16.837 -0.144 13.076 17.895 3.571 11.743 17.596 
2 24 2.082 12.881 16.837 -0.125 13.608 16.796 
2 24 -0.125 13.608 16.796 -0.144 13.076 17.895 
5 24 3.571 11.743 17.596 2.082 12.881 16.837 2.022 12.333 17.903 4.084 12.013 16.47 
5 24 3.571 11.743 17.596 4.084 12.013 16.47 2.082 12.881 16.837 4.7 10.577 16.721 
2 24 4.084 12.013 16.47 2.082 12.881 16.837 
2 24 4.7 10.577 16.721 4.084 12.013 16.47 
5 24 3.571 11.743 17.596 4.7 10.577 16.721 4.084 12.013 16.47 3.754 10.161 17.824 
5 24 3.754 10.161 17.824 4.7 10.577 16.721 3.571 11.743 17.596 4.647 8.741 17.386 
5 24 3.754 10.161 17.824 4.647 8.741 17.386 4.7 10.577 16.721 3.774 8.515 17.936 
2 24 4.647 8.741 17.386 4.7 10.577 16.721 
5 24 3.774 8.515 17.936 4.647 8.741 17.386 3.754 10.161 17.824 4.577 6.65 17.462 
5 24 3.774 8.515 17.936 4.577 6.65 17.462 4.647 8.741 17.386 4.095 6.291 17.722 
2 24 4.577 6.65 17.462 4.647 8.741 17.386 
5 24 4.095 6.291 17.722 4.577 6.65 17.462 3.774 8.515 17.936 4.231 5.45 17.584 
5 24 4.231 5.45 17.584 4.577 6.65 17.462 4.095 6.291 17.722 4.475 5.015 17.453 
2 24 4.475 5.015 17.453 4.577 6.65 17.462 
5 24 -2.424 12.132 17.897 -0.125 13.608 16.796 -2.888 12.596 16.766 -0.144 13.076 17.895 
2 24 -0.125 13.608 16.796 -2.888 12.596 16.766 
5 24 -11.51 17.205 6.374 -12.925 16.589 6.415 -12.449 17.089 7.471 -11.936 16.892 5.421 
2 24 -12.925 16.589 6.415 -12.449 17.089 7.471 
5 24 -12.449 17.089 7.471 -11.51 17.205 6.374 -12.925 16.589 6.415 -10.288 17.503 8.199 
2 24 -11.51 17.205 6.374 -11.936 16.892 5.421 
2 24 -11.936 16.892 5.421 -12.925 16.589 6.415 
2 24 -10.288 17.503 8.199 -11.51 17.205 6.374 
5 24 -12.449 17.089 7.471 -10.288 17.503 8.199 -11.51 17.205 6.374 -11.204 17.339 9.231 
2 24 -12.449 17.089 7.471 -11.204 17.339 9.231 
5 24 -11.204 17.339 9.231 -10.288 17.503 8.199 -12.449 17.089 7.471 -8.938 17.697 9.6 
2 24 -8.938 17.697 9.6 -10.288 17.503 8.199 
5 24 -11.204 17.339 9.231 -8.938 17.697 9.6 -10.288 17.503 8.199 -9.73 17.436 10.923 
2 24 -11.204 17.339 9.231 -9.73 17.436 10.923 
5 24 -9.73 17.436 10.923 -8.938 17.697 9.6 -11.204 17.339 9.231 -8.115 17.774 10.437 
5 24 -9.73 17.436 10.923 -8.115 17.774 10.437 -8.938 17.697 9.6 -8.63 17.327 11.818 
2 24 -8.115 17.774 10.437 -8.938 17.697 9.6 
2 24 -9.73 17.436 10.923 -8.63 17.327 11.818 
5 24 -8.63 17.327 11.818 -8.115 17.774 10.437 -9.73 17.436 10.923 -7.134 17.397 11.057 
5 24 -8.63 17.327 11.818 -7.134 17.397 11.057 -8.115 17.774 10.437 -7.683 16.836 12.011 
2 24 -7.134 17.397 11.057 -8.115 17.774 10.437 
2 24 -8.63 17.327 11.818 -7.683 16.836 12.011 
2 24 -7.683 16.836 12.011 -7.134 17.397 11.057 
5 24 -13.117 15.877 5.854 -11.936 16.892 5.421 -12.134 16.118 5.023 -12.925 16.589 6.415 
2 24 -11.936 16.892 5.421 -12.134 16.118 5.023 
5 24 -12.134 16.118 5.023 -13.117 15.877 5.854 -11.936 16.892 5.421 -12.377 13.184 4.547 
2 24 -13.117 15.877 5.854 -12.925 16.589 6.415 
5 24 -12.377 13.184 4.547 -13.117 15.877 5.854 -12.134 16.118 5.023 -13.612 12.801 5.483 
2 24 -12.134 16.118 5.023 -12.377 13.184 4.547 
5 24 -12.377 13.184 4.547 -13.612 12.801 5.483 -13.117 15.877 5.854 -12.655 10.039 3.314 
2 24 -13.612 12.801 5.483 -13.117 15.877 5.854 
2 24 -12.377 13.184 4.547 -12.655 10.039 3.314 
2 24 -14.274 9.396 4.477 -13.612 12.801 5.483 
5 24 -13.839 9.721 6.808 -13.612 12.801 5.483 -14.274 9.396 4.477 -13.37 12.806 7.2 
5 24 -13.839 9.721 6.808 -13.37 12.806 7.2 -13.612 12.801 5.483 -12.614 10.095 9.509 
5 24 -13.37 12.806 7.2 -13.612 12.801 5.483 -13.839 9.721 6.808 -13.117 15.877 5.854 
5 24 -12.614 10.095 9.509 -13.37 12.806 7.2 -13.839 9.721 6.808 -12.193 12.914 9.627 
5 24 -12.614 10.095 9.509 -12.193 12.914 9.627 -13.37 12.806 7.2 -10.965 10.377 12.01 
5 24 -12.193 12.914 9.627 -13.37 12.806 7.2 -12.614 10.095 9.509 -12.951 15.671 7.428 
5 24 -10.965 10.377 12.01 -12.193 12.914 9.627 -12.614 10.095 9.509 -10.528 12.702 11.91 
5 24 -10.965 10.377 12.01 -10.528 12.702 11.91 -12.193 12.914 9.627 -10.294 10.207 12.853 
5 24 -10.528 12.702 11.91 -12.193 12.914 9.627 -10.965 10.377 12.01 -10.148 15.683 11.426 
5 24 -13.37 12.806 7.2 -13.117 15.877 5.854 -13.612 12.801 5.483 -12.951 15.671 7.428 
5 24 -13.37 12.806 7.2 -12.951 15.671 7.428 -13.117 15.877 5.854 -12.193 12.914 9.627 
5 24 -12.951 15.671 7.428 -13.117 15.877 5.854 -13.37 12.806 7.2 -12.925 16.589 6.415 
5 24 -12.193 12.914 9.627 -12.951 15.671 7.428 -13.37 12.806 7.2 -11.766 15.69 9.536 
5 24 -12.951 15.671 7.428 -12.925 16.589 6.415 -13.117 15.877 5.854 -12.449 17.089 7.471 
5 24 -12.951 15.671 7.428 -12.449 17.089 7.471 -12.925 16.589 6.415 -11.766 15.69 9.536 
5 24 -12.193 12.914 9.627 -11.766 15.69 9.536 -12.951 15.671 7.428 -10.148 15.683 11.426 
5 24 -11.766 15.69 9.536 -12.951 15.671 7.428 -12.193 12.914 9.627 -12.449 17.089 7.471 
5 24 -11.766 15.69 9.536 -12.449 17.089 7.471 -12.951 15.671 7.428 -11.204 17.339 9.231 
5 24 -11.766 15.69 9.536 -11.204 17.339 9.231 -12.449 17.089 7.471 -10.148 15.683 11.426 
5 24 -12.193 12.914 9.627 -10.148 15.683 11.426 -11.766 15.69 9.536 -10.528 12.702 11.91 
5 24 -10.148 15.683 11.426 -11.766 15.69 9.536 -12.193 12.914 9.627 -11.204 17.339 9.231 
5 24 -10.528 12.702 11.91 -10.148 15.683 11.426 -12.193 12.914 9.627 -9.05 14.531 12.827 
5 24 -9.05 14.531 12.827 -10.148 15.683 11.426 -10.528 12.702 11.91 -8.907 15.644 12.436 
5 24 -10.528 12.702 11.91 -9.315 12.118 13.238 -9.05 14.531 12.827 -10.294 10.207 12.853 
5 24 -9.315 12.118 13.238 -9.05 14.531 12.827 -10.528 12.702 11.91 -8.732 14.138 13.182 
5 24 -9.315 12.118 13.238 -8.732 14.138 13.182 -9.05 14.531 12.827 -8.202 14.588 13.407 
2 24 -8.732 14.138 13.182 -9.05 14.531 12.827 
2 24 -9.05 14.531 12.827 -8.907 15.644 12.436 
5 24 -8.907 15.644 12.436 -10.148 15.683 11.426 -9.05 14.531 12.827 -8.63 17.327 11.818 
5 24 -10.148 15.683 11.426 -9.73 17.436 10.923 -11.204 17.339 9.231 -8.63 17.327 11.818 
5 24 -10.148 15.683 11.426 -8.63 17.327 11.818 -9.73 17.436 10.923 -8.907 15.644 12.436 
2 24 -8.907 15.644 12.436 -8.63 17.327 11.818 
5 24 -9.315 12.118 13.238 -8.202 14.588 13.407 -8.732 14.138 13.182 -6.011 13.602 15.004 
2 24 -8.202 14.588 13.407 -8.732 14.138 13.182 
5 24 -9.315 12.118 13.238 -6.011 13.602 15.004 -8.202 14.588 13.407 -8.674 11.158 14.125 
5 24 -6.011 13.602 15.004 -8.202 14.588 13.407 -9.315 12.118 13.238 -5.623 15.92 14.388 
5 24 -9.315 12.118 13.238 -8.674 11.158 14.125 -6.011 13.602 15.004 -9.359 10.508 13.806 
5 24 -8.674 11.158 14.125 -6.011 13.602 15.004 -9.315 12.118 13.238 -5.899 11.709 15.827 
5 24 -5.899 11.709 15.827 -6.011 13.602 15.004 -8.674 11.158 14.125 -3.16 13.584 16.242 
5 24 -5.623 15.92 14.388 -8.202 14.588 13.407 -6.011 13.602 15.004 -7.776 15.834 13.231 
5 24 -6.011 13.602 15.004 -5.623 15.92 14.388 -8.202 14.588 13.407 -3.69 14.812 15.565 
5 24 -5.623 15.92 14.388 -7.776 15.834 13.231 -8.202 14.588 13.407 -7.025 17.669 12.961 
2 24 -7.776 15.834 13.231 -8.202 14.588 13.407 
5 24 -5.623 15.92 14.388 -7.025 17.669 12.961 -7.776 15.834 13.231 -5.474 17.846 13.779 
2 24 -7.025 17.669 12.961 -7.776 15.834 13.231 
5 24 -5.623 15.92 14.388 -5.474 17.846 13.779 -7.025 17.669 12.961 -3.708 17.843 14.355 
2 24 -5.474 17.846 13.779 -7.025 17.669 12.961 
5 24 -5.623 15.92 14.388 -3.708 17.843 14.355 -5.474 17.846 13.779 -3.696 16.086 15.054 
2 24 -3.708 17.843 14.355 -5.474 17.846 13.779 
5 24 -5.623 15.92 14.388 -3.696 16.086 15.054 -3.708 17.843 14.355 -3.69 14.812 15.565 
2 24 -3.696 16.086 15.054 -3.708 17.843 14.355 
5 24 -3.16 13.584 16.242 -6.011 13.602 15.004 -5.899 11.709 15.827 -3.218 14.364 15.875 
5 24 -3.218 14.364 15.875 -6.011 13.602 15.004 -3.16 13.584 16.242 -3.69 14.812 15.565 
5 24 -3.16 13.584 16.242 -3.218 14.364 15.875 -6.011 13.602 15.004 -2.693 15.004 15.784 
2 24 -3.218 14.364 15.875 -3.69 14.812 15.565 
5 24 -3.69 14.812 15.565 -6.011 13.602 15.004 -3.218 14.364 15.875 -5.623 15.92 14.388 
5 24 -5.623 15.92 14.388 -3.69 14.812 15.565 -3.696 16.086 15.054 -6.011 13.602 15.004 
2 24 -3.69 14.812 15.565 -3.696 16.086 15.054 
5 24 -2.888 12.596 16.766 -3.16 13.584 16.242 -5.899 11.709 15.827 -1.303 14.413 16.318 
5 24 -3.16 13.584 16.242 -2.693 15.004 15.784 -3.218 14.364 15.875 -1.303 14.413 16.318 
2 24 -2.693 15.004 15.784 -3.218 14.364 15.875 
5 24 -3.16 13.584 16.242 -1.303 14.413 16.318 -2.693 15.004 15.784 -2.888 12.596 16.766 
5 24 -1.303 14.413 16.318 -2.693 15.004 15.784 -3.16 13.584 16.242 -2.424 16.114 15.366 
5 24 -2.888 12.596 16.766 -1.303 14.413 16.318 -3.16 13.584 16.242 -0.125 13.608 16.796 
5 24 -0.125 13.608 16.796 -1.303 14.413 16.318 -2.888 12.596 16.766 0.088 16.03 15.627 
2 24 -2.424 16.114 15.366 -2.693 15.004 15.784 
5 24 -1.303 14.413 16.318 -2.424 16.114 15.366 -2.693 15.004 15.784 0.088 16.03 15.627 
5 24 -1.303 14.413 16.318 0.088 16.03 15.627 -2.424 16.114 15.366 -0.125 13.608 16.796 
5 24 0.088 16.03 15.627 -2.424 16.114 15.366 -1.303 14.413 16.318 -1.876 17.913 14.593 
5 24 -0.125 13.608 16.796 0.088 16.03 15.627 -1.303 14.413 16.318 1.537 14.774 16.069 
5 24 -0.125 13.608 16.796 1.537 14.774 16.069 0.088 16.03 15.627 2.082 12.881 16.837 
5 24 1.537 14.774 16.069 0.088 16.03 15.627 -0.125 13.608 16.796 3.396 16.763 14.765 
5 24 2.082 12.881 16.837 1.537 14.774 16.069 -0.125 13.608 16.796 4.014 13.443 15.872 
5 24 2.082 12.881 16.837 4.014 13.443 15.872 1.537 14.774 16.069 4.084 12.013 16.47 
5 24 4.014 13.443 15.872 1.537 14.774 16.069 2.082 12.881 16.837 4.13 15.058 15.215 
5 24 4.084 12.013 16.47 4.014 13.443 15.872 2.082 12.881 16.837 5.461 11.584 16.019 
5 24 4.084 12.013 16.47 5.461 11.584 16.019 4.014 13.443 15.872 4.7 10.577 16.721 
5 24 5.461 11.584 16.019 4.014 13.443 15.872 4.084 12.013 16.47 6.968 13.192 14.548 
2 24 4.7 10.577 16.721 5.461 11.584 16.019 
5 24 5.461 11.584 16.019 6.968 13.192 14.548 4.014 13.443 15.872 7.041 11.492 15.2 
5 24 6.968 13.192 14.548 4.014 13.443 15.872 5.461 11.584 16.019 6.292 15.255 14.219 
2 24 5.461 11.584 16.019 7.041 11.492 15.2 
5 24 7.041 11.492 15.2 6.968 13.192 14.548 5.461 11.584 16.019 8.548 12.391 13.746 
5 24 7.041 11.492 15.2 8.548 12.391 13.746 6.968 13.192 14.548 8.555 11.142 14.168 
5 24 8.548 12.391 13.746 6.968 13.192 14.548 7.041 11.492 15.2 8.385 13.508 13.455 
5 24 8.548 12.391 13.746 8.385 13.508 13.455 6.968 13.192 14.548 8.757 14.123 12.998 
5 24 8.385 13.508 13.455 6.968 13.192 14.548 8.548 12.391 13.746 7.807 14.149 13.649 
5 24 8.548 12.391 13.746 8.757 14.123 12.998 8.385 13.508 13.455 9.912 13.162 12.205 
2 24 8.757 14.123 12.998 8.385 13.508 13.455 
5 24 8.548 12.391 13.746 9.912 13.162 12.205 8.757 14.123 12.998 9.895 10.67 12.865 
5 24 9.912 13.162 12.205 8.757 14.123 12.998 8.548 12.391 13.746 9.733 15.943 11.464 
2 24 8.385 13.508 13.455 7.807 14.149 13.649 
5 24 7.807 14.149 13.649 6.968 13.192 14.548 8.385 13.508 13.455 6.292 15.255 14.219 
5 24 9.733 15.943 11.464 8.757 14.123 12.998 9.912 13.162 12.205 8.419 16.137 12.391 
5 24 9.912 13.162 12.205 9.733 15.943 11.464 8.757 14.123 12.998 11.127 15.467 10.096 
5 24 9.733 15.943 11.464 8.419 16.137 12.391 8.757 14.123 12.998 8.368 16.881 12.127 
2 24 8.419 16.137 12.391 8.757 14.123 12.998 
5 24 6.292 15.255 14.219 6.968 13.192 14.548 7.807 14.149 13.649 4.014 13.443 15.872 
5 24 6.292 15.255 14.219 4.014 13.443 15.872 6.968 13.192 14.548 4.13 15.058 15.215 
2 24 7.807 14.149 13.649 7.313 15.919 13.297 
5 24 7.313 15.919 13.297 6.292 15.255 14.219 7.807 14.149 13.649 5.864 17.026 13.828 
5 24 9.733 15.943 11.464 8.368 16.881 12.127 8.419 16.137 12.391 8.532 17.338 11.912 
2 24 8.368 16.881 12.127 8.419 16.137 12.391 
5 24 9.733 15.943 11.464 8.532 17.338 11.912 8.368 16.881 12.127 8.837 17.572 11.575 
2 24 8.532 17.338 11.912 8.368 16.881 12.127 
5 24 9.733 15.943 11.464 8.837 17.572 11.575 8.532 17.338 11.912 9.907 17.484 10.611 
2 24 8.837 17.572 11.575 8.532 17.338 11.912 
5 24 9.733 15.943 11.464 9.907 17.484 10.611 8.837 17.572 11.575 11.127 15.467 10.096 
2 24 9.907 17.484 10.611 8.837 17.572 11.575 
5 24 9.733 15.943 11.464 11.127 15.467 10.096 9.907 17.484 10.611 9.912 13.162 12.205 
5 24 9.912 13.162 12.205 11.127 15.467 10.096 9.733 15.943 11.464 11.282 12.918 10.647 
5 24 11.127 15.467 10.096 10.998 17.375 9.405 9.907 17.484 10.611 11.983 17.16 8.222 
2 24 10.998 17.375 9.405 9.907 17.484 10.611 
5 24 9.912 13.162 12.205 11.282 12.918 10.647 11.127 15.467 10.096 11.06 10.208 11.472 
5 24 11.282 12.918 10.647 11.127 15.467 10.096 9.912 13.162 12.205 12.929 13.159 7.952 
5 24 11.127 15.467 10.096 11.983 17.16 8.222 10.998 17.375 9.405 12.633 15.388 7.876 
2 24 11.983 17.16 8.222 10.998 17.375 9.405 
5 24 11.127 15.467 10.096 12.633 15.388 7.876 11.983 17.16 8.222 12.929 13.159 7.952 
5 24 12.633 15.388 7.876 11.983 17.16 8.222 11.127 15.467 10.096 12.727 16.855 6.818 
5 24 11.127 15.467 10.096 12.929 13.159 7.952 12.633 15.388 7.876 11.282 12.918 10.647 
5 24 12.929 13.159 7.952 12.633 15.388 7.876 11.127 15.467 10.096 13.438 13.749 5.571 
5 24 11.282 12.918 10.647 12.929 13.159 7.952 11.127 15.467 10.096 12.527 11.157 9.169 
2 24 12.727 16.855 6.818 11.983 17.16 8.222 
5 24 12.633 15.388 7.876 12.727 16.855 6.818 11.983 17.16 8.222 12.969 16.451 6.216 
5 24 12.633 15.388 7.876 12.969 16.451 6.216 12.727 16.855 6.818 13.195 15.761 5.916 
2 24 12.969 16.451 6.216 12.727 16.855 6.818 
5 24 12.633 15.388 7.876 13.195 15.761 5.916 12.969 16.451 6.216 13.438 13.749 5.571 
2 24 13.195 15.761 5.916 12.969 16.451 6.216 
5 24 12.633 15.388 7.876 13.438 13.749 5.571 13.195 15.761 5.916 12.929 13.159 7.952 
2 24 13.438 13.749 5.571 13.195 15.761 5.916 
5 24 12.929 13.159 7.952 13.438 13.749 5.571 12.633 15.388 7.876 13.395 11.152 7.391 
5 24 13.395 11.152 7.391 13.438 13.749 5.571 12.929 13.159 7.952 13.704 11.559 5.148 
5 24 12.929 13.159 7.952 13.395 11.152 7.391 13.438 13.749 5.571 12.527 11.157 9.169 
5 24 13.395 11.152 7.391 13.704 11.559 5.148 13.438 13.749 5.571 13.824 9.471 6.933 
2 24 13.704 11.559 5.148 13.438 13.749 5.571 
5 24 13.395 11.152 7.391 13.824 9.471 6.933 13.704 11.559 5.148 12.416 9.965 9.575 
5 24 13.824 9.471 6.933 13.704 11.559 5.148 13.395 11.152 7.391 14.322 9.155 4.022 
2 24 13.824 9.471 6.933 14.322 9.155 4.022 
2 24 14.322 9.155 4.022 13.704 11.559 5.148 
2 24 12.416 9.965 9.575 13.824 9.471 6.933 
5 24 13.395 11.152 7.391 12.416 9.965 9.575 13.824 9.471 6.933 12.527 11.157 9.169 
5 24 13.395 11.152 7.391 12.527 11.157 9.169 12.416 9.965 9.575 12.929 13.159 7.952 
5 24 12.527 11.157 9.169 12.416 9.965 9.575 13.395 11.152 7.391 11.759 10.855 10.334 
5 24 12.929 13.159 7.952 12.527 11.157 9.169 13.395 11.152 7.391 11.282 12.918 10.647 
5 24 11.282 12.918 10.647 12.527 11.157 9.169 12.929 13.159 7.952 11.759 10.855 10.334 
5 24 11.759 10.855 10.334 12.416 9.965 9.575 12.527 11.157 9.169 11.993 9.766 10.254 
5 24 12.527 11.157 9.169 11.759 10.855 10.334 12.416 9.965 9.575 11.282 12.918 10.647 
5 24 11.282 12.918 10.647 11.759 10.855 10.334 12.527 11.157 9.169 11.06 10.208 11.472 
5 24 11.06 10.208 11.472 11.759 10.855 10.334 11.282 12.918 10.647 11.534 9.639 10.944 
5 24 11.282 12.918 10.647 11.06 10.208 11.472 11.759 10.855 10.334 9.912 13.162 12.205 
2 24 11.06 10.208 11.472 11.534 9.639 10.944 
5 24 11.534 9.639 10.944 11.759 10.855 10.334 11.06 10.208 11.472 11.993 9.766 10.254 
5 24 11.993 9.766 10.254 11.759 10.855 10.334 11.534 9.639 10.944 12.416 9.965 9.575 
5 24 11.534 9.639 10.944 11.993 9.766 10.254 11.759 10.855 10.334 11.889 8.973 10.833 
2 24 11.993 9.766 10.254 12.416 9.965 9.575 
2 24 11.534 9.639 10.944 11.889 8.973 10.833 
2 24 11.889 8.973 10.833 11.993 9.766 10.254 
5 24 9.912 13.162 12.205 11.06 10.208 11.472 11.282 12.918 10.647 9.895 10.67 12.865 
5 24 9.912 13.162 12.205 9.895 10.67 12.865 11.06 10.208 11.472 8.548 12.391 13.746 
2 24 9.895 10.67 12.865 11.06 10.208 11.472 
5 24 8.548 12.391 13.746 9.895 10.67 12.865 9.912 13.162 12.205 8.555 11.142 14.168 
5 24 8.548 12.391 13.746 8.555 11.142 14.168 9.895 10.67 12.865 7.041 11.492 15.2 
2 24 8.555 11.142 14.168 9.895 10.67 12.865 
2 24 7.041 11.492 15.2 8.555 11.142 14.168 
5 24 -8.204 15.605 12.49 -8.202 14.588 13.407 -7.776 15.834 13.231 -8.732 14.138 13.182 
5 24 -7.776 15.834 13.231 -8.204 15.605 12.49 -8.202 14.588 13.407 -7.683 16.836 12.011 
2 24 -8.204 15.605 12.49 -8.732 14.138 13.182 
5 24 -7.776 15.834 13.231 -7.683 16.836 12.011 -8.204 15.605 12.49 -7.025 17.669 12.961 
2 24 -7.683 16.836 12.011 -8.204 15.605 12.49 
2 24 -7.025 17.669 12.961 -7.683 16.836 12.011 
5 24 -9.05 14.531 12.827 -8.204 15.605 12.49 -8.907 15.644 12.436 -8.732 14.138 13.182 
5 24 -8.204 15.605 12.49 -8.907 15.644 12.436 -9.05 14.531 12.827 -7.683 16.836 12.011 
5 24 -7.683 16.836 12.011 -8.907 15.644 12.436 -8.204 15.605 12.49 -8.63 17.327 11.818 
5 24 -6.382 17.997 11.522 -7.683 16.836 12.011 -7.025 17.669 12.961 -7.134 17.397 11.057 
2 24 -7.025 17.669 12.961 -6.382 17.997 11.522 
2 24 -6.382 17.997 11.522 -7.134 17.397 11.057 
5 24 -5.474 17.846 13.779 -5.192 18.127 12.11 -7.025 17.669 12.961 -3.595 18.085 12.752 
2 24 -5.192 18.127 12.11 -6.382 17.997 11.522 
5 24 -5.474 17.846 13.779 -3.595 18.085 12.752 -5.192 18.127 12.11 -3.708 17.843 14.355 
2 24 -3.595 18.085 12.752 -5.192 18.127 12.11 
2 24 -3.708 17.843 14.355 -3.595 18.085 12.752 
5 24 -3.072 15.995 14.821 -2.693 15.004 15.784 -2.424 16.114 15.366 -3.218 14.364 15.875 
5 24 -2.424 16.114 15.366 -3.072 15.995 14.821 -2.693 15.004 15.784 -2.803 17.454 13.962 
2 24 -3.072 15.995 14.821 -3.218 14.364 15.875 
5 24 -2.424 16.114 15.366 -2.803 17.454 13.962 -3.072 15.995 14.821 -1.876 17.913 14.593 
2 24 -2.803 17.454 13.962 -3.072 15.995 14.821 
2 24 -2.424 16.114 15.366 -1.876 17.913 14.593 
2 24 -1.876 17.913 14.593 -2.803 17.454 13.962 
5 24 -3.69 14.812 15.565 -3.072 15.995 14.821 -3.696 16.086 15.054 -3.218 14.364 15.875 
5 24 -3.072 15.995 14.821 -3.696 16.086 15.054 -3.69 14.812 15.565 -2.803 17.454 13.962 
5 24 -2.803 17.454 13.962 -3.696 16.086 15.054 -3.072 15.995 14.821 -3.708 17.843 14.355 
2 24 -2.803 17.454 13.962 -3.708 17.843 14.355 
5 24 -1.476 18.162 13.134 -2.803 17.454 13.962 -1.876 17.913 14.593 -2.607 17.703 12.874 
2 24 -1.876 17.913 14.593 -1.476 18.162 13.134 
2 24 -1.476 18.162 13.134 -2.607 17.703 12.874 
2 24 -2.607 17.703 12.874 -2.803 17.454 13.962 
5 24 -3.595 18.085 12.752 -2.803 17.454 13.962 -2.607 17.703 12.874 -3.708 17.843 14.355 
2 24 -2.607 17.703 12.874 -3.595 18.085 12.752 
5 24 -10.528 12.702 11.91 -10.294 10.207 12.853 -9.315 12.118 13.238 -10.965 10.377 12.01 
5 24 -10.294 10.207 12.853 -9.315 12.118 13.238 -10.528 12.702 11.91 -9.359 10.508 13.806 
5 24 -10.294 10.207 12.853 -9.359 10.508 13.806 -9.315 12.118 13.238 -9.704 9.696 13.585 
5 24 -9.359 10.508 13.806 -9.315 12.118 13.238 -10.294 10.207 12.853 -8.674 11.158 14.125 
2 24 -0.185 18.188 13.167 -1.476 18.162 13.134 
2 24 -1.876 17.913 14.593 0.278 17.955 14.709 
5 24 0.278 17.955 14.709 -0.185 18.188 13.167 -1.876 17.913 14.593 2.905 18.148 12.809 
5 24 0.278 17.955 14.709 2.905 18.148 12.809 -0.185 18.188 13.167 3.29 18.06 14.186 
2 24 2.905 18.148 12.809 -0.185 18.188 13.167 
2 24 0.278 17.955 14.709 3.29 18.06 14.186 
5 24 3.29 18.06 14.186 2.905 18.148 12.809 0.278 17.955 14.709 5.901 17.944 13.374 
2 24 3.29 18.06 14.186 5.901 17.944 13.374 
5 24 5.901 17.944 13.374 2.905 18.148 12.809 3.29 18.06 14.186 5.482 18.013 11.939 
5 24 5.901 17.944 13.374 5.482 18.013 11.939 2.905 18.148 12.809 6.637 17.59 13.073 
2 24 5.482 18.013 11.939 2.905 18.148 12.809 
5 24 6.637 17.59 13.073 5.482 18.013 11.939 5.901 17.944 13.374 6.153 17.771 11.637 
2 24 5.901 17.944 13.374 6.637 17.59 13.073 
5 24 6.637 17.59 13.073 6.153 17.771 11.637 5.482 18.013 11.939 6.914 17.102 13.115 
2 24 6.153 17.771 11.637 5.482 18.013 11.939 
5 24 6.914 17.102 13.115 6.153 17.771 11.637 6.637 17.59 13.073 6.832 17.33 11.244 
2 24 6.637 17.59 13.073 6.914 17.102 13.115 
5 24 6.914 17.102 13.115 6.832 17.33 11.244 6.153 17.771 11.637 7.68 16 12.38 
2 24 6.832 17.33 11.244 6.153 17.771 11.637 
5 24 6.914 17.102 13.115 7.68 16 12.38 6.832 17.33 11.244 7.313 15.919 13.297 
2 24 7.68 16 12.38 6.832 17.33 11.244 
2 24 6.914 17.102 13.115 7.313 15.919 13.297 
5 24 7.313 15.919 13.297 7.68 16 12.38 6.914 17.102 13.115 7.807 14.149 13.649 
5 24 7.807 14.149 13.649 7.68 16 12.38 7.313 15.919 13.297 8.385 13.508 13.455 
2 24 8.385 13.508 13.455 7.68 16 12.38 
5 24 4.577 6.65 17.462 5.391 8.441 17.326 4.647 8.741 17.386 4.958 6.251 17.39 
5 24 5.391 8.441 17.326 4.647 8.741 17.386 4.577 6.65 17.462 5.664 10.069 17.047 
5 24 4.577 6.65 17.462 4.958 6.251 17.39 5.391 8.441 17.326 4.757 5.483 17.397 
2 24 4.958 6.251 17.39 5.391 8.441 17.326 
5 24 5.664 10.069 17.047 4.647 8.741 17.386 5.391 8.441 17.326 4.7 10.577 16.721 
2 24 5.391 8.441 17.326 5.664 10.069 17.047 
5 24 5.664 10.069 17.047 4.7 10.577 16.721 4.647 8.741 17.386 6.092 10.978 16.731 
2 24 5.664 10.069 17.047 6.092 10.978 16.731 
5 24 6.092 10.978 16.731 4.7 10.577 16.721 5.664 10.069 17.047 5.461 11.584 16.019 
5 24 6.092 10.978 16.731 5.461 11.584 16.019 4.7 10.577 16.721 7.041 11.492 15.2 
2 24 4.757 5.483 17.397 4.958 6.251 17.39 
5 24 4.577 6.65 17.462 4.757 5.483 17.397 4.958 6.251 17.39 4.475 5.015 17.453 
2 24 4.475 5.015 17.453 4.757 5.483 17.397 
5 24 6.092 10.978 16.731 7.041 11.492 15.2 5.461 11.584 16.019 7.469 10.924 15.9 
2 24 6.092 10.978 16.731 7.469 10.924 15.9 
5 24 7.469 10.924 15.9 7.041 11.492 15.2 6.092 10.978 16.731 8.555 11.142 14.168 
5 24 7.469 10.924 15.9 8.555 11.142 14.168 7.041 11.492 15.2 9.135 10.505 14.753 
2 24 7.469 10.924 15.9 9.135 10.505 14.753 
5 24 9.135 10.505 14.753 8.555 11.142 14.168 7.469 10.924 15.9 9.895 10.67 12.865 
5 24 9.135 10.505 14.753 9.895 10.67 12.865 8.555 11.142 14.168 10.414 10.094 13.575 
2 24 9.135 10.505 14.753 10.414 10.094 13.575 
5 24 10.414 10.094 13.575 9.895 10.67 12.865 9.135 10.505 14.753 11.434 9.719 12.37 
2 24 10.414 10.094 13.575 11.434 9.719 12.37 
5 24 11.434 9.719 12.37 9.895 10.67 12.865 10.414 10.094 13.575 11.06 10.208 11.472 
5 24 11.434 9.719 12.37 11.06 10.208 11.472 9.895 10.67 12.865 11.752 9.231 11.944 
5 24 11.752 9.231 11.944 11.06 10.208 11.472 11.434 9.719 12.37 11.534 9.639 10.944 
2 24 11.434 9.719 12.37 11.752 9.231 11.944 
5 24 11.752 9.231 11.944 11.534 9.639 10.944 11.06 10.208 11.472 11.889 8.973 10.833 
5 24 11.752 9.231 11.944 11.889 8.973 10.833 11.534 9.639 10.944 11.943 8.48 11.88 
2 24 11.752 9.231 11.944 11.943 8.48 11.88 
5 24 11.943 8.48 11.88 11.889 8.973 10.833 11.752 9.231 11.944 12.243 7.242 11.169 
5 24 11.943 8.48 11.88 12.243 7.242 11.169 11.889 8.973 10.833 12.105 6.992 11.75 
2 24 12.243 7.242 11.169 11.889 8.973 10.833 
2 24 11.943 8.48 11.88 12.105 6.992 11.75 
5 24 12.105 6.992 11.75 12.243 7.242 11.169 11.943 8.48 11.88 12.079 5.526 11.446 
2 24 12.105 6.992 11.75 12.079 5.526 11.446 
2 24 12.079 5.526 11.446 12.106 4.952 11.158 
2 24 12.106 4.952 11.158 12.243 7.242 11.169 
5 24 8.757 14.123 12.998 7.68 16 12.38 8.385 13.508 13.455 8.419 16.137 12.391 
5 24 8.419 16.137 12.391 7.68 16 12.38 8.757 14.123 12.998 8.368 16.881 12.127 
5 24 8.368 16.881 12.127 7.68 16 12.38 8.419 16.137 12.391 6.832 17.33 11.244 
5 24 8.368 16.881 12.127 6.832 17.33 11.244 7.68 16 12.38 7.353 17.545 10.875 
2 24 7.353 17.545 10.875 6.832 17.33 11.244 
5 24 8.368 16.881 12.127 7.353 17.545 10.875 6.832 17.33 11.244 8.532 17.338 11.912 
5 24 8.532 17.338 11.912 7.353 17.545 10.875 8.368 16.881 12.127 7.846 17.782 10.521 
5 24 8.532 17.338 11.912 7.846 17.782 10.521 7.353 17.545 10.875 8.837 17.572 11.575 
2 24 7.846 17.782 10.521 7.353 17.545 10.875 
5 24 8.837 17.572 11.575 7.846 17.782 10.521 8.532 17.338 11.912 8.995 17.765 9.589 
2 24 8.995 17.765 9.589 7.846 17.782 10.521 
5 24 8.837 17.572 11.575 8.995 17.765 9.589 7.846 17.782 10.521 9.907 17.484 10.611 
5 24 9.907 17.484 10.611 8.995 17.765 9.589 8.837 17.572 11.575 9.967 17.571 8.585 
2 24 9.967 17.571 8.585 8.995 17.765 9.589 
5 24 9.907 17.484 10.611 9.967 17.571 8.585 8.995 17.765 9.589 10.998 17.375 9.405 
5 24 10.998 17.375 9.405 9.967 17.571 8.585 9.907 17.484 10.611 10.922 17.333 7.409 
2 24 10.922 17.333 7.409 9.967 17.571 8.585 
5 24 10.998 17.375 9.405 10.922 17.333 7.409 9.967 17.571 8.585 11.983 17.16 8.222 
5 24 11.983 17.16 8.222 10.922 17.333 7.409 10.998 17.375 9.405 12.727 16.855 6.818 
5 24 12.727 16.855 6.818 10.922 17.333 7.409 11.983 17.16 8.222 11.837 16.988 5.812 
5 24 12.727 16.855 6.818 11.837 16.988 5.812 10.922 17.333 7.409 12.969 16.451 6.216 
2 24 11.837 16.988 5.812 10.922 17.333 7.409 
5 24 12.969 16.451 6.216 12.061 16.609 5.23 11.837 16.988 5.812 13.195 15.761 5.916 
2 24 12.061 16.609 5.23 11.837 16.988 5.812 
5 24 13.195 15.761 5.916 12.061 16.609 5.23 12.969 16.451 6.216 12.178 15.84 4.991 
5 24 13.195 15.761 5.916 12.178 15.84 4.991 12.061 16.609 5.23 12.282 13.839 4.669 
2 24 12.178 15.84 4.991 12.061 16.609 5.23 
2 24 12.282 13.839 4.669 12.178 15.84 4.991 
5 24 13.195 15.761 5.916 12.282 13.839 4.669 12.178 15.84 4.991 13.438 13.749 5.571 
5 24 13.438 13.749 5.571 12.282 13.839 4.669 13.195 15.761 5.916 13.704 11.559 5.148 
5 24 13.704 11.559 5.148 12.282 13.839 4.669 13.438 13.749 5.571 12.467 11.6 4.106 
5 24 13.704 11.559 5.148 12.467 11.6 4.106 12.282 13.839 4.669 12.8 9.63 2.972 
2 24 12.467 11.6 4.106 12.282 13.839 4.669 
5 24 13.704 11.559 5.148 12.8 9.63 2.972 12.467 11.6 4.106 14.322 9.155 4.022 
2 24 12.8 9.63 2.972 12.467 11.6 4.106 
2 24 14.322 9.155 4.022 12.8 9.63 2.972 
5 24 4.757 5.483 17.397 4.91 3.374 16.927 6.603 5.71 16.585 4.475 5.015 17.453 
5 24 4.91 3.374 16.927 6.603 5.71 16.585 4.757 5.483 17.397 8.496 3.053 14.613 
5 24 6.603 5.71 16.585 4.757 5.483 17.397 4.91 3.374 16.927 4.958 6.251 17.39 
5 24 4.91 3.374 16.927 8.496 3.053 14.613 6.603 5.71 16.585 5.152 1.353 16.125 
5 24 8.496 3.053 14.613 6.603 5.71 16.585 4.91 3.374 16.927 8.978 5.083 14.809 
5 24 8.496 3.053 14.613 8.978 5.083 14.809 6.603 5.71 16.585 10.935 4.814 12.721 
5 24 8.978 5.083 14.809 6.603 5.71 16.585 8.496 3.053 14.613 9.327 7.018 14.798 
5 24 8.978 5.083 14.809 9.327 7.018 14.798 6.603 5.71 16.585 11.192 6.812 12.898 
5 24 9.327 7.018 14.798 6.603 5.71 16.585 8.978 5.083 14.809 7.034 7.673 16.466 
5 24 9.327 7.018 14.798 7.034 7.673 16.466 6.603 5.71 16.585 9.573 8.745 14.582 
5 24 7.034 7.673 16.466 6.603 5.71 16.585 9.327 7.018 14.798 4.958 6.251 17.39 
5 24 7.034 7.673 16.466 4.958 6.251 17.39 6.603 5.71 16.585 5.391 8.441 17.326 
5 24 4.958 6.251 17.39 6.603 5.71 16.585 7.034 7.673 16.466 4.757 5.483 17.397 
5 24 7.034 7.673 16.466 5.391 8.441 17.326 4.958 6.251 17.39 7.324 9.399 16.231 
5 24 7.324 9.399 16.231 5.391 8.441 17.326 7.034 7.673 16.466 5.664 10.069 17.047 
5 24 7.034 7.673 16.466 7.324 9.399 16.231 5.391 8.441 17.326 9.573 8.745 14.582 
5 24 7.324 9.399 16.231 5.664 10.069 17.047 5.391 8.441 17.326 6.092 10.978 16.731 
5 24 7.324 9.399 16.231 6.092 10.978 16.731 5.664 10.069 17.047 7.469 10.924 15.9 
5 24 7.324 9.399 16.231 7.469 10.924 15.9 6.092 10.978 16.731 9.135 10.505 14.753 
5 24 7.324 9.399 16.231 9.135 10.505 14.753 7.469 10.924 15.9 9.573 8.745 14.582 
5 24 7.324 9.399 16.231 9.573 8.745 14.582 9.135 10.505 14.753 7.034 7.673 16.466 
5 24 9.573 8.745 14.582 9.135 10.505 14.753 7.324 9.399 16.231 10.414 10.094 13.575 
5 24 9.327 7.018 14.798 9.573 8.745 14.582 7.034 7.673 16.466 11.192 6.812 12.898 
5 24 9.573 8.745 14.582 10.414 10.094 13.575 9.135 10.505 14.753 11.27 8.408 12.838 
5 24 10.935 4.814 12.721 8.978 5.083 14.809 8.496 3.053 14.613 11.192 6.812 12.898 
5 24 8.496 3.053 14.613 10.352 2.608 12.542 10.935 4.814 12.721 8.021 1.103 14.118 
5 24 10.352 2.608 12.542 10.935 4.814 12.721 8.496 3.053 14.613 12.381 4.217 10.264 
5 24 12.381 4.217 10.264 10.935 4.814 12.721 10.352 2.608 12.542 12.106 4.952 11.158 
5 24 10.352 2.608 12.542 12.381 4.217 10.264 10.935 4.814 12.721 11.901 2.387 10.054 
5 24 10.352 2.608 12.542 11.901 2.387 10.054 12.381 4.217 10.264 11.297 0.453 9.634 
5 24 11.901 2.387 10.054 12.381 4.217 10.264 10.352 2.608 12.542 13.754 3.879 6.909 
5 24 8.978 5.083 14.809 11.192 6.812 12.898 9.327 7.018 14.798 10.935 4.814 12.721 
5 24 11.192 6.812 12.898 9.327 7.018 14.798 8.978 5.083 14.809 9.573 8.745 14.582 
5 24 10.935 4.814 12.721 11.192 6.812 12.898 8.978 5.083 14.809 12.079 5.526 11.446 
5 24 11.192 6.812 12.898 11.27 8.408 12.838 9.573 8.745 14.582 12.105 6.992 11.75 
5 24 11.27 8.408 12.838 9.573 8.745 14.582 11.192 6.812 12.898 10.414 10.094 13.575 
5 24 11.27 8.408 12.838 10.414 10.094 13.575 9.573 8.745 14.582 11.434 9.719 12.37 
5 24 11.192 6.812 12.898 12.105 6.992 11.75 11.27 8.408 12.838 12.079 5.526 11.446 
5 24 12.105 6.992 11.75 11.27 8.408 12.838 11.192 6.812 12.898 11.943 8.48 11.88 
5 24 11.943 8.48 11.88 11.27 8.408 12.838 12.105 6.992 11.75 11.752 9.231 11.944 
5 24 11.752 9.231 11.944 11.27 8.408 12.838 11.943 8.48 11.88 11.434 9.719 12.37 
5 24 11.434 9.719 12.37 11.27 8.408 12.838 11.752 9.231 11.944 10.414 10.094 13.575 
5 24 11.297 0.453 9.634 11.901 2.387 10.054 10.352 2.608 12.542 13.255 2.276 6.81 
5 24 10.352 2.608 12.542 11.297 0.453 9.634 11.901 2.387 10.054 9.431 0.278 12.236 
5 24 10.352 2.608 12.542 9.431 0.278 12.236 11.297 0.453 9.634 8.021 1.103 14.118 
5 24 9.431 0.278 12.236 11.297 0.453 9.634 10.352 2.608 12.542 10.014 -1.404 9.81 
5 24 8.021 1.103 14.118 9.431 0.278 12.236 10.352 2.608 12.542 8.016 -0.097 13.277 
5 24 10.352 2.608 12.542 8.021 1.103 14.118 9.431 0.278 12.236 8.496 3.053 14.613 
5 24 8.496 3.053 14.613 8.021 1.103 14.118 10.352 2.608 12.542 5.152 1.353 16.125 
5 24 8.016 -0.097 13.277 9.431 0.278 12.236 8.021 1.103 14.118 8.167 -0.69 12.808 
5 24 8.021 1.103 14.118 8.016 -0.097 13.277 9.431 0.278 12.236 7.188 -0.453 13.851 
5 24 8.016 -0.097 13.277 8.167 -0.69 12.808 9.431 0.278 12.236 7.224 -1.531 12.689 
5 24 8.167 -0.69 12.808 9.431 0.278 12.236 8.016 -0.097 13.277 7.725 -1.783 12.396 
5 24 7.188 -0.453 13.851 8.016 -0.097 13.277 8.021 1.103 14.118 7.224 -1.531 12.689 
5 24 8.021 1.103 14.118 7.188 -0.453 13.851 8.016 -0.097 13.277 5.152 1.353 16.125 
5 24 5.152 1.353 16.125 7.188 -0.453 13.851 8.021 1.103 14.118 4.298 -0.187 15.653 
5 24 8.021 1.103 14.118 5.152 1.353 16.125 7.188 -0.453 13.851 8.496 3.053 14.613 
5 24 8.496 3.053 14.613 5.152 1.353 16.125 8.021 1.103 14.118 4.91 3.374 16.927 
5 24 4.262 -1.474 14.868 7.188 -0.453 13.851 4.298 -0.187 15.653 6.72 -1.649 13.251 
5 24 4.262 -1.474 14.868 6.72 -1.649 13.251 7.188 -0.453 13.851 3.977 -2.633 14.113 
2 24 6.72 -1.649 13.251 7.188 -0.453 13.851 
5 24 3.977 -2.633 14.113 6.72 -1.649 13.251 4.262 -1.474 14.868 5.882 -3.018 12.75 
5 24 3.977 -2.633 14.113 5.882 -3.018 12.75 6.72 -1.649 13.251 3.601 -3.577 13.428 
2 24 5.882 -3.018 12.75 6.72 -1.649 13.251 
5 24 3.601 -3.577 13.428 5.882 -3.018 12.75 3.977 -2.633 14.113 4.993 -4.131 12.141 
5 24 3.601 -3.577 13.428 4.993 -4.131 12.141 5.882 -3.018 12.75 3.052 -4.718 12.415 
2 24 4.993 -4.131 12.141 5.882 -3.018 12.75 
5 24 3.052 -4.718 12.415 4.993 -4.131 12.141 3.601 -3.577 13.428 3.944 -5.202 11.257 
5 24 3.601 -3.577 13.428 3.052 -4.718 12.415 4.993 -4.131 12.141 1.763 -3.72 13.86 
5 24 1.763 -3.72 13.86 3.052 -4.718 12.415 3.601 -3.577 13.428 1.622 -4.759 12.777 
2 24 1.763 -3.72 13.86 1.622 -4.759 12.777 
5 24 1.622 -4.759 12.777 3.052 -4.718 12.415 1.763 -3.72 13.86 2.352 -5.866 11.059 
5 24 1.622 -4.759 12.777 2.352 -5.866 11.059 3.052 -4.718 12.415 1.455 -6.117 10.878 
5 24 2.352 -5.866 11.059 3.052 -4.718 12.415 1.622 -4.759 12.777 3.944 -5.202 11.257 
5 24 2.352 -5.866 11.059 3.944 -5.202 11.257 3.052 -4.718 12.415 2.625 -6.155 10.354 
5 24 3.944 -5.202 11.257 3.052 -4.718 12.415 2.352 -5.866 11.059 4.993 -4.131 12.141 
2 24 3.944 -5.202 11.257 4.993 -4.131 12.141 
5 24 2.352 -5.866 11.059 2.625 -6.155 10.354 3.944 -5.202 11.257 1.455 -6.117 10.878 
2 24 2.625 -6.155 10.354 3.944 -5.202 11.257 
5 24 2.352 -5.866 11.059 1.455 -6.117 10.878 2.625 -6.155 10.354 1.622 -4.759 12.777 
5 24 1.455 -6.117 10.878 2.625 -6.155 10.354 2.352 -5.866 11.059 1.217 -6.671 9.394 
2 24 1.622 -4.759 12.777 1.455 -6.117 10.878 
2 24 1.455 -6.117 10.878 1.217 -6.671 9.394 
2 24 1.217 -6.671 9.394 2.625 -6.155 10.354 
5 24 1.912 -2.71 14.739 1.111 -1.432 15.479 0.962 -2.44 14.635 1.968 -1.451 15.636 
5 24 0.962 -2.44 14.635 1.912 -2.71 14.739 1.111 -1.432 15.479 0.829 -3.372 13.769 
5 24 1.968 -1.451 15.636 1.111 -1.432 15.479 1.912 -2.71 14.739 1.786 -0.59 16.18 
5 24 0.829 -3.372 13.769 1.912 -2.71 14.739 0.962 -2.44 14.635 1.763 -3.72 13.86 
5 24 0.829 -3.372 13.769 1.763 -3.72 13.86 1.912 -2.71 14.739 1.622 -4.759 12.777 
5 24 0.829 -3.372 13.769 1.622 -4.759 12.777 1.763 -3.72 13.86 0.722 -4.51 12.496 
5 24 0.722 -4.51 12.496 1.622 -4.759 12.777 0.829 -3.372 13.769 1.455 -6.117 10.878 
5 24 1.786 -0.59 16.18 1.111 -1.432 15.479 1.968 -1.451 15.636 1.322 -0.369 16.35 
5 24 0.722 -4.51 12.496 1.455 -6.117 10.878 1.622 -4.759 12.777 0.468 -5.75 10.484 
5 24 0.468 -5.75 10.484 1.455 -6.117 10.878 0.722 -4.51 12.496 1.217 -6.671 9.394 
5 24 0.468 -5.75 10.484 1.217 -6.671 9.394 1.455 -6.117 10.878 0.56 -6.333 8.266 
2 24 0.56 -6.333 8.266 1.217 -6.671 9.394 
5 24 7.224 -1.531 12.689 7.188 -0.453 13.851 6.72 -1.649 13.251 8.016 -0.097 13.277 
5 24 6.72 -1.649 13.251 7.224 -1.531 12.689 7.188 -0.453 13.851 6.358 -2.837 12.068 
2 24 7.224 -1.531 12.689 8.016 -0.097 13.277 
2 24 6.358 -2.837 12.068 7.224 -1.531 12.689 
5 24 6.72 -1.649 13.251 6.358 -2.837 12.068 7.224 -1.531 12.689 5.882 -3.018 12.75 
5 24 5.882 -3.018 12.75 6.358 -2.837 12.068 6.72 -1.649 13.251 5.412 -3.97 11.306 
2 24 5.412 -3.97 11.306 6.358 -2.837 12.068 
5 24 5.882 -3.018 12.75 5.412 -3.97 11.306 6.358 -2.837 12.068 4.993 -4.131 12.141 
5 24 4.993 -4.131 12.141 5.412 -3.97 11.306 5.882 -3.018 12.75 3.944 -5.202 11.257 
5 24 3.944 -5.202 11.257 5.412 -3.97 11.306 4.993 -4.131 12.141 4.294 -4.977 10.38 
5 24 3.944 -5.202 11.257 4.294 -4.977 10.38 5.412 -3.97 11.306 2.625 -6.155 10.354 
2 24 4.294 -4.977 10.38 5.412 -3.97 11.306 
5 24 2.625 -6.155 10.354 4.294 -4.977 10.38 3.944 -5.202 11.257 3.135 -5.739 9.387 
5 24 2.625 -6.155 10.354 3.135 -5.739 9.387 4.294 -4.977 10.38 1.217 -6.671 9.394 
2 24 3.135 -5.739 9.387 4.294 -4.977 10.38 
5 24 1.217 -6.671 9.394 3.135 -5.739 9.387 2.625 -6.155 10.354 0.56 -6.333 8.266 
2 24 0.56 -6.333 8.266 3.135 -5.739 9.387 
5 24 8.167 -0.69 12.808 7.224 -1.531 12.689 7.725 -1.783 12.396 8.016 -0.097 13.277 
5 24 7.224 -1.531 12.689 7.725 -1.783 12.396 8.167 -0.69 12.808 6.358 -2.837 12.068 
2 24 7.725 -1.783 12.396 8.167 -0.69 12.808 
5 24 6.358 -2.837 12.068 7.725 -1.783 12.396 7.224 -1.531 12.689 6.968 -3.101 11.799 
5 24 6.358 -2.837 12.068 6.968 -3.101 11.799 7.725 -1.783 12.396 6.121 -4.312 11.023 
2 24 6.968 -3.101 11.799 7.725 -1.783 12.396 
5 24 6.358 -2.837 12.068 6.121 -4.312 11.023 6.968 -3.101 11.799 5.412 -3.97 11.306 
2 24 6.121 -4.312 11.023 6.968 -3.101 11.799 
5 24 5.412 -3.97 11.306 6.121 -4.312 11.023 6.358 -2.837 12.068 5.039 -5.427 10.079 
5 24 5.412 -3.97 11.306 5.039 -5.427 10.079 6.121 -4.312 11.023 4.294 -4.977 10.38 
2 24 5.039 -5.427 10.079 6.121 -4.312 11.023 
5 24 4.294 -4.977 10.38 5.039 -5.427 10.079 5.412 -3.97 11.306 3.842 -6.344 9.046 
2 24 3.842 -6.344 9.046 5.039 -5.427 10.079 
5 24 4.294 -4.977 10.38 3.842 -6.344 9.046 5.039 -5.427 10.079 3.135 -5.739 9.387 
5 24 3.135 -5.739 9.387 3.842 -6.344 9.046 4.294 -4.977 10.38 2.444 -7.11 7.787 
5 24 3.135 -5.739 9.387 2.444 -7.11 7.787 3.842 -6.344 9.046 1.543 -6.411 7.983 
2 24 2.444 -7.11 7.787 3.842 -6.344 9.046 
2 24 3.135 -5.739 9.387 1.543 -6.411 7.983 
5 24 1.543 -6.411 7.983 2.444 -7.11 7.787 3.135 -5.739 9.387 0.809 -7.609 6.343 
5 24 1.543 -6.411 7.983 0.809 -7.609 6.343 2.444 -7.11 7.787 -0.126 -7.182 6.441 
2 24 0.809 -7.609 6.343 2.444 -7.11 7.787 
2 24 1.543 -6.411 7.983 -0.126 -7.182 6.441 
5 24 12.943 1.534 -7.849 11.752 0.494 -8.924 12.853 2.163 -8.32 12.156 0.007 -8.399 
2 24 11.752 0.494 -8.924 12.853 2.163 -8.32 
5 24 12.156 0.007 -8.399 11.752 0.494 -8.924 12.943 1.534 -7.849 10.605 -1.083 -9.453 
2 24 10.605 -1.083 -9.453 11.752 0.494 -8.924 
5 24 12.156 0.007 -8.399 10.605 -1.083 -9.453 11.752 0.494 -8.924 11.015 -1.731 -9.008 
5 24 11.015 -1.731 -9.008 10.605 -1.083 -9.453 12.156 0.007 -8.399 9.186 -2.583 -10.024 
2 24 9.186 -2.583 -10.024 10.605 -1.083 -9.453 
5 24 11.015 -1.731 -9.008 9.186 -2.583 -10.024 10.605 -1.083 -9.453 9.59 -3.373 -9.573 
5 24 9.59 -3.373 -9.573 9.186 -2.583 -10.024 11.015 -1.731 -9.008 7.633 -3.899 -10.444 
5 24 9.59 -3.373 -9.573 7.633 -3.899 -10.444 9.186 -2.583 -10.024 7.93 -4.749 -10.073 
2 24 7.633 -3.899 -10.444 9.186 -2.583 -10.024 
5 24 7.93 -4.749 -10.073 7.633 -3.899 -10.444 9.59 -3.373 -9.573 5.832 -4.601 -10.675 
5 24 7.93 -4.749 -10.073 5.832 -4.601 -10.675 7.633 -3.899 -10.444 5.928 -5.583 -10.367 
2 24 5.832 -4.601 -10.675 7.633 -3.899 -10.444 
5 24 5.928 -5.583 -10.367 5.832 -4.601 -10.675 7.93 -4.749 -10.073 3.367 -4.665 -10.697 
5 24 5.928 -5.583 -10.367 3.367 -4.665 -10.697 5.832 -4.601 -10.675 3.054 -5.858 -10.406 
2 24 3.367 -4.665 -10.697 5.832 -4.601 -10.675 
5 24 3.054 -5.858 -10.406 3.367 -4.665 -10.697 5.928 -5.583 -10.367 0.846 -5.358 -10.393 
5 24 0.846 -5.358 -10.393 3.367 -4.665 -10.697 3.054 -5.858 -10.406 0.613 -4.393 -10.869 
2 24 0.613 -4.393 -10.869 3.367 -4.665 -10.697 
5 24 11.752 0.494 -8.924 12.484 1.838 -8.82 12.853 2.163 -8.32 11.817 0.693 -9.46 
5 24 11.752 0.494 -8.924 11.817 0.693 -9.46 12.484 1.838 -8.82 10.605 -1.083 -9.453 
5 24 10.605 -1.083 -9.453 11.817 0.693 -9.46 11.752 0.494 -8.924 10.705 -0.949 -10.238 
5 24 10.605 -1.083 -9.453 10.705 -0.949 -10.238 11.817 0.693 -9.46 9.186 -2.583 -10.024 
5 24 9.186 -2.583 -10.024 10.705 -0.949 -10.238 10.605 -1.083 -9.453 9.303 -2.492 -10.884 
5 24 9.186 -2.583 -10.024 9.303 -2.492 -10.884 10.705 -0.949 -10.238 7.633 -3.899 -10.444 
5 24 7.633 -3.899 -10.444 9.303 -2.492 -10.884 9.186 -2.583 -10.024 7.613 -3.703 -11.417 
5 24 7.633 -3.899 -10.444 7.613 -3.703 -11.417 9.303 -2.492 -10.884 5.832 -4.601 -10.675 
5 24 5.832 -4.601 -10.675 7.613 -3.703 -11.417 7.633 -3.899 -10.444 5.568 -4.532 -11.675 
5 24 5.832 -4.601 -10.675 5.568 -4.532 -11.675 7.613 -3.703 -11.417 3.367 -4.665 -10.697 
5 24 3.367 -4.665 -10.697 5.568 -4.532 -11.675 5.832 -4.601 -10.675 3.357 -4.759 -11.784 
5 24 3.367 -4.665 -10.697 3.357 -4.759 -11.784 5.568 -4.532 -11.675 1.204 -4.228 -11.674 
5 24 3.367 -4.665 -10.697 1.204 -4.228 -11.674 3.357 -4.759 -11.784 0.613 -4.393 -10.869 
5 24 14.953 6.813 -1.64 15.21 7.853 -2.656 14.537 8.419 -2.244 15.337 6.199 -2.341 
2 24 14.537 8.419 -2.244 14.953 6.813 -1.64 
5 24 14.953 6.813 -1.64 15.337 6.199 -2.341 15.21 7.853 -2.656 14.986 4.857 -1.944 
5 24 14.986 4.857 -1.944 15.337 6.199 -2.341 14.953 6.813 -1.64 15.215 4.77 -2.474 
2 24 14.953 6.813 -1.64 14.986 4.857 -1.944 
5 24 14.986 4.857 -1.944 15.215 4.77 -2.474 15.337 6.199 -2.341 14.825 3.132 -2.522 
5 24 14.986 4.857 -1.944 14.825 3.132 -2.522 15.215 4.77 -2.474 14.787 2.944 -2.333 
2 24 14.986 4.857 -1.944 14.787 2.944 -2.333 
5 24 14.5 8.036 -1.195 14.537 8.419 -2.244 14.404 8.771 -1.669 14.953 6.813 -1.64 
5 24 14.537 8.419 -2.244 14.404 8.771 -1.669 14.5 8.036 -1.195 14.356 9.797 -2.838 
2 24 14.404 8.771 -1.669 14.5 8.036 -1.195 
2 24 14.5 8.036 -1.195 14.953 6.813 -1.64 
5 24 14.356 9.797 -2.838 14.404 8.771 -1.669 14.537 8.419 -2.244 14.309 10.073 -2.231 
5 24 14.537 8.419 -2.244 14.356 9.797 -2.838 14.404 8.771 -1.669 14.106 8.735 -4.28 
5 24 14.356 9.797 -2.838 14.309 10.073 -2.231 14.404 8.771 -1.669 14.222 10.851 -3.2 
2 24 14.309 10.073 -2.231 14.404 8.771 -1.669 
5 24 14.106 8.735 -4.28 14.356 9.797 -2.838 14.537 8.419 -2.244 13.964 9.721 -4.497 
5 24 14.106 8.735 -4.28 13.964 9.721 -4.497 14.356 9.797 -2.838 13.561 8.881 -5.908 
5 24 13.964 9.721 -4.497 14.356 9.797 -2.838 14.106 8.735 -4.28 14.222 10.851 -3.2 
5 24 14.356 9.797 -2.838 14.222 10.851 -3.2 14.309 10.073 -2.231 13.964 9.721 -4.497 
5 24 13.964 9.721 -4.497 14.222 10.851 -3.2 14.356 9.797 -2.838 13.808 10.661 -4.697 
5 24 14.222 10.851 -3.2 14.175 11.077 -2.642 14.309 10.073 -2.231 14.077 11.444 -2.882 
2 24 14.175 11.077 -2.642 14.309 10.073 -2.231 
5 24 14.222 10.851 -3.2 14.077 11.444 -2.882 14.175 11.077 -2.642 13.963 11.606 -3.281 
2 24 14.077 11.444 -2.882 14.175 11.077 -2.642 
5 24 14.222 10.851 -3.2 13.963 11.606 -3.281 14.077 11.444 -2.882 13.808 10.661 -4.697 
2 24 13.963 11.606 -3.281 14.077 11.444 -2.882 
5 24 13.964 9.721 -4.497 13.808 10.661 -4.697 14.222 10.851 -3.2 13.454 9.854 -5.894 
5 24 13.808 10.661 -4.697 14.222 10.851 -3.2 13.964 9.721 -4.497 13.963 11.606 -3.281 
5 24 13.808 10.661 -4.697 13.963 11.606 -3.281 14.222 10.851 -3.2 13.552 11.532 -4.801 
5 24 13.808 10.661 -4.697 13.552 11.532 -4.801 13.963 11.606 -3.281 13.323 10.734 -5.953 
2 24 13.552 11.532 -4.801 13.963 11.606 -3.281 
5 24 13.323 10.734 -5.953 13.552 11.532 -4.801 13.808 10.661 -4.697 13.008 11.401 -6.107 
5 24 13.808 10.661 -4.697 13.323 10.734 -5.953 13.552 11.532 -4.801 13.454 9.854 -5.894 
5 24 13.323 10.734 -5.953 13.008 11.401 -6.107 13.552 11.532 -4.801 12.89 10.954 -6.6 
2 24 13.008 11.401 -6.107 13.552 11.532 -4.801 
5 24 13.323 10.734 -5.953 12.89 10.954 -6.6 13.008 11.401 -6.107 12.897 10.088 -6.94 
5 24 12.89 10.954 -6.6 13.008 11.401 -6.107 13.323 10.734 -5.953 12.883 11.245 -6.42 
2 24 12.89 10.954 -6.6 12.883 11.245 -6.42 
2 24 12.883 11.245 -6.42 13.008 11.401 -6.107 
5 24 13.323 10.734 -5.953 12.897 10.088 -6.94 12.89 10.954 -6.6 13.454 9.854 -5.894 
2 24 12.897 10.088 -6.94 12.89 10.954 -6.6 
5 24 13.323 10.734 -5.953 13.454 9.854 -5.894 12.897 10.088 -6.94 13.808 10.661 -4.697 
5 24 13.454 9.854 -5.894 12.897 10.088 -6.94 13.323 10.734 -5.953 13.561 8.881 -5.908 
5 24 13.808 10.661 -4.697 13.454 9.854 -5.894 13.323 10.734 -5.953 13.964 9.721 -4.497 
5 24 13.964 9.721 -4.497 13.454 9.854 -5.894 13.808 10.661 -4.697 13.561 8.881 -5.908 
5 24 13.561 8.881 -5.908 12.897 10.088 -6.94 13.454 9.854 -5.894 12.941 8.97 -7.325 
5 24 13.454 9.854 -5.894 13.561 8.881 -5.908 12.897 10.088 -6.94 13.964 9.721 -4.497 
5 24 13.561 8.881 -5.908 13.964 9.721 -4.497 14.106 8.735 -4.28 13.454 9.854 -5.894 
2 24 12.941 8.97 -7.325 12.897 10.088 -6.94 
5 24 15.636 7.39 -0.234 14.529 8.567 -0.628 15.631 8.181 0.282 14.5 8.036 -1.195 
2 24 14.529 8.567 -0.628 15.631 8.181 0.282 
2 24 15.631 8.181 0.282 15.636 7.39 -0.234 
5 24 15.636 7.39 -0.234 14.5 8.036 -1.195 14.529 8.567 -0.628 14.953 6.813 -1.64 
5 24 14.5 8.036 -1.195 14.529 8.567 -0.628 15.636 7.39 -0.234 13.12 8.489 -1.02 
2 24 14.5 8.036 -1.195 13.12 8.489 -1.02 
5 24 13.12 8.489 -1.02 14.529 8.567 -0.628 14.5 8.036 -1.195 13.132 9.045 -0.508 
2 24 13.12 8.489 -1.02 13.132 9.045 -0.508 
2 24 13.132 9.045 -0.508 14.529 8.567 -0.628 
5 24 15.636 7.39 -0.234 14.953 6.813 -1.64 14.5 8.036 -1.195 15.471 5.864 -0.773 
2 24 15.636 7.39 -0.234 15.471 5.864 -0.773 
5 24 15.471 5.864 -0.773 14.953 6.813 -1.64 15.636 7.39 -0.234 14.986 4.857 -1.944 
5 24 15.471 5.864 -0.773 14.986 4.857 -1.944 14.953 6.813 -1.64 15.213 4.625 -1.276 
2 24 15.471 5.864 -0.773 15.213 4.625 -1.276 
5 24 15.213 4.625 -1.276 14.986 4.857 -1.944 15.471 5.864 -0.773 14.897 3.301 -1.943 
5 24 14.897 3.301 -1.943 14.986 4.857 -1.944 15.213 4.625 -1.276 14.787 2.944 -2.333 
2 24 15.213 4.625 -1.276 14.897 3.301 -1.943 
2 24 14.897 3.301 -1.943 14.787 2.944 -2.333 
5 24 14.404 8.771 -1.669 13.12 8.489 -1.02 14.5 8.036 -1.195 13.098 8.921 -1.33 
5 24 14.404 8.771 -1.669 13.098 8.921 -1.33 13.12 8.489 -1.02 14.309 10.073 -2.231 
2 24 13.098 8.921 -1.33 13.12 8.489 -1.02 
5 24 14.309 10.073 -2.231 13.098 8.921 -1.33 14.404 8.771 -1.669 12.998 10.143 -1.878 
5 24 14.309 10.073 -2.231 12.998 10.143 -1.878 13.098 8.921 -1.33 14.175 11.077 -2.642 
2 24 12.998 10.143 -1.878 13.098 8.921 -1.33 
5 24 14.175 11.077 -2.642 12.998 10.143 -1.878 14.309 10.073 -2.231 12.937 11.25 -2.399 
5 24 14.175 11.077 -2.642 12.937 11.25 -2.399 12.998 10.143 -1.878 14.077 11.444 -2.882 
2 24 12.937 11.25 -2.399 12.998 10.143 -1.878 
5 24 14.077 11.444 -2.882 12.937 11.25 -2.399 14.175 11.077 -2.642 12.852 11.662 -2.696 
2 24 14.077 11.444 -2.882 12.852 11.662 -2.696 
2 24 12.852 11.662 -2.696 12.937 11.25 -2.399 
5 24 13.963 11.606 -3.281 12.852 11.662 -2.696 14.077 11.444 -2.882 12.729 11.808 -3.148 
5 24 13.963 11.606 -3.281 12.729 11.808 -3.148 12.852 11.662 -2.696 13.552 11.532 -4.801 
2 24 12.729 11.808 -3.148 12.852 11.662 -2.696 
5 24 13.552 11.532 -4.801 12.241 11.733 -4.674 12.729 11.808 -3.148 13.008 11.401 -6.107 
2 24 12.241 11.733 -4.674 12.729 11.808 -3.148 
5 24 13.008 11.401 -6.107 12.241 11.733 -4.674 13.552 11.532 -4.801 11.568 11.562 -6.139 
5 24 13.008 11.401 -6.107 11.568 11.562 -6.139 12.241 11.733 -4.674 12.883 11.245 -6.42 
2 24 11.568 11.562 -6.139 12.241 11.733 -4.674 
5 24 12.883 11.245 -6.42 11.378 11.435 -6.417 11.568 11.562 -6.139 12.89 10.954 -6.6 
2 24 11.378 11.435 -6.417 11.568 11.562 -6.139 
5 24 12.89 10.954 -6.6 11.378 11.435 -6.417 12.883 11.245 -6.42 11.295 11.174 -6.628 
5 24 12.89 10.954 -6.6 11.295 11.174 -6.628 11.378 11.435 -6.417 11.097 10.264 -6.98 
2 24 11.295 11.174 -6.628 11.378 11.435 -6.417 
2 24 11.097 10.264 -6.98 11.295 11.174 -6.628 
5 24 12.89 10.954 -6.6 11.097 10.264 -6.98 11.295 11.174 -6.628 12.897 10.088 -6.94 
5 24 12.897 10.088 -6.94 11.097 10.264 -6.98 12.89 10.954 -6.6 10.877 9.255 -7.362 
5 24 12.897 10.088 -6.94 10.877 9.255 -7.362 11.097 10.264 -6.98 12.941 8.97 -7.325 
2 24 10.877 9.255 -7.362 11.097 10.264 -6.98 
5 24 14.787 2.944 -2.333 13.981 1.817 2.26 14.554 2.156 -2.381 14.897 3.301 -1.943 
5 24 13.981 1.817 2.26 14.554 2.156 -2.381 14.787 2.944 -2.333 13.106 -0.3 1.582 
5 24 14.897 3.301 -1.943 13.981 1.817 2.26 14.787 2.944 -2.333 14.629 3.694 2.66 
5 24 14.897 3.301 -1.943 14.629 3.694 2.66 13.981 1.817 2.26 15.213 4.625 -1.276 
5 24 14.629 3.694 2.66 13.981 1.817 2.26 14.897 3.301 -1.943 13.255 2.276 6.81 
5 24 15.213 4.625 -1.276 14.629 3.694 2.66 14.897 3.301 -1.943 15.471 5.864 -0.773 
5 24 14.629 3.694 2.66 13.255 2.276 6.81 13.981 1.817 2.26 13.754 3.879 6.909 
5 24 13.255 2.276 6.81 13.981 1.817 2.26 14.629 3.694 2.66 12.976 1.172 6.167 
5 24 14.629 3.694 2.66 13.754 3.879 6.909 13.255 2.276 6.81 15.047 5.369 2.982 
5 24 13.754 3.879 6.909 13.255 2.276 6.81 14.629 3.694 2.66 11.901 2.387 10.054 
5 24 15.047 5.369 2.982 13.754 3.879 6.909 14.629 3.694 2.66 14.162 5.542 6.975 
5 24 14.629 3.694 2.66 15.047 5.369 2.982 13.754 3.879 6.909 15.471 5.864 -0.773 
5 24 15.047 5.369 2.982 14.162 5.542 6.975 13.754 3.879 6.909 15.289 6.959 3.21 
5 24 14.162 5.542 6.975 13.754 3.879 6.909 15.047 5.369 2.982 13.251 6.022 9.437 
5 24 15.289 6.959 3.21 14.162 5.542 6.975 15.047 5.369 2.982 14.407 7.155 7.043 
5 24 15.047 5.369 2.982 15.289 6.959 3.21 14.162 5.542 6.975 15.636 7.39 -0.234 
5 24 15.289 6.959 3.21 14.407 7.155 7.043 14.162 5.542 6.975 15.199 8.513 4.351 
5 24 14.407 7.155 7.043 14.162 5.542 6.975 15.289 6.959 3.21 13.251 6.022 9.437 
5 24 15.289 6.959 3.21 15.199 8.513 4.351 14.407 7.155 7.043 15.484 8.363 2.226 
5 24 15.199 8.513 4.351 14.407 7.155 7.043 15.289 6.959 3.21 14.494 8.822 7.127 
2 24 15.484 8.363 2.226 15.199 8.513 4.351 
5 24 15.289 6.959 3.21 15.484 8.363 2.226 15.199 8.513 4.351 15.636 7.39 -0.234 
5 24 15.636 7.39 -0.234 15.484 8.363 2.226 15.289 6.959 3.21 15.631 8.181 0.282 
5 24 15.289 6.959 3.21 15.636 7.39 -0.234 15.484 8.363 2.226 15.047 5.369 2.982 
5 24 15.047 5.369 2.982 15.636 7.39 -0.234 15.289 6.959 3.21 15.471 5.864 -0.773 
2 24 15.631 8.181 0.282 15.484 8.363 2.226 
2 24 15.199 8.513 4.351 14.494 8.822 7.127 
5 24 14.494 8.822 7.127 14.407 7.155 7.043 15.199 8.513 4.351 13.462 7.427 9.424 
5 24 12.976 1.172 6.167 13.981 1.817 2.26 13.255 2.276 6.81 12.82 0.438 5.444 
5 24 13.255 2.276 6.81 12.976 1.172 6.167 13.981 1.817 2.26 12.44 0.157 6.55 
5 24 15.047 5.369 2.982 15.471 5.864 -0.773 15.636 7.39 -0.234 14.629 3.694 2.66 
5 24 14.629 3.694 2.66 15.471 5.864 -0.773 15.047 5.369 2.982 15.213 4.625 -1.276 
5 24 12.82 0.438 5.444 13.981 1.817 2.26 12.976 1.172 6.167 13.106 -0.3 1.582 
2 24 12.976 1.172 6.167 12.82 0.438 5.444 
5 24 12.82 0.438 5.444 13.106 -0.3 1.582 13.981 1.817 2.26 12.274 -0.78 5.101 
5 24 13.106 -0.3 1.582 13.981 1.817 2.26 12.82 0.438 5.444 14.554 2.156 -2.381 
2 24 12.82 0.438 5.444 12.274 -0.78 5.101 
5 24 12.274 -0.78 5.101 13.106 -0.3 1.582 12.82 0.438 5.444 11.273 -2.531 4.745 
2 24 12.274 -0.78 5.101 11.273 -2.531 4.745 
5 24 11.273 -2.531 4.745 12.031 -2.271 0.987 13.106 -0.3 1.582 10.104 -4.222 4.282 
5 24 12.031 -2.271 0.987 13.106 -0.3 1.582 11.273 -2.531 4.745 13.199 -0.9 -3.61 
2 24 11.273 -2.531 4.745 10.104 -4.222 4.282 
5 24 10.104 -4.222 4.282 12.031 -2.271 0.987 11.273 -2.531 4.745 10.619 -4.189 0.589 
5 24 10.104 -4.222 4.282 10.619 -4.189 0.589 12.031 -2.271 0.987 8.329 -6.053 3.567 
5 24 10.619 -4.189 0.589 12.031 -2.271 0.987 10.104 -4.222 4.282 12.125 -2.691 -3.762 
5 24 12.125 -2.691 -3.762 12.031 -2.271 0.987 10.619 -4.189 0.589 12.611 -1.806 -3.962 
5 24 10.619 -4.189 0.589 12.125 -2.691 -3.762 12.031 -2.271 0.987 11.056 -3.986 -4.081 
5 24 10.619 -4.189 0.589 11.056 -3.986 -4.081 12.125 -2.691 -3.762 8.932 -5.891 0.075 
2 24 11.056 -3.986 -4.081 12.125 -2.691 -3.762 
2 24 10.104 -4.222 4.282 8.329 -6.053 3.567 
5 24 8.329 -6.053 3.567 8.932 -5.891 0.075 10.619 -4.189 0.589 6.428 -7.315 2.745 
5 24 8.932 -5.891 0.075 10.619 -4.189 0.589 8.329 -6.053 3.567 11.056 -3.986 -4.081 
5 24 8.932 -5.891 0.075 11.056 -3.986 -4.081 10.619 -4.189 0.589 9.371 -5.578 -4.449 
5 24 8.932 -5.891 0.075 9.371 -5.578 -4.449 11.056 -3.986 -4.081 6.998 -7.196 -0.499 
2 24 9.371 -5.578 -4.449 11.056 -3.986 -4.081 
5 24 8.932 -5.891 0.075 6.998 -7.196 -0.499 9.371 -5.578 -4.449 6.428 -7.315 2.745 
5 24 6.998 -7.196 -0.499 9.371 -5.578 -4.449 8.932 -5.891 0.075 7.689 -6.805 -4.724 
5 24 6.998 -7.196 -0.499 7.689 -6.805 -4.724 9.371 -5.578 -4.449 5.495 -7.771 -4.954 
2 24 7.689 -6.805 -4.724 9.371 -5.578 -4.449 
5 24 6.428 -7.315 2.745 8.932 -5.891 0.075 8.329 -6.053 3.567 6.998 -7.196 -0.499 
2 24 8.329 -6.053 3.567 6.428 -7.315 2.745 
5 24 6.428 -7.315 2.745 6.998 -7.196 -0.499 8.932 -5.891 0.075 4.131 -8.099 1.69 
2 24 6.428 -7.315 2.745 4.131 -8.099 1.69 
5 24 4.131 -8.099 1.69 6.998 -7.196 -0.499 6.428 -7.315 2.745 4.828 -8.094 -1.123 
5 24 4.131 -8.099 1.69 4.828 -8.094 -1.123 6.998 -7.196 -0.499 2.833 -8.468 -1.631 
5 24 4.828 -8.094 -1.123 6.998 -7.196 -0.499 4.131 -8.099 1.69 5.495 -7.771 -4.954 
5 24 2.833 -8.468 -1.631 4.828 -8.094 -1.123 4.131 -8.099 1.69 5.495 -7.771 -4.954 
5 24 4.131 -8.099 1.69 2.833 -8.468 -1.631 4.828 -8.094 -1.123 1.163 -8.333 0.328 
2 24 4.131 -8.099 1.69 1.163 -8.333 0.328 
5 24 1.163 -8.333 0.328 2.833 -8.468 -1.631 4.131 -8.099 1.69 1.175 -8.268 -1.76 
5 24 6.998 -7.196 -0.499 5.495 -7.771 -4.954 7.689 -6.805 -4.724 4.828 -8.094 -1.123 
2 24 5.495 -7.771 -4.954 7.689 -6.805 -4.724 
5 24 4.828 -8.094 -1.123 5.495 -7.771 -4.954 6.998 -7.196 -0.499 2.833 -8.468 -1.631 
5 24 2.833 -8.468 -1.631 5.495 -7.771 -4.954 4.828 -8.094 -1.123 2.83 -8.032 -5.198 
5 24 2.833 -8.468 -1.631 2.83 -8.032 -5.198 5.495 -7.771 -4.954 1.175 -8.268 -1.76 
2 24 2.83 -8.032 -5.198 5.495 -7.771 -4.954 
5 24 2.833 -8.468 -1.631 1.175 -8.268 -1.76 2.83 -8.032 -5.198 1.163 -8.333 0.328 
5 24 1.175 -8.268 -1.76 2.83 -8.032 -5.198 2.833 -8.468 -1.631 1.01 -7.694 -5.409 
5 24 1.163 -8.333 0.328 1.175 -8.268 -1.76 2.833 -8.468 -1.631 -0.147 -7.417 -1.424 
5 24 1.175 -8.268 -1.76 1.01 -7.694 -5.409 2.83 -8.032 -5.198 -0.284 -7.23 -5.101 
2 24 1.01 -7.694 -5.409 2.83 -8.032 -5.198 
5 24 -0.284 -7.23 -5.101 1.01 -7.694 -5.409 1.175 -8.268 -1.76 0.23 -7.166 -6.411 
5 24 1.175 -8.268 -1.76 -0.284 -7.23 -5.101 1.01 -7.694 -5.409 -0.147 -7.417 -1.424 
5 24 -0.284 -7.23 -5.101 0.23 -7.166 -6.411 1.01 -7.694 -5.409 -0.357 -7.161 -6.154 
2 24 0.23 -7.166 -6.411 1.01 -7.694 -5.409 
5 24 1.175 -8.268 -1.76 -0.147 -7.417 -1.424 -0.284 -7.23 -5.101 1.163 -8.333 0.328 
5 24 1.163 -8.333 0.328 -0.147 -7.417 -1.424 1.175 -8.268 -1.76 0.047 -7.421 1.031 
2 24 1.163 -8.333 0.328 0.047 -7.421 1.031 
5 24 14.529 8.567 -0.628 13.009 9.343 1.487 15.484 8.363 2.226 13.132 9.045 -0.508 
5 24 13.009 9.343 1.487 15.484 8.363 2.226 14.529 8.567 -0.628 14.322 9.155 4.022 
2 24 13.132 9.045 -0.508 13.009 9.343 1.487 
5 24 14.322 9.155 4.022 15.484 8.363 2.226 13.009 9.343 1.487 15.199 8.513 4.351 
5 24 13.009 9.343 1.487 14.322 9.155 4.022 15.484 8.363 2.226 12.8 9.63 2.972 
2 24 13.009 9.343 1.487 12.8 9.63 2.972 
5 24 14.322 9.155 4.022 15.199 8.513 4.351 15.484 8.363 2.226 13.824 9.471 6.933 
5 24 13.824 9.471 6.933 15.199 8.513 4.351 14.322 9.155 4.022 14.494 8.822 7.127 
5 24 13.824 9.471 6.933 14.494 8.822 7.127 15.199 8.513 4.351 13.407 9.245 9.627 
5 24 13.824 9.471 6.933 13.407 9.245 9.627 14.494 8.822 7.127 12.416 9.965 9.575 
2 24 13.407 9.245 9.627 14.494 8.822 7.127 
5 24 12.416 9.965 9.575 13.407 9.245 9.627 13.824 9.471 6.933 13.107 9.068 10.14 
5 24 12.416 9.965 9.575 13.107 9.068 10.14 13.407 9.245 9.627 11.993 9.766 10.254 
2 24 13.107 9.068 10.14 13.407 9.245 9.627 
5 24 11.993 9.766 10.254 13.107 9.068 10.14 12.416 9.965 9.575 11.889 8.973 10.833 
5 24 11.889 8.973 10.833 13.107 9.068 10.14 11.993 9.766 10.254 12.926 8.409 10.465 
5 24 11.889 8.973 10.833 12.926 8.409 10.465 13.107 9.068 10.14 12.243 7.242 11.169 
2 24 12.926 8.409 10.465 13.107 9.068 10.14 
5 24 12.243 7.242 11.169 12.926 8.409 10.465 11.889 8.973 10.833 12.615 6.775 10.843 
5 24 12.243 7.242 11.169 12.615 6.775 10.843 12.926 8.409 10.465 12.328 5.577 11.02 
2 24 12.615 6.775 10.843 12.926 8.409 10.465 
2 24 12.328 5.577 11.02 12.615 6.775 10.843 
5 24 12.243 7.242 11.169 12.328 5.577 11.02 12.615 6.775 10.843 12.106 4.952 11.158 
2 24 12.106 4.952 11.158 12.328 5.577 11.02 
5 24 13.407 9.245 9.627 12.926 8.409 10.465 13.462 7.427 9.424 13.107 9.068 10.14 
5 24 12.926 8.409 10.465 13.462 7.427 9.424 13.407 9.245 9.627 12.615 6.775 10.843 
5 24 13.462 7.427 9.424 13.407 9.245 9.627 12.926 8.409 10.465 14.494 8.822 7.127 
5 24 13.462 7.427 9.424 14.494 8.822 7.127 13.407 9.245 9.627 14.407 7.155 7.043 
5 24 13.462 7.427 9.424 14.407 7.155 7.043 14.494 8.822 7.127 13.251 6.022 9.437 
5 24 12.615 6.775 10.843 13.462 7.427 9.424 12.926 8.409 10.465 13.251 6.022 9.437 
5 24 12.615 6.775 10.843 13.251 6.022 9.437 13.462 7.427 9.424 12.328 5.577 11.02 
5 24 13.251 6.022 9.437 13.462 7.427 9.424 12.615 6.775 10.843 14.407 7.155 7.043 
5 24 13.251 6.022 9.437 14.407 7.155 7.043 13.462 7.427 9.424 14.162 5.542 6.975 
5 24 12.328 5.577 11.02 13.251 6.022 9.437 12.615 6.775 10.843 12.381 4.217 10.264 
5 24 12.381 4.217 10.264 13.251 6.022 9.437 12.328 5.577 11.02 13.754 3.879 6.909 
5 24 13.251 6.022 9.437 14.162 5.542 6.975 14.407 7.155 7.043 13.754 3.879 6.909 
5 24 13.251 6.022 9.437 13.754 3.879 6.909 14.162 5.542 6.975 12.381 4.217 10.264 
5 24 12.381 4.217 10.264 13.754 3.879 6.909 13.251 6.022 9.437 11.901 2.387 10.054 
5 24 11.901 2.387 10.054 13.754 3.879 6.909 12.381 4.217 10.264 13.255 2.276 6.81 
5 24 11.901 2.387 10.054 13.255 2.276 6.81 13.754 3.879 6.909 11.297 0.453 9.634 
5 24 11.297 0.453 9.634 13.255 2.276 6.81 11.901 2.387 10.054 12.44 0.157 6.55 
5 24 11.297 0.453 9.634 12.44 0.157 6.55 13.255 2.276 6.81 11.978 -0.794 6.375 
5 24 12.44 0.157 6.55 13.255 2.276 6.81 11.297 0.453 9.634 12.976 1.172 6.167 
2 24 12.44 0.157 6.55 12.976 1.172 6.167 
5 24 11.297 0.453 9.634 11.978 -0.794 6.375 12.44 0.157 6.55 10.014 -1.404 9.81 
2 24 11.978 -0.794 6.375 12.44 0.157 6.55 
5 24 11.297 0.453 9.634 10.014 -1.404 9.81 11.978 -0.794 6.375 9.431 0.278 12.236 
5 24 10.014 -1.404 9.81 11.978 -0.794 6.375 11.297 0.453 9.634 10.886 -2.603 6.054 
5 24 10.014 -1.404 9.81 10.886 -2.603 6.054 11.978 -0.794 6.375 9.095 -3.005 9.199 
2 24 10.886 -2.603 6.054 11.978 -0.794 6.375 
5 24 10.014 -1.404 9.81 9.095 -3.005 9.199 10.886 -2.603 6.054 7.725 -1.783 12.396 
5 24 9.095 -3.005 9.199 10.886 -2.603 6.054 10.014 -1.404 9.81 9.659 -4.177 5.669 
2 24 9.659 -4.177 5.669 10.886 -2.603 6.054 
5 24 9.095 -3.005 9.199 9.659 -4.177 5.669 10.886 -2.603 6.054 7.97 -4.434 8.568 
5 24 9.095 -3.005 9.199 7.97 -4.434 8.568 9.659 -4.177 5.669 6.968 -3.101 11.799 
5 24 7.97 -4.434 8.568 9.659 -4.177 5.669 9.095 -3.005 9.199 7.784 -5.924 4.985 
5 24 7.97 -4.434 8.568 7.784 -5.924 4.985 9.659 -4.177 5.669 6.597 -5.726 7.825 
2 24 7.784 -5.924 4.985 9.659 -4.177 5.669 
5 24 7.97 -4.434 8.568 6.597 -5.726 7.825 7.784 -5.924 4.985 5.039 -5.427 10.079 
5 24 6.597 -5.726 7.825 7.784 -5.924 4.985 7.97 -4.434 8.568 5.021 -6.753 7.06 
5 24 5.021 -6.753 7.06 7.784 -5.924 4.985 6.597 -5.726 7.825 5.865 -7.294 4.427 
5 24 6.597 -5.726 7.825 5.021 -6.753 7.06 7.784 -5.924 4.985 3.842 -6.344 9.046 
5 24 5.021 -6.753 7.06 5.865 -7.294 4.427 7.784 -5.924 4.985 3.185 -7.594 5.909 
2 24 5.865 -7.294 4.427 7.784 -5.924 4.985 
5 24 3.185 -7.594 5.909 5.865 -7.294 4.427 5.021 -6.753 7.06 3.876 -7.977 3.788 
5 24 5.021 -6.753 7.06 3.185 -7.594 5.909 5.865 -7.294 4.427 2.444 -7.11 7.787 
5 24 3.185 -7.594 5.909 3.876 -7.977 3.788 5.865 -7.294 4.427 0.816 -7.93 4.603 
2 24 3.876 -7.977 3.788 5.865 -7.294 4.427 
5 24 0.816 -7.93 4.603 3.876 -7.977 3.788 3.185 -7.594 5.909 0.942 -8.147 2.775 
2 24 0.942 -8.147 2.775 3.876 -7.977 3.788 
5 24 5.864 17.026 13.828 6.637 17.59 13.073 5.901 17.944 13.374 6.914 17.102 13.115 
5 24 5.901 17.944 13.374 5.864 17.026 13.828 6.637 17.59 13.073 3.29 18.06 14.186 
5 24 5.864 17.026 13.828 6.914 17.102 13.115 6.637 17.59 13.073 7.313 15.919 13.297 
5 24 5.864 17.026 13.828 6.292 15.255 14.219 7.313 15.919 13.297 4.13 15.058 15.215 
5 24 4.13 15.058 15.215 6.292 15.255 14.219 5.864 17.026 13.828 4.014 13.443 15.872 
5 24 5.864 17.026 13.828 4.13 15.058 15.215 6.292 15.255 14.219 3.396 16.763 14.765 
5 24 4.13 15.058 15.215 4.014 13.443 15.872 6.292 15.255 14.219 1.537 14.774 16.069 
5 24 5.864 17.026 13.828 3.396 16.763 14.765 4.13 15.058 15.215 3.29 18.06 14.186 
5 24 3.396 16.763 14.765 4.13 15.058 15.215 5.864 17.026 13.828 1.537 14.774 16.069 
5 24 3.29 18.06 14.186 3.396 16.763 14.765 5.864 17.026 13.828 0.278 17.955 14.709 
5 24 0.278 17.955 14.709 0.088 16.03 15.627 3.396 16.763 14.765 -1.876 17.913 14.593 
5 24 0.088 16.03 15.627 3.396 16.763 14.765 0.278 17.955 14.709 1.537 14.774 16.069 
5 24 -1.876 17.913 14.593 0.088 16.03 15.627 0.278 17.955 14.709 -2.424 16.114 15.366 
5 24 3.396 16.763 14.765 1.537 14.774 16.069 4.13 15.058 15.215 0.088 16.03 15.627 
5 24 12.82 0.438 5.444 11.861 -0.788 5.736 12.274 -0.78 5.101 12.976 1.172 6.167 
5 24 11.861 -0.788 5.736 12.274 -0.78 5.101 12.82 0.438 5.444 11.273 -2.531 4.745 
2 24 12.976 1.172 6.167 11.861 -0.788 5.736 
5 24 11.861 -0.788 5.736 11.273 -2.531 4.745 12.274 -0.78 5.101 10.775 -2.448 5.316 
2 24 11.861 -0.788 5.736 10.775 -2.448 5.316 
5 24 10.775 -2.448 5.316 11.273 -2.531 4.745 11.861 -0.788 5.736 10.104 -4.222 4.282 
5 24 10.775 -2.448 5.316 10.104 -4.222 4.282 11.273 -2.531 4.745 9.516 -3.978 4.899 
2 24 10.775 -2.448 5.316 9.516 -3.978 4.899 
5 24 9.516 -3.978 4.899 10.104 -4.222 4.282 10.775 -2.448 5.316 7.776 -5.61 4.21 
5 24 7.776 -5.61 4.21 10.104 -4.222 4.282 9.516 -3.978 4.899 8.329 -6.053 3.567 
2 24 9.516 -3.978 4.899 7.776 -5.61 4.21 
5 24 7.776 -5.61 4.21 8.329 -6.053 3.567 10.104 -4.222 4.282 5.873 -6.856 3.465 
5 24 5.873 -6.856 3.465 8.329 -6.053 3.567 7.776 -5.61 4.21 6.428 -7.315 2.745 
2 24 7.776 -5.61 4.21 5.873 -6.856 3.465 
5 24 5.873 -6.856 3.465 6.428 -7.315 2.745 8.329 -6.053 3.567 4.131 -8.099 1.69 
5 24 5.873 -6.856 3.465 4.131 -8.099 1.69 6.428 -7.315 2.745 3.615 -7.276 2.556 
2 24 5.873 -6.856 3.465 3.615 -7.276 2.556 
5 24 3.615 -7.276 2.556 4.131 -8.099 1.69 5.873 -6.856 3.465 1.163 -8.333 0.328 
5 24 3.615 -7.276 2.556 1.163 -8.333 0.328 4.131 -8.099 1.69 0.047 -7.421 1.031 
2 24 3.615 -7.276 2.556 0.047 -7.421 1.031 
5 24 12.44 0.157 6.55 11.861 -0.788 5.736 12.976 1.172 6.167 11.978 -0.794 6.375 
5 24 11.978 -0.794 6.375 11.861 -0.788 5.736 12.44 0.157 6.55 10.886 -2.603 6.054 
5 24 10.886 -2.603 6.054 11.861 -0.788 5.736 11.978 -0.794 6.375 10.775 -2.448 5.316 
5 24 10.886 -2.603 6.054 10.775 -2.448 5.316 11.861 -0.788 5.736 9.659 -4.177 5.669 
5 24 9.659 -4.177 5.669 10.775 -2.448 5.316 10.886 -2.603 6.054 9.516 -3.978 4.899 
5 24 9.659 -4.177 5.669 9.516 -3.978 4.899 10.775 -2.448 5.316 7.784 -5.924 4.985 
5 24 7.784 -5.924 4.985 9.516 -3.978 4.899 9.659 -4.177 5.669 7.776 -5.61 4.21 
5 24 7.784 -5.924 4.985 7.776 -5.61 4.21 9.516 -3.978 4.899 5.865 -7.294 4.427 
5 24 5.865 -7.294 4.427 7.776 -5.61 4.21 7.784 -5.924 4.985 5.873 -6.856 3.465 
5 24 5.865 -7.294 4.427 5.873 -6.856 3.465 7.776 -5.61 4.21 3.876 -7.977 3.788 
5 24 3.876 -7.977 3.788 5.873 -6.856 3.465 5.865 -7.294 4.427 3.615 -7.276 2.556 
5 24 3.876 -7.977 3.788 3.615 -7.276 2.556 5.873 -6.856 3.465 0.942 -8.147 2.775 
5 24 0.942 -8.147 2.775 3.615 -7.276 2.556 3.876 -7.977 3.788 0.047 -7.421 1.031 
5 24 0.809 -7.609 6.343 3.185 -7.594 5.909 2.444 -7.11 7.787 0.816 -7.93 4.603 
5 24 3.185 -7.594 5.909 2.444 -7.11 7.787 0.809 -7.609 6.343 5.021 -6.753 7.06 
5 24 5.021 -6.753 7.06 3.842 -6.344 9.046 2.444 -7.11 7.787 6.597 -5.726 7.825 
5 24 6.597 -5.726 7.825 3.842 -6.344 9.046 5.021 -6.753 7.06 5.039 -5.427 10.079 
5 24 6.597 -5.726 7.825 5.039 -5.427 10.079 3.842 -6.344 9.046 7.97 -4.434 8.568 
5 24 7.97 -4.434 8.568 5.039 -5.427 10.079 6.597 -5.726 7.825 6.121 -4.312 11.023 
5 24 7.97 -4.434 8.568 6.121 -4.312 11.023 5.039 -5.427 10.079 6.968 -3.101 11.799 
5 24 7.97 -4.434 8.568 6.968 -3.101 11.799 6.121 -4.312 11.023 9.095 -3.005 9.199 
5 24 9.095 -3.005 9.199 6.968 -3.101 11.799 7.97 -4.434 8.568 7.725 -1.783 12.396 
5 24 9.095 -3.005 9.199 7.725 -1.783 12.396 6.968 -3.101 11.799 10.014 -1.404 9.81 
5 24 10.014 -1.404 9.81 7.725 -1.783 12.396 9.095 -3.005 9.199 9.431 0.278 12.236 
5 24 10.014 -1.404 9.81 9.431 0.278 12.236 7.725 -1.783 12.396 11.297 0.453 9.634 
5 24 9.431 0.278 12.236 7.725 -1.783 12.396 10.014 -1.404 9.81 8.167 -0.69 12.808 
5 24 3.094 -7.226 -5.994 1.196 -7.33 -7.482 3.153 -7.672 -7.399 0.23 -7.166 -6.411 
5 24 3.153 -7.672 -7.399 3.094 -7.226 -5.994 1.196 -7.33 -7.482 5.791 -7.395 -7.105 
2 24 3.094 -7.226 -5.994 0.23 -7.166 -6.411 
5 24 5.791 -7.395 -7.105 3.094 -7.226 -5.994 3.153 -7.672 -7.399 5.565 -6.965 -5.84 
5 24 5.791 -7.395 -7.105 5.565 -6.965 -5.84 3.094 -7.226 -5.994 7.991 -6.427 -6.632 
2 24 5.565 -6.965 -5.84 3.094 -7.226 -5.994 
5 24 7.991 -6.427 -6.632 5.565 -6.965 -5.84 5.791 -7.395 -7.105 7.55 -6.182 -5.511 
5 24 7.991 -6.427 -6.632 7.55 -6.182 -5.511 5.565 -6.965 -5.84 9.135 -5.124 -5.209 
2 24 7.55 -6.182 -5.511 5.565 -6.965 -5.84 
5 24 7.991 -6.427 -6.632 9.135 -5.124 -5.209 7.55 -6.182 -5.511 9.636 -5.103 -6.046 
2 24 9.135 -5.124 -5.209 7.55 -6.182 -5.511 
5 24 9.636 -5.103 -6.046 9.135 -5.124 -5.209 7.991 -6.427 -6.632 10.819 -3.696 -4.695 
2 24 10.819 -3.696 -4.695 9.135 -5.124 -5.209 
5 24 9.636 -5.103 -6.046 10.819 -3.696 -4.695 9.135 -5.124 -5.209 11.144 -3.678 -5.458 
5 24 11.144 -3.678 -5.458 10.819 -3.696 -4.695 9.636 -5.103 -6.046 12.086 -2.502 -4.95 
5 24 12.086 -2.502 -4.95 10.819 -3.696 -4.695 11.144 -3.678 -5.458 12.611 -1.806 -3.962 
2 24 12.611 -1.806 -3.962 10.819 -3.696 -4.695 
5 24 1.01 -7.694 -5.409 3.094 -7.226 -5.994 2.83 -8.032 -5.198 0.23 -7.166 -6.411 
5 24 3.094 -7.226 -5.994 2.83 -8.032 -5.198 1.01 -7.694 -5.409 5.495 -7.771 -4.954 
5 24 3.094 -7.226 -5.994 5.495 -7.771 -4.954 2.83 -8.032 -5.198 5.565 -6.965 -5.84 
5 24 5.565 -6.965 -5.84 5.495 -7.771 -4.954 3.094 -7.226 -5.994 7.689 -6.805 -4.724 
5 24 7.55 -6.182 -5.511 7.689 -6.805 -4.724 5.565 -6.965 -5.84 9.371 -5.578 -4.449 
5 24 7.55 -6.182 -5.511 9.371 -5.578 -4.449 7.689 -6.805 -4.724 9.135 -5.124 -5.209 
5 24 9.135 -5.124 -5.209 9.371 -5.578 -4.449 7.55 -6.182 -5.511 10.819 -3.696 -4.695 
5 24 10.819 -3.696 -4.695 9.371 -5.578 -4.449 9.135 -5.124 -5.209 11.056 -3.986 -4.081 
5 24 10.819 -3.696 -4.695 11.056 -3.986 -4.081 9.371 -5.578 -4.449 12.125 -2.691 -3.762 
5 24 10.819 -3.696 -4.695 12.125 -2.691 -3.762 11.056 -3.986 -4.081 12.611 -1.806 -3.962 
2 24 12.611 -1.806 -3.962 12.125 -2.691 -3.762 
5 24 12.031 -2.271 0.987 12.611 -1.806 -3.962 13.199 -0.9 -3.61 12.125 -2.691 -3.762 
5 24 13.199 -0.9 -3.61 12.031 -2.271 0.987 12.611 -1.806 -3.962 13.106 -0.3 1.582 
5 24 13.199 -0.9 -3.61 13.106 -0.3 1.582 12.031 -2.271 0.987 13.881 0.473 -3.157 
5 24 13.881 0.473 -3.157 13.106 -0.3 1.582 13.199 -0.9 -3.61 14.554 2.156 -2.381 
5 24 -0.055 -6.755 7.27 1.543 -6.411 7.983 0.56 -6.333 8.266 -0.126 -7.182 6.441 
5 24 1.543 -6.411 7.983 0.56 -6.333 8.266 -0.055 -6.755 7.27 3.135 -5.739 9.387 
5 24 0.56 -6.333 8.266 -0.055 -6.755 7.27 1.543 -6.411 7.983 -0.731 -5.966 9.45 
5 24 2.046 0.085 -11.707 1.957 0.71 -10.456 2.379 0.196 -10.895 1.196 1.215 -11.214 
5 24 1.957 0.71 -10.456 2.379 0.196 -10.895 2.046 0.085 -11.707 3.179 -0.106 -10.663 
5 24 2.379 0.196 -10.895 2.046 0.085 -11.707 1.957 0.71 -10.456 3.24 -0.423 -11.814 
2 24 1.196 1.215 -11.214 1.957 0.71 -10.456 
5 24 2.379 0.196 -10.895 3.24 -0.423 -11.814 2.046 0.085 -11.707 3.179 -0.106 -10.663 
5 24 2.379 0.196 -10.895 3.179 -0.106 -10.663 3.24 -0.423 -11.814 1.957 0.71 -10.456 
5 24 3.179 -0.106 -10.663 3.24 -0.423 -11.814 2.379 0.196 -10.895 4.379 -0.065 -10.535 
5 24 1.957 0.71 -10.456 3.179 -0.106 -10.663 2.379 0.196 -10.895 3.037 0.295 -9.444 
2 24 1.957 0.71 -10.456 3.037 0.295 -9.444 
5 24 3.037 0.295 -9.444 3.179 -0.106 -10.663 1.957 0.71 -10.456 4.379 -0.065 -10.535 
5 24 4.379 -0.065 -10.535 3.24 -0.423 -11.814 3.179 -0.106 -10.663 4.502 -0.228 -11.818 
5 24 3.179 -0.106 -10.663 4.379 -0.065 -10.535 3.24 -0.423 -11.814 3.037 0.295 -9.444 
5 24 3.037 0.295 -9.444 4.379 -0.065 -10.535 3.179 -0.106 -10.663 4.292 0.522 -9.309 
5 24 4.379 -0.065 -10.535 4.502 -0.228 -11.818 3.24 -0.423 -11.814 5.443 0.571 -11.649 
5 24 4.379 -0.065 -10.535 5.443 0.571 -11.649 4.502 -0.228 -11.818 5.449 0.469 -10.561 
5 24 4.379 -0.065 -10.535 5.449 0.469 -10.561 5.443 0.571 -11.649 4.292 0.522 -9.309 
5 24 5.449 0.469 -10.561 5.443 0.571 -11.649 4.379 -0.065 -10.535 5.947 1.117 -10.561 
5 24 5.947 1.117 -10.561 5.443 0.571 -11.649 5.449 0.469 -10.561 6.008 1.693 -11.439 
5 24 5.449 0.469 -10.561 5.947 1.117 -10.561 5.443 0.571 -11.649 5.429 1.092 -9.637 
5 24 5.947 1.117 -10.561 6.008 1.693 -11.439 5.443 0.571 -11.649 6.278 1.941 -10.128 
5 24 5.947 1.117 -10.561 6.278 1.941 -10.128 6.008 1.693 -11.439 5.429 1.092 -9.637 
5 24 6.278 1.941 -10.128 6.008 1.693 -11.439 5.947 1.117 -10.561 6.542 3.375 -10.862 
2 24 6.278 1.941 -10.128 6.542 3.375 -10.862 
5 24 5.947 1.117 -10.561 5.429 1.092 -9.637 6.278 1.941 -10.128 5.449 0.469 -10.561 
2 24 5.429 1.092 -9.637 6.278 1.941 -10.128 
5 24 5.449 0.469 -10.561 5.429 1.092 -9.637 5.947 1.117 -10.561 4.292 0.522 -9.309 
5 24 4.292 0.522 -9.309 5.449 0.469 -10.561 4.379 -0.065 -10.535 5.429 1.092 -9.637 
5 24 4.379 -0.065 -10.535 4.292 0.522 -9.309 5.449 0.469 -10.561 3.037 0.295 -9.444 
2 24 4.292 0.522 -9.309 5.429 1.092 -9.637 
2 24 3.037 0.295 -9.444 4.292 0.522 -9.309 
5 24 -3.573 -2.608 -12.91 -2.305 -5.045 -10.951 -4.537 -5.059 -11.14 -1.78 -2.26 -12.703 
5 24 -1.78 -2.26 -12.703 -0.165 -3.585 -11.432 -2.305 -5.045 -10.951 -0.041 -1.365 -12.491 
5 24 -0.165 -3.585 -11.432 -2.305 -5.045 -10.951 -1.78 -2.26 -12.703 -0.212 -4.469 -10.717 
2 24 -0.041 -1.365 -12.491 -0.165 -3.585 -11.432 
5 24 -11.26 3.844 -10.957 -12.001 1.597 -9.636 -12.751 3.696 -9.015 -11.654 1.432 -10.145 
5 24 -12.001 1.597 -9.636 -12.751 3.696 -9.015 -11.26 3.844 -10.957 -12.076 1.011 -9.333 
5 24 -14.88 7.547 -5.191 -14.358 5.923 -6.375 -14.79 5.93 -5.183 -14.706 8.234 -5.575 
5 24 -14.706 8.234 -5.575 -14.358 5.923 -6.375 -14.88 7.547 -5.191 -14.179 8.442 -6.854 
5 24 -14.179 8.442 -6.854 -14.358 5.923 -6.375 -14.706 8.234 -5.575 -13.315 6.152 -8.443 
5 24 -14.179 8.442 -6.854 -13.315 6.152 -8.443 -14.358 5.923 -6.375 -13.371 8.62 -8.33 
5 24 -12.513 10.291 -3.695 -12.804 11.697 -2.729 -12.924 10.205 -1.884 -12.432 11.771 -4.056 
5 24 -12.924 10.205 -1.884 -12.513 10.291 -3.695 -12.804 11.697 -2.729 -12.697 7.885 -2.908 
5 24 -12.513 10.291 -3.695 -12.432 11.771 -4.056 -12.804 11.697 -2.729 -11.903 10.305 -5.331 
5 24 -12.513 10.291 -3.695 -11.903 10.305 -5.331 -12.432 11.771 -4.056 -11.616 7.899 -5.902 
5 24 -11.903 10.305 -5.331 -11.972 11.663 -5.277 -12.432 11.771 -4.056 -11.602 11.451 -6.342 
5 24 -11.903 10.305 -5.331 -11.602 11.451 -6.342 -11.972 11.663 -5.277 -11.13 10.287 -6.962 
5 24 -11.903 10.305 -5.331 -11.13 10.287 -6.962 -11.602 11.451 -6.342 -10.862 9.274 -7.393 
5 24 -11.903 10.305 -5.331 -10.862 9.274 -7.393 -11.13 10.287 -6.962 -11.616 7.899 -5.902 
5 24 -11.903 10.305 -5.331 -11.616 7.899 -5.902 -10.862 9.274 -7.393 -12.513 10.291 -3.695 
5 24 -11.616 7.899 -5.902 -10.862 9.274 -7.393 -11.903 10.305 -5.331 -10.313 7.418 -7.931 
5 24 -12.513 10.291 -3.695 -12.697 7.885 -2.908 -11.616 7.899 -5.902 -12.924 10.205 -1.884 
5 24 -12.697 7.885 -2.908 -11.616 7.899 -5.902 -12.513 10.291 -3.695 -11.523 3.883 -5.593 
5 24 -12.924 10.205 -1.884 -12.697 7.885 -2.908 -12.513 10.291 -3.695 -13.02 9.148 -1.304 
5 24 -13.02 9.148 -1.304 -12.697 7.885 -2.908 -12.924 10.205 -1.884 -13.015 7.239 -0.246 
5 24 -13.02 9.148 -1.304 -13.015 7.239 -0.246 -12.697 7.885 -2.908 -13.112 9.249 0.708 
5 24 -13.112 9.249 0.708 -13.015 7.239 -0.246 -13.02 9.148 -1.304 -12.889 7.077 1.86 
5 24 -13.112 9.249 0.708 -12.889 7.077 1.86 -13.015 7.239 -0.246 -12.998 8.988 1.698 
5 24 -12.998 8.988 1.698 -12.889 7.077 1.86 -13.112 9.249 0.708 -12.876 9.616 2.424 
5 24 -12.876 9.616 2.424 -12.889 7.077 1.86 -12.998 8.988 1.698 -12.34 7.532 4.116 
5 24 -12.876 9.616 2.424 -12.34 7.532 4.116 -12.889 7.077 1.86 -12.655 10.039 3.314 
5 24 -12.34 7.532 4.116 -12.889 7.077 1.86 -12.876 9.616 2.424 -12.61 3.487 1.851 
5 24 -12.655 10.039 3.314 -12.34 7.532 4.116 -12.876 9.616 2.424 -11.995 9.624 5.069 
5 24 -12.655 10.039 3.314 -11.995 9.624 5.069 -12.34 7.532 4.116 -12.377 13.184 4.547 
5 24 -11.995 9.624 5.069 -12.34 7.532 4.116 -12.655 10.039 3.314 -9.656 7.813 8.562 
5 24 -12.377 13.184 4.547 -11.995 9.624 5.069 -12.655 10.039 3.314 -11.682 12.788 5.848 
5 24 -12.377 13.184 4.547 -11.682 12.788 5.848 -11.995 9.624 5.069 -11.51 15.815 6.25 
5 24 -11.682 12.788 5.848 -11.995 9.624 5.069 -12.377 13.184 4.547 -10.178 9.772 8.044 
5 24 -11.51 15.815 6.25 -11.682 12.788 5.848 -12.377 13.184 4.547 -10.314 12.735 7.959 
5 24 -12.377 13.184 4.547 -11.51 15.815 6.25 -11.682 12.788 5.848 -12.134 16.118 5.023 
5 24 -12.134 16.118 5.023 -11.51 15.815 6.25 -12.377 13.184 4.547 -11.936 16.892 5.421 
5 24 -11.936 16.892 5.421 -11.51 15.815 6.25 -12.134 16.118 5.023 -11.51 17.205 6.374 
5 24 -11.51 17.205 6.374 -11.51 15.815 6.25 -11.936 16.892 5.421 -10.314 15.629 8.027 
5 24 -10.314 15.629 8.027 -11.51 15.815 6.25 -11.51 17.205 6.374 -10.314 12.735 7.959 
5 24 -10.288 17.503 8.199 -10.314 15.629 8.027 -11.51 17.205 6.374 -8.926 15.737 9.577 
5 24 -10.288 17.503 8.199 -8.926 15.737 9.577 -10.314 15.629 8.027 -8.938 17.697 9.6 
5 24 -8.926 15.737 9.577 -10.314 15.629 8.027 -10.288 17.503 8.199 -8.704 12.999 9.744 
5 24 -8.938 17.697 9.6 -8.926 15.737 9.577 -10.288 17.503 8.199 -8.115 17.774 10.437 
5 24 -8.115 17.774 10.437 -8.926 15.737 9.577 -8.938 17.697 9.6 -7.119 15.95 10.963 
5 24 -8.115 17.774 10.437 -7.119 15.95 10.963 -8.926 15.737 9.577 -7.134 17.397 11.057 
5 24 -7.119 15.95 10.963 -8.926 15.737 9.577 -8.115 17.774 10.437 -6.839 13.844 11.121 
5 24 -7.134 17.397 11.057 -7.119 15.95 10.963 -8.115 17.774 10.437 -6.382 17.997 11.522 
5 24 -6.382 17.997 11.522 -7.119 15.95 10.963 -7.134 17.397 11.057 -4.6 16.464 12.249 
5 24 -4.6 16.464 12.249 -7.119 15.95 10.963 -6.382 17.997 11.522 -6.839 13.844 11.121 
5 24 -5.192 18.127 12.11 -4.6 16.464 12.249 -6.382 17.997 11.522 -3.595 18.085 12.752 
5 24 -3.595 18.085 12.752 -4.6 16.464 12.249 -5.192 18.127 12.11 -2.553 15.921 12.846 
5 24 -2.553 15.921 12.846 -4.6 16.464 12.249 -3.595 18.085 12.752 -4.798 13.144 12.145 
5 24 -3.595 18.085 12.752 -2.553 15.921 12.846 -4.6 16.464 12.249 -2.607 17.703 12.874 
5 24 -2.607 17.703 12.874 -2.553 15.921 12.846 -3.595 18.085 12.752 -1.038 16.023 13.059 
5 24 -2.607 17.703 12.874 -1.038 16.023 13.059 -2.553 15.921 12.846 -1.476 18.162 13.134 
5 24 -1.038 16.023 13.059 -2.553 15.921 12.846 -2.607 17.703 12.874 -2.727 12.653 12.777 
5 24 -1.476 18.162 13.134 -1.038 16.023 13.059 -2.607 17.703 12.874 -0.185 18.188 13.167 
5 24 -0.185 18.188 13.167 -1.038 16.023 13.059 -1.476 18.162 13.134 0.603 16.328 13.091 
5 24 -0.185 18.188 13.167 0.603 16.328 13.091 -1.038 16.023 13.059 2.905 18.148 12.809 
5 24 0.603 16.328 13.091 -1.038 16.023 13.059 -0.185 18.188 13.167 -0.48 12.652 13.057 
5 24 2.905 18.148 12.809 0.603 16.328 13.091 -0.185 18.188 13.167 3.059 16.35 12.672 
5 24 2.905 18.148 12.809 3.059 16.35 12.672 0.603 16.328 13.091 5.482 18.013 11.939 
5 24 3.059 16.35 12.672 0.603 16.328 13.091 2.905 18.148 12.809 2.912 12.949 12.681 
5 24 5.482 18.013 11.939 5.993 15.837 11.647 3.059 16.35 12.672 6.153 17.771 11.637 
5 24 5.993 15.837 11.647 3.059 16.35 12.672 5.482 18.013 11.939 2.912 12.949 12.681 
5 24 6.153 17.771 11.637 5.993 15.837 11.647 5.482 18.013 11.939 6.832 17.33 11.244 
5 24 6.832 17.33 11.244 5.993 15.837 11.647 6.153 17.771 11.637 7.446 16.134 10.767 
5 24 6.832 17.33 11.244 7.446 16.134 10.767 5.993 15.837 11.647 7.353 17.545 10.875 
5 24 7.446 16.134 10.767 5.993 15.837 11.647 6.832 17.33 11.244 5.649 12.613 11.787 
5 24 7.353 17.545 10.875 7.446 16.134 10.767 6.832 17.33 11.244 7.846 17.782 10.521 
5 24 7.846 17.782 10.521 7.446 16.134 10.767 7.353 17.545 10.875 8.889 15.685 9.614 
5 24 7.846 17.782 10.521 8.889 15.685 9.614 7.446 16.134 10.767 8.995 17.765 9.589 
5 24 8.889 15.685 9.614 7.446 16.134 10.767 7.846 17.782 10.521 7.992 12.517 10.29 
5 24 8.995 17.765 9.589 8.889 15.685 9.614 7.846 17.782 10.521 9.967 17.571 8.585 
5 24 9.967 17.571 8.585 8.889 15.685 9.614 8.995 17.765 9.589 10.342 15.502 7.991 
5 24 9.967 17.571 8.585 10.342 15.502 7.991 8.889 15.685 9.614 10.922 17.333 7.409 
5 24 10.342 15.502 7.991 8.889 15.685 9.614 9.967 17.571 8.585 10.45 11.978 7.762 
5 24 10.922 17.333 7.409 10.342 15.502 7.991 9.967 17.571 8.585 11.557 15.432 6.151 
5 24 10.922 17.333 7.409 11.557 15.432 6.151 10.342 15.502 7.991 11.837 16.988 5.812 
5 24 11.557 15.432 6.151 10.342 15.502 7.991 10.922 17.333 7.409 10.45 11.978 7.762 
5 24 11.837 16.988 5.812 11.557 15.432 6.151 10.922 17.333 7.409 12.178 15.84 4.991 
5 24 12.178 15.84 4.991 11.557 15.432 6.151 11.837 16.988 5.812 12.282 13.839 4.669 
5 24 11.837 16.988 5.812 12.178 15.84 4.991 11.557 15.432 6.151 12.061 16.609 5.23 
5 24 12.282 13.839 4.669 11.557 15.432 6.151 12.178 15.84 4.991 11.819 11.678 5.524 
5 24 12.282 13.839 4.669 11.819 11.678 5.524 11.557 15.432 6.151 12.467 11.6 4.106 
5 24 11.819 11.678 5.524 11.557 15.432 6.151 12.282 13.839 4.669 10.45 11.978 7.762 
5 24 12.467 11.6 4.106 11.819 11.678 5.524 12.282 13.839 4.669 12.8 9.63 2.972 
5 24 12.8 9.63 2.972 11.819 11.678 5.524 12.467 11.6 4.106 12.214 6.341 4.435 
5 24 12.8 9.63 2.972 12.214 6.341 4.435 11.819 11.678 5.524 12.91 6.321 1.386 
5 24 12.214 6.341 4.435 11.819 11.678 5.524 12.8 9.63 2.972 10.481 6.773 7.594 
5 24 12.8 9.63 2.972 12.91 6.321 1.386 12.214 6.341 4.435 13.009 9.343 1.487 
5 24 12.91 6.321 1.386 12.214 6.341 4.435 12.8 9.63 2.972 12.244 2.17 1.875 
5 24 13.009 9.343 1.487 12.91 6.321 1.386 12.8 9.63 2.972 13.132 9.045 -0.508 
5 24 13.132 9.045 -0.508 12.91 6.321 1.386 13.009 9.343 1.487 13.12 8.489 -1.02 
5 24 13.12 8.489 -1.02 12.91 6.321 1.386 13.132 9.045 -0.508 12.902 5.903 -1.535 
5 24 13.12 8.489 -1.02 12.902 5.903 -1.535 12.91 6.321 1.386 12.831 8.502 -2.228 
5 24 12.902 5.903 -1.535 12.91 6.321 1.386 13.12 8.489 -1.02 12.484 2.442 -0.993 
5 24 13.12 8.489 -1.02 12.831 8.502 -2.228 12.902 5.903 -1.535 13.098 8.921 -1.33 
5 24 13.098 8.921 -1.33 12.831 8.502 -2.228 13.12 8.489 -1.02 12.998 10.143 -1.878 
5 24 12.998 10.143 -1.878 12.745 9.948 -2.789 12.831 8.502 -2.228 12.937 11.25 -2.399 
5 24 12.745 9.948 -2.789 12.831 8.502 -2.228 12.998 10.143 -1.878 12.075 8.852 -4.811 
5 24 12.937 11.25 -2.399 12.745 9.948 -2.789 12.998 10.143 -1.878 12.707 11.194 -3.032 
5 24 12.937 11.25 -2.399 12.707 11.194 -3.032 12.745 9.948 -2.789 12.852 11.662 -2.696 
5 24 12.707 11.194 -3.032 12.745 9.948 -2.789 12.937 11.25 -2.399 12.021 9.973 -4.999 
5 24 12.852 11.662 -2.696 12.707 11.194 -3.032 12.937 11.25 -2.399 12.729 11.808 -3.148 
5 24 12.729 11.808 -3.148 12.707 11.194 -3.032 12.852 11.662 -2.696 12.241 11.733 -4.674 
5 24 12.241 11.733 -4.674 12.707 11.194 -3.032 12.729 11.808 -3.148 11.941 10.991 -5.236 
5 24 12.241 11.733 -4.674 11.941 10.991 -5.236 12.707 11.194 -3.032 11.568 11.562 -6.139 
5 24 11.941 10.991 -5.236 12.707 11.194 -3.032 12.241 11.733 -4.674 12.021 9.973 -4.999 
5 24 11.568 11.562 -6.139 11.941 10.991 -5.236 12.241 11.733 -4.674 11.378 11.435 -6.417 
5 24 11.378 11.435 -6.417 11.941 10.991 -5.236 11.568 11.562 -6.139 11.295 11.174 -6.628 
5 24 11.295 11.174 -6.628 11.941 10.991 -5.236 11.378 11.435 -6.417 11.097 10.264 -6.98 
5 24 11.097 10.264 -6.98 12.021 9.973 -4.999 11.941 10.991 -5.236 10.877 9.255 -7.362 
5 24 12.021 9.973 -4.999 11.941 10.991 -5.236 11.097 10.264 -6.98 12.707 11.194 -3.032 
5 24 12.021 9.973 -4.999 12.707 11.194 -3.032 11.941 10.991 -5.236 12.745 9.948 -2.789 
5 24 12.021 9.973 -4.999 12.745 9.948 -2.789 12.707 11.194 -3.032 12.075 8.852 -4.811 
5 24 10.877 9.255 -7.362 12.075 8.852 -4.811 12.021 9.973 -4.999 11.221 7.138 -6.573 
5 24 12.075 8.852 -4.811 12.021 9.973 -4.999 10.877 9.255 -7.362 12.745 9.948 -2.789 
5 24 12.075 8.852 -4.811 12.745 9.948 -2.789 12.021 9.973 -4.999 12.831 8.502 -2.228 
5 24 10.877 9.255 -7.362 11.221 7.138 -6.573 12.075 8.852 -4.811 9.867 7.077 -8.449 
5 24 9.867 7.077 -8.449 11.221 7.138 -6.573 10.877 9.255 -7.362 10.177 4.998 -7.989 
5 24 10.877 9.255 -7.362 9.867 7.077 -8.449 11.221 7.138 -6.573 9.844 9.055 -8.631 
5 24 9.844 9.055 -8.631 9.867 7.077 -8.449 10.877 9.255 -7.362 9.006 8.517 -9.516 
5 24 9.006 8.517 -9.516 9.867 7.077 -8.449 9.844 9.055 -8.631 8.234 7.284 -10.184 
5 24 8.234 7.284 -10.184 9.867 7.077 -8.449 9.006 8.517 -9.516 7.618 5.74 -10.627 
5 24 7.618 5.74 -10.627 9.867 7.077 -8.449 8.234 7.284 -10.184 10.177 4.998 -7.989 
5 24 7.618 5.74 -10.627 10.177 4.998 -7.989 9.867 7.077 -8.449 7.436 2.58 -9.991 
5 24 10.177 4.998 -7.989 9.867 7.077 -8.449 7.618 5.74 -10.627 11.221 7.138 -6.573 
5 24 10.177 4.998 -7.989 11.221 7.138 -6.573 9.867 7.077 -8.449 12.154 6.184 -4.581 
5 24 7.618 5.74 -10.627 7.436 2.58 -9.991 10.177 4.998 -7.989 7.121 4.462 -10.927 
5 24 7.436 2.58 -9.991 10.177 4.998 -7.989 7.618 5.74 -10.627 10.066 2.148 -7.102 
5 24 7.121 4.462 -10.927 7.436 2.58 -9.991 7.618 5.74 -10.627 6.542 3.375 -10.862 
5 24 6.542 3.375 -10.862 7.436 2.58 -9.991 7.121 4.462 -10.927 6.278 1.941 -10.128 
5 24 6.278 1.941 -10.128 7.436 2.58 -9.991 6.542 3.375 -10.862 6.407 0.722 -8.626 
5 24 7.436 2.58 -9.991 10.066 2.148 -7.102 10.177 4.998 -7.989 6.81 -0.278 -8.691 
5 24 10.066 2.148 -7.102 10.177 4.998 -7.989 7.436 2.58 -9.991 12.154 6.184 -4.581 
5 24 6.81 -0.278 -8.691 10.066 2.148 -7.102 7.436 2.58 -9.991 9.411 -0.397 -5.825 
2 24 7.436 2.58 -9.991 6.81 -0.278 -8.691 
5 24 6.81 -0.278 -8.691 9.411 -0.397 -5.825 10.066 2.148 -7.102 5.546 -2.513 -7.389 
5 24 9.411 -0.397 -5.825 10.066 2.148 -7.102 6.81 -0.278 -8.691 11.911 2.159 -3.36 
2 24 6.81 -0.278 -8.691 5.546 -2.513 -7.389 
2 24 5.546 -2.513 -7.389 8.117 -2.513 -4.686 
5 24 8.117 -2.513 -4.686 9.411 -0.397 -5.825 5.546 -2.513 -7.389 10.943 -0.554 -0.436 
5 24 10.177 4.998 -7.989 12.154 6.184 -4.581 11.221 7.138 -6.573 10.066 2.148 -7.102 
5 24 12.154 6.184 -4.581 11.221 7.138 -6.573 10.177 4.998 -7.989 12.075 8.852 -4.811 
5 24 10.066 2.148 -7.102 12.154 6.184 -4.581 10.177 4.998 -7.989 11.911 2.159 -3.36 
5 24 10.066 2.148 -7.102 11.911 2.159 -3.36 12.154 6.184 -4.581 9.411 -0.397 -5.825 
5 24 11.911 2.159 -3.36 12.154 6.184 -4.581 10.066 2.148 -7.102 12.902 5.903 -1.535 
5 24 9.411 -0.397 -5.825 11.911 2.159 -3.36 10.066 2.148 -7.102 10.943 -0.554 -0.436 
5 24 9.411 -0.397 -5.825 10.943 -0.554 -0.436 11.911 2.159 -3.36 8.117 -2.513 -4.686 
5 24 10.943 -0.554 -0.436 11.911 2.159 -3.36 9.411 -0.397 -5.825 12.484 2.442 -0.993 
5 24 8.117 -2.513 -4.686 10.943 -0.554 -0.436 9.411 -0.397 -5.825 9.373 -2.513 0 
2 24 8.117 -2.513 -4.686 9.373 -2.513 0 
5 24 9.373 -2.513 0 10.943 -0.554 -0.436 8.117 -2.513 -4.686 9.577 -0.602 5.237 
5 24 12.154 6.184 -4.581 12.075 8.852 -4.811 11.221 7.138 -6.573 12.831 8.502 -2.228 
5 24 12.154 6.184 -4.581 12.831 8.502 -2.228 12.075 8.852 -4.811 12.902 5.903 -1.535 
5 24 12.831 8.502 -2.228 12.075 8.852 -4.811 12.154 6.184 -4.581 12.745 9.948 -2.789 
5 24 12.154 6.184 -4.581 12.902 5.903 -1.535 12.831 8.502 -2.228 11.911 2.159 -3.36 
5 24 11.911 2.159 -3.36 12.902 5.903 -1.535 12.154 6.184 -4.581 12.484 2.442 -0.993 
5 24 11.911 2.159 -3.36 12.484 2.442 -0.993 12.902 5.903 -1.535 10.943 -0.554 -0.436 
5 24 12.484 2.442 -0.993 12.902 5.903 -1.535 11.911 2.159 -3.36 12.91 6.321 1.386 
5 24 10.943 -0.554 -0.436 12.484 2.442 -0.993 11.911 2.159 -3.36 12.244 2.17 1.875 
5 24 12.484 2.442 -0.993 12.91 6.321 1.386 12.902 5.903 -1.535 12.244 2.17 1.875 
5 24 12.484 2.442 -0.993 12.244 2.17 1.875 12.91 6.321 1.386 10.943 -0.554 -0.436 
5 24 12.244 2.17 1.875 12.91 6.321 1.386 12.484 2.442 -0.993 12.214 6.341 4.435 
5 24 10.943 -0.554 -0.436 12.244 2.17 1.875 12.484 2.442 -0.993 9.577 -0.602 5.237 
5 24 12.244 2.17 1.875 12.214 6.341 4.435 12.91 6.321 1.386 10.888 2.311 5.951 
5 24 12.244 2.17 1.875 10.888 2.311 5.951 12.214 6.341 4.435 9.577 -0.602 5.237 
5 24 10.888 2.311 5.951 12.214 6.341 4.435 12.244 2.17 1.875 10.481 6.773 7.594 
5 24 9.577 -0.602 5.237 12.244 2.17 1.875 10.943 -0.554 -0.436 10.888 2.311 5.951 
5 24 10.943 -0.554 -0.436 9.577 -0.602 5.237 12.244 2.17 1.875 9.373 -2.513 0 
5 24 9.577 -0.602 5.237 10.888 2.311 5.951 12.244 2.17 1.875 5.47 -0.444 9.586 
5 24 9.373 -2.513 0 9.577 -0.602 5.237 10.943 -0.554 -0.436 8.117 -2.513 4.686 
5 24 10.481 6.773 7.594 12.214 6.341 4.435 10.888 2.311 5.951 11.819 11.678 5.524 
5 24 10.888 2.311 5.951 10.481 6.773 7.594 12.214 6.341 4.435 6.41 2.889 10.778 
5 24 10.481 6.773 7.594 11.819 11.678 5.524 12.214 6.341 4.435 10.45 11.978 7.762 
5 24 10.481 6.773 7.594 10.45 11.978 7.762 11.819 11.678 5.524 7.898 8.317 10.303 
5 24 10.45 11.978 7.762 11.819 11.678 5.524 10.481 6.773 7.594 11.557 15.432 6.151 
5 24 10.45 11.978 7.762 11.557 15.432 6.151 11.819 11.678 5.524 10.342 15.502 7.991 
5 24 10.45 11.978 7.762 10.342 15.502 7.991 11.557 15.432 6.151 8.889 15.685 9.614 
5 24 10.45 11.978 7.762 8.889 15.685 9.614 10.342 15.502 7.991 7.992 12.517 10.29 
5 24 10.45 11.978 7.762 7.992 12.517 10.29 8.889 15.685 9.614 7.898 8.317 10.303 
5 24 7.992 12.517 10.29 8.889 15.685 9.614 10.45 11.978 7.762 7.446 16.134 10.767 
5 24 7.992 12.517 10.29 7.446 16.134 10.767 8.889 15.685 9.614 5.649 12.613 11.787 
5 24 5.649 12.613 11.787 7.446 16.134 10.767 7.992 12.517 10.29 5.993 15.837 11.647 
5 24 7.992 12.517 10.29 5.649 12.613 11.787 7.446 16.134 10.767 7.898 8.317 10.303 
5 24 5.649 12.613 11.787 5.993 15.837 11.647 7.446 16.134 10.767 2.912 12.949 12.681 
5 24 2.912 12.949 12.681 5.993 15.837 11.647 5.649 12.613 11.787 3.059 16.35 12.672 
5 24 2.912 12.949 12.681 3.059 16.35 12.672 5.993 15.837 11.647 0.603 16.328 13.091 
5 24 2.912 12.949 12.681 0.603 16.328 13.091 3.059 16.35 12.672 -0.48 12.652 13.057 
5 24 -0.48 12.652 13.057 0.603 16.328 13.091 2.912 12.949 12.681 -1.038 16.023 13.059 
5 24 2.912 12.949 12.681 -0.48 12.652 13.057 0.603 16.328 13.091 3.15 10.088 12.636 
5 24 -0.48 12.652 13.057 -1.038 16.023 13.059 0.603 16.328 13.091 -2.727 12.653 12.777 
5 24 -0.48 12.652 13.057 -2.727 12.653 12.777 -1.038 16.023 13.059 0.058 8.921 13.023 
5 24 -2.727 12.653 12.777 -1.038 16.023 13.059 -0.48 12.652 13.057 -2.553 15.921 12.846 
5 24 -2.727 12.653 12.777 -2.553 15.921 12.846 -1.038 16.023 13.059 -4.798 13.144 12.145 
5 24 -2.727 12.653 12.777 -4.798 13.144 12.145 -2.553 15.921 12.846 -5.478 9.569 11.837 
5 24 -4.798 13.144 12.145 -4.6 16.464 12.249 -2.553 15.921 12.846 -6.839 13.844 11.121 
5 24 -4.798 13.144 12.145 -6.839 13.844 11.121 -4.6 16.464 12.249 -6.936 9.99 10.998 
5 24 -6.839 13.844 11.121 -7.119 15.95 10.963 -4.6 16.464 12.249 -8.926 15.737 9.577 
5 24 -6.839 13.844 11.121 -8.926 15.737 9.577 -7.119 15.95 10.963 -8.704 12.999 9.744 
5 24 -6.839 13.844 11.121 -8.704 12.999 9.744 -8.926 15.737 9.577 -6.936 9.99 10.998 
5 24 -8.704 12.999 9.744 -8.926 15.737 9.577 -6.839 13.844 11.121 -10.314 15.629 8.027 
5 24 -8.704 12.999 9.744 -10.314 12.735 7.959 -10.314 15.629 8.027 -8.686 10.559 9.697 
5 24 -10.314 12.735 7.959 -10.314 15.629 8.027 -8.704 12.999 9.744 -11.51 15.815 6.25 
5 24 -10.314 12.735 7.959 -11.51 15.815 6.25 -10.314 15.629 8.027 -11.682 12.788 5.848 
5 24 -10.178 9.772 8.044 -11.682 12.788 5.848 -10.314 12.735 7.959 -11.995 9.624 5.069 
5 24 -10.314 12.735 7.959 -10.178 9.772 8.044 -11.682 12.788 5.848 -8.686 10.559 9.697 
5 24 -10.178 9.772 8.044 -11.995 9.624 5.069 -11.682 12.788 5.848 -9.656 7.813 8.562 
5 24 -10.178 9.772 8.044 -9.656 7.813 8.562 -11.995 9.624 5.069 -8.686 10.559 9.697 
5 24 -9.656 7.813 8.562 -12.34 7.532 4.116 -11.995 9.624 5.069 -11.851 3.352 4.513 
5 24 -11.851 3.352 4.513 -12.34 7.532 4.116 -9.656 7.813 8.562 -12.61 3.487 1.851 
5 24 -11.851 3.352 4.513 -12.61 3.487 1.851 -12.34 7.532 4.116 -11.599 0.606 1.324 
5 24 -12.61 3.487 1.851 -12.34 7.532 4.116 -11.851 3.352 4.513 -12.889 7.077 1.86 
5 24 -12.61 3.487 1.851 -12.889 7.077 1.86 -12.34 7.532 4.116 -13.015 7.239 -0.246 
5 24 -12.61 3.487 1.851 -13.015 7.239 -0.246 -12.889 7.077 1.86 -12.705 3.53 -0.668 
5 24 -12.61 3.487 1.851 -12.705 3.53 -0.668 -13.015 7.239 -0.246 -11.599 0.606 1.324 
5 24 -12.705 3.53 -0.668 -13.015 7.239 -0.246 -12.61 3.487 1.851 -12.343 3.722 -3.214 
5 24 -12.705 3.53 -0.668 -12.343 3.722 -3.214 -13.015 7.239 -0.246 -11.304 0.003 -0.802 
5 24 -12.343 3.722 -3.214 -13.015 7.239 -0.246 -12.705 3.53 -0.668 -12.697 7.885 -2.908 
5 24 -12.343 3.722 -3.214 -12.697 7.885 -2.908 -13.015 7.239 -0.246 -11.523 3.883 -5.593 
5 24 -12.343 3.722 -3.214 -11.523 3.883 -5.593 -12.697 7.885 -2.908 -10.442 0.69 -5.349 
5 24 -11.523 3.883 -5.593 -11.616 7.899 -5.902 -12.697 7.885 -2.908 -10.313 7.418 -7.931 
5 24 -9.656 7.813 8.562 -9.293 3.694 8.665 -11.851 3.352 4.513 -6.968 7.497 10.656 
5 24 -9.293 3.694 8.665 -11.851 3.352 4.513 -9.656 7.813 8.562 -8.454 -0.619 6.874 
5 24 -10.178 9.772 8.044 -8.686 10.559 9.697 -9.656 7.813 8.562 -10.314 12.735 7.959 
5 24 -8.686 10.559 9.697 -9.656 7.813 8.562 -10.178 9.772 8.044 -6.968 7.497 10.656 
5 24 -8.704 12.999 9.744 -8.686 10.559 9.697 -10.314 12.735 7.959 -6.936 9.99 10.998 
5 24 -6.936 9.99 10.998 -8.686 10.559 9.697 -8.704 12.999 9.744 -6.968 7.497 10.656 
5 24 -6.839 13.844 11.121 -6.936 9.99 10.998 -8.704 12.999 9.744 -4.798 13.144 12.145 
5 24 -4.798 13.144 12.145 -6.936 9.99 10.998 -6.839 13.844 11.121 -5.478 9.569 11.837 
5 24 -4.798 13.144 12.145 -5.478 9.569 11.837 -6.936 9.99 10.998 -2.727 12.653 12.777 
5 24 -5.478 9.569 11.837 -6.936 9.99 10.998 -4.798 13.144 12.145 -6.968 7.497 10.656 
5 24 -2.727 12.653 12.777 -5.478 9.569 11.837 -4.798 13.144 12.145 -3.185 8.877 12.627 
5 24 -2.727 12.653 12.777 -3.185 8.877 12.627 -5.478 9.569 11.837 0.058 8.921 13.023 
5 24 -3.185 8.877 12.627 -5.478 9.569 11.837 -2.727 12.653 12.777 -4.503 3.682 11.756 
5 24 0.058 8.921 13.023 -3.185 8.877 12.627 -2.727 12.653 12.777 0.883 3.478 12.49 
5 24 -0.48 12.652 13.057 0.058 8.921 13.023 -2.727 12.653 12.777 3.15 10.088 12.636 
5 24 0.883 3.478 12.49 -3.185 8.877 12.627 0.058 8.921 13.023 -4.503 3.682 11.756 
5 24 0.058 8.921 13.023 0.883 3.478 12.49 -3.185 8.877 12.627 4.629 8.899 12.159 
5 24 0.883 3.478 12.49 -4.503 3.682 11.756 -3.185 8.877 12.627 -0.226 -0.623 10.889 
5 24 -4.503 3.682 11.756 -3.185 8.877 12.627 0.883 3.478 12.49 -5.478 9.569 11.837 
5 24 -4.503 3.682 11.756 -5.478 9.569 11.837 -3.185 8.877 12.627 -6.968 7.497 10.656 
5 24 -0.48 12.652 13.057 3.15 10.088 12.636 0.058 8.921 13.023 2.912 12.949 12.681 
5 24 3.15 10.088 12.636 0.058 8.921 13.023 -0.48 12.652 13.057 4.629 8.899 12.159 
5 24 2.912 12.949 12.681 3.15 10.088 12.636 -0.48 12.652 13.057 5.649 12.613 11.787 
5 24 4.629 8.899 12.159 0.058 8.921 13.023 3.15 10.088 12.636 0.883 3.478 12.49 
5 24 3.15 10.088 12.636 4.629 8.899 12.159 0.058 8.921 13.023 5.649 12.613 11.787 
5 24 4.629 8.899 12.159 0.883 3.478 12.49 0.058 8.921 13.023 6.41 2.889 10.778 
5 24 5.649 12.613 11.787 3.15 10.088 12.636 2.912 12.949 12.681 4.629 8.899 12.159 
5 24 5.649 12.613 11.787 4.629 8.899 12.159 3.15 10.088 12.636 7.898 8.317 10.303 
5 24 5.649 12.613 11.787 7.898 8.317 10.303 4.629 8.899 12.159 7.992 12.517 10.29 
5 24 7.898 8.317 10.303 4.629 8.899 12.159 5.649 12.613 11.787 6.41 2.889 10.778 
5 24 7.992 12.517 10.29 7.898 8.317 10.303 5.649 12.613 11.787 10.45 11.978 7.762 
5 24 6.41 2.889 10.778 4.629 8.899 12.159 7.898 8.317 10.303 0.883 3.478 12.49 
5 24 7.898 8.317 10.303 6.41 2.889 10.778 4.629 8.899 12.159 10.481 6.773 7.594 
5 24 6.41 2.889 10.778 0.883 3.478 12.49 4.629 8.899 12.159 5.47 -0.444 9.586 
5 24 10.481 6.773 7.594 7.898 8.317 10.303 10.45 11.978 7.762 6.41 2.889 10.778 
5 24 10.481 6.773 7.594 6.41 2.889 10.778 7.898 8.317 10.303 10.888 2.311 5.951 
5 24 10.888 2.311 5.951 6.41 2.889 10.778 10.481 6.773 7.594 5.47 -0.444 9.586 
5 24 5.47 -0.444 9.586 6.41 2.889 10.778 10.888 2.311 5.951 0.883 3.478 12.49 
5 24 10.888 2.311 5.951 5.47 -0.444 9.586 6.41 2.889 10.778 9.577 -0.602 5.237 
5 24 5.47 -0.444 9.586 0.883 3.478 12.49 6.41 2.889 10.778 -0.226 -0.623 10.889 
5 24 9.577 -0.602 5.237 5.47 -0.444 9.586 10.888 2.311 5.951 8.117 -2.513 4.686 
5 24 5.47 -0.444 9.586 -0.226 -0.623 10.889 0.883 3.478 12.49 0 -2.513 9.373 
5 24 -0.226 -0.623 10.889 0.883 3.478 12.49 5.47 -0.444 9.586 -4.503 3.682 11.756 
5 24 -0.226 -0.623 10.889 -4.503 3.682 11.756 0.883 3.478 12.49 -4.577 -0.765 9.761 
5 24 -0.226 -0.623 10.889 -4.577 -0.765 9.761 -4.503 3.682 11.756 0 -2.513 9.373 
5 24 -4.577 -0.765 9.761 -4.503 3.682 11.756 -0.226 -0.623 10.889 -9.293 3.694 8.665 
5 24 -4.577 -0.765 9.761 -9.293 3.694 8.665 -4.503 3.682 11.756 -8.454 -0.619 6.874 
5 24 -9.293 3.694 8.665 -4.503 3.682 11.756 -4.577 -0.765 9.761 -6.968 7.497 10.656 
5 24 -4.577 -0.765 9.761 -8.454 -0.619 6.874 -9.293 3.694 8.665 -4.686 -2.513 8.117 
5 24 -8.454 -0.619 6.874 -9.293 3.694 8.665 -4.577 -0.765 9.761 -11.851 3.352 4.513 
5 24 -8.454 -0.619 6.874 -11.851 3.352 4.513 -9.293 3.694 8.665 -10.62 -0.274 3.39 
5 24 -8.454 -0.619 6.874 -10.62 -0.274 3.39 -11.851 3.352 4.513 -8.117 -2.513 4.686 
5 24 -10.62 -0.274 3.39 -11.851 3.352 4.513 -8.454 -0.619 6.874 -11.599 0.606 1.324 
5 24 -11.599 0.606 1.324 -11.851 3.352 4.513 -10.62 -0.274 3.39 -12.61 3.487 1.851 
5 24 -10.62 -0.274 3.39 -11.599 0.606 1.324 -11.851 3.352 4.513 -9.373 -2.513 0 
5 24 -11.599 0.606 1.324 -12.61 3.487 1.851 -11.851 3.352 4.513 -12.705 3.53 -0.668 
5 24 -11.599 0.606 1.324 -12.705 3.53 -0.668 -12.61 3.487 1.851 -11.304 0.003 -0.802 
5 24 -11.599 0.606 1.324 -11.304 0.003 -0.802 -12.705 3.53 -0.668 -9.373 -2.513 0 
5 24 -11.304 0.003 -0.802 -12.705 3.53 -0.668 -11.599 0.606 1.324 -12.343 3.722 -3.214 
5 24 -11.304 0.003 -0.802 -10.903 0.136 -3.376 -12.343 3.722 -3.214 -9.373 -2.513 0 
5 24 -10.903 0.136 -3.376 -12.343 3.722 -3.214 -11.304 0.003 -0.802 -10.442 0.69 -5.349 
5 24 -10.903 0.136 -3.376 -10.442 0.69 -5.349 -12.343 3.722 -3.214 -8.117 -2.513 -4.686 
5 24 -10.442 0.69 -5.349 -12.343 3.722 -3.214 -10.903 0.136 -3.376 -11.523 3.883 -5.593 
5 24 -10.442 0.69 -5.349 -11.523 3.883 -5.593 -12.343 3.722 -3.214 -9.919 3.953 -8.122 
5 24 -10.442 0.69 -5.349 -9.919 3.953 -8.122 -11.523 3.883 -5.593 -9.084 0.452 -7.198 
5 24 -9.919 3.953 -8.122 -11.523 3.883 -5.593 -10.442 0.69 -5.349 -10.313 7.418 -7.931 
5 24 -10.442 0.69 -5.349 -9.084 0.452 -7.198 -9.919 3.953 -8.122 -8.117 -2.513 -4.686 
5 24 -9.084 0.452 -7.198 -9.919 3.953 -8.122 -10.442 0.69 -5.349 -7.184 2.138 -9.808 
5 24 -9.084 0.452 -7.198 -7.184 2.138 -9.808 -9.919 3.953 -8.122 -6.837 0.107 -8.927 
5 24 -7.184 2.138 -9.808 -9.919 3.953 -8.122 -9.084 0.452 -7.198 -7.418 5.251 -10.713 
5 24 -7.184 2.138 -9.808 -7.418 5.251 -10.713 -9.919 3.953 -8.122 -6.682 3.572 -10.858 
5 24 -7.418 5.251 -10.713 -9.919 3.953 -8.122 -7.184 2.138 -9.808 -9.021 6.551 -9.367 
5 24 -7.418 5.251 -10.713 -9.021 6.551 -9.367 -9.919 3.953 -8.122 -8.283 7.27 -10.114 
5 24 -9.021 6.551 -9.367 -9.919 3.953 -8.122 -7.418 5.251 -10.713 -9.601 7.336 -8.796 
5 24 -8.283 7.27 -10.114 -9.021 6.551 -9.367 -7.418 5.251 -10.713 -9.601 7.336 -8.796 
5 24 -7.184 2.138 -9.808 -6.682 3.572 -10.858 -7.418 5.251 -10.713 -6.522 2.161 -10.104 
5 24 -7.184 2.138 -9.808 -6.522 2.161 -10.104 -6.682 3.572 -10.858 -6.687 1.006 -9.052 
5 24 -9.084 0.452 -7.198 -6.837 0.107 -8.927 -7.184 2.138 -9.808 -5.717 -1.561 -7.477 
2 24 -6.837 0.107 -8.927 -7.184 2.138 -9.808 
2 24 -5.717 -1.561 -7.477 -6.837 0.107 -8.927 
5 24 -9.084 0.452 -7.198 -5.717 -1.561 -7.477 -6.837 0.107 -8.927 -8.117 -2.513 -4.686 
5 24 -9.084 0.452 -7.198 -8.117 -2.513 -4.686 -5.717 -1.561 -7.477 -10.442 0.69 -5.349 
2 24 -8.117 -2.513 -4.686 -5.717 -1.561 -7.477 
5 24 -10.442 0.69 -5.349 -8.117 -2.513 -4.686 -9.084 0.452 -7.198 -10.903 0.136 -3.376 
5 24 -10.903 0.136 -3.376 -8.117 -2.513 -4.686 -10.442 0.69 -5.349 -9.373 -2.513 0 
5 24 -9.601 7.336 -8.796 -9.021 6.551 -9.367 -8.283 7.27 -10.114 -9.919 3.953 -8.122 
5 24 -9.601 7.336 -8.796 -9.919 3.953 -8.122 -9.021 6.551 -9.367 -10.313 7.418 -7.931 
5 24 -9.096 8.491 -9.339 -9.601 7.336 -8.796 -8.283 7.27 -10.114 -10.02 9.034 -8.46 
2 24 -9.373 -2.513 0 -8.117 -2.513 -4.686 
5 24 -10.903 0.136 -3.376 -9.373 -2.513 0 -8.117 -2.513 -4.686 -11.304 0.003 -0.802 
5 24 -9.601 7.336 -8.796 -10.313 7.418 -7.931 -9.919 3.953 -8.122 -10.02 9.034 -8.46 
5 24 -10.313 7.418 -7.931 -9.919 3.953 -8.122 -9.601 7.336 -8.796 -11.523 3.883 -5.593 
5 24 -10.313 7.418 -7.931 -11.616 7.899 -5.902 -11.523 3.883 -5.593 -10.862 9.274 -7.393 
5 24 -10.313 7.418 -7.931 -10.862 9.274 -7.393 -11.616 7.899 -5.902 -10.02 9.034 -8.46 
5 24 -10.313 7.418 -7.931 -10.02 9.034 -8.46 -10.862 9.274 -7.393 -9.601 7.336 -8.796 
5 24 -9.601 7.336 -8.796 -10.02 9.034 -8.46 -10.313 7.418 -7.931 -9.096 8.491 -9.339 
5 24 -11.304 0.003 -0.802 -9.373 -2.513 0 -10.903 0.136 -3.376 -11.599 0.606 1.324 
5 24 -11.599 0.606 1.324 -9.373 -2.513 0 -11.304 0.003 -0.802 -10.62 -0.274 3.39 
5 24 -10.62 -0.274 3.39 -9.373 -2.513 0 -11.599 0.606 1.324 -8.117 -2.513 4.686 
2 24 -8.117 -2.513 4.686 -9.373 -2.513 0 
5 24 -10.62 -0.274 3.39 -8.117 -2.513 4.686 -9.373 -2.513 0 -8.454 -0.619 6.874 
5 24 -8.454 -0.619 6.874 -8.117 -2.513 4.686 -10.62 -0.274 3.39 -4.686 -2.513 8.117 
5 24 -8.454 -0.619 6.874 -4.686 -2.513 8.117 -8.117 -2.513 4.686 -4.577 -0.765 9.761 
2 24 -4.686 -2.513 8.117 -8.117 -2.513 4.686 
5 24 -4.577 -0.765 9.761 -4.686 -2.513 8.117 -8.454 -0.619 6.874 0 -2.513 9.373 
2 24 0 -2.513 9.373 -4.686 -2.513 8.117 
5 24 -4.577 -0.765 9.761 0 -2.513 9.373 -4.686 -2.513 8.117 -0.226 -0.623 10.889 
5 24 -0.226 -0.623 10.889 0 -2.513 9.373 -4.577 -0.765 9.761 5.47 -0.444 9.586 
5 24 5.47 -0.444 9.586 0 -2.513 9.373 -0.226 -0.623 10.889 4.686 -2.513 8.117 
5 24 5.47 -0.444 9.586 4.686 -2.513 8.117 0 -2.513 9.373 8.117 -2.513 4.686 
2 24 4.686 -2.513 8.117 0 -2.513 9.373 
2 24 8.117 -2.513 4.686 4.686 -2.513 8.117 
5 24 5.47 -0.444 9.586 8.117 -2.513 4.686 4.686 -2.513 8.117 9.577 -0.602 5.237 
5 24 9.577 -0.602 5.237 8.117 -2.513 4.686 5.47 -0.444 9.586 9.373 -2.513 0 
2 24 9.373 -2.513 0 8.117 -2.513 4.686 
2 24 -7.184 2.138 -9.808 -6.687 1.006 -9.052 
5 24 -6.687 1.006 -9.052 -5.654 1.174 -9.62 -6.522 2.161 -10.104 -4.507 0.587 -9.35 
5 24 -6.687 1.006 -9.052 -4.507 0.587 -9.35 -5.654 1.174 -9.62 -5.546 0 -7.389 
2 24 -6.687 1.006 -9.052 -5.546 0 -7.389 
5 24 -5.546 0 -7.389 -4.507 0.587 -9.35 -6.687 1.006 -9.052 -3.272 0.316 -9.453 
5 24 -5.546 0 -7.389 -3.272 0.316 -9.453 -4.507 0.587 -9.35 -3.125 0 -5.413 
5 24 -5.546 0 -7.389 -3.125 0 -5.413 -3.272 0.316 -9.453 -5.413 0 -3.125 
5 24 -3.125 0 -5.413 -3.272 0.316 -9.453 -5.546 0 -7.389 0 0 -6.25 
5 24 0 0 -6.25 -3.272 0.316 -9.453 -3.125 0 -5.413 -2.22 0.628 -10.316 
5 24 0 0 -6.25 -2.22 0.628 -10.316 -3.272 0.316 -9.453 -0.011 0.613 -10.349 
5 24 0 0 -6.25 -0.011 0.613 -10.349 -2.22 0.628 -10.316 1.957 0.71 -10.456 
5 24 -0.011 0.613 -10.349 -2.22 0.628 -10.316 0 0 -6.25 -1.148 1.251 -11.208 
5 24 -0.011 0.613 -10.349 -1.148 1.251 -11.208 -2.22 0.628 -10.316 -0.004 1.283 -11.298 
5 24 -0.011 0.613 -10.349 -0.004 1.283 -11.298 -1.148 1.251 -11.208 1.196 1.215 -11.214 
5 24 -0.011 0.613 -10.349 1.196 1.215 -11.214 -0.004 1.283 -11.298 1.957 0.71 -10.456 
5 24 -0.011 0.613 -10.349 1.957 0.71 -10.456 1.196 1.215 -11.214 0 0 -6.25 
5 24 0 0 -6.25 1.957 0.71 -10.456 -0.011 0.613 -10.349 3.037 0.295 -9.444 
5 24 0 0 -6.25 3.037 0.295 -9.444 1.957 0.71 -10.456 3.125 0 -5.413 
5 24 3.125 0 -5.413 3.037 0.295 -9.444 0 0 -6.25 5.546 0 -7.389 
5 24 3.125 0 -5.413 5.546 0 -7.389 3.037 0.295 -9.444 5.413 0 -3.125 
5 24 5.546 0 -7.389 3.037 0.295 -9.444 3.125 0 -5.413 4.292 0.522 -9.309 
5 24 5.546 0 -7.389 4.292 0.522 -9.309 3.037 0.295 -9.444 6.407 0.722 -8.626 
5 24 6.407 0.722 -8.626 4.292 0.522 -9.309 5.546 0 -7.389 5.429 1.092 -9.637 
2 24 5.546 0 -7.389 6.407 0.722 -8.626 
5 24 6.407 0.722 -8.626 5.429 1.092 -9.637 4.292 0.522 -9.309 6.278 1.941 -10.128 
5 24 6.407 0.722 -8.626 6.278 1.941 -10.128 5.429 1.092 -9.637 7.436 2.58 -9.991 
2 24 6.407 0.722 -8.626 7.436 2.58 -9.991 
2 24 8.117 0 -4.686 5.546 0 -7.389 
2 24 9.373 0 0 8.117 0 -4.686 
2 24 8.117 0 4.686 9.373 0 0 
2 24 4.686 0 8.117 8.117 0 4.686 
2 24 0 0 9.373 4.686 0 8.117 
2 24 -4.686 0 8.117 0 0 9.373 
2 24 -8.117 0 4.686 -4.686 0 8.117 
2 24 -9.373 0 0 -8.117 0 4.686 
2 24 -8.117 0 -4.686 -9.373 0 0 
2 24 -5.546 0 -7.389 -8.117 0 -4.686 
5 24 -5.546 0 -7.389 -6.837 0.107 -8.927 -5.717 -1.561 -7.477 -6.687 1.006 -9.052 
5 24 -5.717 -1.561 -7.477 -5.546 0 -7.389 -6.837 0.107 -8.927 -8.117 0 -4.686 
5 24 -6.687 1.006 -9.052 -6.837 0.107 -8.927 -5.546 0 -7.389 -7.184 2.138 -9.808 
5 24 -5.717 -1.561 -7.477 -8.117 0 -4.686 -5.546 0 -7.389 -8.117 -2.513 -4.686 
5 24 -8.117 -2.513 -4.686 -8.117 0 -4.686 -5.717 -1.561 -7.477 -9.373 -2.513 0 
5 24 -9.373 -2.513 0 -9.373 0 0 -8.117 0 -4.686 -8.117 -2.513 4.686 
5 24 -8.117 -2.513 4.686 -8.117 0 4.686 -9.373 0 0 -4.686 -2.513 8.117 
5 24 -4.686 -2.513 8.117 -4.686 0 8.117 -8.117 0 4.686 0 -2.513 9.373 
5 24 0 -2.513 9.373 0 0 9.373 -4.686 0 8.117 4.686 -2.513 8.117 
5 24 4.686 -2.513 8.117 4.686 0 8.117 0 0 9.373 8.117 -2.513 4.686 
5 24 8.117 -2.513 4.686 8.117 0 4.686 4.686 0 8.117 9.373 -2.513 0 
5 24 9.373 -2.513 0 9.373 0 0 8.117 0 4.686 8.117 -2.513 -4.686 
5 24 8.117 -2.513 -4.686 8.117 0 -4.686 9.373 0 0 5.546 -2.513 -7.389 
5 24 5.546 -2.513 -7.389 5.546 0 -7.389 8.117 0 -4.686 6.81 -0.278 -8.691 
5 24 6.81 -0.278 -8.691 5.546 0 -7.389 5.546 -2.513 -7.389 6.407 0.722 -8.626 
5 24 6.81 -0.278 -8.691 6.407 0.722 -8.626 5.546 0 -7.389 7.436 2.58 -9.991 
5 24 -0.731 -5.966 9.45 -0.055 -6.755 7.27 0.56 -6.333 8.266 -1.695 -6.005 9.298 
5 24 12.106 4.952 11.158 12.381 4.217 10.264 12.328 5.577 11.02 10.935 4.814 12.721 
5 24 12.079 5.526 11.446 11.192 6.812 12.898 10.935 4.814 12.721 12.105 6.992 11.75 
5 24 10.935 4.814 12.721 12.079 5.526 11.446 11.192 6.812 12.898 12.106 4.952 11.158 
5 24 10.935 4.814 12.721 12.106 4.952 11.158 12.079 5.526 11.446 12.381 4.217 10.264 
5 24 -9.293 3.694 8.665 -6.968 7.497 10.656 -4.503 3.682 11.756 -9.656 7.813 8.562 
5 24 -6.968 7.497 10.656 -4.503 3.682 11.756 -9.293 3.694 8.665 -5.478 9.569 11.837 
5 24 -9.656 7.813 8.562 -6.968 7.497 10.656 -9.293 3.694 8.665 -8.686 10.559 9.697 
5 24 -6.968 7.497 10.656 -5.478 9.569 11.837 -4.503 3.682 11.756 -6.936 9.99 10.998 
5 24 -6.968 7.497 10.656 -6.936 9.99 10.998 -5.478 9.569 11.837 -8.686 10.559 9.697 
