0 Test imported part
0 Name: 5780.dat
0 Author: 
0 BFC CERTIFY CCW
3 16 -16.875 -14.5873 -38 -16.875 -14.5873 -22 -20 -13.75 -22 0.922 0.0049 0.9909 0.0049 0.9909 0.0188
3 16 -16.875 -14.5873 -38 -20 -13.75 -22 -20 -13.75 -38 0.922 0.0049 0.9909 0.0188 0.922 0.0188
3 16 -20 -13.75 -38 -20 -13.75 -22 -23.125 -14.5873 -22 0.922 0.0188 0.9909 0.0188 0.9909 0.0327
3 16 -20 -13.75 -38 -23.125 -14.5873 -22 -23.125 -14.5873 -38 0.922 0.0188 0.9909 0.0327 0.922 0.0327
3 16 -23.125 -14.5873 -38 -23.125 -14.5873 -22 -25.4127 -16.875 -22 0.922 0.0327 0.9909 0.0327 0.9909 0.0467
3 16 -23.125 -14.5873 -38 -25.4127 -16.875 -22 -25.4127 -16.875 -38 0.922 0.0327 0.9909 0.0467 0.922 0.0466
3 16 -25.4127 -16.875 -38 -25.4127 -16.875 -22 -26.25 -20 -22 0.922 0.0466 0.9909 0.0467 0.9909 0.0606
3 16 -25.4127 -16.875 -38 -26.25 -20 -22 -26.25 -20 -38 0.922 0.0466 0.9909 0.0606 0.922 0.0606
3 16 -26.25 -20 -38 -26.25 -20 -22 -25.4127 -23.125 -22 0.922 0.0606 0.9909 0.0606 0.9909 0.0745
3 16 -26.25 -20 -38 -25.4127 -23.125 -22 -25.4127 -23.125 -38 0.922 0.0606 0.9909 0.0745 0.922 0.0745
3 16 -25.4127 -23.125 -38 -25.4127 -23.125 -22 -23.125 -25.4127 -22 0.922 0.0745 0.9909 0.0745 0.9909 0.0884
3 16 -25.4127 -23.125 -38 -23.125 -25.4127 -22 -23.125 -25.4127 -38 0.922 0.0745 0.9909 0.0884 0.922 0.0884
3 16 -23.125 -25.4127 -38 -23.125 -25.4127 -22 -20 -26.25 -22 0.922 0.0884 0.9909 0.0884 0.9908 0.1023
3 16 -23.125 -25.4127 -38 -20 -26.25 -22 -20 -26.25 -38 0.922 0.0884 0.9908 0.1023 0.922 0.1023
3 16 -20 -26.25 -38 -20 -26.25 -22 -16.875 -25.4127 -22 0.922 0.1023 0.9908 0.1023 0.9908 0.1162
3 16 -20 -26.25 -38 -16.875 -25.4127 -22 -16.875 -25.4127 -38 0.922 0.1023 0.9908 0.1162 0.922 0.1162
3 16 -16.875 -25.4127 -38 -16.875 -25.4127 -22 -14.5873 -23.125 -22 0.922 0.1162 0.9908 0.1162 0.9908 0.1302
3 16 -16.875 -25.4127 -38 -14.5873 -23.125 -22 -14.5873 -23.125 -38 0.922 0.1162 0.9908 0.1302 0.922 0.1301
3 16 -14.5873 -23.125 -38 -14.5873 -23.125 -22 -13.75 -20 -22 0.922 0.1301 0.9908 0.1302 0.9908 0.1441
3 16 -14.5873 -23.125 -38 -13.75 -20 -22 -13.75 -20 -38 0.922 0.1301 0.9908 0.1441 0.922 0.1441
3 16 -13.75 -20 -38 -13.75 -20 -22 -14.5873 -16.875 -22 0.922 0.1441 0.9908 0.1441 0.9908 0.158
3 16 -13.75 -20 -38 -14.5873 -16.875 -22 -14.5873 -16.875 -38 0.922 0.1441 0.9908 0.158 0.922 0.158
3 16 -14.5873 -16.875 -38 -14.5873 -16.875 -22 -16.875 -14.5873 -22 0.922 0.158 0.9908 0.158 0.9908 0.1719
3 16 -14.5873 -16.875 -38 -16.875 -14.5873 -22 -16.875 -14.5873 -38 0.922 0.158 0.9908 0.1719 0.922 0.1719
3 16 -140 -6.25 -98 -140 -6.25 -82 -136.875 -5.4127 -82 0.2413 0.4236 0.2413 0.3548 0.2552 0.3548
3 16 -140 -6.25 -98 -136.875 -5.4127 -82 -136.875 -5.4127 -98 0.2413 0.4236 0.2552 0.3548 0.2552 0.4236
3 16 -136.875 -5.4127 -98 -136.875 -5.4127 -82 -134.5873 -3.125 -82 0.2552 0.4236 0.2552 0.3548 0.2691 0.3548
3 16 -136.875 -5.4127 -98 -134.5873 -3.125 -82 -134.5873 -3.125 -98 0.2552 0.4236 0.2691 0.3548 0.2691 0.4236
3 16 -134.5873 -3.125 -98 -134.5873 -3.125 -82 -133.75 0 -82 0.2691 0.4236 0.2691 0.3548 0.283 0.3548
3 16 -134.5873 -3.125 -98 -133.75 0 -82 -133.75 0 -98 0.2691 0.4236 0.283 0.3548 0.283 0.4236
3 16 -133.75 0 -98 -133.75 0 -82 -134.5873 3.125 -82 0.283 0.4236 0.283 0.3548 0.2969 0.3548
3 16 -133.75 0 -98 -134.5873 3.125 -82 -134.5873 3.125 -98 0.283 0.4236 0.2969 0.3548 0.2969 0.4236
3 16 -134.5873 3.125 -98 -134.5873 3.125 -82 -136.875 5.4127 -82 0.2969 0.4236 0.2969 0.3548 0.3108 0.3548
3 16 -134.5873 3.125 -98 -136.875 5.4127 -82 -136.875 5.4127 -98 0.2969 0.4236 0.3108 0.3548 0.3108 0.4236
3 16 -136.875 5.4127 -98 -136.875 5.4127 -82 -140 6.25 -82 0.3108 0.4236 0.3108 0.3548 0.3248 0.3548
3 16 -136.875 5.4127 -98 -140 6.25 -82 -140 6.25 -98 0.3108 0.4236 0.3248 0.3548 0.3248 0.4236
3 16 -140 6.25 -98 -140 6.25 -82 -143.125 5.4127 -82 0.3248 0.4236 0.3248 0.3548 0.3387 0.3548
3 16 -140 6.25 -98 -143.125 5.4127 -82 -143.125 5.4127 -98 0.3248 0.4236 0.3387 0.3548 0.3387 0.4236
3 16 -143.125 5.4127 -98 -143.125 5.4127 -82 -145.4127 3.125 -82 0.3387 0.4236 0.3387 0.3548 0.3526 0.3548
3 16 -143.125 5.4127 -98 -145.4127 3.125 -82 -145.4127 3.125 -98 0.3387 0.4236 0.3526 0.3548 0.3526 0.4236
3 16 -145.4127 3.125 -98 -145.4127 3.125 -82 -146.25 0 -82 0.3526 0.4236 0.3526 0.3548 0.3665 0.3548
3 16 -145.4127 3.125 -98 -146.25 0 -82 -146.25 0 -98 0.3526 0.4236 0.3665 0.3548 0.3665 0.4236
3 16 -146.25 0 -98 -146.25 0 -82 -145.4127 -3.125 -82 0.3665 0.4236 0.3665 0.3548 0.3804 0.3548
3 16 -146.25 0 -98 -145.4127 -3.125 -82 -145.4127 -3.125 -98 0.3665 0.4236 0.3804 0.3548 0.3804 0.4236
3 16 -145.4127 -3.125 -98 -145.4127 -3.125 -82 -143.125 -5.4127 -82 0.3804 0.4236 0.3804 0.3548 0.3943 0.3548
3 16 -145.4127 -3.125 -98 -143.125 -5.4127 -82 -143.125 -5.4127 -98 0.3804 0.4236 0.3943 0.3548 0.3943 0.4236
3 16 -143.125 -5.4127 -98 -143.125 -5.4127 -82 -140 -6.25 -82 0.3943 0.4236 0.3943 0.3548 0.4083 0.3548
3 16 -143.125 -5.4127 -98 -140 -6.25 -82 -140 -6.25 -98 0.3943 0.4236 0.4083 0.3548 0.4083 0.4236
3 16 -130.849 -0.625 -93.5 -130.8374 0.552 -90.5 -130.849 -0.625 -90.5 0.8007 0.0092 0.7878 0.0144 0.7878 0.0093
3 16 -130.849 -0.625 -93.5 -130.8374 0.552 -93.5 -130.8374 0.552 -90.5 0.8007 0.0092 0.8007 0.0144 0.7878 0.0144
3 16 -131.2027 2.8584 -93.5 -130.8374 0.552 -90.5 -130.8374 0.552 -93.5 0.8007 0.0244 0.7878 0.0144 0.8007 0.0144
3 16 -131.2027 2.8584 -93.5 -131.2027 2.8584 -90.5 -130.8374 0.552 -90.5 0.8007 0.0244 0.7878 0.0245 0.7878 0.0144
3 16 -132.0429 4.625 -90.5 -131.2027 2.8584 -90.5 -131.2027 2.8584 -93.5 0.7878 0.0329 0.7878 0.0245 0.8007 0.0244
3 16 -132.0429 4.625 -90.5 -131.2027 2.8584 -93.5 -132.0429 4.625 -93.5 0.7878 0.0329 0.8007 0.0244 0.8007 0.0329
3 16 -132.5166 5.437 -93.5 -132.0429 4.625 -90.5 -132.0429 4.625 -93.5 0.8007 0.0369 0.7878 0.0329 0.8007 0.0329
3 16 -132.5166 5.437 -93.5 -132.0429 4.625 -93.5 -132.0726 4.6239 -95.2955 0.8007 0.0369 0.8007 0.0329 0.8085 0.0329
3 16 -132.5166 5.437 -93.5 -132.5166 5.437 -88.9885 -132.0429 4.625 -90.5 0.8007 0.0369 0.7813 0.0369 0.7878 0.0329
3 16 -132.5166 5.437 -88.9885 -132.024 4.625 -87.5 -132.0429 4.625 -90.5 0.7813 0.0369 0.7749 0.0329 0.7878 0.0329
3 16 -132.5166 5.437 -93.5 -132.0726 4.6239 -95.2955 -132.5166 5.437 -99.9804 0.8007 0.0369 0.8085 0.0329 0.8286 0.0369
3 16 -131.2027 2.8584 -97.6801 -132.5166 5.437 -99.9804 -132.0726 4.6239 -95.2955 0.8187 0.0245 0.8286 0.0369 0.8085 0.0329
3 16 -131.2027 2.8584 -97.6801 -131.2027 2.8584 -100 -132.5166 5.437 -99.9804 0.8187 0.0245 0.8287 0.0245 0.8286 0.0369
3 16 -131.2027 2.8584 -100 -131.2027 2.8584 -97.6801 -130.8909 0.8897 -98.5 0.8287 0.0245 0.8187 0.0245 0.8222 0.0159
3 16 -131.2027 2.8584 -100 -130.8909 0.8897 -98.5 -130.75 0 -100 0.8287 0.0245 0.8222 0.0159 0.8288 0.0121
3 16 -132.5166 5.437 -99.9804 -134.563 7.4834 -100 -132.5166 5.437 -93.5 0.8286 0.0369 0.8287 0.0494 0.8007 0.0369
3 16 -134.563 7.4834 -100 -132.5166 5.437 -88.9885 -132.5166 5.437 -93.5 0.8287 0.0494 0.7813 0.0369 0.8007 0.0369
3 16 -134.563 7.4834 -100 -134.563 7.4834 -81.9988 -132.5166 5.437 -88.9885 0.8287 0.0494 0.7513 0.0494 0.7813 0.0369
3 16 -137.1416 8.7973 -100 -134.563 7.4834 -81.9988 -134.563 7.4834 -100 0.8287 0.0618 0.7513 0.0494 0.8287 0.0494
3 16 -137.1416 8.7973 -100 -137.1416 8.7973 -82 -134.563 7.4834 -81.9988 0.8287 0.0618 0.7513 0.0619 0.7513 0.0494
3 16 -132.5166 5.437 -81.9998 -132.5166 5.437 -88.9885 -134.563 7.4834 -81.9988 0.7513 0.037 0.7813 0.0369 0.7513 0.0494
3 16 -132.5166 5.437 -81.9998 -132.024 4.625 -87.5 -132.5166 5.437 -88.9885 0.7513 0.037 0.7749 0.0329 0.7813 0.0369
3 16 -137.1416 8.7973 -100 -140 9.25 -82 -137.1416 8.7973 -82 0.8287 0.0618 0.7513 0.0743 0.7513 0.0619
3 16 -137.1416 8.7973 -100 -140 9.25 -100 -140 9.25 -82 0.8287 0.0618 0.8287 0.0743 0.7513 0.0743
3 16 -142.8584 8.7973 -100 -140 9.25 -82 -140 9.25 -100 0.8287 0.0867 0.7513 0.0743 0.8287 0.0743
3 16 -142.8584 8.7973 -100 -142.8584 8.7973 -82 -140 9.25 -82 0.8287 0.0867 0.7513 0.0868 0.7513 0.0743
3 16 -145.437 7.4834 -100 -142.8584 8.7973 -82 -142.8584 8.7973 -100 0.8287 0.0992 0.7513 0.0868 0.8287 0.0867
3 16 -145.437 7.4834 -100 -145.437 7.4834 -82 -142.8584 8.7973 -82 0.8287 0.0992 0.7513 0.0992 0.7513 0.0868
3 16 -147.4834 5.437 -100 -145.437 7.4834 -82 -145.437 7.4834 -100 0.8287 0.1116 0.7513 0.0992 0.8287 0.0992
3 16 -147.4834 5.437 -100 -147.4834 5.437 -82 -145.437 7.4834 -82 0.8287 0.1116 0.7513 0.1117 0.7513 0.0992
3 16 -148.7973 2.8584 -82 -147.4834 5.437 -82 -147.4834 5.437 -100 0.7513 0.1241 0.7513 0.1117 0.8287 0.1116
3 16 -148.7973 2.8584 -82 -147.4834 5.437 -100 -148.7973 2.8584 -100 0.7513 0.1241 0.8287 0.1116 0.8288 0.1241
3 16 -149.0548 1.2325 -82 -148.7973 2.8584 -82 -148.7973 2.8584 -100 0.7513 0.1312 0.7513 0.1241 0.8288 0.1241
3 16 -149.0548 1.2325 -82 -148.7973 2.8584 -100 -149.25 0 -100 0.7513 0.1312 0.8288 0.1241 0.8288 0.1365
3 16 -132.5166 5.437 -81.9998 -131.9893 4.625 -83.25 -132.024 4.625 -87.5 0.7513 0.037 0.7566 0.0328 0.7749 0.0329
3 16 -131.9893 4.625 -82 -131.9893 4.625 -83.25 -132.5166 5.437 -81.9998 0.7513 0.0328 0.7566 0.0328 0.7513 0.037
3 16 -131.2027 2.8584 -87.5 -132.024 4.625 -87.5 -131.9893 4.625 -83.25 0.7749 0.0245 0.7749 0.0329 0.7566 0.0328
3 16 -131.2027 2.8584 -87.5 -131.9893 4.625 -83.25 -131.2027 2.8584 -83.25 0.7749 0.0245 0.7566 0.0328 0.7566 0.0244
3 16 -131.2027 2.8584 -83.25 -130.75 0 -87.5 -131.2027 2.8584 -87.5 0.7566 0.0244 0.7749 0.012 0.7749 0.0245
3 16 -131.2027 2.8584 -83.25 -130.75 0 -83.25 -130.75 0 -87.5 0.7566 0.0244 0.7566 0.012 0.7749 0.012
3 16 -131.0074 -1.625 -83.25 -130.75 0 -87.5 -130.75 0 -83.25 0.7566 0.0049 0.7749 0.012 0.7566 0.012
3 16 -131.0074 -1.625 -83.25 -131.0074 -1.625 -87.5 -130.75 0 -87.5 0.7566 0.0049 0.7749 0.0049 0.7749 0.012
3 16 -149.25 0 -80 -149.0548 1.2325 -82 -149.25 0 -100 0.7427 0.1366 0.7513 0.1312 0.8288 0.1365
3 16 -149.0548 1.2325 -82 -149.25 0 -80 -149.0548 1.2325 -80 0.7513 0.1312 0.7427 0.1366 0.7427 0.1312
3 16 -148.7973 -2.8584 -80 -149.25 0 -80 -149.25 0 -100 0.7427 0.149 0.7427 0.1366 0.8288 0.1365
3 16 -148.7973 -2.8584 -80 -149.25 0 -100 -148.7973 -2.8584 -100 0.7427 0.149 0.8288 0.1365 0.8288 0.149
3 16 -147.4834 -5.437 -100 -148.7973 -2.8584 -80 -148.7973 -2.8584 -100 0.8288 0.1614 0.7427 0.149 0.8288 0.149
3 16 -147.4834 -5.437 -100 -147.4834 -5.437 -80 -148.7973 -2.8584 -80 0.8288 0.1614 0.7427 0.1615 0.7427 0.149
3 16 -147.4834 -5.437 -100 -145.437 -7.4834 -80 -147.4834 -5.437 -80 0.8288 0.1614 0.7427 0.1739 0.7427 0.1615
3 16 -147.4834 -5.437 -100 -145.437 -7.4834 -100 -145.437 -7.4834 -80 0.8288 0.1614 0.8288 0.1739 0.7427 0.1739
3 16 -142.8584 -8.7973 -100 -145.437 -7.4834 -80 -145.437 -7.4834 -100 0.8288 0.1863 0.7427 0.1739 0.8288 0.1739
3 16 -142.8584 -8.7973 -100 -142.8584 -8.7973 -80 -145.437 -7.4834 -80 0.8288 0.1863 0.7427 0.1864 0.7427 0.1739
3 16 -140 -9.25 -100 -142.8584 -8.7973 -80 -142.8584 -8.7973 -100 0.8288 0.1988 0.7427 0.1864 0.8288 0.1863
3 16 -140 -9.25 -100 -140 -9.25 -80 -142.8584 -8.7973 -80 0.8288 0.1988 0.7427 0.1988 0.7427 0.1864
3 16 -137.1416 -8.7973 -100 -140 -9.25 -80 -140 -9.25 -100 0.8288 0.2112 0.7427 0.1988 0.8288 0.1988
3 16 -137.1416 -8.7973 -100 -137.1416 -8.7973 -80 -140 -9.25 -80 0.8288 0.2112 0.7427 0.2112 0.7427 0.1988
3 16 -134.563 -7.4834 -100 -137.1416 -8.7973 -80 -137.1416 -8.7973 -100 0.8288 0.2237 0.7427 0.2112 0.8288 0.2112
3 16 -134.563 -7.4834 -100 -134.563 -7.4834 -80 -137.1416 -8.7973 -80 0.8288 0.2237 0.7427 0.2237 0.7427 0.2112
3 16 -134.563 -7.4834 -80 -134.563 -7.4834 -100 -132.5166 -5.437 -88.5527 0.7427 0.2237 0.8288 0.2237 0.7795 0.2361
3 16 -134.563 -7.4834 -80 -132.5166 -5.437 -88.5527 -132.5166 -5.437 -79.9256 0.7427 0.2237 0.7795 0.2361 0.7427 0.2361
3 16 -132.2643 -4.9419 -80 -132.5166 -5.437 -79.9256 -132.5166 -5.437 -88.5527 0.7427 0.2385 0.7427 0.2361 0.7795 0.2361
3 16 -132.2643 -4.9419 -80 -132.5166 -5.437 -88.5527 -132.1911 -4.7983 -88.5733 0.7427 0.2385 0.7795 0.2361 0.7796 0.2392
3 16 -132.5166 -5.437 -88.5527 -131.8362 -4.1018 -93.6588 -132.1911 -4.7983 -88.5733 0.7795 0.2361 0.8015 0.2425 0.7796 0.2392
3 16 -132.5166 -5.437 -99.9255 -132.5166 -5.437 -88.5527 -134.563 -7.4834 -100 0.8285 0.2361 0.7795 0.2361 0.8288 0.2237
3 16 -132.5166 -5.437 -88.5527 -132.5166 -5.437 -99.9255 -131.8362 -4.1018 -93.6588 0.7795 0.2361 0.8285 0.2361 0.8015 0.2425
3 16 -131.8362 -4.1018 -93.6588 -132.5166 -5.437 -99.9255 -131.178 -2.7025 -96.8963 0.8015 0.2425 0.8285 0.2361 0.8154 0.2492
3 16 -131.2027 -2.8584 -100 -131.178 -2.7025 -96.8963 -132.5166 -5.437 -99.9255 0.8288 0.2485 0.8154 0.2492 0.8285 0.2361
3 16 -131.2027 -2.8584 -100 -130.8589 -0.6877 -98.5 -131.178 -2.7025 -96.8963 0.8288 0.2485 0.8222 0.258 0.8154 0.2492
3 16 -130.75 0 -100 -130.8589 -0.6877 -98.5 -131.2027 -2.8584 -100 0.8288 0.261 0.8222 0.258 0.8288 0.2485
3 16 -130.75 0 -100 -130.8909 0.8897 -98.5 -130.8589 -0.6877 -98.5 0.8288 0.261 0.8223 0.2648 0.8222 0.258
3 16 -128.8664 -0.625 -90.5 -130.849 -0.625 -90.5 -130.8374 0.552 -90.5 0.7066 0.9815 0.7066 0.99 0.7016 0.9898
3 16 -128.8664 -0.625 -90.5 -130.8374 0.552 -90.5 -128.8664 4.625 -90.5 0.7066 0.9815 0.7016 0.9898 0.684 0.9815
3 16 -130.8374 0.552 -90.5 -131.2027 2.8584 -90.5 -128.8664 4.625 -90.5 0.7016 0.9898 0.6916 0.9915 0.684 0.9815
3 16 -131.2027 2.8584 -90.5 -132.0429 4.625 -90.5 -128.8664 4.625 -90.5 0.6916 0.9915 0.684 0.9951 0.684 0.9815
3 16 -128.8664 -0.625 -90.5 -128.8664 4.625 -90.5 -127.0634 4.625 -90.3937 0.7066 0.9815 0.684 0.9815 0.684 0.9737
3 16 -128.8664 -0.625 -90.5 -127.0634 4.625 -90.3937 -127.0634 -0.625 -90.3937 0.7066 0.9815 0.684 0.9737 0.7066 0.9737
3 16 -127.0634 -0.625 -90.3937 -127.0634 4.625 -90.3937 -125.3319 4.625 -90.1285 0.7066 0.9737 0.684 0.9737 0.684 0.9661
3 16 -127.0634 -0.625 -90.3937 -125.3319 4.625 -90.1285 -125.3319 -0.625 -90.1285 0.7066 0.9737 0.684 0.9661 0.7066 0.9662
3 16 -52.4423 4.625 -74.6375 -125.3319 -0.625 -90.1285 -125.3319 4.625 -90.1285 0.6841 0.6456 0.7066 0.9662 0.684 0.9661
3 16 -52.4423 4.625 -74.6375 -51.083 -0.625 -74.3486 -125.3319 -0.625 -90.1285 0.6841 0.6456 0.7067 0.6397 0.7066 0.9662
3 16 -45.9453 4.625 -73.2567 -51.083 -0.625 -74.3486 -52.4423 4.625 -74.6375 0.6841 0.6171 0.7067 0.6397 0.6841 0.6456
3 16 -45.9453 4.625 -73.2567 -41.608 -0.625 -72.3349 -51.083 -0.625 -74.3486 0.6841 0.6171 0.7067 0.598 0.7067 0.6397
3 16 -27.0366 4.625 -69.2381 -41.608 -0.625 -72.3349 -45.9453 4.625 -73.2567 0.6841 0.5339 0.7067 0.598 0.6841 0.6171
3 16 -27.0366 4.625 -69.2381 -27.3955 -0.625 -69.3144 -41.608 -0.625 -72.3349 0.6841 0.5339 0.7067 0.5355 0.7067 0.598
3 16 -20.6616 -0.625 -67.8832 -27.3955 -0.625 -69.3144 -27.0366 4.625 -69.2381 0.7067 0.5059 0.7067 0.5355 0.6841 0.5339
3 16 -20.6616 -0.625 -67.8832 -27.0366 4.625 -69.2381 -20.6616 4.625 -67.8832 0.7067 0.5059 0.6841 0.5339 0.6841 0.5059
3 16 -20.0191 -0.625 -68.2546 -20.6616 -0.625 -67.8832 -20.6616 4.625 -67.8832 0.7067 0.5025 0.7067 0.5059 0.6841 0.5059
3 16 -20.0191 -0.625 -68.2546 -20.6616 4.625 -67.8832 -20.0191 4.625 -68.2546 0.7067 0.5025 0.6841 0.5059 0.6841 0.5025
3 16 -20.0191 -0.625 -68.2546 -20.0191 4.625 -68.2546 -20.1843 4.625 -68.9781 0.7067 0.5025 0.6841 0.5025 0.6841 0.4992
3 16 -20.0191 -0.625 -68.2546 -20.1843 4.625 -68.9781 -20.1843 -0.625 -68.9781 0.7067 0.5025 0.6841 0.4992 0.7067 0.4992
3 16 -20.1843 -0.625 -68.9781 -20.1843 4.625 -68.9781 -23.0025 4.625 -70.8774 0.7067 0.4992 0.6841 0.4992 0.6841 0.4845
3 16 -20.1843 -0.625 -68.9781 -23.0025 4.625 -70.8774 -23.0025 -0.625 -70.8774 0.7067 0.4992 0.6841 0.4845 0.7067 0.4845
3 16 -23.0025 -0.625 -70.8774 -23.0025 4.625 -70.8774 -26.7864 4.625 -72.249 0.7067 0.4845 0.6841 0.4845 0.6841 0.4672
3 16 -23.0025 -0.625 -70.8774 -26.7864 4.625 -72.249 -26.7864 -0.625 -72.249 0.7067 0.4845 0.6841 0.4672 0.7067 0.4672
3 16 -50.4738 -0.625 -77.284 -26.7864 -0.625 -72.249 -26.7864 4.625 -72.249 0.7067 0.363 0.7067 0.4672 0.6841 0.4672
3 16 -50.4738 -0.625 -77.284 -26.7864 4.625 -72.249 -50.4738 4.625 -77.284 0.7067 0.363 0.6841 0.4672 0.6842 0.363
3 16 -124.631 -0.625 -93.0466 -50.4738 -0.625 -77.284 -50.4738 4.625 -77.284 0.7068 0.0369 0.7067 0.363 0.6842 0.363
3 16 -124.631 -0.625 -93.0466 -50.4738 4.625 -77.284 -124.631 4.625 -93.0466 0.7068 0.0369 0.6842 0.363 0.6842 0.0369
3 16 -124.631 -0.625 -93.0466 -124.631 4.625 -93.0466 -126.6833 4.625 -93.3639 0.7068 0.0369 0.6842 0.0369 0.6842 0.028
3 16 -124.631 -0.625 -93.0466 -126.6833 4.625 -93.3639 -126.6833 -0.625 -93.3639 0.7068 0.0369 0.6842 0.028 0.7068 0.028
3 16 -126.6833 -0.625 -93.3639 -126.6833 4.625 -93.3639 -128.9452 4.625 -93.5 0.7068 0.028 0.6842 0.028 0.6842 0.0182
3 16 -126.6833 -0.625 -93.3639 -128.9452 4.625 -93.5 -128.9452 -0.625 -93.5 0.7068 0.028 0.6842 0.0182 0.7068 0.0182
3 16 -131.2027 2.8584 -93.5 -128.9452 -0.625 -93.5 -128.9452 4.625 -93.5 0.6918 0.0085 0.7068 0.0182 0.6842 0.0182
3 16 -132.0429 4.625 -93.5 -131.2027 2.8584 -93.5 -128.9452 4.625 -93.5 0.6842 0.0049 0.6918 0.0085 0.6842 0.0182
3 16 -131.2027 2.8584 -93.5 -130.8374 0.552 -93.5 -128.9452 -0.625 -93.5 0.6918 0.0085 0.7017 0.0102 0.7068 0.0182
3 16 -130.8374 0.552 -93.5 -130.849 -0.625 -93.5 -128.9452 -0.625 -93.5 0.7017 0.0102 0.7068 0.01 0.7068 0.0182
3 16 -15.0553 -1.625 -61.6827 -19.3857 -1.625 -60.7082 -14.6464 -1.625 -59.7008 0.529 0.0082 0.5215 0.0257 0.521 0.0049
3 16 -15.0553 -1.625 -61.6827 -21.012 -1.625 -64.8876 -19.3857 -1.625 -60.7082 0.529 0.0082 0.5379 0.0359 0.5215 0.0257
3 16 -15.762 -1.625 -63.7717 -21.012 -1.625 -64.8876 -15.0553 -1.625 -61.6827 0.5373 0.0128 0.5379 0.0359 0.529 0.0082
3 16 -22.7173 -1.625 -61.4163 -19.3857 -1.625 -60.7082 -21.012 -1.625 -64.8876 0.5218 0.0404 0.5215 0.0257 0.5379 0.0359
3 16 -22.7173 -1.625 -61.4163 -21.012 -1.625 -64.8876 -27.8388 -1.625 -66.3387 0.5218 0.0404 0.5379 0.0359 0.5386 0.0659
3 16 -27.8388 -1.625 -66.3387 -23.604 -1.625 -61.0936 -22.7173 -1.625 -61.4163 0.5386 0.0659 0.5198 0.0439 0.5218 0.0404
3 16 -28.395 -1.625 -62.112 -23.604 -1.625 -61.0936 -27.8388 -1.625 -66.3387 0.5203 0.0649 0.5198 0.0439 0.5386 0.0659
3 16 -50.7487 -1.625 -71.2084 -28.395 -1.625 -62.112 -27.8388 -1.625 -66.3387 0.5411 0.1669 0.5203 0.0649 0.5386 0.0659
3 16 -50.7487 -1.625 -71.2084 -52.1278 -1.625 -67.1566 -28.395 -1.625 -62.112 0.5411 0.1669 0.5229 0.169 0.5203 0.0649
3 16 -53.1529 -1.625 -71.7165 -52.1278 -1.625 -67.1566 -50.7487 -1.625 -71.2084 0.541 0.178 0.5229 0.169 0.5411 0.1669
3 16 -53.1529 -1.625 -71.7165 -54.7997 -1.625 -67.7245 -52.1278 -1.625 -67.1566 0.541 0.178 0.523 0.1819 0.5229 0.169
3 16 -55.5273 -1.625 -72.2214 -54.7997 -1.625 -67.7245 -53.1529 -1.625 -71.7165 0.5413 0.1885 0.523 0.1819 0.541 0.178
3 16 -55.5273 -1.625 -72.2214 -57.0789 -1.625 -68.2089 -54.7997 -1.625 -67.7245 0.5413 0.1885 0.523 0.1918 0.523 0.1819
3 16 -125.9556 -1.625 -87.1941 -57.0789 -1.625 -68.2089 -55.5273 -1.625 -72.2214 0.5409 0.4984 0.523 0.1918 0.5413 0.1885
3 16 -125.9556 -1.625 -87.1941 -126.7878 -1.625 -83.026 -57.0789 -1.625 -68.2089 0.5409 0.4984 0.5227 0.4982 0.523 0.1918
3 16 -125.9556 -1.625 -87.1941 -127.7889 -1.625 -83.1814 -126.7878 -1.625 -83.026 0.5409 0.4984 0.5224 0.5025 0.5227 0.4982
3 16 -125.9556 -1.625 -87.1941 -127.4022 -1.625 -87.4147 -127.7889 -1.625 -83.1814 0.5409 0.4984 0.5406 0.5047 0.5224 0.5025
3 16 -127.4022 -1.625 -87.4147 -128.9189 -1.625 -83.25 -127.7889 -1.625 -83.1814 0.5406 0.5047 0.5217 0.5073 0.5224 0.5025
3 16 -127.4022 -1.625 -87.4147 -128.8664 -1.625 -87.5 -128.9189 -1.625 -83.25 0.5406 0.5047 0.5396 0.5109 0.5217 0.5073
3 16 -131.0074 -1.625 -87.5 -128.9189 -1.625 -83.25 -128.8664 -1.625 -87.5 0.5377 0.5199 0.5217 0.5073 0.5396 0.5109
3 16 -131.0074 -1.625 -87.5 -131.0074 -1.625 -83.25 -128.9189 -1.625 -83.25 0.5377 0.5199 0.5198 0.5161 0.5217 0.5073
3 16 -20.6616 -0.625 -67.8832 -20.0191 -0.625 -68.2546 -27.3955 -0.625 -69.3144 0.7572 0.369 0.7593 0.3666 0.7574 0.3986
3 16 -27.3955 -0.625 -69.3144 -20.0191 -0.625 -68.2546 -20.1843 -0.625 -68.9781 0.7574 0.3986 0.7593 0.3666 0.7622 0.3679
3 16 -23.0025 -0.625 -70.8774 -27.3955 -0.625 -69.3144 -20.1843 -0.625 -68.9781 0.7678 0.3814 0.7574 0.3986 0.7622 0.3679
3 16 -26.7864 -0.625 -72.249 -27.3955 -0.625 -69.3144 -23.0025 -0.625 -70.8774 0.7703 0.3986 0.7574 0.3986 0.7678 0.3814
3 16 -41.608 -0.625 -72.3349 -27.3955 -0.625 -69.3144 -26.7864 -0.625 -72.249 0.7578 0.4611 0.7574 0.3986 0.7703 0.3986
3 16 -41.608 -0.625 -72.3349 -26.7864 -0.625 -72.249 -50.4738 -0.625 -77.284 0.7578 0.4611 0.7703 0.3986 0.771 0.5027
3 16 -51.083 -0.625 -74.3486 -41.608 -0.625 -72.3349 -50.4738 -0.625 -77.284 0.7581 0.5028 0.7578 0.4611 0.771 0.5027
3 16 -51.083 -0.625 -74.3486 -50.4738 -0.625 -77.284 -124.631 -0.625 -93.0466 0.7581 0.5028 0.771 0.5027 0.7732 0.8288
3 16 -51.083 -0.625 -74.3486 -124.631 -0.625 -93.0466 -125.3319 -0.625 -90.1285 0.7581 0.5028 0.7732 0.8288 0.7603 0.8293
3 16 -126.6833 -0.625 -93.3639 -125.3319 -0.625 -90.1285 -124.631 -0.625 -93.0466 0.7728 0.8377 0.7603 0.8293 0.7732 0.8288
3 16 -126.6833 -0.625 -93.3639 -127.0634 -0.625 -90.3937 -125.3319 -0.625 -90.1285 0.7728 0.8377 0.7599 0.8368 0.7603 0.8293
3 16 -128.8664 -0.625 -90.5 -127.0634 -0.625 -90.3937 -126.6833 -0.625 -93.3639 0.7588 0.8445 0.7599 0.8368 0.7728 0.8377
3 16 -128.8664 -0.625 -90.5 -126.6833 -0.625 -93.3639 -128.9452 -0.625 -93.5 0.7588 0.8445 0.7728 0.8377 0.7714 0.8474
3 16 -128.9452 -0.625 -93.5 -130.849 -0.625 -90.5 -128.8664 -0.625 -90.5 0.7714 0.8474 0.7571 0.8528 0.7588 0.8445
3 16 -128.9452 -0.625 -93.5 -130.849 -0.625 -93.5 -130.849 -0.625 -90.5 0.7714 0.8474 0.7697 0.8554 0.7571 0.8528
3 16 -9.2798 -1.625 -44.5 -9.2798 -1.625 -54.8715 -16.875 -1.625 -44.5 0.7427 0.2471 0.7874 0.2471 0.7427 0.2798
3 16 -16.875 -1.625 -44.5 -9.2798 -1.625 -54.8715 -18.5525 -1.625 -44.9987 0.7427 0.2798 0.7874 0.2471 0.7449 0.287
3 16 -9.2798 -1.625 -54.8715 -19.3731 -1.625 -46.5444 -18.5525 -1.625 -44.9987 0.7874 0.2471 0.7515 0.2905 0.7449 0.287
3 16 -9.2798 -1.625 -54.8715 -20.8945 -1.625 -57.3695 -19.3731 -1.625 -46.5444 0.7874 0.2471 0.7981 0.2971 0.7515 0.2905
3 16 -14.175 -14.1578 -31.5 -19.25 -11.7842 -36.8 -19.25 -11.7842 -31.5 0.1398 0.0049 0.1626 0.0295 0.1398 0.0295
3 16 -14.175 -14.1578 -31.5 -14.175 -14.1578 -36.8 -19.25 -11.7842 -36.8 0.1398 0.0049 0.1626 0.0049 0.1626 0.0295
3 16 -20.8945 -1.625 -57.3695 -9.2798 -1.625 -54.8715 -9.25 0 -54.8715 0.2882 0.2239 0.3393 0.2239 0.3394 0.2309
3 16 -20.8945 -1.625 -57.3695 -9.25 0 -54.8715 -20.8945 9.2849 -57.3695 0.2882 0.2239 0.3394 0.2309 0.2882 0.2707
3 16 -8.7973 2.8584 -54.7627 -20.8945 9.2849 -57.3695 -9.25 0 -54.8715 0.3414 0.2432 0.2882 0.2707 0.3394 0.2309
3 16 -7.4834 5.437 -54.515 -20.8945 9.2849 -57.3695 -8.7973 2.8584 -54.7627 0.3471 0.2543 0.2882 0.2707 0.3414 0.2432
3 16 -5.6708 7.2496 -54.1123 -20.8945 9.2849 -57.3695 -7.4834 5.437 -54.515 0.3551 0.2621 0.2882 0.2707 0.3471 0.2543
3 16 -3.9573 8.7513 -53.7025 -20.8945 9.2849 -57.3695 -5.6708 7.2496 -54.1123 0.3627 0.2685 0.2882 0.2707 0.3551 0.2621
3 16 -3.9573 8.7513 -53.7025 -1.5155 9.2849 -53.2212 -20.8945 9.2849 -57.3695 0.3627 0.2685 0.3734 0.2706 0.2882 0.2707
3 16 -14.175 -1.625 -31.5 -19.25 -11.7842 -31.5 -19.25 -1.625 -31.5 0.2843 0.0819 0.328 0.1038 0.2843 0.1038
3 16 -14.175 -1.625 -31.5 -14.175 -14.1578 -31.5 -19.25 -11.7842 -31.5 0.2843 0.0819 0.3382 0.0819 0.328 0.1038
3 16 -1.5155 9.2849 -53.2212 -3.9573 8.7513 -44.5 -1.5155 9.2849 -44.5 0.8163 0.6219 0.7788 0.6324 0.7788 0.6219
3 16 -1.5155 9.2849 -53.2212 -3.9573 8.7513 -53.7025 -3.9573 8.7513 -44.5 0.8163 0.6219 0.8182 0.6324 0.7788 0.6324
3 16 -3.9573 8.7513 -53.7025 -5.6708 7.2496 -44.5 -3.9573 8.7513 -44.5 0.8182 0.6324 0.7788 0.642 0.7788 0.6324
3 16 -3.9573 8.7513 -53.7025 -5.6708 7.2496 -54.1123 -5.6708 7.2496 -44.5 0.8182 0.6324 0.8201 0.642 0.7788 0.642
3 16 -5.6708 7.2496 -54.1123 -7.4834 5.437 -44.5 -5.6708 7.2496 -44.5 0.8201 0.642 0.7788 0.653 0.7788 0.642
3 16 -5.6708 7.2496 -54.1123 -7.4834 5.437 -54.515 -7.4834 5.437 -44.5 0.8201 0.642 0.8219 0.653 0.7788 0.653
3 16 -7.4834 5.437 -54.515 -8.7973 2.8584 -44.5 -7.4834 5.437 -44.5 0.8219 0.653 0.7788 0.6654 0.7788 0.653
3 16 -7.4834 5.437 -54.515 -8.7973 2.8584 -54.7627 -8.7973 2.8584 -44.5 0.8219 0.653 0.8229 0.6654 0.7788 0.6654
3 16 -8.7973 2.8584 -54.7627 -9.25 0 -44.5 -8.7973 2.8584 -44.5 0.8229 0.6654 0.7788 0.6779 0.7788 0.6654
3 16 -8.7973 2.8584 -54.7627 -9.25 0 -54.8715 -9.25 0 -44.5 0.8229 0.6654 0.8234 0.6779 0.7788 0.6779
3 16 -9.25 0 -54.8715 -9.2798 -1.625 -44.5 -9.25 0 -44.5 0.8234 0.6779 0.7788 0.6849 0.7788 0.6779
3 16 -9.25 0 -54.8715 -9.2798 -1.625 -54.8715 -9.2798 -1.625 -44.5 0.8234 0.6779 0.8234 0.6849 0.7788 0.6849
3 16 -19.25 -1.625 -31.5 -19.25 -11.7842 -36.8 -19.25 -1.625 -36.8 0.7844 0.3337 0.8263 0.3564 0.7842 0.3565
3 16 -19.25 -1.625 -31.5 -19.25 -11.7842 -31.5 -19.25 -11.7842 -36.8 0.7844 0.3337 0.8263 0.3337 0.8263 0.3564
3 16 -14.175 -1.625 -36.8 -19.25 -11.7842 -36.8 -14.175 -14.1578 -36.8 0.0494 0.5494 0.0275 0.5058 0.0494 0.4955
3 16 -14.175 -1.625 -36.8 -19.25 -1.625 -36.8 -19.25 -11.7842 -36.8 0.0494 0.5494 0.0275 0.5494 0.0275 0.5058
3 16 -14.175 -14.1578 -31.5 -14.175 -1.625 -36.8 -14.175 -14.1578 -36.8 0.4253 0.2845 0.4481 0.2322 0.4481 0.2845
3 16 -14.175 -14.1578 -31.5 -14.175 -1.625 -31.5 -14.175 -1.625 -36.8 0.4253 0.2845 0.4253 0.2324 0.4481 0.2322
3 16 -131.9893 4.625 -83.25 -128.9189 4.625 -83.25 -131.2027 2.8584 -83.25 0.855 0.4811 0.855 0.4679 0.8626 0.4777
3 16 -131.2027 2.8584 -83.25 -128.9189 4.625 -83.25 -130.75 0 -83.25 0.8626 0.4777 0.855 0.4679 0.8749 0.4758
3 16 -130.75 0 -83.25 -128.9189 4.625 -83.25 -128.9189 -1.625 -83.25 0.8749 0.4758 0.855 0.4679 0.8819 0.4679
3 16 -130.75 0 -83.25 -128.9189 -1.625 -83.25 -131.0074 -1.625 -83.25 0.8749 0.4758 0.8819 0.4679 0.8819 0.4769
3 16 -128.9189 -1.625 -83.25 -128.9189 4.625 -83.25 -127.7889 4.625 -83.1814 0.8819 0.4679 0.855 0.4679 0.855 0.463
3 16 -128.9189 -1.625 -83.25 -127.7889 4.625 -83.1814 -127.7889 -1.625 -83.1814 0.8819 0.4679 0.855 0.463 0.8819 0.463
3 16 -127.7889 -1.625 -83.1814 -127.7889 4.625 -83.1814 -126.7878 4.625 -83.026 0.8819 0.463 0.855 0.463 0.855 0.4586
3 16 -127.7889 -1.625 -83.1814 -126.7878 4.625 -83.026 -126.7878 -1.625 -83.026 0.8819 0.463 0.855 0.4586 0.8819 0.4587
3 16 -57.0789 -1.625 -68.2089 -126.7878 -1.625 -83.026 -126.7878 4.625 -83.026 0.8802 0.1524 0.8819 0.4587 0.855 0.4586
3 16 -57.0789 -1.625 -68.2089 -126.7878 4.625 -83.026 -55.5213 8.262 -67.8778 0.8802 0.1524 0.855 0.4586 0.8394 0.1453
3 16 -55.5213 8.262 -67.8778 -54.7997 -1.625 -67.7245 -57.0789 -1.625 -68.2089 0.8394 0.1453 0.8787 0.1426 0.8802 0.1524
3 16 -55.5213 8.262 -67.8778 -52.1278 -1.625 -67.1566 -54.7997 -1.625 -67.7245 0.8394 0.1453 0.8786 0.1298 0.8787 0.1426
3 16 -55.5213 8.262 -67.8778 -47.347 8.6588 -66.1404 -52.1278 -1.625 -67.1566 0.8394 0.1453 0.8377 0.1093 0.8786 0.1298
3 16 -47.347 8.6588 -66.1404 -28.395 -1.625 -62.112 -52.1278 -1.625 -67.1566 0.8377 0.1093 0.882 0.026 0.8786 0.1298
3 16 -47.347 8.6588 -66.1404 -28.395 9.125 -62.112 -28.395 -1.625 -62.112 0.8377 0.1093 0.8358 0.026 0.882 0.026
3 16 -28.395 9.125 -62.112 -23.604 -1.625 -61.0936 -28.395 -1.625 -62.112 0.8358 0.026 0.882 0.0049 0.882 0.026
3 16 -28.395 9.125 -62.112 -23.604 9.2849 -61.0936 -23.604 -1.625 -61.0936 0.8358 0.026 0.8353 0.0049 0.882 0.0049
3 16 -128.9452 4.625 -93.5 -132.0726 4.6239 -95.2955 -132.0429 4.625 -93.5 0.5521 0.6586 0.5661 0.6515 0.5656 0.6592
3 16 -128.9452 4.625 -93.5 -128.2377 4.625 -95.2289 -132.0726 4.6239 -95.2955 0.5521 0.6586 0.5495 0.651 0.5661 0.6515
3 16 -128.2377 4.625 -95.2289 -131.2027 2.8584 -97.6801 -132.0726 4.6239 -95.2955 0.5495 0.651 0.5633 0.6381 0.5661 0.6515
3 16 -126.6833 4.625 -93.3639 -128.2377 4.625 -95.2289 -128.9452 4.625 -93.5 0.5418 0.6587 0.5495 0.651 0.5521 0.6586
3 16 -128.2377 4.625 -95.2289 -128.2036 3.0792 -97.6739 -131.2027 2.8584 -97.6801 0.5495 0.651 0.5505 0.6384 0.5633 0.6381
3 16 -128.2036 3.0792 -97.6739 -130.8909 0.8897 -98.5 -131.2027 2.8584 -97.6801 0.5505 0.6384 0.5625 0.6281 0.5633 0.6381
3 16 -126.6833 4.625 -93.3639 -125.8316 4.6245 -95.1253 -128.2377 4.625 -95.2289 0.5418 0.6587 0.5389 0.6509 0.5495 0.651
3 16 -124.631 4.625 -93.0466 -125.8316 4.6245 -95.1253 -126.6833 4.625 -93.3639 0.5319 0.6593 0.5389 0.6509 0.5418 0.6587
3 16 -128.2036 3.0792 -97.6739 -128.1879 0.8897 -98.5 -130.8909 0.8897 -98.5 0.5505 0.6384 0.5509 0.6281 0.5625 0.6281
3 16 -128.1879 0.8897 -98.5 -130.8589 -0.6877 -98.5 -130.8909 0.8897 -98.5 0.5509 0.6281 0.5623 0.6206 0.5625 0.6281
3 16 -128.2377 4.625 -95.2289 -125.5773 3.1654 -97.472 -128.2036 3.0792 -97.6739 0.5495 0.651 0.5393 0.6389 0.5505 0.6384
3 16 -128.2377 4.625 -95.2289 -125.8316 4.6245 -95.1253 -125.5773 3.1654 -97.472 0.5495 0.651 0.5389 0.6509 0.5393 0.6389
3 16 -124.631 4.625 -93.0466 -123.2321 4.6245 -94.6955 -125.8316 4.6245 -95.1253 0.5319 0.6593 0.5273 0.6511 0.5389 0.6509
3 16 -50.4738 4.625 -77.284 -123.2321 4.6245 -94.6955 -124.631 4.625 -93.0466 0.205 0.6609 0.5273 0.6511 0.5319 0.6593
3 16 -128.2036 3.0792 -97.6739 -125.4259 0.8897 -98.3454 -128.1879 0.8897 -98.5 0.5505 0.6384 0.5392 0.6284 0.5509 0.6281
3 16 -128.2036 3.0792 -97.6739 -125.5773 3.1654 -97.472 -125.4259 0.8897 -98.3454 0.5505 0.6384 0.5393 0.6389 0.5392 0.6284
3 16 -125.8316 4.6245 -95.1253 -122.9009 3.1867 -97.0176 -125.5773 3.1654 -97.472 0.5389 0.6509 0.5279 0.6393 0.5393 0.6389
3 16 -125.8316 4.6245 -95.1253 -123.2321 4.6245 -94.6955 -122.9009 3.1867 -97.0176 0.5389 0.6509 0.5273 0.6511 0.5279 0.6393
3 16 -125.5773 3.1654 -97.472 -122.7676 0.8897 -97.9074 -125.4259 0.8897 -98.3454 0.5393 0.6389 0.528 0.6287 0.5392 0.6284
3 16 -125.5773 3.1654 -97.472 -122.9009 3.1867 -97.0176 -122.7676 0.8897 -97.9074 0.5393 0.6389 0.5279 0.6393 0.528 0.6287
3 16 -128.1879 0.8897 -98.5 -128.1879 -0.6877 -98.5 -130.8589 -0.6877 -98.5 0.5509 0.6281 0.5507 0.6212 0.5623 0.6206
3 16 -125.4259 -0.6877 -98.3454 -128.1879 0.8897 -98.5 -125.4259 0.8897 -98.3454 0.5391 0.6217 0.5509 0.6281 0.5392 0.6284
3 16 -125.4259 -0.6877 -98.3454 -128.1879 -0.6877 -98.5 -128.1879 0.8897 -98.5 0.5391 0.6217 0.5507 0.6212 0.5509 0.6281
3 16 -130.8589 -0.6877 -98.5 -128.1879 -0.6877 -98.5 -128.2375 -2.6671 -96.9323 0.5623 0.6206 0.5507 0.6212 0.5499 0.6101
3 16 -130.8589 -0.6877 -98.5 -128.2375 -2.6671 -96.9323 -131.178 -2.7025 -96.8963 0.5623 0.6206 0.5499 0.6101 0.5624 0.6084
3 16 -122.7676 -0.6877 -97.9074 -125.4259 -0.6877 -98.3454 -125.4259 0.8897 -98.3454 0.528 0.6219 0.5391 0.6217 0.5392 0.6284
3 16 -122.7676 -0.6877 -97.9074 -125.4259 0.8897 -98.3454 -122.7676 0.8897 -97.9074 0.528 0.6219 0.5392 0.6284 0.528 0.6287
3 16 -128.1879 -0.6877 -98.5 -125.4259 -0.6877 -98.3454 -125.6787 -2.7332 -96.7019 0.5507 0.6212 0.5391 0.6217 0.539 0.6104
3 16 -128.1879 -0.6877 -98.5 -125.6787 -2.7332 -96.7019 -128.2375 -2.6671 -96.9323 0.5507 0.6212 0.539 0.6104 0.5499 0.6101
3 16 -122.7676 -0.6877 -97.9074 -125.6787 -2.7332 -96.7019 -125.4259 -0.6877 -98.3454 0.528 0.6219 0.539 0.6104 0.5391 0.6217
3 16 -131.178 -2.7025 -96.8963 -128.2375 -2.6671 -96.9323 -128.2826 -4.1007 -93.6616 0.5624 0.6084 0.5499 0.6101 0.5476 0.5946
3 16 -125.6787 -2.7332 -96.7019 -128.2826 -4.1007 -93.6616 -128.2375 -2.6671 -96.9323 0.539 0.6104 0.5476 0.5946 0.5499 0.6101
3 16 -131.178 -2.7025 -96.8963 -128.2826 -4.1007 -93.6616 -131.8362 -4.1018 -93.6588 0.5624 0.6084 0.5476 0.5946 0.5626 0.592
3 16 -131.8362 -4.1018 -93.6588 -128.2826 -4.1007 -93.6616 -128.3217 -4.7994 -88.5108 0.5626 0.592 0.5476 0.5946 0.5433 0.5722
3 16 -131.8362 -4.1018 -93.6588 -128.3217 -4.7994 -88.5108 -132.1911 -4.7983 -88.5733 0.5626 0.592 0.5433 0.5722 0.5598 0.5694
3 16 -132.2643 -4.9419 -80 -132.1911 -4.7983 -88.5733 -128.3217 -4.7994 -88.5108 0.5526 0.5327 0.5598 0.5694 0.5433 0.5722
3 16 -132.2643 -4.9419 -80 -128.3217 -4.7994 -88.5108 -127.5285 -4.9486 -79.963 0.5526 0.5327 0.5433 0.5722 0.5324 0.5364
3 16 -125.6787 -2.7332 -96.7019 -126.0258 -4.1284 -93.4387 -128.2826 -4.1007 -93.6616 0.539 0.6104 0.5378 0.5951 0.5476 0.5946
3 16 -126.0258 -4.1284 -93.4387 -128.3217 -4.7994 -88.5108 -128.2826 -4.1007 -93.6616 0.5378 0.5951 0.5433 0.5722 0.5476 0.5946
3 16 -122.7676 -0.6877 -97.9074 -123.052 -2.789 -96.1921 -125.6787 -2.7332 -96.7019 0.528 0.6219 0.5276 0.6102 0.539 0.6104
3 16 -123.052 -2.789 -96.1921 -126.0258 -4.1284 -93.4387 -125.6787 -2.7332 -96.7019 0.5276 0.6102 0.5378 0.5951 0.539 0.6104
3 16 -49.4047 -0.6877 -82.3136 -122.7676 -0.6877 -97.9074 -122.7676 0.8897 -97.9074 0.2048 0.6233 0.528 0.6219 0.528 0.6287
3 16 -123.052 -2.789 -96.1921 -122.7676 -0.6877 -97.9074 -49.4047 -0.6877 -82.3136 0.5276 0.6102 0.528 0.6219 0.2048 0.6233
3 16 -127.5285 -4.9486 -79.963 -128.3217 -4.7994 -88.5108 -126.4413 -4.7999 -88.477 0.5324 0.5364 0.5433 0.5722 0.5353 0.5735
3 16 -126.0258 -4.1284 -93.4387 -126.4413 -4.7999 -88.477 -128.3217 -4.7994 -88.5108 0.5378 0.5951 0.5353 0.5735 0.5433 0.5722
3 16 -123.052 -2.789 -96.1921 -123.4202 -4.162 -92.9016 -126.0258 -4.1284 -93.4387 0.5276 0.6102 0.5263 0.5948 0.5378 0.5951
3 16 -123.4202 -4.162 -92.9016 -126.4413 -4.7999 -88.477 -126.0258 -4.1284 -93.4387 0.5263 0.5948 0.5353 0.5735 0.5378 0.5951
3 16 -127.5285 -4.9486 -79.963 -126.4413 -4.7999 -88.477 -124.052 -4.8083 -88.0008 0.5324 0.5364 0.5353 0.5735 0.5247 0.5734
3 16 -123.4202 -4.162 -92.9016 -124.052 -4.8083 -88.0008 -126.4413 -4.7999 -88.477 0.5263 0.5948 0.5247 0.5734 0.5353 0.5735
3 16 -56.3665 -5.212 -64.8694 -127.5285 -4.9486 -79.963 -124.052 -4.8083 -88.0008 0.2177 0.5366 0.5324 0.5364 0.5247 0.5734
3 16 -123.4202 -4.162 -92.9016 -123.052 -2.789 -96.1921 -49.7737 -3.121 -80.5203 0.5263 0.5948 0.5276 0.6102 0.2046 0.6101
3 16 -123.052 -2.789 -96.1921 -49.4047 -0.6877 -82.3136 -49.7737 -3.121 -80.5203 0.5276 0.6102 0.2048 0.6233 0.2046 0.6101
3 16 -56.3665 -5.212 -64.8694 -124.052 -4.8083 -88.0008 -51.4854 -5.077 -72.6025 0.2177 0.5366 0.5247 0.5734 0.2043 0.5737
3 16 -51.4854 -5.077 -72.6025 -32.6837 -5.2997 -59.8462 -56.3665 -5.212 -64.8694 0.2043 0.5737 0.1101 0.539 0.2177 0.5366
3 16 -50.3133 -4.4691 -77.2187 -124.052 -4.8083 -88.0008 -123.4202 -4.162 -92.9016 0.2038 0.5945 0.5247 0.5734 0.5263 0.5948
3 16 -50.3133 -4.4691 -77.2187 -51.4854 -5.077 -72.6025 -124.052 -4.8083 -88.0008 0.2038 0.5945 0.2043 0.5737 0.5247 0.5734
3 16 -123.4202 -4.162 -92.9016 -49.7737 -3.121 -80.5203 -50.3133 -4.4691 -77.2187 0.5263 0.5948 0.2046 0.6101 0.2038 0.5945
3 16 -51.4854 -5.077 -72.6025 -27.7964 -5.1648 -67.5758 -32.6837 -5.2997 -59.8462 0.2043 0.5737 0.0994 0.5764 0.1101 0.539
3 16 -50.3133 -4.4691 -77.2187 -27.7964 -5.1648 -67.5758 -51.4854 -5.077 -72.6025 0.2038 0.5945 0.0994 0.5764 0.2043 0.5737
3 16 -27.7964 -5.1648 -67.5758 -29.614 -5.321 -58.6245 -32.6837 -5.2997 -59.8462 0.0994 0.5764 0.0945 0.538 0.1101 0.539
3 16 -50.3133 -4.4691 -77.2187 -49.7737 -3.121 -80.5203 -26.0929 -3.2283 -75.4558 0.2038 0.5945 0.2046 0.6101 0.1023 0.6118
3 16 -50.3133 -4.4691 -77.2187 -26.6356 -4.5685 -72.1394 -27.7964 -5.1648 -67.5758 0.2038 0.5945 0.1006 0.5966 0.0994 0.5764
3 16 -50.3133 -4.4691 -77.2187 -26.0929 -3.2283 -75.4558 -26.6356 -4.5685 -72.1394 0.2038 0.5945 0.1023 0.6118 0.1006 0.5966
3 16 -27.7964 -5.1648 -67.5758 -25.1138 -5.1821 -66.5851 -29.614 -5.321 -58.6245 0.0994 0.5764 0.0867 0.5763 0.0945 0.538
3 16 -26.6356 -4.5685 -72.1394 -25.1138 -5.1821 -66.5851 -27.7964 -5.1648 -67.5758 0.1006 0.5966 0.0867 0.5763 0.0994 0.5764
3 16 -22.7849 -5.2124 -64.8458 -29.614 -5.321 -58.6245 -25.1138 -5.1821 -66.5851 0.0742 0.5733 0.0945 0.538 0.0867 0.5763
3 16 -22.7849 -5.2124 -64.8458 -27.4306 -5.352 -56.8485 -29.614 -5.321 -58.6245 0.0742 0.5733 0.0821 0.5341 0.0945 0.538
3 16 -26.6356 -4.5685 -72.1394 -22.463 -4.5874 -70.525 -25.1138 -5.1821 -66.5851 0.1006 0.5966 0.0824 0.5957 0.0867 0.5763
3 16 -26.0929 -3.2283 -75.4558 -22.463 -4.5874 -70.525 -26.6356 -4.5685 -72.1394 0.1023 0.6118 0.0824 0.5957 0.1006 0.5966
3 16 -22.463 -4.5874 -70.525 -22.7849 -5.2124 -64.8458 -25.1138 -5.1821 -66.5851 0.0824 0.5957 0.0742 0.5733 0.0867 0.5763
3 16 -49.7737 -3.121 -80.5203 -25.7173 -0.6877 -77.2787 -26.0929 -3.2283 -75.4558 0.2046 0.6101 0.1025 0.6252 0.1023 0.6118
3 16 -49.7737 -3.121 -80.5203 -49.4047 -0.6877 -82.3136 -25.7173 -0.6877 -77.2787 0.2046 0.6101 0.2048 0.6233 0.1025 0.6252
3 16 -26.0929 -3.2283 -75.4558 -20.5184 -3.2424 -73.265 -22.463 -4.5874 -70.525 0.1023 0.6118 0.0794 0.6103 0.0824 0.5957
3 16 -25.7173 -0.6877 -77.2787 -20.5184 -3.2424 -73.265 -26.0929 -3.2283 -75.4558 0.1025 0.6252 0.0794 0.6103 0.1023 0.6118
3 16 -22.463 -4.5874 -70.525 -19.3316 -4.6315 -68.0566 -22.7849 -5.2124 -64.8458 0.0824 0.5957 0.0665 0.5918 0.0742 0.5733
3 16 -20.5184 -3.2424 -73.265 -19.3316 -4.6315 -68.0566 -22.463 -4.5874 -70.525 0.0794 0.6103 0.0665 0.5918 0.0824 0.5957
3 16 -22.7849 -5.2124 -64.8458 -21.2453 -5.2474 -62.8397 -27.4306 -5.352 -56.8485 0.0742 0.5733 0.0642 0.5684 0.0821 0.5341
3 16 -19.3316 -4.6315 -68.0566 -21.2453 -5.2474 -62.8397 -22.7849 -5.2124 -64.8458 0.0665 0.5918 0.0642 0.5684 0.0742 0.5733
3 16 -21.2453 -5.2474 -62.8397 -20.4755 -5.2776 -61.1108 -27.4306 -5.352 -56.8485 0.0642 0.5684 0.0578 0.5632 0.0821 0.5341
3 16 -20.4755 -5.2776 -61.1108 -20.122 -5.297 -60 -27.4306 -5.352 -56.8485 0.0578 0.5632 0.0543 0.5596 0.0821 0.5341
3 16 -19.3316 -4.6315 -68.0566 -17.068 -4.6839 -64.9719 -21.2453 -5.2474 -62.8397 0.0665 0.5918 0.0517 0.5856 0.0642 0.5684
3 16 -17.068 -4.6839 -64.9719 -20.4755 -5.2776 -61.1108 -21.2453 -5.2474 -62.8397 0.0517 0.5856 0.0578 0.5632 0.0642 0.5684
3 16 -20.122 -5.297 -60 -20.4755 -5.2776 -61.1108 -15.9265 -4.7515 -62.0772 0.0543 0.5596 0.0578 0.5632 0.0404 0.5785
3 16 -17.068 -4.6839 -64.9719 -15.9265 -4.7515 -62.0772 -20.4755 -5.2776 -61.1108 0.0517 0.5856 0.0404 0.5785 0.0578 0.5632
3 16 -20.122 -5.297 -60 -15.9265 -4.7515 -62.0772 -15.1913 -4.7324 -60 0.0543 0.5596 0.0404 0.5785 0.0321 0.5736
3 16 -20.5184 -3.2424 -73.265 -16.7084 -3.2918 -70.1788 -19.3316 -4.6315 -68.0566 0.0794 0.6103 0.061 0.6058 0.0665 0.5918
3 16 -16.7084 -3.2918 -70.1788 -17.068 -4.6839 -64.9719 -19.3316 -4.6315 -68.0566 0.061 0.6058 0.0517 0.5856 0.0665 0.5918
3 16 -15.1913 -4.7324 -60 -15.9265 -4.7515 -62.0772 -12.4586 -3.4086 -62.5329 0.0321 0.5736 0.0404 0.5785 0.0285 0.592
3 16 -15.1913 -4.7324 -60 -12.4586 -3.4086 -62.5329 -11.8654 -3.3813 -60 0.0321 0.5736 0.0285 0.592 0.0186 0.5869
3 16 -13.8571 -3.3414 -66.1604 -15.9265 -4.7515 -62.0772 -17.068 -4.6839 -64.9719 0.0428 0.5989 0.0404 0.5785 0.0517 0.5856
3 16 -16.7084 -3.2918 -70.1788 -13.8571 -3.3414 -66.1604 -17.068 -4.6839 -64.9719 0.061 0.6058 0.0428 0.5989 0.0517 0.5856
3 16 -13.8571 -3.3414 -66.1604 -12.4586 -3.4086 -62.5329 -15.9265 -4.7515 -62.0772 0.0428 0.5989 0.0285 0.592 0.0404 0.5785
3 16 -19.3731 -0.6877 -74.7296 -16.7084 -3.2918 -70.1788 -20.5184 -3.2424 -73.265 0.0767 0.623 0.061 0.6058 0.0794 0.6103
3 16 -25.7173 -0.6877 -77.2787 -19.3731 -0.6877 -74.7296 -20.5184 -3.2424 -73.265 0.1025 0.6252 0.0767 0.623 0.0794 0.6103
3 16 -11.8654 -3.3813 -60 -12.4586 -3.4086 -62.5329 -10.6033 -0.6877 -62.6107 0.0186 0.5869 0.0285 0.592 0.0205 0.6052
3 16 -11.8654 -3.3813 -60 -10.6033 -0.6877 -62.6107 -10 -0.6877 -60 0.0186 0.5869 0.0205 0.6052 0.01 0.6013
3 16 -15.2511 -0.6877 -71.355 -13.8571 -3.3414 -66.1604 -16.7084 -3.2918 -70.1788 0.0573 0.6184 0.0428 0.5989 0.061 0.6058
3 16 -19.3731 -0.6877 -74.7296 -15.2511 -0.6877 -71.355 -16.7084 -3.2918 -70.1788 0.0767 0.623 0.0573 0.6184 0.061 0.6058
3 16 -12.104 -0.6877 -66.8298 -12.4586 -3.4086 -62.5329 -13.8571 -3.3414 -66.1604 0.0372 0.6116 0.0285 0.592 0.0428 0.5989
3 16 -12.104 -0.6877 -66.8298 -10.6033 -0.6877 -62.6107 -12.4586 -3.4086 -62.5329 0.0372 0.6116 0.0205 0.6052 0.0285 0.592
3 16 -15.2511 -0.6877 -71.355 -12.104 -0.6877 -66.8298 -13.8571 -3.3414 -66.1604 0.0573 0.6184 0.0372 0.6116 0.0428 0.5989
3 16 -10 -0.6877 -60 -10.6033 -0.6877 -62.6107 -10.5928 0.8897 -62.5934 0.01 0.6013 0.0205 0.6052 0.0183 0.6122
3 16 -10 -0.6877 -60 -10.5928 0.8897 -62.5934 -10 0.8897 -60 0.01 0.6013 0.0183 0.6122 0.0076 0.609
3 16 -10.5928 0.8897 -62.5934 -11.1495 3.4593 -60 -10 0.8897 -60 0.0183 0.6122 0.0058 0.6228 0.0076 0.609
3 16 -12.1089 0.8897 -66.8235 -10.6033 -0.6877 -62.6107 -12.104 -0.6877 -66.8298 0.0354 0.6181 0.0205 0.6052 0.0372 0.6116
3 16 -15.2511 -0.6877 -71.355 -12.1089 0.8897 -66.8235 -12.104 -0.6877 -66.8298 0.0573 0.6184 0.0354 0.6181 0.0372 0.6116
3 16 -12.1089 0.8897 -66.8235 -10.5928 0.8897 -62.5934 -10.6033 -0.6877 -62.6107 0.0354 0.6181 0.0183 0.6122 0.0205 0.6052
3 16 -10.5928 0.8897 -62.5934 -11.6904 3.5594 -62.48 -11.1495 3.4593 -60 0.0183 0.6122 0.0163 0.6255 0.0058 0.6228
3 16 -12.1089 0.8897 -66.8235 -11.6904 3.5594 -62.48 -10.5928 0.8897 -62.5934 0.0354 0.6181 0.0163 0.6255 0.0183 0.6122
3 16 -11.6904 3.5594 -62.48 -13.4293 4.625 -60 -11.1495 3.4593 -60 0.0163 0.6255 0.0065 0.6351 0.0058 0.6228
3 16 -19.3731 -0.6877 -74.7296 -15.2511 0.8897 -71.355 -15.2511 -0.6877 -71.355 0.0767 0.623 0.056 0.6248 0.0573 0.6184
3 16 -15.2511 -0.6877 -71.355 -15.2511 0.8897 -71.355 -12.1089 0.8897 -66.8235 0.0573 0.6184 0.056 0.6248 0.0354 0.6181
3 16 -12.1089 0.8897 -66.8235 -13.1623 3.4828 -66.4219 -11.6904 3.5594 -62.48 0.0354 0.6181 0.0334 0.6301 0.0163 0.6255
3 16 -15.2511 0.8897 -71.355 -13.1623 3.4828 -66.4219 -12.1089 0.8897 -66.8235 0.056 0.6248 0.0334 0.6301 0.0354 0.6181
3 16 -11.6904 3.5594 -62.48 -14.0956 4.625 -62.8516 -13.4293 4.625 -60 0.0163 0.6255 0.0193 0.6375 0.0065 0.6351
3 16 -13.1623 3.4828 -66.4219 -14.0956 4.625 -62.8516 -11.6904 3.5594 -62.48 0.0334 0.6301 0.0193 0.6375 0.0163 0.6255
3 16 -19.3731 -0.6877 -74.7296 -19.3731 0.8897 -74.7296 -15.2511 0.8897 -71.355 0.0767 0.623 0.0759 0.6295 0.056 0.6248
3 16 -25.7173 -0.6877 -77.2787 -19.3731 0.8897 -74.7296 -19.3731 -0.6877 -74.7296 0.1025 0.6252 0.0759 0.6295 0.0767 0.623
3 16 -13.4293 4.625 -60 -14.0956 4.625 -62.8516 -15.0553 4.625 -61.6827 0.0065 0.6351 0.0193 0.6375 0.0147 0.642
3 16 -13.4293 4.625 -60 -15.0553 4.625 -61.6827 -14.6854 4.625 -60 0.0065 0.6351 0.0147 0.642 0.0071 0.6407
3 16 -15.762 4.625 -63.7717 -15.0553 4.625 -61.6827 -14.0956 4.625 -62.8516 0.0252 0.6447 0.0147 0.642 0.0193 0.6375
3 16 -15.762 4.625 -63.7717 -14.0956 4.625 -62.8516 -15.7119 4.6311 -66.3342 0.0252 0.6447 0.0193 0.6375 0.0366 0.642
3 16 -13.1623 3.4828 -66.4219 -15.7119 4.6311 -66.3342 -14.0956 4.625 -62.8516 0.0334 0.6301 0.0366 0.642 0.0193 0.6375
3 16 -20.0191 4.625 -68.2546 -15.762 4.625 -63.7717 -15.7119 4.6311 -66.3342 0.0547 0.6572 0.0252 0.6447 0.0366 0.642
3 16 -15.2511 0.8897 -71.355 -16.0716 3.5129 -70.5568 -13.1623 3.4828 -66.4219 0.056 0.6248 0.0537 0.6364 0.0334 0.6301
3 16 -16.0716 3.5129 -70.5568 -15.7119 4.6311 -66.3342 -13.1623 3.4828 -66.4219 0.0537 0.6364 0.0366 0.642 0.0334 0.6301
3 16 -19.3731 0.8897 -74.7296 -16.0716 3.5129 -70.5568 -15.2511 0.8897 -71.355 0.0759 0.6295 0.0537 0.6364 0.056 0.6248
3 16 -20.0191 4.625 -68.2546 -15.7119 4.6311 -66.3342 -17.8 4.625 -69.1361 0.0547 0.6572 0.0366 0.642 0.0527 0.6468
3 16 -16.0716 3.5129 -70.5568 -17.8 4.625 -69.1361 -15.7119 4.6311 -66.3342 0.0537 0.6364 0.0527 0.6468 0.0366 0.642
3 16 -20.0191 4.625 -68.2546 -17.8 4.625 -69.1361 -20.1843 4.625 -68.9781 0.0547 0.6572 0.0527 0.6468 0.0588 0.656
3 16 -25.7173 -0.6877 -77.2787 -25.7173 0.8897 -77.2787 -19.3731 0.8897 -74.7296 0.1025 0.6252 0.1022 0.6319 0.0759 0.6295
3 16 -49.4047 -0.6877 -82.3136 -25.7173 0.8897 -77.2787 -25.7173 -0.6877 -77.2787 0.2048 0.6233 0.1022 0.6319 0.1025 0.6252
3 16 -19.3731 0.8897 -74.7296 -20.0356 3.4655 -73.841 -16.0716 3.5129 -70.5568 0.0759 0.6295 0.0747 0.6411 0.0537 0.6364
3 16 -20.0356 3.4655 -73.841 -17.8 4.625 -69.1361 -16.0716 3.5129 -70.5568 0.0747 0.6411 0.0527 0.6468 0.0537 0.6364
3 16 -25.7173 0.8897 -77.2787 -20.0356 3.4655 -73.841 -19.3731 0.8897 -74.7296 0.1022 0.6319 0.0747 0.6411 0.0759 0.6295
3 16 -20.1843 4.625 -68.9781 -17.8 4.625 -69.1361 -21.4777 4.625 -72.0275 0.0588 0.656 0.0527 0.6468 0.0746 0.6519
3 16 -20.0356 3.4655 -73.841 -21.4777 4.625 -72.0275 -17.8 4.625 -69.1361 0.0747 0.6411 0.0746 0.6519 0.0527 0.6468
3 16 -20.1843 4.625 -68.9781 -21.4777 4.625 -72.0275 -23.0025 4.625 -70.8774 0.0588 0.656 0.0746 0.6519 0.0779 0.6597
3 16 -25.8799 3.415 -76.2302 -21.4777 4.625 -72.0275 -20.0356 3.4655 -73.841 0.101 0.6434 0.0746 0.6519 0.0747 0.6411
3 16 -25.7173 0.8897 -77.2787 -25.8799 3.415 -76.2302 -20.0356 3.4655 -73.841 0.1022 0.6319 0.101 0.6434 0.0747 0.6411
3 16 -26.402 4.625 -74.0578 -23.0025 4.625 -70.8774 -21.4777 4.625 -72.0275 0.1001 0.6542 0.0779 0.6597 0.0746 0.6519
3 16 -25.8799 3.415 -76.2302 -26.402 4.625 -74.0578 -21.4777 4.625 -72.0275 0.101 0.6434 0.1001 0.6542 0.0746 0.6519
3 16 -26.402 4.625 -74.0578 -26.7864 4.625 -72.249 -23.0025 4.625 -70.8774 0.1001 0.6542 0.0996 0.662 0.0779 0.6597
3 16 -50.4738 4.625 -77.284 -26.7864 4.625 -72.249 -26.402 4.625 -74.0578 0.205 0.6609 0.0996 0.662 0.1001 0.6542
3 16 -49.4047 -0.6877 -82.3136 -49.4047 0.8897 -82.3136 -25.7173 0.8897 -77.2787 0.2048 0.6233 0.2049 0.6301 0.1022 0.6319
3 16 -49.4047 -0.6877 -82.3136 -122.7676 0.8897 -97.9074 -49.4047 0.8897 -82.3136 0.2048 0.6233 0.528 0.6287 0.2049 0.6301
3 16 -49.4047 0.8897 -82.3136 -122.7676 0.8897 -97.9074 -122.9009 3.1867 -97.0176 0.2049 0.6301 0.528 0.6287 0.5279 0.6393
3 16 -49.559 3.3593 -81.3036 -25.8799 3.415 -76.2302 -25.7173 0.8897 -77.2787 0.2047 0.6417 0.101 0.6434 0.1022 0.6319
3 16 -49.559 3.3593 -81.3036 -25.7173 0.8897 -77.2787 -49.4047 0.8897 -82.3136 0.2047 0.6417 0.1022 0.6319 0.2049 0.6301
3 16 -49.4047 0.8897 -82.3136 -122.9009 3.1867 -97.0176 -49.559 3.3593 -81.3036 0.2049 0.6301 0.5279 0.6393 0.2047 0.6417
3 16 -49.559 3.3593 -81.3036 -26.402 4.625 -74.0578 -25.8799 3.415 -76.2302 0.2047 0.6417 0.1001 0.6542 0.101 0.6434
3 16 -49.559 3.3593 -81.3036 -122.9009 3.1867 -97.0176 -123.2321 4.6245 -94.6955 0.2047 0.6417 0.5279 0.6393 0.5273 0.6511
3 16 -50.4738 4.625 -77.284 -26.402 4.625 -74.0578 -50.0866 4.6249 -79.1057 0.205 0.6609 0.1001 0.6542 0.205 0.6529
3 16 -50.4738 4.625 -77.284 -50.0866 4.6249 -79.1057 -123.2321 4.6245 -94.6955 0.205 0.6609 0.205 0.6529 0.5273 0.6511
3 16 -49.559 3.3593 -81.3036 -50.0866 4.6249 -79.1057 -26.402 4.625 -74.0578 0.2047 0.6417 0.205 0.6529 0.1001 0.6542
3 16 -49.559 3.3593 -81.3036 -123.2321 4.6245 -94.6955 -50.0866 4.6249 -79.1057 0.2047 0.6417 0.5273 0.6511 0.205 0.6529
3 16 -148.0891 1.25 -82 -148.0891 1.25 -80 -147.75 0 -80 0.751 0.7224 0.7424 0.7224 0.7424 0.7168
3 16 -148.0891 1.25 -82 -147.75 0 -80 -147.75 0 -82 0.751 0.7224 0.7424 0.7168 0.751 0.7168
3 16 -147.75 0 -82 -147.75 0 -80 -146.7117 -3.875 -80 0.751 0.7168 0.7424 0.7168 0.7424 0.6995
3 16 -147.75 0 -82 -146.7117 -3.875 -80 -146.7117 -3.875 -82 0.751 0.7168 0.7424 0.6995 0.751 0.6995
3 16 -146.7117 -3.875 -82 -146.7117 -3.875 -80 -143.875 -6.7117 -80 0.751 0.6995 0.7424 0.6995 0.7424 0.6823
3 16 -146.7117 -3.875 -82 -143.875 -6.7117 -80 -143.875 -6.7117 -82 0.751 0.6995 0.7424 0.6823 0.751 0.6823
3 16 -143.875 -6.7117 -82 -143.875 -6.7117 -80 -140 -7.75 -80 0.751 0.6823 0.7424 0.6823 0.7424 0.665
3 16 -143.875 -6.7117 -82 -140 -7.75 -80 -140 -7.75 -82 0.751 0.6823 0.7424 0.665 0.751 0.665
3 16 -140 -7.75 -82 -140 -7.75 -80 -136.125 -6.7117 -80 0.751 0.665 0.7424 0.665 0.7424 0.6478
3 16 -140 -7.75 -82 -136.125 -6.7117 -80 -136.125 -6.7117 -82 0.751 0.665 0.7424 0.6478 0.751 0.6478
3 16 -136.125 -6.7117 -82 -136.125 -6.7117 -80 -133.2883 -3.875 -80 0.751 0.6478 0.7424 0.6478 0.7424 0.6305
3 16 -136.125 -6.7117 -82 -133.2883 -3.875 -80 -133.2883 -3.875 -82 0.751 0.6478 0.7424 0.6305 0.751 0.6305
3 16 -133.2883 -3.875 -82 -133.2883 -3.875 -80 -132.25 0 -80 0.751 0.6305 0.7424 0.6305 0.7424 0.6133
3 16 -133.2883 -3.875 -82 -132.25 0 -80 -132.25 0 -82 0.751 0.6305 0.7424 0.6133 0.751 0.6133
3 16 -132.25 4.625 -82 -132.25 0 -82 -132.25 0 -80 0.751 0.5934 0.751 0.6133 0.7424 0.6133
3 16 -132.25 4.625 -82 -132.25 0 -80 -132.25 4.625 -80 0.751 0.5934 0.7424 0.6133 0.7424 0.5934
3 16 -11.1495 3.4593 -60 -13.4293 4.625 -60 -16.0541 9.2849 -60 0.0495 0.0352 0.0524 0.0246 0.0713 0.0178
3 16 -2.8009 5.5894 -60 -11.1495 3.4593 -60 -16.0541 9.2849 -60 0.0656 0.0686 0.0495 0.0352 0.0713 0.0178
3 16 -2.8052 9.2849 -60 -2.8009 5.5894 -60 -16.0541 9.2849 -60 0.081 0.0655 0.0656 0.0686 0.0713 0.0178
3 16 -2.8009 5.5894 -60 -2.8052 9.2849 -60 -1.3917 6.0764 -60 0.0656 0.0686 0.081 0.0655 0.0688 0.0741
3 16 0 9.2849 -60 -1.3917 6.0764 -60 -2.8052 9.2849 -60 0.0834 0.0773 0.0688 0.0741 0.081 0.0655
3 16 0 9.2849 -60 0 6.25 -60 -1.3917 6.0764 -60 0.0834 0.0773 0.0708 0.0799 0.0688 0.0741
3 16 1.1179 6.1492 -60 0 6.25 -60 0 9.2849 -60 0.0713 0.0847 0.0708 0.0799 0.0834 0.0773
3 16 1.1179 6.1492 -60 0 9.2849 -60 2.8584 8.7973 -60 0.0713 0.0847 0.0834 0.0773 0.0839 0.0897
3 16 2.225 5.8405 -60 1.1179 6.1492 -60 2.8584 8.7973 -60 0.0709 0.0896 0.0713 0.0847 0.0839 0.0897
3 16 2.225 5.8405 -60 2.8584 8.7973 -60 5.437 7.4834 -60 0.0709 0.0896 0.0839 0.0897 0.0806 0.1017
3 16 2.225 4.2852 -60 2.225 5.8405 -60 5.437 7.4834 -60 0.0644 0.0909 0.0709 0.0896 0.0806 0.1017
3 16 2.8284 2.8284 -60 2.225 4.2852 -60 5.437 7.4834 -60 0.0587 0.0947 0.0644 0.0909 0.0806 0.1017
3 16 2.8284 2.8284 -60 5.437 7.4834 -60 7.4834 5.437 -60 0.0587 0.0947 0.0806 0.1017 0.0737 0.1121
3 16 2.8284 2.8284 -60 7.4834 5.437 -60 4.2852 2.225 -60 0.0587 0.0947 0.0737 0.1121 0.0574 0.1014
3 16 5.8405 2.225 -60 4.2852 2.225 -60 7.4834 5.437 -60 0.0588 0.1079 0.0574 0.1014 0.0737 0.1121
3 16 5.8405 2.225 -60 7.4834 5.437 -60 8.7973 2.8584 -60 0.0588 0.1079 0.0737 0.1121 0.064 0.1198
3 16 5.8405 2.225 -60 8.7973 2.8584 -60 6.1492 1.1179 -60 0.0588 0.1079 0.064 0.1198 0.0544 0.1102
3 16 9.25 0 -60 6.1492 1.1179 -60 8.7973 2.8584 -60 0.0523 0.1242 0.0544 0.1102 0.064 0.1198
3 16 9.25 0 -60 6.25 0 -60 6.1492 1.1179 -60 0.0523 0.1242 0.0497 0.1115 0.0544 0.1102
3 16 6.0923 -1.4554 -60 6.25 0 -60 9.25 0 -60 0.0435 0.1121 0.0497 0.1115 0.0523 0.1242
3 16 6.0923 -1.4554 -60 9.25 0 -60 8.7973 -2.8584 -60 0.0435 0.1121 0.0523 0.1242 0.0399 0.1247
3 16 5.5873 -2.8009 -60 6.0923 -1.4554 -60 8.7973 -2.8584 -60 0.0374 0.1111 0.0435 0.1121 0.0399 0.1247
3 16 5.5873 -2.8009 -60 8.7973 -2.8584 -60 7.4834 -5.437 -60 0.0374 0.1111 0.0399 0.1247 0.0279 0.1214
3 16 5.437 -7.4834 -60 5.5873 -2.8009 -60 7.4834 -5.437 -60 0.0175 0.1145 0.0374 0.1111 0.0279 0.1214
3 16 5.437 -7.4834 -60 2.8009 -5.5873 -60 5.5873 -2.8009 -60 0.0175 0.1145 0.0232 0.1018 0.0374 0.1111
3 16 2.5337 -2.5337 -60 5.5873 -2.8009 -60 2.8009 -5.5873 -60 0.0359 0.098 0.0374 0.1111 0.0232 0.1018
3 16 2.8009 -5.5873 -60 5.437 -7.4834 -60 2.8584 -8.7973 -60 0.0232 0.1018 0.0175 0.1145 0.0098 0.1048
3 16 2.8009 -5.5873 -60 2.8584 -8.7973 -60 1.3917 -6.0743 -60 0.0232 0.1018 0.0098 0.1048 0.02 0.0962
3 16 0 -9.25 -60 1.3917 -6.0743 -60 2.8584 -8.7973 -60 0.0054 0.0931 0.02 0.0962 0.0098 0.1048
3 16 0 -9.25 -60 0 -6.25 -60 1.3917 -6.0743 -60 0.0054 0.0931 0.0181 0.0905 0.02 0.0962
3 16 -1.1179 -6.1471 -60 0 -6.25 -60 0 -9.25 -60 0.0175 0.0857 0.0181 0.0905 0.0054 0.0931
3 16 -1.1179 -6.1471 -60 0 -9.25 -60 -2.8584 -8.7973 -60 0.0175 0.0857 0.0054 0.0931 0.0049 0.0806
3 16 -2.225 -5.8384 -60 -1.1179 -6.1471 -60 -2.8584 -8.7973 -60 0.0179 0.0808 0.0175 0.0857 0.0049 0.0806
3 16 -2.225 -5.8384 -60 -2.8584 -8.7973 -60 -5.437 -7.4834 -60 0.0179 0.0808 0.0049 0.0806 0.0082 0.0687
3 16 -2.225 -4.2831 -60 -2.225 -5.8384 -60 -5.437 -7.4834 -60 0.0245 0.0795 0.0179 0.0808 0.0082 0.0687
3 16 -2.225 -4.2831 -60 -5.437 -7.4834 -60 -2.8284 -2.8284 -60 0.0245 0.0795 0.0082 0.0687 0.0301 0.0757
3 16 -2.8284 -2.8284 -60 -5.437 -7.4834 -60 -7.5831 -5.297 -60 0.0301 0.0757 0.0082 0.0687 0.0156 0.0577
3 16 -2.8284 -2.8284 -60 -7.5831 -5.297 -60 -4.2852 -2.2229 -60 0.0301 0.0757 0.0156 0.0577 0.0314 0.069
3 16 -5.8405 -2.2229 -60 -4.2852 -2.2229 -60 -7.5831 -5.297 -60 0.0301 0.0625 0.0314 0.069 0.0156 0.0577
3 16 -10 -0.6877 -60 -5.8405 -2.2229 -60 -7.5831 -5.297 -60 0.033 0.0436 0.0301 0.0625 0.0156 0.0577
3 16 -6.1492 -1.1158 -60 -5.8405 -2.2229 -60 -10 -0.6877 -60 0.0345 0.0602 0.0301 0.0625 0.033 0.0436
3 16 -6.25 0 -60 -6.1492 -1.1158 -60 -10 -0.6877 -60 0.0391 0.0588 0.0345 0.0602 0.033 0.0436
3 16 -10 -0.6877 -60 -7.5831 -5.297 -60 -11.8654 -3.3813 -60 0.033 0.0436 0.0156 0.0577 0.02 0.0381
3 16 -15.1913 -4.7324 -60 -11.8654 -3.3813 -60 -7.5831 -5.297 -60 0.0113 0.0253 0.02 0.0381 0.0156 0.0577
3 16 -15.1913 -4.7324 -60 -7.5831 -5.297 -60 -20.122 -5.297 -60 0.0113 0.0253 0.0156 0.0577 0.0049 0.0049
3 16 -6.25 0 -60 -10 -0.6877 -60 -10 0.8897 -60 0.0391 0.0588 0.033 0.0436 0.0396 0.0423
3 16 -6.0923 1.4575 -60 -6.25 0 -60 -10 0.8897 -60 0.0454 0.0583 0.0391 0.0588 0.0396 0.0423
3 16 -6.0923 1.4575 -60 -10 0.8897 -60 -11.1495 3.4593 -60 0.0454 0.0583 0.0396 0.0423 0.0495 0.0352
3 16 -5.5873 2.803 -60 -6.0923 1.4575 -60 -11.1495 3.4593 -60 0.0515 0.0592 0.0454 0.0583 0.0495 0.0352
3 16 -2.8009 5.5894 -60 -5.5873 2.803 -60 -11.1495 3.4593 -60 0.0656 0.0686 0.0515 0.0592 0.0495 0.0352
3 16 -2.5337 2.5337 -60 -5.5873 2.803 -60 -2.8009 5.5894 -60 0.0529 0.0723 0.0515 0.0592 0.0656 0.0686
3 16 -20.6616 4.625 -67.8832 -15.762 4.625 -63.7717 -20.0191 4.625 -68.2546 0.1886 0.8869 0.166 0.9 0.1862 0.8848
3 16 -20.6616 4.625 -67.8832 -21.012 4.625 -64.8876 -15.762 4.625 -63.7717 0.1886 0.8869 0.1875 0.8999 0.166 0.9
3 16 -27.8388 4.625 -66.3387 -21.012 4.625 -64.8876 -20.6616 4.625 -67.8832 0.2175 0.8996 0.1875 0.8999 0.1886 0.8869
3 16 -27.8388 4.625 -66.3387 -20.6616 4.625 -67.8832 -27.0366 4.625 -69.2381 0.2175 0.8996 0.1886 0.8869 0.2166 0.8867
3 16 -27.8388 4.625 -66.3387 -27.0366 4.625 -69.2381 -45.9453 4.625 -73.2567 0.2175 0.8996 0.2166 0.8867 0.2998 0.8861
3 16 -27.8388 4.625 -66.3387 -45.9453 4.625 -73.2567 -46.7474 4.625 -70.3578 0.2175 0.8996 0.2998 0.8861 0.3007 0.899
3 16 -46.7474 4.625 -70.3578 -45.9453 4.625 -73.2567 -52.4423 4.625 -74.6375 0.3007 0.899 0.2998 0.8861 0.3284 0.8859
3 16 -46.7474 4.625 -70.3578 -52.4423 4.625 -74.6375 -52.9128 4.625 -71.6683 0.3007 0.899 0.3284 0.8859 0.3278 0.8988
3 16 -52.4423 4.625 -74.6375 -125.9556 4.625 -87.1941 -52.9128 4.625 -71.6683 0.3284 0.8859 0.649 0.8962 0.3278 0.8988
3 16 -52.4423 4.625 -74.6375 -125.3319 4.625 -90.1285 -125.9556 4.625 -87.1941 0.3284 0.8859 0.6489 0.8833 0.649 0.8962
3 16 -127.0634 4.625 -90.3937 -125.9556 4.625 -87.1941 -125.3319 4.625 -90.1285 0.6564 0.8837 0.649 0.8962 0.6489 0.8833
3 16 -127.0634 4.625 -90.3937 -127.4022 4.625 -87.4147 -125.9556 4.625 -87.1941 0.6564 0.8837 0.6553 0.8966 0.649 0.8962
3 16 -128.8664 4.625 -87.5 -127.4022 4.625 -87.4147 -127.0634 4.625 -90.3937 0.6615 0.8975 0.6553 0.8966 0.6564 0.8837
3 16 -128.8664 4.625 -87.5 -127.0634 4.625 -90.3937 -128.8664 4.625 -90.5 0.6615 0.8975 0.6564 0.8837 0.6641 0.8848
3 16 -132.024 4.625 -87.5 -128.8664 4.625 -87.5 -128.8664 4.625 -90.5 0.6748 0.9002 0.6615 0.8975 0.6641 0.8848
3 16 -132.024 4.625 -87.5 -128.8664 4.625 -90.5 -132.0429 4.625 -90.5 0.6748 0.9002 0.6641 0.8848 0.6775 0.8875
3 16 -5.8405 -2.2229 -60 -5.8405 -2.2229 -40 -4.2852 -2.2229 -40 0.0909 0.6958 0.0049 0.6958 0.0049 0.6891
3 16 -5.8405 -2.2229 -60 -4.2852 -2.2229 -40 -4.2852 -2.2229 -60 0.0909 0.6958 0.0049 0.6891 0.0909 0.6891
3 16 -2.8284 -2.8284 -40 -4.2852 -2.2229 -60 -4.2852 -2.2229 -40 0.0049 0.6822 0.0909 0.6891 0.0049 0.6891
3 16 -2.8284 -2.8284 -40 -2.8284 -2.8284 -60 -4.2852 -2.2229 -60 0.0049 0.6822 0.0909 0.6822 0.0909 0.6891
3 16 -2.225 -4.2831 -40 -2.8284 -2.8284 -60 -2.8284 -2.8284 -40 0.0049 0.6753 0.0909 0.6822 0.0049 0.6822
3 16 -2.225 -4.2831 -40 -2.225 -4.2831 -60 -2.8284 -2.8284 -60 0.0049 0.6753 0.0909 0.6754 0.0909 0.6822
3 16 -2.225 -4.2831 -60 -2.225 -4.2831 -40 -2.225 -5.8384 -40 0.0909 0.6754 0.0049 0.6753 0.0049 0.6687
3 16 -2.225 -4.2831 -60 -2.225 -5.8384 -40 -2.225 -5.8384 -60 0.0909 0.6754 0.0049 0.6687 0.0909 0.6687
3 16 -2.5337 2.5337 -40 -2.8009 5.5894 -40 -5.5873 2.803 -40 0.8722 0.7833 0.8734 0.7702 0.8854 0.7821
3 16 -5.5873 2.803 -40 -2.8009 5.5894 -40 -10.175 9.2849 -40 0.8854 0.7821 0.8734 0.7702 0.9051 0.7544
3 16 -6.0923 1.4575 -40 -5.5873 2.803 -40 -10.175 9.2849 -40 0.8875 0.7879 0.8854 0.7821 0.9051 0.7544
3 16 -1.5155 9.2849 -40 -10.175 9.2849 -40 -2.8009 5.5894 -40 0.8678 0.7544 0.9051 0.7544 0.8734 0.7702
3 16 -1.5155 9.2849 -40 -2.8009 5.5894 -40 -1.3917 6.0764 -40 0.8678 0.7544 0.8734 0.7702 0.8673 0.7681
3 16 -1.5155 9.2849 -40 -1.3917 6.0764 -40 -0.0269 6.2499 -40 0.8678 0.7544 0.8673 0.7681 0.8614 0.7673
3 16 -1.5155 9.2849 -40 -0.0269 6.2499 -40 0 9.2849 -40 0.8678 0.7544 0.8614 0.7673 0.8613 0.7544
3 16 0 9.2849 -40 -0.0269 6.2499 -40 1.1179 6.1492 -40 0.8613 0.7544 0.8614 0.7673 0.8565 0.7677
3 16 0 9.2849 -40 1.1179 6.1492 -40 2.8584 8.7973 -40 0.8613 0.7544 0.8565 0.7677 0.849 0.7564
3 16 2.8584 8.7973 -40 1.1179 6.1492 -40 2.225 5.8405 -40 0.849 0.7564 0.8565 0.7677 0.8517 0.7691
3 16 -10.175 -5.6461 -40 -6.0923 1.4575 -40 -10.175 9.2849 -40 0.9051 0.8185 0.8875 0.7879 0.9051 0.7544
3 16 -6.2499 0.0269 -40 -6.0923 1.4575 -40 -10.175 -5.6461 -40 0.8882 0.7941 0.8875 0.7879 0.9051 0.8185
3 16 -6.1492 -1.1158 -40 -6.2499 0.0269 -40 -10.175 -5.6461 -40 0.8878 0.799 0.8882 0.7941 0.9051 0.8185
3 16 2.8584 8.7973 -40 2.225 5.8405 -40 5.437 7.4834 -40 0.849 0.7564 0.8517 0.7691 0.8379 0.762
3 16 2.225 5.8405 -40 2.225 4.2852 -40 5.437 7.4834 -40 0.8517 0.7691 0.8517 0.7758 0.8379 0.762
3 16 2.225 4.2852 -40 2.8284 2.8284 -40 5.437 7.4834 -40 0.8517 0.7758 0.8492 0.782 0.8379 0.762
3 16 -6.1492 -1.1158 -40 -10.175 -5.6461 -40 -7.2964 -5.6461 -40 0.8878 0.799 0.9051 0.8185 0.8927 0.8185
3 16 7.4834 5.437 -40 5.437 7.4834 -40 2.8284 2.8284 -40 0.8291 0.7708 0.8379 0.762 0.8492 0.782
3 16 7.4834 5.437 -40 2.8284 2.8284 -40 4.2852 2.225 -40 0.8291 0.7708 0.8492 0.782 0.8429 0.7846
3 16 5.8405 2.225 -40 7.4834 5.437 -40 4.2852 2.225 -40 0.8362 0.7846 0.8291 0.7708 0.8429 0.7846
3 16 5.8405 2.225 -40 8.7973 2.8584 -40 7.4834 5.437 -40 0.8362 0.7846 0.8235 0.7819 0.8291 0.7708
3 16 5.8405 2.225 -40 6.1492 1.1179 -40 8.7973 2.8584 -40 0.8362 0.7846 0.8349 0.7894 0.8235 0.7819
3 16 -6.1492 -1.1158 -40 -7.2964 -5.6461 -40 -5.8405 -2.2229 -40 0.8878 0.799 0.8927 0.8185 0.8864 0.8038
3 16 -5.8405 -2.2229 -40 -7.2964 -5.6461 -40 -4.2852 -2.2229 -40 0.8864 0.8038 0.8927 0.8185 0.8798 0.8038
3 16 -7.2964 -5.6461 -40 -2.8284 -2.8284 -40 -4.2852 -2.2229 -40 0.8927 0.8185 0.8735 0.8064 0.8798 0.8038
3 16 6.1492 1.1179 -40 9.25 0 -40 8.7973 2.8584 -40 0.8349 0.7894 0.8215 0.7942 0.8235 0.7819
3 16 6.1492 1.1179 -40 6.25 0 -40 9.25 0 -40 0.8349 0.7894 0.8344 0.7942 0.8215 0.7942
3 16 9.25 0 -40 6.25 0 -40 6.0923 -1.4554 -40 0.8215 0.7942 0.8344 0.7942 0.8351 0.8005
3 16 9.25 0 -40 6.0923 -1.4554 -40 8.7973 -2.8584 -40 0.8215 0.7942 0.8351 0.8005 0.8235 0.8065
3 16 -7.2964 -5.6461 -40 -5.437 -7.4834 -40 -2.8284 -2.8284 -40 0.8927 0.8185 0.8847 0.8264 0.8735 0.8064
3 16 -2.8284 -2.8284 -40 -5.437 -7.4834 -40 -2.225 -4.2831 -40 0.8735 0.8064 0.8847 0.8264 0.8709 0.8126
3 16 -2.225 -5.8384 -40 -2.225 -4.2831 -40 -5.437 -7.4834 -40 0.8709 0.8193 0.8709 0.8126 0.8847 0.8264
3 16 -2.225 -5.8384 -40 -5.437 -7.4834 -40 -2.8584 -8.7973 -40 0.8709 0.8193 0.8847 0.8264 0.8736 0.832
3 16 -2.225 -5.8384 -40 -2.8584 -8.7973 -40 -1.1179 -6.1471 -40 0.8709 0.8193 0.8736 0.832 0.8661 0.8206
3 16 8.7973 -2.8584 -40 6.0923 -1.4554 -40 5.5873 -2.8009 -40 0.8235 0.8065 0.8351 0.8005 0.8373 0.8062
3 16 0 -9.25 -40 -1.1179 -6.1471 -40 -2.8584 -8.7973 -40 0.8613 0.834 0.8661 0.8206 0.8736 0.832
3 16 0 -9.25 -40 0.0269 -6.2499 -40 -1.1179 -6.1471 -40 0.8613 0.834 0.8612 0.8211 0.8661 0.8206
3 16 1.3917 -6.0743 -40 0.0269 -6.2499 -40 0 -9.25 -40 0.8553 0.8203 0.8612 0.8211 0.8613 0.834
3 16 1.3917 -6.0743 -40 0 -9.25 -40 2.8584 -8.7973 -40 0.8553 0.8203 0.8613 0.834 0.849 0.832
3 16 2.8009 -5.5873 -40 1.3917 -6.0743 -40 2.8584 -8.7973 -40 0.8493 0.8182 0.8553 0.8203 0.849 0.832
3 16 2.8009 -5.5873 -40 2.8584 -8.7973 -40 5.437 -7.4834 -40 0.8493 0.8182 0.849 0.832 0.8379 0.8264
3 16 2.5337 -2.5337 -40 2.8009 -5.5873 -40 5.5873 -2.8009 -40 0.8504 0.8051 0.8493 0.8182 0.8373 0.8062
3 16 8.7973 -2.8584 -40 5.5873 -2.8009 -40 7.4834 -5.437 -40 0.8235 0.8065 0.8373 0.8062 0.8291 0.8176
3 16 7.4834 -5.437 -40 2.8009 -5.5873 -40 5.437 -7.4834 -40 0.8291 0.8176 0.8493 0.8182 0.8379 0.8264
3 16 7.4834 -5.437 -40 5.5873 -2.8009 -40 2.8009 -5.5873 -40 0.8291 0.8176 0.8373 0.8062 0.8493 0.8182
3 16 -10.175 9.2849 -40 -1.5155 9.2849 -44.5 -16.875 9.2849 -44.5 0.0936 0.3788 0.1138 0.342 0.1129 0.3792
3 16 -10.175 9.2849 -40 -1.5155 9.2849 -40 -1.5155 9.2849 -44.5 0.0936 0.3788 0.0944 0.3416 0.1138 0.342
3 16 0 9.2849 -40 -1.5155 9.2849 -44.5 -1.5155 9.2849 -40 0.0946 0.335 0.1138 0.342 0.0944 0.3416
3 16 -1.5155 9.2849 -53.2212 -1.5155 9.2849 -44.5 0 9.2849 -40 0.1513 0.3429 0.1138 0.342 0.0946 0.335
3 16 -1.5155 9.2849 -53.2212 0 9.2849 -40 0 9.2849 -60 0.1513 0.3429 0.0946 0.335 0.1806 0.337
3 16 -2.8052 9.2849 -60 -1.5155 9.2849 -53.2212 0 9.2849 -60 0.1803 0.3491 0.1513 0.3429 0.1806 0.337
3 16 0 9.2849 -40 2.8584 8.7973 -60 0 9.2849 -60 0.0946 0.335 0.1809 0.3246 0.1806 0.337
3 16 -1.5155 9.2849 -53.2212 -2.8052 9.2849 -60 -16.0541 9.2849 -60 0.1513 0.3429 0.1803 0.3491 0.179 0.4061
3 16 0 9.2849 -40 2.8584 8.7973 -40 2.8584 8.7973 -60 0.0946 0.335 0.0949 0.3226 0.1809 0.3246
3 16 2.8584 8.7973 -40 5.437 7.4834 -60 2.8584 8.7973 -60 0.0949 0.3226 0.1812 0.3121 0.1809 0.3246
3 16 2.8584 8.7973 -40 5.437 7.4834 -40 5.437 7.4834 -60 0.0949 0.3226 0.0952 0.3101 0.1812 0.3121
3 16 5.437 7.4834 -40 7.4834 5.437 -60 5.437 7.4834 -60 0.0952 0.3101 0.1815 0.2997 0.1812 0.3121
3 16 5.437 7.4834 -40 7.4834 5.437 -40 7.4834 5.437 -60 0.0952 0.3101 0.0955 0.2977 0.1815 0.2997
3 16 7.4834 5.437 -40 8.7973 2.8584 -60 7.4834 5.437 -60 0.0955 0.2977 0.1818 0.2872 0.1815 0.2997
3 16 7.4834 5.437 -40 8.7973 2.8584 -40 8.7973 2.8584 -60 0.0955 0.2977 0.0957 0.2852 0.1818 0.2872
3 16 8.7973 2.8584 -40 9.25 0 -60 8.7973 2.8584 -60 0.0957 0.2852 0.182 0.2748 0.1818 0.2872
3 16 8.7973 2.8584 -40 9.25 0 -40 9.25 0 -60 0.0957 0.2852 0.096 0.2728 0.182 0.2748
3 16 9.25 0 -40 8.7973 -2.8584 -60 9.25 0 -60 0.096 0.2728 0.1823 0.2624 0.182 0.2748
3 16 9.25 0 -40 8.7973 -2.8584 -40 8.7973 -2.8584 -60 0.096 0.2728 0.0963 0.2603 0.1823 0.2624
3 16 8.7973 -2.8584 -40 7.4834 -5.437 -60 8.7973 -2.8584 -60 0.0963 0.2603 0.1826 0.2499 0.1823 0.2624
3 16 8.7973 -2.8584 -40 7.4834 -5.437 -40 7.4834 -5.437 -60 0.0963 0.2603 0.0966 0.2479 0.1826 0.2499
3 16 7.4834 -5.437 -40 5.437 -7.4834 -60 7.4834 -5.437 -60 0.0966 0.2479 0.1829 0.2375 0.1826 0.2499
3 16 7.4834 -5.437 -40 5.437 -7.4834 -40 5.437 -7.4834 -60 0.0966 0.2479 0.0969 0.2355 0.1829 0.2375
3 16 5.437 -7.4834 -40 2.8584 -8.7973 -60 5.437 -7.4834 -60 0.0969 0.2355 0.1832 0.225 0.1829 0.2375
3 16 5.437 -7.4834 -40 2.8584 -8.7973 -40 2.8584 -8.7973 -60 0.0969 0.2355 0.0972 0.223 0.1832 0.225
3 16 2.8584 -8.7973 -40 0 -9.25 -60 2.8584 -8.7973 -60 0.0972 0.223 0.1835 0.2126 0.1832 0.225
3 16 2.8584 -8.7973 -40 0 -9.25 -40 0 -9.25 -60 0.0972 0.223 0.0975 0.2106 0.1835 0.2126
3 16 0 -9.25 -40 -2.8584 -8.7973 -60 0 -9.25 -60 0.0975 0.2106 0.1838 0.2001 0.1835 0.2126
3 16 0 -9.25 -40 -2.8584 -8.7973 -40 -2.8584 -8.7973 -60 0.0975 0.2106 0.0978 0.1981 0.1838 0.2001
3 16 -5.437 -7.4834 -60 -2.8584 -8.7973 -60 -2.8584 -8.7973 -40 0.1841 0.1877 0.1838 0.2001 0.0978 0.1981
3 16 -5.437 -7.4834 -60 -2.8584 -8.7973 -40 -5.437 -7.4834 -40 0.1841 0.1877 0.0978 0.1981 0.0981 0.1857
3 16 -5.437 -7.4834 -60 -5.437 -7.4834 -40 -7.2964 -5.6461 -40 0.1841 0.1877 0.0981 0.1857 0.0983 0.1744
3 16 -5.437 -7.4834 -60 -7.2964 -5.6461 -40 -7.5831 -5.297 -60 0.1841 0.1877 0.0983 0.1744 0.1844 0.1745
3 16 -132.25 0 -80 -127.4914 4.625 -79.9591 -132.25 4.625 -80 0.436 0.7623 0.46 0.7777 0.4399 0.7818
3 16 -132.25 0 -80 -127.5285 -4.9486 -79.963 -127.4914 4.625 -79.9591 0.436 0.7623 0.4517 0.7374 0.46 0.7777
3 16 -127.5285 -4.9486 -79.963 -132.25 0 -80 -132.2643 -4.9419 -80 0.4517 0.7374 0.436 0.7623 0.4317 0.7415
3 16 -132.2643 -4.9419 -80 -132.25 0 -80 -133.2883 -3.875 -80 0.4317 0.7415 0.436 0.7623 0.4283 0.7468
3 16 -132.2643 -4.9419 -80 -133.2883 -3.875 -80 -132.5166 -5.437 -79.9256 0.4317 0.7415 0.4283 0.7468 0.4302 0.7396
3 16 -132.5166 -5.437 -79.9256 -133.2883 -3.875 -80 -136.125 -6.7117 -80 0.4302 0.7396 0.4283 0.7468 0.4139 0.7373
3 16 -132.5166 -5.437 -79.9256 -136.125 -6.7117 -80 -134.563 -7.4834 -80 0.4302 0.7396 0.4139 0.7373 0.4198 0.7327
3 16 -134.563 -7.4834 -80 -136.125 -6.7117 -80 -137.1416 -8.7973 -80 0.4198 0.7327 0.4139 0.7373 0.4079 0.7293
3 16 -140 -7.75 -80 -137.1416 -8.7973 -80 -136.125 -6.7117 -80 0.3967 0.7362 0.4079 0.7293 0.4139 0.7373
3 16 -140 -7.75 -80 -140 -9.25 -80 -137.1416 -8.7973 -80 0.3967 0.7362 0.3954 0.7299 0.4079 0.7293
3 16 -142.8584 -8.7973 -80 -140 -9.25 -80 -140 -7.75 -80 0.3837 0.7342 0.3954 0.7299 0.3967 0.7362
3 16 -142.8584 -8.7973 -80 -140 -7.75 -80 -143.875 -6.7117 -80 0.3837 0.7342 0.3967 0.7362 0.3812 0.7439
3 16 -142.8584 -8.7973 -80 -143.875 -6.7117 -80 -145.437 -7.4834 -80 0.3837 0.7342 0.3812 0.7439 0.374 0.7419
3 16 -145.437 -7.4834 -80 -143.875 -6.7117 -80 -146.7117 -3.875 -80 0.374 0.7419 0.3812 0.7439 0.3717 0.7582
3 16 -145.437 -7.4834 -80 -146.7117 -3.875 -80 -147.4834 -5.437 -80 0.374 0.7419 0.3717 0.7582 0.3671 0.7523
3 16 -147.4834 -5.437 -80 -146.7117 -3.875 -80 -148.7973 -2.8584 -80 0.3671 0.7523 0.3717 0.7582 0.3638 0.7643
3 16 -147.75 0 -80 -148.7973 -2.8584 -80 -146.7117 -3.875 -80 0.3706 0.7755 0.3638 0.7643 0.3717 0.7582
3 16 -147.75 0 -80 -149.25 0 -80 -148.7973 -2.8584 -80 0.3706 0.7755 0.3647 0.7767 0.3638 0.7643
3 16 -148.0891 1.25 -80 -149.25 0 -80 -147.75 0 -80 0.3702 0.781 0.3647 0.7767 0.3706 0.7755
3 16 -148.0891 1.25 -80 -149.0548 1.2325 -80 -149.25 0 -80 0.3702 0.781 0.3662 0.7818 0.3647 0.7767
3 16 -148.0891 1.25 -82 -148.7973 2.8584 -82 -149.0548 1.2325 -82 0.1178 0.1053 0.113 0.1112 0.1138 0.1041
3 16 -148.0891 1.25 -82 -145.4127 3.125 -82 -148.7973 2.8584 -82 0.1178 0.1053 0.1268 0.116 0.113 0.1112
3 16 -148.7973 2.8584 -82 -145.4127 3.125 -82 -147.4834 5.437 -82 0.113 0.1112 0.1268 0.116 0.1156 0.1233
3 16 -148.0891 1.25 -82 -146.25 0 -82 -145.4127 3.125 -82 0.1178 0.1053 0.1268 0.1021 0.1268 0.116
3 16 -148.0891 1.25 -82 -147.75 0 -82 -146.25 0 -82 0.1178 0.1053 0.1206 0.1004 0.1268 0.1021
3 16 -146.7117 -3.875 -82 -146.25 0 -82 -147.75 0 -82 0.1292 0.0855 0.1268 0.1021 0.1206 0.1004
3 16 -146.7117 -3.875 -82 -145.4127 -3.125 -82 -146.25 0 -82 0.1292 0.0855 0.1337 0.0901 0.1268 0.1021
3 16 -143.875 -6.7117 -82 -145.4127 -3.125 -82 -146.7117 -3.875 -82 0.1441 0.0769 0.1337 0.0901 0.1292 0.0855
3 16 -143.875 -6.7117 -82 -143.125 -5.4127 -82 -145.4127 -3.125 -82 0.1441 0.0769 0.1458 0.0831 0.1337 0.0901
3 16 -140 -7.75 -82 -143.125 -5.4127 -82 -143.875 -6.7117 -82 0.1614 0.0769 0.1458 0.0831 0.1441 0.0769
3 16 -140 -7.75 -82 -140 -6.25 -82 -143.125 -5.4127 -82 0.1614 0.0769 0.1597 0.0831 0.1458 0.0831
3 16 -136.125 -6.7117 -82 -140 -6.25 -82 -140 -7.75 -82 0.1763 0.0855 0.1597 0.0831 0.1614 0.0769
3 16 -136.125 -6.7117 -82 -136.875 -5.4127 -82 -140 -6.25 -82 0.1763 0.0855 0.1718 0.0901 0.1597 0.0831
3 16 -133.2883 -3.875 -82 -136.875 -5.4127 -82 -136.125 -6.7117 -82 0.185 0.1004 0.1718 0.0901 0.1763 0.0855
3 16 -133.2883 -3.875 -82 -134.5873 -3.125 -82 -136.875 -5.4127 -82 0.185 0.1004 0.1787 0.1021 0.1718 0.0901
3 16 -147.4834 5.437 -82 -145.4127 3.125 -82 -143.125 5.4127 -82 0.1156 0.1233 0.1268 0.116 0.1338 0.1281
3 16 -147.4834 5.437 -82 -143.125 5.4127 -82 -145.437 7.4834 -82 0.1156 0.1233 0.1338 0.1281 0.1218 0.1341
3 16 -145.437 7.4834 -82 -143.125 5.4127 -82 -142.8584 8.7973 -82 0.1218 0.1341 0.1338 0.1281 0.1311 0.1424
3 16 -132.25 0 -82 -134.5873 -3.125 -82 -133.2883 -3.875 -82 0.185 0.1177 0.1787 0.1021 0.185 0.1004
3 16 -132.25 0 -82 -133.75 0 -82 -134.5873 -3.125 -82 0.185 0.1177 0.1787 0.116 0.1787 0.1021
3 16 -142.8584 8.7973 -82 -143.125 5.4127 -82 -140 6.25 -82 0.1311 0.1424 0.1338 0.1281 0.1458 0.135
3 16 -142.8584 8.7973 -82 -140 6.25 -82 -140 9.25 -82 0.1311 0.1424 0.1458 0.135 0.1425 0.1475
3 16 -140 6.25 -82 -137.1416 8.7973 -82 -140 9.25 -82 0.1458 0.135 0.1548 0.1488 0.1425 0.1475
3 16 -132.25 0 -82 -134.5873 3.125 -82 -133.75 0 -82 0.185 0.1177 0.1718 0.1281 0.1787 0.116
3 16 -140 6.25 -82 -136.875 5.4127 -82 -137.1416 8.7973 -82 0.1458 0.135 0.1597 0.135 0.1548 0.1488
3 16 -137.1416 8.7973 -82 -136.875 5.4127 -82 -134.563 7.4834 -81.9988 0.1548 0.1488 0.1597 0.135 0.1669 0.146
3 16 -132.25 0 -82 -132.25 4.625 -82 -134.5873 3.125 -82 0.185 0.1177 0.1798 0.1369 0.1718 0.1281
3 16 -132.9057 5.2058 -81.9998 -134.563 7.4834 -81.9988 -136.875 5.4127 -82 0.1764 0.1386 0.1669 0.146 0.1597 0.135
3 16 -132.9057 5.2058 -81.9998 -136.875 5.4127 -82 -134.5873 3.125 -82 0.1764 0.1386 0.1597 0.135 0.1718 0.1281
3 16 -132.9057 5.2058 -81.9998 -134.5873 3.125 -82 -132.25 4.625 -82 0.1764 0.1386 0.1718 0.1281 0.1798 0.1369
3 16 -132.9057 5.2058 -81.9998 -132.5166 5.437 -81.9998 -134.563 7.4834 -81.9988 0.1764 0.1386 0.1777 0.1399 0.1669 0.146
3 16 -132.5166 5.437 -81.9998 -132.9057 5.2058 -81.9998 -132.25 4.625 -82 0.1777 0.1399 0.1764 0.1386 0.1798 0.1369
3 16 -132.5166 5.437 -81.9998 -132.25 4.625 -82 -131.9893 4.625 -82 0.1777 0.1399 0.1798 0.1369 0.1809 0.1372
3 16 -128.8664 -1.625 -87.5 -130.75 0 -87.5 -131.0074 -1.625 -87.5 0.0185 0.851 0.0104 0.858 0.0093 0.851
3 16 -128.8664 -1.625 -87.5 -128.8664 4.625 -87.5 -130.75 0 -87.5 0.0185 0.851 0.0185 0.8779 0.0104 0.858
3 16 -130.75 0 -87.5 -128.8664 4.625 -87.5 -131.2027 2.8584 -87.5 0.0104 0.858 0.0185 0.8779 0.0084 0.8703
3 16 -128.8664 4.625 -87.5 -132.024 4.625 -87.5 -131.2027 2.8584 -87.5 0.0185 0.8779 0.0049 0.8779 0.0084 0.8703
3 16 -127.4022 -1.625 -87.4147 -128.8664 4.625 -87.5 -128.8664 -1.625 -87.5 0.0248 0.851 0.0185 0.8779 0.0185 0.851
3 16 -127.4022 -1.625 -87.4147 -127.4022 4.625 -87.4147 -128.8664 4.625 -87.5 0.0248 0.851 0.0248 0.8779 0.0185 0.8779
3 16 -125.9556 -1.625 -87.1941 -127.4022 4.625 -87.4147 -127.4022 -1.625 -87.4147 0.0311 0.851 0.0248 0.8779 0.0248 0.851
3 16 -125.9556 -1.625 -87.1941 -125.9556 4.625 -87.1941 -127.4022 4.625 -87.4147 0.0311 0.851 0.0311 0.8779 0.0248 0.8779
3 16 -55.5273 -1.625 -72.2214 -125.9556 4.625 -87.1941 -125.9556 -1.625 -87.1941 0.3405 0.8555 0.0311 0.8779 0.0311 0.851
3 16 -55.5273 -1.625 -72.2214 -52.9128 4.625 -71.6683 -125.9556 4.625 -87.1941 0.3405 0.8555 0.3523 0.8779 0.0311 0.8779
3 16 -55.5273 -1.625 -72.2214 -53.1529 -1.625 -71.7165 -52.9128 4.625 -71.6683 0.3405 0.8555 0.351 0.8562 0.3523 0.8779
3 16 -50.7487 -1.625 -71.2084 -52.9128 4.625 -71.6683 -53.1529 -1.625 -71.7165 0.3621 0.8559 0.3523 0.8779 0.351 0.8562
3 16 -50.7487 -1.625 -71.2084 -46.7474 4.625 -70.3578 -52.9128 4.625 -71.6683 0.3621 0.8559 0.3794 0.8779 0.3523 0.8779
3 16 -27.8388 -1.625 -66.3387 -46.7474 4.625 -70.3578 -50.7487 -1.625 -71.2084 0.4625 0.8511 0.3794 0.8779 0.3621 0.8559
3 16 -27.8388 -1.625 -66.3387 -27.8388 4.625 -66.3387 -46.7474 4.625 -70.3578 0.4625 0.8511 0.4625 0.8779 0.3794 0.8779
3 16 -21.012 -1.625 -64.8876 -27.8388 4.625 -66.3387 -27.8388 -1.625 -66.3387 0.4926 0.8511 0.4625 0.8779 0.4625 0.8511
3 16 -21.012 -1.625 -64.8876 -21.012 4.625 -64.8876 -27.8388 4.625 -66.3387 0.4926 0.8511 0.4925 0.8779 0.4625 0.8779
3 16 -15.762 -1.625 -63.7717 -21.012 4.625 -64.8876 -21.012 -1.625 -64.8876 0.5156 0.8511 0.4925 0.8779 0.4926 0.8511
3 16 -15.762 -1.625 -63.7717 -15.762 4.625 -63.7717 -21.012 4.625 -64.8876 0.5156 0.8511 0.5156 0.8779 0.4925 0.8779
3 16 -14.6854 4.625 -60 -15.0553 -1.625 -61.6827 -14.6464 -1.625 -59.7008 0.374 0.2511 0.3666 0.2242 0.3753 0.2242
3 16 -14.6854 4.625 -60 -15.0553 4.625 -61.6827 -15.0553 -1.625 -61.6827 0.374 0.2511 0.3665 0.2511 0.3666 0.2242
3 16 -15.762 -1.625 -63.7717 -15.0553 -1.625 -61.6827 -15.0553 4.625 -61.6827 0.3571 0.2242 0.3666 0.2242 0.3665 0.2511
3 16 -15.762 -1.625 -63.7717 -15.0553 4.625 -61.6827 -15.762 4.625 -63.7717 0.3571 0.2242 0.3665 0.2511 0.3571 0.2511
3 16 -20.8945 9.2849 -57.3695 -19.3731 -1.625 -46.5444 -20.8945 -1.625 -57.3695 0.3909 0.1332 0.4378 0.0864 0.4376 0.1334
3 16 -20.8945 9.2849 -57.3695 -19.3731 9.2849 -46.5444 -19.3731 -1.625 -46.5444 0.3909 0.1332 0.3911 0.0862 0.4378 0.0864
3 16 -18.5525 9.2849 -44.9987 -19.3731 -1.625 -46.5444 -19.3731 9.2849 -46.5444 0.3911 0.0786 0.4378 0.0864 0.3911 0.0862
3 16 -18.5525 9.2849 -44.9987 -18.5525 -1.625 -44.9987 -19.3731 -1.625 -46.5444 0.3911 0.0786 0.4378 0.0786 0.4378 0.0864
3 16 -16.875 9.2849 -44.5 -18.5525 -1.625 -44.9987 -18.5525 9.2849 -44.9987 0.3911 0.071 0.4378 0.0786 0.3911 0.0786
3 16 -16.875 9.2849 -44.5 -16.875 -1.625 -44.5 -18.5525 -1.625 -44.9987 0.3911 0.071 0.4378 0.0708 0.4378 0.0786
3 16 -16.875 -1.625 -44.5 -16.875 9.2849 -44.5 -9.25 0 -44.5 0.4378 0.0708 0.3911 0.071 0.4307 0.0381
3 16 -16.875 -1.625 -44.5 -9.25 0 -44.5 -9.2798 -1.625 -44.5 0.4378 0.0708 0.4307 0.0381 0.4377 0.0382
3 16 -9.25 0 -44.5 -16.875 9.2849 -44.5 -8.7973 2.8584 -44.5 0.4307 0.0381 0.3911 0.071 0.4184 0.0361
3 16 -8.7973 2.8584 -44.5 -16.875 9.2849 -44.5 -7.4834 5.437 -44.5 0.4184 0.0361 0.3911 0.071 0.4073 0.0305
3 16 -7.4834 5.437 -44.5 -16.875 9.2849 -44.5 -5.6708 7.2496 -44.5 0.4073 0.0305 0.3911 0.071 0.3995 0.0227
3 16 -16.875 9.2849 -44.5 -3.9573 8.7513 -44.5 -5.6708 7.2496 -44.5 0.3911 0.071 0.393 0.0154 0.3995 0.0227
3 16 -3.9573 8.7513 -44.5 -16.875 9.2849 -44.5 -1.5155 9.2849 -44.5 0.393 0.0154 0.3911 0.071 0.3909 0.0049
3 16 -16.875 -1.625 -40 -16.875 9.2849 -40 -18.5544 9.2849 -39.3044 0.9948 0.7013 0.9948 0.748 0.9868 0.748
3 16 -16.875 -1.625 -40 -18.5544 9.2849 -39.3044 -18.5544 -1.625 -39.3044 0.9948 0.7013 0.9868 0.748 0.9868 0.7013
3 16 -19.25 9.2849 -37.625 -18.5544 -1.625 -39.3044 -18.5544 9.2849 -39.3044 0.9788 0.748 0.9868 0.7013 0.9868 0.748
3 16 -19.25 9.2849 -37.625 -19.25 -1.625 -36.8 -18.5544 -1.625 -39.3044 0.9788 0.748 0.9753 0.7013 0.9868 0.7013
3 16 -19.25 -1.625 -31.5 -19.25 -1.625 -36.8 -19.25 9.2849 -37.625 0.9525 0.7013 0.9753 0.7013 0.9788 0.748
3 16 -19.25 9.2849 -22.375 -19.25 -1.625 -31.5 -19.25 9.2849 -37.625 0.9132 0.7481 0.9525 0.7013 0.9788 0.748
3 16 -19.25 9.2849 -22.375 -19.25 -1.625 -28.5 -19.25 -1.625 -31.5 0.9132 0.7481 0.9396 0.7013 0.9525 0.7013
3 16 -19.25 9.2849 -22.375 -19.25 -1.625 -23.2 -19.25 -1.625 -28.5 0.9132 0.7481 0.9168 0.7013 0.9396 0.7013
3 16 -18.5544 -1.625 -20.6956 -19.25 -1.625 -23.2 -19.25 9.2849 -22.375 0.9053 0.7013 0.9168 0.7013 0.9132 0.7481
3 16 -18.5544 -1.625 -20.6956 -19.25 9.2849 -22.375 -18.5544 9.2849 -20.6956 0.9053 0.7013 0.9132 0.7481 0.9053 0.7481
3 16 -18.5544 9.2849 -20.6956 -16.875 -1.625 -20 -18.5544 -1.625 -20.6956 0.9053 0.7481 0.8973 0.7013 0.9053 0.7013
3 16 -18.5544 9.2849 -20.6956 -16.875 9.2849 -20 -16.875 -1.625 -20 0.9053 0.7481 0.8973 0.7481 0.8973 0.7013
3 16 -14.988 -1.625 -20.5771 -16.875 -1.625 -20 -16.875 9.2849 -20 0.8886 0.7013 0.8973 0.7013 0.8973 0.7481
3 16 -14.988 -1.625 -20.5771 -16.875 9.2849 -20 -14.988 9.2849 -20.5771 0.8886 0.7013 0.8973 0.7481 0.8886 0.7481
3 16 -14.988 -1.625 -20.5771 -14.988 9.2849 -20.5771 -14.175 9.2849 -22.375 0.8886 0.7013 0.8886 0.7481 0.8799 0.7481
3 16 -14.988 -1.625 -20.5771 -14.175 9.2849 -22.375 -14.175 -1.625 -23.2 0.8886 0.7013 0.8799 0.7481 0.8764 0.7013
3 16 -14.175 9.2849 -22.375 -14.175 -1.625 -28.5 -14.175 -1.625 -23.2 0.8799 0.7481 0.8536 0.7013 0.8764 0.7013
3 16 -14.175 9.2849 -22.375 -14.175 -1.625 -31.5 -14.175 -1.625 -28.5 0.8799 0.7481 0.8407 0.7013 0.8536 0.7013
3 16 -14.175 9.2849 -22.375 -14.175 9.2849 -37.625 -14.175 -1.625 -31.5 0.8799 0.7481 0.8143 0.7481 0.8407 0.7013
3 16 -14.175 -1.625 -31.5 -14.175 9.2849 -37.625 -14.175 -1.625 -36.8 0.8407 0.7013 0.8143 0.7481 0.8179 0.7013
3 16 -14.988 -1.625 -39.423 -14.175 -1.625 -36.8 -14.175 9.2849 -37.625 0.8056 0.7013 0.8179 0.7013 0.8143 0.7481
3 16 -14.988 -1.625 -39.423 -14.175 9.2849 -37.625 -14.988 9.2849 -39.423 0.8056 0.7013 0.8143 0.7481 0.8056 0.7481
3 16 -16.875 9.2849 -40 -14.988 -1.625 -39.423 -14.988 9.2849 -39.423 0.797 0.7481 0.8056 0.7013 0.8056 0.7481
3 16 -16.875 9.2849 -40 -16.875 -1.625 -40 -14.988 -1.625 -39.423 0.797 0.7481 0.797 0.7013 0.8056 0.7013
3 16 -132.25 4.625 -80 -131.9893 4.625 -82 -132.25 4.625 -82 0.4493 0.5306 0.4579 0.5294 0.4579 0.5306
3 16 -127.4914 4.625 -79.9591 -131.9893 4.625 -82 -132.25 4.625 -80 0.4491 0.5101 0.4579 0.5294 0.4493 0.5306
3 16 -128.9189 4.625 -83.25 -131.9893 4.625 -82 -127.4914 4.625 -79.9591 0.4633 0.5162 0.4579 0.5294 0.4491 0.5101
3 16 -128.9189 4.625 -83.25 -131.9893 4.625 -83.25 -131.9893 4.625 -82 0.4633 0.5162 0.4633 0.5294 0.4579 0.5294
3 16 -127.4914 4.625 -79.9591 -127.7889 4.625 -83.1814 -128.9189 4.625 -83.25 0.4491 0.5101 0.463 0.5114 0.4633 0.5162
3 16 -126.7878 4.625 -83.026 -127.7889 4.625 -83.1814 -127.4914 4.625 -79.9591 0.4623 0.5071 0.463 0.5114 0.4491 0.5101
3 16 -56.1662 8.2614 -64.8375 -126.7878 4.625 -83.026 -127.4914 4.625 -79.9591 0.384 0.2028 0.4623 0.5071 0.4491 0.5101
3 16 -56.1662 8.2614 -64.8375 -55.5213 8.262 -67.8778 -126.7878 4.625 -83.026 0.384 0.2028 0.3971 0.2001 0.4623 0.5071
3 16 -56.1662 8.2614 -64.8375 -47.347 8.6588 -66.1404 -55.5213 8.262 -67.8778 0.384 0.2028 0.3896 0.1649 0.3971 0.2001
3 16 -56.1662 8.2614 -64.8375 -47.9908 8.6587 -63.0998 -47.347 8.6588 -66.1404 0.384 0.2028 0.3765 0.1676 0.3896 0.1649
3 16 -32.6837 9.125 -59.8462 -47.347 8.6588 -66.1404 -47.9908 8.6587 -63.0998 0.3625 0.1018 0.3896 0.1649 0.3765 0.1676
3 16 -32.6837 9.125 -59.8462 -28.395 9.125 -62.112 -47.347 8.6588 -66.1404 0.3625 0.1018 0.3723 0.0833 0.3896 0.1649
3 16 -28.395 9.125 -62.112 -32.6837 9.125 -59.8462 -29.7688 9.125 -58.7393 0.3723 0.0833 0.3625 0.1018 0.3578 0.0892
3 16 -28.395 9.125 -62.112 -29.7688 9.125 -58.7393 -23.604 9.2849 -61.0936 0.3723 0.0833 0.3578 0.0892 0.3679 0.0627
3 16 -29.7688 9.125 -58.7393 -27.4339 9.125 -56.899 -23.604 9.2849 -61.0936 0.3578 0.0892 0.3499 0.0792 0.3679 0.0627
3 16 -20.8945 9.2849 -57.3695 -23.604 9.2849 -61.0936 -27.4339 9.125 -56.899 0.3519 0.051 0.3679 0.0627 0.3499 0.0792
3 16 -20.8945 9.2849 -57.3695 -27.4339 9.125 -56.899 -25.7403 9.125 -54.4315 0.3519 0.051 0.3499 0.0792 0.3392 0.0719
3 16 -24.8601 9.125 -51.4564 -20.8945 9.2849 -57.3695 -25.7403 9.125 -54.4315 0.3263 0.0681 0.3519 0.051 0.3392 0.0719
3 16 -19.3731 9.2849 -46.5444 -20.8945 9.2849 -57.3695 -24.8601 9.125 -51.4564 0.3053 0.0445 0.3519 0.051 0.3263 0.0681
3 16 -19.3731 9.2849 -46.5444 -24.8601 9.125 -51.4564 -23.25 9.2849 -40 0.3053 0.0445 0.3263 0.0681 0.2772 0.0612
3 16 -23.25 9.2849 -40 -18.5525 9.2849 -44.9987 -19.3731 9.2849 -46.5444 0.2772 0.0612 0.2987 0.041 0.3053 0.0445
3 16 -23.25 9.2849 -40 -18.5544 9.2849 -39.3044 -18.5525 9.2849 -44.9987 0.2772 0.0612 0.2742 0.041 0.2987 0.041
3 16 -23.25 9.2849 -40 -19.25 9.2849 -37.625 -18.5544 9.2849 -39.3044 0.2772 0.0612 0.267 0.0439 0.2742 0.041
3 16 -19.25 9.2849 -22.375 -19.25 9.2849 -37.625 -23.25 9.2849 -40 0.2014 0.0439 0.267 0.0439 0.2772 0.0612
3 16 -18.5525 9.2849 -44.9987 -18.5544 9.2849 -39.3044 -16.875 9.2849 -40 0.2987 0.041 0.2742 0.041 0.2772 0.0337
3 16 -18.5525 9.2849 -44.9987 -16.875 9.2849 -40 -16.875 9.2849 -44.5 0.2987 0.041 0.2772 0.0337 0.2965 0.0337
3 16 -19.25 9.2849 -22.375 -23.25 9.2849 -40 -23.25 9.2849 -20 0.2014 0.0439 0.2772 0.0612 0.1912 0.0611
3 16 -16.875 9.2849 -40 -10.175 9.2849 -40 -16.875 9.2849 -44.5 0.2772 0.0337 0.2772 0.0049 0.2965 0.0337
3 16 -14.988 9.2849 -39.423 -10.175 9.2849 -40 -16.875 9.2849 -40 0.2747 0.0256 0.2772 0.0049 0.2772 0.0337
3 16 -14.988 9.2849 -39.423 -14.175 9.2849 -37.625 -10.175 9.2849 -40 0.2747 0.0256 0.267 0.0221 0.2772 0.0049
3 16 -14.175 9.2849 -37.625 -10.175 9.2849 -20 -10.175 9.2849 -40 0.267 0.0221 0.1912 0.0049 0.2772 0.0049
3 16 -14.175 9.2849 -37.625 -14.175 9.2849 -22.375 -10.175 9.2849 -20 0.267 0.0221 0.2014 0.0221 0.1912 0.0049
3 16 -14.175 9.2849 -22.375 -14.988 9.2849 -20.5771 -10.175 9.2849 -20 0.2014 0.0221 0.1936 0.0256 0.1912 0.0049
3 16 -10.175 9.2849 -20 -14.988 9.2849 -20.5771 -16.875 9.2849 -20 0.1912 0.0049 0.1936 0.0256 0.1912 0.0337
3 16 -10.175 9.2849 -20 -16.875 9.2849 -20 -16.875 9.2849 -15.5 0.1912 0.0049 0.1912 0.0337 0.1718 0.0337
3 16 -16.875 9.2849 -20 -18.5525 9.2849 -15.0014 -16.875 9.2849 -15.5 0.1912 0.0337 0.1697 0.0409 0.1718 0.0337
3 16 -16.875 9.2849 -20 -18.5544 9.2849 -20.6956 -18.5525 9.2849 -15.0014 0.1912 0.0337 0.1941 0.0409 0.1697 0.0409
3 16 -19.25 9.2849 -22.375 -23.25 9.2849 -20 -18.5544 9.2849 -20.6956 0.2014 0.0439 0.1912 0.0611 0.1941 0.0409
3 16 -23.25 9.2849 -20 -18.5525 9.2849 -15.0014 -18.5544 9.2849 -20.6956 0.1912 0.0611 0.1697 0.0409 0.1941 0.0409
3 16 -23.25 9.2849 -20 -19.3731 9.2849 -13.4556 -18.5525 9.2849 -15.0014 0.1912 0.0611 0.163 0.0445 0.1697 0.0409
3 16 -19.3731 9.2849 -13.4556 -23.25 9.2849 -20 -24.8601 9.125 -8.5436 0.163 0.0445 0.1912 0.0611 0.1421 0.068
3 16 -19.3731 9.2849 -13.4556 -24.8601 9.125 -8.5436 -20.8945 9.2849 -2.6305 0.163 0.0445 0.1421 0.068 0.1164 0.051
3 16 -20.8945 9.2849 -2.6305 -24.8601 9.125 -8.5436 -25.7403 9.125 -5.5686 0.1164 0.051 0.1421 0.068 0.1291 0.0718
3 16 -27.4339 9.125 -3.1011 -20.8945 9.2849 -2.6305 -25.7403 9.125 -5.5686 0.1185 0.0791 0.1164 0.051 0.1291 0.0718
3 16 -27.4339 9.125 -3.1011 -23.604 9.2849 1.0936 -20.8945 9.2849 -2.6305 0.1185 0.0791 0.1004 0.0626 0.1164 0.051
3 16 -27.4339 9.125 -3.1011 -29.7688 9.125 -1.2607 -23.604 9.2849 1.0936 0.1185 0.0791 0.1105 0.0892 0.1004 0.0626
3 16 -29.7688 9.125 -1.2607 -28.395 9.125 2.112 -23.604 9.2849 1.0936 0.1105 0.0892 0.096 0.0833 0.1004 0.0626
3 16 -29.7688 9.125 -1.2607 -32.6837 9.125 -0.1538 -28.395 9.125 2.112 0.1105 0.0892 0.1058 0.1017 0.096 0.0833
3 16 -47.347 8.6588 6.1404 -28.395 9.125 2.112 -32.6837 9.125 -0.1538 0.0787 0.1648 0.096 0.0833 0.1058 0.1017
3 16 -47.347 8.6588 6.1404 -32.6837 9.125 -0.1538 -47.9908 8.6587 3.0998 0.0787 0.1648 0.1058 0.1017 0.0918 0.1676
3 16 -55.5213 8.262 7.8778 -47.347 8.6588 6.1404 -47.9908 8.6587 3.0998 0.0712 0.2 0.0787 0.1648 0.0918 0.1676
3 16 -55.5213 8.262 7.8778 -47.9908 8.6587 3.0998 -56.1662 8.2614 4.8375 0.0712 0.2 0.0918 0.1676 0.0843 0.2028
3 16 -77.5914 6.875 12.569 -55.5213 8.262 7.8778 -56.1662 8.2614 4.8375 0.051 0.2949 0.0712 0.2 0.0843 0.2028
3 16 -77.5914 6.875 12.569 -56.1662 8.2614 4.8375 -80.0875 6.875 9.9231 0.051 0.2949 0.0843 0.2028 0.0623 0.3058
3 16 -80.0875 6.875 9.9231 -126.7878 4.625 23.026 -77.5914 6.875 12.569 0.0623 0.3058 0.0059 0.507 0.051 0.2949
3 16 -80.0875 6.875 9.9231 -127.4914 4.625 20 -126.7878 4.625 23.026 0.0623 0.3058 0.0189 0.51 0.0059 0.507
3 16 -127.7889 4.625 23.1814 -126.7878 4.625 23.026 -127.4914 4.625 20 0.0052 0.5113 0.0059 0.507 0.0189 0.51
3 16 -127.7889 4.625 23.1814 -127.4914 4.625 20 -128.9189 4.625 23.25 0.0052 0.5113 0.0189 0.51 0.0049 0.5162
3 16 -131.9893 4.625 22 -128.9189 4.625 23.25 -127.4914 4.625 20 0.0103 0.5294 0.0049 0.5162 0.0189 0.51
3 16 -131.9893 4.625 22 -131.9893 4.625 23.25 -128.9189 4.625 23.25 0.0103 0.5294 0.0049 0.5294 0.0049 0.5162
3 16 -131.9893 4.625 22 -127.4914 4.625 20 -132.25 4.625 20 0.0103 0.5294 0.0189 0.51 0.0189 0.5305
3 16 -131.9893 4.625 22 -132.25 4.625 20 -132.25 4.625 22 0.0103 0.5294 0.0189 0.5305 0.0103 0.5305
3 16 -149.0548 1.2325 -80 -148.0891 1.25 -82 -149.0548 1.2325 -82 0.0534 0.0091 0.062 0.0049 0.062 0.0091
3 16 -149.0548 1.2325 -80 -148.0891 1.25 -80 -148.0891 1.25 -82 0.0534 0.0091 0.0534 0.0049 0.062 0.0049
3 16 -10.175 9.2849 -40 -10.175 -5.6461 -20 -10.175 -5.6461 -40 0.3573 0.7899 0.2713 0.7259 0.3573 0.7259
3 16 -10.175 9.2849 -40 -10.175 9.2849 -20 -10.175 -5.6461 -20 0.3573 0.7899 0.2713 0.7899 0.2713 0.7259
3 16 -7.5831 -5.297 -60 -7.2964 -5.6461 -40 -10.175 -5.6461 -40 0.9149 0.6539 0.8289 0.6539 0.829 0.6416
3 16 -10.5018 -5.6461 -40 -7.5831 -5.297 -60 -10.175 -5.6461 -40 0.8291 0.6402 0.9149 0.6539 0.829 0.6416
3 16 -10.5018 -5.6461 -40 -24.8601 -5.4461 -51.4564 -7.5831 -5.297 -60 0.8291 0.6402 0.8792 0.5791 0.9149 0.6539
3 16 -10.5018 -5.6461 -40 -23.25 -5.6461 -40 -24.8601 -5.4461 -51.4564 0.8291 0.6402 0.8299 0.5853 0.8792 0.5791
3 16 -24.8601 -5.4461 -51.4564 -20.122 -5.297 -60 -7.5831 -5.297 -60 0.8792 0.5791 0.9157 0.6 0.9149 0.6539
3 16 -24.8601 -5.4461 -51.4564 -25.7852 -5.394 -54.4468 -20.122 -5.297 -60 0.8792 0.5791 0.8922 0.5753 0.9157 0.6
3 16 -20.122 -5.297 -60 -25.7852 -5.394 -54.4468 -27.4306 -5.352 -56.8485 0.9157 0.6 0.8922 0.5753 0.9026 0.5684
3 16 -23.25 -11.3398 -40 -23.25 -11.3398 -20 -23.25 -5.6461 -20 0.8667 0.4875 0.8667 0.5735 0.8422 0.5735
3 16 -23.25 -11.3398 -40 -23.25 -5.6461 -20 -23.25 -5.6461 -40 0.8667 0.4875 0.8422 0.5735 0.8422 0.4875
3 16 -23.25 -5.6461 -20 -23.25 9.2849 -40 -23.25 -5.6461 -40 0.8422 0.5735 0.7782 0.4874 0.8422 0.4875
3 16 -23.25 -5.6461 -20 -23.25 9.2849 -20 -23.25 9.2849 -40 0.8422 0.5735 0.7781 0.5735 0.7782 0.4874
3 16 -1.1179 -6.1471 -40 -2.225 -5.8384 -60 -2.225 -5.8384 -40 0.0164 0.8287 0.1024 0.8337 0.0164 0.8337
3 16 -1.1179 -6.1471 -40 -1.1179 -6.1471 -60 -2.225 -5.8384 -60 0.0164 0.8287 0.1024 0.8287 0.1024 0.8337
3 16 0.0269 -6.2499 -40 -1.1179 -6.1471 -60 -1.1179 -6.1471 -40 0.0164 0.8238 0.1024 0.8287 0.0164 0.8287
3 16 0.0269 -6.2499 -40 0 -6.25 -60 -1.1179 -6.1471 -60 0.0164 0.8238 0.1024 0.8239 0.1024 0.8287
3 16 1.3917 -6.0743 -40 0 -6.25 -60 0.0269 -6.2499 -40 0.0164 0.8179 0.1024 0.8239 0.0164 0.8238
3 16 1.3917 -6.0743 -40 1.3917 -6.0743 -60 0 -6.25 -60 0.0164 0.8179 0.1024 0.8179 0.1024 0.8239
3 16 1.3917 -6.0743 -60 1.3917 -6.0743 -40 2.8009 -5.5873 -40 0.1024 0.8179 0.0164 0.8179 0.0164 0.8115
3 16 1.3917 -6.0743 -60 2.8009 -5.5873 -40 2.8009 -5.5873 -60 0.1024 0.8179 0.0164 0.8115 0.1024 0.8114
3 16 -6.1492 -1.1158 -40 -5.8405 -2.2229 -40 -5.8405 -2.2229 -60 0.5284 0.7419 0.5284 0.737 0.6144 0.737
3 16 -6.1492 -1.1158 -40 -5.8405 -2.2229 -60 -6.1492 -1.1158 -60 0.5284 0.7419 0.6144 0.737 0.6144 0.7419
3 16 -6.1492 -1.1158 -40 -6.1492 -1.1158 -60 -6.25 0 -60 0.5284 0.7419 0.6144 0.7419 0.6144 0.7468
3 16 -6.1492 -1.1158 -40 -6.25 0 -60 -6.2499 0.0269 -40 0.5284 0.7419 0.6144 0.7468 0.5284 0.7469
3 16 -6.2499 0.0269 -40 -6.25 0 -60 -6.0923 1.4575 -60 0.5284 0.7469 0.6144 0.7468 0.6144 0.7531
3 16 -6.2499 0.0269 -40 -6.0923 1.4575 -60 -6.0923 1.4575 -40 0.5284 0.7469 0.6144 0.7531 0.5284 0.7531
3 16 -6.0923 1.4575 -40 -6.0923 1.4575 -60 -5.5873 2.803 -60 0.5284 0.7531 0.6144 0.7531 0.6144 0.7592
3 16 -6.0923 1.4575 -40 -5.5873 2.803 -60 -5.5873 2.803 -40 0.5284 0.7531 0.6144 0.7592 0.5284 0.7592
3 16 2.8009 -5.5873 -40 2.5337 -2.5337 -60 2.8009 -5.5873 -60 0.0181 0.4071 0.0049 0.3211 0.0181 0.3211
3 16 2.8009 -5.5873 -40 2.5337 -2.5337 -40 2.5337 -2.5337 -60 0.0181 0.4071 0.0049 0.4071 0.0049 0.3211
3 16 -2.8009 5.5894 -60 -2.5337 2.5337 -40 -2.5337 2.5337 -60 0.8284 0.9814 0.7424 0.9682 0.8284 0.9682
3 16 -2.8009 5.5894 -60 -2.8009 5.5894 -40 -2.5337 2.5337 -40 0.8284 0.9814 0.7424 0.9814 0.7424 0.9682
3 16 -5.5873 2.803 -60 -2.5337 2.5337 -40 -5.5873 2.803 -40 0.995 0.9697 0.9089 0.9829 0.9089 0.9697
3 16 -5.5873 2.803 -60 -2.5337 2.5337 -60 -2.5337 2.5337 -40 0.995 0.9697 0.995 0.9829 0.9089 0.9829
3 16 6.0923 -1.4554 -40 5.5873 -2.8009 -60 5.5873 -2.8009 -40 0.3132 0.9054 0.307 0.9914 0.307 0.9054
3 16 6.0923 -1.4554 -40 6.0923 -1.4554 -60 5.5873 -2.8009 -60 0.3132 0.9054 0.3132 0.9914 0.307 0.9914
3 16 6.25 0 -40 6.0923 -1.4554 -60 6.0923 -1.4554 -40 0.3195 0.9054 0.3132 0.9914 0.3132 0.9054
3 16 6.25 0 -40 6.25 0 -60 6.0923 -1.4554 -60 0.3195 0.9054 0.3195 0.9914 0.3132 0.9914
3 16 6.1492 1.1179 -40 6.25 0 -60 6.25 0 -40 0.3243 0.9054 0.3195 0.9914 0.3195 0.9054
3 16 6.1492 1.1179 -40 6.1492 1.1179 -60 6.25 0 -60 0.3243 0.9054 0.3243 0.9914 0.3195 0.9914
3 16 6.1492 1.1179 -60 6.1492 1.1179 -40 5.8405 2.225 -40 0.3243 0.9914 0.3243 0.9054 0.3292 0.9054
3 16 6.1492 1.1179 -60 5.8405 2.225 -40 5.8405 2.225 -60 0.3243 0.9914 0.3292 0.9054 0.3292 0.9914
3 16 2.5337 -2.5337 -60 5.5873 -2.8009 -40 5.5873 -2.8009 -60 0.6083 0.8682 0.5223 0.855 0.6083 0.855
3 16 2.5337 -2.5337 -60 2.5337 -2.5337 -40 5.5873 -2.8009 -40 0.6083 0.8682 0.5223 0.8682 0.5223 0.855
3 16 -1.3917 6.0764 -60 -2.8009 5.5894 -40 -2.8009 5.5894 -60 0.2941 0.9916 0.3005 0.9056 0.3005 0.9916
3 16 -1.3917 6.0764 -60 -1.3917 6.0764 -40 -2.8009 5.5894 -40 0.2941 0.9916 0.2941 0.9056 0.3005 0.9056
3 16 -1.3917 6.0764 -40 -1.3917 6.0764 -60 0 6.25 -60 0.2941 0.9056 0.2941 0.9916 0.288 0.9916
3 16 -1.3917 6.0764 -40 0 6.25 -60 -0.0269 6.2499 -40 0.2941 0.9056 0.288 0.9916 0.2882 0.9056
3 16 -0.0269 6.2499 -40 0 6.25 -60 1.1179 6.1492 -60 0.2882 0.9056 0.288 0.9916 0.2832 0.9916
3 16 -0.0269 6.2499 -40 1.1179 6.1492 -60 1.1179 6.1492 -40 0.2882 0.9056 0.2832 0.9916 0.2832 0.9056
3 16 1.1179 6.1492 -60 2.225 5.8405 -40 1.1179 6.1492 -40 0.2832 0.9916 0.2783 0.9056 0.2832 0.9056
3 16 1.1179 6.1492 -60 2.225 5.8405 -60 2.225 5.8405 -40 0.2832 0.9916 0.2783 0.9916 0.2783 0.9056
3 16 2.225 4.2852 -60 2.225 5.8405 -40 2.225 5.8405 -60 0.4308 0.2258 0.4375 0.1398 0.4375 0.2258
3 16 2.225 4.2852 -60 2.225 4.2852 -40 2.225 5.8405 -40 0.4308 0.2258 0.4308 0.1398 0.4375 0.1398
3 16 2.8284 2.8284 -40 2.225 4.2852 -40 2.225 4.2852 -60 0.4239 0.1398 0.4308 0.1398 0.4308 0.2258
3 16 2.8284 2.8284 -40 2.225 4.2852 -60 2.8284 2.8284 -60 0.4239 0.1398 0.4308 0.2258 0.4239 0.2258
3 16 2.8284 2.8284 -40 2.8284 2.8284 -60 4.2852 2.225 -60 0.4239 0.1398 0.4239 0.2258 0.417 0.2258
3 16 2.8284 2.8284 -40 4.2852 2.225 -60 4.2852 2.225 -40 0.4239 0.1398 0.417 0.2258 0.417 0.1398
3 16 4.2852 2.225 -60 5.8405 2.225 -40 4.2852 2.225 -40 0.417 0.2258 0.4103 0.1398 0.417 0.1398
3 16 4.2852 2.225 -60 5.8405 2.225 -60 5.8405 2.225 -40 0.417 0.2258 0.4103 0.2258 0.4103 0.1398
3 16 -10.175 -5.6461 -40 -10.5018 -5.6461 -20 -10.5018 -5.6461 -40 0.1863 0.1653 0.1003 0.1639 0.1863 0.1639
3 16 -10.175 -5.6461 -40 -10.175 -5.6461 -20 -10.5018 -5.6461 -20 0.1863 0.1653 0.1003 0.1653 0.1003 0.1639
3 16 -20.8945 9.2849 -57.3695 -22.7173 9.2849 -61.4163 -23.604 9.2849 -61.0936 0.1672 0.4266 0.1844 0.4349 0.1829 0.4387
3 16 -22.7173 9.2849 -61.4163 -20.8945 9.2849 -57.3695 -19.3857 9.2849 -60.7082 0.1844 0.4349 0.1672 0.4266 0.1817 0.4205
3 16 -16.0541 9.2849 -60 -19.3857 9.2849 -60.7082 -20.8945 9.2849 -57.3695 0.179 0.4061 0.1817 0.4205 0.1672 0.4266
3 16 -1.5155 9.2849 -53.2212 -16.0541 9.2849 -60 -20.8945 9.2849 -57.3695 0.1513 0.3429 0.179 0.4061 0.1672 0.4266
3 16 -14.6464 -1.625 -59.7008 -19.3857 -1.625 -60.7082 -14.6854 4.625 -60 0.1515 0.6711 0.1515 0.6919 0.1246 0.6715
3 16 -14.6854 4.625 -60 -19.3857 -1.625 -60.7082 -19.3857 9.2849 -60.7082 0.1246 0.6715 0.1515 0.6919 0.1047 0.6919
3 16 -22.7173 -1.625 -61.4163 -19.3857 9.2849 -60.7082 -19.3857 -1.625 -60.7082 0.1515 0.7066 0.1047 0.6919 0.1515 0.6919
3 16 -22.7173 -1.625 -61.4163 -22.7173 9.2849 -61.4163 -19.3857 9.2849 -60.7082 0.1515 0.7066 0.1048 0.7066 0.1047 0.6919
3 16 -14.6854 4.625 -60 -19.3857 9.2849 -60.7082 -16.0541 9.2849 -60 0.1246 0.6715 0.1047 0.6919 0.1047 0.6773
3 16 -13.4293 4.625 -60 -14.6854 4.625 -60 -16.0541 9.2849 -60 0.1246 0.6688 0.1246 0.6715 0.1047 0.6773
3 16 -23.604 -1.625 -61.0936 -22.7173 9.2849 -61.4163 -22.7173 -1.625 -61.4163 0.2545 0.0326 0.2078 0.0285 0.2545 0.0285
3 16 -23.604 -1.625 -61.0936 -23.604 9.2849 -61.0936 -22.7173 9.2849 -61.4163 0.2545 0.0326 0.2078 0.0326 0.2078 0.0285
3 16 -23.25 9.2849 -40 -24.8601 -5.4461 -51.4564 -23.25 -5.6461 -40 0.6771 0.7307 0.6273 0.6675 0.6771 0.6666
3 16 -23.25 9.2849 -40 -24.8601 9.125 -51.4564 -24.8601 -5.4461 -51.4564 0.6771 0.7307 0.6273 0.7302 0.6273 0.6675
3 16 -24.8601 9.125 -51.4564 -25.7852 -5.394 -54.4468 -24.8601 -5.4461 -51.4564 0.6273 0.7302 0.6139 0.6677 0.6273 0.6675
3 16 -24.8601 9.125 -51.4564 -25.7403 9.125 -54.4315 -25.7852 -5.394 -54.4468 0.6273 0.7302 0.614 0.7302 0.6139 0.6677
3 16 -25.7403 9.125 -54.4315 -27.4306 -5.352 -56.8485 -25.7852 -5.394 -54.4468 0.614 0.7302 0.6014 0.6679 0.6139 0.6677
3 16 -25.7403 9.125 -54.4315 -27.4339 9.125 -56.899 -27.4306 -5.352 -56.8485 0.614 0.7302 0.6011 0.7301 0.6014 0.6679
3 16 -27.4339 9.125 -56.899 -29.614 -5.321 -58.6245 -27.4306 -5.352 -56.8485 0.6011 0.7301 0.5893 0.668 0.6014 0.6679
3 16 -27.4339 9.125 -56.899 -29.7688 9.125 -58.7393 -29.614 -5.321 -58.6245 0.6011 0.7301 0.5883 0.7301 0.5893 0.668
3 16 -29.7688 9.125 -58.7393 -32.6837 -5.2997 -59.8462 -29.614 -5.321 -58.6245 0.5883 0.7301 0.575 0.6681 0.5893 0.668
3 16 -29.7688 9.125 -58.7393 -32.6837 9.125 -59.8462 -32.6837 -5.2997 -59.8462 0.5883 0.7301 0.5749 0.7301 0.575 0.6681
3 16 -47.9908 8.6587 -63.0998 -32.6837 -5.2997 -59.8462 -32.6837 9.125 -59.8462 0.5076 0.728 0.575 0.6681 0.5749 0.7301
3 16 -47.9908 8.6587 -63.0998 -56.3665 -5.212 -64.8694 -32.6837 -5.2997 -59.8462 0.5076 0.728 0.4709 0.6682 0.575 0.6681
3 16 -47.9908 8.6587 -63.0998 -56.1662 8.2614 -64.8375 -56.3665 -5.212 -64.8694 0.5076 0.728 0.4717 0.7262 0.4709 0.6682
3 16 -127.4914 4.625 -79.9591 -56.3665 -5.212 -64.8694 -56.1662 8.2614 -64.8375 0.1581 0.7099 0.4709 0.6682 0.4717 0.7262
3 16 -127.4914 4.625 -79.9591 -127.5285 -4.9486 -79.963 -56.3665 -5.212 -64.8694 0.1581 0.7099 0.158 0.6688 0.4709 0.6682
3 16 -140 6.25 22 -136.875 5.4127 38 -140 6.25 38 0.3923 0.3484 0.3784 0.2796 0.3923 0.2796
3 16 -140 6.25 22 -136.875 5.4127 22 -136.875 5.4127 38 0.3923 0.3484 0.3784 0.3484 0.3784 0.2796
3 16 -136.875 5.4127 22 -134.5873 3.125 38 -136.875 5.4127 38 0.3784 0.3484 0.3645 0.2796 0.3784 0.2796
3 16 -136.875 5.4127 22 -134.5873 3.125 22 -134.5873 3.125 38 0.3784 0.3484 0.3645 0.3484 0.3645 0.2796
3 16 -134.5873 3.125 22 -133.75 0 38 -134.5873 3.125 38 0.3645 0.3484 0.3506 0.2796 0.3645 0.2796
3 16 -134.5873 3.125 22 -133.75 0 22 -133.75 0 38 0.3645 0.3484 0.3506 0.3484 0.3506 0.2796
3 16 -133.75 0 22 -134.5873 -3.125 38 -133.75 0 38 0.3506 0.3484 0.3366 0.2796 0.3506 0.2796
3 16 -133.75 0 22 -134.5873 -3.125 22 -134.5873 -3.125 38 0.3506 0.3484 0.3367 0.3484 0.3366 0.2796
3 16 -134.5873 -3.125 22 -136.875 -5.4127 38 -134.5873 -3.125 38 0.3367 0.3484 0.3227 0.2796 0.3366 0.2796
3 16 -134.5873 -3.125 22 -136.875 -5.4127 22 -136.875 -5.4127 38 0.3367 0.3484 0.3227 0.3484 0.3227 0.2796
3 16 -136.875 -5.4127 22 -140 -6.25 38 -136.875 -5.4127 38 0.3227 0.3484 0.3088 0.2796 0.3227 0.2796
3 16 -136.875 -5.4127 22 -140 -6.25 22 -140 -6.25 38 0.3227 0.3484 0.3088 0.3484 0.3088 0.2796
3 16 -140 -6.25 22 -143.125 -5.4127 38 -140 -6.25 38 0.3088 0.3484 0.2949 0.2796 0.3088 0.2796
3 16 -140 -6.25 22 -143.125 -5.4127 22 -143.125 -5.4127 38 0.3088 0.3484 0.2949 0.3484 0.2949 0.2796
3 16 -143.125 -5.4127 22 -145.4127 -3.125 38 -143.125 -5.4127 38 0.2949 0.3484 0.281 0.2796 0.2949 0.2796
3 16 -143.125 -5.4127 22 -145.4127 -3.125 22 -145.4127 -3.125 38 0.2949 0.3484 0.281 0.3484 0.281 0.2796
3 16 -145.4127 -3.125 22 -146.25 0 38 -145.4127 -3.125 38 0.281 0.3484 0.2671 0.2796 0.281 0.2796
3 16 -145.4127 -3.125 22 -146.25 0 22 -146.25 0 38 0.281 0.3484 0.2671 0.3484 0.2671 0.2796
3 16 -146.25 0 22 -145.4127 3.125 38 -146.25 0 38 0.2671 0.3484 0.2531 0.2796 0.2671 0.2796
3 16 -146.25 0 22 -145.4127 3.125 22 -145.4127 3.125 38 0.2671 0.3484 0.2532 0.3484 0.2531 0.2796
3 16 -145.4127 3.125 22 -143.125 5.4127 38 -145.4127 3.125 38 0.2532 0.3484 0.2392 0.2796 0.2531 0.2796
3 16 -145.4127 3.125 22 -143.125 5.4127 22 -143.125 5.4127 38 0.2532 0.3484 0.2392 0.3484 0.2392 0.2796
3 16 -143.125 5.4127 22 -140 6.25 38 -143.125 5.4127 38 0.2392 0.3484 0.2253 0.2796 0.2392 0.2796
3 16 -143.125 5.4127 22 -140 6.25 22 -140 6.25 38 0.2392 0.3484 0.2253 0.3484 0.2253 0.2796
3 16 -130.8374 0.552 30.5 -130.849 -0.625 33.5 -130.849 -0.625 30.5 0.2553 0.76 0.2604 0.7471 0.2604 0.76
3 16 -130.8374 0.552 30.5 -130.8374 0.552 33.5 -130.849 -0.625 33.5 0.2553 0.76 0.2553 0.7471 0.2604 0.7471
3 16 -130.8374 0.552 30.5 -131.2027 2.8584 33.5 -130.8374 0.552 33.5 0.2553 0.76 0.2452 0.7471 0.2553 0.7471
3 16 -130.8374 0.552 30.5 -131.2027 2.8584 30.5 -131.2027 2.8584 33.5 0.2553 0.76 0.2452 0.76 0.2452 0.7471
3 16 -131.2027 2.8584 33.5 -131.2027 2.8584 30.5 -132.0429 4.625 30.5 0.2452 0.7471 0.2452 0.76 0.2367 0.76
3 16 -131.2027 2.8584 33.5 -132.0429 4.625 30.5 -132.0429 4.625 33.5 0.2452 0.7471 0.2367 0.76 0.2368 0.7471
3 16 -132.0429 4.625 30.5 -132.5166 5.437 33.5 -132.0429 4.625 33.5 0.2367 0.76 0.2327 0.747 0.2368 0.7471
3 16 -132.5166 5.437 33.5 -132.0726 4.6239 35.2955 -132.0429 4.625 33.5 0.2327 0.747 0.2367 0.7393 0.2368 0.7471
3 16 -132.0429 4.625 30.5 -132.5166 5.437 28.9721 -132.5166 5.437 33.5 0.2367 0.76 0.2327 0.7665 0.2327 0.747
3 16 -132.024 4.625 27.5 -132.5166 5.437 28.9721 -132.0429 4.625 30.5 0.2368 0.7729 0.2327 0.7665 0.2367 0.76
3 16 -132.5166 5.437 33.5 -132.5166 5.437 40 -132.0726 4.6239 35.2955 0.2327 0.747 0.2327 0.7191 0.2367 0.7393
3 16 -132.5166 5.437 40 -131.2027 2.8584 37.6801 -132.0726 4.6239 35.2955 0.2327 0.7191 0.2452 0.7291 0.2367 0.7393
3 16 -132.5166 5.437 40 -131.2027 2.8584 40 -131.2027 2.8584 37.6801 0.2327 0.7191 0.2451 0.7191 0.2452 0.7291
3 16 -130.8909 0.8897 38.5 -131.2027 2.8584 37.6801 -131.2027 2.8584 40 0.2537 0.7256 0.2452 0.7291 0.2451 0.7191
3 16 -130.8909 0.8897 38.5 -131.2027 2.8584 40 -130.75 0 40 0.2537 0.7256 0.2451 0.7191 0.2576 0.719
3 16 -132.5166 5.437 33.5 -134.563 7.4834 40 -132.5166 5.437 40 0.2327 0.747 0.2203 0.7191 0.2327 0.7191
3 16 -134.563 7.4834 28.8556 -134.563 7.4834 40 -132.5166 5.437 33.5 0.2202 0.767 0.2203 0.7191 0.2327 0.747
3 16 -134.563 7.4834 28.8556 -132.5166 5.437 33.5 -132.5166 5.437 28.9721 0.2202 0.767 0.2327 0.747 0.2327 0.7665
3 16 -134.563 7.4834 28.8556 -137.1416 8.7973 40 -134.563 7.4834 40 0.2202 0.767 0.2078 0.7191 0.2203 0.7191
3 16 -132.024 4.625 27.5 -132.5166 5.437 22 -132.5166 5.437 28.9721 0.2368 0.7729 0.2327 0.7965 0.2327 0.7665
3 16 -134.563 7.4834 28.8556 -132.5166 5.437 28.9721 -132.5166 5.437 22 0.2202 0.767 0.2327 0.7665 0.2327 0.7965
3 16 -134.563 7.4834 28.8556 -132.5166 5.437 22 -134.563 7.4834 22 0.2202 0.767 0.2327 0.7965 0.2202 0.7965
3 16 -134.563 7.4834 28.8556 -134.563 7.4834 22 -137.1416 8.7973 22 0.2202 0.767 0.2202 0.7965 0.2078 0.7965
3 16 -134.563 7.4834 28.8556 -137.1416 8.7973 22 -137.1416 8.7973 40 0.2202 0.767 0.2078 0.7965 0.2078 0.7191
3 16 -140 9.25 22 -137.1416 8.7973 40 -137.1416 8.7973 22 0.1953 0.7965 0.2078 0.7191 0.2078 0.7965
3 16 -140 9.25 22 -140 9.25 40 -137.1416 8.7973 40 0.1953 0.7965 0.1953 0.7191 0.2078 0.7191
3 16 -140 9.25 22 -142.8584 8.7973 40 -140 9.25 40 0.1953 0.7965 0.1829 0.7191 0.1953 0.7191
3 16 -140 9.25 22 -142.8584 8.7973 22 -142.8584 8.7973 40 0.1953 0.7965 0.1829 0.7965 0.1829 0.7191
3 16 -142.8584 8.7973 22 -145.437 7.4834 40 -142.8584 8.7973 40 0.1829 0.7965 0.1704 0.7191 0.1829 0.7191
3 16 -142.8584 8.7973 22 -145.437 7.4834 22 -145.437 7.4834 40 0.1829 0.7965 0.1704 0.7965 0.1704 0.7191
3 16 -145.437 7.4834 22 -147.4834 5.437 40 -145.437 7.4834 40 0.1704 0.7965 0.158 0.7191 0.1704 0.7191
3 16 -145.437 7.4834 22 -147.4834 5.437 22 -147.4834 5.437 40 0.1704 0.7965 0.158 0.7965 0.158 0.7191
3 16 -147.4834 5.437 40 -147.4834 5.437 22 -148.7973 2.8584 22 0.158 0.7191 0.158 0.7965 0.1455 0.7965
3 16 -147.4834 5.437 40 -148.7973 2.8584 22 -148.7973 2.8584 40 0.158 0.7191 0.1455 0.7965 0.1455 0.719
3 16 -148.7973 2.8584 40 -148.7973 2.8584 22 -149.0548 1.2325 22 0.1455 0.719 0.1455 0.7965 0.1384 0.7965
3 16 -148.7973 2.8584 40 -149.0548 1.2325 22 -149.25 0 40 0.1455 0.719 0.1384 0.7965 0.1331 0.719
3 16 -149.0548 1.2325 22 -149.25 0 20 -149.25 0 40 0.1384 0.7965 0.1331 0.8051 0.1331 0.719
3 16 -149.25 0 20 -149.0548 1.2325 22 -149.0548 1.2325 20 0.1331 0.8051 0.1384 0.7965 0.1384 0.8051
3 16 -149.25 0 40 -149.25 0 20 -148.7973 -2.8584 20 0.1331 0.719 0.1331 0.8051 0.1207 0.8051
3 16 -149.25 0 40 -148.7973 -2.8584 20 -148.7973 -2.8584 40 0.1331 0.719 0.1207 0.8051 0.1206 0.719
3 16 -148.7973 -2.8584 20 -147.4834 -5.437 40 -148.7973 -2.8584 40 0.1207 0.8051 0.1082 0.719 0.1206 0.719
3 16 -148.7973 -2.8584 20 -147.4834 -5.437 20 -147.4834 -5.437 40 0.1207 0.8051 0.1082 0.8051 0.1082 0.719
3 16 -145.437 -7.4834 20 -147.4834 -5.437 40 -147.4834 -5.437 20 0.0957 0.8051 0.1082 0.719 0.1082 0.8051
3 16 -145.437 -7.4834 20 -145.437 -7.4834 40 -147.4834 -5.437 40 0.0957 0.8051 0.0957 0.719 0.1082 0.719
3 16 -145.437 -7.4834 20 -142.8584 -8.7973 40 -145.437 -7.4834 40 0.0957 0.8051 0.0833 0.719 0.0957 0.719
3 16 -145.437 -7.4834 20 -142.8584 -8.7973 20 -142.8584 -8.7973 40 0.0957 0.8051 0.0833 0.8051 0.0833 0.719
3 16 -142.8584 -8.7973 20 -140 -9.25 40 -142.8584 -8.7973 40 0.0833 0.8051 0.0709 0.719 0.0833 0.719
3 16 -142.8584 -8.7973 20 -140 -9.25 20 -140 -9.25 40 0.0833 0.8051 0.0709 0.8051 0.0709 0.719
3 16 -140 -9.25 20 -137.1416 -8.7973 40 -140 -9.25 40 0.0709 0.8051 0.0584 0.719 0.0709 0.719
3 16 -140 -9.25 20 -137.1416 -8.7973 20 -137.1416 -8.7973 40 0.0709 0.8051 0.0584 0.8051 0.0584 0.719
3 16 -137.1416 -8.7973 20 -134.563 -7.4834 40 -137.1416 -8.7973 40 0.0584 0.8051 0.046 0.719 0.0584 0.719
3 16 -137.1416 -8.7973 20 -134.563 -7.4834 20 -134.563 -7.4834 40 0.0584 0.8051 0.046 0.8051 0.046 0.719
3 16 -134.563 -7.4834 20 -132.5166 -5.437 28.5527 -134.563 -7.4834 40 0.046 0.8051 0.0335 0.7683 0.046 0.719
3 16 -134.563 -7.4834 20 -132.5166 -5.437 20 -132.5166 -5.437 28.5527 0.046 0.8051 0.0335 0.8051 0.0335 0.7683
3 16 -132.5166 -5.437 28.5527 -132.5166 -5.437 20 -132.2643 -4.9419 20 0.0335 0.7683 0.0335 0.8051 0.0311 0.8051
3 16 -132.5166 -5.437 28.5527 -132.2643 -4.9419 20 -132.1911 -4.7983 28.5733 0.0335 0.7683 0.0311 0.8051 0.0304 0.7682
3 16 -131.8362 -4.1018 33.6588 -132.5166 -5.437 28.5527 -132.1911 -4.7983 28.5733 0.0271 0.7463 0.0335 0.7683 0.0304 0.7682
3 16 -132.5166 -5.437 28.5527 -132.5166 -5.437 40 -134.563 -7.4834 40 0.0335 0.7683 0.0335 0.719 0.046 0.719
3 16 -131.8362 -4.1018 33.6588 -132.5166 -5.437 40 -132.5166 -5.437 28.5527 0.0271 0.7463 0.0335 0.719 0.0335 0.7683
3 16 -132.5166 -5.437 40 -131.8362 -4.1018 33.6588 -131.178 -2.7025 36.8963 0.0335 0.719 0.0271 0.7463 0.0204 0.7324
3 16 -131.2027 -2.8584 40 -132.5166 -5.437 40 -131.178 -2.7025 36.8963 0.0211 0.719 0.0335 0.719 0.0204 0.7324
3 16 -131.2027 -2.8584 40 -131.178 -2.7025 36.8963 -130.8589 -0.6877 38.5 0.0211 0.719 0.0204 0.7324 0.0117 0.7256
3 16 -130.8589 -0.6877 38.5 -130.75 0 40 -131.2027 -2.8584 40 0.0117 0.7256 0.0087 0.719 0.0211 0.719
3 16 -130.8589 -0.6877 38.5 -130.8909 0.8897 38.5 -130.75 0 40 0.0117 0.7256 0.0049 0.7255 0.0087 0.719
3 16 -130.8374 0.552 30.5 -130.849 -0.625 30.5 -128.8664 -0.625 30.5 0.7185 0.9898 0.7134 0.99 0.7134 0.9815
3 16 -130.8374 0.552 30.5 -128.8664 -0.625 30.5 -128.8664 4.625 30.5 0.7185 0.9898 0.7134 0.9815 0.736 0.9815
3 16 -131.2027 2.8584 30.5 -130.8374 0.552 30.5 -128.8664 4.625 30.5 0.7284 0.9915 0.7185 0.9898 0.736 0.9815
3 16 -132.0429 4.625 30.5 -131.2027 2.8584 30.5 -128.8664 4.625 30.5 0.736 0.9951 0.7284 0.9915 0.736 0.9815
3 16 -127.0634 4.625 30.3937 -128.8664 4.625 30.5 -128.8664 -0.625 30.5 0.736 0.9737 0.736 0.9815 0.7134 0.9815
3 16 -127.0634 4.625 30.3937 -128.8664 -0.625 30.5 -127.0634 -0.625 30.3937 0.736 0.9737 0.7134 0.9815 0.7134 0.9737
3 16 -125.3319 4.625 30.1285 -127.0634 4.625 30.3937 -127.0634 -0.625 30.3937 0.736 0.9662 0.736 0.9737 0.7134 0.9737
3 16 -125.3319 4.625 30.1285 -127.0634 -0.625 30.3937 -125.3319 -0.625 30.1285 0.736 0.9662 0.7134 0.9737 0.7134 0.9661
3 16 -76.3637 -0.625 19.7214 -125.3319 4.625 30.1285 -125.3319 -0.625 30.1285 0.7134 0.7508 0.736 0.9662 0.7134 0.9661
3 16 -76.3637 -0.625 19.7214 -76.1842 4.625 19.6833 -125.3319 4.625 30.1285 0.7134 0.7508 0.736 0.75 0.736 0.9662
3 16 -76.3637 -0.625 19.7214 -52.4423 4.625 14.6375 -76.1842 4.625 19.6833 0.7134 0.7508 0.736 0.6456 0.736 0.75
3 16 -76.3637 -0.625 19.7214 -51.083 -0.625 14.3486 -52.4423 4.625 14.6375 0.7134 0.7508 0.7135 0.6396 0.736 0.6456
3 16 -51.083 -0.625 14.3486 -45.9453 4.625 13.2567 -52.4423 4.625 14.6375 0.7135 0.6396 0.736 0.6171 0.736 0.6456
3 16 -51.083 -0.625 14.3486 -41.608 -0.625 12.3349 -45.9453 4.625 13.2567 0.7135 0.6396 0.7135 0.598 0.736 0.6171
3 16 -41.608 -0.625 12.3349 -27.0366 4.625 9.2381 -45.9453 4.625 13.2567 0.7135 0.598 0.736 0.5339 0.736 0.6171
3 16 -41.608 -0.625 12.3349 -27.3955 -0.625 9.3143 -27.0366 4.625 9.2381 0.7135 0.598 0.7135 0.5355 0.736 0.5339
3 16 -27.0366 4.625 9.2381 -27.3955 -0.625 9.3143 -20.6616 -0.625 7.8832 0.736 0.5339 0.7135 0.5355 0.7135 0.5059
3 16 -27.0366 4.625 9.2381 -20.6616 -0.625 7.8832 -20.6616 4.625 7.8832 0.736 0.5339 0.7135 0.5059 0.7361 0.5059
3 16 -20.6616 4.625 7.8832 -20.6616 -0.625 7.8832 -20.0191 -0.625 8.2546 0.7361 0.5059 0.7135 0.5059 0.7135 0.5025
3 16 -20.6616 4.625 7.8832 -20.0191 -0.625 8.2546 -20.0191 4.625 8.2546 0.7361 0.5059 0.7135 0.5025 0.7361 0.5025
3 16 -20.1843 4.625 8.9781 -20.0191 4.625 8.2546 -20.0191 -0.625 8.2546 0.7361 0.4992 0.7361 0.5025 0.7135 0.5025
3 16 -20.1843 4.625 8.9781 -20.0191 -0.625 8.2546 -20.1843 -0.625 8.9781 0.7361 0.4992 0.7135 0.5025 0.7135 0.4992
3 16 -23.0025 4.625 10.8774 -20.1843 4.625 8.9781 -20.1843 -0.625 8.9781 0.7361 0.4845 0.7361 0.4992 0.7135 0.4992
3 16 -23.0025 4.625 10.8774 -20.1843 -0.625 8.9781 -23.0025 -0.625 10.8774 0.7361 0.4845 0.7135 0.4992 0.7135 0.4845
3 16 -26.7864 4.625 12.249 -23.0025 4.625 10.8774 -23.0025 -0.625 10.8774 0.7361 0.4672 0.7361 0.4845 0.7135 0.4845
3 16 -26.7864 4.625 12.249 -23.0025 -0.625 10.8774 -26.7864 -0.625 12.249 0.7361 0.4672 0.7135 0.4845 0.7135 0.4672
3 16 -50.4738 4.625 17.2839 -26.7864 4.625 12.249 -26.7864 -0.625 12.249 0.7361 0.363 0.7361 0.4672 0.7135 0.4672
3 16 -50.4738 4.625 17.2839 -26.7864 -0.625 12.249 -50.4738 -0.625 17.2839 0.7361 0.363 0.7135 0.4672 0.7135 0.363
3 16 -75.7087 4.625 22.6478 -50.4738 4.625 17.2839 -50.4738 -0.625 17.2839 0.7361 0.252 0.7361 0.363 0.7135 0.363
3 16 -75.7087 4.625 22.6478 -50.4738 -0.625 17.2839 -75.7087 -0.625 22.6478 0.7361 0.252 0.7135 0.363 0.7135 0.252
3 16 -75.7087 4.625 22.6478 -75.7087 -0.625 22.6478 -124.631 -0.625 33.0466 0.7361 0.252 0.7135 0.252 0.7135 0.0369
3 16 -75.7087 4.625 22.6478 -124.631 -0.625 33.0466 -124.631 4.625 33.0466 0.7361 0.252 0.7135 0.0369 0.7361 0.0369
3 16 -126.6833 4.625 33.3639 -124.631 4.625 33.0466 -124.631 -0.625 33.0466 0.7361 0.028 0.7361 0.0369 0.7135 0.0369
3 16 -126.6833 4.625 33.3639 -124.631 -0.625 33.0466 -126.6833 -0.625 33.3639 0.7361 0.028 0.7135 0.0369 0.7135 0.028
3 16 -128.9452 4.625 33.5 -126.6833 4.625 33.3639 -126.6833 -0.625 33.3639 0.7361 0.0182 0.7361 0.028 0.7135 0.028
3 16 -128.9452 4.625 33.5 -126.6833 -0.625 33.3639 -128.9452 -0.625 33.5 0.7361 0.0182 0.7135 0.028 0.7135 0.0182
3 16 -128.9452 -0.625 33.5 -131.2027 2.8584 33.5 -128.9452 4.625 33.5 0.7135 0.0182 0.7285 0.0085 0.7361 0.0182
3 16 -131.2027 2.8584 33.5 -132.0429 4.625 33.5 -128.9452 4.625 33.5 0.7285 0.0085 0.7361 0.0049 0.7361 0.0182
3 16 -128.9452 -0.625 33.5 -130.8374 0.552 33.5 -131.2027 2.8584 33.5 0.7135 0.0182 0.7186 0.0102 0.7285 0.0085
3 16 -130.849 -0.625 33.5 -130.8374 0.552 33.5 -128.9452 -0.625 33.5 0.7135 0.01 0.7186 0.0102 0.7135 0.0182
3 16 -15.0553 -1.625 1.6827 -14.6464 -1.625 -0.2992 -19.3857 -1.625 0.7082 0.9344 0.1816 0.9425 0.1783 0.942 0.1991
3 16 -15.0553 -1.625 1.6827 -19.3857 -1.625 0.7082 -21.012 -1.625 4.8876 0.9344 0.1816 0.942 0.1991 0.9256 0.2093
3 16 -21.012 -1.625 4.8876 -15.762 -1.625 3.7717 -15.0553 -1.625 1.6827 0.9256 0.2093 0.9262 0.1862 0.9344 0.1816
3 16 -22.7173 -1.625 1.4163 -21.012 -1.625 4.8876 -19.3857 -1.625 0.7082 0.9416 0.2138 0.9256 0.2093 0.942 0.1991
3 16 -22.7173 -1.625 1.4163 -27.8388 -1.625 6.3387 -21.012 -1.625 4.8876 0.9416 0.2138 0.9249 0.2393 0.9256 0.2093
3 16 -23.604 -1.625 1.0936 -27.8388 -1.625 6.3387 -22.7173 -1.625 1.4163 0.9437 0.2172 0.9249 0.2393 0.9416 0.2138
3 16 -23.604 -1.625 1.0936 -28.395 -1.625 2.112 -27.8388 -1.625 6.3387 0.9437 0.2172 0.9432 0.2383 0.9249 0.2393
3 16 -28.395 -1.625 2.112 -50.7487 -1.625 11.2084 -27.8388 -1.625 6.3387 0.9432 0.2383 0.9224 0.3403 0.9249 0.2393
3 16 -28.395 -1.625 2.112 -52.1278 -1.625 7.1565 -50.7487 -1.625 11.2084 0.9432 0.2383 0.9406 0.3423 0.9224 0.3403
3 16 -52.1278 -1.625 7.1565 -53.1529 -1.625 11.7165 -50.7487 -1.625 11.2084 0.9406 0.3423 0.9224 0.3514 0.9224 0.3403
3 16 -52.1278 -1.625 7.1565 -54.7997 -1.625 7.7245 -53.1529 -1.625 11.7165 0.9406 0.3423 0.9404 0.3552 0.9224 0.3514
3 16 -54.7997 -1.625 7.7245 -55.5273 -1.625 12.2214 -53.1529 -1.625 11.7165 0.9404 0.3552 0.9222 0.3619 0.9224 0.3514
3 16 -54.7997 -1.625 7.7245 -57.0789 -1.625 8.2089 -55.5273 -1.625 12.2214 0.9404 0.3552 0.9405 0.3652 0.9222 0.3619
3 16 -57.0789 -1.625 8.2089 -76.8972 -1.625 16.7664 -55.5273 -1.625 12.2214 0.9405 0.3652 0.9223 0.4561 0.9222 0.3619
3 16 -57.0789 -1.625 8.2089 -77.5914 -1.625 12.569 -76.8972 -1.625 16.7664 0.9405 0.3652 0.9406 0.4552 0.9223 0.4561
3 16 -126.7878 -1.625 23.026 -76.8972 -1.625 16.7664 -77.5914 -1.625 12.569 0.9408 0.6715 0.9223 0.4561 0.9406 0.4552
3 16 -126.7878 -1.625 23.026 -125.9556 -1.625 27.1941 -76.8972 -1.625 16.7664 0.9408 0.6715 0.9225 0.6718 0.9223 0.4561
3 16 -125.9556 -1.625 27.1941 -126.7878 -1.625 23.026 -127.7889 -1.625 23.1814 0.9225 0.6718 0.9408 0.6715 0.9411 0.6759
3 16 -125.9556 -1.625 27.1941 -127.7889 -1.625 23.1814 -127.4022 -1.625 27.4147 0.9225 0.6718 0.9411 0.6759 0.9229 0.6781
3 16 -127.4022 -1.625 27.4147 -127.7889 -1.625 23.1814 -128.9189 -1.625 23.25 0.9229 0.6781 0.9411 0.6759 0.9418 0.6807
3 16 -127.4022 -1.625 27.4147 -128.9189 -1.625 23.25 -128.8664 -1.625 27.5 0.9229 0.6781 0.9418 0.6807 0.9239 0.6843
3 16 -131.0074 -1.625 27.5 -128.8664 -1.625 27.5 -128.9189 -1.625 23.25 0.9258 0.6933 0.9239 0.6843 0.9418 0.6807
3 16 -131.0074 -1.625 27.5 -128.9189 -1.625 23.25 -131.0074 -1.625 23.25 0.9258 0.6933 0.9418 0.6807 0.9437 0.6895
3 16 -20.0191 -0.625 8.2546 -20.6616 -0.625 7.8832 -27.3955 -0.625 9.3143 0.9847 0.1783 0.9869 0.1807 0.9867 0.2103
3 16 -20.0191 -0.625 8.2546 -27.3955 -0.625 9.3143 -20.1843 -0.625 8.9781 0.9847 0.1783 0.9867 0.2103 0.9818 0.1796
3 16 -27.3955 -0.625 9.3143 -23.0025 -0.625 10.8774 -20.1843 -0.625 8.9781 0.9867 0.2103 0.9763 0.1931 0.9818 0.1796
3 16 -27.3955 -0.625 9.3143 -26.7864 -0.625 12.249 -23.0025 -0.625 10.8774 0.9867 0.2103 0.9738 0.2102 0.9763 0.1931
3 16 -26.7864 -0.625 12.249 -27.3955 -0.625 9.3143 -41.608 -0.625 12.3349 0.9738 0.2102 0.9867 0.2103 0.9862 0.2728
3 16 -26.7864 -0.625 12.249 -41.608 -0.625 12.3349 -50.4738 -0.625 17.2839 0.9738 0.2102 0.9862 0.2728 0.9731 0.3144
3 16 -50.4738 -0.625 17.2839 -41.608 -0.625 12.3349 -51.083 -0.625 14.3486 0.9731 0.3144 0.9862 0.2728 0.986 0.3144
3 16 -75.7087 -0.625 22.6478 -50.4738 -0.625 17.2839 -51.083 -0.625 14.3486 0.9723 0.4254 0.9731 0.3144 0.986 0.3144
3 16 -75.7087 -0.625 22.6478 -51.083 -0.625 14.3486 -76.3637 -0.625 19.7214 0.9723 0.4254 0.986 0.3144 0.9852 0.4256
3 16 -124.631 -0.625 33.0466 -75.7087 -0.625 22.6478 -76.3637 -0.625 19.7214 0.9708 0.6405 0.9723 0.4254 0.9852 0.4256
3 16 -124.631 -0.625 33.0466 -76.3637 -0.625 19.7214 -125.3319 -0.625 30.1285 0.9708 0.6405 0.9852 0.4256 0.9837 0.6409
3 16 -125.3319 -0.625 30.1285 -126.6833 -0.625 33.3639 -124.631 -0.625 33.0466 0.9837 0.6409 0.9713 0.6494 0.9708 0.6405
3 16 -125.3319 -0.625 30.1285 -127.0634 -0.625 30.3937 -126.6833 -0.625 33.3639 0.9837 0.6409 0.9841 0.6485 0.9713 0.6494
3 16 -128.8664 -0.625 30.5 -126.6833 -0.625 33.3639 -127.0634 -0.625 30.3937 0.9852 0.6561 0.9713 0.6494 0.9841 0.6485
3 16 -128.8664 -0.625 30.5 -128.9452 -0.625 33.5 -126.6833 -0.625 33.3639 0.9852 0.6561 0.9727 0.6591 0.9713 0.6494
3 16 -128.9452 -0.625 33.5 -128.8664 -0.625 30.5 -130.849 -0.625 30.5 0.9727 0.6591 0.9852 0.6561 0.9869 0.6645
3 16 -128.9452 -0.625 33.5 -130.849 -0.625 30.5 -130.849 -0.625 33.5 0.9727 0.6591 0.9869 0.6645 0.9743 0.6671
3 16 -130.75 0 27.5 -131.0074 -1.625 27.5 -131.0074 -1.625 23.25 0.2577 0.7729 0.2647 0.7729 0.2647 0.7911
3 16 -130.75 0 27.5 -131.0074 -1.625 23.25 -130.75 0 23.25 0.2577 0.7729 0.2647 0.7911 0.2577 0.7911
3 16 -130.75 0 27.5 -130.75 0 23.25 -131.2027 2.8584 23.25 0.2577 0.7729 0.2577 0.7911 0.2452 0.7911
3 16 -130.75 0 27.5 -131.2027 2.8584 23.25 -131.2027 2.8584 27.5 0.2577 0.7729 0.2452 0.7911 0.2452 0.7729
3 16 -131.2027 2.8584 27.5 -131.2027 2.8584 23.25 -131.9893 4.625 23.25 0.2452 0.7729 0.2452 0.7911 0.2368 0.7911
3 16 -131.2027 2.8584 27.5 -131.9893 4.625 23.25 -132.024 4.625 27.5 0.2452 0.7729 0.2368 0.7911 0.2368 0.7729
3 16 -132.024 4.625 27.5 -131.9893 4.625 23.25 -132.5166 5.437 22 0.2368 0.7729 0.2368 0.7911 0.2327 0.7965
3 16 -131.9893 4.625 23.25 -131.9893 4.625 22 -132.5166 5.437 22 0.2368 0.7911 0.2368 0.7965 0.2327 0.7965
3 16 -14.175 -1.625 -23.2 -19.25 -11.7842 -23.2 -19.25 -1.625 -23.2 0.3032 0.0049 0.3468 0.0267 0.3032 0.0267
3 16 -14.175 -1.625 -23.2 -14.175 -14.1578 -23.2 -19.25 -11.7842 -23.2 0.3032 0.0049 0.3571 0.0049 0.3468 0.0267
3 16 -9.2798 -1.625 -5.1285 -9.2798 -1.625 -15.5 -16.875 -1.625 -15.5 0.4772 0.7353 0.5218 0.7353 0.5218 0.768
3 16 -9.2798 -1.625 -5.1285 -16.875 -1.625 -15.5 -18.5525 -1.625 -15.0014 0.4772 0.7353 0.5218 0.768 0.5197 0.7752
3 16 -19.3731 -1.625 -13.4556 -9.2798 -1.625 -5.1285 -18.5525 -1.625 -15.0014 0.513 0.7787 0.4772 0.7353 0.5197 0.7752
3 16 -20.8945 -1.625 -2.6305 -9.2798 -1.625 -5.1285 -19.3731 -1.625 -13.4556 0.4665 0.7853 0.4772 0.7353 0.513 0.7787
3 16 -19.25 -11.7842 -23.2 -14.175 -14.1578 -28.5 -19.25 -11.7842 -28.5 0.3615 0.0381 0.3843 0.0136 0.3843 0.0381
3 16 -19.25 -11.7842 -23.2 -14.175 -14.1578 -23.2 -14.175 -14.1578 -28.5 0.3615 0.0381 0.3615 0.0136 0.3843 0.0136
3 16 -9.25 0 -5.1285 -9.2798 -1.625 -5.1285 -20.8945 -1.625 -2.6305 0.7822 0.9106 0.7892 0.9107 0.7892 0.9618
3 16 -9.25 0 -5.1285 -20.8945 -1.625 -2.6305 -20.8945 9.2849 -2.6305 0.7822 0.9106 0.7892 0.9618 0.7424 0.9618
3 16 -20.8945 9.2849 -2.6305 -8.7973 2.8584 -5.2373 -9.25 0 -5.1285 0.7424 0.9618 0.7699 0.9086 0.7822 0.9106
3 16 -20.8945 9.2849 -2.6305 -7.4834 5.437 -5.485 -8.7973 2.8584 -5.2373 0.7424 0.9618 0.7588 0.9028 0.7699 0.9086
3 16 -20.8945 9.2849 -2.6305 -5.6708 7.2496 -5.8877 -7.4834 5.437 -5.485 0.7424 0.9618 0.751 0.8949 0.7588 0.9028
3 16 -20.8945 9.2849 -2.6305 -3.9573 8.7513 -6.2976 -5.6708 7.2496 -5.8877 0.7424 0.9618 0.7446 0.8873 0.751 0.8949
3 16 -1.5155 9.2849 -6.7788 -3.9573 8.7513 -6.2976 -20.8945 9.2849 -2.6305 0.7424 0.8766 0.7446 0.8873 0.7424 0.9618
3 16 -14.175 -1.625 -28.5 -19.25 -11.7842 -28.5 -14.175 -14.1578 -28.5 0.087 0.3726 0.0652 0.3289 0.087 0.3187
3 16 -14.175 -1.625 -28.5 -19.25 -1.625 -28.5 -19.25 -11.7842 -28.5 0.087 0.3726 0.0652 0.3726 0.0652 0.3289
3 16 -19.25 -1.625 -31.5 -14.175 -1.625 -28.5 -14.175 -1.625 -31.5 0.0733 0.1518 0.0604 0.1299 0.0733 0.1299
3 16 -19.25 -1.625 -31.5 -19.25 -1.625 -28.5 -14.175 -1.625 -28.5 0.0733 0.1518 0.0604 0.1518 0.0604 0.1299
3 16 -1.5155 9.2849 -6.7788 -1.5155 9.2849 -15.5 -3.9573 8.7513 -15.5 0.1973 0.3548 0.2348 0.3548 0.2348 0.3653
3 16 -1.5155 9.2849 -6.7788 -3.9573 8.7513 -15.5 -3.9573 8.7513 -6.2976 0.1973 0.3548 0.2348 0.3653 0.1954 0.3653
3 16 -3.9573 8.7513 -6.2976 -3.9573 8.7513 -15.5 -5.6708 7.2496 -15.5 0.1954 0.3653 0.2348 0.3653 0.2348 0.3749
3 16 -3.9573 8.7513 -6.2976 -5.6708 7.2496 -15.5 -5.6708 7.2496 -5.8877 0.1954 0.3653 0.2348 0.3749 0.1935 0.3749
3 16 -5.6708 7.2496 -5.8877 -5.6708 7.2496 -15.5 -7.4834 5.437 -15.5 0.1935 0.3749 0.2348 0.3749 0.2348 0.3859
3 16 -5.6708 7.2496 -5.8877 -7.4834 5.437 -15.5 -7.4834 5.437 -5.485 0.1935 0.3749 0.2348 0.3859 0.1918 0.3859
3 16 -7.4834 5.437 -5.485 -7.4834 5.437 -15.5 -8.7973 2.8584 -15.5 0.1918 0.3859 0.2348 0.3859 0.2348 0.3983
3 16 -7.4834 5.437 -5.485 -8.7973 2.8584 -15.5 -8.7973 2.8584 -5.2373 0.1918 0.3859 0.2348 0.3983 0.1907 0.3983
3 16 -8.7973 2.8584 -5.2373 -8.7973 2.8584 -15.5 -9.25 0 -15.5 0.1907 0.3983 0.2348 0.3983 0.2348 0.4108
3 16 -8.7973 2.8584 -5.2373 -9.25 0 -15.5 -9.25 0 -5.1285 0.1907 0.3983 0.2348 0.4108 0.1902 0.4108
3 16 -9.2798 -1.625 -15.5 -9.25 0 -5.1285 -9.25 0 -15.5 0.2348 0.4178 0.1902 0.4108 0.2348 0.4108
3 16 -9.2798 -1.625 -15.5 -9.2798 -1.625 -5.1285 -9.25 0 -5.1285 0.2348 0.4178 0.1902 0.4178 0.1902 0.4108
3 16 -19.25 -11.7842 -23.2 -19.25 -1.625 -28.5 -19.25 -1.625 -23.2 0.0049 0.1614 0.0277 0.2032 0.0049 0.2035
3 16 -19.25 -11.7842 -23.2 -19.25 -11.7842 -28.5 -19.25 -1.625 -28.5 0.0049 0.1614 0.0277 0.1614 0.0277 0.2032
3 16 -14.175 -1.625 -23.2 -14.175 -14.1578 -28.5 -14.175 -14.1578 -23.2 0.1334 0.0049 0.0811 0.0277 0.0811 0.0049
3 16 -14.175 -1.625 -23.2 -14.175 -1.625 -28.5 -14.175 -14.1578 -28.5 0.1334 0.0049 0.1332 0.0277 0.0811 0.0277
3 16 -128.9189 4.625 23.25 -131.9893 4.625 23.25 -131.2027 2.8584 23.25 0.2146 0.8298 0.2014 0.8298 0.2048 0.8222
3 16 -128.9189 4.625 23.25 -131.2027 2.8584 23.25 -130.75 0 23.25 0.2146 0.8298 0.2048 0.8222 0.2067 0.8099
3 16 -130.75 0 23.25 -128.9189 -1.625 23.25 -128.9189 4.625 23.25 0.2067 0.8099 0.2146 0.8029 0.2146 0.8298
3 16 -130.75 0 23.25 -131.0074 -1.625 23.25 -128.9189 -1.625 23.25 0.2067 0.8099 0.2056 0.8029 0.2146 0.8029
3 16 -127.7889 4.625 23.1814 -128.9189 4.625 23.25 -128.9189 -1.625 23.25 0.2195 0.8298 0.2146 0.8298 0.2146 0.8029
3 16 -127.7889 4.625 23.1814 -128.9189 -1.625 23.25 -127.7889 -1.625 23.1814 0.2195 0.8298 0.2146 0.8029 0.2195 0.8029
3 16 -126.7878 4.625 23.026 -127.7889 4.625 23.1814 -127.7889 -1.625 23.1814 0.2238 0.8298 0.2195 0.8298 0.2195 0.8029
3 16 -126.7878 4.625 23.026 -127.7889 -1.625 23.1814 -126.7878 -1.625 23.026 0.2238 0.8298 0.2195 0.8029 0.2238 0.8029
3 16 -77.5914 -1.625 12.569 -126.7878 4.625 23.026 -126.7878 -1.625 23.026 0.4402 0.8029 0.2238 0.8298 0.2238 0.8029
3 16 -77.5914 -1.625 12.569 -77.5914 6.875 12.569 -126.7878 4.625 23.026 0.4402 0.8029 0.4402 0.8394 0.2238 0.8298
3 16 -57.0789 -1.625 8.2089 -77.5914 6.875 12.569 -77.5914 -1.625 12.569 0.5301 0.8046 0.4402 0.8394 0.4402 0.8029
3 16 -57.0789 -1.625 8.2089 -55.5213 8.262 7.8778 -77.5914 6.875 12.569 0.5301 0.8046 0.5372 0.8454 0.4402 0.8394
3 16 -57.0789 -1.625 8.2089 -54.7997 -1.625 7.7245 -55.5213 8.262 7.8778 0.5301 0.8046 0.5399 0.8061 0.5372 0.8454
3 16 -52.1278 -1.625 7.1565 -55.5213 8.262 7.8778 -54.7997 -1.625 7.7245 0.5527 0.8062 0.5372 0.8454 0.5399 0.8061
3 16 -52.1278 -1.625 7.1565 -47.347 8.6588 6.1404 -55.5213 8.262 7.8778 0.5527 0.8062 0.5732 0.8471 0.5372 0.8454
3 16 -28.395 -1.625 2.112 -47.347 8.6588 6.1404 -52.1278 -1.625 7.1565 0.6565 0.8028 0.5732 0.8471 0.5527 0.8062
3 16 -28.395 -1.625 2.112 -28.395 9.125 2.112 -47.347 8.6588 6.1404 0.6565 0.8028 0.6565 0.8491 0.5732 0.8471
3 16 -28.395 9.125 2.112 -28.395 -1.625 2.112 -23.604 -1.625 1.0936 0.6565 0.8491 0.6565 0.8028 0.6776 0.8028
3 16 -28.395 9.125 2.112 -23.604 -1.625 1.0936 -23.604 9.2849 1.0936 0.6565 0.8491 0.6776 0.8028 0.6776 0.8496
3 16 -128.9452 4.625 33.5 -132.0429 4.625 33.5 -132.0726 4.6239 35.2955 0.5493 0.0206 0.5486 0.0072 0.5564 0.0065
3 16 -128.9452 4.625 33.5 -132.0726 4.6239 35.2955 -128.2377 4.625 35.2289 0.5493 0.0206 0.5564 0.0065 0.557 0.0231
3 16 -128.2377 4.625 35.2289 -126.6833 4.625 33.3639 -128.9452 4.625 33.5 0.557 0.0231 0.5494 0.0309 0.5493 0.0206
3 16 -128.2377 4.625 35.2289 -132.0726 4.6239 35.2955 -131.2027 2.8584 37.6801 0.557 0.0231 0.5564 0.0065 0.5697 0.0092
3 16 -128.2377 4.625 35.2289 -125.8316 4.6245 35.1253 -126.6833 4.625 33.3639 0.557 0.0231 0.5573 0.0337 0.5494 0.0309
3 16 -125.8316 4.6245 35.1253 -124.631 4.625 33.0466 -126.6833 4.625 33.3639 0.5573 0.0337 0.549 0.0408 0.5494 0.0309
3 16 -128.2377 4.625 35.2289 -131.2027 2.8584 37.6801 -128.2036 3.0792 37.6739 0.557 0.0231 0.5697 0.0092 0.5696 0.022
3 16 -128.2036 3.0792 37.6739 -131.2027 2.8584 37.6801 -130.8909 0.8897 38.5 0.5696 0.022 0.5697 0.0092 0.5797 0.0099
3 16 -125.8316 4.6245 35.1253 -123.2321 4.6245 34.6955 -124.631 4.625 33.0466 0.5573 0.0337 0.5572 0.0453 0.549 0.0408
3 16 -75.7087 4.625 22.6478 -124.631 4.625 33.0466 -123.2321 4.6245 34.6955 0.551 0.2563 0.549 0.0408 0.5572 0.0453
3 16 -128.2377 4.625 35.2289 -125.5773 3.1654 37.472 -125.8316 4.6245 35.1253 0.557 0.0231 0.5693 0.0332 0.5573 0.0337
3 16 -128.2377 4.625 35.2289 -128.2036 3.0792 37.6739 -125.5773 3.1654 37.472 0.557 0.0231 0.5696 0.022 0.5693 0.0332
3 16 -128.2036 3.0792 37.6739 -130.8909 0.8897 38.5 -128.1879 0.8897 38.5 0.5696 0.022 0.5797 0.0099 0.5798 0.0215
3 16 -128.1879 0.8897 38.5 -130.8909 0.8897 38.5 -130.8589 -0.6877 38.5 0.5798 0.0215 0.5797 0.0099 0.5872 0.01
3 16 -125.8316 4.6245 35.1253 -122.9009 3.1867 37.0176 -123.2321 4.6245 34.6955 0.5573 0.0337 0.569 0.0446 0.5572 0.0453
3 16 -125.8316 4.6245 35.1253 -125.5773 3.1654 37.472 -122.9009 3.1867 37.0176 0.5573 0.0337 0.5693 0.0332 0.569 0.0446
3 16 -75.7087 4.625 22.6478 -123.2321 4.6245 34.6955 -74.8171 4.6247 24.3766 0.551 0.2563 0.5572 0.0453 0.5591 0.2585
3 16 -74.8171 4.6247 24.3766 -50.4738 4.625 17.2839 -75.7087 4.625 22.6478 0.5591 0.2585 0.5503 0.3665 0.551 0.2563
3 16 -128.2036 3.0792 37.6739 -125.4259 0.8897 38.3454 -125.5773 3.1654 37.472 0.5696 0.022 0.5797 0.0332 0.5693 0.0332
3 16 -128.2036 3.0792 37.6739 -128.1879 0.8897 38.5 -125.4259 0.8897 38.3454 0.5696 0.022 0.5798 0.0215 0.5797 0.0332
3 16 -123.2321 4.6245 34.6955 -74.3904 3.3009 26.6239 -74.8171 4.6247 24.3766 0.5572 0.0453 0.5705 0.2582 0.5591 0.2585
3 16 -123.2321 4.6245 34.6955 -122.9009 3.1867 37.0176 -74.3904 3.3009 26.6239 0.5572 0.0453 0.569 0.0446 0.5705 0.2582
3 16 -74.8171 4.6247 24.3766 -50.0866 4.6249 19.1057 -50.4738 4.625 17.2839 0.5591 0.2585 0.5584 0.3666 0.5503 0.3665
3 16 -50.0866 4.6249 19.1057 -74.8171 4.6247 24.3766 -74.3904 3.3009 26.6239 0.5584 0.3666 0.5591 0.2585 0.5705 0.2582
3 16 -50.0866 4.6249 19.1057 -26.7864 4.625 12.249 -50.4738 4.625 17.2839 0.5584 0.3666 0.5492 0.472 0.5503 0.3665
3 16 -125.5773 3.1654 37.472 -122.7676 0.8897 37.9074 -122.9009 3.1867 37.0176 0.5693 0.0332 0.5796 0.0444 0.569 0.0446
3 16 -125.5773 3.1654 37.472 -125.4259 0.8897 38.3454 -122.7676 0.8897 37.9074 0.5693 0.0332 0.5797 0.0332 0.5796 0.0444
3 16 -50.0866 4.6249 19.1057 -26.402 4.625 14.0577 -26.7864 4.625 12.249 0.5584 0.3666 0.557 0.4715 0.5492 0.472
3 16 -26.402 4.625 14.0577 -23.0025 4.625 10.8774 -26.7864 4.625 12.249 0.557 0.4715 0.5515 0.4938 0.5492 0.472
3 16 -122.9009 3.1867 37.0176 -122.7676 0.8897 37.9074 -74.2424 0.8897 27.5931 0.569 0.0446 0.5796 0.0444 0.5817 0.2579
3 16 -122.9009 3.1867 37.0176 -74.2424 0.8897 27.5931 -74.3904 3.3009 26.6239 0.569 0.0446 0.5817 0.2579 0.5705 0.2582
3 16 -125.4259 0.8897 38.3454 -122.7676 -0.6877 37.9074 -122.7676 0.8897 37.9074 0.5797 0.0332 0.5864 0.0443 0.5796 0.0444
3 16 -74.2424 0.8897 27.5931 -122.7676 0.8897 37.9074 -122.7676 -0.6877 37.9074 0.5817 0.2579 0.5796 0.0444 0.5864 0.0443
3 16 -128.1879 0.8897 38.5 -125.4259 -0.6877 38.3454 -125.4259 0.8897 38.3454 0.5798 0.0215 0.5864 0.0331 0.5797 0.0332
3 16 -125.4259 0.8897 38.3454 -125.4259 -0.6877 38.3454 -122.7676 -0.6877 37.9074 0.5797 0.0332 0.5864 0.0331 0.5864 0.0443
3 16 -50.0866 4.6249 19.1057 -74.3904 3.3009 26.6239 -49.559 3.3593 21.3036 0.5584 0.3666 0.5705 0.2582 0.5695 0.3669
3 16 -26.402 4.625 14.0577 -50.0866 4.6249 19.1057 -49.559 3.3593 21.3036 0.557 0.4715 0.5584 0.3666 0.5695 0.3669
3 16 -26.402 4.625 14.0577 -21.4777 4.625 12.0275 -23.0025 4.625 10.8774 0.557 0.4715 0.5593 0.497 0.5515 0.4938
3 16 -21.4777 4.625 12.0275 -20.1843 4.625 8.9781 -23.0025 4.625 10.8774 0.5593 0.497 0.5552 0.5129 0.5515 0.4938
3 16 -74.3904 3.3009 26.6239 -74.2424 0.8897 27.5931 -49.4047 0.8897 22.3136 0.5705 0.2582 0.5817 0.2579 0.5811 0.3667
3 16 -74.3904 3.3009 26.6239 -49.4047 0.8897 22.3136 -49.559 3.3593 21.3036 0.5705 0.2582 0.5811 0.3667 0.5695 0.3669
3 16 -128.1879 0.8897 38.5 -128.1879 -0.6877 38.5 -125.4259 -0.6877 38.3454 0.5798 0.0215 0.5867 0.0215 0.5864 0.0331
3 16 -128.1879 0.8897 38.5 -130.8589 -0.6877 38.5 -128.1879 -0.6877 38.5 0.5798 0.0215 0.5872 0.01 0.5867 0.0215
3 16 -26.402 4.625 14.0577 -49.559 3.3593 21.3036 -25.8799 3.415 16.2302 0.557 0.4715 0.5695 0.3669 0.5678 0.4706
3 16 -21.4777 4.625 12.0275 -26.402 4.625 14.0577 -25.8799 3.415 16.2302 0.5593 0.497 0.557 0.4715 0.5678 0.4706
3 16 -21.4777 4.625 12.0275 -17.8 4.625 9.1361 -20.1843 4.625 8.9781 0.5593 0.497 0.5644 0.519 0.5552 0.5129
3 16 -17.8 4.625 9.1361 -20.0191 4.625 8.2546 -20.1843 4.625 8.9781 0.5644 0.519 0.554 0.517 0.5552 0.5129
3 16 -128.1879 -0.6877 38.5 -125.6787 -2.7332 36.7019 -125.4259 -0.6877 38.3454 0.5867 0.0215 0.5976 0.0331 0.5864 0.0331
3 16 -122.7676 -0.6877 37.9074 -125.4259 -0.6877 38.3454 -125.6787 -2.7332 36.7019 0.5864 0.0443 0.5864 0.0331 0.5976 0.0331
3 16 -128.2375 -2.6671 36.9323 -128.1879 -0.6877 38.5 -130.8589 -0.6877 38.5 0.5978 0.0222 0.5867 0.0215 0.5872 0.01
3 16 -128.1879 -0.6877 38.5 -128.2375 -2.6671 36.9323 -125.6787 -2.7332 36.7019 0.5867 0.0215 0.5978 0.0222 0.5976 0.0331
3 16 -128.2375 -2.6671 36.9323 -130.8589 -0.6877 38.5 -131.178 -2.7025 36.8963 0.5978 0.0222 0.5872 0.01 0.5994 0.0097
3 16 -128.2826 -4.1007 33.6616 -128.2375 -2.6671 36.9323 -131.178 -2.7025 36.8963 0.6133 0.0243 0.5978 0.0222 0.5994 0.0097
3 16 -125.6787 -2.7332 36.7019 -128.2375 -2.6671 36.9323 -128.2826 -4.1007 33.6616 0.5976 0.0331 0.5978 0.0222 0.6133 0.0243
3 16 -128.2826 -4.1007 33.6616 -131.178 -2.7025 36.8963 -131.8362 -4.1018 33.6588 0.6133 0.0243 0.5994 0.0097 0.6157 0.0092
3 16 -49.559 3.3593 21.3036 -25.7173 0.8897 17.2787 -25.8799 3.415 16.2302 0.5695 0.3669 0.5793 0.4694 0.5678 0.4706
3 16 -49.559 3.3593 21.3036 -49.4047 0.8897 22.3136 -25.7173 0.8897 17.2787 0.5695 0.3669 0.5811 0.3667 0.5793 0.4694
3 16 -128.3217 -4.7994 28.5108 -128.2826 -4.1007 33.6616 -131.8362 -4.1018 33.6588 0.6357 0.0282 0.6133 0.0243 0.6157 0.0092
3 16 -128.3217 -4.7994 28.5108 -131.8362 -4.1018 33.6588 -132.1911 -4.7983 28.5733 0.6357 0.0282 0.6157 0.0092 0.6383 0.0118
3 16 -128.3217 -4.7994 28.5108 -132.1911 -4.7983 28.5733 -132.2643 -4.9419 20 0.6357 0.0282 0.6383 0.0118 0.675 0.0184
3 16 -128.3217 -4.7994 28.5108 -132.2643 -4.9419 20 -127.5285 -4.9486 20 0.6357 0.0282 0.675 0.0184 0.6714 0.0386
3 16 -125.6787 -2.7332 36.7019 -128.2826 -4.1007 33.6616 -126.0258 -4.1284 33.4387 0.5976 0.0331 0.6133 0.0243 0.6129 0.0341
3 16 -126.0258 -4.1284 33.4387 -128.2826 -4.1007 33.6616 -128.3217 -4.7994 28.5108 0.6129 0.0341 0.6133 0.0243 0.6357 0.0282
3 16 -128.3217 -4.7994 28.5108 -127.5285 -4.9486 20 -126.4413 -4.7999 28.477 0.6357 0.0282 0.6714 0.0386 0.6345 0.0363
3 16 -126.0258 -4.1284 33.4387 -128.3217 -4.7994 28.5108 -126.4413 -4.7999 28.477 0.6129 0.0341 0.6357 0.0282 0.6345 0.0363
3 16 -123.052 -2.789 36.1921 -125.6787 -2.7332 36.7019 -126.0258 -4.1284 33.4387 0.598 0.0445 0.5976 0.0331 0.6129 0.0341
3 16 -122.7676 -0.6877 37.9074 -125.6787 -2.7332 36.7019 -123.052 -2.789 36.1921 0.5864 0.0443 0.5976 0.0331 0.598 0.0445
3 16 -126.4413 -4.7999 28.477 -127.5285 -4.9486 20 -124.052 -4.8083 28.0008 0.6345 0.0363 0.6714 0.0386 0.6347 0.0468
3 16 -124.052 -4.8083 28.0008 -127.5285 -4.9486 20 -80.1061 -5.1241 9.9231 0.6347 0.0468 0.6714 0.0386 0.6745 0.2483
3 16 -123.4202 -4.162 32.9016 -126.0258 -4.1284 33.4387 -126.4413 -4.7999 28.477 0.6134 0.0456 0.6129 0.0341 0.6345 0.0363
3 16 -123.052 -2.789 36.1921 -126.0258 -4.1284 33.4387 -123.4202 -4.162 32.9016 0.598 0.0445 0.6129 0.0341 0.6134 0.0456
3 16 -123.4202 -4.162 32.9016 -126.4413 -4.7999 28.477 -124.052 -4.8083 28.0008 0.6134 0.0456 0.6345 0.0363 0.6347 0.0468
3 16 -74.2425 -0.6877 27.5931 -122.7676 -0.6877 37.9074 -123.052 -2.789 36.1921 0.5885 0.2579 0.5864 0.0443 0.598 0.0445
3 16 -74.2424 0.8897 27.5931 -122.7676 -0.6877 37.9074 -74.2425 -0.6877 27.5931 0.5817 0.2579 0.5864 0.0443 0.5885 0.2579
3 16 -49.4047 0.8897 22.3136 -74.2424 0.8897 27.5931 -74.2425 -0.6877 27.5931 0.5811 0.3667 0.5817 0.2579 0.5885 0.2579
3 16 -124.052 -4.8083 28.0008 -80.1061 -5.1241 9.9231 -75.9242 -4.9865 17.7883 0.6347 0.0468 0.6745 0.2483 0.6377 0.2593
3 16 -75.9242 -4.9865 17.7883 -80.1061 -5.1241 9.9231 -56.3712 -5.212 4.8796 0.6377 0.2593 0.6745 0.2483 0.6748 0.3542
3 16 -75.0279 -4.3653 22.5205 -123.4202 -4.162 32.9016 -124.052 -4.8083 28.0008 0.6167 0.259 0.6134 0.0456 0.6347 0.0468
3 16 -75.0279 -4.3653 22.5205 -124.052 -4.8083 28.0008 -75.9242 -4.9865 17.7883 0.6167 0.259 0.6347 0.0468 0.6377 0.2593
3 16 -74.5724 -3.0086 25.8239 -123.052 -2.789 36.1921 -123.4202 -4.162 32.9016 0.6012 0.258 0.598 0.0445 0.6134 0.0456
3 16 -74.2425 -0.6877 27.5931 -123.052 -2.789 36.1921 -74.5724 -3.0086 25.8239 0.5885 0.2579 0.598 0.0445 0.6012 0.258
3 16 -74.5724 -3.0086 25.8239 -123.4202 -4.162 32.9016 -75.0279 -4.3653 22.5205 0.6012 0.258 0.6134 0.0456 0.6167 0.259
3 16 -49.4047 0.8897 22.3136 -74.2425 -0.6877 27.5931 -49.4047 -0.6877 22.3136 0.5811 0.3667 0.5885 0.2579 0.588 0.3668
3 16 -49.4047 -0.6877 22.3136 -74.2425 -0.6877 27.5931 -74.5724 -3.0086 25.8239 0.588 0.3668 0.5885 0.2579 0.6012 0.258
3 16 -25.7173 0.8897 17.2787 -49.4047 0.8897 22.3136 -49.4047 -0.6877 22.3136 0.5793 0.4694 0.5811 0.3667 0.588 0.3668
3 16 -75.9242 -4.9865 17.7883 -56.3712 -5.212 4.8796 -51.4854 -5.077 12.6025 0.6377 0.2593 0.6748 0.3542 0.6377 0.3675
3 16 -51.4854 -5.077 12.6025 -75.0279 -4.3653 22.5205 -75.9242 -4.9865 17.7883 0.6377 0.3675 0.6167 0.259 0.6377 0.2593
3 16 -51.4854 -5.077 12.6025 -56.3712 -5.212 4.8796 -32.6837 -5.2997 -0.1538 0.6377 0.3675 0.6748 0.3542 0.6722 0.4616
3 16 -49.4047 -0.6877 22.3136 -74.5724 -3.0086 25.8239 -49.7737 -3.121 20.5203 0.588 0.3668 0.6012 0.258 0.6012 0.367
3 16 -49.7737 -3.121 20.5203 -74.5724 -3.0086 25.8239 -75.0279 -4.3653 22.5205 0.6012 0.367 0.6012 0.258 0.6167 0.259
3 16 -51.4854 -5.077 12.6025 -32.6837 -5.2997 -0.1538 -27.7964 -5.1648 7.5758 0.6377 0.3675 0.6722 0.4616 0.6347 0.4723
3 16 -29.614 -5.321 -1.3755 -27.7964 -5.1648 7.5758 -32.6837 -5.2997 -0.1538 0.6732 0.4772 0.6347 0.4723 0.6722 0.4616
3 16 -51.4854 -5.077 12.6025 -50.3133 -4.4691 17.2187 -75.0279 -4.3653 22.5205 0.6377 0.3675 0.6169 0.3679 0.6167 0.259
3 16 -49.7737 -3.121 20.5203 -75.0279 -4.3653 22.5205 -50.3133 -4.4691 17.2187 0.6012 0.367 0.6167 0.259 0.6169 0.3679
3 16 -27.7964 -5.1648 7.5758 -50.3133 -4.4691 17.2187 -51.4854 -5.077 12.6025 0.6347 0.4723 0.6169 0.3679 0.6377 0.3675
3 16 -25.7173 -0.6877 17.2787 -49.4047 -0.6877 22.3136 -49.7737 -3.121 20.5203 0.586 0.4691 0.588 0.3668 0.6012 0.367
3 16 -25.7173 0.8897 17.2787 -49.4047 -0.6877 22.3136 -25.7173 -0.6877 17.2787 0.5793 0.4694 0.588 0.3668 0.586 0.4691
3 16 -26.0929 -3.2283 15.4558 -49.7737 -3.121 20.5203 -50.3133 -4.4691 17.2187 0.5993 0.4693 0.6012 0.367 0.6169 0.3679
3 16 -25.7173 -0.6877 17.2787 -49.7737 -3.121 20.5203 -26.0929 -3.2283 15.4558 0.586 0.4691 0.6012 0.367 0.5993 0.4693
3 16 -27.7964 -5.1648 7.5758 -26.6356 -4.5685 12.1394 -50.3133 -4.4691 17.2187 0.6347 0.4723 0.6146 0.4711 0.6169 0.3679
3 16 -26.0929 -3.2283 15.4558 -50.3133 -4.4691 17.2187 -26.6356 -4.5685 12.1394 0.5993 0.4693 0.6169 0.3679 0.6146 0.4711
3 16 -29.614 -5.321 -1.3755 -25.1138 -5.1821 6.5851 -27.7964 -5.1648 7.5758 0.6732 0.4772 0.6348 0.4849 0.6347 0.4723
3 16 -26.6356 -4.5685 12.1394 -27.7964 -5.1648 7.5758 -25.1138 -5.1821 6.5851 0.6146 0.4711 0.6347 0.4723 0.6348 0.4849
3 16 -26.0929 -3.2283 15.4558 -26.6356 -4.5685 12.1394 -22.463 -4.5874 10.525 0.5993 0.4693 0.6146 0.4711 0.6154 0.4892
3 16 -26.6356 -4.5685 12.1394 -25.1138 -5.1821 6.5851 -22.463 -4.5874 10.525 0.6146 0.4711 0.6348 0.4849 0.6154 0.4892
3 16 -22.7849 -5.2124 4.8457 -25.1138 -5.1821 6.5851 -29.614 -5.321 -1.3755 0.6379 0.4974 0.6348 0.4849 0.6732 0.4772
3 16 -22.463 -4.5874 10.525 -25.1138 -5.1821 6.5851 -22.7849 -5.2124 4.8457 0.6154 0.4892 0.6348 0.4849 0.6379 0.4974
3 16 -22.7849 -5.2124 4.8457 -29.614 -5.321 -1.3755 -27.4306 -5.352 -3.1515 0.6379 0.4974 0.6732 0.4772 0.677 0.4895
3 16 -26.0929 -3.2283 15.4558 -22.463 -4.5874 10.525 -20.5184 -3.2424 13.265 0.5993 0.4693 0.6154 0.4892 0.6009 0.4922
3 16 -25.7173 -0.6877 17.2787 -26.0929 -3.2283 15.4558 -20.5184 -3.2424 13.265 0.586 0.4691 0.5993 0.4693 0.6009 0.4922
3 16 -22.463 -4.5874 10.525 -22.7849 -5.2124 4.8457 -19.3316 -4.6315 8.0566 0.6154 0.4892 0.6379 0.4974 0.6194 0.5051
3 16 -20.5184 -3.2424 13.265 -22.463 -4.5874 10.525 -19.3316 -4.6315 8.0566 0.6009 0.4922 0.6154 0.4892 0.6194 0.5051
3 16 -21.2453 -5.2474 2.8397 -22.7849 -5.2124 4.8457 -27.4306 -5.352 -3.1515 0.6428 0.5074 0.6379 0.4974 0.677 0.4895
3 16 -19.3316 -4.6315 8.0566 -22.7849 -5.2124 4.8457 -21.2453 -5.2474 2.8397 0.6194 0.5051 0.6379 0.4974 0.6428 0.5074
3 16 -20.4755 -5.2776 1.1108 -21.2453 -5.2474 2.8397 -27.4306 -5.352 -3.1515 0.648 0.5138 0.6428 0.5074 0.677 0.4895
3 16 -20.122 -5.297 0 -20.4755 -5.2776 1.1108 -27.4306 -5.352 -3.1515 0.6516 0.5173 0.648 0.5138 0.677 0.4895
3 16 -19.3316 -4.6315 8.0566 -21.2453 -5.2474 2.8397 -17.068 -4.6839 4.9719 0.6194 0.5051 0.6428 0.5074 0.6256 0.5199
3 16 -17.068 -4.6839 4.9719 -21.2453 -5.2474 2.8397 -20.4755 -5.2776 1.1108 0.6256 0.5199 0.6428 0.5074 0.648 0.5138
3 16 -15.9265 -4.7515 2.0772 -20.4755 -5.2776 1.1108 -20.122 -5.297 0 0.6327 0.5311 0.648 0.5138 0.6516 0.5173
3 16 -17.068 -4.6839 4.9719 -20.4755 -5.2776 1.1108 -15.9265 -4.7515 2.0772 0.6256 0.5199 0.648 0.5138 0.6327 0.5311
3 16 -15.9265 -4.7515 2.0772 -20.122 -5.297 0 -15.1913 -4.7324 0 0.6327 0.5311 0.6516 0.5173 0.6376 0.5394
3 16 -20.5184 -3.2424 13.265 -19.3316 -4.6315 8.0566 -16.7084 -3.2918 10.1787 0.6009 0.4922 0.6194 0.5051 0.6054 0.5106
3 16 -16.7084 -3.2918 10.1787 -19.3316 -4.6315 8.0566 -17.068 -4.6839 4.9719 0.6054 0.5106 0.6194 0.5051 0.6256 0.5199
3 16 -25.7173 -0.6877 17.2787 -20.5184 -3.2424 13.265 -19.3731 -0.6877 14.7296 0.586 0.4691 0.6009 0.4922 0.5882 0.4949
3 16 -19.3731 -0.6877 14.7296 -20.5184 -3.2424 13.265 -16.7084 -3.2918 10.1787 0.5882 0.4949 0.6009 0.4922 0.6054 0.5106
3 16 -12.4586 -3.4086 2.5329 -15.9265 -4.7515 2.0772 -15.1913 -4.7324 0 0.6193 0.5431 0.6327 0.5311 0.6376 0.5394
3 16 -12.4586 -3.4086 2.5329 -15.1913 -4.7324 0 -11.8654 -3.3813 0 0.6193 0.5431 0.6376 0.5394 0.6244 0.5529
3 16 -13.8571 -3.3414 6.1604 -17.068 -4.6839 4.9719 -15.9265 -4.7515 2.0772 0.6123 0.5288 0.6256 0.5199 0.6327 0.5311
3 16 -16.7084 -3.2918 10.1787 -17.068 -4.6839 4.9719 -13.8571 -3.3414 6.1604 0.6054 0.5106 0.6256 0.5199 0.6123 0.5288
3 16 -13.8571 -3.3414 6.1604 -15.9265 -4.7515 2.0772 -12.4586 -3.4086 2.5329 0.6123 0.5288 0.6327 0.5311 0.6193 0.5431
3 16 -10.6033 -0.6877 2.6107 -12.4586 -3.4086 2.5329 -11.8654 -3.3813 0 0.606 0.5511 0.6193 0.5431 0.6244 0.5529
3 16 -10.6033 -0.6877 2.6107 -11.8654 -3.3813 0 -10 -0.6877 0 0.606 0.5511 0.6244 0.5529 0.61 0.5616
3 16 -15.2511 -0.6877 11.355 -16.7084 -3.2918 10.1787 -13.8571 -3.3414 6.1604 0.5928 0.5143 0.6054 0.5106 0.6123 0.5288
3 16 -19.3731 -0.6877 14.7296 -16.7084 -3.2918 10.1787 -15.2511 -0.6877 11.355 0.5882 0.4949 0.6054 0.5106 0.5928 0.5143
3 16 -12.104 -0.6877 6.8297 -13.8571 -3.3414 6.1604 -12.4586 -3.4086 2.5329 0.5996 0.5344 0.6123 0.5288 0.6193 0.5431
3 16 -12.104 -0.6877 6.8297 -12.4586 -3.4086 2.5329 -10.6033 -0.6877 2.6107 0.5996 0.5344 0.6193 0.5431 0.606 0.5511
3 16 -15.2511 -0.6877 11.355 -13.8571 -3.3414 6.1604 -12.104 -0.6877 6.8297 0.5928 0.5143 0.6123 0.5288 0.5996 0.5344
3 16 -19.3731 0.8897 14.7296 -25.7173 -0.6877 17.2787 -19.3731 -0.6877 14.7296 0.5817 0.4957 0.586 0.4691 0.5882 0.4949
3 16 -19.3731 0.8897 14.7296 -25.7173 0.8897 17.2787 -25.7173 -0.6877 17.2787 0.5817 0.4957 0.5793 0.4694 0.586 0.4691
3 16 -10.5928 0.8897 2.5934 -10.6033 -0.6877 2.6107 -10 -0.6877 0 0.5991 0.5533 0.606 0.5511 0.61 0.5616
3 16 -10.5928 0.8897 2.5934 -10 -0.6877 0 -10 0.8897 0 0.5991 0.5533 0.61 0.5616 0.6023 0.564
3 16 -10.5928 0.8897 2.5934 -10 0.8897 0 -11.1495 3.4593 0 0.5991 0.5533 0.6023 0.564 0.5885 0.5658
3 16 -12.1089 0.8897 6.8235 -12.104 -0.6877 6.8297 -10.6033 -0.6877 2.6107 0.5931 0.5362 0.5996 0.5344 0.606 0.5511
3 16 -12.1089 0.8897 6.8235 -15.2511 -0.6877 11.355 -12.104 -0.6877 6.8297 0.5931 0.5362 0.5928 0.5143 0.5996 0.5344
3 16 -12.1089 0.8897 6.8235 -10.6033 -0.6877 2.6107 -10.5928 0.8897 2.5934 0.5931 0.5362 0.606 0.5511 0.5991 0.5533
3 16 -15.2511 0.8897 11.355 -19.3731 -0.6877 14.7296 -15.2511 -0.6877 11.355 0.5864 0.5157 0.5882 0.4949 0.5928 0.5143
3 16 -15.2511 0.8897 11.355 -19.3731 0.8897 14.7296 -19.3731 -0.6877 14.7296 0.5864 0.5157 0.5817 0.4957 0.5882 0.4949
3 16 -12.1089 0.8897 6.8235 -15.2511 0.8897 11.355 -15.2511 -0.6877 11.355 0.5931 0.5362 0.5864 0.5157 0.5928 0.5143
3 16 -10.5928 0.8897 2.5934 -11.1495 3.4593 0 -11.6904 3.5594 2.48 0.5991 0.5533 0.5885 0.5658 0.5858 0.5553
3 16 -11.6904 3.5594 2.48 -12.1089 0.8897 6.8235 -10.5928 0.8897 2.5934 0.5858 0.5553 0.5931 0.5362 0.5991 0.5533
3 16 -11.6904 3.5594 2.48 -11.1495 3.4593 0 -13.4293 4.625 0 0.5858 0.5553 0.5885 0.5658 0.5763 0.5651
3 16 -20.0356 3.4655 13.841 -25.7173 0.8897 17.2787 -19.3731 0.8897 14.7296 0.5701 0.4969 0.5793 0.4694 0.5817 0.4957
3 16 -20.0356 3.4655 13.841 -25.8799 3.415 16.2302 -25.7173 0.8897 17.2787 0.5701 0.4969 0.5678 0.4706 0.5793 0.4694
3 16 -21.4777 4.625 12.0275 -25.8799 3.415 16.2302 -20.0356 3.4655 13.841 0.5593 0.497 0.5678 0.4706 0.5701 0.4969
3 16 -17.8 4.625 9.1361 -21.4777 4.625 12.0275 -20.0356 3.4655 13.841 0.5644 0.519 0.5593 0.497 0.5701 0.4969
3 16 -16.0716 3.5129 10.5567 -20.0356 3.4655 13.841 -19.3731 0.8897 14.7296 0.5748 0.518 0.5701 0.4969 0.5817 0.4957
3 16 -16.0716 3.5129 10.5567 -19.3731 0.8897 14.7296 -15.2511 0.8897 11.355 0.5748 0.518 0.5817 0.4957 0.5864 0.5157
3 16 -17.8 4.625 9.1361 -20.0356 3.4655 13.841 -16.0716 3.5129 10.5567 0.5644 0.519 0.5701 0.4969 0.5748 0.518
3 16 -15.2511 0.8897 11.355 -12.1089 0.8897 6.8235 -13.1623 3.4828 6.4219 0.5864 0.5157 0.5931 0.5362 0.5812 0.5382
3 16 -11.6904 3.5594 2.48 -13.1623 3.4828 6.4219 -12.1089 0.8897 6.8235 0.5858 0.5553 0.5812 0.5382 0.5931 0.5362
3 16 -15.2511 0.8897 11.355 -13.1623 3.4828 6.4219 -16.0716 3.5129 10.5567 0.5864 0.5157 0.5812 0.5382 0.5748 0.518
3 16 -16.0716 3.5129 10.5567 -15.7119 4.6311 6.3341 -17.8 4.625 9.1361 0.5748 0.518 0.5693 0.5351 0.5644 0.519
3 16 -16.0716 3.5129 10.5567 -13.1623 3.4828 6.4219 -15.7119 4.6311 6.3341 0.5748 0.518 0.5812 0.5382 0.5693 0.5351
3 16 -17.8 4.625 9.1361 -15.7119 4.6311 6.3341 -20.0191 4.625 8.2546 0.5644 0.519 0.5693 0.5351 0.554 0.517
3 16 -15.762 4.625 3.7717 -20.0191 4.625 8.2546 -15.7119 4.6311 6.3341 0.5666 0.5465 0.554 0.517 0.5693 0.5351
3 16 -14.0956 4.625 2.8516 -13.1623 3.4828 6.4219 -11.6904 3.5594 2.48 0.5738 0.5523 0.5812 0.5382 0.5858 0.5553
3 16 -14.0956 4.625 2.8516 -15.7119 4.6311 6.3341 -13.1623 3.4828 6.4219 0.5738 0.5523 0.5693 0.5351 0.5812 0.5382
3 16 -15.762 4.625 3.7717 -15.7119 4.6311 6.3341 -14.0956 4.625 2.8516 0.5666 0.5465 0.5693 0.5351 0.5738 0.5523
3 16 -11.6904 3.5594 2.48 -13.4293 4.625 0 -14.0956 4.625 2.8516 0.5858 0.5553 0.5763 0.5651 0.5738 0.5523
3 16 -15.762 4.625 3.7717 -14.0956 4.625 2.8516 -15.0553 4.625 1.6827 0.5666 0.5465 0.5738 0.5523 0.5693 0.557
3 16 -15.0553 4.625 1.6827 -14.0956 4.625 2.8516 -13.4293 4.625 0 0.5693 0.557 0.5738 0.5523 0.5763 0.5651
3 16 -15.0553 4.625 1.6827 -13.4293 4.625 0 -14.6854 4.625 0 0.5693 0.557 0.5763 0.5651 0.5707 0.5646
3 16 -127.4914 4.625 20 -80.1061 -5.1241 9.9231 -127.5285 -4.9486 20 0.4703 0.5239 0.5118 0.3155 0.5115 0.524
3 16 -127.4914 4.625 20 -80.0875 6.875 9.9231 -80.1061 -5.1241 9.9231 0.4703 0.5239 0.4606 0.3155 0.5118 0.3155
3 16 -56.3712 -5.212 4.8796 -80.1061 -5.1241 9.9231 -80.0875 6.875 9.9231 0.512 0.2111 0.5118 0.3155 0.4606 0.3155
3 16 -56.3712 -5.212 4.8796 -80.0875 6.875 9.9231 -56.1662 8.2614 4.8375 0.512 0.2111 0.4606 0.3155 0.4541 0.2103
3 16 -56.3712 -5.212 4.8796 -56.1662 8.2614 4.8375 -47.9908 8.6587 3.0998 0.512 0.2111 0.4541 0.2103 0.4523 0.1744
3 16 -47.9908 8.6587 3.0998 -32.6837 -5.2997 -0.1538 -56.3712 -5.212 4.8796 0.4523 0.1744 0.5122 0.107 0.512 0.2111
3 16 -47.9908 8.6587 3.0998 -32.6837 9.125 -0.1538 -32.6837 -5.2997 -0.1538 0.4523 0.1744 0.4502 0.1071 0.5122 0.107
3 16 -29.7688 9.125 -1.2607 -32.6837 -5.2997 -0.1538 -32.6837 9.125 -0.1538 0.4501 0.0937 0.5122 0.107 0.4502 0.1071
3 16 -29.7688 9.125 -1.2607 -29.614 -5.321 -1.3755 -32.6837 -5.2997 -0.1538 0.4501 0.0937 0.5123 0.0928 0.5122 0.107
3 16 -27.4339 9.125 -3.1011 -29.614 -5.321 -1.3755 -29.7688 9.125 -1.2607 0.4501 0.0809 0.5123 0.0928 0.4501 0.0937
3 16 -27.4339 9.125 -3.1011 -27.4306 -5.352 -3.1515 -29.614 -5.321 -1.3755 0.4501 0.0809 0.5124 0.0806 0.5123 0.0928
3 16 -25.7403 9.125 -5.5686 -27.4306 -5.352 -3.1515 -27.4339 9.125 -3.1011 0.4501 0.068 0.5124 0.0806 0.4501 0.0809
3 16 -25.7403 9.125 -5.5686 -25.7852 -5.394 -5.5532 -27.4306 -5.352 -3.1515 0.4501 0.068 0.5125 0.0681 0.5124 0.0806
3 16 -24.8601 9.125 -8.5436 -25.7852 -5.394 -5.5532 -25.7403 9.125 -5.5686 0.4501 0.0547 0.5125 0.0681 0.4501 0.068
3 16 -24.8601 9.125 -8.5436 -24.8601 -5.4461 -8.5436 -25.7852 -5.394 -5.5532 0.4501 0.0547 0.5128 0.0547 0.5125 0.0681
3 16 -23.25 9.2849 -20 -24.8601 -5.4461 -8.5436 -24.8601 9.125 -8.5436 0.4496 0.0049 0.5128 0.0547 0.4501 0.0547
3 16 -23.25 9.2849 -20 -23.25 -5.6461 -20 -24.8601 -5.4461 -8.5436 0.4496 0.0049 0.5136 0.0049 0.5128 0.0547
3 16 -147.75 0 20 -148.0891 1.25 20 -148.0891 1.25 22 0.7514 0.5814 0.7514 0.587 0.7428 0.587
3 16 -147.75 0 20 -148.0891 1.25 22 -147.75 0 22 0.7514 0.5814 0.7428 0.587 0.7428 0.5814
3 16 -146.7117 -3.875 20 -147.75 0 20 -147.75 0 22 0.7514 0.5642 0.7514 0.5814 0.7428 0.5814
3 16 -146.7117 -3.875 20 -147.75 0 22 -146.7117 -3.875 22 0.7514 0.5642 0.7428 0.5814 0.7428 0.5642
3 16 -143.875 -6.7117 20 -146.7117 -3.875 20 -146.7117 -3.875 22 0.7514 0.5469 0.7514 0.5642 0.7428 0.5642
3 16 -143.875 -6.7117 20 -146.7117 -3.875 22 -143.875 -6.7117 22 0.7514 0.5469 0.7428 0.5642 0.7427 0.5469
3 16 -140 -7.75 20 -143.875 -6.7117 20 -143.875 -6.7117 22 0.7513 0.5297 0.7514 0.5469 0.7427 0.5469
3 16 -140 -7.75 20 -143.875 -6.7117 22 -140 -7.75 22 0.7513 0.5297 0.7427 0.5469 0.7427 0.5297
3 16 -136.125 -6.7117 20 -140 -7.75 20 -140 -7.75 22 0.7513 0.5124 0.7513 0.5297 0.7427 0.5297
3 16 -136.125 -6.7117 20 -140 -7.75 22 -136.125 -6.7117 22 0.7513 0.5124 0.7427 0.5297 0.7427 0.5124
3 16 -133.2883 -3.875 20 -136.125 -6.7117 20 -136.125 -6.7117 22 0.7513 0.4951 0.7513 0.5124 0.7427 0.5124
3 16 -133.2883 -3.875 20 -136.125 -6.7117 22 -133.2883 -3.875 22 0.7513 0.4951 0.7427 0.5124 0.7427 0.4951
3 16 -132.25 0 20 -133.2883 -3.875 20 -133.2883 -3.875 22 0.7513 0.4779 0.7513 0.4951 0.7427 0.4951
3 16 -132.25 0 20 -133.2883 -3.875 22 -132.25 0 22 0.7513 0.4779 0.7427 0.4951 0.7427 0.4779
3 16 -132.25 0 20 -132.25 0 22 -132.25 4.625 22 0.7513 0.4779 0.7427 0.4779 0.7427 0.458
3 16 -132.25 0 20 -132.25 4.625 22 -132.25 4.625 20 0.7513 0.4779 0.7427 0.458 0.7513 0.458
3 16 -13.4293 4.625 0 -11.1495 3.4593 0 -16.0541 9.2849 0 0.1464 0.4166 0.1358 0.4196 0.1533 0.3977
3 16 -11.1495 3.4593 0 -2.8009 5.5894 0 -16.0541 9.2849 0 0.1358 0.4196 0.1025 0.4035 0.1533 0.3977
3 16 -2.8009 5.5894 0 -2.8052 9.2849 0 -16.0541 9.2849 0 0.1025 0.4035 0.1056 0.3881 0.1533 0.3977
3 16 -2.8052 9.2849 0 -2.8009 5.5894 0 -1.4052 6.0413 0 0.1056 0.3881 0.1025 0.4035 0.097 0.4003
3 16 -1.4052 6.0413 0 0 9.2849 0 -2.8052 9.2849 0 0.097 0.4003 0.0938 0.3857 0.1056 0.3881
3 16 -1.4052 6.0413 0 0 6.25 0 0 9.2849 0 0.097 0.4003 0.0912 0.3983 0.0938 0.3857
3 16 1.1193 6.1294 0 0 9.2849 0 0 6.25 0 0.0864 0.3978 0.0938 0.3857 0.0912 0.3983
3 16 1.1193 6.1294 0 2.8584 8.7973 0 0 9.2849 0 0.0864 0.3978 0.0813 0.3851 0.0938 0.3857
3 16 2.225 5.8405 0 2.8584 8.7973 0 1.1193 6.1294 0 0.0815 0.3981 0.0813 0.3851 0.0864 0.3978
3 16 2.225 5.8405 0 5.437 7.4834 0 2.8584 8.7973 0 0.0815 0.3981 0.0693 0.3884 0.0813 0.3851
3 16 2.225 5.8405 0 2.225 4.2852 0 5.437 7.4834 0 0.0815 0.3981 0.0802 0.4047 0.0693 0.3884
3 16 2.225 4.2852 0 2.8284 2.8284 0 5.437 7.4834 0 0.0802 0.4047 0.0764 0.4103 0.0693 0.3884
3 16 2.8284 2.8284 0 7.4834 5.437 0 5.437 7.4834 0 0.0764 0.4103 0.059 0.3953 0.0693 0.3884
3 16 2.8284 2.8284 0 4.2852 2.225 0 7.4834 5.437 0 0.0764 0.4103 0.0697 0.4116 0.059 0.3953
3 16 4.2852 2.225 0 5.8405 2.225 0 7.4834 5.437 0 0.0697 0.4116 0.0632 0.4103 0.059 0.3953
3 16 5.8405 2.225 0 8.7973 2.8584 0 7.4834 5.437 0 0.0632 0.4103 0.0512 0.4051 0.059 0.3953
3 16 5.8405 2.225 0 6.1492 1.1179 0 8.7973 2.8584 0 0.0632 0.4103 0.0609 0.4147 0.0512 0.4051
3 16 6.1492 1.1179 0 9.25 0 0 8.7973 2.8584 0 0.0609 0.4147 0.0469 0.4167 0.0512 0.4051
3 16 6.1492 1.1179 0 6.25 0 0 9.25 0 0 0.0609 0.4147 0.0595 0.4193 0.0469 0.4167
3 16 6.0923 -1.4554 0 9.25 0 0 6.25 0 0 0.059 0.4256 0.0469 0.4167 0.0595 0.4193
3 16 6.0923 -1.4554 0 8.7973 -2.8584 0 9.25 0 0 0.059 0.4256 0.0464 0.4292 0.0469 0.4167
3 16 5.5873 -2.8009 0 8.7973 -2.8584 0 6.0923 -1.4554 0 0.0599 0.4317 0.0464 0.4292 0.059 0.4256
3 16 5.5873 -2.8009 0 7.4834 -5.437 0 8.7973 -2.8584 0 0.0599 0.4317 0.0497 0.4412 0.0464 0.4292
3 16 5.5873 -2.8009 0 5.437 -7.4834 0 7.4834 -5.437 0 0.0599 0.4317 0.0566 0.4515 0.0497 0.4412
3 16 5.5873 -2.8009 0 2.8009 -5.5873 0 5.437 -7.4834 0 0.0599 0.4317 0.0693 0.4458 0.0566 0.4515
3 16 5.5873 -2.8009 0 2.5337 -2.5337 0 2.8009 -5.5873 0 0.0599 0.4317 0.073 0.4332 0.0693 0.4458
3 16 2.8009 -5.5873 0 2.8584 -8.7973 0 5.437 -7.4834 0 0.0693 0.4458 0.0663 0.4593 0.0566 0.4515
3 16 2.8009 -5.5873 0 1.3917 -6.0743 0 2.8584 -8.7973 0 0.0693 0.4458 0.0748 0.4491 0.0663 0.4593
3 16 1.3917 -6.0743 0 0 -9.25 0 2.8584 -8.7973 0 0.0748 0.4491 0.078 0.4636 0.0663 0.4593
3 16 1.3917 -6.0743 0 0 -6.25 0 0 -9.25 0 0.0748 0.4491 0.0805 0.451 0.078 0.4636
3 16 -1.1179 -6.1471 0 0 -9.25 0 0 -6.25 0 0.0853 0.4515 0.078 0.4636 0.0805 0.451
3 16 -1.1179 -6.1471 0 -2.8584 -8.7973 0 0 -9.25 0 0.0853 0.4515 0.0904 0.4642 0.078 0.4636
3 16 -2.225 -5.8384 0 -2.8584 -8.7973 0 -1.1179 -6.1471 0 0.0903 0.4512 0.0904 0.4642 0.0853 0.4515
3 16 -2.225 -5.8384 0 -5.437 -7.4834 0 -2.8584 -8.7973 0 0.0903 0.4512 0.1024 0.4608 0.0904 0.4642
3 16 -2.225 -5.8384 0 -2.225 -4.2831 0 -5.437 -7.4834 0 0.0903 0.4512 0.0916 0.4446 0.1024 0.4608
3 16 -5.437 -7.4834 0 -2.225 -4.2831 0 -2.8284 -2.8284 0 0.1024 0.4608 0.0916 0.4446 0.0954 0.439
3 16 -2.8284 -2.8284 0 -7.5831 -5.297 0 -5.437 -7.4834 0 0.0954 0.439 0.1133 0.4534 0.1024 0.4608
3 16 -2.8284 -2.8284 0 -4.2852 -2.2229 0 -7.5831 -5.297 0 0.0954 0.439 0.1021 0.4377 0.1133 0.4534
3 16 -4.2852 -2.2229 0 -5.8405 -2.2229 0 -7.5831 -5.297 0 0.1021 0.4377 0.1086 0.439 0.1133 0.4534
3 16 -7.5831 -5.297 0 -5.8405 -2.2229 0 -10 -0.6877 0 0.1133 0.4534 0.1086 0.439 0.1275 0.4361
3 16 -5.8405 -2.2229 0 -6.1492 -1.1158 0 -10 -0.6877 0 0.1086 0.439 0.1109 0.4346 0.1275 0.4361
3 16 -6.25 0 0 -10 -0.6877 0 -6.1492 -1.1158 0 0.1122 0.43 0.1275 0.4361 0.1109 0.4346
3 16 -7.5831 -5.297 0 -10 -0.6877 0 -11.8654 -3.3813 0 0.1133 0.4534 0.1275 0.4361 0.133 0.449
3 16 -11.8654 -3.3813 0 -15.1913 -4.7324 0 -7.5831 -5.297 0 0.133 0.449 0.1459 0.4576 0.1133 0.4534
3 16 -7.5831 -5.297 0 -15.1913 -4.7324 0 -20.122 -5.297 0 0.1133 0.4534 0.1459 0.4576 0.1662 0.4642
3 16 -6.25 0 0 -10 0.8897 0 -10 -0.6877 0 0.1122 0.43 0.1288 0.4294 0.1275 0.4361
3 16 -6.0923 1.4575 0 -10 0.8897 0 -6.25 0 0 0.1128 0.4237 0.1288 0.4294 0.1122 0.43
3 16 -6.0923 1.4575 0 -11.1495 3.4593 0 -10 0.8897 0 0.1128 0.4237 0.1358 0.4196 0.1288 0.4294
3 16 -6.0923 1.4575 0 -5.5873 2.803 0 -11.1495 3.4593 0 0.1128 0.4237 0.1118 0.4176 0.1358 0.4196
3 16 -11.1495 3.4593 0 -5.5873 2.803 0 -2.8009 5.5894 0 0.1358 0.4196 0.1118 0.4176 0.1025 0.4035
3 16 -5.5873 2.803 0 -2.5337 2.5337 0 -2.8009 5.5894 0 0.1118 0.4176 0.0987 0.4161 0.1025 0.4035
3 16 -25.437 -12.5166 -20 -23.25 -11.3398 -20 -23.25 -11.3398 -40 0.4144 0.4337 0.4251 0.4337 0.4251 0.5197
3 16 -25.437 -12.5166 -20 -23.25 -11.3398 -40 -25.437 -12.5166 -40 0.4144 0.4337 0.4251 0.5197 0.4144 0.5197
3 16 -27.4834 -14.563 -20 -25.437 -12.5166 -20 -25.437 -12.5166 -40 0.4019 0.4337 0.4144 0.4337 0.4144 0.5197
3 16 -27.4834 -14.563 -20 -25.437 -12.5166 -40 -27.4834 -14.563 -40 0.4019 0.4337 0.4144 0.5197 0.402 0.5197
3 16 -28.7973 -17.1416 -20 -27.4834 -14.563 -20 -27.4834 -14.563 -40 0.3895 0.4337 0.4019 0.4337 0.402 0.5197
3 16 -28.7973 -17.1416 -20 -27.4834 -14.563 -40 -28.7973 -17.1416 -40 0.3895 0.4337 0.402 0.5197 0.3895 0.5197
3 16 -29.25 -20 -20 -28.7973 -17.1416 -20 -28.7973 -17.1416 -40 0.377 0.4337 0.3895 0.4337 0.3895 0.5197
3 16 -29.25 -20 -20 -28.7973 -17.1416 -40 -29.25 -20 -40 0.377 0.4337 0.3895 0.5197 0.3771 0.5197
3 16 -28.7973 -22.8584 -20 -29.25 -20 -20 -29.25 -20 -40 0.3646 0.4337 0.377 0.4337 0.3771 0.5197
3 16 -28.7973 -22.8584 -20 -29.25 -20 -40 -28.7973 -22.8584 -40 0.3646 0.4337 0.3771 0.5197 0.3646 0.5197
3 16 -27.4834 -25.437 -20 -28.7973 -22.8584 -20 -28.7973 -22.8584 -40 0.3522 0.4337 0.3646 0.4337 0.3646 0.5197
3 16 -27.4834 -25.437 -20 -28.7973 -22.8584 -40 -27.4834 -25.437 -40 0.3522 0.4337 0.3646 0.5197 0.3522 0.5197
3 16 -25.437 -27.4834 -20 -27.4834 -25.437 -20 -27.4834 -25.437 -40 0.3397 0.4337 0.3522 0.4337 0.3522 0.5197
3 16 -25.437 -27.4834 -20 -27.4834 -25.437 -40 -25.437 -27.4834 -40 0.3397 0.4337 0.3522 0.5197 0.3397 0.5197
3 16 -22.8584 -28.7973 -20 -25.437 -27.4834 -20 -25.437 -27.4834 -40 0.3273 0.4337 0.3397 0.4337 0.3397 0.5197
3 16 -22.8584 -28.7973 -20 -25.437 -27.4834 -40 -22.8584 -28.7973 -40 0.3273 0.4337 0.3397 0.5197 0.3273 0.5197
3 16 -20 -29.25 -20 -22.8584 -28.7973 -20 -22.8584 -28.7973 -40 0.3148 0.4337 0.3273 0.4337 0.3273 0.5197
3 16 -20 -29.25 -20 -22.8584 -28.7973 -40 -20 -29.25 -40 0.3148 0.4337 0.3273 0.5197 0.3149 0.5197
3 16 -17.1416 -28.7973 -20 -20 -29.25 -20 -20 -29.25 -40 0.3024 0.4337 0.3148 0.4337 0.3149 0.5197
3 16 -17.1416 -28.7973 -20 -20 -29.25 -40 -17.1416 -28.7973 -40 0.3024 0.4337 0.3149 0.5197 0.3024 0.5197
3 16 -14.563 -27.4834 -20 -17.1416 -28.7973 -20 -17.1416 -28.7973 -40 0.29 0.4337 0.3024 0.4337 0.3024 0.5197
3 16 -14.563 -27.4834 -20 -17.1416 -28.7973 -40 -14.563 -27.4834 -40 0.29 0.4337 0.3024 0.5197 0.29 0.5197
3 16 -12.5166 -25.437 -20 -14.563 -27.4834 -20 -14.563 -27.4834 -40 0.2775 0.4337 0.29 0.4337 0.29 0.5197
3 16 -12.5166 -25.437 -20 -14.563 -27.4834 -40 -12.5166 -25.437 -40 0.2775 0.4337 0.29 0.5197 0.2775 0.5197
3 16 -11.2027 -22.8584 -20 -12.5166 -25.437 -20 -12.5166 -25.437 -40 0.2651 0.4337 0.2775 0.4337 0.2775 0.5197
3 16 -11.2027 -22.8584 -20 -12.5166 -25.437 -40 -11.2027 -22.8584 -40 0.2651 0.4337 0.2775 0.5197 0.2651 0.5197
3 16 -10.7382 -20.0002 -20 -11.2027 -22.8584 -20 -11.2027 -22.8584 -40 0.2526 0.4337 0.2651 0.4337 0.2651 0.5197
3 16 -10.7382 -20.0002 -20 -11.2027 -22.8584 -40 -10.7382 -20.0002 -40 0.2526 0.4337 0.2651 0.5197 0.2526 0.5197
3 16 -10.7382 -20.0002 -40 -10.5018 -5.6461 -20 -10.7382 -20.0002 -20 0.2526 0.5197 0.1909 0.4337 0.2526 0.4337
3 16 -10.7382 -20.0002 -40 -10.5018 -5.6461 -40 -10.5018 -5.6461 -20 0.2526 0.5197 0.1909 0.5197 0.1909 0.4337
3 16 -15.762 4.625 3.7717 -20.6616 4.625 7.8832 -20.0191 4.625 8.2546 0.9503 0.6897 0.9634 0.6671 0.9655 0.6695
3 16 -21.012 4.625 4.8876 -20.6616 4.625 7.8832 -15.762 4.625 3.7717 0.9504 0.6682 0.9634 0.6671 0.9503 0.6897
3 16 -27.8388 4.625 6.3387 -20.6616 4.625 7.8832 -21.012 4.625 4.8876 0.9507 0.6382 0.9634 0.6671 0.9504 0.6682
3 16 -27.8388 4.625 6.3387 -27.0366 4.625 9.2381 -20.6616 4.625 7.8832 0.9507 0.6382 0.9636 0.6391 0.9634 0.6671
3 16 -45.9453 4.625 13.2567 -27.0366 4.625 9.2381 -27.8388 4.625 6.3387 0.9642 0.556 0.9636 0.6391 0.9507 0.6382
3 16 -45.9453 4.625 13.2567 -27.8388 4.625 6.3387 -46.7474 4.625 10.3578 0.9642 0.556 0.9507 0.6382 0.9513 0.5551
3 16 -52.4423 4.625 14.6375 -45.9453 4.625 13.2567 -46.7474 4.625 10.3578 0.9644 0.5274 0.9642 0.556 0.9513 0.5551
3 16 -52.4423 4.625 14.6375 -46.7474 4.625 10.3578 -52.9128 4.625 11.6683 0.9644 0.5274 0.9513 0.5551 0.9515 0.528
3 16 -52.4423 4.625 14.6375 -52.9128 4.625 11.6683 -76.8972 4.625 16.7664 0.9644 0.5274 0.9515 0.528 0.9523 0.4225
3 16 -52.4423 4.625 14.6375 -76.8972 4.625 16.7664 -76.1842 4.625 19.6833 0.9644 0.5274 0.9523 0.4225 0.9653 0.423
3 16 -125.3319 4.625 30.1285 -76.1842 4.625 19.6833 -76.8972 4.625 16.7664 0.9669 0.2069 0.9653 0.423 0.9523 0.4225
3 16 -125.3319 4.625 30.1285 -76.8972 4.625 16.7664 -125.9556 4.625 27.1941 0.9669 0.2069 0.9523 0.4225 0.954 0.2068
3 16 -125.9556 4.625 27.1941 -127.0634 4.625 30.3937 -125.3319 4.625 30.1285 0.954 0.2068 0.9666 0.1994 0.9669 0.2069
3 16 -125.9556 4.625 27.1941 -127.4022 4.625 27.4147 -127.0634 4.625 30.3937 0.954 0.2068 0.9537 0.2005 0.9666 0.1994
3 16 -128.8664 4.625 27.5 -127.0634 4.625 30.3937 -127.4022 4.625 27.4147 0.9528 0.1942 0.9666 0.1994 0.9537 0.2005
3 16 -128.8664 4.625 27.5 -128.8664 4.625 30.5 -127.0634 4.625 30.3937 0.9528 0.1942 0.9655 0.1917 0.9666 0.1994
3 16 -132.024 4.625 27.5 -128.8664 4.625 30.5 -128.8664 4.625 27.5 0.9501 0.1809 0.9655 0.1917 0.9528 0.1942
3 16 -132.024 4.625 27.5 -132.0429 4.625 30.5 -128.8664 4.625 30.5 0.9501 0.1809 0.9627 0.1783 0.9655 0.1917
3 16 -4.2852 -2.2229 -20 -5.8405 -2.2229 -20 -5.8405 -2.2229 0 0.9159 0.6808 0.9159 0.6875 0.8298 0.6875
3 16 -4.2852 -2.2229 -20 -5.8405 -2.2229 0 -4.2852 -2.2229 0 0.9159 0.6808 0.8298 0.6875 0.8298 0.6808
3 16 -4.2852 -2.2229 0 -2.8284 -2.8284 -20 -4.2852 -2.2229 -20 0.8298 0.6808 0.9159 0.6739 0.9159 0.6808
3 16 -4.2852 -2.2229 0 -2.8284 -2.8284 0 -2.8284 -2.8284 -20 0.8298 0.6808 0.8298 0.6739 0.9159 0.6739
3 16 -2.8284 -2.8284 0 -2.225 -4.2831 -20 -2.8284 -2.8284 -20 0.8298 0.6739 0.9159 0.667 0.9159 0.6739
3 16 -2.8284 -2.8284 0 -2.225 -4.2831 0 -2.225 -4.2831 -20 0.8298 0.6739 0.8298 0.667 0.9159 0.667
3 16 -2.225 -5.8384 -20 -2.225 -4.2831 -20 -2.225 -4.2831 0 0.9159 0.6603 0.9159 0.667 0.8298 0.667
3 16 -2.225 -5.8384 -20 -2.225 -4.2831 0 -2.225 -5.8384 0 0.9159 0.6603 0.8298 0.667 0.8298 0.6603
3 16 -2.8009 5.5894 -20 -2.5337 2.5358 -20 -5.5873 2.803 -20 0.9432 0.7702 0.9444 0.7833 0.9312 0.7821
3 16 -10.175 9.2849 -20 -2.8009 5.5894 -20 -5.5873 2.803 -20 0.9115 0.7544 0.9432 0.7702 0.9312 0.7821
3 16 -10.175 9.2849 -20 -5.5873 2.803 -20 -6.0923 1.4575 -20 0.9115 0.7544 0.9312 0.7821 0.9291 0.7879
3 16 -2.8009 5.5894 -20 -10.175 9.2849 -20 -1.5155 9.2849 -20 0.9432 0.7702 0.9115 0.7544 0.9487 0.7544
3 16 -2.8009 5.5894 -20 -1.5155 9.2849 -20 -1.4052 6.0413 -20 0.9432 0.7702 0.9487 0.7544 0.9492 0.7681
3 16 -0.0269 6.2499 -20 -1.4052 6.0413 -20 -1.5155 9.2849 -20 0.9551 0.7673 0.9492 0.7681 0.9487 0.7544
3 16 -0.0269 6.2499 -20 -1.5155 9.2849 -20 0 9.2849 -20 0.9551 0.7673 0.9487 0.7544 0.9553 0.7544
3 16 1.1193 6.1294 -20 -0.0269 6.2499 -20 0 9.2849 -20 0.9601 0.7678 0.9551 0.7673 0.9553 0.7544
3 16 1.1193 6.1294 -20 0 9.2849 -20 2.8584 8.7973 -20 0.9601 0.7678 0.9553 0.7544 0.9676 0.7564
3 16 2.225 5.8405 -20 1.1193 6.1294 -20 2.8584 8.7973 -20 0.9648 0.7691 0.9601 0.7678 0.9676 0.7564
3 16 -6.0923 1.4575 -20 -10.175 -5.6461 -20 -10.175 9.2849 -20 0.9291 0.7879 0.9115 0.8185 0.9115 0.7544
3 16 -6.2499 0.0269 -20 -10.175 -5.6461 -20 -6.0923 1.4575 -20 0.9284 0.7941 0.9115 0.8185 0.9291 0.7879
3 16 -6.2499 0.0269 -20 -6.1492 -1.1158 -20 -10.175 -5.6461 -20 0.9284 0.7941 0.9288 0.799 0.9115 0.8185
3 16 2.225 5.8405 -20 2.8584 8.7973 -20 5.437 7.4834 -20 0.9648 0.7691 0.9676 0.7564 0.9786 0.762
3 16 2.225 4.2852 -20 2.225 5.8405 -20 5.437 7.4834 -20 0.9648 0.7758 0.9648 0.7691 0.9786 0.762
3 16 2.8284 2.8284 -20 2.225 4.2852 -20 5.437 7.4834 -20 0.9674 0.782 0.9648 0.7758 0.9786 0.762
3 16 -6.1492 -1.1158 -20 -7.2964 -5.6461 -20 -10.175 -5.6461 -20 0.9288 0.799 0.9239 0.8185 0.9115 0.8185
3 16 7.4834 5.437 -20 2.8284 2.8284 -20 5.437 7.4834 -20 0.9874 0.7708 0.9674 0.782 0.9786 0.762
3 16 7.4834 5.437 -20 4.2852 2.225 -20 2.8284 2.8284 -20 0.9874 0.7708 0.9737 0.7846 0.9674 0.782
3 16 7.4834 5.437 -20 5.8405 2.225 -20 4.2852 2.225 -20 0.9874 0.7708 0.9804 0.7846 0.9737 0.7846
3 16 5.8405 2.225 -20 7.4834 5.437 -20 8.7973 2.8584 -20 0.9804 0.7846 0.9874 0.7708 0.9931 0.7819
3 16 5.8405 2.225 -20 8.7973 2.8584 -20 6.1492 1.1179 -20 0.9804 0.7846 0.9931 0.7819 0.9817 0.7894
3 16 -6.1492 -1.1158 -20 -5.8405 -2.2229 -20 -7.2964 -5.6461 -20 0.9288 0.799 0.9301 0.8038 0.9239 0.8185
3 16 -7.2964 -5.6461 -20 -5.8405 -2.2229 -20 -4.2852 -2.2229 -20 0.9239 0.8185 0.9301 0.8038 0.9368 0.8038
3 16 -2.8284 -2.8284 -20 -7.2964 -5.6461 -20 -4.2852 -2.2229 -20 0.9431 0.8064 0.9239 0.8185 0.9368 0.8038
3 16 6.1492 1.1179 -20 8.7973 2.8584 -20 9.25 0 -20 0.9817 0.7894 0.9931 0.7819 0.995 0.7942
3 16 6.1492 1.1179 -20 9.25 0 -20 6.25 0 -20 0.9817 0.7894 0.995 0.7942 0.9821 0.7942
3 16 6.0923 -1.4554 -20 6.25 0 -20 9.25 0 -20 0.9815 0.8005 0.9821 0.7942 0.995 0.7942
3 16 6.0923 -1.4554 -20 9.25 0 -20 8.7973 -2.8584 -20 0.9815 0.8005 0.995 0.7942 0.9931 0.8065
3 16 -2.8284 -2.8284 -20 -5.437 -7.4834 -20 -7.2964 -5.6461 -20 0.9431 0.8064 0.9319 0.8264 0.9239 0.8185
3 16 -5.437 -7.4834 -20 -2.8284 -2.8284 -20 -2.225 -4.2831 -20 0.9319 0.8264 0.9431 0.8064 0.9457 0.8126
3 16 -2.225 -4.2831 -20 -2.225 -5.8384 -20 -5.437 -7.4834 -20 0.9457 0.8126 0.9457 0.8193 0.9319 0.8264
3 16 -2.225 -5.8384 -20 -2.8584 -8.7973 -20 -5.437 -7.4834 -20 0.9457 0.8193 0.943 0.832 0.9319 0.8264
3 16 -2.225 -5.8384 -20 -1.1179 -6.1471 -20 -2.8584 -8.7973 -20 0.9457 0.8193 0.9504 0.8206 0.943 0.832
3 16 8.7973 -2.8584 -20 5.5873 -2.8009 -20 6.0923 -1.4554 -20 0.9931 0.8065 0.9793 0.8062 0.9815 0.8005
3 16 -1.1179 -6.1471 -20 0 -9.25 -20 -2.8584 -8.7973 -20 0.9504 0.8206 0.9553 0.834 0.943 0.832
3 16 -1.1179 -6.1471 -20 0.0269 -6.2499 -20 0 -9.25 -20 0.9504 0.8206 0.9554 0.8211 0.9553 0.834
3 16 1.3917 -6.0743 -20 0 -9.25 -20 0.0269 -6.2499 -20 0.9612 0.8203 0.9553 0.834 0.9554 0.8211
3 16 1.3917 -6.0743 -20 2.8584 -8.7973 -20 0 -9.25 -20 0.9612 0.8203 0.9676 0.832 0.9553 0.834
3 16 2.8009 -5.5873 -20 2.8584 -8.7973 -20 1.3917 -6.0743 -20 0.9673 0.8182 0.9676 0.832 0.9612 0.8203
3 16 2.8009 -5.5873 -20 5.437 -7.4834 -20 2.8584 -8.7973 -20 0.9673 0.8182 0.9786 0.8264 0.9676 0.832
3 16 2.8009 -5.5873 -20 2.5337 -2.5337 -20 5.5873 -2.8009 -20 0.9673 0.8182 0.9662 0.8051 0.9793 0.8062
3 16 8.7973 -2.8584 -20 7.4834 -5.437 -20 5.5873 -2.8009 -20 0.9931 0.8065 0.9874 0.8176 0.9793 0.8062
3 16 2.8009 -5.5873 -20 7.4834 -5.437 -20 5.437 -7.4834 -20 0.9673 0.8182 0.9874 0.8176 0.9786 0.8264
3 16 2.8009 -5.5873 -20 5.5873 -2.8009 -20 7.4834 -5.437 -20 0.9673 0.8182 0.9793 0.8062 0.9874 0.8176
3 16 -132.25 0 20 -132.25 4.625 20 -127.4914 4.625 20 0.0244 0.1501 0.0049 0.1462 0.0089 0.1261
3 16 -132.25 0 20 -127.4914 4.625 20 -127.5285 -4.9486 20 0.0244 0.1501 0.0089 0.1261 0.0493 0.1344
3 16 -132.25 0 20 -127.5285 -4.9486 20 -132.2643 -4.9419 20 0.0244 0.1501 0.0493 0.1344 0.0452 0.1544
3 16 -132.2643 -4.9419 20 -133.2883 -3.875 20 -132.25 0 20 0.0452 0.1544 0.0398 0.1578 0.0244 0.1501
3 16 -132.2643 -4.9419 20 -132.5166 -5.437 20 -133.2883 -3.875 20 0.0452 0.1544 0.0471 0.1559 0.0398 0.1578
3 16 -136.125 -6.7117 20 -133.2883 -3.875 20 -132.5166 -5.437 20 0.0494 0.1722 0.0398 0.1578 0.0471 0.1559
3 16 -136.125 -6.7117 20 -132.5166 -5.437 20 -134.563 -7.4834 20 0.0494 0.1722 0.0471 0.1559 0.054 0.1662
3 16 -136.125 -6.7117 20 -134.563 -7.4834 20 -137.1416 -8.7973 20 0.0494 0.1722 0.054 0.1662 0.0573 0.1782
3 16 -137.1416 -8.7973 20 -140 -7.75 20 -136.125 -6.7117 20 0.0573 0.1782 0.0505 0.1894 0.0494 0.1722
3 16 -137.1416 -8.7973 20 -140 -9.25 20 -140 -7.75 20 0.0573 0.1782 0.0568 0.1907 0.0505 0.1894
3 16 -142.8584 -8.7973 20 -140 -7.75 20 -140 -9.25 20 0.0524 0.2023 0.0505 0.1894 0.0568 0.1907
3 16 -142.8584 -8.7973 20 -143.875 -6.7117 20 -140 -7.75 20 0.0524 0.2023 0.0428 0.2048 0.0505 0.1894
3 16 -143.875 -6.7117 20 -142.8584 -8.7973 20 -145.437 -7.4834 20 0.0428 0.2048 0.0524 0.2023 0.0447 0.2121
3 16 -146.7117 -3.875 20 -143.875 -6.7117 20 -145.437 -7.4834 20 0.0284 0.2144 0.0428 0.2048 0.0447 0.2121
3 16 -146.7117 -3.875 20 -145.437 -7.4834 20 -147.4834 -5.437 20 0.0284 0.2144 0.0447 0.2121 0.0343 0.219
3 16 -146.7117 -3.875 20 -147.4834 -5.437 20 -148.7973 -2.8584 20 0.0284 0.2144 0.0343 0.219 0.0224 0.2223
3 16 -147.75 0 20 -146.7117 -3.875 20 -148.7973 -2.8584 20 0.0112 0.2154 0.0284 0.2144 0.0224 0.2223
3 16 -147.75 0 20 -148.7973 -2.8584 20 -149.25 0 20 0.0112 0.2154 0.0224 0.2223 0.0099 0.2214
3 16 -149.25 0 20 -148.0891 1.25 20 -147.75 0 20 0.0099 0.2214 0.0056 0.2158 0.0112 0.2154
3 16 -149.25 0 20 -149.0548 1.2325 20 -148.0891 1.25 20 0.0099 0.2214 0.0049 0.2199 0.0056 0.2158
3 16 -148.0891 1.25 22 -149.0548 1.2325 22 -148.7973 2.8584 22 0.4788 0.9713 0.4799 0.9753 0.4729 0.976
3 16 -148.0891 1.25 22 -148.7973 2.8584 22 -145.4127 3.125 22 0.4788 0.9713 0.4729 0.976 0.468 0.9623
3 16 -145.4127 3.125 22 -148.7973 2.8584 22 -147.4834 5.437 22 0.468 0.9623 0.4729 0.976 0.4607 0.9735
3 16 -146.25 0 22 -148.0891 1.25 22 -145.4127 3.125 22 0.4819 0.9623 0.4788 0.9713 0.468 0.9623
3 16 -146.25 0 22 -147.75 0 22 -148.0891 1.25 22 0.4819 0.9623 0.4836 0.9685 0.4788 0.9713
3 16 -146.25 0 22 -146.7117 -3.875 22 -147.75 0 22 0.4819 0.9623 0.4985 0.9599 0.4836 0.9685
3 16 -146.25 0 22 -145.4127 -3.125 22 -146.7117 -3.875 22 0.4819 0.9623 0.494 0.9553 0.4985 0.9599
3 16 -145.4127 -3.125 22 -143.875 -6.7117 22 -146.7117 -3.875 22 0.494 0.9553 0.5072 0.9449 0.4985 0.9599
3 16 -145.4127 -3.125 22 -143.125 -5.4127 22 -143.875 -6.7117 22 0.494 0.9553 0.5009 0.9433 0.5072 0.9449
3 16 -143.125 -5.4127 22 -140 -7.75 22 -143.875 -6.7117 22 0.5009 0.9433 0.5072 0.9277 0.5072 0.9449
3 16 -143.125 -5.4127 22 -140 -6.25 22 -140 -7.75 22 0.5009 0.9433 0.5009 0.9293 0.5072 0.9277
3 16 -140 -6.25 22 -136.125 -6.7117 22 -140 -7.75 22 0.5009 0.9293 0.4985 0.9127 0.5072 0.9277
3 16 -140 -6.25 22 -136.875 -5.4127 22 -136.125 -6.7117 22 0.5009 0.9293 0.494 0.9173 0.4985 0.9127
3 16 -136.875 -5.4127 22 -133.2883 -3.875 22 -136.125 -6.7117 22 0.494 0.9173 0.4836 0.9041 0.4985 0.9127
3 16 -136.875 -5.4127 22 -134.5873 -3.125 22 -133.2883 -3.875 22 0.494 0.9173 0.4819 0.9103 0.4836 0.9041
3 16 -143.125 5.4127 22 -145.4127 3.125 22 -147.4834 5.437 22 0.4559 0.9553 0.468 0.9623 0.4607 0.9735
3 16 -143.125 5.4127 22 -147.4834 5.437 22 -145.437 7.4834 22 0.4559 0.9553 0.4607 0.9735 0.4499 0.9672
3 16 -143.125 5.4127 22 -145.437 7.4834 22 -142.8584 8.7973 22 0.4559 0.9553 0.4499 0.9672 0.4416 0.958
3 16 -134.5873 -3.125 22 -132.25 0 22 -133.2883 -3.875 22 0.4819 0.9103 0.4663 0.9041 0.4836 0.9041
3 16 -134.5873 -3.125 22 -133.75 0 22 -132.25 0 22 0.4819 0.9103 0.468 0.9103 0.4663 0.9041
3 16 -140 6.25 22 -143.125 5.4127 22 -142.8584 8.7973 22 0.449 0.9433 0.4559 0.9553 0.4416 0.958
3 16 -140 6.25 22 -142.8584 8.7973 22 -140 9.25 22 0.449 0.9433 0.4416 0.958 0.4365 0.9466
3 16 -140 6.25 22 -140 9.25 22 -137.1416 8.7973 22 0.449 0.9433 0.4365 0.9466 0.4352 0.9342
3 16 -132.25 0 22 -133.75 0 22 -134.5873 3.125 22 0.4663 0.9041 0.468 0.9103 0.4559 0.9173
3 16 -140 6.25 22 -137.1416 8.7973 22 -136.875 5.4127 22 0.449 0.9433 0.4352 0.9342 0.449 0.9294
3 16 -136.875 5.4127 22 -137.1416 8.7973 22 -134.563 7.4834 22 0.449 0.9294 0.4352 0.9342 0.438 0.9222
3 16 -132.25 0 22 -134.5873 3.125 22 -132.25 4.625 22 0.4663 0.9041 0.4559 0.9173 0.4471 0.9093
3 16 -136.875 5.4127 22 -134.563 7.4834 22 -132.7809 5.1659 22 0.449 0.9294 0.438 0.9222 0.4455 0.9121
3 16 -134.5873 3.125 22 -136.875 5.4127 22 -132.7809 5.1659 22 0.4559 0.9173 0.449 0.9294 0.4455 0.9121
3 16 -134.5873 3.125 22 -132.7809 5.1659 22 -132.25 4.625 22 0.4559 0.9173 0.4455 0.9121 0.4471 0.9093
3 16 -132.7809 5.1659 22 -134.563 7.4834 22 -132.5166 5.437 22 0.4455 0.9121 0.438 0.9222 0.4442 0.9114
3 16 -132.5166 5.437 22 -132.25 4.625 22 -132.7809 5.1659 22 0.4442 0.9114 0.4471 0.9093 0.4455 0.9121
3 16 -132.5166 5.437 22 -131.9893 4.625 22 -132.25 4.625 22 0.4442 0.9114 0.4468 0.9082 0.4471 0.9093
3 16 -128.8664 -1.625 27.5 -131.0074 -1.625 27.5 -130.75 0 27.5 0.9154 0.5021 0.9154 0.5113 0.9084 0.5102
3 16 -128.8664 -1.625 27.5 -130.75 0 27.5 -128.8664 4.625 27.5 0.9154 0.5021 0.9084 0.5102 0.8885 0.5021
3 16 -128.8664 4.625 27.5 -130.75 0 27.5 -131.2027 2.8584 27.5 0.8885 0.5021 0.9084 0.5102 0.8961 0.5121
3 16 -132.024 4.625 27.5 -128.8664 4.625 27.5 -131.2027 2.8584 27.5 0.8885 0.5157 0.8885 0.5021 0.8961 0.5121
3 16 -128.8664 4.625 27.5 -127.4022 -1.625 27.4147 -128.8664 -1.625 27.5 0.8885 0.5021 0.9154 0.4958 0.9154 0.5021
3 16 -128.8664 4.625 27.5 -127.4022 4.625 27.4147 -127.4022 -1.625 27.4147 0.8885 0.5021 0.8885 0.4958 0.9154 0.4958
3 16 -127.4022 4.625 27.4147 -125.9556 -1.625 27.1941 -127.4022 -1.625 27.4147 0.8885 0.4958 0.9154 0.4895 0.9154 0.4958
3 16 -127.4022 4.625 27.4147 -125.9556 4.625 27.1941 -125.9556 -1.625 27.1941 0.8885 0.4958 0.8885 0.4895 0.9154 0.4895
3 16 -76.8972 4.625 16.7664 -125.9556 -1.625 27.1941 -125.9556 4.625 27.1941 0.8885 0.2737 0.9154 0.4895 0.8885 0.4895
3 16 -76.8972 4.625 16.7664 -76.8972 -1.625 16.7664 -125.9556 -1.625 27.1941 0.8885 0.2737 0.9154 0.2737 0.9154 0.4895
3 16 -55.5273 -1.625 12.2214 -76.8972 -1.625 16.7664 -76.8972 4.625 16.7664 0.911 0.18 0.9154 0.2737 0.8885 0.2737
3 16 -55.5273 -1.625 12.2214 -76.8972 4.625 16.7664 -52.9128 4.625 11.6683 0.911 0.18 0.8885 0.2737 0.8886 0.1683
3 16 -52.9128 4.625 11.6683 -53.1529 -1.625 11.7165 -55.5273 -1.625 12.2214 0.8886 0.1683 0.9103 0.1696 0.911 0.18
3 16 -50.7487 -1.625 11.2084 -53.1529 -1.625 11.7165 -52.9128 4.625 11.6683 0.9106 0.1584 0.9103 0.1696 0.8886 0.1683
3 16 -50.7487 -1.625 11.2084 -52.9128 4.625 11.6683 -46.7474 4.625 10.3578 0.9106 0.1584 0.8886 0.1683 0.8886 0.1412
3 16 -46.7474 4.625 10.3578 -27.8388 -1.625 6.3387 -50.7487 -1.625 11.2084 0.8886 0.1412 0.9155 0.058 0.9106 0.1584
3 16 -46.7474 4.625 10.3578 -27.8388 4.625 6.3387 -27.8388 -1.625 6.3387 0.8886 0.1412 0.8886 0.058 0.9155 0.058
3 16 -27.8388 4.625 6.3387 -21.012 -1.625 4.8876 -27.8388 -1.625 6.3387 0.8886 0.058 0.9155 0.028 0.9155 0.058
3 16 -27.8388 4.625 6.3387 -21.012 4.625 4.8876 -21.012 -1.625 4.8876 0.8886 0.058 0.8886 0.028 0.9155 0.028
3 16 -21.012 4.625 4.8876 -15.762 -1.625 3.7717 -21.012 -1.625 4.8876 0.8886 0.028 0.9155 0.0049 0.9155 0.028
3 16 -21.012 4.625 4.8876 -15.762 4.625 3.7717 -15.762 -1.625 3.7717 0.8886 0.028 0.8886 0.0049 0.9155 0.0049
3 16 -14.6854 4.625 0 -14.6464 -1.625 -0.2992 -15.0553 -1.625 1.6827 0.2378 0.27 0.2365 0.2431 0.2452 0.2431
3 16 -14.6854 4.625 0 -15.0553 -1.625 1.6827 -15.0553 4.625 1.6827 0.2378 0.27 0.2452 0.2431 0.2452 0.27
3 16 -15.0553 4.625 1.6827 -15.0553 -1.625 1.6827 -15.762 -1.625 3.7717 0.2452 0.27 0.2452 0.2431 0.2547 0.2431
3 16 -15.0553 4.625 1.6827 -15.762 -1.625 3.7717 -15.762 4.625 3.7717 0.2452 0.27 0.2547 0.2431 0.2547 0.27
3 16 -19.3731 -1.625 -13.4556 -20.8945 9.2849 -2.6305 -20.8945 -1.625 -2.6305 0.1029 0.4705 0.0561 0.5175 0.0559 0.4707
3 16 -19.3731 -1.625 -13.4556 -19.3731 9.2849 -13.4556 -20.8945 9.2849 -2.6305 0.1029 0.4705 0.1031 0.5173 0.0561 0.5175
3 16 -19.3731 -1.625 -13.4556 -18.5525 9.2849 -15.0014 -19.3731 9.2849 -13.4556 0.1029 0.4705 0.1107 0.5173 0.1031 0.5173
3 16 -19.3731 -1.625 -13.4556 -18.5525 -1.625 -15.0014 -18.5525 9.2849 -15.0014 0.1029 0.4705 0.1107 0.4705 0.1107 0.5173
3 16 -18.5525 -1.625 -15.0014 -16.875 9.2849 -15.5 -18.5525 9.2849 -15.0014 0.1107 0.4705 0.1184 0.5173 0.1107 0.5173
3 16 -18.5525 -1.625 -15.0014 -16.875 -1.625 -15.5 -16.875 9.2849 -15.5 0.1107 0.4705 0.1185 0.4705 0.1184 0.5173
3 16 -16.875 -1.625 -15.5 -9.25 0 -15.5 -16.875 9.2849 -15.5 0.1185 0.4705 0.1513 0.4776 0.1184 0.5173
3 16 -16.875 -1.625 -15.5 -9.2798 -1.625 -15.5 -9.25 0 -15.5 0.1185 0.4705 0.1512 0.4706 0.1513 0.4776
3 16 -16.875 9.2849 -15.5 -9.25 0 -15.5 -8.7973 2.8584 -15.5 0.1184 0.5173 0.1513 0.4776 0.1532 0.4899
3 16 -16.875 9.2849 -15.5 -8.7973 2.8584 -15.5 -7.4834 5.437 -15.5 0.1184 0.5173 0.1532 0.4899 0.1588 0.501
3 16 -16.875 9.2849 -15.5 -7.4834 5.437 -15.5 -5.6708 7.2496 -15.5 0.1184 0.5173 0.1588 0.501 0.1666 0.5088
3 16 -3.9573 8.7513 -15.5 -16.875 9.2849 -15.5 -5.6708 7.2496 -15.5 0.1739 0.5153 0.1184 0.5173 0.1666 0.5088
3 16 -16.875 9.2849 -15.5 -3.9573 8.7513 -15.5 -1.5155 9.2849 -15.5 0.1184 0.5173 0.1739 0.5153 0.1844 0.5174
3 16 -148.0891 1.25 22 -149.0548 1.2325 20 -149.0548 1.2325 22 0.0384 0.0049 0.047 0.0091 0.0384 0.0091
3 16 -148.0891 1.25 22 -148.0891 1.25 20 -149.0548 1.2325 20 0.0384 0.0049 0.047 0.0049 0.047 0.0091
3 16 -7.2964 -5.6461 -20 -7.5831 -5.297 0 -10.175 -5.6461 -20 0.6774 0.656 0.5913 0.656 0.6772 0.6436
3 16 -7.5831 -5.297 0 -10.5018 -5.6461 -20 -10.175 -5.6461 -20 0.5913 0.656 0.6772 0.6422 0.6772 0.6436
3 16 -24.8601 -5.4461 -8.5436 -10.5018 -5.6461 -20 -7.5831 -5.297 0 0.627 0.5811 0.6772 0.6422 0.5913 0.656
3 16 -23.25 -5.6461 -20 -10.5018 -5.6461 -20 -24.8601 -5.4461 -8.5436 0.6764 0.5874 0.6772 0.6422 0.627 0.5811
3 16 -20.122 -5.297 0 -24.8601 -5.4461 -8.5436 -7.5831 -5.297 0 0.5906 0.602 0.627 0.5811 0.5913 0.656
3 16 -20.122 -5.297 0 -25.7852 -5.394 -5.5532 -24.8601 -5.4461 -8.5436 0.5906 0.602 0.6141 0.5774 0.627 0.5811
3 16 -25.7852 -5.394 -5.5532 -20.122 -5.297 0 -27.4306 -5.352 -3.1515 0.6141 0.5774 0.5906 0.602 0.6037 0.5704
3 16 -2.225 -5.8384 0 -1.1179 -6.1471 -20 -2.225 -5.8384 -20 0.1858 0.9285 0.2718 0.9236 0.2718 0.9285
3 16 -2.225 -5.8384 0 -1.1179 -6.1471 0 -1.1179 -6.1471 -20 0.1858 0.9285 0.1858 0.9236 0.2718 0.9236
3 16 -1.1179 -6.1471 0 0.0269 -6.2499 -20 -1.1179 -6.1471 -20 0.1858 0.9236 0.2718 0.9187 0.2718 0.9236
3 16 -1.1179 -6.1471 0 0 -6.25 0 0.0269 -6.2499 -20 0.1858 0.9236 0.1858 0.9188 0.2718 0.9187
3 16 0 -6.25 0 1.3917 -6.0743 -20 0.0269 -6.2499 -20 0.1858 0.9188 0.2718 0.9127 0.2718 0.9187
3 16 0 -6.25 0 1.3917 -6.0743 0 1.3917 -6.0743 -20 0.1858 0.9188 0.1858 0.9127 0.2718 0.9127
3 16 2.8009 -5.5873 -20 1.3917 -6.0743 -20 1.3917 -6.0743 0 0.2718 0.9063 0.2718 0.9127 0.1858 0.9127
3 16 2.8009 -5.5873 -20 1.3917 -6.0743 0 2.8009 -5.5873 0 0.2718 0.9063 0.1858 0.9127 0.1858 0.9063
3 16 -5.8405 -2.2229 0 -5.8405 -2.2229 -20 -6.1492 -1.1158 -20 0.5915 0.7656 0.6776 0.7656 0.6776 0.7706
3 16 -5.8405 -2.2229 0 -6.1492 -1.1158 -20 -6.1492 -1.1158 0 0.5915 0.7656 0.6776 0.7706 0.5915 0.7706
3 16 -6.25 0 0 -6.1492 -1.1158 0 -6.1492 -1.1158 -20 0.5915 0.7754 0.5915 0.7706 0.6776 0.7706
3 16 -6.25 0 0 -6.1492 -1.1158 -20 -6.2499 0.0269 -20 0.5915 0.7754 0.6776 0.7706 0.6776 0.7755
3 16 -6.0923 1.4575 0 -6.25 0 0 -6.2499 0.0269 -20 0.5915 0.7817 0.5915 0.7754 0.6776 0.7755
3 16 -6.0923 1.4575 0 -6.2499 0.0269 -20 -6.0923 1.4575 -20 0.5915 0.7817 0.6776 0.7755 0.6776 0.7817
3 16 -5.5873 2.803 0 -6.0923 1.4575 0 -6.0923 1.4575 -20 0.5915 0.7879 0.5915 0.7817 0.6776 0.7817
3 16 -5.5873 2.803 0 -6.0923 1.4575 -20 -5.5873 2.803 -20 0.5915 0.7879 0.6776 0.7817 0.6776 0.7879
3 16 2.5337 -2.5337 0 2.8009 -5.5873 -20 2.8009 -5.5873 0 0.1858 0.9545 0.2718 0.9677 0.1858 0.9677
3 16 2.5337 -2.5337 0 2.5337 -2.5337 -20 2.8009 -5.5873 -20 0.1858 0.9545 0.2718 0.9545 0.2718 0.9677
3 16 -2.5337 2.5358 -20 -2.8009 5.5894 0 -2.5337 2.5337 0 0.0947 0.9705 0.0087 0.9837 0.0087 0.9705
3 16 -2.5337 2.5358 -20 -2.8009 5.5894 -20 -2.8009 5.5894 0 0.0947 0.9705 0.0947 0.9837 0.0087 0.9837
3 16 -2.5337 2.5358 -20 -5.5873 2.803 0 -5.5873 2.803 -20 0.2488 0.9873 0.1628 0.9741 0.2488 0.9741
3 16 -2.5337 2.5358 -20 -2.5337 2.5337 0 -5.5873 2.803 0 0.2488 0.9873 0.1628 0.9873 0.1628 0.9741
3 16 5.5873 -2.8009 0 6.0923 -1.4554 -20 5.5873 -2.8009 -20 0.3357 0.9051 0.3419 0.9912 0.3357 0.9912
3 16 5.5873 -2.8009 0 6.0923 -1.4554 0 6.0923 -1.4554 -20 0.3357 0.9051 0.3419 0.9051 0.3419 0.9912
3 16 6.0923 -1.4554 0 6.25 0 -20 6.0923 -1.4554 -20 0.3419 0.9051 0.3482 0.9912 0.3419 0.9912
3 16 6.0923 -1.4554 0 6.25 0 0 6.25 0 -20 0.3419 0.9051 0.3482 0.9051 0.3482 0.9912
3 16 6.25 0 0 6.1492 1.1179 -20 6.25 0 -20 0.3482 0.9051 0.353 0.9912 0.3482 0.9912
3 16 6.25 0 0 6.1492 1.1179 0 6.1492 1.1179 -20 0.3482 0.9051 0.353 0.9051 0.353 0.9912
3 16 5.8405 2.225 -20 6.1492 1.1179 -20 6.1492 1.1179 0 0.3579 0.9912 0.353 0.9912 0.353 0.9051
3 16 5.8405 2.225 -20 6.1492 1.1179 0 5.8405 2.225 0 0.3579 0.9912 0.353 0.9051 0.358 0.9051
3 16 5.5873 -2.8009 -20 2.5337 -2.5337 0 5.5873 -2.8009 0 0.2635 0.9349 0.1775 0.9481 0.1775 0.9349
3 16 5.5873 -2.8009 -20 2.5337 -2.5337 -20 2.5337 -2.5337 0 0.2635 0.9349 0.2635 0.9481 0.1775 0.9481
3 16 -2.8009 5.5894 -20 -1.4052 6.0413 0 -2.8009 5.5894 0 0.1949 0.8115 0.1089 0.8178 0.1089 0.8114
3 16 -2.8009 5.5894 -20 -1.4052 6.0413 -20 -1.4052 6.0413 0 0.1949 0.8115 0.1949 0.8178 0.1089 0.8178
3 16 0 6.25 0 -1.4052 6.0413 0 -1.4052 6.0413 -20 0.1089 0.8239 0.1089 0.8178 0.1949 0.8178
3 16 0 6.25 0 -1.4052 6.0413 -20 -0.0269 6.2499 -20 0.1089 0.8239 0.1949 0.8178 0.1949 0.8238
3 16 1.1193 6.1294 0 0 6.25 0 -0.0269 6.2499 -20 0.1089 0.8287 0.1089 0.8239 0.1949 0.8238
3 16 1.1193 6.1294 0 -0.0269 6.2499 -20 1.1193 6.1294 -20 0.1089 0.8287 0.1949 0.8238 0.1949 0.8288
3 16 2.225 5.8405 -20 1.1193 6.1294 0 1.1193 6.1294 -20 0.1949 0.8337 0.1089 0.8287 0.1949 0.8288
3 16 2.225 5.8405 -20 2.225 5.8405 0 1.1193 6.1294 0 0.1949 0.8337 0.1089 0.8337 0.1089 0.8287
3 16 2.225 5.8405 -20 2.225 4.2852 0 2.225 5.8405 0 0.0049 0.2287 0.0116 0.3147 0.0049 0.3147
3 16 2.225 5.8405 -20 2.225 4.2852 -20 2.225 4.2852 0 0.0049 0.2287 0.0116 0.2287 0.0116 0.3147
3 16 2.225 4.2852 0 2.225 4.2852 -20 2.8284 2.8284 -20 0.0116 0.3147 0.0116 0.2287 0.0185 0.2287
3 16 2.225 4.2852 0 2.8284 2.8284 -20 2.8284 2.8284 0 0.0116 0.3147 0.0185 0.2287 0.0184 0.3147
3 16 4.2852 2.225 0 2.8284 2.8284 0 2.8284 2.8284 -20 0.0254 0.3147 0.0184 0.3147 0.0185 0.2287
3 16 4.2852 2.225 0 2.8284 2.8284 -20 4.2852 2.225 -20 0.0254 0.3147 0.0185 0.2287 0.0254 0.2287
3 16 5.8405 2.225 -20 4.2852 2.225 0 4.2852 2.225 -20 0.032 0.2287 0.0254 0.3147 0.0254 0.2287
3 16 5.8405 2.225 -20 5.8405 2.225 0 4.2852 2.225 0 0.032 0.2287 0.032 0.3147 0.0254 0.3147
3 16 -7.2964 -5.6461 -20 -5.437 -7.4834 0 -7.5831 -5.297 0 0.277 0.0684 0.1912 0.0817 0.1909 0.0685
3 16 -7.2964 -5.6461 -20 -5.437 -7.4834 -20 -5.437 -7.4834 0 0.277 0.0684 0.2772 0.0797 0.1912 0.0817
3 16 -2.8584 -8.7973 -20 -5.437 -7.4834 0 -5.437 -7.4834 -20 0.2775 0.0921 0.1912 0.0817 0.2772 0.0797
3 16 -2.8584 -8.7973 -20 -2.8584 -8.7973 0 -5.437 -7.4834 0 0.2775 0.0921 0.1915 0.0941 0.1912 0.0817
3 16 -2.8584 -8.7973 0 -2.8584 -8.7973 -20 0 -9.25 -20 0.1915 0.0941 0.2775 0.0921 0.2778 0.1046
3 16 -2.8584 -8.7973 0 0 -9.25 -20 0 -9.25 0 0.1915 0.0941 0.2778 0.1046 0.1918 0.1066
3 16 0 -9.25 0 0 -9.25 -20 2.8584 -8.7973 -20 0.1918 0.1066 0.2778 0.1046 0.2781 0.117
3 16 0 -9.25 0 2.8584 -8.7973 -20 2.8584 -8.7973 0 0.1918 0.1066 0.2781 0.117 0.1921 0.119
3 16 2.8584 -8.7973 0 2.8584 -8.7973 -20 5.437 -7.4834 -20 0.1921 0.119 0.2781 0.117 0.2784 0.1295
3 16 2.8584 -8.7973 0 5.437 -7.4834 -20 5.437 -7.4834 0 0.1921 0.119 0.2784 0.1295 0.1924 0.1314
3 16 5.437 -7.4834 0 5.437 -7.4834 -20 7.4834 -5.437 -20 0.1924 0.1314 0.2784 0.1295 0.2787 0.1419
3 16 5.437 -7.4834 0 7.4834 -5.437 -20 7.4834 -5.437 0 0.1924 0.1314 0.2787 0.1419 0.1927 0.1439
3 16 7.4834 -5.437 0 7.4834 -5.437 -20 8.7973 -2.8584 -20 0.1927 0.1439 0.2787 0.1419 0.279 0.1543
3 16 7.4834 -5.437 0 8.7973 -2.8584 -20 8.7973 -2.8584 0 0.1927 0.1439 0.279 0.1543 0.193 0.1563
3 16 8.7973 -2.8584 0 8.7973 -2.8584 -20 9.25 0 -20 0.193 0.1563 0.279 0.1543 0.2793 0.1668
3 16 8.7973 -2.8584 0 9.25 0 -20 9.25 0 0 0.193 0.1563 0.2793 0.1668 0.1933 0.1688
3 16 9.25 0 0 9.25 0 -20 8.7973 2.8584 -20 0.1933 0.1688 0.2793 0.1668 0.2795 0.1792
3 16 9.25 0 0 8.7973 2.8584 -20 8.7973 2.8584 0 0.1933 0.1688 0.2795 0.1792 0.1935 0.1812
3 16 8.7973 2.8584 0 8.7973 2.8584 -20 7.4834 5.437 -20 0.1935 0.1812 0.2795 0.1792 0.2798 0.1917
3 16 8.7973 2.8584 0 7.4834 5.437 -20 7.4834 5.437 0 0.1935 0.1812 0.2798 0.1917 0.1938 0.1937
3 16 7.4834 5.437 0 7.4834 5.437 -20 5.437 7.4834 -20 0.1938 0.1937 0.2798 0.1917 0.2801 0.2041
3 16 7.4834 5.437 0 5.437 7.4834 -20 5.437 7.4834 0 0.1938 0.1937 0.2801 0.2041 0.1941 0.2061
3 16 5.437 7.4834 0 5.437 7.4834 -20 2.8584 8.7973 -20 0.1941 0.2061 0.2801 0.2041 0.2804 0.2166
3 16 5.437 7.4834 0 2.8584 8.7973 -20 2.8584 8.7973 0 0.1941 0.2061 0.2804 0.2166 0.1944 0.2186
3 16 2.8584 8.7973 0 2.8584 8.7973 -20 0 9.2849 -20 0.1944 0.2186 0.2804 0.2166 0.2807 0.229
3 16 2.8584 8.7973 0 0 9.2849 -20 0 9.2849 0 0.1944 0.2186 0.2807 0.229 0.1947 0.231
3 16 0 9.2849 -20 -1.5155 9.2849 -6.7788 0 9.2849 0 0.2807 0.229 0.224 0.2369 0.1947 0.231
3 16 -1.5155 9.2849 -6.7788 -2.8052 9.2849 0 0 9.2849 0 0.224 0.2369 0.195 0.2431 0.1947 0.231
3 16 -16.0541 9.2849 0 -2.8052 9.2849 0 -1.5155 9.2849 -6.7788 0.1963 0.3001 0.195 0.2431 0.224 0.2369
3 16 0 9.2849 -20 -1.5155 9.2849 -15.5 -1.5155 9.2849 -6.7788 0.2807 0.229 0.2615 0.236 0.224 0.2369
3 16 -1.5155 9.2849 -15.5 0 9.2849 -20 -1.5155 9.2849 -20 0.2615 0.236 0.2807 0.229 0.2808 0.2356
3 16 -1.5155 9.2849 -15.5 -1.5155 9.2849 -20 -10.175 9.2849 -20 0.2615 0.236 0.2808 0.2356 0.2817 0.2728
3 16 -1.5155 9.2849 -15.5 -10.175 9.2849 -20 -16.875 9.2849 -15.5 0.2615 0.236 0.2817 0.2728 0.2624 0.2732
3 16 -16.0541 9.2849 0 -1.5155 9.2849 -6.7788 -20.8945 9.2849 -2.6305 0.1963 0.3001 0.224 0.2369 0.2081 0.3206
3 16 -19.3857 9.2849 0.7082 -16.0541 9.2849 0 -20.8945 9.2849 -2.6305 0.1936 0.3145 0.1963 0.3001 0.2081 0.3206
3 16 -20.8945 9.2849 -2.6305 -22.7173 9.2849 1.4163 -19.3857 9.2849 0.7082 0.2081 0.3206 0.1909 0.3289 0.1936 0.3145
3 16 -22.7173 9.2849 1.4163 -20.8945 9.2849 -2.6305 -23.604 9.2849 1.0936 0.1909 0.3289 0.2081 0.3206 0.1923 0.3326
3 16 -19.3857 -1.625 0.7082 -14.6464 -1.625 -0.2992 -14.6854 4.625 0 0.9695 0.8404 0.9904 0.8403 0.99 0.8672
3 16 -14.6854 4.625 0 -19.3857 9.2849 0.7082 -19.3857 -1.625 0.7082 0.99 0.8672 0.9695 0.8871 0.9695 0.8404
3 16 -19.3857 9.2849 0.7082 -22.7173 -1.625 1.4163 -19.3857 -1.625 0.7082 0.9695 0.8871 0.9549 0.8404 0.9695 0.8404
3 16 -19.3857 9.2849 0.7082 -22.7173 9.2849 1.4163 -22.7173 -1.625 1.4163 0.9695 0.8871 0.9549 0.8871 0.9549 0.8404
3 16 -14.6854 4.625 0 -16.0541 9.2849 0 -19.3857 9.2849 0.7082 0.99 0.8672 0.9842 0.8871 0.9695 0.8871
3 16 -14.6854 4.625 0 -13.4293 4.625 0 -16.0541 9.2849 0 0.99 0.8672 0.9927 0.8672 0.9842 0.8871
3 16 -22.7173 9.2849 1.4163 -23.604 -1.625 1.0936 -22.7173 -1.625 1.4163 0.0485 0.2696 0.0444 0.2229 0.0485 0.2229
3 16 -22.7173 9.2849 1.4163 -23.604 9.2849 1.0936 -23.604 -1.625 1.0936 0.0485 0.2696 0.0444 0.2696 0.0444 0.2229
3 16 -147.75 0 40 -148.7973 2.8584 40 -149.25 0 40 0.6085 0.927 0.5989 0.9359 0.6027 0.924
3 16 -147.75 0 40 -149.25 0 40 -148.7973 -2.8584 40 0.6085 0.927 0.6027 0.924 0.61 0.914
3 16 -147.75 0 40 -148.7973 -2.8584 40 -146.7117 -3.875 40 0.6085 0.927 0.61 0.914 0.62 0.9141
3 16 -146.7117 -3.875 40 -148.7973 -2.8584 40 -147.4834 -5.437 40 0.62 0.9141 0.61 0.914 0.6201 0.9067
3 16 -147.75 0 40 -146.7117 3.875 40 -148.7973 2.8584 40 0.6085 0.927 0.6049 0.9438 0.5989 0.9359
3 16 -146.7117 3.875 40 -147.4834 5.437 40 -148.7973 2.8584 40 0.6049 0.9438 0.5989 0.9483 0.5989 0.9359
3 16 -146.7117 3.875 40 -145.437 7.4834 40 -147.4834 5.437 40 0.6049 0.9438 0.6027 0.9602 0.5989 0.9483
3 16 -146.7117 3.875 40 -143.875 6.7117 40 -145.437 7.4834 40 0.6049 0.9438 0.6102 0.9603 0.6027 0.9602
3 16 -143.875 6.7117 40 -142.8584 8.7973 40 -145.437 7.4834 40 0.6102 0.9603 0.61 0.9702 0.6027 0.9602
3 16 -143.875 -6.7117 40 -146.7117 -3.875 40 -147.4834 -5.437 40 0.6364 0.9088 0.62 0.9141 0.6201 0.9067
3 16 -143.875 -6.7117 40 -147.4834 -5.437 40 -145.437 -7.4834 40 0.6364 0.9088 0.6201 0.9067 0.6319 0.9028
3 16 -143.875 -6.7117 40 -145.437 -7.4834 40 -142.8584 -8.7973 40 0.6364 0.9088 0.6319 0.9028 0.6444 0.9028
3 16 -142.8584 8.7973 40 -143.875 6.7117 40 -140 7.75 40 0.61 0.9702 0.6102 0.9603 0.623 0.9718
3 16 -142.8584 8.7973 40 -140 7.75 40 -140 9.25 40 0.61 0.9702 0.623 0.9718 0.6201 0.9776
3 16 -137.1416 8.7973 40 -140 9.25 40 -140 7.75 40 0.6319 0.9814 0.6201 0.9776 0.623 0.9718
3 16 -137.1416 8.7973 40 -140 7.75 40 -136.125 6.7117 40 0.6319 0.9814 0.623 0.9718 0.6399 0.9754
3 16 -136.125 6.7117 40 -134.563 7.4834 40 -137.1416 8.7973 40 0.6399 0.9754 0.6443 0.9812 0.6319 0.9814
3 16 -140 -7.75 40 -143.875 -6.7117 40 -142.8584 -8.7973 40 0.6533 0.9124 0.6364 0.9088 0.6444 0.9028
3 16 -140 -7.75 40 -142.8584 -8.7973 40 -140 -9.25 40 0.6533 0.9124 0.6444 0.9028 0.6562 0.9067
3 16 -140 -7.75 40 -140 -9.25 40 -137.1416 -8.7973 40 0.6533 0.9124 0.6562 0.9067 0.6663 0.914
3 16 -140 -7.75 40 -137.1416 -8.7973 40 -136.125 -6.7117 40 0.6533 0.9124 0.6663 0.914 0.6661 0.9239
3 16 -136.125 -6.7117 40 -137.1416 -8.7973 40 -134.563 -7.4834 40 0.6661 0.9239 0.6663 0.914 0.6736 0.924
3 16 -133.2883 3.875 40 -134.563 7.4834 40 -136.125 6.7117 40 0.6563 0.9701 0.6443 0.9812 0.6399 0.9754
3 16 -133.2883 3.875 40 -132.5166 5.437 40 -134.563 7.4834 40 0.6563 0.9701 0.6562 0.9774 0.6443 0.9812
3 16 -133.2883 3.875 40 -131.2027 2.8584 40 -132.5166 5.437 40 0.6563 0.9701 0.6663 0.9702 0.6562 0.9774
3 16 -133.2883 -3.875 40 -136.125 -6.7117 40 -134.563 -7.4834 40 0.6715 0.9404 0.6661 0.9239 0.6736 0.924
3 16 -133.2883 -3.875 40 -134.563 -7.4834 40 -132.5166 -5.437 40 0.6715 0.9404 0.6736 0.924 0.6775 0.9359
3 16 -133.2883 -3.875 40 -132.5166 -5.437 40 -131.2027 -2.8584 40 0.6715 0.9404 0.6775 0.9359 0.6775 0.9483
3 16 -131.2027 2.8584 40 -133.2883 3.875 40 -132.25 0 40 0.6663 0.9702 0.6563 0.9701 0.6679 0.9572
3 16 -131.2027 -2.8584 40 -132.25 0 40 -133.2883 -3.875 40 0.6775 0.9483 0.6679 0.9572 0.6715 0.9404
3 16 -131.2027 2.8584 40 -132.25 0 40 -130.75 0 40 0.6663 0.9702 0.6679 0.9572 0.6736 0.9602
3 16 -131.2027 -2.8584 40 -130.75 0 40 -132.25 0 40 0.6775 0.9483 0.6736 0.9602 0.6679 0.9572
3 16 -23.25 -5.6461 -20 -20 -12.25 -20 -10.5018 -5.6461 -20 0.3104 0.2169 0.3248 0.1888 0.3652 0.2178
3 16 -23.25 -5.6461 -20 -23.25 -11.3398 -20 -20 -12.25 -20 0.3104 0.2169 0.3108 0.1924 0.3248 0.1888
3 16 -10.5018 -5.6461 -20 -20 -12.25 -20 -16.125 -13.2883 -20 0.3652 0.2178 0.3248 0.1888 0.3416 0.1846
3 16 -23.25 -11.3398 -20 -23.875 -13.2883 -20 -20 -12.25 -20 0.3108 0.1924 0.3082 0.184 0.3248 0.1888
3 16 -10.5018 -5.6461 -20 -16.125 -13.2883 -20 -13.2883 -16.125 -20 0.3652 0.2178 0.3416 0.1846 0.354 0.1726
3 16 -23.25 -11.3398 -20 -25.437 -12.5166 -20 -23.875 -13.2883 -20 0.3108 0.1924 0.3015 0.1872 0.3082 0.184
3 16 -10.7382 -20.0002 -20 -10.5018 -5.6461 -20 -13.2883 -16.125 -20 0.3652 0.1561 0.3652 0.2178 0.354 0.1726
3 16 -10.7382 -20.0002 -20 -13.2883 -16.125 -20 -12.25 -20 -20 0.3652 0.1561 0.354 0.1726 0.3587 0.156
3 16 -11.2027 -22.8584 -20 -10.7382 -20.0002 -20 -12.25 -20 -20 0.3634 0.1438 0.3652 0.1561 0.3587 0.156
3 16 -25.437 -12.5166 -20 -26.7117 -16.125 -20 -23.875 -13.2883 -20 0.3015 0.1872 0.2962 0.1716 0.3082 0.184
3 16 -25.437 -12.5166 -20 -27.4834 -14.563 -20 -26.7117 -16.125 -20 0.3015 0.1872 0.2928 0.1783 0.2962 0.1716
3 16 -26.7117 -16.125 -20 -27.4834 -14.563 -20 -28.7973 -17.1416 -20 0.2962 0.1716 0.2928 0.1783 0.2874 0.1671
3 16 -11.2027 -22.8584 -20 -12.25 -20 -20 -13.2883 -23.875 -20 0.3634 0.1438 0.3587 0.156 0.3545 0.1392
3 16 -13.2883 -23.875 -20 -12.5166 -25.437 -20 -11.2027 -22.8584 -20 0.3545 0.1392 0.358 0.1326 0.3634 0.1438
3 16 -13.2883 -23.875 -20 -14.563 -27.4834 -20 -12.5166 -25.437 -20 0.3545 0.1392 0.3493 0.1236 0.358 0.1326
3 16 -13.2883 -23.875 -20 -16.125 -26.7117 -20 -14.563 -27.4834 -20 0.3545 0.1392 0.3425 0.1268 0.3493 0.1236
3 16 -16.125 -26.7117 -20 -17.1416 -28.7973 -20 -14.563 -27.4834 -20 0.3425 0.1268 0.3383 0.1178 0.3493 0.1236
3 16 -28.7973 -17.1416 -20 -27.75 -20 -20 -26.7117 -16.125 -20 0.2874 0.1671 0.2921 0.1549 0.2962 0.1716
3 16 -28.7973 -17.1416 -20 -29.25 -20 -20 -27.75 -20 -20 0.2874 0.1671 0.2856 0.1548 0.2921 0.1549
3 16 -28.7973 -22.8584 -20 -27.75 -20 -20 -29.25 -20 -20 0.2878 0.1425 0.2921 0.1549 0.2856 0.1548
3 16 -28.7973 -22.8584 -20 -26.7117 -23.875 -20 -27.75 -20 -20 0.2878 0.1425 0.2968 0.1383 0.2921 0.1549
3 16 -26.7117 -23.875 -20 -28.7973 -22.8584 -20 -27.4834 -25.437 -20 0.2968 0.1383 0.2878 0.1425 0.2936 0.1315
3 16 -17.1416 -28.7973 -20 -16.125 -26.7117 -20 -20 -27.75 -20 0.3383 0.1178 0.3425 0.1268 0.3259 0.1221
3 16 -17.1416 -28.7973 -20 -20 -27.75 -20 -20 -29.25 -20 0.3383 0.1178 0.3259 0.1221 0.326 0.1156
3 16 -22.8584 -28.7973 -20 -20 -29.25 -20 -20 -27.75 -20 0.3137 0.1174 0.326 0.1156 0.3259 0.1221
3 16 -23.875 -26.7117 -20 -26.7117 -23.875 -20 -27.4834 -25.437 -20 0.3092 0.1263 0.2968 0.1383 0.2936 0.1315
3 16 -22.8584 -28.7973 -20 -20 -27.75 -20 -23.875 -26.7117 -20 0.3137 0.1174 0.3259 0.1221 0.3092 0.1263
3 16 -23.875 -26.7117 -20 -27.4834 -25.437 -20 -25.437 -27.4834 -20 0.3092 0.1263 0.2936 0.1315 0.3025 0.1229
3 16 -23.875 -26.7117 -20 -25.437 -27.4834 -20 -22.8584 -28.7973 -20 0.3092 0.1263 0.3025 0.1229 0.3137 0.1174
3 16 -19.25 -1.625 -23.2 -16.8313 -1.625 -20.6384 -14.175 -1.625 -23.2 0.0317 0.0267 0.0207 0.0163 0.0317 0.0049
3 16 -16.8313 -1.625 -20.6384 -14.988 -1.625 -20.5771 -14.175 -1.625 -23.2 0.0207 0.0163 0.0204 0.0084 0.0317 0.0049
3 16 -19.25 -1.625 -23.2 -18.5544 -1.625 -20.6956 -16.8313 -1.625 -20.6384 0.0317 0.0267 0.021 0.0237 0.0207 0.0163
3 16 -14.988 -1.625 -20.5771 -16.8313 -1.625 -20.6384 -16.875 -1.625 -20 0.0204 0.0084 0.0207 0.0163 0.018 0.0165
3 16 -16.875 -1.625 -20 -16.8313 -1.625 -20.6384 -18.5544 -1.625 -20.6956 0.018 0.0165 0.0207 0.0163 0.021 0.0237
3 16 -148.7973 2.8584 -100 -147.75 0 -100 -149.25 0 -100 0.5813 0.9709 0.5828 0.9579 0.5886 0.9608
3 16 -147.75 0 -100 -148.7973 -2.8584 -100 -149.25 0 -100 0.5828 0.9579 0.5924 0.949 0.5886 0.9608
3 16 -147.75 0 -100 -146.7117 -3.875 -100 -148.7973 -2.8584 -100 0.5828 0.9579 0.5864 0.941 0.5924 0.949
3 16 -148.7973 -2.8584 -100 -146.7117 -3.875 -100 -147.4834 -5.437 -100 0.5924 0.949 0.5864 0.941 0.5924 0.9365
3 16 -148.7973 2.8584 -100 -146.7117 3.875 -100 -147.75 0 -100 0.5813 0.9709 0.5713 0.9707 0.5828 0.9579
3 16 -147.4834 5.437 -100 -146.7117 3.875 -100 -148.7973 2.8584 -100 0.5712 0.9782 0.5713 0.9707 0.5813 0.9709
3 16 -145.437 7.4834 -100 -146.7117 3.875 -100 -147.4834 5.437 -100 0.5594 0.9821 0.5713 0.9707 0.5712 0.9782
3 16 -145.437 7.4834 -100 -143.875 6.7117 -100 -146.7117 3.875 -100 0.5594 0.9821 0.5549 0.9761 0.5713 0.9707
3 16 -142.8584 8.7973 -100 -143.875 6.7117 -100 -145.437 7.4834 -100 0.5469 0.9821 0.5549 0.9761 0.5594 0.9821
3 16 -147.4834 -5.437 -100 -146.7117 -3.875 -100 -143.875 -6.7117 -100 0.5924 0.9365 0.5864 0.941 0.5811 0.9246
3 16 -147.4834 -5.437 -100 -143.875 -6.7117 -100 -145.437 -7.4834 -100 0.5924 0.9365 0.5811 0.9246 0.5886 0.9247
3 16 -145.437 -7.4834 -100 -143.875 -6.7117 -100 -142.8584 -8.7973 -100 0.5886 0.9247 0.5811 0.9246 0.5813 0.9146
3 16 -142.8584 8.7973 -100 -140 7.75 -100 -143.875 6.7117 -100 0.5469 0.9821 0.538 0.9725 0.5549 0.9761
3 16 -142.8584 8.7973 -100 -140 9.25 -100 -140 7.75 -100 0.5469 0.9821 0.5351 0.9782 0.538 0.9725
3 16 -140 7.75 -100 -140 9.25 -100 -137.1416 8.7973 -100 0.538 0.9725 0.5351 0.9782 0.525 0.9709
3 16 -140 7.75 -100 -137.1416 8.7973 -100 -136.125 6.7117 -100 0.538 0.9725 0.525 0.9709 0.5252 0.9609
3 16 -134.563 7.4834 -100 -136.125 6.7117 -100 -137.1416 8.7973 -100 0.5179 0.9607 0.5252 0.9609 0.525 0.9709
3 16 -142.8584 -8.7973 -100 -143.875 -6.7117 -100 -140 -7.75 -100 0.5813 0.9146 0.5811 0.9246 0.5683 0.9131
3 16 -142.8584 -8.7973 -100 -140 -7.75 -100 -140 -9.25 -100 0.5813 0.9146 0.5683 0.9131 0.5712 0.9073
3 16 -140 -7.75 -100 -137.1416 -8.7973 -100 -140 -9.25 -100 0.5683 0.9131 0.5594 0.9035 0.5712 0.9073
3 16 -140 -7.75 -100 -136.125 -6.7117 -100 -137.1416 -8.7973 -100 0.5683 0.9131 0.5514 0.9095 0.5594 0.9035
3 16 -137.1416 -8.7973 -100 -136.125 -6.7117 -100 -134.563 -7.4834 -100 0.5594 0.9035 0.5514 0.9095 0.5469 0.9035
3 16 -134.563 7.4834 -100 -133.2883 3.875 -100 -136.125 6.7117 -100 0.5179 0.9607 0.5198 0.9445 0.5252 0.9609
3 16 -134.563 7.4834 -100 -132.5166 5.437 -99.9804 -133.2883 3.875 -100 0.5179 0.9607 0.514 0.949 0.5198 0.9445
3 16 -131.2027 2.8584 -100 -133.2883 3.875 -100 -132.5166 5.437 -99.9804 0.5138 0.9365 0.5198 0.9445 0.514 0.949
3 16 -134.563 -7.4834 -100 -136.125 -6.7117 -100 -133.2883 -3.875 -100 0.5469 0.9035 0.5514 0.9095 0.535 0.9148
3 16 -134.563 -7.4834 -100 -133.2883 -3.875 -100 -132.5166 -5.437 -99.9255 0.5469 0.9035 0.535 0.9148 0.5351 0.9074
3 16 -132.5166 -5.437 -99.9255 -133.2883 -3.875 -100 -131.2027 -2.8584 -100 0.5351 0.9074 0.535 0.9148 0.525 0.9146
3 16 -131.2027 2.8584 -100 -132.25 0 -100 -133.2883 3.875 -100 0.5138 0.9365 0.5234 0.9276 0.5198 0.9445
3 16 -132.25 0 -100 -131.2027 -2.8584 -100 -133.2883 -3.875 -100 0.5234 0.9276 0.525 0.9146 0.535 0.9148
3 16 -131.2027 2.8584 -100 -130.75 0 -100 -132.25 0 -100 0.5138 0.9365 0.5177 0.9247 0.5234 0.9276
3 16 -132.25 0 -100 -130.75 0 -100 -131.2027 -2.8584 -100 0.5234 0.9276 0.5177 0.9247 0.525 0.9146
3 16 -20 -12.25 -40 -23.25 -5.6461 -40 -10.5018 -5.6461 -40 0.7718 0.3459 0.7437 0.3604 0.7427 0.3055
3 16 -20 -12.25 -40 -23.25 -11.3398 -40 -23.25 -5.6461 -40 0.7718 0.3459 0.7681 0.36 0.7437 0.3604
3 16 -20 -12.25 -40 -10.5018 -5.6461 -40 -16.125 -13.2883 -40 0.7718 0.3459 0.7427 0.3055 0.776 0.3292
3 16 -23.875 -13.2883 -40 -23.25 -11.3398 -40 -20 -12.25 -40 0.7766 0.3625 0.7681 0.36 0.7718 0.3459
3 16 -16.125 -13.2883 -40 -10.5018 -5.6461 -40 -13.2883 -16.125 -40 0.776 0.3292 0.7427 0.3055 0.788 0.3168
3 16 -23.875 -13.2883 -40 -25.437 -12.5166 -40 -23.25 -11.3398 -40 0.7766 0.3625 0.7734 0.3693 0.7681 0.36
3 16 -13.2883 -16.125 -40 -10.5018 -5.6461 -40 -10.7382 -20.0002 -40 0.788 0.3168 0.7427 0.3055 0.8045 0.3055
3 16 -13.2883 -16.125 -40 -10.7382 -20.0002 -40 -12.25 -20 -40 0.788 0.3168 0.8045 0.3055 0.8046 0.312
3 16 -12.25 -20 -40 -10.7382 -20.0002 -40 -11.2027 -22.8584 -40 0.8046 0.312 0.8045 0.3055 0.8168 0.3073
3 16 -26.7117 -16.125 -40 -25.437 -12.5166 -40 -23.875 -13.2883 -40 0.789 0.3745 0.7734 0.3693 0.7766 0.3625
3 16 -26.7117 -16.125 -40 -27.4834 -14.563 -40 -25.437 -12.5166 -40 0.789 0.3745 0.7823 0.3779 0.7734 0.3693
3 16 -27.4834 -14.563 -40 -26.7117 -16.125 -40 -28.7973 -17.1416 -40 0.7823 0.3779 0.789 0.3745 0.7935 0.3834
3 16 -12.25 -20 -40 -11.2027 -22.8584 -40 -13.2883 -23.875 -40 0.8046 0.312 0.8168 0.3073 0.8213 0.3162
3 16 -12.5166 -25.437 -40 -13.2883 -23.875 -40 -11.2027 -22.8584 -40 0.828 0.3128 0.8213 0.3162 0.8168 0.3073
3 16 -14.563 -27.4834 -40 -13.2883 -23.875 -40 -12.5166 -25.437 -40 0.8369 0.3214 0.8213 0.3162 0.828 0.3128
3 16 -14.563 -27.4834 -40 -16.125 -26.7117 -40 -13.2883 -23.875 -40 0.8369 0.3214 0.8337 0.3282 0.8213 0.3162
3 16 -17.1416 -28.7973 -40 -16.125 -26.7117 -40 -14.563 -27.4834 -40 0.8428 0.3324 0.8337 0.3282 0.8369 0.3214
3 16 -27.75 -20 -40 -28.7973 -17.1416 -40 -26.7117 -16.125 -40 0.8057 0.3787 0.7935 0.3834 0.789 0.3745
3 16 -27.75 -20 -40 -29.25 -20 -40 -28.7973 -17.1416 -40 0.8057 0.3787 0.8058 0.3851 0.7935 0.3834
3 16 -28.7973 -22.8584 -40 -29.25 -20 -40 -27.75 -20 -40 0.8181 0.383 0.8058 0.3851 0.8057 0.3787
3 16 -28.7973 -22.8584 -40 -27.75 -20 -40 -26.7117 -23.875 -40 0.8181 0.383 0.8057 0.3787 0.8223 0.374
3 16 -28.7973 -22.8584 -40 -26.7117 -23.875 -40 -27.4834 -25.437 -40 0.8181 0.383 0.8223 0.374 0.8291 0.3772
3 16 -17.1416 -28.7973 -40 -20 -27.75 -40 -16.125 -26.7117 -40 0.8428 0.3324 0.8385 0.3448 0.8337 0.3282
3 16 -17.1416 -28.7973 -40 -20 -29.25 -40 -20 -27.75 -40 0.8428 0.3324 0.8449 0.3447 0.8385 0.3448
3 16 -20 -27.75 -40 -20 -29.25 -40 -22.8584 -28.7973 -40 0.8385 0.3448 0.8449 0.3447 0.8432 0.357
3 16 -27.4834 -25.437 -40 -26.7117 -23.875 -40 -23.875 -26.7117 -40 0.8291 0.3772 0.8223 0.374 0.8343 0.3616
3 16 -20 -27.75 -40 -22.8584 -28.7973 -40 -23.875 -26.7117 -40 0.8385 0.3448 0.8432 0.357 0.8343 0.3616
3 16 -27.4834 -25.437 -40 -23.875 -26.7117 -40 -25.437 -27.4834 -40 0.8291 0.3772 0.8343 0.3616 0.8377 0.3682
3 16 -25.437 -27.4834 -40 -23.875 -26.7117 -40 -22.8584 -28.7973 -40 0.8377 0.3682 0.8343 0.3616 0.8432 0.357
3 16 -14.988 -1.625 -39.423 -16.8313 -1.625 -39.3617 -14.175 -1.625 -36.8 0.4302 0.0084 0.43 0.0163 0.4189 0.0049
3 16 -16.8313 -1.625 -39.3617 -19.25 -1.625 -36.8 -14.175 -1.625 -36.8 0.43 0.0163 0.419 0.0267 0.4189 0.0049
3 16 -16.8313 -1.625 -39.3617 -14.988 -1.625 -39.423 -16.875 -1.625 -40 0.43 0.0163 0.4302 0.0084 0.4327 0.0165
3 16 -16.8313 -1.625 -39.3617 -18.5544 -1.625 -39.3044 -19.25 -1.625 -36.8 0.43 0.0163 0.4297 0.0237 0.419 0.0267
3 16 -16.8313 -1.625 -39.3617 -16.875 -1.625 -40 -18.5544 -1.625 -39.3044 0.43 0.0163 0.4327 0.0165 0.4297 0.0237
3 16 -140 -7.75 38 -143.875 -6.7117 38 -143.875 -6.7117 40 0.0846 0.9349 0.074 0.9534 0.068 0.9474
3 16 -140 -7.75 38 -143.875 -6.7117 40 -140 -7.75 40 0.0846 0.9349 0.068 0.9474 0.0765 0.9327
3 16 -143.875 -6.7117 38 -146.7117 -3.875 40 -143.875 -6.7117 40 0.074 0.9534 0.0532 0.9559 0.068 0.9474
3 16 -136.125 -6.7117 38 -140 -7.75 38 -140 -7.75 40 0.0847 0.9135 0.0846 0.9349 0.0765 0.9327
3 16 -143.875 -6.7117 38 -146.7117 -3.875 38 -146.7117 -3.875 40 0.074 0.9534 0.0555 0.9641 0.0532 0.9559
3 16 -136.125 -6.7117 38 -140 -7.75 40 -136.125 -6.7117 40 0.0847 0.9135 0.0765 0.9327 0.0765 0.9157
3 16 -146.7117 -3.875 38 -147.75 0 40 -146.7117 -3.875 40 0.0555 0.9641 0.0362 0.9559 0.0532 0.9559
3 16 -133.2883 -3.875 38 -136.125 -6.7117 38 -136.125 -6.7117 40 0.074 0.895 0.0847 0.9135 0.0765 0.9157
3 16 -146.7117 -3.875 38 -147.75 0 38 -147.75 0 40 0.0555 0.9641 0.034 0.9641 0.0362 0.9559
3 16 -133.2883 -3.875 38 -136.125 -6.7117 40 -133.2883 -3.875 40 0.074 0.895 0.0765 0.9157 0.068 0.901
3 16 -147.75 0 38 -146.7117 3.875 40 -147.75 0 40 0.034 0.9641 0.0215 0.9474 0.0362 0.9559
3 16 -132.25 0 38 -133.2883 -3.875 38 -133.2883 -3.875 40 0.0555 0.8843 0.074 0.895 0.068 0.901
3 16 -147.75 0 38 -146.7117 3.875 38 -146.7117 3.875 40 0.034 0.9641 0.0156 0.9533 0.0215 0.9474
3 16 -132.25 0 38 -133.2883 -3.875 40 -132.25 0 40 0.0555 0.8843 0.068 0.901 0.0533 0.8925
3 16 -146.7117 3.875 38 -143.875 6.7117 40 -146.7117 3.875 40 0.0156 0.9533 0.013 0.9326 0.0215 0.9474
3 16 -133.2883 3.875 38 -132.25 0 38 -132.25 0 40 0.0341 0.8843 0.0555 0.8843 0.0533 0.8925
3 16 -146.7117 3.875 38 -143.875 6.7117 38 -143.875 6.7117 40 0.0156 0.9533 0.0049 0.9348 0.013 0.9326
3 16 -133.2883 3.875 38 -132.25 0 40 -133.2883 3.875 40 0.0341 0.8843 0.0533 0.8925 0.0363 0.8924
3 16 -143.875 6.7117 38 -140 7.75 40 -143.875 6.7117 40 0.0049 0.9348 0.0131 0.9156 0.013 0.9326
3 16 -136.125 6.7117 38 -133.2883 3.875 38 -133.2883 3.875 40 0.0156 0.895 0.0341 0.8843 0.0363 0.8924
3 16 -143.875 6.7117 38 -140 7.75 38 -140 7.75 40 0.0049 0.9348 0.0049 0.9135 0.0131 0.9156
3 16 -136.125 6.7117 38 -133.2883 3.875 40 -136.125 6.7117 40 0.0156 0.895 0.0363 0.8924 0.0216 0.9009
3 16 -140 7.75 38 -136.125 6.7117 40 -140 7.75 40 0.0049 0.9135 0.0216 0.9009 0.0131 0.9156
3 16 -140 7.75 38 -136.125 6.7117 38 -136.125 6.7117 40 0.0049 0.9135 0.0156 0.895 0.0216 0.9009
3 16 -20 -27.75 -22 -23.875 -26.7117 -22 -23.875 -26.7117 -20 0.9482 0.8584 0.9482 0.8798 0.94 0.8776
3 16 -20 -27.75 -22 -23.875 -26.7117 -20 -20 -27.75 -20 0.9482 0.8584 0.94 0.8776 0.94 0.8606
3 16 -23.875 -26.7117 -22 -26.7117 -23.875 -20 -23.875 -26.7117 -20 0.9482 0.8798 0.9315 0.8923 0.94 0.8776
3 16 -16.125 -26.7117 -22 -20 -27.75 -22 -20 -27.75 -20 0.9375 0.8399 0.9482 0.8584 0.94 0.8606
3 16 -23.875 -26.7117 -22 -26.7117 -23.875 -22 -26.7117 -23.875 -20 0.9482 0.8798 0.9375 0.8983 0.9315 0.8923
3 16 -16.125 -26.7117 -22 -20 -27.75 -20 -16.125 -26.7117 -20 0.9375 0.8399 0.94 0.8606 0.9316 0.8459
3 16 -26.7117 -23.875 -22 -27.75 -20 -20 -26.7117 -23.875 -20 0.9375 0.8983 0.9168 0.9008 0.9315 0.8923
3 16 -13.2883 -23.875 -22 -16.125 -26.7117 -22 -16.125 -26.7117 -20 0.919 0.8292 0.9375 0.8399 0.9316 0.8459
3 16 -26.7117 -23.875 -22 -27.75 -20 -22 -27.75 -20 -20 0.9375 0.8983 0.919 0.9091 0.9168 0.9008
3 16 -13.2883 -23.875 -22 -16.125 -26.7117 -20 -13.2883 -23.875 -20 0.919 0.8292 0.9316 0.8459 0.9169 0.8374
3 16 -27.75 -20 -22 -26.7117 -16.125 -20 -27.75 -20 -20 0.919 0.9091 0.8998 0.9008 0.9168 0.9008
3 16 -12.25 -20 -22 -13.2883 -23.875 -22 -13.2883 -23.875 -20 0.8976 0.8292 0.919 0.8292 0.9169 0.8374
3 16 -27.75 -20 -22 -26.7117 -16.125 -22 -26.7117 -16.125 -20 0.919 0.9091 0.8976 0.9089 0.8998 0.9008
3 16 -12.25 -20 -22 -13.2883 -23.875 -20 -12.25 -20 -20 0.8976 0.8292 0.9169 0.8374 0.8999 0.8374
3 16 -26.7117 -16.125 -22 -23.875 -13.2883 -20 -26.7117 -16.125 -20 0.8976 0.9089 0.8851 0.8923 0.8998 0.9008
3 16 -13.2883 -16.125 -22 -12.25 -20 -22 -12.25 -20 -20 0.8791 0.8399 0.8976 0.8292 0.8999 0.8374
3 16 -26.7117 -16.125 -22 -23.875 -13.2883 -22 -23.875 -13.2883 -20 0.8976 0.9089 0.8791 0.8983 0.8851 0.8923
3 16 -13.2883 -16.125 -22 -12.25 -20 -20 -13.2883 -16.125 -20 0.8791 0.8399 0.8999 0.8374 0.8851 0.8458
3 16 -23.875 -13.2883 -22 -20 -12.25 -20 -23.875 -13.2883 -20 0.8791 0.8983 0.8766 0.8775 0.8851 0.8923
3 16 -16.125 -13.2883 -22 -13.2883 -16.125 -22 -13.2883 -16.125 -20 0.8684 0.8584 0.8791 0.8399 0.8851 0.8458
3 16 -23.875 -13.2883 -22 -20 -12.25 -22 -20 -12.25 -20 0.8791 0.8983 0.8684 0.8798 0.8766 0.8775
3 16 -16.125 -13.2883 -22 -13.2883 -16.125 -20 -16.125 -13.2883 -20 0.8684 0.8584 0.8851 0.8458 0.8766 0.8605
3 16 -20 -12.25 -22 -16.125 -13.2883 -20 -20 -12.25 -20 0.8684 0.8798 0.8766 0.8605 0.8766 0.8775
3 16 -20 -12.25 -22 -16.125 -13.2883 -22 -16.125 -13.2883 -20 0.8684 0.8798 0.8684 0.8584 0.8766 0.8605
3 16 -140 -6.25 38 -143.125 -5.4127 38 -143.875 -6.7117 38 0.4036 0.911 0.3896 0.911 0.388 0.9047
3 16 -140 -6.25 38 -143.875 -6.7117 38 -140 -7.75 38 0.4036 0.911 0.388 0.9047 0.4052 0.9047
3 16 -143.125 -5.4127 38 -146.7117 -3.875 38 -143.875 -6.7117 38 0.3896 0.911 0.373 0.9134 0.388 0.9047
3 16 -136.875 -5.4127 38 -140 -6.25 38 -140 -7.75 38 0.4156 0.9179 0.4036 0.911 0.4052 0.9047
3 16 -143.125 -5.4127 38 -145.4127 -3.125 38 -146.7117 -3.875 38 0.3896 0.911 0.3776 0.9179 0.373 0.9134
3 16 -136.875 -5.4127 38 -140 -7.75 38 -136.125 -6.7117 38 0.4156 0.9179 0.4052 0.9047 0.4202 0.9134
3 16 -145.4127 -3.125 38 -147.75 0 38 -146.7117 -3.875 38 0.3776 0.9179 0.3644 0.9283 0.373 0.9134
3 16 -134.5873 -3.125 38 -136.875 -5.4127 38 -136.125 -6.7117 38 0.4226 0.93 0.4156 0.9179 0.4202 0.9134
3 16 -145.4127 -3.125 38 -146.25 0 38 -147.75 0 38 0.3776 0.9179 0.3706 0.93 0.3644 0.9283
3 16 -134.5873 -3.125 38 -136.125 -6.7117 38 -133.2883 -3.875 38 0.4226 0.93 0.4202 0.9134 0.4288 0.9283
3 16 -146.25 0 38 -146.7117 3.875 38 -147.75 0 38 0.3706 0.93 0.3644 0.9456 0.3644 0.9283
3 16 -133.75 0 38 -134.5873 -3.125 38 -133.2883 -3.875 38 0.4226 0.9439 0.4226 0.93 0.4288 0.9283
3 16 -146.25 0 38 -145.4127 3.125 38 -146.7117 3.875 38 0.3706 0.93 0.3706 0.9439 0.3644 0.9456
3 16 -133.75 0 38 -133.2883 -3.875 38 -132.25 0 38 0.4226 0.9439 0.4288 0.9283 0.4288 0.9456
3 16 -145.4127 3.125 38 -143.875 6.7117 38 -146.7117 3.875 38 0.3706 0.9439 0.373 0.9605 0.3644 0.9456
3 16 -134.5873 3.125 38 -133.75 0 38 -132.25 0 38 0.4156 0.9559 0.4226 0.9439 0.4288 0.9456
3 16 -145.4127 3.125 38 -143.125 5.4127 38 -143.875 6.7117 38 0.3706 0.9439 0.3776 0.9559 0.373 0.9605
3 16 -134.5873 3.125 38 -132.25 0 38 -133.2883 3.875 38 0.4156 0.9559 0.4288 0.9456 0.4202 0.9605
3 16 -143.125 5.4127 38 -140 7.75 38 -143.875 6.7117 38 0.3776 0.9559 0.388 0.9691 0.373 0.9605
3 16 -136.875 5.4127 38 -134.5873 3.125 38 -133.2883 3.875 38 0.4036 0.9629 0.4156 0.9559 0.4202 0.9605
3 16 -143.125 5.4127 38 -140 6.25 38 -140 7.75 38 0.3776 0.9559 0.3896 0.9629 0.388 0.9691
3 16 -136.875 5.4127 38 -133.2883 3.875 38 -136.125 6.7117 38 0.4036 0.9629 0.4202 0.9605 0.4052 0.9691
3 16 -140 6.25 38 -136.125 6.7117 38 -140 7.75 38 0.3896 0.9629 0.4052 0.9691 0.388 0.9691
3 16 -140 6.25 38 -136.875 5.4127 38 -136.125 6.7117 38 0.3896 0.9629 0.4036 0.9629 0.4052 0.9691
3 16 -20 -26.25 -22 -23.125 -25.4127 -22 -23.875 -26.7117 -22 0.8024 0.3978 0.7904 0.4047 0.7858 0.4002
3 16 -20 -26.25 -22 -23.875 -26.7117 -22 -20 -27.75 -22 0.8024 0.3978 0.7858 0.4002 0.8008 0.3915
3 16 -23.125 -25.4127 -22 -26.7117 -23.875 -22 -23.875 -26.7117 -22 0.7904 0.4047 0.7772 0.4151 0.7858 0.4002
3 16 -16.875 -25.4127 -22 -20 -26.25 -22 -20 -27.75 -22 0.8164 0.3978 0.8024 0.3978 0.8008 0.3915
3 16 -23.125 -25.4127 -22 -25.4127 -23.125 -22 -26.7117 -23.875 -22 0.7904 0.4047 0.7834 0.4168 0.7772 0.4151
3 16 -16.875 -25.4127 -22 -20 -27.75 -22 -16.125 -26.7117 -22 0.8164 0.3978 0.8008 0.3915 0.818 0.3915
3 16 -25.4127 -23.125 -22 -27.75 -20 -22 -26.7117 -23.875 -22 0.7834 0.4168 0.7772 0.4324 0.7772 0.4151
3 16 -14.5873 -23.125 -22 -16.875 -25.4127 -22 -16.125 -26.7117 -22 0.8284 0.4047 0.8164 0.3978 0.818 0.3915
3 16 -25.4127 -23.125 -22 -26.25 -20 -22 -27.75 -20 -22 0.7834 0.4168 0.7834 0.4307 0.7772 0.4324
3 16 -14.5873 -23.125 -22 -16.125 -26.7117 -22 -13.2883 -23.875 -22 0.8284 0.4047 0.818 0.3915 0.833 0.4002
3 16 -26.25 -20 -22 -26.7117 -16.125 -22 -27.75 -20 -22 0.7834 0.4307 0.7858 0.4473 0.7772 0.4324
3 16 -13.75 -20 -22 -14.5873 -23.125 -22 -13.2883 -23.875 -22 0.8354 0.4168 0.8284 0.4047 0.833 0.4002
3 16 -26.25 -20 -22 -25.4127 -16.875 -22 -26.7117 -16.125 -22 0.7834 0.4307 0.7904 0.4427 0.7858 0.4473
3 16 -13.75 -20 -22 -13.2883 -23.875 -22 -12.25 -20 -22 0.8354 0.4168 0.833 0.4002 0.8416 0.4151
3 16 -25.4127 -16.875 -22 -23.875 -13.2883 -22 -26.7117 -16.125 -22 0.7904 0.4427 0.8008 0.4559 0.7858 0.4473
3 16 -14.5873 -16.875 -22 -13.75 -20 -22 -12.25 -20 -22 0.8354 0.4307 0.8354 0.4168 0.8416 0.4151
3 16 -25.4127 -16.875 -22 -23.125 -14.5873 -22 -23.875 -13.2883 -22 0.7904 0.4427 0.8024 0.4497 0.8008 0.4559
3 16 -14.5873 -16.875 -22 -12.25 -20 -22 -13.2883 -16.125 -22 0.8354 0.4307 0.8416 0.4151 0.8416 0.4324
3 16 -23.125 -14.5873 -22 -20 -12.25 -22 -23.875 -13.2883 -22 0.8024 0.4497 0.818 0.4559 0.8008 0.4559
3 16 -16.875 -14.5873 -22 -14.5873 -16.875 -22 -13.2883 -16.125 -22 0.8284 0.4427 0.8354 0.4307 0.8416 0.4324
3 16 -23.125 -14.5873 -22 -20 -13.75 -22 -20 -12.25 -22 0.8024 0.4497 0.8163 0.4497 0.818 0.4559
3 16 -16.875 -14.5873 -22 -13.2883 -16.125 -22 -16.125 -13.2883 -22 0.8284 0.4427 0.8416 0.4324 0.833 0.4473
3 16 -20 -13.75 -22 -16.125 -13.2883 -22 -20 -12.25 -22 0.8163 0.4497 0.833 0.4473 0.818 0.4559
3 16 -20 -13.75 -22 -16.875 -14.5873 -22 -16.125 -13.2883 -22 0.8163 0.4497 0.8284 0.4427 0.833 0.4473
3 16 -143.875 -6.7117 -100 -143.875 -6.7117 -98 -140 -7.75 -98 0.8083 0.8388 0.8062 0.8306 0.8276 0.8306
3 16 -143.875 -6.7117 -100 -140 -7.75 -98 -140 -7.75 -100 0.8083 0.8388 0.8276 0.8306 0.8253 0.8388
3 16 -146.7117 -3.875 -100 -143.875 -6.7117 -98 -143.875 -6.7117 -100 0.7936 0.8473 0.8062 0.8306 0.8083 0.8388
3 16 -140 -7.75 -100 -140 -7.75 -98 -136.125 -6.7117 -98 0.8253 0.8388 0.8276 0.8306 0.8461 0.8413
3 16 -146.7117 -3.875 -100 -146.7117 -3.875 -98 -143.875 -6.7117 -98 0.7936 0.8473 0.7877 0.8413 0.8062 0.8306
3 16 -140 -7.75 -100 -136.125 -6.7117 -98 -136.125 -6.7117 -100 0.8253 0.8388 0.8461 0.8413 0.84 0.8473
3 16 -147.75 0 -100 -146.7117 -3.875 -98 -146.7117 -3.875 -100 0.7851 0.8621 0.7877 0.8413 0.7936 0.8473
3 16 -136.125 -6.7117 -100 -136.125 -6.7117 -98 -133.2883 -3.875 -98 0.84 0.8473 0.8461 0.8413 0.8567 0.8598
3 16 -147.75 0 -100 -147.75 0 -98 -146.7117 -3.875 -98 0.7851 0.8621 0.7769 0.8598 0.7877 0.8413
3 16 -136.125 -6.7117 -100 -133.2883 -3.875 -98 -133.2883 -3.875 -100 0.84 0.8473 0.8567 0.8598 0.8486 0.862
3 16 -146.7117 3.875 -100 -147.75 0 -98 -147.75 0 -100 0.7851 0.8791 0.7769 0.8598 0.7851 0.8621
3 16 -133.2883 -3.875 -100 -133.2883 -3.875 -98 -132.25 0 -98 0.8486 0.862 0.8567 0.8598 0.8567 0.8812
3 16 -146.7117 3.875 -100 -146.7117 3.875 -98 -147.75 0 -98 0.7851 0.8791 0.7771 0.8812 0.7769 0.8598
3 16 -133.2883 -3.875 -100 -132.25 0 -98 -132.25 0 -100 0.8486 0.862 0.8567 0.8812 0.8486 0.879
3 16 -143.875 6.7117 -100 -146.7117 3.875 -98 -146.7117 3.875 -100 0.7937 0.8938 0.7771 0.8812 0.7851 0.8791
3 16 -132.25 0 -100 -132.25 0 -98 -133.2883 3.875 -98 0.8486 0.879 0.8567 0.8812 0.8461 0.8997
3 16 -143.875 6.7117 -100 -143.875 6.7117 -98 -146.7117 3.875 -98 0.7937 0.8938 0.7877 0.8997 0.7771 0.8812
3 16 -132.25 0 -100 -133.2883 3.875 -98 -133.2883 3.875 -100 0.8486 0.879 0.8461 0.8997 0.8401 0.8937
3 16 -140 7.75 -100 -143.875 6.7117 -98 -143.875 6.7117 -100 0.8084 0.9022 0.7877 0.8997 0.7937 0.8938
3 16 -133.2883 3.875 -100 -133.2883 3.875 -98 -136.125 6.7117 -98 0.8401 0.8937 0.8461 0.8997 0.8275 0.9104
3 16 -140 7.75 -100 -140 7.75 -98 -143.875 6.7117 -98 0.8084 0.9022 0.8062 0.9104 0.7877 0.8997
3 16 -133.2883 3.875 -100 -136.125 6.7117 -98 -136.125 6.7117 -100 0.8401 0.8937 0.8275 0.9104 0.8254 0.9022
3 16 -136.125 6.7117 -100 -140 7.75 -98 -140 7.75 -100 0.8254 0.9022 0.8062 0.9104 0.8084 0.9022
3 16 -136.125 6.7117 -100 -136.125 6.7117 -98 -140 7.75 -98 0.8254 0.9022 0.8275 0.9104 0.8062 0.9104
3 16 -23.875 -26.7117 -40 -23.875 -26.7117 -38 -20 -27.75 -38 0.1604 0.9069 0.1544 0.9128 0.1397 0.9044
3 16 -23.875 -26.7117 -40 -20 -27.75 -38 -20 -27.75 -40 0.1604 0.9069 0.1397 0.9044 0.1419 0.8962
3 16 -26.7117 -23.875 -40 -23.875 -26.7117 -38 -23.875 -26.7117 -40 0.1711 0.9254 0.1544 0.9128 0.1604 0.9069
3 16 -20 -27.75 -40 -20 -27.75 -38 -16.125 -26.7117 -38 0.1419 0.8962 0.1397 0.9044 0.1227 0.9044
3 16 -26.7117 -23.875 -40 -26.7117 -23.875 -38 -23.875 -26.7117 -38 0.1711 0.9254 0.1629 0.9275 0.1544 0.9128
3 16 -20 -27.75 -40 -16.125 -26.7117 -38 -16.125 -26.7117 -40 0.1419 0.8962 0.1227 0.9044 0.1205 0.8962
3 16 -27.75 -20 -40 -26.7117 -23.875 -38 -26.7117 -23.875 -40 0.171 0.9467 0.1629 0.9275 0.1711 0.9254
3 16 -16.125 -26.7117 -40 -16.125 -26.7117 -38 -13.2883 -23.875 -38 0.1205 0.8962 0.1227 0.9044 0.108 0.9129
3 16 -27.75 -20 -40 -27.75 -20 -38 -26.7117 -23.875 -38 0.171 0.9467 0.163 0.9445 0.1629 0.9275
3 16 -16.125 -26.7117 -40 -13.2883 -23.875 -38 -13.2883 -23.875 -40 0.1205 0.8962 0.108 0.9129 0.102 0.9069
3 16 -26.7117 -16.125 -40 -27.75 -20 -38 -27.75 -20 -40 0.1605 0.9653 0.163 0.9445 0.171 0.9467
3 16 -13.2883 -23.875 -40 -13.2883 -23.875 -38 -12.25 -20 -38 0.102 0.9069 0.108 0.9129 0.0995 0.9277
3 16 -26.7117 -16.125 -40 -26.7117 -16.125 -38 -27.75 -20 -38 0.1605 0.9653 0.1545 0.9593 0.163 0.9445
3 16 -13.2883 -23.875 -40 -12.25 -20 -38 -12.25 -20 -40 0.102 0.9069 0.0995 0.9277 0.0913 0.9254
3 16 -23.875 -13.2883 -40 -26.7117 -16.125 -38 -26.7117 -16.125 -40 0.1419 0.976 0.1545 0.9593 0.1605 0.9653
3 16 -12.25 -20 -40 -12.25 -20 -38 -13.2883 -16.125 -38 0.0913 0.9254 0.0995 0.9277 0.0995 0.9446
3 16 -23.875 -13.2883 -40 -23.875 -13.2883 -38 -26.7117 -16.125 -38 0.1419 0.976 0.1398 0.9678 0.1545 0.9593
3 16 -12.25 -20 -40 -13.2883 -16.125 -38 -13.2883 -16.125 -40 0.0913 0.9254 0.0995 0.9446 0.0913 0.9468
3 16 -20 -12.25 -40 -23.875 -13.2883 -38 -23.875 -13.2883 -40 0.1205 0.976 0.1398 0.9678 0.1419 0.976
3 16 -13.2883 -16.125 -40 -13.2883 -16.125 -38 -16.125 -13.2883 -38 0.0913 0.9468 0.0995 0.9446 0.108 0.9594
3 16 -20 -12.25 -40 -20 -12.25 -38 -23.875 -13.2883 -38 0.1205 0.976 0.1228 0.9678 0.1398 0.9678
3 16 -13.2883 -16.125 -40 -16.125 -13.2883 -38 -16.125 -13.2883 -40 0.0913 0.9468 0.108 0.9594 0.102 0.9653
3 16 -16.125 -13.2883 -40 -20 -12.25 -38 -20 -12.25 -40 0.102 0.9653 0.1228 0.9678 0.1205 0.976
3 16 -16.125 -13.2883 -40 -16.125 -13.2883 -38 -20 -12.25 -38 0.102 0.9653 0.108 0.9594 0.1228 0.9678
3 16 -143.875 -6.7117 -98 -143.125 -5.4127 -98 -140 -6.25 -98 0.995 0.9397 0.9888 0.9381 0.9888 0.9241
3 16 -143.875 -6.7117 -98 -140 -6.25 -98 -140 -7.75 -98 0.995 0.9397 0.9888 0.9241 0.995 0.9225
3 16 -146.7117 -3.875 -98 -143.125 -5.4127 -98 -143.875 -6.7117 -98 0.9864 0.9547 0.9888 0.9381 0.995 0.9397
3 16 -140 -7.75 -98 -140 -6.25 -98 -136.875 -5.4127 -98 0.995 0.9225 0.9888 0.9241 0.9818 0.9121
3 16 -146.7117 -3.875 -98 -145.4127 -3.125 -98 -143.125 -5.4127 -98 0.9864 0.9547 0.9818 0.9501 0.9888 0.9381
3 16 -140 -7.75 -98 -136.875 -5.4127 -98 -136.125 -6.7117 -98 0.995 0.9225 0.9818 0.9121 0.9864 0.9075
3 16 -147.75 0 -98 -145.4127 -3.125 -98 -146.7117 -3.875 -98 0.9715 0.9633 0.9818 0.9501 0.9864 0.9547
3 16 -136.125 -6.7117 -98 -136.875 -5.4127 -98 -134.5873 -3.125 -98 0.9864 0.9075 0.9818 0.9121 0.9698 0.9051
3 16 -147.75 0 -98 -146.25 0 -98 -145.4127 -3.125 -98 0.9715 0.9633 0.9698 0.9571 0.9818 0.9501
3 16 -136.125 -6.7117 -98 -134.5873 -3.125 -98 -133.2883 -3.875 -98 0.9864 0.9075 0.9698 0.9051 0.9715 0.8989
3 16 -146.7117 3.875 -98 -146.25 0 -98 -147.75 0 -98 0.9542 0.9633 0.9698 0.9571 0.9715 0.9633
3 16 -133.2883 -3.875 -98 -134.5873 -3.125 -98 -133.75 0 -98 0.9715 0.8989 0.9698 0.9051 0.9559 0.9051
3 16 -146.7117 3.875 -98 -145.4127 3.125 -98 -146.25 0 -98 0.9542 0.9633 0.9559 0.9571 0.9698 0.9571
3 16 -133.2883 -3.875 -98 -133.75 0 -98 -132.25 0 -98 0.9715 0.8989 0.9559 0.9051 0.9542 0.8989
3 16 -143.875 6.7117 -98 -145.4127 3.125 -98 -146.7117 3.875 -98 0.9393 0.9547 0.9559 0.9571 0.9542 0.9633
3 16 -132.25 0 -98 -133.75 0 -98 -134.5873 3.125 -98 0.9542 0.8989 0.9559 0.9051 0.9438 0.9121
3 16 -143.875 6.7117 -98 -143.125 5.4127 -98 -145.4127 3.125 -98 0.9393 0.9547 0.9438 0.9501 0.9559 0.9571
3 16 -132.25 0 -98 -134.5873 3.125 -98 -133.2883 3.875 -98 0.9542 0.8989 0.9438 0.9121 0.9393 0.9075
3 16 -140 7.75 -98 -143.125 5.4127 -98 -143.875 6.7117 -98 0.9306 0.9397 0.9438 0.9501 0.9393 0.9547
3 16 -133.2883 3.875 -98 -134.5873 3.125 -98 -136.875 5.4127 -98 0.9393 0.9075 0.9438 0.9121 0.9369 0.9242
3 16 -140 7.75 -98 -140 6.25 -98 -143.125 5.4127 -98 0.9306 0.9397 0.9369 0.9381 0.9438 0.9501
3 16 -133.2883 3.875 -98 -136.875 5.4127 -98 -136.125 6.7117 -98 0.9393 0.9075 0.9369 0.9242 0.9306 0.9225
3 16 -136.125 6.7117 -98 -140 6.25 -98 -140 7.75 -98 0.9306 0.9225 0.9369 0.9381 0.9306 0.9397
3 16 -136.125 6.7117 -98 -136.875 5.4127 -98 -140 6.25 -98 0.9306 0.9225 0.9369 0.9242 0.9369 0.9381
3 16 -16.125 -13.2883 -38 -20 -13.75 -38 -20 -12.25 -38 0.8317 0.9283 0.838 0.9439 0.8317 0.9456
3 16 -20 -12.25 -38 -20 -13.75 -38 -23.125 -14.5873 -38 0.8317 0.9456 0.838 0.9439 0.8449 0.9559
3 16 -16.125 -13.2883 -38 -16.875 -14.5873 -38 -20 -13.75 -38 0.8317 0.9283 0.838 0.93 0.838 0.9439
3 16 -20 -12.25 -38 -23.125 -14.5873 -38 -23.875 -13.2883 -38 0.8317 0.9456 0.8449 0.9559 0.8404 0.9605
3 16 -13.2883 -16.125 -38 -16.875 -14.5873 -38 -16.125 -13.2883 -38 0.8404 0.9134 0.838 0.93 0.8317 0.9283
3 16 -23.875 -13.2883 -38 -23.125 -14.5873 -38 -25.4127 -16.875 -38 0.8404 0.9605 0.8449 0.9559 0.857 0.9629
3 16 -13.2883 -16.125 -38 -14.5873 -16.875 -38 -16.875 -14.5873 -38 0.8404 0.9134 0.8449 0.9179 0.838 0.93
3 16 -23.875 -13.2883 -38 -25.4127 -16.875 -38 -26.7117 -16.125 -38 0.8404 0.9605 0.857 0.9629 0.8553 0.9691
3 16 -12.25 -20 -38 -14.5873 -16.875 -38 -13.2883 -16.125 -38 0.8553 0.9047 0.8449 0.9179 0.8404 0.9134
3 16 -26.7117 -16.125 -38 -25.4127 -16.875 -38 -26.25 -20 -38 0.8553 0.9691 0.857 0.9629 0.8709 0.9629
3 16 -12.25 -20 -38 -13.75 -20 -38 -14.5873 -16.875 -38 0.8553 0.9047 0.857 0.911 0.8449 0.9179
3 16 -26.7117 -16.125 -38 -26.25 -20 -38 -27.75 -20 -38 0.8553 0.9691 0.8709 0.9629 0.8726 0.9691
3 16 -13.2883 -23.875 -38 -13.75 -20 -38 -12.25 -20 -38 0.8726 0.9047 0.857 0.911 0.8553 0.9047
3 16 -27.75 -20 -38 -26.25 -20 -38 -25.4127 -23.125 -38 0.8726 0.9691 0.8709 0.9629 0.8829 0.9559
3 16 -13.2883 -23.875 -38 -14.5873 -23.125 -38 -13.75 -20 -38 0.8726 0.9047 0.8709 0.911 0.857 0.911
3 16 -27.75 -20 -38 -25.4127 -23.125 -38 -26.7117 -23.875 -38 0.8726 0.9691 0.8829 0.9559 0.8875 0.9605
3 16 -16.125 -26.7117 -38 -14.5873 -23.125 -38 -13.2883 -23.875 -38 0.8875 0.9134 0.8709 0.911 0.8726 0.9047
3 16 -26.7117 -23.875 -38 -25.4127 -23.125 -38 -23.125 -25.4127 -38 0.8875 0.9605 0.8829 0.9559 0.8899 0.9439
3 16 -16.125 -26.7117 -38 -16.875 -25.4127 -38 -14.5873 -23.125 -38 0.8875 0.9134 0.8829 0.9179 0.8709 0.911
3 16 -26.7117 -23.875 -38 -23.125 -25.4127 -38 -23.875 -26.7117 -38 0.8875 0.9605 0.8899 0.9439 0.8961 0.9456
3 16 -20 -27.75 -38 -16.875 -25.4127 -38 -16.125 -26.7117 -38 0.8961 0.9283 0.8829 0.9179 0.8875 0.9134
3 16 -23.875 -26.7117 -38 -23.125 -25.4127 -38 -20 -26.25 -38 0.8961 0.9456 0.8899 0.9439 0.8899 0.93
3 16 -20 -27.75 -38 -20 -26.25 -38 -16.875 -25.4127 -38 0.8961 0.9283 0.8899 0.93 0.8829 0.9179
3 16 -23.875 -26.7117 -38 -20 -26.25 -38 -20 -27.75 -38 0.8961 0.9456 0.8899 0.93 0.8961 0.9283
2 24 -20 -13.75 -22 -16.875 -14.5873 -22
2 24 -16.875 -14.5873 -38 -20 -13.75 -38
2 24 -20 -13.75 -22 -23.125 -14.5873 -22
2 24 -20 -13.75 -38 -23.125 -14.5873 -38
2 24 -23.125 -14.5873 -22 -25.4127 -16.875 -22
2 24 -23.125 -14.5873 -38 -25.4127 -16.875 -38
2 24 -25.4127 -16.875 -22 -26.25 -20 -22
2 24 -25.4127 -16.875 -38 -26.25 -20 -38
2 24 -26.25 -20 -22 -25.4127 -23.125 -22
2 24 -26.25 -20 -38 -25.4127 -23.125 -38
2 24 -25.4127 -23.125 -22 -23.125 -25.4127 -22
2 24 -25.4127 -23.125 -38 -23.125 -25.4127 -38
2 24 -23.125 -25.4127 -22 -20 -26.25 -22
2 24 -23.125 -25.4127 -38 -20 -26.25 -38
2 24 -20 -26.25 -22 -16.875 -25.4127 -22
2 24 -20 -26.25 -38 -16.875 -25.4127 -38
2 24 -16.875 -25.4127 -22 -14.5873 -23.125 -22
2 24 -16.875 -25.4127 -38 -14.5873 -23.125 -38
2 24 -14.5873 -23.125 -22 -13.75 -20 -22
2 24 -14.5873 -23.125 -38 -13.75 -20 -38
2 24 -13.75 -20 -22 -14.5873 -16.875 -22
2 24 -13.75 -20 -38 -14.5873 -16.875 -38
2 24 -16.875 -14.5873 -22 -14.5873 -16.875 -22
2 24 -16.875 -14.5873 -38 -14.5873 -16.875 -38
2 24 -136.875 -5.4127 -82 -140 -6.25 -82
2 24 -140 -6.25 -98 -136.875 -5.4127 -98
2 24 -136.875 -5.4127 -82 -134.5873 -3.125 -82
2 24 -136.875 -5.4127 -98 -134.5873 -3.125 -98
2 24 -134.5873 -3.125 -82 -133.75 0 -82
2 24 -134.5873 -3.125 -98 -133.75 0 -98
2 24 -133.75 0 -82 -134.5873 3.125 -82
2 24 -133.75 0 -98 -134.5873 3.125 -98
2 24 -134.5873 3.125 -82 -136.875 5.4127 -82
2 24 -134.5873 3.125 -98 -136.875 5.4127 -98
2 24 -136.875 5.4127 -82 -140 6.25 -82
2 24 -136.875 5.4127 -98 -140 6.25 -98
2 24 -140 6.25 -82 -143.125 5.4127 -82
2 24 -140 6.25 -98 -143.125 5.4127 -98
2 24 -143.125 5.4127 -82 -145.4127 3.125 -82
2 24 -143.125 5.4127 -98 -145.4127 3.125 -98
2 24 -145.4127 3.125 -82 -146.25 0 -82
2 24 -145.4127 3.125 -98 -146.25 0 -98
2 24 -146.25 0 -82 -145.4127 -3.125 -82
2 24 -146.25 0 -98 -145.4127 -3.125 -98
2 24 -145.4127 -3.125 -82 -143.125 -5.4127 -82
2 24 -145.4127 -3.125 -98 -143.125 -5.4127 -98
2 24 -140 -6.25 -82 -143.125 -5.4127 -82
2 24 -140 -6.25 -98 -143.125 -5.4127 -98
2 24 -130.849 -0.625 -90.5 -130.8374 0.552 -90.5
2 24 -130.849 -0.625 -90.5 -130.849 -0.625 -93.5
2 24 -130.849 -0.625 -93.5 -130.8374 0.552 -93.5
2 24 -130.8374 0.552 -93.5 -131.2027 2.8584 -93.5
2 24 -130.8374 0.552 -90.5 -131.2027 2.8584 -90.5
2 24 -131.2027 2.8584 -90.5 -132.0429 4.625 -90.5
2 24 -131.2027 2.8584 -93.5 -132.0429 4.625 -93.5
2 24 -132.0429 4.625 -93.5 -132.0726 4.6239 -95.2955
2 24 -132.0429 4.625 -90.5 -132.024 4.625 -87.5
2 24 -132.0726 4.6239 -95.2955 -131.2027 2.8584 -97.6801
2 24 -132.5166 5.437 -99.9804 -131.2027 2.8584 -100
2 24 -131.2027 2.8584 -97.6801 -130.8909 0.8897 -98.5
2 24 -131.2027 2.8584 -100 -130.75 0 -100
2 24 -132.5166 5.437 -99.9804 -134.563 7.4834 -100
2 24 -134.563 7.4834 -100 -137.1416 8.7973 -100
2 24 -134.563 7.4834 -81.9988 -137.1416 8.7973 -82
2 24 -134.563 7.4834 -81.9988 -132.5166 5.437 -81.9998
2 24 -137.1416 8.7973 -82 -140 9.25 -82
2 24 -137.1416 8.7973 -100 -140 9.25 -100
2 24 -140 9.25 -100 -142.8584 8.7973 -100
2 24 -140 9.25 -82 -142.8584 8.7973 -82
2 24 -142.8584 8.7973 -100 -145.437 7.4834 -100
2 24 -142.8584 8.7973 -82 -145.437 7.4834 -82
2 24 -145.437 7.4834 -100 -147.4834 5.437 -100
2 24 -145.437 7.4834 -82 -147.4834 5.437 -82
2 24 -147.4834 5.437 -82 -148.7973 2.8584 -82
2 24 -147.4834 5.437 -100 -148.7973 2.8584 -100
2 24 -148.7973 2.8584 -82 -149.0548 1.2325 -82
2 24 -148.7973 2.8584 -100 -149.25 0 -100
2 24 -131.9893 4.625 -83.25 -131.9893 4.625 -82
2 24 -132.5166 5.437 -81.9998 -131.9893 4.625 -82
2 24 -132.024 4.625 -87.5 -131.2027 2.8584 -87.5
2 24 -131.9893 4.625 -83.25 -131.2027 2.8584 -83.25
2 24 -131.2027 2.8584 -87.5 -130.75 0 -87.5
2 24 -131.2027 2.8584 -83.25 -130.75 0 -83.25
2 24 -130.75 0 -83.25 -131.0074 -1.625 -83.25
2 24 -130.75 0 -87.5 -131.0074 -1.625 -87.5
2 24 -131.0074 -1.625 -83.25 -131.0074 -1.625 -87.5
2 24 -149.25 0 -80 -149.0548 1.2325 -80
2 24 -149.0548 1.2325 -82 -149.0548 1.2325 -80
2 24 -149.25 0 -80 -148.7973 -2.8584 -80
2 24 -149.25 0 -100 -148.7973 -2.8584 -100
2 24 -148.7973 -2.8584 -100 -147.4834 -5.437 -100
2 24 -148.7973 -2.8584 -80 -147.4834 -5.437 -80
2 24 -147.4834 -5.437 -80 -145.437 -7.4834 -80
2 24 -147.4834 -5.437 -100 -145.437 -7.4834 -100
2 24 -145.437 -7.4834 -100 -142.8584 -8.7973 -100
2 24 -145.437 -7.4834 -80 -142.8584 -8.7973 -80
2 24 -142.8584 -8.7973 -100 -140 -9.25 -100
2 24 -142.8584 -8.7973 -80 -140 -9.25 -80
2 24 -140 -9.25 -100 -137.1416 -8.7973 -100
2 24 -140 -9.25 -80 -137.1416 -8.7973 -80
2 24 -137.1416 -8.7973 -100 -134.563 -7.4834 -100
2 24 -137.1416 -8.7973 -80 -134.563 -7.4834 -80
2 24 -134.563 -7.4834 -80 -132.5166 -5.437 -79.9256
2 24 -132.5166 -5.437 -79.9256 -132.2643 -4.9419 -80
2 24 -132.2643 -4.9419 -80 -132.1911 -4.7983 -88.5733
2 24 -132.1911 -4.7983 -88.5733 -131.8362 -4.1018 -93.6588
2 24 -134.563 -7.4834 -100 -132.5166 -5.437 -99.9255
2 24 -131.8362 -4.1018 -93.6588 -131.178 -2.7025 -96.8963
2 24 -132.5166 -5.437 -99.9255 -131.2027 -2.8584 -100
2 24 -131.178 -2.7025 -96.8963 -130.8589 -0.6877 -98.5
2 24 -130.75 0 -100 -131.2027 -2.8584 -100
2 24 -130.8909 0.8897 -98.5 -130.8589 -0.6877 -98.5
2 24 -130.8374 0.552 -90.5 -130.849 -0.625 -90.5
2 24 -130.849 -0.625 -90.5 -128.8664 -0.625 -90.5
2 24 -130.8374 0.552 -90.5 -131.2027 2.8584 -90.5
2 24 -128.8664 4.625 -90.5 -132.0429 4.625 -90.5
2 24 -131.2027 2.8584 -90.5 -132.0429 4.625 -90.5
2 24 -128.8664 4.625 -90.5 -127.0634 4.625 -90.3937
2 24 -128.8664 -0.625 -90.5 -127.0634 -0.625 -90.3937
2 24 -127.0634 4.625 -90.3937 -125.3319 4.625 -90.1285
2 24 -127.0634 -0.625 -90.3937 -125.3319 -0.625 -90.1285
2 24 -125.3319 4.625 -90.1285 -52.4423 4.625 -74.6375
2 24 -125.3319 -0.625 -90.1285 -51.083 -0.625 -74.3486
2 24 -52.4423 4.625 -74.6375 -45.9453 4.625 -73.2567
2 24 -51.083 -0.625 -74.3486 -41.608 -0.625 -72.3349
2 24 -45.9453 4.625 -73.2567 -27.0366 4.625 -69.2381
2 24 -41.608 -0.625 -72.3349 -27.3955 -0.625 -69.3144
2 24 -27.3955 -0.625 -69.3144 -20.6616 -0.625 -67.8832
2 24 -27.0366 4.625 -69.2381 -20.6616 4.625 -67.8832
2 24 -20.6616 -0.625 -67.8832 -20.0191 -0.625 -68.2546
2 24 -20.6616 4.625 -67.8832 -20.0191 4.625 -68.2546
2 24 -20.0191 -0.625 -68.2546 -20.0191 4.625 -68.2546
2 24 -20.0191 4.625 -68.2546 -20.1843 4.625 -68.9781
2 24 -20.0191 -0.625 -68.2546 -20.1843 -0.625 -68.9781
2 24 -20.1843 4.625 -68.9781 -23.0025 4.625 -70.8774
2 24 -20.1843 -0.625 -68.9781 -23.0025 -0.625 -70.8774
2 24 -23.0025 4.625 -70.8774 -26.7864 4.625 -72.249
2 24 -23.0025 -0.625 -70.8774 -26.7864 -0.625 -72.249
2 24 -26.7864 -0.625 -72.249 -50.4738 -0.625 -77.284
2 24 -26.7864 4.625 -72.249 -50.4738 4.625 -77.284
2 24 -50.4738 -0.625 -77.284 -124.631 -0.625 -93.0466
2 24 -50.4738 4.625 -77.284 -124.631 4.625 -93.0466
2 24 -124.631 4.625 -93.0466 -126.6833 4.625 -93.3639
2 24 -124.631 -0.625 -93.0466 -126.6833 -0.625 -93.3639
2 24 -126.6833 4.625 -93.3639 -128.9452 4.625 -93.5
2 24 -126.6833 -0.625 -93.3639 -128.9452 -0.625 -93.5
2 24 -131.2027 2.8584 -93.5 -132.0429 4.625 -93.5
2 24 -128.9452 4.625 -93.5 -132.0429 4.625 -93.5
2 24 -131.2027 2.8584 -93.5 -130.8374 0.552 -93.5
2 24 -128.9452 -0.625 -93.5 -130.849 -0.625 -93.5
2 24 -130.8374 0.552 -93.5 -130.849 -0.625 -93.5
2 24 -14.6464 -1.625 -59.7008 -19.3857 -1.625 -60.7082
2 24 -14.6464 -1.625 -59.7008 -15.0553 -1.625 -61.6827
2 24 -21.012 -1.625 -64.8876 -15.762 -1.625 -63.7717
2 24 -15.0553 -1.625 -61.6827 -15.762 -1.625 -63.7717
2 24 -19.3857 -1.625 -60.7082 -22.7173 -1.625 -61.4163
2 24 -21.012 -1.625 -64.8876 -27.8388 -1.625 -66.3387
2 24 -22.7173 -1.625 -61.4163 -23.604 -1.625 -61.0936
2 24 -23.604 -1.625 -61.0936 -28.395 -1.625 -62.112
2 24 -27.8388 -1.625 -66.3387 -50.7487 -1.625 -71.2084
2 24 -28.395 -1.625 -62.112 -52.1278 -1.625 -67.1566
2 24 -50.7487 -1.625 -71.2084 -53.1529 -1.625 -71.7165
2 24 -52.1278 -1.625 -67.1566 -54.7997 -1.625 -67.7245
2 24 -53.1529 -1.625 -71.7165 -55.5273 -1.625 -72.2214
2 24 -54.7997 -1.625 -67.7245 -57.0789 -1.625 -68.2089
2 24 -55.5273 -1.625 -72.2214 -125.9556 -1.625 -87.1941
2 24 -57.0789 -1.625 -68.2089 -126.7878 -1.625 -83.026
2 24 -126.7878 -1.625 -83.026 -127.7889 -1.625 -83.1814
2 24 -125.9556 -1.625 -87.1941 -127.4022 -1.625 -87.4147
2 24 -127.7889 -1.625 -83.1814 -128.9189 -1.625 -83.25
2 24 -127.4022 -1.625 -87.4147 -128.8664 -1.625 -87.5
2 24 -128.8664 -1.625 -87.5 -131.0074 -1.625 -87.5
2 24 -128.9189 -1.625 -83.25 -131.0074 -1.625 -83.25
2 24 -131.0074 -1.625 -87.5 -131.0074 -1.625 -83.25
2 24 -20.0191 -0.625 -68.2546 -20.6616 -0.625 -67.8832
2 24 -27.3955 -0.625 -69.3144 -20.6616 -0.625 -67.8832
2 24 -20.0191 -0.625 -68.2546 -20.1843 -0.625 -68.9781
2 24 -20.1843 -0.625 -68.9781 -23.0025 -0.625 -70.8774
2 24 -23.0025 -0.625 -70.8774 -26.7864 -0.625 -72.249
2 24 -27.3955 -0.625 -69.3144 -41.608 -0.625 -72.3349
2 24 -26.7864 -0.625 -72.249 -50.4738 -0.625 -77.284
2 24 -41.608 -0.625 -72.3349 -51.083 -0.625 -74.3486
2 24 -50.4738 -0.625 -77.284 -124.631 -0.625 -93.0466
2 24 -51.083 -0.625 -74.3486 -125.3319 -0.625 -90.1285
2 24 -124.631 -0.625 -93.0466 -126.6833 -0.625 -93.3639
2 24 -125.3319 -0.625 -90.1285 -127.0634 -0.625 -90.3937
2 24 -127.0634 -0.625 -90.3937 -128.8664 -0.625 -90.5
2 24 -126.6833 -0.625 -93.3639 -128.9452 -0.625 -93.5
2 24 -128.8664 -0.625 -90.5 -130.849 -0.625 -90.5
2 24 -130.849 -0.625 -90.5 -130.849 -0.625 -93.5
2 24 -128.9452 -0.625 -93.5 -130.849 -0.625 -93.5
2 24 -9.2798 -1.625 -54.8715 -9.2798 -1.625 -44.5
2 24 -16.875 -1.625 -44.5 -9.2798 -1.625 -44.5
2 24 -16.875 -1.625 -44.5 -18.5525 -1.625 -44.9987
2 24 -18.5525 -1.625 -44.9987 -19.3731 -1.625 -46.5444
2 24 -19.3731 -1.625 -46.5444 -20.8945 -1.625 -57.3695
2 24 -9.2798 -1.625 -54.8715 -20.8945 -1.625 -57.3695
2 24 -19.25 -11.7842 -31.5 -19.25 -11.7842 -36.8
2 24 -19.25 -11.7842 -31.5 -14.175 -14.1578 -31.5
2 24 -19.25 -11.7842 -36.8 -14.175 -14.1578 -36.8
2 24 -14.175 -14.1578 -31.5 -14.175 -14.1578 -36.8
2 24 -9.25 0 -54.8715 -9.2798 -1.625 -54.8715
2 24 -9.2798 -1.625 -54.8715 -20.8945 -1.625 -57.3695
2 24 -20.8945 -1.625 -57.3695 -20.8945 9.2849 -57.3695
2 24 -9.25 0 -54.8715 -8.7973 2.8584 -54.7627
2 24 -8.7973 2.8584 -54.7627 -7.4834 5.437 -54.515
2 24 -7.4834 5.437 -54.515 -5.6708 7.2496 -54.1123
2 24 -5.6708 7.2496 -54.1123 -3.9573 8.7513 -53.7025
2 24 -20.8945 9.2849 -57.3695 -1.5155 9.2849 -53.2212
2 24 -3.9573 8.7513 -53.7025 -1.5155 9.2849 -53.2212
2 24 -19.25 -1.625 -31.5 -19.25 -11.7842 -31.5
2 24 -19.25 -1.625 -31.5 -14.175 -1.625 -31.5
2 24 -19.25 -11.7842 -31.5 -14.175 -14.1578 -31.5
2 24 -14.175 -1.625 -31.5 -14.175 -14.1578 -31.5
2 24 -1.5155 9.2849 -44.5 -3.9573 8.7513 -44.5
2 24 -1.5155 9.2849 -53.2212 -3.9573 8.7513 -53.7025
2 24 -3.9573 8.7513 -44.5 -5.6708 7.2496 -44.5
2 24 -3.9573 8.7513 -53.7025 -5.6708 7.2496 -54.1123
2 24 -5.6708 7.2496 -44.5 -7.4834 5.437 -44.5
2 24 -5.6708 7.2496 -54.1123 -7.4834 5.437 -54.515
2 24 -7.4834 5.437 -44.5 -8.7973 2.8584 -44.5
2 24 -7.4834 5.437 -54.515 -8.7973 2.8584 -54.7627
2 24 -8.7973 2.8584 -44.5 -9.25 0 -44.5
2 24 -8.7973 2.8584 -54.7627 -9.25 0 -54.8715
2 24 -9.25 0 -44.5 -9.2798 -1.625 -44.5
2 24 -9.2798 -1.625 -44.5 -9.2798 -1.625 -54.8715
2 24 -9.25 0 -54.8715 -9.2798 -1.625 -54.8715
2 24 -19.25 -1.625 -36.8 -19.25 -11.7842 -36.8
2 24 -19.25 -11.7842 -36.8 -19.25 -11.7842 -31.5
2 24 -19.25 -1.625 -31.5 -19.25 -11.7842 -31.5
2 24 -14.175 -14.1578 -36.8 -19.25 -11.7842 -36.8
2 24 -14.175 -14.1578 -36.8 -14.175 -1.625 -36.8
2 24 -19.25 -11.7842 -36.8 -19.25 -1.625 -36.8
2 24 -14.175 -1.625 -36.8 -19.25 -1.625 -36.8
2 24 -14.175 -14.1578 -36.8 -14.175 -1.625 -36.8
2 24 -14.175 -14.1578 -36.8 -14.175 -14.1578 -31.5
2 24 -14.175 -14.1578 -31.5 -14.175 -1.625 -31.5
2 24 -128.9189 4.625 -83.25 -131.9893 4.625 -83.25
2 24 -131.2027 2.8584 -83.25 -131.9893 4.625 -83.25
2 24 -131.2027 2.8584 -83.25 -130.75 0 -83.25
2 24 -128.9189 -1.625 -83.25 -131.0074 -1.625 -83.25
2 24 -130.75 0 -83.25 -131.0074 -1.625 -83.25
2 24 -128.9189 4.625 -83.25 -127.7889 4.625 -83.1814
2 24 -128.9189 -1.625 -83.25 -127.7889 -1.625 -83.1814
2 24 -127.7889 4.625 -83.1814 -126.7878 4.625 -83.026
2 24 -127.7889 -1.625 -83.1814 -126.7878 -1.625 -83.026
2 24 -126.7878 -1.625 -83.026 -57.0789 -1.625 -68.2089
2 24 -126.7878 4.625 -83.026 -55.5213 8.262 -67.8778
2 24 -57.0789 -1.625 -68.2089 -54.7997 -1.625 -67.7245
2 24 -54.7997 -1.625 -67.7245 -52.1278 -1.625 -67.1566
2 24 -55.5213 8.262 -67.8778 -47.347 8.6588 -66.1404
2 24 -52.1278 -1.625 -67.1566 -28.395 -1.625 -62.112
2 24 -47.347 8.6588 -66.1404 -28.395 9.125 -62.112
2 24 -28.395 -1.625 -62.112 -23.604 -1.625 -61.0936
2 24 -23.604 -1.625 -61.0936 -23.604 9.2849 -61.0936
2 24 -28.395 9.125 -62.112 -23.604 9.2849 -61.0936
2 24 -132.0429 4.625 -93.5 -132.0726 4.6239 -95.2955
2 24 -132.0429 4.625 -93.5 -128.9452 4.625 -93.5
2 24 -132.0726 4.6239 -95.2955 -131.2027 2.8584 -97.6801
2 24 -128.9452 4.625 -93.5 -126.6833 4.625 -93.3639
2 24 -131.2027 2.8584 -97.6801 -130.8909 0.8897 -98.5
2 24 -126.6833 4.625 -93.3639 -124.631 4.625 -93.0466
2 24 -130.8909 0.8897 -98.5 -130.8589 -0.6877 -98.5
2 24 -124.631 4.625 -93.0466 -50.4738 4.625 -77.284
2 24 -130.8589 -0.6877 -98.5 -131.178 -2.7025 -96.8963
2 24 -131.178 -2.7025 -96.8963 -131.8362 -4.1018 -93.6588
2 24 -131.8362 -4.1018 -93.6588 -132.1911 -4.7983 -88.5733
2 24 -132.1911 -4.7983 -88.5733 -132.2643 -4.9419 -80
2 24 -132.2643 -4.9419 -80 -127.5285 -4.9486 -79.963
2 24 -127.5285 -4.9486 -79.963 -56.3665 -5.212 -64.8694
2 24 -56.3665 -5.212 -64.8694 -32.6837 -5.2997 -59.8462
2 24 -32.6837 -5.2997 -59.8462 -29.614 -5.321 -58.6245
2 24 -29.614 -5.321 -58.6245 -27.4306 -5.352 -56.8485
2 24 -20.122 -5.297 -60 -15.1913 -4.7324 -60
2 24 -15.1913 -4.7324 -60 -11.8654 -3.3813 -60
2 24 -11.8654 -3.3813 -60 -10 -0.6877 -60
2 24 -10 -0.6877 -60 -10 0.8897 -60
2 24 -10 0.8897 -60 -11.1495 3.4593 -60
2 24 -11.1495 3.4593 -60 -13.4293 4.625 -60
2 24 -15.0553 4.625 -61.6827 -14.6854 4.625 -60
2 24 -13.4293 4.625 -60 -14.6854 4.625 -60
2 24 -15.0553 4.625 -61.6827 -15.762 4.625 -63.7717
2 24 -20.0191 4.625 -68.2546 -20.1843 4.625 -68.9781
2 24 -20.1843 4.625 -68.9781 -23.0025 4.625 -70.8774
2 24 -23.0025 4.625 -70.8774 -26.7864 4.625 -72.249
2 24 -50.4738 4.625 -77.284 -26.7864 4.625 -72.249
2 24 -147.75 0 -80 -148.0891 1.25 -80
2 24 -148.0891 1.25 -80 -148.0891 1.25 -82
2 24 -148.0891 1.25 -82 -147.75 0 -82
2 24 -147.75 0 -80 -146.7117 -3.875 -80
2 24 -147.75 0 -82 -146.7117 -3.875 -82
2 24 -146.7117 -3.875 -80 -143.875 -6.7117 -80
2 24 -146.7117 -3.875 -82 -143.875 -6.7117 -82
2 24 -143.875 -6.7117 -80 -140 -7.75 -80
2 24 -143.875 -6.7117 -82 -140 -7.75 -82
2 24 -140 -7.75 -80 -136.125 -6.7117 -80
2 24 -140 -7.75 -82 -136.125 -6.7117 -82
2 24 -136.125 -6.7117 -80 -133.2883 -3.875 -80
2 24 -136.125 -6.7117 -82 -133.2883 -3.875 -82
2 24 -133.2883 -3.875 -80 -132.25 0 -80
2 24 -133.2883 -3.875 -82 -132.25 0 -82
2 24 -132.25 0 -82 -132.25 4.625 -82
2 24 -132.25 0 -80 -132.25 4.625 -80
2 24 -132.25 4.625 -82 -132.25 4.625 -80
2 24 -13.4293 4.625 -60 -11.1495 3.4593 -60
2 24 -16.0541 9.2849 -60 -2.8052 9.2849 -60
2 24 -2.8009 5.5894 -60 -1.3917 6.0764 -60
2 24 -2.8052 9.2849 -60 0 9.2849 -60
2 24 -1.3917 6.0764 -60 0 6.25 -60
2 24 0 6.25 -60 1.1179 6.1492 -60
2 24 0 9.2849 -60 2.8584 8.7973 -60
2 24 1.1179 6.1492 -60 2.225 5.8405 -60
2 24 2.8584 8.7973 -60 5.437 7.4834 -60
2 24 2.225 5.8405 -60 2.225 4.2852 -60
2 24 2.225 4.2852 -60 2.8284 2.8284 -60
2 24 5.437 7.4834 -60 7.4834 5.437 -60
2 24 2.8284 2.8284 -60 4.2852 2.225 -60
2 24 4.2852 2.225 -60 5.8405 2.225 -60
2 24 7.4834 5.437 -60 8.7973 2.8584 -60
2 24 5.8405 2.225 -60 6.1492 1.1179 -60
2 24 8.7973 2.8584 -60 9.25 0 -60
2 24 6.1492 1.1179 -60 6.25 0 -60
2 24 6.25 0 -60 6.0923 -1.4554 -60
2 24 9.25 0 -60 8.7973 -2.8584 -60
2 24 6.0923 -1.4554 -60 5.5873 -2.8009 -60
2 24 8.7973 -2.8584 -60 7.4834 -5.437 -60
2 24 7.4834 -5.437 -60 5.437 -7.4834 -60
2 24 5.5873 -2.8009 -60 2.5337 -2.5337 -60
2 24 2.8009 -5.5873 -60 2.5337 -2.5337 -60
2 24 5.437 -7.4834 -60 2.8584 -8.7973 -60
2 24 2.8009 -5.5873 -60 1.3917 -6.0743 -60
2 24 2.8584 -8.7973 -60 0 -9.25 -60
2 24 1.3917 -6.0743 -60 0 -6.25 -60
2 24 0 -6.25 -60 -1.1179 -6.1471 -60
2 24 0 -9.25 -60 -2.8584 -8.7973 -60
2 24 -1.1179 -6.1471 -60 -2.225 -5.8384 -60
2 24 -2.8584 -8.7973 -60 -5.437 -7.4834 -60
2 24 -2.225 -5.8384 -60 -2.225 -4.2831 -60
2 24 -2.225 -4.2831 -60 -2.8284 -2.8284 -60
2 24 -5.437 -7.4834 -60 -7.5831 -5.297 -60
2 24 -2.8284 -2.8284 -60 -4.2852 -2.2229 -60
2 24 -4.2852 -2.2229 -60 -5.8405 -2.2229 -60
2 24 -5.8405 -2.2229 -60 -6.1492 -1.1158 -60
2 24 -6.1492 -1.1158 -60 -6.25 0 -60
2 24 -10 -0.6877 -60 -11.8654 -3.3813 -60
2 24 -11.8654 -3.3813 -60 -15.1913 -4.7324 -60
2 24 -7.5831 -5.297 -60 -20.122 -5.297 -60
2 24 -15.1913 -4.7324 -60 -20.122 -5.297 -60
2 24 -10 -0.6877 -60 -10 0.8897 -60
2 24 -6.25 0 -60 -6.0923 1.4575 -60
2 24 -11.1495 3.4593 -60 -10 0.8897 -60
2 24 -6.0923 1.4575 -60 -5.5873 2.803 -60
2 24 -5.5873 2.803 -60 -2.5337 2.5337 -60
2 24 -2.8009 5.5894 -60 -2.5337 2.5337 -60
2 24 -20.0191 4.625 -68.2546 -20.6616 4.625 -67.8832
2 24 -15.762 4.625 -63.7717 -21.012 4.625 -64.8876
2 24 -21.012 4.625 -64.8876 -27.8388 4.625 -66.3387
2 24 -20.6616 4.625 -67.8832 -27.0366 4.625 -69.2381
2 24 -27.0366 4.625 -69.2381 -45.9453 4.625 -73.2567
2 24 -27.8388 4.625 -66.3387 -46.7474 4.625 -70.3578
2 24 -45.9453 4.625 -73.2567 -52.4423 4.625 -74.6375
2 24 -46.7474 4.625 -70.3578 -52.9128 4.625 -71.6683
2 24 -52.9128 4.625 -71.6683 -125.9556 4.625 -87.1941
2 24 -52.4423 4.625 -74.6375 -125.3319 4.625 -90.1285
2 24 -125.3319 4.625 -90.1285 -127.0634 4.625 -90.3937
2 24 -125.9556 4.625 -87.1941 -127.4022 4.625 -87.4147
2 24 -127.4022 4.625 -87.4147 -128.8664 4.625 -87.5
2 24 -127.0634 4.625 -90.3937 -128.8664 4.625 -90.5
2 24 -128.8664 4.625 -87.5 -132.024 4.625 -87.5
2 24 -128.8664 4.625 -90.5 -132.0429 4.625 -90.5
2 24 -132.024 4.625 -87.5 -132.0429 4.625 -90.5
2 24 -4.2852 -2.2229 -40 -5.8405 -2.2229 -40
2 24 -5.8405 -2.2229 -40 -5.8405 -2.2229 -60
2 24 -5.8405 -2.2229 -60 -4.2852 -2.2229 -60
2 24 -4.2852 -2.2229 -40 -2.8284 -2.8284 -40
2 24 -4.2852 -2.2229 -60 -2.8284 -2.8284 -60
2 24 -2.8284 -2.8284 -40 -2.8284 -2.8284 -60
2 24 -2.8284 -2.8284 -40 -2.225 -4.2831 -40
2 24 -2.8284 -2.8284 -60 -2.225 -4.2831 -60
2 24 -2.225 -4.2831 -40 -2.225 -5.8384 -40
2 24 -2.225 -5.8384 -40 -2.225 -5.8384 -60
2 24 -2.225 -4.2831 -60 -2.225 -5.8384 -60
2 24 -2.8009 5.5894 -40 -2.5337 2.5337 -40
2 24 -5.5873 2.803 -40 -2.5337 2.5337 -40
2 24 -5.5873 2.803 -40 -6.0923 1.4575 -40
2 24 -10.175 9.2849 -40 -1.5155 9.2849 -40
2 24 -2.8009 5.5894 -40 -1.3917 6.0764 -40
2 24 -1.3917 6.0764 -40 -0.0269 6.2499 -40
2 24 -1.5155 9.2849 -40 0 9.2849 -40
2 24 -0.0269 6.2499 -40 1.1179 6.1492 -40
2 24 0 9.2849 -40 2.8584 8.7973 -40
2 24 1.1179 6.1492 -40 2.225 5.8405 -40
2 24 -10.175 9.2849 -40 -10.175 -5.6461 -40
2 24 -6.0923 1.4575 -40 -6.2499 0.0269 -40
2 24 -6.2499 0.0269 -40 -6.1492 -1.1158 -40
2 24 2.8584 8.7973 -40 5.437 7.4834 -40
2 24 2.225 5.8405 -40 2.225 4.2852 -40
2 24 2.225 4.2852 -40 2.8284 2.8284 -40
2 24 -10.175 -5.6461 -40 -7.2964 -5.6461 -40
2 24 5.437 7.4834 -40 7.4834 5.437 -40
2 24 2.8284 2.8284 -40 4.2852 2.225 -40
2 24 4.2852 2.225 -40 5.8405 2.225 -40
2 24 7.4834 5.437 -40 8.7973 2.8584 -40
2 24 5.8405 2.225 -40 6.1492 1.1179 -40
2 24 -6.1492 -1.1158 -40 -5.8405 -2.2229 -40
2 24 -5.8405 -2.2229 -40 -4.2852 -2.2229 -40
2 24 -4.2852 -2.2229 -40 -2.8284 -2.8284 -40
2 24 8.7973 2.8584 -40 9.25 0 -40
2 24 6.1492 1.1179 -40 6.25 0 -40
2 24 6.25 0 -40 6.0923 -1.4554 -40
2 24 9.25 0 -40 8.7973 -2.8584 -40
2 24 -7.2964 -5.6461 -40 -5.437 -7.4834 -40
2 24 -2.8284 -2.8284 -40 -2.225 -4.2831 -40
2 24 -2.225 -4.2831 -40 -2.225 -5.8384 -40
2 24 -5.437 -7.4834 -40 -2.8584 -8.7973 -40
2 24 -2.225 -5.8384 -40 -1.1179 -6.1471 -40
2 24 6.0923 -1.4554 -40 5.5873 -2.8009 -40
2 24 -2.8584 -8.7973 -40 0 -9.25 -40
2 24 -1.1179 -6.1471 -40 0.0269 -6.2499 -40
2 24 0.0269 -6.2499 -40 1.3917 -6.0743 -40
2 24 0 -9.25 -40 2.8584 -8.7973 -40
2 24 1.3917 -6.0743 -40 2.8009 -5.5873 -40
2 24 2.8584 -8.7973 -40 5.437 -7.4834 -40
2 24 2.8009 -5.5873 -40 2.5337 -2.5337 -40
2 24 5.5873 -2.8009 -40 2.5337 -2.5337 -40
2 24 8.7973 -2.8584 -40 7.4834 -5.437 -40
2 24 5.437 -7.4834 -40 7.4834 -5.437 -40
2 24 -1.5155 9.2849 -44.5 -16.875 9.2849 -44.5
2 24 -10.175 9.2849 -40 -1.5155 9.2849 -40
2 24 -1.5155 9.2849 -40 0 9.2849 -40
2 24 0 9.2849 -60 -2.8052 9.2849 -60
2 24 0 9.2849 -60 2.8584 8.7973 -60
2 24 -2.8052 9.2849 -60 -16.0541 9.2849 -60
2 24 0 9.2849 -40 2.8584 8.7973 -40
2 24 2.8584 8.7973 -60 5.437 7.4834 -60
2 24 2.8584 8.7973 -40 5.437 7.4834 -40
2 24 5.437 7.4834 -60 7.4834 5.437 -60
2 24 5.437 7.4834 -40 7.4834 5.437 -40
2 24 7.4834 5.437 -60 8.7973 2.8584 -60
2 24 7.4834 5.437 -40 8.7973 2.8584 -40
2 24 8.7973 2.8584 -60 9.25 0 -60
2 24 8.7973 2.8584 -40 9.25 0 -40
2 24 9.25 0 -60 8.7973 -2.8584 -60
2 24 9.25 0 -40 8.7973 -2.8584 -40
2 24 8.7973 -2.8584 -60 7.4834 -5.437 -60
2 24 8.7973 -2.8584 -40 7.4834 -5.437 -40
2 24 7.4834 -5.437 -60 5.437 -7.4834 -60
2 24 7.4834 -5.437 -40 5.437 -7.4834 -40
2 24 5.437 -7.4834 -60 2.8584 -8.7973 -60
2 24 5.437 -7.4834 -40 2.8584 -8.7973 -40
2 24 2.8584 -8.7973 -60 0 -9.25 -60
2 24 2.8584 -8.7973 -40 0 -9.25 -40
2 24 0 -9.25 -60 -2.8584 -8.7973 -60
2 24 0 -9.25 -40 -2.8584 -8.7973 -40
2 24 -2.8584 -8.7973 -60 -5.437 -7.4834 -60
2 24 -2.8584 -8.7973 -40 -5.437 -7.4834 -40
2 24 -5.437 -7.4834 -40 -7.2964 -5.6461 -40
2 24 -7.2964 -5.6461 -40 -7.5831 -5.297 -60
2 24 -5.437 -7.4834 -60 -7.5831 -5.297 -60
2 24 -132.25 4.625 -80 -127.4914 4.625 -79.9591
2 24 -132.25 4.625 -80 -132.25 0 -80
2 24 -127.4914 4.625 -79.9591 -127.5285 -4.9486 -79.963
2 24 -127.5285 -4.9486 -79.963 -132.2643 -4.9419 -80
2 24 -132.25 0 -80 -133.2883 -3.875 -80
2 24 -132.2643 -4.9419 -80 -132.5166 -5.437 -79.9256
2 24 -133.2883 -3.875 -80 -136.125 -6.7117 -80
2 24 -132.5166 -5.437 -79.9256 -134.563 -7.4834 -80
2 24 -134.563 -7.4834 -80 -137.1416 -8.7973 -80
2 24 -136.125 -6.7117 -80 -140 -7.75 -80
2 24 -137.1416 -8.7973 -80 -140 -9.25 -80
2 24 -140 -9.25 -80 -142.8584 -8.7973 -80
2 24 -140 -7.75 -80 -143.875 -6.7117 -80
2 24 -142.8584 -8.7973 -80 -145.437 -7.4834 -80
2 24 -143.875 -6.7117 -80 -146.7117 -3.875 -80
2 24 -145.437 -7.4834 -80 -147.4834 -5.437 -80
2 24 -147.4834 -5.437 -80 -148.7973 -2.8584 -80
2 24 -146.7117 -3.875 -80 -147.75 0 -80
2 24 -148.7973 -2.8584 -80 -149.25 0 -80
2 24 -147.75 0 -80 -148.0891 1.25 -80
2 24 -149.25 0 -80 -149.0548 1.2325 -80
2 24 -148.0891 1.25 -80 -149.0548 1.2325 -80
2 24 -149.0548 1.2325 -82 -148.7973 2.8584 -82
2 24 -149.0548 1.2325 -82 -148.0891 1.25 -82
2 24 -148.7973 2.8584 -82 -147.4834 5.437 -82
2 24 -145.4127 3.125 -82 -146.25 0 -82
2 24 -148.0891 1.25 -82 -147.75 0 -82
2 24 -147.75 0 -82 -146.7117 -3.875 -82
2 24 -146.25 0 -82 -145.4127 -3.125 -82
2 24 -146.7117 -3.875 -82 -143.875 -6.7117 -82
2 24 -145.4127 -3.125 -82 -143.125 -5.4127 -82
2 24 -143.875 -6.7117 -82 -140 -7.75 -82
2 24 -143.125 -5.4127 -82 -140 -6.25 -82
2 24 -140 -7.75 -82 -136.125 -6.7117 -82
2 24 -140 -6.25 -82 -136.875 -5.4127 -82
2 24 -136.125 -6.7117 -82 -133.2883 -3.875 -82
2 24 -136.875 -5.4127 -82 -134.5873 -3.125 -82
2 24 -145.4127 3.125 -82 -143.125 5.4127 -82
2 24 -147.4834 5.437 -82 -145.437 7.4834 -82
2 24 -145.437 7.4834 -82 -142.8584 8.7973 -82
2 24 -133.2883 -3.875 -82 -132.25 0 -82
2 24 -134.5873 -3.125 -82 -133.75 0 -82
2 24 -143.125 5.4127 -82 -140 6.25 -82
2 24 -142.8584 8.7973 -82 -140 9.25 -82
2 24 -140 9.25 -82 -137.1416 8.7973 -82
2 24 -133.75 0 -82 -134.5873 3.125 -82
2 24 -140 6.25 -82 -136.875 5.4127 -82
2 24 -137.1416 8.7973 -82 -134.563 7.4834 -81.9988
2 24 -132.25 0 -82 -132.25 4.625 -82
2 24 -134.5873 3.125 -82 -136.875 5.4127 -82
2 24 -134.563 7.4834 -81.9988 -132.5166 5.437 -81.9998
2 24 -132.25 4.625 -82 -131.9893 4.625 -82
2 24 -132.5166 5.437 -81.9998 -131.9893 4.625 -82
2 24 -131.0074 -1.625 -87.5 -130.75 0 -87.5
2 24 -131.0074 -1.625 -87.5 -128.8664 -1.625 -87.5
2 24 -130.75 0 -87.5 -131.2027 2.8584 -87.5
2 24 -131.2027 2.8584 -87.5 -132.024 4.625 -87.5
2 24 -128.8664 4.625 -87.5 -132.024 4.625 -87.5
2 24 -128.8664 -1.625 -87.5 -127.4022 -1.625 -87.4147
2 24 -128.8664 4.625 -87.5 -127.4022 4.625 -87.4147
2 24 -127.4022 -1.625 -87.4147 -125.9556 -1.625 -87.1941
2 24 -127.4022 4.625 -87.4147 -125.9556 4.625 -87.1941
2 24 -125.9556 -1.625 -87.1941 -55.5273 -1.625 -72.2214
2 24 -125.9556 4.625 -87.1941 -52.9128 4.625 -71.6683
2 24 -55.5273 -1.625 -72.2214 -53.1529 -1.625 -71.7165
2 24 -53.1529 -1.625 -71.7165 -50.7487 -1.625 -71.2084
2 24 -52.9128 4.625 -71.6683 -46.7474 4.625 -70.3578
2 24 -50.7487 -1.625 -71.2084 -27.8388 -1.625 -66.3387
2 24 -46.7474 4.625 -70.3578 -27.8388 4.625 -66.3387
2 24 -27.8388 -1.625 -66.3387 -21.012 -1.625 -64.8876
2 24 -27.8388 4.625 -66.3387 -21.012 4.625 -64.8876
2 24 -21.012 -1.625 -64.8876 -15.762 -1.625 -63.7717
2 24 -21.012 4.625 -64.8876 -15.762 4.625 -63.7717
2 24 -15.762 -1.625 -63.7717 -15.762 4.625 -63.7717
2 24 -14.6464 -1.625 -59.7008 -15.0553 -1.625 -61.6827
2 24 -14.6464 -1.625 -59.7008 -14.6854 4.625 -60
2 24 -14.6854 4.625 -60 -15.0553 4.625 -61.6827
2 24 -15.0553 -1.625 -61.6827 -15.762 -1.625 -63.7717
2 24 -15.0553 4.625 -61.6827 -15.762 4.625 -63.7717
2 24 -15.762 -1.625 -63.7717 -15.762 4.625 -63.7717
2 24 -20.8945 -1.625 -57.3695 -19.3731 -1.625 -46.5444
2 24 -20.8945 -1.625 -57.3695 -20.8945 9.2849 -57.3695
2 24 -20.8945 9.2849 -57.3695 -19.3731 9.2849 -46.5444
2 24 -19.3731 9.2849 -46.5444 -18.5525 9.2849 -44.9987
2 24 -19.3731 -1.625 -46.5444 -18.5525 -1.625 -44.9987
2 24 -18.5525 9.2849 -44.9987 -18.5525 -1.625 -44.9987
2 24 -18.5525 9.2849 -44.9987 -16.875 9.2849 -44.5
2 24 -18.5525 -1.625 -44.9987 -16.875 -1.625 -44.5
2 24 -9.25 0 -44.5 -9.2798 -1.625 -44.5
2 24 -16.875 -1.625 -44.5 -9.2798 -1.625 -44.5
2 24 -9.25 0 -44.5 -8.7973 2.8584 -44.5
2 24 -8.7973 2.8584 -44.5 -7.4834 5.437 -44.5
2 24 -7.4834 5.437 -44.5 -5.6708 7.2496 -44.5
2 24 -5.6708 7.2496 -44.5 -3.9573 8.7513 -44.5
2 24 -16.875 9.2849 -44.5 -1.5155 9.2849 -44.5
2 24 -3.9573 8.7513 -44.5 -1.5155 9.2849 -44.5
2 24 -18.5544 9.2849 -39.3044 -16.875 9.2849 -40
2 24 -18.5544 9.2849 -39.3044 -18.5544 -1.625 -39.3044
2 24 -16.875 -1.625 -40 -18.5544 -1.625 -39.3044
2 24 -18.5544 9.2849 -39.3044 -19.25 9.2849 -37.625
2 24 -19.25 -1.625 -36.8 -18.5544 -1.625 -39.3044
2 24 -19.25 9.2849 -37.625 -19.25 9.2849 -22.375
2 24 -19.25 -1.625 -31.5 -19.25 -1.625 -28.5
2 24 -19.25 -1.625 -23.2 -18.5544 -1.625 -20.6956
2 24 -19.25 9.2849 -22.375 -18.5544 9.2849 -20.6956
2 24 -18.5544 -1.625 -20.6956 -18.5544 9.2849 -20.6956
2 24 -18.5544 -1.625 -20.6956 -16.875 -1.625 -20
2 24 -18.5544 9.2849 -20.6956 -16.875 9.2849 -20
2 24 -16.875 -1.625 -20 -14.988 -1.625 -20.5771
2 24 -16.875 9.2849 -20 -14.988 9.2849 -20.5771
2 24 -14.988 -1.625 -20.5771 -14.988 9.2849 -20.5771
2 24 -14.988 9.2849 -20.5771 -14.175 9.2849 -22.375
2 24 -14.988 -1.625 -20.5771 -14.175 -1.625 -23.2
2 24 -14.175 -1.625 -31.5 -14.175 -1.625 -28.5
2 24 -14.175 9.2849 -22.375 -14.175 9.2849 -37.625
2 24 -14.175 -1.625 -36.8 -14.988 -1.625 -39.423
2 24 -14.175 9.2849 -37.625 -14.988 9.2849 -39.423
2 24 -14.988 -1.625 -39.423 -14.988 9.2849 -39.423
2 24 -16.875 9.2849 -40 -14.988 9.2849 -39.423
2 24 -16.875 -1.625 -40 -14.988 -1.625 -39.423
2 24 -132.25 4.625 -82 -131.9893 4.625 -82
2 24 -132.25 4.625 -82 -132.25 4.625 -80
2 24 -132.25 4.625 -80 -127.4914 4.625 -79.9591
2 24 -131.9893 4.625 -82 -131.9893 4.625 -83.25
2 24 -128.9189 4.625 -83.25 -131.9893 4.625 -83.25
2 24 -128.9189 4.625 -83.25 -127.7889 4.625 -83.1814
2 24 -127.7889 4.625 -83.1814 -126.7878 4.625 -83.026
2 24 -127.4914 4.625 -79.9591 -56.1662 8.2614 -64.8375
2 24 -126.7878 4.625 -83.026 -55.5213 8.262 -67.8778
2 24 -55.5213 8.262 -67.8778 -47.347 8.6588 -66.1404
2 24 -56.1662 8.2614 -64.8375 -47.9908 8.6587 -63.0998
2 24 -47.9908 8.6587 -63.0998 -32.6837 9.125 -59.8462
2 24 -47.347 8.6588 -66.1404 -28.395 9.125 -62.112
2 24 -32.6837 9.125 -59.8462 -29.7688 9.125 -58.7393
2 24 -28.395 9.125 -62.112 -23.604 9.2849 -61.0936
2 24 -29.7688 9.125 -58.7393 -27.4339 9.125 -56.899
2 24 -27.4339 9.125 -56.899 -25.7403 9.125 -54.4315
2 24 -25.7403 9.125 -54.4315 -24.8601 9.125 -51.4564
2 24 -20.8945 9.2849 -57.3695 -19.3731 9.2849 -46.5444
2 24 -24.8601 9.125 -51.4564 -23.25 9.2849 -40
2 24 -19.3731 9.2849 -46.5444 -18.5525 9.2849 -44.9987
2 24 -18.5544 9.2849 -39.3044 -19.25 9.2849 -37.625
2 24 -19.25 9.2849 -37.625 -19.25 9.2849 -22.375
2 24 -18.5544 9.2849 -39.3044 -16.875 9.2849 -40
2 24 -16.875 9.2849 -44.5 -18.5525 9.2849 -44.9987
2 24 -23.25 9.2849 -40 -23.25 9.2849 -20
2 24 -16.875 9.2849 -40 -14.988 9.2849 -39.423
2 24 -14.988 9.2849 -39.423 -14.175 9.2849 -37.625
2 24 -10.175 9.2849 -40 -10.175 9.2849 -20
2 24 -14.175 9.2849 -37.625 -14.175 9.2849 -22.375
2 24 -14.175 9.2849 -22.375 -14.988 9.2849 -20.5771
2 24 -14.988 9.2849 -20.5771 -16.875 9.2849 -20
2 24 -16.875 9.2849 -15.5 -18.5525 9.2849 -15.0014
2 24 -16.875 9.2849 -20 -18.5544 9.2849 -20.6956
2 24 -19.25 9.2849 -22.375 -18.5544 9.2849 -20.6956
2 24 -18.5525 9.2849 -15.0014 -19.3731 9.2849 -13.4556
2 24 -23.25 9.2849 -20 -24.8601 9.125 -8.5436
2 24 -19.3731 9.2849 -13.4556 -20.8945 9.2849 -2.6305
2 24 -24.8601 9.125 -8.5436 -25.7403 9.125 -5.5686
2 24 -25.7403 9.125 -5.5686 -27.4339 9.125 -3.1011
2 24 -27.4339 9.125 -3.1011 -29.7688 9.125 -1.2607
2 24 -23.604 9.2849 1.0936 -28.395 9.125 2.112
2 24 -29.7688 9.125 -1.2607 -32.6837 9.125 -0.1538
2 24 -28.395 9.125 2.112 -47.347 8.6588 6.1404
2 24 -32.6837 9.125 -0.1538 -47.9908 8.6587 3.0998
2 24 -47.347 8.6588 6.1404 -55.5213 8.262 7.8778
2 24 -47.9908 8.6587 3.0998 -56.1662 8.2614 4.8375
2 24 -55.5213 8.262 7.8778 -77.5914 6.875 12.569
2 24 -56.1662 8.2614 4.8375 -80.0875 6.875 9.9231
2 24 -77.5914 6.875 12.569 -126.7878 4.625 23.026
2 24 -80.0875 6.875 9.9231 -127.4914 4.625 20
2 24 -126.7878 4.625 23.026 -127.7889 4.625 23.1814
2 24 -127.7889 4.625 23.1814 -128.9189 4.625 23.25
2 24 -128.9189 4.625 23.25 -131.9893 4.625 23.25
2 24 -131.9893 4.625 22 -131.9893 4.625 23.25
2 24 -127.4914 4.625 20 -132.25 4.625 20
2 24 -132.25 4.625 20 -132.25 4.625 22
2 24 -131.9893 4.625 22 -132.25 4.625 22
2 24 -149.0548 1.2325 -82 -148.0891 1.25 -82
2 24 -149.0548 1.2325 -82 -149.0548 1.2325 -80
2 24 -148.0891 1.25 -82 -148.0891 1.25 -80
2 24 -149.0548 1.2325 -80 -148.0891 1.25 -80
2 24 -10.175 -5.6461 -40 -10.175 -5.6461 -20
2 24 -10.175 -5.6461 -40 -10.175 9.2849 -40
2 24 -10.175 -5.6461 -20 -10.175 9.2849 -20
2 24 -10.175 9.2849 -40 -10.175 9.2849 -20
2 24 -10.175 -5.6461 -40 -7.2964 -5.6461 -40
2 24 -7.2964 -5.6461 -40 -7.5831 -5.297 -60
2 24 -24.8601 -5.4461 -51.4564 -23.25 -5.6461 -40
2 24 -10.5018 -5.6461 -40 -23.25 -5.6461 -40
2 24 -20.122 -5.297 -60 -7.5831 -5.297 -60
2 24 -24.8601 -5.4461 -51.4564 -25.7852 -5.394 -54.4468
2 24 -27.4306 -5.352 -56.8485 -25.7852 -5.394 -54.4468
2 24 -23.25 -5.6461 -20 -23.25 -11.3398 -20
2 24 -23.25 -11.3398 -20 -23.25 -11.3398 -40
2 24 -23.25 -11.3398 -40 -23.25 -5.6461 -40
2 24 -23.25 -5.6461 -40 -23.25 9.2849 -40
2 24 -23.25 9.2849 -40 -23.25 9.2849 -20
2 24 -23.25 -5.6461 -20 -23.25 9.2849 -20
2 24 -2.225 -5.8384 -40 -2.225 -5.8384 -60
2 24 -2.225 -5.8384 -40 -1.1179 -6.1471 -40
2 24 -2.225 -5.8384 -60 -1.1179 -6.1471 -60
2 24 -1.1179 -6.1471 -40 0.0269 -6.2499 -40
2 24 -1.1179 -6.1471 -60 0 -6.25 -60
2 24 0.0269 -6.2499 -40 1.3917 -6.0743 -40
2 24 0 -6.25 -60 1.3917 -6.0743 -60
2 24 1.3917 -6.0743 -40 2.8009 -5.5873 -40
2 24 2.8009 -5.5873 -40 2.8009 -5.5873 -60
2 24 1.3917 -6.0743 -60 2.8009 -5.5873 -60
2 24 -5.8405 -2.2229 -60 -5.8405 -2.2229 -40
2 24 -5.8405 -2.2229 -40 -6.1492 -1.1158 -40
2 24 -5.8405 -2.2229 -60 -6.1492 -1.1158 -60
2 24 -6.1492 -1.1158 -60 -6.25 0 -60
2 24 -6.1492 -1.1158 -40 -6.2499 0.0269 -40
2 24 -6.25 0 -60 -6.0923 1.4575 -60
2 24 -6.2499 0.0269 -40 -6.0923 1.4575 -40
2 24 -6.0923 1.4575 -60 -5.5873 2.803 -60
2 24 -5.5873 2.803 -60 -5.5873 2.803 -40
2 24 -6.0923 1.4575 -40 -5.5873 2.803 -40
2 24 2.8009 -5.5873 -60 2.5337 -2.5337 -60
2 24 2.8009 -5.5873 -60 2.8009 -5.5873 -40
2 24 2.5337 -2.5337 -60 2.5337 -2.5337 -40
2 24 2.8009 -5.5873 -40 2.5337 -2.5337 -40
2 24 -2.5337 2.5337 -60 -2.5337 2.5337 -40
2 24 -2.5337 2.5337 -60 -2.8009 5.5894 -60
2 24 -2.5337 2.5337 -40 -2.8009 5.5894 -40
2 24 -2.8009 5.5894 -60 -2.8009 5.5894 -40
2 24 -5.5873 2.803 -40 -2.5337 2.5337 -40
2 24 -5.5873 2.803 -40 -5.5873 2.803 -60
2 24 -2.5337 2.5337 -40 -2.5337 2.5337 -60
2 24 -5.5873 2.803 -60 -2.5337 2.5337 -60
2 24 5.5873 -2.8009 -40 5.5873 -2.8009 -60
2 24 5.5873 -2.8009 -40 6.0923 -1.4554 -40
2 24 5.5873 -2.8009 -60 6.0923 -1.4554 -60
2 24 6.0923 -1.4554 -40 6.25 0 -40
2 24 6.0923 -1.4554 -60 6.25 0 -60
2 24 6.25 0 -40 6.1492 1.1179 -40
2 24 6.25 0 -60 6.1492 1.1179 -60
2 24 6.1492 1.1179 -40 5.8405 2.225 -40
2 24 5.8405 2.225 -40 5.8405 2.225 -60
2 24 6.1492 1.1179 -60 5.8405 2.225 -60
2 24 5.5873 -2.8009 -60 5.5873 -2.8009 -40
2 24 5.5873 -2.8009 -60 2.5337 -2.5337 -60
2 24 5.5873 -2.8009 -40 2.5337 -2.5337 -40
2 24 2.5337 -2.5337 -60 2.5337 -2.5337 -40
2 24 -2.8009 5.5894 -60 -2.8009 5.5894 -40
2 24 -2.8009 5.5894 -60 -1.3917 6.0764 -60
2 24 -2.8009 5.5894 -40 -1.3917 6.0764 -40
2 24 -1.3917 6.0764 -60 0 6.25 -60
2 24 -1.3917 6.0764 -40 -0.0269 6.2499 -40
2 24 0 6.25 -60 1.1179 6.1492 -60
2 24 -0.0269 6.2499 -40 1.1179 6.1492 -40
2 24 1.1179 6.1492 -40 2.225 5.8405 -40
2 24 2.225 5.8405 -40 2.225 5.8405 -60
2 24 1.1179 6.1492 -60 2.225 5.8405 -60
2 24 2.225 5.8405 -60 2.225 5.8405 -40
2 24 2.225 5.8405 -60 2.225 4.2852 -60
2 24 2.225 5.8405 -40 2.225 4.2852 -40
2 24 2.225 4.2852 -40 2.8284 2.8284 -40
2 24 2.225 4.2852 -60 2.8284 2.8284 -60
2 24 2.8284 2.8284 -40 2.8284 2.8284 -60
2 24 2.8284 2.8284 -60 4.2852 2.225 -60
2 24 2.8284 2.8284 -40 4.2852 2.225 -40
2 24 4.2852 2.225 -40 5.8405 2.225 -40
2 24 5.8405 2.225 -40 5.8405 2.225 -60
2 24 4.2852 2.225 -60 5.8405 2.225 -60
2 24 -10.5018 -5.6461 -40 -10.5018 -5.6461 -20
2 24 -10.175 -5.6461 -40 -10.175 -5.6461 -20
2 24 -23.604 9.2849 -61.0936 -22.7173 9.2849 -61.4163
2 24 -22.7173 9.2849 -61.4163 -19.3857 9.2849 -60.7082
2 24 -16.0541 9.2849 -60 -19.3857 9.2849 -60.7082
2 24 -1.5155 9.2849 -53.2212 -20.8945 9.2849 -57.3695
2 24 -19.3857 -1.625 -60.7082 -14.6464 -1.625 -59.7008
2 24 -14.6854 4.625 -60 -14.6464 -1.625 -59.7008
2 24 -19.3857 -1.625 -60.7082 -22.7173 -1.625 -61.4163
2 24 -19.3857 9.2849 -60.7082 -22.7173 9.2849 -61.4163
2 24 -22.7173 -1.625 -61.4163 -22.7173 9.2849 -61.4163
2 24 -16.0541 9.2849 -60 -19.3857 9.2849 -60.7082
2 24 -13.4293 4.625 -60 -14.6854 4.625 -60
2 24 -22.7173 -1.625 -61.4163 -22.7173 9.2849 -61.4163
2 24 -22.7173 -1.625 -61.4163 -23.604 -1.625 -61.0936
2 24 -22.7173 9.2849 -61.4163 -23.604 9.2849 -61.0936
2 24 -23.604 -1.625 -61.0936 -23.604 9.2849 -61.0936
2 24 -23.25 -5.6461 -40 -24.8601 -5.4461 -51.4564
2 24 -23.25 -5.6461 -40 -23.25 9.2849 -40
2 24 -23.25 9.2849 -40 -24.8601 9.125 -51.4564
2 24 -24.8601 -5.4461 -51.4564 -25.7852 -5.394 -54.4468
2 24 -24.8601 9.125 -51.4564 -25.7403 9.125 -54.4315
2 24 -25.7852 -5.394 -54.4468 -27.4306 -5.352 -56.8485
2 24 -25.7403 9.125 -54.4315 -27.4339 9.125 -56.899
2 24 -27.4306 -5.352 -56.8485 -29.614 -5.321 -58.6245
2 24 -27.4339 9.125 -56.899 -29.7688 9.125 -58.7393
2 24 -29.614 -5.321 -58.6245 -32.6837 -5.2997 -59.8462
2 24 -29.7688 9.125 -58.7393 -32.6837 9.125 -59.8462
2 24 -32.6837 9.125 -59.8462 -47.9908 8.6587 -63.0998
2 24 -32.6837 -5.2997 -59.8462 -56.3665 -5.212 -64.8694
2 24 -47.9908 8.6587 -63.0998 -56.1662 8.2614 -64.8375
2 24 -56.1662 8.2614 -64.8375 -127.4914 4.625 -79.9591
2 24 -56.3665 -5.212 -64.8694 -127.5285 -4.9486 -79.963
2 24 -127.4914 4.625 -79.9591 -127.5285 -4.9486 -79.963
2 24 -140 6.25 38 -136.875 5.4127 38
2 24 -140 6.25 22 -136.875 5.4127 22
2 24 -136.875 5.4127 38 -134.5873 3.125 38
2 24 -136.875 5.4127 22 -134.5873 3.125 22
2 24 -134.5873 3.125 38 -133.75 0 38
2 24 -134.5873 3.125 22 -133.75 0 22
2 24 -133.75 0 38 -134.5873 -3.125 38
2 24 -133.75 0 22 -134.5873 -3.125 22
2 24 -134.5873 -3.125 38 -136.875 -5.4127 38
2 24 -134.5873 -3.125 22 -136.875 -5.4127 22
2 24 -136.875 -5.4127 38 -140 -6.25 38
2 24 -136.875 -5.4127 22 -140 -6.25 22
2 24 -140 -6.25 38 -143.125 -5.4127 38
2 24 -140 -6.25 22 -143.125 -5.4127 22
2 24 -143.125 -5.4127 38 -145.4127 -3.125 38
2 24 -143.125 -5.4127 22 -145.4127 -3.125 22
2 24 -145.4127 -3.125 38 -146.25 0 38
2 24 -145.4127 -3.125 22 -146.25 0 22
2 24 -146.25 0 38 -145.4127 3.125 38
2 24 -146.25 0 22 -145.4127 3.125 22
2 24 -145.4127 3.125 38 -143.125 5.4127 38
2 24 -145.4127 3.125 22 -143.125 5.4127 22
2 24 -140 6.25 38 -143.125 5.4127 38
2 24 -140 6.25 22 -143.125 5.4127 22
2 24 -130.849 -0.625 30.5 -130.849 -0.625 33.5
2 24 -130.849 -0.625 30.5 -130.8374 0.552 30.5
2 24 -130.849 -0.625 33.5 -130.8374 0.552 33.5
2 24 -130.8374 0.552 33.5 -131.2027 2.8584 33.5
2 24 -130.8374 0.552 30.5 -131.2027 2.8584 30.5
2 24 -131.2027 2.8584 30.5 -132.0429 4.625 30.5
2 24 -131.2027 2.8584 33.5 -132.0429 4.625 33.5
2 24 -132.0429 4.625 33.5 -132.0726 4.6239 35.2955
2 24 -132.0429 4.625 30.5 -132.024 4.625 27.5
2 24 -132.0726 4.6239 35.2955 -131.2027 2.8584 37.6801
2 24 -132.5166 5.437 40 -131.2027 2.8584 40
2 24 -131.2027 2.8584 37.6801 -130.8909 0.8897 38.5
2 24 -131.2027 2.8584 40 -130.75 0 40
2 24 -132.5166 5.437 40 -134.563 7.4834 40
2 24 -134.563 7.4834 40 -137.1416 8.7973 40
2 24 -132.5166 5.437 22 -134.563 7.4834 22
2 24 -134.563 7.4834 22 -137.1416 8.7973 22
2 24 -137.1416 8.7973 22 -140 9.25 22
2 24 -137.1416 8.7973 40 -140 9.25 40
2 24 -140 9.25 40 -142.8584 8.7973 40
2 24 -140 9.25 22 -142.8584 8.7973 22
2 24 -142.8584 8.7973 40 -145.437 7.4834 40
2 24 -142.8584 8.7973 22 -145.437 7.4834 22
2 24 -145.437 7.4834 40 -147.4834 5.437 40
2 24 -145.437 7.4834 22 -147.4834 5.437 22
2 24 -147.4834 5.437 22 -148.7973 2.8584 22
2 24 -147.4834 5.437 40 -148.7973 2.8584 40
2 24 -148.7973 2.8584 22 -149.0548 1.2325 22
2 24 -148.7973 2.8584 40 -149.25 0 40
2 24 -149.0548 1.2325 22 -149.0548 1.2325 20
2 24 -149.25 0 20 -149.0548 1.2325 20
2 24 -149.25 0 20 -148.7973 -2.8584 20
2 24 -149.25 0 40 -148.7973 -2.8584 40
2 24 -148.7973 -2.8584 40 -147.4834 -5.437 40
2 24 -148.7973 -2.8584 20 -147.4834 -5.437 20
2 24 -147.4834 -5.437 20 -145.437 -7.4834 20
2 24 -147.4834 -5.437 40 -145.437 -7.4834 40
2 24 -145.437 -7.4834 40 -142.8584 -8.7973 40
2 24 -145.437 -7.4834 20 -142.8584 -8.7973 20
2 24 -142.8584 -8.7973 40 -140 -9.25 40
2 24 -142.8584 -8.7973 20 -140 -9.25 20
2 24 -140 -9.25 40 -137.1416 -8.7973 40
2 24 -140 -9.25 20 -137.1416 -8.7973 20
2 24 -137.1416 -8.7973 40 -134.563 -7.4834 40
2 24 -137.1416 -8.7973 20 -134.563 -7.4834 20
2 24 -134.563 -7.4834 20 -132.5166 -5.437 20
2 24 -132.5166 -5.437 20 -132.2643 -4.9419 20
2 24 -132.2643 -4.9419 20 -132.1911 -4.7983 28.5733
2 24 -132.1911 -4.7983 28.5733 -131.8362 -4.1018 33.6588
2 24 -134.563 -7.4834 40 -132.5166 -5.437 40
2 24 -131.8362 -4.1018 33.6588 -131.178 -2.7025 36.8963
2 24 -132.5166 -5.437 40 -131.2027 -2.8584 40
2 24 -131.178 -2.7025 36.8963 -130.8589 -0.6877 38.5
2 24 -130.75 0 40 -131.2027 -2.8584 40
2 24 -130.8909 0.8897 38.5 -130.8589 -0.6877 38.5
2 24 -128.8664 -0.625 30.5 -130.849 -0.625 30.5
2 24 -130.849 -0.625 30.5 -130.8374 0.552 30.5
2 24 -130.8374 0.552 30.5 -131.2027 2.8584 30.5
2 24 -131.2027 2.8584 30.5 -132.0429 4.625 30.5
2 24 -128.8664 4.625 30.5 -132.0429 4.625 30.5
2 24 -128.8664 4.625 30.5 -127.0634 4.625 30.3937
2 24 -128.8664 -0.625 30.5 -127.0634 -0.625 30.3937
2 24 -127.0634 4.625 30.3937 -125.3319 4.625 30.1285
2 24 -127.0634 -0.625 30.3937 -125.3319 -0.625 30.1285
2 24 -125.3319 -0.625 30.1285 -76.3637 -0.625 19.7214
2 24 -125.3319 4.625 30.1285 -76.1842 4.625 19.6833
2 24 -76.1842 4.625 19.6833 -52.4423 4.625 14.6375
2 24 -76.3637 -0.625 19.7214 -51.083 -0.625 14.3486
2 24 -52.4423 4.625 14.6375 -45.9453 4.625 13.2567
2 24 -51.083 -0.625 14.3486 -41.608 -0.625 12.3349
2 24 -45.9453 4.625 13.2567 -27.0366 4.625 9.2381
2 24 -41.608 -0.625 12.3349 -27.3955 -0.625 9.3143
2 24 -27.3955 -0.625 9.3143 -20.6616 -0.625 7.8832
2 24 -27.0366 4.625 9.2381 -20.6616 4.625 7.8832
2 24 -20.6616 -0.625 7.8832 -20.0191 -0.625 8.2546
2 24 -20.0191 -0.625 8.2546 -20.0191 4.625 8.2546
2 24 -20.6616 4.625 7.8832 -20.0191 4.625 8.2546
2 24 -20.0191 4.625 8.2546 -20.1843 4.625 8.9781
2 24 -20.0191 -0.625 8.2546 -20.1843 -0.625 8.9781
2 24 -20.1843 4.625 8.9781 -23.0025 4.625 10.8774
2 24 -20.1843 -0.625 8.9781 -23.0025 -0.625 10.8774
2 24 -23.0025 4.625 10.8774 -26.7864 4.625 12.249
2 24 -23.0025 -0.625 10.8774 -26.7864 -0.625 12.249
2 24 -26.7864 4.625 12.249 -50.4738 4.625 17.2839
2 24 -26.7864 -0.625 12.249 -50.4738 -0.625 17.2839
2 24 -50.4738 4.625 17.2839 -75.7087 4.625 22.6478
2 24 -50.4738 -0.625 17.2839 -75.7087 -0.625 22.6478
2 24 -75.7087 -0.625 22.6478 -124.631 -0.625 33.0466
2 24 -75.7087 4.625 22.6478 -124.631 4.625 33.0466
2 24 -124.631 4.625 33.0466 -126.6833 4.625 33.3639
2 24 -124.631 -0.625 33.0466 -126.6833 -0.625 33.3639
2 24 -126.6833 4.625 33.3639 -128.9452 4.625 33.5
2 24 -126.6833 -0.625 33.3639 -128.9452 -0.625 33.5
2 24 -128.9452 4.625 33.5 -132.0429 4.625 33.5
2 24 -131.2027 2.8584 33.5 -132.0429 4.625 33.5
2 24 -131.2027 2.8584 33.5 -130.8374 0.552 33.5
2 24 -130.8374 0.552 33.5 -130.849 -0.625 33.5
2 24 -128.9452 -0.625 33.5 -130.849 -0.625 33.5
2 24 -19.3857 -1.625 0.7082 -14.6464 -1.625 -0.2992
2 24 -14.6464 -1.625 -0.2992 -15.0553 -1.625 1.6827
2 24 -15.0553 -1.625 1.6827 -15.762 -1.625 3.7717
2 24 -21.012 -1.625 4.8876 -15.762 -1.625 3.7717
2 24 -19.3857 -1.625 0.7082 -22.7173 -1.625 1.4163
2 24 -21.012 -1.625 4.8876 -27.8388 -1.625 6.3387
2 24 -22.7173 -1.625 1.4163 -23.604 -1.625 1.0936
2 24 -23.604 -1.625 1.0936 -28.395 -1.625 2.112
2 24 -27.8388 -1.625 6.3387 -50.7487 -1.625 11.2084
2 24 -28.395 -1.625 2.112 -52.1278 -1.625 7.1565
2 24 -50.7487 -1.625 11.2084 -53.1529 -1.625 11.7165
2 24 -52.1278 -1.625 7.1565 -54.7997 -1.625 7.7245
2 24 -53.1529 -1.625 11.7165 -55.5273 -1.625 12.2214
2 24 -54.7997 -1.625 7.7245 -57.0789 -1.625 8.2089
2 24 -55.5273 -1.625 12.2214 -76.8972 -1.625 16.7664
2 24 -57.0789 -1.625 8.2089 -77.5914 -1.625 12.569
2 24 -77.5914 -1.625 12.569 -126.7878 -1.625 23.026
2 24 -76.8972 -1.625 16.7664 -125.9556 -1.625 27.1941
2 24 -126.7878 -1.625 23.026 -127.7889 -1.625 23.1814
2 24 -125.9556 -1.625 27.1941 -127.4022 -1.625 27.4147
2 24 -127.7889 -1.625 23.1814 -128.9189 -1.625 23.25
2 24 -127.4022 -1.625 27.4147 -128.8664 -1.625 27.5
2 24 -128.8664 -1.625 27.5 -131.0074 -1.625 27.5
2 24 -128.9189 -1.625 23.25 -131.0074 -1.625 23.25
2 24 -131.0074 -1.625 27.5 -131.0074 -1.625 23.25
2 24 -27.3955 -0.625 9.3143 -20.6616 -0.625 7.8832
2 24 -20.6616 -0.625 7.8832 -20.0191 -0.625 8.2546
2 24 -20.0191 -0.625 8.2546 -20.1843 -0.625 8.9781
2 24 -20.1843 -0.625 8.9781 -23.0025 -0.625 10.8774
2 24 -23.0025 -0.625 10.8774 -26.7864 -0.625 12.249
2 24 -27.3955 -0.625 9.3143 -41.608 -0.625 12.3349
2 24 -26.7864 -0.625 12.249 -50.4738 -0.625 17.2839
2 24 -41.608 -0.625 12.3349 -51.083 -0.625 14.3486
2 24 -50.4738 -0.625 17.2839 -75.7087 -0.625 22.6478
2 24 -51.083 -0.625 14.3486 -76.3637 -0.625 19.7214
2 24 -75.7087 -0.625 22.6478 -124.631 -0.625 33.0466
2 24 -76.3637 -0.625 19.7214 -125.3319 -0.625 30.1285
2 24 -124.631 -0.625 33.0466 -126.6833 -0.625 33.3639
2 24 -125.3319 -0.625 30.1285 -127.0634 -0.625 30.3937
2 24 -127.0634 -0.625 30.3937 -128.8664 -0.625 30.5
2 24 -126.6833 -0.625 33.3639 -128.9452 -0.625 33.5
2 24 -128.8664 -0.625 30.5 -130.849 -0.625 30.5
2 24 -130.849 -0.625 30.5 -130.849 -0.625 33.5
2 24 -128.9452 -0.625 33.5 -130.849 -0.625 33.5
2 24 -131.0074 -1.625 23.25 -131.0074 -1.625 27.5
2 24 -131.0074 -1.625 27.5 -130.75 0 27.5
2 24 -131.0074 -1.625 23.25 -130.75 0 23.25
2 24 -130.75 0 23.25 -131.2027 2.8584 23.25
2 24 -130.75 0 27.5 -131.2027 2.8584 27.5
2 24 -131.2027 2.8584 23.25 -131.9893 4.625 23.25
2 24 -132.024 4.625 27.5 -131.2027 2.8584 27.5
2 24 -132.5166 5.437 22 -131.9893 4.625 22
2 24 -131.9893 4.625 23.25 -131.9893 4.625 22
2 24 -19.25 -1.625 -23.2 -19.25 -11.7842 -23.2
2 24 -19.25 -1.625 -23.2 -14.175 -1.625 -23.2
2 24 -19.25 -11.7842 -23.2 -14.175 -14.1578 -23.2
2 24 -14.175 -1.625 -23.2 -14.175 -14.1578 -23.2
2 24 -16.875 -1.625 -15.5 -9.2798 -1.625 -15.5
2 24 -9.2798 -1.625 -15.5 -9.2798 -1.625 -5.1285
2 24 -16.875 -1.625 -15.5 -18.5525 -1.625 -15.0014
2 24 -18.5525 -1.625 -15.0014 -19.3731 -1.625 -13.4556
2 24 -9.2798 -1.625 -5.1285 -20.8945 -1.625 -2.6305
2 24 -19.3731 -1.625 -13.4556 -20.8945 -1.625 -2.6305
2 24 -19.25 -11.7842 -28.5 -14.175 -14.1578 -28.5
2 24 -19.25 -11.7842 -28.5 -19.25 -11.7842 -23.2
2 24 -14.175 -14.1578 -28.5 -14.175 -14.1578 -23.2
2 24 -19.25 -11.7842 -23.2 -14.175 -14.1578 -23.2
2 24 -20.8945 -1.625 -2.6305 -9.2798 -1.625 -5.1285
2 24 -9.2798 -1.625 -5.1285 -9.25 0 -5.1285
2 24 -20.8945 -1.625 -2.6305 -20.8945 9.2849 -2.6305
2 24 -9.25 0 -5.1285 -8.7973 2.8584 -5.2373
2 24 -8.7973 2.8584 -5.2373 -7.4834 5.437 -5.485
2 24 -7.4834 5.437 -5.485 -5.6708 7.2496 -5.8877
2 24 -5.6708 7.2496 -5.8877 -3.9573 8.7513 -6.2976
2 24 -3.9573 8.7513 -6.2976 -1.5155 9.2849 -6.7788
2 24 -20.8945 9.2849 -2.6305 -1.5155 9.2849 -6.7788
2 24 -14.175 -14.1578 -28.5 -19.25 -11.7842 -28.5
2 24 -14.175 -14.1578 -28.5 -14.175 -1.625 -28.5
2 24 -19.25 -11.7842 -28.5 -19.25 -1.625 -28.5
2 24 -14.175 -1.625 -28.5 -19.25 -1.625 -28.5
2 24 -14.175 -1.625 -31.5 -14.175 -1.625 -28.5
2 24 -14.175 -1.625 -31.5 -19.25 -1.625 -31.5
2 24 -14.175 -1.625 -28.5 -19.25 -1.625 -28.5
2 24 -19.25 -1.625 -31.5 -19.25 -1.625 -28.5
2 24 -3.9573 8.7513 -15.5 -1.5155 9.2849 -15.5
2 24 -1.5155 9.2849 -6.7788 -3.9573 8.7513 -6.2976
2 24 -3.9573 8.7513 -15.5 -5.6708 7.2496 -15.5
2 24 -3.9573 8.7513 -6.2976 -5.6708 7.2496 -5.8877
2 24 -5.6708 7.2496 -15.5 -7.4834 5.437 -15.5
2 24 -5.6708 7.2496 -5.8877 -7.4834 5.437 -5.485
2 24 -7.4834 5.437 -15.5 -8.7973 2.8584 -15.5
2 24 -7.4834 5.437 -5.485 -8.7973 2.8584 -5.2373
2 24 -8.7973 2.8584 -15.5 -9.25 0 -15.5
2 24 -8.7973 2.8584 -5.2373 -9.25 0 -5.1285
2 24 -9.25 0 -15.5 -9.2798 -1.625 -15.5
2 24 -9.25 0 -5.1285 -9.2798 -1.625 -5.1285
2 24 -9.2798 -1.625 -15.5 -9.2798 -1.625 -5.1285
2 24 -19.25 -1.625 -23.2 -19.25 -11.7842 -23.2
2 24 -19.25 -1.625 -28.5 -19.25 -11.7842 -28.5
2 24 -19.25 -11.7842 -23.2 -19.25 -11.7842 -28.5
2 24 -14.175 -14.1578 -23.2 -14.175 -14.1578 -28.5
2 24 -14.175 -1.625 -23.2 -14.175 -14.1578 -23.2
2 24 -14.175 -1.625 -28.5 -14.175 -14.1578 -28.5
2 24 -131.2027 2.8584 23.25 -131.9893 4.625 23.25
2 24 -131.9893 4.625 23.25 -128.9189 4.625 23.25
2 24 -131.2027 2.8584 23.25 -130.75 0 23.25
2 24 -128.9189 -1.625 23.25 -131.0074 -1.625 23.25
2 24 -130.75 0 23.25 -131.0074 -1.625 23.25
2 24 -128.9189 4.625 23.25 -127.7889 4.625 23.1814
2 24 -128.9189 -1.625 23.25 -127.7889 -1.625 23.1814
2 24 -127.7889 4.625 23.1814 -126.7878 4.625 23.026
2 24 -127.7889 -1.625 23.1814 -126.7878 -1.625 23.026
2 24 -126.7878 -1.625 23.026 -77.5914 -1.625 12.569
2 24 -126.7878 4.625 23.026 -77.5914 6.875 12.569
2 24 -77.5914 -1.625 12.569 -57.0789 -1.625 8.2089
2 24 -77.5914 6.875 12.569 -55.5213 8.262 7.8778
2 24 -57.0789 -1.625 8.2089 -54.7997 -1.625 7.7245
2 24 -54.7997 -1.625 7.7245 -52.1278 -1.625 7.1565
2 24 -55.5213 8.262 7.8778 -47.347 8.6588 6.1404
2 24 -52.1278 -1.625 7.1565 -28.395 -1.625 2.112
2 24 -47.347 8.6588 6.1404 -28.395 9.125 2.112
2 24 -28.395 -1.625 2.112 -23.604 -1.625 1.0936
2 24 -23.604 -1.625 1.0936 -23.604 9.2849 1.0936
2 24 -28.395 9.125 2.112 -23.604 9.2849 1.0936
2 24 -132.0726 4.6239 35.2955 -132.0429 4.625 33.5
2 24 -132.0429 4.625 33.5 -128.9452 4.625 33.5
2 24 -128.9452 4.625 33.5 -126.6833 4.625 33.3639
2 24 -132.0726 4.6239 35.2955 -131.2027 2.8584 37.6801
2 24 -126.6833 4.625 33.3639 -124.631 4.625 33.0466
2 24 -131.2027 2.8584 37.6801 -130.8909 0.8897 38.5
2 24 -124.631 4.625 33.0466 -75.7087 4.625 22.6478
2 24 -130.8909 0.8897 38.5 -130.8589 -0.6877 38.5
2 24 -75.7087 4.625 22.6478 -50.4738 4.625 17.2839
2 24 -50.4738 4.625 17.2839 -26.7864 4.625 12.249
2 24 -26.7864 4.625 12.249 -23.0025 4.625 10.8774
2 24 -23.0025 4.625 10.8774 -20.1843 4.625 8.9781
2 24 -20.1843 4.625 8.9781 -20.0191 4.625 8.2546
2 24 -130.8589 -0.6877 38.5 -131.178 -2.7025 36.8963
2 24 -131.178 -2.7025 36.8963 -131.8362 -4.1018 33.6588
2 24 -131.8362 -4.1018 33.6588 -132.1911 -4.7983 28.5733
2 24 -132.1911 -4.7983 28.5733 -132.2643 -4.9419 20
2 24 -132.2643 -4.9419 20 -127.5285 -4.9486 20
2 24 -127.5285 -4.9486 20 -80.1061 -5.1241 9.9231
2 24 -80.1061 -5.1241 9.9231 -56.3712 -5.212 4.8796
2 24 -56.3712 -5.212 4.8796 -32.6837 -5.2997 -0.1538
2 24 -32.6837 -5.2997 -0.1538 -29.614 -5.321 -1.3755
2 24 -29.614 -5.321 -1.3755 -27.4306 -5.352 -3.1515
2 24 -20.122 -5.297 0 -15.1913 -4.7324 0
2 24 -15.1913 -4.7324 0 -11.8654 -3.3813 0
2 24 -11.8654 -3.3813 0 -10 -0.6877 0
2 24 -10 -0.6877 0 -10 0.8897 0
2 24 -10 0.8897 0 -11.1495 3.4593 0
2 24 -11.1495 3.4593 0 -13.4293 4.625 0
2 24 -15.762 4.625 3.7717 -15.0553 4.625 1.6827
2 24 -13.4293 4.625 0 -14.6854 4.625 0
2 24 -15.0553 4.625 1.6827 -14.6854 4.625 0
2 24 -127.5285 -4.9486 20 -80.1061 -5.1241 9.9231
2 24 -127.5285 -4.9486 20 -127.4914 4.625 20
2 24 -127.4914 4.625 20 -80.0875 6.875 9.9231
2 24 -80.1061 -5.1241 9.9231 -56.3712 -5.212 4.8796
2 24 -80.0875 6.875 9.9231 -56.1662 8.2614 4.8375
2 24 -56.1662 8.2614 4.8375 -47.9908 8.6587 3.0998
2 24 -56.3712 -5.212 4.8796 -32.6837 -5.2997 -0.1538
2 24 -47.9908 8.6587 3.0998 -32.6837 9.125 -0.1538
2 24 -32.6837 9.125 -0.1538 -29.7688 9.125 -1.2607
2 24 -32.6837 -5.2997 -0.1538 -29.614 -5.321 -1.3755
2 24 -29.7688 9.125 -1.2607 -27.4339 9.125 -3.1011
2 24 -29.614 -5.321 -1.3755 -27.4306 -5.352 -3.1515
2 24 -27.4339 9.125 -3.1011 -25.7403 9.125 -5.5686
2 24 -27.4306 -5.352 -3.1515 -25.7852 -5.394 -5.5532
2 24 -25.7403 9.125 -5.5686 -24.8601 9.125 -8.5436
2 24 -25.7852 -5.394 -5.5532 -24.8601 -5.4461 -8.5436
2 24 -24.8601 9.125 -8.5436 -23.25 9.2849 -20
2 24 -24.8601 -5.4461 -8.5436 -23.25 -5.6461 -20
2 24 -23.25 9.2849 -20 -23.25 -5.6461 -20
2 24 -148.0891 1.25 22 -148.0891 1.25 20
2 24 -148.0891 1.25 20 -147.75 0 20
2 24 -148.0891 1.25 22 -147.75 0 22
2 24 -147.75 0 20 -146.7117 -3.875 20
2 24 -147.75 0 22 -146.7117 -3.875 22
2 24 -146.7117 -3.875 20 -143.875 -6.7117 20
2 24 -146.7117 -3.875 22 -143.875 -6.7117 22
2 24 -143.875 -6.7117 20 -140 -7.75 20
2 24 -143.875 -6.7117 22 -140 -7.75 22
2 24 -140 -7.75 20 -136.125 -6.7117 20
2 24 -140 -7.75 22 -136.125 -6.7117 22
2 24 -136.125 -6.7117 20 -133.2883 -3.875 20
2 24 -136.125 -6.7117 22 -133.2883 -3.875 22
2 24 -133.2883 -3.875 20 -132.25 0 20
2 24 -133.2883 -3.875 22 -132.25 0 22
2 24 -132.25 0 22 -132.25 4.625 22
2 24 -132.25 4.625 22 -132.25 4.625 20
2 24 -132.25 0 20 -132.25 4.625 20
2 24 -11.1495 3.4593 0 -13.4293 4.625 0
2 24 -16.0541 9.2849 0 -2.8052 9.2849 0
2 24 -2.8009 5.5894 0 -1.4052 6.0413 0
2 24 -2.8052 9.2849 0 0 9.2849 0
2 24 -1.4052 6.0413 0 0 6.25 0
2 24 0 6.25 0 1.1193 6.1294 0
2 24 0 9.2849 0 2.8584 8.7973 0
2 24 1.1193 6.1294 0 2.225 5.8405 0
2 24 2.8584 8.7973 0 5.437 7.4834 0
2 24 2.225 5.8405 0 2.225 4.2852 0
2 24 2.225 4.2852 0 2.8284 2.8284 0
2 24 5.437 7.4834 0 7.4834 5.437 0
2 24 2.8284 2.8284 0 4.2852 2.225 0
2 24 4.2852 2.225 0 5.8405 2.225 0
2 24 7.4834 5.437 0 8.7973 2.8584 0
2 24 5.8405 2.225 0 6.1492 1.1179 0
2 24 8.7973 2.8584 0 9.25 0 0
2 24 6.1492 1.1179 0 6.25 0 0
2 24 6.25 0 0 6.0923 -1.4554 0
2 24 9.25 0 0 8.7973 -2.8584 0
2 24 6.0923 -1.4554 0 5.5873 -2.8009 0
2 24 8.7973 -2.8584 0 7.4834 -5.437 0
2 24 7.4834 -5.437 0 5.437 -7.4834 0
2 24 2.8009 -5.5873 0 2.5337 -2.5337 0
2 24 5.5873 -2.8009 0 2.5337 -2.5337 0
2 24 5.437 -7.4834 0 2.8584 -8.7973 0
2 24 2.8009 -5.5873 0 1.3917 -6.0743 0
2 24 2.8584 -8.7973 0 0 -9.25 0
2 24 1.3917 -6.0743 0 0 -6.25 0
2 24 0 -6.25 0 -1.1179 -6.1471 0
2 24 0 -9.25 0 -2.8584 -8.7973 0
2 24 -1.1179 -6.1471 0 -2.225 -5.8384 0
2 24 -2.8584 -8.7973 0 -5.437 -7.4834 0
2 24 -2.225 -5.8384 0 -2.225 -4.2831 0
2 24 -2.225 -4.2831 0 -2.8284 -2.8284 0
2 24 -5.437 -7.4834 0 -7.5831 -5.297 0
2 24 -2.8284 -2.8284 0 -4.2852 -2.2229 0
2 24 -4.2852 -2.2229 0 -5.8405 -2.2229 0
2 24 -5.8405 -2.2229 0 -6.1492 -1.1158 0
2 24 -6.1492 -1.1158 0 -6.25 0 0
2 24 -10 -0.6877 0 -11.8654 -3.3813 0
2 24 -11.8654 -3.3813 0 -15.1913 -4.7324 0
2 24 -15.1913 -4.7324 0 -20.122 -5.297 0
2 24 -7.5831 -5.297 0 -20.122 -5.297 0
2 24 -10 -0.6877 0 -10 0.8897 0
2 24 -6.25 0 0 -6.0923 1.4575 0
2 24 -11.1495 3.4593 0 -10 0.8897 0
2 24 -6.0923 1.4575 0 -5.5873 2.803 0
2 24 -2.8009 5.5894 0 -2.5337 2.5337 0
2 24 -5.5873 2.803 0 -2.5337 2.5337 0
2 24 -23.25 -11.3398 -40 -23.25 -11.3398 -20
2 24 -23.25 -11.3398 -20 -25.437 -12.5166 -20
2 24 -23.25 -11.3398 -40 -25.437 -12.5166 -40
2 24 -25.437 -12.5166 -20 -27.4834 -14.563 -20
2 24 -25.437 -12.5166 -40 -27.4834 -14.563 -40
2 24 -27.4834 -14.563 -20 -28.7973 -17.1416 -20
2 24 -27.4834 -14.563 -40 -28.7973 -17.1416 -40
2 24 -28.7973 -17.1416 -20 -29.25 -20 -20
2 24 -28.7973 -17.1416 -40 -29.25 -20 -40
2 24 -29.25 -20 -20 -28.7973 -22.8584 -20
2 24 -29.25 -20 -40 -28.7973 -22.8584 -40
2 24 -28.7973 -22.8584 -20 -27.4834 -25.437 -20
2 24 -28.7973 -22.8584 -40 -27.4834 -25.437 -40
2 24 -27.4834 -25.437 -20 -25.437 -27.4834 -20
2 24 -27.4834 -25.437 -40 -25.437 -27.4834 -40
2 24 -25.437 -27.4834 -20 -22.8584 -28.7973 -20
2 24 -25.437 -27.4834 -40 -22.8584 -28.7973 -40
2 24 -22.8584 -28.7973 -20 -20 -29.25 -20
2 24 -22.8584 -28.7973 -40 -20 -29.25 -40
2 24 -20 -29.25 -20 -17.1416 -28.7973 -20
2 24 -20 -29.25 -40 -17.1416 -28.7973 -40
2 24 -17.1416 -28.7973 -20 -14.563 -27.4834 -20
2 24 -17.1416 -28.7973 -40 -14.563 -27.4834 -40
2 24 -14.563 -27.4834 -20 -12.5166 -25.437 -20
2 24 -14.563 -27.4834 -40 -12.5166 -25.437 -40
2 24 -12.5166 -25.437 -20 -11.2027 -22.8584 -20
2 24 -12.5166 -25.437 -40 -11.2027 -22.8584 -40
2 24 -11.2027 -22.8584 -20 -10.7382 -20.0002 -20
2 24 -11.2027 -22.8584 -40 -10.7382 -20.0002 -40
2 24 -10.7382 -20.0002 -20 -10.5018 -5.6461 -20
2 24 -10.5018 -5.6461 -20 -10.5018 -5.6461 -40
2 24 -10.7382 -20.0002 -40 -10.5018 -5.6461 -40
2 24 -20.0191 4.625 8.2546 -20.6616 4.625 7.8832
2 24 -15.762 4.625 3.7717 -21.012 4.625 4.8876
2 24 -21.012 4.625 4.8876 -27.8388 4.625 6.3387
2 24 -20.6616 4.625 7.8832 -27.0366 4.625 9.2381
2 24 -27.0366 4.625 9.2381 -45.9453 4.625 13.2567
2 24 -27.8388 4.625 6.3387 -46.7474 4.625 10.3578
2 24 -45.9453 4.625 13.2567 -52.4423 4.625 14.6375
2 24 -46.7474 4.625 10.3578 -52.9128 4.625 11.6683
2 24 -52.9128 4.625 11.6683 -76.8972 4.625 16.7664
2 24 -52.4423 4.625 14.6375 -76.1842 4.625 19.6833
2 24 -76.1842 4.625 19.6833 -125.3319 4.625 30.1285
2 24 -76.8972 4.625 16.7664 -125.9556 4.625 27.1941
2 24 -125.3319 4.625 30.1285 -127.0634 4.625 30.3937
2 24 -125.9556 4.625 27.1941 -127.4022 4.625 27.4147
2 24 -127.4022 4.625 27.4147 -128.8664 4.625 27.5
2 24 -127.0634 4.625 30.3937 -128.8664 4.625 30.5
2 24 -128.8664 4.625 27.5 -132.024 4.625 27.5
2 24 -128.8664 4.625 30.5 -132.0429 4.625 30.5
2 24 -132.024 4.625 27.5 -132.0429 4.625 30.5
2 24 -5.8405 -2.2229 0 -5.8405 -2.2229 -20
2 24 -5.8405 -2.2229 -20 -4.2852 -2.2229 -20
2 24 -5.8405 -2.2229 0 -4.2852 -2.2229 0
2 24 -4.2852 -2.2229 -20 -2.8284 -2.8284 -20
2 24 -2.8284 -2.8284 -20 -2.8284 -2.8284 0
2 24 -4.2852 -2.2229 0 -2.8284 -2.8284 0
2 24 -2.8284 -2.8284 -20 -2.225 -4.2831 -20
2 24 -2.8284 -2.8284 0 -2.225 -4.2831 0
2 24 -2.225 -4.2831 -20 -2.225 -5.8384 -20
2 24 -2.225 -4.2831 0 -2.225 -5.8384 0
2 24 -2.225 -5.8384 -20 -2.225 -5.8384 0
2 24 -5.5873 2.803 -20 -2.5337 2.5358 -20
2 24 -2.5337 2.5358 -20 -2.8009 5.5894 -20
2 24 -5.5873 2.803 -20 -6.0923 1.4575 -20
2 24 -10.175 9.2849 -20 -1.5155 9.2849 -20
2 24 -2.8009 5.5894 -20 -1.4052 6.0413 -20
2 24 -1.4052 6.0413 -20 -0.0269 6.2499 -20
2 24 -1.5155 9.2849 -20 0 9.2849 -20
2 24 -0.0269 6.2499 -20 1.1193 6.1294 -20
2 24 0 9.2849 -20 2.8584 8.7973 -20
2 24 1.1193 6.1294 -20 2.225 5.8405 -20
2 24 -10.175 9.2849 -20 -10.175 -5.6461 -20
2 24 -6.0923 1.4575 -20 -6.2499 0.0269 -20
2 24 -6.2499 0.0269 -20 -6.1492 -1.1158 -20
2 24 2.8584 8.7973 -20 5.437 7.4834 -20
2 24 2.225 5.8405 -20 2.225 4.2852 -20
2 24 2.225 4.2852 -20 2.8284 2.8284 -20
2 24 -10.175 -5.6461 -20 -7.2964 -5.6461 -20
2 24 5.437 7.4834 -20 7.4834 5.437 -20
2 24 2.8284 2.8284 -20 4.2852 2.225 -20
2 24 4.2852 2.225 -20 5.8405 2.225 -20
2 24 7.4834 5.437 -20 8.7973 2.8584 -20
2 24 5.8405 2.225 -20 6.1492 1.1179 -20
2 24 -6.1492 -1.1158 -20 -5.8405 -2.2229 -20
2 24 -5.8405 -2.2229 -20 -4.2852 -2.2229 -20
2 24 -4.2852 -2.2229 -20 -2.8284 -2.8284 -20
2 24 8.7973 2.8584 -20 9.25 0 -20
2 24 6.1492 1.1179 -20 6.25 0 -20
2 24 6.25 0 -20 6.0923 -1.4554 -20
2 24 9.25 0 -20 8.7973 -2.8584 -20
2 24 -7.2964 -5.6461 -20 -5.437 -7.4834 -20
2 24 -2.8284 -2.8284 -20 -2.225 -4.2831 -20
2 24 -2.225 -4.2831 -20 -2.225 -5.8384 -20
2 24 -5.437 -7.4834 -20 -2.8584 -8.7973 -20
2 24 -2.225 -5.8384 -20 -1.1179 -6.1471 -20
2 24 6.0923 -1.4554 -20 5.5873 -2.8009 -20
2 24 -2.8584 -8.7973 -20 0 -9.25 -20
2 24 -1.1179 -6.1471 -20 0.0269 -6.2499 -20
2 24 0.0269 -6.2499 -20 1.3917 -6.0743 -20
2 24 0 -9.25 -20 2.8584 -8.7973 -20
2 24 1.3917 -6.0743 -20 2.8009 -5.5873 -20
2 24 2.8584 -8.7973 -20 5.437 -7.4834 -20
2 24 5.5873 -2.8009 -20 2.5337 -2.5337 -20
2 24 2.8009 -5.5873 -20 2.5337 -2.5337 -20
2 24 8.7973 -2.8584 -20 7.4834 -5.437 -20
2 24 5.437 -7.4834 -20 7.4834 -5.437 -20
2 24 -127.4914 4.625 20 -132.25 4.625 20
2 24 -132.25 4.625 20 -132.25 0 20
2 24 -127.4914 4.625 20 -127.5285 -4.9486 20
2 24 -127.5285 -4.9486 20 -132.2643 -4.9419 20
2 24 -132.25 0 20 -133.2883 -3.875 20
2 24 -132.2643 -4.9419 20 -132.5166 -5.437 20
2 24 -133.2883 -3.875 20 -136.125 -6.7117 20
2 24 -132.5166 -5.437 20 -134.563 -7.4834 20
2 24 -134.563 -7.4834 20 -137.1416 -8.7973 20
2 24 -136.125 -6.7117 20 -140 -7.75 20
2 24 -137.1416 -8.7973 20 -140 -9.25 20
2 24 -140 -9.25 20 -142.8584 -8.7973 20
2 24 -140 -7.75 20 -143.875 -6.7117 20
2 24 -142.8584 -8.7973 20 -145.437 -7.4834 20
2 24 -143.875 -6.7117 20 -146.7117 -3.875 20
2 24 -145.437 -7.4834 20 -147.4834 -5.437 20
2 24 -147.4834 -5.437 20 -148.7973 -2.8584 20
2 24 -146.7117 -3.875 20 -147.75 0 20
2 24 -148.7973 -2.8584 20 -149.25 0 20
2 24 -147.75 0 20 -148.0891 1.25 20
2 24 -148.0891 1.25 20 -149.0548 1.2325 20
2 24 -149.25 0 20 -149.0548 1.2325 20
2 24 -148.7973 2.8584 22 -149.0548 1.2325 22
2 24 -149.0548 1.2325 22 -148.0891 1.25 22
2 24 -148.7973 2.8584 22 -147.4834 5.437 22
2 24 -145.4127 3.125 22 -146.25 0 22
2 24 -148.0891 1.25 22 -147.75 0 22
2 24 -147.75 0 22 -146.7117 -3.875 22
2 24 -146.25 0 22 -145.4127 -3.125 22
2 24 -146.7117 -3.875 22 -143.875 -6.7117 22
2 24 -145.4127 -3.125 22 -143.125 -5.4127 22
2 24 -143.875 -6.7117 22 -140 -7.75 22
2 24 -143.125 -5.4127 22 -140 -6.25 22
2 24 -140 -7.75 22 -136.125 -6.7117 22
2 24 -140 -6.25 22 -136.875 -5.4127 22
2 24 -136.125 -6.7117 22 -133.2883 -3.875 22
2 24 -136.875 -5.4127 22 -134.5873 -3.125 22
2 24 -145.4127 3.125 22 -143.125 5.4127 22
2 24 -147.4834 5.437 22 -145.437 7.4834 22
2 24 -145.437 7.4834 22 -142.8584 8.7973 22
2 24 -133.2883 -3.875 22 -132.25 0 22
2 24 -134.5873 -3.125 22 -133.75 0 22
2 24 -143.125 5.4127 22 -140 6.25 22
2 24 -142.8584 8.7973 22 -140 9.25 22
2 24 -140 9.25 22 -137.1416 8.7973 22
2 24 -133.75 0 22 -134.5873 3.125 22
2 24 -140 6.25 22 -136.875 5.4127 22
2 24 -137.1416 8.7973 22 -134.563 7.4834 22
2 24 -132.25 0 22 -132.25 4.625 22
2 24 -134.5873 3.125 22 -136.875 5.4127 22
2 24 -134.563 7.4834 22 -132.5166 5.437 22
2 24 -132.25 4.625 22 -131.9893 4.625 22
2 24 -132.5166 5.437 22 -131.9893 4.625 22
2 24 -130.75 0 27.5 -131.0074 -1.625 27.5
2 24 -131.0074 -1.625 27.5 -128.8664 -1.625 27.5
2 24 -130.75 0 27.5 -131.2027 2.8584 27.5
2 24 -128.8664 4.625 27.5 -132.024 4.625 27.5
2 24 -131.2027 2.8584 27.5 -132.024 4.625 27.5
2 24 -128.8664 -1.625 27.5 -127.4022 -1.625 27.4147
2 24 -128.8664 4.625 27.5 -127.4022 4.625 27.4147
2 24 -127.4022 -1.625 27.4147 -125.9556 -1.625 27.1941
2 24 -127.4022 4.625 27.4147 -125.9556 4.625 27.1941
2 24 -125.9556 4.625 27.1941 -76.8972 4.625 16.7664
2 24 -125.9556 -1.625 27.1941 -76.8972 -1.625 16.7664
2 24 -76.8972 -1.625 16.7664 -55.5273 -1.625 12.2214
2 24 -76.8972 4.625 16.7664 -52.9128 4.625 11.6683
2 24 -55.5273 -1.625 12.2214 -53.1529 -1.625 11.7165
2 24 -53.1529 -1.625 11.7165 -50.7487 -1.625 11.2084
2 24 -52.9128 4.625 11.6683 -46.7474 4.625 10.3578
2 24 -50.7487 -1.625 11.2084 -27.8388 -1.625 6.3387
2 24 -46.7474 4.625 10.3578 -27.8388 4.625 6.3387
2 24 -27.8388 -1.625 6.3387 -21.012 -1.625 4.8876
2 24 -27.8388 4.625 6.3387 -21.012 4.625 4.8876
2 24 -21.012 -1.625 4.8876 -15.762 -1.625 3.7717
2 24 -15.762 -1.625 3.7717 -15.762 4.625 3.7717
2 24 -21.012 4.625 4.8876 -15.762 4.625 3.7717
2 24 -15.0553 -1.625 1.6827 -14.6464 -1.625 -0.2992
2 24 -14.6464 -1.625 -0.2992 -14.6854 4.625 0
2 24 -14.6854 4.625 0 -15.0553 4.625 1.6827
2 24 -15.0553 -1.625 1.6827 -15.762 -1.625 3.7717
2 24 -15.762 -1.625 3.7717 -15.762 4.625 3.7717
2 24 -15.0553 4.625 1.6827 -15.762 4.625 3.7717
2 24 -20.8945 -1.625 -2.6305 -20.8945 9.2849 -2.6305
2 24 -20.8945 -1.625 -2.6305 -19.3731 -1.625 -13.4556
2 24 -20.8945 9.2849 -2.6305 -19.3731 9.2849 -13.4556
2 24 -19.3731 9.2849 -13.4556 -18.5525 9.2849 -15.0014
2 24 -18.5525 9.2849 -15.0014 -18.5525 -1.625 -15.0014
2 24 -19.3731 -1.625 -13.4556 -18.5525 -1.625 -15.0014
2 24 -18.5525 9.2849 -15.0014 -16.875 9.2849 -15.5
2 24 -18.5525 -1.625 -15.0014 -16.875 -1.625 -15.5
2 24 -9.25 0 -15.5 -9.2798 -1.625 -15.5
2 24 -16.875 -1.625 -15.5 -9.2798 -1.625 -15.5
2 24 -9.25 0 -15.5 -8.7973 2.8584 -15.5
2 24 -8.7973 2.8584 -15.5 -7.4834 5.437 -15.5
2 24 -7.4834 5.437 -15.5 -5.6708 7.2496 -15.5
2 24 -5.6708 7.2496 -15.5 -3.9573 8.7513 -15.5
2 24 -3.9573 8.7513 -15.5 -1.5155 9.2849 -15.5
2 24 -16.875 9.2849 -15.5 -1.5155 9.2849 -15.5
2 24 -149.0548 1.2325 22 -149.0548 1.2325 20
2 24 -149.0548 1.2325 22 -148.0891 1.25 22
2 24 -149.0548 1.2325 20 -148.0891 1.25 20
2 24 -148.0891 1.25 22 -148.0891 1.25 20
2 24 -7.5831 -5.297 0 -7.2964 -5.6461 -20
2 24 -10.175 -5.6461 -20 -7.2964 -5.6461 -20
2 24 -10.5018 -5.6461 -20 -23.25 -5.6461 -20
2 24 -24.8601 -5.4461 -8.5436 -23.25 -5.6461 -20
2 24 -20.122 -5.297 0 -7.5831 -5.297 0
2 24 -24.8601 -5.4461 -8.5436 -25.7852 -5.394 -5.5532
2 24 -27.4306 -5.352 -3.1515 -25.7852 -5.394 -5.5532
2 24 -2.225 -5.8384 -20 -1.1179 -6.1471 -20
2 24 -2.225 -5.8384 -20 -2.225 -5.8384 0
2 24 -2.225 -5.8384 0 -1.1179 -6.1471 0
2 24 -1.1179 -6.1471 -20 0.0269 -6.2499 -20
2 24 -1.1179 -6.1471 0 0 -6.25 0
2 24 0.0269 -6.2499 -20 1.3917 -6.0743 -20
2 24 0 -6.25 0 1.3917 -6.0743 0
2 24 1.3917 -6.0743 -20 2.8009 -5.5873 -20
2 24 1.3917 -6.0743 0 2.8009 -5.5873 0
2 24 2.8009 -5.5873 -20 2.8009 -5.5873 0
2 24 -6.1492 -1.1158 -20 -5.8405 -2.2229 -20
2 24 -5.8405 -2.2229 -20 -5.8405 -2.2229 0
2 24 -5.8405 -2.2229 0 -6.1492 -1.1158 0
2 24 -6.1492 -1.1158 0 -6.25 0 0
2 24 -6.1492 -1.1158 -20 -6.2499 0.0269 -20
2 24 -6.25 0 0 -6.0923 1.4575 0
2 24 -6.2499 0.0269 -20 -6.0923 1.4575 -20
2 24 -6.0923 1.4575 0 -5.5873 2.803 0
2 24 -6.0923 1.4575 -20 -5.5873 2.803 -20
2 24 -5.5873 2.803 0 -5.5873 2.803 -20
2 24 2.8009 -5.5873 0 2.8009 -5.5873 -20
2 24 2.8009 -5.5873 0 2.5337 -2.5337 0
2 24 2.8009 -5.5873 -20 2.5337 -2.5337 -20
2 24 2.5337 -2.5337 0 2.5337 -2.5337 -20
2 24 -2.5337 2.5337 0 -2.8009 5.5894 0
2 24 -2.5337 2.5337 0 -2.5337 2.5358 -20
2 24 -2.8009 5.5894 0 -2.8009 5.5894 -20
2 24 -2.5337 2.5358 -20 -2.8009 5.5894 -20
2 24 -5.5873 2.803 -20 -5.5873 2.803 0
2 24 -5.5873 2.803 -20 -2.5337 2.5358 -20
2 24 -5.5873 2.803 0 -2.5337 2.5337 0
2 24 -2.5337 2.5358 -20 -2.5337 2.5337 0
2 24 5.5873 -2.8009 -20 6.0923 -1.4554 -20
2 24 5.5873 -2.8009 -20 5.5873 -2.8009 0
2 24 5.5873 -2.8009 0 6.0923 -1.4554 0
2 24 6.0923 -1.4554 -20 6.25 0 -20
2 24 6.0923 -1.4554 0 6.25 0 0
2 24 6.25 0 -20 6.1492 1.1179 -20
2 24 6.25 0 0 6.1492 1.1179 0
2 24 6.1492 1.1179 -20 5.8405 2.225 -20
2 24 6.1492 1.1179 0 5.8405 2.225 0
2 24 5.8405 2.225 -20 5.8405 2.225 0
2 24 5.5873 -2.8009 0 2.5337 -2.5337 0
2 24 5.5873 -2.8009 0 5.5873 -2.8009 -20
2 24 2.5337 -2.5337 0 2.5337 -2.5337 -20
2 24 5.5873 -2.8009 -20 2.5337 -2.5337 -20
2 24 -2.8009 5.5894 0 -1.4052 6.0413 0
2 24 -2.8009 5.5894 0 -2.8009 5.5894 -20
2 24 -2.8009 5.5894 -20 -1.4052 6.0413 -20
2 24 -1.4052 6.0413 0 0 6.25 0
2 24 -1.4052 6.0413 -20 -0.0269 6.2499 -20
2 24 0 6.25 0 1.1193 6.1294 0
2 24 -0.0269 6.2499 -20 1.1193 6.1294 -20
2 24 1.1193 6.1294 -20 2.225 5.8405 -20
2 24 1.1193 6.1294 0 2.225 5.8405 0
2 24 2.225 5.8405 -20 2.225 5.8405 0
2 24 2.225 5.8405 0 2.225 4.2852 0
2 24 2.225 5.8405 0 2.225 5.8405 -20
2 24 2.225 5.8405 -20 2.225 4.2852 -20
2 24 2.225 4.2852 -20 2.8284 2.8284 -20
2 24 2.8284 2.8284 -20 2.8284 2.8284 0
2 24 2.225 4.2852 0 2.8284 2.8284 0
2 24 2.8284 2.8284 0 4.2852 2.225 0
2 24 2.8284 2.8284 -20 4.2852 2.225 -20
2 24 4.2852 2.225 -20 5.8405 2.225 -20
2 24 4.2852 2.225 0 5.8405 2.225 0
2 24 5.8405 2.225 -20 5.8405 2.225 0
2 24 -7.5831 -5.297 0 -5.437 -7.4834 0
2 24 -7.5831 -5.297 0 -7.2964 -5.6461 -20
2 24 -7.2964 -5.6461 -20 -5.437 -7.4834 -20
2 24 -5.437 -7.4834 -20 -2.8584 -8.7973 -20
2 24 -5.437 -7.4834 0 -2.8584 -8.7973 0
2 24 -2.8584 -8.7973 -20 0 -9.25 -20
2 24 -2.8584 -8.7973 0 0 -9.25 0
2 24 0 -9.25 -20 2.8584 -8.7973 -20
2 24 0 -9.25 0 2.8584 -8.7973 0
2 24 2.8584 -8.7973 -20 5.437 -7.4834 -20
2 24 2.8584 -8.7973 0 5.437 -7.4834 0
2 24 5.437 -7.4834 -20 7.4834 -5.437 -20
2 24 5.437 -7.4834 0 7.4834 -5.437 0
2 24 7.4834 -5.437 -20 8.7973 -2.8584 -20
2 24 7.4834 -5.437 0 8.7973 -2.8584 0
2 24 8.7973 -2.8584 -20 9.25 0 -20
2 24 8.7973 -2.8584 0 9.25 0 0
2 24 9.25 0 -20 8.7973 2.8584 -20
2 24 9.25 0 0 8.7973 2.8584 0
2 24 8.7973 2.8584 -20 7.4834 5.437 -20
2 24 8.7973 2.8584 0 7.4834 5.437 0
2 24 7.4834 5.437 -20 5.437 7.4834 -20
2 24 7.4834 5.437 0 5.437 7.4834 0
2 24 5.437 7.4834 -20 2.8584 8.7973 -20
2 24 5.437 7.4834 0 2.8584 8.7973 0
2 24 2.8584 8.7973 -20 0 9.2849 -20
2 24 2.8584 8.7973 0 0 9.2849 0
2 24 0 9.2849 0 -2.8052 9.2849 0
2 24 -2.8052 9.2849 0 -16.0541 9.2849 0
2 24 0 9.2849 -20 -1.5155 9.2849 -20
2 24 -10.175 9.2849 -20 -1.5155 9.2849 -20
2 24 -16.875 9.2849 -15.5 -1.5155 9.2849 -15.5
2 24 -20.8945 9.2849 -2.6305 -1.5155 9.2849 -6.7788
2 24 -16.0541 9.2849 0 -19.3857 9.2849 0.7082
2 24 -19.3857 9.2849 0.7082 -22.7173 9.2849 1.4163
2 24 -23.604 9.2849 1.0936 -22.7173 9.2849 1.4163
2 24 -14.6854 4.625 0 -14.6464 -1.625 -0.2992
2 24 -14.6464 -1.625 -0.2992 -19.3857 -1.625 0.7082
2 24 -19.3857 -1.625 0.7082 -22.7173 -1.625 1.4163
2 24 -22.7173 -1.625 1.4163 -22.7173 9.2849 1.4163
2 24 -19.3857 9.2849 0.7082 -22.7173 9.2849 1.4163
2 24 -16.0541 9.2849 0 -19.3857 9.2849 0.7082
2 24 -13.4293 4.625 0 -14.6854 4.625 0
2 24 -22.7173 -1.625 1.4163 -23.604 -1.625 1.0936
2 24 -22.7173 -1.625 1.4163 -22.7173 9.2849 1.4163
2 24 -23.604 -1.625 1.0936 -23.604 9.2849 1.0936
2 24 -22.7173 9.2849 1.4163 -23.604 9.2849 1.0936
2 24 -149.25 0 40 -148.7973 2.8584 40
2 24 -149.25 0 40 -148.7973 -2.8584 40
2 24 -147.75 0 40 -146.7117 -3.875 40
2 24 -148.7973 -2.8584 40 -147.4834 -5.437 40
2 24 -147.75 0 40 -146.7117 3.875 40
2 24 -148.7973 2.8584 40 -147.4834 5.437 40
2 24 -147.4834 5.437 40 -145.437 7.4834 40
2 24 -146.7117 3.875 40 -143.875 6.7117 40
2 24 -145.437 7.4834 40 -142.8584 8.7973 40
2 24 -146.7117 -3.875 40 -143.875 -6.7117 40
2 24 -147.4834 -5.437 40 -145.437 -7.4834 40
2 24 -145.437 -7.4834 40 -142.8584 -8.7973 40
2 24 -143.875 6.7117 40 -140 7.75 40
2 24 -142.8584 8.7973 40 -140 9.25 40
2 24 -140 9.25 40 -137.1416 8.7973 40
2 24 -140 7.75 40 -136.125 6.7117 40
2 24 -137.1416 8.7973 40 -134.563 7.4834 40
2 24 -143.875 -6.7117 40 -140 -7.75 40
2 24 -142.8584 -8.7973 40 -140 -9.25 40
2 24 -140 -9.25 40 -137.1416 -8.7973 40
2 24 -140 -7.75 40 -136.125 -6.7117 40
2 24 -137.1416 -8.7973 40 -134.563 -7.4834 40
2 24 -136.125 6.7117 40 -133.2883 3.875 40
2 24 -134.563 7.4834 40 -132.5166 5.437 40
2 24 -132.5166 5.437 40 -131.2027 2.8584 40
2 24 -136.125 -6.7117 40 -133.2883 -3.875 40
2 24 -134.563 -7.4834 40 -132.5166 -5.437 40
2 24 -132.5166 -5.437 40 -131.2027 -2.8584 40
2 24 -133.2883 3.875 40 -132.25 0 40
2 24 -133.2883 -3.875 40 -132.25 0 40
2 24 -131.2027 2.8584 40 -130.75 0 40
2 24 -131.2027 -2.8584 40 -130.75 0 40
2 24 -10.5018 -5.6461 -20 -23.25 -5.6461 -20
2 24 -23.25 -5.6461 -20 -23.25 -11.3398 -20
2 24 -20 -12.25 -20 -16.125 -13.2883 -20
2 24 -20 -12.25 -20 -23.875 -13.2883 -20
2 24 -16.125 -13.2883 -20 -13.2883 -16.125 -20
2 24 -23.25 -11.3398 -20 -25.437 -12.5166 -20
2 24 -10.5018 -5.6461 -20 -10.7382 -20.0002 -20
2 24 -13.2883 -16.125 -20 -12.25 -20 -20
2 24 -10.7382 -20.0002 -20 -11.2027 -22.8584 -20
2 24 -23.875 -13.2883 -20 -26.7117 -16.125 -20
2 24 -25.437 -12.5166 -20 -27.4834 -14.563 -20
2 24 -27.4834 -14.563 -20 -28.7973 -17.1416 -20
2 24 -12.25 -20 -20 -13.2883 -23.875 -20
2 24 -11.2027 -22.8584 -20 -12.5166 -25.437 -20
2 24 -12.5166 -25.437 -20 -14.563 -27.4834 -20
2 24 -13.2883 -23.875 -20 -16.125 -26.7117 -20
2 24 -14.563 -27.4834 -20 -17.1416 -28.7973 -20
2 24 -26.7117 -16.125 -20 -27.75 -20 -20
2 24 -28.7973 -17.1416 -20 -29.25 -20 -20
2 24 -29.25 -20 -20 -28.7973 -22.8584 -20
2 24 -27.75 -20 -20 -26.7117 -23.875 -20
2 24 -28.7973 -22.8584 -20 -27.4834 -25.437 -20
2 24 -16.125 -26.7117 -20 -20 -27.75 -20
2 24 -17.1416 -28.7973 -20 -20 -29.25 -20
2 24 -20 -29.25 -20 -22.8584 -28.7973 -20
2 24 -26.7117 -23.875 -20 -23.875 -26.7117 -20
2 24 -20 -27.75 -20 -23.875 -26.7117 -20
2 24 -27.4834 -25.437 -20 -25.437 -27.4834 -20
2 24 -22.8584 -28.7973 -20 -25.437 -27.4834 -20
2 24 -14.175 -1.625 -23.2 -19.25 -1.625 -23.2
2 24 -14.175 -1.625 -23.2 -14.988 -1.625 -20.5771
2 24 -19.25 -1.625 -23.2 -18.5544 -1.625 -20.6956
2 24 -14.988 -1.625 -20.5771 -16.875 -1.625 -20
2 24 -18.5544 -1.625 -20.6956 -16.875 -1.625 -20
2 24 -149.25 0 -100 -148.7973 2.8584 -100
2 24 -149.25 0 -100 -148.7973 -2.8584 -100
2 24 -147.75 0 -100 -146.7117 -3.875 -100
2 24 -148.7973 -2.8584 -100 -147.4834 -5.437 -100
2 24 -147.75 0 -100 -146.7117 3.875 -100
2 24 -148.7973 2.8584 -100 -147.4834 5.437 -100
2 24 -147.4834 5.437 -100 -145.437 7.4834 -100
2 24 -146.7117 3.875 -100 -143.875 6.7117 -100
2 24 -145.437 7.4834 -100 -142.8584 8.7973 -100
2 24 -146.7117 -3.875 -100 -143.875 -6.7117 -100
2 24 -147.4834 -5.437 -100 -145.437 -7.4834 -100
2 24 -145.437 -7.4834 -100 -142.8584 -8.7973 -100
2 24 -143.875 6.7117 -100 -140 7.75 -100
2 24 -142.8584 8.7973 -100 -140 9.25 -100
2 24 -140 9.25 -100 -137.1416 8.7973 -100
2 24 -140 7.75 -100 -136.125 6.7117 -100
2 24 -137.1416 8.7973 -100 -134.563 7.4834 -100
2 24 -143.875 -6.7117 -100 -140 -7.75 -100
2 24 -142.8584 -8.7973 -100 -140 -9.25 -100
2 24 -140 -9.25 -100 -137.1416 -8.7973 -100
2 24 -140 -7.75 -100 -136.125 -6.7117 -100
2 24 -137.1416 -8.7973 -100 -134.563 -7.4834 -100
2 24 -136.125 6.7117 -100 -133.2883 3.875 -100
2 24 -134.563 7.4834 -100 -132.5166 5.437 -99.9804
2 24 -132.5166 5.437 -99.9804 -131.2027 2.8584 -100
2 24 -136.125 -6.7117 -100 -133.2883 -3.875 -100
2 24 -134.563 -7.4834 -100 -132.5166 -5.437 -99.9255
2 24 -132.5166 -5.437 -99.9255 -131.2027 -2.8584 -100
2 24 -133.2883 3.875 -100 -132.25 0 -100
2 24 -133.2883 -3.875 -100 -132.25 0 -100
2 24 -131.2027 2.8584 -100 -130.75 0 -100
2 24 -131.2027 -2.8584 -100 -130.75 0 -100
2 24 -10.5018 -5.6461 -40 -23.25 -5.6461 -40
2 24 -23.25 -5.6461 -40 -23.25 -11.3398 -40
2 24 -20 -12.25 -40 -16.125 -13.2883 -40
2 24 -20 -12.25 -40 -23.875 -13.2883 -40
2 24 -16.125 -13.2883 -40 -13.2883 -16.125 -40
2 24 -23.25 -11.3398 -40 -25.437 -12.5166 -40
2 24 -10.5018 -5.6461 -40 -10.7382 -20.0002 -40
2 24 -13.2883 -16.125 -40 -12.25 -20 -40
2 24 -10.7382 -20.0002 -40 -11.2027 -22.8584 -40
2 24 -23.875 -13.2883 -40 -26.7117 -16.125 -40
2 24 -25.437 -12.5166 -40 -27.4834 -14.563 -40
2 24 -27.4834 -14.563 -40 -28.7973 -17.1416 -40
2 24 -12.25 -20 -40 -13.2883 -23.875 -40
2 24 -11.2027 -22.8584 -40 -12.5166 -25.437 -40
2 24 -12.5166 -25.437 -40 -14.563 -27.4834 -40
2 24 -13.2883 -23.875 -40 -16.125 -26.7117 -40
2 24 -14.563 -27.4834 -40 -17.1416 -28.7973 -40
2 24 -26.7117 -16.125 -40 -27.75 -20 -40
2 24 -28.7973 -17.1416 -40 -29.25 -20 -40
2 24 -29.25 -20 -40 -28.7973 -22.8584 -40
2 24 -27.75 -20 -40 -26.7117 -23.875 -40
2 24 -28.7973 -22.8584 -40 -27.4834 -25.437 -40
2 24 -16.125 -26.7117 -40 -20 -27.75 -40
2 24 -17.1416 -28.7973 -40 -20 -29.25 -40
2 24 -20 -29.25 -40 -22.8584 -28.7973 -40
2 24 -26.7117 -23.875 -40 -23.875 -26.7117 -40
2 24 -20 -27.75 -40 -23.875 -26.7117 -40
2 24 -27.4834 -25.437 -40 -25.437 -27.4834 -40
2 24 -22.8584 -28.7973 -40 -25.437 -27.4834 -40
2 24 -14.175 -1.625 -36.8 -14.988 -1.625 -39.423
2 24 -14.175 -1.625 -36.8 -19.25 -1.625 -36.8
2 24 -14.988 -1.625 -39.423 -16.875 -1.625 -40
2 24 -19.25 -1.625 -36.8 -18.5544 -1.625 -39.3044
2 24 -16.875 -1.625 -40 -18.5544 -1.625 -39.3044
2 24 -143.875 -6.7117 38 -140 -7.75 38
2 24 -143.875 -6.7117 40 -140 -7.75 40
2 24 -143.875 -6.7117 40 -146.7117 -3.875 40
2 24 -140 -7.75 38 -136.125 -6.7117 38
2 24 -143.875 -6.7117 38 -146.7117 -3.875 38
2 24 -140 -7.75 40 -136.125 -6.7117 40
2 24 -146.7117 -3.875 40 -147.75 0 40
2 24 -136.125 -6.7117 38 -133.2883 -3.875 38
2 24 -146.7117 -3.875 38 -147.75 0 38
2 24 -136.125 -6.7117 40 -133.2883 -3.875 40
2 24 -147.75 0 40 -146.7117 3.875 40
2 24 -133.2883 -3.875 38 -132.25 0 38
2 24 -147.75 0 38 -146.7117 3.875 38
2 24 -133.2883 -3.875 40 -132.25 0 40
2 24 -146.7117 3.875 40 -143.875 6.7117 40
2 24 -132.25 0 38 -133.2883 3.875 38
2 24 -146.7117 3.875 38 -143.875 6.7117 38
2 24 -132.25 0 40 -133.2883 3.875 40
2 24 -143.875 6.7117 40 -140 7.75 40
2 24 -133.2883 3.875 38 -136.125 6.7117 38
2 24 -143.875 6.7117 38 -140 7.75 38
2 24 -133.2883 3.875 40 -136.125 6.7117 40
2 24 -140 7.75 40 -136.125 6.7117 40
2 24 -136.125 6.7117 38 -140 7.75 38
2 24 -23.875 -26.7117 -22 -20 -27.75 -22
2 24 -23.875 -26.7117 -20 -20 -27.75 -20
2 24 -23.875 -26.7117 -20 -26.7117 -23.875 -20
2 24 -20 -27.75 -22 -16.125 -26.7117 -22
2 24 -23.875 -26.7117 -22 -26.7117 -23.875 -22
2 24 -20 -27.75 -20 -16.125 -26.7117 -20
2 24 -26.7117 -23.875 -20 -27.75 -20 -20
2 24 -16.125 -26.7117 -22 -13.2883 -23.875 -22
2 24 -26.7117 -23.875 -22 -27.75 -20 -22
2 24 -16.125 -26.7117 -20 -13.2883 -23.875 -20
2 24 -27.75 -20 -20 -26.7117 -16.125 -20
2 24 -13.2883 -23.875 -22 -12.25 -20 -22
2 24 -27.75 -20 -22 -26.7117 -16.125 -22
2 24 -13.2883 -23.875 -20 -12.25 -20 -20
2 24 -26.7117 -16.125 -20 -23.875 -13.2883 -20
2 24 -12.25 -20 -22 -13.2883 -16.125 -22
2 24 -26.7117 -16.125 -22 -23.875 -13.2883 -22
2 24 -12.25 -20 -20 -13.2883 -16.125 -20
2 24 -23.875 -13.2883 -20 -20 -12.25 -20
2 24 -13.2883 -16.125 -22 -16.125 -13.2883 -22
2 24 -23.875 -13.2883 -22 -20 -12.25 -22
2 24 -13.2883 -16.125 -20 -16.125 -13.2883 -20
2 24 -20 -12.25 -20 -16.125 -13.2883 -20
2 24 -16.125 -13.2883 -22 -20 -12.25 -22
2 24 -143.125 -5.4127 38 -140 -6.25 38
2 24 -143.875 -6.7117 38 -140 -7.75 38
2 24 -143.875 -6.7117 38 -146.7117 -3.875 38
2 24 -140 -6.25 38 -136.875 -5.4127 38
2 24 -143.125 -5.4127 38 -145.4127 -3.125 38
2 24 -140 -7.75 38 -136.125 -6.7117 38
2 24 -146.7117 -3.875 38 -147.75 0 38
2 24 -136.875 -5.4127 38 -134.5873 -3.125 38
2 24 -145.4127 -3.125 38 -146.25 0 38
2 24 -136.125 -6.7117 38 -133.2883 -3.875 38
2 24 -147.75 0 38 -146.7117 3.875 38
2 24 -134.5873 -3.125 38 -133.75 0 38
2 24 -146.25 0 38 -145.4127 3.125 38
2 24 -133.2883 -3.875 38 -132.25 0 38
2 24 -146.7117 3.875 38 -143.875 6.7117 38
2 24 -133.75 0 38 -134.5873 3.125 38
2 24 -145.4127 3.125 38 -143.125 5.4127 38
2 24 -132.25 0 38 -133.2883 3.875 38
2 24 -143.875 6.7117 38 -140 7.75 38
2 24 -134.5873 3.125 38 -136.875 5.4127 38
2 24 -143.125 5.4127 38 -140 6.25 38
2 24 -133.2883 3.875 38 -136.125 6.7117 38
2 24 -140 7.75 38 -136.125 6.7117 38
2 24 -136.875 5.4127 38 -140 6.25 38
2 24 -23.125 -25.4127 -22 -20 -26.25 -22
2 24 -23.875 -26.7117 -22 -20 -27.75 -22
2 24 -23.875 -26.7117 -22 -26.7117 -23.875 -22
2 24 -20 -26.25 -22 -16.875 -25.4127 -22
2 24 -23.125 -25.4127 -22 -25.4127 -23.125 -22
2 24 -20 -27.75 -22 -16.125 -26.7117 -22
2 24 -26.7117 -23.875 -22 -27.75 -20 -22
2 24 -16.875 -25.4127 -22 -14.5873 -23.125 -22
2 24 -25.4127 -23.125 -22 -26.25 -20 -22
2 24 -16.125 -26.7117 -22 -13.2883 -23.875 -22
2 24 -27.75 -20 -22 -26.7117 -16.125 -22
2 24 -14.5873 -23.125 -22 -13.75 -20 -22
2 24 -26.25 -20 -22 -25.4127 -16.875 -22
2 24 -13.2883 -23.875 -22 -12.25 -20 -22
2 24 -26.7117 -16.125 -22 -23.875 -13.2883 -22
2 24 -13.75 -20 -22 -14.5873 -16.875 -22
2 24 -25.4127 -16.875 -22 -23.125 -14.5873 -22
2 24 -12.25 -20 -22 -13.2883 -16.125 -22
2 24 -23.875 -13.2883 -22 -20 -12.25 -22
2 24 -14.5873 -16.875 -22 -16.875 -14.5873 -22
2 24 -23.125 -14.5873 -22 -20 -13.75 -22
2 24 -13.2883 -16.125 -22 -16.125 -13.2883 -22
2 24 -20 -12.25 -22 -16.125 -13.2883 -22
2 24 -16.875 -14.5873 -22 -20 -13.75 -22
2 24 -140 -7.75 -98 -143.875 -6.7117 -98
2 24 -143.875 -6.7117 -100 -140 -7.75 -100
2 24 -143.875 -6.7117 -100 -146.7117 -3.875 -100
2 24 -140 -7.75 -98 -136.125 -6.7117 -98
2 24 -143.875 -6.7117 -98 -146.7117 -3.875 -98
2 24 -140 -7.75 -100 -136.125 -6.7117 -100
2 24 -146.7117 -3.875 -100 -147.75 0 -100
2 24 -136.125 -6.7117 -98 -133.2883 -3.875 -98
2 24 -146.7117 -3.875 -98 -147.75 0 -98
2 24 -136.125 -6.7117 -100 -133.2883 -3.875 -100
2 24 -147.75 0 -100 -146.7117 3.875 -100
2 24 -133.2883 -3.875 -98 -132.25 0 -98
2 24 -147.75 0 -98 -146.7117 3.875 -98
2 24 -133.2883 -3.875 -100 -132.25 0 -100
2 24 -146.7117 3.875 -100 -143.875 6.7117 -100
2 24 -132.25 0 -98 -133.2883 3.875 -98
2 24 -146.7117 3.875 -98 -143.875 6.7117 -98
2 24 -132.25 0 -100 -133.2883 3.875 -100
2 24 -143.875 6.7117 -100 -140 7.75 -100
2 24 -133.2883 3.875 -98 -136.125 6.7117 -98
2 24 -143.875 6.7117 -98 -140 7.75 -98
2 24 -133.2883 3.875 -100 -136.125 6.7117 -100
2 24 -140 7.75 -100 -136.125 6.7117 -100
2 24 -136.125 6.7117 -98 -140 7.75 -98
2 24 -20 -27.75 -38 -23.875 -26.7117 -38
2 24 -23.875 -26.7117 -40 -20 -27.75 -40
2 24 -23.875 -26.7117 -40 -26.7117 -23.875 -40
2 24 -20 -27.75 -38 -16.125 -26.7117 -38
2 24 -23.875 -26.7117 -38 -26.7117 -23.875 -38
2 24 -20 -27.75 -40 -16.125 -26.7117 -40
2 24 -26.7117 -23.875 -40 -27.75 -20 -40
2 24 -16.125 -26.7117 -38 -13.2883 -23.875 -38
2 24 -26.7117 -23.875 -38 -27.75 -20 -38
2 24 -16.125 -26.7117 -40 -13.2883 -23.875 -40
2 24 -27.75 -20 -40 -26.7117 -16.125 -40
2 24 -13.2883 -23.875 -38 -12.25 -20 -38
2 24 -27.75 -20 -38 -26.7117 -16.125 -38
2 24 -13.2883 -23.875 -40 -12.25 -20 -40
2 24 -26.7117 -16.125 -40 -23.875 -13.2883 -40
2 24 -12.25 -20 -38 -13.2883 -16.125 -38
2 24 -26.7117 -16.125 -38 -23.875 -13.2883 -38
2 24 -12.25 -20 -40 -13.2883 -16.125 -40
2 24 -23.875 -13.2883 -40 -20 -12.25 -40
2 24 -13.2883 -16.125 -38 -16.125 -13.2883 -38
2 24 -23.875 -13.2883 -38 -20 -12.25 -38
2 24 -13.2883 -16.125 -40 -16.125 -13.2883 -40
2 24 -20 -12.25 -40 -16.125 -13.2883 -40
2 24 -16.125 -13.2883 -38 -20 -12.25 -38
2 24 -140 -6.25 -98 -143.125 -5.4127 -98
2 24 -143.875 -6.7117 -98 -140 -7.75 -98
2 24 -143.875 -6.7117 -98 -146.7117 -3.875 -98
2 24 -140 -6.25 -98 -136.875 -5.4127 -98
2 24 -143.125 -5.4127 -98 -145.4127 -3.125 -98
2 24 -140 -7.75 -98 -136.125 -6.7117 -98
2 24 -146.7117 -3.875 -98 -147.75 0 -98
2 24 -136.875 -5.4127 -98 -134.5873 -3.125 -98
2 24 -145.4127 -3.125 -98 -146.25 0 -98
2 24 -136.125 -6.7117 -98 -133.2883 -3.875 -98
2 24 -147.75 0 -98 -146.7117 3.875 -98
2 24 -134.5873 -3.125 -98 -133.75 0 -98
2 24 -146.25 0 -98 -145.4127 3.125 -98
2 24 -133.2883 -3.875 -98 -132.25 0 -98
2 24 -146.7117 3.875 -98 -143.875 6.7117 -98
2 24 -133.75 0 -98 -134.5873 3.125 -98
2 24 -145.4127 3.125 -98 -143.125 5.4127 -98
2 24 -132.25 0 -98 -133.2883 3.875 -98
2 24 -143.875 6.7117 -98 -140 7.75 -98
2 24 -134.5873 3.125 -98 -136.875 5.4127 -98
2 24 -143.125 5.4127 -98 -140 6.25 -98
2 24 -133.2883 3.875 -98 -136.125 6.7117 -98
2 24 -140 7.75 -98 -136.125 6.7117 -98
2 24 -136.875 5.4127 -98 -140 6.25 -98
2 24 -20 -12.25 -38 -16.125 -13.2883 -38
2 24 -20 -13.75 -38 -23.125 -14.5873 -38
2 24 -20 -13.75 -38 -16.875 -14.5873 -38
2 24 -20 -12.25 -38 -23.875 -13.2883 -38
2 24 -16.125 -13.2883 -38 -13.2883 -16.125 -38
2 24 -23.125 -14.5873 -38 -25.4127 -16.875 -38
2 24 -16.875 -14.5873 -38 -14.5873 -16.875 -38
2 24 -23.875 -13.2883 -38 -26.7117 -16.125 -38
2 24 -13.2883 -16.125 -38 -12.25 -20 -38
2 24 -25.4127 -16.875 -38 -26.25 -20 -38
2 24 -14.5873 -16.875 -38 -13.75 -20 -38
2 24 -26.7117 -16.125 -38 -27.75 -20 -38
2 24 -12.25 -20 -38 -13.2883 -23.875 -38
2 24 -26.25 -20 -38 -25.4127 -23.125 -38
2 24 -13.75 -20 -38 -14.5873 -23.125 -38
2 24 -27.75 -20 -38 -26.7117 -23.875 -38
2 24 -13.2883 -23.875 -38 -16.125 -26.7117 -38
2 24 -25.4127 -23.125 -38 -23.125 -25.4127 -38
2 24 -14.5873 -23.125 -38 -16.875 -25.4127 -38
2 24 -26.7117 -23.875 -38 -23.875 -26.7117 -38
2 24 -16.125 -26.7117 -38 -20 -27.75 -38
2 24 -23.125 -25.4127 -38 -20 -26.25 -38
2 24 -16.875 -25.4127 -38 -20 -26.25 -38
2 24 -23.875 -26.7117 -38 -20 -27.75 -38
0 STEP
