0 Windscreen 3 x 6 x 2 1/3 Quarter Sphere
0 Name: 7202.dat
0 Author: 
0 BFC CERTIFY CCW
1 16 -50 -5.25 40 1 0 0 0 -1 0 0 0 -1 stud3.dat
3 16 -73.1451 -5.25 40.9761 -76.0889 -5.2459 43.3457 -75.2154 -4.8338 43.8363 0.1405 0.3894 0.1486 0.3738 0.1519 0.3775
3 16 -73.1451 -5.25 40.9761 -80.655 -5.25 40.6512 -76.0889 -5.2459 43.3457 0.1405 0.3894 0.132 0.3555 0.1486 0.3738
3 16 -73.1451 -5.25 40.9761 -75.5352 -5.25 35.6844 -80.655 -5.25 40.6512 0.1405 0.3894 0.1142 0.3834 0.132 0.3555
3 16 -73.1451 -5.25 40.9761 -68.9625 -5.2324 42.6572 -75.5352 -5.25 35.6844 0.1405 0.3894 0.1521 0.4069 0.1142 0.3834
3 16 -68.9992 -5.25 28.5792 -75.5352 -5.25 35.6844 -68.9625 -5.2324 42.6572 0.0879 0.4198 0.1142 0.3834 0.1521 0.4069
3 16 -68.9992 -5.25 28.5792 -70.7141 -5.2492 27.6819 -75.5352 -5.25 35.6844 0.0879 0.4198 0.0822 0.4128 0.1142 0.3834
3 16 -75.5352 -5.25 35.6844 -78.292 -5.235 33.995 -80.655 -5.25 40.6512 0.1142 0.3834 0.1039 0.3725 0.132 0.3555
3 16 -83.065 -5.25 34.2593 -80.655 -5.25 40.6512 -78.292 -5.235 33.995 0.1007 0.3505 0.132 0.3555 0.1039 0.3725
3 16 -83.065 -5.25 34.2593 -84.6561 -5.2581 38.197 -80.655 -5.25 40.6512 0.1007 0.3505 0.1171 0.3396 0.132 0.3555
3 16 -85.6998 -4.9071 37.4579 -84.6561 -5.2581 38.197 -83.065 -5.25 34.2593 0.1127 0.3353 0.1171 0.3396 0.1007 0.3505
3 16 -83.065 -5.25 34.2593 -78.292 -5.235 33.995 -81.9081 -5.2219 31.0653 0.1007 0.3505 0.1039 0.3725 0.0872 0.3587
3 16 -73.9055 -5.2377 26.6412 -81.9081 -5.2219 31.0653 -78.292 -5.235 33.995 0.0746 0.3993 0.0872 0.3587 0.1039 0.3725
3 16 -73.9055 -5.2377 26.6412 -82.1164 -5.2219 27.8876 -81.9081 -5.2219 31.0653 0.0746 0.3993 0.0725 0.3608 0.0872 0.3587
3 16 -73.9055 -5.2377 26.6412 -76.101 -5.25 25.0802 -82.1164 -5.2219 27.8876 0.0746 0.3993 0.0654 0.3908 0.0725 0.3608
3 16 -76.101 -5.25 25.0802 -83.5249 -5.2219 25.0315 -82.1164 -5.2219 27.8876 0.0654 0.3908 0.0582 0.357 0.0725 0.3608
3 16 -83.5249 -5.2219 25.0315 -76.101 -5.25 25.0802 -74.5685 -5.25 21.5656 0.0582 0.357 0.0654 0.3908 0.0508 0.4011
3 16 -73.8257 -4.9534 22.3009 -74.5685 -5.25 21.5656 -76.101 -5.25 25.0802 0.055 0.4039 0.0508 0.4011 0.0654 0.3908
3 16 -83.5249 -5.2219 25.0315 -74.5685 -5.25 21.5656 -81.611 -5.25 14.5018 0.0582 0.357 0.0508 0.4011 0.0121 0.3756
3 16 -86.5921 -5.2241 17.397 -83.5249 -5.2219 25.0315 -81.611 -5.25 14.5018 0.0206 0.3502 0.0582 0.357 0.0121 0.3756
3 16 -81.611 -5.25 14.5018 -82.3463 -4.9534 13.759 -86.5921 -5.2241 17.397 0.0121 0.3756 0.0078 0.3728 0.0206 0.3502
3 16 -86.5921 -5.2241 17.397 -85.9191 -5.2219 22.9317 -83.5249 -5.2219 25.0315 0.0206 0.3502 0.0464 0.3481 0.0582 0.357
3 16 -86.5921 -5.2241 17.397 -88.9347 -5.2219 21.9081 -85.9191 -5.2219 22.9317 0.0206 0.3502 0.039 0.3353 0.0464 0.3481
3 16 -86.5921 -5.2241 17.397 -89 -5.2241 18.0696 -88.9347 -5.2219 21.9081 0.0206 0.3502 0.0214 0.3386 0.039 0.3353
3 16 -73.1451 -5.25 40.9761 -75.2154 -4.8338 43.8363 -74.8432 -3.9157 44.1578 0.893 0.3972 0.8765 0.396 0.8761 0.3912
3 16 -74.8432 -3.9157 44.1578 -72.4835 0 41.2974 -73.1451 -5.25 40.9761 0.8761 0.3912 0.893 0.3726 0.893 0.3972
3 16 -74.8432 -3.9157 44.1578 -74.667 -1.5032 44.5526 -72.4835 0 41.2974 0.8761 0.3912 0.8748 0.3799 0.893 0.3726
3 16 -72.4835 0 41.2974 -74.667 -1.5032 44.5526 -74.2257 -0.4062 44.8578 0.893 0.3726 0.8748 0.3799 0.8745 0.3742
3 16 -72.4835 0 41.2974 -74.2257 -0.4062 44.8578 -73.1961 0 45.3344 0.719 0.0483 0.7105 0.0318 0.7156 0.0295
3 16 -68.9477 0 42.6781 -72.4835 0 41.2974 -73.1961 0 45.3344 0.7354 0.0418 0.719 0.0483 0.7156 0.0295
3 16 -68.9477 0 42.6781 -73.1961 0 45.3344 -70.4859 0 46.3264 0.7354 0.0418 0.7156 0.0295 0.7282 0.0249
3 16 -65.6642 0 45.4392 -68.9477 0 42.6781 -70.4859 0 46.3264 0.7506 0.029 0.7354 0.0418 0.7282 0.0249
3 16 -70.4859 0 46.3264 -64.25 0 46.025 -65.6642 0 45.4392 0.7282 0.0249 0.7572 0.0263 0.7506 0.029
3 16 -65.6642 0 45.4392 -66.2426 0 43.9082 -68.9477 0 42.6781 0.7506 0.029 0.748 0.0361 0.7354 0.0418
3 16 -70.4859 0 46.3264 -59.1328 -0.0035 49.2223 -64.25 0 46.025 0.7282 0.0249 0.781 0.0114 0.7572 0.0263
3 16 -68.9477 0 42.6781 -66.2426 0 43.9082 -66.2426 0 31.9057 0.7354 0.0418 0.748 0.0361 0.7479 0.0919
3 16 -50 0 46.025 -64.25 0 46.025 -59.1328 -0.0035 49.2223 0.8235 0.0263 0.7572 0.0263 0.781 0.0114
3 16 -50 0 46.025 -59.1328 -0.0035 49.2223 -50 -0.0131 49.9971 0.8235 0.0263 0.781 0.0114 0.8235 0.0078
3 16 -40.8672 -0.0035 49.2223 -50 0 46.025 -50 -0.0131 49.9971 0.8659 0.0114 0.8235 0.0263 0.8235 0.0078
3 16 -40.8672 -0.0035 49.2223 -35.75 0 46.025 -50 0 46.025 0.8659 0.0114 0.8897 0.0263 0.8235 0.0263
3 16 -68.9477 0 42.6781 -66.2426 0 31.9057 -68.9609 0 28.5883 0.7354 0.0418 0.7479 0.0919 0.7353 0.1073
3 16 -35.75 0 46.025 -40.8672 -0.0035 49.2223 -29.5141 0 46.3264 0.8897 0.0263 0.8659 0.0114 0.9187 0.0249
3 16 -66.2426 0 31.9057 -65.6894 0 30.9221 -68.9609 0 28.5883 0.7479 0.0919 0.7505 0.0965 0.7353 0.1073
3 16 -35.75 0 46.025 -29.5141 0 46.3264 -34.3358 0 45.4392 0.8897 0.0263 0.9187 0.0249 0.8963 0.029
3 16 -66.2732 0 26.5401 -68.9609 0 28.5883 -65.6894 0 30.9221 0.7478 0.1169 0.7353 0.1073 0.7505 0.0965
3 16 -66.2732 0 26.5401 -65.6894 0 30.9221 -64.713 0 31.1307 0.7478 0.1169 0.7505 0.0965 0.7551 0.0955
3 16 -70.714 -0.0007 27.682 -68.9609 0 28.5883 -66.2732 0 26.5401 0.7272 0.1116 0.7353 0.1073 0.7478 0.1169
3 16 -34.3358 0 45.4392 -29.5141 0 46.3264 -31.0523 0 42.6781 0.8963 0.029 0.9187 0.0249 0.9116 0.0419
3 16 -34.3358 0 45.4392 -31.0523 0 42.6781 -33.7574 0 43.9082 0.8963 0.029 0.9116 0.0419 0.899 0.0361
3 16 -26.8039 0 45.3344 -31.0523 0 42.6781 -29.5141 0 46.3264 0.9313 0.0295 0.9116 0.0419 0.9187 0.0249
3 16 -33.7574 0 31.9057 -33.7574 0 43.9082 -31.0523 0 42.6781 0.899 0.0919 0.899 0.0361 0.9116 0.0419
3 16 -26.8039 0 45.3344 -27.5165 0 41.2974 -31.0523 0 42.6781 0.9313 0.0295 0.928 0.0483 0.9116 0.0419
3 16 -25.7743 -0.4062 44.8578 -27.5165 0 41.2974 -26.8039 0 45.3344 0.9364 0.0318 0.928 0.0483 0.9313 0.0295
3 16 -33.7574 0 31.9057 -31.0523 0 42.6781 -31.0391 0 28.5883 0.899 0.0919 0.9116 0.0419 0.9116 0.1074
3 16 -34.3106 0 30.9221 -33.7574 0 31.9057 -31.0391 0 28.5883 0.8964 0.0965 0.899 0.0919 0.9116 0.1074
3 16 -64.713 0 31.1307 -57.1748 0 29.2657 -66.2732 0 26.5401 0.7551 0.0955 0.7901 0.1042 0.7478 0.1169
3 16 -64.713 0 31.1307 -62.325 0 33.525 -57.1748 0 29.2657 0.7551 0.0955 0.7662 0.0844 0.7901 0.1042
3 16 -50 0 33.525 -57.1748 0 29.2657 -62.325 0 33.525 0.8235 0.0844 0.7901 0.1042 0.7662 0.0844
3 16 -50 0 33.525 -50 0 30.0687 -57.1748 0 29.2657 0.8235 0.0844 0.8235 0.1005 0.7901 0.1042
3 16 -42.8252 0 29.2657 -50 0 30.0687 -50 0 33.525 0.8568 0.1042 0.8235 0.1005 0.8235 0.0844
3 16 -42.8252 0 29.2657 -50 0 33.525 -37.675 0 33.525 0.8568 0.1042 0.8235 0.0844 0.8808 0.0844
3 16 -35.287 0 31.1307 -42.8252 0 29.2657 -37.675 0 33.525 0.8919 0.0955 0.8568 0.1042 0.8808 0.0844
3 16 -35.287 0 31.1307 -33.7268 0 26.5401 -42.8252 0 29.2657 0.8919 0.0955 0.8991 0.1169 0.8568 0.1042
3 16 -34.3106 0 30.9221 -33.7268 0 26.5401 -35.287 0 31.1307 0.8964 0.0965 0.8991 0.1169 0.8919 0.0955
3 16 -31.0391 0 28.5883 -33.7268 0 26.5401 -34.3106 0 30.9221 0.9116 0.1074 0.8991 0.1169 0.8964 0.0965
3 16 -33.7268 0 26.5401 -31.0391 0 28.5883 -29.286 -0.0007 27.682 0.8991 0.1169 0.9116 0.1074 0.9198 0.1116
3 16 -33.7268 0 26.5401 -29.286 -0.0007 27.682 -28.2999 0 23.7655 0.8991 0.1169 0.9198 0.1116 0.9244 0.1298
3 16 -29.286 -0.0007 27.682 -26.1107 -0.0125 26.6572 -28.2999 0 23.7655 0.9198 0.1116 0.9345 0.1163 0.9244 0.1298
3 16 -26.1107 -0.0125 26.6572 -29.286 -0.0007 27.682 -24.4884 -0.0046 35.6778 0.9345 0.1163 0.9198 0.1116 0.942 0.0744
3 16 -26.1107 -0.0125 26.6572 -24.4884 -0.0046 35.6778 -21.6997 -0.0431 34.0088 0.9345 0.1163 0.942 0.0744 0.955 0.0821
3 16 -24.5358 -0.0055 25.5222 -28.2999 0 23.7655 -26.1107 -0.0125 26.6572 0.9419 0.1215 0.9244 0.1298 0.9345 0.1163
3 16 -24.5358 -0.0055 25.5222 -27.5158 -0.5373 23.0815 -28.2999 0 23.7655 0.9419 0.1215 0.9284 0.1335 0.9244 0.1298
3 16 -82.222 0 32.3489 -88.143 0 36.2688 -87.3394 -0.3696 36.9295 0.2204 0.6716 0.2521 0.6811 0.2493 0.6853
3 16 -86.3018 -0.0141 33.585 -88.143 0 36.2688 -82.222 0 32.3489 0.2402 0.6716 0.2521 0.6811 0.2204 0.6716
3 16 -86.3018 -0.0141 33.585 -82.222 0 32.3489 -83.8505 -0.0141 31.1154 0.2402 0.6716 0.2204 0.6716 0.226 0.6639
3 16 -82.222 0 32.3489 -81.9081 -0.0141 31.0653 -83.8505 -0.0141 31.1154 0.2204 0.6716 0.2173 0.6663 0.226 0.6639
3 16 -83.963 -0.0141 28.3824 -83.8505 -0.0141 31.1154 -81.9081 -0.0141 31.0653 0.2228 0.6516 0.226 0.6639 0.2173 0.6663
3 16 -83.963 -0.0141 28.3824 -81.9081 -0.0141 31.0653 -82.1164 -0.0141 27.8876 0.2228 0.6516 0.2173 0.6663 0.2139 0.6519
3 16 -85.0415 -0.0141 26.1953 -83.963 -0.0141 28.3824 -82.1164 -0.0141 27.8876 0.2246 0.6404 0.2228 0.6516 0.2139 0.6519
3 16 -85.0415 -0.0141 26.1953 -82.1164 -0.0141 27.8876 -83.5249 -0.0141 25.0315 0.2246 0.6404 0.2139 0.6519 0.2163 0.6373
3 16 -86.875 -0.0141 24.5874 -85.0415 -0.0141 26.1953 -83.5249 -0.0141 25.0315 0.2306 0.6308 0.2246 0.6404 0.2163 0.6373
3 16 -86.875 -0.0141 24.5874 -83.5249 -0.0141 25.0315 -85.9191 -0.0141 22.9317 0.2306 0.6308 0.2163 0.6373 0.2241 0.6247
3 16 -88.143 0 36.2688 -86.3018 -0.0141 33.585 -93.5939 -0.0141 26.3107 0.2521 0.6811 0.2402 0.6716 0.2628 0.6294
3 16 -85.9191 -0.0141 22.9317 -89.1842 -0.0141 23.8035 -86.875 -0.0141 24.5874 0.2241 0.6247 0.2398 0.6242 0.2306 0.6308
3 16 -88.143 0 36.2688 -93.5939 -0.0141 26.3107 -96.2994 -0.0037 28.1595 0.2521 0.6811 0.2628 0.6294 0.2774 0.6339
3 16 -85.9191 -0.0141 22.9317 -89.009 0 21.9445 -89.1842 -0.0141 23.8035 0.2241 0.6247 0.2365 0.6162 0.2398 0.6242
3 16 -92.3062 -0.0141 22.2094 -96.2994 -0.0037 28.1595 -93.5939 -0.0141 26.3107 0.2515 0.6129 0.2774 0.6339 0.2628 0.6294
3 16 -96.2994 -0.0037 28.1595 -92.3062 -0.0141 22.2094 -96.9138 -0.3658 27.3595 0.2774 0.6339 0.2515 0.6129 0.2792 0.6293
3 16 -92.3062 -0.0141 22.2094 -93.5939 -0.0141 26.3107 -91.1568 -0.0141 23.8404 0.2515 0.6129 0.2628 0.6294 0.2486 0.6217
3 16 -91.1568 -0.0141 23.8404 -91.0352 0 21.9415 -92.3062 -0.0141 22.2094 0.2486 0.6217 0.2455 0.6134 0.2515 0.6129
3 16 -91.0352 0 21.9415 -91.1568 -0.0141 23.8404 -89.1842 -0.0141 23.8035 0.2455 0.6134 0.2486 0.6217 0.2398 0.6242
3 16 -91.0352 0 21.9415 -89.1842 -0.0141 23.8035 -89.009 0 21.9445 0.2455 0.6134 0.2398 0.6242 0.2365 0.6162
3 16 -90.9973 0 18.0654 -91.0352 0 21.9415 -89.009 0 21.9445 0.2401 0.5962 0.2455 0.6134 0.2365 0.6162
3 16 -90.9973 0 18.0654 -89.009 0 21.9445 -89.0053 0 18.0723 0.2401 0.5962 0.2365 0.6162 0.2313 0.5989
3 16 -89.0053 0 18.0723 -90.8188 0 16.1955 -90.9973 0 18.0654 0.2313 0.5989 0.2368 0.5881 0.2401 0.5962
3 16 -90.8188 0 16.1955 -94.0809 0 17.0683 -90.9973 0 18.0654 0.2368 0.5881 0.2525 0.5876 0.2401 0.5962
3 16 -89.0053 0 18.0723 -89.3176 0 16.212 -90.8188 0 16.1955 0.2313 0.5989 0.2301 0.5902 0.2368 0.5881
3 16 -90.8188 0 16.1955 -93.125 0 15.4127 -94.0809 0 17.0683 0.2368 0.5881 0.246 0.5815 0.2525 0.5876
3 16 -89.0053 0 18.0723 -88.6428 0 17.9953 -89.3176 0 16.212 0.2313 0.5989 0.2295 0.5991 0.2301 0.5902
3 16 -94.0809 0 17.0683 -93.125 0 15.4127 -94.953 0 13.8073 0.2525 0.5876 0.246 0.5815 0.2519 0.5719
3 16 -94.0809 0 17.0683 -94.953 0 13.8073 -96.5244 0 15.0374 0.2525 0.5876 0.2519 0.5719 0.2603 0.5751
3 16 -94.953 0 13.8073 -97.8836 0 12.1124 -96.5244 0 15.0374 0.2519 0.5719 0.2627 0.5604 0.2603 0.5751
3 16 -94.953 0 13.8073 -96.037 0 11.6176 -97.8836 0 12.1124 0.2519 0.5719 0.2538 0.5607 0.2627 0.5604
3 16 -97.8836 0 12.1124 -96.037 0 11.6176 -96.1965 0 9.1842 0.2627 0.5604 0.2538 0.5607 0.2512 0.5497
3 16 -97.8836 0 12.1124 -96.1965 0 9.1842 -98.0919 0 8.9347 0.2627 0.5604 0.2512 0.5497 0.2593 0.546
3 16 -98.0919 0 8.9347 -96.1965 0 9.1842 -95.4127 0 6.875 0.2593 0.546 0.2512 0.5497 0.2446 0.5405
3 16 -98.0919 0 8.9347 -95.4127 0 6.875 -97.0683 0 5.9191 0.2593 0.546 0.2446 0.5405 0.2507 0.534
3 16 -94.9622 0 3.5285 -97.0683 0 5.9191 -95.4127 0 6.875 0.2381 0.5262 0.2507 0.534 0.2446 0.5405
3 16 -94.9622 0 3.5285 -95.4127 0 6.875 -93.8019 0 5.0397 0.2381 0.5262 0.2446 0.5405 0.235 0.5345
3 16 -91.2929 0 1.9418 -94.9622 0 3.5285 -93.8019 0 5.0397 0.2196 0.5241 0.2381 0.5262 0.235 0.5345
3 16 -86.2532 0 13.1235 -89.3176 0 16.212 -88.6428 0 17.9953 0.2123 0.5807 0.2301 0.5902 0.2295 0.5991
3 16 -91.2929 0 1.9418 -93.8019 0 5.0397 -90.702 0 3.7767 0.2196 0.5241 0.235 0.5345 0.2195 0.5331
3 16 -86.2532 0 13.1235 -88.6428 0 17.9953 -83.7879 0 11.6693 0.2123 0.5807 0.2295 0.5991 0.1994 0.5775
3 16 -83.2083 -0.4585 12.5437 -83.7879 0 11.6693 -88.6428 0 17.9953 0.1977 0.5826 0.1994 0.5775 0.2295 0.5991
3 16 -86.5601 0 6.2275 -86.2532 0 13.1235 -83.7879 0 11.6693 0.2044 0.5496 0.2123 0.5807 0.1994 0.5775
3 16 -86.2532 0 13.1235 -86.5601 0 6.2275 -90.702 0 3.7767 0.2123 0.5807 0.2044 0.5496 0.2195 0.5331
3 16 -89.218 -0.0101 -2.6069 -90.702 0 3.7767 -86.5601 0 6.2275 0.2043 0.5067 0.2195 0.5331 0.2044 0.5496
3 16 -91.2929 0 1.9418 -90.702 0 3.7767 -89.218 -0.0101 -2.6069 0.2196 0.5241 0.2195 0.5331 0.2043 0.5067
3 16 -89.218 -0.0101 -2.6069 -92.2697 -0.0671 -2.1089 -91.2929 0 1.9418 0.2043 0.5067 0.2185 0.5047 0.2196 0.5241
3 16 -92.8851 0 -6.2716 -92.2697 -0.0671 -2.1089 -89.218 -0.0101 -2.6069 0.2156 0.4854 0.2185 0.5047 0.2043 0.5067
3 16 -92.8851 0 -6.2716 -89.218 -0.0101 -2.6069 -89.9956 0 -10 0.2156 0.4854 0.2043 0.5067 0.1977 0.4727
3 16 -92.8851 0 -6.2716 -89.9956 0 -10 -106.0597 0 -6.3126 0.2156 0.4854 0.1977 0.4727 0.2742 0.4674
3 16 -106.0597 0 -6.3126 -89.9956 0 -10 -109.9997 -0.0027 -10 0.2742 0.4674 0.1977 0.4727 0.2867 0.4457
3 16 -106.0597 0 -6.3126 -109.9997 -0.0027 -10 -109.2656 -0.0122 -1.1538 0.2742 0.4674 0.2867 0.4457 0.2954 0.486
3 16 -106.0597 0 -6.3126 -109.2656 -0.0122 -1.1538 -106.018 -0.0103 2.927 0.2742 0.4674 0.2954 0.486 0.2865 0.5086
3 16 -106.3454 -0.0002 10.2132 -106.018 -0.0103 2.927 -109.2656 -0.0122 -1.1538 0.2978 0.5405 0.2865 0.5086 0.2954 0.486
3 16 -105.0708 -0.0058 4.617 -106.018 -0.0103 2.927 -106.3454 -0.0002 10.2132 0.2845 0.5174 0.2865 0.5086 0.2978 0.5405
3 16 -105.0708 -0.0058 4.617 -106.3454 -0.0002 10.2132 -103.6755 0 5.9609 0.2845 0.5174 0.2978 0.5405 0.2802 0.5252
3 16 -103.6755 0 5.9609 -106.3454 -0.0002 10.2132 -101.2818 -0.0062 12.4752 0.2802 0.5252 0.2978 0.5405 0.2783 0.5574
3 16 -105.2946 -0.0002 13.2666 -101.2818 -0.0062 12.4752 -106.3454 -0.0002 10.2132 0.2972 0.5555 0.2783 0.5574 0.2978 0.5405
3 16 -105.2946 -0.0002 13.2666 -104.8569 -0.4165 14.2255 -101.2818 -0.0062 12.4752 0.2972 0.5555 0.2966 0.5608 0.2783 0.5574
3 16 -83.065 -5.25 34.2593 -86.3099 -3.8435 37.2026 -85.6998 -4.9071 37.4579 0.0797 0.4851 0.0724 0.4649 0.0782 0.4658
3 16 -83.065 -5.25 34.2593 -86.843 -1.1552 37.1737 -86.3099 -3.8435 37.2026 0.0797 0.4851 0.0597 0.4637 0.0724 0.4649
3 16 -83.065 -5.25 34.2593 -82.222 0 32.3489 -86.843 -1.1552 37.1737 0.0797 0.4851 0.0553 0.4949 0.0597 0.4637
3 16 -82.222 0 32.3489 -87.3394 -0.3696 36.9295 -86.843 -1.1552 37.1737 0.0553 0.4949 0.0553 0.4629 0.0597 0.4637
3 16 -104.8569 -0.4165 14.2255 -104.5377 -1.5096 14.6751 -101.2818 -0.0062 12.4752 0.5454 0.5376 0.5511 0.538 0.5438 0.5561
3 16 -101.2818 -0.0062 12.4752 -104.5377 -1.5096 14.6751 -104.1863 -3.774 14.827 0.5438 0.5561 0.5511 0.538 0.5617 0.5391
3 16 -101.2818 -0.0062 12.4752 -104.1863 -3.774 14.827 -100.9735 -5.25 13.1426 0.5438 0.5561 0.5617 0.5391 0.5684 0.5561
3 16 -104.1863 -3.774 14.827 -103.8065 -4.8708 15.2655 -100.9735 -5.25 13.1426 0.5617 0.5391 0.5674 0.5397 0.5684 0.5561
3 16 -72.4842 -0.5373 23.0815 -75.4642 -0.0055 25.5222 -71.7001 0 23.7655 0.7186 0.1334 0.705 0.1215 0.7226 0.1298
3 16 -71.7001 0 23.7655 -75.4642 -0.0055 25.5222 -73.8894 -0.0125 26.6572 0.7226 0.1298 0.705 0.1215 0.7124 0.1163
3 16 -73.8894 -0.0125 26.6572 -70.714 -0.0007 27.682 -71.7001 0 23.7655 0.7124 0.1163 0.7272 0.1116 0.7226 0.1298
3 16 -70.714 -0.0007 27.682 -66.2732 0 26.5401 -71.7001 0 23.7655 0.7272 0.1116 0.7478 0.1169 0.7226 0.1298
3 16 -75.5116 -0.0046 35.6778 -70.714 -0.0007 27.682 -73.8894 -0.0125 26.6572 0.7049 0.0743 0.7272 0.1116 0.7124 0.1163
3 16 -75.5116 -0.0046 35.6778 -73.8894 -0.0125 26.6572 -78.3003 -0.0431 34.0088 0.7049 0.0743 0.7124 0.1163 0.6919 0.0821
3 16 -81.9081 -5.2219 31.0653 -82.222 0 32.3489 -83.065 -5.25 34.2593 0.9033 0.4427 0.9276 0.4488 0.9032 0.4584
3 16 -81.9081 -5.2219 31.0653 -81.9081 -0.0141 31.0653 -82.222 0 32.3489 0.9033 0.4427 0.9275 0.4426 0.9276 0.4488
3 16 -81.9081 -5.2219 31.0653 -82.1164 -0.0141 27.8876 -81.9081 -0.0141 31.0653 0.9033 0.4427 0.9275 0.4278 0.9275 0.4426
3 16 -81.9081 -5.2219 31.0653 -82.1164 -5.2219 27.8876 -82.1164 -0.0141 27.8876 0.9033 0.4427 0.9033 0.4278 0.9275 0.4278
3 16 -82.1164 -5.2219 27.8876 -83.5249 -0.0141 25.0315 -82.1164 -0.0141 27.8876 0.9033 0.4278 0.9275 0.413 0.9275 0.4278
3 16 -82.1164 -5.2219 27.8876 -83.5249 -5.2219 25.0315 -83.5249 -0.0141 25.0315 0.9033 0.4278 0.9032 0.413 0.9275 0.413
3 16 -83.5249 -5.2219 25.0315 -85.9191 -0.0141 22.9317 -83.5249 -0.0141 25.0315 0.9032 0.413 0.9274 0.3982 0.9275 0.413
3 16 -83.5249 -5.2219 25.0315 -85.9191 -5.2219 22.9317 -85.9191 -0.0141 22.9317 0.9032 0.413 0.9032 0.3982 0.9274 0.3982
3 16 -88.9347 -5.2219 21.9081 -85.9191 -0.0141 22.9317 -85.9191 -5.2219 22.9317 0.9032 0.3834 0.9274 0.3982 0.9032 0.3982
3 16 -88.9347 -5.2219 21.9081 -89.009 0 21.9445 -85.9191 -0.0141 22.9317 0.9032 0.3834 0.9275 0.3831 0.9274 0.3982
3 16 -78.3003 -0.0431 34.0088 -75.5352 -5.25 35.6844 -75.5116 -0.0046 35.6778 0.3503 0.7453 0.3261 0.7302 0.3505 0.7302
3 16 -78.3003 -0.0431 34.0088 -78.292 -5.235 33.995 -75.5352 -5.25 35.6844 0.3503 0.7453 0.3262 0.7453 0.3261 0.7302
3 16 -68.9992 -5.25 28.5792 -70.714 -0.0007 27.682 -70.7141 -5.2492 27.6819 0.2216 0.0426 0.246 0.0516 0.2216 0.0516
3 16 -68.9992 -5.25 28.5792 -68.9609 0 28.5883 -70.714 -0.0007 27.682 0.2216 0.0426 0.246 0.0424 0.246 0.0516
3 16 -75.5116 -0.0046 35.6778 -70.7141 -5.2492 27.6819 -70.714 -0.0007 27.682 0.1599 0.6717 0.2032 0.6473 0.2032 0.6717
3 16 -75.5116 -0.0046 35.6778 -75.5352 -5.25 35.6844 -70.7141 -5.2492 27.6819 0.1599 0.6717 0.1598 0.6473 0.2032 0.6473
3 16 -68.9625 -5.2324 42.6572 -68.9609 0 28.5883 -68.9992 -5.25 28.5792 0.0449 0.5265 0.0206 0.4611 0.045 0.461
3 16 -68.9625 -5.2324 42.6572 -68.9477 0 42.6781 -68.9609 0 28.5883 0.0449 0.5265 0.0206 0.5266 0.0206 0.4611
3 16 -64.713 -5.25 31.1307 -65.6894 -5.25 30.9221 -66.2426 -5.25 31.9057 0.3785 0.6099 0.3795 0.6144 0.3749 0.617
3 16 -64.713 -5.25 31.1307 -66.2426 -5.25 31.9057 -62.325 -5.25 33.525 0.3785 0.6099 0.3749 0.617 0.3674 0.5988
3 16 -66.2426 -5.25 31.9057 -66.2426 -5.25 43.9082 -62.325 -5.25 33.525 0.3749 0.617 0.3191 0.617 0.3674 0.5988
3 16 -66.2426 -5.25 43.9082 -65.5339 -5.25 45.2985 -62.325 -5.25 33.525 0.3191 0.617 0.3126 0.6137 0.3674 0.5988
3 16 -62.325 -5.25 33.525 -65.5339 -5.25 45.2985 -64.25 -5.25 46.025 0.3674 0.5988 0.3126 0.6137 0.3092 0.6077
3 16 -50 -5.25 46.025 -62.325 -5.25 33.525 -64.25 -5.25 46.025 0.3092 0.5415 0.3674 0.5988 0.3092 0.6077
3 16 -50 -5.25 46.025 -50 -5.25 33.525 -62.325 -5.25 33.525 0.3092 0.5415 0.3674 0.5415 0.3674 0.5988
3 16 -37.675 -5.25 33.525 -50 -5.25 33.525 -50 -5.25 46.025 0.3674 0.4842 0.3674 0.5415 0.3092 0.5415
3 16 -37.675 -5.25 33.525 -50 -5.25 46.025 -35.75 -5.25 46.025 0.3674 0.4842 0.3092 0.5415 0.3092 0.4752
3 16 -34.4661 -5.25 45.2985 -37.675 -5.25 33.525 -35.75 -5.25 46.025 0.3126 0.4692 0.3674 0.4842 0.3092 0.4752
3 16 -34.4661 -5.25 45.2985 -33.7574 -5.25 43.9082 -37.675 -5.25 33.525 0.3126 0.4692 0.3191 0.466 0.3674 0.4842
3 16 -33.7574 -5.25 43.9082 -33.7574 -5.25 31.9057 -37.675 -5.25 33.525 0.3191 0.466 0.3749 0.466 0.3674 0.4842
3 16 -33.7574 -5.25 31.9057 -35.287 -5.25 31.1307 -37.675 -5.25 33.525 0.3749 0.466 0.3785 0.4731 0.3674 0.4842
3 16 -33.7574 -5.25 31.9057 -34.3106 -5.25 30.9221 -35.287 -5.25 31.1307 0.3749 0.466 0.3795 0.4685 0.3785 0.4731
3 16 -64.713 0 31.1307 -62.325 -5.25 33.525 -62.325 0 33.525 0.9901 0.0235 0.9653 0.0085 0.9897 0.0078
3 16 -64.713 0 31.1307 -64.713 -5.25 31.1307 -62.325 -5.25 33.525 0.9901 0.0235 0.9657 0.0242 0.9653 0.0085
3 16 -64.713 -5.25 31.1307 -64.713 0 31.1307 -65.6894 0 30.9221 0.9657 0.0242 0.9901 0.0235 0.9903 0.0284
3 16 -64.713 -5.25 31.1307 -65.6894 0 30.9221 -65.6894 -5.25 30.9221 0.9657 0.0242 0.9903 0.0284 0.9659 0.0291
3 16 -65.6894 0 30.9221 -66.2426 -5.25 31.9057 -65.6894 -5.25 30.9221 0.9903 0.0284 0.966 0.0347 0.9659 0.0291
3 16 -65.6894 0 30.9221 -66.2426 0 31.9057 -66.2426 -5.25 31.9057 0.9903 0.0284 0.9904 0.0341 0.966 0.0347
3 16 -66.2426 0 31.9057 -66.2426 -5.25 43.9082 -66.2426 -5.25 31.9057 0.9904 0.0341 0.9675 0.0905 0.966 0.0347
3 16 -66.2426 0 31.9057 -66.2426 0 43.9082 -66.2426 -5.25 43.9082 0.9904 0.0341 0.9919 0.0898 0.9675 0.0905
3 16 -66.2426 0 43.9082 -65.5339 -5.25 45.2985 -66.2426 -5.25 43.9082 0.9919 0.0898 0.9677 0.0978 0.9675 0.0905
3 16 -66.2426 0 43.9082 -65.6642 0 45.4392 -65.5339 -5.25 45.2985 0.9919 0.0898 0.9921 0.0975 0.9677 0.0978
3 16 -65.5339 -5.25 45.2985 -65.6642 0 45.4392 -64.25 0 46.025 0.9677 0.0978 0.9921 0.0975 0.9922 0.1048
3 16 -65.5339 -5.25 45.2985 -64.25 0 46.025 -64.25 -5.25 46.025 0.9677 0.0978 0.9922 0.1048 0.9677 0.1048
3 16 -64.25 0 46.025 -50 -5.25 46.025 -64.25 -5.25 46.025 0.9922 0.1048 0.9678 0.171 0.9677 0.1048
3 16 -64.25 0 46.025 -50 0 46.025 -50 -5.25 46.025 0.9922 0.1048 0.9922 0.171 0.9678 0.171
3 16 -50 -5.25 46.025 -50 0 46.025 -35.75 0 46.025 0.9678 0.171 0.9922 0.171 0.9922 0.2373
3 16 -50 -5.25 46.025 -35.75 0 46.025 -35.75 -5.25 46.025 0.9678 0.171 0.9922 0.2373 0.9678 0.2373
3 16 -35.75 0 46.025 -34.4661 -5.25 45.2985 -35.75 -5.25 46.025 0.9922 0.2373 0.9677 0.2443 0.9678 0.2373
3 16 -35.75 0 46.025 -34.3358 0 45.4392 -34.4661 -5.25 45.2985 0.9922 0.2373 0.9922 0.2445 0.9677 0.2443
3 16 -33.7574 0 43.9082 -34.4661 -5.25 45.2985 -34.3358 0 45.4392 0.992 0.2523 0.9677 0.2443 0.9922 0.2445
3 16 -33.7574 0 43.9082 -33.7574 -5.25 43.9082 -34.4661 -5.25 45.2985 0.992 0.2523 0.9676 0.2516 0.9677 0.2443
3 16 -33.7574 -5.25 43.9082 -33.7574 0 43.9082 -33.7574 0 31.9057 0.9676 0.2516 0.992 0.2523 0.9905 0.308
3 16 -33.7574 -5.25 43.9082 -33.7574 0 31.9057 -33.7574 -5.25 31.9057 0.9676 0.2516 0.9905 0.308 0.9661 0.3074
3 16 -33.7574 -5.25 31.9057 -33.7574 0 31.9057 -34.3106 0 30.9221 0.9661 0.3074 0.9905 0.308 0.9903 0.3136
3 16 -33.7574 -5.25 31.9057 -34.3106 0 30.9221 -34.3106 -5.25 30.9221 0.9661 0.3074 0.9903 0.3136 0.9659 0.313
3 16 -34.3106 0 30.9221 -35.287 -5.25 31.1307 -34.3106 -5.25 30.9221 0.9903 0.3136 0.9658 0.3179 0.9659 0.313
3 16 -34.3106 0 30.9221 -35.287 0 31.1307 -35.287 -5.25 31.1307 0.9903 0.3136 0.9902 0.3186 0.9658 0.3179
3 16 -37.675 -5.25 33.525 -35.287 -5.25 31.1307 -35.287 0 31.1307 0.9654 0.3336 0.9658 0.3179 0.9902 0.3186
3 16 -37.675 -5.25 33.525 -35.287 0 31.1307 -37.675 0 33.525 0.9654 0.3336 0.9902 0.3186 0.9898 0.3343
3 16 -92.8753 -5.1426 -6.2283 -106.0597 -5.1426 -6.3125 -92.2309 -5.1426 -1.9097 0.1812 0.6363 0.1201 0.6377 0.1838 0.6161
3 16 -92.2309 -5.1426 -1.9097 -106.0597 -5.1426 -6.3125 -94.9749 -5.2336 3.5212 0.1838 0.6161 0.1201 0.6377 0.1705 0.5911
3 16 -91.3761 -5.1426 1.8941 -92.2309 -5.1426 -1.9097 -94.9749 -5.2336 3.5212 0.1874 0.5984 0.1838 0.6161 0.1705 0.5911
3 16 -106.0597 -5.1426 -6.3125 -97.0683 -5.25 5.9191 -94.9749 -5.2336 3.5212 0.1201 0.6377 0.1606 0.5802 0.1705 0.5911
3 16 -103.6666 -5.1426 5.9525 -97.0683 -5.25 5.9191 -106.0597 -5.1426 -6.3125 0.1298 0.5807 0.1606 0.5802 0.1201 0.6377
3 16 -98.0919 -5.25 8.9347 -97.0683 -5.25 5.9191 -103.6666 -5.1426 5.9525 0.1554 0.5663 0.1606 0.5802 0.1298 0.5807
3 16 -106.0597 -5.1426 -6.3125 -105.0815 -5.1426 4.6032 -103.6666 -5.1426 5.9525 0.1201 0.6377 0.1234 0.5872 0.1298 0.5807
3 16 -106.0597 -5.1426 -6.3125 -106.018 -5.1426 2.927 -105.0815 -5.1426 4.6032 0.1201 0.6377 0.1193 0.595 0.1234 0.5872
3 16 -98.0919 -5.25 8.9347 -103.6666 -5.1426 5.9525 -100.9735 -5.25 13.1426 0.1554 0.5663 0.1298 0.5807 0.1416 0.547
3 16 -97.8836 -5.25 12.1124 -98.0919 -5.25 8.9347 -100.9735 -5.25 13.1426 0.1561 0.5515 0.1554 0.5663 0.1416 0.547
3 16 -97.8836 -5.25 12.1124 -100.9735 -5.25 13.1426 -96.4259 -5.1772 14.8997 0.1561 0.5515 0.1416 0.547 0.1621 0.5384
3 16 -94.0809 -5.25 17.0683 -96.4259 -5.1772 14.8997 -100.9735 -5.25 13.1426 0.1732 0.5281 0.1621 0.5384 0.1416 0.547
3 16 -100.9735 -5.25 13.1426 -100.9195 -5.25 20.3867 -94.0809 -5.25 17.0683 0.1416 0.547 0.1411 0.5133 0.1732 0.5281
3 16 -100.9735 -5.25 13.1426 -103.205 -5.25 16.3438 -100.9195 -5.25 20.3867 0.1416 0.547 0.1309 0.5324 0.1411 0.5133
3 16 -100.9735 -5.25 13.1426 -103.8065 -4.8708 15.2655 -103.205 -5.25 16.3438 0.1416 0.547 0.128 0.5376 0.1309 0.5324
3 16 -94.2202 -5.25 23.0572 -94.0809 -5.25 17.0683 -100.9195 -5.25 20.3867 0.172 0.5002 0.1732 0.5281 0.1411 0.5133
3 16 -94.2202 -5.25 23.0572 -100.9195 -5.25 20.3867 -98.0326 -5.2499 24.8836 0.172 0.5002 0.1411 0.5133 0.154 0.4921
3 16 -98.0326 -5.2499 24.8836 -97.4122 -4.8154 25.8686 -94.2202 -5.25 23.0572 0.154 0.4921 0.157 0.4872 0.172 0.5002
3 16 -91.0507 -5.2219 21.9435 -94.0809 -5.25 17.0683 -94.2202 -5.25 23.0572 0.1868 0.5051 0.1732 0.5281 0.172 0.5002
3 16 -91.0507 -5.2219 21.9435 -91.0041 -5.25 18.0678 -94.0809 -5.25 17.0683 0.1868 0.5051 0.1874 0.5231 0.1732 0.5281
3 16 -89.9956 0 -10 -89.2277 -7.9748 -2.6586 -89.9846 -8 -10 0.9863 0.3819 0.9496 0.4167 0.9491 0.3824
3 16 -89.9956 0 -10 -89.218 -0.0101 -2.6069 -89.2277 -7.9748 -2.6586 0.9863 0.3819 0.9866 0.4166 0.9496 0.4167
3 16 -89.218 -0.0101 -2.6069 -86.5569 -7.974 6.2347 -89.2277 -7.9748 -2.6586 0.9866 0.4166 0.9501 0.46 0.9496 0.4167
3 16 -89.218 -0.0101 -2.6069 -86.5601 0 6.2275 -86.5569 -7.974 6.2347 0.9866 0.4166 0.9872 0.4596 0.9501 0.46
3 16 -83.7879 0 11.6693 -86.5569 -7.974 6.2347 -86.5601 0 6.2275 0.9875 0.4879 0.9501 0.46 0.9872 0.4596
3 16 -83.7879 0 11.6693 -83.2083 -0.4585 12.5437 -86.5569 -7.974 6.2347 0.9875 0.4879 0.9854 0.4928 0.9501 0.46
3 16 -86.5569 -7.974 6.2347 -83.2083 -0.4585 12.5437 -82.922 -1.3336 12.9581 0.9501 0.46 0.9854 0.4928 0.9814 0.4952
3 16 -84.0291 -8 11.0633 -86.5569 -7.974 6.2347 -82.922 -1.3336 12.9581 0.9503 0.4854 0.9501 0.46 0.9814 0.4952
3 16 -84.0291 -8 11.0633 -82.922 -1.3336 12.9581 -82.7253 -3.8703 13.236 0.9503 0.4854 0.9814 0.4952 0.9696 0.4969
3 16 -82.7253 -3.8703 13.236 -82.3463 -4.9534 13.759 -84.0291 -8 11.0633 0.9696 0.4969 0.9646 0.5 0.9503 0.4854
3 16 -80.8571 -7.981 15.4503 -84.0291 -8 11.0633 -82.3463 -4.9534 13.759 0.9506 0.5105 0.9503 0.4854 0.9646 0.5
3 16 -80.8571 -7.981 15.4503 -82.3463 -4.9534 13.759 -81.611 -5.25 14.5018 0.9506 0.5105 0.9646 0.5 0.9633 0.5048
3 16 -74.5685 -5.25 21.5656 -80.8571 -7.981 15.4503 -81.611 -5.25 14.5018 0.9636 0.5513 0.9506 0.5105 0.9633 0.5048
3 16 -74.5685 -5.25 21.5656 -75.4974 -8 20.8183 -80.8571 -7.981 15.4503 0.9636 0.5513 0.9507 0.5458 0.9506 0.5105
3 16 -75.4974 -8 20.8183 -74.5685 -5.25 21.5656 -73.8257 -4.9534 22.3009 0.9507 0.5458 0.9636 0.5513 0.9651 0.5561
3 16 -75.4974 -8 20.8183 -73.8257 -4.9534 22.3009 -71.1291 -8 24.1237 0.9507 0.5458 0.9651 0.5561 0.9509 0.5713
3 16 -73.8257 -4.9534 22.3009 -73.2551 -3.9525 22.5442 -71.1291 -8 24.1237 0.9651 0.5561 0.9697 0.559 0.9509 0.5713
3 16 -71.0375 -1.5629 24.0196 -71.1291 -8 24.1237 -73.2551 -3.9525 22.5442 0.9808 0.5713 0.9509 0.5713 0.9697 0.559
3 16 -71.0375 -1.5629 24.0196 -73.2551 -3.9525 22.5442 -72.9674 -1.4469 22.7488 0.9808 0.5713 0.9697 0.559 0.9813 0.5606
3 16 -71.0375 -1.5629 24.0196 -72.9674 -1.4469 22.7488 -72.4842 -0.5373 23.0815 0.9808 0.5713 0.9813 0.5606 0.9856 0.5633
3 16 -71.0375 -1.5629 24.0196 -72.4842 -0.5373 23.0815 -71.7001 0 23.7655 0.9808 0.5713 0.9856 0.5633 0.9881 0.5681
3 16 -66.2732 -8 26.5401 -71.1291 -8 24.1237 -71.0375 -1.5629 24.0196 0.9509 0.5964 0.9509 0.5713 0.9808 0.5713
3 16 -71.0375 -1.5629 24.0196 -71.7001 0 23.7655 -66.2732 0 26.5401 0.9808 0.5713 0.9881 0.5681 0.9881 0.5964
3 16 -71.0375 -1.5629 24.0196 -66.2732 0 26.5401 -66.2732 -8 26.5401 0.9808 0.5713 0.9881 0.5964 0.9509 0.5964
3 16 -66.2732 0 26.5401 -57.1748 -8 29.2657 -66.2732 -8 26.5401 0.9881 0.5964 0.9509 0.6407 0.9509 0.5964
3 16 -66.2732 0 26.5401 -57.1748 0 29.2657 -57.1748 -8 29.2657 0.9881 0.5964 0.9881 0.6407 0.9509 0.6407
3 16 -57.1748 -8 29.2657 -57.1748 0 29.2657 -50 0 30.0687 0.9509 0.6407 0.9881 0.6407 0.9882 0.6743
3 16 -57.1748 -8 29.2657 -50 0 30.0687 -50 -8 30.0688 0.9509 0.6407 0.9882 0.6743 0.9509 0.6743
3 16 -50 0 30.0687 -42.8252 -8 29.2657 -50 -8 30.0688 0.9882 0.6743 0.9509 0.7079 0.9509 0.6743
3 16 -50 0 30.0687 -42.8252 0 29.2657 -42.8252 -8 29.2657 0.9882 0.6743 0.9881 0.7079 0.9509 0.7079
3 16 -42.8252 -8 29.2657 -42.8252 0 29.2657 -33.7268 0 26.5401 0.9509 0.7079 0.9881 0.7079 0.9881 0.7522
3 16 -42.8252 -8 29.2657 -33.7268 0 26.5401 -33.7268 -8 26.5401 0.9509 0.7079 0.9881 0.7522 0.9509 0.7521
3 16 -28.9626 -1.5629 24.0196 -33.7268 -8 26.5401 -33.7268 0 26.5401 0.9808 0.7772 0.9509 0.7521 0.9881 0.7522
3 16 -28.9626 -1.5629 24.0196 -33.7268 0 26.5401 -28.2999 0 23.7655 0.9808 0.7772 0.9881 0.7522 0.9881 0.7805
3 16 -27.5158 -0.5373 23.0815 -28.9626 -1.5629 24.0196 -28.2999 0 23.7655 0.9855 0.7853 0.9808 0.7772 0.9881 0.7805
3 16 -27.5158 -0.5373 23.0815 -27.0326 -1.4469 22.7488 -28.9626 -1.5629 24.0196 0.9855 0.7853 0.9813 0.788 0.9808 0.7772
3 16 -26.7449 -3.9525 22.5442 -28.9626 -1.5629 24.0196 -27.0326 -1.4469 22.7488 0.9697 0.7896 0.9808 0.7772 0.9813 0.788
3 16 -28.8709 -8 24.1237 -33.7268 -8 26.5401 -28.9626 -1.5629 24.0196 0.9508 0.7773 0.9509 0.7521 0.9808 0.7772
3 16 -26.7449 -3.9525 22.5442 -28.8709 -8 24.1237 -28.9626 -1.5629 24.0196 0.9697 0.7896 0.9508 0.7773 0.9808 0.7772
3 16 -26.7449 -3.9525 22.5442 -26.1743 -4.9534 22.3009 -28.8709 -8 24.1237 0.9697 0.7896 0.9651 0.7925 0.9508 0.7773
3 16 -24.5026 -8 20.8183 -28.8709 -8 24.1237 -26.1743 -4.9534 22.3009 0.9507 0.8027 0.9508 0.7773 0.9651 0.7925
3 16 -24.5026 -8 20.8183 -26.1743 -4.9534 22.3009 -25.4315 -5.25 21.5656 0.9507 0.8027 0.9651 0.7925 0.9636 0.7973
3 16 -25.4315 -5.25 21.5656 -19.1429 -7.981 15.4503 -24.5026 -8 20.8183 0.9636 0.7973 0.9506 0.8381 0.9507 0.8027
3 16 -25.4315 -5.25 21.5656 -18.389 -5.25 14.5018 -19.1429 -7.981 15.4503 0.9636 0.7973 0.9632 0.8438 0.9506 0.8381
3 16 -17.6537 -4.9534 13.759 -19.1429 -7.981 15.4503 -18.389 -5.25 14.5018 0.9646 0.8486 0.9506 0.8381 0.9632 0.8438
3 16 -17.6537 -4.9534 13.759 -15.9709 -8 11.0633 -19.1429 -7.981 15.4503 0.9646 0.8486 0.9503 0.8632 0.9506 0.8381
3 16 -17.6537 -4.9534 13.759 -17.2747 -3.8703 13.236 -15.9709 -8 11.0633 0.9646 0.8486 0.9696 0.8517 0.9503 0.8632
3 16 -15.9709 -8 11.0633 -17.2747 -3.8703 13.236 -17.078 -1.3336 12.9581 0.9503 0.8632 0.9696 0.8517 0.9814 0.8534
3 16 -15.9709 -8 11.0633 -17.078 -1.3336 12.9581 -13.4431 -7.974 6.2347 0.9503 0.8632 0.9814 0.8534 0.9501 0.8886
3 16 -16.7917 -0.4585 12.5437 -13.4431 -7.974 6.2347 -17.078 -1.3336 12.9581 0.9854 0.8557 0.9501 0.8886 0.9814 0.8534
3 16 -16.7917 -0.4585 12.5437 -16.2121 0 11.6693 -13.4431 -7.974 6.2347 0.9854 0.8557 0.9875 0.8606 0.9501 0.8886
3 16 -13.4431 -7.974 6.2347 -16.2121 0 11.6693 -13.44 0 6.2275 0.9501 0.8886 0.9875 0.8606 0.9872 0.889
3 16 -13.4431 -7.974 6.2347 -13.44 0 6.2275 -10.782 -0.0101 -2.6069 0.9501 0.8886 0.9872 0.889 0.9866 0.932
3 16 -13.4431 -7.974 6.2347 -10.782 -0.0101 -2.6069 -10.7723 -7.9748 -2.6586 0.9501 0.8886 0.9866 0.932 0.9496 0.9318
3 16 -10.7723 -7.9748 -2.6586 -10.782 -0.0101 -2.6069 -10.0044 0 -10 0.9496 0.9318 0.9866 0.932 0.9863 0.9666
3 16 -10.7723 -7.9748 -2.6586 -10.0044 0 -10 -10.0154 -8 -10 0.9496 0.9318 0.9863 0.9666 0.9491 0.9662
3 16 -75.4642 -0.0055 25.5222 -73.9055 -5.2377 26.6412 -73.8894 -0.0125 26.6572 0.0168 0.1003 0.0078 0.1246 0.0078 0.1003
3 16 -75.4642 -0.0055 25.5222 -76.101 -5.25 25.0802 -73.9055 -5.2377 26.6412 0.0168 0.1003 0.0203 0.1247 0.0078 0.1246
3 16 -78.3003 -0.0431 34.0088 -73.9055 -5.2377 26.6412 -78.292 -5.235 33.995 0.1598 0.6819 0.1997 0.7062 0.1598 0.7061
3 16 -78.3003 -0.0431 34.0088 -73.8894 -0.0125 26.6572 -73.9055 -5.2377 26.6412 0.1598 0.6819 0.1997 0.6819 0.1997 0.7062
3 16 -76.101 -5.25 25.0802 -73.2551 -3.9525 22.5442 -73.8257 -4.9534 22.3009 0.0258 0.5368 0.0082 0.5433 0.0091 0.5379
3 16 -75.4642 -0.0055 25.5222 -73.2551 -3.9525 22.5442 -76.101 -5.25 25.0802 0.0258 0.5614 0.0082 0.5433 0.0258 0.5368
3 16 -75.4642 -0.0055 25.5222 -72.9674 -1.4469 22.7488 -73.2551 -3.9525 22.5442 0.0258 0.5614 0.0082 0.5551 0.0082 0.5433
3 16 -72.4842 -0.5373 23.0815 -72.9674 -1.4469 22.7488 -75.4642 -0.0055 25.5222 0.0078 0.5601 0.0082 0.5551 0.0258 0.5614
3 16 -68.9625 -5.2324 42.6572 -72.4835 0 41.2974 -68.9477 0 42.6781 0.4859 0.4816 0.5102 0.464 0.5103 0.4816
3 16 -68.9625 -5.2324 42.6572 -73.1451 -5.25 40.9761 -72.4835 0 41.2974 0.4859 0.4816 0.4858 0.4607 0.5102 0.464
3 16 -96.9138 -0.3658 27.3595 -92.3062 -0.0141 22.2094 -97.2252 -1.4242 26.8133 0.7879 0.1217 0.7879 0.1539 0.7822 0.1224
3 16 -94.2202 -5.25 23.0572 -97.2252 -1.4242 26.8133 -92.3062 -0.0141 22.2094 0.7636 0.1441 0.7822 0.1224 0.7879 0.1539
3 16 -94.2202 -5.25 23.0572 -97.2231 -3.7426 26.3731 -97.2252 -1.4242 26.8133 0.7636 0.1441 0.7713 0.1235 0.7822 0.1224
3 16 -94.2202 -5.25 23.0572 -97.4122 -4.8154 25.8686 -97.2231 -3.7426 26.3731 0.7636 0.1441 0.7658 0.1243 0.7713 0.1235
3 16 -86.314 -5.2219 33.5797 -91.1457 -5.2219 23.8342 -93.5825 -5.2219 26.3108 0.0089 0.1371 0.0251 0.1848 0.009 0.1849
3 16 -86.314 -5.2219 33.5797 -89.1842 -5.2219 23.8035 -91.1457 -5.2219 23.8342 0.0089 0.1371 0.0317 0.1786 0.0251 0.1848
3 16 -86.314 -5.2219 33.5797 -86.875 -5.2219 24.5874 -89.1842 -5.2219 23.8035 0.0089 0.1371 0.0367 0.1684 0.0317 0.1786
3 16 -86.314 -5.2219 33.5797 -85.0415 -5.2219 26.1953 -86.875 -5.2219 24.5874 0.0089 0.1371 0.0374 0.1571 0.0367 0.1684
3 16 -83.8524 -5.2219 31.1264 -85.0415 -5.2219 26.1953 -86.314 -5.2219 33.5797 0.025 0.137 0.0374 0.1571 0.0089 0.1371
3 16 -83.8524 -5.2219 31.1264 -83.963 -5.2219 28.3824 -85.0415 -5.2219 26.1953 0.025 0.137 0.0337 0.1464 0.0374 0.1571
3 16 -83.963 -5.2219 28.3824 -83.8524 -5.2219 31.1264 -83.8505 -0.0141 31.1154 0.4996 0.4263 0.5124 0.4263 0.5124 0.4505
3 16 -83.963 -5.2219 28.3824 -83.8505 -0.0141 31.1154 -83.963 -0.0141 28.3824 0.4996 0.4263 0.5124 0.4505 0.4996 0.4505
3 16 -83.963 -0.0141 28.3824 -85.0415 -5.2219 26.1953 -83.963 -5.2219 28.3824 0.4996 0.4505 0.4883 0.4263 0.4996 0.4263
3 16 -83.963 -0.0141 28.3824 -85.0415 -0.0141 26.1953 -85.0415 -5.2219 26.1953 0.4996 0.4505 0.4883 0.4505 0.4883 0.4263
3 16 -86.875 -0.0141 24.5874 -85.0415 -5.2219 26.1953 -85.0415 -0.0141 26.1953 0.477 0.4505 0.4883 0.4263 0.4883 0.4505
3 16 -86.875 -0.0141 24.5874 -86.875 -5.2219 24.5874 -85.0415 -5.2219 26.1953 0.477 0.4505 0.477 0.4263 0.4883 0.4263
3 16 -89.1842 -0.0141 23.8035 -86.875 -5.2219 24.5874 -86.875 -0.0141 24.5874 0.4656 0.4505 0.477 0.4263 0.477 0.4505
3 16 -89.1842 -0.0141 23.8035 -89.1842 -5.2219 23.8035 -86.875 -5.2219 24.5874 0.4656 0.4505 0.4656 0.4263 0.477 0.4263
3 16 -91.1457 -5.2219 23.8342 -89.1842 -5.2219 23.8035 -89.1842 -0.0141 23.8035 0.4566 0.4263 0.4656 0.4263 0.4656 0.4505
3 16 -91.1457 -5.2219 23.8342 -89.1842 -0.0141 23.8035 -91.1568 -0.0141 23.8404 0.4566 0.4263 0.4656 0.4505 0.4565 0.4505
3 16 -86.3018 -0.0141 33.585 -83.8524 -5.2219 31.1264 -86.314 -5.2219 33.5797 0.5575 0.7278 0.5333 0.744 0.5332 0.7278
3 16 -86.3018 -0.0141 33.585 -83.8505 -0.0141 31.1154 -83.8524 -5.2219 31.1264 0.5575 0.7278 0.5575 0.744 0.5333 0.744
3 16 -89.3135 -5.2271 16.2078 -90.8188 0 16.1955 -89.3176 0 16.212 0.5227 0.4176 0.5297 0.4419 0.5228 0.4419
3 16 -89.3135 -5.2271 16.2078 -90.8158 -5.2271 16.1965 -90.8188 0 16.1955 0.5227 0.4176 0.5297 0.4176 0.5297 0.4419
3 16 -90.8158 -5.2271 16.1965 -93.125 0 15.4127 -90.8188 0 16.1955 0.5297 0.4176 0.5411 0.4419 0.5297 0.4419
3 16 -90.8158 -5.2271 16.1965 -93.125 -5.2271 15.4127 -93.125 0 15.4127 0.5297 0.4176 0.5411 0.4176 0.5411 0.4419
3 16 -94.953 0 13.8073 -93.125 0 15.4127 -93.125 -5.2271 15.4127 0.5524 0.4419 0.5411 0.4419 0.5411 0.4176
3 16 -94.953 0 13.8073 -93.125 -5.2271 15.4127 -94.9639 -5.2271 13.8022 0.5524 0.4419 0.5411 0.4176 0.5524 0.4176
3 16 -94.9639 -5.2271 13.8022 -96.037 0 11.6176 -94.953 0 13.8073 0.5524 0.4176 0.5637 0.4419 0.5524 0.4419
3 16 -94.9639 -5.2271 13.8022 -96.037 -5.2271 11.6176 -96.037 0 11.6176 0.5524 0.4176 0.5637 0.4176 0.5637 0.4419
3 16 -96.037 0 11.6176 -96.037 -5.2271 11.6176 -96.1965 -5.2271 9.1842 0.5637 0.4419 0.5637 0.4176 0.5751 0.4176
3 16 -96.037 0 11.6176 -96.1965 -5.2271 9.1842 -96.1965 0 9.1842 0.5637 0.4419 0.5751 0.4176 0.5751 0.4419
3 16 -96.1965 0 9.1842 -96.1965 -5.2271 9.1842 -95.4127 -5.2271 6.875 0.5751 0.4419 0.5751 0.4176 0.5864 0.4176
3 16 -96.1965 0 9.1842 -95.4127 -5.2271 6.875 -95.4127 0 6.875 0.5751 0.4419 0.5864 0.4176 0.5864 0.4419
3 16 -93.8019 0 5.0397 -95.4127 0 6.875 -95.4127 -5.2271 6.875 0.5978 0.4419 0.5864 0.4419 0.5864 0.4176
3 16 -93.8019 0 5.0397 -95.4127 -5.2271 6.875 -93.8077 -5.2271 5.0434 0.5978 0.4419 0.5864 0.4176 0.5977 0.4176
3 16 -93.8019 0 5.0397 -93.8077 -5.2271 5.0434 -90.74 -5.2271 3.8007 0.5978 0.4419 0.5977 0.4176 0.6132 0.4176
3 16 -93.8019 0 5.0397 -90.74 -5.2271 3.8007 -90.702 0 3.7767 0.5978 0.4419 0.6132 0.4176 0.6134 0.4419
3 16 -90.8158 -5.2271 16.1965 -89.3135 -5.2271 16.2078 -86.245 -5.2271 13.1365 0.0606 0.4257 0.0636 0.4319 0.057 0.451
3 16 -90.8158 -5.2271 16.1965 -86.245 -5.2271 13.1365 -93.125 -5.2271 15.4127 0.0606 0.4257 0.057 0.451 0.0526 0.4176
3 16 -94.9639 -5.2271 13.8022 -93.125 -5.2271 15.4127 -86.245 -5.2271 13.1365 0.0422 0.4131 0.0526 0.4176 0.057 0.451
3 16 -94.9639 -5.2271 13.8022 -86.245 -5.2271 13.1365 -96.037 -5.2271 11.6176 0.0422 0.4131 0.057 0.451 0.0309 0.413
3 16 -96.037 -5.2271 11.6176 -86.245 -5.2271 13.1365 -96.1965 -5.2271 9.1842 0.0309 0.413 0.057 0.451 0.0203 0.4173
3 16 -96.1965 -5.2271 9.1842 -86.245 -5.2271 13.1365 -95.4127 -5.2271 6.875 0.0203 0.4173 0.057 0.451 0.0123 0.4252
3 16 -95.4127 -5.2271 6.875 -86.245 -5.2271 13.1365 -93.8077 -5.2271 5.0434 0.0123 0.4252 0.057 0.451 0.0078 0.4356
3 16 -90.74 -5.2271 3.8007 -93.8077 -5.2271 5.0434 -86.245 -5.2271 13.1365 0.0088 0.451 0.0078 0.4356 0.057 0.451
3 16 -90.74 -5.2271 3.8007 -86.2532 0 13.1235 -90.702 0 3.7767 0.6971 0.0079 0.6728 0.0561 0.6728 0.0078
3 16 -90.74 -5.2271 3.8007 -86.245 -5.2271 13.1365 -86.2532 0 13.1235 0.6971 0.0079 0.6971 0.0561 0.6728 0.0561
3 16 -106.018 -5.1426 2.927 -106.0597 0 -6.3126 -106.018 -0.0103 2.927 0.1493 0.6479 0.1254 0.6908 0.1254 0.6479
3 16 -106.018 -5.1426 2.927 -106.0597 -5.1426 -6.3125 -106.0597 0 -6.3126 0.1493 0.6479 0.1493 0.6906 0.1254 0.6908
3 16 -103.6666 -5.1426 5.9525 -101.2818 -0.0062 12.4752 -100.9735 -5.25 13.1426 0.3956 0.72 0.4279 0.6961 0.4313 0.7204
3 16 -103.6666 -5.1426 5.9525 -103.6755 0 5.9609 -101.2818 -0.0062 12.4752 0.3956 0.72 0.3956 0.6961 0.4279 0.6961
3 16 -105.0708 -0.0058 4.617 -103.6755 0 5.9609 -103.6666 -5.1426 5.9525 0.1679 0.7402 0.1588 0.7402 0.1588 0.7163
3 16 -105.0708 -0.0058 4.617 -103.6666 -5.1426 5.9525 -105.0815 -5.1426 4.6032 0.1679 0.7402 0.1588 0.7163 0.1679 0.7163
3 16 -105.0815 -5.1426 4.6032 -106.018 -0.0103 2.927 -105.0708 -0.0058 4.617 0.1679 0.7163 0.1769 0.7402 0.1679 0.7402
3 16 -105.0815 -5.1426 4.6032 -106.018 -5.1426 2.927 -106.018 -0.0103 2.927 0.1679 0.7163 0.1768 0.7163 0.1769 0.7402
3 16 -90.9973 0 18.0654 -91.0507 -5.2219 21.9435 -91.0352 0 21.9415 0.5191 0.6302 0.4948 0.6122 0.5191 0.6122
3 16 -90.9973 0 18.0654 -91.0041 -5.25 18.0678 -91.0507 -5.2219 21.9435 0.5191 0.6302 0.4947 0.6302 0.4948 0.6122
3 16 -92.3062 -0.0141 22.2094 -91.0507 -5.2219 21.9435 -94.2202 -5.25 23.0572 0.0322 0.2777 0.008 0.2837 0.0079 0.268
3 16 -92.3062 -0.0141 22.2094 -91.0352 0 21.9415 -91.0507 -5.2219 21.9435 0.0322 0.2777 0.0323 0.2837 0.008 0.2837
3 16 -94.0809 0 17.0683 -91.0041 -5.25 18.0678 -90.9973 0 18.0654 0.6473 0.0322 0.6623 0.0078 0.6623 0.0322
3 16 -94.0809 0 17.0683 -94.0809 -5.25 17.0683 -91.0041 -5.25 18.0678 0.6473 0.0322 0.6473 0.0078 0.6623 0.0078
3 16 -96.4259 -5.1772 14.8997 -94.0809 -5.25 17.0683 -94.0809 0 17.0683 0.6323 0.0082 0.6473 0.0078 0.6473 0.0322
3 16 -96.4259 -5.1772 14.8997 -94.0809 0 17.0683 -96.5244 0 15.0374 0.6323 0.0082 0.6473 0.0322 0.6325 0.0322
3 16 -97.8836 0 12.1124 -96.4259 -5.1772 14.8997 -96.5244 0 15.0374 0.6177 0.0322 0.6323 0.0082 0.6325 0.0322
3 16 -97.8836 0 12.1124 -97.8836 -5.25 12.1124 -96.4259 -5.1772 14.8997 0.6177 0.0322 0.6177 0.0078 0.6323 0.0082
3 16 -98.0919 0 8.9347 -97.8836 -5.25 12.1124 -97.8836 0 12.1124 0.6029 0.0322 0.6177 0.0078 0.6177 0.0322
3 16 -98.0919 0 8.9347 -98.0919 -5.25 8.9347 -97.8836 -5.25 12.1124 0.6029 0.0322 0.6029 0.0078 0.6177 0.0078
3 16 -98.0919 0 8.9347 -97.0683 -5.25 5.9191 -98.0919 -5.25 8.9347 0.6029 0.0322 0.5881 0.0078 0.6029 0.0078
3 16 -98.0919 0 8.9347 -97.0683 0 5.9191 -97.0683 -5.25 5.9191 0.6029 0.0322 0.5881 0.0322 0.5881 0.0078
3 16 -94.9749 -5.2336 3.5212 -97.0683 -5.25 5.9191 -97.0683 0 5.9191 0.5733 0.0079 0.5881 0.0078 0.5881 0.0322
3 16 -94.9749 -5.2336 3.5212 -97.0683 0 5.9191 -94.9622 0 3.5285 0.5733 0.0079 0.5881 0.0322 0.5732 0.0322
3 16 -94.9622 0 3.5285 -91.3761 -5.1426 1.8941 -94.9749 -5.2336 3.5212 0.5732 0.0322 0.5549 0.0083 0.5733 0.0079
3 16 -94.9622 0 3.5285 -91.2929 0 1.9418 -91.3761 -5.1426 1.8941 0.5732 0.0322 0.5546 0.0322 0.5549 0.0083
3 16 -92.8851 0 -6.2716 -106.0597 -5.1426 -6.3125 -92.8753 -5.1426 -6.2283 0.3134 0.6272 0.2895 0.6883 0.2895 0.6271
3 16 -92.8851 0 -6.2716 -106.0597 0 -6.3126 -106.0597 -5.1426 -6.3125 0.3134 0.6272 0.3134 0.6885 0.2895 0.6883
3 16 -92.2697 -0.0671 -2.1089 -92.8851 0 -6.2716 -92.8753 -5.1426 -6.2283 0.249 0.6957 0.2685 0.6954 0.2683 0.7193
3 16 -92.2697 -0.0671 -2.1089 -92.8753 -5.1426 -6.2283 -92.2309 -5.1426 -1.9097 0.249 0.6957 0.2683 0.7193 0.248 0.7193
3 16 -91.2929 0 1.9418 -92.2697 -0.0671 -2.1089 -92.2309 -5.1426 -1.9097 0.2296 0.6954 0.249 0.6957 0.248 0.7193
3 16 -91.2929 0 1.9418 -92.2309 -5.1426 -1.9097 -91.3761 -5.1426 1.8941 0.2296 0.6954 0.248 0.7193 0.2299 0.7193
3 16 -88.9347 -5.2219 21.9081 -89.0053 0 18.0723 -89.009 0 21.9445 0.4377 0.6765 0.4619 0.6586 0.462 0.6766
3 16 -88.9347 -5.2219 21.9081 -89 -5.2241 18.0696 -89.0053 0 18.0723 0.4377 0.6765 0.4377 0.6586 0.4619 0.6586
3 16 -82.3463 -4.9534 13.759 -82.7253 -3.8703 13.236 -86.5921 -5.2241 17.397 0.9886 0.3456 0.9888 0.3515 0.9627 0.344
3 16 -82.922 -1.3336 12.9581 -86.5921 -5.2241 17.397 -82.7253 -3.8703 13.236 0.9885 0.3634 0.9627 0.344 0.9888 0.3515
3 16 -82.922 -1.3336 12.9581 -88.6428 0 17.9953 -86.5921 -5.2241 17.397 0.9885 0.3634 0.9529 0.3684 0.9627 0.344
3 16 -82.922 -1.3336 12.9581 -83.2083 -0.4585 12.5437 -88.6428 0 17.9953 0.9885 0.3634 0.9888 0.3681 0.9529 0.3684
3 16 -89 -5.2241 18.0696 -88.6428 0 17.9953 -89.0053 0 18.0723 0.2207 0.4032 0.245 0.4015 0.245 0.4032
3 16 -89 -5.2241 18.0696 -86.5921 -5.2241 17.397 -88.6428 0 17.9953 0.2207 0.4032 0.2207 0.3916 0.245 0.4015
3 16 -93.5825 -5.2219 26.3108 -91.1568 -0.0141 23.8404 -93.5939 -0.0141 26.3107 0.2446 0.7457 0.2688 0.7295 0.2688 0.7457
3 16 -93.5825 -5.2219 26.3108 -91.1457 -5.2219 23.8342 -91.1568 -0.0141 23.8404 0.2446 0.7457 0.2446 0.7295 0.2688 0.7295
3 16 -89.9846 -8 -10 -104.1252 -8.0793 -1.9909 -104.9503 -7.9947 -10 0.0774 0.688 0.0116 0.7253 0.0078 0.688
3 16 -89.9846 -8 -10 -89.2277 -7.9748 -2.6586 -104.1252 -8.0793 -1.9909 0.0774 0.688 0.0809 0.7222 0.0116 0.7253
3 16 -89.2277 -7.9748 -2.6586 -99.836 -8.1018 11.9486 -104.1252 -8.0793 -1.9909 0.0809 0.7222 0.0316 0.7901 0.0116 0.7253
3 16 -89.2277 -7.9748 -2.6586 -86.5569 -7.974 6.2347 -99.836 -8.1018 11.9486 0.0809 0.7222 0.0933 0.7635 0.0316 0.7901
3 16 -99.836 -8.1018 11.9486 -86.5569 -7.974 6.2347 -84.0291 -8 11.0633 0.0316 0.7901 0.0933 0.7635 0.1051 0.786
3 16 -92.4507 -8.0018 24.6195 -99.836 -8.1018 11.9486 -84.0291 -8 11.0633 0.0659 0.849 0.0316 0.7901 0.1051 0.786
3 16 -92.4507 -8.0018 24.6195 -84.0291 -8 11.0633 -80.8571 -7.981 15.4503 0.0659 0.849 0.1051 0.786 0.1198 0.8064
3 16 -80.8571 -7.981 15.4503 -85.0259 -8 32.2462 -92.4507 -8.0018 24.6195 0.1198 0.8064 0.1004 0.8844 0.0659 0.849
3 16 -80.8571 -7.981 15.4503 -75.4974 -8 20.8183 -85.0259 -8 32.2462 0.1198 0.8064 0.1447 0.8313 0.1004 0.8844
3 16 -85.0259 -8 32.2462 -75.4974 -8 20.8183 -71.1291 -8 24.1237 0.1004 0.8844 0.1447 0.8313 0.1651 0.8467
3 16 -85.0259 -8 32.2462 -71.1291 -8 24.1237 -73.2882 -8.0133 39.2171 0.1004 0.8844 0.1651 0.8467 0.155 0.9169
3 16 -73.2882 -8.0133 39.2171 -71.1291 -8 24.1237 -66.2732 -8 26.5401 0.155 0.9169 0.1651 0.8467 0.1876 0.8579
3 16 -61.11 -8.0033 42.9147 -73.2882 -8.0133 39.2171 -66.2732 -8 26.5401 0.2116 0.9341 0.155 0.9169 0.1876 0.8579
3 16 -61.11 -8.0033 42.9147 -66.2732 -8 26.5401 -57.1748 -8 29.2657 0.2116 0.9341 0.1876 0.8579 0.2299 0.8706
3 16 -61.11 -8.0033 42.9147 -57.1748 -8 29.2657 -50 -8 30.0688 0.2116 0.9341 0.2299 0.8706 0.2633 0.8743
3 16 -61.11 -8.0033 42.9147 -50 -8 30.0688 -50 -8 44.8428 0.2116 0.9341 0.2633 0.8743 0.2633 0.943
3 16 -42.8252 -8 29.2657 -50 -8 44.8428 -50 -8 30.0688 0.2966 0.8706 0.2633 0.943 0.2633 0.8743
3 16 -42.8252 -8 29.2657 -38.0045 -8.004 42.6459 -50 -8 44.8428 0.2966 0.8706 0.3191 0.9328 0.2633 0.943
3 16 -38.0045 -8.004 42.6459 -42.8252 -8 29.2657 -33.7268 -8 26.5401 0.3191 0.9328 0.2966 0.8706 0.339 0.8579
3 16 -38.0045 -8.004 42.6459 -33.7268 -8 26.5401 -26.7118 -8.0133 39.2171 0.3191 0.9328 0.339 0.8579 0.3716 0.9169
3 16 -28.8709 -8 24.1237 -26.7118 -8.0133 39.2171 -33.7268 -8 26.5401 0.3615 0.8467 0.3716 0.9169 0.339 0.8579
3 16 -14.9741 -8 32.2462 -26.7118 -8.0133 39.2171 -28.8709 -8 24.1237 0.4261 0.8845 0.3716 0.9169 0.3615 0.8467
3 16 -14.9741 -8 32.2462 -28.8709 -8 24.1237 -24.5026 -8 20.8183 0.4261 0.8845 0.3615 0.8467 0.3818 0.8313
3 16 -19.1429 -7.981 15.4503 -14.9741 -8 32.2462 -24.5026 -8 20.8183 0.4068 0.8064 0.4261 0.8845 0.3818 0.8313
3 16 -19.1429 -7.981 15.4503 -7.5493 -8.0018 24.6195 -14.9741 -8 32.2462 0.4068 0.8064 0.4607 0.849 0.4261 0.8845
3 16 -15.9709 -8 11.0633 -7.5493 -8.0018 24.6195 -19.1429 -7.981 15.4503 0.4215 0.786 0.4607 0.849 0.4068 0.8064
3 16 -15.9709 -8 11.0633 -0.164 -8.1018 11.9486 -7.5493 -8.0018 24.6195 0.4215 0.786 0.495 0.7901 0.4607 0.849
3 16 -13.4431 -7.974 6.2347 -0.164 -8.1018 11.9486 -15.9709 -8 11.0633 0.4333 0.7635 0.495 0.7901 0.4215 0.786
3 16 -10.7723 -7.9748 -2.6586 -0.164 -8.1018 11.9486 -13.4431 -7.974 6.2347 0.4457 0.7222 0.495 0.7901 0.4333 0.7635
3 16 -10.7723 -7.9748 -2.6586 4.1252 -8.0793 -1.9909 -0.164 -8.1018 11.9486 0.4457 0.7222 0.515 0.7253 0.495 0.7901
3 16 4.1252 -8.0793 -1.9909 -10.7723 -7.9748 -2.6586 -10.0154 -8 -10 0.515 0.7253 0.4457 0.7222 0.4492 0.688
3 16 4.1252 -8.0793 -1.9909 -10.0154 -8 -10 4.9503 -7.9947 -10 0.515 0.7253 0.4492 0.688 0.5188 0.688
3 16 -104.1252 -8.0793 -1.9909 -101.3098 -18.3248 -10 -104.9503 -7.9947 -10 0.7631 0.967 0.8226 0.9445 0.7948 0.9884
3 16 -104.1252 -8.0793 -1.9909 -100.7712 -18.4007 -2.4963 -101.3098 -18.3248 -10 0.7631 0.967 0.793 0.9256 0.8226 0.9445
3 16 -95.0606 -29.351 -10 -101.3098 -18.3248 -10 -100.7712 -18.4007 -2.4963 0.854 0.8913 0.8226 0.9445 0.793 0.9256
3 16 -99.836 -8.1018 11.9486 -100.7712 -18.4007 -2.4963 -104.1252 -8.0793 -1.9909 0.7067 0.9227 0.793 0.9256 0.7631 0.967
3 16 -95.0606 -29.351 -10 -100.7712 -18.4007 -2.4963 -94.4823 -29.4161 -3.3889 0.854 0.8913 0.793 0.9256 0.8272 0.8757
3 16 -85.4638 -39.4661 -10 -95.0606 -29.351 -10 -94.4823 -29.4161 -3.3889 0.8836 0.8282 0.854 0.8913 0.8272 0.8757
3 16 -99.836 -8.1018 11.9486 -96.7365 -18.3125 10.7304 -100.7712 -18.4007 -2.4963 0.7067 0.9227 0.741 0.8858 0.793 0.9256
3 16 -94.4823 -29.4161 -3.3889 -100.7712 -18.4007 -2.4963 -96.7365 -18.3125 10.7304 0.8272 0.8757 0.793 0.9256 0.741 0.8858
3 16 -99.836 -8.1018 11.9486 -89.8431 -18.0436 22.5349 -96.7365 -18.3125 10.7304 0.7067 0.9227 0.6949 0.8393 0.741 0.8858
3 16 -99.836 -8.1018 11.9486 -92.4507 -8.0018 24.6195 -89.8431 -18.0436 22.5349 0.7067 0.9227 0.6557 0.869 0.6949 0.8393
3 16 -89.8431 -18.0436 22.5349 -92.4507 -8.0018 24.6195 -85.0259 -8 32.2462 0.6949 0.8393 0.6557 0.869 0.6253 0.8239
3 16 -85.4638 -39.4661 -10 -94.4823 -29.4161 -3.3889 -85.0287 -39.406 -4.4962 0.8836 0.8282 0.8272 0.8757 0.8599 0.8176
3 16 -73.6886 -46.692 -4.9086 -85.4638 -39.4661 -10 -85.0287 -39.406 -4.4962 0.8831 0.7559 0.8836 0.8282 0.8599 0.8176
3 16 -73.6886 -46.692 -4.9086 -73.4352 -47.0857 -10 -85.4638 -39.4661 -10 0.8831 0.7559 0.9064 0.7598 0.8836 0.8282
3 16 -82.7526 -38.1864 6.8343 -85.0287 -39.406 -4.4962 -94.4823 -29.4161 -3.3889 0.8119 0.7948 0.8599 0.8176 0.8272 0.8757
3 16 -73.6886 -46.692 -4.9086 -85.0287 -39.406 -4.4962 -82.7526 -38.1864 6.8343 0.8831 0.7559 0.8599 0.8176 0.8119 0.7948
3 16 -94.4823 -29.4161 -3.3889 -96.7365 -18.3125 10.7304 -91.1683 -29.1342 8.8278 0.8272 0.8757 0.741 0.8858 0.7787 0.8424
3 16 -82.7526 -38.1864 6.8343 -94.4823 -29.4161 -3.3889 -91.1683 -29.1342 8.8278 0.8119 0.7948 0.8272 0.8757 0.7787 0.8424
3 16 -85.6494 -27.7377 19.546 -91.1683 -29.1342 8.8278 -96.7365 -18.3125 10.7304 0.7347 0.8081 0.7787 0.8424 0.741 0.8858
3 16 -85.6494 -27.7377 19.546 -96.7365 -18.3125 10.7304 -89.8431 -18.0436 22.5349 0.7347 0.8081 0.741 0.8858 0.6949 0.8393
3 16 -61.1222 -50.7545 -4.6896 -73.4352 -47.0857 -10 -73.6886 -46.692 -4.9086 0.8942 0.6917 0.9064 0.7598 0.8831 0.7559
3 16 -61.1222 -50.7545 -4.6896 -60.88 -51.1085 -10 -73.4352 -47.0857 -10 0.8942 0.6917 0.919 0.6931 0.9064 0.7598
3 16 -50 -51.8547 -4.5168 -60.88 -51.1085 -10 -61.1222 -50.7545 -4.6896 0.8972 0.6367 0.919 0.6931 0.8942 0.6917
3 16 -50 -51.8547 -4.5168 -50 -52.1811 -10 -60.88 -51.1085 -10 0.8972 0.6367 0.9223 0.6367 0.919 0.6931
3 16 -39.12 -51.1085 -10 -50 -52.1811 -10 -50 -51.8547 -4.5168 0.919 0.5802 0.9223 0.6367 0.8972 0.6367
3 16 -61.0416 -48.2314 7.1558 -61.1222 -50.7545 -4.6896 -73.6886 -46.692 -4.9086 0.8389 0.6875 0.8942 0.6917 0.8831 0.7559
3 16 -61.0416 -48.2314 7.1558 -50 -51.8547 -4.5168 -61.1222 -50.7545 -4.6896 0.8389 0.6875 0.8972 0.6367 0.8942 0.6917
3 16 -79.5776 -35.0826 17.2742 -82.7526 -38.1864 6.8343 -91.1683 -29.1342 8.8278 0.7639 0.7743 0.8119 0.7948 0.7787 0.8424
3 16 -79.5776 -35.0826 17.2742 -91.1683 -29.1342 8.8278 -85.6494 -27.7377 19.546 0.7639 0.7743 0.7787 0.8424 0.7347 0.8081
3 16 -73.6886 -46.692 -4.9086 -82.7526 -38.1864 6.8343 -72.8815 -44.3209 6.7884 0.8831 0.7559 0.8119 0.7948 0.829 0.744
3 16 -61.0416 -48.2314 7.1558 -73.6886 -46.692 -4.9086 -72.8815 -44.3209 6.7884 0.8389 0.6875 0.8831 0.7559 0.829 0.744
3 16 -82.7526 -38.1864 6.8343 -79.5776 -35.0826 17.2742 -71.6386 -39.9759 17.1757 0.8119 0.7948 0.7639 0.7743 0.7779 0.7349
3 16 -82.7526 -38.1864 6.8343 -71.6386 -39.9759 17.1757 -72.8815 -44.3209 6.7884 0.8119 0.7948 0.7779 0.7349 0.829 0.744
3 16 -85.6494 -27.7377 19.546 -76.9288 -32.3998 23.0745 -79.5776 -35.0826 17.2742 0.7347 0.8081 0.7352 0.7609 0.7639 0.7743
3 16 -71.6386 -39.9759 17.1757 -79.5776 -35.0826 17.2742 -76.9288 -32.3998 23.0745 0.7779 0.7349 0.7639 0.7743 0.7352 0.7609
3 16 -61.0012 -43.1205 18.2812 -72.8815 -44.3209 6.7884 -71.6386 -39.9759 17.1757 0.7827 0.6856 0.829 0.744 0.7779 0.7349
3 16 -61.0012 -43.1205 18.2812 -61.0416 -48.2314 7.1558 -72.8815 -44.3209 6.7884 0.7827 0.6856 0.8389 0.6875 0.829 0.744
3 16 -39.12 -51.1085 -10 -50 -51.8547 -4.5168 -38.8778 -50.7545 -4.6896 0.919 0.5802 0.8972 0.6367 0.8941 0.5816
3 16 -26.5648 -47.0857 -10 -39.12 -51.1085 -10 -38.8778 -50.7545 -4.6896 0.9064 0.5135 0.919 0.5802 0.8941 0.5816
3 16 -26.5648 -47.0857 -10 -38.8778 -50.7545 -4.6896 -26.3114 -46.692 -4.9086 0.9064 0.5135 0.8941 0.5816 0.883 0.5175
3 16 -14.5362 -39.4661 -10 -26.5648 -47.0857 -10 -26.3114 -46.692 -4.9086 0.8836 0.4451 0.9064 0.5135 0.883 0.5175
3 16 -38.8949 -48.2066 7.1825 -38.8778 -50.7545 -4.6896 -50 -51.8547 -4.5168 0.8388 0.5855 0.8941 0.5816 0.8972 0.6367
3 16 -38.8949 -48.2066 7.1825 -26.3114 -46.692 -4.9086 -38.8778 -50.7545 -4.6896 0.8388 0.5855 0.883 0.5175 0.8941 0.5816
3 16 -61.0416 -48.2314 7.1558 -49.9914 -49.2823 7.5377 -50 -51.8547 -4.5168 0.8389 0.6875 0.8399 0.6366 0.8972 0.6367
3 16 -38.8949 -48.2066 7.1825 -50 -51.8547 -4.5168 -49.9914 -49.2823 7.5377 0.8388 0.5855 0.8972 0.6367 0.8399 0.6366
3 16 -61.0416 -48.2314 7.1558 -49.966 -44.1089 18.6785 -49.9914 -49.2823 7.5377 0.8389 0.6875 0.7841 0.6365 0.8399 0.6366
3 16 -61.0416 -48.2314 7.1558 -61.0012 -43.1205 18.2812 -49.966 -44.1089 18.6785 0.8389 0.6875 0.7827 0.6856 0.7841 0.6365
3 16 -38.8949 -48.2066 7.1825 -49.9914 -49.2823 7.5377 -49.966 -44.1089 18.6785 0.8388 0.5855 0.8399 0.6366 0.7841 0.6365
3 16 -70.6116 -34.5079 25.2003 -61.0012 -43.1205 18.2812 -71.6386 -39.9759 17.1757 0.7335 0.7298 0.7827 0.6856 0.7779 0.7349
3 16 -71.6386 -39.9759 17.1757 -76.9288 -32.3998 23.0745 -70.6116 -34.5079 25.2003 0.7779 0.7349 0.7352 0.7609 0.7335 0.7298
3 16 -70.6116 -34.5079 25.2003 -60.9907 -36.4032 27.373 -61.0012 -43.1205 18.2812 0.7335 0.7298 0.731 0.6854 0.7827 0.6856
3 16 -49.966 -44.1089 18.6785 -61.0012 -43.1205 18.2812 -60.9907 -36.4032 27.373 0.7841 0.6365 0.7827 0.6856 0.731 0.6854
3 16 -76.9288 -32.3998 23.0745 -71.5953 -27.3909 31.0903 -70.6116 -34.5079 25.2003 0.7352 0.7609 0.6913 0.7366 0.7335 0.7298
3 16 -71.5953 -27.3909 31.0903 -60.9907 -36.4032 27.373 -70.6116 -34.5079 25.2003 0.6913 0.7366 0.731 0.6854 0.7335 0.7298
3 16 -76.9288 -32.3998 23.0745 -79.7106 -26.9307 26.1646 -71.5953 -27.3909 31.0903 0.7352 0.7609 0.7082 0.7768 0.6913 0.7366
3 16 -85.6494 -27.7377 19.546 -79.7106 -26.9307 26.1646 -76.9288 -32.3998 23.0745 0.7347 0.8081 0.7082 0.7768 0.7352 0.7609
3 16 -89.8431 -18.0436 22.5349 -79.7106 -26.9307 26.1646 -85.6494 -27.7377 19.546 0.6949 0.8393 0.7082 0.7768 0.7347 0.8081
3 16 -89.8431 -18.0436 22.5349 -82.6228 -18.0585 29.787 -79.7106 -26.9307 26.1646 0.6949 0.8393 0.6679 0.7985 0.7082 0.7768
3 16 -71.5953 -27.3909 31.0903 -79.7106 -26.9307 26.1646 -82.6228 -18.0585 29.787 0.6913 0.7366 0.7082 0.7768 0.6679 0.7985
3 16 -89.8431 -18.0436 22.5349 -85.0259 -8 32.2462 -82.6228 -18.0585 29.787 0.6949 0.8393 0.6253 0.8239 0.6679 0.7985
3 16 -85.0259 -8 32.2462 -72.8002 -18.4009 35.903 -82.6228 -18.0585 29.787 0.6253 0.8239 0.6455 0.7476 0.6679 0.7985
3 16 -71.5953 -27.3909 31.0903 -82.6228 -18.0585 29.787 -72.8002 -18.4009 35.903 0.6913 0.7366 0.6679 0.7985 0.6455 0.7476
3 16 -85.0259 -8 32.2462 -73.2882 -8.0133 39.2171 -72.8002 -18.4009 35.903 0.6253 0.8239 0.5964 0.7596 0.6455 0.7476
3 16 -71.5953 -27.3909 31.0903 -61.249 -28.2478 34.3975 -60.9907 -36.4032 27.373 0.6913 0.7366 0.6818 0.6879 0.731 0.6854
3 16 -61.249 -28.2478 34.3975 -71.5953 -27.3909 31.0903 -72.8002 -18.4009 35.903 0.6818 0.6879 0.6913 0.7366 0.6455 0.7476
3 16 -73.2882 -8.0133 39.2171 -61.6239 -18.6278 39.7868 -72.8002 -18.4009 35.903 0.5964 0.7596 0.6313 0.6926 0.6455 0.7476
3 16 -61.249 -28.2478 34.3975 -72.8002 -18.4009 35.903 -61.6239 -18.6278 39.7868 0.6818 0.6879 0.6455 0.7476 0.6313 0.6926
3 16 -73.2882 -8.0133 39.2171 -61.11 -8.0033 42.9147 -61.6239 -18.6278 39.7868 0.5964 0.7596 0.5798 0.6955 0.6313 0.6926
3 16 -49.966 -44.1089 18.6785 -60.9907 -36.4032 27.373 -49.9151 -37.0471 28.1469 0.7841 0.6365 0.731 0.6854 0.7299 0.6363
3 16 -49.9151 -37.0471 28.1469 -60.9907 -36.4032 27.373 -61.249 -28.2478 34.3975 0.7299 0.6363 0.731 0.6854 0.6818 0.6879
3 16 -49.8509 -28.5514 35.6748 -61.249 -28.2478 34.3975 -61.6239 -18.6278 39.7868 0.678 0.636 0.6818 0.6879 0.6313 0.6926
3 16 -49.9151 -37.0471 28.1469 -61.249 -28.2478 34.3975 -49.8509 -28.5514 35.6748 0.7299 0.6363 0.6818 0.6879 0.678 0.636
3 16 -49.8617 -18.6863 41.1976 -61.6239 -18.6278 39.7868 -61.11 -8.0033 42.9147 0.6263 0.636 0.6313 0.6926 0.5798 0.6955
3 16 -49.8509 -28.5514 35.6748 -61.6239 -18.6278 39.7868 -49.8617 -18.6863 41.1976 0.678 0.636 0.6313 0.6926 0.6263 0.636
3 16 -49.8617 -18.6863 41.1976 -61.11 -8.0033 42.9147 -50 -8 44.8428 0.6263 0.636 0.5798 0.6955 0.5747 0.6367
3 16 -49.8617 -18.6863 41.1976 -50 -8 44.8428 -38.0045 -8.004 42.6459 0.6263 0.636 0.5747 0.6367 0.5806 0.5734
3 16 -49.8617 -18.6863 41.1976 -38.0045 -8.004 42.6459 -37.9077 -18.6116 39.6779 0.6263 0.636 0.5806 0.5734 0.6316 0.5785
3 16 -37.9077 -18.6116 39.6779 -49.8509 -28.5514 35.6748 -49.8617 -18.6863 41.1976 0.6316 0.5785 0.678 0.636 0.6263 0.636
3 16 -26.7118 -8.0133 39.2171 -37.9077 -18.6116 39.6779 -38.0045 -8.004 42.6459 0.5964 0.5138 0.6316 0.5785 0.5806 0.5734
3 16 -37.9077 -18.6116 39.6779 -38.4689 -28.2663 34.3148 -49.8509 -28.5514 35.6748 0.6316 0.5785 0.6821 0.5841 0.678 0.636
3 16 -38.4689 -28.2663 34.3148 -49.9151 -37.0471 28.1469 -49.8509 -28.5514 35.6748 0.6821 0.5841 0.7299 0.6363 0.678 0.636
3 16 -26.7118 -8.0133 39.2171 -27.0987 -18.3973 35.8568 -37.9077 -18.6116 39.6779 0.5964 0.5138 0.6455 0.5252 0.6316 0.5785
3 16 -27.0987 -18.3973 35.8568 -38.4689 -28.2663 34.3148 -37.9077 -18.6116 39.6779 0.6455 0.5252 0.6821 0.5841 0.6316 0.5785
3 16 -27.0987 -18.3973 35.8568 -26.7118 -8.0133 39.2171 -14.9741 -8 32.2462 0.6455 0.5252 0.5964 0.5138 0.6253 0.4494
3 16 -38.933 -43.1078 18.2725 -49.966 -44.1089 18.6785 -49.9151 -37.0471 28.1469 0.7827 0.5874 0.7841 0.6365 0.7299 0.6363
3 16 -38.8949 -48.2066 7.1825 -49.966 -44.1089 18.6785 -38.933 -43.1078 18.2725 0.8388 0.5855 0.7841 0.6365 0.7827 0.5874
3 16 -27.0987 -18.3973 35.8568 -14.9741 -8 32.2462 -17.4154 -18.1255 29.781 0.6455 0.5252 0.6253 0.4494 0.6678 0.475
3 16 -7.5493 -8.0018 24.6195 -17.4154 -18.1255 29.781 -14.9741 -8 32.2462 0.6557 0.4043 0.6678 0.475 0.6253 0.4494
3 16 -38.4689 -28.2663 34.3148 -38.8168 -36.4153 27.3142 -49.9151 -37.0471 28.1469 0.6821 0.5841 0.7313 0.5871 0.7299 0.6363
3 16 -38.933 -43.1078 18.2725 -49.9151 -37.0471 28.1469 -38.8168 -36.4153 27.3142 0.7827 0.5874 0.7299 0.6363 0.7313 0.5871
3 16 -27.0987 -18.3973 35.8568 -28.3271 -27.3926 31.0522 -38.4689 -28.2663 34.3148 0.6455 0.5252 0.6915 0.5364 0.6821 0.5841
3 16 -17.4154 -18.1255 29.781 -28.3271 -27.3926 31.0522 -27.0987 -18.3973 35.8568 0.6678 0.475 0.6915 0.5364 0.6455 0.5252
3 16 -38.4689 -28.2663 34.3148 -29.369 -34.5121 25.184 -38.8168 -36.4153 27.3142 0.6821 0.5841 0.7334 0.5434 0.7313 0.5871
3 16 -38.933 -43.1078 18.2725 -38.8168 -36.4153 27.3142 -29.369 -34.5121 25.184 0.7827 0.5874 0.7313 0.5871 0.7334 0.5434
3 16 -38.4689 -28.2663 34.3148 -28.3271 -27.3926 31.0522 -29.369 -34.5121 25.184 0.6821 0.5841 0.6915 0.5364 0.7334 0.5434
3 16 -38.933 -43.1078 18.2725 -27.131 -44.2891 6.8947 -38.8949 -48.2066 7.1825 0.7827 0.5874 0.8286 0.5294 0.8388 0.5855
3 16 -38.8949 -48.2066 7.1825 -27.131 -44.2891 6.8947 -26.3114 -46.692 -4.9086 0.8388 0.5855 0.8286 0.5294 0.883 0.5175
3 16 -7.5493 -8.0018 24.6195 -10.0297 -18.2314 22.2347 -17.4154 -18.1255 29.781 0.6557 0.4043 0.6966 0.4335 0.6678 0.475
3 16 -10.0297 -18.2314 22.2347 -7.5493 -8.0018 24.6195 -0.164 -8.1018 11.9486 0.6966 0.4335 0.6557 0.4043 0.7067 0.3506
3 16 -38.933 -43.1078 18.2725 -29.369 -34.5121 25.184 -28.4103 -39.966 17.2313 0.7827 0.5874 0.7334 0.5434 0.7776 0.5387
3 16 -38.933 -43.1078 18.2725 -28.4103 -39.966 17.2313 -27.131 -44.2891 6.8947 0.7827 0.5874 0.7776 0.5387 0.8286 0.5294
3 16 -23.0689 -32.3941 23.0787 -29.369 -34.5121 25.184 -28.3271 -27.3926 31.0522 0.735 0.5123 0.7334 0.5434 0.6915 0.5364
3 16 -23.0689 -32.3941 23.0787 -28.4103 -39.966 17.2313 -29.369 -34.5121 25.184 0.735 0.5123 0.7776 0.5387 0.7334 0.5434
3 16 -17.4154 -18.1255 29.781 -20.3153 -26.932 26.1828 -28.3271 -27.3926 31.0522 0.6678 0.475 0.708 0.4966 0.6915 0.5364
3 16 -10.0297 -18.2314 22.2347 -20.3153 -26.932 26.1828 -17.4154 -18.1255 29.781 0.6966 0.4335 0.708 0.4966 0.6678 0.475
3 16 -23.0689 -32.3941 23.0787 -28.3271 -27.3926 31.0522 -20.3153 -26.932 26.1828 0.735 0.5123 0.6915 0.5364 0.708 0.4966
3 16 -14.9713 -39.406 -4.4962 -26.3114 -46.692 -4.9086 -27.131 -44.2891 6.8947 0.8601 0.4556 0.883 0.5175 0.8286 0.5294
3 16 -14.5362 -39.4661 -10 -26.3114 -46.692 -4.9086 -14.9713 -39.406 -4.4962 0.8836 0.4451 0.883 0.5175 0.8601 0.4556
3 16 -28.4103 -39.966 17.2313 -17.212 -38.0523 7.0971 -27.131 -44.2891 6.8947 0.7776 0.5387 0.81 0.4786 0.8286 0.5294
3 16 -14.9713 -39.406 -4.4962 -27.131 -44.2891 6.8947 -17.212 -38.0523 7.0971 0.8601 0.4556 0.8286 0.5294 0.81 0.4786
3 16 -10.0297 -18.2314 22.2347 -14.3131 -27.8164 19.4136 -20.3153 -26.932 26.1828 0.6966 0.4335 0.7353 0.465 0.708 0.4966
3 16 -14.3131 -27.8164 19.4136 -23.0689 -32.3941 23.0787 -20.3153 -26.932 26.1828 0.7353 0.465 0.735 0.5123 0.708 0.4966
3 16 -23.0689 -32.3941 23.0787 -20.4113 -35.0652 17.2882 -28.4103 -39.966 17.2313 0.735 0.5123 0.7636 0.499 0.7776 0.5387
3 16 -28.4103 -39.966 17.2313 -20.4113 -35.0652 17.2882 -17.212 -38.0523 7.0971 0.7776 0.5387 0.7636 0.499 0.81 0.4786
3 16 -14.3131 -27.8164 19.4136 -20.4113 -35.0652 17.2882 -23.0689 -32.3941 23.0787 0.7353 0.465 0.7636 0.499 0.735 0.5123
3 16 -20.4113 -35.0652 17.2882 -8.8767 -29.1668 8.8736 -17.212 -38.0523 7.0971 0.7636 0.499 0.7785 0.431 0.81 0.4786
3 16 -14.9713 -39.406 -4.4962 -17.212 -38.0523 7.0971 -8.8767 -29.1668 8.8736 0.8601 0.4556 0.81 0.4786 0.7785 0.431
3 16 -20.4113 -35.0652 17.2882 -14.3131 -27.8164 19.4136 -8.8767 -29.1668 8.8736 0.7636 0.499 0.7353 0.465 0.7785 0.431
3 16 -14.5362 -39.4661 -10 -14.9713 -39.406 -4.4962 -5.5177 -29.4161 -3.3889 0.8836 0.4451 0.8601 0.4556 0.827 0.3977
3 16 -14.9713 -39.406 -4.4962 -8.8767 -29.1668 8.8736 -5.5177 -29.4161 -3.3889 0.8601 0.4556 0.7785 0.431 0.827 0.3977
3 16 -14.5362 -39.4661 -10 -5.5177 -29.4161 -3.3889 -4.9394 -29.351 -10 0.8836 0.4451 0.827 0.3977 0.854 0.3821
3 16 -3.1584 -18.4682 10.7558 -14.3131 -27.8164 19.4136 -10.0297 -18.2314 22.2347 0.741 0.3875 0.7353 0.465 0.6966 0.4335
3 16 -3.1584 -18.4682 10.7558 -8.8767 -29.1668 8.8736 -14.3131 -27.8164 19.4136 0.741 0.3875 0.7785 0.431 0.7353 0.465
3 16 -5.5177 -29.4161 -3.3889 -8.8767 -29.1668 8.8736 -3.1584 -18.4682 10.7558 0.827 0.3977 0.7785 0.431 0.741 0.3875
3 16 -10.0297 -18.2314 22.2347 -0.164 -8.1018 11.9486 -3.1584 -18.4682 10.7558 0.6966 0.4335 0.7067 0.3506 0.741 0.3875
3 16 -4.9394 -29.351 -10 -5.5177 -29.4161 -3.3889 0.7712 -18.4007 -2.4963 0.854 0.3821 0.827 0.3977 0.793 0.3478
3 16 -5.5177 -29.4161 -3.3889 -3.1584 -18.4682 10.7558 0.7712 -18.4007 -2.4963 0.827 0.3977 0.741 0.3875 0.793 0.3478
3 16 -0.164 -8.1018 11.9486 0.7712 -18.4007 -2.4963 -3.1584 -18.4682 10.7558 0.7067 0.3506 0.793 0.3478 0.741 0.3875
3 16 -4.9394 -29.351 -10 0.7712 -18.4007 -2.4963 1.3098 -18.3248 -10 0.854 0.3821 0.793 0.3478 0.8226 0.3288
3 16 -0.164 -8.1018 11.9486 4.1252 -8.0793 -1.9909 0.7712 -18.4007 -2.4963 0.7067 0.3506 0.7631 0.3063 0.793 0.3478
3 16 4.1252 -8.0793 -1.9909 1.3098 -18.3248 -10 0.7712 -18.4007 -2.4963 0.7631 0.3063 0.8226 0.3288 0.793 0.3478
3 16 4.1252 -8.0793 -1.9909 4.9503 -7.9947 -10 1.3098 -18.3248 -10 0.7631 0.3063 0.7948 0.285 0.8226 0.3288
3 16 -86.245 -5.2271 13.1365 -89.3176 0 16.212 -86.2532 0 13.1235 0.9153 0.4881 0.9396 0.4679 0.9396 0.4881
3 16 -86.245 -5.2271 13.1365 -89.3135 -5.2271 16.2078 -89.3176 0 16.212 0.9153 0.4881 0.9153 0.4679 0.9396 0.4679
3 16 -89.9956 0 -10 -89.9846 -8 -10 -104.9503 -7.9947 -10 0.4727 0.6778 0.4726 0.6406 0.5422 0.6407
3 16 -89.9956 0 -10 -104.9503 -7.9947 -10 -109.9997 -0.0027 -10 0.4727 0.6778 0.5422 0.6407 0.5657 0.6779
3 16 -108.2274 -10.9154 -10 -109.9997 -0.0027 -10 -104.9503 -7.9947 -10 0.5575 0.6271 0.5657 0.6779 0.5422 0.6407
3 16 -101.3098 -18.3248 -10 -108.2274 -10.9154 -10 -104.9503 -7.9947 -10 0.5255 0.5926 0.5575 0.6271 0.5422 0.6407
3 16 -101.3098 -18.3248 -10 -104.5658 -20.4074 -10 -108.2274 -10.9154 -10 0.5255 0.5926 0.5405 0.583 0.5575 0.6271
3 16 -95.0606 -29.351 -10 -104.5658 -20.4074 -10 -101.3098 -18.3248 -10 0.4966 0.5412 0.5405 0.583 0.5255 0.5926
3 16 -95.0606 -29.351 -10 -98.088 -31.6176 -10 -104.5658 -20.4074 -10 0.4966 0.5412 0.5104 0.5308 0.5405 0.583
3 16 -88.1157 -41.8508 -10 -98.088 -31.6176 -10 -95.0606 -29.351 -10 0.464 0.4832 0.5104 0.5308 0.4966 0.5412
3 16 -88.1157 -41.8508 -10 -95.0606 -29.351 -10 -85.4638 -39.4661 -10 0.464 0.4832 0.4966 0.5412 0.4517 0.4943
3 16 -74.9609 -50.327 -10 -88.1157 -41.8508 -10 -85.4638 -39.4661 -10 0.4029 0.4438 0.464 0.4832 0.4517 0.4943
3 16 -74.9609 -50.327 -10 -85.4638 -39.4661 -10 -73.4352 -47.0857 -10 0.4029 0.4438 0.4517 0.4943 0.3958 0.4589
3 16 -73.4352 -47.0857 -10 -61.9053 -54.6641 -10 -74.9609 -50.327 -10 0.3958 0.4589 0.3422 0.4236 0.4029 0.4438
3 16 -73.4352 -47.0857 -10 -60.88 -51.1085 -10 -61.9053 -54.6641 -10 0.3958 0.4589 0.3374 0.4402 0.3422 0.4236
3 16 -60.88 -51.1085 -10 -50 -55.9276 -10 -61.9053 -54.6641 -10 0.3374 0.4402 0.2868 0.4177 0.3422 0.4236
3 16 -60.88 -51.1085 -10 -50 -52.1811 -10 -50 -55.9276 -10 0.3374 0.4402 0.2868 0.4352 0.2868 0.4177
3 16 -39.12 -51.1085 -10 -50 -55.9276 -10 -50 -52.1811 -10 0.2362 0.4401 0.2868 0.4177 0.2868 0.4352
3 16 -39.12 -51.1085 -10 -38.0947 -54.6641 -10 -50 -55.9276 -10 0.2362 0.4401 0.2315 0.4236 0.2868 0.4177
3 16 -38.0947 -54.6641 -10 -39.12 -51.1085 -10 -26.5648 -47.0857 -10 0.2315 0.4236 0.2362 0.4401 0.1779 0.4588
3 16 -38.0947 -54.6641 -10 -26.5648 -47.0857 -10 -25.0391 -50.327 -10 0.2315 0.4236 0.1779 0.4588 0.1708 0.4438
3 16 -14.5362 -39.4661 -10 -25.0391 -50.327 -10 -26.5648 -47.0857 -10 0.1219 0.4942 0.1708 0.4438 0.1779 0.4588
3 16 -14.5362 -39.4661 -10 -11.8843 -41.8508 -10 -25.0391 -50.327 -10 0.1219 0.4942 0.1096 0.4832 0.1708 0.4438
3 16 -4.9394 -29.351 -10 -11.8843 -41.8508 -10 -14.5362 -39.4661 -10 0.0769 0.5411 0.1096 0.4832 0.1219 0.4942
3 16 -4.9394 -29.351 -10 -1.912 -31.6176 -10 -11.8843 -41.8508 -10 0.0769 0.5411 0.0632 0.5307 0.1096 0.4832
3 16 -4.9394 -29.351 -10 4.5658 -20.4074 -10 -1.912 -31.6176 -10 0.0769 0.5411 0.0331 0.5828 0.0632 0.5307
3 16 -4.9394 -29.351 -10 1.3098 -18.3248 -10 4.5658 -20.4074 -10 0.0769 0.5411 0.048 0.5924 0.0331 0.5828
3 16 1.3098 -18.3248 -10 8.2274 -10.9154 -10 4.5658 -20.4074 -10 0.048 0.5924 0.0161 0.627 0.0331 0.5828
3 16 1.3098 -18.3248 -10 4.9503 -7.9947 -10 8.2274 -10.9154 -10 0.048 0.5924 0.0313 0.6406 0.0161 0.627
3 16 9.9997 -0.0027 -10 8.2274 -10.9154 -10 4.9503 -7.9947 -10 0.0078 0.6777 0.0161 0.627 0.0313 0.6406
3 16 4.9503 -7.9947 -10 -10.0044 0 -10 9.9997 -0.0027 -10 0.0313 0.6406 0.1008 0.6777 0.0078 0.6777
3 16 4.9503 -7.9947 -10 -10.0154 -8 -10 -10.0044 0 -10 0.0313 0.6406 0.1009 0.6405 0.1008 0.6777
3 16 -50 -5.25 33.525 -62.325 0 33.525 -62.325 -5.25 33.525 0.2197 0.0322 0.277 0.0078 0.277 0.0322
3 16 -50 -5.25 33.525 -50 0 33.525 -62.325 0 33.525 0.2197 0.0322 0.2197 0.0078 0.277 0.0078
3 16 -37.675 0 33.525 -50 0 33.525 -50 -5.25 33.525 0.1624 0.0078 0.2197 0.0078 0.2197 0.0322
3 16 -37.675 0 33.525 -50 -5.25 33.525 -37.675 -5.25 33.525 0.1624 0.0078 0.2197 0.0322 0.1624 0.0322
3 16 -86.3018 -0.0141 33.585 -93.5825 -5.2219 26.3108 -93.5939 -0.0141 26.3107 0.1624 0.4112 0.2103 0.387 0.2103 0.4113
3 16 -86.3018 -0.0141 33.585 -86.314 -5.2219 33.5797 -93.5825 -5.2219 26.3108 0.1624 0.4112 0.1624 0.387 0.2103 0.387
3 16 -23.9111 -5.2459 43.3457 -26.8549 -5.25 40.9761 -24.7846 -4.8338 43.8363 0.1486 0.0539 0.1405 0.0382 0.1519 0.0501
3 16 -19.345 -5.25 40.6512 -26.8549 -5.25 40.9761 -23.9111 -5.2459 43.3457 0.132 0.0721 0.1405 0.0382 0.1486 0.0539
3 16 -19.345 -5.25 40.6512 -24.4648 -5.25 35.6844 -26.8549 -5.25 40.9761 0.132 0.0721 0.1142 0.0442 0.1405 0.0382
3 16 -31.0375 -5.2324 42.6572 -26.8549 -5.25 40.9761 -24.4648 -5.25 35.6844 0.1521 0.0207 0.1405 0.0382 0.1142 0.0442
3 16 -31.0009 -5.25 28.5792 -31.0375 -5.2324 42.6572 -24.4648 -5.25 35.6844 0.0879 0.0078 0.1521 0.0207 0.1142 0.0442
3 16 -31.0009 -5.25 28.5792 -24.4648 -5.25 35.6844 -29.2859 -5.2492 27.6819 0.0879 0.0078 0.1142 0.0442 0.0822 0.0148
3 16 -21.708 -5.235 33.995 -24.4648 -5.25 35.6844 -19.345 -5.25 40.6512 0.1039 0.0551 0.1142 0.0442 0.132 0.0721
3 16 -16.935 -5.25 34.2593 -21.708 -5.235 33.995 -19.345 -5.25 40.6512 0.1007 0.0771 0.1039 0.0551 0.132 0.0721
3 16 -16.935 -5.25 34.2593 -19.345 -5.25 40.6512 -15.3439 -5.2581 38.197 0.1007 0.0771 0.132 0.0721 0.1171 0.0881
3 16 -15.3439 -5.2581 38.197 -14.3002 -4.9071 37.4579 -16.935 -5.25 34.2593 0.1171 0.0881 0.1127 0.0923 0.1007 0.0771
3 16 -21.708 -5.235 33.995 -16.935 -5.25 34.2593 -18.0919 -5.2219 31.0653 0.1039 0.0551 0.1007 0.0771 0.0872 0.0689
3 16 -18.0919 -5.2219 31.0653 -26.0945 -5.2377 26.6412 -21.708 -5.235 33.995 0.0872 0.0689 0.0746 0.0283 0.1039 0.0551
3 16 -26.0945 -5.2377 26.6412 -18.0919 -5.2219 31.0653 -17.8836 -5.2219 27.8876 0.0746 0.0283 0.0872 0.0689 0.0725 0.0668
3 16 -26.0945 -5.2377 26.6412 -17.8836 -5.2219 27.8876 -23.899 -5.25 25.0802 0.0746 0.0283 0.0725 0.0668 0.0654 0.0368
3 16 -16.4751 -5.2219 25.0315 -23.899 -5.25 25.0802 -17.8836 -5.2219 27.8876 0.0582 0.0706 0.0654 0.0368 0.0725 0.0668
3 16 -16.4751 -5.2219 25.0315 -25.4315 -5.25 21.5656 -23.899 -5.25 25.0802 0.0582 0.0706 0.0508 0.0265 0.0654 0.0368
3 16 -25.4315 -5.25 21.5656 -26.1743 -4.9534 22.3009 -23.899 -5.25 25.0802 0.0508 0.0265 0.055 0.0237 0.0654 0.0368
3 16 -16.4751 -5.2219 25.0315 -18.389 -5.25 14.5018 -25.4315 -5.25 21.5656 0.0582 0.0706 0.0121 0.052 0.0508 0.0265
3 16 -13.4079 -5.2241 17.397 -18.389 -5.25 14.5018 -16.4751 -5.2219 25.0315 0.0206 0.0774 0.0121 0.052 0.0582 0.0706
3 16 -17.6537 -4.9534 13.759 -18.389 -5.25 14.5018 -13.4079 -5.2241 17.397 0.0078 0.0548 0.0121 0.052 0.0206 0.0774
3 16 -13.4079 -5.2241 17.397 -16.4751 -5.2219 25.0315 -14.0809 -5.2219 22.9317 0.0206 0.0774 0.0582 0.0706 0.0464 0.0795
3 16 -11.0653 -5.2219 21.9081 -13.4079 -5.2241 17.397 -14.0809 -5.2219 22.9317 0.039 0.0923 0.0206 0.0774 0.0464 0.0795
3 16 -11.0653 -5.2219 21.9081 -11 -5.2241 18.0696 -13.4079 -5.2241 17.397 0.039 0.0923 0.0214 0.089 0.0206 0.0774
3 16 -24.7846 -4.8338 43.8363 -26.8549 -5.25 40.9761 -25.1568 -3.9157 44.1578 0.923 0.4995 0.9395 0.4983 0.9226 0.5043
3 16 -25.1568 -3.9157 44.1578 -26.8549 -5.25 40.9761 -27.5165 0 41.2974 0.9226 0.5043 0.9395 0.4983 0.9395 0.5229
3 16 -25.1568 -3.9157 44.1578 -27.5165 0 41.2974 -25.333 -1.5032 44.5526 0.9226 0.5043 0.9395 0.5229 0.9213 0.5156
3 16 -25.333 -1.5032 44.5526 -27.5165 0 41.2974 -25.7743 -0.4062 44.8578 0.9213 0.5156 0.9395 0.5229 0.921 0.5213
3 16 -11.857 0 36.2688 -17.7781 0 32.3489 -12.6606 -0.3696 36.9295 0.904 0.1378 0.8723 0.1472 0.9012 0.1335
3 16 -13.6982 -0.0141 33.585 -17.7781 0 32.3489 -11.857 0 36.2688 0.8922 0.1472 0.8723 0.1472 0.904 0.1378
3 16 -13.6982 -0.0141 33.585 -16.1495 -0.0141 31.1154 -17.7781 0 32.3489 0.8922 0.1472 0.8779 0.1549 0.8723 0.1472
3 16 -18.0919 -0.0141 31.0653 -17.7781 0 32.3489 -16.1495 -0.0141 31.1154 0.8692 0.1525 0.8723 0.1472 0.8779 0.1549
3 16 -18.0919 -0.0141 31.0653 -16.1495 -0.0141 31.1154 -16.037 -0.0141 28.3824 0.8692 0.1525 0.8779 0.1549 0.8747 0.1672
3 16 -18.0919 -0.0141 31.0653 -16.037 -0.0141 28.3824 -17.8836 -0.0141 27.8876 0.8692 0.1525 0.8747 0.1672 0.8658 0.1669
3 16 -17.8836 -0.0141 27.8876 -16.037 -0.0141 28.3824 -14.9585 -0.0141 26.1953 0.8658 0.1669 0.8747 0.1672 0.8766 0.1784
3 16 -17.8836 -0.0141 27.8876 -14.9585 -0.0141 26.1953 -16.4751 -0.0141 25.0315 0.8658 0.1669 0.8766 0.1784 0.8682 0.1815
3 16 -16.4751 -0.0141 25.0315 -14.9585 -0.0141 26.1953 -13.125 -0.0141 24.5874 0.8682 0.1815 0.8766 0.1784 0.8825 0.188
3 16 -16.4751 -0.0141 25.0315 -13.125 -0.0141 24.5874 -14.0809 -0.0141 22.9317 0.8682 0.1815 0.8825 0.188 0.8761 0.1941
3 16 -11.857 0 36.2688 -6.4061 -0.0141 26.3107 -13.6982 -0.0141 33.585 0.904 0.1378 0.9148 0.1894 0.8922 0.1472
3 16 -14.0809 -0.0141 22.9317 -13.125 -0.0141 24.5874 -10.8158 -0.0141 23.8035 0.8761 0.1941 0.8825 0.188 0.8918 0.1946
3 16 -11.857 0 36.2688 -3.7006 -0.0037 28.1595 -6.4061 -0.0141 26.3107 0.904 0.1378 0.9293 0.1849 0.9148 0.1894
3 16 -14.0809 -0.0141 22.9317 -10.8158 -0.0141 23.8035 -10.991 0 21.9445 0.8761 0.1941 0.8918 0.1946 0.8885 0.2026
3 16 -7.6938 -0.0141 22.2094 -6.4061 -0.0141 26.3107 -3.7006 -0.0037 28.1595 0.9035 0.2059 0.9148 0.1894 0.9293 0.1849
3 16 -7.6938 -0.0141 22.2094 -3.7006 -0.0037 28.1595 -3.0862 -0.3658 27.3595 0.9035 0.2059 0.9293 0.1849 0.9311 0.1895
3 16 -7.6938 -0.0141 22.2094 -8.8432 -0.0141 23.8404 -6.4061 -0.0141 26.3107 0.9035 0.2059 0.9006 0.1971 0.9148 0.1894
3 16 -8.9648 0 21.9415 -8.8432 -0.0141 23.8404 -7.6938 -0.0141 22.2094 0.8975 0.2054 0.9006 0.1971 0.9035 0.2059
3 16 -8.9648 0 21.9415 -10.8158 -0.0141 23.8035 -8.8432 -0.0141 23.8404 0.8975 0.2054 0.8918 0.1946 0.9006 0.1971
3 16 -8.9648 0 21.9415 -10.991 0 21.9445 -10.8158 -0.0141 23.8035 0.8975 0.2054 0.8885 0.2026 0.8918 0.1946
3 16 -9.0027 0 18.0654 -10.991 0 21.9445 -8.9648 0 21.9415 0.892 0.2226 0.8885 0.2026 0.8975 0.2054
3 16 -9.0027 0 18.0654 -10.9947 0 18.0723 -10.991 0 21.9445 0.892 0.2226 0.8832 0.2199 0.8885 0.2026
3 16 -9.1827 0 16.196 -10.9947 0 18.0723 -9.0027 0 18.0654 0.8887 0.2307 0.8832 0.2199 0.892 0.2226
3 16 -9.1827 0 16.196 -9.0027 0 18.0654 -5.9191 0 17.0683 0.8887 0.2307 0.892 0.2226 0.9044 0.2312
3 16 -10.9947 0 18.0723 -9.1827 0 16.196 -10.6824 0 16.212 0.8832 0.2199 0.8887 0.2307 0.8821 0.2286
3 16 -9.1827 0 16.196 -5.9191 0 17.0683 -6.875 0 15.4127 0.8887 0.2307 0.9044 0.2312 0.8979 0.2373
3 16 -5.0449 0 13.8063 -6.875 0 15.4127 -5.9191 0 17.0683 0.9039 0.2469 0.8979 0.2373 0.9044 0.2312
3 16 -5.0449 0 13.8063 -5.9191 0 17.0683 -3.5249 0 14.9686 0.9039 0.2469 0.9044 0.2312 0.9122 0.2438
3 16 -3.963 0 11.6176 -5.0449 0 13.8063 -3.5249 0 14.9686 0.9057 0.2581 0.9039 0.2469 0.9122 0.2438
3 16 -3.963 0 11.6176 -3.5249 0 14.9686 -2.1164 0 12.1124 0.9057 0.2581 0.9122 0.2438 0.9146 0.2584
3 16 -3.8035 0 9.1842 -3.963 0 11.6176 -2.1164 0 12.1124 0.9032 0.2691 0.9057 0.2581 0.9146 0.2584
3 16 -3.8035 0 9.1842 -2.1164 0 12.1124 -1.9081 0 8.9347 0.9032 0.2691 0.9146 0.2584 0.9113 0.2728
3 16 -10.9947 0 18.0723 -10.6824 0 16.212 -11.3572 0 17.9953 0.8832 0.2199 0.8821 0.2286 0.8815 0.2197
3 16 -4.5873 0 6.875 -3.8035 0 9.1842 -1.9081 0 8.9347 0.8966 0.2783 0.9032 0.2691 0.9113 0.2728
3 16 -4.5873 0 6.875 -1.9081 0 8.9347 -2.9317 0 5.9191 0.8966 0.2783 0.9113 0.2728 0.9026 0.2848
3 16 -4.5873 0 6.875 -2.9317 0 5.9191 -5.0378 0 3.5285 0.8966 0.2783 0.9026 0.2848 0.89 0.2926
3 16 -4.5873 0 6.875 -5.0378 0 3.5285 -6.1982 0 5.0397 0.8966 0.2783 0.89 0.2926 0.8869 0.2843
3 16 -8.7071 0 1.9418 -6.1982 0 5.0397 -5.0378 0 3.5285 0.8716 0.2947 0.8869 0.2843 0.89 0.2926
3 16 -13.7468 0 13.1235 -11.3572 0 17.9953 -10.6824 0 16.212 0.8642 0.2382 0.8815 0.2197 0.8821 0.2286
3 16 -8.7071 0 1.9418 -9.298 0 3.7767 -6.1982 0 5.0397 0.8716 0.2947 0.8714 0.2858 0.8869 0.2843
3 16 -13.7468 0 13.1235 -16.2121 0 11.6693 -11.3572 0 17.9953 0.8642 0.2382 0.8513 0.2413 0.8815 0.2197
3 16 -16.2121 0 11.6693 -16.7917 -0.4585 12.5437 -11.3572 0 17.9953 0.8513 0.2413 0.8497 0.2362 0.8815 0.2197
3 16 -13.7468 0 13.1235 -13.44 0 6.2275 -16.2121 0 11.6693 0.8642 0.2382 0.8563 0.2693 0.8513 0.2413
3 16 -13.44 0 6.2275 -13.7468 0 13.1235 -9.298 0 3.7767 0.8563 0.2693 0.8642 0.2382 0.8714 0.2858
3 16 -9.298 0 3.7767 -10.782 -0.0101 -2.6069 -13.44 0 6.2275 0.8714 0.2858 0.8562 0.3121 0.8563 0.2693
3 16 -9.298 0 3.7767 -8.7071 0 1.9418 -10.782 -0.0101 -2.6069 0.8714 0.2858 0.8716 0.2947 0.8562 0.3121
3 16 -7.7304 -0.0671 -2.1089 -10.782 -0.0101 -2.6069 -8.7071 0 1.9418 0.8704 0.3141 0.8562 0.3121 0.8716 0.2947
3 16 -7.7304 -0.0671 -2.1089 -7.1149 0 -6.2716 -10.782 -0.0101 -2.6069 0.8704 0.3141 0.8676 0.3334 0.8562 0.3121
3 16 -10.782 -0.0101 -2.6069 -7.1149 0 -6.2716 -10.0044 0 -10 0.8562 0.3121 0.8676 0.3334 0.8497 0.3461
3 16 -10.0044 0 -10 -7.1149 0 -6.2716 6.0597 0 -6.3126 0.8497 0.3461 0.8676 0.3334 0.9261 0.3514
3 16 -10.0044 0 -10 6.0597 0 -6.3126 9.9997 -0.0027 -10 0.8497 0.3461 0.9261 0.3514 0.9386 0.3731
3 16 9.9997 -0.0027 -10 6.0597 0 -6.3126 9.2656 -0.0122 -1.1538 0.9386 0.3731 0.9261 0.3514 0.9473 0.3328
3 16 9.2656 -0.0122 -1.1538 6.0597 0 -6.3126 6.018 -0.0103 2.927 0.9473 0.3328 0.9261 0.3514 0.9384 0.3102
3 16 6.018 -0.0103 2.927 6.3454 -0.0002 10.2132 9.2656 -0.0122 -1.1538 0.9384 0.3102 0.9497 0.2783 0.9473 0.3328
3 16 6.018 -0.0103 2.927 5.0708 -0.0058 4.617 6.3454 -0.0002 10.2132 0.9384 0.3102 0.9365 0.3014 0.9497 0.2783
3 16 6.3454 -0.0002 10.2132 5.0708 -0.0058 4.617 3.6755 0 5.9609 0.9497 0.2783 0.9365 0.3014 0.9321 0.2936
3 16 6.3454 -0.0002 10.2132 3.6755 0 5.9609 1.2818 -0.0062 12.4752 0.9497 0.2783 0.9321 0.2936 0.9302 0.2614
3 16 1.2818 -0.0062 12.4752 5.2947 -0.0002 13.2666 6.3454 -0.0002 10.2132 0.9302 0.2614 0.9492 0.2633 0.9497 0.2783
3 16 4.8569 -0.4165 14.2255 5.2947 -0.0002 13.2666 1.2818 -0.0062 12.4752 0.9485 0.258 0.9492 0.2633 0.9302 0.2614
3 16 -13.6901 -3.8435 37.2026 -16.935 -5.25 34.2593 -14.3002 -4.9071 37.4579 0.0833 0.341 0.0905 0.3209 0.089 0.3401
3 16 -13.157 -1.1552 37.1737 -16.935 -5.25 34.2593 -13.6901 -3.8435 37.2026 0.0706 0.3423 0.0905 0.3209 0.0833 0.341
3 16 -13.157 -1.1552 37.1737 -17.7781 0 32.3489 -16.935 -5.25 34.2593 0.0706 0.3423 0.0661 0.3111 0.0905 0.3209
3 16 -12.6606 -0.3696 36.9295 -17.7781 0 32.3489 -13.157 -1.1552 37.1737 0.0662 0.3431 0.0661 0.3111 0.0706 0.3423
3 16 4.5377 -1.5096 14.6751 4.8569 -0.4165 14.2255 1.2818 -0.0062 12.4752 0.9395 0.1618 0.9338 0.1622 0.9322 0.1437
3 16 1.2818 -0.0062 12.4752 4.1863 -3.774 14.827 4.5377 -1.5096 14.6751 0.9322 0.1437 0.9501 0.1607 0.9395 0.1618
3 16 1.2818 -0.0062 12.4752 0.9735 -5.25 13.1426 4.1863 -3.774 14.827 0.9322 0.1437 0.9568 0.1437 0.9501 0.1607
3 16 3.8065 -4.8708 15.2655 4.1863 -3.774 14.827 0.9735 -5.25 13.1426 0.9558 0.1601 0.9501 0.1607 0.9568 0.1437
3 16 -18.0919 -5.2219 31.0653 -16.935 -5.25 34.2593 -17.7781 0 32.3489 0.5254 0.4679 0.5253 0.4521 0.5497 0.4618
3 16 -18.0919 -5.2219 31.0653 -17.7781 0 32.3489 -18.0919 -0.0141 31.0653 0.5254 0.4679 0.5497 0.4618 0.5496 0.4679
3 16 -17.8836 -0.0141 27.8876 -18.0919 -5.2219 31.0653 -18.0919 -0.0141 31.0653 0.5496 0.4827 0.5254 0.4679 0.5496 0.4679
3 16 -17.8836 -0.0141 27.8876 -17.8836 -5.2219 27.8876 -18.0919 -5.2219 31.0653 0.5496 0.4827 0.5254 0.4827 0.5254 0.4679
3 16 -16.4751 -0.0141 25.0315 -17.8836 -5.2219 27.8876 -17.8836 -0.0141 27.8876 0.5496 0.4976 0.5254 0.4827 0.5496 0.4827
3 16 -16.4751 -0.0141 25.0315 -16.4751 -5.2219 25.0315 -17.8836 -5.2219 27.8876 0.5496 0.4976 0.5253 0.4975 0.5254 0.4827
3 16 -14.0809 -0.0141 22.9317 -16.4751 -5.2219 25.0315 -16.4751 -0.0141 25.0315 0.5495 0.5124 0.5253 0.4975 0.5496 0.4976
3 16 -14.0809 -0.0141 22.9317 -14.0809 -5.2219 22.9317 -16.4751 -5.2219 25.0315 0.5495 0.5124 0.5253 0.5123 0.5253 0.4975
3 16 -14.0809 -0.0141 22.9317 -11.0653 -5.2219 21.9081 -14.0809 -5.2219 22.9317 0.5495 0.5124 0.5253 0.5271 0.5253 0.5123
3 16 -14.0809 -0.0141 22.9317 -10.991 0 21.9445 -11.0653 -5.2219 21.9081 0.5495 0.5124 0.5496 0.5274 0.5253 0.5271
3 16 -24.4648 -5.25 35.6844 -21.6997 -0.0431 34.0088 -24.4884 -0.0046 35.6778 0.6116 0.4068 0.6358 0.3917 0.636 0.4068
3 16 -24.4648 -5.25 35.6844 -21.708 -5.235 33.995 -21.6997 -0.0431 34.0088 0.6116 0.4068 0.6117 0.3917 0.6358 0.3917
3 16 -31.0009 -5.25 28.5792 -29.286 -0.0007 27.682 -31.0391 0 28.5883 0.5865 0.0514 0.6109 0.0424 0.6109 0.0516
3 16 -31.0009 -5.25 28.5792 -29.2859 -5.2492 27.6819 -29.286 -0.0007 27.682 0.5865 0.0514 0.5865 0.0424 0.6109 0.0424
3 16 -29.2859 -5.2492 27.6819 -24.4884 -0.0046 35.6778 -29.286 -0.0007 27.682 0.1226 0.4544 0.0793 0.43 0.1226 0.43
3 16 -29.2859 -5.2492 27.6819 -24.4648 -5.25 35.6844 -24.4884 -0.0046 35.6778 0.1226 0.4544 0.0792 0.4544 0.0793 0.43
3 16 -31.0391 0 28.5883 -31.0375 -5.2324 42.6572 -31.0009 -5.25 28.5792 0.46 0.614 0.4843 0.5486 0.4844 0.614
3 16 -31.0391 0 28.5883 -31.0523 0 42.6781 -31.0375 -5.2324 42.6572 0.46 0.614 0.46 0.5485 0.4843 0.5486
3 16 6.0597 -5.1426 -6.3125 -7.1247 -5.1426 -6.2283 -7.7691 -5.1426 -1.9097 0.3824 0.5055 0.4435 0.507 0.446 0.5271
3 16 6.0597 -5.1426 -6.3125 -7.7691 -5.1426 -1.9097 -5.0251 -5.2336 3.5212 0.3824 0.5055 0.446 0.5271 0.4328 0.5521
3 16 -7.7691 -5.1426 -1.9097 -8.6239 -5.1426 1.8941 -5.0251 -5.2336 3.5212 0.446 0.5271 0.4497 0.5448 0.4328 0.5521
3 16 -2.9317 -5.25 5.9191 6.0597 -5.1426 -6.3125 -5.0251 -5.2336 3.5212 0.4228 0.563 0.3824 0.5055 0.4328 0.5521
3 16 -2.9317 -5.25 5.9191 3.6666 -5.1426 5.9525 6.0597 -5.1426 -6.3125 0.4228 0.563 0.3921 0.5625 0.3824 0.5055
3 16 -1.9081 -5.25 8.9347 3.6666 -5.1426 5.9525 -2.9317 -5.25 5.9191 0.4177 0.5769 0.3921 0.5625 0.4228 0.563
3 16 5.0815 -5.1426 4.6032 6.0597 -5.1426 -6.3125 3.6666 -5.1426 5.9525 0.3856 0.5561 0.3824 0.5055 0.3921 0.5625
3 16 6.018 -5.1426 2.927 6.0597 -5.1426 -6.3125 5.0815 -5.1426 4.6032 0.3816 0.5482 0.3824 0.5055 0.3856 0.5561
3 16 -1.9081 -5.25 8.9347 0.9735 -5.25 13.1426 3.6666 -5.1426 5.9525 0.4177 0.5769 0.4038 0.5962 0.3921 0.5625
3 16 -1.9081 -5.25 8.9347 -2.0682 -5.2331 12.0546 0.9735 -5.25 13.1426 0.4177 0.5769 0.4181 0.5915 0.4038 0.5962
3 16 -3.5249 -5.2053 14.9686 0.9735 -5.25 13.1426 -2.0682 -5.2331 12.0546 0.4244 0.605 0.4038 0.5962 0.4181 0.5915
3 16 -3.5249 -5.2053 14.9686 -5.9191 -5.25 17.0683 0.9735 -5.25 13.1426 0.4244 0.605 0.4354 0.6152 0.4038 0.5962
3 16 0.9735 -5.25 13.1426 -5.9191 -5.25 17.0683 0.9195 -5.25 20.3867 0.4038 0.5962 0.4354 0.6152 0.4033 0.6299
3 16 0.9735 -5.25 13.1426 0.9195 -5.25 20.3867 3.205 -5.25 16.3438 0.4038 0.5962 0.4033 0.6299 0.3931 0.6109
3 16 3.8065 -4.8708 15.2655 0.9735 -5.25 13.1426 3.205 -5.25 16.3438 0.3902 0.6056 0.4038 0.5962 0.3931 0.6109
3 16 0.9195 -5.25 20.3867 -5.9191 -5.25 17.0683 -5.7798 -5.25 23.0572 0.4033 0.6299 0.4354 0.6152 0.4342 0.643
3 16 0.9195 -5.25 20.3867 -5.7798 -5.25 23.0572 -1.9674 -5.2499 24.8836 0.4033 0.6299 0.4342 0.643 0.4162 0.6511
3 16 -2.5878 -4.8154 25.8686 -1.9674 -5.2499 24.8836 -5.7798 -5.25 23.0572 0.4192 0.656 0.4162 0.6511 0.4342 0.643
3 16 -8.9494 -5.2219 21.9435 -5.7798 -5.25 23.0572 -5.9191 -5.25 17.0683 0.449 0.6381 0.4342 0.643 0.4354 0.6152
3 16 -8.9494 -5.2219 21.9435 -5.9191 -5.25 17.0683 -8.9959 -5.25 18.0678 0.449 0.6381 0.4354 0.6152 0.4496 0.6201
3 16 -26.0945 -5.2377 26.6412 -24.5358 -0.0055 25.5222 -26.1107 -0.0125 26.6572 0.8015 0.1629 0.8106 0.1872 0.8015 0.1872
3 16 -26.0945 -5.2377 26.6412 -23.899 -5.25 25.0802 -24.5358 -0.0055 25.5222 0.8015 0.1629 0.8141 0.1628 0.8106 0.1872
3 16 -26.0945 -5.2377 26.6412 -21.6997 -0.0431 34.0088 -21.708 -5.235 33.995 0.4058 0.6616 0.366 0.6858 0.366 0.6617
3 16 -26.0945 -5.2377 26.6412 -26.1107 -0.0125 26.6572 -21.6997 -0.0431 34.0088 0.4058 0.6616 0.4058 0.6859 0.366 0.6858
3 16 -26.7449 -3.9525 22.5442 -23.899 -5.25 25.0802 -26.1743 -4.9534 22.3009 0.9744 0.5301 0.9919 0.5366 0.9752 0.5355
3 16 -24.5358 -0.0055 25.5222 -23.899 -5.25 25.0802 -26.7449 -3.9525 22.5442 0.9919 0.512 0.9919 0.5366 0.9744 0.5301
3 16 -24.5358 -0.0055 25.5222 -26.7449 -3.9525 22.5442 -27.0326 -1.4469 22.7488 0.9919 0.512 0.9744 0.5301 0.9744 0.5183
3 16 -27.0326 -1.4469 22.7488 -27.5158 -0.5373 23.0815 -24.5358 -0.0055 25.5222 0.9744 0.5183 0.9739 0.5133 0.9919 0.512
3 16 -27.5165 0 41.2974 -31.0375 -5.2324 42.6572 -31.0523 0 42.6781 0.9216 0.3209 0.8973 0.3033 0.9216 0.3032
3 16 -27.5165 0 41.2974 -26.8549 -5.25 40.9761 -31.0375 -5.2324 42.6572 0.9216 0.3209 0.8971 0.3242 0.8973 0.3033
3 16 -7.6938 -0.0141 22.2094 -3.0862 -0.3658 27.3595 -2.7748 -1.4242 26.8133 0.8415 0.2549 0.8415 0.287 0.8358 0.2864
3 16 -5.7798 -5.25 23.0572 -7.6938 -0.0141 22.2094 -2.7748 -1.4242 26.8133 0.8172 0.2647 0.8415 0.2549 0.8358 0.2864
3 16 -5.7798 -5.25 23.0572 -2.7748 -1.4242 26.8133 -2.7769 -3.7426 26.3731 0.8172 0.2647 0.8358 0.2864 0.8249 0.2853
3 16 -2.5878 -4.8154 25.8686 -5.7798 -5.25 23.0572 -2.7769 -3.7426 26.3731 0.8194 0.2845 0.8172 0.2647 0.8249 0.2853
3 16 -8.8543 -5.2219 23.8342 -13.686 -5.2219 33.5797 -6.4175 -5.2219 26.3108 0.844 0.1628 0.8278 0.2106 0.8279 0.1628
3 16 -10.8158 -5.2219 23.8035 -13.686 -5.2219 33.5797 -8.8543 -5.2219 23.8342 0.8506 0.1691 0.8278 0.2106 0.844 0.1628
3 16 -13.125 -5.2219 24.5874 -13.686 -5.2219 33.5797 -10.8158 -5.2219 23.8035 0.8556 0.1793 0.8278 0.2106 0.8506 0.1691
3 16 -14.9585 -5.2219 26.1953 -13.686 -5.2219 33.5797 -13.125 -5.2219 24.5874 0.8563 0.1906 0.8278 0.2106 0.8556 0.1793
3 16 -14.9585 -5.2219 26.1953 -16.1476 -5.2219 31.1264 -13.686 -5.2219 33.5797 0.8563 0.1906 0.8439 0.2107 0.8278 0.2106
3 16 -14.9585 -5.2219 26.1953 -16.037 -5.2219 28.3824 -16.1476 -5.2219 31.1264 0.8563 0.1906 0.8526 0.2013 0.8439 0.2107
3 16 -16.1495 -0.0141 31.1154 -16.1476 -5.2219 31.1264 -16.037 -5.2219 28.3824 0.3855 0.6272 0.3856 0.6514 0.3728 0.6514
3 16 -16.1495 -0.0141 31.1154 -16.037 -5.2219 28.3824 -16.037 -0.0141 28.3824 0.3855 0.6272 0.3728 0.6514 0.3728 0.6272
3 16 -14.9585 -5.2219 26.1953 -16.037 -0.0141 28.3824 -16.037 -5.2219 28.3824 0.3615 0.6514 0.3728 0.6272 0.3728 0.6514
3 16 -14.9585 -5.2219 26.1953 -14.9585 -0.0141 26.1953 -16.037 -0.0141 28.3824 0.3615 0.6514 0.3615 0.6272 0.3728 0.6272
3 16 -14.9585 -5.2219 26.1953 -13.125 -0.0141 24.5874 -14.9585 -0.0141 26.1953 0.3615 0.6514 0.3501 0.6272 0.3615 0.6272
3 16 -14.9585 -5.2219 26.1953 -13.125 -5.2219 24.5874 -13.125 -0.0141 24.5874 0.3615 0.6514 0.3501 0.6514 0.3501 0.6272
3 16 -13.125 -5.2219 24.5874 -10.8158 -0.0141 23.8035 -13.125 -0.0141 24.5874 0.3501 0.6514 0.3388 0.6272 0.3501 0.6272
3 16 -13.125 -5.2219 24.5874 -10.8158 -5.2219 23.8035 -10.8158 -0.0141 23.8035 0.3501 0.6514 0.3388 0.6514 0.3388 0.6272
3 16 -8.8543 -5.2219 23.8342 -10.8158 -0.0141 23.8035 -10.8158 -5.2219 23.8035 0.3298 0.6514 0.3388 0.6272 0.3388 0.6514
3 16 -8.8543 -5.2219 23.8342 -8.8432 -0.0141 23.8404 -10.8158 -0.0141 23.8035 0.3298 0.6514 0.3296 0.6272 0.3388 0.6272
3 16 -16.1476 -5.2219 31.1264 -13.6982 -0.0141 33.585 -13.686 -5.2219 33.5797 0.1949 0.7164 0.2191 0.7325 0.1949 0.7325
3 16 -16.1476 -5.2219 31.1264 -16.1495 -0.0141 31.1154 -13.6982 -0.0141 33.585 0.1949 0.7164 0.2191 0.7164 0.2191 0.7325
3 16 -9.1827 0 16.196 -10.6865 -5.2271 16.2078 -10.6824 0 16.212 0.04 0.1025 0.033 0.1268 0.033 0.1025
3 16 -9.1827 0 16.196 -9.1857 -5.2271 16.197 -10.6865 -5.2271 16.2078 0.04 0.1025 0.04 0.1268 0.033 0.1268
3 16 -6.875 0 15.4127 -9.1857 -5.2271 16.197 -9.1827 0 16.196 0.0513 0.1025 0.04 0.1268 0.04 0.1025
3 16 -6.875 0 15.4127 -6.875 -5.2271 15.4127 -9.1857 -5.2271 16.197 0.0513 0.1025 0.0513 0.1268 0.04 0.1268
3 16 -6.875 -5.2271 15.4127 -6.875 0 15.4127 -5.0449 0 13.8063 0.0513 0.1268 0.0513 0.1025 0.0626 0.1025
3 16 -6.875 -5.2271 15.4127 -5.0449 0 13.8063 -5.0382 -5.2769 13.8032 0.0513 0.1268 0.0626 0.1025 0.0627 0.1268
3 16 -3.9249 -5.2459 11.5738 -5.0382 -5.2769 13.8032 -5.0449 0 13.8063 0.0742 0.1268 0.0627 0.1268 0.0626 0.1025
3 16 -3.9249 -5.2459 11.5738 -5.0449 0 13.8063 -3.963 0 11.6176 0.0742 0.1268 0.0626 0.1025 0.074 0.1025
3 16 -3.8035 -5.2271 9.1842 -3.9249 -5.2459 11.5738 -3.963 0 11.6176 0.0853 0.1268 0.0742 0.1268 0.074 0.1025
3 16 -3.8035 -5.2271 9.1842 -3.963 0 11.6176 -3.8035 0 9.1842 0.0853 0.1268 0.074 0.1025 0.0853 0.1025
3 16 -4.5873 -5.2271 6.875 -3.8035 -5.2271 9.1842 -3.8035 0 9.1842 0.0967 0.1268 0.0853 0.1268 0.0853 0.1025
3 16 -4.5873 -5.2271 6.875 -3.8035 0 9.1842 -4.5873 0 6.875 0.0967 0.1268 0.0853 0.1025 0.0967 0.1025
3 16 -4.5873 -5.2271 6.875 -4.5873 0 6.875 -6.1982 0 5.0397 0.0967 0.1268 0.0967 0.1025 0.108 0.1025
3 16 -4.5873 -5.2271 6.875 -6.1982 0 5.0397 -6.1923 -5.2271 5.0434 0.0967 0.1268 0.108 0.1025 0.108 0.1268
3 16 -9.26 -5.2271 3.8007 -6.1923 -5.2271 5.0434 -6.1982 0 5.0397 0.1234 0.1268 0.108 0.1268 0.108 0.1025
3 16 -9.26 -5.2271 3.8007 -6.1982 0 5.0397 -9.298 0 3.7767 0.1234 0.1268 0.108 0.1025 0.1236 0.1025
3 16 -10.6865 -5.2271 16.2078 -9.1857 -5.2271 16.197 -13.755 -5.2271 13.1365 0.8542 0.1337 0.8511 0.14 0.8475 0.1146
3 16 -13.755 -5.2271 13.1365 -9.1857 -5.2271 16.197 -6.875 -5.2271 15.4127 0.8475 0.1146 0.8511 0.14 0.8432 0.1481
3 16 -6.875 -5.2271 15.4127 -5.0382 -5.2769 13.8032 -13.755 -5.2271 13.1365 0.8432 0.1481 0.8327 0.1525 0.8475 0.1146
3 16 -13.755 -5.2271 13.1365 -5.0382 -5.2769 13.8032 -3.9249 -5.2459 11.5738 0.8475 0.1146 0.8327 0.1525 0.8212 0.1525
3 16 -3.8035 -5.2271 9.1842 -13.755 -5.2271 13.1365 -3.9249 -5.2459 11.5738 0.8109 0.1484 0.8475 0.1146 0.8212 0.1525
3 16 -13.755 -5.2271 13.1365 -3.8035 -5.2271 9.1842 -4.5873 -5.2271 6.875 0.8475 0.1146 0.8109 0.1484 0.8028 0.1404
3 16 -13.755 -5.2271 13.1365 -4.5873 -5.2271 6.875 -6.1923 -5.2271 5.0434 0.8475 0.1146 0.8028 0.1404 0.7984 0.13
3 16 -6.1923 -5.2271 5.0434 -9.26 -5.2271 3.8007 -13.755 -5.2271 13.1365 0.7984 0.13 0.7993 0.1146 0.8475 0.1146
3 16 -13.7468 0 13.1235 -9.26 -5.2271 3.8007 -9.298 0 3.7767 0.56 0.4522 0.5843 0.5004 0.56 0.5004
3 16 -13.7468 0 13.1235 -13.755 -5.2271 13.1365 -9.26 -5.2271 3.8007 0.56 0.4522 0.5843 0.4521 0.5843 0.5004
3 16 6.0597 0 -6.3126 6.018 -5.1426 2.927 6.018 -0.0103 2.927 0.9328 0.2047 0.9567 0.2477 0.9329 0.2477
3 16 6.0597 0 -6.3126 6.0597 -5.1426 -6.3125 6.018 -5.1426 2.927 0.9328 0.2047 0.9567 0.205 0.9567 0.2477
3 16 3.6666 -5.1426 5.9525 1.2818 -0.0062 12.4752 3.6755 0 5.9609 0.1136 0.7013 0.1459 0.7253 0.1136 0.7253
3 16 3.6666 -5.1426 5.9525 0.9735 -5.25 13.1426 1.2818 -0.0062 12.4752 0.1136 0.7013 0.1493 0.7009 0.1459 0.7253
3 16 5.0708 -0.0058 4.617 3.6666 -5.1426 5.9525 3.6755 0 5.9609 0.288 0.6986 0.279 0.7225 0.279 0.6986
3 16 5.0708 -0.0058 4.617 5.0815 -5.1426 4.6032 3.6666 -5.1426 5.9525 0.288 0.6986 0.2881 0.7225 0.279 0.7225
3 16 6.018 -0.0103 2.927 5.0815 -5.1426 4.6032 5.0708 -0.0058 4.617 0.297 0.6986 0.2881 0.7225 0.288 0.6986
3 16 6.018 -0.0103 2.927 6.018 -5.1426 2.927 5.0815 -5.1426 4.6032 0.297 0.6986 0.2969 0.7225 0.2881 0.7225
3 16 -8.9494 -5.2219 21.9435 -9.0027 0 18.0654 -8.9648 0 21.9415 0.273 0.589 0.2973 0.571 0.2973 0.589
3 16 -8.9494 -5.2219 21.9435 -8.9959 -5.25 18.0678 -9.0027 0 18.0654 0.273 0.589 0.2729 0.571 0.2973 0.571
3 16 -8.9494 -5.2219 21.9435 -7.6938 -0.0141 22.2094 -5.7798 -5.25 23.0572 0.008 0.0078 0.0322 0.0139 0.0079 0.0235
3 16 -8.9494 -5.2219 21.9435 -8.9648 0 21.9415 -7.6938 -0.0141 22.2094 0.008 0.0078 0.0323 0.0078 0.0322 0.0139
3 16 -8.9959 -5.25 18.0678 -5.9191 0 17.0683 -9.0027 0 18.0654 0.8752 0.0609 0.8601 0.0365 0.8752 0.0365
3 16 -8.9959 -5.25 18.0678 -5.9191 -5.25 17.0683 -5.9191 0 17.0683 0.8752 0.0609 0.8601 0.0609 0.8601 0.0365
3 16 -3.5249 -5.2053 14.9686 -5.9191 0 17.0683 -5.9191 -5.25 17.0683 0.8453 0.0607 0.8601 0.0365 0.8601 0.0609
3 16 -3.5249 -5.2053 14.9686 -3.5249 0 14.9686 -5.9191 0 17.0683 0.8453 0.0607 0.8453 0.0365 0.8601 0.0365
3 16 -3.5249 -5.2053 14.9686 -2.1164 0 12.1124 -3.5249 0 14.9686 0.8453 0.0607 0.8305 0.0365 0.8453 0.0365
3 16 -3.5249 -5.2053 14.9686 -2.0682 -5.2331 12.0546 -2.1164 0 12.1124 0.8453 0.0607 0.8302 0.0609 0.8305 0.0365
3 16 -2.0682 -5.2331 12.0546 -1.9081 0 8.9347 -2.1164 0 12.1124 0.8302 0.0609 0.8157 0.0365 0.8305 0.0365
3 16 -2.0682 -5.2331 12.0546 -1.9081 -5.25 8.9347 -1.9081 0 8.9347 0.8302 0.0609 0.8157 0.0609 0.8157 0.0365
3 16 -2.9317 -5.25 5.9191 -1.9081 0 8.9347 -1.9081 -5.25 8.9347 0.8009 0.0609 0.8157 0.0365 0.8157 0.0609
3 16 -2.9317 -5.25 5.9191 -2.9317 0 5.9191 -1.9081 0 8.9347 0.8009 0.0609 0.8009 0.0365 0.8157 0.0365
3 16 -5.0251 -5.2336 3.5212 -2.9317 0 5.9191 -2.9317 -5.25 5.9191 0.7861 0.0608 0.8009 0.0365 0.8009 0.0609
3 16 -5.0251 -5.2336 3.5212 -5.0378 0 3.5285 -2.9317 0 5.9191 0.7861 0.0608 0.7861 0.0365 0.8009 0.0365
3 16 -5.0378 0 3.5285 -5.0251 -5.2336 3.5212 -8.6239 -5.1426 1.8941 0.7861 0.0365 0.7861 0.0608 0.7677 0.0604
3 16 -5.0378 0 3.5285 -8.6239 -5.1426 1.8941 -8.7071 0 1.9418 0.7861 0.0365 0.7677 0.0604 0.7674 0.0365
3 16 -7.1149 0 -6.2716 6.0597 -5.1426 -6.3125 6.0597 0 -6.3126 0.1089 0.6158 0.0849 0.5547 0.1088 0.5545
3 16 -7.1149 0 -6.2716 -7.1247 -5.1426 -6.2283 6.0597 -5.1426 -6.3125 0.1089 0.6158 0.085 0.6158 0.0849 0.5547
3 16 -7.1247 -5.1426 -6.2283 -7.1149 0 -6.2716 -7.7304 -0.0671 -2.1089 0.5678 0.6937 0.568 0.7176 0.5485 0.7173
3 16 -7.1247 -5.1426 -6.2283 -7.7304 -0.0671 -2.1089 -7.7691 -5.1426 -1.9097 0.5678 0.6937 0.5485 0.7173 0.5475 0.6937
3 16 -7.7691 -5.1426 -1.9097 -7.7304 -0.0671 -2.1089 -8.7071 0 1.9418 0.5475 0.6937 0.5485 0.7173 0.5291 0.7176
3 16 -7.7691 -5.1426 -1.9097 -8.7071 0 1.9418 -8.6239 -5.1426 1.8941 0.5475 0.6937 0.5291 0.7176 0.5294 0.6937
3 16 -11.0653 -5.2219 21.9081 -10.9947 0 18.0723 -11 -5.2241 18.0696 0.3313 0.6618 0.3555 0.6796 0.3312 0.6796
3 16 -11.0653 -5.2219 21.9081 -10.991 0 21.9445 -10.9947 0 18.0723 0.3313 0.6618 0.3555 0.6616 0.3555 0.6796
3 16 -17.2747 -3.8703 13.236 -17.6537 -4.9534 13.759 -13.4079 -5.2241 17.397 0.3598 0.7126 0.3596 0.7184 0.3337 0.72
3 16 -17.078 -1.3336 12.9581 -17.2747 -3.8703 13.236 -13.4079 -5.2241 17.397 0.3596 0.7007 0.3598 0.7126 0.3337 0.72
3 16 -17.078 -1.3336 12.9581 -13.4079 -5.2241 17.397 -11.3572 0 17.9953 0.3596 0.7007 0.3337 0.72 0.3239 0.6957
3 16 -16.7917 -0.4585 12.5437 -17.078 -1.3336 12.9581 -11.3572 0 17.9953 0.3598 0.696 0.3596 0.7007 0.3239 0.6957
3 16 -11 -5.2241 18.0696 -11.3572 0 17.9953 -13.4079 -5.2241 17.397 0.1624 0.0424 0.1867 0.0442 0.1624 0.0541
3 16 -11 -5.2241 18.0696 -10.9947 0 18.0723 -11.3572 0 17.9953 0.1624 0.0424 0.1867 0.0424 0.1867 0.0442
3 16 -8.8432 -0.0141 23.8404 -6.4175 -5.2219 26.3108 -6.4061 -0.0141 26.3107 0.3851 0.7453 0.3609 0.7292 0.3851 0.7291
3 16 -8.8432 -0.0141 23.8404 -8.8543 -5.2219 23.8342 -6.4175 -5.2219 26.3108 0.3851 0.7453 0.3609 0.7453 0.3609 0.7292
3 16 -10.6824 0 16.212 -13.755 -5.2271 13.1365 -13.7468 0 13.1235 0.2673 0.5106 0.243 0.4904 0.2673 0.4904
3 16 -10.6824 0 16.212 -10.6865 -5.2271 16.2078 -13.755 -5.2271 13.1365 0.2673 0.5106 0.243 0.5106 0.243 0.4904
3 16 -6.4175 -5.2219 26.3108 -13.6982 -0.0141 33.585 -6.4061 -0.0141 26.3107 0.0557 0.3199 0.0078 0.2957 0.0558 0.2957
3 16 -6.4175 -5.2219 26.3108 -13.686 -5.2219 33.5797 -13.6982 -0.0141 33.585 0.0557 0.3199 0.0079 0.32 0.0078 0.2957
3 16 -26.8039 0 45.3344 -29.7402 -4.5045 45.7201 -25.7743 -0.4062 44.8578 0.2953 0.023 0.3131 0.0409 0.2903 0.026
3 16 -25.7743 -0.4062 44.8578 -29.7402 -4.5045 45.7201 -25.333 -1.5032 44.5526 0.2903 0.026 0.3131 0.0409 0.2888 0.0316
3 16 -29.5141 0 46.3264 -29.7402 -4.5045 45.7201 -26.8039 0 45.3344 0.3094 0.0199 0.3131 0.0409 0.2953 0.023
3 16 -25.333 -1.5032 44.5526 -29.7402 -4.5045 45.7201 -25.1568 -3.9157 44.1578 0.2888 0.0316 0.3131 0.0409 0.2891 0.0435
3 16 -29.5141 0 46.3264 -40.8672 -0.0035 49.2223 -29.7402 -4.5045 45.7201 0.3094 0.0199 0.3688 0.0104 0.3131 0.0409
3 16 -29.7402 -4.5045 45.7201 -24.7846 -4.8338 43.8363 -25.1568 -3.9157 44.1578 0.3131 0.0409 0.2872 0.0487 0.2891 0.0435
3 16 -29.7402 -4.5045 45.7201 -40.8672 -0.0035 49.2223 -41.2312 -10.9164 47.4427 0.3131 0.0409 0.3688 0.0104 0.3738 0.0612
3 16 -41.2312 -10.9164 47.4427 -40.8672 -0.0035 49.2223 -50 -0.0131 49.9971 0.3738 0.0612 0.3688 0.0104 0.4165 0.0078
3 16 -30.2301 -10.8875 44.6584 -24.7846 -4.8338 43.8363 -29.7402 -4.5045 45.7201 0.3191 0.0702 0.2872 0.0487 0.3131 0.0409
3 16 -29.7402 -4.5045 45.7201 -41.2312 -10.9164 47.4427 -30.2301 -10.8875 44.6584 0.3131 0.0409 0.3738 0.0612 0.3191 0.0702
3 16 -30.2301 -10.8875 44.6584 -23.9111 -5.2459 43.3457 -24.7846 -4.8338 43.8363 0.3191 0.0702 0.2822 0.0524 0.2872 0.0487
3 16 -30.2301 -10.8875 44.6584 -21.428 -10.7714 40.4807 -23.9111 -5.2459 43.3457 0.3191 0.0702 0.2732 0.0842 0.2822 0.0524
3 16 -19.345 -5.25 40.6512 -23.9111 -5.2459 43.3457 -21.428 -10.7714 40.4807 0.2558 0.0627 0.2822 0.0524 0.2732 0.0842
3 16 -15.3439 -5.2581 38.197 -19.345 -5.25 40.6512 -21.428 -10.7714 40.4807 0.2328 0.0726 0.2558 0.0627 0.2732 0.0842
3 16 -15.3439 -5.2581 38.197 -21.428 -10.7714 40.4807 -12.664 -10.6501 34.7088 0.2328 0.0726 0.2732 0.0842 0.2251 0.1052
3 16 -12.664 -10.6501 34.7088 -14.3002 -4.9071 37.4579 -15.3439 -5.2581 38.197 0.2251 0.1052 0.2259 0.0744 0.2328 0.0726
3 16 -14.3002 -4.9071 37.4579 -12.664 -10.6501 34.7088 -11.9366 -5.8194 35.3762 0.2259 0.0744 0.2251 0.1052 0.2138 0.0856
3 16 -13.6901 -3.8435 37.2026 -14.3002 -4.9071 37.4579 -11.9366 -5.8194 35.3762 0.2202 0.0717 0.2259 0.0744 0.2138 0.0856
3 16 -13.6901 -3.8435 37.2026 -11.9366 -5.8194 35.3762 -11.5222 -1.5181 35.8171 0.2202 0.0717 0.2138 0.0856 0.2037 0.0683
3 16 -13.6901 -3.8435 37.2026 -11.5222 -1.5181 35.8171 -13.157 -1.1552 37.1737 0.2202 0.0717 0.2037 0.0683 0.2118 0.0619
3 16 -11.5222 -1.5181 35.8171 -12.6606 -0.3696 36.9295 -13.157 -1.1552 37.1737 0.2037 0.0683 0.2077 0.0599 0.2118 0.0619
3 16 -11.5222 -1.5181 35.8171 -11.857 0 36.2688 -12.6606 -0.3696 36.9295 0.2037 0.0683 0.2025 0.0608 0.2077 0.0599
3 16 -3.7006 -0.0037 28.1595 -11.857 0 36.2688 -11.5222 -1.5181 35.8171 0.1539 0.0901 0.2025 0.0608 0.2037 0.0683
3 16 -3.7006 -0.0037 28.1595 -11.5222 -1.5181 35.8171 -3.9146 -1.5181 28.2094 0.1539 0.0901 0.2037 0.0683 0.1583 0.0957
3 16 -11.9366 -5.8194 35.3762 -3.9146 -1.5181 28.2094 -11.5222 -1.5181 35.8171 0.2138 0.0856 0.1583 0.0957 0.2037 0.0683
3 16 -3.0862 -0.3658 27.3595 -3.7006 -0.0037 28.1595 -3.9146 -1.5181 28.2094 0.1508 0.0941 0.1539 0.0901 0.1583 0.0957
3 16 -2.7748 -1.4242 26.8133 -3.0862 -0.3658 27.3595 -3.9146 -1.5181 28.2094 0.1509 0.0999 0.1508 0.0941 0.1583 0.0957
3 16 -2.7769 -3.7426 26.3731 -2.7748 -1.4242 26.8133 -3.9146 -1.5181 28.2094 0.155 0.1105 0.1509 0.0999 0.1583 0.0957
3 16 -11.9366 -5.8194 35.3762 -4.3744 -5.8769 27.7577 -3.9146 -1.5181 28.2094 0.2138 0.0856 0.1687 0.1136 0.1583 0.0957
3 16 -2.7769 -3.7426 26.3731 -3.9146 -1.5181 28.2094 -4.3744 -5.8769 27.7577 0.155 0.1105 0.1583 0.0957 0.1687 0.1136
3 16 -4.3744 -5.8769 27.7577 -11.9366 -5.8194 35.3762 -12.664 -10.6501 34.7088 0.1687 0.1136 0.2138 0.0856 0.2251 0.1052
3 16 -2.7769 -3.7426 26.3731 -4.3744 -5.8769 27.7577 -2.5878 -4.8154 25.8686 0.155 0.1105 0.1687 0.1136 0.1553 0.1167
3 16 -4.3744 -5.8769 27.7577 -5.0671 -10.7318 27.0306 -2.5878 -4.8154 25.8686 0.1687 0.1136 0.1805 0.1334 0.1553 0.1167
3 16 -4.3744 -5.8769 27.7577 -12.664 -10.6501 34.7088 -5.0671 -10.7318 27.0306 0.1687 0.1136 0.2251 0.1052 0.1805 0.1334
3 16 -2.5878 -4.8154 25.8686 -5.0671 -10.7318 27.0306 -1.9674 -5.2499 24.8836 0.1553 0.1167 0.1805 0.1334 0.1515 0.1223
3 16 -1.9674 -5.2499 24.8836 -5.0671 -10.7318 27.0306 -0.0519 -10.7867 19.7591 0.1515 0.1223 0.1805 0.1334 0.1467 0.1606
3 16 -1.9674 -5.2499 24.8836 -0.0519 -10.7867 19.7591 0.9195 -5.25 20.3867 0.1515 0.1223 0.1467 0.1606 0.1303 0.1401
3 16 0.9195 -5.25 20.3867 -0.0519 -10.7867 19.7591 3.205 -5.25 16.3438 0.1303 0.1401 0.1467 0.1606 0.1125 0.1561
3 16 3.205 -5.25 16.3438 -0.0519 -10.7867 19.7591 4.7767 -10.8839 9.4451 0.1125 0.1561 0.1467 0.1606 0.1076 0.1997
3 16 3.205 -5.25 16.3438 4.7767 -10.8839 9.4451 3.8065 -4.8708 15.2655 0.1125 0.1561 0.1076 0.1997 0.1067 0.1594
3 16 4.7767 -10.8839 9.4451 4.1863 -3.774 14.827 3.8065 -4.8708 15.2655 0.1076 0.1997 0.1009 0.158 0.1067 0.1594
3 16 5.8171 -3.6652 9.9545 4.1863 -3.774 14.827 4.7767 -10.8839 9.4451 0.0836 0.1758 0.1009 0.158 0.1076 0.1997
3 16 4.1863 -3.774 14.827 5.8171 -3.6652 9.9545 4.5377 -1.5096 14.6751 0.1009 0.158 0.0836 0.1758 0.0921 0.1518
3 16 5.8171 -3.6652 9.9545 4.8569 -0.4165 14.2255 4.5377 -1.5096 14.6751 0.0836 0.1758 0.0866 0.1502 0.0921 0.1518
3 16 5.2947 -0.0002 13.2666 4.8569 -0.4165 14.2255 5.8171 -3.6652 9.9545 0.0818 0.1524 0.0866 0.1502 0.0836 0.1758
3 16 5.2947 -0.0002 13.2666 5.8171 -3.6652 9.9545 6.3454 -0.0002 10.2132 0.0818 0.1524 0.0836 0.1758 0.0711 0.1639
3 16 6.3454 -0.0002 10.2132 5.8171 -3.6652 9.9545 9.2656 -0.0122 -1.1538 0.0711 0.1639 0.0836 0.1758 0.0341 0.2068
3 16 5.8171 -3.6652 9.9545 7.4806 -10.9429 -1.5245 9.2656 -0.0122 -1.1538 0.0836 0.1758 0.0732 0.2408 0.0341 0.2068
3 16 5.8171 -3.6652 9.9545 4.7767 -10.8839 9.4451 7.4806 -10.9429 -1.5245 0.0836 0.1758 0.1076 0.1997 0.0732 0.2408
3 16 9.9997 -0.0027 -10 9.2656 -0.0122 -1.1538 7.4806 -10.9429 -1.5245 0.0078 0.2397 0.0341 0.2068 0.0732 0.2408
3 16 9.9997 -0.0027 -10 7.4806 -10.9429 -1.5245 8.2274 -10.9154 -10 0.0078 0.2397 0.0732 0.2408 0.0489 0.2724
3 16 4.5658 -20.4074 -10 8.2274 -10.9154 -10 7.4806 -10.9429 -1.5245 0.0887 0.3019 0.0489 0.2724 0.0732 0.2408
3 16 4.5658 -20.4074 -10 7.4806 -10.9429 -1.5245 4.0321 -20.4813 -2.018 0.0887 0.3019 0.0732 0.2408 0.1103 0.2716
3 16 4.7767 -10.8839 9.4451 4.0321 -20.4813 -2.018 7.4806 -10.9429 -1.5245 0.1076 0.1997 0.1103 0.2716 0.0732 0.2408
3 16 -1.912 -31.6176 -10 4.5658 -20.4074 -10 4.0321 -20.4813 -2.018 0.1423 0.3374 0.0887 0.3019 0.1103 0.2716
3 16 4.7767 -10.8839 9.4451 1.3616 -20.5785 8.3518 4.0321 -20.4813 -2.018 0.1076 0.1997 0.1426 0.2332 0.1103 0.2716
3 16 -0.0519 -10.7867 19.7591 1.3616 -20.5785 8.3518 4.7767 -10.8839 9.4451 0.1467 0.1606 0.1426 0.2332 0.1076 0.1997
3 16 -1.912 -31.6176 -10 4.0321 -20.4813 -2.018 -2.5317 -31.7037 -2.9446 0.1423 0.3374 0.1103 0.2716 0.1599 0.3097
3 16 -2.5317 -31.7037 -2.9446 4.0321 -20.4813 -2.018 1.3616 -20.5785 8.3518 0.1599 0.3097 0.1103 0.2716 0.1426 0.2332
3 16 -11.8843 -41.8508 -10 -1.912 -31.6176 -10 -2.5317 -31.7037 -2.9446 0.207 0.3708 0.1423 0.3374 0.1599 0.3097
3 16 -0.0519 -10.7867 19.7591 -3.2115 -20.5345 18.0639 1.3616 -20.5785 8.3518 0.1467 0.1606 0.1779 0.1975 0.1426 0.2332
3 16 -5.0671 -10.7318 27.0306 -3.2115 -20.5345 18.0639 -0.0519 -10.7867 19.7591 0.1805 0.1334 0.1779 0.1975 0.1467 0.1606
3 16 -2.5317 -31.7037 -2.9446 1.3616 -20.5785 8.3518 -4.9074 -31.6887 6.6115 0.1599 0.3097 0.1426 0.2332 0.1875 0.2735
3 16 -4.9074 -31.6887 6.6115 1.3616 -20.5785 8.3518 -3.2115 -20.5345 18.0639 0.1875 0.2735 0.1426 0.2332 0.1779 0.1975
3 16 -11.8843 -41.8508 -10 -2.5317 -31.7037 -2.9446 -12.436 -41.8975 -4.0724 0.207 0.3708 0.1599 0.3097 0.2198 0.3463
3 16 -4.9074 -31.6887 6.6115 -12.436 -41.8975 -4.0724 -2.5317 -31.7037 -2.9446 0.1875 0.2735 0.2198 0.3463 0.1599 0.3097
3 16 -25.0391 -50.327 -10 -11.8843 -41.8508 -10 -12.436 -41.8975 -4.0724 0.283 0.3985 0.207 0.3708 0.2198 0.3463
3 16 -5.0671 -10.7318 27.0306 -8.1544 -20.3499 25.1964 -3.2115 -20.5345 18.0639 0.1805 0.1334 0.2091 0.1714 0.1779 0.1975
3 16 -12.664 -10.6501 34.7088 -8.1544 -20.3499 25.1964 -5.0671 -10.7318 27.0306 0.2251 0.1052 0.2091 0.1714 0.1805 0.1334
3 16 -12.664 -10.6501 34.7088 -15.2941 -20.511 32.1957 -8.1544 -20.3499 25.1964 0.2251 0.1052 0.2491 0.1473 0.2091 0.1714
3 16 -21.428 -10.7714 40.4807 -15.2941 -20.511 32.1957 -12.664 -10.6501 34.7088 0.2732 0.0842 0.2491 0.1473 0.2251 0.1052
3 16 -12.8169 -29.3469 22.9952 -3.2115 -20.5345 18.0639 -8.1544 -20.3499 25.1964 0.2401 0.2072 0.1779 0.1975 0.2091 0.1714
3 16 -15.2941 -20.511 32.1957 -12.8169 -29.3469 22.9952 -8.1544 -20.3499 25.1964 0.2491 0.1473 0.2401 0.2072 0.2091 0.1714
3 16 -21.428 -10.7714 40.4807 -24.495 -20.8681 38.127 -15.2941 -20.511 32.1957 0.2732 0.0842 0.2964 0.1279 0.2491 0.1473
3 16 -30.2301 -10.8875 44.6584 -24.495 -20.8681 38.127 -21.428 -10.7714 40.4807 0.3191 0.0702 0.2964 0.1279 0.2732 0.0842
3 16 -4.9074 -31.6887 6.6115 -3.2115 -20.5345 18.0639 -8.7581 -30.7634 15.9398 0.1875 0.2735 0.1779 0.1975 0.2162 0.2365
3 16 -12.8169 -29.3469 22.9952 -8.7581 -30.7634 15.9398 -3.2115 -20.5345 18.0639 0.2401 0.2072 0.2162 0.2365 0.1779 0.1975
3 16 -15.2941 -20.511 32.1957 -17.9007 -29.3538 27.9838 -12.8169 -29.3469 22.9952 0.2491 0.1473 0.2674 0.19 0.2401 0.2072
3 16 -17.9007 -29.3538 27.9838 -15.2941 -20.511 32.1957 -24.495 -20.8681 38.127 0.2674 0.19 0.2491 0.1473 0.2964 0.1279
3 16 -18.3849 -34.9831 22.6838 -8.7581 -30.7634 15.9398 -12.8169 -29.3469 22.9952 0.2708 0.2255 0.2162 0.2365 0.2401 0.2072
3 16 -18.3849 -34.9831 22.6838 -12.8169 -29.3469 22.9952 -17.9007 -29.3538 27.9838 0.2708 0.2255 0.2401 0.2072 0.2674 0.19
3 16 -16.4958 -38.96 14.6497 -4.9074 -31.6887 6.6115 -8.7581 -30.7634 15.9398 0.2589 0.2659 0.1875 0.2735 0.2162 0.2365
3 16 -18.3849 -34.9831 22.6838 -16.4958 -38.96 14.6497 -8.7581 -30.7634 15.9398 0.2708 0.2255 0.2589 0.2659 0.2162 0.2365
3 16 -26.5201 -31.0772 32.5081 -18.3849 -34.9831 22.6838 -17.9007 -29.3538 27.9838 0.3104 0.1802 0.2708 0.2255 0.2674 0.19
3 16 -17.9007 -29.3538 27.9838 -24.495 -20.8681 38.127 -26.5201 -31.0772 32.5081 0.2674 0.19 0.2964 0.1279 0.3104 0.1802
3 16 -30.2301 -10.8875 44.6584 -36.7665 -19.8081 43.2587 -24.495 -20.8681 38.127 0.3191 0.0702 0.3548 0.1072 0.2964 0.1279
3 16 -41.2312 -10.9164 47.4427 -36.7665 -19.8081 43.2587 -30.2301 -10.8875 44.6584 0.3738 0.0612 0.3548 0.1072 0.3191 0.0702
3 16 -50.0029 -20.9412 44.4422 -36.7665 -19.8081 43.2587 -41.2312 -10.9164 47.4427 0.4165 0.1069 0.3548 0.1072 0.3738 0.0612
3 16 -37.5943 -32.2625 36.0283 -24.495 -20.8681 38.127 -36.7665 -19.8081 43.2587 0.3615 0.172 0.2964 0.1279 0.3548 0.1072
3 16 -37.5943 -32.2625 36.0283 -26.5201 -31.0772 32.5081 -24.495 -20.8681 38.127 0.3615 0.172 0.3104 0.1802 0.2964 0.1279
3 16 -37.5943 -32.2625 36.0283 -36.7665 -19.8081 43.2587 -50.0029 -20.9412 44.4422 0.3615 0.172 0.3548 0.1072 0.4165 0.1069
3 16 -26.5201 -31.0772 32.5081 -27.046 -39.0962 24.5053 -18.3849 -34.9831 22.6838 0.3104 0.1802 0.3135 0.2318 0.2708 0.2255
3 16 -16.4958 -38.96 14.6497 -18.3849 -34.9831 22.6838 -27.046 -39.0962 24.5053 0.2589 0.2659 0.2708 0.2255 0.3135 0.2318
3 16 -16.4958 -38.96 14.6497 -14.1476 -41.3439 5.0695 -4.9074 -31.6887 6.6115 0.2589 0.2659 0.2402 0.3086 0.1875 0.2735
3 16 -4.9074 -31.6887 6.6115 -14.1476 -41.3439 5.0695 -12.436 -41.8975 -4.0724 0.1875 0.2735 0.2402 0.3086 0.2198 0.3463
3 16 -37.9266 -41.8479 26.4198 -26.5201 -31.0772 32.5081 -37.5943 -32.2625 36.0283 0.3634 0.2336 0.3104 0.1802 0.3615 0.172
3 16 -37.9266 -41.8479 26.4198 -27.046 -39.0962 24.5053 -26.5201 -31.0772 32.5081 0.3634 0.2336 0.3135 0.2318 0.3104 0.1802
3 16 -16.4958 -38.96 14.6497 -27.046 -39.0962 24.5053 -26.3247 -44.9251 15.0014 0.2589 0.2659 0.3135 0.2318 0.3082 0.2825
3 16 -26.3247 -44.9251 15.0014 -14.1476 -41.3439 5.0695 -16.4958 -38.96 14.6497 0.3082 0.2825 0.2402 0.3086 0.2589 0.2659
3 16 -37.9266 -41.8479 26.4198 -26.3247 -44.9251 15.0014 -27.046 -39.0962 24.5053 0.3634 0.2336 0.3082 0.2825 0.3135 0.2318
3 16 -25.0153 -49.9843 -4.5532 -12.436 -41.8975 -4.0724 -14.1476 -41.3439 5.0695 0.2886 0.3738 0.2198 0.3463 0.2402 0.3086
3 16 -25.0391 -50.327 -10 -12.436 -41.8975 -4.0724 -25.0153 -49.9843 -4.5532 0.283 0.3985 0.2198 0.3463 0.2886 0.3738
3 16 -26.3247 -44.9251 15.0014 -25.4422 -48.553 4.4995 -14.1476 -41.3439 5.0695 0.3082 0.2825 0.2986 0.3324 0.2402 0.3086
3 16 -25.0153 -49.9843 -4.5532 -14.1476 -41.3439 5.0695 -25.4422 -48.553 4.4995 0.2886 0.3738 0.2402 0.3086 0.2986 0.3324
3 16 -25.0391 -50.327 -10 -25.0153 -49.9843 -4.5532 -37.9337 -54.2068 -4.63 0.283 0.3985 0.2886 0.3738 0.3553 0.388
3 16 -25.0391 -50.327 -10 -37.9337 -54.2068 -4.63 -38.0947 -54.6641 -10 0.283 0.3985 0.3553 0.388 0.3536 0.4129
3 16 -37.8302 -48.6962 15.5088 -25.4422 -48.553 4.4995 -26.3247 -44.9251 15.0014 0.3618 0.2922 0.2986 0.3324 0.3082 0.2825
3 16 -37.9266 -41.8479 26.4198 -37.8302 -48.6962 15.5088 -26.3247 -44.9251 15.0014 0.3634 0.2336 0.3618 0.2922 0.3082 0.2825
3 16 -25.0153 -49.9843 -4.5532 -25.4422 -48.553 4.4995 -37.7761 -52.7486 4.4029 0.2886 0.3738 0.2986 0.3324 0.3586 0.346
3 16 -25.0153 -49.9843 -4.5532 -37.7761 -52.7486 4.4029 -37.9337 -54.2068 -4.63 0.2886 0.3738 0.3586 0.346 0.3553 0.388
3 16 -37.8302 -48.6962 15.5088 -37.7761 -52.7486 4.4029 -25.4422 -48.553 4.4995 0.3618 0.2922 0.3586 0.346 0.2986 0.3324
3 16 -50.0208 -32.9548 37.0812 -37.9266 -41.8479 26.4198 -37.5943 -32.2625 36.0283 0.4166 0.171 0.3634 0.2336 0.3615 0.172
3 16 -37.5943 -32.2625 36.0283 -50.0029 -20.9412 44.4422 -50.0208 -32.9548 37.0812 0.3615 0.172 0.4165 0.1069 0.4166 0.171
3 16 -38.0947 -54.6641 -10 -37.9337 -54.2068 -4.63 -50 -55.6044 -4.4803 0.3536 0.4129 0.3553 0.388 0.4165 0.3914
3 16 -38.0947 -54.6641 -10 -50 -55.6044 -4.4803 -50 -55.9276 -10 0.3536 0.4129 0.4165 0.3914 0.4165 0.417
3 16 -61.9053 -54.6641 -10 -50 -55.9276 -10 -50 -55.6044 -4.4803 0.4793 0.4129 0.4165 0.417 0.4165 0.3914
3 16 -37.9337 -54.2068 -4.63 -37.7761 -52.7486 4.4029 -50.002 -54.1037 4.3727 0.3553 0.388 0.3586 0.346 0.4165 0.3504
3 16 -37.9337 -54.2068 -4.63 -50.002 -54.1037 4.3727 -50 -55.6044 -4.4803 0.3553 0.388 0.4165 0.3504 0.4165 0.3914
3 16 -61.9053 -54.6641 -10 -50 -55.6044 -4.4803 -62.0663 -54.2068 -4.63 0.4793 0.4129 0.4165 0.3914 0.4777 0.388
3 16 -50.002 -54.1037 4.3727 -62.0663 -54.2068 -4.63 -50 -55.6044 -4.4803 0.4165 0.3504 0.4777 0.388 0.4165 0.3914
3 16 -74.9609 -50.327 -10 -61.9053 -54.6641 -10 -62.0663 -54.2068 -4.63 0.55 0.3985 0.4793 0.4129 0.4777 0.388
3 16 -37.8302 -48.6962 15.5088 -37.9266 -41.8479 26.4198 -50.0236 -42.8045 27.0355 0.3618 0.2922 0.3634 0.2336 0.4166 0.2347
3 16 -50.0208 -32.9548 37.0812 -50.0236 -42.8045 27.0355 -37.9266 -41.8479 26.4198 0.4166 0.171 0.4166 0.2347 0.3634 0.2336
3 16 -37.7761 -52.7486 4.4029 -37.8302 -48.6962 15.5088 -50.0099 -50.1829 15.3228 0.3586 0.346 0.3618 0.2922 0.4166 0.2975
3 16 -37.7761 -52.7486 4.4029 -50.0099 -50.1829 15.3228 -50.002 -54.1037 4.3727 0.3586 0.346 0.4166 0.2975 0.4165 0.3504
3 16 -37.8302 -48.6962 15.5088 -50.0236 -42.8045 27.0355 -50.0099 -50.1829 15.3228 0.3618 0.2922 0.4166 0.2347 0.4166 0.2975
3 16 -50.002 -54.1037 4.3727 -62.1891 -52.8095 4.1947 -62.0663 -54.2068 -4.63 0.4165 0.3504 0.4744 0.347 0.4777 0.388
3 16 -50.0099 -50.1829 15.3228 -62.1891 -52.8095 4.1947 -50.002 -54.1037 4.3727 0.4166 0.2975 0.4744 0.347 0.4165 0.3504
3 16 -74.9609 -50.327 -10 -62.0663 -54.2068 -4.63 -74.9847 -49.9843 -4.5532 0.55 0.3985 0.4777 0.388 0.5444 0.3738
3 16 -62.1891 -52.8095 4.1947 -74.9847 -49.9843 -4.5532 -62.0663 -54.2068 -4.63 0.4744 0.347 0.5444 0.3738 0.4777 0.388
3 16 -62.1598 -48.7847 15.3257 -50.0099 -50.1829 15.3228 -50.0236 -42.8045 27.0355 0.4713 0.2931 0.4166 0.2975 0.4166 0.2347
3 16 -50.0099 -50.1829 15.3228 -62.1598 -48.7847 15.3257 -62.1891 -52.8095 4.1947 0.4166 0.2975 0.4713 0.2931 0.4744 0.347
3 16 -62.0665 -41.9084 26.3465 -50.0236 -42.8045 27.0355 -50.0208 -32.9548 37.0812 0.4696 0.2341 0.4166 0.2347 0.4166 0.171
3 16 -62.1598 -48.7847 15.3257 -50.0236 -42.8045 27.0355 -62.0665 -41.9084 26.3465 0.4713 0.2931 0.4166 0.2347 0.4696 0.2341
3 16 -74.2314 -48.1217 3.8938 -62.1891 -52.8095 4.1947 -62.1598 -48.7847 15.3257 0.5345 0.3346 0.4744 0.347 0.4713 0.2931
3 16 -62.1891 -52.8095 4.1947 -74.2314 -48.1217 3.8938 -74.9847 -49.9843 -4.5532 0.4744 0.347 0.5345 0.3346 0.5444 0.3738
3 16 -87.564 -41.8975 -4.0724 -74.9609 -50.327 -10 -74.9847 -49.9843 -4.5532 0.6132 0.3463 0.55 0.3985 0.5444 0.3738
3 16 -87.564 -41.8975 -4.0724 -88.1157 -41.8508 -10 -74.9609 -50.327 -10 0.6132 0.3463 0.626 0.3708 0.55 0.3985
3 16 -74.2314 -48.1217 3.8938 -62.1598 -48.7847 15.3257 -73.6202 -45.1133 14.6528 0.5345 0.3346 0.4713 0.2931 0.5248 0.2844
3 16 -62.0665 -41.9084 26.3465 -73.6202 -45.1133 14.6528 -62.1598 -48.7847 15.3257 0.4696 0.2341 0.5248 0.2844 0.4713 0.2931
3 16 -74.9847 -49.9843 -4.5532 -74.2314 -48.1217 3.8938 -85.4628 -40.9722 4.6325 0.5444 0.3738 0.5345 0.3346 0.5929 0.31
3 16 -74.9847 -49.9843 -4.5532 -85.4628 -40.9722 4.6325 -87.564 -41.8975 -4.0724 0.5444 0.3738 0.5929 0.31 0.6132 0.3463
3 16 -85.4628 -40.9722 4.6325 -74.2314 -48.1217 3.8938 -73.6202 -45.1133 14.6528 0.5929 0.31 0.5345 0.3346 0.5248 0.2844
3 16 -97.4683 -31.7037 -2.9446 -88.1157 -41.8508 -10 -87.564 -41.8975 -4.0724 0.6731 0.3097 0.626 0.3708 0.6132 0.3463
3 16 -97.4683 -31.7037 -2.9446 -98.088 -31.6176 -10 -88.1157 -41.8508 -10 0.6731 0.3097 0.6906 0.3374 0.626 0.3708
3 16 -87.564 -41.8975 -4.0724 -85.4628 -40.9722 4.6325 -95.2007 -31.5679 6.4711 0.6132 0.3463 0.5929 0.31 0.6463 0.2737
3 16 -87.564 -41.8975 -4.0724 -95.2007 -31.5679 6.4711 -97.4683 -31.7037 -2.9446 0.6132 0.3463 0.6463 0.2737 0.6731 0.3097
3 16 -85.4628 -40.9722 4.6325 -73.6202 -45.1133 14.6528 -83.4401 -39.1471 14.3894 0.5929 0.31 0.5248 0.2844 0.5739 0.2675
3 16 -83.4401 -39.1471 14.3894 -95.2007 -31.5679 6.4711 -85.4628 -40.9722 4.6325 0.5739 0.2675 0.6463 0.2737 0.5929 0.31
3 16 -104.0321 -20.4813 -2.018 -98.088 -31.6176 -10 -97.4683 -31.7037 -2.9446 0.7227 0.2716 0.6906 0.3374 0.6731 0.3097
3 16 -104.0321 -20.4813 -2.018 -104.5658 -20.4074 -10 -98.088 -31.6176 -10 0.7227 0.2716 0.7443 0.302 0.6906 0.3374
3 16 -97.4683 -31.7037 -2.9446 -95.2007 -31.5679 6.4711 -101.4378 -20.4593 8.3738 0.6731 0.3097 0.6463 0.2737 0.6909 0.2328
3 16 -97.4683 -31.7037 -2.9446 -101.4378 -20.4593 8.3738 -104.0321 -20.4813 -2.018 0.6731 0.3097 0.6909 0.2328 0.7227 0.2716
3 16 -104.0321 -20.4813 -2.018 -101.4378 -20.4593 8.3738 -104.7767 -10.8839 9.4451 0.7227 0.2716 0.6909 0.2328 0.7254 0.1997
3 16 -107.4806 -10.9429 -1.5245 -104.5658 -20.4074 -10 -104.0321 -20.4813 -2.018 0.7598 0.2409 0.7443 0.302 0.7227 0.2716
3 16 -104.0321 -20.4813 -2.018 -104.7767 -10.8839 9.4451 -107.4806 -10.9429 -1.5245 0.7227 0.2716 0.7254 0.1997 0.7598 0.2409
3 16 -105.8171 -3.6652 9.9545 -107.4806 -10.9429 -1.5245 -104.7767 -10.8839 9.4451 0.7494 0.1758 0.7598 0.2409 0.7254 0.1997
3 16 -107.4806 -10.9429 -1.5245 -108.2274 -10.9154 -10 -104.5658 -20.4074 -10 0.7598 0.2409 0.784 0.2724 0.7443 0.302
3 16 -107.4806 -10.9429 -1.5245 -109.9997 -0.0027 -10 -108.2274 -10.9154 -10 0.7598 0.2409 0.8252 0.2397 0.784 0.2724
3 16 -107.4806 -10.9429 -1.5245 -109.2656 -0.0122 -1.1538 -109.9997 -0.0027 -10 0.7598 0.2409 0.7989 0.2068 0.8252 0.2397
3 16 -105.8171 -3.6652 9.9545 -109.2656 -0.0122 -1.1538 -107.4806 -10.9429 -1.5245 0.7494 0.1758 0.7989 0.2068 0.7598 0.2409
3 16 -105.8171 -3.6652 9.9545 -106.3454 -0.0002 10.2132 -109.2656 -0.0122 -1.1538 0.7494 0.1758 0.7618 0.1639 0.7989 0.2068
3 16 -105.8171 -3.6652 9.9545 -105.2946 -0.0002 13.2666 -106.3454 -0.0002 10.2132 0.7494 0.1758 0.7512 0.1524 0.7618 0.1639
3 16 -104.8569 -0.4165 14.2255 -105.2946 -0.0002 13.2666 -105.8171 -3.6652 9.9545 0.7463 0.1502 0.7512 0.1524 0.7494 0.1758
3 16 -104.8569 -0.4165 14.2255 -105.8171 -3.6652 9.9545 -104.5377 -1.5096 14.6751 0.7463 0.1502 0.7494 0.1758 0.7408 0.1518
3 16 -105.8171 -3.6652 9.9545 -104.1863 -3.774 14.827 -104.5377 -1.5096 14.6751 0.7494 0.1758 0.7321 0.158 0.7408 0.1518
3 16 -104.1863 -3.774 14.827 -105.8171 -3.6652 9.9545 -104.7767 -10.8839 9.4451 0.7321 0.158 0.7494 0.1758 0.7254 0.1997
3 16 -104.1863 -3.774 14.827 -104.7767 -10.8839 9.4451 -103.8065 -4.8708 15.2655 0.7321 0.158 0.7254 0.1997 0.7263 0.1594
3 16 -104.7767 -10.8839 9.4451 -103.205 -5.25 16.3438 -103.8065 -4.8708 15.2655 0.7254 0.1997 0.7205 0.1561 0.7263 0.1594
3 16 -99.9481 -10.7867 19.7591 -103.205 -5.25 16.3438 -104.7767 -10.8839 9.4451 0.6863 0.1606 0.7205 0.1561 0.7254 0.1997
3 16 -99.9481 -10.7867 19.7591 -100.9195 -5.25 20.3867 -103.205 -5.25 16.3438 0.6863 0.1606 0.7027 0.1401 0.7205 0.1561
3 16 -98.0326 -5.2499 24.8836 -100.9195 -5.25 20.3867 -99.9481 -10.7867 19.7591 0.6815 0.1223 0.7027 0.1401 0.6863 0.1606
3 16 -101.4378 -20.4593 8.3738 -99.9481 -10.7867 19.7591 -104.7767 -10.8839 9.4451 0.6909 0.2328 0.6863 0.1606 0.7254 0.1997
3 16 -98.0326 -5.2499 24.8836 -99.9481 -10.7867 19.7591 -94.9329 -10.7318 27.0306 0.6815 0.1223 0.6863 0.1606 0.6525 0.1334
3 16 -94.9329 -10.7318 27.0306 -97.4122 -4.8154 25.8686 -98.0326 -5.2499 24.8836 0.6525 0.1334 0.6777 0.1167 0.6815 0.1223
3 16 -101.4378 -20.4593 8.3738 -96.623 -20.1241 18.1422 -99.9481 -10.7867 19.7591 0.6909 0.2328 0.6555 0.1958 0.6863 0.1606
3 16 -96.623 -20.1241 18.1422 -94.9329 -10.7318 27.0306 -99.9481 -10.7867 19.7591 0.6555 0.1958 0.6525 0.1334 0.6863 0.1606
3 16 -95.6256 -5.8769 27.7577 -97.4122 -4.8154 25.8686 -94.9329 -10.7318 27.0306 0.6643 0.1136 0.6777 0.1167 0.6525 0.1334
3 16 -95.6256 -5.8769 27.7577 -94.9329 -10.7318 27.0306 -87.336 -10.6501 34.7088 0.6643 0.1136 0.6525 0.1334 0.6079 0.1052
3 16 -95.6256 -5.8769 27.7577 -97.2231 -3.7426 26.3731 -97.4122 -4.8154 25.8686 0.6643 0.1136 0.678 0.1105 0.6777 0.1167
3 16 -96.0854 -1.5181 28.2094 -97.2231 -3.7426 26.3731 -95.6256 -5.8769 27.7577 0.6747 0.0957 0.678 0.1105 0.6643 0.1136
3 16 -96.0854 -1.5181 28.2094 -97.2252 -1.4242 26.8133 -97.2231 -3.7426 26.3731 0.6747 0.0957 0.6821 0.0999 0.678 0.1105
3 16 -96.9138 -0.3658 27.3595 -97.2252 -1.4242 26.8133 -96.0854 -1.5181 28.2094 0.6822 0.0941 0.6821 0.0999 0.6747 0.0957
3 16 -96.2994 -0.0037 28.1595 -96.9138 -0.3658 27.3595 -96.0854 -1.5181 28.2094 0.6791 0.0901 0.6822 0.0941 0.6747 0.0957
3 16 -88.0635 -5.8194 35.3762 -96.0854 -1.5181 28.2094 -95.6256 -5.8769 27.7577 0.6192 0.0856 0.6747 0.0957 0.6643 0.1136
3 16 -95.6256 -5.8769 27.7577 -87.336 -10.6501 34.7088 -88.0635 -5.8194 35.3762 0.6643 0.1136 0.6079 0.1052 0.6192 0.0856
3 16 -88.4778 -1.5181 35.8171 -96.2994 -0.0037 28.1595 -96.0854 -1.5181 28.2094 0.6293 0.0683 0.6791 0.0901 0.6747 0.0957
3 16 -88.0635 -5.8194 35.3762 -88.4778 -1.5181 35.8171 -96.0854 -1.5181 28.2094 0.6192 0.0856 0.6293 0.0683 0.6747 0.0957
3 16 -88.4778 -1.5181 35.8171 -88.143 0 36.2688 -96.2994 -0.0037 28.1595 0.6293 0.0683 0.6305 0.0608 0.6791 0.0901
3 16 -88.143 0 36.2688 -88.4778 -1.5181 35.8171 -87.3394 -0.3696 36.9295 0.6305 0.0608 0.6293 0.0683 0.6253 0.0599
3 16 -87.3394 -0.3696 36.9295 -88.4778 -1.5181 35.8171 -86.843 -1.1552 37.1737 0.6253 0.0599 0.6293 0.0683 0.6212 0.0619
3 16 -86.3099 -3.8435 37.2026 -86.843 -1.1552 37.1737 -88.4778 -1.5181 35.8171 0.6128 0.0717 0.6212 0.0619 0.6293 0.0683
3 16 -86.3099 -3.8435 37.2026 -88.4778 -1.5181 35.8171 -88.0635 -5.8194 35.3762 0.6128 0.0717 0.6293 0.0683 0.6192 0.0856
3 16 -85.6998 -4.9071 37.4579 -86.3099 -3.8435 37.2026 -88.0635 -5.8194 35.3762 0.6071 0.0744 0.6128 0.0717 0.6192 0.0856
3 16 -87.336 -10.6501 34.7088 -85.6998 -4.9071 37.4579 -88.0635 -5.8194 35.3762 0.6079 0.1052 0.6071 0.0744 0.6192 0.0856
3 16 -85.6998 -4.9071 37.4579 -87.336 -10.6501 34.7088 -84.6561 -5.2581 38.197 0.6071 0.0744 0.6079 0.1052 0.6002 0.0727
3 16 -78.572 -10.7714 40.4807 -84.6561 -5.2581 38.197 -87.336 -10.6501 34.7088 0.5598 0.0842 0.6002 0.0727 0.6079 0.1052
3 16 -78.572 -10.7714 40.4807 -80.655 -5.25 40.6512 -84.6561 -5.2581 38.197 0.5598 0.0842 0.5772 0.0627 0.6002 0.0727
3 16 -76.0889 -5.2459 43.3457 -80.655 -5.25 40.6512 -78.572 -10.7714 40.4807 0.5508 0.0524 0.5772 0.0627 0.5598 0.0842
3 16 -78.572 -10.7714 40.4807 -69.7699 -10.8875 44.6584 -76.0889 -5.2459 43.3457 0.5598 0.0842 0.5138 0.0702 0.5508 0.0524
3 16 -76.0889 -5.2459 43.3457 -69.7699 -10.8875 44.6584 -75.2154 -4.8338 43.8363 0.5508 0.0524 0.5138 0.0702 0.5458 0.0487
3 16 -69.7699 -10.8875 44.6584 -70.2598 -4.5045 45.7201 -75.2154 -4.8338 43.8363 0.5138 0.0702 0.5199 0.0409 0.5458 0.0487
3 16 -75.2154 -4.8338 43.8363 -70.2598 -4.5045 45.7201 -74.8432 -3.9157 44.1578 0.5458 0.0487 0.5199 0.0409 0.5439 0.0435
3 16 -70.2598 -4.5045 45.7201 -74.667 -1.5032 44.5526 -74.8432 -3.9157 44.1578 0.5199 0.0409 0.5441 0.0316 0.5439 0.0435
3 16 -70.2598 -4.5045 45.7201 -74.2257 -0.4062 44.8578 -74.667 -1.5032 44.5526 0.5199 0.0409 0.5427 0.026 0.5441 0.0316
3 16 -70.2598 -4.5045 45.7201 -73.1961 0 45.3344 -74.2257 -0.4062 44.8578 0.5199 0.0409 0.5377 0.023 0.5427 0.026
3 16 -70.2598 -4.5045 45.7201 -70.4859 0 46.3264 -73.1961 0 45.3344 0.5199 0.0409 0.5236 0.0199 0.5377 0.023
3 16 -59.1328 -0.0035 49.2223 -70.4859 0 46.3264 -70.2598 -4.5045 45.7201 0.4642 0.0104 0.5236 0.0199 0.5199 0.0409
3 16 -70.2598 -4.5045 45.7201 -58.7688 -10.9164 47.4427 -59.1328 -0.0035 49.2223 0.5199 0.0409 0.4592 0.0612 0.4642 0.0104
3 16 -70.2598 -4.5045 45.7201 -69.7699 -10.8875 44.6584 -58.7688 -10.9164 47.4427 0.5199 0.0409 0.5138 0.0702 0.4592 0.0612
3 16 -50 -0.0131 49.9971 -59.1328 -0.0035 49.2223 -58.7688 -10.9164 47.4427 0.4165 0.0078 0.4642 0.0104 0.4592 0.0612
3 16 -50 -0.0131 49.9971 -58.7688 -10.9164 47.4427 -50 -10.8662 48.1893 0.4165 0.0078 0.4592 0.0612 0.4165 0.0585
3 16 -41.2312 -10.9164 47.4427 -50 -0.0131 49.9971 -50 -10.8662 48.1893 0.3738 0.0612 0.4165 0.0078 0.4165 0.0585
3 16 -50.0029 -20.9412 44.4422 -41.2312 -10.9164 47.4427 -50 -10.8662 48.1893 0.4165 0.1069 0.3738 0.0612 0.4165 0.0585
3 16 -50.0029 -20.9412 44.4422 -50 -10.8662 48.1893 -58.7688 -10.9164 47.4427 0.4165 0.1069 0.4165 0.0585 0.4592 0.0612
3 16 -63.2423 -19.8128 43.2543 -58.7688 -10.9164 47.4427 -69.7699 -10.8875 44.6584 0.4782 0.1072 0.4592 0.0612 0.5138 0.0702
3 16 -50.0029 -20.9412 44.4422 -58.7688 -10.9164 47.4427 -63.2423 -19.8128 43.2543 0.4165 0.1069 0.4592 0.0612 0.4782 0.1072
3 16 -69.7699 -10.8875 44.6584 -75.5271 -20.8679 38.1167 -63.2423 -19.8128 43.2543 0.5138 0.0702 0.5368 0.1279 0.4782 0.1072
3 16 -69.7699 -10.8875 44.6584 -78.572 -10.7714 40.4807 -75.5271 -20.8679 38.1167 0.5138 0.0702 0.5598 0.0842 0.5368 0.1279
3 16 -50.0029 -20.9412 44.4422 -63.2423 -19.8128 43.2543 -62.4572 -32.3055 35.9871 0.4165 0.1069 0.4782 0.1072 0.4718 0.1723
3 16 -75.5271 -20.8679 38.1167 -62.4572 -32.3055 35.9871 -63.2423 -19.8128 43.2543 0.5368 0.1279 0.4718 0.1723 0.4782 0.1072
3 16 -50.0029 -20.9412 44.4422 -62.4572 -32.3055 35.9871 -50.0208 -32.9548 37.0812 0.4165 0.1069 0.4718 0.1723 0.4166 0.171
3 16 -62.0665 -41.9084 26.3465 -50.0208 -32.9548 37.0812 -62.4572 -32.3055 35.9871 0.4696 0.2341 0.4166 0.171 0.4718 0.1723
3 16 -62.0665 -41.9084 26.3465 -62.4572 -32.3055 35.9871 -73.4315 -31.138 32.4925 0.4696 0.2341 0.4718 0.1723 0.5224 0.1805
3 16 -75.5271 -20.8679 38.1167 -73.4315 -31.138 32.4925 -62.4572 -32.3055 35.9871 0.5368 0.1279 0.5224 0.1805 0.4718 0.1723
3 16 -84.7852 -20.4258 32.1759 -75.5271 -20.8679 38.1167 -78.572 -10.7714 40.4807 0.5844 0.1471 0.5368 0.1279 0.5598 0.0842
3 16 -84.7852 -20.4258 32.1759 -78.572 -10.7714 40.4807 -87.336 -10.6501 34.7088 0.5844 0.1471 0.5598 0.0842 0.6079 0.1052
3 16 -62.0665 -41.9084 26.3465 -73.4315 -31.138 32.4925 -72.8929 -39.2425 24.3557 0.4696 0.2341 0.5224 0.1805 0.5193 0.2328
3 16 -62.0665 -41.9084 26.3465 -72.8929 -39.2425 24.3557 -73.6202 -45.1133 14.6528 0.4696 0.2341 0.5193 0.2328 0.5248 0.2844
3 16 -72.8929 -39.2425 24.3557 -83.4401 -39.1471 14.3894 -73.6202 -45.1133 14.6528 0.5193 0.2328 0.5739 0.2675 0.5248 0.2844
3 16 -82.1152 -29.4089 27.924 -73.4315 -31.138 32.4925 -75.5271 -20.8679 38.1167 0.5657 0.1904 0.5224 0.1805 0.5368 0.1279
3 16 -82.1152 -29.4089 27.924 -75.5271 -20.8679 38.1167 -84.7852 -20.4258 32.1759 0.5657 0.1904 0.5368 0.1279 0.5844 0.1471
3 16 -81.5666 -35.1646 22.4996 -72.8929 -39.2425 24.3557 -73.4315 -31.138 32.4925 0.5621 0.2268 0.5193 0.2328 0.5224 0.1805
3 16 -72.8929 -39.2425 24.3557 -81.5666 -35.1646 22.4996 -83.4401 -39.1471 14.3894 0.5193 0.2328 0.5621 0.2268 0.5739 0.2675
3 16 -81.5666 -35.1646 22.4996 -73.4315 -31.138 32.4925 -82.1152 -29.4089 27.924 0.5621 0.2268 0.5224 0.1805 0.5657 0.1904
3 16 -87.336 -10.6501 34.7088 -92.0844 -20.1568 25.0628 -84.7852 -20.4258 32.1759 0.6079 0.1052 0.6254 0.1713 0.5844 0.1471
3 16 -87.336 -10.6501 34.7088 -94.9329 -10.7318 27.0306 -92.0844 -20.1568 25.0628 0.6079 0.1052 0.6525 0.1334 0.6254 0.1713
3 16 -96.623 -20.1241 18.1422 -92.0844 -20.1568 25.0628 -94.9329 -10.7318 27.0306 0.6555 0.1958 0.6254 0.1713 0.6525 0.1334
3 16 -84.7852 -20.4258 32.1759 -87.2974 -29.4227 22.7985 -82.1152 -29.4089 27.924 0.5844 0.1471 0.5935 0.2082 0.5657 0.1904
3 16 -84.7852 -20.4258 32.1759 -92.0844 -20.1568 25.0628 -87.2974 -29.4227 22.7985 0.5844 0.1471 0.6254 0.1713 0.5935 0.2082
3 16 -87.2974 -29.4227 22.7985 -81.5666 -35.1646 22.4996 -82.1152 -29.4089 27.924 0.5935 0.2082 0.5621 0.2268 0.5657 0.1904
3 16 -96.623 -20.1241 18.1422 -87.2974 -29.4227 22.7985 -92.0844 -20.1568 25.0628 0.6555 0.1958 0.5935 0.2082 0.6254 0.1713
3 16 -81.5666 -35.1646 22.4996 -91.2856 -30.719 15.922 -83.4401 -39.1471 14.3894 0.5621 0.2268 0.6171 0.2365 0.5739 0.2675
3 16 -81.5666 -35.1646 22.4996 -87.2974 -29.4227 22.7985 -91.2856 -30.719 15.922 0.5621 0.2268 0.5935 0.2082 0.6171 0.2365
3 16 -96.623 -20.1241 18.1422 -91.2856 -30.719 15.922 -87.2974 -29.4227 22.7985 0.6555 0.1958 0.6171 0.2365 0.5935 0.2082
3 16 -83.4401 -39.1471 14.3894 -91.2856 -30.719 15.922 -95.2007 -31.5679 6.4711 0.5739 0.2675 0.6171 0.2365 0.6463 0.2737
3 16 -101.4378 -20.4593 8.3738 -91.2856 -30.719 15.922 -96.623 -20.1241 18.1422 0.6909 0.2328 0.6171 0.2365 0.6555 0.1958
3 16 -101.4378 -20.4593 8.3738 -95.2007 -31.5679 6.4711 -91.2856 -30.719 15.922 0.6909 0.2328 0.6463 0.2737 0.6171 0.2365
2 24 -75.2154 -4.8338 43.8363 -76.0889 -5.2459 43.3457
2 24 -75.2154 -4.8338 43.8363 -73.1451 -5.25 40.9761
2 24 -76.0889 -5.2459 43.3457 -80.655 -5.25 40.6512
2 24 -73.1451 -5.25 40.9761 -68.9625 -5.2324 42.6572
2 24 -68.9625 -5.2324 42.6572 -68.9992 -5.25 28.5792
2 24 -75.5352 -5.25 35.6844 -70.7141 -5.2492 27.6819
2 24 -68.9992 -5.25 28.5792 -70.7141 -5.2492 27.6819
2 24 -75.5352 -5.25 35.6844 -78.292 -5.235 33.995
2 24 -80.655 -5.25 40.6512 -84.6561 -5.2581 38.197
2 24 -84.6561 -5.2581 38.197 -85.6998 -4.9071 37.4579
2 24 -83.065 -5.25 34.2593 -85.6998 -4.9071 37.4579
2 24 -83.065 -5.25 34.2593 -81.9081 -5.2219 31.0653
2 24 -78.292 -5.235 33.995 -73.9055 -5.2377 26.6412
2 24 -81.9081 -5.2219 31.0653 -82.1164 -5.2219 27.8876
2 24 -73.9055 -5.2377 26.6412 -76.101 -5.25 25.0802
2 24 -82.1164 -5.2219 27.8876 -83.5249 -5.2219 25.0315
2 24 -74.5685 -5.25 21.5656 -73.8257 -4.9534 22.3009
2 24 -76.101 -5.25 25.0802 -73.8257 -4.9534 22.3009
2 24 -74.5685 -5.25 21.5656 -81.611 -5.25 14.5018
2 24 -86.5921 -5.2241 17.397 -82.3463 -4.9534 13.759
2 24 -81.611 -5.25 14.5018 -82.3463 -4.9534 13.759
2 24 -83.5249 -5.2219 25.0315 -85.9191 -5.2219 22.9317
2 24 -85.9191 -5.2219 22.9317 -88.9347 -5.2219 21.9081
2 24 -88.9347 -5.2219 21.9081 -89 -5.2241 18.0696
2 24 -86.5921 -5.2241 17.397 -89 -5.2241 18.0696
2 24 -74.8432 -3.9157 44.1578 -75.2154 -4.8338 43.8363
2 24 -75.2154 -4.8338 43.8363 -73.1451 -5.25 40.9761
2 24 -73.1451 -5.25 40.9761 -72.4835 0 41.2974
2 24 -74.8432 -3.9157 44.1578 -74.667 -1.5032 44.5526
2 24 -74.667 -1.5032 44.5526 -74.2257 -0.4062 44.8578
2 24 -72.4835 0 41.2974 -74.2257 -0.4062 44.8578
2 24 -73.1961 0 45.3344 -74.2257 -0.4062 44.8578
2 24 -74.2257 -0.4062 44.8578 -72.4835 0 41.2974
2 24 -72.4835 0 41.2974 -68.9477 0 42.6781
2 24 -73.1961 0 45.3344 -70.4859 0 46.3264
2 24 -65.6642 0 45.4392 -64.25 0 46.025
2 24 -65.6642 0 45.4392 -66.2426 0 43.9082
2 24 -70.4859 0 46.3264 -59.1328 -0.0035 49.2223
2 24 -66.2426 0 43.9082 -66.2426 0 31.9057
2 24 -64.25 0 46.025 -50 0 46.025
2 24 -59.1328 -0.0035 49.2223 -50 -0.0131 49.9971
2 24 -50 -0.0131 49.9971 -40.8672 -0.0035 49.2223
2 24 -50 0 46.025 -35.75 0 46.025
2 24 -68.9477 0 42.6781 -68.9609 0 28.5883
2 24 -40.8672 -0.0035 49.2223 -29.5141 0 46.3264
2 24 -66.2426 0 31.9057 -65.6894 0 30.9221
2 24 -35.75 0 46.025 -34.3358 0 45.4392
2 24 -65.6894 0 30.9221 -64.713 0 31.1307
2 24 -68.9609 0 28.5883 -70.714 -0.0007 27.682
2 24 -34.3358 0 45.4392 -33.7574 0 43.9082
2 24 -29.5141 0 46.3264 -26.8039 0 45.3344
2 24 -33.7574 0 43.9082 -33.7574 0 31.9057
2 24 -31.0523 0 42.6781 -27.5165 0 41.2974
2 24 -27.5165 0 41.2974 -25.7743 -0.4062 44.8578
2 24 -26.8039 0 45.3344 -25.7743 -0.4062 44.8578
2 24 -31.0523 0 42.6781 -31.0391 0 28.5883
2 24 -33.7574 0 31.9057 -34.3106 0 30.9221
2 24 -66.2732 0 26.5401 -57.1748 0 29.2657
2 24 -64.713 0 31.1307 -62.325 0 33.525
2 24 -62.325 0 33.525 -50 0 33.525
2 24 -57.1748 0 29.2657 -50 0 30.0687
2 24 -50 0 30.0687 -42.8252 0 29.2657
2 24 -50 0 33.525 -37.675 0 33.525
2 24 -37.675 0 33.525 -35.287 0 31.1307
2 24 -42.8252 0 29.2657 -33.7268 0 26.5401
2 24 -34.3106 0 30.9221 -35.287 0 31.1307
2 24 -31.0391 0 28.5883 -29.286 -0.0007 27.682
2 24 -33.7268 0 26.5401 -28.2999 0 23.7655
2 24 -29.286 -0.0007 27.682 -24.4884 -0.0046 35.6778
2 24 -24.4884 -0.0046 35.6778 -21.6997 -0.0431 34.0088
2 24 -26.1107 -0.0125 26.6572 -21.6997 -0.0431 34.0088
2 24 -26.1107 -0.0125 26.6572 -24.5358 -0.0055 25.5222
2 24 -28.2999 0 23.7655 -27.5158 -0.5373 23.0815
2 24 -24.5358 -0.0055 25.5222 -27.5158 -0.5373 23.0815
2 24 -87.3394 -0.3696 36.9295 -88.143 0 36.2688
2 24 -87.3394 -0.3696 36.9295 -82.222 0 32.3489
2 24 -86.3018 -0.0141 33.585 -83.8505 -0.0141 31.1154
2 24 -82.222 0 32.3489 -81.9081 -0.0141 31.0653
2 24 -83.8505 -0.0141 31.1154 -83.963 -0.0141 28.3824
2 24 -81.9081 -0.0141 31.0653 -82.1164 -0.0141 27.8876
2 24 -83.963 -0.0141 28.3824 -85.0415 -0.0141 26.1953
2 24 -82.1164 -0.0141 27.8876 -83.5249 -0.0141 25.0315
2 24 -85.0415 -0.0141 26.1953 -86.875 -0.0141 24.5874
2 24 -83.5249 -0.0141 25.0315 -85.9191 -0.0141 22.9317
2 24 -86.3018 -0.0141 33.585 -93.5939 -0.0141 26.3107
2 24 -86.875 -0.0141 24.5874 -89.1842 -0.0141 23.8035
2 24 -88.143 0 36.2688 -96.2994 -0.0037 28.1595
2 24 -85.9191 -0.0141 22.9317 -89.009 0 21.9445
2 24 -92.3062 -0.0141 22.2094 -96.9138 -0.3658 27.3595
2 24 -96.2994 -0.0037 28.1595 -96.9138 -0.3658 27.3595
2 24 -93.5939 -0.0141 26.3107 -91.1568 -0.0141 23.8404
2 24 -92.3062 -0.0141 22.2094 -91.0352 0 21.9415
2 24 -89.1842 -0.0141 23.8035 -91.1568 -0.0141 23.8404
2 24 -91.0352 0 21.9415 -90.9973 0 18.0654
2 24 -89.009 0 21.9445 -89.0053 0 18.0723
2 24 -90.9973 0 18.0654 -94.0809 0 17.0683
2 24 -90.8188 0 16.1955 -89.3176 0 16.212
2 24 -90.8188 0 16.1955 -93.125 0 15.4127
2 24 -89.0053 0 18.0723 -88.6428 0 17.9953
2 24 -93.125 0 15.4127 -94.953 0 13.8073
2 24 -94.0809 0 17.0683 -96.5244 0 15.0374
2 24 -96.5244 0 15.0374 -97.8836 0 12.1124
2 24 -94.953 0 13.8073 -96.037 0 11.6176
2 24 -96.037 0 11.6176 -96.1965 0 9.1842
2 24 -97.8836 0 12.1124 -98.0919 0 8.9347
2 24 -96.1965 0 9.1842 -95.4127 0 6.875
2 24 -98.0919 0 8.9347 -97.0683 0 5.9191
2 24 -97.0683 0 5.9191 -94.9622 0 3.5285
2 24 -95.4127 0 6.875 -93.8019 0 5.0397
2 24 -94.9622 0 3.5285 -91.2929 0 1.9418
2 24 -89.3176 0 16.212 -86.2532 0 13.1235
2 24 -93.8019 0 5.0397 -90.702 0 3.7767
2 24 -83.7879 0 11.6693 -83.2083 -0.4585 12.5437
2 24 -88.6428 0 17.9953 -83.2083 -0.4585 12.5437
2 24 -83.7879 0 11.6693 -86.5601 0 6.2275
2 24 -86.2532 0 13.1235 -90.702 0 3.7767
2 24 -86.5601 0 6.2275 -89.218 -0.0101 -2.6069
2 24 -91.2929 0 1.9418 -92.2697 -0.0671 -2.1089
2 24 -92.2697 -0.0671 -2.1089 -92.8851 0 -6.2716
2 24 -89.218 -0.0101 -2.6069 -89.9956 0 -10
2 24 -92.8851 0 -6.2716 -106.0597 0 -6.3126
2 24 -89.9956 0 -10 -109.9997 -0.0027 -10
2 24 -109.9997 -0.0027 -10 -109.2656 -0.0122 -1.1538
2 24 -106.0597 0 -6.3126 -106.018 -0.0103 2.927
2 24 -109.2656 -0.0122 -1.1538 -106.3454 -0.0002 10.2132
2 24 -106.018 -0.0103 2.927 -105.0708 -0.0058 4.617
2 24 -105.0708 -0.0058 4.617 -103.6755 0 5.9609
2 24 -103.6755 0 5.9609 -101.2818 -0.0062 12.4752
2 24 -106.3454 -0.0002 10.2132 -105.2946 -0.0002 13.2666
2 24 -101.2818 -0.0062 12.4752 -104.8569 -0.4165 14.2255
2 24 -105.2946 -0.0002 13.2666 -104.8569 -0.4165 14.2255
2 24 -85.6998 -4.9071 37.4579 -86.3099 -3.8435 37.2026
2 24 -85.6998 -4.9071 37.4579 -83.065 -5.25 34.2593
2 24 -86.3099 -3.8435 37.2026 -86.843 -1.1552 37.1737
2 24 -83.065 -5.25 34.2593 -82.222 0 32.3489
2 24 -86.843 -1.1552 37.1737 -87.3394 -0.3696 36.9295
2 24 -82.222 0 32.3489 -87.3394 -0.3696 36.9295
2 24 -104.5377 -1.5096 14.6751 -104.8569 -0.4165 14.2255
2 24 -101.2818 -0.0062 12.4752 -104.8569 -0.4165 14.2255
2 24 -104.5377 -1.5096 14.6751 -104.1863 -3.774 14.827
2 24 -101.2818 -0.0062 12.4752 -100.9735 -5.25 13.1426
2 24 -100.9735 -5.25 13.1426 -103.8065 -4.8708 15.2655
2 24 -104.1863 -3.774 14.827 -103.8065 -4.8708 15.2655
2 24 -75.4642 -0.0055 25.5222 -72.4842 -0.5373 23.0815
2 24 -71.7001 0 23.7655 -72.4842 -0.5373 23.0815
2 24 -75.4642 -0.0055 25.5222 -73.8894 -0.0125 26.6572
2 24 -66.2732 0 26.5401 -71.7001 0 23.7655
2 24 -70.714 -0.0007 27.682 -75.5116 -0.0046 35.6778
2 24 -73.8894 -0.0125 26.6572 -78.3003 -0.0431 34.0088
2 24 -75.5116 -0.0046 35.6778 -78.3003 -0.0431 34.0088
2 24 -83.065 -5.25 34.2593 -82.222 0 32.3489
2 24 -83.065 -5.25 34.2593 -81.9081 -5.2219 31.0653
2 24 -82.222 0 32.3489 -81.9081 -0.0141 31.0653
2 24 -81.9081 -0.0141 31.0653 -82.1164 -0.0141 27.8876
2 24 -81.9081 -5.2219 31.0653 -82.1164 -5.2219 27.8876
2 24 -82.1164 -0.0141 27.8876 -83.5249 -0.0141 25.0315
2 24 -82.1164 -5.2219 27.8876 -83.5249 -5.2219 25.0315
2 24 -83.5249 -0.0141 25.0315 -85.9191 -0.0141 22.9317
2 24 -83.5249 -5.2219 25.0315 -85.9191 -5.2219 22.9317
2 24 -85.9191 -5.2219 22.9317 -88.9347 -5.2219 21.9081
2 24 -85.9191 -0.0141 22.9317 -89.009 0 21.9445
2 24 -88.9347 -5.2219 21.9081 -89.009 0 21.9445
2 24 -75.5116 -0.0046 35.6778 -75.5352 -5.25 35.6844
2 24 -75.5116 -0.0046 35.6778 -78.3003 -0.0431 34.0088
2 24 -75.5352 -5.25 35.6844 -78.292 -5.235 33.995
2 24 -78.3003 -0.0431 34.0088 -78.292 -5.235 33.995
2 24 -70.7141 -5.2492 27.6819 -70.714 -0.0007 27.682
2 24 -70.7141 -5.2492 27.6819 -68.9992 -5.25 28.5792
2 24 -70.714 -0.0007 27.682 -68.9609 0 28.5883
2 24 -68.9992 -5.25 28.5792 -68.9609 0 28.5883
2 24 -70.714 -0.0007 27.682 -70.7141 -5.2492 27.6819
2 24 -70.714 -0.0007 27.682 -75.5116 -0.0046 35.6778
2 24 -70.7141 -5.2492 27.6819 -75.5352 -5.25 35.6844
2 24 -75.5116 -0.0046 35.6778 -75.5352 -5.25 35.6844
2 24 -68.9992 -5.25 28.5792 -68.9609 0 28.5883
2 24 -68.9992 -5.25 28.5792 -68.9625 -5.2324 42.6572
2 24 -68.9609 0 28.5883 -68.9477 0 42.6781
2 24 -68.9625 -5.2324 42.6572 -68.9477 0 42.6781
2 24 -66.2426 -5.25 31.9057 -65.6894 -5.25 30.9221
2 24 -65.6894 -5.25 30.9221 -64.713 -5.25 31.1307
2 24 -64.713 -5.25 31.1307 -62.325 -5.25 33.525
2 24 -66.2426 -5.25 31.9057 -66.2426 -5.25 43.9082
2 24 -66.2426 -5.25 43.9082 -65.5339 -5.25 45.2985
2 24 -65.5339 -5.25 45.2985 -64.25 -5.25 46.025
2 24 -64.25 -5.25 46.025 -50 -5.25 46.025
2 24 -62.325 -5.25 33.525 -50 -5.25 33.525
2 24 -50 -5.25 33.525 -37.675 -5.25 33.525
2 24 -50 -5.25 46.025 -35.75 -5.25 46.025
2 24 -35.75 -5.25 46.025 -34.4661 -5.25 45.2985
2 24 -34.4661 -5.25 45.2985 -33.7574 -5.25 43.9082
2 24 -33.7574 -5.25 43.9082 -33.7574 -5.25 31.9057
2 24 -37.675 -5.25 33.525 -35.287 -5.25 31.1307
2 24 -35.287 -5.25 31.1307 -34.3106 -5.25 30.9221
2 24 -33.7574 -5.25 31.9057 -34.3106 -5.25 30.9221
2 24 -62.325 0 33.525 -62.325 -5.25 33.525
2 24 -62.325 0 33.525 -64.713 0 31.1307
2 24 -62.325 -5.25 33.525 -64.713 -5.25 31.1307
2 24 -64.713 0 31.1307 -65.6894 0 30.9221
2 24 -65.6894 0 30.9221 -65.6894 -5.25 30.9221
2 24 -64.713 -5.25 31.1307 -65.6894 -5.25 30.9221
2 24 -65.6894 -5.25 30.9221 -66.2426 -5.25 31.9057
2 24 -65.6894 0 30.9221 -66.2426 0 31.9057
2 24 -66.2426 -5.25 31.9057 -66.2426 -5.25 43.9082
2 24 -66.2426 0 31.9057 -66.2426 0 43.9082
2 24 -66.2426 -5.25 43.9082 -65.5339 -5.25 45.2985
2 24 -65.5339 -5.25 45.2985 -65.6642 0 45.4392
2 24 -66.2426 0 43.9082 -65.6642 0 45.4392
2 24 -65.6642 0 45.4392 -64.25 0 46.025
2 24 -65.5339 -5.25 45.2985 -64.25 -5.25 46.025
2 24 -64.25 -5.25 46.025 -50 -5.25 46.025
2 24 -64.25 0 46.025 -50 0 46.025
2 24 -50 0 46.025 -35.75 0 46.025
2 24 -50 -5.25 46.025 -35.75 -5.25 46.025
2 24 -35.75 -5.25 46.025 -34.4661 -5.25 45.2985
2 24 -34.4661 -5.25 45.2985 -34.3358 0 45.4392
2 24 -35.75 0 46.025 -34.3358 0 45.4392
2 24 -34.3358 0 45.4392 -33.7574 0 43.9082
2 24 -34.4661 -5.25 45.2985 -33.7574 -5.25 43.9082
2 24 -33.7574 0 43.9082 -33.7574 0 31.9057
2 24 -33.7574 -5.25 43.9082 -33.7574 -5.25 31.9057
2 24 -33.7574 0 31.9057 -34.3106 0 30.9221
2 24 -34.3106 0 30.9221 -34.3106 -5.25 30.9221
2 24 -33.7574 -5.25 31.9057 -34.3106 -5.25 30.9221
2 24 -34.3106 -5.25 30.9221 -35.287 -5.25 31.1307
2 24 -34.3106 0 30.9221 -35.287 0 31.1307
2 24 -35.287 -5.25 31.1307 -37.675 -5.25 33.525
2 24 -35.287 0 31.1307 -37.675 0 33.525
2 24 -37.675 -5.25 33.525 -37.675 0 33.525
2 24 -106.0597 -5.1426 -6.3125 -92.8753 -5.1426 -6.2283
2 24 -92.2309 -5.1426 -1.9097 -92.8753 -5.1426 -6.2283
2 24 -92.2309 -5.1426 -1.9097 -91.3761 -5.1426 1.8941
2 24 -94.9749 -5.2336 3.5212 -91.3761 -5.1426 1.8941
2 24 -94.9749 -5.2336 3.5212 -97.0683 -5.25 5.9191
2 24 -97.0683 -5.25 5.9191 -98.0919 -5.25 8.9347
2 24 -103.6666 -5.1426 5.9525 -105.0815 -5.1426 4.6032
2 24 -105.0815 -5.1426 4.6032 -106.018 -5.1426 2.927
2 24 -106.0597 -5.1426 -6.3125 -106.018 -5.1426 2.927
2 24 -103.6666 -5.1426 5.9525 -100.9735 -5.25 13.1426
2 24 -98.0919 -5.25 8.9347 -97.8836 -5.25 12.1124
2 24 -97.8836 -5.25 12.1124 -96.4259 -5.1772 14.8997
2 24 -96.4259 -5.1772 14.8997 -94.0809 -5.25 17.0683
2 24 -100.9195 -5.25 20.3867 -103.205 -5.25 16.3438
2 24 -103.205 -5.25 16.3438 -103.8065 -4.8708 15.2655
2 24 -100.9735 -5.25 13.1426 -103.8065 -4.8708 15.2655
2 24 -100.9195 -5.25 20.3867 -98.0326 -5.2499 24.8836
2 24 -94.2202 -5.25 23.0572 -97.4122 -4.8154 25.8686
2 24 -98.0326 -5.2499 24.8836 -97.4122 -4.8154 25.8686
2 24 -94.2202 -5.25 23.0572 -91.0507 -5.2219 21.9435
2 24 -94.0809 -5.25 17.0683 -91.0041 -5.25 18.0678
2 24 -91.0507 -5.2219 21.9435 -91.0041 -5.25 18.0678
2 24 -89.9846 -8 -10 -89.2277 -7.9748 -2.6586
2 24 -89.9846 -8 -10 -89.9956 0 -10
2 24 -89.9956 0 -10 -89.218 -0.0101 -2.6069
2 24 -89.2277 -7.9748 -2.6586 -86.5569 -7.974 6.2347
2 24 -89.218 -0.0101 -2.6069 -86.5601 0 6.2275
2 24 -86.5601 0 6.2275 -83.7879 0 11.6693
2 24 -83.7879 0 11.6693 -83.2083 -0.4585 12.5437
2 24 -83.2083 -0.4585 12.5437 -82.922 -1.3336 12.9581
2 24 -86.5569 -7.974 6.2347 -84.0291 -8 11.0633
2 24 -82.922 -1.3336 12.9581 -82.7253 -3.8703 13.236
2 24 -82.7253 -3.8703 13.236 -82.3463 -4.9534 13.759
2 24 -84.0291 -8 11.0633 -80.8571 -7.981 15.4503
2 24 -82.3463 -4.9534 13.759 -81.611 -5.25 14.5018
2 24 -81.611 -5.25 14.5018 -74.5685 -5.25 21.5656
2 24 -80.8571 -7.981 15.4503 -75.4974 -8 20.8183
2 24 -74.5685 -5.25 21.5656 -73.8257 -4.9534 22.3009
2 24 -75.4974 -8 20.8183 -71.1291 -8 24.1237
2 24 -73.8257 -4.9534 22.3009 -73.2551 -3.9525 22.5442
2 24 -73.2551 -3.9525 22.5442 -72.9674 -1.4469 22.7488
2 24 -72.9674 -1.4469 22.7488 -72.4842 -0.5373 23.0815
2 24 -72.4842 -0.5373 23.0815 -71.7001 0 23.7655
2 24 -71.1291 -8 24.1237 -66.2732 -8 26.5401
2 24 -71.7001 0 23.7655 -66.2732 0 26.5401
2 24 -66.2732 -8 26.5401 -57.1748 -8 29.2657
2 24 -66.2732 0 26.5401 -57.1748 0 29.2657
2 24 -57.1748 0 29.2657 -50 0 30.0687
2 24 -57.1748 -8 29.2657 -50 -8 30.0688
2 24 -50 -8 30.0688 -42.8252 -8 29.2657
2 24 -50 0 30.0687 -42.8252 0 29.2657
2 24 -42.8252 0 29.2657 -33.7268 0 26.5401
2 24 -42.8252 -8 29.2657 -33.7268 -8 26.5401
2 24 -33.7268 0 26.5401 -28.2999 0 23.7655
2 24 -28.2999 0 23.7655 -27.5158 -0.5373 23.0815
2 24 -27.5158 -0.5373 23.0815 -27.0326 -1.4469 22.7488
2 24 -27.0326 -1.4469 22.7488 -26.7449 -3.9525 22.5442
2 24 -33.7268 -8 26.5401 -28.8709 -8 24.1237
2 24 -26.7449 -3.9525 22.5442 -26.1743 -4.9534 22.3009
2 24 -28.8709 -8 24.1237 -24.5026 -8 20.8183
2 24 -26.1743 -4.9534 22.3009 -25.4315 -5.25 21.5656
2 24 -24.5026 -8 20.8183 -19.1429 -7.981 15.4503
2 24 -25.4315 -5.25 21.5656 -18.389 -5.25 14.5018
2 24 -18.389 -5.25 14.5018 -17.6537 -4.9534 13.759
2 24 -19.1429 -7.981 15.4503 -15.9709 -8 11.0633
2 24 -17.6537 -4.9534 13.759 -17.2747 -3.8703 13.236
2 24 -17.2747 -3.8703 13.236 -17.078 -1.3336 12.9581
2 24 -15.9709 -8 11.0633 -13.4431 -7.974 6.2347
2 24 -17.078 -1.3336 12.9581 -16.7917 -0.4585 12.5437
2 24 -16.7917 -0.4585 12.5437 -16.2121 0 11.6693
2 24 -16.2121 0 11.6693 -13.44 0 6.2275
2 24 -13.44 0 6.2275 -10.782 -0.0101 -2.6069
2 24 -13.4431 -7.974 6.2347 -10.7723 -7.9748 -2.6586
2 24 -10.782 -0.0101 -2.6069 -10.0044 0 -10
2 24 -10.0044 0 -10 -10.0154 -8 -10
2 24 -10.7723 -7.9748 -2.6586 -10.0154 -8 -10
2 24 -73.8894 -0.0125 26.6572 -73.9055 -5.2377 26.6412
2 24 -73.8894 -0.0125 26.6572 -75.4642 -0.0055 25.5222
2 24 -73.9055 -5.2377 26.6412 -76.101 -5.25 25.0802
2 24 -75.4642 -0.0055 25.5222 -76.101 -5.25 25.0802
2 24 -78.292 -5.235 33.995 -73.9055 -5.2377 26.6412
2 24 -78.292 -5.235 33.995 -78.3003 -0.0431 34.0088
2 24 -73.9055 -5.2377 26.6412 -73.8894 -0.0125 26.6572
2 24 -78.3003 -0.0431 34.0088 -73.8894 -0.0125 26.6572
2 24 -73.8257 -4.9534 22.3009 -73.2551 -3.9525 22.5442
2 24 -73.8257 -4.9534 22.3009 -76.101 -5.25 25.0802
2 24 -76.101 -5.25 25.0802 -75.4642 -0.0055 25.5222
2 24 -73.2551 -3.9525 22.5442 -72.9674 -1.4469 22.7488
2 24 -72.9674 -1.4469 22.7488 -72.4842 -0.5373 23.0815
2 24 -75.4642 -0.0055 25.5222 -72.4842 -0.5373 23.0815
2 24 -68.9477 0 42.6781 -72.4835 0 41.2974
2 24 -68.9477 0 42.6781 -68.9625 -5.2324 42.6572
2 24 -72.4835 0 41.2974 -73.1451 -5.25 40.9761
2 24 -68.9625 -5.2324 42.6572 -73.1451 -5.25 40.9761
2 24 -92.3062 -0.0141 22.2094 -96.9138 -0.3658 27.3595
2 24 -97.2252 -1.4242 26.8133 -96.9138 -0.3658 27.3595
2 24 -92.3062 -0.0141 22.2094 -94.2202 -5.25 23.0572
2 24 -97.2252 -1.4242 26.8133 -97.2231 -3.7426 26.3731
2 24 -97.2231 -3.7426 26.3731 -97.4122 -4.8154 25.8686
2 24 -94.2202 -5.25 23.0572 -97.4122 -4.8154 25.8686
2 24 -93.5825 -5.2219 26.3108 -91.1457 -5.2219 23.8342
2 24 -93.5825 -5.2219 26.3108 -86.314 -5.2219 33.5797
2 24 -91.1457 -5.2219 23.8342 -89.1842 -5.2219 23.8035
2 24 -89.1842 -5.2219 23.8035 -86.875 -5.2219 24.5874
2 24 -86.875 -5.2219 24.5874 -85.0415 -5.2219 26.1953
2 24 -86.314 -5.2219 33.5797 -83.8524 -5.2219 31.1264
2 24 -85.0415 -5.2219 26.1953 -83.963 -5.2219 28.3824
2 24 -83.8524 -5.2219 31.1264 -83.963 -5.2219 28.3824
2 24 -83.8505 -0.0141 31.1154 -83.8524 -5.2219 31.1264
2 24 -83.8524 -5.2219 31.1264 -83.963 -5.2219 28.3824
2 24 -83.8505 -0.0141 31.1154 -83.963 -0.0141 28.3824
2 24 -83.963 -5.2219 28.3824 -85.0415 -5.2219 26.1953
2 24 -83.963 -0.0141 28.3824 -85.0415 -0.0141 26.1953
2 24 -85.0415 -0.0141 26.1953 -86.875 -0.0141 24.5874
2 24 -85.0415 -5.2219 26.1953 -86.875 -5.2219 24.5874
2 24 -86.875 -0.0141 24.5874 -89.1842 -0.0141 23.8035
2 24 -86.875 -5.2219 24.5874 -89.1842 -5.2219 23.8035
2 24 -89.1842 -5.2219 23.8035 -91.1457 -5.2219 23.8342
2 24 -89.1842 -0.0141 23.8035 -91.1568 -0.0141 23.8404
2 24 -91.1457 -5.2219 23.8342 -91.1568 -0.0141 23.8404
2 24 -86.314 -5.2219 33.5797 -83.8524 -5.2219 31.1264
2 24 -86.314 -5.2219 33.5797 -86.3018 -0.0141 33.585
2 24 -83.8524 -5.2219 31.1264 -83.8505 -0.0141 31.1154
2 24 -86.3018 -0.0141 33.585 -83.8505 -0.0141 31.1154
2 24 -89.3176 0 16.212 -90.8188 0 16.1955
2 24 -89.3176 0 16.212 -89.3135 -5.2271 16.2078
2 24 -89.3135 -5.2271 16.2078 -90.8158 -5.2271 16.1965
2 24 -90.8188 0 16.1955 -93.125 0 15.4127
2 24 -90.8158 -5.2271 16.1965 -93.125 -5.2271 15.4127
2 24 -93.125 0 15.4127 -94.953 0 13.8073
2 24 -93.125 -5.2271 15.4127 -94.9639 -5.2271 13.8022
2 24 -94.953 0 13.8073 -96.037 0 11.6176
2 24 -94.9639 -5.2271 13.8022 -96.037 -5.2271 11.6176
2 24 -96.037 -5.2271 11.6176 -96.1965 -5.2271 9.1842
2 24 -96.037 0 11.6176 -96.1965 0 9.1842
2 24 -96.1965 -5.2271 9.1842 -95.4127 -5.2271 6.875
2 24 -96.1965 0 9.1842 -95.4127 0 6.875
2 24 -95.4127 0 6.875 -93.8019 0 5.0397
2 24 -95.4127 -5.2271 6.875 -93.8077 -5.2271 5.0434
2 24 -93.8077 -5.2271 5.0434 -90.74 -5.2271 3.8007
2 24 -90.74 -5.2271 3.8007 -90.702 0 3.7767
2 24 -93.8019 0 5.0397 -90.702 0 3.7767
2 24 -86.245 -5.2271 13.1365 -89.3135 -5.2271 16.2078
2 24 -89.3135 -5.2271 16.2078 -90.8158 -5.2271 16.1965
2 24 -90.8158 -5.2271 16.1965 -93.125 -5.2271 15.4127
2 24 -93.125 -5.2271 15.4127 -94.9639 -5.2271 13.8022
2 24 -94.9639 -5.2271 13.8022 -96.037 -5.2271 11.6176
2 24 -96.037 -5.2271 11.6176 -96.1965 -5.2271 9.1842
2 24 -96.1965 -5.2271 9.1842 -95.4127 -5.2271 6.875
2 24 -95.4127 -5.2271 6.875 -93.8077 -5.2271 5.0434
2 24 -93.8077 -5.2271 5.0434 -90.74 -5.2271 3.8007
2 24 -86.245 -5.2271 13.1365 -90.74 -5.2271 3.8007
2 24 -90.702 0 3.7767 -86.2532 0 13.1235
2 24 -90.702 0 3.7767 -90.74 -5.2271 3.8007
2 24 -86.2532 0 13.1235 -86.245 -5.2271 13.1365
2 24 -90.74 -5.2271 3.8007 -86.245 -5.2271 13.1365
2 24 -106.018 -0.0103 2.927 -106.0597 0 -6.3126
2 24 -106.018 -0.0103 2.927 -106.018 -5.1426 2.927
2 24 -106.0597 0 -6.3126 -106.0597 -5.1426 -6.3125
2 24 -106.018 -5.1426 2.927 -106.0597 -5.1426 -6.3125
2 24 -100.9735 -5.25 13.1426 -101.2818 -0.0062 12.4752
2 24 -100.9735 -5.25 13.1426 -103.6666 -5.1426 5.9525
2 24 -101.2818 -0.0062 12.4752 -103.6755 0 5.9609
2 24 -103.6666 -5.1426 5.9525 -103.6755 0 5.9609
2 24 -103.6666 -5.1426 5.9525 -103.6755 0 5.9609
2 24 -103.6755 0 5.9609 -105.0708 -0.0058 4.617
2 24 -103.6666 -5.1426 5.9525 -105.0815 -5.1426 4.6032
2 24 -105.0708 -0.0058 4.617 -106.018 -0.0103 2.927
2 24 -106.018 -0.0103 2.927 -106.018 -5.1426 2.927
2 24 -105.0815 -5.1426 4.6032 -106.018 -5.1426 2.927
2 24 -91.0352 0 21.9415 -91.0507 -5.2219 21.9435
2 24 -91.0352 0 21.9415 -90.9973 0 18.0654
2 24 -91.0507 -5.2219 21.9435 -91.0041 -5.25 18.0678
2 24 -90.9973 0 18.0654 -91.0041 -5.25 18.0678
2 24 -94.2202 -5.25 23.0572 -91.0507 -5.2219 21.9435
2 24 -94.2202 -5.25 23.0572 -92.3062 -0.0141 22.2094
2 24 -91.0507 -5.2219 21.9435 -91.0352 0 21.9415
2 24 -92.3062 -0.0141 22.2094 -91.0352 0 21.9415
2 24 -90.9973 0 18.0654 -91.0041 -5.25 18.0678
2 24 -90.9973 0 18.0654 -94.0809 0 17.0683
2 24 -91.0041 -5.25 18.0678 -94.0809 -5.25 17.0683
2 24 -94.0809 -5.25 17.0683 -96.4259 -5.1772 14.8997
2 24 -94.0809 0 17.0683 -96.5244 0 15.0374
2 24 -96.5244 0 15.0374 -97.8836 0 12.1124
2 24 -96.4259 -5.1772 14.8997 -97.8836 -5.25 12.1124
2 24 -97.8836 0 12.1124 -98.0919 0 8.9347
2 24 -97.8836 -5.25 12.1124 -98.0919 -5.25 8.9347
2 24 -98.0919 -5.25 8.9347 -97.0683 -5.25 5.9191
2 24 -98.0919 0 8.9347 -97.0683 0 5.9191
2 24 -97.0683 -5.25 5.9191 -94.9749 -5.2336 3.5212
2 24 -97.0683 0 5.9191 -94.9622 0 3.5285
2 24 -94.9749 -5.2336 3.5212 -91.3761 -5.1426 1.8941
2 24 -91.3761 -5.1426 1.8941 -91.2929 0 1.9418
2 24 -94.9622 0 3.5285 -91.2929 0 1.9418
2 24 -92.8753 -5.1426 -6.2283 -106.0597 -5.1426 -6.3125
2 24 -92.8753 -5.1426 -6.2283 -92.8851 0 -6.2716
2 24 -106.0597 -5.1426 -6.3125 -106.0597 0 -6.3126
2 24 -92.8851 0 -6.2716 -106.0597 0 -6.3126
2 24 -92.8753 -5.1426 -6.2283 -92.8851 0 -6.2716
2 24 -92.8851 0 -6.2716 -92.2697 -0.0671 -2.1089
2 24 -92.8753 -5.1426 -6.2283 -92.2309 -5.1426 -1.9097
2 24 -92.2697 -0.0671 -2.1089 -91.2929 0 1.9418
2 24 -92.2309 -5.1426 -1.9097 -91.3761 -5.1426 1.8941
2 24 -91.2929 0 1.9418 -91.3761 -5.1426 1.8941
2 24 -89.009 0 21.9445 -89.0053 0 18.0723
2 24 -89.009 0 21.9445 -88.9347 -5.2219 21.9081
2 24 -89.0053 0 18.0723 -89 -5.2241 18.0696
2 24 -88.9347 -5.2219 21.9081 -89 -5.2241 18.0696
2 24 -82.7253 -3.8703 13.236 -82.3463 -4.9534 13.759
2 24 -86.5921 -5.2241 17.397 -82.3463 -4.9534 13.759
2 24 -82.7253 -3.8703 13.236 -82.922 -1.3336 12.9581
2 24 -86.5921 -5.2241 17.397 -88.6428 0 17.9953
2 24 -88.6428 0 17.9953 -83.2083 -0.4585 12.5437
2 24 -82.922 -1.3336 12.9581 -83.2083 -0.4585 12.5437
2 24 -89.0053 0 18.0723 -88.6428 0 17.9953
2 24 -89.0053 0 18.0723 -89 -5.2241 18.0696
2 24 -88.6428 0 17.9953 -86.5921 -5.2241 17.397
2 24 -89 -5.2241 18.0696 -86.5921 -5.2241 17.397
2 24 -93.5939 -0.0141 26.3107 -91.1568 -0.0141 23.8404
2 24 -93.5939 -0.0141 26.3107 -93.5825 -5.2219 26.3108
2 24 -91.1568 -0.0141 23.8404 -91.1457 -5.2219 23.8342
2 24 -93.5825 -5.2219 26.3108 -91.1457 -5.2219 23.8342
2 24 -104.9503 -7.9947 -10 -104.1252 -8.0793 -1.9909
2 24 -104.9503 -7.9947 -10 -89.9846 -8 -10
2 24 -89.9846 -8 -10 -89.2277 -7.9748 -2.6586
2 24 -104.1252 -8.0793 -1.9909 -99.836 -8.1018 11.9486
2 24 -89.2277 -7.9748 -2.6586 -86.5569 -7.974 6.2347
2 24 -86.5569 -7.974 6.2347 -84.0291 -8 11.0633
2 24 -99.836 -8.1018 11.9486 -92.4507 -8.0018 24.6195
2 24 -84.0291 -8 11.0633 -80.8571 -7.981 15.4503
2 24 -92.4507 -8.0018 24.6195 -85.0259 -8 32.2462
2 24 -80.8571 -7.981 15.4503 -75.4974 -8 20.8183
2 24 -75.4974 -8 20.8183 -71.1291 -8 24.1237
2 24 -85.0259 -8 32.2462 -73.2882 -8.0133 39.2171
2 24 -71.1291 -8 24.1237 -66.2732 -8 26.5401
2 24 -73.2882 -8.0133 39.2171 -61.11 -8.0033 42.9147
2 24 -66.2732 -8 26.5401 -57.1748 -8 29.2657
2 24 -57.1748 -8 29.2657 -50 -8 30.0688
2 24 -61.11 -8.0033 42.9147 -50 -8 44.8428
2 24 -50 -8 30.0688 -42.8252 -8 29.2657
2 24 -50 -8 44.8428 -38.0045 -8.004 42.6459
2 24 -42.8252 -8 29.2657 -33.7268 -8 26.5401
2 24 -38.0045 -8.004 42.6459 -26.7118 -8.0133 39.2171
2 24 -33.7268 -8 26.5401 -28.8709 -8 24.1237
2 24 -26.7118 -8.0133 39.2171 -14.9741 -8 32.2462
2 24 -28.8709 -8 24.1237 -24.5026 -8 20.8183
2 24 -24.5026 -8 20.8183 -19.1429 -7.981 15.4503
2 24 -14.9741 -8 32.2462 -7.5493 -8.0018 24.6195
2 24 -19.1429 -7.981 15.4503 -15.9709 -8 11.0633
2 24 -7.5493 -8.0018 24.6195 -0.164 -8.1018 11.9486
2 24 -15.9709 -8 11.0633 -13.4431 -7.974 6.2347
2 24 -13.4431 -7.974 6.2347 -10.7723 -7.9748 -2.6586
2 24 -0.164 -8.1018 11.9486 4.1252 -8.0793 -1.9909
2 24 -10.7723 -7.9748 -2.6586 -10.0154 -8 -10
2 24 -10.0154 -8 -10 4.9503 -7.9947 -10
2 24 4.1252 -8.0793 -1.9909 4.9503 -7.9947 -10
2 24 -104.9503 -7.9947 -10 -101.3098 -18.3248 -10
2 24 -104.9503 -7.9947 -10 -104.1252 -8.0793 -1.9909
2 24 -101.3098 -18.3248 -10 -95.0606 -29.351 -10
2 24 -104.1252 -8.0793 -1.9909 -99.836 -8.1018 11.9486
2 24 -95.0606 -29.351 -10 -85.4638 -39.4661 -10
2 24 -99.836 -8.1018 11.9486 -92.4507 -8.0018 24.6195
2 24 -92.4507 -8.0018 24.6195 -85.0259 -8 32.2462
2 24 -85.4638 -39.4661 -10 -73.4352 -47.0857 -10
2 24 -73.4352 -47.0857 -10 -60.88 -51.1085 -10
2 24 -60.88 -51.1085 -10 -50 -52.1811 -10
2 24 -50 -52.1811 -10 -39.12 -51.1085 -10
2 24 -39.12 -51.1085 -10 -26.5648 -47.0857 -10
2 24 -26.5648 -47.0857 -10 -14.5362 -39.4661 -10
2 24 -85.0259 -8 32.2462 -73.2882 -8.0133 39.2171
2 24 -73.2882 -8.0133 39.2171 -61.11 -8.0033 42.9147
2 24 -61.11 -8.0033 42.9147 -50 -8 44.8428
2 24 -50 -8 44.8428 -38.0045 -8.004 42.6459
2 24 -38.0045 -8.004 42.6459 -26.7118 -8.0133 39.2171
2 24 -26.7118 -8.0133 39.2171 -14.9741 -8 32.2462
2 24 -14.9741 -8 32.2462 -7.5493 -8.0018 24.6195
2 24 -7.5493 -8.0018 24.6195 -0.164 -8.1018 11.9486
2 24 -14.5362 -39.4661 -10 -4.9394 -29.351 -10
2 24 -4.9394 -29.351 -10 1.3098 -18.3248 -10
2 24 -0.164 -8.1018 11.9486 4.1252 -8.0793 -1.9909
2 24 1.3098 -18.3248 -10 4.9503 -7.9947 -10
2 24 4.1252 -8.0793 -1.9909 4.9503 -7.9947 -10
2 24 -86.2532 0 13.1235 -89.3176 0 16.212
2 24 -86.2532 0 13.1235 -86.245 -5.2271 13.1365
2 24 -89.3176 0 16.212 -89.3135 -5.2271 16.2078
2 24 -86.245 -5.2271 13.1365 -89.3135 -5.2271 16.2078
2 24 -104.9503 -7.9947 -10 -89.9846 -8 -10
2 24 -89.9846 -8 -10 -89.9956 0 -10
2 24 -89.9956 0 -10 -109.9997 -0.0027 -10
2 24 -109.9997 -0.0027 -10 -108.2274 -10.9154 -10
2 24 -104.9503 -7.9947 -10 -101.3098 -18.3248 -10
2 24 -108.2274 -10.9154 -10 -104.5658 -20.4074 -10
2 24 -101.3098 -18.3248 -10 -95.0606 -29.351 -10
2 24 -104.5658 -20.4074 -10 -98.088 -31.6176 -10
2 24 -98.088 -31.6176 -10 -88.1157 -41.8508 -10
2 24 -95.0606 -29.351 -10 -85.4638 -39.4661 -10
2 24 -88.1157 -41.8508 -10 -74.9609 -50.327 -10
2 24 -85.4638 -39.4661 -10 -73.4352 -47.0857 -10
2 24 -74.9609 -50.327 -10 -61.9053 -54.6641 -10
2 24 -73.4352 -47.0857 -10 -60.88 -51.1085 -10
2 24 -61.9053 -54.6641 -10 -50 -55.9276 -10
2 24 -60.88 -51.1085 -10 -50 -52.1811 -10
2 24 -50 -52.1811 -10 -39.12 -51.1085 -10
2 24 -50 -55.9276 -10 -38.0947 -54.6641 -10
2 24 -39.12 -51.1085 -10 -26.5648 -47.0857 -10
2 24 -38.0947 -54.6641 -10 -25.0391 -50.327 -10
2 24 -26.5648 -47.0857 -10 -14.5362 -39.4661 -10
2 24 -25.0391 -50.327 -10 -11.8843 -41.8508 -10
2 24 -14.5362 -39.4661 -10 -4.9394 -29.351 -10
2 24 -11.8843 -41.8508 -10 -1.912 -31.6176 -10
2 24 -1.912 -31.6176 -10 4.5658 -20.4074 -10
2 24 -4.9394 -29.351 -10 1.3098 -18.3248 -10
2 24 4.5658 -20.4074 -10 8.2274 -10.9154 -10
2 24 1.3098 -18.3248 -10 4.9503 -7.9947 -10
2 24 8.2274 -10.9154 -10 9.9997 -0.0027 -10
2 24 9.9997 -0.0027 -10 -10.0044 0 -10
2 24 -10.0044 0 -10 -10.0154 -8 -10
2 24 4.9503 -7.9947 -10 -10.0154 -8 -10
2 24 -62.325 -5.25 33.525 -62.325 0 33.525
2 24 -62.325 -5.25 33.525 -50 -5.25 33.525
2 24 -62.325 0 33.525 -50 0 33.525
2 24 -50 0 33.525 -37.675 0 33.525
2 24 -50 -5.25 33.525 -37.675 -5.25 33.525
2 24 -37.675 0 33.525 -37.675 -5.25 33.525
2 24 -93.5939 -0.0141 26.3107 -93.5825 -5.2219 26.3108
2 24 -93.5939 -0.0141 26.3107 -86.3018 -0.0141 33.585
2 24 -93.5825 -5.2219 26.3108 -86.314 -5.2219 33.5797
2 24 -86.3018 -0.0141 33.585 -86.314 -5.2219 33.5797
2 24 -24.7846 -4.8338 43.8363 -26.8549 -5.25 40.9761
2 24 -24.7846 -4.8338 43.8363 -23.9111 -5.2459 43.3457
2 24 -23.9111 -5.2459 43.3457 -19.345 -5.25 40.6512
2 24 -26.8549 -5.25 40.9761 -31.0375 -5.2324 42.6572
2 24 -31.0375 -5.2324 42.6572 -31.0009 -5.25 28.5792
2 24 -24.4648 -5.25 35.6844 -29.2859 -5.2492 27.6819
2 24 -31.0009 -5.25 28.5792 -29.2859 -5.2492 27.6819
2 24 -24.4648 -5.25 35.6844 -21.708 -5.235 33.995
2 24 -19.345 -5.25 40.6512 -15.3439 -5.2581 38.197
2 24 -16.935 -5.25 34.2593 -14.3002 -4.9071 37.4579
2 24 -15.3439 -5.2581 38.197 -14.3002 -4.9071 37.4579
2 24 -16.935 -5.25 34.2593 -18.0919 -5.2219 31.0653
2 24 -21.708 -5.235 33.995 -26.0945 -5.2377 26.6412
2 24 -18.0919 -5.2219 31.0653 -17.8836 -5.2219 27.8876
2 24 -26.0945 -5.2377 26.6412 -23.899 -5.25 25.0802
2 24 -17.8836 -5.2219 27.8876 -16.4751 -5.2219 25.0315
2 24 -23.899 -5.25 25.0802 -26.1743 -4.9534 22.3009
2 24 -25.4315 -5.25 21.5656 -26.1743 -4.9534 22.3009
2 24 -25.4315 -5.25 21.5656 -18.389 -5.25 14.5018
2 24 -18.389 -5.25 14.5018 -17.6537 -4.9534 13.759
2 24 -13.4079 -5.2241 17.397 -17.6537 -4.9534 13.759
2 24 -16.4751 -5.2219 25.0315 -14.0809 -5.2219 22.9317
2 24 -14.0809 -5.2219 22.9317 -11.0653 -5.2219 21.9081
2 24 -13.4079 -5.2241 17.397 -11 -5.2241 18.0696
2 24 -11.0653 -5.2219 21.9081 -11 -5.2241 18.0696
2 24 -26.8549 -5.25 40.9761 -24.7846 -4.8338 43.8363
2 24 -25.1568 -3.9157 44.1578 -24.7846 -4.8338 43.8363
2 24 -26.8549 -5.25 40.9761 -27.5165 0 41.2974
2 24 -25.1568 -3.9157 44.1578 -25.333 -1.5032 44.5526
2 24 -27.5165 0 41.2974 -25.7743 -0.4062 44.8578
2 24 -25.333 -1.5032 44.5526 -25.7743 -0.4062 44.8578
2 24 -12.6606 -0.3696 36.9295 -17.7781 0 32.3489
2 24 -12.6606 -0.3696 36.9295 -11.857 0 36.2688
2 24 -13.6982 -0.0141 33.585 -16.1495 -0.0141 31.1154
2 24 -17.7781 0 32.3489 -18.0919 -0.0141 31.0653
2 24 -16.1495 -0.0141 31.1154 -16.037 -0.0141 28.3824
2 24 -18.0919 -0.0141 31.0653 -17.8836 -0.0141 27.8876
2 24 -16.037 -0.0141 28.3824 -14.9585 -0.0141 26.1953
2 24 -17.8836 -0.0141 27.8876 -16.4751 -0.0141 25.0315
2 24 -14.9585 -0.0141 26.1953 -13.125 -0.0141 24.5874
2 24 -16.4751 -0.0141 25.0315 -14.0809 -0.0141 22.9317
2 24 -13.6982 -0.0141 33.585 -6.4061 -0.0141 26.3107
2 24 -13.125 -0.0141 24.5874 -10.8158 -0.0141 23.8035
2 24 -11.857 0 36.2688 -3.7006 -0.0037 28.1595
2 24 -14.0809 -0.0141 22.9317 -10.991 0 21.9445
2 24 -3.7006 -0.0037 28.1595 -3.0862 -0.3658 27.3595
2 24 -7.6938 -0.0141 22.2094 -3.0862 -0.3658 27.3595
2 24 -6.4061 -0.0141 26.3107 -8.8432 -0.0141 23.8404
2 24 -7.6938 -0.0141 22.2094 -8.9648 0 21.9415
2 24 -10.8158 -0.0141 23.8035 -8.8432 -0.0141 23.8404
2 24 -8.9648 0 21.9415 -9.0027 0 18.0654
2 24 -10.991 0 21.9445 -10.9947 0 18.0723
2 24 -9.0027 0 18.0654 -5.9191 0 17.0683
2 24 -9.1827 0 16.196 -10.6824 0 16.212
2 24 -9.1827 0 16.196 -6.875 0 15.4127
2 24 -6.875 0 15.4127 -5.0449 0 13.8063
2 24 -5.9191 0 17.0683 -3.5249 0 14.9686
2 24 -5.0449 0 13.8063 -3.963 0 11.6176
2 24 -3.5249 0 14.9686 -2.1164 0 12.1124
2 24 -3.963 0 11.6176 -3.8035 0 9.1842
2 24 -2.1164 0 12.1124 -1.9081 0 8.9347
2 24 -10.9947 0 18.0723 -11.3572 0 17.9953
2 24 -3.8035 0 9.1842 -4.5873 0 6.875
2 24 -1.9081 0 8.9347 -2.9317 0 5.9191
2 24 -2.9317 0 5.9191 -5.0378 0 3.5285
2 24 -4.5873 0 6.875 -6.1982 0 5.0397
2 24 -5.0378 0 3.5285 -8.7071 0 1.9418
2 24 -10.6824 0 16.212 -13.7468 0 13.1235
2 24 -6.1982 0 5.0397 -9.298 0 3.7767
2 24 -11.3572 0 17.9953 -16.7917 -0.4585 12.5437
2 24 -16.2121 0 11.6693 -16.7917 -0.4585 12.5437
2 24 -16.2121 0 11.6693 -13.44 0 6.2275
2 24 -13.7468 0 13.1235 -9.298 0 3.7767
2 24 -13.44 0 6.2275 -10.782 -0.0101 -2.6069
2 24 -8.7071 0 1.9418 -7.7304 -0.0671 -2.1089
2 24 -7.7304 -0.0671 -2.1089 -7.1149 0 -6.2716
2 24 -10.782 -0.0101 -2.6069 -10.0044 0 -10
2 24 -7.1149 0 -6.2716 6.0597 0 -6.3126
2 24 -10.0044 0 -10 9.9997 -0.0027 -10
2 24 9.9997 -0.0027 -10 9.2656 -0.0122 -1.1538
2 24 6.0597 0 -6.3126 6.018 -0.0103 2.927
2 24 9.2656 -0.0122 -1.1538 6.3454 -0.0002 10.2132
2 24 6.018 -0.0103 2.927 5.0708 -0.0058 4.617
2 24 5.0708 -0.0058 4.617 3.6755 0 5.9609
2 24 3.6755 0 5.9609 1.2818 -0.0062 12.4752
2 24 6.3454 -0.0002 10.2132 5.2947 -0.0002 13.2666
2 24 5.2947 -0.0002 13.2666 4.8569 -0.4165 14.2255
2 24 1.2818 -0.0062 12.4752 4.8569 -0.4165 14.2255
2 24 -14.3002 -4.9071 37.4579 -16.935 -5.25 34.2593
2 24 -14.3002 -4.9071 37.4579 -13.6901 -3.8435 37.2026
2 24 -13.6901 -3.8435 37.2026 -13.157 -1.1552 37.1737
2 24 -16.935 -5.25 34.2593 -17.7781 0 32.3489
2 24 -17.7781 0 32.3489 -12.6606 -0.3696 36.9295
2 24 -13.157 -1.1552 37.1737 -12.6606 -0.3696 36.9295
2 24 1.2818 -0.0062 12.4752 4.8569 -0.4165 14.2255
2 24 4.8569 -0.4165 14.2255 4.5377 -1.5096 14.6751
2 24 4.5377 -1.5096 14.6751 4.1863 -3.774 14.827
2 24 1.2818 -0.0062 12.4752 0.9735 -5.25 13.1426
2 24 4.1863 -3.774 14.827 3.8065 -4.8708 15.2655
2 24 0.9735 -5.25 13.1426 3.8065 -4.8708 15.2655
2 24 -17.7781 0 32.3489 -16.935 -5.25 34.2593
2 24 -16.935 -5.25 34.2593 -18.0919 -5.2219 31.0653
2 24 -17.7781 0 32.3489 -18.0919 -0.0141 31.0653
2 24 -18.0919 -0.0141 31.0653 -17.8836 -0.0141 27.8876
2 24 -18.0919 -5.2219 31.0653 -17.8836 -5.2219 27.8876
2 24 -17.8836 -0.0141 27.8876 -16.4751 -0.0141 25.0315
2 24 -17.8836 -5.2219 27.8876 -16.4751 -5.2219 25.0315
2 24 -16.4751 -0.0141 25.0315 -14.0809 -0.0141 22.9317
2 24 -16.4751 -5.2219 25.0315 -14.0809 -5.2219 22.9317
2 24 -14.0809 -5.2219 22.9317 -11.0653 -5.2219 21.9081
2 24 -11.0653 -5.2219 21.9081 -10.991 0 21.9445
2 24 -14.0809 -0.0141 22.9317 -10.991 0 21.9445
2 24 -24.4884 -0.0046 35.6778 -21.6997 -0.0431 34.0088
2 24 -24.4884 -0.0046 35.6778 -24.4648 -5.25 35.6844
2 24 -21.6997 -0.0431 34.0088 -21.708 -5.235 33.995
2 24 -24.4648 -5.25 35.6844 -21.708 -5.235 33.995
2 24 -31.0391 0 28.5883 -29.286 -0.0007 27.682
2 24 -31.0391 0 28.5883 -31.0009 -5.25 28.5792
2 24 -29.286 -0.0007 27.682 -29.2859 -5.2492 27.6819
2 24 -31.0009 -5.25 28.5792 -29.2859 -5.2492 27.6819
2 24 -29.286 -0.0007 27.682 -24.4884 -0.0046 35.6778
2 24 -29.286 -0.0007 27.682 -29.2859 -5.2492 27.6819
2 24 -24.4884 -0.0046 35.6778 -24.4648 -5.25 35.6844
2 24 -29.2859 -5.2492 27.6819 -24.4648 -5.25 35.6844
2 24 -31.0009 -5.25 28.5792 -31.0375 -5.2324 42.6572
2 24 -31.0009 -5.25 28.5792 -31.0391 0 28.5883
2 24 -31.0375 -5.2324 42.6572 -31.0523 0 42.6781
2 24 -31.0391 0 28.5883 -31.0523 0 42.6781
2 24 -7.7691 -5.1426 -1.9097 -7.1247 -5.1426 -6.2283
2 24 -7.1247 -5.1426 -6.2283 6.0597 -5.1426 -6.3125
2 24 -5.0251 -5.2336 3.5212 -8.6239 -5.1426 1.8941
2 24 -7.7691 -5.1426 -1.9097 -8.6239 -5.1426 1.8941
2 24 -5.0251 -5.2336 3.5212 -2.9317 -5.25 5.9191
2 24 -2.9317 -5.25 5.9191 -1.9081 -5.25 8.9347
2 24 3.6666 -5.1426 5.9525 5.0815 -5.1426 4.6032
2 24 6.0597 -5.1426 -6.3125 6.018 -5.1426 2.927
2 24 5.0815 -5.1426 4.6032 6.018 -5.1426 2.927
2 24 3.6666 -5.1426 5.9525 0.9735 -5.25 13.1426
2 24 -1.9081 -5.25 8.9347 -2.0682 -5.2331 12.0546
2 24 -2.0682 -5.2331 12.0546 -3.5249 -5.2053 14.9686
2 24 -3.5249 -5.2053 14.9686 -5.9191 -5.25 17.0683
2 24 0.9195 -5.25 20.3867 3.205 -5.25 16.3438
2 24 0.9735 -5.25 13.1426 3.8065 -4.8708 15.2655
2 24 3.205 -5.25 16.3438 3.8065 -4.8708 15.2655
2 24 0.9195 -5.25 20.3867 -1.9674 -5.2499 24.8836
2 24 -1.9674 -5.2499 24.8836 -2.5878 -4.8154 25.8686
2 24 -5.7798 -5.25 23.0572 -2.5878 -4.8154 25.8686
2 24 -5.7798 -5.25 23.0572 -8.9494 -5.2219 21.9435
2 24 -5.9191 -5.25 17.0683 -8.9959 -5.25 18.0678
2 24 -8.9494 -5.2219 21.9435 -8.9959 -5.25 18.0678
2 24 -26.1107 -0.0125 26.6572 -24.5358 -0.0055 25.5222
2 24 -26.1107 -0.0125 26.6572 -26.0945 -5.2377 26.6412
2 24 -24.5358 -0.0055 25.5222 -23.899 -5.25 25.0802
2 24 -26.0945 -5.2377 26.6412 -23.899 -5.25 25.0802
2 24 -21.708 -5.235 33.995 -21.6997 -0.0431 34.0088
2 24 -21.708 -5.235 33.995 -26.0945 -5.2377 26.6412
2 24 -21.6997 -0.0431 34.0088 -26.1107 -0.0125 26.6572
2 24 -26.0945 -5.2377 26.6412 -26.1107 -0.0125 26.6572
2 24 -26.1743 -4.9534 22.3009 -23.899 -5.25 25.0802
2 24 -26.1743 -4.9534 22.3009 -26.7449 -3.9525 22.5442
2 24 -23.899 -5.25 25.0802 -24.5358 -0.0055 25.5222
2 24 -26.7449 -3.9525 22.5442 -27.0326 -1.4469 22.7488
2 24 -24.5358 -0.0055 25.5222 -27.5158 -0.5373 23.0815
2 24 -27.0326 -1.4469 22.7488 -27.5158 -0.5373 23.0815
2 24 -31.0523 0 42.6781 -31.0375 -5.2324 42.6572
2 24 -31.0523 0 42.6781 -27.5165 0 41.2974
2 24 -31.0375 -5.2324 42.6572 -26.8549 -5.25 40.9761
2 24 -27.5165 0 41.2974 -26.8549 -5.25 40.9761
2 24 -2.7748 -1.4242 26.8133 -3.0862 -0.3658 27.3595
2 24 -3.0862 -0.3658 27.3595 -7.6938 -0.0141 22.2094
2 24 -7.6938 -0.0141 22.2094 -5.7798 -5.25 23.0572
2 24 -2.7748 -1.4242 26.8133 -2.7769 -3.7426 26.3731
2 24 -5.7798 -5.25 23.0572 -2.5878 -4.8154 25.8686
2 24 -2.7769 -3.7426 26.3731 -2.5878 -4.8154 25.8686
2 24 -6.4175 -5.2219 26.3108 -13.686 -5.2219 33.5797
2 24 -6.4175 -5.2219 26.3108 -8.8543 -5.2219 23.8342
2 24 -8.8543 -5.2219 23.8342 -10.8158 -5.2219 23.8035
2 24 -10.8158 -5.2219 23.8035 -13.125 -5.2219 24.5874
2 24 -13.125 -5.2219 24.5874 -14.9585 -5.2219 26.1953
2 24 -13.686 -5.2219 33.5797 -16.1476 -5.2219 31.1264
2 24 -16.1476 -5.2219 31.1264 -16.037 -5.2219 28.3824
2 24 -14.9585 -5.2219 26.1953 -16.037 -5.2219 28.3824
2 24 -16.037 -5.2219 28.3824 -16.1476 -5.2219 31.1264
2 24 -16.1476 -5.2219 31.1264 -16.1495 -0.0141 31.1154
2 24 -16.1495 -0.0141 31.1154 -16.037 -0.0141 28.3824
2 24 -16.037 -5.2219 28.3824 -14.9585 -5.2219 26.1953
2 24 -16.037 -0.0141 28.3824 -14.9585 -0.0141 26.1953
2 24 -14.9585 -0.0141 26.1953 -13.125 -0.0141 24.5874
2 24 -14.9585 -5.2219 26.1953 -13.125 -5.2219 24.5874
2 24 -13.125 -0.0141 24.5874 -10.8158 -0.0141 23.8035
2 24 -13.125 -5.2219 24.5874 -10.8158 -5.2219 23.8035
2 24 -10.8158 -5.2219 23.8035 -8.8543 -5.2219 23.8342
2 24 -10.8158 -0.0141 23.8035 -8.8432 -0.0141 23.8404
2 24 -8.8543 -5.2219 23.8342 -8.8432 -0.0141 23.8404
2 24 -13.686 -5.2219 33.5797 -13.6982 -0.0141 33.585
2 24 -13.686 -5.2219 33.5797 -16.1476 -5.2219 31.1264
2 24 -13.6982 -0.0141 33.585 -16.1495 -0.0141 31.1154
2 24 -16.1476 -5.2219 31.1264 -16.1495 -0.0141 31.1154
2 24 -10.6824 0 16.212 -10.6865 -5.2271 16.2078
2 24 -10.6824 0 16.212 -9.1827 0 16.196
2 24 -10.6865 -5.2271 16.2078 -9.1857 -5.2271 16.197
2 24 -9.1827 0 16.196 -6.875 0 15.4127
2 24 -9.1857 -5.2271 16.197 -6.875 -5.2271 15.4127
2 24 -6.875 0 15.4127 -5.0449 0 13.8063
2 24 -6.875 -5.2271 15.4127 -5.0382 -5.2769 13.8032
2 24 -5.0382 -5.2769 13.8032 -3.9249 -5.2459 11.5738
2 24 -5.0449 0 13.8063 -3.963 0 11.6176
2 24 -3.9249 -5.2459 11.5738 -3.8035 -5.2271 9.1842
2 24 -3.963 0 11.6176 -3.8035 0 9.1842
2 24 -3.8035 -5.2271 9.1842 -4.5873 -5.2271 6.875
2 24 -3.8035 0 9.1842 -4.5873 0 6.875
2 24 -4.5873 0 6.875 -6.1982 0 5.0397
2 24 -4.5873 -5.2271 6.875 -6.1923 -5.2271 5.0434
2 24 -6.1923 -5.2271 5.0434 -9.26 -5.2271 3.8007
2 24 -6.1982 0 5.0397 -9.298 0 3.7767
2 24 -9.26 -5.2271 3.8007 -9.298 0 3.7767
2 24 -9.1857 -5.2271 16.197 -10.6865 -5.2271 16.2078
2 24 -13.755 -5.2271 13.1365 -10.6865 -5.2271 16.2078
2 24 -9.1857 -5.2271 16.197 -6.875 -5.2271 15.4127
2 24 -6.875 -5.2271 15.4127 -5.0382 -5.2769 13.8032
2 24 -5.0382 -5.2769 13.8032 -3.9249 -5.2459 11.5738
2 24 -3.9249 -5.2459 11.5738 -3.8035 -5.2271 9.1842
2 24 -3.8035 -5.2271 9.1842 -4.5873 -5.2271 6.875
2 24 -4.5873 -5.2271 6.875 -6.1923 -5.2271 5.0434
2 24 -13.755 -5.2271 13.1365 -9.26 -5.2271 3.8007
2 24 -6.1923 -5.2271 5.0434 -9.26 -5.2271 3.8007
2 24 -9.298 0 3.7767 -9.26 -5.2271 3.8007
2 24 -9.298 0 3.7767 -13.7468 0 13.1235
2 24 -9.26 -5.2271 3.8007 -13.755 -5.2271 13.1365
2 24 -13.7468 0 13.1235 -13.755 -5.2271 13.1365
2 24 6.018 -0.0103 2.927 6.018 -5.1426 2.927
2 24 6.018 -0.0103 2.927 6.0597 0 -6.3126
2 24 6.018 -5.1426 2.927 6.0597 -5.1426 -6.3125
2 24 6.0597 0 -6.3126 6.0597 -5.1426 -6.3125
2 24 3.6755 0 5.9609 1.2818 -0.0062 12.4752
2 24 3.6755 0 5.9609 3.6666 -5.1426 5.9525
2 24 1.2818 -0.0062 12.4752 0.9735 -5.25 13.1426
2 24 3.6666 -5.1426 5.9525 0.9735 -5.25 13.1426
2 24 3.6755 0 5.9609 3.6666 -5.1426 5.9525
2 24 3.6755 0 5.9609 5.0708 -0.0058 4.617
2 24 3.6666 -5.1426 5.9525 5.0815 -5.1426 4.6032
2 24 5.0708 -0.0058 4.617 6.018 -0.0103 2.927
2 24 5.0815 -5.1426 4.6032 6.018 -5.1426 2.927
2 24 6.018 -0.0103 2.927 6.018 -5.1426 2.927
2 24 -8.9648 0 21.9415 -9.0027 0 18.0654
2 24 -8.9648 0 21.9415 -8.9494 -5.2219 21.9435
2 24 -9.0027 0 18.0654 -8.9959 -5.25 18.0678
2 24 -8.9494 -5.2219 21.9435 -8.9959 -5.25 18.0678
2 24 -5.7798 -5.25 23.0572 -7.6938 -0.0141 22.2094
2 24 -5.7798 -5.25 23.0572 -8.9494 -5.2219 21.9435
2 24 -7.6938 -0.0141 22.2094 -8.9648 0 21.9415
2 24 -8.9494 -5.2219 21.9435 -8.9648 0 21.9415
2 24 -9.0027 0 18.0654 -5.9191 0 17.0683
2 24 -9.0027 0 18.0654 -8.9959 -5.25 18.0678
2 24 -8.9959 -5.25 18.0678 -5.9191 -5.25 17.0683
2 24 -5.9191 -5.25 17.0683 -3.5249 -5.2053 14.9686
2 24 -5.9191 0 17.0683 -3.5249 0 14.9686
2 24 -3.5249 0 14.9686 -2.1164 0 12.1124
2 24 -3.5249 -5.2053 14.9686 -2.0682 -5.2331 12.0546
2 24 -2.1164 0 12.1124 -1.9081 0 8.9347
2 24 -2.0682 -5.2331 12.0546 -1.9081 -5.25 8.9347
2 24 -1.9081 -5.25 8.9347 -2.9317 -5.25 5.9191
2 24 -1.9081 0 8.9347 -2.9317 0 5.9191
2 24 -2.9317 -5.25 5.9191 -5.0251 -5.2336 3.5212
2 24 -2.9317 0 5.9191 -5.0378 0 3.5285
2 24 -5.0251 -5.2336 3.5212 -8.6239 -5.1426 1.8941
2 24 -8.6239 -5.1426 1.8941 -8.7071 0 1.9418
2 24 -5.0378 0 3.5285 -8.7071 0 1.9418
2 24 6.0597 0 -6.3126 6.0597 -5.1426 -6.3125
2 24 6.0597 0 -6.3126 -7.1149 0 -6.2716
2 24 6.0597 -5.1426 -6.3125 -7.1247 -5.1426 -6.2283
2 24 -7.1149 0 -6.2716 -7.1247 -5.1426 -6.2283
2 24 -7.7304 -0.0671 -2.1089 -7.1149 0 -6.2716
2 24 -7.1149 0 -6.2716 -7.1247 -5.1426 -6.2283
2 24 -7.1247 -5.1426 -6.2283 -7.7691 -5.1426 -1.9097
2 24 -7.7304 -0.0671 -2.1089 -8.7071 0 1.9418
2 24 -8.7071 0 1.9418 -8.6239 -5.1426 1.8941
2 24 -7.7691 -5.1426 -1.9097 -8.6239 -5.1426 1.8941
2 24 -11 -5.2241 18.0696 -10.9947 0 18.0723
2 24 -11 -5.2241 18.0696 -11.0653 -5.2219 21.9081
2 24 -10.9947 0 18.0723 -10.991 0 21.9445
2 24 -11.0653 -5.2219 21.9081 -10.991 0 21.9445
2 24 -13.4079 -5.2241 17.397 -17.6537 -4.9534 13.759
2 24 -17.6537 -4.9534 13.759 -17.2747 -3.8703 13.236
2 24 -17.2747 -3.8703 13.236 -17.078 -1.3336 12.9581
2 24 -13.4079 -5.2241 17.397 -11.3572 0 17.9953
2 24 -17.078 -1.3336 12.9581 -16.7917 -0.4585 12.5437
2 24 -11.3572 0 17.9953 -16.7917 -0.4585 12.5437
2 24 -13.4079 -5.2241 17.397 -11.3572 0 17.9953
2 24 -13.4079 -5.2241 17.397 -11 -5.2241 18.0696
2 24 -11.3572 0 17.9953 -10.9947 0 18.0723
2 24 -11 -5.2241 18.0696 -10.9947 0 18.0723
2 24 -6.4061 -0.0141 26.3107 -6.4175 -5.2219 26.3108
2 24 -6.4061 -0.0141 26.3107 -8.8432 -0.0141 23.8404
2 24 -6.4175 -5.2219 26.3108 -8.8543 -5.2219 23.8342
2 24 -8.8432 -0.0141 23.8404 -8.8543 -5.2219 23.8342
2 24 -13.7468 0 13.1235 -13.755 -5.2271 13.1365
2 24 -13.7468 0 13.1235 -10.6824 0 16.212
2 24 -13.755 -5.2271 13.1365 -10.6865 -5.2271 16.2078
2 24 -10.6824 0 16.212 -10.6865 -5.2271 16.2078
2 24 -6.4061 -0.0141 26.3107 -13.6982 -0.0141 33.585
2 24 -6.4061 -0.0141 26.3107 -6.4175 -5.2219 26.3108
2 24 -13.6982 -0.0141 33.585 -13.686 -5.2219 33.5797
2 24 -6.4175 -5.2219 26.3108 -13.686 -5.2219 33.5797
2 24 -25.7743 -0.4062 44.8578 -26.8039 0 45.3344
2 24 -25.7743 -0.4062 44.8578 -25.333 -1.5032 44.5526
2 24 -26.8039 0 45.3344 -29.5141 0 46.3264
2 24 -25.333 -1.5032 44.5526 -25.1568 -3.9157 44.1578
2 24 -29.5141 0 46.3264 -40.8672 -0.0035 49.2223
2 24 -25.1568 -3.9157 44.1578 -24.7846 -4.8338 43.8363
2 24 -40.8672 -0.0035 49.2223 -50 -0.0131 49.9971
2 24 -24.7846 -4.8338 43.8363 -23.9111 -5.2459 43.3457
2 24 -23.9111 -5.2459 43.3457 -19.345 -5.25 40.6512
2 24 -19.345 -5.25 40.6512 -15.3439 -5.2581 38.197
2 24 -15.3439 -5.2581 38.197 -14.3002 -4.9071 37.4579
2 24 -14.3002 -4.9071 37.4579 -13.6901 -3.8435 37.2026
2 24 -13.6901 -3.8435 37.2026 -13.157 -1.1552 37.1737
2 24 -13.157 -1.1552 37.1737 -12.6606 -0.3696 36.9295
2 24 -12.6606 -0.3696 36.9295 -11.857 0 36.2688
2 24 -11.857 0 36.2688 -3.7006 -0.0037 28.1595
2 24 -3.7006 -0.0037 28.1595 -3.0862 -0.3658 27.3595
2 24 -3.0862 -0.3658 27.3595 -2.7748 -1.4242 26.8133
2 24 -2.7748 -1.4242 26.8133 -2.7769 -3.7426 26.3731
2 24 -2.7769 -3.7426 26.3731 -2.5878 -4.8154 25.8686
2 24 -2.5878 -4.8154 25.8686 -1.9674 -5.2499 24.8836
2 24 -1.9674 -5.2499 24.8836 0.9195 -5.25 20.3867
2 24 0.9195 -5.25 20.3867 3.205 -5.25 16.3438
2 24 3.205 -5.25 16.3438 3.8065 -4.8708 15.2655
2 24 3.8065 -4.8708 15.2655 4.1863 -3.774 14.827
2 24 4.1863 -3.774 14.827 4.5377 -1.5096 14.6751
2 24 4.5377 -1.5096 14.6751 4.8569 -0.4165 14.2255
2 24 4.8569 -0.4165 14.2255 5.2947 -0.0002 13.2666
2 24 5.2947 -0.0002 13.2666 6.3454 -0.0002 10.2132
2 24 6.3454 -0.0002 10.2132 9.2656 -0.0122 -1.1538
2 24 9.2656 -0.0122 -1.1538 9.9997 -0.0027 -10
2 24 9.9997 -0.0027 -10 8.2274 -10.9154 -10
2 24 8.2274 -10.9154 -10 4.5658 -20.4074 -10
2 24 4.5658 -20.4074 -10 -1.912 -31.6176 -10
2 24 -1.912 -31.6176 -10 -11.8843 -41.8508 -10
2 24 -11.8843 -41.8508 -10 -25.0391 -50.327 -10
2 24 -25.0391 -50.327 -10 -38.0947 -54.6641 -10
2 24 -38.0947 -54.6641 -10 -50 -55.9276 -10
2 24 -50 -55.9276 -10 -61.9053 -54.6641 -10
2 24 -61.9053 -54.6641 -10 -74.9609 -50.327 -10
2 24 -74.9609 -50.327 -10 -88.1157 -41.8508 -10
2 24 -88.1157 -41.8508 -10 -98.088 -31.6176 -10
2 24 -98.088 -31.6176 -10 -104.5658 -20.4074 -10
2 24 -104.5658 -20.4074 -10 -108.2274 -10.9154 -10
2 24 -108.2274 -10.9154 -10 -109.9997 -0.0027 -10
2 24 -109.9997 -0.0027 -10 -109.2656 -0.0122 -1.1538
2 24 -109.2656 -0.0122 -1.1538 -106.3454 -0.0002 10.2132
2 24 -106.3454 -0.0002 10.2132 -105.2946 -0.0002 13.2666
2 24 -105.2946 -0.0002 13.2666 -104.8569 -0.4165 14.2255
2 24 -104.8569 -0.4165 14.2255 -104.5377 -1.5096 14.6751
2 24 -104.5377 -1.5096 14.6751 -104.1863 -3.774 14.827
2 24 -104.1863 -3.774 14.827 -103.8065 -4.8708 15.2655
2 24 -103.8065 -4.8708 15.2655 -103.205 -5.25 16.3438
2 24 -103.205 -5.25 16.3438 -100.9195 -5.25 20.3867
2 24 -100.9195 -5.25 20.3867 -98.0326 -5.2499 24.8836
2 24 -98.0326 -5.2499 24.8836 -97.4122 -4.8154 25.8686
2 24 -97.4122 -4.8154 25.8686 -97.2231 -3.7426 26.3731
2 24 -97.2231 -3.7426 26.3731 -97.2252 -1.4242 26.8133
2 24 -97.2252 -1.4242 26.8133 -96.9138 -0.3658 27.3595
2 24 -96.9138 -0.3658 27.3595 -96.2994 -0.0037 28.1595
2 24 -96.2994 -0.0037 28.1595 -88.143 0 36.2688
2 24 -88.143 0 36.2688 -87.3394 -0.3696 36.9295
2 24 -87.3394 -0.3696 36.9295 -86.843 -1.1552 37.1737
2 24 -86.843 -1.1552 37.1737 -86.3099 -3.8435 37.2026
2 24 -86.3099 -3.8435 37.2026 -85.6998 -4.9071 37.4579
2 24 -85.6998 -4.9071 37.4579 -84.6561 -5.2581 38.197
2 24 -84.6561 -5.2581 38.197 -80.655 -5.25 40.6512
2 24 -80.655 -5.25 40.6512 -76.0889 -5.2459 43.3457
2 24 -76.0889 -5.2459 43.3457 -75.2154 -4.8338 43.8363
2 24 -75.2154 -4.8338 43.8363 -74.8432 -3.9157 44.1578
2 24 -74.8432 -3.9157 44.1578 -74.667 -1.5032 44.5526
2 24 -74.667 -1.5032 44.5526 -74.2257 -0.4062 44.8578
2 24 -74.2257 -0.4062 44.8578 -73.1961 0 45.3344
2 24 -73.1961 0 45.3344 -70.4859 0 46.3264
2 24 -70.4859 0 46.3264 -59.1328 -0.0035 49.2223
2 24 -50 -0.0131 49.9971 -59.1328 -0.0035 49.2223
0 STEP
