0 Train, Track Plastic (RC Trains) Straight with Smooth Raised Center Crossing
0 Name: bl_2824.dat
0 Author: 
0 BL_Item_No 2824
0 BFC CERTIFY CCW
3 16 143.424 0 111.9751 141.9781 0 113.4209 143.424 -5.7286 111.9751
3 16 143.424 -5.7286 111.9751 141.9781 0 113.4209 141.9781 -7.0049 113.4209
3 16 141.9781 0 113.4209 140.0032 0 113.9501 141.9781 -7.0049 113.4209
3 16 141.9781 -7.0049 113.4209 140.0032 0 113.9501 140.005 -9 113.9501
3 16 138.0282 0 113.4209 138.0282 -7.0049 113.4209 140.0032 0 113.9501
3 16 140.0032 0 113.9501 138.0282 -7.0049 113.4209 140.005 -9 113.9501
3 16 136.5824 0 111.9751 136.5824 -5.7286 111.9751 138.0282 0 113.4209
3 16 138.0282 0 113.4209 136.5824 -5.7286 111.9751 138.0282 -7.0049 113.4209
3 16 136.0532 0 110.0001 136.0532 -5.25 110.0001 136.5824 0 111.9751
3 16 136.5824 0 111.9751 136.0532 -5.25 110.0001 136.5824 -5.7286 111.9751
3 16 136.5824 -5.25 108.0251 136.0532 -5.25 110.0001 136.5824 0 108.0251
3 16 136.5824 0 108.0251 136.0532 -5.25 110.0001 136.0532 0 110.0001
3 16 136.5824 0 108.0251 138.0282 0 106.5793 136.5824 -5.25 108.0251
3 16 136.5824 -5.25 108.0251 138.0282 0 106.5793 138.0282 -5.25 106.5793
3 16 138.0282 0 106.5793 140.0032 0 106.0501 138.0282 -5.25 106.5793
3 16 138.0282 -5.25 106.5793 140.0032 0 106.0501 140.0032 -5.25 106.0501
3 16 140.0032 0 106.0501 141.9781 0 106.5793 140.0032 -5.25 106.0501
3 16 140.0032 -5.25 106.0501 141.9781 0 106.5793 141.9781 -5.25 106.5793
3 16 141.9781 0 106.5793 143.424 0 108.0251 141.9781 -5.25 106.5793
3 16 141.9781 -5.25 106.5793 143.424 0 108.0251 143.424 -5.25 108.0251
3 16 143.9292 -5.2619 109.9874 143.424 -5.25 108.0251 143.9532 0 110.0001
3 16 143.9532 0 110.0001 143.424 -5.25 108.0251 143.424 0 108.0251
3 16 143.424 -5.7286 111.9751 143.9292 -5.2619 109.9874 143.424 0 111.9751
3 16 143.424 0 111.9751 143.9292 -5.2619 109.9874 143.9532 0 110.0001
3 16 141.9781 0 113.4209 143.424 0 111.9751 140.9935 0 111.7154
3 16 140.9935 0 111.7154 143.424 0 111.9751 141.7185 0 110.9905
3 16 140.0032 0 113.9501 141.9781 0 113.4209 140.0032 0 111.9808
3 16 140.0032 0 111.9808 141.9781 0 113.4209 140.9935 0 111.7154
3 16 138.0282 0 113.4209 140.0032 0 113.9501 139.0128 0 111.7154
3 16 139.0128 0 111.7154 140.0032 0 113.9501 140.0032 0 111.9808
3 16 136.5824 0 111.9751 138.0282 0 113.4209 138.2878 0 110.9905
3 16 138.2878 0 110.9905 138.0282 0 113.4209 139.0128 0 111.7154
3 16 136.0532 0 110.0001 136.5824 0 111.9751 138.0224 0 110.0001
3 16 138.0224 0 110.0001 136.5824 0 111.9751 138.2878 0 110.9905
3 16 138.0224 0 110.0001 138.2878 0 109.0097 136.0532 0 110.0001
3 16 136.0532 0 110.0001 138.2878 0 109.0097 136.5824 0 108.0251
3 16 138.0282 0 106.5793 136.5824 0 108.0251 139.0128 0 108.2848
3 16 139.0128 0 108.2848 136.5824 0 108.0251 138.2878 0 109.0097
3 16 140.0032 0 106.0501 138.0282 0 106.5793 140.0032 0 108.0194
3 16 140.0032 0 108.0194 138.0282 0 106.5793 139.0128 0 108.2848
3 16 141.9781 0 106.5793 140.0032 0 106.0501 140.9935 0 108.2848
3 16 140.9935 0 108.2848 140.0032 0 106.0501 140.0032 0 108.0194
3 16 143.424 0 108.0251 141.9781 0 106.5793 141.7185 0 109.0097
3 16 141.7185 0 109.0097 141.9781 0 106.5793 140.9935 0 108.2848
3 16 141.9839 0 110.0001 143.9532 0 110.0001 141.7185 0 109.0097
3 16 141.7185 0 109.0097 143.9532 0 110.0001 143.424 0 108.0251
3 16 143.424 0 111.9751 143.9532 0 110.0001 141.7185 0 110.9905
3 16 141.7185 0 110.9905 143.9532 0 110.0001 141.9839 0 110.0001
3 16 140.9935 0 111.7154 141.7185 0 110.9905 140.9935 -5.25 111.7154
3 16 140.9935 -5.25 111.7154 141.7185 0 110.9905 141.7185 -5.25 110.9905
3 16 140.0032 0 111.9808 140.9935 0 111.7154 140.0032 -5.25 111.9808
3 16 140.0032 -5.25 111.9808 140.9935 0 111.7154 140.9935 -5.25 111.7154
3 16 139.0128 0 111.7154 140.0032 0 111.9808 139.0128 -5.25 111.7154
3 16 139.0128 -5.25 111.7154 140.0032 0 111.9808 140.0032 -5.25 111.9808
3 16 138.2878 0 110.9905 139.0128 0 111.7154 138.2878 -5.25 110.9905
3 16 138.2878 -5.25 110.9905 139.0128 0 111.7154 139.0128 -5.25 111.7154
3 16 138.0224 0 110.0001 138.2878 0 110.9905 138.0224 -5.25 110.0001
3 16 138.0224 -5.25 110.0001 138.2878 0 110.9905 138.2878 -5.25 110.9905
3 16 138.2878 0 109.0097 138.0224 0 110.0001 138.2878 -5.25 109.0097
3 16 138.2878 -5.25 109.0097 138.0224 0 110.0001 138.0224 -5.25 110.0001
3 16 139.0128 0 108.2848 138.2878 0 109.0097 139.0128 -5.25 108.2848
3 16 139.0128 -5.25 108.2848 138.2878 0 109.0097 138.2878 -5.25 109.0097
3 16 140.0032 0 108.0194 139.0128 0 108.2848 140.0032 -5.25 108.0194
3 16 140.0032 -5.25 108.0194 139.0128 0 108.2848 139.0128 -5.25 108.2848
3 16 140.9935 0 108.2848 140.0032 0 108.0194 140.9935 -5.25 108.2848
3 16 140.9935 -5.25 108.2848 140.0032 0 108.0194 140.0032 -5.25 108.0194
3 16 141.7185 0 109.0097 140.9935 0 108.2848 141.7185 -5.25 109.0097
3 16 141.7185 -5.25 109.0097 140.9935 0 108.2848 140.9935 -5.25 108.2848
3 16 141.9839 0 110.0001 141.7185 0 109.0097 141.9839 -5.25 110.0001
3 16 141.9839 -5.25 110.0001 141.7185 0 109.0097 141.7185 -5.25 109.0097
3 16 141.7185 0 110.9905 141.9839 0 110.0001 141.7185 -5.25 110.9905
3 16 141.7185 -5.25 110.9905 141.9839 0 110.0001 141.9839 -5.25 110.0001
3 16 139.0128 -5.25 108.2848 140.0034 -5.25 110.0001 140.0032 -5.25 108.0194
3 16 138.2878 -5.25 110.9905 140.0034 -5.25 110.0001 138.0224 -5.25 110.0001
3 16 140.9935 -5.25 111.7154 140.0034 -5.25 110.0001 140.0032 -5.25 111.9808
3 16 141.7185 -5.25 109.0097 140.0034 -5.25 110.0001 141.9839 -5.25 110.0001
3 16 138.0224 -5.25 110.0001 140.0034 -5.25 110.0001 138.2878 -5.25 109.0097
3 16 138.2878 -5.25 109.0097 140.0034 -5.25 110.0001 139.0128 -5.25 108.2848
3 16 140.0032 -5.25 111.9808 140.0034 -5.25 110.0001 139.0128 -5.25 111.7154
3 16 139.0128 -5.25 111.7154 140.0034 -5.25 110.0001 138.2878 -5.25 110.9905
3 16 140.0034 -5.25 110.0001 141.7185 -5.25 110.9905 141.9839 -5.25 110.0001
3 16 140.9935 -5.25 111.7154 141.7185 -5.25 110.9905 140.0034 -5.25 110.0001
3 16 140.0032 -5.25 108.0194 140.0034 -5.25 110.0001 140.9935 -5.25 108.2848
3 16 140.9935 -5.25 108.2848 140.0034 -5.25 110.0001 141.7185 -5.25 109.0097
3 16 146.2571 -5.25 110 143.9292 -5.2619 109.9874 146.2484 -5.7286 111.9751
3 16 146.2484 -5.7286 111.9751 143.9292 -5.2619 109.9874 143.424 -5.7286 111.9751
3 16 146.2586 -12.7499 113.85 146.2586 -9 113.85 140.0056 -12.7499 113.85
3 16 140.0056 -12.7499 113.85 146.2586 -9 113.85 140.005 -9 113.9501
3 16 141.975 -5.25 33.4208 141.9781 -5.25 106.5793 143.4208 -5.25 31.975
3 16 143.4208 -5.25 31.975 141.9781 -5.25 106.5793 143.424 -5.25 108.0251
3 16 133.7498 -5.2501 110 136.0532 -5.25 110.0001 133.7498 -5.2501 108.0251
3 16 133.7498 -5.2501 108.0251 136.0532 -5.25 110.0001 136.5824 -5.25 108.0251
3 16 136.5824 -5.7286 111.9751 136.0532 -5.25 110.0001 133.7437 -5.7286 111.9751
3 16 133.7437 -5.7286 111.9751 136.0532 -5.25 110.0001 133.7498 -5.2501 110
3 16 140.0056 -12.7499 113.85 140.005 -9 113.9501 133.7528 -12.75 113.85
3 16 133.7528 -12.75 113.85 140.005 -9 113.9501 133.7516 -9 113.85
3 16 133.7437 -5.7286 111.9751 133.7532 -7.0049 113.4209 136.5824 -5.7286 111.9751
3 16 136.5824 -5.7286 111.9751 133.7532 -7.0049 113.4209 138.0282 -7.0049 113.4209
3 16 140.005 -9 113.9501 138.0282 -7.0049 113.4209 133.7516 -9 113.85
3 16 133.7516 -9 113.85 138.0282 -7.0049 113.4209 133.7532 -7.0049 113.4209
3 16 146.2532 -7.0049 113.4209 141.9781 -7.0049 113.4209 146.2586 -9 113.85
3 16 146.2586 -9 113.85 141.9781 -7.0049 113.4209 140.005 -9 113.9501
3 16 141.9781 -7.0049 113.4209 146.2532 -7.0049 113.4209 143.424 -5.7286 111.9751
3 16 143.424 -5.7286 111.9751 146.2532 -7.0049 113.4209 146.2484 -5.7286 111.9751
3 16 136.5792 0 28.025 138.025 0 26.5792 136.5792 -5.7286 28.025
3 16 136.5792 -5.7286 28.025 138.025 0 26.5792 138.025 -7.0049 26.5792
3 16 138.025 0 26.5792 140 0 26.05 138.025 -7.0049 26.5792
3 16 138.025 -7.0049 26.5792 140 0 26.05 139.9982 -9 26.05
3 16 141.975 0 26.5792 141.975 -7.0049 26.5792 140 0 26.05
3 16 140 0 26.05 141.975 -7.0049 26.5792 139.9982 -9 26.05
3 16 143.4208 0 28.025 143.4208 -5.7286 28.025 141.975 0 26.5792
3 16 141.975 0 26.5792 143.4208 -5.7286 28.025 141.975 -7.0049 26.5792
3 16 143.95 0 30 143.95 -5.25 30 143.4208 0 28.025
3 16 143.4208 0 28.025 143.95 -5.25 30 143.4208 -5.7286 28.025
3 16 143.4208 -5.25 31.975 143.95 -5.25 30 143.4208 0 31.975
3 16 143.4208 0 31.975 143.95 -5.25 30 143.95 0 30
3 16 143.4208 0 31.975 141.975 0 33.4208 143.4208 -5.25 31.975
3 16 143.4208 -5.25 31.975 141.975 0 33.4208 141.975 -5.25 33.4208
3 16 141.975 0 33.4208 140 0 33.95 141.975 -5.25 33.4208
3 16 141.975 -5.25 33.4208 140 0 33.95 140 -5.25 33.95
3 16 140 0 33.95 138.025 0 33.4208 140 -5.25 33.95
3 16 140 -5.25 33.95 138.025 0 33.4208 138.025 -5.25 33.4208
3 16 138.025 0 33.4208 136.5792 0 31.975 138.025 -5.25 33.4208
3 16 138.025 -5.25 33.4208 136.5792 0 31.975 136.5792 -5.25 31.975
3 16 136.074 -5.2619 30.0127 136.5792 -5.25 31.975 136.05 0 30
3 16 136.05 0 30 136.5792 -5.25 31.975 136.5792 0 31.975
3 16 136.5792 -5.7286 28.025 136.074 -5.2619 30.0127 136.5792 0 28.025
3 16 136.5792 0 28.025 136.074 -5.2619 30.0127 136.05 0 30
3 16 138.025 0 26.5792 136.5792 0 28.025 139.0096 0 28.2847
3 16 139.0096 0 28.2847 136.5792 0 28.025 138.2847 0 29.0096
3 16 140 0 26.05 138.025 0 26.5792 140 0 28.0193
3 16 140 0 28.0193 138.025 0 26.5792 139.0096 0 28.2847
3 16 141.975 0 26.5792 140 0 26.05 140.9904 0 28.2847
3 16 140.9904 0 28.2847 140 0 26.05 140 0 28.0193
3 16 143.4208 0 28.025 141.975 0 26.5792 141.7153 0 29.0096
3 16 141.7153 0 29.0096 141.975 0 26.5792 140.9904 0 28.2847
3 16 143.95 0 30 143.4208 0 28.025 141.9807 0 30
3 16 141.9807 0 30 143.4208 0 28.025 141.7153 0 29.0096
3 16 141.9807 0 30 141.7153 0 30.9904 143.95 0 30
3 16 143.95 0 30 141.7153 0 30.9904 143.4208 0 31.975
3 16 141.975 0 33.4208 143.4208 0 31.975 140.9904 0 31.7153
3 16 140.9904 0 31.7153 143.4208 0 31.975 141.7153 0 30.9904
3 16 140 0 33.95 141.975 0 33.4208 140 0 31.9807
3 16 140 0 31.9807 141.975 0 33.4208 140.9904 0 31.7153
3 16 138.025 0 33.4208 140 0 33.95 139.0096 0 31.7153
3 16 139.0096 0 31.7153 140 0 33.95 140 0 31.9807
3 16 136.5792 0 31.975 138.025 0 33.4208 138.2847 0 30.9904
3 16 138.2847 0 30.9904 138.025 0 33.4208 139.0096 0 31.7153
3 16 138.0193 0 30 136.05 0 30 138.2847 0 30.9904
3 16 138.2847 0 30.9904 136.05 0 30 136.5792 0 31.975
3 16 136.5792 0 28.025 136.05 0 30 138.2847 0 29.0096
3 16 138.2847 0 29.0096 136.05 0 30 138.0193 0 30
3 16 139.0096 0 28.2847 138.2847 0 29.0096 139.0096 -5.25 28.2847
3 16 139.0096 -5.25 28.2847 138.2847 0 29.0096 138.2847 -5.25 29.0096
3 16 140 0 28.0193 139.0096 0 28.2847 140 -5.25 28.0193
3 16 140 -5.25 28.0193 139.0096 0 28.2847 139.0096 -5.25 28.2847
3 16 140.9904 0 28.2847 140 0 28.0193 140.9904 -5.25 28.2847
3 16 140.9904 -5.25 28.2847 140 0 28.0193 140 -5.25 28.0193
3 16 141.7153 0 29.0096 140.9904 0 28.2847 141.7153 -5.25 29.0096
3 16 141.7153 -5.25 29.0096 140.9904 0 28.2847 140.9904 -5.25 28.2847
3 16 141.9807 0 30 141.7153 0 29.0096 141.9807 -5.25 30
3 16 141.9807 -5.25 30 141.7153 0 29.0096 141.7153 -5.25 29.0096
3 16 141.7153 0 30.9904 141.9807 0 30 141.7153 -5.25 30.9904
3 16 141.7153 -5.25 30.9904 141.9807 0 30 141.9807 -5.25 30
3 16 140.9904 0 31.7153 141.7153 0 30.9904 140.9904 -5.25 31.7153
3 16 140.9904 -5.25 31.7153 141.7153 0 30.9904 141.7153 -5.25 30.9904
3 16 140 0 31.9807 140.9904 0 31.7153 140 -5.25 31.9807
3 16 140 -5.25 31.9807 140.9904 0 31.7153 140.9904 -5.25 31.7153
3 16 139.0096 0 31.7153 140 0 31.9807 139.0096 -5.25 31.7153
3 16 139.0096 -5.25 31.7153 140 0 31.9807 140 -5.25 31.9807
3 16 138.2847 0 30.9904 139.0096 0 31.7153 138.2847 -5.25 30.9904
3 16 138.2847 -5.25 30.9904 139.0096 0 31.7153 139.0096 -5.25 31.7153
3 16 138.0193 0 30 138.2847 0 30.9904 138.0193 -5.25 30
3 16 138.0193 -5.25 30 138.2847 0 30.9904 138.2847 -5.25 30.9904
3 16 138.2847 0 29.0096 138.0193 0 30 138.2847 -5.25 29.0096
3 16 138.2847 -5.25 29.0096 138.0193 0 30 138.0193 -5.25 30
3 16 140.9904 -5.25 31.7153 139.9997 -5.25 30 140 -5.25 31.9807
3 16 141.7153 -5.25 29.0096 139.9997 -5.25 30 141.9807 -5.25 30
3 16 139.0096 -5.25 28.2847 139.9997 -5.25 30 140 -5.25 28.0193
3 16 138.2847 -5.25 30.9904 139.9997 -5.25 30 138.0193 -5.25 30
3 16 141.9807 -5.25 30 139.9997 -5.25 30 141.7153 -5.25 30.9904
3 16 141.7153 -5.25 30.9904 139.9997 -5.25 30 140.9904 -5.25 31.7153
3 16 140 -5.25 28.0193 139.9997 -5.25 30 140.9904 -5.25 28.2847
3 16 140.9904 -5.25 28.2847 139.9997 -5.25 30 141.7153 -5.25 29.0096
3 16 139.9997 -5.25 30 138.2847 -5.25 29.0096 138.0193 -5.25 30
3 16 139.0096 -5.25 28.2847 138.2847 -5.25 29.0096 139.9997 -5.25 30
3 16 140 -5.25 31.9807 139.9997 -5.25 30 139.0096 -5.25 31.7153
3 16 139.0096 -5.25 31.7153 139.9997 -5.25 30 138.2847 -5.25 30.9904
3 16 143.8209 -5.275 149.125 143.95 -5.25 150 146.2579 -5.25 149.125
3 16 146.2579 -5.25 149.125 143.95 -5.25 150 146.2586 -5.25 150
3 16 136.1643 -12.7503 149.1493 133.7489 -12.7503 149.1261 136.1643 -5.2619 149.1493
3 16 136.1643 -5.2619 149.1493 133.7489 -12.7503 149.1261 133.75 -5.25 149.125
3 16 146.2579 -5.25 149.125 146.2547 -12.7501 149.125 143.8209 -5.275 149.125
3 16 143.8209 -5.275 149.125 146.2547 -12.7501 149.125 143.8209 -12.7503 149.125
3 16 133.75 -5.2502 150 136.074 -5.2619 150 133.75 -5.25 149.125
3 16 133.75 -5.25 149.125 136.074 -5.2619 150 136.1643 -5.2619 149.1493
3 16 143.8209 -5.275 149.125 143.8209 0 149.125 143.95 -5.25 150
3 16 143.95 -5.25 150 143.8209 0 149.125 143.95 0 150
3 16 136.1643 -5.2619 149.1493 136.1643 0 149.1493 136.5792 0 148.025
3 16 138.025 0 146.5792 136.5792 0 148.025 139.0096 0 148.2847
3 16 139.0096 0 148.2847 136.5792 0 148.025 138.2847 0 149.0096
3 16 140 0 146.05 138.025 0 146.5792 140 0 148.0193
3 16 140 0 148.0193 138.025 0 146.5792 139.0096 0 148.2847
3 16 141.975 0 146.5792 140 0 146.05 140.9904 0 148.2847
3 16 140.9904 0 148.2847 140 0 146.05 140 0 148.0193
3 16 143.4208 0 148.025 141.975 0 146.5792 141.7153 0 149.0096
3 16 141.7153 0 149.0096 141.975 0 146.5792 140.9904 0 148.2847
3 16 141.9807 0 150 143.8209 0 149.125 141.7153 0 149.0096
3 16 141.7153 0 149.0096 143.8209 0 149.125 143.4208 0 148.025
3 16 138.0193 0 150 136.1643 0 149.1493 136.05 0 150
3 16 139.0096 0 148.2847 138.2847 0 149.0096 139.0096 -12.7683 148.2847
3 16 139.0096 -12.7683 148.2847 138.2847 0 149.0096 138.2847 -12.7683 149.0096
3 16 140 0 148.0193 139.0096 0 148.2847 140 -12.7683 148.0193
3 16 140 -12.7683 148.0193 139.0096 0 148.2847 139.0096 -12.7683 148.2847
3 16 140.9904 0 148.2847 140 0 148.0193 140.9904 -12.7683 148.2847
3 16 140.9904 -12.7683 148.2847 140 0 148.0193 140 -12.7683 148.0193
3 16 141.7153 0 149.0096 140.9904 0 148.2847 141.7153 -12.7683 149.0096
3 16 141.7153 -12.7683 149.0096 140.9904 0 148.2847 140.9904 -12.7683 148.2847
3 16 141.9807 0 150 141.7153 0 149.0096 141.9807 -12.7503 150
3 16 141.9807 -12.7503 150 141.7153 0 149.0096 141.7153 -12.7683 149.0096
3 16 138.0193 0 150 138.0193 -12.7503 150 138.2847 0 149.0096
3 16 138.2847 0 149.0096 138.0193 -12.7503 150 138.2847 -12.7683 149.0096
3 16 141.7153 -12.7683 149.0096 140 -12.7503 150 141.9807 -12.7503 150
3 16 139.0096 -12.7683 148.2847 140 -12.7503 150 140 -12.7683 148.0193
3 16 140 -12.7683 148.0193 140 -12.7503 150 140.9904 -12.7683 148.2847
3 16 140.9904 -12.7683 148.2847 140 -12.7503 150 141.7153 -12.7683 149.0096
3 16 140 -12.7503 150 138.2847 -12.7683 149.0096 138.0193 -12.7503 150
3 16 139.0096 -12.7683 148.2847 138.2847 -12.7683 149.0096 140 -12.7503 150
3 16 136.1643 -12.7503 149.1493 136.1643 -5.2619 149.1493 136.5792 -12.7503 148.025
3 16 136.5792 -12.7503 148.025 136.1643 -5.2619 149.1493 136.5792 0 148.025
3 16 141.975 0 146.5792 143.4208 0 148.025 141.975 -12.7503 146.5792
3 16 141.975 -12.7503 146.5792 143.4208 0 148.025 143.4208 -12.7503 148.025
3 16 140 0 146.05 141.975 0 146.5792 140 -12.7503 146.05
3 16 140 -12.7503 146.05 141.975 0 146.5792 141.975 -12.7503 146.5792
3 16 138.025 0 146.5792 140 0 146.05 138.025 -12.7503 146.5792
3 16 138.025 -12.7503 146.5792 140 0 146.05 140 -12.7503 146.05
3 16 136.5792 0 148.025 138.025 0 146.5792 136.5792 -12.7503 148.025
3 16 136.5792 -12.7503 148.025 138.025 0 146.5792 138.025 -12.7503 146.5792
3 16 143.4208 0 148.025 143.8209 -5.275 149.125 143.4208 -12.7503 148.025
3 16 143.4208 -12.7503 148.025 143.8209 -5.275 149.125 143.8209 -12.7503 149.125
3 16 143.4208 0 148.025 143.8209 0 149.125 143.8209 -5.275 149.125
3 16 136.05 0 150 136.1643 0 149.1493 136.074 -5.2619 150
3 16 136.074 -5.2619 150 136.1643 0 149.1493 136.1643 -5.2619 149.1493
3 16 143.95 0 150 143.8209 0 149.125 141.9807 0 150
3 16 136.5792 0 148.025 136.1643 0 149.1493 138.2847 0 149.0096
3 16 138.2847 0 149.0096 136.1643 0 149.1493 138.0193 0 150
3 16 133.75 -5.25 129.125 133.7499 -5.25 130.875 136.074 -5.2619 130.0127
3 16 136.074 -5.2619 130.0127 133.7499 -5.25 130.875 136.1546 -5.262 130.882
3 16 143.8209 -5.275 129.125 143.95 -5.25 130 146.2579 -5.25 129.125
3 16 136.1546 -12.7503 130.882 136.1546 -5.262 130.882 133.7482 -12.7503 130.8887
3 16 133.7482 -12.7503 130.8887 136.1546 -5.262 130.882 133.7499 -5.25 130.875
3 16 146.2577 -5.25 130.875 143.7931 -5.25 130.875 146.25 -12.7503 130.875
3 16 146.25 -12.7503 130.875 143.7931 -5.25 130.875 143.7931 -12.7503 130.875
3 16 136.1643 -12.7503 129.1493 133.7495 -12.7502 129.1505 136.1643 -5.2619 129.1493
3 16 136.1643 -5.2619 129.1493 133.7495 -12.7502 129.1505 133.75 -5.25 129.125
3 16 146.2579 -5.25 129.125 146.2547 -12.7501 129.125 143.8209 -5.275 129.125
3 16 143.8209 -5.275 129.125 146.2547 -12.7501 129.125 143.8209 -12.7503 129.125
3 16 146.2579 -5.25 129.125 143.95 -5.25 130 146.2577 -5.25 130.875
3 16 146.2577 -5.25 130.875 143.95 -5.25 130 143.7931 -5.25 130.875
3 16 133.75 -5.25 129.125 136.074 -5.2619 130.0127 136.1643 -5.2619 129.1493
3 16 143.8209 -5.275 129.125 143.8209 0 129.125 143.95 -5.25 130
3 16 143.95 -5.25 130 143.8209 0 129.125 143.95 0 130
3 16 143.95 0 130 143.7931 0 130.875 143.95 -5.25 130
3 16 143.95 -5.25 130 143.7931 0 130.875 143.7931 -5.25 130.875
3 16 136.1546 -5.262 130.882 136.1546 0 130.882 136.074 -5.2619 130.0127
3 16 136.074 -5.2619 130.0127 136.1546 0 130.882 136.05 0 130
3 16 136.1643 -5.2619 129.1493 136.1643 0 129.1493 136.5792 0 128.025
3 16 138.025 0 126.5792 136.5792 0 128.025 139.0096 0 128.2847
3 16 139.0096 0 128.2847 136.5792 0 128.025 138.2847 0 129.0096
3 16 140 0 126.05 138.025 0 126.5792 140 0 128.0193
3 16 140 0 128.0193 138.025 0 126.5792 139.0096 0 128.2847
3 16 141.975 0 126.5792 140 0 126.05 140.9904 0 128.2847
3 16 140.9904 0 128.2847 140 0 126.05 140 0 128.0193
3 16 143.4208 0 128.025 141.975 0 126.5792 141.7153 0 129.0096
3 16 141.7153 0 129.0096 141.975 0 126.5792 140.9904 0 128.2847
3 16 141.9807 0 130 143.8209 0 129.125 141.7153 0 129.0096
3 16 141.7153 0 129.0096 143.8209 0 129.125 143.4208 0 128.025
3 16 143.4208 0 131.975 143.7931 0 130.875 141.7153 0 130.9904
3 16 141.7153 0 130.9904 143.7931 0 130.875 141.9807 0 130
3 16 141.975 0 133.4208 143.4208 0 131.975 140.9904 0 131.7153
3 16 140.9904 0 131.7153 143.4208 0 131.975 141.7153 0 130.9904
3 16 140 0 133.95 141.975 0 133.4208 140 0 131.9807
3 16 140 0 131.9807 141.975 0 133.4208 140.9904 0 131.7153
3 16 138.025 0 133.4208 140 0 133.95 139.0096 0 131.7153
3 16 139.0096 0 131.7153 140 0 133.95 140 0 131.9807
3 16 136.5792 0 131.975 138.025 0 133.4208 138.2847 0 130.9904
3 16 138.2847 0 130.9904 138.025 0 133.4208 139.0096 0 131.7153
3 16 136.05 0 130 136.1546 0 130.882 138.0193 0 130
3 16 138.0193 0 130 136.1643 0 129.1493 136.05 0 130
3 16 139.0096 0 128.2847 138.2847 0 129.0096 139.0096 -12.7683 128.2847
3 16 139.0096 -12.7683 128.2847 138.2847 0 129.0096 138.2847 -12.7683 129.0096
3 16 140 0 128.0193 139.0096 0 128.2847 140 -12.7683 128.0193
3 16 140 -12.7683 128.0193 139.0096 0 128.2847 139.0096 -12.7683 128.2847
3 16 140.9904 0 128.2847 140 0 128.0193 140.9904 -12.7683 128.2847
3 16 140.9904 -12.7683 128.2847 140 0 128.0193 140 -12.7683 128.0193
3 16 141.7153 0 129.0096 140.9904 0 128.2847 141.7153 -12.7683 129.0096
3 16 141.7153 -12.7683 129.0096 140.9904 0 128.2847 140.9904 -12.7683 128.2847
3 16 141.9807 0 130 141.7153 0 129.0096 141.9807 -12.7683 130
3 16 141.9807 -12.7683 130 141.7153 0 129.0096 141.7153 -12.7683 129.0096
3 16 141.7153 0 130.9904 141.9807 0 130 141.7153 -12.7683 130.9904
3 16 141.7153 -12.7683 130.9904 141.9807 0 130 141.9807 -12.7683 130
3 16 140.9904 0 131.7153 141.7153 0 130.9904 140.9904 -12.7683 131.7153
3 16 140.9904 -12.7683 131.7153 141.7153 0 130.9904 141.7153 -12.7683 130.9904
3 16 140 0 131.9807 140.9904 0 131.7153 140 -12.7683 131.9807
3 16 140 -12.7683 131.9807 140.9904 0 131.7153 140.9904 -12.7683 131.7153
3 16 139.0096 0 131.7153 140 0 131.9807 139.0096 -12.7683 131.7153
3 16 139.0096 -12.7683 131.7153 140 0 131.9807 140 -12.7683 131.9807
3 16 138.2847 0 130.9904 139.0096 0 131.7153 138.2847 -12.7683 130.9904
3 16 138.2847 -12.7683 130.9904 139.0096 0 131.7153 139.0096 -12.7683 131.7153
3 16 138.0193 0 130 138.2847 0 130.9904 138.0193 -12.7683 130
3 16 138.0193 -12.7683 130 138.2847 0 130.9904 138.2847 -12.7683 130.9904
3 16 138.2847 0 129.0096 138.0193 0 130 138.2847 -12.7683 129.0096
3 16 138.2847 -12.7683 129.0096 138.0193 0 130 138.0193 -12.7683 130
3 16 140.9904 -12.7683 131.7153 140 -12.7683 130 140 -12.7683 131.9807
3 16 141.7153 -12.7683 129.0096 140 -12.7683 130 141.9807 -12.7683 130
3 16 139.0096 -12.7683 128.2847 140 -12.7683 130 140 -12.7683 128.0193
3 16 138.2847 -12.7683 130.9904 140 -12.7683 130 138.0193 -12.7683 130
3 16 141.9807 -12.7683 130 140 -12.7683 130 141.7153 -12.7683 130.9904
3 16 141.7153 -12.7683 130.9904 140 -12.7683 130 140.9904 -12.7683 131.7153
3 16 140 -12.7683 128.0193 140 -12.7683 130 140.9904 -12.7683 128.2847
3 16 140.9904 -12.7683 128.2847 140 -12.7683 130 141.7153 -12.7683 129.0096
3 16 140 -12.7683 130 138.2847 -12.7683 129.0096 138.0193 -12.7683 130
3 16 139.0096 -12.7683 128.2847 138.2847 -12.7683 129.0096 140 -12.7683 130
3 16 140 -12.7683 131.9807 140 -12.7683 130 139.0096 -12.7683 131.7153
3 16 139.0096 -12.7683 131.7153 140 -12.7683 130 138.2847 -12.7683 130.9904
3 16 136.1643 -12.7503 129.1493 136.1643 -5.2619 129.1493 136.5792 -12.7503 128.025
3 16 136.5792 -12.7503 128.025 136.1643 -5.2619 129.1493 136.5792 0 128.025
3 16 138.025 0 133.4208 136.5792 0 131.975 138.025 -12.7503 133.4208
3 16 138.025 -12.7503 133.4208 136.5792 0 131.975 136.5792 -12.7503 131.975
3 16 140 0 133.95 138.025 0 133.4208 140 -12.7503 133.95
3 16 140 -12.7503 133.95 138.025 0 133.4208 138.025 -12.7503 133.4208
3 16 141.975 0 133.4208 140 0 133.95 141.975 -12.7503 133.4208
3 16 141.975 -12.7503 133.4208 140 0 133.95 140 -12.7503 133.95
3 16 143.4208 0 131.975 141.975 0 133.4208 143.4208 -12.7503 131.975
3 16 143.4208 -12.7503 131.975 141.975 0 133.4208 141.975 -12.7503 133.4208
3 16 141.975 0 126.5792 143.4208 0 128.025 141.975 -12.7503 126.5792
3 16 141.975 -12.7503 126.5792 143.4208 0 128.025 143.4208 -12.7503 128.025
3 16 140 0 126.05 141.975 0 126.5792 140 -12.7503 126.05
3 16 140 -12.7503 126.05 141.975 0 126.5792 141.975 -12.7503 126.5792
3 16 138.025 0 126.5792 140 0 126.05 138.025 -12.7503 126.5792
3 16 138.025 -12.7503 126.5792 140 0 126.05 140 -12.7503 126.05
3 16 136.5792 0 128.025 138.025 0 126.5792 136.5792 -12.7503 128.025
3 16 136.5792 -12.7503 128.025 138.025 0 126.5792 138.025 -12.7503 126.5792
3 16 143.4208 0 128.025 143.8209 -5.275 129.125 143.4208 -12.7503 128.025
3 16 143.4208 -12.7503 128.025 143.8209 -5.275 129.125 143.8209 -12.7503 129.125
3 16 143.4208 0 128.025 143.8209 0 129.125 143.8209 -5.275 129.125
3 16 143.7931 -5.25 130.875 143.7931 0 130.875 143.4208 0 131.975
3 16 143.7931 -12.7503 130.875 143.7931 -5.25 130.875 143.4208 -12.7503 131.975
3 16 143.4208 -12.7503 131.975 143.7931 -5.25 130.875 143.4208 0 131.975
3 16 136.5792 0 131.975 136.1546 -5.262 130.882 136.5792 -12.7503 131.975
3 16 136.5792 -12.7503 131.975 136.1546 -5.262 130.882 136.1546 -12.7503 130.882
3 16 136.5792 0 131.975 136.1546 0 130.882 136.1546 -5.262 130.882
3 16 136.05 0 130 136.1643 0 129.1493 136.074 -5.2619 130.0127
3 16 136.074 -5.2619 130.0127 136.1643 0 129.1493 136.1643 -5.2619 129.1493
3 16 141.9807 0 130 143.7931 0 130.875 143.95 0 130
3 16 143.95 0 130 143.8209 0 129.125 141.9807 0 130
3 16 138.0193 0 130 136.1546 0 130.882 138.2847 0 130.9904
3 16 138.2847 0 130.9904 136.1546 0 130.882 136.5792 0 131.975
3 16 136.5792 0 128.025 136.1643 0 129.1493 138.2847 0 129.0096
3 16 138.2847 0 129.0096 136.1643 0 129.1493 138.0193 0 130
3 16 133.7483 -5.2501 30.0001 136.074 -5.2619 30.0127 133.7547 -5.7286 28.025
3 16 133.7547 -5.7286 28.025 136.074 -5.2619 30.0127 136.5792 -5.7286 28.025
3 16 133.7453 -12.7499 26.05 133.7453 -9 26.05 139.9953 -12.7499 26.05
3 16 139.9953 -12.7499 26.05 133.7453 -9 26.05 139.9982 -9 26.05
3 16 108.75 0 -6.025 112.5001 0 -5.8625 112.5 0 -10
3 16 112.5 0 -10 101.9357 0 -10 108.75 0 -6.025
3 16 108.75 0 -6.025 101.9357 0 -10 101.2593 0 -7.7583
3 16 108.75 -5 6.025 108.75 0 6.025 108.75 -5 -6.025
3 16 108.75 -5 -6.025 108.75 0 6.025 108.75 0 -6.025
3 16 108.75 -5 -6.025 108.75 0 -6.025 98.6245 -4.9799 -6.025
3 16 98.6245 -4.9799 -6.025 108.75 0 -6.025 98.6261 0 -6.025
3 16 54.3582 -8 -6.6551 55.041 -8 -6.3115 49.9991 -8 10
3 16 65.6875 -8 10 49.9991 -8 10 55.041 -8 -6.3115
3 16 29.625 0 6.025 25.875 0 6.6991 25.875 0 10
3 16 50 0 6.025 29.625 0 6.025 49.9301 0 10
3 16 49.9301 0 10 29.625 0 6.025 25.875 0 10
3 16 29.625 -5 6.025 29.625 -5 -6.025 29.625 0 6.025
3 16 29.625 0 6.025 29.625 -5 -6.025 29.625 0 -6.025
3 16 28.25 -8 -10 28.25 -4.24 -10 39.9001 -8 -10
3 16 39.9001 -8 -10 28.25 -4.24 -10 39.9001 0 -10
3 16 39.9001 0 -10 43.4962 0 -6.3 39.9001 -8 -10
3 16 39.9001 -8 -10 43.4962 0 -6.3 43.4962 -8 -6.3
3 16 43.4962 0 -6.3 45.0964 0 -6.2878 43.4962 -8 -6.3
3 16 43.4962 -8 -6.3 45.0964 0 -6.2878 45.0964 -8 -6.2878
3 16 55.041 -8 -6.3115 55.041 0 -6.3115 56.6342 -8 -6.3
3 16 56.6342 -8 -6.3 55.041 0 -6.3115 56.6342 0 -6.3
3 16 56.6342 -8 -6.3 56.6342 0 -6.3 60.15 -8 -10
3 16 60.15 -8 -10 56.6342 0 -6.3 60.15 0 -10
3 16 69.9476 0 -10 60.15 0 -10 70.0524 0 -6.025
3 16 81.8739 0 -10.3463 83.2671 0 -12.9286 81.8765 -8 -10.3487
3 16 81.8765 -8 -10.3487 83.2671 0 -12.9286 83.2671 -8 -12.9286
3 16 69.9476 0 -10 78.0159 0 -10 69.9476 -8 -10
3 16 69.9476 -8 -10 78.0159 0 -10 78.0159 -8 -10
3 16 50 -5 6.025 29.625 -5 6.025 50 0 6.025
3 16 50 0 6.025 29.625 -5 6.025 29.625 0 6.025
3 16 29.625 0 -6.025 29.625 -5 -6.025 41.3737 0 -6.025
3 16 41.3737 0 -6.025 29.625 -5 -6.025 41.3758 -5 -6.025
3 16 58.6279 0 -6.025 58.6224 -5 -6.025 70.0524 0 -6.025
3 16 70.0524 0 -6.025 58.6224 -5 -6.025 70.4673 -5 -6.025
3 16 70 -5.25 2.5 70.4673 -5 -6.025 66.25 -5.25 3.5048
3 16 66.25 -5.25 3.5048 70.4673 -5 -6.025 58.6224 -5 -6.025
3 16 43.6316 -5.1209 -4.9799 29.625 -5 6.025 45.8998 -5.225 -3.6989
3 16 29.625 -5 6.025 50 -5 6.025 45.8998 -5.225 -3.6989
3 16 48.75 0 -7.8349 50 0 -7.5 48.75 -8 -7.8349
3 16 48.75 -8 -7.8349 50 0 -7.5 50 -8 -7.5
3 16 48.75 0 -7.8349 45.7822 0 -6.6748 50 0 -7.5
3 16 50 0 -7.5 45.7822 0 -6.6748 50 0 -3.575
3 16 48.75 0 -7.8349 47.8349 0 -8.75 45.7822 0 -6.6748
3 16 45.7822 0 -6.6748 47.8349 0 -8.75 45.6699 0 -7.5
3 16 47.8349 0 -8.75 48.75 0 -7.8349 47.8349 -8 -8.75
3 16 47.8349 -8 -8.75 48.75 0 -7.8349 48.75 -8 -7.8349
3 16 47.8349 0 -8.75 47.5 0 -10 45.6699 0 -7.5
3 16 45.6699 0 -7.5 47.5 0 -10 45 0 -10
3 16 47.5 0 -10 47.8349 0 -8.75 47.5 -8 -10
3 16 47.5 -8 -10 47.8349 0 -8.75 47.8349 -8 -8.75
3 16 47.5 0 -10 47.8349 0 -11.25 45 0 -10
3 16 45 0 -10 47.8349 0 -11.25 45.6699 0 -12.5
3 16 47.8349 0 -11.25 47.5 0 -10 47.8349 -8 -11.25
3 16 47.8349 -8 -11.25 47.5 0 -10 47.5 -8 -10
3 16 47.8349 0 -11.25 48.75 0 -12.1651 45.6699 0 -12.5
3 16 45.6699 0 -12.5 48.75 0 -12.1651 47.5 0 -14.3301
3 16 48.75 0 -12.1651 47.8349 0 -11.25 48.75 -8 -12.1651
3 16 48.75 -8 -12.1651 47.8349 0 -11.25 47.8349 -8 -11.25
3 16 48.75 0 -12.1651 50 0 -12.5 47.5 0 -14.3301
3 16 47.5 0 -14.3301 50 0 -12.5 50 0 -15
3 16 50 0 -12.5 48.75 0 -12.1651 50 -8 -12.5
3 16 50 -8 -12.5 48.75 0 -12.1651 48.75 -8 -12.1651
3 16 50 0 -12.5 51.25 0 -12.1651 50 0 -15
3 16 50 0 -15 51.25 0 -12.1651 52.5 0 -14.3302
3 16 51.25 0 -12.1651 50 0 -12.5 51.25 -8 -12.1651
3 16 51.25 -8 -12.1651 50 0 -12.5 50 -8 -12.5
3 16 51.25 0 -12.1651 52.1651 0 -11.25 52.5 0 -14.3302
3 16 52.5 0 -14.3302 52.1651 0 -11.25 54.3301 0 -12.5
3 16 52.1651 0 -11.25 51.25 0 -12.1651 52.1651 -8 -11.25
3 16 52.1651 -8 -11.25 51.25 0 -12.1651 51.25 -8 -12.1651
3 16 52.1651 0 -11.25 52.5 0 -10 54.3301 0 -12.5
3 16 54.3301 0 -12.5 52.5 0 -10 55 0 -10
3 16 52.5 0 -10 52.1651 0 -11.25 52.5 -8 -10
3 16 52.5 -8 -10 52.1651 0 -11.25 52.1651 -8 -11.25
3 16 52.5 0 -10 52.1651 0 -8.75 55 0 -10
3 16 55 0 -10 52.1651 0 -8.75 54.3301 0 -7.5
3 16 52.1651 0 -8.75 52.5 0 -10 52.1651 -8 -8.75
3 16 52.1651 -8 -8.75 52.5 0 -10 52.5 -8 -10
3 16 51.25 0 -7.8349 54.3582 0 -6.6551 52.1651 0 -8.75
3 16 52.1651 0 -8.75 54.3582 0 -6.6551 54.3301 0 -7.5
3 16 51.25 0 -7.8349 52.1651 0 -8.75 51.25 -8 -7.8349
3 16 51.25 -8 -7.8349 52.1651 0 -8.75 52.1651 -8 -8.75
3 16 51.25 0 -7.8349 50 0 -7.5 54.3582 0 -6.6551
3 16 54.3582 0 -6.6551 50 0 -7.5 50 0 -3.575
3 16 50 0 -7.5 51.25 0 -7.8349 50 -8 -7.5
3 16 50 -8 -7.5 51.25 0 -7.8349 51.25 -8 -7.8349
3 16 45.6699 -8 -7.5 48.75 -8 -7.8349 45.7822 -8 -6.6748
3 16 45.7822 -8 -6.6748 48.75 -8 -7.8349 49.9991 -8 10
3 16 47.5 -8 -10 47.8349 -8 -8.75 45 -8 -10
3 16 45 -8 -10 47.8349 -8 -8.75 45.6699 -8 -7.5
3 16 47.8349 -8 -11.25 47.5 -8 -10 45.6699 -8 -12.5
3 16 45.6699 -8 -12.5 47.5 -8 -10 45 -8 -10
3 16 48.75 -8 -12.1651 47.8349 -8 -11.25 47.5 -8 -14.3301
3 16 47.5 -8 -14.3301 47.8349 -8 -11.25 45.6699 -8 -12.5
3 16 50 -8 -12.5 48.75 -8 -12.1651 50 -8 -15
3 16 50 -8 -15 48.75 -8 -12.1651 47.5 -8 -14.3301
3 16 51.25 -8 -12.1651 50 -8 -12.5 52.5 -8 -14.3302
3 16 52.5 -8 -14.3302 50 -8 -12.5 50 -8 -15
3 16 52.1651 -8 -11.25 51.25 -8 -12.1651 54.3301 -8 -12.5
3 16 54.3301 -8 -12.5 51.25 -8 -12.1651 52.5 -8 -14.3302
3 16 52.5 -8 -10 52.1651 -8 -11.25 55 -8 -10
3 16 55 -8 -10 52.1651 -8 -11.25 54.3301 -8 -12.5
3 16 52.1651 -8 -8.75 52.5 -8 -10 54.3301 -8 -7.5
3 16 54.3301 -8 -7.5 52.5 -8 -10 55 -8 -10
3 16 51.25 -8 -7.8349 52.1651 -8 -8.75 54.3301 -8 -7.5
3 16 45.6699 0 -7.5 45 0 -10 45.6699 -8 -7.5
3 16 45.6699 -8 -7.5 45 0 -10 45 -8 -10
3 16 45 0 -10 45.6699 0 -12.5 45 -8 -10
3 16 45 -8 -10 45.6699 0 -12.5 45.6699 -8 -12.5
3 16 45.6699 0 -12.5 47.5 0 -14.3301 45.6699 -8 -12.5
3 16 45.6699 -8 -12.5 47.5 0 -14.3301 47.5 -8 -14.3301
3 16 47.5 0 -14.3301 50 0 -15 47.5 -8 -14.3301
3 16 47.5 -8 -14.3301 50 0 -15 50 -8 -15
3 16 50 0 -15 52.5 0 -14.3302 50 -8 -15
3 16 50 -8 -15 52.5 0 -14.3302 52.5 -8 -14.3302
3 16 52.5 0 -14.3302 54.3301 0 -12.5 52.5 -8 -14.3302
3 16 52.5 -8 -14.3302 54.3301 0 -12.5 54.3301 -8 -12.5
3 16 54.3301 0 -12.5 55 0 -10 54.3301 -8 -12.5
3 16 54.3301 -8 -12.5 55 0 -10 55 -8 -10
3 16 55 0 -10 54.3301 0 -7.5 55 -8 -10
3 16 55 -8 -10 54.3301 0 -7.5 54.3301 -8 -7.5
3 16 54.3301 0 -7.5 54.3582 0 -6.6551 54.3301 -8 -7.5
3 16 54.3301 -8 -7.5 54.3582 0 -6.6551 54.3582 -8 -6.6551
3 16 28.2501 -8 0.8875 28.25 -8 -10 43.4962 -8 -6.3
3 16 43.4962 -8 -6.3 28.25 -8 -10 39.9001 -8 -10
3 16 45.7822 0 -6.6748 45.8997 0 -3.6988 50 0 -3.575
3 16 45.7822 0 -6.6748 45.6699 0 -7.5 45.7822 -8 -6.6748
3 16 45.7822 -8 -6.6748 45.6699 0 -7.5 45.6699 -8 -7.5
3 16 54.3582 0 -6.6551 50 0 -3.575 54.1623 0 -3.7349
3 16 54.3301 -8 -7.5 54.3582 -8 -6.6551 51.25 -8 -7.8349
3 16 54.3582 -8 -6.6551 49.9991 -8 10 51.25 -8 -7.8349
3 16 56.5245 0 -5.0728 56.6342 0 -6.3 55.041 0 -6.3115
3 16 83.2738 0 -7.7204 83.2671 0 -12.9286 81.8739 0 -10.3463
3 16 83.2671 0 -12.9286 84.0993 0 -13.2703 83.2671 -8 -12.9286
3 16 83.2671 -8 -12.9286 84.0993 0 -13.2703 84.0993 -8 -13.2703
3 16 84.0993 0 -13.2703 83.2671 0 -12.9286 83.2738 0 -7.7204
3 16 81.8765 -8 -10.3487 83.2671 -8 -12.9286 82.8609 -8 -7.7363
3 16 84.0993 0 -13.2703 84.9198 0 -12.9982 84.0993 -8 -13.2703
3 16 84.0993 -8 -13.2703 84.9198 0 -12.9982 84.9198 -8 -12.9982
3 16 84.9198 0 -12.9982 84.0993 0 -13.2703 83.2738 0 -7.7204
3 16 83.2671 -8 -12.9286 84.0993 -8 -13.2703 82.8609 -8 -7.7363
3 16 84.0993 -8 -13.2703 84.9198 -8 -12.9982 82.8609 -8 -7.7363
3 16 84.9198 0 -12.9982 85.375 0 -12.0447 84.9198 -8 -12.9982
3 16 84.9198 -8 -12.9982 85.375 0 -12.0447 85.375 -8 -12.0447
3 16 85.375 0 -12.0447 84.9198 0 -12.9982 83.2738 0 -7.7204
3 16 85.375 0 -12.0447 85 0 -10 85.375 -8 -12.0447
3 16 85.375 -8 -12.0447 85 0 -10 85 -8 -10
3 16 85 0 -10 85.375 0 -12.0447 83.2738 0 -7.7204
3 16 84.9198 -8 -12.9982 85.375 -8 -12.0447 82.8609 -8 -7.7363
3 16 85 0 -10 85.6699 0 -7.5 85 -8 -10
3 16 85 -8 -10 85.6699 0 -7.5 85.6699 -8 -7.5
3 16 85.6699 0 -7.5 83.2738 0 -7.7204 83.864 0 -4.8969
3 16 83.864 0 -4.8969 83.2738 0 -7.7204 81.3747 0 -6.025
3 16 85.375 -8 -12.0447 85 -8 -10 82.8609 -8 -7.7363
3 16 85.6699 0 -7.5 87.5 0 -5.6557 85.6699 -8 -7.5
3 16 85.6699 -8 -7.5 87.5 0 -5.6557 87.5 -8 -5.6557
3 16 85.6699 0 -7.5 83.864 0 -4.8969 87.5 0 -5.6557
3 16 87.5 0 -5.6557 83.864 0 -4.8969 86.6542 0 -2.3256
3 16 82.8609 -8 -7.7363 81.1889 -8 -7.7699 81.8765 -8 -10.3487
3 16 87.5 0 -5.6557 90 0 -5 87.5 -8 -5.6557
3 16 87.5 -8 -5.6557 90 0 -5 90 -8 -5
3 16 87.5 0 -5.6557 86.6542 0 -2.3256 90 0 -5
3 16 90 0 -5 86.6542 0 -2.3256 90 0 -1.5925
3 16 90 0 -5 92.5 0 -5.6699 90 -8 -5
3 16 90 -8 -5 92.5 0 -5.6699 92.5 -8 -5.6699
3 16 92.5 0 -5.6699 90 0 -5 93.3421 0 -2.3556
3 16 93.3421 0 -2.3556 90 0 -5 90 0 -1.5925
3 16 90 -8 -5 90.0018 -8 10 87.5 -8 -5.6557
3 16 87.5 -8 -5.6557 90.0018 -8 10 74.3125 -8 10
3 16 92.5 0 -5.6699 94.3301 0 -7.5 92.5 -8 -5.6699
3 16 92.5 -8 -5.6699 94.3301 0 -7.5 94.3301 -8 -7.5
3 16 94.3301 0 -7.5 92.5 0 -5.6699 96.166 0 -4.9711
3 16 96.166 0 -4.9711 92.5 0 -5.6699 93.3421 0 -2.3556
3 16 90 -8 -5 92.5 -8 -5.6699 90.0018 -8 10
3 16 112.9947 -8 1.0538 90.0018 -8 10 92.5 -8 -5.6699
3 16 94.3301 0 -7.5 95 0 -10 94.3301 -8 -7.5
3 16 94.3301 -8 -7.5 95 0 -10 95 -8 -10
3 16 94.3301 0 -7.5 96.166 0 -4.9711 96.5779 0 -8.0239
3 16 96.5779 0 -8.0239 96.166 0 -4.9711 98.6261 0 -6.025
3 16 95 0 -10 94.8 0 -11.8152 95 -8 -10
3 16 95 -8 -10 94.8 0 -11.8152 94.8 -8 -11.8152
3 16 94.8 0 -11.8152 95 0 -10 96.5779 0 -8.0239
3 16 94.3301 -8 -7.5 95 -8 -10 96.6332 -8 -7.6165
3 16 94.8 0 -11.8152 95.0871 0 -12.8405 94.8 -8 -11.8152
3 16 94.8 -8 -11.8152 95.0871 0 -12.8405 95.0871 -8 -12.8405
3 16 95.0871 0 -12.8405 94.8 0 -11.8152 96.5779 0 -8.0239
3 16 96.6332 -8 -7.6165 95 -8 -10 94.8 -8 -11.8152
3 16 95.0871 0 -12.8405 95.9328 0 -13.3019 95.0871 -8 -12.8405
3 16 95.0871 -8 -12.8405 95.9328 0 -13.3019 95.9328 -8 -13.3019
3 16 95.9328 0 -13.3019 95.0871 0 -12.8405 96.5779 0 -8.0239
3 16 94.8 -8 -11.8152 95.0871 -8 -12.8405 96.6332 -8 -7.6165
3 16 95.0871 -8 -12.8405 95.9328 -8 -13.3019 96.6332 -8 -7.6165
3 16 95.9328 0 -13.3019 96.9012 0 -12.9035 95.9328 -8 -13.3019
3 16 95.9328 -8 -13.3019 96.9012 0 -12.9035 96.9012 -8 -12.9035
3 16 96.9012 0 -12.9035 95.9328 0 -13.3019 96.5779 0 -8.0239
3 16 96.9012 0 -12.9035 98.043 0 -10.3487 96.9012 -8 -12.9035
3 16 96.9012 -8 -12.9035 98.043 0 -10.3487 98.0456 -8 -10.3463
3 16 95.9328 -8 -13.3019 96.9012 -8 -12.9035 96.6332 -8 -7.6165
3 16 60.15 0 -10 56.6342 0 -6.3 58.6279 0 -6.025
3 16 58.6279 0 -6.025 56.6342 0 -6.3 56.5245 0 -5.0728
3 16 83.864 0 -4.8969 83.8641 -5 -4.8967 86.6542 0 -2.3256
3 16 86.6542 0 -2.3256 83.8641 -5 -4.8967 86.6542 -5 -2.3256
3 16 86.6542 -5 -2.3256 90 -5 -1.5925 86.6542 0 -2.3256
3 16 86.6542 0 -2.3256 90 -5 -1.5925 90 0 -1.5925
3 16 86.6542 -5 -2.3256 76.36 -5.25 6.025 90 -5 -1.5925
3 16 90 -5 -1.5925 76.36 -5.25 6.025 108.75 -5 6.025
3 16 90 -5 -1.5925 93.3421 -5 -2.3556 90 0 -1.5925
3 16 90 0 -1.5925 93.3421 -5 -2.3556 93.3421 0 -2.3556
3 16 93.3421 -5 -2.3556 90 -5 -1.5925 108.75 -5 6.025
3 16 98.6245 -4.9799 -6.025 108.75 -5 6.025 108.75 -5 -6.025
3 16 96.1652 -4.99 -4.9711 98.6245 -4.9799 -6.025 96.166 0 -4.9711
3 16 96.166 0 -4.9711 98.6245 -4.9799 -6.025 98.6261 0 -6.025
3 16 45.0964 -8 -6.2878 49.9991 -8 10 43.4962 -8 -6.3
3 16 49.9991 -8 10 28.2501 -8 0.8875 43.4962 -8 -6.3
3 16 25.8749 0 -10 29.625 0 -6.025 39.9001 0 -10
3 16 39.9001 0 -10 29.625 0 -6.025 41.3737 0 -6.025
3 16 50 -5 6.025 54.1623 -5.2278 -3.7349 50 -5.25 -3.575
3 16 50 -5 6.025 50 -5.25 -3.575 45.8998 -5.225 -3.6989
3 16 101.9373 -8 -10 112.9947 -8 -10 101.2593 -8 -7.7583
3 16 101.2593 -8 -7.7583 112.9947 -8 -10 112.9947 -8 1.0538
3 16 66.2653 -8 7.8437 56.6342 -8 -6.3 67.8438 -8 6.2653
3 16 67.8438 -8 6.2653 56.6342 -8 -6.3 60.15 -8 -10
3 16 56.5252 -5.1894 -5.0725 58.6224 -5 -6.025 56.5245 0 -5.0728
3 16 56.5245 0 -5.0728 58.6224 -5 -6.025 58.6279 0 -6.025
3 16 50 -5.25 -3.575 54.1623 -5.2278 -3.7349 50 0 -3.575
3 16 50 0 -3.575 54.1623 -5.2278 -3.7349 54.1623 0 -3.7349
3 16 45.8997 0 -3.6988 45.8998 -5.225 -3.6989 50 0 -3.575
3 16 50 0 -3.575 45.8998 -5.225 -3.6989 50 -5.25 -3.575
3 16 54.1623 -5.2278 -3.7349 56.5252 -5.1894 -5.0725 54.1623 0 -3.7349
3 16 54.1623 0 -3.7349 56.5252 -5.1894 -5.0725 56.5245 0 -5.0728
3 16 43.6307 0 -4.9798 43.6316 -5.1209 -4.9799 45.8997 0 -3.6988
3 16 45.8997 0 -3.6988 43.6316 -5.1209 -4.9799 45.8998 -5.225 -3.6989
3 16 41.3737 0 -6.025 41.3758 -5 -6.025 43.6307 0 -4.9798
3 16 43.6307 0 -4.9798 41.3758 -5 -6.025 43.6316 -5.1209 -4.9799
3 16 39.9001 0 -10 41.3737 0 -6.025 43.4962 0 -6.3
3 16 43.4962 0 -6.3 41.3737 0 -6.025 43.6307 0 -4.9798
3 16 45.7822 0 -6.6748 45.0964 0 -6.2878 45.8997 0 -3.6988
3 16 45.8997 0 -3.6988 45.0964 0 -6.2878 43.6307 0 -4.9798
3 16 93.3421 -5 -2.3556 96.1652 -4.99 -4.9711 93.3421 0 -2.3556
3 16 93.3421 0 -2.3556 96.1652 -4.99 -4.9711 96.166 0 -4.9711
3 16 108.75 -5 6.025 96.1652 -4.99 -4.9711 93.3421 -5 -2.3556
3 16 81.3747 0 -6.025 81.3747 -5 -6.025 83.864 0 -4.8969
3 16 83.864 0 -4.8969 81.3747 -5 -6.025 83.8641 -5 -4.8967
3 16 96.9012 -8 -12.9035 98.0456 -8 -10.3463 96.6332 -8 -7.6165
3 16 98.7701 -8 -7.7493 96.6332 -8 -7.6165 98.0456 -8 -10.3463
3 16 82.8609 -8 -7.7363 85 -8 -10 85.6699 -8 -7.5
3 16 85.6699 -8 -7.5 74.3125 -8 10 82.8609 -8 -7.7363
3 16 78.0159 -8 -10 78.7539 -8 -7.7699 69.9476 -8 -10
3 16 78.7539 -8 -7.7699 70 -8 5.6875 69.9476 -8 -10
3 16 85.6699 -8 -7.5 87.5 -8 -5.6557 74.3125 -8 10
3 16 98.043 0 -10.3487 98.7701 0 -7.7493 98.0456 -8 -10.3463
3 16 98.0456 -8 -10.3463 98.7701 0 -7.7493 98.7701 -8 -7.7493
3 16 99.9925 0 -7.041 101.2593 0 -7.7583 99.9925 -8 -7.041
3 16 99.9925 -8 -7.041 101.2593 0 -7.7583 101.2593 -8 -7.7583
3 16 101.2593 0 -7.7583 101.9357 0 -10 101.2593 -8 -7.7583
3 16 101.2593 -8 -7.7583 101.9357 0 -10 101.9373 -8 -10
3 16 98.7701 0 -7.7493 99.9925 0 -7.041 98.7701 -8 -7.7493
3 16 98.7701 -8 -7.7493 99.9925 0 -7.041 99.9925 -8 -7.041
3 16 78.0159 0 -10 78.7539 0 -7.7699 78.0159 -8 -10
3 16 78.0159 -8 -10 78.7539 0 -7.7699 78.7539 -8 -7.7699
3 16 78.7539 0 -7.7699 79.9629 0 -7.0256 78.7539 -8 -7.7699
3 16 78.7539 -8 -7.7699 79.9629 0 -7.0256 79.9629 -8 -7.0256
3 16 79.9629 0 -7.0256 81.1889 0 -7.7699 79.9629 -8 -7.0256
3 16 79.9629 -8 -7.0256 81.1889 0 -7.7699 81.1889 -8 -7.7699
3 16 81.1889 0 -7.7699 81.8739 0 -10.3463 81.1889 -8 -7.7699
3 16 81.1889 -8 -7.7699 81.8739 0 -10.3463 81.8765 -8 -10.3487
3 16 83.2738 0 -7.7204 81.1889 0 -7.7699 81.3747 0 -6.025
3 16 81.3747 0 -6.025 81.1889 0 -7.7699 79.9629 0 -7.0256
3 16 96.5779 0 -8.0239 98.043 0 -10.3487 96.9012 0 -12.9035
3 16 99.9925 0 -7.041 98.7701 0 -7.7493 98.6261 0 -6.025
3 16 98.6261 0 -6.025 98.7701 0 -7.7493 96.5779 0 -8.0239
3 16 98.043 0 -10.3487 96.5779 0 -8.0239 98.7701 0 -7.7493
3 16 96.5779 0 -8.0239 95 0 -10 94.3301 0 -7.5
3 16 98.6261 0 -6.025 108.75 0 -6.025 99.9925 0 -7.041
3 16 99.9925 0 -7.041 108.75 0 -6.025 101.2593 0 -7.7583
3 16 98.6245 -4.9799 -6.025 96.1652 -4.99 -4.9711 108.75 -5 6.025
3 16 81.3747 0 -6.025 79.9629 0 -7.0256 70.0524 0 -6.025
3 16 70.0524 0 -6.025 79.9629 0 -7.0256 78.7539 0 -7.7699
3 16 81.3747 -5 -6.025 81.3747 0 -6.025 70.4673 -5 -6.025
3 16 70.4673 -5 -6.025 81.3747 0 -6.025 70.0524 0 -6.025
3 16 85.6699 0 -7.5 85 0 -10 83.2738 0 -7.7204
3 16 81.1889 0 -7.7699 83.2738 0 -7.7204 81.8739 0 -10.3463
3 16 69.9476 0 -10 70.0524 0 -6.025 78.0159 0 -10
3 16 78.0159 0 -10 70.0524 0 -6.025 78.7539 0 -7.7699
3 16 73.75 -5.25 3.5048 76.36 -5.25 6.025 83.8641 -5 -4.8967
3 16 83.8641 -5 -4.8967 76.36 -5.25 6.025 86.6542 -5 -2.3256
3 16 70 -5.25 2.5 73.75 -5.25 3.5048 70.4673 -5 -6.025
3 16 70.4673 -5 -6.025 73.75 -5.25 3.5048 81.3747 -5 -6.025
3 16 81.3747 -5 -6.025 73.75 -5.25 3.5048 83.8641 -5 -4.8967
3 16 70 0 2.5 70 -5.25 2.5 66.25 0 3.5048
3 16 66.25 0 3.5048 70 -5.25 2.5 66.25 -5.25 3.5048
3 16 66.25 0 3.5048 66.25 -5.25 3.5048 63.64 0 6.025
3 16 63.64 0 6.025 66.25 -5.25 3.5048 63.64 -5.25 6.025
3 16 62.5 -4.875 10 63.2407 -4.875 13.25 62.5 0 10
3 16 62.5 0 10 63.2407 -4.875 13.25 63.5048 0 13.75
3 16 63.5048 0 13.75 63.2407 -4.875 13.25 66.25 0 16.4952
3 16 66.25 0 16.4952 63.2407 -4.875 13.25 66.25 -20.75 16.4952
3 16 66.25 0 16.4952 66.25 -20.75 16.4952 70 0 17.5
3 16 70 0 17.5 66.25 -20.75 16.4952 70 -20.75 17.5
3 16 66.25 0 3.5048 67.8438 0 6.2653 70 0 2.5
3 16 70 0 2.5 67.8438 0 6.2653 70 0 5.6875
3 16 66.2653 0 7.8437 67.8438 0 6.2653 63.64 0 6.025
3 16 63.64 0 6.025 67.8438 0 6.2653 66.25 0 3.5048
3 16 65.6875 0 10 66.2653 0 7.8437 62.5 0 10
3 16 62.5 0 10 66.2653 0 7.8437 63.64 0 6.025
3 16 63.5048 0 13.75 66.2653 0 12.1563 62.5 0 10
3 16 62.5 0 10 66.2653 0 12.1563 65.6875 0 10
3 16 66.25 0 16.4952 67.8438 0 13.7347 63.5048 0 13.75
3 16 63.5048 0 13.75 67.8438 0 13.7347 66.2653 0 12.1563
3 16 70 0 17.5 70 0 14.3125 66.25 0 16.4952
3 16 66.25 0 16.4952 70 0 14.3125 67.8438 0 13.7347
3 16 16.5 -24 34.8564 10 -24 150 10 -24 34.8564
3 16 -10 0 -9.9995 13 0 -10 10 -8 -10
3 16 10 -8 -10 13 0 -10 13.279 -7.99 -10
3 16 -10 -16 30 -10 -8 30 -10 -16 -10
3 16 -10 -16 -10 -10 -8 30 -10 0 -9.9995
3 16 -10 0 -9.9995 -10 -8 30 -10 0 30
3 16 -10 -8 30 -10 -8 110 -10 0 30
3 16 -10 0 30 -10 -8 110 -10 0 150
3 16 -10 -16 110 -10 -16 150 -10 -8 110
3 16 -10 -8 110 -10 -16 150 -10 0 150
3 16 -10 -16 110 10 -16 110 -10 -16 150
3 16 -10 -16 150 10 -16 110 10 -16 150
3 16 -10 -16 110 -10 -8 110 10 -16 110
3 16 10 -16 110 -10 -8 110 10 -8 110
3 16 -10 -16 30 10 -16 30 -10 -8 30
3 16 -10 -8 30 10 -16 30 10 -8 30
3 16 -10 -8 110 -10 -8 30 10 -8 110
3 16 10 -8 110 -10 -8 30 10 -8 30
3 16 10 -8 110 10 -8 30 10 -16 110
3 16 10 -16 110 10 -8 30 10 -16 30
3 16 10 -16 30 -10 -16 30 10 -16 5
3 16 10 -16 5 -10 -16 30 -10 -16 -10
3 16 10 -16 110 10 -24 150 10 -16 150
3 16 10 -24 150 10 -16 110 10 -24 34.8564
3 16 10 -24 34.8564 10 -16 110 10 -16 30
3 16 10 -24 34.8564 10 -16 30 10 -16 5
3 16 22.5 -24 34.8564 22.5 -24 150 16.5 -24 34.8564
3 16 16.5 -24 34.8564 22.5 -24 150 10 -24 150
3 16 22.5 -13.5109 150 22.5 -24 150 22.5 -13.5109 59.3896
3 16 22.5 -13.5109 59.3896 22.5 -24 150 22.5 -24 34.8564
3 16 22.5 -13.5109 59.3896 22.5 -24 34.8564 22.5 -13.5109 0.8748
3 16 22.5 -13.5109 0.8748 22.5 -24 34.8564 22.5 -24 0.8875
3 16 22.5 -24 0.8875 22.5 -24 34.8564 16.5 -24 10
3 16 16.5 -24 10 22.5 -24 34.8564 16.5 -24 34.8564
3 16 27.0053 -8 59.3896 27.0053 -10.25 59.3896 26.9869 -7.9847 0.8969
3 16 26.9869 -7.9847 0.8969 27.0053 -10.25 59.3896 27.0053 -10.25 0.8748
3 16 27.0053 -10.25 0.8748 27.0053 -10.25 59.3896 24.1507 -11.0419 0.8748
3 16 24.1507 -11.0419 0.8748 27.0053 -10.25 59.3896 24.0249 -11.0188 59.3896
3 16 27.0053 -10.25 150 24.0249 -11.0188 150 27.0053 -10.25 59.3896
3 16 27.0053 -10.25 59.3896 24.0249 -11.0188 150 24.0249 -11.0188 59.3896
3 16 27.0053 -8 150 27.0053 -10.25 150 27.0053 -8 59.3896
3 16 27.0053 -8 59.3896 27.0053 -10.25 150 27.0053 -10.25 59.3896
3 16 30.0219 -8 150 27.0053 -8 150 30.0219 -8 59.3896
3 16 30.0219 -8 59.3896 27.0053 -8 150 27.0053 -8 59.3896
3 16 22.5 -13.5109 0.8748 24.1507 -11.0419 0.8748 22.5 -13.5109 59.3896
3 16 22.5 -13.5109 59.3896 24.1507 -11.0419 0.8748 24.0249 -11.0188 59.3896
3 16 24.0249 -11.0188 59.3896 24.0249 -11.0188 150 22.5 -13.5109 59.3896
3 16 22.5 -13.5109 59.3896 24.0249 -11.0188 150 22.5 -13.5109 150
3 16 70 0 2.5 73.75 0 3.5048 70 -5.25 2.5
3 16 70 -5.25 2.5 73.75 0 3.5048 73.75 -5.25 3.5048
3 16 73.75 0 3.5048 76.36 0 6.025 73.75 -5.25 3.5048
3 16 73.75 -5.25 3.5048 76.36 0 6.025 76.36 -5.25 6.025
3 16 76.4952 0 13.75 76.7593 -4.875 13.25 77.5 0 10
3 16 77.5 0 10 76.7593 -4.875 13.25 77.5 -4.875 10
3 16 76.4952 0 13.75 73.75 0 16.4952 76.7593 -4.875 13.25
3 16 76.7593 -4.875 13.25 73.75 0 16.4952 73.75 -20.75 16.4952
3 16 73.75 0 16.4952 70 0 17.5 73.75 -20.75 16.4952
3 16 73.75 -20.75 16.4952 70 0 17.5 70 -20.75 17.5
3 16 73.75 0 3.5048 70 0 2.5 72.1563 0 6.2653
3 16 72.1563 0 6.2653 70 0 2.5 70 0 5.6875
3 16 73.75 0 3.5048 72.1563 0 6.2653 76.36 0 6.025
3 16 76.36 0 6.025 72.1563 0 6.2653 73.7347 0 7.8437
3 16 76.36 0 6.025 73.7347 0 7.8437 77.5 0 10
3 16 77.5 0 10 73.7347 0 7.8437 74.3125 0 10
3 16 76.4952 0 13.75 77.5 0 10 73.7347 0 12.1563
3 16 73.7347 0 12.1563 77.5 0 10 74.3125 0 10
3 16 73.75 0 16.4952 76.4952 0 13.75 72.1563 0 13.7347
3 16 72.1563 0 13.7347 76.4952 0 13.75 73.7347 0 12.1563
3 16 70 0 17.5 73.75 0 16.4952 70 0 14.3125
3 16 70 0 14.3125 73.75 0 16.4952 72.1563 0 13.7347
3 16 112.9947 -8 1.0538 112.9947 -8 -10 112.9947 -10.25 0.8748
3 16 112.9947 -10.25 0.8748 112.9947 -8 -10 113.0105 -10.25 -15.3147
3 16 112.9947 -8 -10 112.9973 -5.25 -10 113.0026 -5.25 -15.3147
3 16 115.9248 -5.25 -19.0655 119.6746 -8.0025 -19.0655 115.9531 -16.1518 -19.0655
3 16 115.9531 -16.1518 -19.0655 119.6746 -8.0025 -19.0655 117.5 -19.0019 -19.0655
3 16 114.6149 -5.25 -18.4581 115.9248 -5.25 -19.0655 114.6082 -13.472 -18.4581
3 16 114.6082 -13.472 -18.4581 115.9248 -5.25 -19.0655 115.9531 -16.1518 -19.0655
3 16 114.6082 -13.472 -18.4581 113.4468 -11.1764 -17.1475 114.6149 -5.25 -18.4581
3 16 114.6149 -5.25 -18.4581 113.4468 -11.1764 -17.1475 113.4468 -5.25 -17.1475
3 16 113.4468 -11.1764 -17.1475 113.0105 -10.25 -15.3147 113.4468 -5.25 -17.1475
3 16 113.4468 -5.25 -17.1475 113.0105 -10.25 -15.3147 113.0026 -5.25 -15.3147
3 16 112.9947 -10.25 0.8748 113.0105 -10.25 -15.3147 117.5 -19.0019 0.8501
3 16 117.5 -19.0019 0.8501 113.0105 -10.25 -15.3147 117.5 -19.0019 -16.3268
3 16 115.8493 -11.0419 0.8748 112.9947 -10.25 0.8748 117.5 -13.5109 0.8748
3 16 117.5 -13.5109 0.8748 112.9947 -10.25 0.8748 117.5 -19.0019 0.8501
3 16 115.9248 -5.25 -19.0655 121.7773 -5.25 -19.0655 119.6746 -8.0025 -19.0655
3 16 119.6746 -8.0025 -19.0655 121.7773 -5.25 -19.0655 121.7772 -8.0025 -19.0655
3 16 119.6746 -8.0025 -19.0655 119.6746 -21.4519 -19.0655 117.5 -19.0019 -19.0655
3 16 119.6746 -21.4519 -19.0655 117.5 -21.4692 -19.0655 117.5 -19.0019 -19.0655
3 16 119.8042 -22.8272 -18.682 117.5 -22.8297 -18.6798 119.6746 -21.4519 -19.0655
3 16 119.6746 -21.4519 -19.0655 117.5 -22.8297 -18.6798 117.5 -21.4692 -19.0655
3 16 120.4251 -24 -16.6125 117.5 -24 -16.6125 120.0971 -23.7479 -17.6945
3 16 120.0971 -23.7479 -17.6945 117.5 -24 -16.6125 117.5 -23.7565 -17.6771
3 16 120.0971 -23.7479 -17.6945 117.5 -23.7565 -17.6771 119.8042 -22.8272 -18.682
3 16 119.8042 -22.8272 -18.682 117.5 -23.7565 -17.6771 117.5 -22.8297 -18.6798
3 16 117.5 -23.7565 -17.6771 117.5 -19.0019 -16.3268 117.5 -22.8297 -18.6798
3 16 117.5 -24 34.8564 117.5 -19.0019 0.8501 117.5 -24 -16.6125
3 16 117.5 -24 -16.6125 117.5 -19.0019 0.8501 117.5 -19.0019 -16.3268
3 16 119.6746 -21.4519 -19.0655 119.6746 -8.0025 -19.0655 120.4213 -8.0927 -16.6251
3 16 120.4213 -8.0927 -16.6251 120.0971 -23.7479 -17.6945 119.8042 -22.8272 -18.682
3 16 123.2463 -5.25 -18.7659 123.2463 -8.0025 -18.7658 121.7773 -5.25 -19.0655
3 16 121.7773 -5.25 -19.0655 123.2463 -8.0025 -18.7658 121.7772 -8.0025 -19.0655
3 16 124.4102 -5.25 -18.0046 124.4102 -8.0025 -18.0046 123.2463 -5.25 -18.7659
3 16 123.2463 -5.25 -18.7659 124.4102 -8.0025 -18.0046 123.2463 -8.0025 -18.7658
3 16 125.5 -8.0025 -15.3994 125.1873 -8.0025 -16.848 125.5 -5.25 -15.3994
3 16 125.5 -5.25 -15.3994 125.1873 -8.0025 -16.848 125.1873 -5.25 -16.8479
3 16 125.1873 -5.25 -16.8479 125.1873 -8.0025 -16.848 124.4102 -5.25 -18.0046
3 16 124.4102 -5.25 -18.0046 125.1873 -8.0025 -16.848 124.4102 -8.0025 -18.0046
3 16 125.5 -5.25 -15.3994 125.5 -5.25 -10 125.5 -8.0025 -15.3994
3 16 125.5 -8.0025 -15.3994 125.5 -5.25 -10 125.5 -8.0025 -10
3 16 124.4102 -8.0025 -18.0046 120.4213 -8.0927 -16.6251 123.2463 -8.0025 -18.7658
3 16 120.4213 -8.0927 -16.6251 121.7772 -8.0025 -19.0655 123.2463 -8.0025 -18.7658
3 16 125.5 -8.0025 -15.3994 120.4213 -8.0927 -16.6251 125.1873 -8.0025 -16.848
3 16 120.4213 -8.0927 -16.6251 124.4102 -8.0025 -18.0046 125.1873 -8.0025 -16.848
3 16 120.4213 -8.0927 -16.6251 119.6746 -8.0025 -19.0655 121.7772 -8.0025 -19.0655
3 16 125.5 -8.0025 -15.3994 125.5 -8.0025 -10 120.4213 -8.0927 -16.6251
3 16 120.4213 -8.0927 -16.6251 125.5 -8.0025 -10 120.4341 -8.0025 0.8791
3 16 123.5 -24 0.8875 120.425 -24 0.8875 123.7793 -16 0.8875
3 16 123.7793 -16 0.8875 120.425 -24 0.8875 120.4341 -8.0025 0.8791
3 16 130 -16 0.8875 123.7793 -16 0.8875 130 -8 0.8875
3 16 130 -8 0.8875 123.7793 -16 0.8875 120.4341 -8.0025 0.8791
3 16 120.4341 -8.0025 0.8791 120.425 -24 0.8875 120.4213 -8.0927 -16.6251
3 16 120.4213 -8.0927 -16.6251 120.425 -24 0.8875 120.4251 -24 -16.6125
3 16 117.5 -24 34.8564 117.5 -24 -16.6125 120.425 -24 0.8875
3 16 120.425 -24 0.8875 117.5 -24 -16.6125 120.4251 -24 -16.6125
3 16 123.5 -24 0.8875 117.5 -24 34.8564 120.425 -24 0.8875
3 16 130 -8 -10 130 -8 0.8875 125.5 -8.0025 -10
3 16 125.5 -8.0025 -10 130 -8 0.8875 120.4341 -8.0025 0.8791
3 16 123.7793 -16 0.8875 130 -16 0.8875 123.7793 -16 5
3 16 123.7793 -16 5 130 -16 0.8875 130 -16 5
3 16 130 -16 5 130 -24 34.8564 123.7793 -16 5
3 16 123.7793 -16 5 130 -24 34.8564 123.5 -24 34.8564
3 16 123.5 -24 0.8875 123.7793 -16 5 123.5 -24 34.8564
3 16 123.7793 -16 5 123.5 -24 0.8875 123.7793 -16 0.8875
3 16 113.0105 -10.25 -15.3147 113.4468 -11.1764 -17.1475 117.5 -19.0019 -16.3268
3 16 117.5 -19.0019 -16.3268 113.4468 -11.1764 -17.1475 114.6082 -13.472 -18.4581
3 16 115.9531 -16.1518 -19.0655 117.5 -19.0019 -16.3268 114.6082 -13.472 -18.4581
3 16 117.5 -19.0019 -16.3268 115.9531 -16.1518 -19.0655 117.5 -19.0019 -19.0655
3 16 117.5 -21.4692 -19.0655 117.5 -19.0019 -16.3268 117.5 -19.0019 -19.0655
3 16 123.5 -24 34.8564 130 -24 34.8564 130 -24 150
3 16 130 -8 -10 130 -16 -10 130 -8 0.8875
3 16 130 -8 0.8875 130 -16 -10 130 -16 0.8875
3 16 130 -16 -10 130 -8 -10 150 -16 -10
3 16 150 -16 -10 130 -8 -10 150 0 -9.9989
3 16 127.2499 0 -9.9979 150 0 -9.9989 127.0667 -5.25 -10
3 16 150 0 -9.9989 130 -8 -10 127.0667 -5.25 -10
3 16 125.5 -5.25 -10 127.0667 -5.25 -10 125.5 -8.0025 -10
3 16 125.5 -8.0025 -10 127.0667 -5.25 -10 130 -8 -10
3 16 150 -8 30 150 0 -9.9989 150 -8 110
3 16 150 -8 110 150 0 -9.9989 150 0 150
3 16 150 0 150 150 -16 150 150 -8 110
3 16 150 -8 110 150 -16 150 150 -16 110
3 16 150 -16 110 150 -16 150 130 -16 110
3 16 130 -16 110 150 -16 150 130 -16 150
3 16 150 -16 110 130 -16 110 150 -8 110
3 16 150 -8 110 130 -16 110 130 -8 110
3 16 150 -16 30 150 -8 30 130 -16 30
3 16 130 -16 30 150 -8 30 130 -8 30
3 16 150 -8 110 130 -8 110 150 -8 30
3 16 150 -8 30 130 -8 110 130 -8 30
3 16 130 -8 110 130 -16 110 130 -8 30
3 16 130 -8 30 130 -16 110 130 -16 30
3 16 150 -16 -10 150 -16 30 130 -16 5
3 16 130 -16 5 150 -16 30 130 -16 30
3 16 130 -16 -10 150 -16 -10 130 -16 0.8875
3 16 130 -16 0.8875 150 -16 -10 130 -16 5
3 16 130 -16 110 130 -16 150 130 -24 150
3 16 130 -24 34.8564 130 -16 5 130 -16 30
3 16 117.5 -24 34.8564 123.5 -24 34.8564 117.5 -24 150
3 16 117.5 -24 150 123.5 -24 34.8564 130 -24 150
3 16 117.5 -13.5109 150 117.5 -13.5109 59.3896 117.5 -24 150
3 16 117.5 -24 150 117.5 -13.5109 59.3896 117.5 -24 34.8564
3 16 117.5 -13.5109 59.3896 117.5 -13.5109 0.8748 117.5 -24 34.8564
3 16 117.5 -24 34.8564 117.5 -13.5109 0.8748 117.5 -19.0019 0.8501
3 16 117.5 -24 34.8564 123.5 -24 0.8875 123.5 -24 34.8564
3 16 109.9781 -8 59.3896 109.6144 -8 54.2153 112.9947 -8 59.3896
3 16 112.9947 -8 59.3896 109.6144 -8 54.2153 112.9947 -8 1.0538
3 16 112.9947 -10.25 0.8748 112.9947 -10.25 59.3896 112.9947 -8 1.0538
3 16 112.9947 -8 1.0538 112.9947 -10.25 59.3896 112.9947 -8 59.3896
3 16 112.9947 -10.25 0.8748 115.8493 -11.0419 0.8748 112.9947 -10.25 59.3896
3 16 112.9947 -10.25 59.3896 115.8493 -11.0419 0.8748 115.9751 -11.0188 59.3896
3 16 112.9947 -10.25 59.3896 115.9751 -11.0188 59.3896 112.9947 -10.25 150
3 16 112.9947 -10.25 150 115.9751 -11.0188 59.3896 115.9751 -11.0188 150
3 16 112.9947 -8 59.3896 112.9947 -10.25 59.3896 112.9947 -8 150
3 16 112.9947 -8 150 112.9947 -10.25 59.3896 112.9947 -10.25 150
3 16 109.9781 -8 59.3896 112.9947 -8 59.3896 109.9781 -8 150
3 16 109.9781 -8 150 112.9947 -8 59.3896 112.9947 -8 150
3 16 117.5 -13.5109 0.8748 117.5 -13.5109 59.3896 115.8493 -11.0419 0.8748
3 16 115.8493 -11.0419 0.8748 117.5 -13.5109 59.3896 115.9751 -11.0188 59.3896
3 16 115.9751 -11.0188 150 115.9751 -11.0188 59.3896 117.5 -13.5109 150
3 16 117.5 -13.5109 150 115.9751 -11.0188 59.3896 117.5 -13.5109 59.3896
3 16 70 0 5.6875 67.8438 0 6.2653 70 -8 5.6875
3 16 70 -8 5.6875 67.8438 0 6.2653 67.8438 -8 6.2653
3 16 67.8438 0 6.2653 66.2653 0 7.8437 67.8438 -8 6.2653
3 16 67.8438 -8 6.2653 66.2653 0 7.8437 66.2653 -8 7.8437
3 16 66.2653 0 7.8437 65.6875 0 10 66.2653 -8 7.8437
3 16 66.2653 -8 7.8437 65.6875 0 10 65.6875 -8 10
3 16 65.6875 0 10 66.2653 0 12.1563 65.6875 -8 10
3 16 72.1563 0 6.2653 70 0 5.6875 72.1563 -8 6.2653
3 16 72.1563 -8 6.2653 70 0 5.6875 70 -8 5.6875
3 16 73.7347 0 7.8437 72.1563 0 6.2653 73.7347 -8 7.8437
3 16 73.7347 -8 7.8437 72.1563 0 6.2653 72.1563 -8 6.2653
3 16 74.3125 0 10 73.7347 0 7.8437 74.3125 -8 10
3 16 74.3125 -8 10 73.7347 0 7.8437 73.7347 -8 7.8437
3 16 73.7347 0 12.1563 74.3125 0 10 74.3125 -8 10
3 16 49.9991 -8 10 48.75 -8 -7.8349 50 -8 -7.5
3 16 51.25 -8 -7.8349 49.9991 -8 10 50 -8 -7.5
3 16 10 -24 34.8564 16.3319 -19.185 16.8866 16.5 -24 34.8564
3 16 14.7757 -16 5 16.3319 -19.185 16.8866 10 -16 5
3 16 10 -16 5 16.3319 -19.185 16.8866 10 -24 34.8564
3 16 14.7757 -16 5 10 -16 5 14.7819 -16.0004 -10.0607
3 16 14.7819 -16.0004 -10.0607 10 -16 5 -10 -16 -10
3 16 16.5 -24 10 19.425 -24 0.8875 22.5 -24 0.8875
3 16 16.5 -24 10 16.5 -24 -16.6125 19.425 -24 0.8875
3 16 19.425 -24 0.8875 16.5 -24 -16.6125 19.425 -24 -16.6125
3 16 19.4249 -8.0013 -16.6125 19.4247 -8 0.8875 19.425 -24 -16.6125
3 16 19.425 -24 -16.6125 19.4247 -8 0.8875 19.425 -24 0.8875
3 16 22.5 -24 0.8875 19.425 -24 0.8875 22.5 -13.5109 0.8748
3 16 22.5 -13.5109 0.8748 19.425 -24 0.8875 19.4247 -8 0.8875
3 16 28.2501 -8 0.8875 49.9991 -8 10 26.9869 -7.9847 0.8969
3 16 28.25 -8 -10 28.2501 -8 0.8875 28.25 -4.24 -2.4042
3 16 28.25 -4.24 -2.4042 28.2501 -8 0.8875 28.25 -4.24 0.8875
3 16 25.875 -4.24 -10 25.8749 0 -10 28.25 -4.24 -10
3 16 28.25 -4.24 -10 25.8749 0 -10 39.9001 0 -10
3 16 28.25 -4.24 -2.4042 28.25 -4.24 0.8875 26.3506 -4.24 -0.7583
3 16 26.3506 -4.24 -0.7583 28.25 -4.24 0.8875 26.313 -4.24 0.8875
3 16 25.875 -4.24 -10 28.25 -4.24 -10 25.875 -4.24 -2.4749
3 16 25.875 -4.24 -2.4749 28.25 -4.24 -10 28.25 -4.24 -2.4042
3 16 28.25 -8 -10 28.25 -4.24 -2.4042 28.25 -4.24 -10
3 16 25.875 -4.24 -2.4749 28.25 -4.24 -2.4042 26.3506 -4.24 -0.7583
3 16 28.2501 -8 0.8875 26.9869 -7.9847 0.8969 26.313 -5.2261 0.8875
3 16 26.313 -5.2261 0.8875 26.9869 -7.9847 0.8969 25.7873 -5.2664 0.8875
3 16 28.2501 -8 0.8875 26.313 -5.2261 0.8875 28.25 -4.24 0.8875
3 16 28.25 -4.24 0.8875 26.313 -5.2261 0.8875 26.313 -4.24 0.8875
3 16 19.4247 -8 0.8875 22.125 -8 0.8875 22.5 -13.5109 0.8748
3 16 22.5 -13.5109 0.8748 22.125 -8 0.8875 24.1507 -11.0419 0.8748
3 16 27.0053 -10.25 0.8748 24.1507 -11.0419 0.8748 23.5413 -7.7476 0.8875
3 16 23.5413 -7.7476 0.8875 24.1507 -11.0419 0.8748 22.125 -8 0.8875
3 16 25.7873 -5.2664 0.8875 26.9869 -7.9847 0.8969 24.7668 -6.923 0.8969
3 16 24.7668 -6.923 0.8969 26.9869 -7.9847 0.8969 27.0053 -10.25 0.8748
3 16 24.7668 -6.923 0.8969 27.0053 -10.25 0.8748 23.5413 -7.7476 0.8875
3 16 25.875 -4.24 -2.4749 26.3506 -4.24 -0.7583 25.875 0 -2.4749
3 16 25.875 0 -2.4749 26.3506 -4.24 -0.7583 26.3505 0 -0.7583
3 16 26.3506 -4.24 -0.7583 26.313 -4.24 0.8875 26.3505 0 -0.7583
3 16 26.3505 0 -0.7583 26.313 -4.24 0.8875 26.3129 0 0.8875
3 16 25.8749 0 -10 25.875 -4.24 -10 25.875 0 -2.4749
3 16 25.875 0 -2.4749 25.875 -4.24 -10 25.875 -4.24 -2.4749
3 16 26.3129 0 0.8875 26.313 -4.24 0.8875 25.875 0 2.4749
3 16 25.875 0 2.4749 26.313 -4.24 0.8875 25.8735 -4.2417 2.4785
3 16 14.7819 -16.0004 -10.0607 16.4999 -19.0019 -16.3268 14.7757 -16 5
3 16 14.7757 -16 5 16.4999 -19.0019 -16.3268 16.3319 -19.185 16.8866
3 16 16.3319 -19.185 16.8866 16.5 -24 10 16.5 -24 34.8564
3 16 16.5 -24 -16.6125 16.5 -24 10 16.4999 -19.0019 -16.3268
3 16 16.4999 -19.0019 -16.3268 16.5 -24 10 16.3319 -19.185 16.8866
3 16 12.005 -10.1832 -12.0163 11.9947 -8 -12.0299 12.0104 -10.1832 -15.3147
3 16 12.0104 -10.1832 -15.3147 11.9947 -8 -12.0299 11.9894 -8.0059 -15.3147
3 16 14.9248 -8.0059 -19.0655 16.6512 -8.0059 -19.0655 14.9531 -16.1518 -19.0655
3 16 14.9531 -16.1518 -19.0655 16.6512 -8.0059 -19.0655 16.4999 -19.0019 -19.0655
3 16 13.6149 -8.0059 -18.4581 14.9248 -8.0059 -19.0655 13.6082 -13.472 -18.4581
3 16 13.6082 -13.472 -18.4581 14.9248 -8.0059 -19.0655 14.9531 -16.1518 -19.0655
3 16 13.6082 -13.472 -18.4581 12.4468 -11.1764 -17.1475 13.6149 -8.0059 -18.4581
3 16 13.6149 -8.0059 -18.4581 12.4468 -11.1764 -17.1475 12.4468 -8.0059 -17.1475
3 16 12.4468 -11.1764 -17.1475 12.0104 -10.1832 -15.3147 12.4468 -8.0059 -17.1475
3 16 12.4468 -8.0059 -17.1475 12.0104 -10.1832 -15.3147 11.9894 -8.0059 -15.3147
3 16 12.005 -10.1832 -12.0163 12.0104 -10.1832 -15.3147 14.7819 -16.0004 -10.0607
3 16 14.7819 -16.0004 -10.0607 12.0104 -10.1832 -15.3147 16.4999 -19.0019 -16.3268
3 16 16.6512 -8.0059 -19.0655 18.6746 -8.0025 -19.0655 16.4999 -19.0019 -19.0655
3 16 16.4999 -19.0019 -19.0655 18.6746 -8.0025 -19.0655 18.6746 -21.4519 -19.0655
3 16 18.6746 -21.4519 -19.0655 16.4999 -21.4692 -19.0655 16.4999 -19.0019 -19.0655
3 16 18.8042 -22.8272 -18.682 16.4999 -22.8297 -18.6798 18.6746 -21.4519 -19.0655
3 16 18.6746 -21.4519 -19.0655 16.4999 -22.8297 -18.6798 16.4999 -21.4692 -19.0655
3 16 19.425 -24 -16.6125 16.5 -24 -16.6125 19.0971 -23.7479 -17.6945
3 16 19.0971 -23.7479 -17.6945 16.5 -24 -16.6125 16.4999 -23.7565 -17.6771
3 16 19.0971 -23.7479 -17.6945 16.4999 -23.7565 -17.6771 18.8042 -22.8272 -18.682
3 16 18.8042 -22.8272 -18.682 16.4999 -23.7565 -17.6771 16.4999 -22.8297 -18.6798
3 16 16.4999 -23.7565 -17.6771 16.4999 -19.0019 -16.3268 16.4999 -22.8297 -18.6798
3 16 18.6746 -21.4519 -19.0655 18.6746 -8.0025 -19.0655 19.4249 -8.0013 -16.6125
3 16 19.4249 -8.0013 -16.6125 19.0971 -23.7479 -17.6945 18.8042 -22.8272 -18.682
3 16 16.4999 -19.0019 -16.3268 12.0104 -10.1832 -15.3147 12.4468 -11.1764 -17.1475
3 16 14.9531 -16.1518 -19.0655 16.4999 -19.0019 -16.3268 13.6082 -13.472 -18.4581
3 16 16.4999 -19.0019 -16.3268 14.9531 -16.1518 -19.0655 16.4999 -19.0019 -19.0655
3 16 16.4999 -21.4692 -19.0655 16.4999 -19.0019 -16.3268 16.4999 -19.0019 -19.0655
3 16 11.641 -7.99 -10.8618 11.9947 -8 -12.0299 11.6571 -10.1832 -10.8806
3 16 11.6571 -10.1832 -10.8806 11.9947 -8 -12.0299 12.005 -10.1832 -12.0163
3 16 10.9492 -7.99 -10.2432 11.641 -7.99 -10.8618 10.9564 -10.1832 -10.2435
3 16 10.9564 -10.1832 -10.2435 11.641 -7.99 -10.8618 11.6571 -10.1832 -10.8806
3 16 10 -10.1832 -10 -10 -16 -10 10 -8 -10
3 16 -10 -16 -10 -10 0 -9.9995 10 -8 -10
3 16 10 -10.1832 -10 10 -8 -10 10.9564 -10.1832 -10.2435
3 16 10.9564 -10.1832 -10.2435 10 -8 -10 10.9492 -7.99 -10.2432
3 16 10.9564 -10.1832 -10.2435 14.7819 -16.0004 -10.0607 10 -10.1832 -10
3 16 14.7819 -16.0004 -10.0607 10.9564 -10.1832 -10.2435 11.6571 -10.1832 -10.8806
3 16 14.7819 -16.0004 -10.0607 11.6571 -10.1832 -10.8806 12.005 -10.1832 -12.0163
3 16 -10 -16 -10 10 -10.1832 -10 14.7819 -16.0004 -10.0607
3 16 25.875 0 2.4749 25.8735 -4.2417 2.4785 25.875 0 6.6991
3 16 25.875 0 6.6991 25.8735 -4.2417 2.4785 25.8735 -4.2417 6.7018
3 16 29.625 0 6.025 26.3129 0 0.8875 25.875 0 2.4749
3 16 29.625 0 6.025 25.875 0 2.4749 25.875 0 6.6991
3 16 29.625 0 -6.025 25.875 0 -2.4749 26.3505 0 -0.7583
3 16 29.625 0 -6.025 26.3505 0 -0.7583 29.625 0 6.025
3 16 29.625 0 6.025 26.3505 0 -0.7583 26.3129 0 0.8875
3 16 25.8749 0 -10 25.875 0 -2.4749 29.625 0 -6.025
3 16 13.279 -7.99 -10 13 0 -10 13.2816 -7.9899 -2.1125
3 16 13.2816 -7.9899 -2.1125 13 0 -10 13.0054 0 6.7
3 16 25.8735 -4.2417 6.7018 13.0054 0 6.7 25.875 0 6.6991
3 16 20.75 -8 2.9491 19.4247 -8 0.8875 16.75 -8 2.95
3 16 23.5413 -7.7476 0.8875 22.125 -8 0.8875 23.5398 -7.7599 2.9499
3 16 23.5398 -7.7599 2.9499 22.125 -8 0.8875 22.1257 -8.0052 2.9499
3 16 23.5413 -7.7476 0.8875 23.5398 -7.7599 2.9499 24.7668 -6.923 0.8969
3 16 24.7668 -6.923 0.8969 23.5398 -7.7599 2.9499 24.7674 -6.9272 2.9593
3 16 25.7873 -5.2664 0.8875 24.7668 -6.923 0.8969 25.7392 -5.25 2.7753
3 16 25.7392 -5.25 2.7753 24.7668 -6.923 0.8969 24.7674 -6.9272 2.9593
3 16 19.4247 -8 0.8875 20.75 -8 2.9491 22.125 -8 0.8875
3 16 22.125 -8 0.8875 20.75 -8 2.9491 22.1257 -8.0052 2.9499
3 16 23.5398 -7.7599 2.9499 22.1257 -8.0052 2.9499 23.5346 -7.7791 6.6989
3 16 23.5346 -7.7791 6.6989 22.1257 -8.0052 2.9499 22.1271 -8.0145 6.6989
3 16 23.5398 -7.7599 2.9499 23.5346 -7.7791 6.6989 24.7674 -6.9272 2.9593
3 16 24.7674 -6.9272 2.9593 23.5346 -7.7791 6.6989 24.767 -6.9319 6.7083
3 16 25.7392 -5.25 2.7753 24.7674 -6.9272 2.9593 25.6987 -5.3479 6.6989
3 16 25.6987 -5.3479 6.6989 24.7674 -6.9272 2.9593 24.767 -6.9319 6.7083
3 16 22.1257 -8.0052 2.9499 20.75 -8 2.9491 22.1271 -8.0145 6.6989
3 16 22.1271 -8.0145 6.6989 20.75 -8 2.9491 20.7501 -8.0016 6.6995
3 16 25.8735 -4.2417 2.4785 25.7392 -5.25 2.7753 25.8735 -4.2417 6.7018
3 16 25.8735 -4.2417 6.7018 25.7392 -5.25 2.7753 25.6987 -5.3479 6.6989
3 16 26.313 -4.24 0.8875 26.313 -5.2261 0.8875 25.8735 -4.2417 2.4785
3 16 25.8735 -4.2417 2.4785 26.313 -5.2261 0.8875 25.7392 -5.25 2.7753
3 16 25.7392 -5.25 2.7753 26.313 -5.2261 0.8875 25.7873 -5.2664 0.8875
3 16 24.767 -6.9319 6.7083 13.0054 0 6.7 25.6987 -5.3479 6.6989
3 16 22.1271 -8.0145 6.6989 13.0054 0 6.7 23.5346 -7.7791 6.6989
3 16 23.5346 -7.7791 6.6989 13.0054 0 6.7 24.767 -6.9319 6.7083
3 16 20.7501 -8.0016 6.6995 13.0054 0 6.7 22.1271 -8.0145 6.6989
3 16 15.5851 -12.99 6.7 20.7501 -8.0016 6.6995 20.75 -23.4403 6.7
3 16 20.7501 -8.0016 6.6995 15.5851 -12.99 6.7 13.0054 0 6.7
3 16 13.0054 0 6.7 15.5851 -12.99 6.7 13.4114 -13.0279 6.7
3 16 15.5851 -12.99 6.7 15.5849 -12.9901 2.95 13.4114 -13.0279 6.7
3 16 13.4114 -13.0279 6.7 15.5849 -12.9901 2.95 13.4537 -12.99 -2.1125
3 16 13.0054 0 6.7 13.4114 -13.0279 6.7 13.2816 -7.9899 -2.1125
3 16 13.2816 -7.9899 -2.1125 13.4114 -13.0279 6.7 13.4537 -12.99 -2.1125
3 16 13.2816 -7.9899 -2.1125 13.4537 -12.99 -2.1125 16.7455 -7.8706 -2.1045
3 16 16.7455 -7.8706 -2.1045 13.4537 -12.99 -2.1125 16.75 -12.99 -2.1125
3 16 16.7455 -7.8706 -2.1045 16.75 -12.99 -2.1125 16.75 -8 2.95
3 16 16.75 -8 2.95 16.75 -12.99 -2.1125 16.75 -12.99 2.95
3 16 13.4537 -12.99 -2.1125 15.5849 -12.9901 2.95 16.75 -12.99 -2.1125
3 16 16.75 -12.99 -2.1125 15.5849 -12.9901 2.95 16.75 -12.99 2.95
3 16 16.75 -8 2.95 16.75 -12.99 2.95 20.75 -8 2.9491
3 16 20.75 -8 2.9491 16.75 -12.99 2.95 20.7498 -23.4404 2.95
3 16 20.75 -23.4403 6.7 20.7501 -8.0016 6.6995 20.7498 -23.4404 2.95
3 16 20.7498 -23.4404 2.95 20.7501 -8.0016 6.6995 20.75 -8 2.9491
3 16 15.5849 -12.9901 2.95 20.7498 -23.4404 2.95 16.75 -12.99 2.95
3 16 20.75 -23.4403 6.7 20.7498 -23.4404 2.95 15.5851 -12.99 6.7
3 16 15.5851 -12.99 6.7 20.7498 -23.4404 2.95 15.5849 -12.9901 2.95
3 16 16.6512 -8.0059 -19.0655 19.4249 -8.0013 -16.6125 18.6746 -8.0025 -19.0655
3 16 13.279 -7.99 -10 11.641 -7.99 -10.8618 10.9492 -7.99 -10.2432
3 16 13.279 -7.99 -10 10.9492 -7.99 -10.2432 10 -8 -10
3 16 14.9248 -8.0059 -19.0655 19.4249 -8.0013 -16.6125 16.6512 -8.0059 -19.0655
3 16 12.4468 -8.0059 -17.1475 19.4249 -8.0013 -16.6125 13.6149 -8.0059 -18.4581
3 16 13.6149 -8.0059 -18.4581 19.4249 -8.0013 -16.6125 14.9248 -8.0059 -19.0655
3 16 13.279 -7.99 -10 19.4249 -8.0013 -16.6125 11.9947 -8 -12.0299
3 16 11.9894 -8.0059 -15.3147 11.9947 -8 -12.0299 19.4249 -8.0013 -16.6125
3 16 11.9894 -8.0059 -15.3147 19.4249 -8.0013 -16.6125 12.4468 -8.0059 -17.1475
3 16 19.4247 -8 0.8875 16.7455 -7.8706 -2.1045 16.75 -8 2.95
3 16 126.8048 -12.75 6.7 126.8048 -12.75 3.45 121.7561 -12.5747 6.7
3 16 121.7561 -12.5747 6.7 126.8048 -12.75 3.45 121.7561 -12.5747 3.45
3 16 121.7561 -12.5747 6.7 121.7561 -12.5747 3.45 119.1853 -7.25 6.7
3 16 119.1853 -7.25 6.7 121.7561 -12.5747 3.45 119.1853 -7.25 3.45
3 16 112.5001 0 -5.8625 112.5 0 6.7 112.616 -3.3198 -5.8625
3 16 112.616 -3.3198 -5.8625 112.5 0 6.7 112.6161 -3.3199 6.7
3 16 112.6161 -3.3199 6.7 113.0001 -4.4304 6.7 112.616 -3.3198 -5.8625
3 16 112.616 -3.3198 -5.8625 113.0001 -4.4304 6.7 113 -4.4302 -5.8625
3 16 113.0001 -4.4304 6.7 113.941 -5.2501 6.7 113 -4.4302 -5.8625
3 16 113 -4.4302 -5.8625 113.941 -5.2501 6.7 113.9408 -5.2499 -5.8625
3 16 113.941 -5.2501 6.7 115.1251 -5.2501 6.6999 113.9408 -5.2499 -5.8625
3 16 113.9408 -5.2499 -5.8625 115.1251 -5.2501 6.6999 115.125 -5.2499 -5.8625
3 16 108.75 0 -6.025 108.75 0 6.025 112.5001 0 -5.8625
3 16 112.5001 0 -5.8625 108.75 0 6.025 112.5 0 6.7
3 16 113 -4.4302 -10 113 -4.4302 -5.8625 113.9408 -5.25 -9.8
3 16 113.9408 -5.25 -9.8 113 -4.4302 -5.8625 113.9408 -5.2499 -5.8625
3 16 113 -4.4302 -10 112.616 -3.3198 -10 113 -4.4302 -5.8625
3 16 113 -4.4302 -5.8625 112.616 -3.3198 -10 112.616 -3.3198 -5.8625
3 16 112.5 0 -10 112.5001 0 -5.8625 112.616 -3.3198 -10
3 16 112.616 -3.3198 -10 112.5001 0 -5.8625 112.616 -3.3198 -5.8625
3 16 115.125 -7.25 6.6999 115.1249 -7.2499 -2.05 115.1251 -5.2501 6.6999
3 16 115.1251 -5.2501 6.6999 115.1249 -7.2499 -2.05 115.125 -5.2499 -5.8625
3 16 115.125 -5.2499 -5.8625 115.1249 -7.2499 -2.05 115.1248 -10.0357 -5.8626
3 16 115.1248 -10.0357 -5.8626 115.1249 -7.2499 -2.05 115.1248 -10.0357 -2.0501
3 16 115.1248 -10.0357 -5.8626 115.1248 -10.0357 -2.0501 117.75 -15.347 -5.8625
3 16 117.75 -15.347 -5.8625 115.1248 -10.0357 -2.0501 117.75 -15.347 -2.05
3 16 117.75 -15.347 -2.05 117.75 -7.25 -2.05 117.75 -15.347 -5.8625
3 16 117.75 -15.347 -5.8625 117.75 -7.25 -2.05 117.75 -5.25 -5.8625
3 16 117.75 -15.347 -5.8625 117.75 -5.25 -5.8625 115.1248 -10.0357 -5.8626
3 16 115.1248 -10.0357 -5.8626 117.75 -5.25 -5.8625 115.125 -5.2499 -5.8625
3 16 117.75 -5.25 -5.8625 117.75 -7.25 -2.05 117.75 -5.25 3.45
3 16 117.75 -5.25 3.45 117.75 -7.25 -2.05 117.75 -7.25 3.45
3 16 127.25 0 6.7 127.0646 -5.2553 3.45 126.8048 -12.75 6.7
3 16 126.8048 -12.75 6.7 127.0646 -5.2553 3.45 126.8048 -12.75 3.45
3 16 119.1853 -7.25 3.45 121.7561 -12.5747 3.45 127.0646 -5.2553 3.45
3 16 127.0646 -5.2553 3.45 121.7561 -12.5747 3.45 126.8048 -12.75 3.45
3 16 127.0646 -5.2553 3.45 117.75 -5.25 3.45 119.1853 -7.25 3.45
3 16 119.1853 -7.25 3.45 117.75 -5.25 3.45 117.75 -7.25 3.45
3 16 121.7561 -12.5747 6.7 119.1853 -7.25 6.7 126.8048 -12.75 6.7
3 16 126.8048 -12.75 6.7 119.1853 -7.25 6.7 127.25 0 6.7
3 16 119.1853 -7.25 3.45 117.75 -7.25 3.45 119.1853 -7.25 6.7
3 16 119.1853 -7.25 6.7 117.75 -7.25 3.45 115.125 -7.25 6.6999
3 16 115.125 -7.25 6.6999 117.75 -7.25 3.45 115.1249 -7.2499 -2.05
3 16 115.1249 -7.2499 -2.05 117.75 -7.25 3.45 117.75 -7.25 -2.05
3 16 115.1249 -7.2499 -2.05 117.75 -7.25 -2.05 115.1248 -10.0357 -2.0501
3 16 115.1248 -10.0357 -2.0501 117.75 -7.25 -2.05 117.75 -15.347 -2.05
3 16 112.5 0 6.7 108.75 0 6.025 112.5 0 10
3 16 127.25 0 6.7 112.6161 -3.3199 6.7 112.5 0 6.7
3 16 113.941 -5.2501 6.7 127.25 0 6.7 115.1251 -5.2501 6.6999
3 16 127.25 0 6.7 119.1853 -7.25 6.7 115.1251 -5.2501 6.6999
3 16 115.1251 -5.2501 6.6999 119.1853 -7.25 6.7 115.125 -7.25 6.6999
3 16 112.6161 -3.3199 6.7 127.25 0 6.7 113.0001 -4.4304 6.7
3 16 113.0001 -4.4304 6.7 127.25 0 6.7 113.941 -5.2501 6.7
3 16 112.9973 -5.25 -10 113 -4.4302 -10 113.9408 -5.25 -9.8
3 16 127.0667 -5.25 -10 125.5 -5.25 -10 127.0646 -5.2553 3.45
3 16 125.5 -5.25 -10 117.75 -5.25 -5.8625 127.0646 -5.2553 3.45
3 16 127.0646 -5.2553 3.45 117.75 -5.25 -5.8625 117.75 -5.25 3.45
3 16 101.9373 -8 -10 112.9973 -5.25 -10 112.9947 -8 -10
3 16 112.5 0 -10 112.616 -3.3198 -10 101.9357 0 -10
3 16 101.9357 0 -10 112.616 -3.3198 -10 101.9373 -8 -10
3 16 101.9373 -8 -10 112.616 -3.3198 -10 113 -4.4302 -10
3 16 101.9373 -8 -10 113 -4.4302 -10 112.9973 -5.25 -10
3 16 125.5 -5.25 -15.3994 125.1873 -5.25 -16.8479 117.75 -5.25 -5.8625
3 16 117.75 -5.25 -5.8625 113.9408 -5.25 -9.8 115.125 -5.2499 -5.8625
3 16 115.125 -5.2499 -5.8625 113.9408 -5.25 -9.8 113.9408 -5.2499 -5.8625
3 16 125.5 -5.25 -15.3994 117.75 -5.25 -5.8625 125.5 -5.25 -10
3 16 117.75 -5.25 -5.8625 124.4102 -5.25 -18.0046 123.2463 -5.25 -18.7659
3 16 117.75 -5.25 -5.8625 125.1873 -5.25 -16.8479 124.4102 -5.25 -18.0046
3 16 117.75 -5.25 -5.8625 123.2463 -5.25 -18.7659 121.7773 -5.25 -19.0655
3 16 115.9248 -5.25 -19.0655 117.75 -5.25 -5.8625 121.7773 -5.25 -19.0655
3 16 117.75 -5.25 -5.8625 114.6149 -5.25 -18.4581 113.4468 -5.25 -17.1475
3 16 117.75 -5.25 -5.8625 115.9248 -5.25 -19.0655 114.6149 -5.25 -18.4581
3 16 117.75 -5.25 -5.8625 113.0026 -5.25 -15.3147 113.9408 -5.25 -9.8
3 16 113.9408 -5.25 -9.8 113.0026 -5.25 -15.3147 112.9973 -5.25 -10
3 16 117.75 -5.25 -5.8625 113.4468 -5.25 -17.1475 113.0026 -5.25 -15.3147
3 16 50 0 6.025 63.64 0 6.025 50 -5 6.025
3 16 50 -5 6.025 63.64 0 6.025 63.64 -5.25 6.025
3 16 49.9301 0 10 62.5 0 10 50 0 6.025
3 16 50 0 6.025 62.5 0 10 63.64 0 6.025
3 16 108.75 0 6.025 108.75 -5 6.025 76.36 0 6.025
3 16 76.36 0 6.025 108.75 -5 6.025 76.36 -5.25 6.025
3 16 116.25 -4.875 10 112.5 0 10 77.5 -4.875 10
3 16 77.5 -4.875 10 112.5 0 10 77.5 0 10
3 16 112.5 0 10 108.75 0 6.025 77.5 0 10
3 16 77.5 0 10 108.75 0 6.025 76.36 0 6.025
3 16 63.64 -5.25 6.025 66.25 -5.25 3.5048 56.5252 -5.1894 -5.0725
3 16 56.5252 -5.1894 -5.0725 66.25 -5.25 3.5048 58.6224 -5 -6.025
3 16 56.5252 -5.1894 -5.0725 54.1623 -5.2278 -3.7349 63.64 -5.25 6.025
3 16 54.1623 -5.2278 -3.7349 50 -5 6.025 63.64 -5.25 6.025
3 16 29.625 -5 6.025 41.3758 -5 -6.025 29.625 -5 -6.025
3 16 29.625 -5 6.025 43.6316 -5.1209 -4.9799 41.3758 -5 -6.025
3 16 34.1991 -8 41.6017 26.9869 -7.9847 0.8969 49.9991 -8 10
3 16 112.9947 -8 1.0538 96.6332 -8 -7.6165 99.9925 -8 -7.041
3 16 96.6332 -8 -7.6165 98.7701 -8 -7.7493 99.9925 -8 -7.041
3 16 112.9947 -8 1.0538 92.5 -8 -5.6699 94.3301 -8 -7.5
3 16 112.9947 -8 1.0538 99.9925 -8 -7.041 101.2593 -8 -7.7583
3 16 112.9947 -8 1.0538 94.3301 -8 -7.5 96.6332 -8 -7.6165
3 16 30.3856 -8 54.2153 26.9869 -7.9847 0.8969 32.0468 -8 46.9733
3 16 32.0468 -8 46.9733 26.9869 -7.9847 0.8969 34.1991 -8 41.6017
3 16 30.0219 -8 59.3896 27.0053 -8 59.3896 30.3856 -8 54.2153
3 16 27.0053 -8 59.3896 26.9869 -7.9847 0.8969 30.3856 -8 54.2153
3 16 112.9947 -8 1.0538 109.6144 -8 54.2153 107.9532 -8 46.9733
3 16 112.9947 -8 1.0538 105.8009 -8 41.6017 90.0018 -8 10
3 16 112.9947 -8 1.0538 107.9532 -8 46.9733 105.8009 -8 41.6017
3 16 112.5 0 6.7 112.5 0 10 127.25 0 6.7
3 16 127.25 0 6.7 112.5 0 10 130.0443 0 10
3 16 130 0 1.5 127.25 0 6.7 130 0 7
3 16 127.25 0 6.7 130.0443 0 10 130 0 7
3 16 127.25 0 6.7 130 0 1.5 130 0 -1.5
3 16 130 0 -1.5 130 0 1.5 133.75 0 -1.5
3 16 133.75 0 -1.5 130 0 1.5 133.75 0 1.5
3 16 127.0667 -5.25 -10 127.0646 -5.2553 3.45 127.2499 0 -9.9979
3 16 127.2499 0 -9.9979 127.0646 -5.2553 3.45 127.25 0 6.7
3 16 130 0 -6.25 127.2499 0 -9.9979 130 0 -1.5
3 16 130 0 -1.5 127.2499 0 -9.9979 127.25 0 6.7
3 16 130 0 -6.25 146.2593 0 -6.25 127.2499 0 -9.9979
3 16 127.2499 0 -9.9979 146.2593 0 -6.25 150 0 -9.9989
3 16 150 0 -9.9989 146.2593 0 -6.25 146.2593 0 10.875
3 16 150 0 -9.9989 146.2593 0 10.875 150 0 150
3 16 150 0 150 146.2593 0 10.875 146.2593 0 129.125
3 16 130 0 7 130.0443 0 10 131.25 0 7
3 16 130.0443 0 10 130.0443 0 30 133.75 0 10.875
3 16 133.75 0 10.875 130.0443 0 30 133.75 0 30
3 16 132.5 0 7.3349 130.0443 0 10 133.2809 0 8.0991
3 16 131.25 0 7 130.0443 0 10 132.5 0 7.3349
3 16 133.2809 0 8.0991 130.0443 0 10 133.75 0 9.125
3 16 133.75 0 30 130.0443 0 30 133.75 0 110
3 16 133.75 0 110 130.0443 0 30 130.0443 0 129.9983
3 16 130 0 -6.25 130 0 -1.5 130 -5.25 -6.25
3 16 130 -5.25 -6.25 130 0 -1.5 130 -5.25 -1.5
3 16 146.2577 -5.25 10.875 146.2593 0 10.875 146.2579 -5.25 9.125
3 16 146.2593 0 10.875 146.2593 0 -6.25 146.2579 -5.25 9.125
3 16 146.2559 -5.2501 31.975 146.2593 0 10.875 146.2559 -5.2501 30.0001
3 16 146.2484 -5.7286 111.9751 146.2593 0 129.125 146.2571 -5.25 110
3 16 133.2809 0 8.0991 133.75 0 9.125 133.75 -5.25 9.125
3 16 133.7498 -5.2501 108.0251 133.75 0 110 133.7498 -5.2501 110
3 16 146.2532 -7.0049 113.4209 146.2593 0 129.125 146.2484 -5.7286 111.9751
3 16 133.75 0 110 133.7437 -5.7286 111.9751 133.7498 -5.2501 110
3 16 133.75 0 150 133.75 -5.2502 150 133.75 -5.25 149.125
3 16 136.5792 -12.7499 11.975 133.7453 -12.7499 26.05 138.025 -12.7499 13.4208
3 16 138.025 -12.7499 13.4208 133.7453 -12.7499 26.05 139.9953 -12.7499 26.05
3 16 133.75 0 9.125 130.0443 0 10 133.75 0 10.875
3 16 146.2593 0 10.875 146.2577 -5.25 10.875 146.2594 -5.7286 28.025
3 16 146.2594 -5.7286 28.025 146.2577 -5.25 10.875 146.25 -7.0049 26.5792
3 16 150 0 -9.9989 150 -8 30 150 -16 -10
3 16 150 -16 -10 150 -8 30 150 -16 30
3 16 136.074 -5.2619 10.0127 133.7499 -5.25 10.875 136.1546 -5.262 10.882
3 16 143.8209 -5.275 9.125 143.95 -5.25 10 146.2579 -5.25 9.125
3 16 146.2579 -5.25 9.125 143.95 -5.25 10 146.2577 -5.25 10.875
3 16 143.4208 -5.7286 28.025 143.95 -5.25 30 146.2594 -5.7286 28.025
3 16 146.2594 -5.7286 28.025 143.95 -5.25 30 146.2559 -5.2501 30.0001
3 16 139.9953 -12.7499 26.05 139.9982 -9 26.05 146.25 -12.7499 26.05
3 16 146.25 -12.7499 26.05 139.9982 -9 26.05 146.2524 -9 26.05
3 16 143.7931 -12.7499 10.875 143.4208 -12.7499 11.975 146.25 -12.7499 10.875
3 16 143.4208 -12.7499 11.975 146.25 -12.7499 26.05 146.25 -12.7499 10.875
3 16 136.1546 -12.7499 10.882 136.1546 -5.262 10.882 133.7453 -12.7499 10.875
3 16 133.7453 -12.7499 10.875 136.1546 -5.262 10.882 133.7499 -5.25 10.875
3 16 146.2577 -5.25 10.875 143.7931 -5.25 10.875 146.25 -12.7499 10.875
3 16 146.25 -12.7499 10.875 143.7931 -5.25 10.875 143.7931 -12.7499 10.875
3 16 133.7483 -5.2501 30.0001 133.7547 -5.7286 28.025 133.75 0 30
3 16 133.7547 -5.7286 28.025 133.75 0 10.875 133.75 0 30
3 16 146.2559 -5.2501 30.0001 146.2593 0 10.875 146.2594 -5.7286 28.025
3 16 146.25 -7.0049 26.5792 146.2577 -5.25 10.875 146.2524 -9 26.05
3 16 146.2577 -5.25 10.875 146.25 -12.7499 10.875 146.2524 -9 26.05
3 16 146.2524 -9 26.05 146.25 -12.7499 10.875 146.25 -12.7499 26.05
3 16 133.75 -7.0049 26.5792 133.7499 -5.25 10.875 133.7547 -5.7286 28.025
3 16 133.7547 -5.7286 28.025 133.7499 -5.25 10.875 133.75 0 10.875
3 16 133.7499 -5.25 10.875 133.7453 -9 26.05 133.7453 -12.7499 10.875
3 16 133.7453 -12.7499 10.875 133.7453 -9 26.05 133.7453 -12.7499 26.05
3 16 133.7499 -5.25 10.875 133.75 -7.0049 26.5792 133.7453 -9 26.05
3 16 146.2547 -12.7499 -6.25 133.7453 -12.7499 -1.5 133.7453 -12.7499 1.5
3 16 146.2547 -12.7499 -6.25 141.975 -12.7499 6.5792 143.4208 -12.7499 8.025
3 16 136.1643 -12.7499 9.1493 133.7477 -12.7499 9.125 136.1643 -5.2619 9.1493
3 16 136.1643 -5.2619 9.1493 133.7477 -12.7499 9.125 133.75 -5.25 9.125
3 16 146.2579 -5.25 9.125 146.25 -12.7499 9.125 143.8209 -5.275 9.125
3 16 143.8209 -5.275 9.125 146.25 -12.7499 9.125 143.8209 -12.7499 9.125
3 16 146.2593 0 -6.25 146.2547 -12.7499 -6.25 146.2579 -5.25 9.125
3 16 146.2579 -5.25 9.125 146.2547 -12.7499 -6.25 146.25 -12.7499 9.125
3 16 130 0 1.5 130 0 7 130 -12.7499 1.5
3 16 130 -12.7499 1.5 130 0 7 130 -12.7499 7
3 16 130 0 7 131.25 0 7 130 -12.7499 7
3 16 130 -12.7499 7 131.25 0 7 131.25 -12.7499 7
3 16 132.5 0 7.3349 133.2809 0 8.0991 132.5 -12.7499 7.3349
3 16 132.5 -12.7499 7.3349 133.2809 0 8.0991 133.2809 -12.7499 8.0991
3 16 131.25 0 7 132.5 0 7.3349 131.25 -12.7499 7
3 16 131.25 -12.7499 7 132.5 0 7.3349 132.5 -12.7499 7.3349
3 16 133.2809 0 8.0991 133.75 -5.25 9.125 133.2809 -12.7499 8.0991
3 16 133.2809 -12.7499 8.0991 133.75 -5.25 9.125 133.7477 -12.7499 9.125
3 16 130 -5.25 -6.25 131.0884 -5.5443 -6.25 130 0 -6.25
3 16 131.0884 -5.5443 -6.25 146.2593 0 -6.25 130 0 -6.25
3 16 133.75 0 -1.5 133.75 0 1.5 133.7453 -12.7499 -1.5
3 16 133.7453 -12.7499 -1.5 133.75 0 1.5 133.7453 -12.7499 1.5
3 16 130 0 1.5 130 -12.7499 1.5 133.75 0 1.5
3 16 133.75 0 1.5 130 -12.7499 1.5 133.7453 -12.7499 1.5
3 16 138.025 -12.7499 6.5792 133.7453 -12.7499 1.5 136.5792 -12.7499 8.025
3 16 133.7453 -12.7499 1.5 130 -12.7499 1.5 131.25 -12.7499 7
3 16 131.25 -12.7499 7 130 -12.7499 1.5 130 -12.7499 7
3 16 132.75 -12.7499 -1.5 133.7453 -12.7499 -1.5 132.75 -12.7499 -6.25
3 16 133.7453 -12.7499 -1.5 146.2547 -12.7499 -6.25 132.75 -12.7499 -6.25
3 16 132.75 -12.7499 -1.5 132.75 -12.7499 -6.25 132.75 -8.25 -1.5
3 16 132.75 -8.25 -1.5 132.75 -12.7499 -6.25 132.75 -8.25 -6.25
3 16 131.0884 -5.5443 -6.25 131.0884 -5.5443 -1.5 132.2438 -6.6088 -6.25
3 16 132.2438 -6.6088 -6.25 131.0884 -5.5443 -1.5 132.2438 -6.6088 -1.5
3 16 130 -5.25 -6.25 130 -5.25 -1.5 131.0884 -5.5443 -6.25
3 16 131.0884 -5.5443 -6.25 130 -5.25 -1.5 131.0884 -5.5443 -1.5
3 16 132.2438 -6.6088 -6.25 132.2438 -6.6088 -1.5 132.75 -8.25 -6.25
3 16 132.75 -8.25 -6.25 132.2438 -6.6088 -1.5 132.75 -8.25 -1.5
3 16 133.75 0 -1.5 133.7453 -12.7499 -1.5 132.75 -8.25 -1.5
3 16 132.75 -8.25 -1.5 133.7453 -12.7499 -1.5 132.75 -12.7499 -1.5
3 16 130 -5.25 -1.5 130 0 -1.5 131.0884 -5.5443 -1.5
3 16 131.0884 -5.5443 -1.5 130 0 -1.5 133.75 0 -1.5
3 16 133.75 0 -1.5 132.2438 -6.6088 -1.5 131.0884 -5.5443 -1.5
3 16 133.75 0 -1.5 132.75 -8.25 -1.5 132.2438 -6.6088 -1.5
3 16 146.2593 0 -6.25 132.2438 -6.6088 -6.25 132.75 -8.25 -6.25
3 16 146.2593 0 -6.25 132.75 -8.25 -6.25 146.2547 -12.7499 -6.25
3 16 146.2547 -12.7499 -6.25 132.75 -8.25 -6.25 132.75 -12.7499 -6.25
3 16 132.2438 -6.6088 -6.25 146.2593 0 -6.25 131.0884 -5.5443 -6.25
3 16 140 -12.7499 13.95 138.025 -12.7499 13.4208 139.9953 -12.7499 26.05
3 16 139.9953 -12.7499 26.05 141.975 -12.7499 13.4208 140 -12.7499 13.95
3 16 146.2577 -5.25 10.875 143.95 -5.25 10 143.7931 -5.25 10.875
3 16 133.7499 -5.25 10.875 136.074 -5.2619 10.0127 133.75 -5.25 9.125
3 16 133.75 -5.25 9.125 136.074 -5.2619 10.0127 136.1643 -5.2619 9.1493
3 16 133.75 0 9.125 133.75 0 10.875 133.75 -5.25 9.125
3 16 133.75 -5.25 9.125 133.75 0 10.875 133.7499 -5.25 10.875
3 16 143.8209 -5.275 9.125 143.8209 0 9.125 143.95 -5.25 10
3 16 143.95 -5.25 10 143.8209 0 9.125 143.95 0 10
3 16 143.95 0 10 143.7931 0 10.875 143.95 -5.25 10
3 16 143.95 -5.25 10 143.7931 0 10.875 143.7931 -5.25 10.875
3 16 136.1546 -5.262 10.882 136.1546 0 10.882 136.074 -5.2619 10.0127
3 16 136.074 -5.2619 10.0127 136.1546 0 10.882 136.05 0 10
3 16 136.1643 -5.2619 9.1493 136.1643 0 9.1493 136.5792 0 8.025
3 16 138.025 0 6.5792 136.5792 0 8.025 139.0096 0 8.2847
3 16 139.0096 0 8.2847 136.5792 0 8.025 138.2847 0 9.0096
3 16 140 0 6.05 138.025 0 6.5792 140 0 8.0193
3 16 140 0 8.0193 138.025 0 6.5792 139.0096 0 8.2847
3 16 141.975 0 6.5792 140 0 6.05 140.9904 0 8.2847
3 16 140.9904 0 8.2847 140 0 6.05 140 0 8.0193
3 16 143.4208 0 8.025 141.975 0 6.5792 141.7153 0 9.0096
3 16 141.7153 0 9.0096 141.975 0 6.5792 140.9904 0 8.2847
3 16 141.9807 0 10 143.8209 0 9.125 141.7153 0 9.0096
3 16 141.7153 0 9.0096 143.8209 0 9.125 143.4208 0 8.025
3 16 143.4208 0 11.975 143.7931 0 10.875 141.7153 0 10.9904
3 16 141.7153 0 10.9904 143.7931 0 10.875 141.9807 0 10
3 16 141.975 0 13.4208 143.4208 0 11.975 140.9904 0 11.7153
3 16 140.9904 0 11.7153 143.4208 0 11.975 141.7153 0 10.9904
3 16 140 0 13.95 141.975 0 13.4208 140 0 11.9807
3 16 140 0 11.9807 141.975 0 13.4208 140.9904 0 11.7153
3 16 138.025 0 13.4208 140 0 13.95 139.0096 0 11.7153
3 16 139.0096 0 11.7153 140 0 13.95 140 0 11.9807
3 16 136.5792 0 11.975 138.025 0 13.4208 138.2847 0 10.9904
3 16 138.2847 0 10.9904 138.025 0 13.4208 139.0096 0 11.7153
3 16 136.05 0 10 136.1546 0 10.882 138.0193 0 10
3 16 138.0193 0 10 136.1643 0 9.1493 136.05 0 10
3 16 139.0096 0 8.2847 138.2847 0 9.0096 139.0096 -12.7683 8.2847
3 16 139.0096 -12.7683 8.2847 138.2847 0 9.0096 138.2847 -12.7683 9.0096
3 16 140 0 8.0193 139.0096 0 8.2847 140 -12.7683 8.0193
3 16 140 -12.7683 8.0193 139.0096 0 8.2847 139.0096 -12.7683 8.2847
3 16 140.9904 0 8.2847 140 0 8.0193 140.9904 -12.7683 8.2847
3 16 140.9904 -12.7683 8.2847 140 0 8.0193 140 -12.7683 8.0193
3 16 141.7153 0 9.0096 140.9904 0 8.2847 141.7153 -12.7683 9.0096
3 16 141.7153 -12.7683 9.0096 140.9904 0 8.2847 140.9904 -12.7683 8.2847
3 16 141.9807 0 10 141.7153 0 9.0096 141.9807 -12.7683 10
3 16 141.9807 -12.7683 10 141.7153 0 9.0096 141.7153 -12.7683 9.0096
3 16 141.7153 0 10.9904 141.9807 0 10 141.7153 -12.7683 10.9904
3 16 141.7153 -12.7683 10.9904 141.9807 0 10 141.9807 -12.7683 10
3 16 140.9904 0 11.7153 141.7153 0 10.9904 140.9904 -12.7683 11.7153
3 16 140.9904 -12.7683 11.7153 141.7153 0 10.9904 141.7153 -12.7683 10.9904
3 16 140 0 11.9807 140.9904 0 11.7153 140 -12.7683 11.9807
3 16 140 -12.7683 11.9807 140.9904 0 11.7153 140.9904 -12.7683 11.7153
3 16 139.0096 0 11.7153 140 0 11.9807 139.0096 -12.7683 11.7153
3 16 139.0096 -12.7683 11.7153 140 0 11.9807 140 -12.7683 11.9807
3 16 138.2847 0 10.9904 139.0096 0 11.7153 138.2847 -12.7683 10.9904
3 16 138.2847 -12.7683 10.9904 139.0096 0 11.7153 139.0096 -12.7683 11.7153
3 16 138.0193 0 10 138.2847 0 10.9904 138.0193 -12.7683 10
3 16 138.0193 -12.7683 10 138.2847 0 10.9904 138.2847 -12.7683 10.9904
3 16 138.2847 0 9.0096 138.0193 0 10 138.2847 -12.7683 9.0096
3 16 138.2847 -12.7683 9.0096 138.0193 0 10 138.0193 -12.7683 10
3 16 140.9904 -12.7683 11.7153 140 -12.7683 10 140 -12.7683 11.9807
3 16 141.7153 -12.7683 9.0096 140 -12.7683 10 141.9807 -12.7683 10
3 16 139.0096 -12.7683 8.2847 140 -12.7683 10 140 -12.7683 8.0193
3 16 138.2847 -12.7683 10.9904 140 -12.7683 10 138.0193 -12.7683 10
3 16 141.9807 -12.7683 10 140 -12.7683 10 141.7153 -12.7683 10.9904
3 16 141.7153 -12.7683 10.9904 140 -12.7683 10 140.9904 -12.7683 11.7153
3 16 140 -12.7683 8.0193 140 -12.7683 10 140.9904 -12.7683 8.2847
3 16 140.9904 -12.7683 8.2847 140 -12.7683 10 141.7153 -12.7683 9.0096
3 16 140 -12.7683 10 138.2847 -12.7683 9.0096 138.0193 -12.7683 10
3 16 139.0096 -12.7683 8.2847 138.2847 -12.7683 9.0096 140 -12.7683 10
3 16 140 -12.7683 11.9807 140 -12.7683 10 139.0096 -12.7683 11.7153
3 16 139.0096 -12.7683 11.7153 140 -12.7683 10 138.2847 -12.7683 10.9904
3 16 136.1643 -12.7499 9.1493 136.1643 -5.2619 9.1493 136.5792 -12.7499 8.025
3 16 136.5792 -12.7499 8.025 136.1643 -5.2619 9.1493 136.5792 0 8.025
3 16 138.025 0 13.4208 136.5792 0 11.975 138.025 -12.7499 13.4208
3 16 138.025 -12.7499 13.4208 136.5792 0 11.975 136.5792 -12.7499 11.975
3 16 140 0 13.95 138.025 0 13.4208 140 -12.7499 13.95
3 16 140 -12.7499 13.95 138.025 0 13.4208 138.025 -12.7499 13.4208
3 16 141.975 0 13.4208 140 0 13.95 141.975 -12.7499 13.4208
3 16 141.975 -12.7499 13.4208 140 0 13.95 140 -12.7499 13.95
3 16 143.4208 0 11.975 141.975 0 13.4208 143.4208 -12.7499 11.975
3 16 143.4208 -12.7499 11.975 141.975 0 13.4208 141.975 -12.7499 13.4208
3 16 141.975 0 6.5792 143.4208 0 8.025 141.975 -12.7499 6.5792
3 16 141.975 -12.7499 6.5792 143.4208 0 8.025 143.4208 -12.7499 8.025
3 16 140 0 6.05 141.975 0 6.5792 140 -12.7499 6.05
3 16 140 -12.7499 6.05 141.975 0 6.5792 141.975 -12.7499 6.5792
3 16 138.025 0 6.5792 140 0 6.05 138.025 -12.7499 6.5792
3 16 138.025 -12.7499 6.5792 140 0 6.05 140 -12.7499 6.05
3 16 136.5792 0 8.025 138.025 0 6.5792 136.5792 -12.7499 8.025
3 16 136.5792 -12.7499 8.025 138.025 0 6.5792 138.025 -12.7499 6.5792
3 16 143.4208 0 8.025 143.8209 -5.275 9.125 143.4208 -12.7499 8.025
3 16 143.4208 -12.7499 8.025 143.8209 -5.275 9.125 143.8209 -12.7499 9.125
3 16 143.4208 0 8.025 143.8209 0 9.125 143.8209 -5.275 9.125
3 16 143.7931 -5.25 10.875 143.7931 0 10.875 143.4208 0 11.975
3 16 143.7931 -12.7499 10.875 143.7931 -5.25 10.875 143.4208 -12.7499 11.975
3 16 143.4208 -12.7499 11.975 143.7931 -5.25 10.875 143.4208 0 11.975
3 16 136.5792 0 11.975 136.1546 -5.262 10.882 136.5792 -12.7499 11.975
3 16 136.5792 -12.7499 11.975 136.1546 -5.262 10.882 136.1546 -12.7499 10.882
3 16 136.5792 0 11.975 136.1546 0 10.882 136.1546 -5.262 10.882
3 16 136.05 0 10 136.1643 0 9.1493 136.074 -5.2619 10.0127
3 16 136.074 -5.2619 10.0127 136.1643 0 9.1493 136.1643 -5.2619 9.1493
3 16 136.1546 -12.7499 10.882 133.7453 -12.7499 10.875 136.5792 -12.7499 11.975
3 16 133.7453 -12.7499 26.05 136.5792 -12.7499 11.975 133.7453 -12.7499 10.875
3 16 139.9953 -12.7499 26.05 146.25 -12.7499 26.05 141.975 -12.7499 13.4208
3 16 141.975 -12.7499 13.4208 146.25 -12.7499 26.05 143.4208 -12.7499 11.975
3 16 143.8209 -12.7499 9.125 146.25 -12.7499 9.125 143.4208 -12.7499 8.025
3 16 146.2547 -12.7499 -6.25 143.4208 -12.7499 8.025 146.25 -12.7499 9.125
3 16 146.2547 -12.7499 -6.25 140 -12.7499 6.05 141.975 -12.7499 6.5792
3 16 138.025 -12.7499 6.5792 140 -12.7499 6.05 133.7453 -12.7499 1.5
3 16 146.2547 -12.7499 -6.25 133.7453 -12.7499 1.5 140 -12.7499 6.05
3 16 132.5 -12.7499 7.3349 133.7453 -12.7499 1.5 131.25 -12.7499 7
3 16 133.2809 -12.7499 8.0991 133.7477 -12.7499 9.125 136.5792 -12.7499 8.025
3 16 136.5792 -12.7499 8.025 133.7477 -12.7499 9.125 136.1643 -12.7499 9.1493
3 16 133.7453 -12.7499 1.5 132.5 -12.7499 7.3349 136.5792 -12.7499 8.025
3 16 136.5792 -12.7499 8.025 132.5 -12.7499 7.3349 133.2809 -12.7499 8.0991
3 16 141.9807 0 10 143.7931 0 10.875 143.95 0 10
3 16 143.95 0 10 143.8209 0 9.125 141.9807 0 10
3 16 138.0193 0 10 136.1546 0 10.882 138.2847 0 10.9904
3 16 138.2847 0 10.9904 136.1546 0 10.882 136.5792 0 11.975
3 16 136.5792 0 8.025 136.1643 0 9.1493 138.2847 0 9.0096
3 16 138.2847 0 9.0096 136.1643 0 9.1493 138.0193 0 10
3 16 133.75 -5.25 129.125 133.7495 -12.7502 129.1505 133.7516 -9 113.85
3 16 133.7516 -9 113.85 133.7495 -12.7502 129.1505 133.7528 -12.75 113.85
3 16 133.7489 -12.7503 149.1261 133.7482 -12.7503 130.8887 133.75 -5.25 149.125
3 16 133.75 -5.25 149.125 133.7482 -12.7503 130.8887 133.7499 -5.25 130.875
3 16 133.7499 -5.25 130.875 133.75 0 130 133.75 -5.25 149.125
3 16 133.75 -5.25 149.125 133.75 0 130 133.75 0 150
3 16 133.75 0 130 130 0 133 133.75 0 150
3 16 133.75 0 150 130 0 133 130 0 150
3 16 146.2593 0 150 146.2579 -5.25 149.125 146.2586 -5.25 150
3 16 146.2547 -12.7501 149.125 146.2579 -5.25 149.125 146.25 -12.7503 130.875
3 16 146.25 -12.7503 130.875 146.2579 -5.25 149.125 146.2577 -5.25 130.875
3 16 146.2579 -5.25 149.125 146.2593 0 150 146.2577 -5.25 130.875
3 16 146.2577 -5.25 130.875 146.2593 0 150 146.2593 0 129.125
3 16 150 0 150 146.2593 0 129.125 146.2593 0 150
3 16 146.2577 -5.25 130.875 146.2593 0 129.125 146.2579 -5.25 129.125
3 16 133.7532 -7.0049 113.4209 133.7437 -5.7286 111.9751 133.75 0 130
3 16 133.7437 -5.7286 111.9751 133.75 0 110 133.75 0 130
3 16 133.7516 -9 113.85 133.7532 -7.0049 113.4209 133.75 -5.25 129.125
3 16 133.75 -5.25 129.125 133.7532 -7.0049 113.4209 133.75 0 130
3 16 146.2593 0 129.125 146.2532 -7.0049 113.4209 146.2579 -5.25 129.125
3 16 146.2579 -5.25 129.125 146.2532 -7.0049 113.4209 146.2586 -9 113.85
3 16 146.2579 -5.25 129.125 146.2586 -9 113.85 146.2547 -12.7501 129.125
3 16 146.2547 -12.7501 129.125 146.2586 -9 113.85 146.2586 -12.7499 113.85
3 16 133.7528 -12.75 113.85 136.5792 -12.7503 128.025 138.025 -12.7503 126.5792
3 16 140 -12.7503 133.95 140 -12.7503 146.05 141.975 -12.7503 133.4208
3 16 141.975 -12.7503 133.4208 140 -12.7503 146.05 141.975 -12.7503 146.5792
3 16 138.025 -12.7503 133.4208 138.025 -12.7503 146.5792 140 -12.7503 133.95
3 16 140 -12.7503 133.95 138.025 -12.7503 146.5792 140 -12.7503 146.05
3 16 143.7931 -12.7503 130.875 143.4208 -12.7503 131.975 146.25 -12.7503 130.875
3 16 143.4208 -12.7503 131.975 143.4208 -12.7503 148.025 146.25 -12.7503 130.875
3 16 141.975 -12.7503 133.4208 141.975 -12.7503 146.5792 143.4208 -12.7503 131.975
3 16 143.4208 -12.7503 131.975 141.975 -12.7503 146.5792 143.4208 -12.7503 148.025
3 16 143.8209 -12.7503 149.125 146.2547 -12.7501 149.125 143.4208 -12.7503 148.025
3 16 146.25 -12.7503 130.875 143.4208 -12.7503 148.025 146.2547 -12.7501 149.125
3 16 136.5792 -12.7503 131.975 136.5792 -12.7503 148.025 138.025 -12.7503 133.4208
3 16 138.025 -12.7503 133.4208 136.5792 -12.7503 148.025 138.025 -12.7503 146.5792
3 16 136.1643 -12.7503 149.1493 136.5792 -12.7503 148.025 133.7489 -12.7503 149.1261
3 16 136.5792 -12.7503 148.025 133.7482 -12.7503 130.8887 133.7489 -12.7503 149.1261
3 16 136.1546 -12.7503 130.882 133.7482 -12.7503 130.8887 136.5792 -12.7503 131.975
3 16 133.7482 -12.7503 130.8887 136.5792 -12.7503 148.025 136.5792 -12.7503 131.975
3 16 140 -12.7503 126.05 141.975 -12.7503 126.5792 140.0056 -12.7499 113.85
3 16 140.0056 -12.7499 113.85 141.975 -12.7503 126.5792 146.2586 -12.7499 113.85
3 16 143.8209 -12.7503 129.125 146.2547 -12.7501 129.125 143.4208 -12.7503 128.025
3 16 146.2586 -12.7499 113.85 143.4208 -12.7503 128.025 146.2547 -12.7501 129.125
3 16 146.2586 -12.7499 113.85 141.975 -12.7503 126.5792 143.4208 -12.7503 128.025
3 16 133.7528 -12.75 113.85 138.025 -12.7503 126.5792 140.0056 -12.7499 113.85
3 16 140.0056 -12.7499 113.85 138.025 -12.7503 126.5792 140 -12.7503 126.05
3 16 136.1643 -12.7503 129.1493 136.5792 -12.7503 128.025 133.7495 -12.7502 129.1505
3 16 136.5792 -12.7503 128.025 133.7528 -12.75 113.85 133.7495 -12.7502 129.1505
3 16 146.2594 -5.7286 28.025 146.25 -7.0049 26.5792 143.4208 -5.7286 28.025
3 16 143.4208 -5.7286 28.025 146.25 -7.0049 26.5792 141.975 -7.0049 26.5792
3 16 139.9982 -9 26.05 141.975 -7.0049 26.5792 146.2524 -9 26.05
3 16 146.2524 -9 26.05 141.975 -7.0049 26.5792 146.25 -7.0049 26.5792
3 16 133.75 -7.0049 26.5792 138.025 -7.0049 26.5792 133.7453 -9 26.05
3 16 133.7453 -9 26.05 138.025 -7.0049 26.5792 139.9982 -9 26.05
3 16 138.025 -7.0049 26.5792 133.75 -7.0049 26.5792 136.5792 -5.7286 28.025
3 16 136.5792 -5.7286 28.025 133.75 -7.0049 26.5792 133.7547 -5.7286 28.025
3 16 66.25 -20.75 16.4952 63.2407 -4.875 13.25 63.2407 -20.75 13.25
3 16 76.7593 -4.875 13.25 73.75 -20.75 16.4952 76.7593 -20.75 13.25
3 16 87.9914 -4.875 13.25 87.9914 -20.875 13.25 102.5271 -4.875 42.3214
3 16 102.5271 -4.875 42.3214 87.9914 -20.875 13.25 102.5271 -20.875 42.3214
3 16 106.75 -4.875 59.3896 106.75 -20.875 59.3896 106.75 -4.875 130
3 16 106.75 -4.875 130 106.75 -20.875 59.3896 106.75 -20.875 130
3 16 102.5271 -4.875 42.3214 102.5271 -20.875 42.3214 104.4917 -4.875 47.0621
3 16 104.4917 -4.875 47.0621 102.5271 -20.875 42.3214 104.4917 -20.875 47.0621
3 16 104.4917 -4.875 47.0621 104.4917 -20.875 47.0621 106.2763 -4.875 54.2356
3 16 106.2763 -4.875 54.2356 104.4917 -20.875 47.0621 106.2763 -20.875 54.2356
3 16 106.2763 -4.875 54.2356 106.2763 -20.875 54.2356 106.75 -4.875 59.3896
3 16 106.75 -4.875 59.3896 106.2763 -20.875 54.2356 106.75 -20.875 59.3896
3 16 116.25 -4.875 10 77.5 -4.875 10 87.9914 -4.875 13.25
3 16 87.9914 -4.875 13.25 77.5 -4.875 10 76.7593 -4.875 13.25
3 16 87.9914 -4.875 13.25 102.5271 -4.875 42.3214 116.25 -4.875 10
3 16 116.25 -4.875 10 106.75 -4.875 59.3896 116.2501 -4.875 130
3 16 116.2501 -4.875 130 106.75 -4.875 59.3896 106.75 -4.875 130
3 16 102.5271 -4.875 42.3214 104.4917 -4.875 47.0621 116.25 -4.875 10
3 16 104.4917 -4.875 47.0621 106.2763 -4.875 54.2356 116.25 -4.875 10
3 16 106.2763 -4.875 54.2356 106.75 -4.875 59.3896 116.25 -4.875 10
3 16 112.5 0 10 116.25 -4.875 10 130.0443 0 10
3 16 116.25 -7.7562 10 116.25 -4.875 10 116.2501 -7.7562 130
3 16 116.2501 -7.7562 130 116.25 -4.875 10 116.2501 -4.875 130
3 16 106.75 -4.875 133 106.75 -20.875 133 106.75 -4.875 150
3 16 106.75 -4.875 150 106.75 -20.875 133 106.75 -20.875 150
3 16 116.2501 -4.875 133 106.75 -4.875 133 116.2501 -4.875 150
3 16 116.2501 -4.875 150 106.75 -4.875 133 106.75 -4.875 150
3 16 116.2501 -7.7562 133 116.2501 -4.875 133 116.2501 -7.7562 150
3 16 116.2501 -7.7562 150 116.2501 -4.875 133 116.2501 -4.875 150
3 16 118.1737 -8.2717 10 116.25 -7.7562 10 118.1737 -8.2716 130
3 16 118.1737 -8.2716 130 116.25 -7.7562 10 116.2501 -7.7562 130
3 16 116.2501 -7.7562 133 116.2501 -7.7562 150 118.1738 -8.2716 133
3 16 118.1738 -8.2716 133 116.2501 -7.7562 150 118.1738 -8.2716 150
3 16 120.3569 -12.687 10 118.1737 -8.2717 10 120.3569 -12.687 130
3 16 120.3569 -12.687 130 118.1737 -8.2717 10 118.1737 -8.2716 130
3 16 118.1738 -8.2716 133 118.1738 -8.2716 150 120.3569 -12.687 133
3 16 120.3569 -12.687 133 118.1738 -8.2716 150 120.3569 -12.687 150
3 16 120.4019 -13.9751 10 120.3569 -12.687 10 120.6385 -20.75 35.2843
3 16 120.6385 -20.75 130 120.6385 -20.75 35.2843 120.3569 -12.687 130
3 16 120.3569 -12.687 130 120.6385 -20.75 35.2843 120.3569 -12.687 10
3 16 120.3569 -12.687 133 120.3569 -12.687 150 120.6385 -20.75 133
3 16 120.6385 -20.75 133 120.3569 -12.687 150 120.6385 -20.75 150
3 16 127.0042 -13.9819 10.0253 120.4019 -13.9751 10 126.8602 -20.5327 35.2843
3 16 126.8602 -20.5327 35.2843 120.4019 -13.9751 10 120.6385 -20.75 35.2843
3 16 120.6385 -20.75 133 120.6385 -20.75 150 126.75 -20.75 133
3 16 126.75 -20.75 133 120.6385 -20.75 150 126.75 -20.75 150
3 16 126.75 -20.75 133 126.75 -20.75 150 126.75 -15.75 133
3 16 126.75 -15.75 133 126.75 -20.75 150 126.75 -15.75 150
3 16 128.7976 -12.9291 133 128.7976 -12.9291 150 130.015 -12.75 133
3 16 130.015 -12.75 133 128.7976 -12.9291 150 130.015 -12.75 150
3 16 128.5421 -12.7658 113.6972 128.7743 -12.865 129.9991 130.0443 -12.6111 113.9056
3 16 130.0443 -12.6111 113.9056 128.7743 -12.865 129.9991 130.0443 -12.75 130
3 16 130 -24 150 130 -24 34.8564 130 -16 110
3 16 130 -16 110 130 -24 34.8564 130 -16 30
3 16 120.6385 -20.75 130 126.8602 -20.5327 110.75 120.6385 -20.75 35.2843
3 16 120.6385 -20.75 35.2843 126.8602 -20.5327 110.75 126.8602 -20.5327 35.2843
3 16 126.8602 -20.5327 110.75 120.6385 -20.75 130 126.8527 -20.5329 130
3 16 126.75 -15.7552 29.367 126.8602 -20.5327 35.2843 126.75 -15.465 111.2854
3 16 126.75 -15.465 111.2854 126.8602 -20.5327 35.2843 126.8602 -20.5327 110.75
3 16 126.8602 -20.5327 110.75 126.8527 -20.5329 130 126.75 -15.465 111.2854
3 16 126.75 -15.465 111.2854 126.8527 -20.5329 130 126.7274 -15.7502 130
3 16 128.5421 -12.7658 113.6972 130.0443 -12.6111 113.9056 128.7654 -7.8359 113.5521
3 16 128.7654 -7.8359 113.5521 130.0443 -12.6111 113.9056 130.0443 -7.875 113.75
3 16 126.8778 -7.8748 29.2502 126.75 -15.7552 29.367 126.7584 -7.771 110.8375
3 16 126.7584 -7.771 110.8375 126.75 -15.7552 29.367 126.75 -15.465 111.2854
3 16 127.0384 -6.5957 29.2129 126.8778 -7.8748 29.2502 127.0252 -6.621 110.7454
3 16 127.0252 -6.621 110.7454 126.8778 -7.8748 29.2502 126.7584 -7.771 110.8375
3 16 128.7763 -5.0327 110.7532 129.1302 -4.9414 29.2538 127.712 -5.6567 110.7516
3 16 127.712 -5.6567 110.7516 129.1302 -4.9414 29.2538 127.8574 -5.5504 29.2198
3 16 127.712 -5.6567 110.7516 127.8574 -5.5504 29.2198 127.0252 -6.621 110.7454
3 16 127.0252 -6.621 110.7454 127.8574 -5.5504 29.2198 127.0384 -6.5957 29.2129
3 16 130.0443 -4.875 110.7551 130.0443 -4.8729 29.2553 128.7763 -5.0327 110.7532
3 16 128.7763 -5.0327 110.7532 130.0443 -4.8729 29.2553 129.1302 -4.9414 29.2538
3 16 126.75 -15.7552 29.367 126.8778 -7.8748 29.2502 126.7711 -14.7173 27.7289
3 16 126.7711 -14.7173 27.7289 126.8778 -7.8748 29.2502 127.0399 -7.8659 27.9653
3 16 130.0443 0 10 130.0443 -12.75 9.9999 130.0443 -12.6228 26.0801
3 16 127.4809 -13.5192 26.6202 127.7603 -7.8748 27.0439 128.5826 -12.8691 26.1545
3 16 128.5826 -12.8691 26.1545 127.7603 -7.8748 27.0439 128.7984 -7.8748 26.4162
3 16 126.7711 -14.7173 27.7289 127.0399 -7.8659 27.9653 127.4809 -13.5192 26.6202
3 16 127.4809 -13.5192 26.6202 127.0399 -7.8659 27.9653 127.7603 -7.8748 27.0439
3 16 128.5826 -12.8691 26.1545 128.7984 -7.8748 26.4162 130.0443 -12.6228 26.0801
3 16 130.0443 -12.6228 26.0801 128.7984 -7.8748 26.4162 130.0443 -7.8748 26.25
3 16 126.8911 -14.0771 112.4029 127.4498 -13.3216 113.0971 127.0089 -7.799 111.9568
3 16 127.0089 -7.799 111.9568 127.4498 -13.3216 113.0971 127.6928 -7.7884 112.9265
3 16 126.8911 -14.0771 112.4029 127.1105 -14.5975 130.0003 127.4498 -13.3216 113.0971
3 16 127.4498 -13.3216 113.0971 127.1105 -14.5975 130.0003 127.7015 -13.538 129.999
3 16 127.0273 -14.5503 133 127.0273 -14.5503 150 127.728 -13.5377 133
3 16 127.728 -13.5377 133 127.0273 -14.5503 150 127.728 -13.5377 150
3 16 127.4498 -13.3216 113.0971 128.5421 -12.7658 113.6972 127.6928 -7.7884 112.9265
3 16 127.6928 -7.7884 112.9265 128.5421 -12.7658 113.6972 128.7654 -7.8359 113.5521
3 16 127.4498 -13.3216 113.0971 127.7015 -13.538 129.999 128.5421 -12.7658 113.6972
3 16 128.5421 -12.7658 113.6972 127.7015 -13.538 129.999 128.7743 -12.865 129.9991
3 16 126.75 -15.465 111.2854 126.8911 -14.0771 112.4029 126.7584 -7.771 110.8375
3 16 126.7584 -7.771 110.8375 126.8911 -14.0771 112.4029 127.0089 -7.799 111.9568
3 16 126.75 -15.465 111.2854 126.7274 -15.7502 130 126.8911 -14.0771 112.4029
3 16 126.8911 -14.0771 112.4029 126.7274 -15.7502 130 127.1105 -14.5975 130.0003
3 16 127.728 -13.5377 133 127.728 -13.5377 150 128.7976 -12.9291 133
3 16 128.7976 -12.9291 133 127.728 -13.5377 150 128.7976 -12.9291 150
3 16 126.75 -15.75 133 126.75 -15.75 150 127.0273 -14.5503 133
3 16 127.0273 -14.5503 133 126.75 -15.75 150 127.0273 -14.5503 150
3 16 127.7656 -5.788 111.5796 127.712 -5.6567 110.7516 127.0655 -6.6292 111.2331
3 16 127.0655 -6.6292 111.2331 127.712 -5.6567 110.7516 127.0252 -6.621 110.7454
3 16 127.8458 -6.1096 112.2452 127.1008 -6.8278 111.6845 127.7972 -6.7828 112.7435
3 16 127.7972 -6.7828 112.7435 127.1008 -6.8278 111.6845 127.0598 -7.2158 111.8883
3 16 127.712 -5.6567 110.7516 127.7656 -5.788 111.5796 128.7763 -5.0327 110.7532
3 16 128.7763 -5.0327 110.7532 127.7656 -5.788 111.5796 128.8755 -5.1857 111.7436
3 16 127.7972 -6.7828 112.7435 128.9198 -6.5604 113.3109 127.8458 -6.1096 112.2452
3 16 127.8458 -6.1096 112.2452 128.9198 -6.5604 113.3109 128.9905 -5.682 112.6447
3 16 128.7763 -5.0327 110.7532 128.8755 -5.1857 111.7436 130.0443 -4.875 110.7551
3 16 130.0443 -4.875 110.7551 128.8755 -5.1857 111.7436 130.0443 -5.0891 111.8571
3 16 130.0443 -6.5937 113.4581 130.0443 -5.5063 112.8865 128.9198 -6.5604 113.3109
3 16 128.9198 -6.5604 113.3109 130.0443 -5.5063 112.8865 128.9905 -5.682 112.6447
3 16 127.7972 -6.7828 112.7435 127.0598 -7.2158 111.8883 127.6928 -7.7884 112.9265
3 16 127.6928 -7.7884 112.9265 127.0598 -7.2158 111.8883 127.0089 -7.799 111.9568
3 16 128.9198 -6.5604 113.3109 127.7972 -6.7828 112.7435 128.7654 -7.8359 113.5521
3 16 128.7654 -7.8359 113.5521 127.7972 -6.7828 112.7435 127.6928 -7.7884 112.9265
3 16 130.0443 -7.875 113.75 130.0443 -6.5937 113.4581 128.7654 -7.8359 113.5521
3 16 128.7654 -7.8359 113.5521 130.0443 -6.5937 113.4581 128.9198 -6.5604 113.3109
3 16 127.8458 -6.1096 112.2452 127.7656 -5.788 111.5796 127.1008 -6.8278 111.6845
3 16 127.1008 -6.8278 111.6845 127.7656 -5.788 111.5796 127.0655 -6.6292 111.2331
3 16 127.7656 -5.788 111.5796 127.8458 -6.1096 112.2452 128.8755 -5.1857 111.7436
3 16 128.8755 -5.1857 111.7436 127.8458 -6.1096 112.2452 128.9905 -5.682 112.6447
3 16 128.8755 -5.1857 111.7436 128.9905 -5.682 112.6447 130.0443 -5.0891 111.8571
3 16 130.0443 -5.0891 111.8571 128.9905 -5.682 112.6447 130.0443 -5.5063 112.8865
3 16 127.1008 -6.8278 111.6845 127.0655 -6.6292 111.2331 126.7584 -7.771 110.8375
3 16 127.0655 -6.6292 111.2331 127.0252 -6.621 110.7454 126.7584 -7.771 110.8375
3 16 127.1008 -6.8278 111.6845 126.7584 -7.771 110.8375 127.0598 -7.2158 111.8883
3 16 127.0089 -7.799 111.9568 127.0598 -7.2158 111.8883 126.7584 -7.771 110.8375
3 16 127.0965 -6.5991 28.6884 127.9205 -5.6748 28.3608 127.1449 -6.7704 28.2646
3 16 127.1449 -6.7704 28.2646 127.9205 -5.6748 28.3608 127.9287 -6.1255 27.6361
3 16 127.0399 -7.8659 27.9653 127.092 -7.2484 28.015 127.7603 -7.8748 27.0439
3 16 127.7603 -7.8748 27.0439 127.092 -7.2484 28.015 127.7732 -6.8576 27.2377
3 16 127.9205 -5.6748 28.3608 129.1053 -5.1644 28.14 127.9287 -6.1255 27.6361
3 16 127.9287 -6.1255 27.6361 129.1053 -5.1644 28.14 129.1396 -5.8005 27.1753
3 16 130.0443 -5.0374 28.1446 130.0443 -5.6853 27.0656 129.1053 -5.1644 28.14
3 16 129.1053 -5.1644 28.14 130.0443 -5.6853 27.0656 129.1396 -5.8005 27.1753
3 16 127.7603 -7.8748 27.0439 127.7732 -6.8576 27.2377 128.7984 -7.8748 26.4162
3 16 128.7984 -7.8748 26.4162 127.7732 -6.8576 27.2377 128.9304 -6.6737 26.6314
3 16 130.0443 -6.7152 26.4226 130.0443 -7.8748 26.25 128.9304 -6.6737 26.6314
3 16 128.9304 -6.6737 26.6314 130.0443 -7.8748 26.25 128.7984 -7.8748 26.4162
3 16 127.9205 -5.6748 28.3608 127.0965 -6.5991 28.6884 127.8574 -5.5504 29.2198
3 16 127.8574 -5.5504 29.2198 127.0965 -6.5991 28.6884 127.0384 -6.5957 29.2129
3 16 129.1053 -5.1644 28.14 127.9205 -5.6748 28.3608 129.1302 -4.9414 29.2538
3 16 129.1302 -4.9414 29.2538 127.9205 -5.6748 28.3608 127.8574 -5.5504 29.2198
3 16 130.0443 -4.8729 29.2553 130.0443 -5.0374 28.1446 129.1302 -4.9414 29.2538
3 16 129.1302 -4.9414 29.2538 130.0443 -5.0374 28.1446 129.1053 -5.1644 28.14
3 16 127.092 -7.2484 28.015 127.1449 -6.7704 28.2646 127.7732 -6.8576 27.2377
3 16 127.7732 -6.8576 27.2377 127.1449 -6.7704 28.2646 127.9287 -6.1255 27.6361
3 16 127.7732 -6.8576 27.2377 127.9287 -6.1255 27.6361 128.9304 -6.6737 26.6314
3 16 128.9304 -6.6737 26.6314 127.9287 -6.1255 27.6361 129.1396 -5.8005 27.1753
3 16 130.0443 -5.6853 27.0656 130.0443 -6.7152 26.4226 129.1396 -5.8005 27.1753
3 16 129.1396 -5.8005 27.1753 130.0443 -6.7152 26.4226 128.9304 -6.6737 26.6314
3 16 127.1449 -6.7704 28.2646 127.092 -7.2484 28.015 126.8778 -7.8748 29.2502
3 16 127.092 -7.2484 28.015 127.0399 -7.8659 27.9653 126.8778 -7.8748 29.2502
3 16 127.1449 -6.7704 28.2646 126.8778 -7.8748 29.2502 127.0965 -6.5991 28.6884
3 16 127.0384 -6.5957 29.2129 127.0965 -6.5991 28.6884 126.8778 -7.8748 29.2502
3 16 128.5826 -12.8691 26.1545 130.0443 -12.6228 26.0801 128.7821 -12.9151 10.0631
3 16 128.7821 -12.9151 10.0631 130.0443 -12.6228 26.0801 130.0443 -12.75 9.9999
3 16 127.4809 -13.5192 26.6202 128.5826 -12.8691 26.1545 127.9137 -13.3846 10.0357
3 16 127.9137 -13.3846 10.0357 128.5826 -12.8691 26.1545 128.7821 -12.9151 10.0631
3 16 126.7711 -14.7173 27.7289 127.4809 -13.5192 26.6202 127.0042 -13.9819 10.0253
3 16 127.0042 -13.9819 10.0253 127.4809 -13.5192 26.6202 127.9137 -13.3846 10.0357
3 16 127.0042 -13.9819 10.0253 126.8602 -20.5327 35.2843 126.7711 -14.7173 27.7289
3 16 126.8602 -20.5327 35.2843 126.75 -15.7552 29.367 126.7711 -14.7173 27.7289
3 16 133.75 0 130 133.7499 -5.25 130.875 133.75 -5.25 129.125
3 16 133.75 0 130 130.0443 0 129.9983 130 0 133
3 16 130.0443 0 129.9983 70 0 130.1552 130 0 133
3 16 130 0 133 70 0 130.1552 70 0 133.157
3 16 116.2501 -4.875 130 106.75 -4.875 130 130.0443 0 129.9983
3 16 106.75 -4.875 133 116.2501 -4.875 133 130 0 133
3 16 127.7015 -13.538 129.999 130.0443 0 129.9983 128.7743 -12.865 129.9991
3 16 116.2501 -7.7562 133 118.1738 -8.2716 133 116.2501 -4.875 133
3 16 118.1738 -8.2716 133 130 0 133 116.2501 -4.875 133
3 16 106.75 -20.875 130 70 -20.7342 130 106.75 -4.875 130
3 16 106.75 -4.875 130 70 -20.7342 130 70 0 130.1552
3 16 130.0443 0 129.9983 106.75 -4.875 130 70 0 130.1552
3 16 106.75 -20.875 133 106.75 -4.875 133 70 -20.875 133
3 16 70 -20.875 133 106.75 -4.875 133 70 0 133.157
3 16 106.75 -4.875 133 130 0 133 70 0 133.157
3 16 76.7593 -4.875 13.25 76.7593 -20.75 13.25 87.9914 -4.875 13.25
3 16 87.9914 -4.875 13.25 76.7593 -20.75 13.25 87.9914 -20.875 13.25
3 16 70 -20.7342 130 106.75 -20.875 130 106.75 -20.875 59.3896
3 16 70 -20.7342 130 106.75 -20.875 59.3896 106.2763 -20.875 54.2356
3 16 70 -20.7342 130 106.2763 -20.875 54.2356 104.4917 -20.875 47.0621
3 16 70 -20.7342 130 104.4917 -20.875 47.0621 102.5271 -20.875 42.3214
3 16 87.9914 -20.875 13.25 70 -20.7342 130 102.5271 -20.875 42.3214
3 16 73.75 -20.75 16.4952 70 -20.75 17.5 70 -20.7342 130
3 16 70 -20.7342 130 87.9914 -20.875 13.25 73.75 -20.75 16.4952
3 16 73.75 -20.75 16.4952 87.9914 -20.875 13.25 76.7593 -20.75 13.25
3 16 116.25 -7.7562 10 118.1737 -8.2717 10 116.25 -4.875 10
3 16 130.0443 0 10 116.25 -4.875 10 118.1737 -8.2717 10
3 16 130.0443 0 10 128.7821 -12.9151 10.0631 130.0443 -12.75 9.9999
3 16 120.3569 -12.687 10 127.9137 -13.3846 10.0357 118.1737 -8.2717 10
3 16 118.1737 -8.2717 10 127.9137 -13.3846 10.0357 130.0443 0 10
3 16 130.0443 0 10 127.9137 -13.3846 10.0357 128.7821 -12.9151 10.0631
3 16 120.4019 -13.9751 10 127.0042 -13.9819 10.0253 120.3569 -12.687 10
3 16 120.3569 -12.687 10 127.0042 -13.9819 10.0253 127.9137 -13.3846 10.0357
3 16 130.0443 0 129.9983 130.0443 -5.5063 112.8865 130.0443 -6.5937 113.4581
3 16 133.75 0 110 130.0443 0 129.9983 133.75 0 130
3 16 130.0443 -5.5063 112.8865 130.0443 0 129.9983 130.0443 -5.0891 111.8571
3 16 130.0443 -5.0891 111.8571 130.0443 0 129.9983 130.0443 -4.875 110.7551
3 16 130.0443 0 129.9983 130.0443 -7.875 113.75 130.0443 -12.6111 113.9056
3 16 130.0443 0 129.9983 130.0443 -12.6111 113.9056 130.0443 -12.75 130
3 16 130.0443 0 10 130.0443 -7.8748 26.25 130.0443 -6.7152 26.4226
3 16 130.0443 0 30 130.0443 -5.0374 28.1446 130.0443 -4.8729 29.2553
3 16 130.0443 0 10 130.0443 -6.7152 26.4226 130.0443 -5.6853 27.0656
3 16 130.0443 0 10 130.0443 -12.6228 26.0801 130.0443 -7.8748 26.25
3 16 130.0443 -4.8729 29.2553 130.0443 -4.875 110.7551 130.0443 0 30
3 16 130.0443 0 30 130.0443 -4.875 110.7551 130.0443 0 129.9983
3 16 130.0443 0 10 130.0443 -5.6853 27.0656 130.0443 0 30
3 16 130.0443 -5.6853 27.0656 130.0443 -5.0374 28.1446 130.0443 0 30
3 16 -3.424 0 111.9751 -3.424 -5.7286 111.9751 -1.9781 0 113.4209
3 16 -1.9781 0 113.4209 -3.424 -5.7286 111.9751 -1.9781 -7.0049 113.4209
3 16 -1.9781 0 113.4209 -1.9781 -7.0049 113.4209 -0.0031 0 113.9501
3 16 -0.0031 0 113.9501 -1.9781 -7.0049 113.4209 -0.005 -9 113.9501
3 16 -0.005 -9 113.9501 1.9719 -7.0049 113.4209 -0.0031 0 113.9501
3 16 -0.0031 0 113.9501 1.9719 -7.0049 113.4209 1.9719 0 113.4209
3 16 1.9719 -7.0049 113.4209 3.4176 -5.7286 111.9751 1.9719 0 113.4209
3 16 1.9719 0 113.4209 3.4176 -5.7286 111.9751 3.4176 0 111.9751
3 16 3.9469 0 110.0001 3.4176 0 111.9751 3.9469 -5.25 110.0001
3 16 3.9469 -5.25 110.0001 3.4176 0 111.9751 3.4176 -5.7286 111.9751
3 16 3.4176 -5.25 108.0251 3.4176 0 108.0251 3.9469 -5.25 110.0001
3 16 3.9469 -5.25 110.0001 3.4176 0 108.0251 3.9469 0 110.0001
3 16 3.4176 0 108.0251 3.4176 -5.25 108.0251 1.9719 0 106.5793
3 16 1.9719 0 106.5793 3.4176 -5.25 108.0251 1.9719 -5.25 106.5793
3 16 1.9719 0 106.5793 1.9719 -5.25 106.5793 -0.0031 0 106.0501
3 16 -0.0031 0 106.0501 1.9719 -5.25 106.5793 -0.0031 -5.25 106.0501
3 16 -0.0031 0 106.0501 -0.0031 -5.25 106.0501 -1.9781 0 106.5793
3 16 -1.9781 0 106.5793 -0.0031 -5.25 106.0501 -1.9781 -5.25 106.5793
3 16 -1.9781 0 106.5793 -1.9781 -5.25 106.5793 -3.424 0 108.0251
3 16 -3.424 0 108.0251 -1.9781 -5.25 106.5793 -3.424 -5.25 108.0251
3 16 -3.424 0 108.0251 -3.424 -5.25 108.0251 -3.9531 0 110.0001
3 16 -3.9531 0 110.0001 -3.424 -5.25 108.0251 -3.9292 -5.2619 109.9874
3 16 -3.9531 0 110.0001 -3.9292 -5.2619 109.9874 -3.424 0 111.9751
3 16 -3.424 0 111.9751 -3.9292 -5.2619 109.9874 -3.424 -5.7286 111.9751
3 16 -1.9781 0 113.4209 -0.9935 0 111.7154 -3.424 0 111.9751
3 16 -3.424 0 111.9751 -0.9935 0 111.7154 -1.7185 0 110.9905
3 16 -0.0031 0 113.9501 -0.0031 0 111.9808 -1.9781 0 113.4209
3 16 -1.9781 0 113.4209 -0.0031 0 111.9808 -0.9935 0 111.7154
3 16 1.9719 0 113.4209 0.9872 0 111.7154 -0.0031 0 113.9501
3 16 -0.0031 0 113.9501 0.9872 0 111.7154 -0.0031 0 111.9808
3 16 3.4176 0 111.9751 1.7122 0 110.9905 1.9719 0 113.4209
3 16 1.9719 0 113.4209 1.7122 0 110.9905 0.9872 0 111.7154
3 16 3.9469 0 110.0001 1.9776 0 110.0001 3.4176 0 111.9751
3 16 3.4176 0 111.9751 1.9776 0 110.0001 1.7122 0 110.9905
3 16 1.9776 0 110.0001 3.9469 0 110.0001 1.7122 0 109.0097
3 16 1.7122 0 109.0097 3.9469 0 110.0001 3.4176 0 108.0251
3 16 1.9719 0 106.5793 0.9872 0 108.2848 3.4176 0 108.0251
3 16 3.4176 0 108.0251 0.9872 0 108.2848 1.7122 0 109.0097
3 16 -0.0031 0 106.0501 -0.0031 0 108.0194 1.9719 0 106.5793
3 16 1.9719 0 106.5793 -0.0031 0 108.0194 0.9872 0 108.2848
3 16 -1.9781 0 106.5793 -0.9935 0 108.2848 -0.0031 0 106.0501
3 16 -0.0031 0 106.0501 -0.9935 0 108.2848 -0.0031 0 108.0194
3 16 -3.424 0 108.0251 -1.7185 0 109.0097 -1.9781 0 106.5793
3 16 -1.9781 0 106.5793 -1.7185 0 109.0097 -0.9935 0 108.2848
3 16 -1.9839 0 110.0001 -1.7185 0 109.0097 -3.9531 0 110.0001
3 16 -3.9531 0 110.0001 -1.7185 0 109.0097 -3.424 0 108.0251
3 16 -3.424 0 111.9751 -1.7185 0 110.9905 -3.9531 0 110.0001
3 16 -3.9531 0 110.0001 -1.7185 0 110.9905 -1.9839 0 110.0001
3 16 -0.9935 0 111.7154 -0.9935 -5.25 111.7154 -1.7185 0 110.9905
3 16 -1.7185 0 110.9905 -0.9935 -5.25 111.7154 -1.7185 -5.25 110.9905
3 16 -0.0031 0 111.9808 -0.0031 -5.25 111.9808 -0.9935 0 111.7154
3 16 -0.9935 0 111.7154 -0.0031 -5.25 111.9808 -0.9935 -5.25 111.7154
3 16 0.9872 0 111.7154 0.9872 -5.25 111.7154 -0.0031 0 111.9808
3 16 -0.0031 0 111.9808 0.9872 -5.25 111.7154 -0.0031 -5.25 111.9808
3 16 1.7122 0 110.9905 1.7122 -5.25 110.9905 0.9872 0 111.7154
3 16 0.9872 0 111.7154 1.7122 -5.25 110.9905 0.9872 -5.25 111.7154
3 16 1.9776 0 110.0001 1.9776 -5.25 110.0001 1.7122 0 110.9905
3 16 1.7122 0 110.9905 1.9776 -5.25 110.0001 1.7122 -5.25 110.9905
3 16 1.7122 0 109.0097 1.7122 -5.25 109.0097 1.9776 0 110.0001
3 16 1.9776 0 110.0001 1.7122 -5.25 109.0097 1.9776 -5.25 110.0001
3 16 0.9872 0 108.2848 0.9872 -5.25 108.2848 1.7122 0 109.0097
3 16 1.7122 0 109.0097 0.9872 -5.25 108.2848 1.7122 -5.25 109.0097
3 16 -0.0031 0 108.0194 -0.0031 -5.25 108.0194 0.9872 0 108.2848
3 16 0.9872 0 108.2848 -0.0031 -5.25 108.0194 0.9872 -5.25 108.2848
3 16 -0.9935 0 108.2848 -0.9935 -5.25 108.2848 -0.0031 0 108.0194
3 16 -0.0031 0 108.0194 -0.9935 -5.25 108.2848 -0.0031 -5.25 108.0194
3 16 -1.7185 0 109.0097 -1.7185 -5.25 109.0097 -0.9935 0 108.2848
3 16 -0.9935 0 108.2848 -1.7185 -5.25 109.0097 -0.9935 -5.25 108.2848
3 16 -1.9839 0 110.0001 -1.9839 -5.25 110.0001 -1.7185 0 109.0097
3 16 -1.7185 0 109.0097 -1.9839 -5.25 110.0001 -1.7185 -5.25 109.0097
3 16 -1.7185 0 110.9905 -1.7185 -5.25 110.9905 -1.9839 0 110.0001
3 16 -1.9839 0 110.0001 -1.7185 -5.25 110.9905 -1.9839 -5.25 110.0001
3 16 0.9872 -5.25 108.2848 -0.0031 -5.25 108.0194 -0.0034 -5.25 110.0001
3 16 1.7122 -5.25 110.9905 1.9776 -5.25 110.0001 -0.0034 -5.25 110.0001
3 16 -0.9935 -5.25 111.7154 -0.0031 -5.25 111.9808 -0.0034 -5.25 110.0001
3 16 -1.7185 -5.25 109.0097 -1.9839 -5.25 110.0001 -0.0034 -5.25 110.0001
3 16 1.9776 -5.25 110.0001 1.7122 -5.25 109.0097 -0.0034 -5.25 110.0001
3 16 1.7122 -5.25 109.0097 0.9872 -5.25 108.2848 -0.0034 -5.25 110.0001
3 16 -0.0031 -5.25 111.9808 0.9872 -5.25 111.7154 -0.0034 -5.25 110.0001
3 16 0.9872 -5.25 111.7154 1.7122 -5.25 110.9905 -0.0034 -5.25 110.0001
3 16 -0.0034 -5.25 110.0001 -1.9839 -5.25 110.0001 -1.7185 -5.25 110.9905
3 16 -0.9935 -5.25 111.7154 -0.0034 -5.25 110.0001 -1.7185 -5.25 110.9905
3 16 -0.0031 -5.25 108.0194 -0.9935 -5.25 108.2848 -0.0034 -5.25 110.0001
3 16 -0.9935 -5.25 108.2848 -1.7185 -5.25 109.0097 -0.0034 -5.25 110.0001
3 16 -3.424 -5.7286 111.9751 -3.9292 -5.2619 109.9874 -6.2484 -5.7286 111.9751
3 16 -6.2484 -5.7286 111.9751 -3.9292 -5.2619 109.9874 -6.2571 -5.25 110
3 16 -6.2586 -12.7499 113.85 -0.0056 -12.7499 113.85 -6.2586 -9 113.85
3 16 -6.2586 -9 113.85 -0.0056 -12.7499 113.85 -0.005 -9 113.9501
3 16 -0.0031 -5.25 106.0501 0 -5.25 33.95 -1.9781 -5.25 106.5793
3 16 -1.9781 -5.25 106.5793 0 -5.25 33.95 -1.975 -5.25 33.4208
3 16 1.9719 -5.25 106.5793 1.975 -5.25 33.4208 -0.0031 -5.25 106.0501
3 16 -0.0031 -5.25 106.0501 1.975 -5.25 33.4208 0 -5.25 33.95
3 16 3.4176 -5.7286 111.9751 6.2563 -5.7286 111.9751 3.9469 -5.25 110.0001
3 16 3.9469 -5.25 110.0001 6.2563 -5.7286 111.9751 6.2502 -5.2501 110
3 16 -0.0056 -12.7499 113.85 6.2472 -12.75 113.85 -0.005 -9 113.9501
3 16 -0.005 -9 113.9501 6.2472 -12.75 113.85 6.2484 -9 113.85
3 16 6.2563 -5.7286 111.9751 3.4176 -5.7286 111.9751 6.2469 -7.0049 113.4209
3 16 6.2469 -7.0049 113.4209 3.4176 -5.7286 111.9751 1.9719 -7.0049 113.4209
3 16 -0.005 -9 113.9501 6.2484 -9 113.85 1.9719 -7.0049 113.4209
3 16 1.9719 -7.0049 113.4209 6.2484 -9 113.85 6.2469 -7.0049 113.4209
3 16 -0.005 -9 113.9501 -1.9781 -7.0049 113.4209 -6.2586 -9 113.85
3 16 -6.2586 -9 113.85 -1.9781 -7.0049 113.4209 -6.2531 -7.0049 113.4209
3 16 -6.2484 -5.7286 111.9751 -6.2531 -7.0049 113.4209 -3.424 -5.7286 111.9751
3 16 -3.424 -5.7286 111.9751 -6.2531 -7.0049 113.4209 -1.9781 -7.0049 113.4209
3 16 3.4208 0 28.025 3.4208 -5.7286 28.025 1.975 0 26.5792
3 16 1.975 0 26.5792 3.4208 -5.7286 28.025 1.975 -7.0049 26.5792
3 16 1.975 0 26.5792 1.975 -7.0049 26.5792 0 0 26.05
3 16 0 0 26.05 1.975 -7.0049 26.5792 0.0018 -9 26.05
3 16 0.0018 -9 26.05 -1.975 -7.0049 26.5792 0 0 26.05
3 16 0 0 26.05 -1.975 -7.0049 26.5792 -1.975 0 26.5792
3 16 -1.975 -7.0049 26.5792 -3.4208 -5.7286 28.025 -1.975 0 26.5792
3 16 -1.975 0 26.5792 -3.4208 -5.7286 28.025 -3.4208 0 28.025
3 16 -3.95 0 30 -3.4208 0 28.025 -3.95 -5.25 30
3 16 -3.95 -5.25 30 -3.4208 0 28.025 -3.4208 -5.7286 28.025
3 16 -3.4208 -5.25 31.975 -3.4208 0 31.975 -3.95 -5.25 30
3 16 -3.95 -5.25 30 -3.4208 0 31.975 -3.95 0 30
3 16 -3.4208 0 31.975 -3.4208 -5.25 31.975 -1.975 0 33.4208
3 16 -1.975 0 33.4208 -3.4208 -5.25 31.975 -1.975 -5.25 33.4208
3 16 -1.975 0 33.4208 -1.975 -5.25 33.4208 0 0 33.95
3 16 0 0 33.95 -1.975 -5.25 33.4208 0 -5.25 33.95
3 16 0 0 33.95 0 -5.25 33.95 1.975 0 33.4208
3 16 1.975 0 33.4208 0 -5.25 33.95 1.975 -5.25 33.4208
3 16 1.975 0 33.4208 1.975 -5.25 33.4208 3.4208 0 31.975
3 16 3.4208 0 31.975 1.975 -5.25 33.4208 3.4208 -5.25 31.975
3 16 3.4208 0 31.975 3.4208 -5.25 31.975 3.95 0 30
3 16 3.95 0 30 3.4208 -5.25 31.975 3.926 -5.2619 30.0127
3 16 3.95 0 30 3.926 -5.2619 30.0127 3.4208 0 28.025
3 16 3.4208 0 28.025 3.926 -5.2619 30.0127 3.4208 -5.7286 28.025
3 16 1.975 0 26.5792 0.9904 0 28.2847 3.4208 0 28.025
3 16 3.4208 0 28.025 0.9904 0 28.2847 1.7153 0 29.0096
3 16 0 0 26.05 0 0 28.0193 1.975 0 26.5792
3 16 1.975 0 26.5792 0 0 28.0193 0.9904 0 28.2847
3 16 -1.975 0 26.5792 -0.9904 0 28.2847 0 0 26.05
3 16 0 0 26.05 -0.9904 0 28.2847 0 0 28.0193
3 16 -3.4208 0 28.025 -1.7153 0 29.0096 -1.975 0 26.5792
3 16 -1.975 0 26.5792 -1.7153 0 29.0096 -0.9904 0 28.2847
3 16 -3.95 0 30 -1.9807 0 30 -3.4208 0 28.025
3 16 -3.4208 0 28.025 -1.9807 0 30 -1.7153 0 29.0096
3 16 -1.9807 0 30 -3.95 0 30 -1.7153 0 30.9904
3 16 -1.7153 0 30.9904 -3.95 0 30 -3.4208 0 31.975
3 16 -1.975 0 33.4208 -0.9904 0 31.7153 -3.4208 0 31.975
3 16 -3.4208 0 31.975 -0.9904 0 31.7153 -1.7153 0 30.9904
3 16 0 0 33.95 0 0 31.9807 -1.975 0 33.4208
3 16 -1.975 0 33.4208 0 0 31.9807 -0.9904 0 31.7153
3 16 1.975 0 33.4208 0.9904 0 31.7153 0 0 33.95
3 16 0 0 33.95 0.9904 0 31.7153 0 0 31.9807
3 16 3.4208 0 31.975 1.7153 0 30.9904 1.975 0 33.4208
3 16 1.975 0 33.4208 1.7153 0 30.9904 0.9904 0 31.7153
3 16 1.9807 0 30 1.7153 0 30.9904 3.95 0 30
3 16 3.95 0 30 1.7153 0 30.9904 3.4208 0 31.975
3 16 3.4208 0 28.025 1.7153 0 29.0096 3.95 0 30
3 16 3.95 0 30 1.7153 0 29.0096 1.9807 0 30
3 16 0.9904 0 28.2847 0.9904 -5.25 28.2847 1.7153 0 29.0096
3 16 1.7153 0 29.0096 0.9904 -5.25 28.2847 1.7153 -5.25 29.0096
3 16 0 0 28.0193 0 -5.25 28.0193 0.9904 0 28.2847
3 16 0.9904 0 28.2847 0 -5.25 28.0193 0.9904 -5.25 28.2847
3 16 -0.9904 0 28.2847 -0.9904 -5.25 28.2847 0 0 28.0193
3 16 0 0 28.0193 -0.9904 -5.25 28.2847 0 -5.25 28.0193
3 16 -1.7153 0 29.0096 -1.7153 -5.25 29.0096 -0.9904 0 28.2847
3 16 -0.9904 0 28.2847 -1.7153 -5.25 29.0096 -0.9904 -5.25 28.2847
3 16 -1.9807 0 30 -1.9807 -5.25 30 -1.7153 0 29.0096
3 16 -1.7153 0 29.0096 -1.9807 -5.25 30 -1.7153 -5.25 29.0096
3 16 -1.7153 0 30.9904 -1.7153 -5.25 30.9904 -1.9807 0 30
3 16 -1.9807 0 30 -1.7153 -5.25 30.9904 -1.9807 -5.25 30
3 16 -0.9904 0 31.7153 -0.9904 -5.25 31.7153 -1.7153 0 30.9904
3 16 -1.7153 0 30.9904 -0.9904 -5.25 31.7153 -1.7153 -5.25 30.9904
3 16 0 0 31.9807 0 -5.25 31.9807 -0.9904 0 31.7153
3 16 -0.9904 0 31.7153 0 -5.25 31.9807 -0.9904 -5.25 31.7153
3 16 0.9904 0 31.7153 0.9904 -5.25 31.7153 0 0 31.9807
3 16 0 0 31.9807 0.9904 -5.25 31.7153 0 -5.25 31.9807
3 16 1.7153 0 30.9904 1.7153 -5.25 30.9904 0.9904 0 31.7153
3 16 0.9904 0 31.7153 1.7153 -5.25 30.9904 0.9904 -5.25 31.7153
3 16 1.9807 0 30 1.9807 -5.25 30 1.7153 0 30.9904
3 16 1.7153 0 30.9904 1.9807 -5.25 30 1.7153 -5.25 30.9904
3 16 1.7153 0 29.0096 1.7153 -5.25 29.0096 1.9807 0 30
3 16 1.9807 0 30 1.7153 -5.25 29.0096 1.9807 -5.25 30
3 16 -0.9904 -5.25 31.7153 0 -5.25 31.9807 0.0003 -5.25 30
3 16 1.7153 -5.25 30.9904 1.9807 -5.25 30 0.0003 -5.25 30
3 16 -1.9807 -5.25 30 -1.7153 -5.25 30.9904 0.0003 -5.25 30
3 16 -1.7153 -5.25 30.9904 -0.9904 -5.25 31.7153 0.0003 -5.25 30
3 16 0 -5.25 31.9807 0.9904 -5.25 31.7153 0.0003 -5.25 30
3 16 0.9904 -5.25 31.7153 1.7153 -5.25 30.9904 0.0003 -5.25 30
3 16 -3.8209 -5.275 149.125 -6.2579 -5.25 149.125 -3.95 -5.25 150
3 16 -3.95 -5.25 150 -6.2579 -5.25 149.125 -6.2586 -5.25 150
3 16 3.8357 -12.7503 149.1493 3.8357 -5.2619 149.1493 6.2511 -12.7503 149.1261
3 16 6.2511 -12.7503 149.1261 3.8357 -5.2619 149.1493 6.25 -5.25 149.125
3 16 -3.8209 -12.7503 149.125 -6.2547 -12.7501 149.125 -3.8209 -5.275 149.125
3 16 -3.8209 -5.275 149.125 -6.2547 -12.7501 149.125 -6.2579 -5.25 149.125
3 16 3.8357 -5.2619 149.1493 3.926 -5.2619 150 6.25 -5.25 149.125
3 16 6.25 -5.25 149.125 3.926 -5.2619 150 6.25 -5.2502 150
3 16 -3.8209 -5.275 149.125 -3.95 -5.25 150 -3.8209 0 149.125
3 16 -3.8209 0 149.125 -3.95 -5.25 150 -3.95 0 150
3 16 3.8357 -5.2619 149.1493 3.4208 0 148.025 3.8357 0 149.1493
3 16 1.975 0 146.5792 0.9904 0 148.2847 3.4208 0 148.025
3 16 3.4208 0 148.025 0.9904 0 148.2847 1.7153 0 149.0096
3 16 0 0 146.05 0 0 148.0193 1.975 0 146.5792
3 16 1.975 0 146.5792 0 0 148.0193 0.9904 0 148.2847
3 16 -1.975 0 146.5792 -0.9904 0 148.2847 0 0 146.05
3 16 0 0 146.05 -0.9904 0 148.2847 0 0 148.0193
3 16 -3.4208 0 148.025 -1.7153 0 149.0096 -1.975 0 146.5792
3 16 -1.975 0 146.5792 -1.7153 0 149.0096 -0.9904 0 148.2847
3 16 -1.9807 0 150 -1.7153 0 149.0096 -3.8209 0 149.125
3 16 -3.8209 0 149.125 -1.7153 0 149.0096 -3.4208 0 148.025
3 16 1.9807 0 150 3.95 0 150 3.8357 0 149.1493
3 16 0.9904 0 148.2847 0.9904 -12.7683 148.2847 1.7153 0 149.0096
3 16 1.7153 0 149.0096 0.9904 -12.7683 148.2847 1.7153 -12.7683 149.0096
3 16 0 0 148.0193 0 -12.7683 148.0193 0.9904 0 148.2847
3 16 0.9904 0 148.2847 0 -12.7683 148.0193 0.9904 -12.7683 148.2847
3 16 -0.9904 0 148.2847 -0.9904 -12.7683 148.2847 0 0 148.0193
3 16 0 0 148.0193 -0.9904 -12.7683 148.2847 0 -12.7683 148.0193
3 16 -1.7153 0 149.0096 -1.7153 -12.7683 149.0096 -0.9904 0 148.2847
3 16 -0.9904 0 148.2847 -1.7153 -12.7683 149.0096 -0.9904 -12.7683 148.2847
3 16 -1.9807 0 150 -1.9807 -12.7503 150 -1.7153 0 149.0096
3 16 -1.7153 0 149.0096 -1.9807 -12.7503 150 -1.7153 -12.7683 149.0096
3 16 1.7153 -12.7683 149.0096 1.9807 -12.7503 150 1.7153 0 149.0096
3 16 1.7153 0 149.0096 1.9807 -12.7503 150 1.9807 0 150
3 16 -1.7153 -12.7683 149.0096 -1.9807 -12.7503 150 0 -12.7503 150
3 16 0.9904 -12.7683 148.2847 0 -12.7683 148.0193 0 -12.7503 150
3 16 0 -12.7683 148.0193 -0.9904 -12.7683 148.2847 0 -12.7503 150
3 16 -0.9904 -12.7683 148.2847 -1.7153 -12.7683 149.0096 0 -12.7503 150
3 16 0 -12.7503 150 1.9807 -12.7503 150 1.7153 -12.7683 149.0096
3 16 0.9904 -12.7683 148.2847 0 -12.7503 150 1.7153 -12.7683 149.0096
3 16 3.8357 -12.7503 149.1493 3.4208 -12.7503 148.025 3.8357 -5.2619 149.1493
3 16 3.8357 -5.2619 149.1493 3.4208 -12.7503 148.025 3.4208 0 148.025
3 16 -1.975 0 146.5792 -1.975 -12.7503 146.5792 -3.4208 0 148.025
3 16 -3.4208 0 148.025 -1.975 -12.7503 146.5792 -3.4208 -12.7503 148.025
3 16 0 0 146.05 0 -12.7503 146.05 -1.975 0 146.5792
3 16 -1.975 0 146.5792 0 -12.7503 146.05 -1.975 -12.7503 146.5792
3 16 1.975 0 146.5792 1.975 -12.7503 146.5792 0 0 146.05
3 16 0 0 146.05 1.975 -12.7503 146.5792 0 -12.7503 146.05
3 16 3.4208 0 148.025 3.4208 -12.7503 148.025 1.975 0 146.5792
3 16 1.975 0 146.5792 3.4208 -12.7503 148.025 1.975 -12.7503 146.5792
3 16 -3.4208 0 148.025 -3.4208 -12.7503 148.025 -3.8209 -5.275 149.125
3 16 -3.8209 -5.275 149.125 -3.4208 -12.7503 148.025 -3.8209 -12.7503 149.125
3 16 -3.4208 0 148.025 -3.8209 -5.275 149.125 -3.8209 0 149.125
3 16 3.95 0 150 3.926 -5.2619 150 3.8357 0 149.1493
3 16 3.8357 0 149.1493 3.926 -5.2619 150 3.8357 -5.2619 149.1493
3 16 -3.95 0 150 -1.9807 0 150 -3.8209 0 149.125
3 16 3.4208 0 148.025 1.7153 0 149.0096 3.8357 0 149.1493
3 16 3.8357 0 149.1493 1.7153 0 149.0096 1.9807 0 150
3 16 3.8454 -5.262 130.882 6.2501 -5.25 130.875 3.926 -5.2619 130.0127
3 16 3.926 -5.2619 130.0127 6.2501 -5.25 130.875 6.25 -5.25 129.125
3 16 -3.8209 -5.275 129.125 -6.2579 -5.25 129.125 -3.95 -5.25 130
3 16 6.2501 -5.25 130.875 3.8454 -5.262 130.882 6.2518 -12.7503 130.8887
3 16 6.2518 -12.7503 130.8887 3.8454 -5.262 130.882 3.8454 -12.7503 130.882
3 16 -6.2577 -5.25 130.875 -6.25 -12.7503 130.875 -3.7931 -5.25 130.875
3 16 -3.7931 -5.25 130.875 -6.25 -12.7503 130.875 -3.7931 -12.7503 130.875
3 16 3.8357 -12.7503 129.1493 3.8357 -5.2619 129.1493 6.2505 -12.7502 129.1505
3 16 6.2505 -12.7502 129.1505 3.8357 -5.2619 129.1493 6.25 -5.25 129.125
3 16 -3.8209 -12.7503 129.125 -6.2547 -12.7501 129.125 -3.8209 -5.275 129.125
3 16 -3.8209 -5.275 129.125 -6.2547 -12.7501 129.125 -6.2579 -5.25 129.125
3 16 -6.2579 -5.25 129.125 -6.2577 -5.25 130.875 -3.95 -5.25 130
3 16 -3.95 -5.25 130 -6.2577 -5.25 130.875 -3.7931 -5.25 130.875
3 16 6.25 -5.25 129.125 3.8357 -5.2619 129.1493 3.926 -5.2619 130.0127
3 16 -3.8209 -5.275 129.125 -3.95 -5.25 130 -3.8209 0 129.125
3 16 -3.8209 0 129.125 -3.95 -5.25 130 -3.95 0 130
3 16 -3.95 0 130 -3.95 -5.25 130 -3.7931 0 130.875
3 16 -3.7931 0 130.875 -3.95 -5.25 130 -3.7931 -5.25 130.875
3 16 3.8454 -5.262 130.882 3.926 -5.2619 130.0127 3.8454 0 130.882
3 16 3.8454 0 130.882 3.926 -5.2619 130.0127 3.95 0 130
3 16 3.8357 -5.2619 129.1493 3.4208 0 128.025 3.8357 0 129.1493
3 16 1.975 0 126.5792 0.9904 0 128.2847 3.4208 0 128.025
3 16 3.4208 0 128.025 0.9904 0 128.2847 1.7153 0 129.0096
3 16 0 0 126.05 0 0 128.0193 1.975 0 126.5792
3 16 1.975 0 126.5792 0 0 128.0193 0.9904 0 128.2847
3 16 -1.975 0 126.5792 -0.9904 0 128.2847 0 0 126.05
3 16 0 0 126.05 -0.9904 0 128.2847 0 0 128.0193
3 16 -3.4208 0 128.025 -1.7153 0 129.0096 -1.975 0 126.5792
3 16 -1.975 0 126.5792 -1.7153 0 129.0096 -0.9904 0 128.2847
3 16 -1.9807 0 130 -1.7153 0 129.0096 -3.8209 0 129.125
3 16 -3.8209 0 129.125 -1.7153 0 129.0096 -3.4208 0 128.025
3 16 -3.4208 0 131.975 -1.7153 0 130.9904 -3.7931 0 130.875
3 16 -3.7931 0 130.875 -1.7153 0 130.9904 -1.9807 0 130
3 16 -1.975 0 133.4208 -0.9904 0 131.7153 -3.4208 0 131.975
3 16 -3.4208 0 131.975 -0.9904 0 131.7153 -1.7153 0 130.9904
3 16 0 0 133.95 0 0 131.9807 -1.975 0 133.4208
3 16 -1.975 0 133.4208 0 0 131.9807 -0.9904 0 131.7153
3 16 1.975 0 133.4208 0.9904 0 131.7153 0 0 133.95
3 16 0 0 133.95 0.9904 0 131.7153 0 0 131.9807
3 16 3.4208 0 131.975 1.7153 0 130.9904 1.975 0 133.4208
3 16 1.975 0 133.4208 1.7153 0 130.9904 0.9904 0 131.7153
3 16 3.95 0 130 1.9807 0 130 3.8454 0 130.882
3 16 1.9807 0 130 3.95 0 130 3.8357 0 129.1493
3 16 0.9904 0 128.2847 0.9904 -12.7683 128.2847 1.7153 0 129.0096
3 16 1.7153 0 129.0096 0.9904 -12.7683 128.2847 1.7153 -12.7683 129.0096
3 16 0 0 128.0193 0 -12.7683 128.0193 0.9904 0 128.2847
3 16 0.9904 0 128.2847 0 -12.7683 128.0193 0.9904 -12.7683 128.2847
3 16 -0.9904 0 128.2847 -0.9904 -12.7683 128.2847 0 0 128.0193
3 16 0 0 128.0193 -0.9904 -12.7683 128.2847 0 -12.7683 128.0193
3 16 -1.7153 0 129.0096 -1.7153 -12.7683 129.0096 -0.9904 0 128.2847
3 16 -0.9904 0 128.2847 -1.7153 -12.7683 129.0096 -0.9904 -12.7683 128.2847
3 16 -1.9807 0 130 -1.9807 -12.7683 130 -1.7153 0 129.0096
3 16 -1.7153 0 129.0096 -1.9807 -12.7683 130 -1.7153 -12.7683 129.0096
3 16 -1.7153 0 130.9904 -1.7153 -12.7683 130.9904 -1.9807 0 130
3 16 -1.9807 0 130 -1.7153 -12.7683 130.9904 -1.9807 -12.7683 130
3 16 -0.9904 0 131.7153 -0.9904 -12.7683 131.7153 -1.7153 0 130.9904
3 16 -1.7153 0 130.9904 -0.9904 -12.7683 131.7153 -1.7153 -12.7683 130.9904
3 16 0 0 131.9807 0 -12.7683 131.9807 -0.9904 0 131.7153
3 16 -0.9904 0 131.7153 0 -12.7683 131.9807 -0.9904 -12.7683 131.7153
3 16 0.9904 0 131.7153 0.9904 -12.7683 131.7153 0 0 131.9807
3 16 0 0 131.9807 0.9904 -12.7683 131.7153 0 -12.7683 131.9807
3 16 1.7153 0 130.9904 1.7153 -12.7683 130.9904 0.9904 0 131.7153
3 16 0.9904 0 131.7153 1.7153 -12.7683 130.9904 0.9904 -12.7683 131.7153
3 16 1.9807 0 130 1.9807 -12.7683 130 1.7153 0 130.9904
3 16 1.7153 0 130.9904 1.9807 -12.7683 130 1.7153 -12.7683 130.9904
3 16 1.7153 0 129.0096 1.7153 -12.7683 129.0096 1.9807 0 130
3 16 1.9807 0 130 1.7153 -12.7683 129.0096 1.9807 -12.7683 130
3 16 -0.9904 -12.7683 131.7153 0 -12.7683 131.9807 0 -12.7683 130
3 16 -1.7153 -12.7683 129.0096 -1.9807 -12.7683 130 0 -12.7683 130
3 16 0.9904 -12.7683 128.2847 0 -12.7683 128.0193 0 -12.7683 130
3 16 1.7153 -12.7683 130.9904 1.9807 -12.7683 130 0 -12.7683 130
3 16 -1.9807 -12.7683 130 -1.7153 -12.7683 130.9904 0 -12.7683 130
3 16 -1.7153 -12.7683 130.9904 -0.9904 -12.7683 131.7153 0 -12.7683 130
3 16 0 -12.7683 128.0193 -0.9904 -12.7683 128.2847 0 -12.7683 130
3 16 -0.9904 -12.7683 128.2847 -1.7153 -12.7683 129.0096 0 -12.7683 130
3 16 0 -12.7683 130 1.9807 -12.7683 130 1.7153 -12.7683 129.0096
3 16 0.9904 -12.7683 128.2847 0 -12.7683 130 1.7153 -12.7683 129.0096
3 16 0 -12.7683 131.9807 0.9904 -12.7683 131.7153 0 -12.7683 130
3 16 0.9904 -12.7683 131.7153 1.7153 -12.7683 130.9904 0 -12.7683 130
3 16 3.8357 -12.7503 129.1493 3.4208 -12.7503 128.025 3.8357 -5.2619 129.1493
3 16 3.8357 -5.2619 129.1493 3.4208 -12.7503 128.025 3.4208 0 128.025
3 16 1.975 0 133.4208 1.975 -12.7503 133.4208 3.4208 0 131.975
3 16 3.4208 0 131.975 1.975 -12.7503 133.4208 3.4208 -12.7503 131.975
3 16 0 0 133.95 0 -12.7503 133.95 1.975 0 133.4208
3 16 1.975 0 133.4208 0 -12.7503 133.95 1.975 -12.7503 133.4208
3 16 -1.975 0 133.4208 -1.975 -12.7503 133.4208 0 0 133.95
3 16 0 0 133.95 -1.975 -12.7503 133.4208 0 -12.7503 133.95
3 16 -3.4208 0 131.975 -3.4208 -12.7503 131.975 -1.975 0 133.4208
3 16 -1.975 0 133.4208 -3.4208 -12.7503 131.975 -1.975 -12.7503 133.4208
3 16 -1.975 0 126.5792 -1.975 -12.7503 126.5792 -3.4208 0 128.025
3 16 -3.4208 0 128.025 -1.975 -12.7503 126.5792 -3.4208 -12.7503 128.025
3 16 0 0 126.05 0 -12.7503 126.05 -1.975 0 126.5792
3 16 -1.975 0 126.5792 0 -12.7503 126.05 -1.975 -12.7503 126.5792
3 16 1.975 0 126.5792 1.975 -12.7503 126.5792 0 0 126.05
3 16 0 0 126.05 1.975 -12.7503 126.5792 0 -12.7503 126.05
3 16 3.4208 0 128.025 3.4208 -12.7503 128.025 1.975 0 126.5792
3 16 1.975 0 126.5792 3.4208 -12.7503 128.025 1.975 -12.7503 126.5792
3 16 -3.4208 0 128.025 -3.4208 -12.7503 128.025 -3.8209 -5.275 129.125
3 16 -3.8209 -5.275 129.125 -3.4208 -12.7503 128.025 -3.8209 -12.7503 129.125
3 16 -3.4208 0 128.025 -3.8209 -5.275 129.125 -3.8209 0 129.125
3 16 -3.7931 -5.25 130.875 -3.4208 0 131.975 -3.7931 0 130.875
3 16 -3.7931 -12.7503 130.875 -3.4208 -12.7503 131.975 -3.7931 -5.25 130.875
3 16 -3.7931 -5.25 130.875 -3.4208 -12.7503 131.975 -3.4208 0 131.975
3 16 3.4208 0 131.975 3.4208 -12.7503 131.975 3.8454 -5.262 130.882
3 16 3.8454 -5.262 130.882 3.4208 -12.7503 131.975 3.8454 -12.7503 130.882
3 16 3.4208 0 131.975 3.8454 -5.262 130.882 3.8454 0 130.882
3 16 3.95 0 130 3.926 -5.2619 130.0127 3.8357 0 129.1493
3 16 3.8357 0 129.1493 3.926 -5.2619 130.0127 3.8357 -5.2619 129.1493
3 16 -1.9807 0 130 -3.95 0 130 -3.7931 0 130.875
3 16 -3.95 0 130 -1.9807 0 130 -3.8209 0 129.125
3 16 1.9807 0 130 1.7153 0 130.9904 3.8454 0 130.882
3 16 3.8454 0 130.882 1.7153 0 130.9904 3.4208 0 131.975
3 16 3.4208 0 128.025 1.7153 0 129.0096 3.8357 0 129.1493
3 16 3.8357 0 129.1493 1.7153 0 129.0096 1.9807 0 130
3 16 3.4208 -5.7286 28.025 3.926 -5.2619 30.0127 6.2453 -5.7286 28.025
3 16 6.2453 -5.7286 28.025 3.926 -5.2619 30.0127 6.2517 -5.2501 30.0001
3 16 6.2547 -12.7499 26.05 0.0047 -12.7499 26.05 6.2547 -9 26.05
3 16 6.2547 -9 26.05 0.0047 -12.7499 26.05 0.0018 -9 26.05
3 16 49.9301 0 10 50.7495 -4.875 10 62.5 0 10
3 16 62.5 0 10 50.7495 -4.875 10 62.5 -4.875 10
3 16 9.9557 0 10 25.875 0 10 13.0054 0 6.7
3 16 13.0054 0 6.7 25.875 0 10 25.875 0 6.6991
3 16 10 0 1.5 10 0 7 13.0054 0 6.7
3 16 13.0054 0 6.7 10 0 7 9.9557 0 10
3 16 13.0054 0 6.7 10 0 -1.5 10 0 1.5
3 16 10 0 -1.5 6.25 0 -1.5 10 0 1.5
3 16 10 0 1.5 6.25 0 -1.5 6.25 0 1.5
3 16 10 0 -6.25 10 0 -1.5 13 0 -10
3 16 13 0 -10 10 0 -1.5 13.0054 0 6.7
3 16 13 0 -10 10 0 -9.9979 10 0 -6.25
3 16 10 0 -6.25 10 0 -9.9979 -6.2593 0 -6.25
3 16 -10 0 -9.9995 -6.2593 0 10.875 -6.2593 0 -6.25
3 16 -10 0 -9.9995 -10 0 150 -6.2593 0 10.875
3 16 -6.2593 0 10.875 -10 0 150 -6.2593 0 130.0815
3 16 10 0 7 8.75 0 7 9.9557 0 10
3 16 7.5 0 7.3349 6.7191 0 8.0991 9.9557 0 10
3 16 8.75 0 7 7.5 0 7.3349 9.9557 0 10
3 16 6.7191 0 8.0991 6.25 0 9.125 9.9557 0 10
3 16 9.9557 0 114.536 9.9557 0 10 6.25 0 110
3 16 6.25 0 110 9.9557 0 10 6.25 0 9.125
3 16 10 0 -6.25 10 -12.7499 -6.25 10 0 -1.5
3 16 10 0 -1.5 10 -12.7499 -6.25 10 -12.7499 -1.5
3 16 -6.2577 -5.25 10.875 -6.2579 -5.25 9.125 -6.2593 0 10.875
3 16 -6.2593 0 10.875 -6.2579 -5.25 9.125 -6.2593 0 -6.25
3 16 -6.2593 0 130.0815 -6.2571 -5.25 110 -6.2571 -5.25 108.025
3 16 -6.2484 -5.7286 111.9751 -6.2571 -5.25 110 -6.2593 0 130.0815
3 16 6.7191 0 8.0991 6.25 -5.25 9.125 6.25 0 9.125
3 16 6.25 0 9.125 6.2517 -5.2501 30.0001 6.2517 -5.2501 31.9751
3 16 -6.2531 -7.0049 113.4209 -6.2484 -5.7286 111.9751 -6.2593 0 130.0815
3 16 6.25 0 110 6.2502 -5.2501 110 6.2563 -5.7286 111.9751
3 16 6.25 0 150 6.25 -5.25 149.125 6.25 -5.2502 150
3 16 3.4208 -12.7499 11.975 1.975 -12.7499 13.4208 6.2547 -12.7499 26.05
3 16 6.2547 -12.7499 26.05 1.975 -12.7499 13.4208 0.0047 -12.7499 26.05
3 16 -6.25 -7.0049 26.5792 -6.2577 -5.25 10.875 -6.2594 -5.7286 28.025
3 16 -6.2594 -5.7286 28.025 -6.2577 -5.25 10.875 -6.2593 0 10.875
3 16 3.926 -5.2619 10.0127 3.8454 -5.262 10.882 6.2501 -5.25 10.875
3 16 -3.8209 -5.275 9.125 -6.2579 -5.25 9.125 -3.95 -5.25 10
3 16 -3.95 -5.25 10 -6.2579 -5.25 9.125 -6.2577 -5.25 10.875
3 16 -3.4208 -5.7286 28.025 -6.2594 -5.7286 28.025 -3.95 -5.25 30
3 16 -3.95 -5.25 30 -6.2594 -5.7286 28.025 -6.2559 -5.2501 30.0001
3 16 -3.7931 -12.7499 10.875 -6.25 -12.7499 10.875 -3.4208 -12.7499 11.975
3 16 -6.25 -12.7499 10.875 -6.25 -12.7499 26.05 -3.4208 -12.7499 11.975
3 16 6.2501 -5.25 10.875 3.8454 -5.262 10.882 6.2547 -12.7499 10.875
3 16 6.2547 -12.7499 10.875 3.8454 -5.262 10.882 3.8454 -12.7499 10.882
3 16 -6.2577 -5.25 10.875 -6.25 -12.7499 10.875 -3.7931 -5.25 10.875
3 16 -3.7931 -5.25 10.875 -6.25 -12.7499 10.875 -3.7931 -12.7499 10.875
3 16 6.2517 -5.2501 30.0001 6.25 0 9.125 6.2453 -5.7286 28.025
3 16 -6.2559 -5.2501 30.0001 -6.2594 -5.7286 28.025 -6.2593 0 10.875
3 16 -6.25 -7.0049 26.5792 -6.2524 -9 26.05 -6.2577 -5.25 10.875
3 16 6.25 0 9.125 6.2501 -5.25 10.875 6.2453 -5.7286 28.025
3 16 6.2453 -5.7286 28.025 6.2501 -5.25 10.875 6.25 -7.0049 26.5792
3 16 6.2501 -5.25 10.875 6.2547 -12.7499 10.875 6.2547 -9 26.05
3 16 6.2547 -9 26.05 6.2547 -12.7499 10.875 6.2547 -12.7499 26.05
3 16 6.2501 -5.25 10.875 6.2547 -9 26.05 6.25 -7.0049 26.5792
3 16 -6.2547 -12.7499 -6.25 6.2547 -12.7499 1.5 6.2547 -12.7499 -1.5
3 16 -6.2547 -12.7499 -6.25 -3.4208 -12.7499 8.025 -1.975 -12.7499 6.5792
3 16 3.8357 -12.7499 9.1493 3.8357 -5.2619 9.1493 6.2523 -12.7499 9.125
3 16 6.2523 -12.7499 9.125 3.8357 -5.2619 9.1493 6.25 -5.25 9.125
3 16 -3.8209 -12.7499 9.125 -6.25 -12.7499 9.125 -3.8209 -5.275 9.125
3 16 -3.8209 -5.275 9.125 -6.25 -12.7499 9.125 -6.2579 -5.25 9.125
3 16 -6.25 -12.7499 9.125 -6.2547 -12.7499 -6.25 -6.2579 -5.25 9.125
3 16 -6.2579 -5.25 9.125 -6.2547 -12.7499 -6.25 -6.2593 0 -6.25
3 16 10 0 1.5 10 -12.7499 1.5 10 0 7
3 16 10 0 7 10 -12.7499 1.5 10 -12.7499 7
3 16 10 0 7 10 -12.7499 7 8.75 0 7
3 16 8.75 0 7 10 -12.7499 7 8.75 -12.7499 7
3 16 7.5 0 7.3349 7.5 -12.7499 7.3349 6.7191 0 8.0991
3 16 6.7191 0 8.0991 7.5 -12.7499 7.3349 6.7191 -12.7499 8.0991
3 16 8.75 0 7 8.75 -12.7499 7 7.5 0 7.3349
3 16 7.5 0 7.3349 8.75 -12.7499 7 7.5 -12.7499 7.3349
3 16 6.7191 0 8.0991 6.7191 -12.7499 8.0991 6.25 -5.25 9.125
3 16 6.25 -5.25 9.125 6.7191 -12.7499 8.0991 6.2523 -12.7499 9.125
3 16 10 0 -9.9979 -10 0 -9.9995 -6.2593 0 -6.25
3 16 6.2547 -12.7499 -1.5 6.2547 -12.7499 1.5 6.25 0 -1.5
3 16 6.25 0 -1.5 6.2547 -12.7499 1.5 6.25 0 1.5
3 16 6.25 0 1.5 6.2547 -12.7499 1.5 10 0 1.5
3 16 10 0 1.5 6.2547 -12.7499 1.5 10 -12.7499 1.5
3 16 1.975 -12.7499 6.5792 3.4208 -12.7499 8.025 6.2547 -12.7499 1.5
3 16 6.2547 -12.7499 1.5 8.75 -12.7499 7 10 -12.7499 1.5
3 16 10 -12.7499 1.5 8.75 -12.7499 7 10 -12.7499 7
3 16 10 -12.7499 -1.5 10 -12.7499 -6.25 6.2547 -12.7499 -1.5
3 16 6.2547 -12.7499 -1.5 10 -12.7499 -6.25 -6.2547 -12.7499 -6.25
3 16 10 -12.7499 -1.5 6.2547 -12.7499 -1.5 10 0 -1.5
3 16 10 0 -1.5 6.2547 -12.7499 -1.5 6.25 0 -1.5
3 16 0 -12.7499 13.95 0.0047 -12.7499 26.05 1.975 -12.7499 13.4208
3 16 0.0047 -12.7499 26.05 0 -12.7499 13.95 -1.975 -12.7499 13.4208
3 16 -6.2577 -5.25 10.875 -3.7931 -5.25 10.875 -3.95 -5.25 10
3 16 3.8357 -5.2619 9.1493 3.926 -5.2619 10.0127 6.25 -5.25 9.125
3 16 6.25 -5.25 9.125 3.926 -5.2619 10.0127 6.2501 -5.25 10.875
3 16 6.25 0 9.125 6.25 -5.25 9.125 6.2501 -5.25 10.875
3 16 -3.8209 -5.275 9.125 -3.95 -5.25 10 -3.8209 0 9.125
3 16 -3.8209 0 9.125 -3.95 -5.25 10 -3.95 0 10
3 16 -3.95 0 10 -3.95 -5.25 10 -3.7931 0 10.875
3 16 -3.7931 0 10.875 -3.95 -5.25 10 -3.7931 -5.25 10.875
3 16 3.8454 -5.262 10.882 3.926 -5.2619 10.0127 3.8454 0 10.882
3 16 3.8454 0 10.882 3.926 -5.2619 10.0127 3.95 0 10
3 16 3.8357 -5.2619 9.1493 3.4208 0 8.025 3.8357 0 9.1493
3 16 1.975 0 6.5792 0.9904 0 8.2847 3.4208 0 8.025
3 16 3.4208 0 8.025 0.9904 0 8.2847 1.7153 0 9.0096
3 16 0 0 6.05 0 0 8.0193 1.975 0 6.5792
3 16 1.975 0 6.5792 0 0 8.0193 0.9904 0 8.2847
3 16 -1.975 0 6.5792 -0.9904 0 8.2847 0 0 6.05
3 16 0 0 6.05 -0.9904 0 8.2847 0 0 8.0193
3 16 -3.4208 0 8.025 -1.7153 0 9.0096 -1.975 0 6.5792
3 16 -1.975 0 6.5792 -1.7153 0 9.0096 -0.9904 0 8.2847
3 16 -1.9807 0 10 -1.7153 0 9.0096 -3.8209 0 9.125
3 16 -3.8209 0 9.125 -1.7153 0 9.0096 -3.4208 0 8.025
3 16 -3.4208 0 11.975 -1.7153 0 10.9904 -3.7931 0 10.875
3 16 -3.7931 0 10.875 -1.7153 0 10.9904 -1.9807 0 10
3 16 -1.975 0 13.4208 -0.9904 0 11.7153 -3.4208 0 11.975
3 16 -3.4208 0 11.975 -0.9904 0 11.7153 -1.7153 0 10.9904
3 16 0 0 13.95 0 0 11.9807 -1.975 0 13.4208
3 16 -1.975 0 13.4208 0 0 11.9807 -0.9904 0 11.7153
3 16 1.975 0 13.4208 0.9904 0 11.7153 0 0 13.95
3 16 0 0 13.95 0.9904 0 11.7153 0 0 11.9807
3 16 3.4208 0 11.975 1.7153 0 10.9904 1.975 0 13.4208
3 16 1.975 0 13.4208 1.7153 0 10.9904 0.9904 0 11.7153
3 16 3.95 0 10 1.9807 0 10 3.8454 0 10.882
3 16 1.9807 0 10 3.95 0 10 3.8357 0 9.1493
3 16 0.9904 0 8.2847 0.9904 -12.7683 8.2847 1.7153 0 9.0096
3 16 1.7153 0 9.0096 0.9904 -12.7683 8.2847 1.7153 -12.7683 9.0096
3 16 0 0 8.0193 0 -12.7683 8.0193 0.9904 0 8.2847
3 16 0.9904 0 8.2847 0 -12.7683 8.0193 0.9904 -12.7683 8.2847
3 16 -0.9904 0 8.2847 -0.9904 -12.7683 8.2847 0 0 8.0193
3 16 0 0 8.0193 -0.9904 -12.7683 8.2847 0 -12.7683 8.0193
3 16 -1.7153 0 9.0096 -1.7153 -12.7683 9.0096 -0.9904 0 8.2847
3 16 -0.9904 0 8.2847 -1.7153 -12.7683 9.0096 -0.9904 -12.7683 8.2847
3 16 -1.9807 0 10 -1.9807 -12.7683 10 -1.7153 0 9.0096
3 16 -1.7153 0 9.0096 -1.9807 -12.7683 10 -1.7153 -12.7683 9.0096
3 16 -1.7153 0 10.9904 -1.7153 -12.7683 10.9904 -1.9807 0 10
3 16 -1.9807 0 10 -1.7153 -12.7683 10.9904 -1.9807 -12.7683 10
3 16 -0.9904 0 11.7153 -0.9904 -12.7683 11.7153 -1.7153 0 10.9904
3 16 -1.7153 0 10.9904 -0.9904 -12.7683 11.7153 -1.7153 -12.7683 10.9904
3 16 0 0 11.9807 0 -12.7683 11.9807 -0.9904 0 11.7153
3 16 -0.9904 0 11.7153 0 -12.7683 11.9807 -0.9904 -12.7683 11.7153
3 16 0.9904 0 11.7153 0.9904 -12.7683 11.7153 0 0 11.9807
3 16 0 0 11.9807 0.9904 -12.7683 11.7153 0 -12.7683 11.9807
3 16 1.7153 0 10.9904 1.7153 -12.7683 10.9904 0.9904 0 11.7153
3 16 0.9904 0 11.7153 1.7153 -12.7683 10.9904 0.9904 -12.7683 11.7153
3 16 1.9807 0 10 1.9807 -12.7683 10 1.7153 0 10.9904
3 16 1.7153 0 10.9904 1.9807 -12.7683 10 1.7153 -12.7683 10.9904
3 16 1.7153 0 9.0096 1.7153 -12.7683 9.0096 1.9807 0 10
3 16 1.9807 0 10 1.7153 -12.7683 9.0096 1.9807 -12.7683 10
3 16 -0.9904 -12.7683 11.7153 0 -12.7683 11.9807 0 -12.7683 10
3 16 -1.7153 -12.7683 9.0096 -1.9807 -12.7683 10 0 -12.7683 10
3 16 0.9904 -12.7683 8.2847 0 -12.7683 8.0193 0 -12.7683 10
3 16 1.7153 -12.7683 10.9904 1.9807 -12.7683 10 0 -12.7683 10
3 16 -1.9807 -12.7683 10 -1.7153 -12.7683 10.9904 0 -12.7683 10
3 16 -1.7153 -12.7683 10.9904 -0.9904 -12.7683 11.7153 0 -12.7683 10
3 16 0 -12.7683 8.0193 -0.9904 -12.7683 8.2847 0 -12.7683 10
3 16 -0.9904 -12.7683 8.2847 -1.7153 -12.7683 9.0096 0 -12.7683 10
3 16 0 -12.7683 10 1.9807 -12.7683 10 1.7153 -12.7683 9.0096
3 16 0.9904 -12.7683 8.2847 0 -12.7683 10 1.7153 -12.7683 9.0096
3 16 0 -12.7683 11.9807 0.9904 -12.7683 11.7153 0 -12.7683 10
3 16 0.9904 -12.7683 11.7153 1.7153 -12.7683 10.9904 0 -12.7683 10
3 16 3.8357 -12.7499 9.1493 3.4208 -12.7499 8.025 3.8357 -5.2619 9.1493
3 16 3.8357 -5.2619 9.1493 3.4208 -12.7499 8.025 3.4208 0 8.025
3 16 1.975 0 13.4208 1.975 -12.7499 13.4208 3.4208 0 11.975
3 16 3.4208 0 11.975 1.975 -12.7499 13.4208 3.4208 -12.7499 11.975
3 16 0 0 13.95 0 -12.7499 13.95 1.975 0 13.4208
3 16 1.975 0 13.4208 0 -12.7499 13.95 1.975 -12.7499 13.4208
3 16 -1.975 0 13.4208 -1.975 -12.7499 13.4208 0 0 13.95
3 16 0 0 13.95 -1.975 -12.7499 13.4208 0 -12.7499 13.95
3 16 -3.4208 0 11.975 -3.4208 -12.7499 11.975 -1.975 0 13.4208
3 16 -1.975 0 13.4208 -3.4208 -12.7499 11.975 -1.975 -12.7499 13.4208
3 16 -1.975 0 6.5792 -1.975 -12.7499 6.5792 -3.4208 0 8.025
3 16 -3.4208 0 8.025 -1.975 -12.7499 6.5792 -3.4208 -12.7499 8.025
3 16 0 0 6.05 0 -12.7499 6.05 -1.975 0 6.5792
3 16 -1.975 0 6.5792 0 -12.7499 6.05 -1.975 -12.7499 6.5792
3 16 1.975 0 6.5792 1.975 -12.7499 6.5792 0 0 6.05
3 16 0 0 6.05 1.975 -12.7499 6.5792 0 -12.7499 6.05
3 16 3.4208 0 8.025 3.4208 -12.7499 8.025 1.975 0 6.5792
3 16 1.975 0 6.5792 3.4208 -12.7499 8.025 1.975 -12.7499 6.5792
3 16 -3.4208 0 8.025 -3.4208 -12.7499 8.025 -3.8209 -5.275 9.125
3 16 -3.8209 -5.275 9.125 -3.4208 -12.7499 8.025 -3.8209 -12.7499 9.125
3 16 -3.4208 0 8.025 -3.8209 -5.275 9.125 -3.8209 0 9.125
3 16 -3.7931 -5.25 10.875 -3.4208 0 11.975 -3.7931 0 10.875
3 16 -3.7931 -12.7499 10.875 -3.4208 -12.7499 11.975 -3.7931 -5.25 10.875
3 16 -3.7931 -5.25 10.875 -3.4208 -12.7499 11.975 -3.4208 0 11.975
3 16 3.4208 0 11.975 3.4208 -12.7499 11.975 3.8454 -5.262 10.882
3 16 3.8454 -5.262 10.882 3.4208 -12.7499 11.975 3.8454 -12.7499 10.882
3 16 3.4208 0 11.975 3.8454 -5.262 10.882 3.8454 0 10.882
3 16 3.95 0 10 3.926 -5.2619 10.0127 3.8357 0 9.1493
3 16 3.8357 0 9.1493 3.926 -5.2619 10.0127 3.8357 -5.2619 9.1493
3 16 3.8454 -12.7499 10.882 3.4208 -12.7499 11.975 6.2547 -12.7499 10.875
3 16 6.2547 -12.7499 26.05 6.2547 -12.7499 10.875 3.4208 -12.7499 11.975
3 16 0.0047 -12.7499 26.05 -1.975 -12.7499 13.4208 -6.25 -12.7499 26.05
3 16 -6.25 -12.7499 26.05 -1.975 -12.7499 13.4208 -3.4208 -12.7499 11.975
3 16 -3.8209 -12.7499 9.125 -3.4208 -12.7499 8.025 -6.25 -12.7499 9.125
3 16 -6.2547 -12.7499 -6.25 -6.25 -12.7499 9.125 -3.4208 -12.7499 8.025
3 16 -6.2547 -12.7499 -6.25 -1.975 -12.7499 6.5792 0 -12.7499 6.05
3 16 1.975 -12.7499 6.5792 6.2547 -12.7499 1.5 0 -12.7499 6.05
3 16 -6.2547 -12.7499 -6.25 0 -12.7499 6.05 6.2547 -12.7499 1.5
3 16 7.5 -12.7499 7.3349 8.75 -12.7499 7 6.2547 -12.7499 1.5
3 16 3.8357 -12.7499 9.1493 6.2523 -12.7499 9.125 3.4208 -12.7499 8.025
3 16 3.4208 -12.7499 8.025 6.2523 -12.7499 9.125 6.7191 -12.7499 8.0991
3 16 6.2547 -12.7499 1.5 3.4208 -12.7499 8.025 7.5 -12.7499 7.3349
3 16 3.4208 -12.7499 8.025 6.7191 -12.7499 8.0991 7.5 -12.7499 7.3349
3 16 -1.9807 0 10 -3.95 0 10 -3.7931 0 10.875
3 16 -3.95 0 10 -1.9807 0 10 -3.8209 0 9.125
3 16 1.9807 0 10 1.7153 0 10.9904 3.8454 0 10.882
3 16 3.8454 0 10.882 1.7153 0 10.9904 3.4208 0 11.975
3 16 3.4208 0 8.025 1.7153 0 9.0096 3.8357 0 9.1493
3 16 3.8357 0 9.1493 1.7153 0 9.0096 1.9807 0 10
3 16 6.25 -5.25 129.125 6.2484 -9 113.85 6.2505 -12.7502 129.1505
3 16 6.2505 -12.7502 129.1505 6.2484 -9 113.85 6.2472 -12.75 113.85
3 16 6.2511 -12.7503 149.1261 6.25 -5.25 149.125 6.2518 -12.7503 130.8887
3 16 6.2518 -12.7503 130.8887 6.25 -5.25 149.125 6.2501 -5.25 130.875
3 16 6.2501 -5.25 130.875 6.25 -5.25 149.125 6.25 0 130
3 16 6.25 0 130 6.25 -5.25 149.125 6.25 0 150
3 16 6.25 0 130 6.25 0 150 10 0 133
3 16 10 0 133 6.25 0 150 10.0001 0 150
3 16 -6.2593 0 150 -6.2586 -5.25 150 -6.2579 -5.25 149.125
3 16 -6.2547 -12.7501 149.125 -6.25 -12.7503 130.875 -6.2579 -5.25 149.125
3 16 -6.2579 -5.25 149.125 -6.25 -12.7503 130.875 -6.2577 -5.25 130.875
3 16 -6.2577 -5.25 130.875 -6.2593 0 130.0815 -6.2579 -5.25 149.125
3 16 -6.2579 -5.25 149.125 -6.2593 0 130.0815 -6.2593 0 150
3 16 -10 0 150 -6.2593 0 150 -6.2593 0 130.0815
3 16 -6.2577 -5.25 130.875 -6.2579 -5.25 129.125 -6.2593 0 130.0815
3 16 6.2469 -7.0049 113.4209 6.25 0 130 6.2563 -5.7286 111.9751
3 16 6.25 0 130 6.25 0 110 6.2563 -5.7286 111.9751
3 16 6.25 0 130 6.2469 -7.0049 113.4209 6.25 -5.25 129.125
3 16 6.25 -5.25 129.125 6.2469 -7.0049 113.4209 6.2484 -9 113.85
3 16 -6.2586 -9 113.85 -6.2531 -7.0049 113.4209 -6.2579 -5.25 129.125
3 16 -6.2579 -5.25 129.125 -6.2531 -7.0049 113.4209 -6.2593 0 130.0815
3 16 -6.2586 -12.7499 113.85 -6.2586 -9 113.85 -6.2547 -12.7501 129.125
3 16 -6.2547 -12.7501 129.125 -6.2586 -9 113.85 -6.2579 -5.25 129.125
3 16 6.2472 -12.75 113.85 1.975 -12.7503 126.5792 3.4208 -12.7503 128.025
3 16 0 -12.7503 133.95 -1.975 -12.7503 133.4208 0 -12.7503 146.05
3 16 0 -12.7503 146.05 -1.975 -12.7503 133.4208 -1.975 -12.7503 146.5792
3 16 1.975 -12.7503 133.4208 0 -12.7503 133.95 1.975 -12.7503 146.5792
3 16 1.975 -12.7503 146.5792 0 -12.7503 133.95 0 -12.7503 146.05
3 16 -3.7931 -12.7503 130.875 -6.25 -12.7503 130.875 -3.4208 -12.7503 131.975
3 16 -3.4208 -12.7503 131.975 -6.25 -12.7503 130.875 -3.4208 -12.7503 148.025
3 16 -1.975 -12.7503 133.4208 -3.4208 -12.7503 131.975 -1.975 -12.7503 146.5792
3 16 -1.975 -12.7503 146.5792 -3.4208 -12.7503 131.975 -3.4208 -12.7503 148.025
3 16 -3.8209 -12.7503 149.125 -3.4208 -12.7503 148.025 -6.2547 -12.7501 149.125
3 16 -6.25 -12.7503 130.875 -6.2547 -12.7501 149.125 -3.4208 -12.7503 148.025
3 16 3.4208 -12.7503 131.975 1.975 -12.7503 133.4208 3.4208 -12.7503 148.025
3 16 3.4208 -12.7503 148.025 1.975 -12.7503 133.4208 1.975 -12.7503 146.5792
3 16 3.8357 -12.7503 149.1493 6.2511 -12.7503 149.1261 3.4208 -12.7503 148.025
3 16 6.2511 -12.7503 149.1261 6.2518 -12.7503 130.8887 3.4208 -12.7503 148.025
3 16 3.8454 -12.7503 130.882 3.4208 -12.7503 131.975 6.2518 -12.7503 130.8887
3 16 6.2518 -12.7503 130.8887 3.4208 -12.7503 131.975 3.4208 -12.7503 148.025
3 16 -6.2586 -12.7499 113.85 -1.975 -12.7503 126.5792 -0.0056 -12.7499 113.85
3 16 -0.0056 -12.7499 113.85 -1.975 -12.7503 126.5792 0 -12.7503 126.05
3 16 -3.8209 -12.7503 129.125 -3.4208 -12.7503 128.025 -6.2547 -12.7501 129.125
3 16 -6.2586 -12.7499 113.85 -6.2547 -12.7501 129.125 -3.4208 -12.7503 128.025
3 16 -6.2586 -12.7499 113.85 -3.4208 -12.7503 128.025 -1.975 -12.7503 126.5792
3 16 6.2472 -12.75 113.85 -0.0056 -12.7499 113.85 1.975 -12.7503 126.5792
3 16 1.975 -12.7503 126.5792 -0.0056 -12.7499 113.85 0 -12.7503 126.05
3 16 3.8357 -12.7503 129.1493 6.2505 -12.7502 129.1505 3.4208 -12.7503 128.025
3 16 6.2505 -12.7502 129.1505 6.2472 -12.75 113.85 3.4208 -12.7503 128.025
3 16 -6.2594 -5.7286 28.025 -3.4208 -5.7286 28.025 -6.25 -7.0049 26.5792
3 16 -6.25 -7.0049 26.5792 -3.4208 -5.7286 28.025 -1.975 -7.0049 26.5792
3 16 0.0018 -9 26.05 -6.2524 -9 26.05 -1.975 -7.0049 26.5792
3 16 -1.975 -7.0049 26.5792 -6.2524 -9 26.05 -6.25 -7.0049 26.5792
3 16 0.0018 -9 26.05 1.975 -7.0049 26.5792 6.2547 -9 26.05
3 16 6.2547 -9 26.05 1.975 -7.0049 26.5792 6.25 -7.0049 26.5792
3 16 6.2453 -5.7286 28.025 6.25 -7.0049 26.5792 3.4208 -5.7286 28.025
3 16 3.4208 -5.7286 28.025 6.25 -7.0049 26.5792 1.975 -7.0049 26.5792
3 16 52.0086 -4.875 13.25 37.4729 -4.875 42.3214 52.0086 -20.875 13.25
3 16 52.0086 -20.875 13.25 37.4729 -4.875 42.3214 37.4729 -20.875 42.3214
3 16 37.4729 -4.875 42.3214 35.5083 -4.875 47.0621 37.4729 -20.875 42.3214
3 16 37.4729 -20.875 42.3214 35.5083 -4.875 47.0621 35.5083 -20.875 47.0621
3 16 35.5083 -4.875 47.0621 33.7237 -4.875 54.2356 35.5083 -20.875 47.0621
3 16 35.5083 -20.875 47.0621 33.7237 -4.875 54.2356 33.7237 -20.875 54.2356
3 16 33.7237 -4.875 54.2356 33.25 -4.875 59.3896 33.7237 -20.875 54.2356
3 16 33.7237 -20.875 54.2356 33.25 -4.875 59.3896 33.25 -20.875 59.3896
3 16 50.7495 -4.875 10 52.0086 -4.875 13.25 62.5 -4.875 10
3 16 62.5 -4.875 10 52.0086 -4.875 13.25 63.2407 -4.875 13.25
3 16 52.0086 -4.875 13.25 23.75 -4.875 10 37.4729 -4.875 42.3214
3 16 37.4729 -4.875 42.3214 23.75 -4.875 10 35.5083 -4.875 47.0621
3 16 35.5083 -4.875 47.0621 23.75 -4.875 10 33.7237 -4.875 54.2356
3 16 33.7237 -4.875 54.2356 23.75 -4.875 10 33.25 -4.875 59.3896
3 16 25.875 0 10 9.9557 0 10 23.75 -4.875 10
3 16 33.25 -4.875 133 33.25 -4.875 150 33.25 -20.875 133
3 16 33.25 -20.875 133 33.25 -4.875 150 33.25 -20.875 150
3 16 23.7499 -4.875 133 23.7499 -4.875 150 33.25 -4.875 133
3 16 33.25 -4.875 133 23.7499 -4.875 150 33.25 -4.875 150
3 16 23.7499 -7.7562 133 23.7499 -7.7562 150 23.7499 -4.875 133
3 16 23.7499 -4.875 133 23.7499 -7.7562 150 23.7499 -4.875 150
3 16 23.7499 -7.7562 133 21.8262 -8.2716 133 23.7499 -7.7562 150
3 16 23.7499 -7.7562 150 21.8262 -8.2716 133 21.8262 -8.2716 150
3 16 21.8262 -8.2716 133 19.6431 -12.687 133 21.8262 -8.2716 150
3 16 21.8262 -8.2716 150 19.6431 -12.687 133 19.6431 -12.687 150
3 16 19.5981 -13.9751 10 19.3615 -20.75 35.2843 19.6431 -12.687 10
3 16 19.6431 -12.687 133 19.3615 -20.75 133 19.6431 -12.687 150
3 16 19.6431 -12.687 150 19.3615 -20.75 133 19.3615 -20.75 150
3 16 12.9957 -13.9819 10.0253 13.1398 -20.5327 35.2843 19.5981 -13.9751 10
3 16 19.5981 -13.9751 10 13.1398 -20.5327 35.2843 19.3615 -20.75 35.2843
3 16 19.3615 -20.75 133 13.25 -20.75 133 19.3615 -20.75 150
3 16 19.3615 -20.75 150 13.25 -20.75 133 13.25 -20.75 150
3 16 13.25 -20.75 133 13.25 -15.75 133 13.25 -20.75 150
3 16 13.25 -20.75 150 13.25 -15.75 133 13.25 -15.75 150
3 16 11.2024 -12.9291 133 9.9849 -12.75 133 11.2024 -12.9291 150
3 16 11.2024 -12.9291 150 9.9849 -12.75 133 9.9849 -12.75 150
3 16 9.9557 -12.75 130 11.2257 -12.865 129.9991 9.9557 -12.6111 113.9056
3 16 9.9557 -12.6111 113.9056 11.2257 -12.865 129.9991 11.4579 -12.7658 113.6972
3 16 13.1398 -20.5327 35.2843 13.1398 -20.5327 110.75 19.3615 -20.75 35.2843
3 16 19.3615 -20.75 35.2843 13.1398 -20.5327 110.75 19.3615 -20.75 130
3 16 33.25 -4.875 59.3896 33.25 -4.875 130 33.25 -20.875 59.3896
3 16 33.25 -20.875 59.3896 33.25 -4.875 130 33.25 -20.875 130
3 16 23.75 -4.875 10 23.7499 -4.875 130 33.25 -4.875 59.3896
3 16 33.25 -4.875 59.3896 23.7499 -4.875 130 33.25 -4.875 130
3 16 23.75 -7.7562 10 23.7499 -7.7562 130 23.75 -4.875 10
3 16 23.75 -4.875 10 23.7499 -7.7562 130 23.7499 -4.875 130
3 16 21.8263 -8.2717 10 21.8263 -8.2716 130 23.75 -7.7562 10
3 16 23.75 -7.7562 10 21.8263 -8.2716 130 23.7499 -7.7562 130
3 16 19.6431 -12.687 10 19.6431 -12.687 130 21.8263 -8.2717 10
3 16 21.8263 -8.2717 10 19.6431 -12.687 130 21.8263 -8.2716 130
3 16 19.3615 -20.75 130 19.6431 -12.687 130 19.3615 -20.75 35.2843
3 16 19.3615 -20.75 35.2843 19.6431 -12.687 130 19.6431 -12.687 10
3 16 13.1398 -20.5327 110.75 13.1473 -20.5329 130 19.3615 -20.75 130
3 16 13.1398 -20.5327 110.75 13.1398 -20.5327 35.2843 13.25 -15.465 111.2854
3 16 13.25 -15.465 111.2854 13.1398 -20.5327 35.2843 13.25 -15.7552 29.367
3 16 13.2726 -15.7502 130 13.1473 -20.5329 130 13.25 -15.465 111.2854
3 16 13.25 -15.465 111.2854 13.1473 -20.5329 130 13.1398 -20.5327 110.75
3 16 9.9557 -7.875 113.75 9.9557 -12.6111 113.9056 11.2347 -7.8359 113.5521
3 16 11.2347 -7.8359 113.5521 9.9557 -12.6111 113.9056 11.4579 -12.7658 113.6972
3 16 13.25 -15.465 111.2854 13.25 -15.7552 29.367 13.2416 -7.771 110.8375
3 16 13.2416 -7.771 110.8375 13.25 -15.7552 29.367 13.1222 -7.8748 29.2502
3 16 13.2416 -7.771 110.8375 13.1222 -7.8748 29.2502 12.9748 -6.621 110.7454
3 16 12.9748 -6.621 110.7454 13.1222 -7.8748 29.2502 12.9616 -6.5957 29.2129
3 16 11.2237 -5.0327 110.7532 12.2881 -5.6567 110.7516 10.8698 -4.9414 29.2538
3 16 10.8698 -4.9414 29.2538 12.2881 -5.6567 110.7516 12.1426 -5.5504 29.2198
3 16 12.2881 -5.6567 110.7516 12.9748 -6.621 110.7454 12.1426 -5.5504 29.2198
3 16 12.1426 -5.5504 29.2198 12.9748 -6.621 110.7454 12.9616 -6.5957 29.2129
3 16 9.9557 -4.875 110.7551 11.2237 -5.0327 110.7532 9.9557 -4.8729 29.2553
3 16 9.9557 -4.8729 29.2553 11.2237 -5.0327 110.7532 10.8698 -4.9414 29.2538
3 16 12.9601 -7.8659 27.9653 13.1222 -7.8748 29.2502 13.2289 -14.7173 27.7289
3 16 13.2289 -14.7173 27.7289 13.1222 -7.8748 29.2502 13.25 -15.7552 29.367
3 16 9.9557 0 10 9.9557 -12.6228 26.0801 9.9557 -12.75 9.9999
3 16 11.2016 -7.8748 26.4162 12.2397 -7.8748 27.0439 11.4175 -12.8691 26.1545
3 16 11.4175 -12.8691 26.1545 12.2397 -7.8748 27.0439 12.5191 -13.5192 26.6202
3 16 12.2397 -7.8748 27.0439 12.9601 -7.8659 27.9653 12.5191 -13.5192 26.6202
3 16 12.5191 -13.5192 26.6202 12.9601 -7.8659 27.9653 13.2289 -14.7173 27.7289
3 16 9.9557 -7.8748 26.25 11.2016 -7.8748 26.4162 9.9557 -12.6228 26.0801
3 16 9.9557 -12.6228 26.0801 11.2016 -7.8748 26.4162 11.4175 -12.8691 26.1545
3 16 12.3072 -7.7884 112.9265 12.5502 -13.3216 113.0971 12.9911 -7.799 111.9568
3 16 12.9911 -7.799 111.9568 12.5502 -13.3216 113.0971 13.1089 -14.0771 112.4029
3 16 12.2985 -13.538 129.999 12.8895 -14.5975 130.0003 12.5502 -13.3216 113.0971
3 16 12.5502 -13.3216 113.0971 12.8895 -14.5975 130.0003 13.1089 -14.0771 112.4029
3 16 12.9727 -14.5503 133 12.272 -13.5377 133 12.9727 -14.5503 150
3 16 12.9727 -14.5503 150 12.272 -13.5377 133 12.272 -13.5377 150
3 16 11.2347 -7.8359 113.5521 11.4579 -12.7658 113.6972 12.3072 -7.7884 112.9265
3 16 12.3072 -7.7884 112.9265 11.4579 -12.7658 113.6972 12.5502 -13.3216 113.0971
3 16 11.2257 -12.865 129.9991 12.2985 -13.538 129.999 11.4579 -12.7658 113.6972
3 16 11.4579 -12.7658 113.6972 12.2985 -13.538 129.999 12.5502 -13.3216 113.0971
3 16 12.9911 -7.799 111.9568 13.1089 -14.0771 112.4029 13.2416 -7.771 110.8375
3 16 13.2416 -7.771 110.8375 13.1089 -14.0771 112.4029 13.25 -15.465 111.2854
3 16 12.8895 -14.5975 130.0003 13.2726 -15.7502 130 13.1089 -14.0771 112.4029
3 16 13.1089 -14.0771 112.4029 13.2726 -15.7502 130 13.25 -15.465 111.2854
3 16 12.272 -13.5377 133 11.2024 -12.9291 133 12.272 -13.5377 150
3 16 12.272 -13.5377 150 11.2024 -12.9291 133 11.2024 -12.9291 150
3 16 13.25 -15.75 133 12.9727 -14.5503 133 13.25 -15.75 150
3 16 13.25 -15.75 150 12.9727 -14.5503 133 12.9727 -14.5503 150
3 16 12.9748 -6.621 110.7454 12.2881 -5.6567 110.7516 12.9345 -6.6292 111.2331
3 16 12.9345 -6.6292 111.2331 12.2881 -5.6567 110.7516 12.2344 -5.788 111.5796
3 16 12.1542 -6.1096 112.2452 12.2028 -6.7828 112.7435 12.8992 -6.8278 111.6845
3 16 12.8992 -6.8278 111.6845 12.2028 -6.7828 112.7435 12.9402 -7.2158 111.8883
3 16 12.2881 -5.6567 110.7516 11.2237 -5.0327 110.7532 12.2344 -5.788 111.5796
3 16 12.2344 -5.788 111.5796 11.2237 -5.0327 110.7532 11.1245 -5.1857 111.7436
3 16 11.0095 -5.682 112.6447 11.0802 -6.5604 113.3109 12.1542 -6.1096 112.2452
3 16 12.1542 -6.1096 112.2452 11.0802 -6.5604 113.3109 12.2028 -6.7828 112.7435
3 16 11.2237 -5.0327 110.7532 9.9557 -4.875 110.7551 11.1245 -5.1857 111.7436
3 16 11.1245 -5.1857 111.7436 9.9557 -4.875 110.7551 9.9557 -5.0891 111.8571
3 16 11.0095 -5.682 112.6447 9.9557 -5.5063 112.8865 11.0802 -6.5604 113.3109
3 16 11.0802 -6.5604 113.3109 9.9557 -5.5063 112.8865 9.9557 -6.5937 113.4581
3 16 12.2028 -6.7828 112.7435 12.3072 -7.7884 112.9265 12.9402 -7.2158 111.8883
3 16 12.9402 -7.2158 111.8883 12.3072 -7.7884 112.9265 12.9911 -7.799 111.9568
3 16 11.0802 -6.5604 113.3109 11.2347 -7.8359 113.5521 12.2028 -6.7828 112.7435
3 16 12.2028 -6.7828 112.7435 11.2347 -7.8359 113.5521 12.3072 -7.7884 112.9265
3 16 9.9557 -7.875 113.75 11.2347 -7.8359 113.5521 9.9557 -6.5937 113.4581
3 16 9.9557 -6.5937 113.4581 11.2347 -7.8359 113.5521 11.0802 -6.5604 113.3109
3 16 12.9345 -6.6292 111.2331 12.2344 -5.788 111.5796 12.8992 -6.8278 111.6845
3 16 12.8992 -6.8278 111.6845 12.2344 -5.788 111.5796 12.1542 -6.1096 112.2452
3 16 11.0095 -5.682 112.6447 12.1542 -6.1096 112.2452 11.1245 -5.1857 111.7436
3 16 11.1245 -5.1857 111.7436 12.1542 -6.1096 112.2452 12.2344 -5.788 111.5796
3 16 9.9557 -5.5063 112.8865 11.0095 -5.682 112.6447 9.9557 -5.0891 111.8571
3 16 9.9557 -5.0891 111.8571 11.0095 -5.682 112.6447 11.1245 -5.1857 111.7436
3 16 12.8992 -6.8278 111.6845 13.2416 -7.771 110.8375 12.9345 -6.6292 111.2331
3 16 12.9345 -6.6292 111.2331 13.2416 -7.771 110.8375 12.9748 -6.621 110.7454
3 16 12.8992 -6.8278 111.6845 12.9402 -7.2158 111.8883 13.2416 -7.771 110.8375
3 16 12.9911 -7.799 111.9568 13.2416 -7.771 110.8375 12.9402 -7.2158 111.8883
3 16 12.9035 -6.5991 28.6884 12.8551 -6.7704 28.2646 12.0795 -5.6748 28.3608
3 16 12.0795 -5.6748 28.3608 12.8551 -6.7704 28.2646 12.0713 -6.1255 27.6361
3 16 12.9601 -7.8659 27.9653 12.2397 -7.8748 27.0439 12.9079 -7.2484 28.015
3 16 12.9079 -7.2484 28.015 12.2397 -7.8748 27.0439 12.2268 -6.8576 27.2377
3 16 10.8604 -5.8005 27.1753 10.8947 -5.1644 28.14 12.0713 -6.1255 27.6361
3 16 12.0713 -6.1255 27.6361 10.8947 -5.1644 28.14 12.0795 -5.6748 28.3608
3 16 10.8604 -5.8005 27.1753 9.9557 -5.6853 27.0656 10.8947 -5.1644 28.14
3 16 10.8947 -5.1644 28.14 9.9557 -5.6853 27.0656 9.9557 -5.0374 28.1446
3 16 12.2397 -7.8748 27.0439 11.2016 -7.8748 26.4162 12.2268 -6.8576 27.2377
3 16 12.2268 -6.8576 27.2377 11.2016 -7.8748 26.4162 11.0696 -6.6737 26.6314
3 16 11.2016 -7.8748 26.4162 9.9557 -7.8748 26.25 11.0696 -6.6737 26.6314
3 16 11.0696 -6.6737 26.6314 9.9557 -7.8748 26.25 9.9557 -6.7152 26.4226
3 16 12.9616 -6.5957 29.2129 12.9035 -6.5991 28.6884 12.1426 -5.5504 29.2198
3 16 12.1426 -5.5504 29.2198 12.9035 -6.5991 28.6884 12.0795 -5.6748 28.3608
3 16 10.8947 -5.1644 28.14 10.8698 -4.9414 29.2538 12.0795 -5.6748 28.3608
3 16 12.0795 -5.6748 28.3608 10.8698 -4.9414 29.2538 12.1426 -5.5504 29.2198
3 16 9.9557 -4.8729 29.2553 10.8698 -4.9414 29.2538 9.9557 -5.0374 28.1446
3 16 9.9557 -5.0374 28.1446 10.8698 -4.9414 29.2538 10.8947 -5.1644 28.14
3 16 12.0713 -6.1255 27.6361 12.8551 -6.7704 28.2646 12.2268 -6.8576 27.2377
3 16 12.2268 -6.8576 27.2377 12.8551 -6.7704 28.2646 12.9079 -7.2484 28.015
3 16 10.8604 -5.8005 27.1753 12.0713 -6.1255 27.6361 11.0696 -6.6737 26.6314
3 16 11.0696 -6.6737 26.6314 12.0713 -6.1255 27.6361 12.2268 -6.8576 27.2377
3 16 9.9557 -5.6853 27.0656 10.8604 -5.8005 27.1753 9.9557 -6.7152 26.4226
3 16 9.9557 -6.7152 26.4226 10.8604 -5.8005 27.1753 11.0696 -6.6737 26.6314
3 16 12.8551 -6.7704 28.2646 13.1222 -7.8748 29.2502 12.9079 -7.2484 28.015
3 16 13.1222 -7.8748 29.2502 12.9601 -7.8659 27.9653 12.9079 -7.2484 28.015
3 16 12.8551 -6.7704 28.2646 12.9035 -6.5991 28.6884 13.1222 -7.8748 29.2502
3 16 12.9616 -6.5957 29.2129 13.1222 -7.8748 29.2502 12.9035 -6.5991 28.6884
3 16 11.4175 -12.8691 26.1545 11.2179 -12.9151 10.0631 9.9557 -12.6228 26.0801
3 16 9.9557 -12.6228 26.0801 11.2179 -12.9151 10.0631 9.9557 -12.75 9.9999
3 16 12.5191 -13.5192 26.6202 12.0863 -13.3846 10.0357 11.4175 -12.8691 26.1545
3 16 11.4175 -12.8691 26.1545 12.0863 -13.3846 10.0357 11.2179 -12.9151 10.0631
3 16 12.0863 -13.3846 10.0357 12.5191 -13.5192 26.6202 12.9957 -13.9819 10.0253
3 16 12.9957 -13.9819 10.0253 12.5191 -13.5192 26.6202 13.2289 -14.7173 27.7289
3 16 12.9957 -13.9819 10.0253 13.2289 -14.7173 27.7289 13.1398 -20.5327 35.2843
3 16 13.1398 -20.5327 35.2843 13.2289 -14.7173 27.7289 13.25 -15.7552 29.367
3 16 6.25 0 130 6.25 -5.25 129.125 6.2501 -5.25 130.875
3 16 6.25 0 130 10 0 133 9.9557 0 129.9983
3 16 9.9849 -12.75 133 10 0 133 9.9849 -12.75 150
3 16 9.9849 -12.75 150 10 0 133 10.0001 0 150
3 16 23.7499 -4.875 130 9.9557 0 129.9983 33.25 -4.875 130
3 16 33.25 -4.875 133 10 0 133 23.7499 -4.875 133
3 16 23.7499 -7.7562 130 21.8263 -8.2716 130 23.7499 -4.875 130
3 16 21.8263 -8.2716 130 9.9557 0 129.9983 23.7499 -4.875 130
3 16 9.9849 -12.75 133 11.2024 -12.9291 133 10 0 133
3 16 11.2024 -12.9291 133 21.8262 -8.2716 133 10 0 133
3 16 70 0 130.1552 70 -20.7342 130 33.25 -4.875 130
3 16 33.25 -4.875 130 70 -20.7342 130 33.25 -20.875 130
3 16 70 0 130.1552 33.25 -4.875 130 9.9557 0 129.9983
3 16 70 0 133.157 70 0 130.1552 10 0 133
3 16 10 0 133 70 0 130.1552 9.9557 0 129.9983
3 16 70 0 133.157 10 0 133 33.25 -4.875 133
3 16 33.25 -20.875 133 70 -20.875 133 33.25 -4.875 133
3 16 33.25 -4.875 133 70 -20.875 133 70 0 133.157
3 16 63.2407 -4.875 13.25 52.0086 -4.875 13.25 63.2407 -20.75 13.25
3 16 63.2407 -20.75 13.25 52.0086 -4.875 13.25 52.0086 -20.875 13.25
3 16 70 -20.7342 130 33.25 -20.875 59.3896 33.25 -20.875 130
3 16 33.25 -20.875 59.3896 70 -20.7342 130 33.7237 -20.875 54.2356
3 16 33.7237 -20.875 54.2356 70 -20.7342 130 35.5083 -20.875 47.0621
3 16 35.5083 -20.875 47.0621 70 -20.7342 130 37.4729 -20.875 42.3214
3 16 52.0086 -20.875 13.25 37.4729 -20.875 42.3214 70 -20.7342 130
3 16 66.25 -20.75 16.4952 70 -20.7342 130 70 -20.75 17.5
3 16 70 -20.7342 130 66.25 -20.75 16.4952 52.0086 -20.875 13.25
3 16 66.25 -20.75 16.4952 63.2407 -20.75 13.25 52.0086 -20.875 13.25
3 16 23.75 -7.7562 10 23.75 -4.875 10 21.8263 -8.2717 10
3 16 9.9557 0 10 21.8263 -8.2717 10 23.75 -4.875 10
3 16 9.9557 0 10 9.9557 -12.75 9.9999 11.2179 -12.9151 10.0631
3 16 19.6431 -12.687 10 21.8263 -8.2717 10 12.0863 -13.3846 10.0357
3 16 12.0863 -13.3846 10.0357 21.8263 -8.2717 10 9.9557 0 10
3 16 9.9557 0 10 11.2179 -12.9151 10.0631 12.0863 -13.3846 10.0357
3 16 12.0863 -13.3846 10.0357 12.9957 -13.9819 10.0253 19.6431 -12.687 10
3 16 19.6431 -12.687 10 12.9957 -13.9819 10.0253 19.5981 -13.9751 10
3 16 9.9557 -6.5937 113.4581 9.9557 -5.5063 112.8865 9.9557 0 129.9983
3 16 9.9557 0 129.9983 9.9557 -5.5063 112.8865 9.9557 0 114.536
3 16 6.25 0 110 6.25 0 130 9.9557 0 114.536
3 16 9.9557 0 114.536 6.25 0 130 9.9557 0 129.9983
3 16 9.9557 -5.5063 112.8865 9.9557 -5.0891 111.8571 9.9557 0 114.536
3 16 9.9557 -5.0891 111.8571 9.9557 -4.875 110.7551 9.9557 0 114.536
3 16 9.9557 -7.875 113.75 9.9557 -6.5937 113.4581 9.9557 0 129.9983
3 16 9.9557 0 10 9.9557 -6.7152 26.4226 9.9557 -7.8748 26.25
3 16 9.9557 0 10 9.9557 -4.8729 29.2553 9.9557 -5.0374 28.1446
3 16 9.9557 0 10 9.9557 -5.6853 27.0656 9.9557 -6.7152 26.4226
3 16 9.9557 0 10 9.9557 -7.8748 26.25 9.9557 -12.6228 26.0801
3 16 9.9557 0 10 9.9557 0 114.536 9.9557 -4.8729 29.2553
3 16 9.9557 -4.8729 29.2553 9.9557 0 114.536 9.9557 -4.875 110.7551
3 16 9.9557 0 10 9.9557 -5.0374 28.1446 9.9557 -5.6853 27.0656
3 16 -6.2547 -12.7499 -6.25 10 -12.7499 -6.25 -6.2593 0 -6.25
3 16 -6.2593 0 -6.25 10 -12.7499 -6.25 10 0 -6.25
3 16 -6.2524 -9 26.05 0.0018 -9 26.05 -6.25 -12.7499 26.05
3 16 -6.25 -12.7499 26.05 0.0018 -9 26.05 0.0047 -12.7499 26.05
3 16 -6.2577 -5.25 10.875 -6.2524 -9 26.05 -6.25 -12.7499 10.875
3 16 -6.25 -12.7499 10.875 -6.2524 -9 26.05 -6.25 -12.7499 26.05
3 16 106.75 -20.875 150 106.75 -20.875 133 70 -20.875 150
3 16 70 -20.875 150 106.75 -20.875 133 70 -20.875 133
3 16 70 -20.875 150 70 -20.875 133 33.25 -20.875 150
3 16 33.25 -20.875 150 70 -20.875 133 33.25 -20.875 133
3 16 19.6431 -12.687 133 13.25 -15.75 133 19.3615 -20.75 133
3 16 19.3615 -20.75 133 13.25 -15.75 133 13.25 -20.75 133
3 16 21.8262 -8.2716 133 12.272 -13.5377 133 12.9727 -14.5503 133
3 16 12.272 -13.5377 133 21.8262 -8.2716 133 11.2024 -12.9291 133
3 16 23.7499 -7.7562 133 23.7499 -4.875 133 21.8262 -8.2716 133
3 16 23.7499 -4.875 133 10 0 133 21.8262 -8.2716 133
3 16 118.1738 -8.2716 133 120.3569 -12.687 133 127.0273 -14.5503 133
3 16 127.0273 -14.5503 133 120.3569 -12.687 133 126.75 -15.75 133
3 16 130.015 -12.75 133 130.015 -12.75 150 130 0 133
3 16 130 0 133 130.015 -12.75 150 130 0 150
3 16 120.3569 -12.687 133 120.6385 -20.75 133 126.75 -15.75 133
3 16 126.75 -15.75 133 120.6385 -20.75 133 126.75 -20.75 133
3 16 127.728 -13.5377 133 118.1738 -8.2716 133 127.0273 -14.5503 133
3 16 128.7976 -12.9291 133 118.1738 -8.2716 133 127.728 -13.5377 133
3 16 130.015 -12.75 133 130 0 133 128.7976 -12.9291 133
3 16 130 0 133 118.1738 -8.2716 133 128.7976 -12.9291 133
3 16 21.8262 -8.2716 133 12.9727 -14.5503 133 19.6431 -12.687 133
3 16 19.6431 -12.687 133 12.9727 -14.5503 133 13.25 -15.75 133
3 16 120.3569 -12.687 130 126.7274 -15.7502 130 120.6385 -20.75 130
3 16 120.6385 -20.75 130 126.7274 -15.7502 130 126.8527 -20.5329 130
3 16 116.2501 -7.7562 130 116.2501 -4.875 130 118.1737 -8.2716 130
3 16 116.2501 -4.875 130 130.0443 0 129.9983 118.1737 -8.2716 130
3 16 130.0443 -7.875 113.75 130.0443 0 129.9983 130.0443 -6.5937 113.4581
3 16 118.1737 -8.2716 130 127.1105 -14.5975 130.0003 120.3569 -12.687 130
3 16 120.3569 -12.687 130 127.1105 -14.5975 130.0003 126.7274 -15.7502 130
3 16 128.7743 -12.865 129.9991 130.0443 0 129.9983 130.0443 -12.75 130
3 16 127.1105 -14.5975 130.0003 118.1737 -8.2716 130 127.7015 -13.538 129.999
3 16 118.1737 -8.2716 130 130.0443 0 129.9983 127.7015 -13.538 129.999
3 16 21.8263 -8.2716 130 19.6431 -12.687 130 12.8895 -14.5975 130.0003
3 16 12.8895 -14.5975 130.0003 19.6431 -12.687 130 13.2726 -15.7502 130
3 16 9.9557 0 129.9983 9.9557 -12.75 130 9.9557 -12.6111 113.9056
3 16 9.9557 -7.875 113.75 9.9557 0 129.9983 9.9557 -12.6111 113.9056
3 16 19.6431 -12.687 130 19.3615 -20.75 130 13.2726 -15.7502 130
3 16 13.2726 -15.7502 130 19.3615 -20.75 130 13.1473 -20.5329 130
3 16 12.8895 -14.5975 130.0003 12.2985 -13.538 129.999 21.8263 -8.2716 130
3 16 12.2985 -13.538 129.999 9.9557 0 129.9983 21.8263 -8.2716 130
3 16 11.2257 -12.865 129.9991 9.9557 0 129.9983 12.2985 -13.538 129.999
3 16 9.9557 0 129.9983 11.2257 -12.865 129.9991 9.9557 -12.75 130
3 16 138.025 -5.25 33.4208 138.0282 -5.25 106.5793 140 -5.25 33.95
3 16 140 -5.25 33.95 138.0282 -5.25 106.5793 140.0032 -5.25 106.0501
3 16 140.0032 -5.25 106.0501 141.9781 -5.25 106.5793 140 -5.25 33.95
3 16 140 -5.25 33.95 141.9781 -5.25 106.5793 141.975 -5.25 33.4208
3 16 143.4208 -5.25 31.975 146.2559 -5.2501 31.975 143.95 -5.25 30
3 16 143.95 -5.25 30 146.2559 -5.2501 31.975 146.2559 -5.2501 30.0001
3 16 136.5792 -5.25 31.975 136.5824 -5.25 108.0251 138.025 -5.25 33.4208
3 16 138.025 -5.25 33.4208 136.5824 -5.25 108.0251 138.0282 -5.25 106.5793
3 16 133.7498 -5.2501 108.0251 136.5824 -5.25 108.0251 133.7483 -5.2501 31.9751
3 16 133.7483 -5.2501 31.9751 136.5824 -5.25 108.0251 136.5792 -5.25 31.975
3 16 133.75 0 30 133.75 0 110 133.7483 -5.2501 31.9751
3 16 133.7483 -5.2501 31.9751 133.75 0 110 133.7498 -5.2501 108.0251
3 16 143.424 -5.25 108.0251 143.9292 -5.2619 109.9874 146.2571 -5.25 108.025
3 16 146.2571 -5.25 108.025 143.9292 -5.2619 109.9874 146.2571 -5.25 110
3 16 146.2593 0 129.125 146.2571 -5.25 108.025 146.2571 -5.25 110
3 16 136.5792 -5.25 31.975 136.074 -5.2619 30.0127 133.7483 -5.2501 31.9751
3 16 133.7483 -5.2501 31.9751 136.074 -5.2619 30.0127 133.7483 -5.2501 30.0001
3 16 133.75 0 30 133.7483 -5.2501 31.9751 133.7483 -5.2501 30.0001
3 16 143.4208 -5.25 31.975 143.424 -5.25 108.0251 146.2559 -5.2501 31.975
3 16 146.2559 -5.2501 31.975 143.424 -5.25 108.0251 146.2571 -5.25 108.025
3 16 146.2593 0 129.125 146.2593 0 10.875 146.2571 -5.25 108.025
3 16 146.2571 -5.25 108.025 146.2593 0 10.875 146.2559 -5.2501 31.975
3 16 3.4176 -5.25 108.0251 3.4208 -5.25 31.975 1.9719 -5.25 106.5793
3 16 1.9719 -5.25 106.5793 3.4208 -5.25 31.975 1.975 -5.25 33.4208
3 16 3.4208 -5.25 31.975 6.2517 -5.2501 31.9751 3.926 -5.2619 30.0127
3 16 3.926 -5.2619 30.0127 6.2517 -5.2501 31.9751 6.2517 -5.2501 30.0001
3 16 -1.9781 -5.25 106.5793 -1.975 -5.25 33.4208 -3.424 -5.25 108.0251
3 16 -3.424 -5.25 108.0251 -1.975 -5.25 33.4208 -3.4208 -5.25 31.975
3 16 -3.424 -5.25 108.0251 -6.2571 -5.25 108.025 -3.9292 -5.2619 109.9874
3 16 -3.9292 -5.2619 109.9874 -6.2571 -5.25 108.025 -6.2571 -5.25 110
3 16 -3.424 -5.25 108.0251 -3.4208 -5.25 31.975 -6.2571 -5.25 108.025
3 16 -6.2571 -5.25 108.025 -3.4208 -5.25 31.975 -6.2559 -5.2501 31.975
3 16 -6.2593 0 130.0815 -6.2571 -5.25 108.025 -6.2593 0 10.875
3 16 -6.2593 0 10.875 -6.2571 -5.25 108.025 -6.2559 -5.2501 31.975
3 16 6.2502 -5.2501 110 6.2502 -5.2501 108.0251 3.9469 -5.25 110.0001
3 16 3.9469 -5.25 110.0001 6.2502 -5.2501 108.0251 3.4176 -5.25 108.0251
3 16 6.25 0 110 6.2502 -5.2501 108.0251 6.2502 -5.2501 110
3 16 3.4176 -5.25 108.0251 6.2502 -5.2501 108.0251 3.4208 -5.25 31.975
3 16 3.4208 -5.25 31.975 6.2502 -5.2501 108.0251 6.2517 -5.2501 31.9751
3 16 6.25 0 9.125 6.2517 -5.2501 31.9751 6.25 0 110
3 16 6.25 0 110 6.2517 -5.2501 31.9751 6.2502 -5.2501 108.0251
3 16 -3.4208 -5.25 31.975 -3.95 -5.25 30 -6.2559 -5.2501 31.975
3 16 -6.2559 -5.2501 31.975 -3.95 -5.25 30 -6.2559 -5.2501 30.0001
3 16 -6.2593 0 10.875 -6.2559 -5.2501 31.975 -6.2559 -5.2501 30.0001
3 16 58.6279 0 -6.025 70.0524 0 -6.025 60.15 0 -10
3 16 70 -8 5.6875 78.7539 -8 -7.7699 72.1563 -8 6.2653
3 16 72.1563 -8 6.2653 78.7539 -8 -7.7699 79.9629 -8 -7.0256
3 16 74.3125 -8 10 73.7347 -8 7.8437 82.8609 -8 -7.7363
3 16 82.8609 -8 -7.7363 73.7347 -8 7.8437 81.1889 -8 -7.7699
3 16 81.1889 -8 -7.7699 73.7347 -8 7.8437 79.9629 -8 -7.0256
3 16 79.9629 -8 -7.0256 73.7347 -8 7.8437 72.1563 -8 6.2653
3 16 47.8349 -8 -8.75 48.75 -8 -7.8349 45.6699 -8 -7.5
3 16 113.0105 -10.25 -15.3147 112.9947 -8 -10 113.0026 -5.25 -15.3147
3 16 13.0054 0 6.7 25.8735 -4.2417 6.7018 25.6987 -5.3479 6.6989
3 16 67.8438 -24 13.7347 70 -24 14.3125 70 -24 59.3896
3 16 70 -24 14.3125 67.8438 -24 13.7347 70 0 14.3125
3 16 70 0 14.3125 67.8438 -24 13.7347 67.8438 0 13.7347
3 16 49.9982 -24 10 34.1991 -24 41.6017 49.9991 -8 10
3 16 49.9991 -8 10 34.1991 -24 41.6017 34.1991 -8 41.6017
3 16 65.6875 -24 10 66.2653 -24 12.1563 49.9982 -24 10
3 16 34.1991 -24 41.6017 49.9982 -24 10 66.2653 -24 12.1563
3 16 74.3125 -24 10 73.7347 -24 12.1563 74.3125 -8 10
3 16 74.3125 -8 10 73.7347 -24 12.1563 73.7347 0 12.1563
3 16 65.6875 -24 10 65.6875 -8 10 66.2653 -24 12.1563
3 16 66.2653 -24 12.1563 65.6875 -8 10 66.2653 0 12.1563
3 16 66.2653 -24 12.1563 67.8438 -24 13.7347 34.1991 -24 41.6017
3 16 67.8438 -24 13.7347 70 -24 59.3896 34.1991 -24 41.6017
3 16 67.8438 -24 13.7347 66.2653 -24 12.1563 67.8438 0 13.7347
3 16 67.8438 0 13.7347 66.2653 -24 12.1563 66.2653 0 12.1563
3 16 65.6875 -24 10 49.9982 -24 10 65.6875 -8 10
3 16 65.6875 -8 10 49.9982 -24 10 49.9991 -8 10
3 16 34.1991 -24 41.6017 32.0468 -24 46.9733 34.1991 -8 41.6017
3 16 34.1991 -8 41.6017 32.0468 -24 46.9733 32.0468 -8 46.9733
3 16 32.0468 -24 46.9733 34.1991 -24 41.6017 70 -24 59.3896
3 16 30.0219 -8 150 30.0219 -8 59.3896 30.0219 -24 150
3 16 30.0219 -24 150 30.0219 -8 59.3896 30.0219 -24 59.3896
3 16 30.0219 -24 59.3896 70 -24 59.3896 30.0219 -24 150
3 16 30.0219 -24 150 70 -24 59.3896 70 -24 150
3 16 30.0219 -24 59.3896 30.3856 -24 54.2153 70 -24 59.3896
3 16 30.3856 -24 54.2153 30.0219 -24 59.3896 30.3856 -8 54.2153
3 16 30.3856 -8 54.2153 30.0219 -24 59.3896 30.0219 -8 59.3896
3 16 30.3856 -24 54.2153 32.0468 -24 46.9733 70 -24 59.3896
3 16 32.0468 -24 46.9733 30.3856 -24 54.2153 32.0468 -8 46.9733
3 16 32.0468 -8 46.9733 30.3856 -24 54.2153 30.3856 -8 54.2153
3 16 73.7347 -24 12.1563 72.1563 -24 13.7347 73.7347 0 12.1563
3 16 73.7347 0 12.1563 72.1563 -24 13.7347 72.1563 0 13.7347
3 16 73.7347 -24 12.1563 105.8009 -24 41.6017 72.1563 -24 13.7347
3 16 72.1563 -24 13.7347 105.8009 -24 41.6017 70 -24 59.3896
3 16 70 -24 14.3125 72.1563 -24 13.7347 70 -24 59.3896
3 16 72.1563 -24 13.7347 70 -24 14.3125 72.1563 0 13.7347
3 16 72.1563 0 13.7347 70 -24 14.3125 70 0 14.3125
3 16 90.0018 -24 10 74.3125 -24 10 90.0018 -8 10
3 16 90.0018 -8 10 74.3125 -24 10 74.3125 -8 10
3 16 74.3125 -24 10 90.0018 -24 10 73.7347 -24 12.1563
3 16 90.0018 -24 10 105.8009 -24 41.6017 73.7347 -24 12.1563
3 16 105.8009 -24 41.6017 90.0018 -24 10 105.8009 -8 41.6017
3 16 105.8009 -8 41.6017 90.0018 -24 10 90.0018 -8 10
3 16 109.9781 -24 59.3896 109.6144 -24 54.2153 109.9781 -8 59.3896
3 16 109.9781 -8 59.3896 109.6144 -24 54.2153 109.6144 -8 54.2153
3 16 109.6144 -24 54.2153 109.9781 -24 59.3896 70 -24 59.3896
3 16 70 -24 150 70 -24 59.3896 109.9781 -24 150
3 16 109.9781 -24 150 70 -24 59.3896 109.9781 -24 59.3896
3 16 109.9781 -24 150 109.9781 -24 59.3896 109.9781 -8 150
3 16 109.9781 -8 150 109.9781 -24 59.3896 109.9781 -8 59.3896
3 16 105.8009 -24 41.6017 107.9532 -24 46.9733 70 -24 59.3896
3 16 107.9532 -24 46.9733 105.8009 -24 41.6017 107.9532 -8 46.9733
3 16 107.9532 -8 46.9733 105.8009 -24 41.6017 105.8009 -8 41.6017
3 16 109.6144 -24 54.2153 107.9532 -24 46.9733 109.6144 -8 54.2153
3 16 109.6144 -8 54.2153 107.9532 -24 46.9733 107.9532 -8 46.9733
3 16 107.9532 -24 46.9733 109.6144 -24 54.2153 70 -24 59.3896
3 16 19.4249 -8.0013 -16.6125 18.8042 -22.8272 -18.682 18.6746 -21.4519 -19.0655
3 16 19.425 -24 -16.6125 19.0971 -23.7479 -17.6945 19.4249 -8.0013 -16.6125
3 16 16.5 -24 -16.6125 16.4999 -19.0019 -16.3268 16.4999 -23.7565 -17.6771
3 16 16.4999 -19.0019 -16.3268 16.4999 -21.4692 -19.0655 16.4999 -22.8297 -18.6798
3 16 117.5 -24 -16.6125 117.5 -19.0019 -16.3268 117.5 -23.7565 -17.6771
3 16 117.5 -19.0019 -16.3268 117.5 -21.4692 -19.0655 117.5 -22.8297 -18.6798
3 16 120.4213 -8.0927 -16.6251 119.8042 -22.8272 -18.682 119.6746 -21.4519 -19.0655
3 16 120.4251 -24 -16.6125 120.0971 -23.7479 -17.6945 120.4213 -8.0927 -16.6251
3 16 16.4999 -19.0019 -16.3268 12.4468 -11.1764 -17.1475 13.6082 -13.472 -18.4581
3 16 13.279 -7.99 -10 11.9947 -8 -12.0299 11.641 -7.99 -10.8618
3 16 19.4249 -8.0013 -16.6125 13.279 -7.99 -10 16.7455 -7.8706 -2.1045
3 16 16.7455 -7.8706 -2.1045 13.279 -7.99 -10 13.2816 -7.9899 -2.1125
3 16 19.4249 -8.0013 -16.6125 16.7455 -7.8706 -2.1045 19.4247 -8 0.8875
3 16 1.7153 -5.25 29.0096 0.0003 -5.25 30 1.9807 -5.25 30
3 16 0.0003 -5.25 30 -0.9904 -5.25 28.2847 -1.7153 -5.25 29.0096
3 16 0.0003 -5.25 30 -1.7153 -5.25 29.0096 -1.9807 -5.25 30
3 16 0.9904 -5.25 28.2847 0 -5.25 28.0193 0.0003 -5.25 30
3 16 0.0003 -5.25 30 0 -5.25 28.0193 -0.9904 -5.25 28.2847
3 16 0.9904 -5.25 28.2847 0.0003 -5.25 30 1.7153 -5.25 29.0096
3 16 60.15 0 -10 69.9476 0 -10 60.15 -8 -10
3 16 60.15 -8 -10 69.9476 0 -10 69.9476 -8 -10
3 16 70 -8 5.6875 67.8438 -8 6.2653 69.9476 -8 -10
3 16 69.9476 -8 -10 67.8438 -8 6.2653 60.15 -8 -10
3 16 45.0964 -8 -6.2878 45.0964 0 -6.2878 45.7822 -8 -6.6748
3 16 45.7822 -8 -6.6748 45.0964 0 -6.2878 45.7822 0 -6.6748
3 16 49.9991 -8 10 45.0964 -8 -6.2878 45.7822 -8 -6.6748
3 16 54.3582 0 -6.6551 55.041 0 -6.3115 54.3582 -8 -6.6551
3 16 54.3582 -8 -6.6551 55.041 0 -6.3115 55.041 -8 -6.3115
3 16 54.3582 0 -6.6551 54.1623 0 -3.7349 55.041 0 -6.3115
3 16 56.5245 0 -5.0728 55.041 0 -6.3115 54.1623 0 -3.7349
3 16 43.6307 0 -4.9798 45.0964 0 -6.2878 43.4962 0 -6.3
3 16 65.6875 -8 10 55.041 -8 -6.3115 66.2653 -8 7.8437
3 16 66.2653 -8 7.8437 55.041 -8 -6.3115 56.6342 -8 -6.3
3 16 -3.424 0 188.0249 -1.9782 0 186.5791 -3.424 -5.7286 188.0249
3 16 -3.424 -5.7286 188.0249 -1.9782 0 186.5791 -1.9782 -7.0049 186.5791
3 16 -1.9782 0 186.5791 -0.0032 0 186.0499 -1.9782 -7.0049 186.5791
3 16 -1.9782 -7.0049 186.5791 -0.0032 0 186.0499 -0.005 -9 186.0499
3 16 1.9718 0 186.5791 1.9718 -7.0049 186.5791 -0.0032 0 186.0499
3 16 -0.0032 0 186.0499 1.9718 -7.0049 186.5791 -0.005 -9 186.0499
3 16 3.4177 0 188.0249 3.4177 -5.7286 188.0249 1.9718 0 186.5791
3 16 1.9718 0 186.5791 3.4177 -5.7286 188.0249 1.9718 -7.0049 186.5791
3 16 3.9468 0 189.9999 3.9468 -5.25 189.9999 3.4177 0 188.0249
3 16 3.4177 0 188.0249 3.9468 -5.25 189.9999 3.4177 -5.7286 188.0249
3 16 3.4177 -5.25 191.9749 3.9468 -5.25 189.9999 3.4177 0 191.9749
3 16 3.4177 0 191.9749 3.9468 -5.25 189.9999 3.9468 0 189.9999
3 16 3.4177 0 191.9749 1.9718 0 193.4207 3.4177 -5.25 191.9749
3 16 3.4177 -5.25 191.9749 1.9718 0 193.4207 1.9718 -5.25 193.4207
3 16 1.9718 0 193.4207 -0.0032 0 193.9499 1.9718 -5.25 193.4207
3 16 1.9718 -5.25 193.4207 -0.0032 0 193.9499 -0.0032 -5.25 193.9499
3 16 -0.0032 0 193.9499 -1.9782 0 193.4207 -0.0032 -5.25 193.9499
3 16 -0.0032 -5.25 193.9499 -1.9782 0 193.4207 -1.9782 -5.25 193.4207
3 16 -1.9782 0 193.4207 -3.424 0 191.9749 -1.9782 -5.25 193.4207
3 16 -1.9782 -5.25 193.4207 -3.424 0 191.9749 -3.424 -5.25 191.9749
3 16 -3.9292 -5.2619 190.0126 -3.424 -5.25 191.9749 -3.9532 0 189.9999
3 16 -3.9532 0 189.9999 -3.424 -5.25 191.9749 -3.424 0 191.9749
3 16 -3.424 -5.7286 188.0249 -3.9292 -5.2619 190.0126 -3.424 0 188.0249
3 16 -3.424 0 188.0249 -3.9292 -5.2619 190.0126 -3.9532 0 189.9999
3 16 -1.9782 0 186.5791 -3.424 0 188.0249 -0.9935 0 188.2846
3 16 -0.9935 0 188.2846 -3.424 0 188.0249 -1.7185 0 189.0095
3 16 -0.0032 0 186.0499 -1.9782 0 186.5791 -0.0032 0 188.0192
3 16 -0.0032 0 188.0192 -1.9782 0 186.5791 -0.9935 0 188.2846
3 16 1.9718 0 186.5791 -0.0032 0 186.0499 0.9872 0 188.2846
3 16 0.9872 0 188.2846 -0.0032 0 186.0499 -0.0032 0 188.0192
3 16 3.4177 0 188.0249 1.9718 0 186.5791 1.7122 0 189.0095
3 16 1.7122 0 189.0095 1.9718 0 186.5791 0.9872 0 188.2846
3 16 3.9468 0 189.9999 3.4177 0 188.0249 1.9776 0 189.9999
3 16 1.9776 0 189.9999 3.4177 0 188.0249 1.7122 0 189.0095
3 16 1.9776 0 189.9999 1.7122 0 190.9903 3.9468 0 189.9999
3 16 3.9468 0 189.9999 1.7122 0 190.9903 3.4177 0 191.9749
3 16 1.9718 0 193.4207 3.4177 0 191.9749 0.9872 0 191.7152
3 16 0.9872 0 191.7152 3.4177 0 191.9749 1.7122 0 190.9903
3 16 -0.0032 0 193.9499 1.9718 0 193.4207 -0.0032 0 191.9806
3 16 -0.0032 0 191.9806 1.9718 0 193.4207 0.9872 0 191.7152
3 16 -1.9782 0 193.4207 -0.0032 0 193.9499 -0.9935 0 191.7152
3 16 -0.9935 0 191.7152 -0.0032 0 193.9499 -0.0032 0 191.9806
3 16 -3.424 0 191.9749 -1.9782 0 193.4207 -1.7185 0 190.9903
3 16 -1.7185 0 190.9903 -1.9782 0 193.4207 -0.9935 0 191.7152
3 16 -1.9839 0 189.9999 -3.9532 0 189.9999 -1.7185 0 190.9903
3 16 -1.7185 0 190.9903 -3.9532 0 189.9999 -3.424 0 191.9749
3 16 -3.424 0 188.0249 -3.9532 0 189.9999 -1.7185 0 189.0095
3 16 -1.7185 0 189.0095 -3.9532 0 189.9999 -1.9839 0 189.9999
3 16 -0.9935 0 188.2846 -1.7185 0 189.0095 -0.9935 -5.25 188.2846
3 16 -0.9935 -5.25 188.2846 -1.7185 0 189.0095 -1.7185 -5.25 189.0095
3 16 -0.0032 0 188.0192 -0.9935 0 188.2846 -0.0032 -5.25 188.0192
3 16 -0.0032 -5.25 188.0192 -0.9935 0 188.2846 -0.9935 -5.25 188.2846
3 16 0.9872 0 188.2846 -0.0032 0 188.0192 0.9872 -5.25 188.2846
3 16 0.9872 -5.25 188.2846 -0.0032 0 188.0192 -0.0032 -5.25 188.0192
3 16 1.7122 0 189.0095 0.9872 0 188.2846 1.7122 -5.25 189.0095
3 16 1.7122 -5.25 189.0095 0.9872 0 188.2846 0.9872 -5.25 188.2846
3 16 1.9776 0 189.9999 1.7122 0 189.0095 1.9776 -5.25 189.9999
3 16 1.9776 -5.25 189.9999 1.7122 0 189.0095 1.7122 -5.25 189.0095
3 16 1.7122 0 190.9903 1.9776 0 189.9999 1.7122 -5.25 190.9903
3 16 1.7122 -5.25 190.9903 1.9776 0 189.9999 1.9776 -5.25 189.9999
3 16 0.9872 0 191.7152 1.7122 0 190.9903 0.9872 -5.25 191.7152
3 16 0.9872 -5.25 191.7152 1.7122 0 190.9903 1.7122 -5.25 190.9903
3 16 -0.0032 0 191.9806 0.9872 0 191.7152 -0.0032 -5.25 191.9806
3 16 -0.0032 -5.25 191.9806 0.9872 0 191.7152 0.9872 -5.25 191.7152
3 16 -0.9935 0 191.7152 -0.0032 0 191.9806 -0.9935 -5.25 191.7152
3 16 -0.9935 -5.25 191.7152 -0.0032 0 191.9806 -0.0032 -5.25 191.9806
3 16 -1.7185 0 190.9903 -0.9935 0 191.7152 -1.7185 -5.25 190.9903
3 16 -1.7185 -5.25 190.9903 -0.9935 0 191.7152 -0.9935 -5.25 191.7152
3 16 -1.9839 0 189.9999 -1.7185 0 190.9903 -1.9839 -5.25 189.9999
3 16 -1.9839 -5.25 189.9999 -1.7185 0 190.9903 -1.7185 -5.25 190.9903
3 16 -1.7185 0 189.0095 -1.9839 0 189.9999 -1.7185 -5.25 189.0095
3 16 -1.7185 -5.25 189.0095 -1.9839 0 189.9999 -1.9839 -5.25 189.9999
3 16 0.9872 -5.25 191.7152 -0.0034 -5.25 189.9999 -0.0032 -5.25 191.9806
3 16 1.7122 -5.25 189.0095 -0.0034 -5.25 189.9999 1.9776 -5.25 189.9999
3 16 -0.9935 -5.25 188.2846 -0.0034 -5.25 189.9999 -0.0032 -5.25 188.0192
3 16 -1.7185 -5.25 190.9903 -0.0034 -5.25 189.9999 -1.9839 -5.25 189.9999
3 16 1.9776 -5.25 189.9999 -0.0034 -5.25 189.9999 1.7122 -5.25 190.9903
3 16 1.7122 -5.25 190.9903 -0.0034 -5.25 189.9999 0.9872 -5.25 191.7152
3 16 -0.0032 -5.25 188.0192 -0.0034 -5.25 189.9999 0.9872 -5.25 188.2846
3 16 0.9872 -5.25 188.2846 -0.0034 -5.25 189.9999 1.7122 -5.25 189.0095
3 16 -0.0034 -5.25 189.9999 -1.7185 -5.25 189.0095 -1.9839 -5.25 189.9999
3 16 -0.9935 -5.25 188.2846 -1.7185 -5.25 189.0095 -0.0034 -5.25 189.9999
3 16 -0.0032 -5.25 191.9806 -0.0034 -5.25 189.9999 -0.9935 -5.25 191.7152
3 16 -0.9935 -5.25 191.7152 -0.0034 -5.25 189.9999 -1.7185 -5.25 190.9903
3 16 -6.2571 -5.25 190 -3.9292 -5.2619 190.0126 -6.2484 -5.7286 188.0249
3 16 -6.2484 -5.7286 188.0249 -3.9292 -5.2619 190.0126 -3.424 -5.7286 188.0249
3 16 -6.2586 -12.7499 186.1499 -6.2586 -9 186.1499 -0.0056 -12.7499 186.1499
3 16 -0.0056 -12.7499 186.1499 -6.2586 -9 186.1499 -0.005 -9 186.0499
3 16 -1.975 -5.25 266.5792 -1.9782 -5.25 193.4207 -3.4208 -5.25 268.025
3 16 -3.4208 -5.25 268.025 -1.9782 -5.25 193.4207 -3.424 -5.25 191.9749
3 16 6.2502 -5.2501 190 3.9468 -5.25 189.9999 6.2502 -5.2501 191.9749
3 16 6.2502 -5.2501 191.9749 3.9468 -5.25 189.9999 3.4177 -5.25 191.9749
3 16 3.4177 -5.7286 188.0249 3.9468 -5.25 189.9999 6.2563 -5.7286 188.0249
3 16 6.2563 -5.7286 188.0249 3.9468 -5.25 189.9999 6.2502 -5.2501 190
3 16 -0.0056 -12.7499 186.1499 -0.005 -9 186.0499 6.2472 -12.75 186.1499
3 16 6.2472 -12.75 186.1499 -0.005 -9 186.0499 6.2484 -9 186.1499
3 16 6.2563 -5.7286 188.0249 6.2468 -7.0049 186.5791 3.4177 -5.7286 188.0249
3 16 3.4177 -5.7286 188.0249 6.2468 -7.0049 186.5791 1.9718 -7.0049 186.5791
3 16 -0.005 -9 186.0499 1.9718 -7.0049 186.5791 6.2484 -9 186.1499
3 16 6.2484 -9 186.1499 1.9718 -7.0049 186.5791 6.2468 -7.0049 186.5791
3 16 -6.2532 -7.0049 186.5791 -1.9782 -7.0049 186.5791 -6.2586 -9 186.1499
3 16 -6.2586 -9 186.1499 -1.9782 -7.0049 186.5791 -0.005 -9 186.0499
3 16 -1.9782 -7.0049 186.5791 -6.2532 -7.0049 186.5791 -3.424 -5.7286 188.0249
3 16 -3.424 -5.7286 188.0249 -6.2532 -7.0049 186.5791 -6.2484 -5.7286 188.0249
3 16 3.4208 0 271.975 1.975 0 273.4208 3.4208 -5.7286 271.975
3 16 3.4208 -5.7286 271.975 1.975 0 273.4208 1.975 -7.0049 273.4208
3 16 1.975 0 273.4208 0 0 273.95 1.975 -7.0049 273.4208
3 16 1.975 -7.0049 273.4208 0 0 273.95 0.0018 -9 273.95
3 16 -1.975 0 273.4208 -1.975 -7.0049 273.4208 0 0 273.95
3 16 0 0 273.95 -1.975 -7.0049 273.4208 0.0018 -9 273.95
3 16 -3.4208 0 271.975 -3.4208 -5.7286 271.975 -1.975 0 273.4208
3 16 -1.975 0 273.4208 -3.4208 -5.7286 271.975 -1.975 -7.0049 273.4208
3 16 -3.95 0 270 -3.95 -5.25 270 -3.4208 0 271.975
3 16 -3.4208 0 271.975 -3.95 -5.25 270 -3.4208 -5.7286 271.975
3 16 -3.4208 -5.25 268.025 -3.95 -5.25 270 -3.4208 0 268.025
3 16 -3.4208 0 268.025 -3.95 -5.25 270 -3.95 0 270
3 16 -3.4208 0 268.025 -1.975 0 266.5792 -3.4208 -5.25 268.025
3 16 -3.4208 -5.25 268.025 -1.975 0 266.5792 -1.975 -5.25 266.5792
3 16 -1.975 0 266.5792 0 0 266.05 -1.975 -5.25 266.5792
3 16 -1.975 -5.25 266.5792 0 0 266.05 0 -5.25 266.05
3 16 0 0 266.05 1.975 0 266.5792 0 -5.25 266.05
3 16 0 -5.25 266.05 1.975 0 266.5792 1.975 -5.25 266.5792
3 16 1.975 0 266.5792 3.4208 0 268.025 1.975 -5.25 266.5792
3 16 1.975 -5.25 266.5792 3.4208 0 268.025 3.4208 -5.25 268.025
3 16 3.926 -5.2619 269.9873 3.4208 -5.25 268.025 3.95 0 270
3 16 3.95 0 270 3.4208 -5.25 268.025 3.4208 0 268.025
3 16 3.4208 -5.7286 271.975 3.926 -5.2619 269.9873 3.4208 0 271.975
3 16 3.4208 0 271.975 3.926 -5.2619 269.9873 3.95 0 270
3 16 1.975 0 273.4208 3.4208 0 271.975 0.9904 0 271.7153
3 16 0.9904 0 271.7153 3.4208 0 271.975 1.7153 0 270.9904
3 16 0 0 273.95 1.975 0 273.4208 0 0 271.9807
3 16 0 0 271.9807 1.975 0 273.4208 0.9904 0 271.7153
3 16 -1.975 0 273.4208 0 0 273.95 -0.9904 0 271.7153
3 16 -0.9904 0 271.7153 0 0 273.95 0 0 271.9807
3 16 -3.4208 0 271.975 -1.975 0 273.4208 -1.7153 0 270.9904
3 16 -1.7153 0 270.9904 -1.975 0 273.4208 -0.9904 0 271.7153
3 16 -3.95 0 270 -3.4208 0 271.975 -1.9807 0 270
3 16 -1.9807 0 270 -3.4208 0 271.975 -1.7153 0 270.9904
3 16 -1.9807 0 270 -1.7153 0 269.0096 -3.95 0 270
3 16 -3.95 0 270 -1.7153 0 269.0096 -3.4208 0 268.025
3 16 -1.975 0 266.5792 -3.4208 0 268.025 -0.9904 0 268.2847
3 16 -0.9904 0 268.2847 -3.4208 0 268.025 -1.7153 0 269.0096
3 16 0 0 266.05 -1.975 0 266.5792 0 0 268.0193
3 16 0 0 268.0193 -1.975 0 266.5792 -0.9904 0 268.2847
3 16 1.975 0 266.5792 0 0 266.05 0.9904 0 268.2847
3 16 0.9904 0 268.2847 0 0 266.05 0 0 268.0193
3 16 3.4208 0 268.025 1.975 0 266.5792 1.7153 0 269.0096
3 16 1.7153 0 269.0096 1.975 0 266.5792 0.9904 0 268.2847
3 16 1.9807 0 270 3.95 0 270 1.7153 0 269.0096
3 16 1.7153 0 269.0096 3.95 0 270 3.4208 0 268.025
3 16 3.4208 0 271.975 3.95 0 270 1.7153 0 270.9904
3 16 1.7153 0 270.9904 3.95 0 270 1.9807 0 270
3 16 0.9904 0 271.7153 1.7153 0 270.9904 0.9904 -5.25 271.7153
3 16 0.9904 -5.25 271.7153 1.7153 0 270.9904 1.7153 -5.25 270.9904
3 16 0 0 271.9807 0.9904 0 271.7153 0 -5.25 271.9807
3 16 0 -5.25 271.9807 0.9904 0 271.7153 0.9904 -5.25 271.7153
3 16 -0.9904 0 271.7153 0 0 271.9807 -0.9904 -5.25 271.7153
3 16 -0.9904 -5.25 271.7153 0 0 271.9807 0 -5.25 271.9807
3 16 -1.7153 0 270.9904 -0.9904 0 271.7153 -1.7153 -5.25 270.9904
3 16 -1.7153 -5.25 270.9904 -0.9904 0 271.7153 -0.9904 -5.25 271.7153
3 16 -1.9807 0 270 -1.7153 0 270.9904 -1.9807 -5.25 270
3 16 -1.9807 -5.25 270 -1.7153 0 270.9904 -1.7153 -5.25 270.9904
3 16 -1.7153 0 269.0096 -1.9807 0 270 -1.7153 -5.25 269.0096
3 16 -1.7153 -5.25 269.0096 -1.9807 0 270 -1.9807 -5.25 270
3 16 -0.9904 0 268.2847 -1.7153 0 269.0096 -0.9904 -5.25 268.2847
3 16 -0.9904 -5.25 268.2847 -1.7153 0 269.0096 -1.7153 -5.25 269.0096
3 16 0 0 268.0193 -0.9904 0 268.2847 0 -5.25 268.0193
3 16 0 -5.25 268.0193 -0.9904 0 268.2847 -0.9904 -5.25 268.2847
3 16 0.9904 0 268.2847 0 0 268.0193 0.9904 -5.25 268.2847
3 16 0.9904 -5.25 268.2847 0 0 268.0193 0 -5.25 268.0193
3 16 1.7153 0 269.0096 0.9904 0 268.2847 1.7153 -5.25 269.0096
3 16 1.7153 -5.25 269.0096 0.9904 0 268.2847 0.9904 -5.25 268.2847
3 16 1.9807 0 270 1.7153 0 269.0096 1.9807 -5.25 270
3 16 1.9807 -5.25 270 1.7153 0 269.0096 1.7153 -5.25 269.0096
3 16 1.7153 0 270.9904 1.9807 0 270 1.7153 -5.25 270.9904
3 16 1.7153 -5.25 270.9904 1.9807 0 270 1.9807 -5.25 270
3 16 -0.9904 -5.25 268.2847 0.0002 -5.25 270 0 -5.25 268.0193
3 16 -1.7153 -5.25 270.9904 0.0002 -5.25 270 -1.9807 -5.25 270
3 16 0.9904 -5.25 271.7153 0.0002 -5.25 270 0 -5.25 271.9807
3 16 1.7153 -5.25 269.0096 0.0002 -5.25 270 1.9807 -5.25 270
3 16 -1.9807 -5.25 270 0.0002 -5.25 270 -1.7153 -5.25 269.0096
3 16 -1.7153 -5.25 269.0096 0.0002 -5.25 270 -0.9904 -5.25 268.2847
3 16 0 -5.25 271.9807 0.0002 -5.25 270 -0.9904 -5.25 271.7153
3 16 -0.9904 -5.25 271.7153 0.0002 -5.25 270 -1.7153 -5.25 270.9904
3 16 0.0002 -5.25 270 1.7153 -5.25 270.9904 1.9807 -5.25 270
3 16 0.9904 -5.25 271.7153 1.7153 -5.25 270.9904 0.0002 -5.25 270
3 16 0 -5.25 268.0193 0.0002 -5.25 270 0.9904 -5.25 268.2847
3 16 0.9904 -5.25 268.2847 0.0002 -5.25 270 1.7153 -5.25 269.0096
3 16 -3.8209 -5.275 150.875 -3.95 -5.25 150 -6.2579 -5.25 150.875
3 16 -6.2579 -5.25 150.875 -3.95 -5.25 150 -6.2586 -5.25 150
3 16 3.8357 -12.7503 150.8507 6.2511 -12.7503 150.8739 3.8357 -5.2619 150.8507
3 16 3.8357 -5.2619 150.8507 6.2511 -12.7503 150.8739 6.25 -5.25 150.875
3 16 -6.2579 -5.25 150.875 -6.2547 -12.7501 150.875 -3.8209 -5.275 150.875
3 16 -3.8209 -5.275 150.875 -6.2547 -12.7501 150.875 -3.8209 -12.7503 150.875
3 16 6.25 -5.2502 150 3.926 -5.2619 150 6.25 -5.25 150.875
3 16 6.25 -5.25 150.875 3.926 -5.2619 150 3.8357 -5.2619 150.8507
3 16 -3.8209 -5.275 150.875 -3.8209 0 150.875 -3.95 -5.25 150
3 16 -3.95 -5.25 150 -3.8209 0 150.875 -3.95 0 150
3 16 3.8357 -5.2619 150.8507 3.8357 0 150.8507 3.4208 0 151.975
3 16 1.975 0 153.4208 3.4208 0 151.975 0.9904 0 151.7153
3 16 0.9904 0 151.7153 3.4208 0 151.975 1.7153 0 150.9904
3 16 0 0 153.95 1.975 0 153.4208 0 0 151.9807
3 16 0 0 151.9807 1.975 0 153.4208 0.9904 0 151.7153
3 16 -1.975 0 153.4208 0 0 153.95 -0.9904 0 151.7153
3 16 -0.9904 0 151.7153 0 0 153.95 0 0 151.9807
3 16 -3.4208 0 151.975 -1.975 0 153.4208 -1.7153 0 150.9904
3 16 -1.7153 0 150.9904 -1.975 0 153.4208 -0.9904 0 151.7153
3 16 -1.9807 0 150 -3.8209 0 150.875 -1.7153 0 150.9904
3 16 -1.7153 0 150.9904 -3.8209 0 150.875 -3.4208 0 151.975
3 16 1.9807 0 150 3.8357 0 150.8507 3.95 0 150
3 16 0.9904 0 151.7153 1.7153 0 150.9904 0.9904 -12.7683 151.7153
3 16 0.9904 -12.7683 151.7153 1.7153 0 150.9904 1.7153 -12.7683 150.9904
3 16 0 0 151.9807 0.9904 0 151.7153 0 -12.7683 151.9807
3 16 0 -12.7683 151.9807 0.9904 0 151.7153 0.9904 -12.7683 151.7153
3 16 -0.9904 0 151.7153 0 0 151.9807 -0.9904 -12.7683 151.7153
3 16 -0.9904 -12.7683 151.7153 0 0 151.9807 0 -12.7683 151.9807
3 16 -1.7153 0 150.9904 -0.9904 0 151.7153 -1.7153 -12.7683 150.9904
3 16 -1.7153 -12.7683 150.9904 -0.9904 0 151.7153 -0.9904 -12.7683 151.7153
3 16 -1.9807 0 150 -1.7153 0 150.9904 -1.9807 -12.7503 150
3 16 -1.9807 -12.7503 150 -1.7153 0 150.9904 -1.7153 -12.7683 150.9904
3 16 1.9807 0 150 1.9807 -12.7503 150 1.7153 0 150.9904
3 16 1.7153 0 150.9904 1.9807 -12.7503 150 1.7153 -12.7683 150.9904
3 16 -1.7153 -12.7683 150.9904 0 -12.7503 150 -1.9807 -12.7503 150
3 16 0.9904 -12.7683 151.7153 0 -12.7503 150 0 -12.7683 151.9807
3 16 0 -12.7683 151.9807 0 -12.7503 150 -0.9904 -12.7683 151.7153
3 16 -0.9904 -12.7683 151.7153 0 -12.7503 150 -1.7153 -12.7683 150.9904
3 16 0 -12.7503 150 1.7153 -12.7683 150.9904 1.9807 -12.7503 150
3 16 0.9904 -12.7683 151.7153 1.7153 -12.7683 150.9904 0 -12.7503 150
3 16 3.8357 -12.7503 150.8507 3.8357 -5.2619 150.8507 3.4208 -12.7503 151.975
3 16 3.4208 -12.7503 151.975 3.8357 -5.2619 150.8507 3.4208 0 151.975
3 16 -1.975 0 153.4208 -3.4208 0 151.975 -1.975 -12.7503 153.4208
3 16 -1.975 -12.7503 153.4208 -3.4208 0 151.975 -3.4208 -12.7503 151.975
3 16 0 0 153.95 -1.975 0 153.4208 0 -12.7503 153.95
3 16 0 -12.7503 153.95 -1.975 0 153.4208 -1.975 -12.7503 153.4208
3 16 1.975 0 153.4208 0 0 153.95 1.975 -12.7503 153.4208
3 16 1.975 -12.7503 153.4208 0 0 153.95 0 -12.7503 153.95
3 16 3.4208 0 151.975 1.975 0 153.4208 3.4208 -12.7503 151.975
3 16 3.4208 -12.7503 151.975 1.975 0 153.4208 1.975 -12.7503 153.4208
3 16 -3.4208 0 151.975 -3.8209 -5.275 150.875 -3.4208 -12.7503 151.975
3 16 -3.4208 -12.7503 151.975 -3.8209 -5.275 150.875 -3.8209 -12.7503 150.875
3 16 -3.4208 0 151.975 -3.8209 0 150.875 -3.8209 -5.275 150.875
3 16 3.95 0 150 3.8357 0 150.8507 3.926 -5.2619 150
3 16 3.926 -5.2619 150 3.8357 0 150.8507 3.8357 -5.2619 150.8507
3 16 -3.95 0 150 -3.8209 0 150.875 -1.9807 0 150
3 16 3.4208 0 151.975 3.8357 0 150.8507 1.7153 0 150.9904
3 16 1.7153 0 150.9904 3.8357 0 150.8507 1.9807 0 150
3 16 6.25 -5.25 170.875 6.2501 -5.25 169.125 3.926 -5.2619 169.9873
3 16 3.926 -5.2619 169.9873 6.2501 -5.25 169.125 3.8454 -5.262 169.118
3 16 -3.8209 -5.275 170.875 -3.95 -5.25 170 -6.2579 -5.25 170.875
3 16 3.8454 -12.7503 169.118 3.8454 -5.262 169.118 6.2518 -12.7503 169.1113
3 16 6.2518 -12.7503 169.1113 3.8454 -5.262 169.118 6.2501 -5.25 169.125
3 16 -6.2577 -5.25 169.125 -3.7931 -5.25 169.125 -6.25 -12.7503 169.125
3 16 -6.25 -12.7503 169.125 -3.7931 -5.25 169.125 -3.7931 -12.7503 169.125
3 16 3.8357 -12.7503 170.8507 6.2505 -12.7502 170.8495 3.8357 -5.2619 170.8507
3 16 3.8357 -5.2619 170.8507 6.2505 -12.7502 170.8495 6.25 -5.25 170.875
3 16 -6.2579 -5.25 170.875 -6.2547 -12.7501 170.875 -3.8209 -5.275 170.875
3 16 -3.8209 -5.275 170.875 -6.2547 -12.7501 170.875 -3.8209 -12.7503 170.875
3 16 -6.2579 -5.25 170.875 -3.95 -5.25 170 -6.2577 -5.25 169.125
3 16 -6.2577 -5.25 169.125 -3.95 -5.25 170 -3.7931 -5.25 169.125
3 16 6.25 -5.25 170.875 3.926 -5.2619 169.9873 3.8357 -5.2619 170.8507
3 16 -3.8209 -5.275 170.875 -3.8209 0 170.875 -3.95 -5.25 170
3 16 -3.95 -5.25 170 -3.8209 0 170.875 -3.95 0 170
3 16 -3.95 0 170 -3.7931 0 169.125 -3.95 -5.25 170
3 16 -3.95 -5.25 170 -3.7931 0 169.125 -3.7931 -5.25 169.125
3 16 3.8454 -5.262 169.118 3.8454 0 169.118 3.926 -5.2619 169.9873
3 16 3.926 -5.2619 169.9873 3.8454 0 169.118 3.95 0 170
3 16 3.8357 -5.2619 170.8507 3.8357 0 170.8507 3.4208 0 171.975
3 16 1.975 0 173.4208 3.4208 0 171.975 0.9904 0 171.7153
3 16 0.9904 0 171.7153 3.4208 0 171.975 1.7153 0 170.9904
3 16 0 0 173.95 1.975 0 173.4208 0 0 171.9807
3 16 0 0 171.9807 1.975 0 173.4208 0.9904 0 171.7153
3 16 -1.975 0 173.4208 0 0 173.95 -0.9904 0 171.7153
3 16 -0.9904 0 171.7153 0 0 173.95 0 0 171.9807
3 16 -3.4208 0 171.975 -1.975 0 173.4208 -1.7153 0 170.9904
3 16 -1.7153 0 170.9904 -1.975 0 173.4208 -0.9904 0 171.7153
3 16 -1.9807 0 170 -3.8209 0 170.875 -1.7153 0 170.9904
3 16 -1.7153 0 170.9904 -3.8209 0 170.875 -3.4208 0 171.975
3 16 -3.4208 0 168.025 -3.7931 0 169.125 -1.7153 0 169.0096
3 16 -1.7153 0 169.0096 -3.7931 0 169.125 -1.9807 0 170
3 16 -1.975 0 166.5792 -3.4208 0 168.025 -0.9904 0 168.2847
3 16 -0.9904 0 168.2847 -3.4208 0 168.025 -1.7153 0 169.0096
3 16 0 0 166.05 -1.975 0 166.5792 0 0 168.0193
3 16 0 0 168.0193 -1.975 0 166.5792 -0.9904 0 168.2847
3 16 1.975 0 166.5792 0 0 166.05 0.9904 0 168.2847
3 16 0.9904 0 168.2847 0 0 166.05 0 0 168.0193
3 16 3.4208 0 168.025 1.975 0 166.5792 1.7153 0 169.0096
3 16 1.7153 0 169.0096 1.975 0 166.5792 0.9904 0 168.2847
3 16 3.95 0 170 3.8454 0 169.118 1.9807 0 170
3 16 1.9807 0 170 3.8357 0 170.8507 3.95 0 170
3 16 0.9904 0 171.7153 1.7153 0 170.9904 0.9904 -12.7683 171.7153
3 16 0.9904 -12.7683 171.7153 1.7153 0 170.9904 1.7153 -12.7683 170.9904
3 16 0 0 171.9807 0.9904 0 171.7153 0 -12.7683 171.9807
3 16 0 -12.7683 171.9807 0.9904 0 171.7153 0.9904 -12.7683 171.7153
3 16 -0.9904 0 171.7153 0 0 171.9807 -0.9904 -12.7683 171.7153
3 16 -0.9904 -12.7683 171.7153 0 0 171.9807 0 -12.7683 171.9807
3 16 -1.7153 0 170.9904 -0.9904 0 171.7153 -1.7153 -12.7683 170.9904
3 16 -1.7153 -12.7683 170.9904 -0.9904 0 171.7153 -0.9904 -12.7683 171.7153
3 16 -1.9807 0 170 -1.7153 0 170.9904 -1.9807 -12.7683 170
3 16 -1.9807 -12.7683 170 -1.7153 0 170.9904 -1.7153 -12.7683 170.9904
3 16 -1.7153 0 169.0096 -1.9807 0 170 -1.7153 -12.7683 169.0096
3 16 -1.7153 -12.7683 169.0096 -1.9807 0 170 -1.9807 -12.7683 170
3 16 -0.9904 0 168.2847 -1.7153 0 169.0096 -0.9904 -12.7683 168.2847
3 16 -0.9904 -12.7683 168.2847 -1.7153 0 169.0096 -1.7153 -12.7683 169.0096
3 16 0 0 168.0193 -0.9904 0 168.2847 0 -12.7683 168.0193
3 16 0 -12.7683 168.0193 -0.9904 0 168.2847 -0.9904 -12.7683 168.2847
3 16 0.9904 0 168.2847 0 0 168.0193 0.9904 -12.7683 168.2847
3 16 0.9904 -12.7683 168.2847 0 0 168.0193 0 -12.7683 168.0193
3 16 1.7153 0 169.0096 0.9904 0 168.2847 1.7153 -12.7683 169.0096
3 16 1.7153 -12.7683 169.0096 0.9904 0 168.2847 0.9904 -12.7683 168.2847
3 16 1.9807 0 170 1.7153 0 169.0096 1.9807 -12.7683 170
3 16 1.9807 -12.7683 170 1.7153 0 169.0096 1.7153 -12.7683 169.0096
3 16 1.7153 0 170.9904 1.9807 0 170 1.7153 -12.7683 170.9904
3 16 1.7153 -12.7683 170.9904 1.9807 0 170 1.9807 -12.7683 170
3 16 -0.9904 -12.7683 168.2847 0 -12.7683 170 0 -12.7683 168.0193
3 16 -1.7153 -12.7683 170.9904 0 -12.7683 170 -1.9807 -12.7683 170
3 16 0.9904 -12.7683 171.7153 0 -12.7683 170 0 -12.7683 171.9807
3 16 1.7153 -12.7683 169.0096 0 -12.7683 170 1.9807 -12.7683 170
3 16 -1.9807 -12.7683 170 0 -12.7683 170 -1.7153 -12.7683 169.0096
3 16 -1.7153 -12.7683 169.0096 0 -12.7683 170 -0.9904 -12.7683 168.2847
3 16 0 -12.7683 171.9807 0 -12.7683 170 -0.9904 -12.7683 171.7153
3 16 -0.9904 -12.7683 171.7153 0 -12.7683 170 -1.7153 -12.7683 170.9904
3 16 0 -12.7683 170 1.7153 -12.7683 170.9904 1.9807 -12.7683 170
3 16 0.9904 -12.7683 171.7153 1.7153 -12.7683 170.9904 0 -12.7683 170
3 16 0 -12.7683 168.0193 0 -12.7683 170 0.9904 -12.7683 168.2847
3 16 0.9904 -12.7683 168.2847 0 -12.7683 170 1.7153 -12.7683 169.0096
3 16 3.8357 -12.7503 170.8507 3.8357 -5.2619 170.8507 3.4208 -12.7503 171.975
3 16 3.4208 -12.7503 171.975 3.8357 -5.2619 170.8507 3.4208 0 171.975
3 16 1.975 0 166.5792 3.4208 0 168.025 1.975 -12.7503 166.5792
3 16 1.975 -12.7503 166.5792 3.4208 0 168.025 3.4208 -12.7503 168.025
3 16 0 0 166.05 1.975 0 166.5792 0 -12.7503 166.05
3 16 0 -12.7503 166.05 1.975 0 166.5792 1.975 -12.7503 166.5792
3 16 -1.975 0 166.5792 0 0 166.05 -1.975 -12.7503 166.5792
3 16 -1.975 -12.7503 166.5792 0 0 166.05 0 -12.7503 166.05
3 16 -3.4208 0 168.025 -1.975 0 166.5792 -3.4208 -12.7503 168.025
3 16 -3.4208 -12.7503 168.025 -1.975 0 166.5792 -1.975 -12.7503 166.5792
3 16 -1.975 0 173.4208 -3.4208 0 171.975 -1.975 -12.7503 173.4208
3 16 -1.975 -12.7503 173.4208 -3.4208 0 171.975 -3.4208 -12.7503 171.975
3 16 0 0 173.95 -1.975 0 173.4208 0 -12.7503 173.95
3 16 0 -12.7503 173.95 -1.975 0 173.4208 -1.975 -12.7503 173.4208
3 16 1.975 0 173.4208 0 0 173.95 1.975 -12.7503 173.4208
3 16 1.975 -12.7503 173.4208 0 0 173.95 0 -12.7503 173.95
3 16 3.4208 0 171.975 1.975 0 173.4208 3.4208 -12.7503 171.975
3 16 3.4208 -12.7503 171.975 1.975 0 173.4208 1.975 -12.7503 173.4208
3 16 -3.4208 0 171.975 -3.8209 -5.275 170.875 -3.4208 -12.7503 171.975
3 16 -3.4208 -12.7503 171.975 -3.8209 -5.275 170.875 -3.8209 -12.7503 170.875
3 16 -3.4208 0 171.975 -3.8209 0 170.875 -3.8209 -5.275 170.875
3 16 -3.7931 -5.25 169.125 -3.7931 0 169.125 -3.4208 0 168.025
3 16 -3.7931 -12.7503 169.125 -3.7931 -5.25 169.125 -3.4208 -12.7503 168.025
3 16 -3.4208 -12.7503 168.025 -3.7931 -5.25 169.125 -3.4208 0 168.025
3 16 3.4208 0 168.025 3.8454 -5.262 169.118 3.4208 -12.7503 168.025
3 16 3.4208 -12.7503 168.025 3.8454 -5.262 169.118 3.8454 -12.7503 169.118
3 16 3.4208 0 168.025 3.8454 0 169.118 3.8454 -5.262 169.118
3 16 3.95 0 170 3.8357 0 170.8507 3.926 -5.2619 169.9873
3 16 3.926 -5.2619 169.9873 3.8357 0 170.8507 3.8357 -5.2619 170.8507
3 16 -1.9807 0 170 -3.7931 0 169.125 -3.95 0 170
3 16 -3.95 0 170 -3.8209 0 170.875 -1.9807 0 170
3 16 1.9807 0 170 3.8454 0 169.118 1.7153 0 169.0096
3 16 1.7153 0 169.0096 3.8454 0 169.118 3.4208 0 168.025
3 16 3.4208 0 171.975 3.8357 0 170.8507 1.7153 0 170.9904
3 16 1.7153 0 170.9904 3.8357 0 170.8507 1.9807 0 170
3 16 6.2517 -5.2501 269.9999 3.926 -5.2619 269.9873 6.2453 -5.7286 271.975
3 16 6.2453 -5.7286 271.975 3.926 -5.2619 269.9873 3.4208 -5.7286 271.975
3 16 6.2547 -12.7499 273.95 6.2547 -9 273.95 0.0047 -12.7499 273.95
3 16 0.0047 -12.7499 273.95 6.2547 -9 273.95 0.0018 -9 273.95
3 16 31.25 0 306.025 27.4999 0 305.8625 27.5 0 310
3 16 27.5 0 310 38.0643 0 310 31.25 0 306.025
3 16 31.25 0 306.025 38.0643 0 310 38.7407 0 307.7583
3 16 31.25 -5 293.975 31.25 0 293.975 31.25 -5 306.025
3 16 31.25 -5 306.025 31.25 0 293.975 31.25 0 306.025
3 16 31.25 -5 306.025 31.25 0 306.025 41.3755 -4.9799 306.025
3 16 41.3755 -4.9799 306.025 31.25 0 306.025 41.3739 0 306.025
3 16 85.6418 -8 306.6551 84.959 -8 306.3115 90.0009 -8 290
3 16 74.3125 -8 290 90.0009 -8 290 84.959 -8 306.3115
3 16 110.375 0 293.975 114.125 0 293.3009 114.125 0 290
3 16 90 0 293.975 110.375 0 293.975 89.944 0 290
3 16 89.944 0 290 110.375 0 293.975 114.125 0 290
3 16 110.375 -5 293.975 110.375 -5 306.025 110.375 0 293.975
3 16 110.375 0 293.975 110.375 -5 306.025 110.375 0 306.025
3 16 111.75 -8 310 111.75 -4.24 310 100.0999 -8 310
3 16 100.0999 -8 310 111.75 -4.24 310 100.0999 0 310
3 16 100.0999 0 310 96.5038 0 306.3 100.0999 -8 310
3 16 100.0999 -8 310 96.5038 0 306.3 96.5038 -8 306.3
3 16 96.5038 0 306.3 94.9036 0 306.2878 96.5038 -8 306.3
3 16 96.5038 -8 306.3 94.9036 0 306.2878 94.9036 -8 306.2878
3 16 84.959 -8 306.3115 84.959 0 306.3115 83.3658 -8 306.3
3 16 83.3658 -8 306.3 84.959 0 306.3115 83.3658 0 306.3
3 16 83.3658 -8 306.3 83.3658 0 306.3 79.85 -8 310
3 16 79.85 -8 310 83.3658 0 306.3 79.85 0 310
3 16 70.0524 0 310 79.85 0 310 69.9476 0 306.025
3 16 58.1262 0 310.3463 56.7329 0 312.9286 58.1235 -8 310.3487
3 16 58.1235 -8 310.3487 56.7329 0 312.9286 56.7329 -8 312.9286
3 16 70.0524 0 310 61.9841 0 310 70.0524 -8 310
3 16 70.0524 -8 310 61.9841 0 310 61.9841 -8 310
3 16 90 -5 293.975 110.375 -5 293.975 90 0 293.975
3 16 90 0 293.975 110.375 -5 293.975 110.375 0 293.975
3 16 110.375 0 306.025 110.375 -5 306.025 98.6263 0 306.025
3 16 98.6263 0 306.025 110.375 -5 306.025 98.6242 -5 306.025
3 16 81.3721 0 306.025 81.3776 -5 306.025 69.9476 0 306.025
3 16 69.9476 0 306.025 81.3776 -5 306.025 69.5327 -5 306.025
3 16 70 -5.25 297.5 69.5327 -5 306.025 73.75 -5.25 296.4952
3 16 73.75 -5.25 296.4952 69.5327 -5 306.025 81.3776 -5 306.025
3 16 96.3684 -5.1209 304.9799 110.375 -5 293.975 94.1002 -5.225 303.6989
3 16 110.375 -5 293.975 90 -5 293.975 94.1002 -5.225 303.6989
3 16 91.25 0 307.8349 90 0 307.5 91.25 -8 307.8349
3 16 91.25 -8 307.8349 90 0 307.5 90 -8 307.5
3 16 91.25 0 307.8349 94.2178 0 306.6748 90 0 307.5
3 16 90 0 307.5 94.2178 0 306.6748 90 0 303.575
3 16 91.25 0 307.8349 92.1651 0 308.75 94.2178 0 306.6748
3 16 94.2178 0 306.6748 92.1651 0 308.75 94.3301 0 307.5
3 16 92.1651 0 308.75 91.25 0 307.8349 92.1651 -8 308.75
3 16 92.1651 -8 308.75 91.25 0 307.8349 91.25 -8 307.8349
3 16 92.1651 0 308.75 92.5 0 310 94.3301 0 307.5
3 16 94.3301 0 307.5 92.5 0 310 95 0 310
3 16 92.5 0 310 92.1651 0 308.75 92.5 -8 310
3 16 92.5 -8 310 92.1651 0 308.75 92.1651 -8 308.75
3 16 92.5 0 310 92.1651 0 311.25 95 0 310
3 16 95 0 310 92.1651 0 311.25 94.3301 0 312.5
3 16 92.1651 0 311.25 92.5 0 310 92.1651 -8 311.25
3 16 92.1651 -8 311.25 92.5 0 310 92.5 -8 310
3 16 92.1651 0 311.25 91.25 0 312.1651 94.3301 0 312.5
3 16 94.3301 0 312.5 91.25 0 312.1651 92.5 0 314.3301
3 16 91.25 0 312.1651 92.1651 0 311.25 91.25 -8 312.1651
3 16 91.25 -8 312.1651 92.1651 0 311.25 92.1651 -8 311.25
3 16 91.25 0 312.1651 90 0 312.5 92.5 0 314.3301
3 16 92.5 0 314.3301 90 0 312.5 90 0 315
3 16 90 0 312.5 91.25 0 312.1651 90 -8 312.5
3 16 90 -8 312.5 91.25 0 312.1651 91.25 -8 312.1651
3 16 90 0 312.5 88.75 0 312.1651 90 0 315
3 16 90 0 315 88.75 0 312.1651 87.5 0 314.3301
3 16 88.75 0 312.1651 90 0 312.5 88.75 -8 312.1651
3 16 88.75 -8 312.1651 90 0 312.5 90 -8 312.5
3 16 88.75 0 312.1651 87.8349 0 311.25 87.5 0 314.3301
3 16 87.5 0 314.3301 87.8349 0 311.25 85.6699 0 312.5
3 16 87.8349 0 311.25 88.75 0 312.1651 87.8349 -8 311.25
3 16 87.8349 -8 311.25 88.75 0 312.1651 88.75 -8 312.1651
3 16 87.8349 0 311.25 87.5 0 310 85.6699 0 312.5
3 16 85.6699 0 312.5 87.5 0 310 85 0 310
3 16 87.5 0 310 87.8349 0 311.25 87.5 -8 310
3 16 87.5 -8 310 87.8349 0 311.25 87.8349 -8 311.25
3 16 87.5 0 310 87.8349 0 308.75 85 0 310
3 16 85 0 310 87.8349 0 308.75 85.6699 0 307.5
3 16 87.8349 0 308.75 87.5 0 310 87.8349 -8 308.75
3 16 87.8349 -8 308.75 87.5 0 310 87.5 -8 310
3 16 88.75 0 307.8349 85.6418 0 306.6551 87.8349 0 308.75
3 16 87.8349 0 308.75 85.6418 0 306.6551 85.6699 0 307.5
3 16 88.75 0 307.8349 87.8349 0 308.75 88.75 -8 307.8349
3 16 88.75 -8 307.8349 87.8349 0 308.75 87.8349 -8 308.75
3 16 88.75 0 307.8349 90 0 307.5 85.6418 0 306.6551
3 16 85.6418 0 306.6551 90 0 307.5 90 0 303.575
3 16 90 0 307.5 88.75 0 307.8349 90 -8 307.5
3 16 90 -8 307.5 88.75 0 307.8349 88.75 -8 307.8349
3 16 94.3301 -8 307.5 91.25 -8 307.8349 94.2178 -8 306.6748
3 16 94.2178 -8 306.6748 91.25 -8 307.8349 90.0009 -8 290
3 16 92.5 -8 310 92.1651 -8 308.75 95 -8 310
3 16 95 -8 310 92.1651 -8 308.75 94.3301 -8 307.5
3 16 92.1651 -8 311.25 92.5 -8 310 94.3301 -8 312.5
3 16 94.3301 -8 312.5 92.5 -8 310 95 -8 310
3 16 91.25 -8 312.1651 92.1651 -8 311.25 92.5 -8 314.3301
3 16 92.5 -8 314.3301 92.1651 -8 311.25 94.3301 -8 312.5
3 16 90 -8 312.5 91.25 -8 312.1651 90 -8 315
3 16 90 -8 315 91.25 -8 312.1651 92.5 -8 314.3301
3 16 88.75 -8 312.1651 90 -8 312.5 87.5 -8 314.3301
3 16 87.5 -8 314.3301 90 -8 312.5 90 -8 315
3 16 87.8349 -8 311.25 88.75 -8 312.1651 85.6699 -8 312.5
3 16 85.6699 -8 312.5 88.75 -8 312.1651 87.5 -8 314.3301
3 16 87.5 -8 310 87.8349 -8 311.25 85 -8 310
3 16 85 -8 310 87.8349 -8 311.25 85.6699 -8 312.5
3 16 87.8349 -8 308.75 87.5 -8 310 85.6699 -8 307.5
3 16 85.6699 -8 307.5 87.5 -8 310 85 -8 310
3 16 88.75 -8 307.8349 87.8349 -8 308.75 85.6699 -8 307.5
3 16 94.3301 0 307.5 95 0 310 94.3301 -8 307.5
3 16 94.3301 -8 307.5 95 0 310 95 -8 310
3 16 95 0 310 94.3301 0 312.5 95 -8 310
3 16 95 -8 310 94.3301 0 312.5 94.3301 -8 312.5
3 16 94.3301 0 312.5 92.5 0 314.3301 94.3301 -8 312.5
3 16 94.3301 -8 312.5 92.5 0 314.3301 92.5 -8 314.3301
3 16 92.5 0 314.3301 90 0 315 92.5 -8 314.3301
3 16 92.5 -8 314.3301 90 0 315 90 -8 315
3 16 90 0 315 87.5 0 314.3301 90 -8 315
3 16 90 -8 315 87.5 0 314.3301 87.5 -8 314.3301
3 16 87.5 0 314.3301 85.6699 0 312.5 87.5 -8 314.3301
3 16 87.5 -8 314.3301 85.6699 0 312.5 85.6699 -8 312.5
3 16 85.6699 0 312.5 85 0 310 85.6699 -8 312.5
3 16 85.6699 -8 312.5 85 0 310 85 -8 310
3 16 85 0 310 85.6699 0 307.5 85 -8 310
3 16 85 -8 310 85.6699 0 307.5 85.6699 -8 307.5
3 16 85.6699 0 307.5 85.6418 0 306.6551 85.6699 -8 307.5
3 16 85.6699 -8 307.5 85.6418 0 306.6551 85.6418 -8 306.6551
3 16 111.7499 -8 299.1125 111.75 -8 310 96.5038 -8 306.3
3 16 96.5038 -8 306.3 111.75 -8 310 100.0999 -8 310
3 16 94.2178 0 306.6748 94.1003 0 303.6988 90 0 303.575
3 16 94.2178 0 306.6748 94.3301 0 307.5 94.2178 -8 306.6748
3 16 94.2178 -8 306.6748 94.3301 0 307.5 94.3301 -8 307.5
3 16 85.6418 0 306.6551 90 0 303.575 85.8377 0 303.7349
3 16 85.6699 -8 307.5 85.6418 -8 306.6551 88.75 -8 307.8349
3 16 85.6418 -8 306.6551 90.0009 -8 290 88.75 -8 307.8349
3 16 83.4755 0 305.0728 83.3658 0 306.3 84.959 0 306.3115
3 16 56.7262 0 307.7204 56.7329 0 312.9286 58.1262 0 310.3463
3 16 56.7329 0 312.9286 55.9008 0 313.2703 56.7329 -8 312.9286
3 16 56.7329 -8 312.9286 55.9008 0 313.2703 55.9008 -8 313.2703
3 16 55.9008 0 313.2703 56.7329 0 312.9286 56.7262 0 307.7204
3 16 58.1235 -8 310.3487 56.7329 -8 312.9286 57.1391 -8 307.7363
3 16 55.9008 0 313.2703 55.0802 0 312.9982 55.9008 -8 313.2703
3 16 55.9008 -8 313.2703 55.0802 0 312.9982 55.0802 -8 312.9982
3 16 55.0802 0 312.9982 55.9008 0 313.2703 56.7262 0 307.7204
3 16 56.7329 -8 312.9286 55.9008 -8 313.2703 57.1391 -8 307.7363
3 16 55.9008 -8 313.2703 55.0802 -8 312.9982 57.1391 -8 307.7363
3 16 55.0802 0 312.9982 54.625 0 312.0447 55.0802 -8 312.9982
3 16 55.0802 -8 312.9982 54.625 0 312.0447 54.625 -8 312.0447
3 16 54.625 0 312.0447 55.0802 0 312.9982 56.7262 0 307.7204
3 16 54.625 0 312.0447 55 0 310 54.625 -8 312.0447
3 16 54.625 -8 312.0447 55 0 310 55 -8 310
3 16 55 0 310 54.625 0 312.0447 56.7262 0 307.7204
3 16 55.0802 -8 312.9982 54.625 -8 312.0447 57.1391 -8 307.7363
3 16 55 0 310 54.3301 0 307.5 55 -8 310
3 16 55 -8 310 54.3301 0 307.5 54.3301 -8 307.5
3 16 54.3301 0 307.5 56.7262 0 307.7204 56.1361 0 304.8969
3 16 56.1361 0 304.8969 56.7262 0 307.7204 58.6253 0 306.025
3 16 54.625 -8 312.0447 55 -8 310 57.1391 -8 307.7363
3 16 54.3301 0 307.5 52.5 0 305.6557 54.3301 -8 307.5
3 16 54.3301 -8 307.5 52.5 0 305.6557 52.5 -8 305.6557
3 16 54.3301 0 307.5 56.1361 0 304.8969 52.5 0 305.6557
3 16 52.5 0 305.6557 56.1361 0 304.8969 53.3458 0 302.3256
3 16 57.1391 -8 307.7363 58.8111 -8 307.7699 58.1235 -8 310.3487
3 16 52.5 0 305.6557 50 0 305 52.5 -8 305.6557
3 16 52.5 -8 305.6557 50 0 305 50 -8 305
3 16 52.5 0 305.6557 53.3458 0 302.3256 50 0 305
3 16 50 0 305 53.3458 0 302.3256 50 0 301.5925
3 16 50 0 305 47.5 0 305.6699 50 -8 305
3 16 50 -8 305 47.5 0 305.6699 47.5 -8 305.6699
3 16 47.5 0 305.6699 50 0 305 46.6579 0 302.3556
3 16 46.6579 0 302.3556 50 0 305 50 0 301.5925
3 16 50 -8 305 49.9982 -8 290 52.5 -8 305.6557
3 16 52.5 -8 305.6557 49.9982 -8 290 65.6875 -8 290
3 16 47.5 0 305.6699 45.6699 0 307.5 47.5 -8 305.6699
3 16 47.5 -8 305.6699 45.6699 0 307.5 45.6699 -8 307.5
3 16 45.6699 0 307.5 47.5 0 305.6699 43.834 0 304.9711
3 16 43.834 0 304.9711 47.5 0 305.6699 46.6579 0 302.3556
3 16 50 -8 305 47.5 -8 305.6699 49.9982 -8 290
3 16 27.0053 -8 298.9462 49.9982 -8 290 47.5 -8 305.6699
3 16 45.6699 0 307.5 45 0 310 45.6699 -8 307.5
3 16 45.6699 -8 307.5 45 0 310 45 -8 310
3 16 45.6699 0 307.5 43.834 0 304.9711 43.4221 0 308.0239
3 16 43.4221 0 308.0239 43.834 0 304.9711 41.3739 0 306.025
3 16 45 0 310 45.2 0 311.8152 45 -8 310
3 16 45 -8 310 45.2 0 311.8152 45.2 -8 311.8152
3 16 45.2 0 311.8152 45 0 310 43.4221 0 308.0239
3 16 45.6699 -8 307.5 45 -8 310 43.3668 -8 307.6165
3 16 45.2 0 311.8152 44.9129 0 312.8405 45.2 -8 311.8152
3 16 45.2 -8 311.8152 44.9129 0 312.8405 44.9129 -8 312.8405
3 16 44.9129 0 312.8405 45.2 0 311.8152 43.4221 0 308.0239
3 16 43.3668 -8 307.6165 45 -8 310 45.2 -8 311.8152
3 16 44.9129 0 312.8405 44.0672 0 313.3019 44.9129 -8 312.8405
3 16 44.9129 -8 312.8405 44.0672 0 313.3019 44.0672 -8 313.3019
3 16 44.0672 0 313.3019 44.9129 0 312.8405 43.4221 0 308.0239
3 16 45.2 -8 311.8152 44.9129 -8 312.8405 43.3668 -8 307.6165
3 16 44.9129 -8 312.8405 44.0672 -8 313.3019 43.3668 -8 307.6165
3 16 44.0672 0 313.3019 43.0988 0 312.9035 44.0672 -8 313.3019
3 16 44.0672 -8 313.3019 43.0988 0 312.9035 43.0988 -8 312.9035
3 16 43.0988 0 312.9035 44.0672 0 313.3019 43.4221 0 308.0239
3 16 43.0988 0 312.9035 41.9571 0 310.3487 43.0988 -8 312.9035
3 16 43.0988 -8 312.9035 41.9571 0 310.3487 41.9544 -8 310.3463
3 16 44.0672 -8 313.3019 43.0988 -8 312.9035 43.3668 -8 307.6165
3 16 79.85 0 310 83.3658 0 306.3 81.3721 0 306.025
3 16 81.3721 0 306.025 83.3658 0 306.3 83.4755 0 305.0728
3 16 56.1361 0 304.8969 56.1359 -5 304.8967 53.3458 0 302.3256
3 16 53.3458 0 302.3256 56.1359 -5 304.8967 53.3458 -5 302.3256
3 16 53.3458 -5 302.3256 50 -5 301.5925 53.3458 0 302.3256
3 16 53.3458 0 302.3256 50 -5 301.5925 50 0 301.5925
3 16 53.3458 -5 302.3256 63.64 -5.25 293.975 50 -5 301.5925
3 16 50 -5 301.5925 63.64 -5.25 293.975 31.25 -5 293.975
3 16 50 -5 301.5925 46.6579 -5 302.3556 50 0 301.5925
3 16 50 0 301.5925 46.6579 -5 302.3556 46.6579 0 302.3556
3 16 46.6579 -5 302.3556 50 -5 301.5925 31.25 -5 293.975
3 16 41.3755 -4.9799 306.025 31.25 -5 293.975 31.25 -5 306.025
3 16 43.8348 -4.99 304.9711 41.3755 -4.9799 306.025 43.834 0 304.9711
3 16 43.834 0 304.9711 41.3755 -4.9799 306.025 41.3739 0 306.025
3 16 94.9036 -8 306.2878 90.0009 -8 290 96.5038 -8 306.3
3 16 90.0009 -8 290 111.7499 -8 299.1125 96.5038 -8 306.3
3 16 114.1251 0 310 110.375 0 306.025 100.0999 0 310
3 16 100.0999 0 310 110.375 0 306.025 98.6263 0 306.025
3 16 90 -5 293.975 85.8377 -5.2278 303.7349 90 -5.25 303.575
3 16 90 -5 293.975 90 -5.25 303.575 94.1002 -5.225 303.6989
3 16 38.0627 -8 310 27.0053 -8 310 38.7407 -8 307.7583
3 16 38.7407 -8 307.7583 27.0053 -8 310 27.0053 -8 298.9462
3 16 73.7347 -8 292.1563 83.3658 -8 306.3 72.1563 -8 293.7347
3 16 72.1563 -8 293.7347 83.3658 -8 306.3 79.85 -8 310
3 16 83.4748 -5.1894 305.0725 81.3776 -5 306.025 83.4755 0 305.0728
3 16 83.4755 0 305.0728 81.3776 -5 306.025 81.3721 0 306.025
3 16 90 -5.25 303.575 85.8377 -5.2278 303.7349 90 0 303.575
3 16 90 0 303.575 85.8377 -5.2278 303.7349 85.8377 0 303.7349
3 16 94.1003 0 303.6988 94.1002 -5.225 303.6989 90 0 303.575
3 16 90 0 303.575 94.1002 -5.225 303.6989 90 -5.25 303.575
3 16 85.8377 -5.2278 303.7349 83.4748 -5.1894 305.0725 85.8377 0 303.7349
3 16 85.8377 0 303.7349 83.4748 -5.1894 305.0725 83.4755 0 305.0728
3 16 96.3693 0 304.9798 96.3684 -5.1209 304.9799 94.1003 0 303.6988
3 16 94.1003 0 303.6988 96.3684 -5.1209 304.9799 94.1002 -5.225 303.6989
3 16 98.6263 0 306.025 98.6242 -5 306.025 96.3693 0 304.9798
3 16 96.3693 0 304.9798 98.6242 -5 306.025 96.3684 -5.1209 304.9799
3 16 100.0999 0 310 98.6263 0 306.025 96.5038 0 306.3
3 16 96.5038 0 306.3 98.6263 0 306.025 96.3693 0 304.9798
3 16 94.2178 0 306.6748 94.9036 0 306.2878 94.1003 0 303.6988
3 16 94.1003 0 303.6988 94.9036 0 306.2878 96.3693 0 304.9798
3 16 46.6579 -5 302.3556 43.8348 -4.99 304.9711 46.6579 0 302.3556
3 16 46.6579 0 302.3556 43.8348 -4.99 304.9711 43.834 0 304.9711
3 16 31.25 -5 293.975 43.8348 -4.99 304.9711 46.6579 -5 302.3556
3 16 58.6253 0 306.025 58.6253 -5 306.025 56.1361 0 304.8969
3 16 56.1361 0 304.8969 58.6253 -5 306.025 56.1359 -5 304.8967
3 16 43.0988 -8 312.9035 41.9544 -8 310.3463 43.3668 -8 307.6165
3 16 41.2299 -8 307.7493 43.3668 -8 307.6165 41.9544 -8 310.3463
3 16 57.1391 -8 307.7363 55 -8 310 54.3301 -8 307.5
3 16 54.3301 -8 307.5 65.6875 -8 290 57.1391 -8 307.7363
3 16 61.9841 -8 310 61.2462 -8 307.7699 70.0524 -8 310
3 16 61.2462 -8 307.7699 70 -8 294.3125 70.0524 -8 310
3 16 54.3301 -8 307.5 52.5 -8 305.6557 65.6875 -8 290
3 16 41.9571 0 310.3487 41.2299 0 307.7493 41.9544 -8 310.3463
3 16 41.9544 -8 310.3463 41.2299 0 307.7493 41.2299 -8 307.7493
3 16 40.0075 0 307.041 38.7407 0 307.7583 40.0075 -8 307.041
3 16 40.0075 -8 307.041 38.7407 0 307.7583 38.7407 -8 307.7583
3 16 38.7407 0 307.7583 38.0643 0 310 38.7407 -8 307.7583
3 16 38.7407 -8 307.7583 38.0643 0 310 38.0627 -8 310
3 16 41.2299 0 307.7493 40.0075 0 307.041 41.2299 -8 307.7493
3 16 41.2299 -8 307.7493 40.0075 0 307.041 40.0075 -8 307.041
3 16 61.9841 0 310 61.2462 0 307.7699 61.9841 -8 310
3 16 61.9841 -8 310 61.2462 0 307.7699 61.2462 -8 307.7699
3 16 61.2462 0 307.7699 60.0371 0 307.0256 61.2462 -8 307.7699
3 16 61.2462 -8 307.7699 60.0371 0 307.0256 60.0371 -8 307.0256
3 16 60.0371 0 307.0256 58.8111 0 307.7699 60.0371 -8 307.0256
3 16 60.0371 -8 307.0256 58.8111 0 307.7699 58.8111 -8 307.7699
3 16 58.8111 0 307.7699 58.1262 0 310.3463 58.8111 -8 307.7699
3 16 58.8111 -8 307.7699 58.1262 0 310.3463 58.1235 -8 310.3487
3 16 56.7262 0 307.7204 58.8111 0 307.7699 58.6253 0 306.025
3 16 58.6253 0 306.025 58.8111 0 307.7699 60.0371 0 307.0256
3 16 43.4221 0 308.0239 41.9571 0 310.3487 43.0988 0 312.9035
3 16 40.0075 0 307.041 41.2299 0 307.7493 41.3739 0 306.025
3 16 41.3739 0 306.025 41.2299 0 307.7493 43.4221 0 308.0239
3 16 41.9571 0 310.3487 43.4221 0 308.0239 41.2299 0 307.7493
3 16 43.4221 0 308.0239 45 0 310 45.6699 0 307.5
3 16 41.3739 0 306.025 31.25 0 306.025 40.0075 0 307.041
3 16 40.0075 0 307.041 31.25 0 306.025 38.7407 0 307.7583
3 16 41.3755 -4.9799 306.025 43.8348 -4.99 304.9711 31.25 -5 293.975
3 16 58.6253 0 306.025 60.0371 0 307.0256 69.9476 0 306.025
3 16 69.9476 0 306.025 60.0371 0 307.0256 61.2462 0 307.7699
3 16 58.6253 -5 306.025 58.6253 0 306.025 69.5327 -5 306.025
3 16 69.5327 -5 306.025 58.6253 0 306.025 69.9476 0 306.025
3 16 54.3301 0 307.5 55 0 310 56.7262 0 307.7204
3 16 58.8111 0 307.7699 56.7262 0 307.7204 58.1262 0 310.3463
3 16 70.0524 0 310 69.9476 0 306.025 61.9841 0 310
3 16 61.9841 0 310 69.9476 0 306.025 61.2462 0 307.7699
3 16 66.25 -5.25 296.4952 63.64 -5.25 293.975 56.1359 -5 304.8967
3 16 56.1359 -5 304.8967 63.64 -5.25 293.975 53.3458 -5 302.3256
3 16 70 -5.25 297.5 66.25 -5.25 296.4952 69.5327 -5 306.025
3 16 69.5327 -5 306.025 66.25 -5.25 296.4952 58.6253 -5 306.025
3 16 58.6253 -5 306.025 66.25 -5.25 296.4952 56.1359 -5 304.8967
3 16 70 0 297.5 70 -5.25 297.5 73.75 0 296.4952
3 16 73.75 0 296.4952 70 -5.25 297.5 73.75 -5.25 296.4952
3 16 73.75 0 296.4952 73.75 -5.25 296.4952 76.36 0 293.975
3 16 76.36 0 293.975 73.75 -5.25 296.4952 76.36 -5.25 293.975
3 16 77.5 -5.0625 290 76.7593 -4.875 286.75 77.5 0 290
3 16 77.5 0 290 76.7593 -4.875 286.75 76.4952 0 286.25
3 16 76.4952 0 286.25 76.7593 -4.875 286.75 73.75 0 283.5048
3 16 73.75 0 283.5048 76.7593 -4.875 286.75 73.75 -20.75 283.5048
3 16 73.75 0 283.5048 73.75 -20.75 283.5048 70 0 282.5
3 16 70 0 282.5 73.75 -20.75 283.5048 70 -20.75 282.5
3 16 73.75 0 296.4952 72.1563 0 293.7347 70 0 297.5
3 16 70 0 297.5 72.1563 0 293.7347 70 0 294.3125
3 16 73.7347 0 292.1563 72.1563 0 293.7347 76.36 0 293.975
3 16 76.36 0 293.975 72.1563 0 293.7347 73.75 0 296.4952
3 16 74.3125 0 290 73.7347 0 292.1563 77.5 0 290
3 16 77.5 0 290 73.7347 0 292.1563 76.36 0 293.975
3 16 76.4952 0 286.25 73.7347 0 287.8438 77.5 0 290
3 16 77.5 0 290 73.7347 0 287.8438 74.3125 0 290
3 16 73.75 0 283.5048 72.1563 0 286.2653 76.4952 0 286.25
3 16 76.4952 0 286.25 72.1563 0 286.2653 73.7347 0 287.8438
3 16 70 0 282.5 70 0 285.6875 73.75 0 283.5048
3 16 73.75 0 283.5048 70 0 285.6875 72.1563 0 286.2653
3 16 123.5 -24 265.1436 130 -24 150 130 -24 265.1436
3 16 150 0 309.9995 127 0 310 130 -8 310
3 16 130 -8 310 127 0 310 126.721 -7.99 310
3 16 150 -16 270 150 -8 270 150 -16 310
3 16 150 -16 310 150 -8 270 150 0 309.9995
3 16 150 -8 270 150 -8 190 150 0 309.9995
3 16 150 0 309.9995 150 -8 190 150 0 150
3 16 150 -16 190 150 -16 150 150 -8 190
3 16 150 -8 190 150 -16 150 150 0 150
3 16 150 -16 190 130 -16 190 150 -16 150
3 16 150 -16 150 130 -16 190 130 -16 150
3 16 150 -16 190 150 -8 190 130 -16 190
3 16 130 -16 190 150 -8 190 130 -8 190
3 16 150 -16 270 130 -16 270 150 -8 270
3 16 150 -8 270 130 -16 270 130 -8 270
3 16 150 -8 190 150 -8 270 130 -8 190
3 16 130 -8 190 150 -8 270 130 -8 270
3 16 130 -8 190 130 -8 270 130 -16 190
3 16 130 -16 190 130 -8 270 130 -16 270
3 16 130 -16 270 150 -16 270 130 -16 295
3 16 130 -16 295 150 -16 270 150 -16 310
3 16 130 -16 190 130 -24 150 130 -16 150
3 16 130 -24 150 130 -16 190 130 -24 265.1436
3 16 130 -24 265.1436 130 -16 190 130 -16 270
3 16 130 -24 265.1436 130 -16 270 130 -16 295
3 16 117.5 -24 265.1436 117.5 -24 150 123.5 -24 265.1436
3 16 123.5 -24 265.1436 117.5 -24 150 130 -24 150
3 16 117.5 -13.5109 150 117.5 -24 150 117.5 -13.5109 240.6104
3 16 117.5 -13.5109 240.6104 117.5 -24 150 117.5 -24 265.1436
3 16 117.5 -13.5109 240.6104 117.5 -24 265.1436 117.5 -13.5109 299.1252
3 16 117.5 -13.5109 299.1252 117.5 -24 265.1436 117.5 -24 299.1125
3 16 117.5 -24 299.1125 117.5 -24 265.1436 123.5 -24 290
3 16 123.5 -24 290 117.5 -24 265.1436 123.5 -24 265.1436
3 16 112.9947 -8 240.6104 112.9947 -10.25 240.6104 113.0131 -7.9847 299.1031
3 16 113.0131 -7.9847 299.1031 112.9947 -10.25 240.6104 112.9947 -10.25 299.1252
3 16 112.9947 -10.25 299.1252 112.9947 -10.25 240.6104 115.8493 -11.0419 299.1252
3 16 115.8493 -11.0419 299.1252 112.9947 -10.25 240.6104 115.9751 -11.0188 240.6104
3 16 112.9947 -10.25 150 115.9751 -11.0188 150 112.9947 -10.25 240.6104
3 16 112.9947 -10.25 240.6104 115.9751 -11.0188 150 115.9751 -11.0188 240.6104
3 16 112.9947 -8 150 112.9947 -10.25 150 112.9947 -8 240.6104
3 16 112.9947 -8 240.6104 112.9947 -10.25 150 112.9947 -10.25 240.6104
3 16 109.9781 -8 150 112.9947 -8 150 109.9781 -8 240.6104
3 16 109.9781 -8 240.6104 112.9947 -8 150 112.9947 -8 240.6104
3 16 117.5 -13.5109 299.1252 115.8493 -11.0419 299.1252 117.5 -13.5109 240.6104
3 16 117.5 -13.5109 240.6104 115.8493 -11.0419 299.1252 115.9751 -11.0188 240.6104
3 16 115.9751 -11.0188 240.6104 115.9751 -11.0188 150 117.5 -13.5109 240.6104
3 16 117.5 -13.5109 240.6104 115.9751 -11.0188 150 117.5 -13.5109 150
3 16 70 0 297.5 66.25 0 296.4952 70 -5.25 297.5
3 16 70 -5.25 297.5 66.25 0 296.4952 66.25 -5.25 296.4952
3 16 66.25 0 296.4952 63.64 0 293.975 66.25 -5.25 296.4952
3 16 66.25 -5.25 296.4952 63.64 0 293.975 63.64 -5.25 293.975
3 16 63.5048 0 286.25 63.2407 -4.875 286.75 62.5 0 290
3 16 62.5 0 290 63.2407 -4.875 286.75 62.5 -4.875 290
3 16 63.5048 0 286.25 66.25 0 283.5048 63.2407 -4.875 286.75
3 16 63.2407 -4.875 286.75 66.25 0 283.5048 66.25 -20.75 283.5048
3 16 66.25 0 283.5048 70 0 282.5 66.25 -20.75 283.5048
3 16 66.25 -20.75 283.5048 70 0 282.5 70 -20.75 282.5
3 16 66.25 0 296.4952 70 0 297.5 67.8438 0 293.7347
3 16 67.8438 0 293.7347 70 0 297.5 70 0 294.3125
3 16 66.25 0 296.4952 67.8438 0 293.7347 63.64 0 293.975
3 16 63.64 0 293.975 67.8438 0 293.7347 66.2653 0 292.1563
3 16 63.64 0 293.975 66.2653 0 292.1563 62.5 0 290
3 16 62.5 0 290 66.2653 0 292.1563 65.6875 0 290
3 16 63.5048 0 286.25 62.5 0 290 66.2653 0 287.8438
3 16 66.2653 0 287.8438 62.5 0 290 65.6875 0 290
3 16 66.25 0 283.5048 63.5048 0 286.25 67.8438 0 286.2653
3 16 67.8438 0 286.2653 63.5048 0 286.25 66.2653 0 287.8438
3 16 70 0 282.5 66.25 0 283.5048 70 0 285.6875
3 16 70 0 285.6875 66.25 0 283.5048 67.8438 0 286.2653
3 16 27.0053 -8 298.9462 27.0053 -8 310 27.0053 -10.25 299.1252
3 16 27.0053 -10.25 299.1252 27.0053 -8 310 26.9895 -10.25 315.3147
3 16 27.0053 -8 310 27.0027 -5.25 310 26.9974 -5.25 315.3147
3 16 24.0752 -5.25 319.0655 20.3254 -8.0025 319.0655 24.0469 -16.1518 319.0655
3 16 24.0469 -16.1518 319.0655 20.3254 -8.0025 319.0655 22.5 -19.0019 319.0655
3 16 25.3851 -5.25 318.4581 24.0752 -5.25 319.0655 25.3918 -13.472 318.4581
3 16 25.3918 -13.472 318.4581 24.0752 -5.25 319.0655 24.0469 -16.1518 319.0655
3 16 25.3918 -13.472 318.4581 26.5532 -11.1764 317.1475 25.3851 -5.25 318.4581
3 16 25.3851 -5.25 318.4581 26.5532 -11.1764 317.1475 26.5532 -5.25 317.1475
3 16 26.5532 -11.1764 317.1475 26.9895 -10.25 315.3147 26.5532 -5.25 317.1475
3 16 26.5532 -5.25 317.1475 26.9895 -10.25 315.3147 26.9974 -5.25 315.3147
3 16 27.0053 -10.25 299.1252 26.9895 -10.25 315.3147 22.5 -19.0019 299.1499
3 16 22.5 -19.0019 299.1499 26.9895 -10.25 315.3147 22.5 -19.0019 316.3268
3 16 24.1507 -11.0419 299.1252 27.0053 -10.25 299.1252 22.5 -13.5109 299.1252
3 16 22.5 -13.5109 299.1252 27.0053 -10.25 299.1252 22.5 -19.0019 299.1499
3 16 24.0752 -5.25 319.0655 18.2228 -5.25 319.0655 20.3254 -8.0025 319.0655
3 16 20.3254 -8.0025 319.0655 18.2228 -5.25 319.0655 18.2228 -8.0025 319.0655
3 16 20.3254 -8.0025 319.0655 20.3254 -21.4519 319.0655 22.5 -19.0019 319.0655
3 16 20.3254 -21.4519 319.0655 22.5 -21.4692 319.0655 22.5 -19.0019 319.0655
3 16 20.1958 -22.8272 318.682 22.5 -22.8297 318.6797 20.3254 -21.4519 319.0655
3 16 20.3254 -21.4519 319.0655 22.5 -22.8297 318.6797 22.5 -21.4692 319.0655
3 16 19.5749 -24 316.6125 22.5 -24 316.6125 19.9029 -23.7479 317.6945
3 16 19.9029 -23.7479 317.6945 22.5 -24 316.6125 22.5 -23.7565 317.6772
3 16 19.9029 -23.7479 317.6945 22.5 -23.7565 317.6772 20.1958 -22.8272 318.682
3 16 20.1958 -22.8272 318.682 22.5 -23.7565 317.6772 22.5 -22.8297 318.6797
3 16 22.5 -23.7565 317.6772 22.5 -19.0019 316.3268 22.5 -22.8297 318.6797
3 16 22.5 -24 265.1436 22.5 -19.0019 299.1499 22.5 -24 316.6125
3 16 22.5 -24 316.6125 22.5 -19.0019 299.1499 22.5 -19.0019 316.3268
3 16 20.3254 -21.4519 319.0655 20.3254 -8.0025 319.0655 19.5787 -8.0927 316.6251
3 16 19.5787 -8.0927 316.6251 19.9029 -23.7479 317.6945 20.1958 -22.8272 318.682
3 16 16.7536 -5.25 318.7659 16.7536 -8.0025 318.7658 18.2228 -5.25 319.0655
3 16 18.2228 -5.25 319.0655 16.7536 -8.0025 318.7658 18.2228 -8.0025 319.0655
3 16 15.5898 -5.25 318.0046 15.5898 -8.0025 318.0046 16.7536 -5.25 318.7659
3 16 16.7536 -5.25 318.7659 15.5898 -8.0025 318.0046 16.7536 -8.0025 318.7658
3 16 14.5001 -8.0025 315.3994 14.8127 -8.0025 316.848 14.5001 -5.25 315.3994
3 16 14.5001 -5.25 315.3994 14.8127 -8.0025 316.848 14.8127 -5.25 316.8479
3 16 14.8127 -5.25 316.8479 14.8127 -8.0025 316.848 15.5898 -5.25 318.0046
3 16 15.5898 -5.25 318.0046 14.8127 -8.0025 316.848 15.5898 -8.0025 318.0046
3 16 14.5001 -5.25 315.3994 14.5001 -5.25 310 14.5001 -8.0025 315.3994
3 16 14.5001 -8.0025 315.3994 14.5001 -5.25 310 14.5001 -8.0025 310
3 16 15.5898 -8.0025 318.0046 19.5787 -8.0927 316.6251 16.7536 -8.0025 318.7658
3 16 19.5787 -8.0927 316.6251 18.2228 -8.0025 319.0655 16.7536 -8.0025 318.7658
3 16 14.5001 -8.0025 315.3994 19.5787 -8.0927 316.6251 14.8127 -8.0025 316.848
3 16 19.5787 -8.0927 316.6251 15.5898 -8.0025 318.0046 14.8127 -8.0025 316.848
3 16 19.5787 -8.0927 316.6251 20.3254 -8.0025 319.0655 18.2228 -8.0025 319.0655
3 16 14.5001 -8.0025 315.3994 14.5001 -8.0025 310 19.5787 -8.0927 316.6251
3 16 19.5787 -8.0927 316.6251 14.5001 -8.0025 310 19.5659 -8.0025 299.1209
3 16 16.5 -24 299.1125 19.575 -24 299.1125 16.2207 -16 299.1125
3 16 16.2207 -16 299.1125 19.575 -24 299.1125 19.5659 -8.0025 299.1209
3 16 10 -16 299.1125 16.2207 -16 299.1125 10 -8 299.1125
3 16 10 -8 299.1125 16.2207 -16 299.1125 19.5659 -8.0025 299.1209
3 16 19.5659 -8.0025 299.1209 19.575 -24 299.1125 19.5787 -8.0927 316.6251
3 16 19.5787 -8.0927 316.6251 19.575 -24 299.1125 19.5749 -24 316.6125
3 16 22.5 -24 265.1436 22.5 -24 316.6125 19.575 -24 299.1125
3 16 19.575 -24 299.1125 22.5 -24 316.6125 19.5749 -24 316.6125
3 16 16.5 -24 299.1125 22.5 -24 265.1436 19.575 -24 299.1125
3 16 10 -8 310 10 -8 299.1125 14.5001 -8.0025 310
3 16 14.5001 -8.0025 310 10 -8 299.1125 19.5659 -8.0025 299.1209
3 16 16.2207 -16 299.1125 10 -16 299.1125 16.2207 -16 295
3 16 16.2207 -16 295 10 -16 299.1125 10 -16 295
3 16 10 -16 295 10 -24 265.1436 16.2207 -16 295
3 16 16.2207 -16 295 10 -24 265.1436 16.5 -24 265.1436
3 16 16.5 -24 299.1125 16.2207 -16 295 16.5 -24 265.1436
3 16 16.2207 -16 295 16.5 -24 299.1125 16.2207 -16 299.1125
3 16 26.9895 -10.25 315.3147 26.5532 -11.1764 317.1475 22.5 -19.0019 316.3268
3 16 22.5 -19.0019 316.3268 26.5532 -11.1764 317.1475 25.3918 -13.472 318.4581
3 16 24.0469 -16.1518 319.0655 22.5 -19.0019 316.3268 25.3918 -13.472 318.4581
3 16 22.5 -19.0019 316.3268 24.0469 -16.1518 319.0655 22.5 -19.0019 319.0655
3 16 22.5 -21.4692 319.0655 22.5 -19.0019 316.3268 22.5 -19.0019 319.0655
3 16 16.5 -24 265.1436 10 -24 265.1436 10 -24 150
3 16 10 -8 310 10 -16 310 10 -8 299.1125
3 16 10 -8 299.1125 10 -16 310 10 -16 299.1125
3 16 10 -16 310 10 -8 310 -10 -16 310
3 16 -10 -16 310 10 -8 310 -10 0 309.9989
3 16 12.7501 0 309.9979 -10 0 309.9989 12.9334 -5.25 310
3 16 -10 0 309.9989 10 -8 310 12.9334 -5.25 310
3 16 14.5001 -5.25 310 12.9334 -5.25 310 14.5001 -8.0025 310
3 16 14.5001 -8.0025 310 12.9334 -5.25 310 10 -8 310
3 16 -10 -8 270 -10 0 309.9989 -10 -8 190
3 16 -10 -8 190 -10 0 309.9989 -10 0 150
3 16 -10 0 150 -10 -16 150 -10 -8 190
3 16 -10 -8 190 -10 -16 150 -10 -16 190
3 16 -10 -16 190 -10 -16 150 10 -16 190
3 16 10 -16 190 -10 -16 150 10 -16 150
3 16 -10 -16 190 10 -16 190 -10 -8 190
3 16 -10 -8 190 10 -16 190 10 -8 190
3 16 -10 -16 270 -10 -8 270 10 -16 270
3 16 10 -16 270 -10 -8 270 10 -8 270
3 16 -10 -8 190 10 -8 190 -10 -8 270
3 16 -10 -8 270 10 -8 190 10 -8 270
3 16 10 -8 190 10 -16 190 10 -8 270
3 16 10 -8 270 10 -16 190 10 -16 270
3 16 -10 -16 310 -10 -16 270 10 -16 295
3 16 10 -16 295 -10 -16 270 10 -16 270
3 16 10 -16 310 -10 -16 310 10 -16 299.1125
3 16 10 -16 299.1125 -10 -16 310 10 -16 295
3 16 10 -16 190 10 -16 150 10 -24 150
3 16 10 -24 265.1436 10 -16 295 10 -16 270
3 16 22.5 -24 265.1436 16.5 -24 265.1436 22.5 -24 150
3 16 22.5 -24 150 16.5 -24 265.1436 10 -24 150
3 16 22.5 -13.5109 150 22.5 -13.5109 240.6104 22.5 -24 150
3 16 22.5 -24 150 22.5 -13.5109 240.6104 22.5 -24 265.1436
3 16 22.5 -13.5109 240.6104 22.5 -13.5109 299.1252 22.5 -24 265.1436
3 16 22.5 -24 265.1436 22.5 -13.5109 299.1252 22.5 -19.0019 299.1499
3 16 22.5 -24 265.1436 16.5 -24 299.1125 16.5 -24 265.1436
3 16 30.0219 -8 240.6104 30.3856 -8 245.7847 27.0053 -8 240.6104
3 16 27.0053 -8 240.6104 30.3856 -8 245.7847 27.0053 -8 298.9462
3 16 27.0053 -10.25 299.1252 27.0053 -10.25 240.6104 27.0053 -8 298.9462
3 16 27.0053 -8 298.9462 27.0053 -10.25 240.6104 27.0053 -8 240.6104
3 16 27.0053 -10.25 299.1252 24.1507 -11.0419 299.1252 27.0053 -10.25 240.6104
3 16 27.0053 -10.25 240.6104 24.1507 -11.0419 299.1252 24.0249 -11.0188 240.6104
3 16 27.0053 -10.25 240.6104 24.0249 -11.0188 240.6104 27.0053 -10.25 150
3 16 27.0053 -10.25 150 24.0249 -11.0188 240.6104 24.0249 -11.0188 150
3 16 27.0053 -8 240.6104 27.0053 -10.25 240.6104 27.0053 -8 150
3 16 27.0053 -8 150 27.0053 -10.25 240.6104 27.0053 -10.25 150
3 16 30.0219 -8 240.6104 27.0053 -8 240.6104 30.0219 -8 150
3 16 30.0219 -8 150 27.0053 -8 240.6104 27.0053 -8 150
3 16 22.5 -13.5109 299.1252 22.5 -13.5109 240.6104 24.1507 -11.0419 299.1252
3 16 24.1507 -11.0419 299.1252 22.5 -13.5109 240.6104 24.0249 -11.0188 240.6104
3 16 24.0249 -11.0188 150 24.0249 -11.0188 240.6104 22.5 -13.5109 150
3 16 22.5 -13.5109 150 24.0249 -11.0188 240.6104 22.5 -13.5109 240.6104
3 16 70 0 294.3125 72.1563 0 293.7347 70 -8 294.3125
3 16 70 -8 294.3125 72.1563 0 293.7347 72.1563 -8 293.7347
3 16 72.1563 0 293.7347 73.7347 0 292.1563 72.1563 -8 293.7347
3 16 72.1563 -8 293.7347 73.7347 0 292.1563 73.7347 -8 292.1563
3 16 73.7347 0 292.1563 74.3125 0 290 73.7347 -8 292.1563
3 16 73.7347 -8 292.1563 74.3125 0 290 74.3125 -8 290
3 16 74.3125 0 290 73.7347 0 287.8438 74.3125 -8 290
3 16 67.8438 0 293.7347 70 0 294.3125 67.8438 -8 293.7347
3 16 67.8438 -8 293.7347 70 0 294.3125 70 -8 294.3125
3 16 66.2653 0 292.1563 67.8438 0 293.7347 66.2653 -8 292.1563
3 16 66.2653 -8 292.1563 67.8438 0 293.7347 67.8438 -8 293.7347
3 16 65.6875 0 290 66.2653 0 292.1563 65.6875 -8 290
3 16 65.6875 -8 290 66.2653 0 292.1563 66.2653 -8 292.1563
3 16 66.2653 0 287.8438 65.6875 0 290 65.6875 -8 290
3 16 90.0009 -8 290 91.25 -8 307.8349 90 -8 307.5
3 16 88.75 -8 307.8349 90.0009 -8 290 90 -8 307.5
3 16 130 -24 265.1436 123.6681 -19.185 283.1134 123.5 -24 265.1436
3 16 125.2243 -16 295 123.6681 -19.185 283.1134 130 -16 295
3 16 130 -16 295 123.6681 -19.185 283.1134 130 -24 265.1436
3 16 125.2243 -16 295 130 -16 295 125.2181 -16.0004 310.0607
3 16 125.2181 -16.0004 310.0607 130 -16 295 150 -16 310
3 16 123.5 -24 290 120.575 -24 299.1125 117.5 -24 299.1125
3 16 123.5 -24 290 123.5 -24 316.6125 120.575 -24 299.1125
3 16 120.575 -24 299.1125 123.5 -24 316.6125 120.575 -24 316.6125
3 16 120.5751 -8.0013 316.6125 120.5753 -8 299.1125 120.575 -24 316.6125
3 16 120.575 -24 316.6125 120.5753 -8 299.1125 120.575 -24 299.1125
3 16 117.5 -24 299.1125 120.575 -24 299.1125 117.5 -13.5109 299.1252
3 16 117.5 -13.5109 299.1252 120.575 -24 299.1125 120.5753 -8 299.1125
3 16 111.7499 -8 299.1125 90.0009 -8 290 113.0131 -7.9847 299.1031
3 16 111.75 -8 310 111.7499 -8 299.1125 111.75 -4.24 302.4042
3 16 111.75 -4.24 302.4042 111.7499 -8 299.1125 111.75 -4.24 299.1125
3 16 114.125 -4.24 310 114.1251 0 310 111.75 -4.24 310
3 16 111.75 -4.24 310 114.1251 0 310 100.0999 0 310
3 16 111.75 -4.24 302.4042 111.75 -4.24 299.1125 113.6494 -4.24 300.7583
3 16 113.6494 -4.24 300.7583 111.75 -4.24 299.1125 113.687 -4.24 299.1125
3 16 114.125 -4.24 310 111.75 -4.24 310 114.125 -4.24 302.4749
3 16 114.125 -4.24 302.4749 111.75 -4.24 310 111.75 -4.24 302.4042
3 16 111.75 -8 310 111.75 -4.24 302.4042 111.75 -4.24 310
3 16 114.125 -4.24 302.4749 111.75 -4.24 302.4042 113.6494 -4.24 300.7583
3 16 111.7499 -8 299.1125 113.0131 -7.9847 299.1031 113.687 -5.2261 299.1125
3 16 113.687 -5.2261 299.1125 113.0131 -7.9847 299.1031 114.2127 -5.2664 299.1125
3 16 111.7499 -8 299.1125 113.687 -5.2261 299.1125 111.75 -4.24 299.1125
3 16 111.75 -4.24 299.1125 113.687 -5.2261 299.1125 113.687 -4.24 299.1125
3 16 120.5753 -8 299.1125 117.875 -8 299.1125 117.5 -13.5109 299.1252
3 16 117.5 -13.5109 299.1252 117.875 -8 299.1125 115.8493 -11.0419 299.1252
3 16 112.9947 -10.25 299.1252 115.8493 -11.0419 299.1252 116.4587 -7.7476 299.1125
3 16 116.4587 -7.7476 299.1125 115.8493 -11.0419 299.1252 117.875 -8 299.1125
3 16 114.2127 -5.2664 299.1125 113.0131 -7.9847 299.1031 115.2332 -6.923 299.1031
3 16 115.2332 -6.923 299.1031 113.0131 -7.9847 299.1031 112.9947 -10.25 299.1252
3 16 115.2332 -6.923 299.1031 112.9947 -10.25 299.1252 116.4587 -7.7476 299.1125
3 16 114.125 -4.24 302.4749 113.6494 -4.24 300.7583 114.125 0 302.4749
3 16 114.125 0 302.4749 113.6494 -4.24 300.7583 113.6495 0 300.7583
3 16 113.6494 -4.24 300.7583 113.687 -4.24 299.1125 113.6495 0 300.7583
3 16 113.6495 0 300.7583 113.687 -4.24 299.1125 113.6871 0 299.1125
3 16 114.1251 0 310 114.125 -4.24 310 114.125 0 302.4749
3 16 114.125 0 302.4749 114.125 -4.24 310 114.125 -4.24 302.4749
3 16 113.6871 0 299.1125 113.687 -4.24 299.1125 114.125 0 297.5251
3 16 114.125 0 297.5251 113.687 -4.24 299.1125 114.1265 -4.2417 297.5215
3 16 125.2181 -16.0004 310.0607 123.5001 -19.0019 316.3268 125.2243 -16 295
3 16 125.2243 -16 295 123.5001 -19.0019 316.3268 123.6681 -19.185 283.1134
3 16 123.6681 -19.185 283.1134 123.5 -24 290 123.5 -24 265.1436
3 16 123.5 -24 316.6125 123.5 -24 290 123.5001 -19.0019 316.3268
3 16 123.5001 -19.0019 316.3268 123.5 -24 290 123.6681 -19.185 283.1134
3 16 127.995 -10.1832 312.0163 128.0053 -8 312.0299 127.9896 -10.1832 315.3147
3 16 127.9896 -10.1832 315.3147 128.0053 -8 312.0299 128.0106 -8.0059 315.3147
3 16 125.0752 -8.0059 319.0655 123.3488 -8.0059 319.0655 125.0469 -16.1518 319.0655
3 16 125.0469 -16.1518 319.0655 123.3488 -8.0059 319.0655 123.5001 -19.0019 319.0655
3 16 126.3851 -8.0059 318.4581 125.0752 -8.0059 319.0655 126.3918 -13.472 318.4581
3 16 126.3918 -13.472 318.4581 125.0752 -8.0059 319.0655 125.0469 -16.1518 319.0655
3 16 126.3918 -13.472 318.4581 127.5532 -11.1764 317.1475 126.3851 -8.0059 318.4581
3 16 126.3851 -8.0059 318.4581 127.5532 -11.1764 317.1475 127.5532 -8.0059 317.1475
3 16 127.5532 -11.1764 317.1475 127.9896 -10.1832 315.3147 127.5532 -8.0059 317.1475
3 16 127.5532 -8.0059 317.1475 127.9896 -10.1832 315.3147 128.0106 -8.0059 315.3147
3 16 127.995 -10.1832 312.0163 127.9896 -10.1832 315.3147 125.2181 -16.0004 310.0607
3 16 125.2181 -16.0004 310.0607 127.9896 -10.1832 315.3147 123.5001 -19.0019 316.3268
3 16 123.3488 -8.0059 319.0655 121.3254 -8.0025 319.0655 123.5001 -19.0019 319.0655
3 16 123.5001 -19.0019 319.0655 121.3254 -8.0025 319.0655 121.3254 -21.4519 319.0655
3 16 121.3254 -21.4519 319.0655 123.5001 -21.4692 319.0655 123.5001 -19.0019 319.0655
3 16 121.1958 -22.8272 318.682 123.5001 -22.8297 318.6797 121.3254 -21.4519 319.0655
3 16 121.3254 -21.4519 319.0655 123.5001 -22.8297 318.6797 123.5001 -21.4692 319.0655
3 16 120.575 -24 316.6125 123.5 -24 316.6125 120.9029 -23.7479 317.6945
3 16 120.9029 -23.7479 317.6945 123.5 -24 316.6125 123.5001 -23.7565 317.6772
3 16 120.9029 -23.7479 317.6945 123.5001 -23.7565 317.6772 121.1958 -22.8272 318.682
3 16 121.1958 -22.8272 318.682 123.5001 -23.7565 317.6772 123.5001 -22.8297 318.6797
3 16 123.5001 -23.7565 317.6772 123.5001 -19.0019 316.3268 123.5001 -22.8297 318.6797
3 16 121.3254 -21.4519 319.0655 121.3254 -8.0025 319.0655 120.5751 -8.0013 316.6125
3 16 120.5751 -8.0013 316.6125 120.9029 -23.7479 317.6945 121.1958 -22.8272 318.682
3 16 123.5001 -19.0019 316.3268 127.9896 -10.1832 315.3147 127.5532 -11.1764 317.1475
3 16 125.0469 -16.1518 319.0655 123.5001 -19.0019 316.3268 126.3918 -13.472 318.4581
3 16 123.5001 -19.0019 316.3268 125.0469 -16.1518 319.0655 123.5001 -19.0019 319.0655
3 16 123.5001 -21.4692 319.0655 123.5001 -19.0019 316.3268 123.5001 -19.0019 319.0655
3 16 128.359 -7.99 310.8618 128.0053 -8 312.0299 128.3429 -10.1832 310.8806
3 16 128.3429 -10.1832 310.8806 128.0053 -8 312.0299 127.995 -10.1832 312.0163
3 16 129.0509 -7.99 310.2432 128.359 -7.99 310.8618 129.0436 -10.1832 310.2435
3 16 129.0436 -10.1832 310.2435 128.359 -7.99 310.8618 128.3429 -10.1832 310.8806
3 16 130 -10.1832 310 150 -16 310 130 -8 310
3 16 150 -16 310 150 0 309.9995 130 -8 310
3 16 130 -10.1832 310 130 -8 310 129.0436 -10.1832 310.2435
3 16 129.0436 -10.1832 310.2435 130 -8 310 129.0509 -7.99 310.2432
3 16 129.0436 -10.1832 310.2435 125.2181 -16.0004 310.0607 130 -10.1832 310
3 16 125.2181 -16.0004 310.0607 129.0436 -10.1832 310.2435 128.3429 -10.1832 310.8806
3 16 125.2181 -16.0004 310.0607 128.3429 -10.1832 310.8806 127.995 -10.1832 312.0163
3 16 150 -16 310 130 -10.1832 310 125.2181 -16.0004 310.0607
3 16 114.125 0 297.5251 114.1265 -4.2417 297.5215 114.125 0 293.3009
3 16 114.125 0 293.3009 114.1265 -4.2417 297.5215 114.1265 -4.2417 293.2982
3 16 110.375 0 293.975 113.6871 0 299.1125 114.125 0 297.5251
3 16 110.375 0 293.975 114.125 0 297.5251 114.125 0 293.3009
3 16 110.375 0 306.025 114.125 0 302.4749 113.6495 0 300.7583
3 16 110.375 0 306.025 113.6495 0 300.7583 110.375 0 293.975
3 16 110.375 0 293.975 113.6495 0 300.7583 113.6871 0 299.1125
3 16 114.1251 0 310 114.125 0 302.4749 110.375 0 306.025
3 16 126.721 -7.99 310 127 0 310 126.7184 -7.9899 302.1125
3 16 126.7184 -7.9899 302.1125 127 0 310 126.9946 0 293.3
3 16 114.1265 -4.2417 293.2982 126.9946 0 293.3 114.125 0 293.3009
3 16 119.25 -8 297.0508 120.5753 -8 299.1125 123.25 -8 297.05
3 16 116.4587 -7.7476 299.1125 117.875 -8 299.1125 116.4603 -7.7599 297.0501
3 16 116.4603 -7.7599 297.0501 117.875 -8 299.1125 117.8743 -8.0052 297.0501
3 16 116.4587 -7.7476 299.1125 116.4603 -7.7599 297.0501 115.2332 -6.923 299.1031
3 16 115.2332 -6.923 299.1031 116.4603 -7.7599 297.0501 115.2326 -6.9272 297.0407
3 16 114.2127 -5.2664 299.1125 115.2332 -6.923 299.1031 114.2608 -5.25 297.2247
3 16 114.2608 -5.25 297.2247 115.2332 -6.923 299.1031 115.2326 -6.9272 297.0407
3 16 120.5753 -8 299.1125 119.25 -8 297.0508 117.875 -8 299.1125
3 16 117.875 -8 299.1125 119.25 -8 297.0508 117.8743 -8.0052 297.0501
3 16 116.4603 -7.7599 297.0501 117.8743 -8.0052 297.0501 116.4654 -7.7791 293.3011
3 16 116.4654 -7.7791 293.3011 117.8743 -8.0052 297.0501 117.8729 -8.0145 293.3011
3 16 116.4603 -7.7599 297.0501 116.4654 -7.7791 293.3011 115.2326 -6.9272 297.0407
3 16 115.2326 -6.9272 297.0407 116.4654 -7.7791 293.3011 115.233 -6.9319 293.2917
3 16 114.2608 -5.25 297.2247 115.2326 -6.9272 297.0407 114.3013 -5.3479 293.3011
3 16 114.3013 -5.3479 293.3011 115.2326 -6.9272 297.0407 115.233 -6.9319 293.2917
3 16 117.8743 -8.0052 297.0501 119.25 -8 297.0508 117.8729 -8.0145 293.3011
3 16 117.8729 -8.0145 293.3011 119.25 -8 297.0508 119.2499 -8.0016 293.3005
3 16 114.1265 -4.2417 297.5215 114.2608 -5.25 297.2247 114.1265 -4.2417 293.2982
3 16 114.1265 -4.2417 293.2982 114.2608 -5.25 297.2247 114.3013 -5.3479 293.3011
3 16 113.687 -4.24 299.1125 113.687 -5.2261 299.1125 114.1265 -4.2417 297.5215
3 16 114.1265 -4.2417 297.5215 113.687 -5.2261 299.1125 114.2608 -5.25 297.2247
3 16 114.2608 -5.25 297.2247 113.687 -5.2261 299.1125 114.2127 -5.2664 299.1125
3 16 115.233 -6.9319 293.2917 126.9946 0 293.3 114.3013 -5.3479 293.3011
3 16 117.8729 -8.0145 293.3011 126.9946 0 293.3 116.4654 -7.7791 293.3011
3 16 116.4654 -7.7791 293.3011 126.9946 0 293.3 115.233 -6.9319 293.2917
3 16 119.2499 -8.0016 293.3005 126.9946 0 293.3 117.8729 -8.0145 293.3011
3 16 124.4149 -12.99 293.3 119.2499 -8.0016 293.3005 119.25 -23.4403 293.3
3 16 119.2499 -8.0016 293.3005 124.4149 -12.99 293.3 126.9946 0 293.3
3 16 126.9946 0 293.3 124.4149 -12.99 293.3 126.5886 -13.0279 293.3
3 16 124.4149 -12.99 293.3 124.4151 -12.9901 297.05 126.5886 -13.0279 293.3
3 16 126.5886 -13.0279 293.3 124.4151 -12.9901 297.05 126.5463 -12.99 302.1125
3 16 126.9946 0 293.3 126.5886 -13.0279 293.3 126.7184 -7.9899 302.1125
3 16 126.7184 -7.9899 302.1125 126.5886 -13.0279 293.3 126.5463 -12.99 302.1125
3 16 126.7184 -7.9899 302.1125 126.5463 -12.99 302.1125 123.2545 -7.8706 302.1046
3 16 123.2545 -7.8706 302.1046 126.5463 -12.99 302.1125 123.25 -12.99 302.1125
3 16 123.2545 -7.8706 302.1046 123.25 -12.99 302.1125 123.25 -8 297.05
3 16 123.25 -8 297.05 123.25 -12.99 302.1125 123.25 -12.99 297.05
3 16 126.5463 -12.99 302.1125 124.4151 -12.9901 297.05 123.25 -12.99 302.1125
3 16 123.25 -12.99 302.1125 124.4151 -12.9901 297.05 123.25 -12.99 297.05
3 16 123.25 -8 297.05 123.25 -12.99 297.05 119.25 -8 297.0508
3 16 119.25 -8 297.0508 123.25 -12.99 297.05 119.2502 -23.4404 297.05
3 16 119.25 -23.4403 293.3 119.2499 -8.0016 293.3005 119.2502 -23.4404 297.05
3 16 119.2502 -23.4404 297.05 119.2499 -8.0016 293.3005 119.25 -8 297.0508
3 16 124.4151 -12.9901 297.05 119.2502 -23.4404 297.05 123.25 -12.99 297.05
3 16 119.25 -23.4403 293.3 119.2502 -23.4404 297.05 124.4149 -12.99 293.3
3 16 124.4149 -12.99 293.3 119.2502 -23.4404 297.05 124.4151 -12.9901 297.05
3 16 123.3488 -8.0059 319.0655 120.5751 -8.0013 316.6125 121.3254 -8.0025 319.0655
3 16 126.721 -7.99 310 128.359 -7.99 310.8618 129.0509 -7.99 310.2432
3 16 126.721 -7.99 310 129.0509 -7.99 310.2432 130 -8 310
3 16 125.0752 -8.0059 319.0655 120.5751 -8.0013 316.6125 123.3488 -8.0059 319.0655
3 16 127.5532 -8.0059 317.1475 120.5751 -8.0013 316.6125 126.3851 -8.0059 318.4581
3 16 126.3851 -8.0059 318.4581 120.5751 -8.0013 316.6125 125.0752 -8.0059 319.0655
3 16 126.721 -7.99 310 120.5751 -8.0013 316.6125 128.0053 -8 312.0299
3 16 128.0106 -8.0059 315.3147 128.0053 -8 312.0299 120.5751 -8.0013 316.6125
3 16 128.0106 -8.0059 315.3147 120.5751 -8.0013 316.6125 127.5532 -8.0059 317.1475
3 16 120.5753 -8 299.1125 123.2545 -7.8706 302.1046 123.25 -8 297.05
3 16 13.1952 -12.75 293.3 13.1952 -12.75 296.55 18.2439 -12.5747 293.3
3 16 18.2439 -12.5747 293.3 13.1952 -12.75 296.55 18.2439 -12.5747 296.55
3 16 18.2439 -12.5747 293.3 18.2439 -12.5747 296.55 20.8147 -7.25 293.3
3 16 20.8147 -7.25 293.3 18.2439 -12.5747 296.55 20.8147 -7.25 296.55
3 16 27.4999 0 305.8625 27.5 0 293.3 27.384 -3.3198 305.8625
3 16 27.384 -3.3198 305.8625 27.5 0 293.3 27.3839 -3.3199 293.3
3 16 27.3839 -3.3199 293.3 26.9999 -4.4304 293.3 27.384 -3.3198 305.8625
3 16 27.384 -3.3198 305.8625 26.9999 -4.4304 293.3 27 -4.4302 305.8625
3 16 26.9999 -4.4304 293.3 26.059 -5.2501 293.3 27 -4.4302 305.8625
3 16 27 -4.4302 305.8625 26.059 -5.2501 293.3 26.0592 -5.2499 305.8625
3 16 26.059 -5.2501 293.3 24.8749 -5.2501 293.3 26.0592 -5.2499 305.8625
3 16 26.0592 -5.2499 305.8625 24.8749 -5.2501 293.3 24.875 -5.2499 305.8625
3 16 31.25 0 306.025 31.25 0 293.975 27.4999 0 305.8625
3 16 27.4999 0 305.8625 31.25 0 293.975 27.5 0 293.3
3 16 27.0001 -4.4302 310 27 -4.4302 305.8625 26.0592 -5.25 309.8
3 16 26.0592 -5.25 309.8 27 -4.4302 305.8625 26.0592 -5.2499 305.8625
3 16 27.0001 -4.4302 310 27.384 -3.3198 310 27 -4.4302 305.8625
3 16 27 -4.4302 305.8625 27.384 -3.3198 310 27.384 -3.3198 305.8625
3 16 27.5 0 310 27.4999 0 305.8625 27.384 -3.3198 310
3 16 27.384 -3.3198 310 27.4999 0 305.8625 27.384 -3.3198 305.8625
3 16 24.875 -7.25 293.3001 24.8751 -7.2499 302.05 24.8749 -5.2501 293.3
3 16 24.8749 -5.2501 293.3 24.8751 -7.2499 302.05 24.875 -5.2499 305.8625
3 16 24.875 -5.2499 305.8625 24.8751 -7.2499 302.05 24.8752 -10.0357 305.8626
3 16 24.8752 -10.0357 305.8626 24.8751 -7.2499 302.05 24.8752 -10.0357 302.0501
3 16 24.8752 -10.0357 305.8626 24.8752 -10.0357 302.0501 22.25 -15.347 305.8625
3 16 22.25 -15.347 305.8625 24.8752 -10.0357 302.0501 22.25 -15.347 302.05
3 16 22.25 -15.347 302.05 22.25 -7.25 302.05 22.25 -15.347 305.8625
3 16 22.25 -15.347 305.8625 22.25 -7.25 302.05 22.25 -5.25 305.8625
3 16 22.25 -15.347 305.8625 22.25 -5.25 305.8625 24.8752 -10.0357 305.8626
3 16 24.8752 -10.0357 305.8626 22.25 -5.25 305.8625 24.875 -5.2499 305.8625
3 16 22.25 -5.25 305.8625 22.25 -7.25 302.05 22.25 -5.25 296.55
3 16 22.25 -5.25 296.55 22.25 -7.25 302.05 22.25 -7.25 296.55
3 16 12.75 0 293.3 12.9354 -5.2553 296.55 13.1952 -12.75 293.3
3 16 13.1952 -12.75 293.3 12.9354 -5.2553 296.55 13.1952 -12.75 296.55
3 16 20.8147 -7.25 296.55 18.2439 -12.5747 296.55 12.9354 -5.2553 296.55
3 16 12.9354 -5.2553 296.55 18.2439 -12.5747 296.55 13.1952 -12.75 296.55
3 16 12.9354 -5.2553 296.55 22.25 -5.25 296.55 20.8147 -7.25 296.55
3 16 20.8147 -7.25 296.55 22.25 -5.25 296.55 22.25 -7.25 296.55
3 16 18.2439 -12.5747 293.3 20.8147 -7.25 293.3 13.1952 -12.75 293.3
3 16 13.1952 -12.75 293.3 20.8147 -7.25 293.3 12.75 0 293.3
3 16 20.8147 -7.25 296.55 22.25 -7.25 296.55 20.8147 -7.25 293.3
3 16 20.8147 -7.25 293.3 22.25 -7.25 296.55 24.875 -7.25 293.3001
3 16 24.875 -7.25 293.3001 22.25 -7.25 296.55 24.8751 -7.2499 302.05
3 16 24.8751 -7.2499 302.05 22.25 -7.25 296.55 22.25 -7.25 302.05
3 16 24.8751 -7.2499 302.05 22.25 -7.25 302.05 24.8752 -10.0357 302.0501
3 16 24.8752 -10.0357 302.0501 22.25 -7.25 302.05 22.25 -15.347 302.05
3 16 27.5 0 293.3 31.25 0 293.975 27.5 0 290
3 16 12.75 0 293.3 27.3839 -3.3199 293.3 27.5 0 293.3
3 16 26.059 -5.2501 293.3 12.75 0 293.3 24.8749 -5.2501 293.3
3 16 12.75 0 293.3 20.8147 -7.25 293.3 24.8749 -5.2501 293.3
3 16 24.8749 -5.2501 293.3 20.8147 -7.25 293.3 24.875 -7.25 293.3001
3 16 27.3839 -3.3199 293.3 12.75 0 293.3 26.9999 -4.4304 293.3
3 16 26.9999 -4.4304 293.3 12.75 0 293.3 26.059 -5.2501 293.3
3 16 27.0027 -5.25 310 27.0001 -4.4302 310 26.0592 -5.25 309.8
3 16 12.9334 -5.25 310 14.5001 -5.25 310 12.9354 -5.2553 296.55
3 16 14.5001 -5.25 310 22.25 -5.25 305.8625 12.9354 -5.2553 296.55
3 16 12.9354 -5.2553 296.55 22.25 -5.25 305.8625 22.25 -5.25 296.55
3 16 38.0627 -8 310 27.0027 -5.25 310 27.0053 -8 310
3 16 27.5 0 310 27.384 -3.3198 310 38.0643 0 310
3 16 38.0643 0 310 27.384 -3.3198 310 38.0627 -8 310
3 16 38.0627 -8 310 27.384 -3.3198 310 27.0001 -4.4302 310
3 16 38.0627 -8 310 27.0001 -4.4302 310 27.0027 -5.25 310
3 16 14.5001 -5.25 315.3994 14.8127 -5.25 316.8479 22.25 -5.25 305.8625
3 16 22.25 -5.25 305.8625 26.0592 -5.25 309.8 24.875 -5.2499 305.8625
3 16 24.875 -5.2499 305.8625 26.0592 -5.25 309.8 26.0592 -5.2499 305.8625
3 16 14.5001 -5.25 315.3994 22.25 -5.25 305.8625 14.5001 -5.25 310
3 16 22.25 -5.25 305.8625 15.5898 -5.25 318.0046 16.7536 -5.25 318.7659
3 16 22.25 -5.25 305.8625 14.8127 -5.25 316.8479 15.5898 -5.25 318.0046
3 16 22.25 -5.25 305.8625 16.7536 -5.25 318.7659 18.2228 -5.25 319.0655
3 16 24.0752 -5.25 319.0655 22.25 -5.25 305.8625 18.2228 -5.25 319.0655
3 16 22.25 -5.25 305.8625 25.3851 -5.25 318.4581 26.5532 -5.25 317.1475
3 16 22.25 -5.25 305.8625 24.0752 -5.25 319.0655 25.3851 -5.25 318.4581
3 16 22.25 -5.25 305.8625 26.9974 -5.25 315.3147 26.0592 -5.25 309.8
3 16 26.0592 -5.25 309.8 26.9974 -5.25 315.3147 27.0027 -5.25 310
3 16 22.25 -5.25 305.8625 26.5532 -5.25 317.1475 26.9974 -5.25 315.3147
3 16 90 0 293.975 76.36 0 293.975 90 -5 293.975
3 16 90 -5 293.975 76.36 0 293.975 76.36 -5.25 293.975
3 16 89.944 0 290 77.5 0 290 90 0 293.975
3 16 90 0 293.975 77.5 0 290 76.36 0 293.975
3 16 31.25 0 293.975 31.25 -5 293.975 63.64 0 293.975
3 16 63.64 0 293.975 31.25 -5 293.975 63.64 -5.25 293.975
3 16 23.75 -4.875 290 27.5 0 290 62.5 -4.875 290
3 16 62.5 -4.875 290 27.5 0 290 62.5 0 290
3 16 27.5 0 290 31.25 0 293.975 62.5 0 290
3 16 62.5 0 290 31.25 0 293.975 63.64 0 293.975
3 16 76.36 -5.25 293.975 73.75 -5.25 296.4952 83.4748 -5.1894 305.0725
3 16 83.4748 -5.1894 305.0725 73.75 -5.25 296.4952 81.3776 -5 306.025
3 16 83.4748 -5.1894 305.0725 85.8377 -5.2278 303.7349 76.36 -5.25 293.975
3 16 85.8377 -5.2278 303.7349 90 -5 293.975 76.36 -5.25 293.975
3 16 110.375 -5 293.975 98.6242 -5 306.025 110.375 -5 306.025
3 16 110.375 -5 293.975 96.3684 -5.1209 304.9799 98.6242 -5 306.025
3 16 105.8009 -8 258.3983 113.0131 -7.9847 299.1031 90.0009 -8 290
3 16 27.0053 -8 298.9462 43.3668 -8 307.6165 40.0075 -8 307.041
3 16 43.3668 -8 307.6165 41.2299 -8 307.7493 40.0075 -8 307.041
3 16 27.0053 -8 298.9462 47.5 -8 305.6699 45.6699 -8 307.5
3 16 27.0053 -8 298.9462 40.0075 -8 307.041 38.7407 -8 307.7583
3 16 27.0053 -8 298.9462 45.6699 -8 307.5 43.3668 -8 307.6165
3 16 109.6144 -8 245.7847 113.0131 -7.9847 299.1031 107.9532 -8 253.0267
3 16 107.9532 -8 253.0267 113.0131 -7.9847 299.1031 105.8009 -8 258.3983
3 16 109.9781 -8 240.6104 112.9947 -8 240.6104 109.6144 -8 245.7847
3 16 112.9947 -8 240.6104 113.0131 -7.9847 299.1031 109.6144 -8 245.7847
3 16 27.0053 -8 298.9462 30.3856 -8 245.7847 32.0468 -8 253.0267
3 16 27.0053 -8 298.9462 34.1992 -8 258.3983 49.9982 -8 290
3 16 27.0053 -8 298.9462 32.0468 -8 253.0267 34.1992 -8 258.3983
3 16 27.5 0 293.3 27.5 0 290 12.75 0 293.3
3 16 12.75 0 293.3 27.5 0 290 9.9557 0 290
3 16 10 0 298.5 12.75 0 293.3 10 0 293
3 16 12.75 0 293.3 9.9557 0 290 10 0 293
3 16 12.75 0 293.3 10 0 298.5 10 0 301.5
3 16 10 0 301.5 10 0 298.5 6.25 0 301.5
3 16 6.25 0 301.5 10 0 298.5 6.25 0 298.5
3 16 12.9334 -5.25 310 12.9354 -5.2553 296.55 12.7501 0 309.9979
3 16 12.7501 0 309.9979 12.9354 -5.2553 296.55 12.75 0 293.3
3 16 10 0 306.25 12.7501 0 309.9979 10 0 301.5
3 16 10 0 301.5 12.7501 0 309.9979 12.75 0 293.3
3 16 10 0 306.25 -6.2593 0 306.25 12.7501 0 309.9979
3 16 12.7501 0 309.9979 -6.2593 0 306.25 -10 0 309.9989
3 16 -10 0 309.9989 -6.2593 0 306.25 -6.2593 0 289.125
3 16 -10 0 309.9989 -6.2593 0 289.125 -10 0 150
3 16 -10 0 150 -6.2593 0 289.125 -6.2593 0 170.875
3 16 10 0 293 9.9557 0 290 8.75 0 293
3 16 9.9557 0 290 9.9557 0 270 6.25 0 289.125
3 16 6.25 0 289.125 9.9557 0 270 6.25 0 270
3 16 7.5 0 292.665 9.9557 0 290 6.7191 0 291.9009
3 16 8.75 0 293 9.9557 0 290 7.5 0 292.665
3 16 6.7191 0 291.9009 9.9557 0 290 6.25 0 290.875
3 16 6.25 0 270 9.9557 0 270 6.25 0 190
3 16 6.25 0 190 9.9557 0 270 9.9557 0 170.0017
3 16 10 0 306.25 10 0 301.5 10 -5.25 306.25
3 16 10 -5.25 306.25 10 0 301.5 10 -5.25 301.5
3 16 -6.2577 -5.25 289.125 -6.2593 0 289.125 -6.2579 -5.25 290.875
3 16 -6.2593 0 289.125 -6.2593 0 306.25 -6.2579 -5.25 290.875
3 16 -6.2559 -5.2501 268.025 -6.2593 0 289.125 -6.2559 -5.2501 269.9999
3 16 -6.2484 -5.7286 188.0249 -6.2593 0 170.875 -6.2571 -5.25 190
3 16 6.7191 0 291.9009 6.25 0 290.875 6.25 -5.25 290.875
3 16 6.2502 -5.2501 191.9749 6.25 0 190 6.2502 -5.2501 190
3 16 -6.2532 -7.0049 186.5791 -6.2593 0 170.875 -6.2484 -5.7286 188.0249
3 16 6.25 0 190 6.2563 -5.7286 188.0249 6.2502 -5.2501 190
3 16 6.25 0 150 6.25 -5.2502 150 6.25 -5.25 150.875
3 16 3.4208 -12.7499 288.025 6.2547 -12.7499 273.95 1.975 -12.7499 286.5792
3 16 1.975 -12.7499 286.5792 6.2547 -12.7499 273.95 0.0047 -12.7499 273.95
3 16 6.25 0 290.875 9.9557 0 290 6.25 0 289.125
3 16 -6.2593 0 289.125 -6.2577 -5.25 289.125 -6.2594 -5.7286 271.975
3 16 -6.2594 -5.7286 271.975 -6.2577 -5.25 289.125 -6.25 -7.0049 273.4208
3 16 -10 0 309.9989 -10 -8 270 -10 -16 310
3 16 -10 -16 310 -10 -8 270 -10 -16 270
3 16 3.926 -5.2619 289.9873 6.2501 -5.25 289.125 3.8454 -5.262 289.118
3 16 -3.8209 -5.275 290.875 -3.95 -5.25 290 -6.2579 -5.25 290.875
3 16 -6.2579 -5.25 290.875 -3.95 -5.25 290 -6.2577 -5.25 289.125
3 16 -3.4208 -5.7286 271.975 -3.95 -5.25 270 -6.2594 -5.7286 271.975
3 16 -6.2594 -5.7286 271.975 -3.95 -5.25 270 -6.2559 -5.2501 269.9999
3 16 0.0047 -12.7499 273.95 0.0018 -9 273.95 -6.25 -12.7499 273.95
3 16 -6.25 -12.7499 273.95 0.0018 -9 273.95 -6.2524 -9 273.95
3 16 -3.7931 -12.7499 289.125 -3.4208 -12.7499 288.025 -6.25 -12.7499 289.125
3 16 -3.4208 -12.7499 288.025 -6.25 -12.7499 273.95 -6.25 -12.7499 289.125
3 16 3.8454 -12.7499 289.118 3.8454 -5.262 289.118 6.2547 -12.7499 289.125
3 16 6.2547 -12.7499 289.125 3.8454 -5.262 289.118 6.2501 -5.25 289.125
3 16 -6.2577 -5.25 289.125 -3.7931 -5.25 289.125 -6.25 -12.7499 289.125
3 16 -6.25 -12.7499 289.125 -3.7931 -5.25 289.125 -3.7931 -12.7499 289.125
3 16 6.2517 -5.2501 269.9999 6.2453 -5.7286 271.975 6.25 0 270
3 16 6.2453 -5.7286 271.975 6.25 0 289.125 6.25 0 270
3 16 -6.2559 -5.2501 269.9999 -6.2593 0 289.125 -6.2594 -5.7286 271.975
3 16 -6.25 -7.0049 273.4208 -6.2577 -5.25 289.125 -6.2524 -9 273.95
3 16 -6.2577 -5.25 289.125 -6.25 -12.7499 289.125 -6.2524 -9 273.95
3 16 -6.2524 -9 273.95 -6.25 -12.7499 289.125 -6.25 -12.7499 273.95
3 16 6.25 -7.0049 273.4208 6.2501 -5.25 289.125 6.2453 -5.7286 271.975
3 16 6.2453 -5.7286 271.975 6.2501 -5.25 289.125 6.25 0 289.125
3 16 6.2501 -5.25 289.125 6.2547 -9 273.95 6.2547 -12.7499 289.125
3 16 6.2547 -12.7499 289.125 6.2547 -9 273.95 6.2547 -12.7499 273.95
3 16 6.2501 -5.25 289.125 6.25 -7.0049 273.4208 6.2547 -9 273.95
3 16 -6.2547 -12.7499 306.25 6.2547 -12.7499 301.5 6.2547 -12.7499 298.5
3 16 -6.2547 -12.7499 306.25 -1.975 -12.7499 293.4208 -3.4208 -12.7499 291.975
3 16 3.8357 -12.7499 290.8507 6.2523 -12.7499 290.875 3.8357 -5.2619 290.8507
3 16 3.8357 -5.2619 290.8507 6.2523 -12.7499 290.875 6.25 -5.25 290.875
3 16 -6.2579 -5.25 290.875 -6.25 -12.7499 290.875 -3.8209 -5.275 290.875
3 16 -3.8209 -5.275 290.875 -6.25 -12.7499 290.875 -3.8209 -12.7499 290.875
3 16 -6.2593 0 306.25 -6.2547 -12.7499 306.25 -6.2579 -5.25 290.875
3 16 -6.2579 -5.25 290.875 -6.2547 -12.7499 306.25 -6.25 -12.7499 290.875
3 16 10 0 298.5 10 0 293 10 -12.7499 298.5
3 16 10 -12.7499 298.5 10 0 293 10 -12.7499 293
3 16 10 0 293 8.75 0 293 10 -12.7499 293
3 16 10 -12.7499 293 8.75 0 293 8.75 -12.7499 293
3 16 7.5 0 292.665 6.7191 0 291.9009 7.5 -12.7499 292.665
3 16 7.5 -12.7499 292.665 6.7191 0 291.9009 6.7191 -12.7499 291.9009
3 16 8.75 0 293 7.5 0 292.665 8.75 -12.7499 293
3 16 8.75 -12.7499 293 7.5 0 292.665 7.5 -12.7499 292.665
3 16 6.7191 0 291.9009 6.25 -5.25 290.875 6.7191 -12.7499 291.9009
3 16 6.7191 -12.7499 291.9009 6.25 -5.25 290.875 6.2523 -12.7499 290.875
3 16 10 -5.25 306.25 8.9116 -5.5443 306.25 10 0 306.25
3 16 8.9116 -5.5443 306.25 -6.2593 0 306.25 10 0 306.25
3 16 6.25 0 301.5 6.25 0 298.5 6.2547 -12.7499 301.5
3 16 6.2547 -12.7499 301.5 6.25 0 298.5 6.2547 -12.7499 298.5
3 16 10 0 298.5 10 -12.7499 298.5 6.25 0 298.5
3 16 6.25 0 298.5 10 -12.7499 298.5 6.2547 -12.7499 298.5
3 16 1.975 -12.7499 293.4208 6.2547 -12.7499 298.5 3.4208 -12.7499 291.975
3 16 6.2547 -12.7499 298.5 10 -12.7499 298.5 8.75 -12.7499 293
3 16 8.75 -12.7499 293 10 -12.7499 298.5 10 -12.7499 293
3 16 7.25 -12.7499 301.5 6.2547 -12.7499 301.5 7.25 -12.7499 306.25
3 16 6.2547 -12.7499 301.5 -6.2547 -12.7499 306.25 7.25 -12.7499 306.25
3 16 7.25 -12.7499 301.5 7.25 -12.7499 306.25 7.25 -8.25 301.5
3 16 7.25 -8.25 301.5 7.25 -12.7499 306.25 7.25 -8.25 306.25
3 16 8.9116 -5.5443 306.25 8.9116 -5.5443 301.5 7.7563 -6.6088 306.25
3 16 7.7563 -6.6088 306.25 8.9116 -5.5443 301.5 7.7563 -6.6088 301.5
3 16 10 -5.25 306.25 10 -5.25 301.5 8.9116 -5.5443 306.25
3 16 8.9116 -5.5443 306.25 10 -5.25 301.5 8.9116 -5.5443 301.5
3 16 7.7563 -6.6088 306.25 7.7563 -6.6088 301.5 7.25 -8.25 306.25
3 16 7.25 -8.25 306.25 7.7563 -6.6088 301.5 7.25 -8.25 301.5
3 16 6.25 0 301.5 6.2547 -12.7499 301.5 7.25 -8.25 301.5
3 16 7.25 -8.25 301.5 6.2547 -12.7499 301.5 7.25 -12.7499 301.5
3 16 10 -5.25 301.5 10 0 301.5 8.9116 -5.5443 301.5
3 16 8.9116 -5.5443 301.5 10 0 301.5 6.25 0 301.5
3 16 6.25 0 301.5 7.7563 -6.6088 301.5 8.9116 -5.5443 301.5
3 16 6.25 0 301.5 7.25 -8.25 301.5 7.7563 -6.6088 301.5
3 16 -6.2593 0 306.25 7.7563 -6.6088 306.25 7.25 -8.25 306.25
3 16 -6.2593 0 306.25 7.25 -8.25 306.25 -6.2547 -12.7499 306.25
3 16 -6.2547 -12.7499 306.25 7.25 -8.25 306.25 7.25 -12.7499 306.25
3 16 7.7563 -6.6088 306.25 -6.2593 0 306.25 8.9116 -5.5443 306.25
3 16 0 -12.7499 286.05 1.975 -12.7499 286.5792 0.0047 -12.7499 273.95
3 16 0.0047 -12.7499 273.95 -1.975 -12.7499 286.5792 0 -12.7499 286.05
3 16 -6.2577 -5.25 289.125 -3.95 -5.25 290 -3.7931 -5.25 289.125
3 16 6.2501 -5.25 289.125 3.926 -5.2619 289.9873 6.25 -5.25 290.875
3 16 6.25 -5.25 290.875 3.926 -5.2619 289.9873 3.8357 -5.2619 290.8507
3 16 6.25 0 290.875 6.25 0 289.125 6.25 -5.25 290.875
3 16 6.25 -5.25 290.875 6.25 0 289.125 6.2501 -5.25 289.125
3 16 -3.8209 -5.275 290.875 -3.8209 0 290.875 -3.95 -5.25 290
3 16 -3.95 -5.25 290 -3.8209 0 290.875 -3.95 0 290
3 16 -3.95 0 290 -3.7931 0 289.125 -3.95 -5.25 290
3 16 -3.95 -5.25 290 -3.7931 0 289.125 -3.7931 -5.25 289.125
3 16 3.8454 -5.262 289.118 3.8454 0 289.118 3.926 -5.2619 289.9873
3 16 3.926 -5.2619 289.9873 3.8454 0 289.118 3.95 0 290
3 16 3.8357 -5.2619 290.8507 3.8357 0 290.8507 3.4208 0 291.975
3 16 1.975 0 293.4208 3.4208 0 291.975 0.9904 0 291.7153
3 16 0.9904 0 291.7153 3.4208 0 291.975 1.7153 0 290.9904
3 16 0 0 293.95 1.975 0 293.4208 0 0 291.9807
3 16 0 0 291.9807 1.975 0 293.4208 0.9904 0 291.7153
3 16 -1.975 0 293.4208 0 0 293.95 -0.9904 0 291.7153
3 16 -0.9904 0 291.7153 0 0 293.95 0 0 291.9807
3 16 -3.4208 0 291.975 -1.975 0 293.4208 -1.7153 0 290.9904
3 16 -1.7153 0 290.9904 -1.975 0 293.4208 -0.9904 0 291.7153
3 16 -1.9807 0 290 -3.8209 0 290.875 -1.7153 0 290.9904
3 16 -1.7153 0 290.9904 -3.8209 0 290.875 -3.4208 0 291.975
3 16 -3.4208 0 288.025 -3.7931 0 289.125 -1.7153 0 289.0096
3 16 -1.7153 0 289.0096 -3.7931 0 289.125 -1.9807 0 290
3 16 -1.975 0 286.5792 -3.4208 0 288.025 -0.9904 0 288.2847
3 16 -0.9904 0 288.2847 -3.4208 0 288.025 -1.7153 0 289.0096
3 16 0 0 286.05 -1.975 0 286.5792 0 0 288.0193
3 16 0 0 288.0193 -1.975 0 286.5792 -0.9904 0 288.2847
3 16 1.975 0 286.5792 0 0 286.05 0.9904 0 288.2847
3 16 0.9904 0 288.2847 0 0 286.05 0 0 288.0193
3 16 3.4208 0 288.025 1.975 0 286.5792 1.7153 0 289.0096
3 16 1.7153 0 289.0096 1.975 0 286.5792 0.9904 0 288.2847
3 16 3.95 0 290 3.8454 0 289.118 1.9807 0 290
3 16 1.9807 0 290 3.8357 0 290.8507 3.95 0 290
3 16 0.9904 0 291.7153 1.7153 0 290.9904 0.9904 -12.7683 291.7153
3 16 0.9904 -12.7683 291.7153 1.7153 0 290.9904 1.7153 -12.7683 290.9904
3 16 0 0 291.9807 0.9904 0 291.7153 0 -12.7683 291.9807
3 16 0 -12.7683 291.9807 0.9904 0 291.7153 0.9904 -12.7683 291.7153
3 16 -0.9904 0 291.7153 0 0 291.9807 -0.9904 -12.7683 291.7153
3 16 -0.9904 -12.7683 291.7153 0 0 291.9807 0 -12.7683 291.9807
3 16 -1.7153 0 290.9904 -0.9904 0 291.7153 -1.7153 -12.7683 290.9904
3 16 -1.7153 -12.7683 290.9904 -0.9904 0 291.7153 -0.9904 -12.7683 291.7153
3 16 -1.9807 0 290 -1.7153 0 290.9904 -1.9807 -12.7683 290
3 16 -1.9807 -12.7683 290 -1.7153 0 290.9904 -1.7153 -12.7683 290.9904
3 16 -1.7153 0 289.0096 -1.9807 0 290 -1.7153 -12.7683 289.0096
3 16 -1.7153 -12.7683 289.0096 -1.9807 0 290 -1.9807 -12.7683 290
3 16 -0.9904 0 288.2847 -1.7153 0 289.0096 -0.9904 -12.7683 288.2847
3 16 -0.9904 -12.7683 288.2847 -1.7153 0 289.0096 -1.7153 -12.7683 289.0096
3 16 0 0 288.0193 -0.9904 0 288.2847 0 -12.7683 288.0193
3 16 0 -12.7683 288.0193 -0.9904 0 288.2847 -0.9904 -12.7683 288.2847
3 16 0.9904 0 288.2847 0 0 288.0193 0.9904 -12.7683 288.2847
3 16 0.9904 -12.7683 288.2847 0 0 288.0193 0 -12.7683 288.0193
3 16 1.7153 0 289.0096 0.9904 0 288.2847 1.7153 -12.7683 289.0096
3 16 1.7153 -12.7683 289.0096 0.9904 0 288.2847 0.9904 -12.7683 288.2847
3 16 1.9807 0 290 1.7153 0 289.0096 1.9807 -12.7683 290
3 16 1.9807 -12.7683 290 1.7153 0 289.0096 1.7153 -12.7683 289.0096
3 16 1.7153 0 290.9904 1.9807 0 290 1.7153 -12.7683 290.9904
3 16 1.7153 -12.7683 290.9904 1.9807 0 290 1.9807 -12.7683 290
3 16 -0.9904 -12.7683 288.2847 0 -12.7683 290 0 -12.7683 288.0193
3 16 -1.7153 -12.7683 290.9904 0 -12.7683 290 -1.9807 -12.7683 290
3 16 0.9904 -12.7683 291.7153 0 -12.7683 290 0 -12.7683 291.9807
3 16 1.7153 -12.7683 289.0096 0 -12.7683 290 1.9807 -12.7683 290
3 16 -1.9807 -12.7683 290 0 -12.7683 290 -1.7153 -12.7683 289.0096
3 16 -1.7153 -12.7683 289.0096 0 -12.7683 290 -0.9904 -12.7683 288.2847
3 16 0 -12.7683 291.9807 0 -12.7683 290 -0.9904 -12.7683 291.7153
3 16 -0.9904 -12.7683 291.7153 0 -12.7683 290 -1.7153 -12.7683 290.9904
3 16 0 -12.7683 290 1.7153 -12.7683 290.9904 1.9807 -12.7683 290
3 16 0.9904 -12.7683 291.7153 1.7153 -12.7683 290.9904 0 -12.7683 290
3 16 0 -12.7683 288.0193 0 -12.7683 290 0.9904 -12.7683 288.2847
3 16 0.9904 -12.7683 288.2847 0 -12.7683 290 1.7153 -12.7683 289.0096
3 16 3.8357 -12.7499 290.8507 3.8357 -5.2619 290.8507 3.4208 -12.7499 291.975
3 16 3.4208 -12.7499 291.975 3.8357 -5.2619 290.8507 3.4208 0 291.975
3 16 1.975 0 286.5792 3.4208 0 288.025 1.975 -12.7499 286.5792
3 16 1.975 -12.7499 286.5792 3.4208 0 288.025 3.4208 -12.7499 288.025
3 16 0 0 286.05 1.975 0 286.5792 0 -12.7499 286.05
3 16 0 -12.7499 286.05 1.975 0 286.5792 1.975 -12.7499 286.5792
3 16 -1.975 0 286.5792 0 0 286.05 -1.975 -12.7499 286.5792
3 16 -1.975 -12.7499 286.5792 0 0 286.05 0 -12.7499 286.05
3 16 -3.4208 0 288.025 -1.975 0 286.5792 -3.4208 -12.7499 288.025
3 16 -3.4208 -12.7499 288.025 -1.975 0 286.5792 -1.975 -12.7499 286.5792
3 16 -1.975 0 293.4208 -3.4208 0 291.975 -1.975 -12.7499 293.4208
3 16 -1.975 -12.7499 293.4208 -3.4208 0 291.975 -3.4208 -12.7499 291.975
3 16 0 0 293.95 -1.975 0 293.4208 0 -12.7499 293.95
3 16 0 -12.7499 293.95 -1.975 0 293.4208 -1.975 -12.7499 293.4208
3 16 1.975 0 293.4208 0 0 293.95 1.975 -12.7499 293.4208
3 16 1.975 -12.7499 293.4208 0 0 293.95 0 -12.7499 293.95
3 16 3.4208 0 291.975 1.975 0 293.4208 3.4208 -12.7499 291.975
3 16 3.4208 -12.7499 291.975 1.975 0 293.4208 1.975 -12.7499 293.4208
3 16 -3.4208 0 291.975 -3.8209 -5.275 290.875 -3.4208 -12.7499 291.975
3 16 -3.4208 -12.7499 291.975 -3.8209 -5.275 290.875 -3.8209 -12.7499 290.875
3 16 -3.4208 0 291.975 -3.8209 0 290.875 -3.8209 -5.275 290.875
3 16 -3.7931 -5.25 289.125 -3.7931 0 289.125 -3.4208 0 288.025
3 16 -3.7931 -12.7499 289.125 -3.7931 -5.25 289.125 -3.4208 -12.7499 288.025
3 16 -3.4208 -12.7499 288.025 -3.7931 -5.25 289.125 -3.4208 0 288.025
3 16 3.4208 0 288.025 3.8454 -5.262 289.118 3.4208 -12.7499 288.025
3 16 3.4208 -12.7499 288.025 3.8454 -5.262 289.118 3.8454 -12.7499 289.118
3 16 3.4208 0 288.025 3.8454 0 289.118 3.8454 -5.262 289.118
3 16 3.95 0 290 3.8357 0 290.8507 3.926 -5.2619 289.9873
3 16 3.926 -5.2619 289.9873 3.8357 0 290.8507 3.8357 -5.2619 290.8507
3 16 3.8454 -12.7499 289.118 6.2547 -12.7499 289.125 3.4208 -12.7499 288.025
3 16 6.2547 -12.7499 273.95 3.4208 -12.7499 288.025 6.2547 -12.7499 289.125
3 16 0.0047 -12.7499 273.95 -6.25 -12.7499 273.95 -1.975 -12.7499 286.5792
3 16 -1.975 -12.7499 286.5792 -6.25 -12.7499 273.95 -3.4208 -12.7499 288.025
3 16 -3.8209 -12.7499 290.875 -6.25 -12.7499 290.875 -3.4208 -12.7499 291.975
3 16 -6.2547 -12.7499 306.25 -3.4208 -12.7499 291.975 -6.25 -12.7499 290.875
3 16 -6.2547 -12.7499 306.25 0 -12.7499 293.95 -1.975 -12.7499 293.4208
3 16 1.975 -12.7499 293.4208 0 -12.7499 293.95 6.2547 -12.7499 298.5
3 16 -6.2547 -12.7499 306.25 6.2547 -12.7499 298.5 0 -12.7499 293.95
3 16 7.5 -12.7499 292.665 6.2547 -12.7499 298.5 8.75 -12.7499 293
3 16 6.7191 -12.7499 291.9009 6.2523 -12.7499 290.875 3.4208 -12.7499 291.975
3 16 3.4208 -12.7499 291.975 6.2523 -12.7499 290.875 3.8357 -12.7499 290.8507
3 16 6.2547 -12.7499 298.5 7.5 -12.7499 292.665 3.4208 -12.7499 291.975
3 16 3.4208 -12.7499 291.975 7.5 -12.7499 292.665 6.7191 -12.7499 291.9009
3 16 -1.9807 0 290 -3.7931 0 289.125 -3.95 0 290
3 16 -3.95 0 290 -3.8209 0 290.875 -1.9807 0 290
3 16 1.9807 0 290 3.8454 0 289.118 1.7153 0 289.0096
3 16 1.7153 0 289.0096 3.8454 0 289.118 3.4208 0 288.025
3 16 3.4208 0 291.975 3.8357 0 290.8507 1.7153 0 290.9904
3 16 1.7153 0 290.9904 3.8357 0 290.8507 1.9807 0 290
3 16 6.25 -5.25 170.875 6.2505 -12.7502 170.8495 6.2484 -9 186.1499
3 16 6.2484 -9 186.1499 6.2505 -12.7502 170.8495 6.2472 -12.75 186.1499
3 16 6.2511 -12.7503 150.8739 6.2518 -12.7503 169.1113 6.25 -5.25 150.875
3 16 6.25 -5.25 150.875 6.2518 -12.7503 169.1113 6.2501 -5.25 169.125
3 16 6.2501 -5.25 169.125 6.25 0 170 6.25 -5.25 150.875
3 16 6.25 -5.25 150.875 6.25 0 170 6.25 0 150
3 16 6.25 0 170 10 0 167 6.25 0 150
3 16 6.25 0 150 10 0 167 10.0001 0 150
3 16 -6.2593 0 150 -6.2579 -5.25 150.875 -6.2586 -5.25 150
3 16 -6.2547 -12.7501 150.875 -6.2579 -5.25 150.875 -6.25 -12.7503 169.125
3 16 -6.25 -12.7503 169.125 -6.2579 -5.25 150.875 -6.2577 -5.25 169.125
3 16 -6.2579 -5.25 150.875 -6.2593 0 150 -6.2577 -5.25 169.125
3 16 -6.2577 -5.25 169.125 -6.2593 0 150 -6.2593 0 170.875
3 16 -10 0 150 -6.2593 0 170.875 -6.2593 0 150
3 16 -6.2577 -5.25 169.125 -6.2593 0 170.875 -6.2579 -5.25 170.875
3 16 6.2468 -7.0049 186.5791 6.2563 -5.7286 188.0249 6.25 0 170
3 16 6.2563 -5.7286 188.0249 6.25 0 190 6.25 0 170
3 16 6.2484 -9 186.1499 6.2468 -7.0049 186.5791 6.25 -5.25 170.875
3 16 6.25 -5.25 170.875 6.2468 -7.0049 186.5791 6.25 0 170
3 16 -6.2593 0 170.875 -6.2532 -7.0049 186.5791 -6.2579 -5.25 170.875
3 16 -6.2579 -5.25 170.875 -6.2532 -7.0049 186.5791 -6.2586 -9 186.1499
3 16 -6.2579 -5.25 170.875 -6.2586 -9 186.1499 -6.2547 -12.7501 170.875
3 16 -6.2547 -12.7501 170.875 -6.2586 -9 186.1499 -6.2586 -12.7499 186.1499
3 16 6.2472 -12.75 186.1499 3.4208 -12.7503 171.975 1.975 -12.7503 173.4208
3 16 0 -12.7503 166.05 0 -12.7503 153.95 -1.975 -12.7503 166.5792
3 16 -1.975 -12.7503 166.5792 0 -12.7503 153.95 -1.975 -12.7503 153.4208
3 16 1.975 -12.7503 166.5792 1.975 -12.7503 153.4208 0 -12.7503 166.05
3 16 0 -12.7503 166.05 1.975 -12.7503 153.4208 0 -12.7503 153.95
3 16 -3.7931 -12.7503 169.125 -3.4208 -12.7503 168.025 -6.25 -12.7503 169.125
3 16 -3.4208 -12.7503 168.025 -3.4208 -12.7503 151.975 -6.25 -12.7503 169.125
3 16 -1.975 -12.7503 166.5792 -1.975 -12.7503 153.4208 -3.4208 -12.7503 168.025
3 16 -3.4208 -12.7503 168.025 -1.975 -12.7503 153.4208 -3.4208 -12.7503 151.975
3 16 -3.8209 -12.7503 150.875 -6.2547 -12.7501 150.875 -3.4208 -12.7503 151.975
3 16 -6.25 -12.7503 169.125 -3.4208 -12.7503 151.975 -6.2547 -12.7501 150.875
3 16 3.4208 -12.7503 168.025 3.4208 -12.7503 151.975 1.975 -12.7503 166.5792
3 16 1.975 -12.7503 166.5792 3.4208 -12.7503 151.975 1.975 -12.7503 153.4208
3 16 3.8357 -12.7503 150.8507 3.4208 -12.7503 151.975 6.2511 -12.7503 150.8739
3 16 3.4208 -12.7503 151.975 6.2518 -12.7503 169.1113 6.2511 -12.7503 150.8739
3 16 3.8454 -12.7503 169.118 6.2518 -12.7503 169.1113 3.4208 -12.7503 168.025
3 16 6.2518 -12.7503 169.1113 3.4208 -12.7503 151.975 3.4208 -12.7503 168.025
3 16 0 -12.7503 173.95 -1.975 -12.7503 173.4208 -0.0056 -12.7499 186.1499
3 16 -0.0056 -12.7499 186.1499 -1.975 -12.7503 173.4208 -6.2586 -12.7499 186.1499
3 16 -3.8209 -12.7503 170.875 -6.2547 -12.7501 170.875 -3.4208 -12.7503 171.975
3 16 -6.2586 -12.7499 186.1499 -3.4208 -12.7503 171.975 -6.2547 -12.7501 170.875
3 16 -6.2586 -12.7499 186.1499 -1.975 -12.7503 173.4208 -3.4208 -12.7503 171.975
3 16 6.2472 -12.75 186.1499 1.975 -12.7503 173.4208 -0.0056 -12.7499 186.1499
3 16 -0.0056 -12.7499 186.1499 1.975 -12.7503 173.4208 0 -12.7503 173.95
3 16 3.8357 -12.7503 170.8507 3.4208 -12.7503 171.975 6.2505 -12.7502 170.8495
3 16 3.4208 -12.7503 171.975 6.2472 -12.75 186.1499 6.2505 -12.7502 170.8495
3 16 -6.2594 -5.7286 271.975 -6.25 -7.0049 273.4208 -3.4208 -5.7286 271.975
3 16 -3.4208 -5.7286 271.975 -6.25 -7.0049 273.4208 -1.975 -7.0049 273.4208
3 16 0.0018 -9 273.95 -1.975 -7.0049 273.4208 -6.2524 -9 273.95
3 16 -6.2524 -9 273.95 -1.975 -7.0049 273.4208 -6.25 -7.0049 273.4208
3 16 6.25 -7.0049 273.4208 1.975 -7.0049 273.4208 6.2547 -9 273.95
3 16 6.2547 -9 273.95 1.975 -7.0049 273.4208 0.0018 -9 273.95
3 16 1.975 -7.0049 273.4208 6.25 -7.0049 273.4208 3.4208 -5.7286 271.975
3 16 3.4208 -5.7286 271.975 6.25 -7.0049 273.4208 6.2453 -5.7286 271.975
3 16 73.75 -20.75 283.5048 76.7593 -4.875 286.75 76.7593 -20.75 286.75
3 16 63.2407 -4.875 286.75 66.25 -20.75 283.5048 63.2407 -20.75 286.75
3 16 52.0086 -4.875 286.75 52.0086 -20.875 286.75 37.4729 -4.875 257.6786
3 16 37.4729 -4.875 257.6786 52.0086 -20.875 286.75 37.4729 -20.875 257.6786
3 16 33.25 -4.875 240.6104 33.25 -20.875 240.6104 33.25 -4.875 170
3 16 33.25 -4.875 170 33.25 -20.875 240.6104 33.25 -20.875 170
3 16 37.4729 -4.875 257.6786 37.4729 -20.875 257.6786 35.5083 -4.875 252.9379
3 16 35.5083 -4.875 252.9379 37.4729 -20.875 257.6786 35.5083 -20.875 252.9379
3 16 35.5083 -4.875 252.9379 35.5083 -20.875 252.9379 33.7237 -4.875 245.7644
3 16 33.7237 -4.875 245.7644 35.5083 -20.875 252.9379 33.7237 -20.875 245.7644
3 16 33.7237 -4.875 245.7644 33.7237 -20.875 245.7644 33.25 -4.875 240.6104
3 16 33.25 -4.875 240.6104 33.7237 -20.875 245.7644 33.25 -20.875 240.6104
3 16 23.75 -4.875 290 62.5 -4.875 290 52.0086 -4.875 286.75
3 16 52.0086 -4.875 286.75 62.5 -4.875 290 63.2407 -4.875 286.75
3 16 52.0086 -4.875 286.75 37.4729 -4.875 257.6786 23.75 -4.875 290
3 16 23.75 -4.875 290 33.25 -4.875 240.6104 23.7499 -4.875 170
3 16 23.7499 -4.875 170 33.25 -4.875 240.6104 33.25 -4.875 170
3 16 37.4729 -4.875 257.6786 35.5083 -4.875 252.9379 23.75 -4.875 290
3 16 35.5083 -4.875 252.9379 33.7237 -4.875 245.7644 23.75 -4.875 290
3 16 33.7237 -4.875 245.7644 33.25 -4.875 240.6104 23.75 -4.875 290
3 16 27.5 0 290 23.75 -4.875 290 9.9557 0 290
3 16 23.75 -7.7562 290 23.75 -4.875 290 23.7499 -7.7562 170
3 16 23.7499 -7.7562 170 23.75 -4.875 290 23.7499 -4.875 170
3 16 33.25 -4.875 167 33.25 -20.875 167 33.25 -4.875 150
3 16 33.25 -4.875 150 33.25 -20.875 167 33.25 -20.875 150
3 16 23.7499 -4.875 167 33.25 -4.875 167 23.7499 -4.875 150
3 16 23.7499 -4.875 150 33.25 -4.875 167 33.25 -4.875 150
3 16 23.7499 -7.7562 167 23.7499 -4.875 167 23.7499 -7.7562 150
3 16 23.7499 -7.7562 150 23.7499 -4.875 167 23.7499 -4.875 150
3 16 21.8263 -8.2717 290 23.75 -7.7562 290 21.8263 -8.2716 170
3 16 21.8263 -8.2716 170 23.75 -7.7562 290 23.7499 -7.7562 170
3 16 23.7499 -7.7562 167 23.7499 -7.7562 150 21.8262 -8.2716 167
3 16 21.8262 -8.2716 167 23.7499 -7.7562 150 21.8262 -8.2716 150
3 16 19.6431 -12.687 290 21.8263 -8.2717 290 19.6431 -12.687 170
3 16 19.6431 -12.687 170 21.8263 -8.2717 290 21.8263 -8.2716 170
3 16 21.8262 -8.2716 167 21.8262 -8.2716 150 19.6431 -12.687 167
3 16 19.6431 -12.687 167 21.8262 -8.2716 150 19.6431 -12.687 150
3 16 19.5981 -13.9751 290 19.6431 -12.687 290 19.3615 -20.75 264.7157
3 16 19.3615 -20.75 170 19.3615 -20.75 264.7157 19.6431 -12.687 170
3 16 19.6431 -12.687 170 19.3615 -20.75 264.7157 19.6431 -12.687 290
3 16 19.6431 -12.687 167 19.6431 -12.687 150 19.3615 -20.75 167
3 16 19.3615 -20.75 167 19.6431 -12.687 150 19.3615 -20.75 150
3 16 12.9958 -13.9819 289.9747 19.5981 -13.9751 290 13.1398 -20.5327 264.7157
3 16 13.1398 -20.5327 264.7157 19.5981 -13.9751 290 19.3615 -20.75 264.7157
3 16 19.3615 -20.75 167 19.3615 -20.75 150 13.25 -20.75 167
3 16 13.25 -20.75 167 19.3615 -20.75 150 13.25 -20.75 150
3 16 13.25 -20.75 167 13.25 -20.75 150 13.25 -15.75 167
3 16 13.25 -15.75 167 13.25 -20.75 150 13.25 -15.75 150
3 16 11.2024 -12.9291 167 11.2024 -12.9291 150 9.9849 -12.75 167
3 16 9.9849 -12.75 167 11.2024 -12.9291 150 9.9849 -12.75 150
3 16 11.4579 -12.7658 186.3028 11.2257 -12.865 170.0009 9.9557 -12.6111 186.0944
3 16 9.9557 -12.6111 186.0944 11.2257 -12.865 170.0009 9.9557 -12.75 170
3 16 10 -24 150 10 -24 265.1436 10 -16 190
3 16 10 -16 190 10 -24 265.1436 10 -16 270
3 16 19.3615 -20.75 170 13.1398 -20.5327 189.25 19.3615 -20.75 264.7157
3 16 19.3615 -20.75 264.7157 13.1398 -20.5327 189.25 13.1398 -20.5327 264.7157
3 16 13.1398 -20.5327 189.25 19.3615 -20.75 170 13.1473 -20.5329 170
3 16 13.25 -15.7552 270.633 13.1398 -20.5327 264.7157 13.25 -15.465 188.7146
3 16 13.25 -15.465 188.7146 13.1398 -20.5327 264.7157 13.1398 -20.5327 189.25
3 16 13.1398 -20.5327 189.25 13.1473 -20.5329 170 13.25 -15.465 188.7146
3 16 13.25 -15.465 188.7146 13.1473 -20.5329 170 13.2726 -15.7502 170
3 16 11.4579 -12.7658 186.3028 9.9557 -12.6111 186.0944 11.2347 -7.8359 186.4479
3 16 11.2347 -7.8359 186.4479 9.9557 -12.6111 186.0944 9.9557 -7.875 186.25
3 16 13.1222 -7.8748 270.7498 13.25 -15.7552 270.633 13.2416 -7.771 189.1625
3 16 13.2416 -7.771 189.1625 13.25 -15.7552 270.633 13.25 -15.465 188.7146
3 16 12.9616 -6.5957 270.7871 13.1222 -7.8748 270.7498 12.9748 -6.621 189.2546
3 16 12.9748 -6.621 189.2546 13.1222 -7.8748 270.7498 13.2416 -7.771 189.1625
3 16 11.2237 -5.0327 189.2468 10.8698 -4.9414 270.7462 12.288 -5.6567 189.2484
3 16 12.288 -5.6567 189.2484 10.8698 -4.9414 270.7462 12.1426 -5.5504 270.7802
3 16 12.288 -5.6567 189.2484 12.1426 -5.5504 270.7802 12.9748 -6.621 189.2546
3 16 12.9748 -6.621 189.2546 12.1426 -5.5504 270.7802 12.9616 -6.5957 270.7871
3 16 9.9557 -4.875 189.2449 9.9557 -4.8729 270.7447 11.2237 -5.0327 189.2468
3 16 11.2237 -5.0327 189.2468 9.9557 -4.8729 270.7447 10.8698 -4.9414 270.7462
3 16 13.25 -15.7552 270.633 13.1222 -7.8748 270.7498 13.2288 -14.7173 272.2711
3 16 13.2288 -14.7173 272.2711 13.1222 -7.8748 270.7498 12.9601 -7.8659 272.0347
3 16 9.9557 0 290 9.9557 -12.75 290.0001 9.9557 -12.6228 273.92
3 16 12.5191 -13.5192 273.3799 12.2397 -7.8748 272.9561 11.4175 -12.8691 273.8455
3 16 11.4175 -12.8691 273.8455 12.2397 -7.8748 272.9561 11.2016 -7.8748 273.5838
3 16 13.2288 -14.7173 272.2711 12.9601 -7.8659 272.0347 12.5191 -13.5192 273.3799
3 16 12.5191 -13.5192 273.3799 12.9601 -7.8659 272.0347 12.2397 -7.8748 272.9561
3 16 11.4175 -12.8691 273.8455 11.2016 -7.8748 273.5838 9.9557 -12.6228 273.92
3 16 9.9557 -12.6228 273.92 11.2016 -7.8748 273.5838 9.9557 -7.8748 273.75
3 16 13.1089 -14.0771 187.5971 12.5502 -13.3216 186.9029 12.9911 -7.799 188.0432
3 16 12.9911 -7.799 188.0432 12.5502 -13.3216 186.9029 12.3072 -7.7884 187.0735
3 16 13.1089 -14.0771 187.5971 12.8895 -14.5975 169.9997 12.5502 -13.3216 186.9029
3 16 12.5502 -13.3216 186.9029 12.8895 -14.5975 169.9997 12.2985 -13.538 170.001
3 16 12.9727 -14.5503 167 12.9727 -14.5503 150 12.272 -13.5377 167
3 16 12.272 -13.5377 167 12.9727 -14.5503 150 12.272 -13.5377 150
3 16 12.5502 -13.3216 186.9029 11.4579 -12.7658 186.3028 12.3072 -7.7884 187.0735
3 16 12.3072 -7.7884 187.0735 11.4579 -12.7658 186.3028 11.2347 -7.8359 186.4479
3 16 12.5502 -13.3216 186.9029 12.2985 -13.538 170.001 11.4579 -12.7658 186.3028
3 16 11.4579 -12.7658 186.3028 12.2985 -13.538 170.001 11.2257 -12.865 170.0009
3 16 13.25 -15.465 188.7146 13.1089 -14.0771 187.5971 13.2416 -7.771 189.1625
3 16 13.2416 -7.771 189.1625 13.1089 -14.0771 187.5971 12.9911 -7.799 188.0432
3 16 13.25 -15.465 188.7146 13.2726 -15.7502 170 13.1089 -14.0771 187.5971
3 16 13.1089 -14.0771 187.5971 13.2726 -15.7502 170 12.8895 -14.5975 169.9997
3 16 12.272 -13.5377 167 12.272 -13.5377 150 11.2024 -12.9291 167
3 16 11.2024 -12.9291 167 12.272 -13.5377 150 11.2024 -12.9291 150
3 16 13.25 -15.75 167 13.25 -15.75 150 12.9727 -14.5503 167
3 16 12.9727 -14.5503 167 13.25 -15.75 150 12.9727 -14.5503 150
3 16 12.2344 -5.788 188.4204 12.288 -5.6567 189.2484 12.9345 -6.6292 188.7669
3 16 12.9345 -6.6292 188.7669 12.288 -5.6567 189.2484 12.9748 -6.621 189.2546
3 16 12.1542 -6.1096 187.7549 12.8992 -6.8278 188.3155 12.2028 -6.7828 187.2565
3 16 12.2028 -6.7828 187.2565 12.8992 -6.8278 188.3155 12.9402 -7.2158 188.1117
3 16 12.288 -5.6567 189.2484 12.2344 -5.788 188.4204 11.2237 -5.0327 189.2468
3 16 11.2237 -5.0327 189.2468 12.2344 -5.788 188.4204 11.1245 -5.1857 188.2564
3 16 12.2028 -6.7828 187.2565 11.0802 -6.5604 186.6891 12.1542 -6.1096 187.7549
3 16 12.1542 -6.1096 187.7549 11.0802 -6.5604 186.6891 11.0095 -5.682 187.3553
3 16 11.2237 -5.0327 189.2468 11.1245 -5.1857 188.2564 9.9557 -4.875 189.2449
3 16 9.9557 -4.875 189.2449 11.1245 -5.1857 188.2564 9.9557 -5.0891 188.1429
3 16 9.9557 -6.5937 186.5419 9.9557 -5.5063 187.1135 11.0802 -6.5604 186.6891
3 16 11.0802 -6.5604 186.6891 9.9557 -5.5063 187.1135 11.0095 -5.682 187.3553
3 16 12.2028 -6.7828 187.2565 12.9402 -7.2158 188.1117 12.3072 -7.7884 187.0735
3 16 12.3072 -7.7884 187.0735 12.9402 -7.2158 188.1117 12.9911 -7.799 188.0432
3 16 11.0802 -6.5604 186.6891 12.2028 -6.7828 187.2565 11.2347 -7.8359 186.4479
3 16 11.2347 -7.8359 186.4479 12.2028 -6.7828 187.2565 12.3072 -7.7884 187.0735
3 16 9.9557 -7.875 186.25 9.9557 -6.5937 186.5419 11.2347 -7.8359 186.4479
3 16 11.2347 -7.8359 186.4479 9.9557 -6.5937 186.5419 11.0802 -6.5604 186.6891
3 16 12.1542 -6.1096 187.7549 12.2344 -5.788 188.4204 12.8992 -6.8278 188.3155
3 16 12.8992 -6.8278 188.3155 12.2344 -5.788 188.4204 12.9345 -6.6292 188.7669
3 16 12.2344 -5.788 188.4204 12.1542 -6.1096 187.7549 11.1245 -5.1857 188.2564
3 16 11.1245 -5.1857 188.2564 12.1542 -6.1096 187.7549 11.0095 -5.682 187.3553
3 16 11.1245 -5.1857 188.2564 11.0095 -5.682 187.3553 9.9557 -5.0891 188.1429
3 16 9.9557 -5.0891 188.1429 11.0095 -5.682 187.3553 9.9557 -5.5063 187.1135
3 16 12.8992 -6.8278 188.3155 12.9345 -6.6292 188.7669 13.2416 -7.771 189.1625
3 16 12.9345 -6.6292 188.7669 12.9748 -6.621 189.2546 13.2416 -7.771 189.1625
3 16 12.8992 -6.8278 188.3155 13.2416 -7.771 189.1625 12.9402 -7.2158 188.1117
3 16 12.9911 -7.799 188.0432 12.9402 -7.2158 188.1117 13.2416 -7.771 189.1625
3 16 12.9035 -6.5991 271.3116 12.0795 -5.6748 271.6392 12.8551 -6.7704 271.7354
3 16 12.8551 -6.7704 271.7354 12.0795 -5.6748 271.6392 12.0713 -6.1255 272.3639
3 16 12.9601 -7.8659 272.0347 12.9079 -7.2484 271.985 12.2397 -7.8748 272.9561
3 16 12.2397 -7.8748 272.9561 12.9079 -7.2484 271.985 12.2268 -6.8576 272.7623
3 16 12.0795 -5.6748 271.6392 10.8947 -5.1644 271.86 12.0713 -6.1255 272.3639
3 16 12.0713 -6.1255 272.3639 10.8947 -5.1644 271.86 10.8604 -5.8005 272.8247
3 16 9.9557 -5.0374 271.8554 9.9557 -5.6853 272.9344 10.8947 -5.1644 271.86
3 16 10.8947 -5.1644 271.86 9.9557 -5.6853 272.9344 10.8604 -5.8005 272.8247
3 16 12.2397 -7.8748 272.9561 12.2268 -6.8576 272.7623 11.2016 -7.8748 273.5838
3 16 11.2016 -7.8748 273.5838 12.2268 -6.8576 272.7623 11.0696 -6.6737 273.3686
3 16 9.9557 -6.7152 273.5774 9.9557 -7.8748 273.75 11.0696 -6.6737 273.3686
3 16 11.0696 -6.6737 273.3686 9.9557 -7.8748 273.75 11.2016 -7.8748 273.5838
3 16 12.0795 -5.6748 271.6392 12.9035 -6.5991 271.3116 12.1426 -5.5504 270.7802
3 16 12.1426 -5.5504 270.7802 12.9035 -6.5991 271.3116 12.9616 -6.5957 270.7871
3 16 10.8947 -5.1644 271.86 12.0795 -5.6748 271.6392 10.8698 -4.9414 270.7462
3 16 10.8698 -4.9414 270.7462 12.0795 -5.6748 271.6392 12.1426 -5.5504 270.7802
3 16 9.9557 -4.8729 270.7447 9.9557 -5.0374 271.8554 10.8698 -4.9414 270.7462
3 16 10.8698 -4.9414 270.7462 9.9557 -5.0374 271.8554 10.8947 -5.1644 271.86
3 16 12.9079 -7.2484 271.985 12.8551 -6.7704 271.7354 12.2268 -6.8576 272.7623
3 16 12.2268 -6.8576 272.7623 12.8551 -6.7704 271.7354 12.0713 -6.1255 272.3639
3 16 12.2268 -6.8576 272.7623 12.0713 -6.1255 272.3639 11.0696 -6.6737 273.3686
3 16 11.0696 -6.6737 273.3686 12.0713 -6.1255 272.3639 10.8604 -5.8005 272.8247
3 16 9.9557 -5.6853 272.9344 9.9557 -6.7152 273.5774 10.8604 -5.8005 272.8247
3 16 10.8604 -5.8005 272.8247 9.9557 -6.7152 273.5774 11.0696 -6.6737 273.3686
3 16 12.8551 -6.7704 271.7354 12.9079 -7.2484 271.985 13.1222 -7.8748 270.7498
3 16 12.9079 -7.2484 271.985 12.9601 -7.8659 272.0347 13.1222 -7.8748 270.7498
3 16 12.8551 -6.7704 271.7354 13.1222 -7.8748 270.7498 12.9035 -6.5991 271.3116
3 16 12.9616 -6.5957 270.7871 12.9035 -6.5991 271.3116 13.1222 -7.8748 270.7498
3 16 11.4175 -12.8691 273.8455 9.9557 -12.6228 273.92 11.2179 -12.9151 289.9369
3 16 11.2179 -12.9151 289.9369 9.9557 -12.6228 273.92 9.9557 -12.75 290.0001
3 16 12.5191 -13.5192 273.3799 11.4175 -12.8691 273.8455 12.0863 -13.3846 289.9643
3 16 12.0863 -13.3846 289.9643 11.4175 -12.8691 273.8455 11.2179 -12.9151 289.9369
3 16 13.2288 -14.7173 272.2711 12.5191 -13.5192 273.3799 12.9958 -13.9819 289.9747
3 16 12.9958 -13.9819 289.9747 12.5191 -13.5192 273.3799 12.0863 -13.3846 289.9643
3 16 12.9958 -13.9819 289.9747 13.1398 -20.5327 264.7157 13.2288 -14.7173 272.2711
3 16 13.1398 -20.5327 264.7157 13.25 -15.7552 270.633 13.2288 -14.7173 272.2711
3 16 6.25 0 170 6.2501 -5.25 169.125 6.25 -5.25 170.875
3 16 6.25 0 170 9.9557 0 170.0017 10 0 167
3 16 9.9557 0 170.0017 70 0 169.8448 10 0 167
3 16 10 0 167 70 0 169.8448 70 0 166.843
3 16 23.7499 -4.875 170 33.25 -4.875 170 9.9557 0 170.0017
3 16 33.25 -4.875 167 23.7499 -4.875 167 10 0 167
3 16 12.2985 -13.538 170.001 9.9557 0 170.0017 11.2257 -12.865 170.0009
3 16 23.7499 -7.7562 167 21.8262 -8.2716 167 23.7499 -4.875 167
3 16 21.8262 -8.2716 167 10 0 167 23.7499 -4.875 167
3 16 33.25 -20.875 170 70 -20.7342 170 33.25 -4.875 170
3 16 33.25 -4.875 170 70 -20.7342 170 70 0 169.8448
3 16 9.9557 0 170.0017 33.25 -4.875 170 70 0 169.8448
3 16 33.25 -20.875 167 33.25 -4.875 167 70 -20.875 167
3 16 70 -20.875 167 33.25 -4.875 167 70 0 166.843
3 16 33.25 -4.875 167 10 0 167 70 0 166.843
3 16 63.2407 -4.875 286.75 63.2407 -20.75 286.75 52.0086 -4.875 286.75
3 16 52.0086 -4.875 286.75 63.2407 -20.75 286.75 52.0086 -20.875 286.75
3 16 70 -20.7342 170 33.25 -20.875 170 33.25 -20.875 240.6104
3 16 70 -20.7342 170 33.25 -20.875 240.6104 33.7237 -20.875 245.7644
3 16 70 -20.7342 170 33.7237 -20.875 245.7644 35.5083 -20.875 252.9379
3 16 70 -20.7342 170 35.5083 -20.875 252.9379 37.4729 -20.875 257.6786
3 16 52.0086 -20.875 286.75 70 -20.7342 170 37.4729 -20.875 257.6786
3 16 66.25 -20.75 283.5048 70 -20.75 282.5 70 -20.7342 170
3 16 70 -20.7342 170 52.0086 -20.875 286.75 66.25 -20.75 283.5048
3 16 66.25 -20.75 283.5048 52.0086 -20.875 286.75 63.2407 -20.75 286.75
3 16 23.75 -7.7562 290 21.8263 -8.2717 290 23.75 -4.875 290
3 16 9.9557 0 290 23.75 -4.875 290 21.8263 -8.2717 290
3 16 9.9557 0 290 11.2179 -12.9151 289.9369 9.9557 -12.75 290.0001
3 16 19.6431 -12.687 290 12.0863 -13.3846 289.9643 21.8263 -8.2717 290
3 16 21.8263 -8.2717 290 12.0863 -13.3846 289.9643 9.9557 0 290
3 16 9.9557 0 290 12.0863 -13.3846 289.9643 11.2179 -12.9151 289.9369
3 16 19.5981 -13.9751 290 12.9958 -13.9819 289.9747 19.6431 -12.687 290
3 16 19.6431 -12.687 290 12.9958 -13.9819 289.9747 12.0863 -13.3846 289.9643
3 16 9.9557 0 170.0017 9.9557 -5.5063 187.1135 9.9557 -6.5937 186.5419
3 16 6.25 0 190 9.9557 0 170.0017 6.25 0 170
3 16 9.9557 -5.5063 187.1135 9.9557 0 170.0017 9.9557 -5.0891 188.1429
3 16 9.9557 -5.0891 188.1429 9.9557 0 170.0017 9.9557 -4.875 189.2449
3 16 9.9557 0 170.0017 9.9557 -7.875 186.25 9.9557 -12.6111 186.0944
3 16 9.9557 0 170.0017 9.9557 -12.6111 186.0944 9.9557 -12.75 170
3 16 9.9557 0 290 9.9557 -7.8748 273.75 9.9557 -6.7152 273.5774
3 16 9.9557 0 270 9.9557 -5.0374 271.8554 9.9557 -4.8729 270.7447
3 16 9.9557 0 290 9.9557 -6.7152 273.5774 9.9557 -5.6853 272.9344
3 16 9.9557 0 290 9.9557 -12.6228 273.92 9.9557 -7.8748 273.75
3 16 9.9557 -4.8729 270.7447 9.9557 -4.875 189.2449 9.9557 0 270
3 16 9.9557 0 270 9.9557 -4.875 189.2449 9.9557 0 170.0017
3 16 9.9557 0 290 9.9557 -5.6853 272.9344 9.9557 0 270
3 16 9.9557 -5.6853 272.9344 9.9557 -5.0374 271.8554 9.9557 0 270
3 16 143.424 0 188.0249 143.424 -5.7286 188.0249 141.9781 0 186.5791
3 16 141.9781 0 186.5791 143.424 -5.7286 188.0249 141.9781 -7.0049 186.5791
3 16 141.9781 0 186.5791 141.9781 -7.0049 186.5791 140.0031 0 186.0499
3 16 140.0031 0 186.0499 141.9781 -7.0049 186.5791 140.005 -9 186.0499
3 16 140.005 -9 186.0499 138.0281 -7.0049 186.5791 140.0031 0 186.0499
3 16 140.0031 0 186.0499 138.0281 -7.0049 186.5791 138.0281 0 186.5791
3 16 138.0281 -7.0049 186.5791 136.5824 -5.7286 188.0249 138.0281 0 186.5791
3 16 138.0281 0 186.5791 136.5824 -5.7286 188.0249 136.5824 0 188.0249
3 16 136.0531 0 189.9999 136.5824 0 188.0249 136.0531 -5.25 189.9999
3 16 136.0531 -5.25 189.9999 136.5824 0 188.0249 136.5824 -5.7286 188.0249
3 16 136.5824 -5.25 191.9749 136.5824 0 191.9749 136.0531 -5.25 189.9999
3 16 136.0531 -5.25 189.9999 136.5824 0 191.9749 136.0531 0 189.9999
3 16 136.5824 0 191.9749 136.5824 -5.25 191.9749 138.0281 0 193.4207
3 16 138.0281 0 193.4207 136.5824 -5.25 191.9749 138.0281 -5.25 193.4207
3 16 138.0281 0 193.4207 138.0281 -5.25 193.4207 140.0031 0 193.9499
3 16 140.0031 0 193.9499 138.0281 -5.25 193.4207 140.0031 -5.25 193.9499
3 16 140.0031 0 193.9499 140.0031 -5.25 193.9499 141.9781 0 193.4207
3 16 141.9781 0 193.4207 140.0031 -5.25 193.9499 141.9781 -5.25 193.4207
3 16 141.9781 0 193.4207 141.9781 -5.25 193.4207 143.424 0 191.9749
3 16 143.424 0 191.9749 141.9781 -5.25 193.4207 143.424 -5.25 191.9749
3 16 143.424 0 191.9749 143.424 -5.25 191.9749 143.9531 0 189.9999
3 16 143.9531 0 189.9999 143.424 -5.25 191.9749 143.9292 -5.2619 190.0126
3 16 143.9531 0 189.9999 143.9292 -5.2619 190.0126 143.424 0 188.0249
3 16 143.424 0 188.0249 143.9292 -5.2619 190.0126 143.424 -5.7286 188.0249
3 16 141.9781 0 186.5791 140.9935 0 188.2846 143.424 0 188.0249
3 16 143.424 0 188.0249 140.9935 0 188.2846 141.7185 0 189.0095
3 16 140.0031 0 186.0499 140.0031 0 188.0192 141.9781 0 186.5791
3 16 141.9781 0 186.5791 140.0031 0 188.0192 140.9935 0 188.2846
3 16 138.0281 0 186.5791 139.0128 0 188.2846 140.0031 0 186.0499
3 16 140.0031 0 186.0499 139.0128 0 188.2846 140.0031 0 188.0192
3 16 136.5824 0 188.0249 138.2878 0 189.0095 138.0281 0 186.5791
3 16 138.0281 0 186.5791 138.2878 0 189.0095 139.0128 0 188.2846
3 16 136.0531 0 189.9999 138.0224 0 189.9999 136.5824 0 188.0249
3 16 136.5824 0 188.0249 138.0224 0 189.9999 138.2878 0 189.0095
3 16 138.0224 0 189.9999 136.0531 0 189.9999 138.2878 0 190.9903
3 16 138.2878 0 190.9903 136.0531 0 189.9999 136.5824 0 191.9749
3 16 138.0281 0 193.4207 139.0128 0 191.7152 136.5824 0 191.9749
3 16 136.5824 0 191.9749 139.0128 0 191.7152 138.2878 0 190.9903
3 16 140.0031 0 193.9499 140.0031 0 191.9806 138.0281 0 193.4207
3 16 138.0281 0 193.4207 140.0031 0 191.9806 139.0128 0 191.7152
3 16 141.9781 0 193.4207 140.9935 0 191.7152 140.0031 0 193.9499
3 16 140.0031 0 193.9499 140.9935 0 191.7152 140.0031 0 191.9806
3 16 143.424 0 191.9749 141.7185 0 190.9903 141.9781 0 193.4207
3 16 141.9781 0 193.4207 141.7185 0 190.9903 140.9935 0 191.7152
3 16 141.9839 0 189.9999 141.7185 0 190.9903 143.9531 0 189.9999
3 16 143.9531 0 189.9999 141.7185 0 190.9903 143.424 0 191.9749
3 16 143.424 0 188.0249 141.7185 0 189.0095 143.9531 0 189.9999
3 16 143.9531 0 189.9999 141.7185 0 189.0095 141.9839 0 189.9999
3 16 140.9935 0 188.2846 140.9935 -5.25 188.2846 141.7185 0 189.0095
3 16 141.7185 0 189.0095 140.9935 -5.25 188.2846 141.7185 -5.25 189.0095
3 16 140.0031 0 188.0192 140.0031 -5.25 188.0192 140.9935 0 188.2846
3 16 140.9935 0 188.2846 140.0031 -5.25 188.0192 140.9935 -5.25 188.2846
3 16 139.0128 0 188.2846 139.0128 -5.25 188.2846 140.0031 0 188.0192
3 16 140.0031 0 188.0192 139.0128 -5.25 188.2846 140.0031 -5.25 188.0192
3 16 138.2878 0 189.0095 138.2878 -5.25 189.0095 139.0128 0 188.2846
3 16 139.0128 0 188.2846 138.2878 -5.25 189.0095 139.0128 -5.25 188.2846
3 16 138.0224 0 189.9999 138.0224 -5.25 189.9999 138.2878 0 189.0095
3 16 138.2878 0 189.0095 138.0224 -5.25 189.9999 138.2878 -5.25 189.0095
3 16 138.2878 0 190.9903 138.2878 -5.25 190.9903 138.0224 0 189.9999
3 16 138.0224 0 189.9999 138.2878 -5.25 190.9903 138.0224 -5.25 189.9999
3 16 139.0128 0 191.7152 139.0128 -5.25 191.7152 138.2878 0 190.9903
3 16 138.2878 0 190.9903 139.0128 -5.25 191.7152 138.2878 -5.25 190.9903
3 16 140.0031 0 191.9806 140.0031 -5.25 191.9806 139.0128 0 191.7152
3 16 139.0128 0 191.7152 140.0031 -5.25 191.9806 139.0128 -5.25 191.7152
3 16 140.9935 0 191.7152 140.9935 -5.25 191.7152 140.0031 0 191.9806
3 16 140.0031 0 191.9806 140.9935 -5.25 191.7152 140.0031 -5.25 191.9806
3 16 141.7185 0 190.9903 141.7185 -5.25 190.9903 140.9935 0 191.7152
3 16 140.9935 0 191.7152 141.7185 -5.25 190.9903 140.9935 -5.25 191.7152
3 16 141.9839 0 189.9999 141.9839 -5.25 189.9999 141.7185 0 190.9903
3 16 141.7185 0 190.9903 141.9839 -5.25 189.9999 141.7185 -5.25 190.9903
3 16 141.7185 0 189.0095 141.7185 -5.25 189.0095 141.9839 0 189.9999
3 16 141.9839 0 189.9999 141.7185 -5.25 189.0095 141.9839 -5.25 189.9999
3 16 139.0128 -5.25 191.7152 140.0031 -5.25 191.9806 140.0034 -5.25 189.9999
3 16 138.2878 -5.25 189.0095 138.0224 -5.25 189.9999 140.0034 -5.25 189.9999
3 16 140.9935 -5.25 188.2846 140.0031 -5.25 188.0192 140.0034 -5.25 189.9999
3 16 141.7185 -5.25 190.9903 141.9839 -5.25 189.9999 140.0034 -5.25 189.9999
3 16 138.0224 -5.25 189.9999 138.2878 -5.25 190.9903 140.0034 -5.25 189.9999
3 16 138.2878 -5.25 190.9903 139.0128 -5.25 191.7152 140.0034 -5.25 189.9999
3 16 140.0031 -5.25 188.0192 139.0128 -5.25 188.2846 140.0034 -5.25 189.9999
3 16 139.0128 -5.25 188.2846 138.2878 -5.25 189.0095 140.0034 -5.25 189.9999
3 16 140.0034 -5.25 189.9999 141.9839 -5.25 189.9999 141.7185 -5.25 189.0095
3 16 140.9935 -5.25 188.2846 140.0034 -5.25 189.9999 141.7185 -5.25 189.0095
3 16 140.0031 -5.25 191.9806 140.9935 -5.25 191.7152 140.0034 -5.25 189.9999
3 16 140.9935 -5.25 191.7152 141.7185 -5.25 190.9903 140.0034 -5.25 189.9999
3 16 143.424 -5.7286 188.0249 143.9292 -5.2619 190.0126 146.2484 -5.7286 188.0249
3 16 146.2484 -5.7286 188.0249 143.9292 -5.2619 190.0126 146.2571 -5.25 190
3 16 146.2586 -12.7499 186.1499 140.0056 -12.7499 186.1499 146.2586 -9 186.1499
3 16 146.2586 -9 186.1499 140.0056 -12.7499 186.1499 140.005 -9 186.0499
3 16 140.0031 -5.25 193.9499 140 -5.25 266.05 141.9781 -5.25 193.4207
3 16 141.9781 -5.25 193.4207 140 -5.25 266.05 141.975 -5.25 266.5792
3 16 138.0281 -5.25 193.4207 138.025 -5.25 266.5792 140.0031 -5.25 193.9499
3 16 140.0031 -5.25 193.9499 138.025 -5.25 266.5792 140 -5.25 266.05
3 16 136.5824 -5.7286 188.0249 133.7437 -5.7286 188.0249 136.0531 -5.25 189.9999
3 16 136.0531 -5.25 189.9999 133.7437 -5.7286 188.0249 133.7498 -5.2501 190
3 16 140.0056 -12.7499 186.1499 133.7527 -12.75 186.1499 140.005 -9 186.0499
3 16 140.005 -9 186.0499 133.7527 -12.75 186.1499 133.7516 -9 186.1499
3 16 133.7437 -5.7286 188.0249 136.5824 -5.7286 188.0249 133.7531 -7.0049 186.5791
3 16 133.7531 -7.0049 186.5791 136.5824 -5.7286 188.0249 138.0281 -7.0049 186.5791
3 16 140.005 -9 186.0499 133.7516 -9 186.1499 138.0281 -7.0049 186.5791
3 16 138.0281 -7.0049 186.5791 133.7516 -9 186.1499 133.7531 -7.0049 186.5791
3 16 140.005 -9 186.0499 141.9781 -7.0049 186.5791 146.2586 -9 186.1499
3 16 146.2586 -9 186.1499 141.9781 -7.0049 186.5791 146.2531 -7.0049 186.5791
3 16 146.2484 -5.7286 188.0249 146.2531 -7.0049 186.5791 143.424 -5.7286 188.0249
3 16 143.424 -5.7286 188.0249 146.2531 -7.0049 186.5791 141.9781 -7.0049 186.5791
3 16 136.5792 0 271.975 136.5792 -5.7286 271.975 138.025 0 273.4208
3 16 138.025 0 273.4208 136.5792 -5.7286 271.975 138.025 -7.0049 273.4208
3 16 138.025 0 273.4208 138.025 -7.0049 273.4208 140 0 273.95
3 16 140 0 273.95 138.025 -7.0049 273.4208 139.9982 -9 273.95
3 16 139.9982 -9 273.95 141.975 -7.0049 273.4208 140 0 273.95
3 16 140 0 273.95 141.975 -7.0049 273.4208 141.975 0 273.4208
3 16 141.975 -7.0049 273.4208 143.4208 -5.7286 271.975 141.975 0 273.4208
3 16 141.975 0 273.4208 143.4208 -5.7286 271.975 143.4208 0 271.975
3 16 143.95 0 270 143.4208 0 271.975 143.95 -5.25 270
3 16 143.95 -5.25 270 143.4208 0 271.975 143.4208 -5.7286 271.975
3 16 143.4208 -5.25 268.025 143.4208 0 268.025 143.95 -5.25 270
3 16 143.95 -5.25 270 143.4208 0 268.025 143.95 0 270
3 16 143.4208 0 268.025 143.4208 -5.25 268.025 141.975 0 266.5792
3 16 141.975 0 266.5792 143.4208 -5.25 268.025 141.975 -5.25 266.5792
3 16 141.975 0 266.5792 141.975 -5.25 266.5792 140 0 266.05
3 16 140 0 266.05 141.975 -5.25 266.5792 140 -5.25 266.05
3 16 140 0 266.05 140 -5.25 266.05 138.025 0 266.5792
3 16 138.025 0 266.5792 140 -5.25 266.05 138.025 -5.25 266.5792
3 16 138.025 0 266.5792 138.025 -5.25 266.5792 136.5792 0 268.025
3 16 136.5792 0 268.025 138.025 -5.25 266.5792 136.5792 -5.25 268.025
3 16 136.5792 0 268.025 136.5792 -5.25 268.025 136.05 0 270
3 16 136.05 0 270 136.5792 -5.25 268.025 136.074 -5.2619 269.9873
3 16 136.05 0 270 136.074 -5.2619 269.9873 136.5792 0 271.975
3 16 136.5792 0 271.975 136.074 -5.2619 269.9873 136.5792 -5.7286 271.975
3 16 138.025 0 273.4208 139.0096 0 271.7153 136.5792 0 271.975
3 16 136.5792 0 271.975 139.0096 0 271.7153 138.2847 0 270.9904
3 16 140 0 273.95 140 0 271.9807 138.025 0 273.4208
3 16 138.025 0 273.4208 140 0 271.9807 139.0096 0 271.7153
3 16 141.975 0 273.4208 140.9904 0 271.7153 140 0 273.95
3 16 140 0 273.95 140.9904 0 271.7153 140 0 271.9807
3 16 143.4208 0 271.975 141.7153 0 270.9904 141.975 0 273.4208
3 16 141.975 0 273.4208 141.7153 0 270.9904 140.9904 0 271.7153
3 16 143.95 0 270 141.9807 0 270 143.4208 0 271.975
3 16 143.4208 0 271.975 141.9807 0 270 141.7153 0 270.9904
3 16 141.9807 0 270 143.95 0 270 141.7153 0 269.0096
3 16 141.7153 0 269.0096 143.95 0 270 143.4208 0 268.025
3 16 141.975 0 266.5792 140.9904 0 268.2847 143.4208 0 268.025
3 16 143.4208 0 268.025 140.9904 0 268.2847 141.7153 0 269.0096
3 16 140 0 266.05 140 0 268.0193 141.975 0 266.5792
3 16 141.975 0 266.5792 140 0 268.0193 140.9904 0 268.2847
3 16 138.025 0 266.5792 139.0096 0 268.2847 140 0 266.05
3 16 140 0 266.05 139.0096 0 268.2847 140 0 268.0193
3 16 136.5792 0 268.025 138.2847 0 269.0096 138.025 0 266.5792
3 16 138.025 0 266.5792 138.2847 0 269.0096 139.0096 0 268.2847
3 16 138.0193 0 270 138.2847 0 269.0096 136.05 0 270
3 16 136.05 0 270 138.2847 0 269.0096 136.5792 0 268.025
3 16 136.5792 0 271.975 138.2847 0 270.9904 136.05 0 270
3 16 136.05 0 270 138.2847 0 270.9904 138.0193 0 270
3 16 139.0096 0 271.7153 139.0096 -5.25 271.7153 138.2847 0 270.9904
3 16 138.2847 0 270.9904 139.0096 -5.25 271.7153 138.2847 -5.25 270.9904
3 16 140 0 271.9807 140 -5.25 271.9807 139.0096 0 271.7153
3 16 139.0096 0 271.7153 140 -5.25 271.9807 139.0096 -5.25 271.7153
3 16 140.9904 0 271.7153 140.9904 -5.25 271.7153 140 0 271.9807
3 16 140 0 271.9807 140.9904 -5.25 271.7153 140 -5.25 271.9807
3 16 141.7153 0 270.9904 141.7153 -5.25 270.9904 140.9904 0 271.7153
3 16 140.9904 0 271.7153 141.7153 -5.25 270.9904 140.9904 -5.25 271.7153
3 16 141.9807 0 270 141.9807 -5.25 270 141.7153 0 270.9904
3 16 141.7153 0 270.9904 141.9807 -5.25 270 141.7153 -5.25 270.9904
3 16 141.7153 0 269.0096 141.7153 -5.25 269.0096 141.9807 0 270
3 16 141.9807 0 270 141.7153 -5.25 269.0096 141.9807 -5.25 270
3 16 140.9904 0 268.2847 140.9904 -5.25 268.2847 141.7153 0 269.0096
3 16 141.7153 0 269.0096 140.9904 -5.25 268.2847 141.7153 -5.25 269.0096
3 16 140 0 268.0193 140 -5.25 268.0193 140.9904 0 268.2847
3 16 140.9904 0 268.2847 140 -5.25 268.0193 140.9904 -5.25 268.2847
3 16 139.0096 0 268.2847 139.0096 -5.25 268.2847 140 0 268.0193
3 16 140 0 268.0193 139.0096 -5.25 268.2847 140 -5.25 268.0193
3 16 138.2847 0 269.0096 138.2847 -5.25 269.0096 139.0096 0 268.2847
3 16 139.0096 0 268.2847 138.2847 -5.25 269.0096 139.0096 -5.25 268.2847
3 16 138.0193 0 270 138.0193 -5.25 270 138.2847 0 269.0096
3 16 138.2847 0 269.0096 138.0193 -5.25 270 138.2847 -5.25 269.0096
3 16 138.2847 0 270.9904 138.2847 -5.25 270.9904 138.0193 0 270
3 16 138.0193 0 270 138.2847 -5.25 270.9904 138.0193 -5.25 270
3 16 140.9904 -5.25 268.2847 140 -5.25 268.0193 139.9997 -5.25 270
3 16 138.2847 -5.25 269.0096 138.0193 -5.25 270 139.9997 -5.25 270
3 16 141.9807 -5.25 270 141.7153 -5.25 269.0096 139.9997 -5.25 270
3 16 141.7153 -5.25 269.0096 140.9904 -5.25 268.2847 139.9997 -5.25 270
3 16 140 -5.25 268.0193 139.0096 -5.25 268.2847 139.9997 -5.25 270
3 16 139.0096 -5.25 268.2847 138.2847 -5.25 269.0096 139.9997 -5.25 270
3 16 143.8209 -5.275 150.875 146.2579 -5.25 150.875 143.95 -5.25 150
3 16 143.95 -5.25 150 146.2579 -5.25 150.875 146.2586 -5.25 150
3 16 136.1643 -12.7503 150.8507 136.1643 -5.2619 150.8507 133.7489 -12.7503 150.8739
3 16 133.7489 -12.7503 150.8739 136.1643 -5.2619 150.8507 133.75 -5.25 150.875
3 16 143.8209 -12.7503 150.875 146.2547 -12.7501 150.875 143.8209 -5.275 150.875
3 16 143.8209 -5.275 150.875 146.2547 -12.7501 150.875 146.2579 -5.25 150.875
3 16 136.1643 -5.2619 150.8507 136.074 -5.2619 150 133.75 -5.25 150.875
3 16 133.75 -5.25 150.875 136.074 -5.2619 150 133.75 -5.2502 150
3 16 143.8209 -5.275 150.875 143.95 -5.25 150 143.8209 0 150.875
3 16 143.8209 0 150.875 143.95 -5.25 150 143.95 0 150
3 16 136.1643 -5.2619 150.8507 136.5792 0 151.975 136.1643 0 150.8507
3 16 138.025 0 153.4208 139.0096 0 151.7153 136.5792 0 151.975
3 16 136.5792 0 151.975 139.0096 0 151.7153 138.2847 0 150.9904
3 16 140 0 153.95 140 0 151.9807 138.025 0 153.4208
3 16 138.025 0 153.4208 140 0 151.9807 139.0096 0 151.7153
3 16 141.975 0 153.4208 140.9904 0 151.7153 140 0 153.95
3 16 140 0 153.95 140.9904 0 151.7153 140 0 151.9807
3 16 143.4208 0 151.975 141.7153 0 150.9904 141.975 0 153.4208
3 16 141.975 0 153.4208 141.7153 0 150.9904 140.9904 0 151.7153
3 16 141.9807 0 150 141.7153 0 150.9904 143.8209 0 150.875
3 16 143.8209 0 150.875 141.7153 0 150.9904 143.4208 0 151.975
3 16 138.0193 0 150 136.05 0 150 136.1643 0 150.8507
3 16 139.0096 0 151.7153 139.0096 -12.7683 151.7153 138.2847 0 150.9904
3 16 138.2847 0 150.9904 139.0096 -12.7683 151.7153 138.2847 -12.7683 150.9904
3 16 140 0 151.9807 140 -12.7683 151.9807 139.0096 0 151.7153
3 16 139.0096 0 151.7153 140 -12.7683 151.9807 139.0096 -12.7683 151.7153
3 16 140.9904 0 151.7153 140.9904 -12.7683 151.7153 140 0 151.9807
3 16 140 0 151.9807 140.9904 -12.7683 151.7153 140 -12.7683 151.9807
3 16 141.7153 0 150.9904 141.7153 -12.7683 150.9904 140.9904 0 151.7153
3 16 140.9904 0 151.7153 141.7153 -12.7683 150.9904 140.9904 -12.7683 151.7153
3 16 141.9807 0 150 141.9807 -12.7503 150 141.7153 0 150.9904
3 16 141.7153 0 150.9904 141.9807 -12.7503 150 141.7153 -12.7683 150.9904
3 16 138.2847 -12.7683 150.9904 138.0193 -12.7503 150 138.2847 0 150.9904
3 16 138.2847 0 150.9904 138.0193 -12.7503 150 138.0193 0 150
3 16 141.7153 -12.7683 150.9904 141.9807 -12.7503 150 140 -12.7503 150
3 16 139.0096 -12.7683 151.7153 140 -12.7683 151.9807 140 -12.7503 150
3 16 140 -12.7683 151.9807 140.9904 -12.7683 151.7153 140 -12.7503 150
3 16 140.9904 -12.7683 151.7153 141.7153 -12.7683 150.9904 140 -12.7503 150
3 16 140 -12.7503 150 138.0193 -12.7503 150 138.2847 -12.7683 150.9904
3 16 139.0096 -12.7683 151.7153 140 -12.7503 150 138.2847 -12.7683 150.9904
3 16 136.1643 -12.7503 150.8507 136.5792 -12.7503 151.975 136.1643 -5.2619 150.8507
3 16 136.1643 -5.2619 150.8507 136.5792 -12.7503 151.975 136.5792 0 151.975
3 16 141.975 0 153.4208 141.975 -12.7503 153.4208 143.4208 0 151.975
3 16 143.4208 0 151.975 141.975 -12.7503 153.4208 143.4208 -12.7503 151.975
3 16 140 0 153.95 140 -12.7503 153.95 141.975 0 153.4208
3 16 141.975 0 153.4208 140 -12.7503 153.95 141.975 -12.7503 153.4208
3 16 138.025 0 153.4208 138.025 -12.7503 153.4208 140 0 153.95
3 16 140 0 153.95 138.025 -12.7503 153.4208 140 -12.7503 153.95
3 16 136.5792 0 151.975 136.5792 -12.7503 151.975 138.025 0 153.4208
3 16 138.025 0 153.4208 136.5792 -12.7503 151.975 138.025 -12.7503 153.4208
3 16 143.4208 0 151.975 143.4208 -12.7503 151.975 143.8209 -5.275 150.875
3 16 143.8209 -5.275 150.875 143.4208 -12.7503 151.975 143.8209 -12.7503 150.875
3 16 143.4208 0 151.975 143.8209 -5.275 150.875 143.8209 0 150.875
3 16 136.05 0 150 136.074 -5.2619 150 136.1643 0 150.8507
3 16 136.1643 0 150.8507 136.074 -5.2619 150 136.1643 -5.2619 150.8507
3 16 143.95 0 150 141.9807 0 150 143.8209 0 150.875
3 16 136.5792 0 151.975 138.2847 0 150.9904 136.1643 0 150.8507
3 16 136.1643 0 150.8507 138.2847 0 150.9904 138.0193 0 150
3 16 136.1546 -5.262 169.118 133.7499 -5.25 169.125 136.074 -5.2619 169.9873
3 16 136.074 -5.2619 169.9873 133.7499 -5.25 169.125 133.75 -5.25 170.875
3 16 143.8209 -5.275 170.875 146.2579 -5.25 170.875 143.95 -5.25 170
3 16 133.7499 -5.25 169.125 136.1546 -5.262 169.118 133.7482 -12.7503 169.1113
3 16 133.7482 -12.7503 169.1113 136.1546 -5.262 169.118 136.1546 -12.7503 169.118
3 16 146.2577 -5.25 169.125 146.25 -12.7503 169.125 143.7931 -5.25 169.125
3 16 143.7931 -5.25 169.125 146.25 -12.7503 169.125 143.7931 -12.7503 169.125
3 16 136.1643 -12.7503 170.8507 136.1643 -5.2619 170.8507 133.7495 -12.7502 170.8495
3 16 133.7495 -12.7502 170.8495 136.1643 -5.2619 170.8507 133.75 -5.25 170.875
3 16 143.8209 -12.7503 170.875 146.2547 -12.7501 170.875 143.8209 -5.275 170.875
3 16 143.8209 -5.275 170.875 146.2547 -12.7501 170.875 146.2579 -5.25 170.875
3 16 146.2579 -5.25 170.875 146.2577 -5.25 169.125 143.95 -5.25 170
3 16 143.95 -5.25 170 146.2577 -5.25 169.125 143.7931 -5.25 169.125
3 16 133.75 -5.25 170.875 136.1643 -5.2619 170.8507 136.074 -5.2619 169.9873
3 16 143.8209 -5.275 170.875 143.95 -5.25 170 143.8209 0 170.875
3 16 143.8209 0 170.875 143.95 -5.25 170 143.95 0 170
3 16 143.95 0 170 143.95 -5.25 170 143.7931 0 169.125
3 16 143.7931 0 169.125 143.95 -5.25 170 143.7931 -5.25 169.125
3 16 136.1546 -5.262 169.118 136.074 -5.2619 169.9873 136.1546 0 169.118
3 16 136.1546 0 169.118 136.074 -5.2619 169.9873 136.05 0 170
3 16 136.1643 -5.2619 170.8507 136.5792 0 171.975 136.1643 0 170.8507
3 16 138.025 0 173.4208 139.0096 0 171.7153 136.5792 0 171.975
3 16 136.5792 0 171.975 139.0096 0 171.7153 138.2847 0 170.9904
3 16 140 0 173.95 140 0 171.9807 138.025 0 173.4208
3 16 138.025 0 173.4208 140 0 171.9807 139.0096 0 171.7153
3 16 141.975 0 173.4208 140.9904 0 171.7153 140 0 173.95
3 16 140 0 173.95 140.9904 0 171.7153 140 0 171.9807
3 16 143.4208 0 171.975 141.7153 0 170.9904 141.975 0 173.4208
3 16 141.975 0 173.4208 141.7153 0 170.9904 140.9904 0 171.7153
3 16 141.9807 0 170 141.7153 0 170.9904 143.8209 0 170.875
3 16 143.8209 0 170.875 141.7153 0 170.9904 143.4208 0 171.975
3 16 143.4208 0 168.025 141.7153 0 169.0096 143.7931 0 169.125
3 16 143.7931 0 169.125 141.7153 0 169.0096 141.9807 0 170
3 16 141.975 0 166.5792 140.9904 0 168.2847 143.4208 0 168.025
3 16 143.4208 0 168.025 140.9904 0 168.2847 141.7153 0 169.0096
3 16 140 0 166.05 140 0 168.0193 141.975 0 166.5792
3 16 141.975 0 166.5792 140 0 168.0193 140.9904 0 168.2847
3 16 138.025 0 166.5792 139.0096 0 168.2847 140 0 166.05
3 16 140 0 166.05 139.0096 0 168.2847 140 0 168.0193
3 16 136.5792 0 168.025 138.2847 0 169.0096 138.025 0 166.5792
3 16 138.025 0 166.5792 138.2847 0 169.0096 139.0096 0 168.2847
3 16 136.05 0 170 138.0193 0 170 136.1546 0 169.118
3 16 138.0193 0 170 136.05 0 170 136.1643 0 170.8507
3 16 139.0096 0 171.7153 139.0096 -12.7683 171.7153 138.2847 0 170.9904
3 16 138.2847 0 170.9904 139.0096 -12.7683 171.7153 138.2847 -12.7683 170.9904
3 16 140 0 171.9807 140 -12.7683 171.9807 139.0096 0 171.7153
3 16 139.0096 0 171.7153 140 -12.7683 171.9807 139.0096 -12.7683 171.7153
3 16 140.9904 0 171.7153 140.9904 -12.7683 171.7153 140 0 171.9807
3 16 140 0 171.9807 140.9904 -12.7683 171.7153 140 -12.7683 171.9807
3 16 141.7153 0 170.9904 141.7153 -12.7683 170.9904 140.9904 0 171.7153
3 16 140.9904 0 171.7153 141.7153 -12.7683 170.9904 140.9904 -12.7683 171.7153
3 16 141.9807 0 170 141.9807 -12.7683 170 141.7153 0 170.9904
3 16 141.7153 0 170.9904 141.9807 -12.7683 170 141.7153 -12.7683 170.9904
3 16 141.7153 0 169.0096 141.7153 -12.7683 169.0096 141.9807 0 170
3 16 141.9807 0 170 141.7153 -12.7683 169.0096 141.9807 -12.7683 170
3 16 140.9904 0 168.2847 140.9904 -12.7683 168.2847 141.7153 0 169.0096
3 16 141.7153 0 169.0096 140.9904 -12.7683 168.2847 141.7153 -12.7683 169.0096
3 16 140 0 168.0193 140 -12.7683 168.0193 140.9904 0 168.2847
3 16 140.9904 0 168.2847 140 -12.7683 168.0193 140.9904 -12.7683 168.2847
3 16 139.0096 0 168.2847 139.0096 -12.7683 168.2847 140 0 168.0193
3 16 140 0 168.0193 139.0096 -12.7683 168.2847 140 -12.7683 168.0193
3 16 138.2847 0 169.0096 138.2847 -12.7683 169.0096 139.0096 0 168.2847
3 16 139.0096 0 168.2847 138.2847 -12.7683 169.0096 139.0096 -12.7683 168.2847
3 16 138.0193 0 170 138.0193 -12.7683 170 138.2847 0 169.0096
3 16 138.2847 0 169.0096 138.0193 -12.7683 170 138.2847 -12.7683 169.0096
3 16 138.2847 0 170.9904 138.2847 -12.7683 170.9904 138.0193 0 170
3 16 138.0193 0 170 138.2847 -12.7683 170.9904 138.0193 -12.7683 170
3 16 140.9904 -12.7683 168.2847 140 -12.7683 168.0193 140 -12.7683 170
3 16 141.7153 -12.7683 170.9904 141.9807 -12.7683 170 140 -12.7683 170
3 16 139.0096 -12.7683 171.7153 140 -12.7683 171.9807 140 -12.7683 170
3 16 138.2847 -12.7683 169.0096 138.0193 -12.7683 170 140 -12.7683 170
3 16 141.9807 -12.7683 170 141.7153 -12.7683 169.0096 140 -12.7683 170
3 16 141.7153 -12.7683 169.0096 140.9904 -12.7683 168.2847 140 -12.7683 170
3 16 140 -12.7683 171.9807 140.9904 -12.7683 171.7153 140 -12.7683 170
3 16 140.9904 -12.7683 171.7153 141.7153 -12.7683 170.9904 140 -12.7683 170
3 16 140 -12.7683 170 138.0193 -12.7683 170 138.2847 -12.7683 170.9904
3 16 139.0096 -12.7683 171.7153 140 -12.7683 170 138.2847 -12.7683 170.9904
3 16 140 -12.7683 168.0193 139.0096 -12.7683 168.2847 140 -12.7683 170
3 16 139.0096 -12.7683 168.2847 138.2847 -12.7683 169.0096 140 -12.7683 170
3 16 136.1643 -12.7503 170.8507 136.5792 -12.7503 171.975 136.1643 -5.2619 170.8507
3 16 136.1643 -5.2619 170.8507 136.5792 -12.7503 171.975 136.5792 0 171.975
3 16 138.025 0 166.5792 138.025 -12.7503 166.5792 136.5792 0 168.025
3 16 136.5792 0 168.025 138.025 -12.7503 166.5792 136.5792 -12.7503 168.025
3 16 140 0 166.05 140 -12.7503 166.05 138.025 0 166.5792
3 16 138.025 0 166.5792 140 -12.7503 166.05 138.025 -12.7503 166.5792
3 16 141.975 0 166.5792 141.975 -12.7503 166.5792 140 0 166.05
3 16 140 0 166.05 141.975 -12.7503 166.5792 140 -12.7503 166.05
3 16 143.4208 0 168.025 143.4208 -12.7503 168.025 141.975 0 166.5792
3 16 141.975 0 166.5792 143.4208 -12.7503 168.025 141.975 -12.7503 166.5792
3 16 141.975 0 173.4208 141.975 -12.7503 173.4208 143.4208 0 171.975
3 16 143.4208 0 171.975 141.975 -12.7503 173.4208 143.4208 -12.7503 171.975
3 16 140 0 173.95 140 -12.7503 173.95 141.975 0 173.4208
3 16 141.975 0 173.4208 140 -12.7503 173.95 141.975 -12.7503 173.4208
3 16 138.025 0 173.4208 138.025 -12.7503 173.4208 140 0 173.95
3 16 140 0 173.95 138.025 -12.7503 173.4208 140 -12.7503 173.95
3 16 136.5792 0 171.975 136.5792 -12.7503 171.975 138.025 0 173.4208
3 16 138.025 0 173.4208 136.5792 -12.7503 171.975 138.025 -12.7503 173.4208
3 16 143.4208 0 171.975 143.4208 -12.7503 171.975 143.8209 -5.275 170.875
3 16 143.8209 -5.275 170.875 143.4208 -12.7503 171.975 143.8209 -12.7503 170.875
3 16 143.4208 0 171.975 143.8209 -5.275 170.875 143.8209 0 170.875
3 16 143.7931 -5.25 169.125 143.4208 0 168.025 143.7931 0 169.125
3 16 143.7931 -12.7503 169.125 143.4208 -12.7503 168.025 143.7931 -5.25 169.125
3 16 143.7931 -5.25 169.125 143.4208 -12.7503 168.025 143.4208 0 168.025
3 16 136.5792 0 168.025 136.5792 -12.7503 168.025 136.1546 -5.262 169.118
3 16 136.1546 -5.262 169.118 136.5792 -12.7503 168.025 136.1546 -12.7503 169.118
3 16 136.5792 0 168.025 136.1546 -5.262 169.118 136.1546 0 169.118
3 16 136.05 0 170 136.074 -5.2619 169.9873 136.1643 0 170.8507
3 16 136.1643 0 170.8507 136.074 -5.2619 169.9873 136.1643 -5.2619 170.8507
3 16 141.9807 0 170 143.95 0 170 143.7931 0 169.125
3 16 143.95 0 170 141.9807 0 170 143.8209 0 170.875
3 16 138.0193 0 170 138.2847 0 169.0096 136.1546 0 169.118
3 16 136.1546 0 169.118 138.2847 0 169.0096 136.5792 0 168.025
3 16 136.5792 0 171.975 138.2847 0 170.9904 136.1643 0 170.8507
3 16 136.1643 0 170.8507 138.2847 0 170.9904 138.0193 0 170
3 16 136.5792 -5.7286 271.975 136.074 -5.2619 269.9873 133.7547 -5.7286 271.975
3 16 133.7547 -5.7286 271.975 136.074 -5.2619 269.9873 133.7483 -5.2501 269.9999
3 16 133.7453 -12.7499 273.95 139.9953 -12.7499 273.95 133.7453 -9 273.95
3 16 133.7453 -9 273.95 139.9953 -12.7499 273.95 139.9982 -9 273.95
3 16 89.944 0 290 89.8363 -4.875 290 77.5 0 290
3 16 77.5 0 290 89.8363 -4.875 290 77.5 -5.0625 290
3 16 130.0443 0 290 114.125 0 290 126.9946 0 293.3
3 16 126.9946 0 293.3 114.125 0 290 114.125 0 293.3009
3 16 130 0 298.5 130 0 293 126.9946 0 293.3
3 16 126.9946 0 293.3 130 0 293 130.0443 0 290
3 16 126.9946 0 293.3 130 0 301.5 130 0 298.5
3 16 130 0 301.5 133.75 0 301.5 130 0 298.5
3 16 130 0 298.5 133.75 0 301.5 133.75 0 298.5
3 16 130 0 306.25 130 0 301.5 127 0 310
3 16 127 0 310 130 0 301.5 126.9946 0 293.3
3 16 127 0 310 130 0 309.9979 130 0 306.25
3 16 130 0 306.25 130 0 309.9979 146.2593 0 306.25
3 16 150 0 309.9995 146.2593 0 289.125 146.2593 0 306.25
3 16 150 0 309.9995 150 0 150 146.2593 0 289.125
3 16 146.2593 0 289.125 150 0 150 146.2593 0 169.9185
3 16 130 0 293 131.25 0 293 130.0443 0 290
3 16 132.5 0 292.665 133.2809 0 291.9009 130.0443 0 290
3 16 131.25 0 293 132.5 0 292.665 130.0443 0 290
3 16 133.2809 0 291.9009 133.75 0 290.875 130.0443 0 290
3 16 130.0443 0 185.464 130.0443 0 290 133.75 0 190
3 16 133.75 0 190 130.0443 0 290 133.75 0 290.875
3 16 130 0 306.25 130 -12.7499 306.25 130 0 301.5
3 16 130 0 301.5 130 -12.7499 306.25 130 -12.7499 301.5
3 16 146.2577 -5.25 289.125 146.2579 -5.25 290.875 146.2593 0 289.125
3 16 146.2593 0 289.125 146.2579 -5.25 290.875 146.2593 0 306.25
3 16 146.2593 0 169.9185 146.2571 -5.25 190 146.2571 -5.25 191.9749
3 16 146.2484 -5.7286 188.0249 146.2571 -5.25 190 146.2593 0 169.9185
3 16 133.2809 0 291.9009 133.75 -5.25 290.875 133.75 0 290.875
3 16 133.75 0 290.875 133.7483 -5.2501 269.9999 133.7483 -5.2501 268.0249
3 16 146.2531 -7.0049 186.5791 146.2484 -5.7286 188.0249 146.2593 0 169.9185
3 16 133.75 0 190 133.7498 -5.2501 190 133.7437 -5.7286 188.0249
3 16 133.75 0 150 133.75 -5.25 150.875 133.75 -5.2502 150
3 16 136.5792 -12.7499 288.025 138.025 -12.7499 286.5792 133.7453 -12.7499 273.95
3 16 133.7453 -12.7499 273.95 138.025 -12.7499 286.5792 139.9953 -12.7499 273.95
3 16 146.25 -7.0049 273.4208 146.2577 -5.25 289.125 146.2594 -5.7286 271.975
3 16 146.2594 -5.7286 271.975 146.2577 -5.25 289.125 146.2593 0 289.125
3 16 136.074 -5.2619 289.9873 136.1546 -5.262 289.118 133.7499 -5.25 289.125
3 16 143.8209 -5.275 290.875 146.2579 -5.25 290.875 143.95 -5.25 290
3 16 143.95 -5.25 290 146.2579 -5.25 290.875 146.2577 -5.25 289.125
3 16 143.4208 -5.7286 271.975 146.2594 -5.7286 271.975 143.95 -5.25 270
3 16 143.95 -5.25 270 146.2594 -5.7286 271.975 146.2559 -5.2501 269.9999
3 16 143.7931 -12.7499 289.125 146.25 -12.7499 289.125 143.4208 -12.7499 288.025
3 16 146.25 -12.7499 289.125 146.25 -12.7499 273.95 143.4208 -12.7499 288.025
3 16 133.7499 -5.25 289.125 136.1546 -5.262 289.118 133.7453 -12.7499 289.125
3 16 133.7453 -12.7499 289.125 136.1546 -5.262 289.118 136.1546 -12.7499 289.118
3 16 146.2577 -5.25 289.125 146.25 -12.7499 289.125 143.7931 -5.25 289.125
3 16 143.7931 -5.25 289.125 146.25 -12.7499 289.125 143.7931 -12.7499 289.125
3 16 133.7483 -5.2501 269.9999 133.75 0 290.875 133.7547 -5.7286 271.975
3 16 146.2559 -5.2501 269.9999 146.2594 -5.7286 271.975 146.2593 0 289.125
3 16 146.25 -7.0049 273.4208 146.2524 -9 273.95 146.2577 -5.25 289.125
3 16 133.75 0 290.875 133.7499 -5.25 289.125 133.7547 -5.7286 271.975
3 16 133.7547 -5.7286 271.975 133.7499 -5.25 289.125 133.75 -7.0049 273.4208
3 16 133.7499 -5.25 289.125 133.7453 -12.7499 289.125 133.7453 -9 273.95
3 16 133.7453 -9 273.95 133.7453 -12.7499 289.125 133.7453 -12.7499 273.95
3 16 133.7499 -5.25 289.125 133.7453 -9 273.95 133.75 -7.0049 273.4208
3 16 146.2547 -12.7499 306.25 133.7453 -12.7499 298.5 133.7453 -12.7499 301.5
3 16 146.2547 -12.7499 306.25 143.4208 -12.7499 291.975 141.975 -12.7499 293.4208
3 16 136.1643 -12.7499 290.8507 136.1643 -5.2619 290.8507 133.7477 -12.7499 290.875
3 16 133.7477 -12.7499 290.875 136.1643 -5.2619 290.8507 133.75 -5.25 290.875
3 16 143.8209 -12.7499 290.875 146.25 -12.7499 290.875 143.8209 -5.275 290.875
3 16 143.8209 -5.275 290.875 146.25 -12.7499 290.875 146.2579 -5.25 290.875
3 16 146.25 -12.7499 290.875 146.2547 -12.7499 306.25 146.2579 -5.25 290.875
3 16 146.2579 -5.25 290.875 146.2547 -12.7499 306.25 146.2593 0 306.25
3 16 130 0 298.5 130 -12.7499 298.5 130 0 293
3 16 130 0 293 130 -12.7499 298.5 130 -12.7499 293
3 16 130 0 293 130 -12.7499 293 131.25 0 293
3 16 131.25 0 293 130 -12.7499 293 131.25 -12.7499 293
3 16 132.5 0 292.665 132.5 -12.7499 292.665 133.2809 0 291.9009
3 16 133.2809 0 291.9009 132.5 -12.7499 292.665 133.2809 -12.7499 291.9009
3 16 131.25 0 293 131.25 -12.7499 293 132.5 0 292.665
3 16 132.5 0 292.665 131.25 -12.7499 293 132.5 -12.7499 292.665
3 16 133.2809 0 291.9009 133.2809 -12.7499 291.9009 133.75 -5.25 290.875
3 16 133.75 -5.25 290.875 133.2809 -12.7499 291.9009 133.7477 -12.7499 290.875
3 16 130 0 309.9979 150 0 309.9995 146.2593 0 306.25
3 16 133.7453 -12.7499 301.5 133.7453 -12.7499 298.5 133.75 0 301.5
3 16 133.75 0 301.5 133.7453 -12.7499 298.5 133.75 0 298.5
3 16 133.75 0 298.5 133.7453 -12.7499 298.5 130 0 298.5
3 16 130 0 298.5 133.7453 -12.7499 298.5 130 -12.7499 298.5
3 16 138.025 -12.7499 293.4208 136.5792 -12.7499 291.975 133.7453 -12.7499 298.5
3 16 133.7453 -12.7499 298.5 131.25 -12.7499 293 130 -12.7499 298.5
3 16 130 -12.7499 298.5 131.25 -12.7499 293 130 -12.7499 293
3 16 130 -12.7499 301.5 130 -12.7499 306.25 133.7453 -12.7499 301.5
3 16 133.7453 -12.7499 301.5 130 -12.7499 306.25 146.2547 -12.7499 306.25
3 16 130 -12.7499 301.5 133.7453 -12.7499 301.5 130 0 301.5
3 16 130 0 301.5 133.7453 -12.7499 301.5 133.75 0 301.5
3 16 140 -12.7499 286.05 139.9953 -12.7499 273.95 138.025 -12.7499 286.5792
3 16 139.9953 -12.7499 273.95 140 -12.7499 286.05 141.975 -12.7499 286.5792
3 16 146.2577 -5.25 289.125 143.7931 -5.25 289.125 143.95 -5.25 290
3 16 136.1643 -5.2619 290.8507 136.074 -5.2619 289.9873 133.75 -5.25 290.875
3 16 133.75 -5.25 290.875 136.074 -5.2619 289.9873 133.7499 -5.25 289.125
3 16 133.75 0 290.875 133.75 -5.25 290.875 133.7499 -5.25 289.125
3 16 143.8209 -5.275 290.875 143.95 -5.25 290 143.8209 0 290.875
3 16 143.8209 0 290.875 143.95 -5.25 290 143.95 0 290
3 16 143.95 0 290 143.95 -5.25 290 143.7931 0 289.125
3 16 143.7931 0 289.125 143.95 -5.25 290 143.7931 -5.25 289.125
3 16 136.1546 -5.262 289.118 136.074 -5.2619 289.9873 136.1546 0 289.118
3 16 136.1546 0 289.118 136.074 -5.2619 289.9873 136.05 0 290
3 16 136.1643 -5.2619 290.8507 136.5792 0 291.975 136.1643 0 290.8507
3 16 138.025 0 293.4208 139.0096 0 291.7153 136.5792 0 291.975
3 16 136.5792 0 291.975 139.0096 0 291.7153 138.2847 0 290.9904
3 16 140 0 293.95 140 0 291.9807 138.025 0 293.4208
3 16 138.025 0 293.4208 140 0 291.9807 139.0096 0 291.7153
3 16 141.975 0 293.4208 140.9904 0 291.7153 140 0 293.95
3 16 140 0 293.95 140.9904 0 291.7153 140 0 291.9807
3 16 143.4208 0 291.975 141.7153 0 290.9904 141.975 0 293.4208
3 16 141.975 0 293.4208 141.7153 0 290.9904 140.9904 0 291.7153
3 16 141.9807 0 290 141.7153 0 290.9904 143.8209 0 290.875
3 16 143.8209 0 290.875 141.7153 0 290.9904 143.4208 0 291.975
3 16 143.4208 0 288.025 141.7153 0 289.0096 143.7931 0 289.125
3 16 143.7931 0 289.125 141.7153 0 289.0096 141.9807 0 290
3 16 141.975 0 286.5792 140.9904 0 288.2847 143.4208 0 288.025
3 16 143.4208 0 288.025 140.9904 0 288.2847 141.7153 0 289.0096
3 16 140 0 286.05 140 0 288.0193 141.975 0 286.5792
3 16 141.975 0 286.5792 140 0 288.0193 140.9904 0 288.2847
3 16 138.025 0 286.5792 139.0096 0 288.2847 140 0 286.05
3 16 140 0 286.05 139.0096 0 288.2847 140 0 288.0193
3 16 136.5792 0 288.025 138.2847 0 289.0096 138.025 0 286.5792
3 16 138.025 0 286.5792 138.2847 0 289.0096 139.0096 0 288.2847
3 16 136.05 0 290 138.0193 0 290 136.1546 0 289.118
3 16 138.0193 0 290 136.05 0 290 136.1643 0 290.8507
3 16 139.0096 0 291.7153 139.0096 -12.7683 291.7153 138.2847 0 290.9904
3 16 138.2847 0 290.9904 139.0096 -12.7683 291.7153 138.2847 -12.7683 290.9904
3 16 140 0 291.9807 140 -12.7683 291.9807 139.0096 0 291.7153
3 16 139.0096 0 291.7153 140 -12.7683 291.9807 139.0096 -12.7683 291.7153
3 16 140.9904 0 291.7153 140.9904 -12.7683 291.7153 140 0 291.9807
3 16 140 0 291.9807 140.9904 -12.7683 291.7153 140 -12.7683 291.9807
3 16 141.7153 0 290.9904 141.7153 -12.7683 290.9904 140.9904 0 291.7153
3 16 140.9904 0 291.7153 141.7153 -12.7683 290.9904 140.9904 -12.7683 291.7153
3 16 141.9807 0 290 141.9807 -12.7683 290 141.7153 0 290.9904
3 16 141.7153 0 290.9904 141.9807 -12.7683 290 141.7153 -12.7683 290.9904
3 16 141.7153 0 289.0096 141.7153 -12.7683 289.0096 141.9807 0 290
3 16 141.9807 0 290 141.7153 -12.7683 289.0096 141.9807 -12.7683 290
3 16 140.9904 0 288.2847 140.9904 -12.7683 288.2847 141.7153 0 289.0096
3 16 141.7153 0 289.0096 140.9904 -12.7683 288.2847 141.7153 -12.7683 289.0096
3 16 140 0 288.0193 140 -12.7683 288.0193 140.9904 0 288.2847
3 16 140.9904 0 288.2847 140 -12.7683 288.0193 140.9904 -12.7683 288.2847
3 16 139.0096 0 288.2847 139.0096 -12.7683 288.2847 140 0 288.0193
3 16 140 0 288.0193 139.0096 -12.7683 288.2847 140 -12.7683 288.0193
3 16 138.2847 0 289.0096 138.2847 -12.7683 289.0096 139.0096 0 288.2847
3 16 139.0096 0 288.2847 138.2847 -12.7683 289.0096 139.0096 -12.7683 288.2847
3 16 138.0193 0 290 138.0193 -12.7683 290 138.2847 0 289.0096
3 16 138.2847 0 289.0096 138.0193 -12.7683 290 138.2847 -12.7683 289.0096
3 16 138.2847 0 290.9904 138.2847 -12.7683 290.9904 138.0193 0 290
3 16 138.0193 0 290 138.2847 -12.7683 290.9904 138.0193 -12.7683 290
3 16 140.9904 -12.7683 288.2847 140 -12.7683 288.0193 140 -12.7683 290
3 16 141.7153 -12.7683 290.9904 141.9807 -12.7683 290 140 -12.7683 290
3 16 139.0096 -12.7683 291.7153 140 -12.7683 291.9807 140 -12.7683 290
3 16 138.2847 -12.7683 289.0096 138.0193 -12.7683 290 140 -12.7683 290
3 16 141.9807 -12.7683 290 141.7153 -12.7683 289.0096 140 -12.7683 290
3 16 141.7153 -12.7683 289.0096 140.9904 -12.7683 288.2847 140 -12.7683 290
3 16 140 -12.7683 291.9807 140.9904 -12.7683 291.7153 140 -12.7683 290
3 16 140.9904 -12.7683 291.7153 141.7153 -12.7683 290.9904 140 -12.7683 290
3 16 140 -12.7683 290 138.0193 -12.7683 290 138.2847 -12.7683 290.9904
3 16 139.0096 -12.7683 291.7153 140 -12.7683 290 138.2847 -12.7683 290.9904
3 16 140 -12.7683 288.0193 139.0096 -12.7683 288.2847 140 -12.7683 290
3 16 139.0096 -12.7683 288.2847 138.2847 -12.7683 289.0096 140 -12.7683 290
3 16 136.1643 -12.7499 290.8507 136.5792 -12.7499 291.975 136.1643 -5.2619 290.8507
3 16 136.1643 -5.2619 290.8507 136.5792 -12.7499 291.975 136.5792 0 291.975
3 16 138.025 0 286.5792 138.025 -12.7499 286.5792 136.5792 0 288.025
3 16 136.5792 0 288.025 138.025 -12.7499 286.5792 136.5792 -12.7499 288.025
3 16 140 0 286.05 140 -12.7499 286.05 138.025 0 286.5792
3 16 138.025 0 286.5792 140 -12.7499 286.05 138.025 -12.7499 286.5792
3 16 141.975 0 286.5792 141.975 -12.7499 286.5792 140 0 286.05
3 16 140 0 286.05 141.975 -12.7499 286.5792 140 -12.7499 286.05
3 16 143.4208 0 288.025 143.4208 -12.7499 288.025 141.975 0 286.5792
3 16 141.975 0 286.5792 143.4208 -12.7499 288.025 141.975 -12.7499 286.5792
3 16 141.975 0 293.4208 141.975 -12.7499 293.4208 143.4208 0 291.975
3 16 143.4208 0 291.975 141.975 -12.7499 293.4208 143.4208 -12.7499 291.975
3 16 140 0 293.95 140 -12.7499 293.95 141.975 0 293.4208
3 16 141.975 0 293.4208 140 -12.7499 293.95 141.975 -12.7499 293.4208
3 16 138.025 0 293.4208 138.025 -12.7499 293.4208 140 0 293.95
3 16 140 0 293.95 138.025 -12.7499 293.4208 140 -12.7499 293.95
3 16 136.5792 0 291.975 136.5792 -12.7499 291.975 138.025 0 293.4208
3 16 138.025 0 293.4208 136.5792 -12.7499 291.975 138.025 -12.7499 293.4208
3 16 143.4208 0 291.975 143.4208 -12.7499 291.975 143.8209 -5.275 290.875
3 16 143.8209 -5.275 290.875 143.4208 -12.7499 291.975 143.8209 -12.7499 290.875
3 16 143.4208 0 291.975 143.8209 -5.275 290.875 143.8209 0 290.875
3 16 143.7931 -5.25 289.125 143.4208 0 288.025 143.7931 0 289.125
3 16 143.7931 -12.7499 289.125 143.4208 -12.7499 288.025 143.7931 -5.25 289.125
3 16 143.7931 -5.25 289.125 143.4208 -12.7499 288.025 143.4208 0 288.025
3 16 136.5792 0 288.025 136.5792 -12.7499 288.025 136.1546 -5.262 289.118
3 16 136.1546 -5.262 289.118 136.5792 -12.7499 288.025 136.1546 -12.7499 289.118
3 16 136.5792 0 288.025 136.1546 -5.262 289.118 136.1546 0 289.118
3 16 136.05 0 290 136.074 -5.2619 289.9873 136.1643 0 290.8507
3 16 136.1643 0 290.8507 136.074 -5.2619 289.9873 136.1643 -5.2619 290.8507
3 16 136.1546 -12.7499 289.118 136.5792 -12.7499 288.025 133.7453 -12.7499 289.125
3 16 133.7453 -12.7499 273.95 133.7453 -12.7499 289.125 136.5792 -12.7499 288.025
3 16 139.9953 -12.7499 273.95 141.975 -12.7499 286.5792 146.25 -12.7499 273.95
3 16 146.25 -12.7499 273.95 141.975 -12.7499 286.5792 143.4208 -12.7499 288.025
3 16 143.8209 -12.7499 290.875 143.4208 -12.7499 291.975 146.25 -12.7499 290.875
3 16 146.2547 -12.7499 306.25 146.25 -12.7499 290.875 143.4208 -12.7499 291.975
3 16 146.2547 -12.7499 306.25 141.975 -12.7499 293.4208 140 -12.7499 293.95
3 16 138.025 -12.7499 293.4208 133.7453 -12.7499 298.5 140 -12.7499 293.95
3 16 146.2547 -12.7499 306.25 140 -12.7499 293.95 133.7453 -12.7499 298.5
3 16 132.5 -12.7499 292.665 131.25 -12.7499 293 133.7453 -12.7499 298.5
3 16 136.1643 -12.7499 290.8507 133.7477 -12.7499 290.875 136.5792 -12.7499 291.975
3 16 136.5792 -12.7499 291.975 133.7477 -12.7499 290.875 133.2809 -12.7499 291.9009
3 16 133.7453 -12.7499 298.5 136.5792 -12.7499 291.975 132.5 -12.7499 292.665
3 16 136.5792 -12.7499 291.975 133.2809 -12.7499 291.9009 132.5 -12.7499 292.665
3 16 141.9807 0 290 143.95 0 290 143.7931 0 289.125
3 16 143.95 0 290 141.9807 0 290 143.8209 0 290.875
3 16 138.0193 0 290 138.2847 0 289.0096 136.1546 0 289.118
3 16 136.1546 0 289.118 138.2847 0 289.0096 136.5792 0 288.025
3 16 136.5792 0 291.975 138.2847 0 290.9904 136.1643 0 290.8507
3 16 136.1643 0 290.8507 138.2847 0 290.9904 138.0193 0 290
3 16 133.75 -5.25 170.875 133.7516 -9 186.1499 133.7495 -12.7502 170.8495
3 16 133.7495 -12.7502 170.8495 133.7516 -9 186.1499 133.7527 -12.75 186.1499
3 16 133.7489 -12.7503 150.8739 133.75 -5.25 150.875 133.7482 -12.7503 169.1113
3 16 133.7482 -12.7503 169.1113 133.75 -5.25 150.875 133.7499 -5.25 169.125
3 16 133.7499 -5.25 169.125 133.75 -5.25 150.875 133.75 0 170
3 16 133.75 0 170 133.75 -5.25 150.875 133.75 0 150
3 16 133.75 0 170 133.75 0 150 130 0 167
3 16 130 0 167 133.75 0 150 130 0 150
3 16 146.2593 0 150 146.2586 -5.25 150 146.2579 -5.25 150.875
3 16 146.2547 -12.7501 150.875 146.25 -12.7503 169.125 146.2579 -5.25 150.875
3 16 146.2579 -5.25 150.875 146.25 -12.7503 169.125 146.2577 -5.25 169.125
3 16 146.2577 -5.25 169.125 146.2593 0 169.9185 146.2579 -5.25 150.875
3 16 146.2579 -5.25 150.875 146.2593 0 169.9185 146.2593 0 150
3 16 150 0 150 146.2593 0 150 146.2593 0 169.9185
3 16 146.2577 -5.25 169.125 146.2579 -5.25 170.875 146.2593 0 169.9185
3 16 133.7531 -7.0049 186.5791 133.75 0 170 133.7437 -5.7286 188.0249
3 16 133.75 0 170 133.75 0 190 133.7437 -5.7286 188.0249
3 16 133.75 0 170 133.7531 -7.0049 186.5791 133.75 -5.25 170.875
3 16 133.75 -5.25 170.875 133.7531 -7.0049 186.5791 133.7516 -9 186.1499
3 16 146.2586 -9 186.1499 146.2531 -7.0049 186.5791 146.2579 -5.25 170.875
3 16 146.2579 -5.25 170.875 146.2531 -7.0049 186.5791 146.2593 0 169.9185
3 16 146.2586 -12.7499 186.1499 146.2586 -9 186.1499 146.2547 -12.7501 170.875
3 16 146.2547 -12.7501 170.875 146.2586 -9 186.1499 146.2579 -5.25 170.875
3 16 133.7527 -12.75 186.1499 138.025 -12.7503 173.4208 136.5792 -12.7503 171.975
3 16 140 -12.7503 166.05 141.975 -12.7503 166.5792 140 -12.7503 153.95
3 16 140 -12.7503 153.95 141.975 -12.7503 166.5792 141.975 -12.7503 153.4208
3 16 138.025 -12.7503 166.5792 140 -12.7503 166.05 138.025 -12.7503 153.4208
3 16 138.025 -12.7503 153.4208 140 -12.7503 166.05 140 -12.7503 153.95
3 16 143.7931 -12.7503 169.125 146.25 -12.7503 169.125 143.4208 -12.7503 168.025
3 16 143.4208 -12.7503 168.025 146.25 -12.7503 169.125 143.4208 -12.7503 151.975
3 16 141.975 -12.7503 166.5792 143.4208 -12.7503 168.025 141.975 -12.7503 153.4208
3 16 141.975 -12.7503 153.4208 143.4208 -12.7503 168.025 143.4208 -12.7503 151.975
3 16 143.8209 -12.7503 150.875 143.4208 -12.7503 151.975 146.2547 -12.7501 150.875
3 16 146.25 -12.7503 169.125 146.2547 -12.7501 150.875 143.4208 -12.7503 151.975
3 16 136.5792 -12.7503 168.025 138.025 -12.7503 166.5792 136.5792 -12.7503 151.975
3 16 136.5792 -12.7503 151.975 138.025 -12.7503 166.5792 138.025 -12.7503 153.4208
3 16 136.1643 -12.7503 150.8507 133.7489 -12.7503 150.8739 136.5792 -12.7503 151.975
3 16 133.7489 -12.7503 150.8739 133.7482 -12.7503 169.1113 136.5792 -12.7503 151.975
3 16 136.1546 -12.7503 169.118 136.5792 -12.7503 168.025 133.7482 -12.7503 169.1113
3 16 133.7482 -12.7503 169.1113 136.5792 -12.7503 168.025 136.5792 -12.7503 151.975
3 16 146.2586 -12.7499 186.1499 141.975 -12.7503 173.4208 140.0056 -12.7499 186.1499
3 16 140.0056 -12.7499 186.1499 141.975 -12.7503 173.4208 140 -12.7503 173.95
3 16 143.8209 -12.7503 170.875 143.4208 -12.7503 171.975 146.2547 -12.7501 170.875
3 16 146.2586 -12.7499 186.1499 146.2547 -12.7501 170.875 143.4208 -12.7503 171.975
3 16 146.2586 -12.7499 186.1499 143.4208 -12.7503 171.975 141.975 -12.7503 173.4208
3 16 133.7527 -12.75 186.1499 140.0056 -12.7499 186.1499 138.025 -12.7503 173.4208
3 16 138.025 -12.7503 173.4208 140.0056 -12.7499 186.1499 140 -12.7503 173.95
3 16 136.1643 -12.7503 170.8507 133.7495 -12.7502 170.8495 136.5792 -12.7503 171.975
3 16 133.7495 -12.7502 170.8495 133.7527 -12.75 186.1499 136.5792 -12.7503 171.975
3 16 146.2594 -5.7286 271.975 143.4208 -5.7286 271.975 146.25 -7.0049 273.4208
3 16 146.25 -7.0049 273.4208 143.4208 -5.7286 271.975 141.975 -7.0049 273.4208
3 16 139.9982 -9 273.95 146.2524 -9 273.95 141.975 -7.0049 273.4208
3 16 141.975 -7.0049 273.4208 146.2524 -9 273.95 146.25 -7.0049 273.4208
3 16 139.9982 -9 273.95 138.025 -7.0049 273.4208 133.7453 -9 273.95
3 16 133.7453 -9 273.95 138.025 -7.0049 273.4208 133.75 -7.0049 273.4208
3 16 133.7547 -5.7286 271.975 133.75 -7.0049 273.4208 136.5792 -5.7286 271.975
3 16 136.5792 -5.7286 271.975 133.75 -7.0049 273.4208 138.025 -7.0049 273.4208
3 16 87.9914 -4.875 286.75 102.5271 -4.875 257.6786 87.9914 -20.875 286.75
3 16 87.9914 -20.875 286.75 102.5271 -4.875 257.6786 102.5271 -20.875 257.6786
3 16 102.5271 -4.875 257.6786 104.4917 -4.875 252.9379 102.5271 -20.875 257.6786
3 16 102.5271 -20.875 257.6786 104.4917 -4.875 252.9379 104.4917 -20.875 252.9379
3 16 104.4917 -4.875 252.9379 106.2763 -4.875 245.7644 104.4917 -20.875 252.9379
3 16 104.4917 -20.875 252.9379 106.2763 -4.875 245.7644 106.2763 -20.875 245.7644
3 16 106.2763 -4.875 245.7644 106.75 -4.875 240.6104 106.2763 -20.875 245.7644
3 16 106.2763 -20.875 245.7644 106.75 -4.875 240.6104 106.75 -20.875 240.6104
3 16 89.8363 -4.875 290 87.9914 -4.875 286.75 77.5 -5.0625 290
3 16 77.5 -5.0625 290 87.9914 -4.875 286.75 76.7593 -4.875 286.75
3 16 87.9914 -4.875 286.75 116.25 -4.875 290 102.5271 -4.875 257.6786
3 16 102.5271 -4.875 257.6786 116.25 -4.875 290 104.4917 -4.875 252.9379
3 16 104.4917 -4.875 252.9379 116.25 -4.875 290 106.2763 -4.875 245.7644
3 16 106.2763 -4.875 245.7644 116.25 -4.875 290 106.75 -4.875 240.6104
3 16 114.125 0 290 130.0443 0 290 116.25 -4.875 290
3 16 106.75 -4.875 167 106.75 -4.875 150 106.75 -20.875 167
3 16 106.75 -20.875 167 106.75 -4.875 150 106.75 -20.875 150
3 16 116.2501 -4.875 167 116.2501 -4.875 150 106.75 -4.875 167
3 16 106.75 -4.875 167 116.2501 -4.875 150 106.75 -4.875 150
3 16 116.2501 -7.7562 167 116.2501 -7.7562 150 116.2501 -4.875 167
3 16 116.2501 -4.875 167 116.2501 -7.7562 150 116.2501 -4.875 150
3 16 116.2501 -7.7562 167 118.1738 -8.2716 167 116.2501 -7.7562 150
3 16 116.2501 -7.7562 150 118.1738 -8.2716 167 118.1738 -8.2716 150
3 16 118.1738 -8.2716 167 120.3569 -12.687 167 118.1738 -8.2716 150
3 16 118.1738 -8.2716 150 120.3569 -12.687 167 120.3569 -12.687 150
3 16 120.4019 -13.9751 290 120.6385 -20.75 264.7157 120.3569 -12.687 290
3 16 120.3569 -12.687 167 120.6385 -20.75 167 120.3569 -12.687 150
3 16 120.3569 -12.687 150 120.6385 -20.75 167 120.6385 -20.75 150
3 16 127.0043 -13.9819 289.9747 126.8602 -20.5327 264.7157 120.4019 -13.9751 290
3 16 120.4019 -13.9751 290 126.8602 -20.5327 264.7157 120.6385 -20.75 264.7157
3 16 120.6385 -20.75 167 126.75 -20.75 167 120.6385 -20.75 150
3 16 120.6385 -20.75 150 126.75 -20.75 167 126.75 -20.75 150
3 16 126.75 -20.75 167 126.75 -15.75 167 126.75 -20.75 150
3 16 126.75 -20.75 150 126.75 -15.75 167 126.75 -15.75 150
3 16 128.7976 -12.9291 167 130.015 -12.75 167 128.7976 -12.9291 150
3 16 128.7976 -12.9291 150 130.015 -12.75 167 130.015 -12.75 150
3 16 130.0443 -12.75 170 128.7743 -12.865 170.0009 130.0443 -12.6111 186.0944
3 16 130.0443 -12.6111 186.0944 128.7743 -12.865 170.0009 128.5421 -12.7658 186.3028
3 16 126.8602 -20.5327 264.7157 126.8602 -20.5327 189.25 120.6385 -20.75 264.7157
3 16 120.6385 -20.75 264.7157 126.8602 -20.5327 189.25 120.6385 -20.75 170
3 16 106.75 -4.875 240.6104 106.75 -4.875 170 106.75 -20.875 240.6104
3 16 106.75 -20.875 240.6104 106.75 -4.875 170 106.75 -20.875 170
3 16 116.25 -4.875 290 116.2501 -4.875 170 106.75 -4.875 240.6104
3 16 106.75 -4.875 240.6104 116.2501 -4.875 170 106.75 -4.875 170
3 16 116.25 -7.7562 290 116.2501 -7.7562 170 116.25 -4.875 290
3 16 116.25 -4.875 290 116.2501 -7.7562 170 116.2501 -4.875 170
3 16 118.1737 -8.2717 290 118.1737 -8.2716 170 116.25 -7.7562 290
3 16 116.25 -7.7562 290 118.1737 -8.2716 170 116.2501 -7.7562 170
3 16 120.3569 -12.687 290 120.3569 -12.687 170 118.1737 -8.2717 290
3 16 118.1737 -8.2717 290 120.3569 -12.687 170 118.1737 -8.2716 170
3 16 120.6385 -20.75 170 120.3569 -12.687 170 120.6385 -20.75 264.7157
3 16 120.6385 -20.75 264.7157 120.3569 -12.687 170 120.3569 -12.687 290
3 16 126.8602 -20.5327 189.25 126.8527 -20.5329 170 120.6385 -20.75 170
3 16 126.8602 -20.5327 189.25 126.8602 -20.5327 264.7157 126.75 -15.465 188.7146
3 16 126.75 -15.465 188.7146 126.8602 -20.5327 264.7157 126.75 -15.7552 270.633
3 16 126.7274 -15.7502 170 126.8527 -20.5329 170 126.75 -15.465 188.7146
3 16 126.75 -15.465 188.7146 126.8527 -20.5329 170 126.8602 -20.5327 189.25
3 16 130.0443 -7.875 186.25 130.0443 -12.6111 186.0944 128.7654 -7.8359 186.4479
3 16 128.7654 -7.8359 186.4479 130.0443 -12.6111 186.0944 128.5421 -12.7658 186.3028
3 16 126.75 -15.465 188.7146 126.75 -15.7552 270.633 126.7584 -7.771 189.1625
3 16 126.7584 -7.771 189.1625 126.75 -15.7552 270.633 126.8778 -7.8748 270.7498
3 16 126.7584 -7.771 189.1625 126.8778 -7.8748 270.7498 127.0252 -6.621 189.2546
3 16 127.0252 -6.621 189.2546 126.8778 -7.8748 270.7498 127.0384 -6.5957 270.7871
3 16 128.7763 -5.0327 189.2468 127.712 -5.6567 189.2484 129.1302 -4.9414 270.7462
3 16 129.1302 -4.9414 270.7462 127.712 -5.6567 189.2484 127.8574 -5.5504 270.7802
3 16 127.712 -5.6567 189.2484 127.0252 -6.621 189.2546 127.8574 -5.5504 270.7802
3 16 127.8574 -5.5504 270.7802 127.0252 -6.621 189.2546 127.0384 -6.5957 270.7871
3 16 130.0443 -4.875 189.2449 128.7763 -5.0327 189.2468 130.0443 -4.8729 270.7447
3 16 130.0443 -4.8729 270.7447 128.7763 -5.0327 189.2468 129.1302 -4.9414 270.7462
3 16 127.0399 -7.8659 272.0347 126.8778 -7.8748 270.7498 126.7711 -14.7173 272.2711
3 16 126.7711 -14.7173 272.2711 126.8778 -7.8748 270.7498 126.75 -15.7552 270.633
3 16 130.0443 0 290 130.0443 -12.6228 273.92 130.0443 -12.75 290.0001
3 16 128.7984 -7.8748 273.5838 127.7603 -7.8748 272.9561 128.5826 -12.8691 273.8455
3 16 128.5826 -12.8691 273.8455 127.7603 -7.8748 272.9561 127.4809 -13.5192 273.3799
3 16 127.7603 -7.8748 272.9561 127.0399 -7.8659 272.0347 127.4809 -13.5192 273.3799
3 16 127.4809 -13.5192 273.3799 127.0399 -7.8659 272.0347 126.7711 -14.7173 272.2711
3 16 130.0443 -7.8748 273.75 128.7984 -7.8748 273.5838 130.0443 -12.6228 273.92
3 16 130.0443 -12.6228 273.92 128.7984 -7.8748 273.5838 128.5826 -12.8691 273.8455
3 16 127.6928 -7.7884 187.0735 127.4498 -13.3216 186.9029 127.0089 -7.799 188.0432
3 16 127.0089 -7.799 188.0432 127.4498 -13.3216 186.9029 126.8911 -14.0771 187.5971
3 16 127.7015 -13.538 170.001 127.1105 -14.5975 169.9997 127.4498 -13.3216 186.9029
3 16 127.4498 -13.3216 186.9029 127.1105 -14.5975 169.9997 126.8911 -14.0771 187.5971
3 16 127.0273 -14.5503 167 127.728 -13.5377 167 127.0273 -14.5503 150
3 16 127.0273 -14.5503 150 127.728 -13.5377 167 127.728 -13.5377 150
3 16 128.7654 -7.8359 186.4479 128.5421 -12.7658 186.3028 127.6928 -7.7884 187.0735
3 16 127.6928 -7.7884 187.0735 128.5421 -12.7658 186.3028 127.4498 -13.3216 186.9029
3 16 128.7743 -12.865 170.0009 127.7015 -13.538 170.001 128.5421 -12.7658 186.3028
3 16 128.5421 -12.7658 186.3028 127.7015 -13.538 170.001 127.4498 -13.3216 186.9029
3 16 127.0089 -7.799 188.0432 126.8911 -14.0771 187.5971 126.7584 -7.771 189.1625
3 16 126.7584 -7.771 189.1625 126.8911 -14.0771 187.5971 126.75 -15.465 188.7146
3 16 127.1105 -14.5975 169.9997 126.7274 -15.7502 170 126.8911 -14.0771 187.5971
3 16 126.8911 -14.0771 187.5971 126.7274 -15.7502 170 126.75 -15.465 188.7146
3 16 127.728 -13.5377 167 128.7976 -12.9291 167 127.728 -13.5377 150
3 16 127.728 -13.5377 150 128.7976 -12.9291 167 128.7976 -12.9291 150
3 16 126.75 -15.75 167 127.0273 -14.5503 167 126.75 -15.75 150
3 16 126.75 -15.75 150 127.0273 -14.5503 167 127.0273 -14.5503 150
3 16 127.0252 -6.621 189.2546 127.712 -5.6567 189.2484 127.0655 -6.6292 188.7669
3 16 127.0655 -6.6292 188.7669 127.712 -5.6567 189.2484 127.7656 -5.788 188.4204
3 16 127.8458 -6.1096 187.7549 127.7972 -6.7828 187.2565 127.1008 -6.8278 188.3155
3 16 127.1008 -6.8278 188.3155 127.7972 -6.7828 187.2565 127.0598 -7.2158 188.1117
3 16 127.712 -5.6567 189.2484 128.7763 -5.0327 189.2468 127.7656 -5.788 188.4204
3 16 127.7656 -5.788 188.4204 128.7763 -5.0327 189.2468 128.8755 -5.1857 188.2564
3 16 128.9905 -5.682 187.3553 128.9198 -6.5604 186.6891 127.8458 -6.1096 187.7549
3 16 127.8458 -6.1096 187.7549 128.9198 -6.5604 186.6891 127.7972 -6.7828 187.2565
3 16 128.7763 -5.0327 189.2468 130.0443 -4.875 189.2449 128.8755 -5.1857 188.2564
3 16 128.8755 -5.1857 188.2564 130.0443 -4.875 189.2449 130.0443 -5.0891 188.1429
3 16 128.9905 -5.682 187.3553 130.0443 -5.5063 187.1135 128.9198 -6.5604 186.6891
3 16 128.9198 -6.5604 186.6891 130.0443 -5.5063 187.1135 130.0443 -6.5937 186.5419
3 16 127.7972 -6.7828 187.2565 127.6928 -7.7884 187.0735 127.0598 -7.2158 188.1117
3 16 127.0598 -7.2158 188.1117 127.6928 -7.7884 187.0735 127.0089 -7.799 188.0432
3 16 128.9198 -6.5604 186.6891 128.7654 -7.8359 186.4479 127.7972 -6.7828 187.2565
3 16 127.7972 -6.7828 187.2565 128.7654 -7.8359 186.4479 127.6928 -7.7884 187.0735
3 16 130.0443 -7.875 186.25 128.7654 -7.8359 186.4479 130.0443 -6.5937 186.5419
3 16 130.0443 -6.5937 186.5419 128.7654 -7.8359 186.4479 128.9198 -6.5604 186.6891
3 16 127.0655 -6.6292 188.7669 127.7656 -5.788 188.4204 127.1008 -6.8278 188.3155
3 16 127.1008 -6.8278 188.3155 127.7656 -5.788 188.4204 127.8458 -6.1096 187.7549
3 16 128.9905 -5.682 187.3553 127.8458 -6.1096 187.7549 128.8755 -5.1857 188.2564
3 16 128.8755 -5.1857 188.2564 127.8458 -6.1096 187.7549 127.7656 -5.788 188.4204
3 16 130.0443 -5.5063 187.1135 128.9905 -5.682 187.3553 130.0443 -5.0891 188.1429
3 16 130.0443 -5.0891 188.1429 128.9905 -5.682 187.3553 128.8755 -5.1857 188.2564
3 16 127.1008 -6.8278 188.3155 126.7584 -7.771 189.1625 127.0655 -6.6292 188.7669
3 16 127.0655 -6.6292 188.7669 126.7584 -7.771 189.1625 127.0252 -6.621 189.2546
3 16 127.1008 -6.8278 188.3155 127.0598 -7.2158 188.1117 126.7584 -7.771 189.1625
3 16 127.0089 -7.799 188.0432 126.7584 -7.771 189.1625 127.0598 -7.2158 188.1117
3 16 127.0965 -6.5991 271.3116 127.1449 -6.7704 271.7354 127.9205 -5.6748 271.6392
3 16 127.9205 -5.6748 271.6392 127.1449 -6.7704 271.7354 127.9287 -6.1255 272.3639
3 16 127.0399 -7.8659 272.0347 127.7603 -7.8748 272.9561 127.0921 -7.2484 271.985
3 16 127.0921 -7.2484 271.985 127.7603 -7.8748 272.9561 127.7732 -6.8576 272.7623
3 16 129.1396 -5.8005 272.8247 129.1053 -5.1644 271.86 127.9287 -6.1255 272.3639
3 16 127.9287 -6.1255 272.3639 129.1053 -5.1644 271.86 127.9205 -5.6748 271.6392
3 16 129.1396 -5.8005 272.8247 130.0443 -5.6853 272.9344 129.1053 -5.1644 271.86
3 16 129.1053 -5.1644 271.86 130.0443 -5.6853 272.9344 130.0443 -5.0374 271.8554
3 16 127.7603 -7.8748 272.9561 128.7984 -7.8748 273.5838 127.7732 -6.8576 272.7623
3 16 127.7732 -6.8576 272.7623 128.7984 -7.8748 273.5838 128.9304 -6.6737 273.3686
3 16 128.7984 -7.8748 273.5838 130.0443 -7.8748 273.75 128.9304 -6.6737 273.3686
3 16 128.9304 -6.6737 273.3686 130.0443 -7.8748 273.75 130.0443 -6.7152 273.5774
3 16 127.0384 -6.5957 270.7871 127.0965 -6.5991 271.3116 127.8574 -5.5504 270.7802
3 16 127.8574 -5.5504 270.7802 127.0965 -6.5991 271.3116 127.9205 -5.6748 271.6392
3 16 129.1053 -5.1644 271.86 129.1302 -4.9414 270.7462 127.9205 -5.6748 271.6392
3 16 127.9205 -5.6748 271.6392 129.1302 -4.9414 270.7462 127.8574 -5.5504 270.7802
3 16 130.0443 -4.8729 270.7447 129.1302 -4.9414 270.7462 130.0443 -5.0374 271.8554
3 16 130.0443 -5.0374 271.8554 129.1302 -4.9414 270.7462 129.1053 -5.1644 271.86
3 16 127.9287 -6.1255 272.3639 127.1449 -6.7704 271.7354 127.7732 -6.8576 272.7623
3 16 127.7732 -6.8576 272.7623 127.1449 -6.7704 271.7354 127.0921 -7.2484 271.985
3 16 129.1396 -5.8005 272.8247 127.9287 -6.1255 272.3639 128.9304 -6.6737 273.3686
3 16 128.9304 -6.6737 273.3686 127.9287 -6.1255 272.3639 127.7732 -6.8576 272.7623
3 16 130.0443 -5.6853 272.9344 129.1396 -5.8005 272.8247 130.0443 -6.7152 273.5774
3 16 130.0443 -6.7152 273.5774 129.1396 -5.8005 272.8247 128.9304 -6.6737 273.3686
3 16 127.1449 -6.7704 271.7354 126.8778 -7.8748 270.7498 127.0921 -7.2484 271.985
3 16 126.8778 -7.8748 270.7498 127.0399 -7.8659 272.0347 127.0921 -7.2484 271.985
3 16 127.1449 -6.7704 271.7354 127.0965 -6.5991 271.3116 126.8778 -7.8748 270.7498
3 16 127.0384 -6.5957 270.7871 126.8778 -7.8748 270.7498 127.0965 -6.5991 271.3116
3 16 128.5826 -12.8691 273.8455 128.7821 -12.9151 289.9369 130.0443 -12.6228 273.92
3 16 130.0443 -12.6228 273.92 128.7821 -12.9151 289.9369 130.0443 -12.75 290.0001
3 16 127.4809 -13.5192 273.3799 127.9137 -13.3846 289.9643 128.5826 -12.8691 273.8455
3 16 128.5826 -12.8691 273.8455 127.9137 -13.3846 289.9643 128.7821 -12.9151 289.9369
3 16 127.9137 -13.3846 289.9643 127.4809 -13.5192 273.3799 127.0043 -13.9819 289.9747
3 16 127.0043 -13.9819 289.9747 127.4809 -13.5192 273.3799 126.7711 -14.7173 272.2711
3 16 127.0043 -13.9819 289.9747 126.7711 -14.7173 272.2711 126.8602 -20.5327 264.7157
3 16 126.8602 -20.5327 264.7157 126.7711 -14.7173 272.2711 126.75 -15.7552 270.633
3 16 133.75 0 170 133.75 -5.25 170.875 133.7499 -5.25 169.125
3 16 133.75 0 170 130 0 167 130.0443 0 170.0017
3 16 130.015 -12.75 167 130 0 167 130.015 -12.75 150
3 16 130.015 -12.75 150 130 0 167 130 0 150
3 16 116.2501 -4.875 170 130.0443 0 170.0017 106.75 -4.875 170
3 16 106.75 -4.875 167 130 0 167 116.2501 -4.875 167
3 16 116.2501 -7.7562 170 118.1737 -8.2716 170 116.2501 -4.875 170
3 16 118.1737 -8.2716 170 130.0443 0 170.0017 116.2501 -4.875 170
3 16 130.015 -12.75 167 128.7976 -12.9291 167 130 0 167
3 16 128.7976 -12.9291 167 118.1738 -8.2716 167 130 0 167
3 16 70 0 169.8448 70 -20.7342 170 106.75 -4.875 170
3 16 106.75 -4.875 170 70 -20.7342 170 106.75 -20.875 170
3 16 70 0 169.8448 106.75 -4.875 170 130.0443 0 170.0017
3 16 70 0 166.843 70 0 169.8448 130 0 167
3 16 130 0 167 70 0 169.8448 130.0443 0 170.0017
3 16 70 0 166.843 130 0 167 106.75 -4.875 167
3 16 106.75 -20.875 167 70 -20.875 167 106.75 -4.875 167
3 16 106.75 -4.875 167 70 -20.875 167 70 0 166.843
3 16 76.7593 -4.875 286.75 87.9914 -4.875 286.75 76.7593 -20.75 286.75
3 16 76.7593 -20.75 286.75 87.9914 -4.875 286.75 87.9914 -20.875 286.75
3 16 70 -20.7342 170 106.75 -20.875 240.6104 106.75 -20.875 170
3 16 106.75 -20.875 240.6104 70 -20.7342 170 106.2763 -20.875 245.7644
3 16 106.2763 -20.875 245.7644 70 -20.7342 170 104.4917 -20.875 252.9379
3 16 104.4917 -20.875 252.9379 70 -20.7342 170 102.5271 -20.875 257.6786
3 16 87.9914 -20.875 286.75 102.5271 -20.875 257.6786 70 -20.7342 170
3 16 73.75 -20.75 283.5048 70 -20.7342 170 70 -20.75 282.5
3 16 70 -20.7342 170 73.75 -20.75 283.5048 87.9914 -20.875 286.75
3 16 73.75 -20.75 283.5048 76.7593 -20.75 286.75 87.9914 -20.875 286.75
3 16 116.25 -7.7562 290 116.25 -4.875 290 118.1737 -8.2717 290
3 16 130.0443 0 290 118.1737 -8.2717 290 116.25 -4.875 290
3 16 130.0443 0 290 130.0443 -12.75 290.0001 128.7821 -12.9151 289.9369
3 16 120.3569 -12.687 290 118.1737 -8.2717 290 127.9137 -13.3846 289.9643
3 16 127.9137 -13.3846 289.9643 118.1737 -8.2717 290 130.0443 0 290
3 16 130.0443 0 290 128.7821 -12.9151 289.9369 127.9137 -13.3846 289.9643
3 16 127.9137 -13.3846 289.9643 127.0043 -13.9819 289.9747 120.3569 -12.687 290
3 16 120.3569 -12.687 290 127.0043 -13.9819 289.9747 120.4019 -13.9751 290
3 16 130.0443 -6.5937 186.5419 130.0443 -5.5063 187.1135 130.0443 0 170.0017
3 16 130.0443 0 170.0017 130.0443 -5.5063 187.1135 130.0443 0 185.464
3 16 133.75 0 190 133.75 0 170 130.0443 0 185.464
3 16 130.0443 0 185.464 133.75 0 170 130.0443 0 170.0017
3 16 130.0443 -5.5063 187.1135 130.0443 -5.0891 188.1429 130.0443 0 185.464
3 16 130.0443 -5.0891 188.1429 130.0443 -4.875 189.2449 130.0443 0 185.464
3 16 130.0443 -7.875 186.25 130.0443 -6.5937 186.5419 130.0443 0 170.0017
3 16 130.0443 0 290 130.0443 -6.7152 273.5774 130.0443 -7.8748 273.75
3 16 130.0443 0 290 130.0443 -4.8729 270.7447 130.0443 -5.0374 271.8554
3 16 130.0443 0 290 130.0443 -5.6853 272.9344 130.0443 -6.7152 273.5774
3 16 130.0443 0 290 130.0443 -7.8748 273.75 130.0443 -12.6228 273.92
3 16 130.0443 0 290 130.0443 0 185.464 130.0443 -4.8729 270.7447
3 16 130.0443 -4.8729 270.7447 130.0443 0 185.464 130.0443 -4.875 189.2449
3 16 130.0443 0 290 130.0443 -5.0374 271.8554 130.0443 -5.6853 272.9344
3 16 146.2547 -12.7499 306.25 130 -12.7499 306.25 146.2593 0 306.25
3 16 146.2593 0 306.25 130 -12.7499 306.25 130 0 306.25
3 16 146.2524 -9 273.95 139.9982 -9 273.95 146.25 -12.7499 273.95
3 16 146.25 -12.7499 273.95 139.9982 -9 273.95 139.9953 -12.7499 273.95
3 16 146.2577 -5.25 289.125 146.2524 -9 273.95 146.25 -12.7499 289.125
3 16 146.25 -12.7499 289.125 146.2524 -9 273.95 146.25 -12.7499 273.95
3 16 33.25 -20.875 150 33.25 -20.875 167 70 -20.875 150
3 16 70 -20.875 150 33.25 -20.875 167 70 -20.875 167
3 16 70 -20.875 150 70 -20.875 167 106.75 -20.875 150
3 16 106.75 -20.875 150 70 -20.875 167 106.75 -20.875 167
3 16 120.3569 -12.687 167 126.75 -15.75 167 120.6385 -20.75 167
3 16 120.6385 -20.75 167 126.75 -15.75 167 126.75 -20.75 167
3 16 118.1738 -8.2716 167 127.728 -13.5377 167 127.0273 -14.5503 167
3 16 127.728 -13.5377 167 118.1738 -8.2716 167 128.7976 -12.9291 167
3 16 116.2501 -7.7562 167 116.2501 -4.875 167 118.1738 -8.2716 167
3 16 116.2501 -4.875 167 130 0 167 118.1738 -8.2716 167
3 16 21.8262 -8.2716 167 19.6431 -12.687 167 12.9727 -14.5503 167
3 16 12.9727 -14.5503 167 19.6431 -12.687 167 13.25 -15.75 167
3 16 9.9849 -12.75 167 9.9849 -12.75 150 10 0 167
3 16 10 0 167 9.9849 -12.75 150 10.0001 0 150
3 16 19.6431 -12.687 167 19.3615 -20.75 167 13.25 -15.75 167
3 16 13.25 -15.75 167 19.3615 -20.75 167 13.25 -20.75 167
3 16 12.272 -13.5377 167 21.8262 -8.2716 167 12.9727 -14.5503 167
3 16 11.2024 -12.9291 167 21.8262 -8.2716 167 12.272 -13.5377 167
3 16 9.9849 -12.75 167 10 0 167 11.2024 -12.9291 167
3 16 10 0 167 21.8262 -8.2716 167 11.2024 -12.9291 167
3 16 118.1738 -8.2716 167 127.0273 -14.5503 167 120.3569 -12.687 167
3 16 120.3569 -12.687 167 127.0273 -14.5503 167 126.75 -15.75 167
3 16 19.6431 -12.687 170 13.2726 -15.7502 170 19.3615 -20.75 170
3 16 19.3615 -20.75 170 13.2726 -15.7502 170 13.1473 -20.5329 170
3 16 23.7499 -7.7562 170 23.7499 -4.875 170 21.8263 -8.2716 170
3 16 23.7499 -4.875 170 9.9557 0 170.0017 21.8263 -8.2716 170
3 16 9.9557 -7.875 186.25 9.9557 0 170.0017 9.9557 -6.5937 186.5419
3 16 21.8263 -8.2716 170 12.8895 -14.5975 169.9997 19.6431 -12.687 170
3 16 19.6431 -12.687 170 12.8895 -14.5975 169.9997 13.2726 -15.7502 170
3 16 11.2257 -12.865 170.0009 9.9557 0 170.0017 9.9557 -12.75 170
3 16 12.8895 -14.5975 169.9997 21.8263 -8.2716 170 12.2985 -13.538 170.001
3 16 21.8263 -8.2716 170 9.9557 0 170.0017 12.2985 -13.538 170.001
3 16 118.1737 -8.2716 170 120.3569 -12.687 170 127.1105 -14.5975 169.9997
3 16 127.1105 -14.5975 169.9997 120.3569 -12.687 170 126.7274 -15.7502 170
3 16 130.0443 0 170.0017 130.0443 -12.75 170 130.0443 -12.6111 186.0944
3 16 130.0443 -7.875 186.25 130.0443 0 170.0017 130.0443 -12.6111 186.0944
3 16 120.3569 -12.687 170 120.6385 -20.75 170 126.7274 -15.7502 170
3 16 126.7274 -15.7502 170 120.6385 -20.75 170 126.8527 -20.5329 170
3 16 127.1105 -14.5975 169.9997 127.7015 -13.538 170.001 118.1737 -8.2716 170
3 16 127.7015 -13.538 170.001 130.0443 0 170.0017 118.1737 -8.2716 170
3 16 128.7743 -12.865 170.0009 130.0443 0 170.0017 127.7015 -13.538 170.001
3 16 130.0443 0 170.0017 128.7743 -12.865 170.0009 130.0443 -12.75 170
3 16 1.975 -5.25 266.5792 1.9718 -5.25 193.4207 0 -5.25 266.05
3 16 0 -5.25 266.05 1.9718 -5.25 193.4207 -0.0032 -5.25 193.9499
3 16 -0.0032 -5.25 193.9499 -1.9782 -5.25 193.4207 0 -5.25 266.05
3 16 0 -5.25 266.05 -1.9782 -5.25 193.4207 -1.975 -5.25 266.5792
3 16 -3.4208 -5.25 268.025 -6.2559 -5.2501 268.025 -3.95 -5.25 270
3 16 -3.95 -5.25 270 -6.2559 -5.2501 268.025 -6.2559 -5.2501 269.9999
3 16 3.4208 -5.25 268.025 3.4177 -5.25 191.9749 1.975 -5.25 266.5792
3 16 1.975 -5.25 266.5792 3.4177 -5.25 191.9749 1.9718 -5.25 193.4207
3 16 6.2502 -5.2501 191.9749 3.4177 -5.25 191.9749 6.2517 -5.2501 268.0249
3 16 6.2517 -5.2501 268.0249 3.4177 -5.25 191.9749 3.4208 -5.25 268.025
3 16 6.25 0 270 6.25 0 190 6.2517 -5.2501 268.0249
3 16 6.2517 -5.2501 268.0249 6.25 0 190 6.2502 -5.2501 191.9749
3 16 -3.424 -5.25 191.9749 -3.9292 -5.2619 190.0126 -6.2571 -5.25 191.9749
3 16 -6.2571 -5.25 191.9749 -3.9292 -5.2619 190.0126 -6.2571 -5.25 190
3 16 -6.2593 0 170.875 -6.2571 -5.25 191.9749 -6.2571 -5.25 190
3 16 3.4208 -5.25 268.025 3.926 -5.2619 269.9873 6.2517 -5.2501 268.0249
3 16 6.2517 -5.2501 268.0249 3.926 -5.2619 269.9873 6.2517 -5.2501 269.9999
3 16 6.25 0 270 6.2517 -5.2501 268.0249 6.2517 -5.2501 269.9999
3 16 -3.4208 -5.25 268.025 -3.424 -5.25 191.9749 -6.2559 -5.2501 268.025
3 16 -6.2559 -5.2501 268.025 -3.424 -5.25 191.9749 -6.2571 -5.25 191.9749
3 16 -6.2593 0 170.875 -6.2593 0 289.125 -6.2571 -5.25 191.9749
3 16 -6.2571 -5.25 191.9749 -6.2593 0 289.125 -6.2559 -5.2501 268.025
3 16 136.5824 -5.25 191.9749 136.5792 -5.25 268.025 138.0281 -5.25 193.4207
3 16 138.0281 -5.25 193.4207 136.5792 -5.25 268.025 138.025 -5.25 266.5792
3 16 136.5792 -5.25 268.025 133.7483 -5.2501 268.0249 136.074 -5.2619 269.9873
3 16 136.074 -5.2619 269.9873 133.7483 -5.2501 268.0249 133.7483 -5.2501 269.9999
3 16 141.9781 -5.25 193.4207 141.975 -5.25 266.5792 143.424 -5.25 191.9749
3 16 143.424 -5.25 191.9749 141.975 -5.25 266.5792 143.4208 -5.25 268.025
3 16 143.424 -5.25 191.9749 146.2571 -5.25 191.9749 143.9292 -5.2619 190.0126
3 16 143.9292 -5.2619 190.0126 146.2571 -5.25 191.9749 146.2571 -5.25 190
3 16 143.424 -5.25 191.9749 143.4208 -5.25 268.025 146.2571 -5.25 191.9749
3 16 146.2571 -5.25 191.9749 143.4208 -5.25 268.025 146.2559 -5.2501 268.025
3 16 146.2593 0 169.9185 146.2571 -5.25 191.9749 146.2593 0 289.125
3 16 146.2593 0 289.125 146.2571 -5.25 191.9749 146.2559 -5.2501 268.025
3 16 133.7498 -5.2501 190 133.7498 -5.2501 191.9749 136.0531 -5.25 189.9999
3 16 136.0531 -5.25 189.9999 133.7498 -5.2501 191.9749 136.5824 -5.25 191.9749
3 16 133.75 0 190 133.7498 -5.2501 191.9749 133.7498 -5.2501 190
3 16 136.5824 -5.25 191.9749 133.7498 -5.2501 191.9749 136.5792 -5.25 268.025
3 16 136.5792 -5.25 268.025 133.7498 -5.2501 191.9749 133.7483 -5.2501 268.0249
3 16 133.75 0 290.875 133.7483 -5.2501 268.0249 133.75 0 190
3 16 133.75 0 190 133.7483 -5.2501 268.0249 133.7498 -5.2501 191.9749
3 16 143.4208 -5.25 268.025 143.95 -5.25 270 146.2559 -5.2501 268.025
3 16 146.2559 -5.2501 268.025 143.95 -5.25 270 146.2559 -5.2501 269.9999
3 16 146.2593 0 289.125 146.2559 -5.2501 268.025 146.2559 -5.2501 269.9999
3 16 81.3721 0 306.025 69.9476 0 306.025 79.85 0 310
3 16 70 -8 294.3125 61.2462 -8 307.7699 67.8438 -8 293.7347
3 16 67.8438 -8 293.7347 61.2462 -8 307.7699 60.0371 -8 307.0256
3 16 65.6875 -8 290 66.2653 -8 292.1563 57.1391 -8 307.7363
3 16 57.1391 -8 307.7363 66.2653 -8 292.1563 58.8111 -8 307.7699
3 16 58.8111 -8 307.7699 66.2653 -8 292.1563 60.0371 -8 307.0256
3 16 60.0371 -8 307.0256 66.2653 -8 292.1563 67.8438 -8 293.7347
3 16 92.1651 -8 308.75 91.25 -8 307.8349 94.3301 -8 307.5
3 16 26.9895 -10.25 315.3147 27.0053 -8 310 26.9974 -5.25 315.3147
3 16 126.9946 0 293.3 114.1265 -4.2417 293.2982 114.3013 -5.3479 293.3011
3 16 72.1563 -24 286.2653 70 -24 285.6875 70 -24 240.6104
3 16 70 -24 285.6875 72.1563 -24 286.2653 70 0 285.6875
3 16 70 0 285.6875 72.1563 -24 286.2653 72.1563 0 286.2653
3 16 90.0018 -24 290 105.8009 -24 258.3983 90.0009 -8 290
3 16 90.0009 -8 290 105.8009 -24 258.3983 105.8009 -8 258.3983
3 16 74.3125 -24 290 73.7347 -24 287.8438 90.0018 -24 290
3 16 105.8009 -24 258.3983 90.0018 -24 290 73.7347 -24 287.8438
3 16 65.6875 -24 290 66.2653 -24 287.8438 65.6875 -8 290
3 16 65.6875 -8 290 66.2653 -24 287.8438 66.2653 0 287.8438
3 16 74.3125 -24 290 74.3125 -8 290 73.7347 -24 287.8438
3 16 73.7347 -24 287.8438 74.3125 -8 290 73.7347 0 287.8438
3 16 73.7347 -24 287.8438 72.1563 -24 286.2653 105.8009 -24 258.3983
3 16 72.1563 -24 286.2653 70 -24 240.6104 105.8009 -24 258.3983
3 16 72.1563 -24 286.2653 73.7347 -24 287.8438 72.1563 0 286.2653
3 16 72.1563 0 286.2653 73.7347 -24 287.8438 73.7347 0 287.8438
3 16 74.3125 -24 290 90.0018 -24 290 74.3125 -8 290
3 16 74.3125 -8 290 90.0018 -24 290 90.0009 -8 290
3 16 105.8009 -24 258.3983 107.9532 -24 253.0267 105.8009 -8 258.3983
3 16 105.8009 -8 258.3983 107.9532 -24 253.0267 107.9532 -8 253.0267
3 16 107.9532 -24 253.0267 105.8009 -24 258.3983 70 -24 240.6104
3 16 109.9781 -8 150 109.9781 -8 240.6104 109.9781 -24 150
3 16 109.9781 -24 150 109.9781 -8 240.6104 109.9781 -24 240.6104
3 16 109.9781 -24 240.6104 70 -24 240.6104 109.9781 -24 150
3 16 109.9781 -24 150 70 -24 240.6104 70 -24 150
3 16 109.9781 -24 240.6104 109.6144 -24 245.7847 70 -24 240.6104
3 16 109.6144 -24 245.7847 109.9781 -24 240.6104 109.6144 -8 245.7847
3 16 109.6144 -8 245.7847 109.9781 -24 240.6104 109.9781 -8 240.6104
3 16 109.6144 -24 245.7847 107.9532 -24 253.0267 70 -24 240.6104
3 16 107.9532 -24 253.0267 109.6144 -24 245.7847 107.9532 -8 253.0267
3 16 107.9532 -8 253.0267 109.6144 -24 245.7847 109.6144 -8 245.7847
3 16 66.2653 -24 287.8438 67.8438 -24 286.2653 66.2653 0 287.8438
3 16 66.2653 0 287.8438 67.8438 -24 286.2653 67.8438 0 286.2653
3 16 66.2653 -24 287.8438 34.1992 -24 258.3983 67.8438 -24 286.2653
3 16 67.8438 -24 286.2653 34.1992 -24 258.3983 70 -24 240.6104
3 16 70 -24 285.6875 67.8438 -24 286.2653 70 -24 240.6104
3 16 67.8438 -24 286.2653 70 -24 285.6875 67.8438 0 286.2653
3 16 67.8438 0 286.2653 70 -24 285.6875 70 0 285.6875
3 16 49.9982 -24 290 65.6875 -24 290 49.9982 -8 290
3 16 49.9982 -8 290 65.6875 -24 290 65.6875 -8 290
3 16 65.6875 -24 290 49.9982 -24 290 66.2653 -24 287.8438
3 16 49.9982 -24 290 34.1992 -24 258.3983 66.2653 -24 287.8438
3 16 34.1992 -24 258.3983 49.9982 -24 290 34.1992 -8 258.3983
3 16 34.1992 -8 258.3983 49.9982 -24 290 49.9982 -8 290
3 16 30.0219 -24 240.6104 30.3856 -24 245.7847 30.0219 -8 240.6104
3 16 30.0219 -8 240.6104 30.3856 -24 245.7847 30.3856 -8 245.7847
3 16 30.3856 -24 245.7847 30.0219 -24 240.6104 70 -24 240.6104
3 16 70 -24 150 70 -24 240.6104 30.0219 -24 150
3 16 30.0219 -24 150 70 -24 240.6104 30.0219 -24 240.6104
3 16 30.0219 -24 150 30.0219 -24 240.6104 30.0219 -8 150
3 16 30.0219 -8 150 30.0219 -24 240.6104 30.0219 -8 240.6104
3 16 34.1992 -24 258.3983 32.0468 -24 253.0267 70 -24 240.6104
3 16 32.0468 -24 253.0267 34.1992 -24 258.3983 32.0468 -8 253.0267
3 16 32.0468 -8 253.0267 34.1992 -24 258.3983 34.1992 -8 258.3983
3 16 30.3856 -24 245.7847 32.0468 -24 253.0267 30.3856 -8 245.7847
3 16 30.3856 -8 245.7847 32.0468 -24 253.0267 32.0468 -8 253.0267
3 16 32.0468 -24 253.0267 30.3856 -24 245.7847 70 -24 240.6104
3 16 120.5751 -8.0013 316.6125 121.1958 -22.8272 318.682 121.3254 -21.4519 319.0655
3 16 120.575 -24 316.6125 120.9029 -23.7479 317.6945 120.5751 -8.0013 316.6125
3 16 123.5 -24 316.6125 123.5001 -19.0019 316.3268 123.5001 -23.7565 317.6772
3 16 123.5001 -19.0019 316.3268 123.5001 -21.4692 319.0655 123.5001 -22.8297 318.6797
3 16 22.5 -24 316.6125 22.5 -19.0019 316.3268 22.5 -23.7565 317.6772
3 16 22.5 -19.0019 316.3268 22.5 -21.4692 319.0655 22.5 -22.8297 318.6797
3 16 19.5787 -8.0927 316.6251 20.1958 -22.8272 318.682 20.3254 -21.4519 319.0655
3 16 19.5749 -24 316.6125 19.9029 -23.7479 317.6945 19.5787 -8.0927 316.6251
3 16 123.5001 -19.0019 316.3268 127.5532 -11.1764 317.1475 126.3918 -13.472 318.4581
3 16 126.721 -7.99 310 128.0053 -8 312.0299 128.359 -7.99 310.8618
3 16 120.5751 -8.0013 316.6125 126.721 -7.99 310 123.2545 -7.8706 302.1046
3 16 123.2545 -7.8706 302.1046 126.721 -7.99 310 126.7184 -7.9899 302.1125
3 16 120.5751 -8.0013 316.6125 123.2545 -7.8706 302.1046 120.5753 -8 299.1125
3 16 138.2847 -5.25 270.9904 139.9997 -5.25 270 138.0193 -5.25 270
3 16 139.9997 -5.25 270 140.9904 -5.25 271.7153 141.7153 -5.25 270.9904
3 16 139.9997 -5.25 270 141.7153 -5.25 270.9904 141.9807 -5.25 270
3 16 139.0096 -5.25 271.7153 140 -5.25 271.9807 139.9997 -5.25 270
3 16 139.9997 -5.25 270 140 -5.25 271.9807 140.9904 -5.25 271.7153
3 16 139.0096 -5.25 271.7153 139.9997 -5.25 270 138.2847 -5.25 270.9904
3 16 79.85 0 310 70.0524 0 310 79.85 -8 310
3 16 79.85 -8 310 70.0524 0 310 70.0524 -8 310
3 16 70 -8 294.3125 72.1563 -8 293.7347 70.0524 -8 310
3 16 70.0524 -8 310 72.1563 -8 293.7347 79.85 -8 310
3 16 94.9036 -8 306.2878 94.9036 0 306.2878 94.2178 -8 306.6748
3 16 94.2178 -8 306.6748 94.9036 0 306.2878 94.2178 0 306.6748
3 16 90.0009 -8 290 94.9036 -8 306.2878 94.2178 -8 306.6748
3 16 85.6418 0 306.6551 84.959 0 306.3115 85.6418 -8 306.6551
3 16 85.6418 -8 306.6551 84.959 0 306.3115 84.959 -8 306.3115
3 16 85.6418 0 306.6551 85.8377 0 303.7349 84.959 0 306.3115
3 16 83.4755 0 305.0728 84.959 0 306.3115 85.8377 0 303.7349
3 16 96.3693 0 304.9798 94.9036 0 306.2878 96.5038 0 306.3
3 16 74.3125 -8 290 84.959 -8 306.3115 73.7347 -8 292.1563
3 16 73.7347 -8 292.1563 84.959 -8 306.3115 83.3658 -8 306.3
3 16 23.75 -4.875 10 50.7495 -4.875 10 25.875 0 10
3 16 25.875 0 10 50.7495 -4.875 10 49.9301 0 10
3 16 23.75 -4.875 10 52.0086 -4.875 13.25 50.7495 -4.875 10
3 16 116.25 -4.875 290 89.8363 -4.875 290 114.125 0 290
3 16 114.125 0 290 89.8363 -4.875 290 89.944 0 290
3 16 116.25 -4.875 290 87.9914 -4.875 286.75 89.8363 -4.875 290
3 16 140 -5.25 53.9382 141.9691 -5.25 53.4106 140 0 53.9382
3 16 140 0 53.9382 141.9691 -5.25 53.4106 141.9691 0 53.4106
3 16 138.0309 -5.25 53.4106 140 -5.25 53.9382 138.0309 0 53.4106
3 16 138.0309 0 53.4106 140 -5.25 53.9382 140 0 53.9382
3 16 136.5894 -5.25 51.9691 138.0309 -5.25 53.4106 136.5894 0 51.9691
3 16 136.5894 0 51.9691 138.0309 -5.25 53.4106 138.0309 0 53.4106
3 16 136.0618 -5.25 50 136.5894 -5.25 51.9691 136.0618 0 50
3 16 136.0618 0 50 136.5894 -5.25 51.9691 136.5894 0 51.9691
3 16 136.5894 -5.25 48.0309 136.0618 -5.25 50 136.5894 0 48.0309
3 16 136.5894 0 48.0309 136.0618 -5.25 50 136.0618 0 50
3 16 138.0309 -5.25 46.5894 136.5894 -5.25 48.0309 138.0309 0 46.5894
3 16 138.0309 0 46.5894 136.5894 -5.25 48.0309 136.5894 0 48.0309
3 16 140 -5.25 46.0618 138.0309 -5.25 46.5894 140 0 46.0618
3 16 140 0 46.0618 138.0309 -5.25 46.5894 138.0309 0 46.5894
3 16 141.9691 -5.25 46.5894 140 -5.25 46.0618 141.9691 0 46.5894
3 16 141.9691 0 46.5894 140 -5.25 46.0618 140 0 46.0618
3 16 143.4106 -5.25 48.0309 141.9691 -5.25 46.5894 143.4106 0 48.0309
3 16 143.4106 0 48.0309 141.9691 -5.25 46.5894 141.9691 0 46.5894
3 16 143.9382 -5.25 50 143.4106 -5.25 48.0309 143.9382 0 50
3 16 143.9382 0 50 143.4106 -5.25 48.0309 143.4106 0 48.0309
3 16 143.4106 -5.25 51.9691 143.9382 -5.25 50 143.4106 0 51.9691
3 16 143.4106 0 51.9691 143.9382 -5.25 50 143.9382 0 50
3 16 143.4106 0 51.9691 141.9691 0 53.4106 143.4106 -5.25 51.9691
3 16 143.4106 -5.25 51.9691 141.9691 0 53.4106 141.9691 -5.25 53.4106
3 16 141.9691 0 53.4106 140 0 50 140 0 53.9382
3 16 140 0 50 141.9691 0 53.4106 143.4106 0 51.9691
3 16 140 0 50 143.4106 0 51.9691 143.9382 0 50
3 16 140 0 50 143.9382 0 50 143.4106 0 48.0309
3 16 140 0 50 143.4106 0 48.0309 141.9691 0 46.5894
3 16 140 0 50 141.9691 0 46.5894 140 0 46.0618
3 16 140 0 50 140 0 46.0618 138.0309 0 46.5894
3 16 140 0 50 138.0309 0 46.5894 136.5894 0 48.0309
3 16 140 0 50 136.5894 0 48.0309 136.0618 0 50
3 16 140 0 50 136.0618 0 50 136.5894 0 51.9691
3 16 140 0 50 136.5894 0 51.9691 138.0309 0 53.4106
3 16 140 0 50 138.0309 0 53.4106 140 0 53.9382
3 16 140 -5.25 233.9382 141.9691 -5.25 233.4106 140 0 233.9382
3 16 140 0 233.9382 141.9691 -5.25 233.4106 141.9691 0 233.4106
3 16 138.0309 -5.25 233.4106 140 -5.25 233.9382 138.0309 0 233.4106
3 16 138.0309 0 233.4106 140 -5.25 233.9382 140 0 233.9382
3 16 136.5894 -5.25 231.9691 138.0309 -5.25 233.4106 136.5894 0 231.9691
3 16 136.5894 0 231.9691 138.0309 -5.25 233.4106 138.0309 0 233.4106
3 16 136.0618 -5.25 230 136.5894 -5.25 231.9691 136.0618 0 230
3 16 136.0618 0 230 136.5894 -5.25 231.9691 136.5894 0 231.9691
3 16 136.5894 -5.25 228.0309 136.0618 -5.25 230 136.5894 0 228.0309
3 16 136.5894 0 228.0309 136.0618 -5.25 230 136.0618 0 230
3 16 138.0309 -5.25 226.5894 136.5894 -5.25 228.0309 138.0309 0 226.5894
3 16 138.0309 0 226.5894 136.5894 -5.25 228.0309 136.5894 0 228.0309
3 16 140 -5.25 226.0618 138.0309 -5.25 226.5894 140 0 226.0618
3 16 140 0 226.0618 138.0309 -5.25 226.5894 138.0309 0 226.5894
3 16 141.9691 -5.25 226.5894 140 -5.25 226.0618 141.9691 0 226.5894
3 16 141.9691 0 226.5894 140 -5.25 226.0618 140 0 226.0618
3 16 143.4106 -5.25 228.0309 141.9691 -5.25 226.5894 143.4106 0 228.0309
3 16 143.4106 0 228.0309 141.9691 -5.25 226.5894 141.9691 0 226.5894
3 16 143.9382 -5.25 230 143.4106 -5.25 228.0309 143.9382 0 230
3 16 143.9382 0 230 143.4106 -5.25 228.0309 143.4106 0 228.0309
3 16 143.4106 -5.25 231.9691 143.9382 -5.25 230 143.4106 0 231.9691
3 16 143.4106 0 231.9691 143.9382 -5.25 230 143.9382 0 230
3 16 143.4106 0 231.9691 141.9691 0 233.4106 143.4106 -5.25 231.9691
3 16 143.4106 -5.25 231.9691 141.9691 0 233.4106 141.9691 -5.25 233.4106
3 16 141.9691 0 233.4106 140 0 230 140 0 233.9382
3 16 140 0 230 141.9691 0 233.4106 143.4106 0 231.9691
3 16 140 0 230 143.4106 0 231.9691 143.9382 0 230
3 16 140 0 230 143.9382 0 230 143.4106 0 228.0309
3 16 140 0 230 143.4106 0 228.0309 141.9691 0 226.5894
3 16 140 0 230 141.9691 0 226.5894 140 0 226.0618
3 16 140 0 230 140 0 226.0618 138.0309 0 226.5894
3 16 140 0 230 138.0309 0 226.5894 136.5894 0 228.0309
3 16 140 0 230 136.5894 0 228.0309 136.0618 0 230
3 16 140 0 230 136.0618 0 230 136.5894 0 231.9691
3 16 140 0 230 136.5894 0 231.9691 138.0309 0 233.4106
3 16 140 0 230 138.0309 0 233.4106 140 0 233.9382
3 16 0 -5.25 93.9382 1.9691 -5.25 93.4106 0 0 93.9382
3 16 0 0 93.9382 1.9691 -5.25 93.4106 1.9691 0 93.4106
3 16 -1.9691 -5.25 93.4106 0 -5.25 93.9382 -1.9691 0 93.4106
3 16 -1.9691 0 93.4106 0 -5.25 93.9382 0 0 93.9382
3 16 -3.4106 -5.25 91.9691 -1.9691 -5.25 93.4106 -3.4106 0 91.9691
3 16 -3.4106 0 91.9691 -1.9691 -5.25 93.4106 -1.9691 0 93.4106
3 16 -3.9382 -5.25 90 -3.4106 -5.25 91.9691 -3.9382 0 90
3 16 -3.9382 0 90 -3.4106 -5.25 91.9691 -3.4106 0 91.9691
3 16 -3.4106 -5.25 88.0309 -3.9382 -5.25 90 -3.4106 0 88.0309
3 16 -3.4106 0 88.0309 -3.9382 -5.25 90 -3.9382 0 90
3 16 -1.9691 -5.25 86.5894 -3.4106 -5.25 88.0309 -1.9691 0 86.5894
3 16 -1.9691 0 86.5894 -3.4106 -5.25 88.0309 -3.4106 0 88.0309
3 16 0 -5.25 86.0618 -1.9691 -5.25 86.5894 0 0 86.0618
3 16 0 0 86.0618 -1.9691 -5.25 86.5894 -1.9691 0 86.5894
3 16 1.9691 -5.25 86.5894 0 -5.25 86.0618 1.9691 0 86.5894
3 16 1.9691 0 86.5894 0 -5.25 86.0618 0 0 86.0618
3 16 3.4106 -5.25 88.0309 1.9691 -5.25 86.5894 3.4106 0 88.0309
3 16 3.4106 0 88.0309 1.9691 -5.25 86.5894 1.9691 0 86.5894
3 16 3.9382 -5.25 90 3.4106 -5.25 88.0309 3.9382 0 90
3 16 3.9382 0 90 3.4106 -5.25 88.0309 3.4106 0 88.0309
3 16 3.4106 -5.25 91.9691 3.9382 -5.25 90 3.4106 0 91.9691
3 16 3.4106 0 91.9691 3.9382 -5.25 90 3.9382 0 90
3 16 3.4106 0 91.9691 1.9691 0 93.4106 3.4106 -5.25 91.9691
3 16 3.4106 -5.25 91.9691 1.9691 0 93.4106 1.9691 -5.25 93.4106
3 16 1.9691 0 93.4106 0 0 90 0 0 93.9382
3 16 0 0 90 1.9691 0 93.4106 3.4106 0 91.9691
3 16 0 0 90 3.4106 0 91.9691 3.9382 0 90
3 16 0 0 90 3.9382 0 90 3.4106 0 88.0309
3 16 0 0 90 3.4106 0 88.0309 1.9691 0 86.5894
3 16 0 0 90 1.9691 0 86.5894 0 0 86.0618
3 16 0 0 90 0 0 86.0618 -1.9691 0 86.5894
3 16 0 0 90 -1.9691 0 86.5894 -3.4106 0 88.0309
3 16 0 0 90 -3.4106 0 88.0309 -3.9382 0 90
3 16 0 0 90 -3.9382 0 90 -3.4106 0 91.9691
3 16 0 0 90 -3.4106 0 91.9691 -1.9691 0 93.4106
3 16 0 0 90 -1.9691 0 93.4106 0 0 93.9382
3 16 0 -5.25 213.9382 1.9691 -5.25 213.4106 0 0 213.9382
3 16 0 0 213.9382 1.9691 -5.25 213.4106 1.9691 0 213.4106
3 16 -1.9691 -5.25 213.4106 0 -5.25 213.9382 -1.9691 0 213.4106
3 16 -1.9691 0 213.4106 0 -5.25 213.9382 0 0 213.9382
3 16 -3.4106 -5.25 211.9691 -1.9691 -5.25 213.4106 -3.4106 0 211.9691
3 16 -3.4106 0 211.9691 -1.9691 -5.25 213.4106 -1.9691 0 213.4106
3 16 -3.9382 -5.25 210 -3.4106 -5.25 211.9691 -3.9382 0 210
3 16 -3.9382 0 210 -3.4106 -5.25 211.9691 -3.4106 0 211.9691
3 16 -3.4106 -5.25 208.0309 -3.9382 -5.25 210 -3.4106 0 208.0309
3 16 -3.4106 0 208.0309 -3.9382 -5.25 210 -3.9382 0 210
3 16 -1.9691 -5.25 206.5894 -3.4106 -5.25 208.0309 -1.9691 0 206.5894
3 16 -1.9691 0 206.5894 -3.4106 -5.25 208.0309 -3.4106 0 208.0309
3 16 0 -5.25 206.0618 -1.9691 -5.25 206.5894 0 0 206.0618
3 16 0 0 206.0618 -1.9691 -5.25 206.5894 -1.9691 0 206.5894
3 16 1.9691 -5.25 206.5894 0 -5.25 206.0618 1.9691 0 206.5894
3 16 1.9691 0 206.5894 0 -5.25 206.0618 0 0 206.0618
3 16 3.4106 -5.25 208.0309 1.9691 -5.25 206.5894 3.4106 0 208.0309
3 16 3.4106 0 208.0309 1.9691 -5.25 206.5894 1.9691 0 206.5894
3 16 3.9382 -5.25 210 3.4106 -5.25 208.0309 3.9382 0 210
3 16 3.9382 0 210 3.4106 -5.25 208.0309 3.4106 0 208.0309
3 16 3.4106 -5.25 211.9691 3.9382 -5.25 210 3.4106 0 211.9691
3 16 3.4106 0 211.9691 3.9382 -5.25 210 3.9382 0 210
3 16 3.4106 0 211.9691 1.9691 0 213.4106 3.4106 -5.25 211.9691
3 16 3.4106 -5.25 211.9691 1.9691 0 213.4106 1.9691 -5.25 213.4106
3 16 1.9691 0 213.4106 0 0 210 0 0 213.9382
3 16 0 0 210 1.9691 0 213.4106 3.4106 0 211.9691
3 16 0 0 210 3.4106 0 211.9691 3.9382 0 210
3 16 0 0 210 3.9382 0 210 3.4106 0 208.0309
3 16 0 0 210 3.4106 0 208.0309 1.9691 0 206.5894
3 16 0 0 210 1.9691 0 206.5894 0 0 206.0618
3 16 0 0 210 0 0 206.0618 -1.9691 0 206.5894
3 16 0 0 210 -1.9691 0 206.5894 -3.4106 0 208.0309
3 16 0 0 210 -3.4106 0 208.0309 -3.9382 0 210
3 16 0 0 210 -3.9382 0 210 -3.4106 0 211.9691
3 16 0 0 210 -3.4106 0 211.9691 -1.9691 0 213.4106
3 16 0 0 210 -1.9691 0 213.4106 0 0 213.9382
3 16 140 -5.25 213.9382 141.9691 -5.25 213.4106 140 0 213.9382
3 16 140 0 213.9382 141.9691 -5.25 213.4106 141.9691 0 213.4106
3 16 138.0309 -5.25 213.4106 140 -5.25 213.9382 138.0309 0 213.4106
3 16 138.0309 0 213.4106 140 -5.25 213.9382 140 0 213.9382
3 16 136.5894 -5.25 211.9691 138.0309 -5.25 213.4106 136.5894 0 211.9691
3 16 136.5894 0 211.9691 138.0309 -5.25 213.4106 138.0309 0 213.4106
3 16 136.0618 -5.25 210 136.5894 -5.25 211.9691 136.0618 0 210
3 16 136.0618 0 210 136.5894 -5.25 211.9691 136.5894 0 211.9691
3 16 136.5894 -5.25 208.0309 136.0618 -5.25 210 136.5894 0 208.0309
3 16 136.5894 0 208.0309 136.0618 -5.25 210 136.0618 0 210
3 16 138.0309 -5.25 206.5894 136.5894 -5.25 208.0309 138.0309 0 206.5894
3 16 138.0309 0 206.5894 136.5894 -5.25 208.0309 136.5894 0 208.0309
3 16 140 -5.25 206.0618 138.0309 -5.25 206.5894 140 0 206.0618
3 16 140 0 206.0618 138.0309 -5.25 206.5894 138.0309 0 206.5894
3 16 141.9691 -5.25 206.5894 140 -5.25 206.0618 141.9691 0 206.5894
3 16 141.9691 0 206.5894 140 -5.25 206.0618 140 0 206.0618
3 16 143.4106 -5.25 208.0309 141.9691 -5.25 206.5894 143.4106 0 208.0309
3 16 143.4106 0 208.0309 141.9691 -5.25 206.5894 141.9691 0 206.5894
3 16 143.9382 -5.25 210 143.4106 -5.25 208.0309 143.9382 0 210
3 16 143.9382 0 210 143.4106 -5.25 208.0309 143.4106 0 208.0309
3 16 143.4106 -5.25 211.9691 143.9382 -5.25 210 143.4106 0 211.9691
3 16 143.4106 0 211.9691 143.9382 -5.25 210 143.9382 0 210
3 16 143.4106 0 211.9691 141.9691 0 213.4106 143.4106 -5.25 211.9691
3 16 143.4106 -5.25 211.9691 141.9691 0 213.4106 141.9691 -5.25 213.4106
3 16 141.9691 0 213.4106 140 0 210 140 0 213.9382
3 16 140 0 210 141.9691 0 213.4106 143.4106 0 211.9691
3 16 140 0 210 143.4106 0 211.9691 143.9382 0 210
3 16 140 0 210 143.9382 0 210 143.4106 0 208.0309
3 16 140 0 210 143.4106 0 208.0309 141.9691 0 206.5894
3 16 140 0 210 141.9691 0 206.5894 140 0 206.0618
3 16 140 0 210 140 0 206.0618 138.0309 0 206.5894
3 16 140 0 210 138.0309 0 206.5894 136.5894 0 208.0309
3 16 140 0 210 136.5894 0 208.0309 136.0618 0 210
3 16 140 0 210 136.0618 0 210 136.5894 0 211.9691
3 16 140 0 210 136.5894 0 211.9691 138.0309 0 213.4106
3 16 140 0 210 138.0309 0 213.4106 140 0 213.9382
3 16 140 -5.25 253.9382 141.9691 -5.25 253.4106 140 0 253.9382
3 16 140 0 253.9382 141.9691 -5.25 253.4106 141.9691 0 253.4106
3 16 138.0309 -5.25 253.4106 140 -5.25 253.9382 138.0309 0 253.4106
3 16 138.0309 0 253.4106 140 -5.25 253.9382 140 0 253.9382
3 16 136.5894 -5.25 251.9691 138.0309 -5.25 253.4106 136.5894 0 251.9691
3 16 136.5894 0 251.9691 138.0309 -5.25 253.4106 138.0309 0 253.4106
3 16 136.0618 -5.25 250 136.5894 -5.25 251.9691 136.0618 0 250
3 16 136.0618 0 250 136.5894 -5.25 251.9691 136.5894 0 251.9691
3 16 136.5894 -5.25 248.0309 136.0618 -5.25 250 136.5894 0 248.0309
3 16 136.5894 0 248.0309 136.0618 -5.25 250 136.0618 0 250
3 16 138.0309 -5.25 246.5894 136.5894 -5.25 248.0309 138.0309 0 246.5894
3 16 138.0309 0 246.5894 136.5894 -5.25 248.0309 136.5894 0 248.0309
3 16 140 -5.25 246.0618 138.0309 -5.25 246.5894 140 0 246.0618
3 16 140 0 246.0618 138.0309 -5.25 246.5894 138.0309 0 246.5894
3 16 141.9691 -5.25 246.5894 140 -5.25 246.0618 141.9691 0 246.5894
3 16 141.9691 0 246.5894 140 -5.25 246.0618 140 0 246.0618
3 16 143.4106 -5.25 248.0309 141.9691 -5.25 246.5894 143.4106 0 248.0309
3 16 143.4106 0 248.0309 141.9691 -5.25 246.5894 141.9691 0 246.5894
3 16 143.9382 -5.25 250 143.4106 -5.25 248.0309 143.9382 0 250
3 16 143.9382 0 250 143.4106 -5.25 248.0309 143.4106 0 248.0309
3 16 143.4106 -5.25 251.9691 143.9382 -5.25 250 143.4106 0 251.9691
3 16 143.4106 0 251.9691 143.9382 -5.25 250 143.9382 0 250
3 16 143.4106 0 251.9691 141.9691 0 253.4106 143.4106 -5.25 251.9691
3 16 143.4106 -5.25 251.9691 141.9691 0 253.4106 141.9691 -5.25 253.4106
3 16 141.9691 0 253.4106 140 0 250 140 0 253.9382
3 16 140 0 250 141.9691 0 253.4106 143.4106 0 251.9691
3 16 140 0 250 143.4106 0 251.9691 143.9382 0 250
3 16 140 0 250 143.9382 0 250 143.4106 0 248.0309
3 16 140 0 250 143.4106 0 248.0309 141.9691 0 246.5894
3 16 140 0 250 141.9691 0 246.5894 140 0 246.0618
3 16 140 0 250 140 0 246.0618 138.0309 0 246.5894
3 16 140 0 250 138.0309 0 246.5894 136.5894 0 248.0309
3 16 140 0 250 136.5894 0 248.0309 136.0618 0 250
3 16 140 0 250 136.0618 0 250 136.5894 0 251.9691
3 16 140 0 250 136.5894 0 251.9691 138.0309 0 253.4106
3 16 140 0 250 138.0309 0 253.4106 140 0 253.9382
3 16 140 -5.25 93.9382 141.9691 -5.25 93.4106 140 0 93.9382
3 16 140 0 93.9382 141.9691 -5.25 93.4106 141.9691 0 93.4106
3 16 138.0309 -5.25 93.4106 140 -5.25 93.9382 138.0309 0 93.4106
3 16 138.0309 0 93.4106 140 -5.25 93.9382 140 0 93.9382
3 16 136.5894 -5.25 91.9691 138.0309 -5.25 93.4106 136.5894 0 91.9691
3 16 136.5894 0 91.9691 138.0309 -5.25 93.4106 138.0309 0 93.4106
3 16 136.0618 -5.25 90 136.5894 -5.25 91.9691 136.0618 0 90
3 16 136.0618 0 90 136.5894 -5.25 91.9691 136.5894 0 91.9691
3 16 136.5894 -5.25 88.0309 136.0618 -5.25 90 136.5894 0 88.0309
3 16 136.5894 0 88.0309 136.0618 -5.25 90 136.0618 0 90
3 16 138.0309 -5.25 86.5894 136.5894 -5.25 88.0309 138.0309 0 86.5894
3 16 138.0309 0 86.5894 136.5894 -5.25 88.0309 136.5894 0 88.0309
3 16 140 -5.25 86.0618 138.0309 -5.25 86.5894 140 0 86.0618
3 16 140 0 86.0618 138.0309 -5.25 86.5894 138.0309 0 86.5894
3 16 141.9691 -5.25 86.5894 140 -5.25 86.0618 141.9691 0 86.5894
3 16 141.9691 0 86.5894 140 -5.25 86.0618 140 0 86.0618
3 16 143.4106 -5.25 88.0309 141.9691 -5.25 86.5894 143.4106 0 88.0309
3 16 143.4106 0 88.0309 141.9691 -5.25 86.5894 141.9691 0 86.5894
3 16 143.9382 -5.25 90 143.4106 -5.25 88.0309 143.9382 0 90
3 16 143.9382 0 90 143.4106 -5.25 88.0309 143.4106 0 88.0309
3 16 143.4106 -5.25 91.9691 143.9382 -5.25 90 143.4106 0 91.9691
3 16 143.4106 0 91.9691 143.9382 -5.25 90 143.9382 0 90
3 16 143.4106 0 91.9691 141.9691 0 93.4106 143.4106 -5.25 91.9691
3 16 143.4106 -5.25 91.9691 141.9691 0 93.4106 141.9691 -5.25 93.4106
3 16 141.9691 0 93.4106 140 0 90 140 0 93.9382
3 16 140 0 90 141.9691 0 93.4106 143.4106 0 91.9691
3 16 140 0 90 143.4106 0 91.9691 143.9382 0 90
3 16 140 0 90 143.9382 0 90 143.4106 0 88.0309
3 16 140 0 90 143.4106 0 88.0309 141.9691 0 86.5894
3 16 140 0 90 141.9691 0 86.5894 140 0 86.0618
3 16 140 0 90 140 0 86.0618 138.0309 0 86.5894
3 16 140 0 90 138.0309 0 86.5894 136.5894 0 88.0309
3 16 140 0 90 136.5894 0 88.0309 136.0618 0 90
3 16 140 0 90 136.0618 0 90 136.5894 0 91.9691
3 16 140 0 90 136.5894 0 91.9691 138.0309 0 93.4106
3 16 140 0 90 138.0309 0 93.4106 140 0 93.9382
3 16 0 -5.25 53.9382 1.9691 -5.25 53.4106 0 0 53.9382
3 16 0 0 53.9382 1.9691 -5.25 53.4106 1.9691 0 53.4106
3 16 -1.9691 -5.25 53.4106 0 -5.25 53.9382 -1.9691 0 53.4106
3 16 -1.9691 0 53.4106 0 -5.25 53.9382 0 0 53.9382
3 16 -3.4106 -5.25 51.9691 -1.9691 -5.25 53.4106 -3.4106 0 51.9691
3 16 -3.4106 0 51.9691 -1.9691 -5.25 53.4106 -1.9691 0 53.4106
3 16 -3.9382 -5.25 50 -3.4106 -5.25 51.9691 -3.9382 0 50
3 16 -3.9382 0 50 -3.4106 -5.25 51.9691 -3.4106 0 51.9691
3 16 -3.4106 -5.25 48.0309 -3.9382 -5.25 50 -3.4106 0 48.0309
3 16 -3.4106 0 48.0309 -3.9382 -5.25 50 -3.9382 0 50
3 16 -1.9691 -5.25 46.5894 -3.4106 -5.25 48.0309 -1.9691 0 46.5894
3 16 -1.9691 0 46.5894 -3.4106 -5.25 48.0309 -3.4106 0 48.0309
3 16 0 -5.25 46.0618 -1.9691 -5.25 46.5894 0 0 46.0618
3 16 0 0 46.0618 -1.9691 -5.25 46.5894 -1.9691 0 46.5894
3 16 1.9691 -5.25 46.5894 0 -5.25 46.0618 1.9691 0 46.5894
3 16 1.9691 0 46.5894 0 -5.25 46.0618 0 0 46.0618
3 16 3.4106 -5.25 48.0309 1.9691 -5.25 46.5894 3.4106 0 48.0309
3 16 3.4106 0 48.0309 1.9691 -5.25 46.5894 1.9691 0 46.5894
3 16 3.9382 -5.25 50 3.4106 -5.25 48.0309 3.9382 0 50
3 16 3.9382 0 50 3.4106 -5.25 48.0309 3.4106 0 48.0309
3 16 3.4106 -5.25 51.9691 3.9382 -5.25 50 3.4106 0 51.9691
3 16 3.4106 0 51.9691 3.9382 -5.25 50 3.9382 0 50
3 16 3.4106 0 51.9691 1.9691 0 53.4106 3.4106 -5.25 51.9691
3 16 3.4106 -5.25 51.9691 1.9691 0 53.4106 1.9691 -5.25 53.4106
3 16 1.9691 0 53.4106 0 0 50 0 0 53.9382
3 16 0 0 50 1.9691 0 53.4106 3.4106 0 51.9691
3 16 0 0 50 3.4106 0 51.9691 3.9382 0 50
3 16 0 0 50 3.9382 0 50 3.4106 0 48.0309
3 16 0 0 50 3.4106 0 48.0309 1.9691 0 46.5894
3 16 0 0 50 1.9691 0 46.5894 0 0 46.0618
3 16 0 0 50 0 0 46.0618 -1.9691 0 46.5894
3 16 0 0 50 -1.9691 0 46.5894 -3.4106 0 48.0309
3 16 0 0 50 -3.4106 0 48.0309 -3.9382 0 50
3 16 0 0 50 -3.9382 0 50 -3.4106 0 51.9691
3 16 0 0 50 -3.4106 0 51.9691 -1.9691 0 53.4106
3 16 0 0 50 -1.9691 0 53.4106 0 0 53.9382
3 16 0 -5.25 233.9382 1.9691 -5.25 233.4106 0 0 233.9382
3 16 0 0 233.9382 1.9691 -5.25 233.4106 1.9691 0 233.4106
3 16 -1.9691 -5.25 233.4106 0 -5.25 233.9382 -1.9691 0 233.4106
3 16 -1.9691 0 233.4106 0 -5.25 233.9382 0 0 233.9382
3 16 -3.4106 -5.25 231.9691 -1.9691 -5.25 233.4106 -3.4106 0 231.9691
3 16 -3.4106 0 231.9691 -1.9691 -5.25 233.4106 -1.9691 0 233.4106
3 16 -3.9382 -5.25 230 -3.4106 -5.25 231.9691 -3.9382 0 230
3 16 -3.9382 0 230 -3.4106 -5.25 231.9691 -3.4106 0 231.9691
3 16 -3.4106 -5.25 228.0309 -3.9382 -5.25 230 -3.4106 0 228.0309
3 16 -3.4106 0 228.0309 -3.9382 -5.25 230 -3.9382 0 230
3 16 -1.9691 -5.25 226.5894 -3.4106 -5.25 228.0309 -1.9691 0 226.5894
3 16 -1.9691 0 226.5894 -3.4106 -5.25 228.0309 -3.4106 0 228.0309
3 16 0 -5.25 226.0618 -1.9691 -5.25 226.5894 0 0 226.0618
3 16 0 0 226.0618 -1.9691 -5.25 226.5894 -1.9691 0 226.5894
3 16 1.9691 -5.25 226.5894 0 -5.25 226.0618 1.9691 0 226.5894
3 16 1.9691 0 226.5894 0 -5.25 226.0618 0 0 226.0618
3 16 3.4106 -5.25 228.0309 1.9691 -5.25 226.5894 3.4106 0 228.0309
3 16 3.4106 0 228.0309 1.9691 -5.25 226.5894 1.9691 0 226.5894
3 16 3.9382 -5.25 230 3.4106 -5.25 228.0309 3.9382 0 230
3 16 3.9382 0 230 3.4106 -5.25 228.0309 3.4106 0 228.0309
3 16 3.4106 -5.25 231.9691 3.9382 -5.25 230 3.4106 0 231.9691
3 16 3.4106 0 231.9691 3.9382 -5.25 230 3.9382 0 230
3 16 3.4106 0 231.9691 1.9691 0 233.4106 3.4106 -5.25 231.9691
3 16 3.4106 -5.25 231.9691 1.9691 0 233.4106 1.9691 -5.25 233.4106
3 16 1.9691 0 233.4106 0 0 230 0 0 233.9382
3 16 0 0 230 1.9691 0 233.4106 3.4106 0 231.9691
3 16 0 0 230 3.4106 0 231.9691 3.9382 0 230
3 16 0 0 230 3.9382 0 230 3.4106 0 228.0309
3 16 0 0 230 3.4106 0 228.0309 1.9691 0 226.5894
3 16 0 0 230 1.9691 0 226.5894 0 0 226.0618
3 16 0 0 230 0 0 226.0618 -1.9691 0 226.5894
3 16 0 0 230 -1.9691 0 226.5894 -3.4106 0 228.0309
3 16 0 0 230 -3.4106 0 228.0309 -3.9382 0 230
3 16 0 0 230 -3.9382 0 230 -3.4106 0 231.9691
3 16 0 0 230 -3.4106 0 231.9691 -1.9691 0 233.4106
3 16 0 0 230 -1.9691 0 233.4106 0 0 233.9382
3 16 140 -5.25 73.9382 141.9691 -5.25 73.4106 140 0 73.9382
3 16 140 0 73.9382 141.9691 -5.25 73.4106 141.9691 0 73.4106
3 16 138.0309 -5.25 73.4106 140 -5.25 73.9382 138.0309 0 73.4106
3 16 138.0309 0 73.4106 140 -5.25 73.9382 140 0 73.9382
3 16 136.5894 -5.25 71.9691 138.0309 -5.25 73.4106 136.5894 0 71.9691
3 16 136.5894 0 71.9691 138.0309 -5.25 73.4106 138.0309 0 73.4106
3 16 136.0618 -5.25 70 136.5894 -5.25 71.9691 136.0618 0 70
3 16 136.0618 0 70 136.5894 -5.25 71.9691 136.5894 0 71.9691
3 16 136.5894 -5.25 68.0309 136.0618 -5.25 70 136.5894 0 68.0309
3 16 136.5894 0 68.0309 136.0618 -5.25 70 136.0618 0 70
3 16 138.0309 -5.25 66.5894 136.5894 -5.25 68.0309 138.0309 0 66.5894
3 16 138.0309 0 66.5894 136.5894 -5.25 68.0309 136.5894 0 68.0309
3 16 140 -5.25 66.0618 138.0309 -5.25 66.5894 140 0 66.0618
3 16 140 0 66.0618 138.0309 -5.25 66.5894 138.0309 0 66.5894
3 16 141.9691 -5.25 66.5894 140 -5.25 66.0618 141.9691 0 66.5894
3 16 141.9691 0 66.5894 140 -5.25 66.0618 140 0 66.0618
3 16 143.4106 -5.25 68.0309 141.9691 -5.25 66.5894 143.4106 0 68.0309
3 16 143.4106 0 68.0309 141.9691 -5.25 66.5894 141.9691 0 66.5894
3 16 143.9382 -5.25 70 143.4106 -5.25 68.0309 143.9382 0 70
3 16 143.9382 0 70 143.4106 -5.25 68.0309 143.4106 0 68.0309
3 16 143.4106 -5.25 71.9691 143.9382 -5.25 70 143.4106 0 71.9691
3 16 143.4106 0 71.9691 143.9382 -5.25 70 143.9382 0 70
3 16 143.4106 0 71.9691 141.9691 0 73.4106 143.4106 -5.25 71.9691
3 16 143.4106 -5.25 71.9691 141.9691 0 73.4106 141.9691 -5.25 73.4106
3 16 141.9691 0 73.4106 140 0 70 140 0 73.9382
3 16 140 0 70 141.9691 0 73.4106 143.4106 0 71.9691
3 16 140 0 70 143.4106 0 71.9691 143.9382 0 70
3 16 140 0 70 143.9382 0 70 143.4106 0 68.0309
3 16 140 0 70 143.4106 0 68.0309 141.9691 0 66.5894
3 16 140 0 70 141.9691 0 66.5894 140 0 66.0618
3 16 140 0 70 140 0 66.0618 138.0309 0 66.5894
3 16 140 0 70 138.0309 0 66.5894 136.5894 0 68.0309
3 16 140 0 70 136.5894 0 68.0309 136.0618 0 70
3 16 140 0 70 136.0618 0 70 136.5894 0 71.9691
3 16 140 0 70 136.5894 0 71.9691 138.0309 0 73.4106
3 16 140 0 70 138.0309 0 73.4106 140 0 73.9382
3 16 0 -5.25 253.9382 1.9691 -5.25 253.4106 0 0 253.9382
3 16 0 0 253.9382 1.9691 -5.25 253.4106 1.9691 0 253.4106
3 16 -1.9691 -5.25 253.4106 0 -5.25 253.9382 -1.9691 0 253.4106
3 16 -1.9691 0 253.4106 0 -5.25 253.9382 0 0 253.9382
3 16 -3.4106 -5.25 251.9691 -1.9691 -5.25 253.4106 -3.4106 0 251.9691
3 16 -3.4106 0 251.9691 -1.9691 -5.25 253.4106 -1.9691 0 253.4106
3 16 -3.9382 -5.25 250 -3.4106 -5.25 251.9691 -3.9382 0 250
3 16 -3.9382 0 250 -3.4106 -5.25 251.9691 -3.4106 0 251.9691
3 16 -3.4106 -5.25 248.0309 -3.9382 -5.25 250 -3.4106 0 248.0309
3 16 -3.4106 0 248.0309 -3.9382 -5.25 250 -3.9382 0 250
3 16 -1.9691 -5.25 246.5894 -3.4106 -5.25 248.0309 -1.9691 0 246.5894
3 16 -1.9691 0 246.5894 -3.4106 -5.25 248.0309 -3.4106 0 248.0309
3 16 0 -5.25 246.0618 -1.9691 -5.25 246.5894 0 0 246.0618
3 16 0 0 246.0618 -1.9691 -5.25 246.5894 -1.9691 0 246.5894
3 16 1.9691 -5.25 246.5894 0 -5.25 246.0618 1.9691 0 246.5894
3 16 1.9691 0 246.5894 0 -5.25 246.0618 0 0 246.0618
3 16 3.4106 -5.25 248.0309 1.9691 -5.25 246.5894 3.4106 0 248.0309
3 16 3.4106 0 248.0309 1.9691 -5.25 246.5894 1.9691 0 246.5894
3 16 3.9382 -5.25 250 3.4106 -5.25 248.0309 3.9382 0 250
3 16 3.9382 0 250 3.4106 -5.25 248.0309 3.4106 0 248.0309
3 16 3.4106 -5.25 251.9691 3.9382 -5.25 250 3.4106 0 251.9691
3 16 3.4106 0 251.9691 3.9382 -5.25 250 3.9382 0 250
3 16 3.4106 0 251.9691 1.9691 0 253.4106 3.4106 -5.25 251.9691
3 16 3.4106 -5.25 251.9691 1.9691 0 253.4106 1.9691 -5.25 253.4106
3 16 1.9691 0 253.4106 0 0 250 0 0 253.9382
3 16 0 0 250 1.9691 0 253.4106 3.4106 0 251.9691
3 16 0 0 250 3.4106 0 251.9691 3.9382 0 250
3 16 0 0 250 3.9382 0 250 3.4106 0 248.0309
3 16 0 0 250 3.4106 0 248.0309 1.9691 0 246.5894
3 16 0 0 250 1.9691 0 246.5894 0 0 246.0618
3 16 0 0 250 0 0 246.0618 -1.9691 0 246.5894
3 16 0 0 250 -1.9691 0 246.5894 -3.4106 0 248.0309
3 16 0 0 250 -3.4106 0 248.0309 -3.9382 0 250
3 16 0 0 250 -3.9382 0 250 -3.4106 0 251.9691
3 16 0 0 250 -3.4106 0 251.9691 -1.9691 0 253.4106
3 16 0 0 250 -1.9691 0 253.4106 0 0 253.9382
3 16 0 -5.25 73.9382 1.9691 -5.25 73.4106 0 0 73.9382
3 16 0 0 73.9382 1.9691 -5.25 73.4106 1.9691 0 73.4106
3 16 -1.9691 -5.25 73.4106 0 -5.25 73.9382 -1.9691 0 73.4106
3 16 -1.9691 0 73.4106 0 -5.25 73.9382 0 0 73.9382
3 16 -3.4106 -5.25 71.9691 -1.9691 -5.25 73.4106 -3.4106 0 71.9691
3 16 -3.4106 0 71.9691 -1.9691 -5.25 73.4106 -1.9691 0 73.4106
3 16 -3.9382 -5.25 70 -3.4106 -5.25 71.9691 -3.9382 0 70
3 16 -3.9382 0 70 -3.4106 -5.25 71.9691 -3.4106 0 71.9691
3 16 -3.4106 -5.25 68.0309 -3.9382 -5.25 70 -3.4106 0 68.0309
3 16 -3.4106 0 68.0309 -3.9382 -5.25 70 -3.9382 0 70
3 16 -1.9691 -5.25 66.5894 -3.4106 -5.25 68.0309 -1.9691 0 66.5894
3 16 -1.9691 0 66.5894 -3.4106 -5.25 68.0309 -3.4106 0 68.0309
3 16 0 -5.25 66.0618 -1.9691 -5.25 66.5894 0 0 66.0618
3 16 0 0 66.0618 -1.9691 -5.25 66.5894 -1.9691 0 66.5894
3 16 1.9691 -5.25 66.5894 0 -5.25 66.0618 1.9691 0 66.5894
3 16 1.9691 0 66.5894 0 -5.25 66.0618 0 0 66.0618
3 16 3.4106 -5.25 68.0309 1.9691 -5.25 66.5894 3.4106 0 68.0309
3 16 3.4106 0 68.0309 1.9691 -5.25 66.5894 1.9691 0 66.5894
3 16 3.9382 -5.25 70 3.4106 -5.25 68.0309 3.9382 0 70
3 16 3.9382 0 70 3.4106 -5.25 68.0309 3.4106 0 68.0309
3 16 3.4106 -5.25 71.9691 3.9382 -5.25 70 3.4106 0 71.9691
3 16 3.4106 0 71.9691 3.9382 -5.25 70 3.9382 0 70
3 16 3.4106 0 71.9691 1.9691 0 73.4106 3.4106 -5.25 71.9691
3 16 3.4106 -5.25 71.9691 1.9691 0 73.4106 1.9691 -5.25 73.4106
3 16 1.9691 0 73.4106 0 0 70 0 0 73.9382
3 16 0 0 70 1.9691 0 73.4106 3.4106 0 71.9691
3 16 0 0 70 3.4106 0 71.9691 3.9382 0 70
3 16 0 0 70 3.9382 0 70 3.4106 0 68.0309
3 16 0 0 70 3.4106 0 68.0309 1.9691 0 66.5894
3 16 0 0 70 1.9691 0 66.5894 0 0 66.0618
3 16 0 0 70 0 0 66.0618 -1.9691 0 66.5894
3 16 0 0 70 -1.9691 0 66.5894 -3.4106 0 68.0309
3 16 0 0 70 -3.4106 0 68.0309 -3.9382 0 70
3 16 0 0 70 -3.9382 0 70 -3.4106 0 71.9691
3 16 0 0 70 -3.4106 0 71.9691 -1.9691 0 73.4106
3 16 0 0 70 -1.9691 0 73.4106 0 0 73.9382
3 16 140 -12.45 40 136.874 -12.45 45.4144 134.5856 -12.45 43.126
3 16 134.5856 -12.45 43.126 133.748 -12.45 40 140 -12.45 40
3 16 133.748 -12.45 40 134.5856 -12.45 36.874 140 -12.45 40
3 16 134.5856 -12.45 36.874 136.874 -12.45 34.5856 140 -12.45 40
3 16 136.874 -12.45 34.5856 140 -12.45 33.748 140 -12.45 40
3 16 140 -12.45 33.748 143.126 -12.45 34.5856 140 -12.45 40
3 16 143.126 -12.45 34.5856 145.4144 -12.45 36.874 140 -12.45 40
3 16 145.4144 -12.45 36.874 146.252 -12.45 40 140 -12.45 40
3 16 146.252 -12.45 40 145.4144 -12.45 43.126 140 -12.45 40
3 16 145.4144 -12.45 43.126 143.126 -12.45 45.4144 140 -12.45 40
3 16 143.126 -12.45 45.4144 140 -12.45 46.252 140 -12.45 40
3 16 140 -12.45 46.252 136.874 -12.45 45.4144 140 -12.45 40
3 16 136.874 -8 45.4144 134.5856 -8 43.126 136.874 -12.45 45.4144
3 16 136.874 -12.45 45.4144 134.5856 -8 43.126 134.5856 -12.45 43.126
3 16 134.5856 -8 43.126 133.748 -8 40 134.5856 -12.45 43.126
3 16 134.5856 -12.45 43.126 133.748 -8 40 133.748 -12.45 40
3 16 133.748 -8 40 134.5856 -8 36.874 133.748 -12.45 40
3 16 133.748 -12.45 40 134.5856 -8 36.874 134.5856 -12.45 36.874
3 16 134.5856 -8 36.874 136.874 -8 34.5856 134.5856 -12.45 36.874
3 16 134.5856 -12.45 36.874 136.874 -8 34.5856 136.874 -12.45 34.5856
3 16 136.874 -8 34.5856 140 -8 33.748 136.874 -12.45 34.5856
3 16 136.874 -12.45 34.5856 140 -8 33.748 140 -12.45 33.748
3 16 140 -8 33.748 143.126 -8 34.5856 140 -12.45 33.748
3 16 140 -12.45 33.748 143.126 -8 34.5856 143.126 -12.45 34.5856
3 16 143.126 -8 34.5856 145.4144 -8 36.874 143.126 -12.45 34.5856
3 16 143.126 -12.45 34.5856 145.4144 -8 36.874 145.4144 -12.45 36.874
3 16 145.4144 -8 36.874 146.252 -8 40 145.4144 -12.45 36.874
3 16 145.4144 -12.45 36.874 146.252 -8 40 146.252 -12.45 40
3 16 146.252 -8 40 145.4144 -8 43.126 146.252 -12.45 40
3 16 146.252 -12.45 40 145.4144 -8 43.126 145.4144 -12.45 43.126
3 16 145.4144 -8 43.126 143.126 -8 45.4144 145.4144 -12.45 43.126
3 16 145.4144 -12.45 43.126 143.126 -8 45.4144 143.126 -12.45 45.4144
3 16 143.126 -8 45.4144 140 -8 46.252 143.126 -12.45 45.4144
3 16 143.126 -12.45 45.4144 140 -8 46.252 140 -12.45 46.252
3 16 140 -8 46.252 136.874 -8 45.4144 140 -12.45 46.252
3 16 140 -12.45 46.252 136.874 -8 45.4144 136.874 -12.45 45.4144
3 16 0 -12.45 80 -3.126 -12.45 85.4144 -5.4144 -12.45 83.126
3 16 -5.4144 -12.45 83.126 -6.252 -12.45 80 0 -12.45 80
3 16 -6.252 -12.45 80 -5.4144 -12.45 76.874 0 -12.45 80
3 16 -5.4144 -12.45 76.874 -3.126 -12.45 74.5856 0 -12.45 80
3 16 -3.126 -12.45 74.5856 0 -12.45 73.748 0 -12.45 80
3 16 0 -12.45 73.748 3.126 -12.45 74.5856 0 -12.45 80
3 16 3.126 -12.45 74.5856 5.4144 -12.45 76.874 0 -12.45 80
3 16 5.4144 -12.45 76.874 6.252 -12.45 80 0 -12.45 80
3 16 6.252 -12.45 80 5.4144 -12.45 83.126 0 -12.45 80
3 16 5.4144 -12.45 83.126 3.126 -12.45 85.4144 0 -12.45 80
3 16 3.126 -12.45 85.4144 0 -12.45 86.252 0 -12.45 80
3 16 0 -12.45 86.252 -3.126 -12.45 85.4144 0 -12.45 80
3 16 -3.126 -8 85.4144 -5.4144 -8 83.126 -3.126 -12.45 85.4144
3 16 -3.126 -12.45 85.4144 -5.4144 -8 83.126 -5.4144 -12.45 83.126
3 16 -5.4144 -8 83.126 -6.252 -8 80 -5.4144 -12.45 83.126
3 16 -5.4144 -12.45 83.126 -6.252 -8 80 -6.252 -12.45 80
3 16 -6.252 -8 80 -5.4144 -8 76.874 -6.252 -12.45 80
3 16 -6.252 -12.45 80 -5.4144 -8 76.874 -5.4144 -12.45 76.874
3 16 -5.4144 -8 76.874 -3.126 -8 74.5856 -5.4144 -12.45 76.874
3 16 -5.4144 -12.45 76.874 -3.126 -8 74.5856 -3.126 -12.45 74.5856
3 16 -3.126 -8 74.5856 0 -8 73.748 -3.126 -12.45 74.5856
3 16 -3.126 -12.45 74.5856 0 -8 73.748 0 -12.45 73.748
3 16 0 -8 73.748 3.126 -8 74.5856 0 -12.45 73.748
3 16 0 -12.45 73.748 3.126 -8 74.5856 3.126 -12.45 74.5856
3 16 3.126 -8 74.5856 5.4144 -8 76.874 3.126 -12.45 74.5856
3 16 3.126 -12.45 74.5856 5.4144 -8 76.874 5.4144 -12.45 76.874
3 16 5.4144 -8 76.874 6.252 -8 80 5.4144 -12.45 76.874
3 16 5.4144 -12.45 76.874 6.252 -8 80 6.252 -12.45 80
3 16 6.252 -8 80 5.4144 -8 83.126 6.252 -12.45 80
3 16 6.252 -12.45 80 5.4144 -8 83.126 5.4144 -12.45 83.126
3 16 5.4144 -8 83.126 3.126 -8 85.4144 5.4144 -12.45 83.126
3 16 5.4144 -12.45 83.126 3.126 -8 85.4144 3.126 -12.45 85.4144
3 16 3.126 -8 85.4144 0 -8 86.252 3.126 -12.45 85.4144
3 16 3.126 -12.45 85.4144 0 -8 86.252 0 -12.45 86.252
3 16 0 -8 86.252 -3.126 -8 85.4144 0 -12.45 86.252
3 16 0 -12.45 86.252 -3.126 -8 85.4144 -3.126 -12.45 85.4144
3 16 0 -12.45 220 -3.126 -12.45 225.4144 -5.4144 -12.45 223.126
3 16 -5.4144 -12.45 223.126 -6.252 -12.45 220 0 -12.45 220
3 16 -6.252 -12.45 220 -5.4144 -12.45 216.874 0 -12.45 220
3 16 -5.4144 -12.45 216.874 -3.126 -12.45 214.5856 0 -12.45 220
3 16 -3.126 -12.45 214.5856 0 -12.45 213.748 0 -12.45 220
3 16 0 -12.45 213.748 3.126 -12.45 214.5856 0 -12.45 220
3 16 3.126 -12.45 214.5856 5.4144 -12.45 216.874 0 -12.45 220
3 16 5.4144 -12.45 216.874 6.252 -12.45 220 0 -12.45 220
3 16 6.252 -12.45 220 5.4144 -12.45 223.126 0 -12.45 220
3 16 5.4144 -12.45 223.126 3.126 -12.45 225.4144 0 -12.45 220
3 16 3.126 -12.45 225.4144 0 -12.45 226.252 0 -12.45 220
3 16 0 -12.45 226.252 -3.126 -12.45 225.4144 0 -12.45 220
3 16 -3.126 -8 225.4144 -5.4144 -8 223.126 -3.126 -12.45 225.4144
3 16 -3.126 -12.45 225.4144 -5.4144 -8 223.126 -5.4144 -12.45 223.126
3 16 -5.4144 -8 223.126 -6.252 -8 220 -5.4144 -12.45 223.126
3 16 -5.4144 -12.45 223.126 -6.252 -8 220 -6.252 -12.45 220
3 16 -6.252 -8 220 -5.4144 -8 216.874 -6.252 -12.45 220
3 16 -6.252 -12.45 220 -5.4144 -8 216.874 -5.4144 -12.45 216.874
3 16 -5.4144 -8 216.874 -3.126 -8 214.5856 -5.4144 -12.45 216.874
3 16 -5.4144 -12.45 216.874 -3.126 -8 214.5856 -3.126 -12.45 214.5856
3 16 -3.126 -8 214.5856 0 -8 213.748 -3.126 -12.45 214.5856
3 16 -3.126 -12.45 214.5856 0 -8 213.748 0 -12.45 213.748
3 16 0 -8 213.748 3.126 -8 214.5856 0 -12.45 213.748
3 16 0 -12.45 213.748 3.126 -8 214.5856 3.126 -12.45 214.5856
3 16 3.126 -8 214.5856 5.4144 -8 216.874 3.126 -12.45 214.5856
3 16 3.126 -12.45 214.5856 5.4144 -8 216.874 5.4144 -12.45 216.874
3 16 5.4144 -8 216.874 6.252 -8 220 5.4144 -12.45 216.874
3 16 5.4144 -12.45 216.874 6.252 -8 220 6.252 -12.45 220
3 16 6.252 -8 220 5.4144 -8 223.126 6.252 -12.45 220
3 16 6.252 -12.45 220 5.4144 -8 223.126 5.4144 -12.45 223.126
3 16 5.4144 -8 223.126 3.126 -8 225.4144 5.4144 -12.45 223.126
3 16 5.4144 -12.45 223.126 3.126 -8 225.4144 3.126 -12.45 225.4144
3 16 3.126 -8 225.4144 0 -8 226.252 3.126 -12.45 225.4144
3 16 3.126 -12.45 225.4144 0 -8 226.252 0 -12.45 226.252
3 16 0 -8 226.252 -3.126 -8 225.4144 0 -12.45 226.252
3 16 0 -12.45 226.252 -3.126 -8 225.4144 -3.126 -12.45 225.4144
3 16 60 -12.45 0 56.874 -12.45 5.4144 54.5856 -12.45 3.126
3 16 54.5856 -12.45 3.126 53.748 -12.45 0 60 -12.45 0
3 16 53.748 -12.45 0 54.5856 -12.45 -3.126 60 -12.45 0
3 16 54.5856 -12.45 -3.126 56.874 -12.45 -5.4144 60 -12.45 0
3 16 56.874 -12.45 -5.4144 60 -12.45 -6.252 60 -12.45 0
3 16 60 -12.45 -6.252 63.126 -12.45 -5.4144 60 -12.45 0
3 16 63.126 -12.45 -5.4144 65.4144 -12.45 -3.126 60 -12.45 0
3 16 65.4144 -12.45 -3.126 66.252 -12.45 0 60 -12.45 0
3 16 66.252 -12.45 0 65.4144 -12.45 3.126 60 -12.45 0
3 16 65.4144 -12.45 3.126 63.126 -12.45 5.4144 60 -12.45 0
3 16 63.126 -12.45 5.4144 60 -12.45 6.252 60 -12.45 0
3 16 60 -12.45 6.252 56.874 -12.45 5.4144 60 -12.45 0
3 16 56.874 -8 5.4144 54.5856 -8 3.126 56.874 -12.45 5.4144
3 16 56.874 -12.45 5.4144 54.5856 -8 3.126 54.5856 -12.45 3.126
3 16 54.5856 -8 3.126 53.748 -8 0 54.5856 -12.45 3.126
3 16 54.5856 -12.45 3.126 53.748 -8 0 53.748 -12.45 0
3 16 53.748 -8 0 54.5856 -8 -3.126 53.748 -12.45 0
3 16 53.748 -12.45 0 54.5856 -8 -3.126 54.5856 -12.45 -3.126
3 16 54.5856 -8 -3.126 56.874 -8 -5.4144 54.5856 -12.45 -3.126
3 16 54.5856 -12.45 -3.126 56.874 -8 -5.4144 56.874 -12.45 -5.4144
3 16 56.874 -8 -5.4144 60 -8 -6.252 56.874 -12.45 -5.4144
3 16 56.874 -12.45 -5.4144 60 -8 -6.252 60 -12.45 -6.252
3 16 60 -8 -6.252 63.126 -8 -5.4144 60 -12.45 -6.252
3 16 60 -12.45 -6.252 63.126 -8 -5.4144 63.126 -12.45 -5.4144
3 16 63.126 -8 -5.4144 65.4144 -8 -3.126 63.126 -12.45 -5.4144
3 16 63.126 -12.45 -5.4144 65.4144 -8 -3.126 65.4144 -12.45 -3.126
3 16 65.4144 -8 -3.126 66.252 -8 0 65.4144 -12.45 -3.126
3 16 65.4144 -12.45 -3.126 66.252 -8 0 66.252 -12.45 0
3 16 66.252 -8 0 65.4144 -8 3.126 66.252 -12.45 0
3 16 66.252 -12.45 0 65.4144 -8 3.126 65.4144 -12.45 3.126
3 16 65.4144 -8 3.126 63.126 -8 5.4144 65.4144 -12.45 3.126
3 16 65.4144 -12.45 3.126 63.126 -8 5.4144 63.126 -12.45 5.4144
3 16 63.126 -8 5.4144 60 -8 6.252 63.126 -12.45 5.4144
3 16 63.126 -12.45 5.4144 60 -8 6.252 60 -12.45 6.252
3 16 60 -8 6.252 56.874 -8 5.4144 60 -12.45 6.252
3 16 60 -12.45 6.252 56.874 -8 5.4144 56.874 -12.45 5.4144
3 16 0 -20.45 280 -3.126 -20.45 285.4144 -5.4144 -20.45 283.126
3 16 -5.4144 -20.45 283.126 -6.252 -20.45 280 0 -20.45 280
3 16 -6.252 -20.45 280 -5.4144 -20.45 276.874 0 -20.45 280
3 16 -5.4144 -20.45 276.874 -3.126 -20.45 274.5856 0 -20.45 280
3 16 -3.126 -20.45 274.5856 0 -20.45 273.748 0 -20.45 280
3 16 0 -20.45 273.748 3.126 -20.45 274.5856 0 -20.45 280
3 16 3.126 -20.45 274.5856 5.4144 -20.45 276.874 0 -20.45 280
3 16 5.4144 -20.45 276.874 6.252 -20.45 280 0 -20.45 280
3 16 6.252 -20.45 280 5.4144 -20.45 283.126 0 -20.45 280
3 16 5.4144 -20.45 283.126 3.126 -20.45 285.4144 0 -20.45 280
3 16 3.126 -20.45 285.4144 0 -20.45 286.252 0 -20.45 280
3 16 0 -20.45 286.252 -3.126 -20.45 285.4144 0 -20.45 280
3 16 -3.126 -16 285.4144 -5.4144 -16 283.126 -3.126 -20.45 285.4144
3 16 -3.126 -20.45 285.4144 -5.4144 -16 283.126 -5.4144 -20.45 283.126
3 16 -5.4144 -16 283.126 -6.252 -16 280 -5.4144 -20.45 283.126
3 16 -5.4144 -20.45 283.126 -6.252 -16 280 -6.252 -20.45 280
3 16 -6.252 -16 280 -5.4144 -16 276.874 -6.252 -20.45 280
3 16 -6.252 -20.45 280 -5.4144 -16 276.874 -5.4144 -20.45 276.874
3 16 -5.4144 -16 276.874 -3.126 -16 274.5856 -5.4144 -20.45 276.874
3 16 -5.4144 -20.45 276.874 -3.126 -16 274.5856 -3.126 -20.45 274.5856
3 16 -3.126 -16 274.5856 0 -16 273.748 -3.126 -20.45 274.5856
3 16 -3.126 -20.45 274.5856 0 -16 273.748 0 -20.45 273.748
3 16 0 -16 273.748 3.126 -16 274.5856 0 -20.45 273.748
3 16 0 -20.45 273.748 3.126 -16 274.5856 3.126 -20.45 274.5856
3 16 3.126 -16 274.5856 5.4144 -16 276.874 3.126 -20.45 274.5856
3 16 3.126 -20.45 274.5856 5.4144 -16 276.874 5.4144 -20.45 276.874
3 16 5.4144 -16 276.874 6.252 -16 280 5.4144 -20.45 276.874
3 16 5.4144 -20.45 276.874 6.252 -16 280 6.252 -20.45 280
3 16 6.252 -16 280 5.4144 -16 283.126 6.252 -20.45 280
3 16 6.252 -20.45 280 5.4144 -16 283.126 5.4144 -20.45 283.126
3 16 5.4144 -16 283.126 3.126 -16 285.4144 5.4144 -20.45 283.126
3 16 5.4144 -20.45 283.126 3.126 -16 285.4144 3.126 -20.45 285.4144
3 16 3.126 -16 285.4144 0 -16 286.252 3.126 -20.45 285.4144
3 16 3.126 -20.45 285.4144 0 -16 286.252 0 -20.45 286.252
3 16 0 -16 286.252 -3.126 -16 285.4144 0 -20.45 286.252
3 16 0 -20.45 286.252 -3.126 -16 285.4144 -3.126 -20.45 285.4144
3 16 140 -20.45 120 136.874 -20.45 125.4144 134.5856 -20.45 123.126
3 16 134.5856 -20.45 123.126 133.748 -20.45 120 140 -20.45 120
3 16 133.748 -20.45 120 134.5856 -20.45 116.874 140 -20.45 120
3 16 134.5856 -20.45 116.874 136.874 -20.45 114.5856 140 -20.45 120
3 16 136.874 -20.45 114.5856 140 -20.45 113.748 140 -20.45 120
3 16 140 -20.45 113.748 143.126 -20.45 114.5856 140 -20.45 120
3 16 143.126 -20.45 114.5856 145.4144 -20.45 116.874 140 -20.45 120
3 16 145.4144 -20.45 116.874 146.252 -20.45 120 140 -20.45 120
3 16 146.252 -20.45 120 145.4144 -20.45 123.126 140 -20.45 120
3 16 145.4144 -20.45 123.126 143.126 -20.45 125.4144 140 -20.45 120
3 16 143.126 -20.45 125.4144 140 -20.45 126.252 140 -20.45 120
3 16 140 -20.45 126.252 136.874 -20.45 125.4144 140 -20.45 120
3 16 136.874 -16 125.4144 134.5856 -16 123.126 136.874 -20.45 125.4144
3 16 136.874 -20.45 125.4144 134.5856 -16 123.126 134.5856 -20.45 123.126
3 16 134.5856 -16 123.126 133.748 -16 120 134.5856 -20.45 123.126
3 16 134.5856 -20.45 123.126 133.748 -16 120 133.748 -20.45 120
3 16 133.748 -16 120 134.5856 -16 116.874 133.748 -20.45 120
3 16 133.748 -20.45 120 134.5856 -16 116.874 134.5856 -20.45 116.874
3 16 134.5856 -16 116.874 136.874 -16 114.5856 134.5856 -20.45 116.874
3 16 134.5856 -20.45 116.874 136.874 -16 114.5856 136.874 -20.45 114.5856
3 16 136.874 -16 114.5856 140 -16 113.748 136.874 -20.45 114.5856
3 16 136.874 -20.45 114.5856 140 -16 113.748 140 -20.45 113.748
3 16 140 -16 113.748 143.126 -16 114.5856 140 -20.45 113.748
3 16 140 -20.45 113.748 143.126 -16 114.5856 143.126 -20.45 114.5856
3 16 143.126 -16 114.5856 145.4144 -16 116.874 143.126 -20.45 114.5856
3 16 143.126 -20.45 114.5856 145.4144 -16 116.874 145.4144 -20.45 116.874
3 16 145.4144 -16 116.874 146.252 -16 120 145.4144 -20.45 116.874
3 16 145.4144 -20.45 116.874 146.252 -16 120 146.252 -20.45 120
3 16 146.252 -16 120 145.4144 -16 123.126 146.252 -20.45 120
3 16 146.252 -20.45 120 145.4144 -16 123.126 145.4144 -20.45 123.126
3 16 145.4144 -16 123.126 143.126 -16 125.4144 145.4144 -20.45 123.126
3 16 145.4144 -20.45 123.126 143.126 -16 125.4144 143.126 -20.45 125.4144
3 16 143.126 -16 125.4144 140 -16 126.252 143.126 -20.45 125.4144
3 16 143.126 -20.45 125.4144 140 -16 126.252 140 -20.45 126.252
3 16 140 -16 126.252 136.874 -16 125.4144 140 -20.45 126.252
3 16 140 -20.45 126.252 136.874 -16 125.4144 136.874 -20.45 125.4144
3 16 0 -12.45 60 -3.126 -12.45 65.4144 -5.4144 -12.45 63.126
3 16 -5.4144 -12.45 63.126 -6.252 -12.45 60 0 -12.45 60
3 16 -6.252 -12.45 60 -5.4144 -12.45 56.874 0 -12.45 60
3 16 -5.4144 -12.45 56.874 -3.126 -12.45 54.5856 0 -12.45 60
3 16 -3.126 -12.45 54.5856 0 -12.45 53.748 0 -12.45 60
3 16 0 -12.45 53.748 3.126 -12.45 54.5856 0 -12.45 60
3 16 3.126 -12.45 54.5856 5.4144 -12.45 56.874 0 -12.45 60
3 16 5.4144 -12.45 56.874 6.252 -12.45 60 0 -12.45 60
3 16 6.252 -12.45 60 5.4144 -12.45 63.126 0 -12.45 60
3 16 5.4144 -12.45 63.126 3.126 -12.45 65.4144 0 -12.45 60
3 16 3.126 -12.45 65.4144 0 -12.45 66.252 0 -12.45 60
3 16 0 -12.45 66.252 -3.126 -12.45 65.4144 0 -12.45 60
3 16 -3.126 -8 65.4144 -5.4144 -8 63.126 -3.126 -12.45 65.4144
3 16 -3.126 -12.45 65.4144 -5.4144 -8 63.126 -5.4144 -12.45 63.126
3 16 -5.4144 -8 63.126 -6.252 -8 60 -5.4144 -12.45 63.126
3 16 -5.4144 -12.45 63.126 -6.252 -8 60 -6.252 -12.45 60
3 16 -6.252 -8 60 -5.4144 -8 56.874 -6.252 -12.45 60
3 16 -6.252 -12.45 60 -5.4144 -8 56.874 -5.4144 -12.45 56.874
3 16 -5.4144 -8 56.874 -3.126 -8 54.5856 -5.4144 -12.45 56.874
3 16 -5.4144 -12.45 56.874 -3.126 -8 54.5856 -3.126 -12.45 54.5856
3 16 -3.126 -8 54.5856 0 -8 53.748 -3.126 -12.45 54.5856
3 16 -3.126 -12.45 54.5856 0 -8 53.748 0 -12.45 53.748
3 16 0 -8 53.748 3.126 -8 54.5856 0 -12.45 53.748
3 16 0 -12.45 53.748 3.126 -8 54.5856 3.126 -12.45 54.5856
3 16 3.126 -8 54.5856 5.4144 -8 56.874 3.126 -12.45 54.5856
3 16 3.126 -12.45 54.5856 5.4144 -8 56.874 5.4144 -12.45 56.874
3 16 5.4144 -8 56.874 6.252 -8 60 5.4144 -12.45 56.874
3 16 5.4144 -12.45 56.874 6.252 -8 60 6.252 -12.45 60
3 16 6.252 -8 60 5.4144 -8 63.126 6.252 -12.45 60
3 16 6.252 -12.45 60 5.4144 -8 63.126 5.4144 -12.45 63.126
3 16 5.4144 -8 63.126 3.126 -8 65.4144 5.4144 -12.45 63.126
3 16 5.4144 -12.45 63.126 3.126 -8 65.4144 3.126 -12.45 65.4144
3 16 3.126 -8 65.4144 0 -8 66.252 3.126 -12.45 65.4144
3 16 3.126 -12.45 65.4144 0 -8 66.252 0 -12.45 66.252
3 16 0 -8 66.252 -3.126 -8 65.4144 0 -12.45 66.252
3 16 0 -12.45 66.252 -3.126 -8 65.4144 -3.126 -12.45 65.4144
3 16 100 -12.45 300 96.874 -12.45 305.4144 94.5856 -12.45 303.126
3 16 94.5856 -12.45 303.126 93.748 -12.45 300 100 -12.45 300
3 16 93.748 -12.45 300 94.5856 -12.45 296.874 100 -12.45 300
3 16 94.5856 -12.45 296.874 96.874 -12.45 294.5856 100 -12.45 300
3 16 96.874 -12.45 294.5856 100 -12.45 293.748 100 -12.45 300
3 16 100 -12.45 293.748 103.126 -12.45 294.5856 100 -12.45 300
3 16 103.126 -12.45 294.5856 105.4144 -12.45 296.874 100 -12.45 300
3 16 105.4144 -12.45 296.874 106.252 -12.45 300 100 -12.45 300
3 16 106.252 -12.45 300 105.4144 -12.45 303.126 100 -12.45 300
3 16 105.4144 -12.45 303.126 103.126 -12.45 305.4144 100 -12.45 300
3 16 103.126 -12.45 305.4144 100 -12.45 306.252 100 -12.45 300
3 16 100 -12.45 306.252 96.874 -12.45 305.4144 100 -12.45 300
3 16 96.874 -8 305.4144 94.5856 -8 303.126 96.874 -12.45 305.4144
3 16 96.874 -12.45 305.4144 94.5856 -8 303.126 94.5856 -12.45 303.126
3 16 94.5856 -8 303.126 93.748 -8 300 94.5856 -12.45 303.126
3 16 94.5856 -12.45 303.126 93.748 -8 300 93.748 -12.45 300
3 16 93.748 -8 300 94.5856 -8 296.874 93.748 -12.45 300
3 16 93.748 -12.45 300 94.5856 -8 296.874 94.5856 -12.45 296.874
3 16 94.5856 -8 296.874 96.874 -8 294.5856 94.5856 -12.45 296.874
3 16 94.5856 -12.45 296.874 96.874 -8 294.5856 96.874 -12.45 294.5856
3 16 96.874 -8 294.5856 100 -8 293.748 96.874 -12.45 294.5856
3 16 96.874 -12.45 294.5856 100 -8 293.748 100 -12.45 293.748
3 16 100 -8 293.748 103.126 -8 294.5856 100 -12.45 293.748
3 16 100 -12.45 293.748 103.126 -8 294.5856 103.126 -12.45 294.5856
3 16 103.126 -8 294.5856 105.4144 -8 296.874 103.126 -12.45 294.5856
3 16 103.126 -12.45 294.5856 105.4144 -8 296.874 105.4144 -12.45 296.874
3 16 105.4144 -8 296.874 106.252 -8 300 105.4144 -12.45 296.874
3 16 105.4144 -12.45 296.874 106.252 -8 300 106.252 -12.45 300
3 16 106.252 -8 300 105.4144 -8 303.126 106.252 -12.45 300
3 16 106.252 -12.45 300 105.4144 -8 303.126 105.4144 -12.45 303.126
3 16 105.4144 -8 303.126 103.126 -8 305.4144 105.4144 -12.45 303.126
3 16 105.4144 -12.45 303.126 103.126 -8 305.4144 103.126 -12.45 305.4144
3 16 103.126 -8 305.4144 100 -8 306.252 103.126 -12.45 305.4144
3 16 103.126 -12.45 305.4144 100 -8 306.252 100 -12.45 306.252
3 16 100 -8 306.252 96.874 -8 305.4144 100 -12.45 306.252
3 16 100 -12.45 306.252 96.874 -8 305.4144 96.874 -12.45 305.4144
3 16 0 -12.45 40 -3.126 -12.45 45.4144 -5.4144 -12.45 43.126
3 16 -5.4144 -12.45 43.126 -6.252 -12.45 40 0 -12.45 40
3 16 -6.252 -12.45 40 -5.4144 -12.45 36.874 0 -12.45 40
3 16 -5.4144 -12.45 36.874 -3.126 -12.45 34.5856 0 -12.45 40
3 16 -3.126 -12.45 34.5856 0 -12.45 33.748 0 -12.45 40
3 16 0 -12.45 33.748 3.126 -12.45 34.5856 0 -12.45 40
3 16 3.126 -12.45 34.5856 5.4144 -12.45 36.874 0 -12.45 40
3 16 5.4144 -12.45 36.874 6.252 -12.45 40 0 -12.45 40
3 16 6.252 -12.45 40 5.4144 -12.45 43.126 0 -12.45 40
3 16 5.4144 -12.45 43.126 3.126 -12.45 45.4144 0 -12.45 40
3 16 3.126 -12.45 45.4144 0 -12.45 46.252 0 -12.45 40
3 16 0 -12.45 46.252 -3.126 -12.45 45.4144 0 -12.45 40
3 16 -3.126 -8 45.4144 -5.4144 -8 43.126 -3.126 -12.45 45.4144
3 16 -3.126 -12.45 45.4144 -5.4144 -8 43.126 -5.4144 -12.45 43.126
3 16 -5.4144 -8 43.126 -6.252 -8 40 -5.4144 -12.45 43.126
3 16 -5.4144 -12.45 43.126 -6.252 -8 40 -6.252 -12.45 40
3 16 -6.252 -8 40 -5.4144 -8 36.874 -6.252 -12.45 40
3 16 -6.252 -12.45 40 -5.4144 -8 36.874 -5.4144 -12.45 36.874
3 16 -5.4144 -8 36.874 -3.126 -8 34.5856 -5.4144 -12.45 36.874
3 16 -5.4144 -12.45 36.874 -3.126 -8 34.5856 -3.126 -12.45 34.5856
3 16 -3.126 -8 34.5856 0 -8 33.748 -3.126 -12.45 34.5856
3 16 -3.126 -12.45 34.5856 0 -8 33.748 0 -12.45 33.748
3 16 0 -8 33.748 3.126 -8 34.5856 0 -12.45 33.748
3 16 0 -12.45 33.748 3.126 -8 34.5856 3.126 -12.45 34.5856
3 16 3.126 -8 34.5856 5.4144 -8 36.874 3.126 -12.45 34.5856
3 16 3.126 -12.45 34.5856 5.4144 -8 36.874 5.4144 -12.45 36.874
3 16 5.4144 -8 36.874 6.252 -8 40 5.4144 -12.45 36.874
3 16 5.4144 -12.45 36.874 6.252 -8 40 6.252 -12.45 40
3 16 6.252 -8 40 5.4144 -8 43.126 6.252 -12.45 40
3 16 6.252 -12.45 40 5.4144 -8 43.126 5.4144 -12.45 43.126
3 16 5.4144 -8 43.126 3.126 -8 45.4144 5.4144 -12.45 43.126
3 16 5.4144 -12.45 43.126 3.126 -8 45.4144 3.126 -12.45 45.4144
3 16 3.126 -8 45.4144 0 -8 46.252 3.126 -12.45 45.4144
3 16 3.126 -12.45 45.4144 0 -8 46.252 0 -12.45 46.252
3 16 0 -8 46.252 -3.126 -8 45.4144 0 -12.45 46.252
3 16 0 -12.45 46.252 -3.126 -8 45.4144 -3.126 -12.45 45.4144
3 16 0 -12.45 260 -3.126 -12.45 265.4144 -5.4144 -12.45 263.126
3 16 -5.4144 -12.45 263.126 -6.252 -12.45 260 0 -12.45 260
3 16 -6.252 -12.45 260 -5.4144 -12.45 256.874 0 -12.45 260
3 16 -5.4144 -12.45 256.874 -3.126 -12.45 254.5856 0 -12.45 260
3 16 -3.126 -12.45 254.5856 0 -12.45 253.748 0 -12.45 260
3 16 0 -12.45 253.748 3.126 -12.45 254.5856 0 -12.45 260
3 16 3.126 -12.45 254.5856 5.4144 -12.45 256.874 0 -12.45 260
3 16 5.4144 -12.45 256.874 6.252 -12.45 260 0 -12.45 260
3 16 6.252 -12.45 260 5.4144 -12.45 263.126 0 -12.45 260
3 16 5.4144 -12.45 263.126 3.126 -12.45 265.4144 0 -12.45 260
3 16 3.126 -12.45 265.4144 0 -12.45 266.252 0 -12.45 260
3 16 0 -12.45 266.252 -3.126 -12.45 265.4144 0 -12.45 260
3 16 -3.126 -8 265.4144 -5.4144 -8 263.126 -3.126 -12.45 265.4144
3 16 -3.126 -12.45 265.4144 -5.4144 -8 263.126 -5.4144 -12.45 263.126
3 16 -5.4144 -8 263.126 -6.252 -8 260 -5.4144 -12.45 263.126
3 16 -5.4144 -12.45 263.126 -6.252 -8 260 -6.252 -12.45 260
3 16 -6.252 -8 260 -5.4144 -8 256.874 -6.252 -12.45 260
3 16 -6.252 -12.45 260 -5.4144 -8 256.874 -5.4144 -12.45 256.874
3 16 -5.4144 -8 256.874 -3.126 -8 254.5856 -5.4144 -12.45 256.874
3 16 -5.4144 -12.45 256.874 -3.126 -8 254.5856 -3.126 -12.45 254.5856
3 16 -3.126 -8 254.5856 0 -8 253.748 -3.126 -12.45 254.5856
3 16 -3.126 -12.45 254.5856 0 -8 253.748 0 -12.45 253.748
3 16 0 -8 253.748 3.126 -8 254.5856 0 -12.45 253.748
3 16 0 -12.45 253.748 3.126 -8 254.5856 3.126 -12.45 254.5856
3 16 3.126 -8 254.5856 5.4144 -8 256.874 3.126 -12.45 254.5856
3 16 3.126 -12.45 254.5856 5.4144 -8 256.874 5.4144 -12.45 256.874
3 16 5.4144 -8 256.874 6.252 -8 260 5.4144 -12.45 256.874
3 16 5.4144 -12.45 256.874 6.252 -8 260 6.252 -12.45 260
3 16 6.252 -8 260 5.4144 -8 263.126 6.252 -12.45 260
3 16 6.252 -12.45 260 5.4144 -8 263.126 5.4144 -12.45 263.126
3 16 5.4144 -8 263.126 3.126 -8 265.4144 5.4144 -12.45 263.126
3 16 5.4144 -12.45 263.126 3.126 -8 265.4144 3.126 -12.45 265.4144
3 16 3.126 -8 265.4144 0 -8 266.252 3.126 -12.45 265.4144
3 16 3.126 -12.45 265.4144 0 -8 266.252 0 -12.45 266.252
3 16 0 -8 266.252 -3.126 -8 265.4144 0 -12.45 266.252
3 16 0 -12.45 266.252 -3.126 -8 265.4144 -3.126 -12.45 265.4144
3 16 80 -12.45 0 76.874 -12.45 5.4144 74.5856 -12.45 3.126
3 16 74.5856 -12.45 3.126 73.748 -12.45 0 80 -12.45 0
3 16 73.748 -12.45 0 74.5856 -12.45 -3.126 80 -12.45 0
3 16 74.5856 -12.45 -3.126 76.874 -12.45 -5.4144 80 -12.45 0
3 16 76.874 -12.45 -5.4144 80 -12.45 -6.252 80 -12.45 0
3 16 80 -12.45 -6.252 83.126 -12.45 -5.4144 80 -12.45 0
3 16 83.126 -12.45 -5.4144 85.4144 -12.45 -3.126 80 -12.45 0
3 16 85.4144 -12.45 -3.126 86.252 -12.45 0 80 -12.45 0
3 16 86.252 -12.45 0 85.4144 -12.45 3.126 80 -12.45 0
3 16 85.4144 -12.45 3.126 83.126 -12.45 5.4144 80 -12.45 0
3 16 83.126 -12.45 5.4144 80 -12.45 6.252 80 -12.45 0
3 16 80 -12.45 6.252 76.874 -12.45 5.4144 80 -12.45 0
3 16 76.874 -8 5.4144 74.5856 -8 3.126 76.874 -12.45 5.4144
3 16 76.874 -12.45 5.4144 74.5856 -8 3.126 74.5856 -12.45 3.126
3 16 74.5856 -8 3.126 73.748 -8 0 74.5856 -12.45 3.126
3 16 74.5856 -12.45 3.126 73.748 -8 0 73.748 -12.45 0
3 16 73.748 -8 0 74.5856 -8 -3.126 73.748 -12.45 0
3 16 73.748 -12.45 0 74.5856 -8 -3.126 74.5856 -12.45 -3.126
3 16 74.5856 -8 -3.126 76.874 -8 -5.4144 74.5856 -12.45 -3.126
3 16 74.5856 -12.45 -3.126 76.874 -8 -5.4144 76.874 -12.45 -5.4144
3 16 76.874 -8 -5.4144 80 -8 -6.252 76.874 -12.45 -5.4144
3 16 76.874 -12.45 -5.4144 80 -8 -6.252 80 -12.45 -6.252
3 16 80 -8 -6.252 83.126 -8 -5.4144 80 -12.45 -6.252
3 16 80 -12.45 -6.252 83.126 -8 -5.4144 83.126 -12.45 -5.4144
3 16 83.126 -8 -5.4144 85.4144 -8 -3.126 83.126 -12.45 -5.4144
3 16 83.126 -12.45 -5.4144 85.4144 -8 -3.126 85.4144 -12.45 -3.126
3 16 85.4144 -8 -3.126 86.252 -8 0 85.4144 -12.45 -3.126
3 16 85.4144 -12.45 -3.126 86.252 -8 0 86.252 -12.45 0
3 16 86.252 -8 0 85.4144 -8 3.126 86.252 -12.45 0
3 16 86.252 -12.45 0 85.4144 -8 3.126 85.4144 -12.45 3.126
3 16 85.4144 -8 3.126 83.126 -8 5.4144 85.4144 -12.45 3.126
3 16 85.4144 -12.45 3.126 83.126 -8 5.4144 83.126 -12.45 5.4144
3 16 83.126 -8 5.4144 80 -8 6.252 83.126 -12.45 5.4144
3 16 83.126 -12.45 5.4144 80 -8 6.252 80 -12.45 6.252
3 16 80 -8 6.252 76.874 -8 5.4144 80 -12.45 6.252
3 16 80 -12.45 6.252 76.874 -8 5.4144 76.874 -12.45 5.4144
3 16 140 -12.45 260 136.874 -12.45 265.4144 134.5856 -12.45 263.126
3 16 134.5856 -12.45 263.126 133.748 -12.45 260 140 -12.45 260
3 16 133.748 -12.45 260 134.5856 -12.45 256.874 140 -12.45 260
3 16 134.5856 -12.45 256.874 136.874 -12.45 254.5856 140 -12.45 260
3 16 136.874 -12.45 254.5856 140 -12.45 253.748 140 -12.45 260
3 16 140 -12.45 253.748 143.126 -12.45 254.5856 140 -12.45 260
3 16 143.126 -12.45 254.5856 145.4144 -12.45 256.874 140 -12.45 260
3 16 145.4144 -12.45 256.874 146.252 -12.45 260 140 -12.45 260
3 16 146.252 -12.45 260 145.4144 -12.45 263.126 140 -12.45 260
3 16 145.4144 -12.45 263.126 143.126 -12.45 265.4144 140 -12.45 260
3 16 143.126 -12.45 265.4144 140 -12.45 266.252 140 -12.45 260
3 16 140 -12.45 266.252 136.874 -12.45 265.4144 140 -12.45 260
3 16 136.874 -8 265.4144 134.5856 -8 263.126 136.874 -12.45 265.4144
3 16 136.874 -12.45 265.4144 134.5856 -8 263.126 134.5856 -12.45 263.126
3 16 134.5856 -8 263.126 133.748 -8 260 134.5856 -12.45 263.126
3 16 134.5856 -12.45 263.126 133.748 -8 260 133.748 -12.45 260
3 16 133.748 -8 260 134.5856 -8 256.874 133.748 -12.45 260
3 16 133.748 -12.45 260 134.5856 -8 256.874 134.5856 -12.45 256.874
3 16 134.5856 -8 256.874 136.874 -8 254.5856 134.5856 -12.45 256.874
3 16 134.5856 -12.45 256.874 136.874 -8 254.5856 136.874 -12.45 254.5856
3 16 136.874 -8 254.5856 140 -8 253.748 136.874 -12.45 254.5856
3 16 136.874 -12.45 254.5856 140 -8 253.748 140 -12.45 253.748
3 16 140 -8 253.748 143.126 -8 254.5856 140 -12.45 253.748
3 16 140 -12.45 253.748 143.126 -8 254.5856 143.126 -12.45 254.5856
3 16 143.126 -8 254.5856 145.4144 -8 256.874 143.126 -12.45 254.5856
3 16 143.126 -12.45 254.5856 145.4144 -8 256.874 145.4144 -12.45 256.874
3 16 145.4144 -8 256.874 146.252 -8 260 145.4144 -12.45 256.874
3 16 145.4144 -12.45 256.874 146.252 -8 260 146.252 -12.45 260
3 16 146.252 -8 260 145.4144 -8 263.126 146.252 -12.45 260
3 16 146.252 -12.45 260 145.4144 -8 263.126 145.4144 -12.45 263.126
3 16 145.4144 -8 263.126 143.126 -8 265.4144 145.4144 -12.45 263.126
3 16 145.4144 -12.45 263.126 143.126 -8 265.4144 143.126 -12.45 265.4144
3 16 143.126 -8 265.4144 140 -8 266.252 143.126 -12.45 265.4144
3 16 143.126 -12.45 265.4144 140 -8 266.252 140 -12.45 266.252
3 16 140 -8 266.252 136.874 -8 265.4144 140 -12.45 266.252
3 16 140 -12.45 266.252 136.874 -8 265.4144 136.874 -12.45 265.4144
3 16 0 -20.45 140 -3.126 -20.45 145.4144 -5.4144 -20.45 143.126
3 16 -5.4144 -20.45 143.126 -6.252 -20.45 140 0 -20.45 140
3 16 -6.252 -20.45 140 -5.4144 -20.45 136.874 0 -20.45 140
3 16 -5.4144 -20.45 136.874 -3.126 -20.45 134.5856 0 -20.45 140
3 16 -3.126 -20.45 134.5856 0 -20.45 133.748 0 -20.45 140
3 16 0 -20.45 133.748 3.126 -20.45 134.5856 0 -20.45 140
3 16 3.126 -20.45 134.5856 5.4144 -20.45 136.874 0 -20.45 140
3 16 5.4144 -20.45 136.874 6.252 -20.45 140 0 -20.45 140
3 16 6.252 -20.45 140 5.4144 -20.45 143.126 0 -20.45 140
3 16 5.4144 -20.45 143.126 3.126 -20.45 145.4144 0 -20.45 140
3 16 3.126 -20.45 145.4144 0 -20.45 146.252 0 -20.45 140
3 16 0 -20.45 146.252 -3.126 -20.45 145.4144 0 -20.45 140
3 16 -3.126 -16 145.4144 -5.4144 -16 143.126 -3.126 -20.45 145.4144
3 16 -3.126 -20.45 145.4144 -5.4144 -16 143.126 -5.4144 -20.45 143.126
3 16 -5.4144 -16 143.126 -6.252 -16 140 -5.4144 -20.45 143.126
3 16 -5.4144 -20.45 143.126 -6.252 -16 140 -6.252 -20.45 140
3 16 -6.252 -16 140 -5.4144 -16 136.874 -6.252 -20.45 140
3 16 -6.252 -20.45 140 -5.4144 -16 136.874 -5.4144 -20.45 136.874
3 16 -5.4144 -16 136.874 -3.126 -16 134.5856 -5.4144 -20.45 136.874
3 16 -5.4144 -20.45 136.874 -3.126 -16 134.5856 -3.126 -20.45 134.5856
3 16 -3.126 -16 134.5856 0 -16 133.748 -3.126 -20.45 134.5856
3 16 -3.126 -20.45 134.5856 0 -16 133.748 0 -20.45 133.748
3 16 0 -16 133.748 3.126 -16 134.5856 0 -20.45 133.748
3 16 0 -20.45 133.748 3.126 -16 134.5856 3.126 -20.45 134.5856
3 16 3.126 -16 134.5856 5.4144 -16 136.874 3.126 -20.45 134.5856
3 16 3.126 -20.45 134.5856 5.4144 -16 136.874 5.4144 -20.45 136.874
3 16 5.4144 -16 136.874 6.252 -16 140 5.4144 -20.45 136.874
3 16 5.4144 -20.45 136.874 6.252 -16 140 6.252 -20.45 140
3 16 6.252 -16 140 5.4144 -16 143.126 6.252 -20.45 140
3 16 6.252 -20.45 140 5.4144 -16 143.126 5.4144 -20.45 143.126
3 16 5.4144 -16 143.126 3.126 -16 145.4144 5.4144 -20.45 143.126
3 16 5.4144 -20.45 143.126 3.126 -16 145.4144 3.126 -20.45 145.4144
3 16 3.126 -16 145.4144 0 -16 146.252 3.126 -20.45 145.4144
3 16 3.126 -20.45 145.4144 0 -16 146.252 0 -20.45 146.252
3 16 0 -16 146.252 -3.126 -16 145.4144 0 -20.45 146.252
3 16 0 -20.45 146.252 -3.126 -16 145.4144 -3.126 -20.45 145.4144
3 16 140 -20.45 180 136.874 -20.45 185.4144 134.5856 -20.45 183.126
3 16 134.5856 -20.45 183.126 133.748 -20.45 180 140 -20.45 180
3 16 133.748 -20.45 180 134.5856 -20.45 176.874 140 -20.45 180
3 16 134.5856 -20.45 176.874 136.874 -20.45 174.5856 140 -20.45 180
3 16 136.874 -20.45 174.5856 140 -20.45 173.748 140 -20.45 180
3 16 140 -20.45 173.748 143.126 -20.45 174.5856 140 -20.45 180
3 16 143.126 -20.45 174.5856 145.4144 -20.45 176.874 140 -20.45 180
3 16 145.4144 -20.45 176.874 146.252 -20.45 180 140 -20.45 180
3 16 146.252 -20.45 180 145.4144 -20.45 183.126 140 -20.45 180
3 16 145.4144 -20.45 183.126 143.126 -20.45 185.4144 140 -20.45 180
3 16 143.126 -20.45 185.4144 140 -20.45 186.252 140 -20.45 180
3 16 140 -20.45 186.252 136.874 -20.45 185.4144 140 -20.45 180
3 16 136.874 -16 185.4144 134.5856 -16 183.126 136.874 -20.45 185.4144
3 16 136.874 -20.45 185.4144 134.5856 -16 183.126 134.5856 -20.45 183.126
3 16 134.5856 -16 183.126 133.748 -16 180 134.5856 -20.45 183.126
3 16 134.5856 -20.45 183.126 133.748 -16 180 133.748 -20.45 180
3 16 133.748 -16 180 134.5856 -16 176.874 133.748 -20.45 180
3 16 133.748 -20.45 180 134.5856 -16 176.874 134.5856 -20.45 176.874
3 16 134.5856 -16 176.874 136.874 -16 174.5856 134.5856 -20.45 176.874
3 16 134.5856 -20.45 176.874 136.874 -16 174.5856 136.874 -20.45 174.5856
3 16 136.874 -16 174.5856 140 -16 173.748 136.874 -20.45 174.5856
3 16 136.874 -20.45 174.5856 140 -16 173.748 140 -20.45 173.748
3 16 140 -16 173.748 143.126 -16 174.5856 140 -20.45 173.748
3 16 140 -20.45 173.748 143.126 -16 174.5856 143.126 -20.45 174.5856
3 16 143.126 -16 174.5856 145.4144 -16 176.874 143.126 -20.45 174.5856
3 16 143.126 -20.45 174.5856 145.4144 -16 176.874 145.4144 -20.45 176.874
3 16 145.4144 -16 176.874 146.252 -16 180 145.4144 -20.45 176.874
3 16 145.4144 -20.45 176.874 146.252 -16 180 146.252 -20.45 180
3 16 146.252 -16 180 145.4144 -16 183.126 146.252 -20.45 180
3 16 146.252 -20.45 180 145.4144 -16 183.126 145.4144 -20.45 183.126
3 16 145.4144 -16 183.126 143.126 -16 185.4144 145.4144 -20.45 183.126
3 16 145.4144 -20.45 183.126 143.126 -16 185.4144 143.126 -20.45 185.4144
3 16 143.126 -16 185.4144 140 -16 186.252 143.126 -20.45 185.4144
3 16 143.126 -20.45 185.4144 140 -16 186.252 140 -20.45 186.252
3 16 140 -16 186.252 136.874 -16 185.4144 140 -20.45 186.252
3 16 140 -20.45 186.252 136.874 -16 185.4144 136.874 -20.45 185.4144
3 16 40 -12.45 300 36.874 -12.45 305.4144 34.5856 -12.45 303.126
3 16 34.5856 -12.45 303.126 33.748 -12.45 300 40 -12.45 300
3 16 33.748 -12.45 300 34.5856 -12.45 296.874 40 -12.45 300
3 16 34.5856 -12.45 296.874 36.874 -12.45 294.5856 40 -12.45 300
3 16 36.874 -12.45 294.5856 40 -12.45 293.748 40 -12.45 300
3 16 40 -12.45 293.748 43.126 -12.45 294.5856 40 -12.45 300
3 16 43.126 -12.45 294.5856 45.4144 -12.45 296.874 40 -12.45 300
3 16 45.4144 -12.45 296.874 46.252 -12.45 300 40 -12.45 300
3 16 46.252 -12.45 300 45.4144 -12.45 303.126 40 -12.45 300
3 16 45.4144 -12.45 303.126 43.126 -12.45 305.4144 40 -12.45 300
3 16 43.126 -12.45 305.4144 40 -12.45 306.252 40 -12.45 300
3 16 40 -12.45 306.252 36.874 -12.45 305.4144 40 -12.45 300
3 16 36.874 -8 305.4144 34.5856 -8 303.126 36.874 -12.45 305.4144
3 16 36.874 -12.45 305.4144 34.5856 -8 303.126 34.5856 -12.45 303.126
3 16 34.5856 -8 303.126 33.748 -8 300 34.5856 -12.45 303.126
3 16 34.5856 -12.45 303.126 33.748 -8 300 33.748 -12.45 300
3 16 33.748 -8 300 34.5856 -8 296.874 33.748 -12.45 300
3 16 33.748 -12.45 300 34.5856 -8 296.874 34.5856 -12.45 296.874
3 16 34.5856 -8 296.874 36.874 -8 294.5856 34.5856 -12.45 296.874
3 16 34.5856 -12.45 296.874 36.874 -8 294.5856 36.874 -12.45 294.5856
3 16 36.874 -8 294.5856 40 -8 293.748 36.874 -12.45 294.5856
3 16 36.874 -12.45 294.5856 40 -8 293.748 40 -12.45 293.748
3 16 40 -8 293.748 43.126 -8 294.5856 40 -12.45 293.748
3 16 40 -12.45 293.748 43.126 -8 294.5856 43.126 -12.45 294.5856
3 16 43.126 -8 294.5856 45.4144 -8 296.874 43.126 -12.45 294.5856
3 16 43.126 -12.45 294.5856 45.4144 -8 296.874 45.4144 -12.45 296.874
3 16 45.4144 -8 296.874 46.252 -8 300 45.4144 -12.45 296.874
3 16 45.4144 -12.45 296.874 46.252 -8 300 46.252 -12.45 300
3 16 46.252 -8 300 45.4144 -8 303.126 46.252 -12.45 300
3 16 46.252 -12.45 300 45.4144 -8 303.126 45.4144 -12.45 303.126
3 16 45.4144 -8 303.126 43.126 -8 305.4144 45.4144 -12.45 303.126
3 16 45.4144 -12.45 303.126 43.126 -8 305.4144 43.126 -12.45 305.4144
3 16 43.126 -8 305.4144 40 -8 306.252 43.126 -12.45 305.4144
3 16 43.126 -12.45 305.4144 40 -8 306.252 40 -12.45 306.252
3 16 40 -8 306.252 36.874 -8 305.4144 40 -12.45 306.252
3 16 40 -12.45 306.252 36.874 -8 305.4144 36.874 -12.45 305.4144
3 16 40 -12.45 0 36.874 -12.45 5.4144 34.5856 -12.45 3.126
3 16 34.5856 -12.45 3.126 33.748 -12.45 0 40 -12.45 0
3 16 33.748 -12.45 0 34.5856 -12.45 -3.126 40 -12.45 0
3 16 34.5856 -12.45 -3.126 36.874 -12.45 -5.4144 40 -12.45 0
3 16 36.874 -12.45 -5.4144 40 -12.45 -6.252 40 -12.45 0
3 16 40 -12.45 -6.252 43.126 -12.45 -5.4144 40 -12.45 0
3 16 43.126 -12.45 -5.4144 45.4144 -12.45 -3.126 40 -12.45 0
3 16 45.4144 -12.45 -3.126 46.252 -12.45 0 40 -12.45 0
3 16 46.252 -12.45 0 45.4144 -12.45 3.126 40 -12.45 0
3 16 45.4144 -12.45 3.126 43.126 -12.45 5.4144 40 -12.45 0
3 16 43.126 -12.45 5.4144 40 -12.45 6.252 40 -12.45 0
3 16 40 -12.45 6.252 36.874 -12.45 5.4144 40 -12.45 0
3 16 36.874 -8 5.4144 34.5856 -8 3.126 36.874 -12.45 5.4144
3 16 36.874 -12.45 5.4144 34.5856 -8 3.126 34.5856 -12.45 3.126
3 16 34.5856 -8 3.126 33.748 -8 0 34.5856 -12.45 3.126
3 16 34.5856 -12.45 3.126 33.748 -8 0 33.748 -12.45 0
3 16 33.748 -8 0 34.5856 -8 -3.126 33.748 -12.45 0
3 16 33.748 -12.45 0 34.5856 -8 -3.126 34.5856 -12.45 -3.126
3 16 34.5856 -8 -3.126 36.874 -8 -5.4144 34.5856 -12.45 -3.126
3 16 34.5856 -12.45 -3.126 36.874 -8 -5.4144 36.874 -12.45 -5.4144
3 16 36.874 -8 -5.4144 40 -8 -6.252 36.874 -12.45 -5.4144
3 16 36.874 -12.45 -5.4144 40 -8 -6.252 40 -12.45 -6.252
3 16 40 -8 -6.252 43.126 -8 -5.4144 40 -12.45 -6.252
3 16 40 -12.45 -6.252 43.126 -8 -5.4144 43.126 -12.45 -5.4144
3 16 43.126 -8 -5.4144 45.4144 -8 -3.126 43.126 -12.45 -5.4144
3 16 43.126 -12.45 -5.4144 45.4144 -8 -3.126 45.4144 -12.45 -3.126
3 16 45.4144 -8 -3.126 46.252 -8 0 45.4144 -12.45 -3.126
3 16 45.4144 -12.45 -3.126 46.252 -8 0 46.252 -12.45 0
3 16 46.252 -8 0 45.4144 -8 3.126 46.252 -12.45 0
3 16 46.252 -12.45 0 45.4144 -8 3.126 45.4144 -12.45 3.126
3 16 45.4144 -8 3.126 43.126 -8 5.4144 45.4144 -12.45 3.126
3 16 45.4144 -12.45 3.126 43.126 -8 5.4144 43.126 -12.45 5.4144
3 16 43.126 -8 5.4144 40 -8 6.252 43.126 -12.45 5.4144
3 16 43.126 -12.45 5.4144 40 -8 6.252 40 -12.45 6.252
3 16 40 -8 6.252 36.874 -8 5.4144 40 -12.45 6.252
3 16 40 -12.45 6.252 36.874 -8 5.4144 36.874 -12.45 5.4144
3 16 140 -20.45 0 136.874 -20.45 5.4144 134.5856 -20.45 3.126
3 16 134.5856 -20.45 3.126 133.748 -20.45 0 140 -20.45 0
3 16 133.748 -20.45 0 134.5856 -20.45 -3.126 140 -20.45 0
3 16 134.5856 -20.45 -3.126 136.874 -20.45 -5.4144 140 -20.45 0
3 16 136.874 -20.45 -5.4144 140 -20.45 -6.252 140 -20.45 0
3 16 140 -20.45 -6.252 143.126 -20.45 -5.4144 140 -20.45 0
3 16 143.126 -20.45 -5.4144 145.4144 -20.45 -3.126 140 -20.45 0
3 16 145.4144 -20.45 -3.126 146.252 -20.45 0 140 -20.45 0
3 16 146.252 -20.45 0 145.4144 -20.45 3.126 140 -20.45 0
3 16 145.4144 -20.45 3.126 143.126 -20.45 5.4144 140 -20.45 0
3 16 143.126 -20.45 5.4144 140 -20.45 6.252 140 -20.45 0
3 16 140 -20.45 6.252 136.874 -20.45 5.4144 140 -20.45 0
3 16 136.874 -16 5.4144 134.5856 -16 3.126 136.874 -20.45 5.4144
3 16 136.874 -20.45 5.4144 134.5856 -16 3.126 134.5856 -20.45 3.126
3 16 134.5856 -16 3.126 133.748 -16 0 134.5856 -20.45 3.126
3 16 134.5856 -20.45 3.126 133.748 -16 0 133.748 -20.45 0
3 16 133.748 -16 0 134.5856 -16 -3.126 133.748 -20.45 0
3 16 133.748 -20.45 0 134.5856 -16 -3.126 134.5856 -20.45 -3.126
3 16 134.5856 -16 -3.126 136.874 -16 -5.4144 134.5856 -20.45 -3.126
3 16 134.5856 -20.45 -3.126 136.874 -16 -5.4144 136.874 -20.45 -5.4144
3 16 136.874 -16 -5.4144 140 -16 -6.252 136.874 -20.45 -5.4144
3 16 136.874 -20.45 -5.4144 140 -16 -6.252 140 -20.45 -6.252
3 16 140 -16 -6.252 143.126 -16 -5.4144 140 -20.45 -6.252
3 16 140 -20.45 -6.252 143.126 -16 -5.4144 143.126 -20.45 -5.4144
3 16 143.126 -16 -5.4144 145.4144 -16 -3.126 143.126 -20.45 -5.4144
3 16 143.126 -20.45 -5.4144 145.4144 -16 -3.126 145.4144 -20.45 -3.126
3 16 145.4144 -16 -3.126 146.252 -16 0 145.4144 -20.45 -3.126
3 16 145.4144 -20.45 -3.126 146.252 -16 0 146.252 -20.45 0
3 16 146.252 -16 0 145.4144 -16 3.126 146.252 -20.45 0
3 16 146.252 -20.45 0 145.4144 -16 3.126 145.4144 -20.45 3.126
3 16 145.4144 -16 3.126 143.126 -16 5.4144 145.4144 -20.45 3.126
3 16 145.4144 -20.45 3.126 143.126 -16 5.4144 143.126 -20.45 5.4144
3 16 143.126 -16 5.4144 140 -16 6.252 143.126 -20.45 5.4144
3 16 143.126 -20.45 5.4144 140 -16 6.252 140 -20.45 6.252
3 16 140 -16 6.252 136.874 -16 5.4144 140 -20.45 6.252
3 16 140 -20.45 6.252 136.874 -16 5.4144 136.874 -20.45 5.4144
3 16 0 -12.45 200 -3.126 -12.45 205.4144 -5.4144 -12.45 203.126
3 16 -5.4144 -12.45 203.126 -6.252 -12.45 200 0 -12.45 200
3 16 -6.252 -12.45 200 -5.4144 -12.45 196.874 0 -12.45 200
3 16 -5.4144 -12.45 196.874 -3.126 -12.45 194.5856 0 -12.45 200
3 16 -3.126 -12.45 194.5856 0 -12.45 193.748 0 -12.45 200
3 16 0 -12.45 193.748 3.126 -12.45 194.5856 0 -12.45 200
3 16 3.126 -12.45 194.5856 5.4144 -12.45 196.874 0 -12.45 200
3 16 5.4144 -12.45 196.874 6.252 -12.45 200 0 -12.45 200
3 16 6.252 -12.45 200 5.4144 -12.45 203.126 0 -12.45 200
3 16 5.4144 -12.45 203.126 3.126 -12.45 205.4144 0 -12.45 200
3 16 3.126 -12.45 205.4144 0 -12.45 206.252 0 -12.45 200
3 16 0 -12.45 206.252 -3.126 -12.45 205.4144 0 -12.45 200
3 16 -3.126 -8 205.4144 -5.4144 -8 203.126 -3.126 -12.45 205.4144
3 16 -3.126 -12.45 205.4144 -5.4144 -8 203.126 -5.4144 -12.45 203.126
3 16 -5.4144 -8 203.126 -6.252 -8 200 -5.4144 -12.45 203.126
3 16 -5.4144 -12.45 203.126 -6.252 -8 200 -6.252 -12.45 200
3 16 -6.252 -8 200 -5.4144 -8 196.874 -6.252 -12.45 200
3 16 -6.252 -12.45 200 -5.4144 -8 196.874 -5.4144 -12.45 196.874
3 16 -5.4144 -8 196.874 -3.126 -8 194.5856 -5.4144 -12.45 196.874
3 16 -5.4144 -12.45 196.874 -3.126 -8 194.5856 -3.126 -12.45 194.5856
3 16 -3.126 -8 194.5856 0 -8 193.748 -3.126 -12.45 194.5856
3 16 -3.126 -12.45 194.5856 0 -8 193.748 0 -12.45 193.748
3 16 0 -8 193.748 3.126 -8 194.5856 0 -12.45 193.748
3 16 0 -12.45 193.748 3.126 -8 194.5856 3.126 -12.45 194.5856
3 16 3.126 -8 194.5856 5.4144 -8 196.874 3.126 -12.45 194.5856
3 16 3.126 -12.45 194.5856 5.4144 -8 196.874 5.4144 -12.45 196.874
3 16 5.4144 -8 196.874 6.252 -8 200 5.4144 -12.45 196.874
3 16 5.4144 -12.45 196.874 6.252 -8 200 6.252 -12.45 200
3 16 6.252 -8 200 5.4144 -8 203.126 6.252 -12.45 200
3 16 6.252 -12.45 200 5.4144 -8 203.126 5.4144 -12.45 203.126
3 16 5.4144 -8 203.126 3.126 -8 205.4144 5.4144 -12.45 203.126
3 16 5.4144 -12.45 203.126 3.126 -8 205.4144 3.126 -12.45 205.4144
3 16 3.126 -8 205.4144 0 -8 206.252 3.126 -12.45 205.4144
3 16 3.126 -12.45 205.4144 0 -8 206.252 0 -12.45 206.252
3 16 0 -8 206.252 -3.126 -8 205.4144 0 -12.45 206.252
3 16 0 -12.45 206.252 -3.126 -8 205.4144 -3.126 -12.45 205.4144
3 16 0 -12.45 100 -3.126 -12.45 105.4144 -5.4144 -12.45 103.126
3 16 -5.4144 -12.45 103.126 -6.252 -12.45 100 0 -12.45 100
3 16 -6.252 -12.45 100 -5.4144 -12.45 96.874 0 -12.45 100
3 16 -5.4144 -12.45 96.874 -3.126 -12.45 94.5856 0 -12.45 100
3 16 -3.126 -12.45 94.5856 0 -12.45 93.748 0 -12.45 100
3 16 0 -12.45 93.748 3.126 -12.45 94.5856 0 -12.45 100
3 16 3.126 -12.45 94.5856 5.4144 -12.45 96.874 0 -12.45 100
3 16 5.4144 -12.45 96.874 6.252 -12.45 100 0 -12.45 100
3 16 6.252 -12.45 100 5.4144 -12.45 103.126 0 -12.45 100
3 16 5.4144 -12.45 103.126 3.126 -12.45 105.4144 0 -12.45 100
3 16 3.126 -12.45 105.4144 0 -12.45 106.252 0 -12.45 100
3 16 0 -12.45 106.252 -3.126 -12.45 105.4144 0 -12.45 100
3 16 -3.126 -8 105.4144 -5.4144 -8 103.126 -3.126 -12.45 105.4144
3 16 -3.126 -12.45 105.4144 -5.4144 -8 103.126 -5.4144 -12.45 103.126
3 16 -5.4144 -8 103.126 -6.252 -8 100 -5.4144 -12.45 103.126
3 16 -5.4144 -12.45 103.126 -6.252 -8 100 -6.252 -12.45 100
3 16 -6.252 -8 100 -5.4144 -8 96.874 -6.252 -12.45 100
3 16 -6.252 -12.45 100 -5.4144 -8 96.874 -5.4144 -12.45 96.874
3 16 -5.4144 -8 96.874 -3.126 -8 94.5856 -5.4144 -12.45 96.874
3 16 -5.4144 -12.45 96.874 -3.126 -8 94.5856 -3.126 -12.45 94.5856
3 16 -3.126 -8 94.5856 0 -8 93.748 -3.126 -12.45 94.5856
3 16 -3.126 -12.45 94.5856 0 -8 93.748 0 -12.45 93.748
3 16 0 -8 93.748 3.126 -8 94.5856 0 -12.45 93.748
3 16 0 -12.45 93.748 3.126 -8 94.5856 3.126 -12.45 94.5856
3 16 3.126 -8 94.5856 5.4144 -8 96.874 3.126 -12.45 94.5856
3 16 3.126 -12.45 94.5856 5.4144 -8 96.874 5.4144 -12.45 96.874
3 16 5.4144 -8 96.874 6.252 -8 100 5.4144 -12.45 96.874
3 16 5.4144 -12.45 96.874 6.252 -8 100 6.252 -12.45 100
3 16 6.252 -8 100 5.4144 -8 103.126 6.252 -12.45 100
3 16 6.252 -12.45 100 5.4144 -8 103.126 5.4144 -12.45 103.126
3 16 5.4144 -8 103.126 3.126 -8 105.4144 5.4144 -12.45 103.126
3 16 5.4144 -12.45 103.126 3.126 -8 105.4144 3.126 -12.45 105.4144
3 16 3.126 -8 105.4144 0 -8 106.252 3.126 -12.45 105.4144
3 16 3.126 -12.45 105.4144 0 -8 106.252 0 -12.45 106.252
3 16 0 -8 106.252 -3.126 -8 105.4144 0 -12.45 106.252
3 16 0 -12.45 106.252 -3.126 -8 105.4144 -3.126 -12.45 105.4144
3 16 0 -12.45 240 -3.126 -12.45 245.4144 -5.4144 -12.45 243.126
3 16 -5.4144 -12.45 243.126 -6.252 -12.45 240 0 -12.45 240
3 16 -6.252 -12.45 240 -5.4144 -12.45 236.874 0 -12.45 240
3 16 -5.4144 -12.45 236.874 -3.126 -12.45 234.5856 0 -12.45 240
3 16 -3.126 -12.45 234.5856 0 -12.45 233.748 0 -12.45 240
3 16 0 -12.45 233.748 3.126 -12.45 234.5856 0 -12.45 240
3 16 3.126 -12.45 234.5856 5.4144 -12.45 236.874 0 -12.45 240
3 16 5.4144 -12.45 236.874 6.252 -12.45 240 0 -12.45 240
3 16 6.252 -12.45 240 5.4144 -12.45 243.126 0 -12.45 240
3 16 5.4144 -12.45 243.126 3.126 -12.45 245.4144 0 -12.45 240
3 16 3.126 -12.45 245.4144 0 -12.45 246.252 0 -12.45 240
3 16 0 -12.45 246.252 -3.126 -12.45 245.4144 0 -12.45 240
3 16 -3.126 -8 245.4144 -5.4144 -8 243.126 -3.126 -12.45 245.4144
3 16 -3.126 -12.45 245.4144 -5.4144 -8 243.126 -5.4144 -12.45 243.126
3 16 -5.4144 -8 243.126 -6.252 -8 240 -5.4144 -12.45 243.126
3 16 -5.4144 -12.45 243.126 -6.252 -8 240 -6.252 -12.45 240
3 16 -6.252 -8 240 -5.4144 -8 236.874 -6.252 -12.45 240
3 16 -6.252 -12.45 240 -5.4144 -8 236.874 -5.4144 -12.45 236.874
3 16 -5.4144 -8 236.874 -3.126 -8 234.5856 -5.4144 -12.45 236.874
3 16 -5.4144 -12.45 236.874 -3.126 -8 234.5856 -3.126 -12.45 234.5856
3 16 -3.126 -8 234.5856 0 -8 233.748 -3.126 -12.45 234.5856
3 16 -3.126 -12.45 234.5856 0 -8 233.748 0 -12.45 233.748
3 16 0 -8 233.748 3.126 -8 234.5856 0 -12.45 233.748
3 16 0 -12.45 233.748 3.126 -8 234.5856 3.126 -12.45 234.5856
3 16 3.126 -8 234.5856 5.4144 -8 236.874 3.126 -12.45 234.5856
3 16 3.126 -12.45 234.5856 5.4144 -8 236.874 5.4144 -12.45 236.874
3 16 5.4144 -8 236.874 6.252 -8 240 5.4144 -12.45 236.874
3 16 5.4144 -12.45 236.874 6.252 -8 240 6.252 -12.45 240
3 16 6.252 -8 240 5.4144 -8 243.126 6.252 -12.45 240
3 16 6.252 -12.45 240 5.4144 -8 243.126 5.4144 -12.45 243.126
3 16 5.4144 -8 243.126 3.126 -8 245.4144 5.4144 -12.45 243.126
3 16 5.4144 -12.45 243.126 3.126 -8 245.4144 3.126 -12.45 245.4144
3 16 3.126 -8 245.4144 0 -8 246.252 3.126 -12.45 245.4144
3 16 3.126 -12.45 245.4144 0 -8 246.252 0 -12.45 246.252
3 16 0 -8 246.252 -3.126 -8 245.4144 0 -12.45 246.252
3 16 0 -12.45 246.252 -3.126 -8 245.4144 -3.126 -12.45 245.4144
3 16 80 -12.45 300 76.874 -12.45 305.4144 74.5856 -12.45 303.126
3 16 74.5856 -12.45 303.126 73.748 -12.45 300 80 -12.45 300
3 16 73.748 -12.45 300 74.5856 -12.45 296.874 80 -12.45 300
3 16 74.5856 -12.45 296.874 76.874 -12.45 294.5856 80 -12.45 300
3 16 76.874 -12.45 294.5856 80 -12.45 293.748 80 -12.45 300
3 16 80 -12.45 293.748 83.126 -12.45 294.5856 80 -12.45 300
3 16 83.126 -12.45 294.5856 85.4144 -12.45 296.874 80 -12.45 300
3 16 85.4144 -12.45 296.874 86.252 -12.45 300 80 -12.45 300
3 16 86.252 -12.45 300 85.4144 -12.45 303.126 80 -12.45 300
3 16 85.4144 -12.45 303.126 83.126 -12.45 305.4144 80 -12.45 300
3 16 83.126 -12.45 305.4144 80 -12.45 306.252 80 -12.45 300
3 16 80 -12.45 306.252 76.874 -12.45 305.4144 80 -12.45 300
3 16 76.874 -8 305.4144 74.5856 -8 303.126 76.874 -12.45 305.4144
3 16 76.874 -12.45 305.4144 74.5856 -8 303.126 74.5856 -12.45 303.126
3 16 74.5856 -8 303.126 73.748 -8 300 74.5856 -12.45 303.126
3 16 74.5856 -12.45 303.126 73.748 -8 300 73.748 -12.45 300
3 16 73.748 -8 300 74.5856 -8 296.874 73.748 -12.45 300
3 16 73.748 -12.45 300 74.5856 -8 296.874 74.5856 -12.45 296.874
3 16 74.5856 -8 296.874 76.874 -8 294.5856 74.5856 -12.45 296.874
3 16 74.5856 -12.45 296.874 76.874 -8 294.5856 76.874 -12.45 294.5856
3 16 76.874 -8 294.5856 80 -8 293.748 76.874 -12.45 294.5856
3 16 76.874 -12.45 294.5856 80 -8 293.748 80 -12.45 293.748
3 16 80 -8 293.748 83.126 -8 294.5856 80 -12.45 293.748
3 16 80 -12.45 293.748 83.126 -8 294.5856 83.126 -12.45 294.5856
3 16 83.126 -8 294.5856 85.4144 -8 296.874 83.126 -12.45 294.5856
3 16 83.126 -12.45 294.5856 85.4144 -8 296.874 85.4144 -12.45 296.874
3 16 85.4144 -8 296.874 86.252 -8 300 85.4144 -12.45 296.874
3 16 85.4144 -12.45 296.874 86.252 -8 300 86.252 -12.45 300
3 16 86.252 -8 300 85.4144 -8 303.126 86.252 -12.45 300
3 16 86.252 -12.45 300 85.4144 -8 303.126 85.4144 -12.45 303.126
3 16 85.4144 -8 303.126 83.126 -8 305.4144 85.4144 -12.45 303.126
3 16 85.4144 -12.45 303.126 83.126 -8 305.4144 83.126 -12.45 305.4144
3 16 83.126 -8 305.4144 80 -8 306.252 83.126 -12.45 305.4144
3 16 83.126 -12.45 305.4144 80 -8 306.252 80 -12.45 306.252
3 16 80 -8 306.252 76.874 -8 305.4144 80 -12.45 306.252
3 16 80 -12.45 306.252 76.874 -8 305.4144 76.874 -12.45 305.4144
3 16 140 -20.45 160 136.874 -20.45 165.4144 134.5856 -20.45 163.126
3 16 134.5856 -20.45 163.126 133.748 -20.45 160 140 -20.45 160
3 16 133.748 -20.45 160 134.5856 -20.45 156.874 140 -20.45 160
3 16 134.5856 -20.45 156.874 136.874 -20.45 154.5856 140 -20.45 160
3 16 136.874 -20.45 154.5856 140 -20.45 153.748 140 -20.45 160
3 16 140 -20.45 153.748 143.126 -20.45 154.5856 140 -20.45 160
3 16 143.126 -20.45 154.5856 145.4144 -20.45 156.874 140 -20.45 160
3 16 145.4144 -20.45 156.874 146.252 -20.45 160 140 -20.45 160
3 16 146.252 -20.45 160 145.4144 -20.45 163.126 140 -20.45 160
3 16 145.4144 -20.45 163.126 143.126 -20.45 165.4144 140 -20.45 160
3 16 143.126 -20.45 165.4144 140 -20.45 166.252 140 -20.45 160
3 16 140 -20.45 166.252 136.874 -20.45 165.4144 140 -20.45 160
3 16 136.874 -16 165.4144 134.5856 -16 163.126 136.874 -20.45 165.4144
3 16 136.874 -20.45 165.4144 134.5856 -16 163.126 134.5856 -20.45 163.126
3 16 134.5856 -16 163.126 133.748 -16 160 134.5856 -20.45 163.126
3 16 134.5856 -20.45 163.126 133.748 -16 160 133.748 -20.45 160
3 16 133.748 -16 160 134.5856 -16 156.874 133.748 -20.45 160
3 16 133.748 -20.45 160 134.5856 -16 156.874 134.5856 -20.45 156.874
3 16 134.5856 -16 156.874 136.874 -16 154.5856 134.5856 -20.45 156.874
3 16 134.5856 -20.45 156.874 136.874 -16 154.5856 136.874 -20.45 154.5856
3 16 136.874 -16 154.5856 140 -16 153.748 136.874 -20.45 154.5856
3 16 136.874 -20.45 154.5856 140 -16 153.748 140 -20.45 153.748
3 16 140 -16 153.748 143.126 -16 154.5856 140 -20.45 153.748
3 16 140 -20.45 153.748 143.126 -16 154.5856 143.126 -20.45 154.5856
3 16 143.126 -16 154.5856 145.4144 -16 156.874 143.126 -20.45 154.5856
3 16 143.126 -20.45 154.5856 145.4144 -16 156.874 145.4144 -20.45 156.874
3 16 145.4144 -16 156.874 146.252 -16 160 145.4144 -20.45 156.874
3 16 145.4144 -20.45 156.874 146.252 -16 160 146.252 -20.45 160
3 16 146.252 -16 160 145.4144 -16 163.126 146.252 -20.45 160
3 16 146.252 -20.45 160 145.4144 -16 163.126 145.4144 -20.45 163.126
3 16 145.4144 -16 163.126 143.126 -16 165.4144 145.4144 -20.45 163.126
3 16 145.4144 -20.45 163.126 143.126 -16 165.4144 143.126 -20.45 165.4144
3 16 143.126 -16 165.4144 140 -16 166.252 143.126 -20.45 165.4144
3 16 143.126 -20.45 165.4144 140 -16 166.252 140 -20.45 166.252
3 16 140 -16 166.252 136.874 -16 165.4144 140 -20.45 166.252
3 16 140 -20.45 166.252 136.874 -16 165.4144 136.874 -20.45 165.4144
3 16 60 -12.45 300 56.874 -12.45 305.4144 54.5856 -12.45 303.126
3 16 54.5856 -12.45 303.126 53.748 -12.45 300 60 -12.45 300
3 16 53.748 -12.45 300 54.5856 -12.45 296.874 60 -12.45 300
3 16 54.5856 -12.45 296.874 56.874 -12.45 294.5856 60 -12.45 300
3 16 56.874 -12.45 294.5856 60 -12.45 293.748 60 -12.45 300
3 16 60 -12.45 293.748 63.126 -12.45 294.5856 60 -12.45 300
3 16 63.126 -12.45 294.5856 65.4144 -12.45 296.874 60 -12.45 300
3 16 65.4144 -12.45 296.874 66.252 -12.45 300 60 -12.45 300
3 16 66.252 -12.45 300 65.4144 -12.45 303.126 60 -12.45 300
3 16 65.4144 -12.45 303.126 63.126 -12.45 305.4144 60 -12.45 300
3 16 63.126 -12.45 305.4144 60 -12.45 306.252 60 -12.45 300
3 16 60 -12.45 306.252 56.874 -12.45 305.4144 60 -12.45 300
3 16 56.874 -8 305.4144 54.5856 -8 303.126 56.874 -12.45 305.4144
3 16 56.874 -12.45 305.4144 54.5856 -8 303.126 54.5856 -12.45 303.126
3 16 54.5856 -8 303.126 53.748 -8 300 54.5856 -12.45 303.126
3 16 54.5856 -12.45 303.126 53.748 -8 300 53.748 -12.45 300
3 16 53.748 -8 300 54.5856 -8 296.874 53.748 -12.45 300
3 16 53.748 -12.45 300 54.5856 -8 296.874 54.5856 -12.45 296.874
3 16 54.5856 -8 296.874 56.874 -8 294.5856 54.5856 -12.45 296.874
3 16 54.5856 -12.45 296.874 56.874 -8 294.5856 56.874 -12.45 294.5856
3 16 56.874 -8 294.5856 60 -8 293.748 56.874 -12.45 294.5856
3 16 56.874 -12.45 294.5856 60 -8 293.748 60 -12.45 293.748
3 16 60 -8 293.748 63.126 -8 294.5856 60 -12.45 293.748
3 16 60 -12.45 293.748 63.126 -8 294.5856 63.126 -12.45 294.5856
3 16 63.126 -8 294.5856 65.4144 -8 296.874 63.126 -12.45 294.5856
3 16 63.126 -12.45 294.5856 65.4144 -8 296.874 65.4144 -12.45 296.874
3 16 65.4144 -8 296.874 66.252 -8 300 65.4144 -12.45 296.874
3 16 65.4144 -12.45 296.874 66.252 -8 300 66.252 -12.45 300
3 16 66.252 -8 300 65.4144 -8 303.126 66.252 -12.45 300
3 16 66.252 -12.45 300 65.4144 -8 303.126 65.4144 -12.45 303.126
3 16 65.4144 -8 303.126 63.126 -8 305.4144 65.4144 -12.45 303.126
3 16 65.4144 -12.45 303.126 63.126 -8 305.4144 63.126 -12.45 305.4144
3 16 63.126 -8 305.4144 60 -8 306.252 63.126 -12.45 305.4144
3 16 63.126 -12.45 305.4144 60 -8 306.252 60 -12.45 306.252
3 16 60 -8 306.252 56.874 -8 305.4144 60 -12.45 306.252
3 16 60 -12.45 306.252 56.874 -8 305.4144 56.874 -12.45 305.4144
3 16 0 -20.45 300 -3.126 -20.45 305.4144 -5.4144 -20.45 303.126
3 16 -5.4144 -20.45 303.126 -6.252 -20.45 300 0 -20.45 300
3 16 -6.252 -20.45 300 -5.4144 -20.45 296.874 0 -20.45 300
3 16 -5.4144 -20.45 296.874 -3.126 -20.45 294.5856 0 -20.45 300
3 16 -3.126 -20.45 294.5856 0 -20.45 293.748 0 -20.45 300
3 16 0 -20.45 293.748 3.126 -20.45 294.5856 0 -20.45 300
3 16 3.126 -20.45 294.5856 5.4144 -20.45 296.874 0 -20.45 300
3 16 5.4144 -20.45 296.874 6.252 -20.45 300 0 -20.45 300
3 16 6.252 -20.45 300 5.4144 -20.45 303.126 0 -20.45 300
3 16 5.4144 -20.45 303.126 3.126 -20.45 305.4144 0 -20.45 300
3 16 3.126 -20.45 305.4144 0 -20.45 306.252 0 -20.45 300
3 16 0 -20.45 306.252 -3.126 -20.45 305.4144 0 -20.45 300
3 16 -3.126 -16 305.4144 -5.4144 -16 303.126 -3.126 -20.45 305.4144
3 16 -3.126 -20.45 305.4144 -5.4144 -16 303.126 -5.4144 -20.45 303.126
3 16 -5.4144 -16 303.126 -6.252 -16 300 -5.4144 -20.45 303.126
3 16 -5.4144 -20.45 303.126 -6.252 -16 300 -6.252 -20.45 300
3 16 -6.252 -16 300 -5.4144 -16 296.874 -6.252 -20.45 300
3 16 -6.252 -20.45 300 -5.4144 -16 296.874 -5.4144 -20.45 296.874
3 16 -5.4144 -16 296.874 -3.126 -16 294.5856 -5.4144 -20.45 296.874
3 16 -5.4144 -20.45 296.874 -3.126 -16 294.5856 -3.126 -20.45 294.5856
3 16 -3.126 -16 294.5856 0 -16 293.748 -3.126 -20.45 294.5856
3 16 -3.126 -20.45 294.5856 0 -16 293.748 0 -20.45 293.748
3 16 0 -16 293.748 3.126 -16 294.5856 0 -20.45 293.748
3 16 0 -20.45 293.748 3.126 -16 294.5856 3.126 -20.45 294.5856
3 16 3.126 -16 294.5856 5.4144 -16 296.874 3.126 -20.45 294.5856
3 16 3.126 -20.45 294.5856 5.4144 -16 296.874 5.4144 -20.45 296.874
3 16 5.4144 -16 296.874 6.252 -16 300 5.4144 -20.45 296.874
3 16 5.4144 -20.45 296.874 6.252 -16 300 6.252 -20.45 300
3 16 6.252 -16 300 5.4144 -16 303.126 6.252 -20.45 300
3 16 6.252 -20.45 300 5.4144 -16 303.126 5.4144 -20.45 303.126
3 16 5.4144 -16 303.126 3.126 -16 305.4144 5.4144 -20.45 303.126
3 16 5.4144 -20.45 303.126 3.126 -16 305.4144 3.126 -20.45 305.4144
3 16 3.126 -16 305.4144 0 -16 306.252 3.126 -20.45 305.4144
3 16 3.126 -20.45 305.4144 0 -16 306.252 0 -20.45 306.252
3 16 0 -16 306.252 -3.126 -16 305.4144 0 -20.45 306.252
3 16 0 -20.45 306.252 -3.126 -16 305.4144 -3.126 -20.45 305.4144
3 16 140 -12.45 60 136.874 -12.45 65.4144 134.5856 -12.45 63.126
3 16 134.5856 -12.45 63.126 133.748 -12.45 60 140 -12.45 60
3 16 133.748 -12.45 60 134.5856 -12.45 56.874 140 -12.45 60
3 16 134.5856 -12.45 56.874 136.874 -12.45 54.5856 140 -12.45 60
3 16 136.874 -12.45 54.5856 140 -12.45 53.748 140 -12.45 60
3 16 140 -12.45 53.748 143.126 -12.45 54.5856 140 -12.45 60
3 16 143.126 -12.45 54.5856 145.4144 -12.45 56.874 140 -12.45 60
3 16 145.4144 -12.45 56.874 146.252 -12.45 60 140 -12.45 60
3 16 146.252 -12.45 60 145.4144 -12.45 63.126 140 -12.45 60
3 16 145.4144 -12.45 63.126 143.126 -12.45 65.4144 140 -12.45 60
3 16 143.126 -12.45 65.4144 140 -12.45 66.252 140 -12.45 60
3 16 140 -12.45 66.252 136.874 -12.45 65.4144 140 -12.45 60
3 16 136.874 -8 65.4144 134.5856 -8 63.126 136.874 -12.45 65.4144
3 16 136.874 -12.45 65.4144 134.5856 -8 63.126 134.5856 -12.45 63.126
3 16 134.5856 -8 63.126 133.748 -8 60 134.5856 -12.45 63.126
3 16 134.5856 -12.45 63.126 133.748 -8 60 133.748 -12.45 60
3 16 133.748 -8 60 134.5856 -8 56.874 133.748 -12.45 60
3 16 133.748 -12.45 60 134.5856 -8 56.874 134.5856 -12.45 56.874
3 16 134.5856 -8 56.874 136.874 -8 54.5856 134.5856 -12.45 56.874
3 16 134.5856 -12.45 56.874 136.874 -8 54.5856 136.874 -12.45 54.5856
3 16 136.874 -8 54.5856 140 -8 53.748 136.874 -12.45 54.5856
3 16 136.874 -12.45 54.5856 140 -8 53.748 140 -12.45 53.748
3 16 140 -8 53.748 143.126 -8 54.5856 140 -12.45 53.748
3 16 140 -12.45 53.748 143.126 -8 54.5856 143.126 -12.45 54.5856
3 16 143.126 -8 54.5856 145.4144 -8 56.874 143.126 -12.45 54.5856
3 16 143.126 -12.45 54.5856 145.4144 -8 56.874 145.4144 -12.45 56.874
3 16 145.4144 -8 56.874 146.252 -8 60 145.4144 -12.45 56.874
3 16 145.4144 -12.45 56.874 146.252 -8 60 146.252 -12.45 60
3 16 146.252 -8 60 145.4144 -8 63.126 146.252 -12.45 60
3 16 146.252 -12.45 60 145.4144 -8 63.126 145.4144 -12.45 63.126
3 16 145.4144 -8 63.126 143.126 -8 65.4144 145.4144 -12.45 63.126
3 16 145.4144 -12.45 63.126 143.126 -8 65.4144 143.126 -12.45 65.4144
3 16 143.126 -8 65.4144 140 -8 66.252 143.126 -12.45 65.4144
3 16 143.126 -12.45 65.4144 140 -8 66.252 140 -12.45 66.252
3 16 140 -8 66.252 136.874 -8 65.4144 140 -12.45 66.252
3 16 140 -12.45 66.252 136.874 -8 65.4144 136.874 -12.45 65.4144
3 16 100 -12.45 0 96.874 -12.45 5.4144 94.5856 -12.45 3.126
3 16 94.5856 -12.45 3.126 93.748 -12.45 0 100 -12.45 0
3 16 93.748 -12.45 0 94.5856 -12.45 -3.126 100 -12.45 0
3 16 94.5856 -12.45 -3.126 96.874 -12.45 -5.4144 100 -12.45 0
3 16 96.874 -12.45 -5.4144 100 -12.45 -6.252 100 -12.45 0
3 16 100 -12.45 -6.252 103.126 -12.45 -5.4144 100 -12.45 0
3 16 103.126 -12.45 -5.4144 105.4144 -12.45 -3.126 100 -12.45 0
3 16 105.4144 -12.45 -3.126 106.252 -12.45 0 100 -12.45 0
3 16 106.252 -12.45 0 105.4144 -12.45 3.126 100 -12.45 0
3 16 105.4144 -12.45 3.126 103.126 -12.45 5.4144 100 -12.45 0
3 16 103.126 -12.45 5.4144 100 -12.45 6.252 100 -12.45 0
3 16 100 -12.45 6.252 96.874 -12.45 5.4144 100 -12.45 0
3 16 96.874 -8 5.4144 94.5856 -8 3.126 96.874 -12.45 5.4144
3 16 96.874 -12.45 5.4144 94.5856 -8 3.126 94.5856 -12.45 3.126
3 16 94.5856 -8 3.126 93.748 -8 0 94.5856 -12.45 3.126
3 16 94.5856 -12.45 3.126 93.748 -8 0 93.748 -12.45 0
3 16 93.748 -8 0 94.5856 -8 -3.126 93.748 -12.45 0
3 16 93.748 -12.45 0 94.5856 -8 -3.126 94.5856 -12.45 -3.126
3 16 94.5856 -8 -3.126 96.874 -8 -5.4144 94.5856 -12.45 -3.126
3 16 94.5856 -12.45 -3.126 96.874 -8 -5.4144 96.874 -12.45 -5.4144
3 16 96.874 -8 -5.4144 100 -8 -6.252 96.874 -12.45 -5.4144
3 16 96.874 -12.45 -5.4144 100 -8 -6.252 100 -12.45 -6.252
3 16 100 -8 -6.252 103.126 -8 -5.4144 100 -12.45 -6.252
3 16 100 -12.45 -6.252 103.126 -8 -5.4144 103.126 -12.45 -5.4144
3 16 103.126 -8 -5.4144 105.4144 -8 -3.126 103.126 -12.45 -5.4144
3 16 103.126 -12.45 -5.4144 105.4144 -8 -3.126 105.4144 -12.45 -3.126
3 16 105.4144 -8 -3.126 106.252 -8 0 105.4144 -12.45 -3.126
3 16 105.4144 -12.45 -3.126 106.252 -8 0 106.252 -12.45 0
3 16 106.252 -8 0 105.4144 -8 3.126 106.252 -12.45 0
3 16 106.252 -12.45 0 105.4144 -8 3.126 105.4144 -12.45 3.126
3 16 105.4144 -8 3.126 103.126 -8 5.4144 105.4144 -12.45 3.126
3 16 105.4144 -12.45 3.126 103.126 -8 5.4144 103.126 -12.45 5.4144
3 16 103.126 -8 5.4144 100 -8 6.252 103.126 -12.45 5.4144
3 16 103.126 -12.45 5.4144 100 -8 6.252 100 -12.45 6.252
3 16 100 -8 6.252 96.874 -8 5.4144 100 -12.45 6.252
3 16 100 -12.45 6.252 96.874 -8 5.4144 96.874 -12.45 5.4144
3 16 140 -20.45 140 136.874 -20.45 145.4144 134.5856 -20.45 143.126
3 16 134.5856 -20.45 143.126 133.748 -20.45 140 140 -20.45 140
3 16 133.748 -20.45 140 134.5856 -20.45 136.874 140 -20.45 140
3 16 134.5856 -20.45 136.874 136.874 -20.45 134.5856 140 -20.45 140
3 16 136.874 -20.45 134.5856 140 -20.45 133.748 140 -20.45 140
3 16 140 -20.45 133.748 143.126 -20.45 134.5856 140 -20.45 140
3 16 143.126 -20.45 134.5856 145.4144 -20.45 136.874 140 -20.45 140
3 16 145.4144 -20.45 136.874 146.252 -20.45 140 140 -20.45 140
3 16 146.252 -20.45 140 145.4144 -20.45 143.126 140 -20.45 140
3 16 145.4144 -20.45 143.126 143.126 -20.45 145.4144 140 -20.45 140
3 16 143.126 -20.45 145.4144 140 -20.45 146.252 140 -20.45 140
3 16 140 -20.45 146.252 136.874 -20.45 145.4144 140 -20.45 140
3 16 136.874 -16 145.4144 134.5856 -16 143.126 136.874 -20.45 145.4144
3 16 136.874 -20.45 145.4144 134.5856 -16 143.126 134.5856 -20.45 143.126
3 16 134.5856 -16 143.126 133.748 -16 140 134.5856 -20.45 143.126
3 16 134.5856 -20.45 143.126 133.748 -16 140 133.748 -20.45 140
3 16 133.748 -16 140 134.5856 -16 136.874 133.748 -20.45 140
3 16 133.748 -20.45 140 134.5856 -16 136.874 134.5856 -20.45 136.874
3 16 134.5856 -16 136.874 136.874 -16 134.5856 134.5856 -20.45 136.874
3 16 134.5856 -20.45 136.874 136.874 -16 134.5856 136.874 -20.45 134.5856
3 16 136.874 -16 134.5856 140 -16 133.748 136.874 -20.45 134.5856
3 16 136.874 -20.45 134.5856 140 -16 133.748 140 -20.45 133.748
3 16 140 -16 133.748 143.126 -16 134.5856 140 -20.45 133.748
3 16 140 -20.45 133.748 143.126 -16 134.5856 143.126 -20.45 134.5856
3 16 143.126 -16 134.5856 145.4144 -16 136.874 143.126 -20.45 134.5856
3 16 143.126 -20.45 134.5856 145.4144 -16 136.874 145.4144 -20.45 136.874
3 16 145.4144 -16 136.874 146.252 -16 140 145.4144 -20.45 136.874
3 16 145.4144 -20.45 136.874 146.252 -16 140 146.252 -20.45 140
3 16 146.252 -16 140 145.4144 -16 143.126 146.252 -20.45 140
3 16 146.252 -20.45 140 145.4144 -16 143.126 145.4144 -20.45 143.126
3 16 145.4144 -16 143.126 143.126 -16 145.4144 145.4144 -20.45 143.126
3 16 145.4144 -20.45 143.126 143.126 -16 145.4144 143.126 -20.45 145.4144
3 16 143.126 -16 145.4144 140 -16 146.252 143.126 -20.45 145.4144
3 16 143.126 -20.45 145.4144 140 -16 146.252 140 -20.45 146.252
3 16 140 -16 146.252 136.874 -16 145.4144 140 -20.45 146.252
3 16 140 -20.45 146.252 136.874 -16 145.4144 136.874 -20.45 145.4144
3 16 140 -20.45 300 136.874 -20.45 305.4144 134.5856 -20.45 303.126
3 16 134.5856 -20.45 303.126 133.748 -20.45 300 140 -20.45 300
3 16 133.748 -20.45 300 134.5856 -20.45 296.874 140 -20.45 300
3 16 134.5856 -20.45 296.874 136.874 -20.45 294.5856 140 -20.45 300
3 16 136.874 -20.45 294.5856 140 -20.45 293.748 140 -20.45 300
3 16 140 -20.45 293.748 143.126 -20.45 294.5856 140 -20.45 300
3 16 143.126 -20.45 294.5856 145.4144 -20.45 296.874 140 -20.45 300
3 16 145.4144 -20.45 296.874 146.252 -20.45 300 140 -20.45 300
3 16 146.252 -20.45 300 145.4144 -20.45 303.126 140 -20.45 300
3 16 145.4144 -20.45 303.126 143.126 -20.45 305.4144 140 -20.45 300
3 16 143.126 -20.45 305.4144 140 -20.45 306.252 140 -20.45 300
3 16 140 -20.45 306.252 136.874 -20.45 305.4144 140 -20.45 300
3 16 136.874 -16 305.4144 134.5856 -16 303.126 136.874 -20.45 305.4144
3 16 136.874 -20.45 305.4144 134.5856 -16 303.126 134.5856 -20.45 303.126
3 16 134.5856 -16 303.126 133.748 -16 300 134.5856 -20.45 303.126
3 16 134.5856 -20.45 303.126 133.748 -16 300 133.748 -20.45 300
3 16 133.748 -16 300 134.5856 -16 296.874 133.748 -20.45 300
3 16 133.748 -20.45 300 134.5856 -16 296.874 134.5856 -20.45 296.874
3 16 134.5856 -16 296.874 136.874 -16 294.5856 134.5856 -20.45 296.874
3 16 134.5856 -20.45 296.874 136.874 -16 294.5856 136.874 -20.45 294.5856
3 16 136.874 -16 294.5856 140 -16 293.748 136.874 -20.45 294.5856
3 16 136.874 -20.45 294.5856 140 -16 293.748 140 -20.45 293.748
3 16 140 -16 293.748 143.126 -16 294.5856 140 -20.45 293.748
3 16 140 -20.45 293.748 143.126 -16 294.5856 143.126 -20.45 294.5856
3 16 143.126 -16 294.5856 145.4144 -16 296.874 143.126 -20.45 294.5856
3 16 143.126 -20.45 294.5856 145.4144 -16 296.874 145.4144 -20.45 296.874
3 16 145.4144 -16 296.874 146.252 -16 300 145.4144 -20.45 296.874
3 16 145.4144 -20.45 296.874 146.252 -16 300 146.252 -20.45 300
3 16 146.252 -16 300 145.4144 -16 303.126 146.252 -20.45 300
3 16 146.252 -20.45 300 145.4144 -16 303.126 145.4144 -20.45 303.126
3 16 145.4144 -16 303.126 143.126 -16 305.4144 145.4144 -20.45 303.126
3 16 145.4144 -20.45 303.126 143.126 -16 305.4144 143.126 -20.45 305.4144
3 16 143.126 -16 305.4144 140 -16 306.252 143.126 -20.45 305.4144
3 16 143.126 -20.45 305.4144 140 -16 306.252 140 -20.45 306.252
3 16 140 -16 306.252 136.874 -16 305.4144 140 -20.45 306.252
3 16 140 -20.45 306.252 136.874 -16 305.4144 136.874 -20.45 305.4144
3 16 140 -12.45 200 136.874 -12.45 205.4144 134.5856 -12.45 203.126
3 16 134.5856 -12.45 203.126 133.748 -12.45 200 140 -12.45 200
3 16 133.748 -12.45 200 134.5856 -12.45 196.874 140 -12.45 200
3 16 134.5856 -12.45 196.874 136.874 -12.45 194.5856 140 -12.45 200
3 16 136.874 -12.45 194.5856 140 -12.45 193.748 140 -12.45 200
3 16 140 -12.45 193.748 143.126 -12.45 194.5856 140 -12.45 200
3 16 143.126 -12.45 194.5856 145.4144 -12.45 196.874 140 -12.45 200
3 16 145.4144 -12.45 196.874 146.252 -12.45 200 140 -12.45 200
3 16 146.252 -12.45 200 145.4144 -12.45 203.126 140 -12.45 200
3 16 145.4144 -12.45 203.126 143.126 -12.45 205.4144 140 -12.45 200
3 16 143.126 -12.45 205.4144 140 -12.45 206.252 140 -12.45 200
3 16 140 -12.45 206.252 136.874 -12.45 205.4144 140 -12.45 200
3 16 136.874 -8 205.4144 134.5856 -8 203.126 136.874 -12.45 205.4144
3 16 136.874 -12.45 205.4144 134.5856 -8 203.126 134.5856 -12.45 203.126
3 16 134.5856 -8 203.126 133.748 -8 200 134.5856 -12.45 203.126
3 16 134.5856 -12.45 203.126 133.748 -8 200 133.748 -12.45 200
3 16 133.748 -8 200 134.5856 -8 196.874 133.748 -12.45 200
3 16 133.748 -12.45 200 134.5856 -8 196.874 134.5856 -12.45 196.874
3 16 134.5856 -8 196.874 136.874 -8 194.5856 134.5856 -12.45 196.874
3 16 134.5856 -12.45 196.874 136.874 -8 194.5856 136.874 -12.45 194.5856
3 16 136.874 -8 194.5856 140 -8 193.748 136.874 -12.45 194.5856
3 16 136.874 -12.45 194.5856 140 -8 193.748 140 -12.45 193.748
3 16 140 -8 193.748 143.126 -8 194.5856 140 -12.45 193.748
3 16 140 -12.45 193.748 143.126 -8 194.5856 143.126 -12.45 194.5856
3 16 143.126 -8 194.5856 145.4144 -8 196.874 143.126 -12.45 194.5856
3 16 143.126 -12.45 194.5856 145.4144 -8 196.874 145.4144 -12.45 196.874
3 16 145.4144 -8 196.874 146.252 -8 200 145.4144 -12.45 196.874
3 16 145.4144 -12.45 196.874 146.252 -8 200 146.252 -12.45 200
3 16 146.252 -8 200 145.4144 -8 203.126 146.252 -12.45 200
3 16 146.252 -12.45 200 145.4144 -8 203.126 145.4144 -12.45 203.126
3 16 145.4144 -8 203.126 143.126 -8 205.4144 145.4144 -12.45 203.126
3 16 145.4144 -12.45 203.126 143.126 -8 205.4144 143.126 -12.45 205.4144
3 16 143.126 -8 205.4144 140 -8 206.252 143.126 -12.45 205.4144
3 16 143.126 -12.45 205.4144 140 -8 206.252 140 -12.45 206.252
3 16 140 -8 206.252 136.874 -8 205.4144 140 -12.45 206.252
3 16 140 -12.45 206.252 136.874 -8 205.4144 136.874 -12.45 205.4144
3 16 0 -20.45 180 -3.126 -20.45 185.4144 -5.4144 -20.45 183.126
3 16 -5.4144 -20.45 183.126 -6.252 -20.45 180 0 -20.45 180
3 16 -6.252 -20.45 180 -5.4144 -20.45 176.874 0 -20.45 180
3 16 -5.4144 -20.45 176.874 -3.126 -20.45 174.5856 0 -20.45 180
3 16 -3.126 -20.45 174.5856 0 -20.45 173.748 0 -20.45 180
3 16 0 -20.45 173.748 3.126 -20.45 174.5856 0 -20.45 180
3 16 3.126 -20.45 174.5856 5.4144 -20.45 176.874 0 -20.45 180
3 16 5.4144 -20.45 176.874 6.252 -20.45 180 0 -20.45 180
3 16 6.252 -20.45 180 5.4144 -20.45 183.126 0 -20.45 180
3 16 5.4144 -20.45 183.126 3.126 -20.45 185.4144 0 -20.45 180
3 16 3.126 -20.45 185.4144 0 -20.45 186.252 0 -20.45 180
3 16 0 -20.45 186.252 -3.126 -20.45 185.4144 0 -20.45 180
3 16 -3.126 -16 185.4144 -5.4144 -16 183.126 -3.126 -20.45 185.4144
3 16 -3.126 -20.45 185.4144 -5.4144 -16 183.126 -5.4144 -20.45 183.126
3 16 -5.4144 -16 183.126 -6.252 -16 180 -5.4144 -20.45 183.126
3 16 -5.4144 -20.45 183.126 -6.252 -16 180 -6.252 -20.45 180
3 16 -6.252 -16 180 -5.4144 -16 176.874 -6.252 -20.45 180
3 16 -6.252 -20.45 180 -5.4144 -16 176.874 -5.4144 -20.45 176.874
3 16 -5.4144 -16 176.874 -3.126 -16 174.5856 -5.4144 -20.45 176.874
3 16 -5.4144 -20.45 176.874 -3.126 -16 174.5856 -3.126 -20.45 174.5856
3 16 -3.126 -16 174.5856 0 -16 173.748 -3.126 -20.45 174.5856
3 16 -3.126 -20.45 174.5856 0 -16 173.748 0 -20.45 173.748
3 16 0 -16 173.748 3.126 -16 174.5856 0 -20.45 173.748
3 16 0 -20.45 173.748 3.126 -16 174.5856 3.126 -20.45 174.5856
3 16 3.126 -16 174.5856 5.4144 -16 176.874 3.126 -20.45 174.5856
3 16 3.126 -20.45 174.5856 5.4144 -16 176.874 5.4144 -20.45 176.874
3 16 5.4144 -16 176.874 6.252 -16 180 5.4144 -20.45 176.874
3 16 5.4144 -20.45 176.874 6.252 -16 180 6.252 -20.45 180
3 16 6.252 -16 180 5.4144 -16 183.126 6.252 -20.45 180
3 16 6.252 -20.45 180 5.4144 -16 183.126 5.4144 -20.45 183.126
3 16 5.4144 -16 183.126 3.126 -16 185.4144 5.4144 -20.45 183.126
3 16 5.4144 -20.45 183.126 3.126 -16 185.4144 3.126 -20.45 185.4144
3 16 3.126 -16 185.4144 0 -16 186.252 3.126 -20.45 185.4144
3 16 3.126 -20.45 185.4144 0 -16 186.252 0 -20.45 186.252
3 16 0 -16 186.252 -3.126 -16 185.4144 0 -20.45 186.252
3 16 0 -20.45 186.252 -3.126 -16 185.4144 -3.126 -20.45 185.4144
3 16 140 -20.45 280 136.874 -20.45 285.4144 134.5856 -20.45 283.126
3 16 134.5856 -20.45 283.126 133.748 -20.45 280 140 -20.45 280
3 16 133.748 -20.45 280 134.5856 -20.45 276.874 140 -20.45 280
3 16 134.5856 -20.45 276.874 136.874 -20.45 274.5856 140 -20.45 280
3 16 136.874 -20.45 274.5856 140 -20.45 273.748 140 -20.45 280
3 16 140 -20.45 273.748 143.126 -20.45 274.5856 140 -20.45 280
3 16 143.126 -20.45 274.5856 145.4144 -20.45 276.874 140 -20.45 280
3 16 145.4144 -20.45 276.874 146.252 -20.45 280 140 -20.45 280
3 16 146.252 -20.45 280 145.4144 -20.45 283.126 140 -20.45 280
3 16 145.4144 -20.45 283.126 143.126 -20.45 285.4144 140 -20.45 280
3 16 143.126 -20.45 285.4144 140 -20.45 286.252 140 -20.45 280
3 16 140 -20.45 286.252 136.874 -20.45 285.4144 140 -20.45 280
3 16 136.874 -16 285.4144 134.5856 -16 283.126 136.874 -20.45 285.4144
3 16 136.874 -20.45 285.4144 134.5856 -16 283.126 134.5856 -20.45 283.126
3 16 134.5856 -16 283.126 133.748 -16 280 134.5856 -20.45 283.126
3 16 134.5856 -20.45 283.126 133.748 -16 280 133.748 -20.45 280
3 16 133.748 -16 280 134.5856 -16 276.874 133.748 -20.45 280
3 16 133.748 -20.45 280 134.5856 -16 276.874 134.5856 -20.45 276.874
3 16 134.5856 -16 276.874 136.874 -16 274.5856 134.5856 -20.45 276.874
3 16 134.5856 -20.45 276.874 136.874 -16 274.5856 136.874 -20.45 274.5856
3 16 136.874 -16 274.5856 140 -16 273.748 136.874 -20.45 274.5856
3 16 136.874 -20.45 274.5856 140 -16 273.748 140 -20.45 273.748
3 16 140 -16 273.748 143.126 -16 274.5856 140 -20.45 273.748
3 16 140 -20.45 273.748 143.126 -16 274.5856 143.126 -20.45 274.5856
3 16 143.126 -16 274.5856 145.4144 -16 276.874 143.126 -20.45 274.5856
3 16 143.126 -20.45 274.5856 145.4144 -16 276.874 145.4144 -20.45 276.874
3 16 145.4144 -16 276.874 146.252 -16 280 145.4144 -20.45 276.874
3 16 145.4144 -20.45 276.874 146.252 -16 280 146.252 -20.45 280
3 16 146.252 -16 280 145.4144 -16 283.126 146.252 -20.45 280
3 16 146.252 -20.45 280 145.4144 -16 283.126 145.4144 -20.45 283.126
3 16 145.4144 -16 283.126 143.126 -16 285.4144 145.4144 -20.45 283.126
3 16 145.4144 -20.45 283.126 143.126 -16 285.4144 143.126 -20.45 285.4144
3 16 143.126 -16 285.4144 140 -16 286.252 143.126 -20.45 285.4144
3 16 143.126 -20.45 285.4144 140 -16 286.252 140 -20.45 286.252
3 16 140 -16 286.252 136.874 -16 285.4144 140 -20.45 286.252
3 16 140 -20.45 286.252 136.874 -16 285.4144 136.874 -20.45 285.4144
3 16 0 -20.45 0 -3.126 -20.45 5.4144 -5.4144 -20.45 3.126
3 16 -5.4144 -20.45 3.126 -6.252 -20.45 0 0 -20.45 0
3 16 -6.252 -20.45 0 -5.4144 -20.45 -3.126 0 -20.45 0
3 16 -5.4144 -20.45 -3.126 -3.126 -20.45 -5.4144 0 -20.45 0
3 16 -3.126 -20.45 -5.4144 0 -20.45 -6.252 0 -20.45 0
3 16 0 -20.45 -6.252 3.126 -20.45 -5.4144 0 -20.45 0
3 16 3.126 -20.45 -5.4144 5.4144 -20.45 -3.126 0 -20.45 0
3 16 5.4144 -20.45 -3.126 6.252 -20.45 0 0 -20.45 0
3 16 6.252 -20.45 0 5.4144 -20.45 3.126 0 -20.45 0
3 16 5.4144 -20.45 3.126 3.126 -20.45 5.4144 0 -20.45 0
3 16 3.126 -20.45 5.4144 0 -20.45 6.252 0 -20.45 0
3 16 0 -20.45 6.252 -3.126 -20.45 5.4144 0 -20.45 0
3 16 -3.126 -16 5.4144 -5.4144 -16 3.126 -3.126 -20.45 5.4144
3 16 -3.126 -20.45 5.4144 -5.4144 -16 3.126 -5.4144 -20.45 3.126
3 16 -5.4144 -16 3.126 -6.252 -16 0 -5.4144 -20.45 3.126
3 16 -5.4144 -20.45 3.126 -6.252 -16 0 -6.252 -20.45 0
3 16 -6.252 -16 0 -5.4144 -16 -3.126 -6.252 -20.45 0
3 16 -6.252 -20.45 0 -5.4144 -16 -3.126 -5.4144 -20.45 -3.126
3 16 -5.4144 -16 -3.126 -3.126 -16 -5.4144 -5.4144 -20.45 -3.126
3 16 -5.4144 -20.45 -3.126 -3.126 -16 -5.4144 -3.126 -20.45 -5.4144
3 16 -3.126 -16 -5.4144 0 -16 -6.252 -3.126 -20.45 -5.4144
3 16 -3.126 -20.45 -5.4144 0 -16 -6.252 0 -20.45 -6.252
3 16 0 -16 -6.252 3.126 -16 -5.4144 0 -20.45 -6.252
3 16 0 -20.45 -6.252 3.126 -16 -5.4144 3.126 -20.45 -5.4144
3 16 3.126 -16 -5.4144 5.4144 -16 -3.126 3.126 -20.45 -5.4144
3 16 3.126 -20.45 -5.4144 5.4144 -16 -3.126 5.4144 -20.45 -3.126
3 16 5.4144 -16 -3.126 6.252 -16 0 5.4144 -20.45 -3.126
3 16 5.4144 -20.45 -3.126 6.252 -16 0 6.252 -20.45 0
3 16 6.252 -16 0 5.4144 -16 3.126 6.252 -20.45 0
3 16 6.252 -20.45 0 5.4144 -16 3.126 5.4144 -20.45 3.126
3 16 5.4144 -16 3.126 3.126 -16 5.4144 5.4144 -20.45 3.126
3 16 5.4144 -20.45 3.126 3.126 -16 5.4144 3.126 -20.45 5.4144
3 16 3.126 -16 5.4144 0 -16 6.252 3.126 -20.45 5.4144
3 16 3.126 -20.45 5.4144 0 -16 6.252 0 -20.45 6.252
3 16 0 -16 6.252 -3.126 -16 5.4144 0 -20.45 6.252
3 16 0 -20.45 6.252 -3.126 -16 5.4144 -3.126 -20.45 5.4144
3 16 140 -12.45 240 136.874 -12.45 245.4144 134.5856 -12.45 243.126
3 16 134.5856 -12.45 243.126 133.748 -12.45 240 140 -12.45 240
3 16 133.748 -12.45 240 134.5856 -12.45 236.874 140 -12.45 240
3 16 134.5856 -12.45 236.874 136.874 -12.45 234.5856 140 -12.45 240
3 16 136.874 -12.45 234.5856 140 -12.45 233.748 140 -12.45 240
3 16 140 -12.45 233.748 143.126 -12.45 234.5856 140 -12.45 240
3 16 143.126 -12.45 234.5856 145.4144 -12.45 236.874 140 -12.45 240
3 16 145.4144 -12.45 236.874 146.252 -12.45 240 140 -12.45 240
3 16 146.252 -12.45 240 145.4144 -12.45 243.126 140 -12.45 240
3 16 145.4144 -12.45 243.126 143.126 -12.45 245.4144 140 -12.45 240
3 16 143.126 -12.45 245.4144 140 -12.45 246.252 140 -12.45 240
3 16 140 -12.45 246.252 136.874 -12.45 245.4144 140 -12.45 240
3 16 136.874 -8 245.4144 134.5856 -8 243.126 136.874 -12.45 245.4144
3 16 136.874 -12.45 245.4144 134.5856 -8 243.126 134.5856 -12.45 243.126
3 16 134.5856 -8 243.126 133.748 -8 240 134.5856 -12.45 243.126
3 16 134.5856 -12.45 243.126 133.748 -8 240 133.748 -12.45 240
3 16 133.748 -8 240 134.5856 -8 236.874 133.748 -12.45 240
3 16 133.748 -12.45 240 134.5856 -8 236.874 134.5856 -12.45 236.874
3 16 134.5856 -8 236.874 136.874 -8 234.5856 134.5856 -12.45 236.874
3 16 134.5856 -12.45 236.874 136.874 -8 234.5856 136.874 -12.45 234.5856
3 16 136.874 -8 234.5856 140 -8 233.748 136.874 -12.45 234.5856
3 16 136.874 -12.45 234.5856 140 -8 233.748 140 -12.45 233.748
3 16 140 -8 233.748 143.126 -8 234.5856 140 -12.45 233.748
3 16 140 -12.45 233.748 143.126 -8 234.5856 143.126 -12.45 234.5856
3 16 143.126 -8 234.5856 145.4144 -8 236.874 143.126 -12.45 234.5856
3 16 143.126 -12.45 234.5856 145.4144 -8 236.874 145.4144 -12.45 236.874
3 16 145.4144 -8 236.874 146.252 -8 240 145.4144 -12.45 236.874
3 16 145.4144 -12.45 236.874 146.252 -8 240 146.252 -12.45 240
3 16 146.252 -8 240 145.4144 -8 243.126 146.252 -12.45 240
3 16 146.252 -12.45 240 145.4144 -8 243.126 145.4144 -12.45 243.126
3 16 145.4144 -8 243.126 143.126 -8 245.4144 145.4144 -12.45 243.126
3 16 145.4144 -12.45 243.126 143.126 -8 245.4144 143.126 -12.45 245.4144
3 16 143.126 -8 245.4144 140 -8 246.252 143.126 -12.45 245.4144
3 16 143.126 -12.45 245.4144 140 -8 246.252 140 -12.45 246.252
3 16 140 -8 246.252 136.874 -8 245.4144 140 -12.45 246.252
3 16 140 -12.45 246.252 136.874 -8 245.4144 136.874 -12.45 245.4144
3 16 0 -20.45 120 -3.126 -20.45 125.4144 -5.4144 -20.45 123.126
3 16 -5.4144 -20.45 123.126 -6.252 -20.45 120 0 -20.45 120
3 16 -6.252 -20.45 120 -5.4144 -20.45 116.874 0 -20.45 120
3 16 -5.4144 -20.45 116.874 -3.126 -20.45 114.5856 0 -20.45 120
3 16 -3.126 -20.45 114.5856 0 -20.45 113.748 0 -20.45 120
3 16 0 -20.45 113.748 3.126 -20.45 114.5856 0 -20.45 120
3 16 3.126 -20.45 114.5856 5.4144 -20.45 116.874 0 -20.45 120
3 16 5.4144 -20.45 116.874 6.252 -20.45 120 0 -20.45 120
3 16 6.252 -20.45 120 5.4144 -20.45 123.126 0 -20.45 120
3 16 5.4144 -20.45 123.126 3.126 -20.45 125.4144 0 -20.45 120
3 16 3.126 -20.45 125.4144 0 -20.45 126.252 0 -20.45 120
3 16 0 -20.45 126.252 -3.126 -20.45 125.4144 0 -20.45 120
3 16 -3.126 -16 125.4144 -5.4144 -16 123.126 -3.126 -20.45 125.4144
3 16 -3.126 -20.45 125.4144 -5.4144 -16 123.126 -5.4144 -20.45 123.126
3 16 -5.4144 -16 123.126 -6.252 -16 120 -5.4144 -20.45 123.126
3 16 -5.4144 -20.45 123.126 -6.252 -16 120 -6.252 -20.45 120
3 16 -6.252 -16 120 -5.4144 -16 116.874 -6.252 -20.45 120
3 16 -6.252 -20.45 120 -5.4144 -16 116.874 -5.4144 -20.45 116.874
3 16 -5.4144 -16 116.874 -3.126 -16 114.5856 -5.4144 -20.45 116.874
3 16 -5.4144 -20.45 116.874 -3.126 -16 114.5856 -3.126 -20.45 114.5856
3 16 -3.126 -16 114.5856 0 -16 113.748 -3.126 -20.45 114.5856
3 16 -3.126 -20.45 114.5856 0 -16 113.748 0 -20.45 113.748
3 16 0 -16 113.748 3.126 -16 114.5856 0 -20.45 113.748
3 16 0 -20.45 113.748 3.126 -16 114.5856 3.126 -20.45 114.5856
3 16 3.126 -16 114.5856 5.4144 -16 116.874 3.126 -20.45 114.5856
3 16 3.126 -20.45 114.5856 5.4144 -16 116.874 5.4144 -20.45 116.874
3 16 5.4144 -16 116.874 6.252 -16 120 5.4144 -20.45 116.874
3 16 5.4144 -20.45 116.874 6.252 -16 120 6.252 -20.45 120
3 16 6.252 -16 120 5.4144 -16 123.126 6.252 -20.45 120
3 16 6.252 -20.45 120 5.4144 -16 123.126 5.4144 -20.45 123.126
3 16 5.4144 -16 123.126 3.126 -16 125.4144 5.4144 -20.45 123.126
3 16 5.4144 -20.45 123.126 3.126 -16 125.4144 3.126 -20.45 125.4144
3 16 3.126 -16 125.4144 0 -16 126.252 3.126 -20.45 125.4144
3 16 3.126 -20.45 125.4144 0 -16 126.252 0 -20.45 126.252
3 16 0 -16 126.252 -3.126 -16 125.4144 0 -20.45 126.252
3 16 0 -20.45 126.252 -3.126 -16 125.4144 -3.126 -20.45 125.4144
3 16 0 -20.45 160 -3.126 -20.45 165.4144 -5.4144 -20.45 163.126
3 16 -5.4144 -20.45 163.126 -6.252 -20.45 160 0 -20.45 160
3 16 -6.252 -20.45 160 -5.4144 -20.45 156.874 0 -20.45 160
3 16 -5.4144 -20.45 156.874 -3.126 -20.45 154.5856 0 -20.45 160
3 16 -3.126 -20.45 154.5856 0 -20.45 153.748 0 -20.45 160
3 16 0 -20.45 153.748 3.126 -20.45 154.5856 0 -20.45 160
3 16 3.126 -20.45 154.5856 5.4144 -20.45 156.874 0 -20.45 160
3 16 5.4144 -20.45 156.874 6.252 -20.45 160 0 -20.45 160
3 16 6.252 -20.45 160 5.4144 -20.45 163.126 0 -20.45 160
3 16 5.4144 -20.45 163.126 3.126 -20.45 165.4144 0 -20.45 160
3 16 3.126 -20.45 165.4144 0 -20.45 166.252 0 -20.45 160
3 16 0 -20.45 166.252 -3.126 -20.45 165.4144 0 -20.45 160
3 16 -3.126 -16 165.4144 -5.4144 -16 163.126 -3.126 -20.45 165.4144
3 16 -3.126 -20.45 165.4144 -5.4144 -16 163.126 -5.4144 -20.45 163.126
3 16 -5.4144 -16 163.126 -6.252 -16 160 -5.4144 -20.45 163.126
3 16 -5.4144 -20.45 163.126 -6.252 -16 160 -6.252 -20.45 160
3 16 -6.252 -16 160 -5.4144 -16 156.874 -6.252 -20.45 160
3 16 -6.252 -20.45 160 -5.4144 -16 156.874 -5.4144 -20.45 156.874
3 16 -5.4144 -16 156.874 -3.126 -16 154.5856 -5.4144 -20.45 156.874
3 16 -5.4144 -20.45 156.874 -3.126 -16 154.5856 -3.126 -20.45 154.5856
3 16 -3.126 -16 154.5856 0 -16 153.748 -3.126 -20.45 154.5856
3 16 -3.126 -20.45 154.5856 0 -16 153.748 0 -20.45 153.748
3 16 0 -16 153.748 3.126 -16 154.5856 0 -20.45 153.748
3 16 0 -20.45 153.748 3.126 -16 154.5856 3.126 -20.45 154.5856
3 16 3.126 -16 154.5856 5.4144 -16 156.874 3.126 -20.45 154.5856
3 16 3.126 -20.45 154.5856 5.4144 -16 156.874 5.4144 -20.45 156.874
3 16 5.4144 -16 156.874 6.252 -16 160 5.4144 -20.45 156.874
3 16 5.4144 -20.45 156.874 6.252 -16 160 6.252 -20.45 160
3 16 6.252 -16 160 5.4144 -16 163.126 6.252 -20.45 160
3 16 6.252 -20.45 160 5.4144 -16 163.126 5.4144 -20.45 163.126
3 16 5.4144 -16 163.126 3.126 -16 165.4144 5.4144 -20.45 163.126
3 16 5.4144 -20.45 163.126 3.126 -16 165.4144 3.126 -20.45 165.4144
3 16 3.126 -16 165.4144 0 -16 166.252 3.126 -20.45 165.4144
3 16 3.126 -20.45 165.4144 0 -16 166.252 0 -20.45 166.252
3 16 0 -16 166.252 -3.126 -16 165.4144 0 -20.45 166.252
3 16 0 -20.45 166.252 -3.126 -16 165.4144 -3.126 -20.45 165.4144
3 16 140 -12.45 100 136.874 -12.45 105.4144 134.5856 -12.45 103.126
3 16 134.5856 -12.45 103.126 133.748 -12.45 100 140 -12.45 100
3 16 133.748 -12.45 100 134.5856 -12.45 96.874 140 -12.45 100
3 16 134.5856 -12.45 96.874 136.874 -12.45 94.5856 140 -12.45 100
3 16 136.874 -12.45 94.5856 140 -12.45 93.748 140 -12.45 100
3 16 140 -12.45 93.748 143.126 -12.45 94.5856 140 -12.45 100
3 16 143.126 -12.45 94.5856 145.4144 -12.45 96.874 140 -12.45 100
3 16 145.4144 -12.45 96.874 146.252 -12.45 100 140 -12.45 100
3 16 146.252 -12.45 100 145.4144 -12.45 103.126 140 -12.45 100
3 16 145.4144 -12.45 103.126 143.126 -12.45 105.4144 140 -12.45 100
3 16 143.126 -12.45 105.4144 140 -12.45 106.252 140 -12.45 100
3 16 140 -12.45 106.252 136.874 -12.45 105.4144 140 -12.45 100
3 16 136.874 -8 105.4144 134.5856 -8 103.126 136.874 -12.45 105.4144
3 16 136.874 -12.45 105.4144 134.5856 -8 103.126 134.5856 -12.45 103.126
3 16 134.5856 -8 103.126 133.748 -8 100 134.5856 -12.45 103.126
3 16 134.5856 -12.45 103.126 133.748 -8 100 133.748 -12.45 100
3 16 133.748 -8 100 134.5856 -8 96.874 133.748 -12.45 100
3 16 133.748 -12.45 100 134.5856 -8 96.874 134.5856 -12.45 96.874
3 16 134.5856 -8 96.874 136.874 -8 94.5856 134.5856 -12.45 96.874
3 16 134.5856 -12.45 96.874 136.874 -8 94.5856 136.874 -12.45 94.5856
3 16 136.874 -8 94.5856 140 -8 93.748 136.874 -12.45 94.5856
3 16 136.874 -12.45 94.5856 140 -8 93.748 140 -12.45 93.748
3 16 140 -8 93.748 143.126 -8 94.5856 140 -12.45 93.748
3 16 140 -12.45 93.748 143.126 -8 94.5856 143.126 -12.45 94.5856
3 16 143.126 -8 94.5856 145.4144 -8 96.874 143.126 -12.45 94.5856
3 16 143.126 -12.45 94.5856 145.4144 -8 96.874 145.4144 -12.45 96.874
3 16 145.4144 -8 96.874 146.252 -8 100 145.4144 -12.45 96.874
3 16 145.4144 -12.45 96.874 146.252 -8 100 146.252 -12.45 100
3 16 146.252 -8 100 145.4144 -8 103.126 146.252 -12.45 100
3 16 146.252 -12.45 100 145.4144 -8 103.126 145.4144 -12.45 103.126
3 16 145.4144 -8 103.126 143.126 -8 105.4144 145.4144 -12.45 103.126
3 16 145.4144 -12.45 103.126 143.126 -8 105.4144 143.126 -12.45 105.4144
3 16 143.126 -8 105.4144 140 -8 106.252 143.126 -12.45 105.4144
3 16 143.126 -12.45 105.4144 140 -8 106.252 140 -12.45 106.252
3 16 140 -8 106.252 136.874 -8 105.4144 140 -12.45 106.252
3 16 140 -12.45 106.252 136.874 -8 105.4144 136.874 -12.45 105.4144
3 16 140 -12.45 80 136.874 -12.45 85.4144 134.5856 -12.45 83.126
3 16 134.5856 -12.45 83.126 133.748 -12.45 80 140 -12.45 80
3 16 133.748 -12.45 80 134.5856 -12.45 76.874 140 -12.45 80
3 16 134.5856 -12.45 76.874 136.874 -12.45 74.5856 140 -12.45 80
3 16 136.874 -12.45 74.5856 140 -12.45 73.748 140 -12.45 80
3 16 140 -12.45 73.748 143.126 -12.45 74.5856 140 -12.45 80
3 16 143.126 -12.45 74.5856 145.4144 -12.45 76.874 140 -12.45 80
3 16 145.4144 -12.45 76.874 146.252 -12.45 80 140 -12.45 80
3 16 146.252 -12.45 80 145.4144 -12.45 83.126 140 -12.45 80
3 16 145.4144 -12.45 83.126 143.126 -12.45 85.4144 140 -12.45 80
3 16 143.126 -12.45 85.4144 140 -12.45 86.252 140 -12.45 80
3 16 140 -12.45 86.252 136.874 -12.45 85.4144 140 -12.45 80
3 16 136.874 -8 85.4144 134.5856 -8 83.126 136.874 -12.45 85.4144
3 16 136.874 -12.45 85.4144 134.5856 -8 83.126 134.5856 -12.45 83.126
3 16 134.5856 -8 83.126 133.748 -8 80 134.5856 -12.45 83.126
3 16 134.5856 -12.45 83.126 133.748 -8 80 133.748 -12.45 80
3 16 133.748 -8 80 134.5856 -8 76.874 133.748 -12.45 80
3 16 133.748 -12.45 80 134.5856 -8 76.874 134.5856 -12.45 76.874
3 16 134.5856 -8 76.874 136.874 -8 74.5856 134.5856 -12.45 76.874
3 16 134.5856 -12.45 76.874 136.874 -8 74.5856 136.874 -12.45 74.5856
3 16 136.874 -8 74.5856 140 -8 73.748 136.874 -12.45 74.5856
3 16 136.874 -12.45 74.5856 140 -8 73.748 140 -12.45 73.748
3 16 140 -8 73.748 143.126 -8 74.5856 140 -12.45 73.748
3 16 140 -12.45 73.748 143.126 -8 74.5856 143.126 -12.45 74.5856
3 16 143.126 -8 74.5856 145.4144 -8 76.874 143.126 -12.45 74.5856
3 16 143.126 -12.45 74.5856 145.4144 -8 76.874 145.4144 -12.45 76.874
3 16 145.4144 -8 76.874 146.252 -8 80 145.4144 -12.45 76.874
3 16 145.4144 -12.45 76.874 146.252 -8 80 146.252 -12.45 80
3 16 146.252 -8 80 145.4144 -8 83.126 146.252 -12.45 80
3 16 146.252 -12.45 80 145.4144 -8 83.126 145.4144 -12.45 83.126
3 16 145.4144 -8 83.126 143.126 -8 85.4144 145.4144 -12.45 83.126
3 16 145.4144 -12.45 83.126 143.126 -8 85.4144 143.126 -12.45 85.4144
3 16 143.126 -8 85.4144 140 -8 86.252 143.126 -12.45 85.4144
3 16 143.126 -12.45 85.4144 140 -8 86.252 140 -12.45 86.252
3 16 140 -8 86.252 136.874 -8 85.4144 140 -12.45 86.252
3 16 140 -12.45 86.252 136.874 -8 85.4144 136.874 -12.45 85.4144
3 16 0 -20.45 20 -3.126 -20.45 25.4144 -5.4144 -20.45 23.126
3 16 -5.4144 -20.45 23.126 -6.252 -20.45 20 0 -20.45 20
3 16 -6.252 -20.45 20 -5.4144 -20.45 16.874 0 -20.45 20
3 16 -5.4144 -20.45 16.874 -3.126 -20.45 14.5856 0 -20.45 20
3 16 -3.126 -20.45 14.5856 0 -20.45 13.748 0 -20.45 20
3 16 0 -20.45 13.748 3.126 -20.45 14.5856 0 -20.45 20
3 16 3.126 -20.45 14.5856 5.4144 -20.45 16.874 0 -20.45 20
3 16 5.4144 -20.45 16.874 6.252 -20.45 20 0 -20.45 20
3 16 6.252 -20.45 20 5.4144 -20.45 23.126 0 -20.45 20
3 16 5.4144 -20.45 23.126 3.126 -20.45 25.4144 0 -20.45 20
3 16 3.126 -20.45 25.4144 0 -20.45 26.252 0 -20.45 20
3 16 0 -20.45 26.252 -3.126 -20.45 25.4144 0 -20.45 20
3 16 -3.126 -16 25.4144 -5.4144 -16 23.126 -3.126 -20.45 25.4144
3 16 -3.126 -20.45 25.4144 -5.4144 -16 23.126 -5.4144 -20.45 23.126
3 16 -5.4144 -16 23.126 -6.252 -16 20 -5.4144 -20.45 23.126
3 16 -5.4144 -20.45 23.126 -6.252 -16 20 -6.252 -20.45 20
3 16 -6.252 -16 20 -5.4144 -16 16.874 -6.252 -20.45 20
3 16 -6.252 -20.45 20 -5.4144 -16 16.874 -5.4144 -20.45 16.874
3 16 -5.4144 -16 16.874 -3.126 -16 14.5856 -5.4144 -20.45 16.874
3 16 -5.4144 -20.45 16.874 -3.126 -16 14.5856 -3.126 -20.45 14.5856
3 16 -3.126 -16 14.5856 0 -16 13.748 -3.126 -20.45 14.5856
3 16 -3.126 -20.45 14.5856 0 -16 13.748 0 -20.45 13.748
3 16 0 -16 13.748 3.126 -16 14.5856 0 -20.45 13.748
3 16 0 -20.45 13.748 3.126 -16 14.5856 3.126 -20.45 14.5856
3 16 3.126 -16 14.5856 5.4144 -16 16.874 3.126 -20.45 14.5856
3 16 3.126 -20.45 14.5856 5.4144 -16 16.874 5.4144 -20.45 16.874
3 16 5.4144 -16 16.874 6.252 -16 20 5.4144 -20.45 16.874
3 16 5.4144 -20.45 16.874 6.252 -16 20 6.252 -20.45 20
3 16 6.252 -16 20 5.4144 -16 23.126 6.252 -20.45 20
3 16 6.252 -20.45 20 5.4144 -16 23.126 5.4144 -20.45 23.126
3 16 5.4144 -16 23.126 3.126 -16 25.4144 5.4144 -20.45 23.126
3 16 5.4144 -20.45 23.126 3.126 -16 25.4144 3.126 -20.45 25.4144
3 16 3.126 -16 25.4144 0 -16 26.252 3.126 -20.45 25.4144
3 16 3.126 -20.45 25.4144 0 -16 26.252 0 -20.45 26.252
3 16 0 -16 26.252 -3.126 -16 25.4144 0 -20.45 26.252
3 16 0 -20.45 26.252 -3.126 -16 25.4144 -3.126 -20.45 25.4144
3 16 140 -20.45 20 136.874 -20.45 25.4144 134.5856 -20.45 23.126
3 16 134.5856 -20.45 23.126 133.748 -20.45 20 140 -20.45 20
3 16 133.748 -20.45 20 134.5856 -20.45 16.874 140 -20.45 20
3 16 134.5856 -20.45 16.874 136.874 -20.45 14.5856 140 -20.45 20
3 16 136.874 -20.45 14.5856 140 -20.45 13.748 140 -20.45 20
3 16 140 -20.45 13.748 143.126 -20.45 14.5856 140 -20.45 20
3 16 143.126 -20.45 14.5856 145.4144 -20.45 16.874 140 -20.45 20
3 16 145.4144 -20.45 16.874 146.252 -20.45 20 140 -20.45 20
3 16 146.252 -20.45 20 145.4144 -20.45 23.126 140 -20.45 20
3 16 145.4144 -20.45 23.126 143.126 -20.45 25.4144 140 -20.45 20
3 16 143.126 -20.45 25.4144 140 -20.45 26.252 140 -20.45 20
3 16 140 -20.45 26.252 136.874 -20.45 25.4144 140 -20.45 20
3 16 136.874 -16 25.4144 134.5856 -16 23.126 136.874 -20.45 25.4144
3 16 136.874 -20.45 25.4144 134.5856 -16 23.126 134.5856 -20.45 23.126
3 16 134.5856 -16 23.126 133.748 -16 20 134.5856 -20.45 23.126
3 16 134.5856 -20.45 23.126 133.748 -16 20 133.748 -20.45 20
3 16 133.748 -16 20 134.5856 -16 16.874 133.748 -20.45 20
3 16 133.748 -20.45 20 134.5856 -16 16.874 134.5856 -20.45 16.874
3 16 134.5856 -16 16.874 136.874 -16 14.5856 134.5856 -20.45 16.874
3 16 134.5856 -20.45 16.874 136.874 -16 14.5856 136.874 -20.45 14.5856
3 16 136.874 -16 14.5856 140 -16 13.748 136.874 -20.45 14.5856
3 16 136.874 -20.45 14.5856 140 -16 13.748 140 -20.45 13.748
3 16 140 -16 13.748 143.126 -16 14.5856 140 -20.45 13.748
3 16 140 -20.45 13.748 143.126 -16 14.5856 143.126 -20.45 14.5856
3 16 143.126 -16 14.5856 145.4144 -16 16.874 143.126 -20.45 14.5856
3 16 143.126 -20.45 14.5856 145.4144 -16 16.874 145.4144 -20.45 16.874
3 16 145.4144 -16 16.874 146.252 -16 20 145.4144 -20.45 16.874
3 16 145.4144 -20.45 16.874 146.252 -16 20 146.252 -20.45 20
3 16 146.252 -16 20 145.4144 -16 23.126 146.252 -20.45 20
3 16 146.252 -20.45 20 145.4144 -16 23.126 145.4144 -20.45 23.126
3 16 145.4144 -16 23.126 143.126 -16 25.4144 145.4144 -20.45 23.126
3 16 145.4144 -20.45 23.126 143.126 -16 25.4144 143.126 -20.45 25.4144
3 16 143.126 -16 25.4144 140 -16 26.252 143.126 -20.45 25.4144
3 16 143.126 -20.45 25.4144 140 -16 26.252 140 -20.45 26.252
3 16 140 -16 26.252 136.874 -16 25.4144 140 -20.45 26.252
3 16 140 -20.45 26.252 136.874 -16 25.4144 136.874 -20.45 25.4144
3 16 140 -12.45 220 136.874 -12.45 225.4144 134.5856 -12.45 223.126
3 16 134.5856 -12.45 223.126 133.748 -12.45 220 140 -12.45 220
3 16 133.748 -12.45 220 134.5856 -12.45 216.874 140 -12.45 220
3 16 134.5856 -12.45 216.874 136.874 -12.45 214.5856 140 -12.45 220
3 16 136.874 -12.45 214.5856 140 -12.45 213.748 140 -12.45 220
3 16 140 -12.45 213.748 143.126 -12.45 214.5856 140 -12.45 220
3 16 143.126 -12.45 214.5856 145.4144 -12.45 216.874 140 -12.45 220
3 16 145.4144 -12.45 216.874 146.252 -12.45 220 140 -12.45 220
3 16 146.252 -12.45 220 145.4144 -12.45 223.126 140 -12.45 220
3 16 145.4144 -12.45 223.126 143.126 -12.45 225.4144 140 -12.45 220
3 16 143.126 -12.45 225.4144 140 -12.45 226.252 140 -12.45 220
3 16 140 -12.45 226.252 136.874 -12.45 225.4144 140 -12.45 220
3 16 136.874 -8 225.4144 134.5856 -8 223.126 136.874 -12.45 225.4144
3 16 136.874 -12.45 225.4144 134.5856 -8 223.126 134.5856 -12.45 223.126
3 16 134.5856 -8 223.126 133.748 -8 220 134.5856 -12.45 223.126
3 16 134.5856 -12.45 223.126 133.748 -8 220 133.748 -12.45 220
3 16 133.748 -8 220 134.5856 -8 216.874 133.748 -12.45 220
3 16 133.748 -12.45 220 134.5856 -8 216.874 134.5856 -12.45 216.874
3 16 134.5856 -8 216.874 136.874 -8 214.5856 134.5856 -12.45 216.874
3 16 134.5856 -12.45 216.874 136.874 -8 214.5856 136.874 -12.45 214.5856
3 16 136.874 -8 214.5856 140 -8 213.748 136.874 -12.45 214.5856
3 16 136.874 -12.45 214.5856 140 -8 213.748 140 -12.45 213.748
3 16 140 -8 213.748 143.126 -8 214.5856 140 -12.45 213.748
3 16 140 -12.45 213.748 143.126 -8 214.5856 143.126 -12.45 214.5856
3 16 143.126 -8 214.5856 145.4144 -8 216.874 143.126 -12.45 214.5856
3 16 143.126 -12.45 214.5856 145.4144 -8 216.874 145.4144 -12.45 216.874
3 16 145.4144 -8 216.874 146.252 -8 220 145.4144 -12.45 216.874
3 16 145.4144 -12.45 216.874 146.252 -8 220 146.252 -12.45 220
3 16 146.252 -8 220 145.4144 -8 223.126 146.252 -12.45 220
3 16 146.252 -12.45 220 145.4144 -8 223.126 145.4144 -12.45 223.126
3 16 145.4144 -8 223.126 143.126 -8 225.4144 145.4144 -12.45 223.126
3 16 145.4144 -12.45 223.126 143.126 -8 225.4144 143.126 -12.45 225.4144
3 16 143.126 -8 225.4144 140 -8 226.252 143.126 -12.45 225.4144
3 16 143.126 -12.45 225.4144 140 -8 226.252 140 -12.45 226.252
3 16 140 -8 226.252 136.874 -8 225.4144 140 -12.45 226.252
3 16 140 -12.45 226.252 136.874 -8 225.4144 136.874 -12.45 225.4144
2 24 143.424 0 111.9751 141.9781 0 113.4209
2 24 143.424 -5.7286 111.9751 141.9781 -7.0049 113.4209
2 24 141.9781 0 113.4209 140.0032 0 113.9501
2 24 141.9781 -7.0049 113.4209 140.005 -9 113.9501
2 24 140.0032 0 113.9501 138.0282 0 113.4209
2 24 140.005 -9 113.9501 138.0282 -7.0049 113.4209
2 24 138.0282 0 113.4209 136.5824 0 111.9751
2 24 138.0282 -7.0049 113.4209 136.5824 -5.7286 111.9751
2 24 136.5824 0 111.9751 136.0532 0 110.0001
2 24 136.5824 -5.7286 111.9751 136.0532 -5.25 110.0001
2 24 136.0532 -5.25 110.0001 136.5824 -5.25 108.0251
2 24 136.0532 0 110.0001 136.5824 0 108.0251
2 24 136.5824 0 108.0251 138.0282 0 106.5793
2 24 136.5824 -5.25 108.0251 138.0282 -5.25 106.5793
2 24 138.0282 0 106.5793 140.0032 0 106.0501
2 24 138.0282 -5.25 106.5793 140.0032 -5.25 106.0501
2 24 140.0032 0 106.0501 141.9781 0 106.5793
2 24 140.0032 -5.25 106.0501 141.9781 -5.25 106.5793
2 24 141.9781 0 106.5793 143.424 0 108.0251
2 24 141.9781 -5.25 106.5793 143.424 -5.25 108.0251
2 24 143.424 -5.25 108.0251 143.9292 -5.2619 109.9874
2 24 143.424 0 108.0251 143.9532 0 110.0001
2 24 143.424 -5.7286 111.9751 143.9292 -5.2619 109.9874
2 24 143.424 0 111.9751 143.9532 0 110.0001
2 24 141.9781 0 113.4209 143.424 0 111.9751
2 24 140.9935 0 111.7154 141.7185 0 110.9905
2 24 141.9781 0 113.4209 140.0032 0 113.9501
2 24 140.9935 0 111.7154 140.0032 0 111.9808
2 24 140.0032 0 113.9501 138.0282 0 113.4209
2 24 140.0032 0 111.9808 139.0128 0 111.7154
2 24 138.0282 0 113.4209 136.5824 0 111.9751
2 24 139.0128 0 111.7154 138.2878 0 110.9905
2 24 136.5824 0 111.9751 136.0532 0 110.0001
2 24 138.2878 0 110.9905 138.0224 0 110.0001
2 24 138.0224 0 110.0001 138.2878 0 109.0097
2 24 136.0532 0 110.0001 136.5824 0 108.0251
2 24 136.5824 0 108.0251 138.0282 0 106.5793
2 24 138.2878 0 109.0097 139.0128 0 108.2848
2 24 138.0282 0 106.5793 140.0032 0 106.0501
2 24 139.0128 0 108.2848 140.0032 0 108.0194
2 24 140.0032 0 106.0501 141.9781 0 106.5793
2 24 140.0032 0 108.0194 140.9935 0 108.2848
2 24 141.9781 0 106.5793 143.424 0 108.0251
2 24 140.9935 0 108.2848 141.7185 0 109.0097
2 24 141.7185 0 109.0097 141.9839 0 110.0001
2 24 143.424 0 108.0251 143.9532 0 110.0001
2 24 143.424 0 111.9751 143.9532 0 110.0001
2 24 141.7185 0 110.9905 141.9839 0 110.0001
2 24 140.9935 0 111.7154 141.7185 0 110.9905
2 24 140.9935 -5.25 111.7154 141.7185 -5.25 110.9905
2 24 140.9935 0 111.7154 140.0032 0 111.9808
2 24 140.9935 -5.25 111.7154 140.0032 -5.25 111.9808
2 24 140.0032 0 111.9808 139.0128 0 111.7154
2 24 140.0032 -5.25 111.9808 139.0128 -5.25 111.7154
2 24 139.0128 0 111.7154 138.2878 0 110.9905
2 24 139.0128 -5.25 111.7154 138.2878 -5.25 110.9905
2 24 138.2878 0 110.9905 138.0224 0 110.0001
2 24 138.2878 -5.25 110.9905 138.0224 -5.25 110.0001
2 24 138.0224 0 110.0001 138.2878 0 109.0097
2 24 138.0224 -5.25 110.0001 138.2878 -5.25 109.0097
2 24 138.2878 0 109.0097 139.0128 0 108.2848
2 24 138.2878 -5.25 109.0097 139.0128 -5.25 108.2848
2 24 139.0128 0 108.2848 140.0032 0 108.0194
2 24 139.0128 -5.25 108.2848 140.0032 -5.25 108.0194
2 24 140.0032 0 108.0194 140.9935 0 108.2848
2 24 140.0032 -5.25 108.0194 140.9935 -5.25 108.2848
2 24 140.9935 0 108.2848 141.7185 0 109.0097
2 24 140.9935 -5.25 108.2848 141.7185 -5.25 109.0097
2 24 141.7185 0 109.0097 141.9839 0 110.0001
2 24 141.7185 -5.25 109.0097 141.9839 -5.25 110.0001
2 24 141.7185 0 110.9905 141.9839 0 110.0001
2 24 141.7185 -5.25 110.9905 141.9839 -5.25 110.0001
2 24 139.0128 -5.25 108.2848 140.0032 -5.25 108.0194
2 24 138.2878 -5.25 110.9905 138.0224 -5.25 110.0001
2 24 140.9935 -5.25 111.7154 140.0032 -5.25 111.9808
2 24 141.7185 -5.25 109.0097 141.9839 -5.25 110.0001
2 24 138.0224 -5.25 110.0001 138.2878 -5.25 109.0097
2 24 139.0128 -5.25 108.2848 138.2878 -5.25 109.0097
2 24 140.0032 -5.25 111.9808 139.0128 -5.25 111.7154
2 24 138.2878 -5.25 110.9905 139.0128 -5.25 111.7154
2 24 141.9839 -5.25 110.0001 141.7185 -5.25 110.9905
2 24 140.9935 -5.25 111.7154 141.7185 -5.25 110.9905
2 24 140.0032 -5.25 108.0194 140.9935 -5.25 108.2848
2 24 141.7185 -5.25 109.0097 140.9935 -5.25 108.2848
2 24 146.2571 -5.25 110 146.2484 -5.7286 111.9751
2 24 143.9292 -5.2619 109.9874 143.424 -5.7286 111.9751
2 24 146.2586 -12.7499 113.85 146.2586 -9 113.85
2 24 146.2586 -12.7499 113.85 140.0056 -12.7499 113.85
2 24 141.975 -5.25 33.4208 143.4208 -5.25 31.975
2 24 141.9781 -5.25 106.5793 143.424 -5.25 108.0251
2 24 133.7498 -5.2501 110 133.7498 -5.2501 108.0251
2 24 136.0532 -5.25 110.0001 136.5824 -5.25 108.0251
2 24 136.0532 -5.25 110.0001 136.5824 -5.7286 111.9751
2 24 133.7498 -5.2501 110 133.7437 -5.7286 111.9751
2 24 140.0056 -12.7499 113.85 133.7528 -12.75 113.85
2 24 133.7528 -12.75 113.85 133.7516 -9 113.85
2 24 133.7437 -5.7286 111.9751 133.7532 -7.0049 113.4209
2 24 136.5824 -5.7286 111.9751 138.0282 -7.0049 113.4209
2 24 140.005 -9 113.9501 138.0282 -7.0049 113.4209
2 24 133.7516 -9 113.85 133.7532 -7.0049 113.4209
2 24 146.2586 -9 113.85 146.2532 -7.0049 113.4209
2 24 140.005 -9 113.9501 141.9781 -7.0049 113.4209
2 24 143.424 -5.7286 111.9751 141.9781 -7.0049 113.4209
2 24 146.2484 -5.7286 111.9751 146.2532 -7.0049 113.4209
2 24 136.5792 0 28.025 138.025 0 26.5792
2 24 136.5792 -5.7286 28.025 138.025 -7.0049 26.5792
2 24 138.025 0 26.5792 140 0 26.05
2 24 138.025 -7.0049 26.5792 139.9982 -9 26.05
2 24 140 0 26.05 141.975 0 26.5792
2 24 139.9982 -9 26.05 141.975 -7.0049 26.5792
2 24 141.975 0 26.5792 143.4208 0 28.025
2 24 141.975 -7.0049 26.5792 143.4208 -5.7286 28.025
2 24 143.4208 0 28.025 143.95 0 30
2 24 143.4208 -5.7286 28.025 143.95 -5.25 30
2 24 143.95 -5.25 30 143.4208 -5.25 31.975
2 24 143.95 0 30 143.4208 0 31.975
2 24 143.4208 0 31.975 141.975 0 33.4208
2 24 143.4208 -5.25 31.975 141.975 -5.25 33.4208
2 24 141.975 0 33.4208 140 0 33.95
2 24 141.975 -5.25 33.4208 140 -5.25 33.95
2 24 140 0 33.95 138.025 0 33.4208
2 24 140 -5.25 33.95 138.025 -5.25 33.4208
2 24 138.025 0 33.4208 136.5792 0 31.975
2 24 138.025 -5.25 33.4208 136.5792 -5.25 31.975
2 24 136.5792 -5.25 31.975 136.074 -5.2619 30.0127
2 24 136.5792 0 31.975 136.05 0 30
2 24 136.5792 -5.7286 28.025 136.074 -5.2619 30.0127
2 24 136.5792 0 28.025 136.05 0 30
2 24 138.025 0 26.5792 136.5792 0 28.025
2 24 139.0096 0 28.2847 138.2847 0 29.0096
2 24 138.025 0 26.5792 140 0 26.05
2 24 139.0096 0 28.2847 140 0 28.0193
2 24 140 0 26.05 141.975 0 26.5792
2 24 140 0 28.0193 140.9904 0 28.2847
2 24 141.975 0 26.5792 143.4208 0 28.025
2 24 140.9904 0 28.2847 141.7153 0 29.0096
2 24 143.4208 0 28.025 143.95 0 30
2 24 141.7153 0 29.0096 141.9807 0 30
2 24 141.9807 0 30 141.7153 0 30.9904
2 24 143.95 0 30 143.4208 0 31.975
2 24 143.4208 0 31.975 141.975 0 33.4208
2 24 141.7153 0 30.9904 140.9904 0 31.7153
2 24 141.975 0 33.4208 140 0 33.95
2 24 140.9904 0 31.7153 140 0 31.9807
2 24 140 0 33.95 138.025 0 33.4208
2 24 140 0 31.9807 139.0096 0 31.7153
2 24 138.025 0 33.4208 136.5792 0 31.975
2 24 139.0096 0 31.7153 138.2847 0 30.9904
2 24 138.2847 0 30.9904 138.0193 0 30
2 24 136.5792 0 31.975 136.05 0 30
2 24 136.5792 0 28.025 136.05 0 30
2 24 138.2847 0 29.0096 138.0193 0 30
2 24 139.0096 0 28.2847 138.2847 0 29.0096
2 24 139.0096 -5.25 28.2847 138.2847 -5.25 29.0096
2 24 139.0096 0 28.2847 140 0 28.0193
2 24 139.0096 -5.25 28.2847 140 -5.25 28.0193
2 24 140 0 28.0193 140.9904 0 28.2847
2 24 140 -5.25 28.0193 140.9904 -5.25 28.2847
2 24 140.9904 0 28.2847 141.7153 0 29.0096
2 24 140.9904 -5.25 28.2847 141.7153 -5.25 29.0096
2 24 141.7153 0 29.0096 141.9807 0 30
2 24 141.7153 -5.25 29.0096 141.9807 -5.25 30
2 24 141.9807 0 30 141.7153 0 30.9904
2 24 141.9807 -5.25 30 141.7153 -5.25 30.9904
2 24 141.7153 0 30.9904 140.9904 0 31.7153
2 24 141.7153 -5.25 30.9904 140.9904 -5.25 31.7153
2 24 140.9904 0 31.7153 140 0 31.9807
2 24 140.9904 -5.25 31.7153 140 -5.25 31.9807
2 24 140 0 31.9807 139.0096 0 31.7153
2 24 140 -5.25 31.9807 139.0096 -5.25 31.7153
2 24 139.0096 0 31.7153 138.2847 0 30.9904
2 24 139.0096 -5.25 31.7153 138.2847 -5.25 30.9904
2 24 138.2847 0 30.9904 138.0193 0 30
2 24 138.2847 -5.25 30.9904 138.0193 -5.25 30
2 24 138.2847 0 29.0096 138.0193 0 30
2 24 138.2847 -5.25 29.0096 138.0193 -5.25 30
2 24 140.9904 -5.25 31.7153 140 -5.25 31.9807
2 24 141.7153 -5.25 29.0096 141.9807 -5.25 30
2 24 139.0096 -5.25 28.2847 140 -5.25 28.0193
2 24 138.2847 -5.25 30.9904 138.0193 -5.25 30
2 24 141.9807 -5.25 30 141.7153 -5.25 30.9904
2 24 140.9904 -5.25 31.7153 141.7153 -5.25 30.9904
2 24 140 -5.25 28.0193 140.9904 -5.25 28.2847
2 24 141.7153 -5.25 29.0096 140.9904 -5.25 28.2847
2 24 138.0193 -5.25 30 138.2847 -5.25 29.0096
2 24 139.0096 -5.25 28.2847 138.2847 -5.25 29.0096
2 24 140 -5.25 31.9807 139.0096 -5.25 31.7153
2 24 138.2847 -5.25 30.9904 139.0096 -5.25 31.7153
2 24 143.8209 -5.275 149.125 143.95 -5.25 150
2 24 143.8209 -5.275 149.125 146.2579 -5.25 149.125
2 24 146.2579 -5.25 149.125 146.2586 -5.25 150
2 24 136.1643 -12.7503 149.1493 133.7489 -12.7503 149.1261
2 24 136.1643 -12.7503 149.1493 136.1643 -5.2619 149.1493
2 24 133.7489 -12.7503 149.1261 133.75 -5.25 149.125
2 24 136.1643 -5.2619 149.1493 133.75 -5.25 149.125
2 24 146.2579 -5.25 149.125 146.2547 -12.7501 149.125
2 24 146.2579 -5.25 149.125 143.8209 -5.275 149.125
2 24 146.2547 -12.7501 149.125 143.8209 -12.7503 149.125
2 24 143.8209 -5.275 149.125 143.8209 -12.7503 149.125
2 24 133.75 -5.2502 150 133.75 -5.25 149.125
2 24 136.074 -5.2619 150 136.1643 -5.2619 149.1493
2 24 133.75 -5.25 149.125 136.1643 -5.2619 149.1493
2 24 143.8209 -5.275 149.125 143.95 -5.25 150
2 24 143.8209 0 149.125 143.95 0 150
2 24 136.1643 0 149.1493 136.5792 0 148.025
2 24 138.025 0 146.5792 136.5792 0 148.025
2 24 139.0096 0 148.2847 138.2847 0 149.0096
2 24 138.025 0 146.5792 140 0 146.05
2 24 139.0096 0 148.2847 140 0 148.0193
2 24 140 0 146.05 141.975 0 146.5792
2 24 140 0 148.0193 140.9904 0 148.2847
2 24 141.975 0 146.5792 143.4208 0 148.025
2 24 140.9904 0 148.2847 141.7153 0 149.0096
2 24 141.7153 0 149.0096 141.9807 0 150
2 24 143.4208 0 148.025 143.8209 0 149.125
2 24 136.1643 0 149.1493 136.05 0 150
2 24 139.0096 0 148.2847 138.2847 0 149.0096
2 24 139.0096 -12.7683 148.2847 138.2847 -12.7683 149.0096
2 24 139.0096 0 148.2847 140 0 148.0193
2 24 139.0096 -12.7683 148.2847 140 -12.7683 148.0193
2 24 140 0 148.0193 140.9904 0 148.2847
2 24 140 -12.7683 148.0193 140.9904 -12.7683 148.2847
2 24 140.9904 0 148.2847 141.7153 0 149.0096
2 24 140.9904 -12.7683 148.2847 141.7153 -12.7683 149.0096
2 24 141.7153 0 149.0096 141.9807 0 150
2 24 141.7153 -12.7683 149.0096 141.9807 -12.7503 150
2 24 138.2847 0 149.0096 138.0193 0 150
2 24 138.2847 -12.7683 149.0096 138.0193 -12.7503 150
2 24 141.7153 -12.7683 149.0096 141.9807 -12.7503 150
2 24 139.0096 -12.7683 148.2847 140 -12.7683 148.0193
2 24 140 -12.7683 148.0193 140.9904 -12.7683 148.2847
2 24 141.7153 -12.7683 149.0096 140.9904 -12.7683 148.2847
2 24 138.2847 -12.7683 149.0096 138.0193 -12.7503 150
2 24 139.0096 -12.7683 148.2847 138.2847 -12.7683 149.0096
2 24 136.1643 -5.2619 149.1493 136.1643 -12.7503 149.1493
2 24 136.1643 -12.7503 149.1493 136.5792 -12.7503 148.025
2 24 141.975 0 146.5792 143.4208 0 148.025
2 24 141.975 -12.7503 146.5792 143.4208 -12.7503 148.025
2 24 141.975 0 146.5792 140 0 146.05
2 24 141.975 -12.7503 146.5792 140 -12.7503 146.05
2 24 140 0 146.05 138.025 0 146.5792
2 24 140 -12.7503 146.05 138.025 -12.7503 146.5792
2 24 136.5792 0 148.025 138.025 0 146.5792
2 24 136.5792 -12.7503 148.025 138.025 -12.7503 146.5792
2 24 143.8209 -5.275 149.125 143.8209 -12.7503 149.125
2 24 143.4208 -12.7503 148.025 143.8209 -12.7503 149.125
2 24 143.8209 0 149.125 143.4208 0 148.025
2 24 136.1643 0 149.1493 136.05 0 150
2 24 136.1643 -5.2619 149.1493 136.074 -5.2619 150
2 24 143.8209 0 149.125 143.95 0 150
2 24 136.5792 0 148.025 136.1643 0 149.1493
2 24 138.2847 0 149.0096 138.0193 0 150
2 24 133.75 -5.25 129.125 133.7499 -5.25 130.875
2 24 133.7499 -5.25 130.875 136.1546 -5.262 130.882
2 24 136.074 -5.2619 130.0127 136.1546 -5.262 130.882
2 24 143.8209 -5.275 129.125 143.95 -5.25 130
2 24 143.8209 -5.275 129.125 146.2579 -5.25 129.125
2 24 136.1546 -12.7503 130.882 136.1546 -5.262 130.882
2 24 136.1546 -12.7503 130.882 133.7482 -12.7503 130.8887
2 24 136.1546 -5.262 130.882 133.7499 -5.25 130.875
2 24 133.7482 -12.7503 130.8887 133.7499 -5.25 130.875
2 24 146.2577 -5.25 130.875 143.7931 -5.25 130.875
2 24 146.2577 -5.25 130.875 146.25 -12.7503 130.875
2 24 143.7931 -5.25 130.875 143.7931 -12.7503 130.875
2 24 146.25 -12.7503 130.875 143.7931 -12.7503 130.875
2 24 136.1643 -12.7503 129.1493 133.7495 -12.7502 129.1505
2 24 136.1643 -12.7503 129.1493 136.1643 -5.2619 129.1493
2 24 133.7495 -12.7502 129.1505 133.75 -5.25 129.125
2 24 136.1643 -5.2619 129.1493 133.75 -5.25 129.125
2 24 146.2579 -5.25 129.125 146.2547 -12.7501 129.125
2 24 146.2579 -5.25 129.125 143.8209 -5.275 129.125
2 24 146.2547 -12.7501 129.125 143.8209 -12.7503 129.125
2 24 143.8209 -5.275 129.125 143.8209 -12.7503 129.125
2 24 146.2579 -5.25 129.125 146.2577 -5.25 130.875
2 24 143.95 -5.25 130 143.7931 -5.25 130.875
2 24 146.2577 -5.25 130.875 143.7931 -5.25 130.875
2 24 136.074 -5.2619 130.0127 136.1643 -5.2619 129.1493
2 24 133.75 -5.25 129.125 136.1643 -5.2619 129.1493
2 24 143.8209 -5.275 129.125 143.95 -5.25 130
2 24 143.8209 0 129.125 143.95 0 130
2 24 143.95 0 130 143.7931 0 130.875
2 24 143.95 -5.25 130 143.7931 -5.25 130.875
2 24 136.1546 -5.262 130.882 136.074 -5.2619 130.0127
2 24 136.1546 0 130.882 136.05 0 130
2 24 136.1643 0 129.1493 136.5792 0 128.025
2 24 138.025 0 126.5792 136.5792 0 128.025
2 24 139.0096 0 128.2847 138.2847 0 129.0096
2 24 138.025 0 126.5792 140 0 126.05
2 24 139.0096 0 128.2847 140 0 128.0193
2 24 140 0 126.05 141.975 0 126.5792
2 24 140 0 128.0193 140.9904 0 128.2847
2 24 141.975 0 126.5792 143.4208 0 128.025
2 24 140.9904 0 128.2847 141.7153 0 129.0096
2 24 141.7153 0 129.0096 141.9807 0 130
2 24 143.4208 0 128.025 143.8209 0 129.125
2 24 143.4208 0 131.975 143.7931 0 130.875
2 24 141.9807 0 130 141.7153 0 130.9904
2 24 143.4208 0 131.975 141.975 0 133.4208
2 24 141.7153 0 130.9904 140.9904 0 131.7153
2 24 141.975 0 133.4208 140 0 133.95
2 24 140.9904 0 131.7153 140 0 131.9807
2 24 140 0 133.95 138.025 0 133.4208
2 24 140 0 131.9807 139.0096 0 131.7153
2 24 138.025 0 133.4208 136.5792 0 131.975
2 24 139.0096 0 131.7153 138.2847 0 130.9904
2 24 136.05 0 130 136.1546 0 130.882
2 24 136.05 0 130 136.1643 0 129.1493
2 24 139.0096 0 128.2847 138.2847 0 129.0096
2 24 139.0096 -12.7683 128.2847 138.2847 -12.7683 129.0096
2 24 139.0096 0 128.2847 140 0 128.0193
2 24 139.0096 -12.7683 128.2847 140 -12.7683 128.0193
2 24 140 0 128.0193 140.9904 0 128.2847
2 24 140 -12.7683 128.0193 140.9904 -12.7683 128.2847
2 24 140.9904 0 128.2847 141.7153 0 129.0096
2 24 140.9904 -12.7683 128.2847 141.7153 -12.7683 129.0096
2 24 141.7153 0 129.0096 141.9807 0 130
2 24 141.7153 -12.7683 129.0096 141.9807 -12.7683 130
2 24 141.9807 0 130 141.7153 0 130.9904
2 24 141.9807 -12.7683 130 141.7153 -12.7683 130.9904
2 24 141.7153 0 130.9904 140.9904 0 131.7153
2 24 141.7153 -12.7683 130.9904 140.9904 -12.7683 131.7153
2 24 140.9904 0 131.7153 140 0 131.9807
2 24 140.9904 -12.7683 131.7153 140 -12.7683 131.9807
2 24 140 0 131.9807 139.0096 0 131.7153
2 24 140 -12.7683 131.9807 139.0096 -12.7683 131.7153
2 24 139.0096 0 131.7153 138.2847 0 130.9904
2 24 139.0096 -12.7683 131.7153 138.2847 -12.7683 130.9904
2 24 138.2847 0 130.9904 138.0193 0 130
2 24 138.2847 -12.7683 130.9904 138.0193 -12.7683 130
2 24 138.2847 0 129.0096 138.0193 0 130
2 24 138.2847 -12.7683 129.0096 138.0193 -12.7683 130
2 24 140.9904 -12.7683 131.7153 140 -12.7683 131.9807
2 24 141.7153 -12.7683 129.0096 141.9807 -12.7683 130
2 24 139.0096 -12.7683 128.2847 140 -12.7683 128.0193
2 24 138.2847 -12.7683 130.9904 138.0193 -12.7683 130
2 24 141.9807 -12.7683 130 141.7153 -12.7683 130.9904
2 24 140.9904 -12.7683 131.7153 141.7153 -12.7683 130.9904
2 24 140 -12.7683 128.0193 140.9904 -12.7683 128.2847
2 24 141.7153 -12.7683 129.0096 140.9904 -12.7683 128.2847
2 24 138.0193 -12.7683 130 138.2847 -12.7683 129.0096
2 24 139.0096 -12.7683 128.2847 138.2847 -12.7683 129.0096
2 24 140 -12.7683 131.9807 139.0096 -12.7683 131.7153
2 24 138.2847 -12.7683 130.9904 139.0096 -12.7683 131.7153
2 24 136.1643 -5.2619 129.1493 136.1643 -12.7503 129.1493
2 24 136.1643 -12.7503 129.1493 136.5792 -12.7503 128.025
2 24 138.025 0 133.4208 136.5792 0 131.975
2 24 138.025 -12.7503 133.4208 136.5792 -12.7503 131.975
2 24 138.025 0 133.4208 140 0 133.95
2 24 138.025 -12.7503 133.4208 140 -12.7503 133.95
2 24 140 0 133.95 141.975 0 133.4208
2 24 140 -12.7503 133.95 141.975 -12.7503 133.4208
2 24 141.975 0 133.4208 143.4208 0 131.975
2 24 141.975 -12.7503 133.4208 143.4208 -12.7503 131.975
2 24 141.975 0 126.5792 143.4208 0 128.025
2 24 141.975 -12.7503 126.5792 143.4208 -12.7503 128.025
2 24 141.975 0 126.5792 140 0 126.05
2 24 141.975 -12.7503 126.5792 140 -12.7503 126.05
2 24 140 0 126.05 138.025 0 126.5792
2 24 140 -12.7503 126.05 138.025 -12.7503 126.5792
2 24 136.5792 0 128.025 138.025 0 126.5792
2 24 136.5792 -12.7503 128.025 138.025 -12.7503 126.5792
2 24 143.8209 -5.275 129.125 143.8209 -12.7503 129.125
2 24 143.4208 -12.7503 128.025 143.8209 -12.7503 129.125
2 24 143.8209 0 129.125 143.4208 0 128.025
2 24 143.7931 0 130.875 143.4208 0 131.975
2 24 143.7931 -5.25 130.875 143.7931 -12.7503 130.875
2 24 143.4208 -12.7503 131.975 143.7931 -12.7503 130.875
2 24 136.1546 -5.262 130.882 136.1546 -12.7503 130.882
2 24 136.5792 -12.7503 131.975 136.1546 -12.7503 130.882
2 24 136.1546 0 130.882 136.5792 0 131.975
2 24 136.05 0 130 136.1643 0 129.1493
2 24 136.074 -5.2619 130.0127 136.1643 -5.2619 129.1493
2 24 143.7931 0 130.875 143.95 0 130
2 24 143.8209 0 129.125 143.95 0 130
2 24 138.2847 0 130.9904 138.0193 0 130
2 24 136.5792 0 131.975 136.1546 0 130.882
2 24 136.5792 0 128.025 136.1643 0 129.1493
2 24 138.2847 0 129.0096 138.0193 0 130
2 24 133.7483 -5.2501 30.0001 133.7547 -5.7286 28.025
2 24 136.074 -5.2619 30.0127 136.5792 -5.7286 28.025
2 24 133.7453 -12.7499 26.05 133.7453 -9 26.05
2 24 133.7453 -12.7499 26.05 139.9953 -12.7499 26.05
2 24 112.5001 0 -5.8625 112.5 0 -10
2 24 112.5 0 -10 101.9357 0 -10
2 24 101.9357 0 -10 101.2593 0 -7.7583
2 24 108.75 -5 6.025 108.75 0 6.025
2 24 108.75 -5 6.025 108.75 -5 -6.025
2 24 108.75 0 6.025 108.75 0 -6.025
2 24 108.75 -5 -6.025 108.75 0 -6.025
2 24 108.75 -5 -6.025 108.75 0 -6.025
2 24 108.75 -5 -6.025 98.6245 -4.9799 -6.025
2 24 108.75 0 -6.025 98.6261 0 -6.025
2 24 54.3582 -8 -6.6551 55.041 -8 -6.3115
2 24 49.9991 -8 10 65.6875 -8 10
2 24 29.625 0 6.025 50 0 6.025
2 24 25.875 0 10 49.9301 0 10
2 24 29.625 -5 6.025 29.625 -5 -6.025
2 24 29.625 -5 6.025 29.625 0 6.025
2 24 29.625 -5 -6.025 29.625 0 -6.025
2 24 29.625 0 6.025 29.625 0 -6.025
2 24 28.25 -8 -10 28.25 -4.24 -10
2 24 28.25 -8 -10 39.9001 -8 -10
2 24 39.9001 -8 -10 39.9001 0 -10
2 24 39.9001 0 -10 43.4962 0 -6.3
2 24 39.9001 0 -10 39.9001 -8 -10
2 24 43.4962 0 -6.3 43.4962 -8 -6.3
2 24 39.9001 -8 -10 43.4962 -8 -6.3
2 24 43.4962 0 -6.3 45.0964 0 -6.2878
2 24 43.4962 0 -6.3 43.4962 -8 -6.3
2 24 43.4962 -8 -6.3 45.0964 -8 -6.2878
2 24 55.041 -8 -6.3115 56.6342 -8 -6.3
2 24 55.041 0 -6.3115 56.6342 0 -6.3
2 24 56.6342 -8 -6.3 56.6342 0 -6.3
2 24 56.6342 -8 -6.3 56.6342 0 -6.3
2 24 56.6342 -8 -6.3 60.15 -8 -10
2 24 56.6342 0 -6.3 60.15 0 -10
2 24 60.15 -8 -10 60.15 0 -10
2 24 69.9476 0 -10 60.15 0 -10
2 24 81.8739 0 -10.3463 83.2671 0 -12.9286
2 24 81.8765 -8 -10.3487 83.2671 -8 -12.9286
2 24 69.9476 0 -10 78.0159 0 -10
2 24 78.0159 0 -10 78.0159 -8 -10
2 24 69.9476 -8 -10 78.0159 -8 -10
2 24 50 -5 6.025 29.625 -5 6.025
2 24 29.625 -5 6.025 29.625 0 6.025
2 24 50 0 6.025 29.625 0 6.025
2 24 29.625 0 -6.025 29.625 -5 -6.025
2 24 29.625 0 -6.025 41.3737 0 -6.025
2 24 29.625 -5 -6.025 41.3758 -5 -6.025
2 24 58.6279 0 -6.025 70.0524 0 -6.025
2 24 58.6224 -5 -6.025 70.4673 -5 -6.025
2 24 70 -5.25 2.5 66.25 -5.25 3.5048
2 24 70.4673 -5 -6.025 58.6224 -5 -6.025
2 24 43.6316 -5.1209 -4.9799 45.8998 -5.225 -3.6989
2 24 29.625 -5 6.025 50 -5 6.025
2 24 48.75 0 -7.8349 50 0 -7.5
2 24 48.75 -8 -7.8349 50 -8 -7.5
2 24 48.75 0 -7.8349 50 0 -7.5
2 24 48.75 0 -7.8349 47.8349 0 -8.75
2 24 45.7822 0 -6.6748 45.6699 0 -7.5
2 24 48.75 0 -7.8349 47.8349 0 -8.75
2 24 48.75 -8 -7.8349 47.8349 -8 -8.75
2 24 47.8349 0 -8.75 47.5 0 -10
2 24 45.6699 0 -7.5 45 0 -10
2 24 47.8349 0 -8.75 47.5 0 -10
2 24 47.8349 -8 -8.75 47.5 -8 -10
2 24 47.5 0 -10 47.8349 0 -11.25
2 24 45 0 -10 45.6699 0 -12.5
2 24 47.5 0 -10 47.8349 0 -11.25
2 24 47.5 -8 -10 47.8349 -8 -11.25
2 24 47.8349 0 -11.25 48.75 0 -12.1651
2 24 45.6699 0 -12.5 47.5 0 -14.3301
2 24 47.8349 0 -11.25 48.75 0 -12.1651
2 24 47.8349 -8 -11.25 48.75 -8 -12.1651
2 24 48.75 0 -12.1651 50 0 -12.5
2 24 47.5 0 -14.3301 50 0 -15
2 24 48.75 0 -12.1651 50 0 -12.5
2 24 48.75 -8 -12.1651 50 -8 -12.5
2 24 50 0 -12.5 51.25 0 -12.1651
2 24 50 0 -15 52.5 0 -14.3302
2 24 50 0 -12.5 51.25 0 -12.1651
2 24 50 -8 -12.5 51.25 -8 -12.1651
2 24 51.25 0 -12.1651 52.1651 0 -11.25
2 24 52.5 0 -14.3302 54.3301 0 -12.5
2 24 51.25 0 -12.1651 52.1651 0 -11.25
2 24 51.25 -8 -12.1651 52.1651 -8 -11.25
2 24 52.1651 0 -11.25 52.5 0 -10
2 24 54.3301 0 -12.5 55 0 -10
2 24 52.1651 0 -11.25 52.5 0 -10
2 24 52.1651 -8 -11.25 52.5 -8 -10
2 24 52.5 0 -10 52.1651 0 -8.75
2 24 55 0 -10 54.3301 0 -7.5
2 24 52.5 0 -10 52.1651 0 -8.75
2 24 52.5 -8 -10 52.1651 -8 -8.75
2 24 52.1651 0 -8.75 51.25 0 -7.8349
2 24 54.3301 0 -7.5 54.3582 0 -6.6551
2 24 52.1651 0 -8.75 51.25 0 -7.8349
2 24 52.1651 -8 -8.75 51.25 -8 -7.8349
2 24 50 0 -7.5 51.25 0 -7.8349
2 24 50 0 -7.5 51.25 0 -7.8349
2 24 50 -8 -7.5 51.25 -8 -7.8349
2 24 45.6699 -8 -7.5 45.7822 -8 -6.6748
2 24 47.5 -8 -10 47.8349 -8 -8.75
2 24 45.6699 -8 -7.5 45 -8 -10
2 24 47.5 -8 -10 47.8349 -8 -11.25
2 24 45 -8 -10 45.6699 -8 -12.5
2 24 47.8349 -8 -11.25 48.75 -8 -12.1651
2 24 45.6699 -8 -12.5 47.5 -8 -14.3301
2 24 48.75 -8 -12.1651 50 -8 -12.5
2 24 47.5 -8 -14.3301 50 -8 -15
2 24 50 -8 -12.5 51.25 -8 -12.1651
2 24 50 -8 -15 52.5 -8 -14.3302
2 24 51.25 -8 -12.1651 52.1651 -8 -11.25
2 24 52.5 -8 -14.3302 54.3301 -8 -12.5
2 24 52.1651 -8 -11.25 52.5 -8 -10
2 24 54.3301 -8 -12.5 55 -8 -10
2 24 52.5 -8 -10 52.1651 -8 -8.75
2 24 55 -8 -10 54.3301 -8 -7.5
2 24 52.1651 -8 -8.75 51.25 -8 -7.8349
2 24 45.6699 0 -7.5 45 0 -10
2 24 45.6699 -8 -7.5 45 -8 -10
2 24 45 0 -10 45.6699 0 -12.5
2 24 45 -8 -10 45.6699 -8 -12.5
2 24 45.6699 0 -12.5 47.5 0 -14.3301
2 24 45.6699 -8 -12.5 47.5 -8 -14.3301
2 24 47.5 0 -14.3301 50 0 -15
2 24 47.5 -8 -14.3301 50 -8 -15
2 24 50 0 -15 52.5 0 -14.3302
2 24 50 -8 -15 52.5 -8 -14.3302
2 24 52.5 0 -14.3302 54.3301 0 -12.5
2 24 52.5 -8 -14.3302 54.3301 -8 -12.5
2 24 54.3301 0 -12.5 55 0 -10
2 24 54.3301 -8 -12.5 55 -8 -10
2 24 55 0 -10 54.3301 0 -7.5
2 24 55 -8 -10 54.3301 -8 -7.5
2 24 54.3301 0 -7.5 54.3582 0 -6.6551
2 24 54.3582 0 -6.6551 54.3582 -8 -6.6551
2 24 54.3301 -8 -7.5 54.3582 -8 -6.6551
2 24 28.2501 -8 0.8875 28.25 -8 -10
2 24 28.25 -8 -10 39.9001 -8 -10
2 24 43.4962 -8 -6.3 39.9001 -8 -10
2 24 50 0 -3.575 45.8997 0 -3.6988
2 24 45.6699 0 -7.5 45.7822 0 -6.6748
2 24 45.7822 0 -6.6748 45.7822 -8 -6.6748
2 24 45.6699 -8 -7.5 45.7822 -8 -6.6748
2 24 50 0 -3.575 54.1623 0 -3.7349
2 24 54.3582 -8 -6.6551 54.3301 -8 -7.5
2 24 56.6342 0 -6.3 55.041 0 -6.3115
2 24 83.2671 0 -12.9286 81.8739 0 -10.3463
2 24 83.2671 0 -12.9286 84.0993 0 -13.2703
2 24 83.2671 -8 -12.9286 84.0993 -8 -13.2703
2 24 83.2671 0 -12.9286 84.0993 0 -13.2703
2 24 81.8765 -8 -10.3487 83.2671 -8 -12.9286
2 24 84.0993 0 -13.2703 84.9198 0 -12.9982
2 24 84.9198 0 -12.9982 84.9198 -8 -12.9982
2 24 84.0993 -8 -13.2703 84.9198 -8 -12.9982
2 24 84.0993 0 -13.2703 84.9198 0 -12.9982
2 24 83.2671 -8 -12.9286 84.0993 -8 -13.2703
2 24 84.0993 -8 -13.2703 84.9198 -8 -12.9982
2 24 84.9198 0 -12.9982 85.375 0 -12.0447
2 24 84.9198 -8 -12.9982 85.375 -8 -12.0447
2 24 84.9198 0 -12.9982 85.375 0 -12.0447
2 24 85.375 0 -12.0447 85 0 -10
2 24 85.375 -8 -12.0447 85 -8 -10
2 24 85.375 0 -12.0447 85 0 -10
2 24 84.9198 -8 -12.9982 85.375 -8 -12.0447
2 24 85 0 -10 85.6699 0 -7.5
2 24 85 -8 -10 85.6699 -8 -7.5
2 24 83.864 0 -4.8969 81.3747 0 -6.025
2 24 85.375 -8 -12.0447 85 -8 -10
2 24 85.6699 0 -7.5 87.5 0 -5.6557
2 24 85.6699 -8 -7.5 87.5 -8 -5.6557
2 24 85.6699 0 -7.5 87.5 0 -5.6557
2 24 83.864 0 -4.8969 86.6542 0 -2.3256
2 24 81.8765 -8 -10.3487 81.1889 -8 -7.7699
2 24 87.5 0 -5.6557 90 0 -5
2 24 87.5 -8 -5.6557 90 -8 -5
2 24 87.5 0 -5.6557 90 0 -5
2 24 86.6542 0 -2.3256 90 0 -1.5925
2 24 90 0 -5 92.5 0 -5.6699
2 24 90 -8 -5 92.5 -8 -5.6699
2 24 90 0 -5 92.5 0 -5.6699
2 24 90 0 -1.5925 93.3421 0 -2.3556
2 24 90 -8 -5 87.5 -8 -5.6557
2 24 90.0018 -8 10 74.3125 -8 10
2 24 92.5 0 -5.6699 94.3301 0 -7.5
2 24 92.5 -8 -5.6699 94.3301 -8 -7.5
2 24 92.5 0 -5.6699 94.3301 0 -7.5
2 24 93.3421 0 -2.3556 96.166 0 -4.9711
2 24 90 -8 -5 92.5 -8 -5.6699
2 24 94.3301 0 -7.5 95 0 -10
2 24 94.3301 -8 -7.5 95 -8 -10
2 24 96.166 0 -4.9711 98.6261 0 -6.025
2 24 95 0 -10 94.8 0 -11.8152
2 24 95 -8 -10 94.8 -8 -11.8152
2 24 94.8 0 -11.8152 95 0 -10
2 24 94.3301 -8 -7.5 95 -8 -10
2 24 94.8 0 -11.8152 95.0871 0 -12.8405
2 24 95.0871 0 -12.8405 95.0871 -8 -12.8405
2 24 94.8 -8 -11.8152 95.0871 -8 -12.8405
2 24 94.8 0 -11.8152 95.0871 0 -12.8405
2 24 95 -8 -10 94.8 -8 -11.8152
2 24 95.0871 0 -12.8405 95.9328 0 -13.3019
2 24 95.9328 0 -13.3019 95.9328 -8 -13.3019
2 24 95.0871 -8 -12.8405 95.9328 -8 -13.3019
2 24 95.0871 0 -12.8405 95.9328 0 -13.3019
2 24 94.8 -8 -11.8152 95.0871 -8 -12.8405
2 24 95.0871 -8 -12.8405 95.9328 -8 -13.3019
2 24 95.9328 0 -13.3019 96.9012 0 -12.9035
2 24 95.9328 -8 -13.3019 96.9012 -8 -12.9035
2 24 95.9328 0 -13.3019 96.9012 0 -12.9035
2 24 96.9012 0 -12.9035 98.043 0 -10.3487
2 24 96.9012 -8 -12.9035 98.0456 -8 -10.3463
2 24 95.9328 -8 -13.3019 96.9012 -8 -12.9035
2 24 60.15 0 -10 56.6342 0 -6.3
2 24 56.5245 0 -5.0728 58.6279 0 -6.025
2 24 83.864 0 -4.8969 86.6542 0 -2.3256
2 24 83.8641 -5 -4.8967 86.6542 -5 -2.3256
2 24 86.6542 -5 -2.3256 90 -5 -1.5925
2 24 86.6542 0 -2.3256 90 0 -1.5925
2 24 86.6542 -5 -2.3256 90 -5 -1.5925
2 24 76.36 -5.25 6.025 108.75 -5 6.025
2 24 90 -5 -1.5925 93.3421 -5 -2.3556
2 24 90 0 -1.5925 93.3421 0 -2.3556
2 24 90 -5 -1.5925 93.3421 -5 -2.3556
2 24 108.75 -5 6.025 108.75 -5 -6.025
2 24 98.6245 -4.9799 -6.025 108.75 -5 -6.025
2 24 98.6245 -4.9799 -6.025 96.1652 -4.99 -4.9711
2 24 98.6261 0 -6.025 96.166 0 -4.9711
2 24 43.4962 -8 -6.3 45.0964 -8 -6.2878
2 24 25.8749 0 -10 39.9001 0 -10
2 24 29.625 0 -6.025 41.3737 0 -6.025
2 24 54.1623 -5.2278 -3.7349 50 -5.25 -3.575
2 24 45.8998 -5.225 -3.6989 50 -5.25 -3.575
2 24 101.9373 -8 -10 112.9947 -8 -10
2 24 101.9373 -8 -10 101.2593 -8 -7.7583
2 24 112.9947 -8 1.0538 112.9947 -8 -10
2 24 66.2653 -8 7.8437 67.8438 -8 6.2653
2 24 56.6342 -8 -6.3 60.15 -8 -10
2 24 58.6224 -5 -6.025 56.5252 -5.1894 -5.0725
2 24 58.6279 0 -6.025 56.5245 0 -5.0728
2 24 50 -5.25 -3.575 54.1623 -5.2278 -3.7349
2 24 50 0 -3.575 54.1623 0 -3.7349
2 24 50 0 -3.575 45.8997 0 -3.6988
2 24 50 -5.25 -3.575 45.8998 -5.225 -3.6989
2 24 56.5252 -5.1894 -5.0725 54.1623 -5.2278 -3.7349
2 24 56.5245 0 -5.0728 54.1623 0 -3.7349
2 24 45.8997 0 -3.6988 43.6307 0 -4.9798
2 24 45.8998 -5.225 -3.6989 43.6316 -5.1209 -4.9799
2 24 41.3737 0 -6.025 43.6307 0 -4.9798
2 24 41.3758 -5 -6.025 43.6316 -5.1209 -4.9799
2 24 39.9001 0 -10 43.4962 0 -6.3
2 24 41.3737 0 -6.025 43.6307 0 -4.9798
2 24 45.7822 0 -6.6748 45.0964 0 -6.2878
2 24 45.8997 0 -3.6988 43.6307 0 -4.9798
2 24 93.3421 -5 -2.3556 96.1652 -4.99 -4.9711
2 24 93.3421 0 -2.3556 96.166 0 -4.9711
2 24 93.3421 -5 -2.3556 96.1652 -4.99 -4.9711
2 24 83.864 0 -4.8969 81.3747 0 -6.025
2 24 83.8641 -5 -4.8967 81.3747 -5 -6.025
2 24 96.9012 -8 -12.9035 98.0456 -8 -10.3463
2 24 98.0456 -8 -10.3463 98.7701 -8 -7.7493
2 24 85 -8 -10 85.6699 -8 -7.5
2 24 78.0159 -8 -10 78.7539 -8 -7.7699
2 24 78.0159 -8 -10 69.9476 -8 -10
2 24 87.5 -8 -5.6557 85.6699 -8 -7.5
2 24 98.043 0 -10.3487 98.7701 0 -7.7493
2 24 98.0456 -8 -10.3463 98.7701 -8 -7.7493
2 24 99.9925 0 -7.041 101.2593 0 -7.7583
2 24 99.9925 0 -7.041 99.9925 -8 -7.041
2 24 99.9925 -8 -7.041 101.2593 -8 -7.7583
2 24 101.2593 0 -7.7583 101.9357 0 -10
2 24 101.9357 0 -10 101.9373 -8 -10
2 24 101.2593 -8 -7.7583 101.9373 -8 -10
2 24 98.7701 0 -7.7493 99.9925 0 -7.041
2 24 98.7701 -8 -7.7493 99.9925 -8 -7.041
2 24 78.0159 0 -10 78.7539 0 -7.7699
2 24 78.0159 0 -10 78.0159 -8 -10
2 24 78.0159 -8 -10 78.7539 -8 -7.7699
2 24 78.7539 0 -7.7699 79.9629 0 -7.0256
2 24 79.9629 0 -7.0256 79.9629 -8 -7.0256
2 24 78.7539 -8 -7.7699 79.9629 -8 -7.0256
2 24 79.9629 0 -7.0256 81.1889 0 -7.7699
2 24 79.9629 -8 -7.0256 81.1889 -8 -7.7699
2 24 81.8739 0 -10.3463 81.1889 0 -7.7699
2 24 81.8765 -8 -10.3487 81.1889 -8 -7.7699
2 24 81.1889 0 -7.7699 79.9629 0 -7.0256
2 24 96.9012 0 -12.9035 98.043 0 -10.3487
2 24 99.9925 0 -7.041 98.7701 0 -7.7493
2 24 98.043 0 -10.3487 98.7701 0 -7.7493
2 24 94.3301 0 -7.5 95 0 -10
2 24 108.75 0 -6.025 98.6261 0 -6.025
2 24 101.2593 0 -7.7583 99.9925 0 -7.041
2 24 98.6245 -4.9799 -6.025 96.1652 -4.99 -4.9711
2 24 70.0524 0 -6.025 81.3747 0 -6.025
2 24 79.9629 0 -7.0256 78.7539 0 -7.7699
2 24 70.4673 -5 -6.025 81.3747 -5 -6.025
2 24 70.0524 0 -6.025 81.3747 0 -6.025
2 24 85 0 -10 85.6699 0 -7.5
2 24 81.8739 0 -10.3463 81.1889 0 -7.7699
2 24 69.9476 0 -10 78.0159 0 -10
2 24 78.7539 0 -7.7699 78.0159 0 -10
2 24 76.36 -5.25 6.025 73.75 -5.25 3.5048
2 24 86.6542 -5 -2.3256 83.8641 -5 -4.8967
2 24 70 -5.25 2.5 73.75 -5.25 3.5048
2 24 70.4673 -5 -6.025 81.3747 -5 -6.025
2 24 83.8641 -5 -4.8967 81.3747 -5 -6.025
2 24 70 0 2.5 66.25 0 3.5048
2 24 70 -5.25 2.5 66.25 -5.25 3.5048
2 24 66.25 0 3.5048 63.64 0 6.025
2 24 66.25 -5.25 3.5048 63.64 -5.25 6.025
2 24 63.64 0 6.025 63.64 -5.25 6.025
2 24 62.5 -4.875 10 63.2407 -4.875 13.25
2 24 62.5 -4.875 10 62.5 0 10
2 24 62.5 0 10 63.5048 0 13.75
2 24 63.5048 0 13.75 66.25 0 16.4952
2 24 66.25 0 16.4952 70 0 17.5
2 24 66.25 -20.75 16.4952 70 -20.75 17.5
2 24 66.25 0 3.5048 70 0 2.5
2 24 67.8438 0 6.2653 70 0 5.6875
2 24 67.8438 0 6.2653 66.2653 0 7.8437
2 24 66.25 0 3.5048 63.64 0 6.025
2 24 66.2653 0 7.8437 65.6875 0 10
2 24 62.5 0 10 63.5048 0 13.75
2 24 65.6875 0 10 66.2653 0 12.1563
2 24 63.5048 0 13.75 66.25 0 16.4952
2 24 66.2653 0 12.1563 67.8438 0 13.7347
2 24 66.25 0 16.4952 70 0 17.5
2 24 67.8438 0 13.7347 70 0 14.3125
2 24 10 -24 150 10 -24 34.8564
2 24 16.5 -24 34.8564 10 -24 34.8564
2 24 -10 0 -9.9995 13 0 -10
2 24 13 0 -10 13.279 -7.99 -10
2 24 10 -8 -10 13.279 -7.99 -10
2 24 -10 -16 30 -10 -8 30
2 24 -10 -16 30 -10 -16 -10
2 24 -10 -16 -10 -10 0 -9.9995
2 24 -10 0 -9.9995 -10 0 30
2 24 -10 -8 30 -10 -8 110
2 24 -10 0 30 -10 0 150
2 24 -10 -16 110 -10 -16 150
2 24 -10 -8 110 -10 -16 110
2 24 -10 -16 110 10 -16 110
2 24 -10 -16 110 -10 -16 150
2 24 10 -16 110 10 -16 150
2 24 -10 -16 110 -10 -8 110
2 24 -10 -16 110 10 -16 110
2 24 -10 -8 110 10 -8 110
2 24 10 -16 110 10 -8 110
2 24 -10 -16 30 10 -16 30
2 24 -10 -16 30 -10 -8 30
2 24 10 -16 30 10 -8 30
2 24 -10 -8 30 10 -8 30
2 24 -10 -8 110 -10 -8 30
2 24 -10 -8 110 10 -8 110
2 24 -10 -8 30 10 -8 30
2 24 10 -8 110 10 -8 30
2 24 10 -8 110 10 -8 30
2 24 10 -8 110 10 -16 110
2 24 10 -8 30 10 -16 30
2 24 10 -16 30 -10 -16 30
2 24 10 -16 30 10 -16 5
2 24 -10 -16 30 -10 -16 -10
2 24 10 -16 110 10 -16 150
2 24 10 -24 150 10 -24 34.8564
2 24 10 -16 30 10 -16 5
2 24 10 -24 34.8564 10 -16 5
2 24 22.5 -24 34.8564 22.5 -24 150
2 24 22.5 -13.5109 150 22.5 -13.5109 59.3896
2 24 22.5 -24 150 22.5 -24 34.8564
2 24 22.5 -13.5109 59.3896 22.5 -13.5109 0.8748
2 24 22.5 -24 34.8564 22.5 -24 0.8875
2 24 22.5 -13.5109 0.8748 22.5 -24 0.8875
2 24 22.5 -24 34.8564 22.5 -24 0.8875
2 24 16.5 -24 34.8564 16.5 -24 10
2 24 27.0053 -8 59.3896 26.9869 -7.9847 0.8969
2 24 27.0053 -10.25 59.3896 27.0053 -10.25 0.8748
2 24 26.9869 -7.9847 0.8969 27.0053 -10.25 0.8748
2 24 27.0053 -10.25 0.8748 27.0053 -10.25 59.3896
2 24 27.0053 -10.25 0.8748 24.1507 -11.0419 0.8748
2 24 24.1507 -11.0419 0.8748 24.0249 -11.0188 59.3896
2 24 27.0053 -10.25 59.3896 27.0053 -10.25 150
2 24 24.0249 -11.0188 59.3896 24.0249 -11.0188 150
2 24 27.0053 -8 59.3896 27.0053 -8 150
2 24 27.0053 -10.25 59.3896 27.0053 -10.25 150
2 24 30.0219 -8 150 30.0219 -8 59.3896
2 24 27.0053 -8 150 27.0053 -8 59.3896
2 24 22.5 -13.5109 0.8748 24.1507 -11.0419 0.8748
2 24 22.5 -13.5109 0.8748 22.5 -13.5109 59.3896
2 24 24.1507 -11.0419 0.8748 24.0249 -11.0188 59.3896
2 24 24.0249 -11.0188 59.3896 24.0249 -11.0188 150
2 24 22.5 -13.5109 59.3896 22.5 -13.5109 150
2 24 70 0 2.5 73.75 0 3.5048
2 24 70 -5.25 2.5 73.75 -5.25 3.5048
2 24 73.75 0 3.5048 76.36 0 6.025
2 24 76.36 0 6.025 76.36 -5.25 6.025
2 24 73.75 -5.25 3.5048 76.36 -5.25 6.025
2 24 76.4952 0 13.75 77.5 0 10
2 24 76.7593 -4.875 13.25 77.5 -4.875 10
2 24 77.5 0 10 77.5 -4.875 10
2 24 76.4952 0 13.75 73.75 0 16.4952
2 24 70 0 17.5 73.75 0 16.4952
2 24 70 -20.75 17.5 73.75 -20.75 16.4952
2 24 70 0 2.5 73.75 0 3.5048
2 24 70 0 5.6875 72.1563 0 6.2653
2 24 73.75 0 3.5048 76.36 0 6.025
2 24 72.1563 0 6.2653 73.7347 0 7.8437
2 24 73.7347 0 7.8437 74.3125 0 10
2 24 77.5 0 10 76.4952 0 13.75
2 24 74.3125 0 10 73.7347 0 12.1563
2 24 76.4952 0 13.75 73.75 0 16.4952
2 24 73.7347 0 12.1563 72.1563 0 13.7347
2 24 70 0 17.5 73.75 0 16.4952
2 24 70 0 14.3125 72.1563 0 13.7347
2 24 112.9947 -8 1.0538 112.9947 -8 -10
2 24 112.9947 -10.25 0.8748 113.0105 -10.25 -15.3147
2 24 112.9973 -5.25 -10 113.0026 -5.25 -15.3147
2 24 112.9947 -8 -10 112.9973 -5.25 -10
2 24 115.9531 -16.1518 -19.0655 117.5 -19.0019 -19.0655
2 24 115.9248 -5.25 -19.0655 114.6149 -5.25 -18.4581
2 24 115.9531 -16.1518 -19.0655 114.6082 -13.472 -18.4581
2 24 114.6082 -13.472 -18.4581 113.4468 -11.1764 -17.1475
2 24 114.6149 -5.25 -18.4581 113.4468 -5.25 -17.1475
2 24 113.0105 -10.25 -15.3147 113.4468 -11.1764 -17.1475
2 24 113.0026 -5.25 -15.3147 113.4468 -5.25 -17.1475
2 24 112.9947 -10.25 0.8748 113.0105 -10.25 -15.3147
2 24 112.9947 -10.25 0.8748 117.5 -19.0019 0.8501
2 24 117.5 -19.0019 0.8501 117.5 -19.0019 -16.3268
2 24 115.8493 -11.0419 0.8748 112.9947 -10.25 0.8748
2 24 115.8493 -11.0419 0.8748 117.5 -13.5109 0.8748
2 24 112.9947 -10.25 0.8748 117.5 -19.0019 0.8501
2 24 117.5 -13.5109 0.8748 117.5 -19.0019 0.8501
2 24 115.9248 -5.25 -19.0655 121.7773 -5.25 -19.0655
2 24 119.6746 -8.0025 -19.0655 121.7772 -8.0025 -19.0655
2 24 119.6746 -8.0025 -19.0655 119.6746 -21.4519 -19.0655
2 24 117.5 -19.0019 -19.0655 117.5 -21.4692 -19.0655
2 24 119.6746 -21.4519 -19.0655 119.8042 -22.8272 -18.682
2 24 117.5 -21.4692 -19.0655 117.5 -22.8297 -18.6798
2 24 120.4251 -24 -16.6125 120.0971 -23.7479 -17.6945
2 24 117.5 -24 -16.6125 117.5 -23.7565 -17.6771
2 24 119.8042 -22.8272 -18.682 120.0971 -23.7479 -17.6945
2 24 117.5 -22.8297 -18.6798 117.5 -23.7565 -17.6771
2 24 117.5 -23.7565 -17.6771 117.5 -22.8297 -18.6798
2 24 117.5 -24 34.8564 117.5 -24 -16.6125
2 24 117.5 -19.0019 -16.3268 117.5 -19.0019 0.8501
2 24 119.6746 -8.0025 -19.0655 120.4213 -8.0927 -16.6251
2 24 119.6746 -21.4519 -19.0655 119.6746 -8.0025 -19.0655
2 24 120.0971 -23.7479 -17.6945 119.8042 -22.8272 -18.682
2 24 121.7773 -5.25 -19.0655 123.2463 -5.25 -18.7659
2 24 121.7772 -8.0025 -19.0655 123.2463 -8.0025 -18.7658
2 24 123.2463 -5.25 -18.7659 124.4102 -5.25 -18.0046
2 24 123.2463 -8.0025 -18.7658 124.4102 -8.0025 -18.0046
2 24 125.5 -8.0025 -15.3994 125.1873 -8.0025 -16.848
2 24 125.5 -5.25 -15.3994 125.1873 -5.25 -16.8479
2 24 124.4102 -5.25 -18.0046 125.1873 -5.25 -16.8479
2 24 124.4102 -8.0025 -18.0046 125.1873 -8.0025 -16.848
2 24 125.5 -5.25 -15.3994 125.5 -5.25 -10
2 24 125.5 -5.25 -10 125.5 -8.0025 -10
2 24 125.5 -8.0025 -15.3994 125.5 -8.0025 -10
2 24 124.4102 -8.0025 -18.0046 123.2463 -8.0025 -18.7658
2 24 123.2463 -8.0025 -18.7658 121.7772 -8.0025 -19.0655
2 24 125.5 -8.0025 -15.3994 125.1873 -8.0025 -16.848
2 24 124.4102 -8.0025 -18.0046 125.1873 -8.0025 -16.848
2 24 121.7772 -8.0025 -19.0655 119.6746 -8.0025 -19.0655
2 24 120.4213 -8.0927 -16.6251 119.6746 -8.0025 -19.0655
2 24 125.5 -8.0025 -15.3994 125.5 -8.0025 -10
2 24 120.4213 -8.0927 -16.6251 120.4341 -8.0025 0.8791
2 24 123.5 -24 0.8875 120.425 -24 0.8875
2 24 123.5 -24 0.8875 123.7793 -16 0.8875
2 24 120.425 -24 0.8875 120.4341 -8.0025 0.8791
2 24 123.7793 -16 0.8875 130 -16 0.8875
2 24 130 -16 0.8875 130 -8 0.8875
2 24 120.4341 -8.0025 0.8791 130 -8 0.8875
2 24 120.4341 -8.0025 0.8791 120.425 -24 0.8875
2 24 120.4341 -8.0025 0.8791 120.4213 -8.0927 -16.6251
2 24 120.425 -24 0.8875 120.4251 -24 -16.6125
2 24 120.4213 -8.0927 -16.6251 120.4251 -24 -16.6125
2 24 117.5 -24 -16.6125 117.5 -24 34.8564
2 24 120.4251 -24 -16.6125 120.425 -24 0.8875
2 24 120.425 -24 0.8875 123.5 -24 0.8875
2 24 130 -8 -10 130 -8 0.8875
2 24 125.5 -8.0025 -10 130 -8 -10
2 24 120.4341 -8.0025 0.8791 130 -8 0.8875
2 24 123.7793 -16 0.8875 130 -16 0.8875
2 24 123.7793 -16 0.8875 123.7793 -16 5
2 24 123.7793 -16 5 130 -16 5
2 24 130 -16 5 130 -24 34.8564
2 24 130 -16 5 123.7793 -16 5
2 24 130 -24 34.8564 123.5 -24 34.8564
2 24 123.7793 -16 5 123.5 -24 34.8564
2 24 123.7793 -16 5 123.5 -24 34.8564
2 24 123.5 -24 0.8875 123.5 -24 34.8564
2 24 123.5 -24 0.8875 123.7793 -16 0.8875
2 24 123.7793 -16 5 123.7793 -16 0.8875
2 24 113.0105 -10.25 -15.3147 113.4468 -11.1764 -17.1475
2 24 113.4468 -11.1764 -17.1475 114.6082 -13.472 -18.4581
2 24 114.6082 -13.472 -18.4581 115.9531 -16.1518 -19.0655
2 24 115.9531 -16.1518 -19.0655 117.5 -19.0019 -19.0655
2 24 117.5 -19.0019 -16.3268 117.5 -19.0019 -19.0655
2 24 117.5 -19.0019 -16.3268 117.5 -19.0019 -19.0655
2 24 117.5 -21.4692 -19.0655 117.5 -19.0019 -19.0655
2 24 130 -24 34.8564 130 -24 150
2 24 123.5 -24 34.8564 130 -24 34.8564
2 24 130 -8 -10 130 -16 -10
2 24 130 -8 -10 130 -8 0.8875
2 24 130 -16 -10 130 -16 0.8875
2 24 130 -8 0.8875 130 -16 0.8875
2 24 130 -16 -10 130 -8 -10
2 24 130 -16 -10 150 -16 -10
2 24 150 -16 -10 150 0 -9.9989
2 24 150 0 -9.9989 127.2499 0 -9.9979
2 24 127.2499 0 -9.9979 127.0667 -5.25 -10
2 24 127.0667 -5.25 -10 125.5 -5.25 -10
2 24 125.5 -5.25 -10 125.5 -8.0025 -10
2 24 130 -8 -10 125.5 -8.0025 -10
2 24 150 -8 30 150 -8 110
2 24 150 0 -9.9989 150 0 150
2 24 150 -16 150 150 -16 110
2 24 150 -8 110 150 -16 110
2 24 150 -16 110 150 -16 150
2 24 150 -16 110 130 -16 110
2 24 130 -16 110 130 -16 150
2 24 150 -16 110 130 -16 110
2 24 150 -16 110 150 -8 110
2 24 130 -16 110 130 -8 110
2 24 150 -8 110 130 -8 110
2 24 150 -16 30 150 -8 30
2 24 150 -16 30 130 -16 30
2 24 150 -8 30 130 -8 30
2 24 130 -16 30 130 -8 30
2 24 150 -8 110 130 -8 110
2 24 150 -8 110 150 -8 30
2 24 130 -8 110 130 -8 30
2 24 150 -8 30 130 -8 30
2 24 130 -8 110 130 -16 110
2 24 130 -8 110 130 -8 30
2 24 130 -8 30 130 -16 30
2 24 150 -16 -10 150 -16 30
2 24 150 -16 30 130 -16 30
2 24 130 -16 5 130 -16 30
2 24 150 -16 -10 130 -16 -10
2 24 130 -16 0.8875 130 -16 -10
2 24 130 -16 110 130 -16 150
2 24 130 -16 30 130 -16 5
2 24 130 -24 34.8564 130 -16 5
2 24 117.5 -24 34.8564 117.5 -24 150
2 24 117.5 -13.5109 150 117.5 -13.5109 59.3896
2 24 117.5 -24 34.8564 117.5 -24 150
2 24 117.5 -13.5109 59.3896 117.5 -13.5109 0.8748
2 24 117.5 -19.0019 0.8501 117.5 -13.5109 0.8748
2 24 123.5 -24 0.8875 123.5 -24 34.8564
2 24 109.9781 -8 59.3896 109.6144 -8 54.2153
2 24 112.9947 -8 1.0538 112.9947 -8 59.3896
2 24 112.9947 -10.25 0.8748 112.9947 -10.25 59.3896
2 24 112.9947 -8 1.0538 112.9947 -8 59.3896
2 24 112.9947 -10.25 0.8748 115.8493 -11.0419 0.8748
2 24 112.9947 -10.25 0.8748 112.9947 -10.25 59.3896
2 24 115.8493 -11.0419 0.8748 115.9751 -11.0188 59.3896
2 24 112.9947 -10.25 59.3896 112.9947 -10.25 150
2 24 115.9751 -11.0188 59.3896 115.9751 -11.0188 150
2 24 112.9947 -8 59.3896 112.9947 -8 150
2 24 112.9947 -10.25 59.3896 112.9947 -10.25 150
2 24 109.9781 -8 59.3896 109.9781 -8 150
2 24 112.9947 -8 59.3896 112.9947 -8 150
2 24 117.5 -13.5109 0.8748 117.5 -13.5109 59.3896
2 24 117.5 -13.5109 0.8748 115.8493 -11.0419 0.8748
2 24 115.8493 -11.0419 0.8748 115.9751 -11.0188 59.3896
2 24 115.9751 -11.0188 59.3896 115.9751 -11.0188 150
2 24 117.5 -13.5109 59.3896 117.5 -13.5109 150
2 24 70 0 5.6875 67.8438 0 6.2653
2 24 70 -8 5.6875 67.8438 -8 6.2653
2 24 67.8438 0 6.2653 66.2653 0 7.8437
2 24 67.8438 -8 6.2653 66.2653 -8 7.8437
2 24 66.2653 0 7.8437 65.6875 0 10
2 24 66.2653 -8 7.8437 65.6875 -8 10
2 24 65.6875 0 10 66.2653 0 12.1563
2 24 70 0 5.6875 72.1563 0 6.2653
2 24 70 -8 5.6875 72.1563 -8 6.2653
2 24 72.1563 0 6.2653 73.7347 0 7.8437
2 24 72.1563 -8 6.2653 73.7347 -8 7.8437
2 24 73.7347 0 7.8437 74.3125 0 10
2 24 73.7347 -8 7.8437 74.3125 -8 10
2 24 74.3125 0 10 73.7347 0 12.1563
2 24 48.75 -8 -7.8349 50 -8 -7.5
2 24 51.25 -8 -7.8349 50 -8 -7.5
2 24 16.3319 -19.185 16.8866 16.5 -24 34.8564
2 24 10 -24 34.8564 16.5 -24 34.8564
2 24 16.3319 -19.185 16.8866 14.7757 -16 5
2 24 14.7757 -16 5 10 -16 5
2 24 10 -24 34.8564 10 -16 5
2 24 10 -16 5 14.7757 -16 5
2 24 14.7757 -16 5 14.7819 -16.0004 -10.0607
2 24 -10 -16 -10 14.7819 -16.0004 -10.0607
2 24 22.5 -24 0.8875 19.425 -24 0.8875
2 24 16.5 -24 10 16.5 -24 -16.6125
2 24 19.425 -24 0.8875 19.425 -24 -16.6125
2 24 19.4249 -8.0013 -16.6125 19.4247 -8 0.8875
2 24 19.4249 -8.0013 -16.6125 19.425 -24 -16.6125
2 24 19.4247 -8 0.8875 19.425 -24 0.8875
2 24 19.425 -24 -16.6125 19.425 -24 0.8875
2 24 22.5 -24 0.8875 19.425 -24 0.8875
2 24 22.5 -24 0.8875 22.5 -13.5109 0.8748
2 24 19.425 -24 0.8875 19.4247 -8 0.8875
2 24 28.2501 -8 0.8875 26.9869 -7.9847 0.8969
2 24 28.25 -8 -10 28.2501 -8 0.8875
2 24 28.2501 -8 0.8875 28.25 -4.24 0.8875
2 24 28.25 -4.24 -2.4042 28.25 -4.24 0.8875
2 24 25.875 -4.24 -10 25.8749 0 -10
2 24 28.25 -4.24 -10 25.875 -4.24 -10
2 24 39.9001 0 -10 25.8749 0 -10
2 24 28.25 -4.24 -2.4042 28.25 -4.24 0.8875
2 24 28.25 -4.24 0.8875 26.313 -4.24 0.8875
2 24 26.3506 -4.24 -0.7583 26.313 -4.24 0.8875
2 24 25.875 -4.24 -10 28.25 -4.24 -10
2 24 25.875 -4.24 -10 25.875 -4.24 -2.4749
2 24 28.25 -4.24 -2.4042 28.25 -4.24 -10
2 24 28.25 -4.24 -2.4042 28.25 -4.24 -10
2 24 28.25 -8 -10 28.25 -4.24 -10
2 24 26.3506 -4.24 -0.7583 25.875 -4.24 -2.4749
2 24 28.2501 -8 0.8875 26.9869 -7.9847 0.8969
2 24 26.313 -5.2261 0.8875 25.7873 -5.2664 0.8875
2 24 28.2501 -8 0.8875 28.25 -4.24 0.8875
2 24 26.313 -5.2261 0.8875 26.313 -4.24 0.8875
2 24 28.25 -4.24 0.8875 26.313 -4.24 0.8875
2 24 19.4247 -8 0.8875 22.125 -8 0.8875
2 24 22.5 -13.5109 0.8748 24.1507 -11.0419 0.8748
2 24 24.1507 -11.0419 0.8748 27.0053 -10.25 0.8748
2 24 22.125 -8 0.8875 23.5413 -7.7476 0.8875
2 24 25.7873 -5.2664 0.8875 24.7668 -6.923 0.8969
2 24 26.9869 -7.9847 0.8969 27.0053 -10.25 0.8748
2 24 23.5413 -7.7476 0.8875 24.7668 -6.923 0.8969
2 24 25.875 -4.24 -2.4749 26.3506 -4.24 -0.7583
2 24 25.875 -4.24 -2.4749 25.875 0 -2.4749
2 24 25.875 0 -2.4749 26.3505 0 -0.7583
2 24 26.3506 -4.24 -0.7583 26.313 -4.24 0.8875
2 24 26.3505 0 -0.7583 26.3129 0 0.8875
2 24 25.8749 0 -10 25.875 -4.24 -10
2 24 25.8749 0 -10 25.875 0 -2.4749
2 24 25.875 -4.24 -10 25.875 -4.24 -2.4749
2 24 25.875 0 -2.4749 25.875 -4.24 -2.4749
2 24 26.3129 0 0.8875 25.875 0 2.4749
2 24 26.313 -4.24 0.8875 25.8735 -4.2417 2.4785
2 24 14.7819 -16.0004 -10.0607 14.7757 -16 5
2 24 16.4999 -19.0019 -16.3268 16.3319 -19.185 16.8866
2 24 14.7757 -16 5 16.3319 -19.185 16.8866
2 24 16.5 -24 10 16.5 -24 34.8564
2 24 16.3319 -19.185 16.8866 16.5 -24 34.8564
2 24 16.5 -24 10 16.5 -24 -16.6125
2 24 16.3319 -19.185 16.8866 16.4999 -19.0019 -16.3268
2 24 12.005 -10.1832 -12.0163 12.0104 -10.1832 -15.3147
2 24 11.9947 -8 -12.0299 11.9894 -8.0059 -15.3147
2 24 14.9248 -8.0059 -19.0655 16.6512 -8.0059 -19.0655
2 24 14.9531 -16.1518 -19.0655 16.4999 -19.0019 -19.0655
2 24 14.9248 -8.0059 -19.0655 13.6149 -8.0059 -18.4581
2 24 14.9531 -16.1518 -19.0655 13.6082 -13.472 -18.4581
2 24 13.6082 -13.472 -18.4581 12.4468 -11.1764 -17.1475
2 24 13.6149 -8.0059 -18.4581 12.4468 -8.0059 -17.1475
2 24 12.0104 -10.1832 -15.3147 12.4468 -11.1764 -17.1475
2 24 11.9894 -8.0059 -15.3147 12.4468 -8.0059 -17.1475
2 24 12.005 -10.1832 -12.0163 12.0104 -10.1832 -15.3147
2 24 16.6512 -8.0059 -19.0655 18.6746 -8.0025 -19.0655
2 24 18.6746 -8.0025 -19.0655 18.6746 -21.4519 -19.0655
2 24 16.4999 -19.0019 -19.0655 16.4999 -21.4692 -19.0655
2 24 18.6746 -21.4519 -19.0655 18.8042 -22.8272 -18.682
2 24 16.4999 -21.4692 -19.0655 16.4999 -22.8297 -18.6798
2 24 19.425 -24 -16.6125 19.0971 -23.7479 -17.6945
2 24 16.5 -24 -16.6125 16.4999 -23.7565 -17.6771
2 24 18.8042 -22.8272 -18.682 19.0971 -23.7479 -17.6945
2 24 16.4999 -22.8297 -18.6798 16.4999 -23.7565 -17.6771
2 24 16.4999 -23.7565 -17.6771 16.4999 -22.8297 -18.6798
2 24 18.6746 -8.0025 -19.0655 19.4249 -8.0013 -16.6125
2 24 18.6746 -21.4519 -19.0655 18.6746 -8.0025 -19.0655
2 24 19.0971 -23.7479 -17.6945 18.8042 -22.8272 -18.682
2 24 12.0104 -10.1832 -15.3147 12.4468 -11.1764 -17.1475
2 24 14.9531 -16.1518 -19.0655 13.6082 -13.472 -18.4581
2 24 14.9531 -16.1518 -19.0655 16.4999 -19.0019 -19.0655
2 24 16.4999 -19.0019 -16.3268 16.4999 -19.0019 -19.0655
2 24 16.4999 -19.0019 -16.3268 16.4999 -19.0019 -19.0655
2 24 16.4999 -21.4692 -19.0655 16.4999 -19.0019 -19.0655
2 24 11.9947 -8 -12.0299 11.641 -7.99 -10.8618
2 24 12.005 -10.1832 -12.0163 11.6571 -10.1832 -10.8806
2 24 11.641 -7.99 -10.8618 10.9492 -7.99 -10.2432
2 24 11.6571 -10.1832 -10.8806 10.9564 -10.1832 -10.2435
2 24 10 -8 -10 10 -10.1832 -10
2 24 -10 0 -9.9995 -10 -16 -10
2 24 10 -10.1832 -10 10 -8 -10
2 24 10.9564 -10.1832 -10.2435 10 -10.1832 -10
2 24 10.9492 -7.99 -10.2432 10 -8 -10
2 24 14.7819 -16.0004 -10.0607 10 -10.1832 -10
2 24 10.9564 -10.1832 -10.2435 10 -10.1832 -10
2 24 10.9564 -10.1832 -10.2435 11.6571 -10.1832 -10.8806
2 24 12.005 -10.1832 -12.0163 11.6571 -10.1832 -10.8806
2 24 10 -10.1832 -10 14.7819 -16.0004 -10.0607
2 24 -10 -16 -10 14.7819 -16.0004 -10.0607
2 24 25.875 0 2.4749 25.875 0 6.6991
2 24 25.875 0 6.6991 25.8735 -4.2417 6.7018
2 24 26.3129 0 0.8875 25.875 0 2.4749
2 24 25.875 0 6.6991 25.875 0 2.4749
2 24 25.875 0 -2.4749 26.3505 0 -0.7583
2 24 29.625 0 6.025 29.625 0 -6.025
2 24 26.3129 0 0.8875 26.3505 0 -0.7583
2 24 25.8749 0 -10 25.875 0 -2.4749
2 24 13.279 -7.99 -10 13 0 -10
2 24 13.279 -7.99 -10 13.2816 -7.9899 -2.1125
2 24 13 0 -10 13.0054 0 6.7
2 24 13.0054 0 6.7 25.875 0 6.6991
2 24 25.8735 -4.2417 6.7018 25.875 0 6.6991
2 24 20.75 -8 2.9491 16.75 -8 2.95
2 24 23.5413 -7.7476 0.8875 22.125 -8 0.8875
2 24 23.5413 -7.7476 0.8875 24.7668 -6.923 0.8969
2 24 24.7668 -6.923 0.8969 25.7873 -5.2664 0.8875
2 24 25.7873 -5.2664 0.8875 25.7392 -5.25 2.7753
2 24 19.4247 -8 0.8875 22.125 -8 0.8875
2 24 23.5346 -7.7791 6.6989 22.1271 -8.0145 6.6989
2 24 23.5346 -7.7791 6.6989 24.767 -6.9319 6.7083
2 24 24.767 -6.9319 6.7083 25.6987 -5.3479 6.6989
2 24 20.75 -8 2.9491 20.7501 -8.0016 6.6995
2 24 22.1271 -8.0145 6.6989 20.7501 -8.0016 6.6995
2 24 25.8735 -4.2417 2.4785 25.7392 -5.25 2.7753
2 24 25.8735 -4.2417 6.7018 25.6987 -5.3479 6.6989
2 24 26.313 -4.24 0.8875 26.313 -5.2261 0.8875
2 24 26.313 -4.24 0.8875 25.8735 -4.2417 2.4785
2 24 26.313 -5.2261 0.8875 25.7392 -5.25 2.7753
2 24 25.8735 -4.2417 2.4785 25.7392 -5.25 2.7753
2 24 26.313 -5.2261 0.8875 25.7873 -5.2664 0.8875
2 24 25.7392 -5.25 2.7753 26.313 -5.2261 0.8875
2 24 25.7392 -5.25 2.7753 25.7873 -5.2664 0.8875
2 24 24.767 -6.9319 6.7083 25.6987 -5.3479 6.6989
2 24 22.1271 -8.0145 6.6989 23.5346 -7.7791 6.6989
2 24 24.767 -6.9319 6.7083 23.5346 -7.7791 6.6989
2 24 22.1271 -8.0145 6.6989 20.7501 -8.0016 6.6995
2 24 20.7501 -8.0016 6.6995 20.75 -23.4403 6.7
2 24 15.5851 -12.99 6.7 20.75 -23.4403 6.7
2 24 15.5851 -12.99 6.7 13.4114 -13.0279 6.7
2 24 13.0054 0 6.7 13.4114 -13.0279 6.7
2 24 15.5851 -12.99 6.7 15.5849 -12.9901 2.95
2 24 15.5851 -12.99 6.7 13.4114 -13.0279 6.7
2 24 13.4114 -13.0279 6.7 13.4537 -12.99 -2.1125
2 24 13.0054 0 6.7 13.4114 -13.0279 6.7
2 24 13.4114 -13.0279 6.7 13.4537 -12.99 -2.1125
2 24 13.2816 -7.9899 -2.1125 13.4537 -12.99 -2.1125
2 24 13.2816 -7.9899 -2.1125 13.4537 -12.99 -2.1125
2 24 13.2816 -7.9899 -2.1125 16.7455 -7.8706 -2.1045
2 24 13.4537 -12.99 -2.1125 16.75 -12.99 -2.1125
2 24 16.7455 -7.8706 -2.1045 16.75 -12.99 -2.1125
2 24 16.7455 -7.8706 -2.1045 16.75 -12.99 -2.1125
2 24 16.7455 -7.8706 -2.1045 16.75 -8 2.95
2 24 16.75 -12.99 -2.1125 16.75 -12.99 2.95
2 24 16.75 -8 2.95 16.75 -12.99 2.95
2 24 13.4537 -12.99 -2.1125 16.75 -12.99 -2.1125
2 24 15.5849 -12.9901 2.95 16.75 -12.99 2.95
2 24 16.75 -12.99 -2.1125 16.75 -12.99 2.95
2 24 16.75 -8 2.95 16.75 -12.99 2.95
2 24 16.75 -8 2.95 20.75 -8 2.9491
2 24 20.75 -8 2.9491 20.7498 -23.4404 2.95
2 24 20.75 -23.4403 6.7 20.7501 -8.0016 6.6995
2 24 20.75 -23.4403 6.7 20.7498 -23.4404 2.95
2 24 20.7501 -8.0016 6.6995 20.75 -8 2.9491
2 24 20.7498 -23.4404 2.95 20.75 -8 2.9491
2 24 20.7498 -23.4404 2.95 15.5849 -12.9901 2.95
2 24 16.75 -12.99 2.95 15.5849 -12.9901 2.95
2 24 20.75 -23.4403 6.7 20.7498 -23.4404 2.95
2 24 20.75 -23.4403 6.7 15.5851 -12.99 6.7
2 24 20.7498 -23.4404 2.95 15.5849 -12.9901 2.95
2 24 15.5851 -12.99 6.7 15.5849 -12.9901 2.95
2 24 19.4249 -8.0013 -16.6125 18.6746 -8.0025 -19.0655
2 24 16.6512 -8.0059 -19.0655 18.6746 -8.0025 -19.0655
2 24 11.641 -7.99 -10.8618 10.9492 -7.99 -10.2432
2 24 10.9492 -7.99 -10.2432 10 -8 -10
2 24 13.279 -7.99 -10 10 -8 -10
2 24 16.6512 -8.0059 -19.0655 14.9248 -8.0059 -19.0655
2 24 12.4468 -8.0059 -17.1475 13.6149 -8.0059 -18.4581
2 24 14.9248 -8.0059 -19.0655 13.6149 -8.0059 -18.4581
2 24 11.9947 -8 -12.0299 11.9894 -8.0059 -15.3147
2 24 12.4468 -8.0059 -17.1475 11.9894 -8.0059 -15.3147
2 24 16.75 -8 2.95 16.7455 -7.8706 -2.1045
2 24 126.8048 -12.75 6.7 126.8048 -12.75 3.45
2 24 126.8048 -12.75 6.7 121.7561 -12.5747 6.7
2 24 126.8048 -12.75 3.45 121.7561 -12.5747 3.45
2 24 121.7561 -12.5747 6.7 121.7561 -12.5747 3.45
2 24 121.7561 -12.5747 6.7 121.7561 -12.5747 3.45
2 24 121.7561 -12.5747 6.7 119.1853 -7.25 6.7
2 24 121.7561 -12.5747 3.45 119.1853 -7.25 3.45
2 24 119.1853 -7.25 6.7 119.1853 -7.25 3.45
2 24 112.5001 0 -5.8625 112.5 0 6.7
2 24 112.5 0 6.7 112.6161 -3.3199 6.7
2 24 112.6161 -3.3199 6.7 113.0001 -4.4304 6.7
2 24 113.0001 -4.4304 6.7 113.941 -5.2501 6.7
2 24 113.941 -5.2501 6.7 115.1251 -5.2501 6.6999
2 24 115.1251 -5.2501 6.6999 115.125 -5.2499 -5.8625
2 24 108.75 0 -6.025 108.75 0 6.025
2 24 112.5001 0 -5.8625 112.5 0 6.7
2 24 113 -4.4302 -10 113.9408 -5.25 -9.8
2 24 113 -4.4302 -10 112.616 -3.3198 -10
2 24 112.5001 0 -5.8625 112.5 0 -10
2 24 112.616 -3.3198 -10 112.5 0 -10
2 24 115.125 -7.25 6.6999 115.1249 -7.2499 -2.05
2 24 115.125 -7.25 6.6999 115.1251 -5.2501 6.6999
2 24 115.1251 -5.2501 6.6999 115.125 -5.2499 -5.8625
2 24 115.125 -5.2499 -5.8625 115.1248 -10.0357 -5.8626
2 24 115.1249 -7.2499 -2.05 115.1248 -10.0357 -2.0501
2 24 115.1248 -10.0357 -5.8626 115.1248 -10.0357 -2.0501
2 24 115.1248 -10.0357 -5.8626 115.1248 -10.0357 -2.0501
2 24 115.1248 -10.0357 -5.8626 117.75 -15.347 -5.8625
2 24 115.1248 -10.0357 -2.0501 117.75 -15.347 -2.05
2 24 117.75 -15.347 -5.8625 117.75 -15.347 -2.05
2 24 117.75 -15.347 -2.05 117.75 -7.25 -2.05
2 24 117.75 -15.347 -2.05 117.75 -15.347 -5.8625
2 24 117.75 -15.347 -5.8625 117.75 -5.25 -5.8625
2 24 117.75 -15.347 -5.8625 117.75 -5.25 -5.8625
2 24 117.75 -15.347 -5.8625 115.1248 -10.0357 -5.8626
2 24 117.75 -5.25 -5.8625 115.125 -5.2499 -5.8625
2 24 115.1248 -10.0357 -5.8626 115.125 -5.2499 -5.8625
2 24 117.75 -5.25 -5.8625 117.75 -5.25 3.45
2 24 117.75 -7.25 -2.05 117.75 -7.25 3.45
2 24 117.75 -5.25 3.45 117.75 -7.25 3.45
2 24 127.25 0 6.7 126.8048 -12.75 6.7
2 24 127.0646 -5.2553 3.45 126.8048 -12.75 3.45
2 24 126.8048 -12.75 6.7 126.8048 -12.75 3.45
2 24 119.1853 -7.25 3.45 121.7561 -12.5747 3.45
2 24 121.7561 -12.5747 3.45 126.8048 -12.75 3.45
2 24 127.0646 -5.2553 3.45 126.8048 -12.75 3.45
2 24 127.0646 -5.2553 3.45 117.75 -5.25 3.45
2 24 117.75 -5.25 3.45 117.75 -7.25 3.45
2 24 119.1853 -7.25 3.45 117.75 -7.25 3.45
2 24 121.7561 -12.5747 6.7 119.1853 -7.25 6.7
2 24 121.7561 -12.5747 6.7 126.8048 -12.75 6.7
2 24 126.8048 -12.75 6.7 127.25 0 6.7
2 24 119.1853 -7.25 3.45 117.75 -7.25 3.45
2 24 119.1853 -7.25 3.45 119.1853 -7.25 6.7
2 24 119.1853 -7.25 6.7 115.125 -7.25 6.6999
2 24 115.125 -7.25 6.6999 115.1249 -7.2499 -2.05
2 24 117.75 -7.25 3.45 117.75 -7.25 -2.05
2 24 115.1249 -7.2499 -2.05 117.75 -7.25 -2.05
2 24 115.1249 -7.2499 -2.05 117.75 -7.25 -2.05
2 24 115.1249 -7.2499 -2.05 115.1248 -10.0357 -2.0501
2 24 117.75 -7.25 -2.05 117.75 -15.347 -2.05
2 24 115.1248 -10.0357 -2.0501 117.75 -15.347 -2.05
2 24 112.6161 -3.3199 6.7 112.5 0 6.7
2 24 127.25 0 6.7 112.5 0 6.7
2 24 113.941 -5.2501 6.7 115.1251 -5.2501 6.6999
2 24 119.1853 -7.25 6.7 115.125 -7.25 6.6999
2 24 115.1251 -5.2501 6.6999 115.125 -7.25 6.6999
2 24 112.6161 -3.3199 6.7 113.0001 -4.4304 6.7
2 24 113.941 -5.2501 6.7 113.0001 -4.4304 6.7
2 24 113 -4.4302 -10 113.9408 -5.25 -9.8
2 24 112.9973 -5.25 -10 113.9408 -5.25 -9.8
2 24 127.0667 -5.25 -10 125.5 -5.25 -10
2 24 127.0667 -5.25 -10 127.0646 -5.2553 3.45
2 24 117.75 -5.25 -5.8625 117.75 -5.25 3.45
2 24 127.0646 -5.2553 3.45 117.75 -5.25 3.45
2 24 112.9973 -5.25 -10 112.9947 -8 -10
2 24 101.9373 -8 -10 112.9947 -8 -10
2 24 112.5 0 -10 112.616 -3.3198 -10
2 24 112.5 0 -10 101.9357 0 -10
2 24 101.9373 -8 -10 101.9357 0 -10
2 24 113 -4.4302 -10 112.616 -3.3198 -10
2 24 125.5 -5.25 -15.3994 125.1873 -5.25 -16.8479
2 24 115.125 -5.2499 -5.8625 117.75 -5.25 -5.8625
2 24 125.5 -5.25 -10 125.5 -5.25 -15.3994
2 24 124.4102 -5.25 -18.0046 123.2463 -5.25 -18.7659
2 24 125.1873 -5.25 -16.8479 124.4102 -5.25 -18.0046
2 24 123.2463 -5.25 -18.7659 121.7773 -5.25 -19.0655
2 24 121.7773 -5.25 -19.0655 115.9248 -5.25 -19.0655
2 24 114.6149 -5.25 -18.4581 113.4468 -5.25 -17.1475
2 24 115.9248 -5.25 -19.0655 114.6149 -5.25 -18.4581
2 24 113.0026 -5.25 -15.3147 112.9973 -5.25 -10
2 24 113.9408 -5.25 -9.8 112.9973 -5.25 -10
2 24 113.4468 -5.25 -17.1475 113.0026 -5.25 -15.3147
2 24 50 0 6.025 63.64 0 6.025
2 24 63.64 0 6.025 63.64 -5.25 6.025
2 24 50 -5 6.025 63.64 -5.25 6.025
2 24 49.9301 0 10 62.5 0 10
2 24 50 0 6.025 63.64 0 6.025
2 24 108.75 0 6.025 108.75 -5 6.025
2 24 108.75 0 6.025 76.36 0 6.025
2 24 108.75 -5 6.025 76.36 -5.25 6.025
2 24 76.36 0 6.025 76.36 -5.25 6.025
2 24 116.25 -4.875 10 77.5 -4.875 10
2 24 112.5 0 10 77.5 0 10
2 24 77.5 -4.875 10 77.5 0 10
2 24 77.5 0 10 112.5 0 10
2 24 76.36 0 6.025 108.75 0 6.025
2 24 66.25 -5.25 3.5048 63.64 -5.25 6.025
2 24 58.6224 -5 -6.025 56.5252 -5.1894 -5.0725
2 24 54.1623 -5.2278 -3.7349 56.5252 -5.1894 -5.0725
2 24 50 -5 6.025 63.64 -5.25 6.025
2 24 41.3758 -5 -6.025 29.625 -5 -6.025
2 24 29.625 -5 6.025 29.625 -5 -6.025
2 24 43.6316 -5.1209 -4.9799 41.3758 -5 -6.025
2 24 49.9991 -8 10 34.1991 -8 41.6017
2 24 98.7701 -8 -7.7493 99.9925 -8 -7.041
2 24 92.5 -8 -5.6699 94.3301 -8 -7.5
2 24 101.2593 -8 -7.7583 99.9925 -8 -7.041
2 24 30.3856 -8 54.2153 32.0468 -8 46.9733
2 24 34.1991 -8 41.6017 32.0468 -8 46.9733
2 24 30.0219 -8 59.3896 30.3856 -8 54.2153
2 24 27.0053 -8 59.3896 26.9869 -7.9847 0.8969
2 24 109.6144 -8 54.2153 107.9532 -8 46.9733
2 24 90.0018 -8 10 105.8009 -8 41.6017
2 24 107.9532 -8 46.9733 105.8009 -8 41.6017
2 24 112.5 0 6.7 127.25 0 6.7
2 24 112.5 0 10 130.0443 0 10
2 24 130 0 1.5 130 0 7
2 24 130 0 -1.5 133.75 0 -1.5
2 24 130 0 1.5 133.75 0 1.5
2 24 133.75 0 -1.5 133.75 0 1.5
2 24 127.0646 -5.2553 3.45 127.0667 -5.25 -10
2 24 127.0667 -5.25 -10 127.2499 0 -9.9979
2 24 127.25 0 6.7 127.2499 0 -9.9979
2 24 130 0 -1.5 130 0 -6.25
2 24 127.25 0 6.7 127.2499 0 -9.9979
2 24 130 0 -6.25 146.2593 0 -6.25
2 24 127.2499 0 -9.9979 150 0 -9.9989
2 24 146.2593 0 -6.25 146.2593 0 10.875
2 24 150 0 -9.9989 150 0 150
2 24 146.2593 0 10.875 146.2593 0 129.125
2 24 130 0 7 131.25 0 7
2 24 130.0443 0 10 130.0443 0 30
2 24 133.75 0 10.875 133.75 0 30
2 24 132.5 0 7.3349 133.2809 0 8.0991
2 24 131.25 0 7 132.5 0 7.3349
2 24 133.2809 0 8.0991 133.75 0 9.125
2 24 133.75 0 30 133.75 0 110
2 24 130.0443 0 30 130.0443 0 129.9983
2 24 130 0 -6.25 130 0 -1.5
2 24 130 0 -6.25 130 -5.25 -6.25
2 24 130 0 -1.5 130 -5.25 -1.5
2 24 130 -5.25 -6.25 130 -5.25 -1.5
2 24 146.2577 -5.25 10.875 146.2579 -5.25 9.125
2 24 146.2593 0 10.875 146.2593 0 -6.25
2 24 146.2559 -5.2501 31.975 146.2559 -5.2501 30.0001
2 24 146.2484 -5.7286 111.9751 146.2571 -5.25 110
2 24 133.2809 0 8.0991 133.75 0 9.125
2 24 133.7498 -5.2501 108.0251 133.7498 -5.2501 110
2 24 146.2484 -5.7286 111.9751 146.2532 -7.0049 113.4209
2 24 133.7498 -5.2501 110 133.7437 -5.7286 111.9751
2 24 133.75 -5.2502 150 133.75 -5.25 149.125
2 24 136.5792 -12.7499 11.975 138.025 -12.7499 13.4208
2 24 133.7453 -12.7499 26.05 139.9953 -12.7499 26.05
2 24 133.75 0 10.875 133.75 0 9.125
2 24 146.2594 -5.7286 28.025 146.25 -7.0049 26.5792
2 24 150 0 -9.9989 150 -16 -10
2 24 150 -8 30 150 -16 30
2 24 150 -16 -10 150 -16 30
2 24 133.7499 -5.25 10.875 136.1546 -5.262 10.882
2 24 136.074 -5.2619 10.0127 136.1546 -5.262 10.882
2 24 143.8209 -5.275 9.125 143.95 -5.25 10
2 24 143.8209 -5.275 9.125 146.2579 -5.25 9.125
2 24 146.2579 -5.25 9.125 146.2577 -5.25 10.875
2 24 143.4208 -5.7286 28.025 143.95 -5.25 30
2 24 146.2594 -5.7286 28.025 146.2559 -5.2501 30.0001
2 24 139.9953 -12.7499 26.05 146.25 -12.7499 26.05
2 24 146.25 -12.7499 26.05 146.2524 -9 26.05
2 24 143.7931 -12.7499 10.875 143.4208 -12.7499 11.975
2 24 143.7931 -12.7499 10.875 146.25 -12.7499 10.875
2 24 146.25 -12.7499 10.875 146.25 -12.7499 26.05
2 24 136.1546 -12.7499 10.882 136.1546 -5.262 10.882
2 24 136.1546 -12.7499 10.882 133.7453 -12.7499 10.875
2 24 136.1546 -5.262 10.882 133.7499 -5.25 10.875
2 24 133.7453 -12.7499 10.875 133.7499 -5.25 10.875
2 24 146.2577 -5.25 10.875 143.7931 -5.25 10.875
2 24 146.2577 -5.25 10.875 146.25 -12.7499 10.875
2 24 143.7931 -5.25 10.875 143.7931 -12.7499 10.875
2 24 146.25 -12.7499 10.875 143.7931 -12.7499 10.875
2 24 133.7483 -5.2501 30.0001 133.7547 -5.7286 28.025
2 24 133.75 0 30 133.75 0 10.875
2 24 146.2559 -5.2501 30.0001 146.2594 -5.7286 28.025
2 24 146.25 -7.0049 26.5792 146.2524 -9 26.05
2 24 146.2577 -5.25 10.875 146.25 -12.7499 10.875
2 24 146.25 -12.7499 10.875 146.25 -12.7499 26.05
2 24 146.2524 -9 26.05 146.25 -12.7499 26.05
2 24 133.7547 -5.7286 28.025 133.75 -7.0049 26.5792
2 24 133.7499 -5.25 10.875 133.7453 -12.7499 10.875
2 24 133.7453 -9 26.05 133.7453 -12.7499 26.05
2 24 133.7453 -12.7499 10.875 133.7453 -12.7499 26.05
2 24 133.75 -7.0049 26.5792 133.7453 -9 26.05
2 24 133.7453 -12.7499 -1.5 133.7453 -12.7499 1.5
2 24 141.975 -12.7499 6.5792 143.4208 -12.7499 8.025
2 24 136.1643 -12.7499 9.1493 133.7477 -12.7499 9.125
2 24 136.1643 -12.7499 9.1493 136.1643 -5.2619 9.1493
2 24 133.7477 -12.7499 9.125 133.75 -5.25 9.125
2 24 136.1643 -5.2619 9.1493 133.75 -5.25 9.125
2 24 146.2579 -5.25 9.125 146.25 -12.7499 9.125
2 24 146.2579 -5.25 9.125 143.8209 -5.275 9.125
2 24 146.25 -12.7499 9.125 143.8209 -12.7499 9.125
2 24 143.8209 -5.275 9.125 143.8209 -12.7499 9.125
2 24 146.2593 0 -6.25 146.2547 -12.7499 -6.25
2 24 146.2547 -12.7499 -6.25 146.25 -12.7499 9.125
2 24 146.2579 -5.25 9.125 146.25 -12.7499 9.125
2 24 130 0 1.5 130 0 7
2 24 130 0 1.5 130 -12.7499 1.5
2 24 130 0 7 130 -12.7499 7
2 24 130 -12.7499 1.5 130 -12.7499 7
2 24 130 0 7 131.25 0 7
2 24 130 0 7 130 -12.7499 7
2 24 130 -12.7499 7 131.25 -12.7499 7
2 24 133.2809 0 8.0991 132.5 0 7.3349
2 24 132.5 -12.7499 7.3349 133.2809 -12.7499 8.0991
2 24 131.25 0 7 132.5 0 7.3349
2 24 131.25 -12.7499 7 132.5 -12.7499 7.3349
2 24 133.75 -5.25 9.125 133.7477 -12.7499 9.125
2 24 133.2809 -12.7499 8.0991 133.7477 -12.7499 9.125
2 24 130 -5.25 -6.25 131.0884 -5.5443 -6.25
2 24 130 -5.25 -6.25 130 0 -6.25
2 24 130 0 -6.25 146.2593 0 -6.25
2 24 133.75 0 -1.5 133.75 0 1.5
2 24 133.75 0 -1.5 133.7453 -12.7499 -1.5
2 24 133.75 0 1.5 133.7453 -12.7499 1.5
2 24 133.7453 -12.7499 -1.5 133.7453 -12.7499 1.5
2 24 130 0 1.5 130 -12.7499 1.5
2 24 130 0 1.5 133.75 0 1.5
2 24 130 -12.7499 1.5 133.7453 -12.7499 1.5
2 24 133.75 0 1.5 133.7453 -12.7499 1.5
2 24 138.025 -12.7499 6.5792 136.5792 -12.7499 8.025
2 24 133.7453 -12.7499 1.5 130 -12.7499 1.5
2 24 130 -12.7499 1.5 130 -12.7499 7
2 24 131.25 -12.7499 7 130 -12.7499 7
2 24 133.7453 -12.7499 -1.5 132.75 -12.7499 -1.5
2 24 132.75 -12.7499 -1.5 132.75 -12.7499 -6.25
2 24 146.2547 -12.7499 -6.25 132.75 -12.7499 -6.25
2 24 132.75 -12.7499 -1.5 132.75 -12.7499 -6.25
2 24 132.75 -12.7499 -1.5 132.75 -8.25 -1.5
2 24 132.75 -12.7499 -6.25 132.75 -8.25 -6.25
2 24 131.0884 -5.5443 -6.25 132.2438 -6.6088 -6.25
2 24 131.0884 -5.5443 -1.5 132.2438 -6.6088 -1.5
2 24 130 -5.25 -6.25 130 -5.25 -1.5
2 24 131.0884 -5.5443 -6.25 130 -5.25 -6.25
2 24 131.0884 -5.5443 -1.5 130 -5.25 -1.5
2 24 132.75 -8.25 -6.25 132.2438 -6.6088 -6.25
2 24 132.75 -8.25 -1.5 132.2438 -6.6088 -1.5
2 24 133.75 0 -1.5 133.7453 -12.7499 -1.5
2 24 133.7453 -12.7499 -1.5 132.75 -12.7499 -1.5
2 24 132.75 -8.25 -1.5 132.75 -12.7499 -1.5
2 24 130 -5.25 -1.5 130 0 -1.5
2 24 130 -5.25 -1.5 131.0884 -5.5443 -1.5
2 24 133.75 0 -1.5 130 0 -1.5
2 24 131.0884 -5.5443 -1.5 132.2438 -6.6088 -1.5
2 24 132.75 -8.25 -1.5 132.2438 -6.6088 -1.5
2 24 132.2438 -6.6088 -6.25 132.75 -8.25 -6.25
2 24 146.2593 0 -6.25 146.2547 -12.7499 -6.25
2 24 132.75 -8.25 -6.25 132.75 -12.7499 -6.25
2 24 146.2547 -12.7499 -6.25 132.75 -12.7499 -6.25
2 24 131.0884 -5.5443 -6.25 132.2438 -6.6088 -6.25
2 24 138.025 -12.7499 13.4208 140 -12.7499 13.95
2 24 140 -12.7499 13.95 141.975 -12.7499 13.4208
2 24 143.95 -5.25 10 143.7931 -5.25 10.875
2 24 146.2577 -5.25 10.875 143.7931 -5.25 10.875
2 24 133.7499 -5.25 10.875 133.75 -5.25 9.125
2 24 136.074 -5.2619 10.0127 136.1643 -5.2619 9.1493
2 24 133.75 -5.25 9.125 136.1643 -5.2619 9.1493
2 24 133.75 0 9.125 133.75 0 10.875
2 24 133.75 -5.25 9.125 133.7499 -5.25 10.875
2 24 143.8209 -5.275 9.125 143.95 -5.25 10
2 24 143.8209 0 9.125 143.95 0 10
2 24 143.95 0 10 143.7931 0 10.875
2 24 143.95 -5.25 10 143.7931 -5.25 10.875
2 24 136.1546 -5.262 10.882 136.074 -5.2619 10.0127
2 24 136.1546 0 10.882 136.05 0 10
2 24 136.1643 0 9.1493 136.5792 0 8.025
2 24 138.025 0 6.5792 136.5792 0 8.025
2 24 139.0096 0 8.2847 138.2847 0 9.0096
2 24 138.025 0 6.5792 140 0 6.05
2 24 139.0096 0 8.2847 140 0 8.0193
2 24 140 0 6.05 141.975 0 6.5792
2 24 140 0 8.0193 140.9904 0 8.2847
2 24 141.975 0 6.5792 143.4208 0 8.025
2 24 140.9904 0 8.2847 141.7153 0 9.0096
2 24 141.7153 0 9.0096 141.9807 0 10
2 24 143.4208 0 8.025 143.8209 0 9.125
2 24 143.4208 0 11.975 143.7931 0 10.875
2 24 141.9807 0 10 141.7153 0 10.9904
2 24 143.4208 0 11.975 141.975 0 13.4208
2 24 141.7153 0 10.9904 140.9904 0 11.7153
2 24 141.975 0 13.4208 140 0 13.95
2 24 140.9904 0 11.7153 140 0 11.9807
2 24 140 0 13.95 138.025 0 13.4208
2 24 140 0 11.9807 139.0096 0 11.7153
2 24 138.025 0 13.4208 136.5792 0 11.975
2 24 139.0096 0 11.7153 138.2847 0 10.9904
2 24 136.05 0 10 136.1546 0 10.882
2 24 136.05 0 10 136.1643 0 9.1493
2 24 139.0096 0 8.2847 138.2847 0 9.0096
2 24 139.0096 -12.7683 8.2847 138.2847 -12.7683 9.0096
2 24 139.0096 0 8.2847 140 0 8.0193
2 24 139.0096 -12.7683 8.2847 140 -12.7683 8.0193
2 24 140 0 8.0193 140.9904 0 8.2847
2 24 140 -12.7683 8.0193 140.9904 -12.7683 8.2847
2 24 140.9904 0 8.2847 141.7153 0 9.0096
2 24 140.9904 -12.7683 8.2847 141.7153 -12.7683 9.0096
2 24 141.7153 0 9.0096 141.9807 0 10
2 24 141.7153 -12.7683 9.0096 141.9807 -12.7683 10
2 24 141.9807 0 10 141.7153 0 10.9904
2 24 141.9807 -12.7683 10 141.7153 -12.7683 10.9904
2 24 141.7153 0 10.9904 140.9904 0 11.7153
2 24 141.7153 -12.7683 10.9904 140.9904 -12.7683 11.7153
2 24 140.9904 0 11.7153 140 0 11.9807
2 24 140.9904 -12.7683 11.7153 140 -12.7683 11.9807
2 24 140 0 11.9807 139.0096 0 11.7153
2 24 140 -12.7683 11.9807 139.0096 -12.7683 11.7153
2 24 139.0096 0 11.7153 138.2847 0 10.9904
2 24 139.0096 -12.7683 11.7153 138.2847 -12.7683 10.9904
2 24 138.2847 0 10.9904 138.0193 0 10
2 24 138.2847 -12.7683 10.9904 138.0193 -12.7683 10
2 24 138.2847 0 9.0096 138.0193 0 10
2 24 138.2847 -12.7683 9.0096 138.0193 -12.7683 10
2 24 140.9904 -12.7683 11.7153 140 -12.7683 11.9807
2 24 141.7153 -12.7683 9.0096 141.9807 -12.7683 10
2 24 139.0096 -12.7683 8.2847 140 -12.7683 8.0193
2 24 138.2847 -12.7683 10.9904 138.0193 -12.7683 10
2 24 141.9807 -12.7683 10 141.7153 -12.7683 10.9904
2 24 140.9904 -12.7683 11.7153 141.7153 -12.7683 10.9904
2 24 140 -12.7683 8.0193 140.9904 -12.7683 8.2847
2 24 141.7153 -12.7683 9.0096 140.9904 -12.7683 8.2847
2 24 138.0193 -12.7683 10 138.2847 -12.7683 9.0096
2 24 139.0096 -12.7683 8.2847 138.2847 -12.7683 9.0096
2 24 140 -12.7683 11.9807 139.0096 -12.7683 11.7153
2 24 138.2847 -12.7683 10.9904 139.0096 -12.7683 11.7153
2 24 136.1643 -5.2619 9.1493 136.1643 -12.7499 9.1493
2 24 136.1643 -12.7499 9.1493 136.5792 -12.7499 8.025
2 24 138.025 0 13.4208 136.5792 0 11.975
2 24 138.025 -12.7499 13.4208 136.5792 -12.7499 11.975
2 24 138.025 0 13.4208 140 0 13.95
2 24 138.025 -12.7499 13.4208 140 -12.7499 13.95
2 24 140 0 13.95 141.975 0 13.4208
2 24 140 -12.7499 13.95 141.975 -12.7499 13.4208
2 24 141.975 0 13.4208 143.4208 0 11.975
2 24 141.975 -12.7499 13.4208 143.4208 -12.7499 11.975
2 24 141.975 0 6.5792 143.4208 0 8.025
2 24 141.975 -12.7499 6.5792 143.4208 -12.7499 8.025
2 24 141.975 0 6.5792 140 0 6.05
2 24 141.975 -12.7499 6.5792 140 -12.7499 6.05
2 24 140 0 6.05 138.025 0 6.5792
2 24 140 -12.7499 6.05 138.025 -12.7499 6.5792
2 24 136.5792 0 8.025 138.025 0 6.5792
2 24 136.5792 -12.7499 8.025 138.025 -12.7499 6.5792
2 24 143.8209 -5.275 9.125 143.8209 -12.7499 9.125
2 24 143.4208 -12.7499 8.025 143.8209 -12.7499 9.125
2 24 143.8209 0 9.125 143.4208 0 8.025
2 24 143.7931 0 10.875 143.4208 0 11.975
2 24 143.7931 -5.25 10.875 143.7931 -12.7499 10.875
2 24 143.4208 -12.7499 11.975 143.7931 -12.7499 10.875
2 24 136.1546 -5.262 10.882 136.1546 -12.7499 10.882
2 24 136.5792 -12.7499 11.975 136.1546 -12.7499 10.882
2 24 136.1546 0 10.882 136.5792 0 11.975
2 24 136.05 0 10 136.1643 0 9.1493
2 24 136.074 -5.2619 10.0127 136.1643 -5.2619 9.1493
2 24 136.1546 -12.7499 10.882 133.7453 -12.7499 10.875
2 24 136.5792 -12.7499 11.975 136.1546 -12.7499 10.882
2 24 133.7453 -12.7499 26.05 133.7453 -12.7499 10.875
2 24 139.9953 -12.7499 26.05 146.25 -12.7499 26.05
2 24 143.4208 -12.7499 11.975 141.975 -12.7499 13.4208
2 24 143.8209 -12.7499 9.125 146.25 -12.7499 9.125
2 24 143.4208 -12.7499 8.025 143.8209 -12.7499 9.125
2 24 146.2547 -12.7499 -6.25 146.25 -12.7499 9.125
2 24 141.975 -12.7499 6.5792 140 -12.7499 6.05
2 24 138.025 -12.7499 6.5792 140 -12.7499 6.05
2 24 131.25 -12.7499 7 132.5 -12.7499 7.3349
2 24 133.2809 -12.7499 8.0991 133.7477 -12.7499 9.125
2 24 133.7477 -12.7499 9.125 136.1643 -12.7499 9.1493
2 24 136.5792 -12.7499 8.025 136.1643 -12.7499 9.1493
2 24 132.5 -12.7499 7.3349 133.2809 -12.7499 8.0991
2 24 143.7931 0 10.875 143.95 0 10
2 24 143.8209 0 9.125 143.95 0 10
2 24 138.2847 0 10.9904 138.0193 0 10
2 24 136.5792 0 11.975 136.1546 0 10.882
2 24 136.5792 0 8.025 136.1643 0 9.1493
2 24 138.2847 0 9.0096 138.0193 0 10
2 24 133.75 -5.25 129.125 133.7495 -12.7502 129.1505
2 24 133.7495 -12.7502 129.1505 133.7528 -12.75 113.85
2 24 133.7516 -9 113.85 133.7528 -12.75 113.85
2 24 133.7489 -12.7503 149.1261 133.7482 -12.7503 130.8887
2 24 133.75 -5.25 149.125 133.7489 -12.7503 149.1261
2 24 133.7482 -12.7503 130.8887 133.7499 -5.25 130.875
2 24 133.75 0 150 133.75 0 130
2 24 133.75 0 130 133.75 0 150
2 24 130 0 133 130 0 150
2 24 146.2579 -5.25 149.125 146.2586 -5.25 150
2 24 146.2579 -5.25 149.125 146.2547 -12.7501 149.125
2 24 146.2547 -12.7501 149.125 146.25 -12.7503 130.875
2 24 146.25 -12.7503 130.875 146.2577 -5.25 130.875
2 24 146.2593 0 129.125 146.2593 0 150
2 24 146.2593 0 129.125 146.2593 0 150
2 24 146.2577 -5.25 130.875 146.2579 -5.25 129.125
2 24 133.7437 -5.7286 111.9751 133.7532 -7.0049 113.4209
2 24 133.75 0 110 133.75 0 130
2 24 133.7516 -9 113.85 133.7532 -7.0049 113.4209
2 24 146.2532 -7.0049 113.4209 146.2586 -9 113.85
2 24 146.2579 -5.25 129.125 146.2547 -12.7501 129.125
2 24 146.2586 -9 113.85 146.2586 -12.7499 113.85
2 24 146.2547 -12.7501 129.125 146.2586 -12.7499 113.85
2 24 136.5792 -12.7503 128.025 138.025 -12.7503 126.5792
2 24 140 -12.7503 133.95 141.975 -12.7503 133.4208
2 24 140 -12.7503 146.05 141.975 -12.7503 146.5792
2 24 140 -12.7503 133.95 138.025 -12.7503 133.4208
2 24 140 -12.7503 146.05 138.025 -12.7503 146.5792
2 24 143.7931 -12.7503 130.875 143.4208 -12.7503 131.975
2 24 143.7931 -12.7503 130.875 146.25 -12.7503 130.875
2 24 141.975 -12.7503 133.4208 143.4208 -12.7503 131.975
2 24 141.975 -12.7503 146.5792 143.4208 -12.7503 148.025
2 24 143.8209 -12.7503 149.125 146.2547 -12.7501 149.125
2 24 143.4208 -12.7503 148.025 143.8209 -12.7503 149.125
2 24 146.25 -12.7503 130.875 146.2547 -12.7501 149.125
2 24 138.025 -12.7503 133.4208 136.5792 -12.7503 131.975
2 24 138.025 -12.7503 146.5792 136.5792 -12.7503 148.025
2 24 136.5792 -12.7503 148.025 136.1643 -12.7503 149.1493
2 24 136.1643 -12.7503 149.1493 133.7489 -12.7503 149.1261
2 24 133.7489 -12.7503 149.1261 133.7482 -12.7503 130.8887
2 24 133.7482 -12.7503 130.8887 136.1546 -12.7503 130.882
2 24 136.5792 -12.7503 131.975 136.1546 -12.7503 130.882
2 24 140 -12.7503 126.05 141.975 -12.7503 126.5792
2 24 140.0056 -12.7499 113.85 146.2586 -12.7499 113.85
2 24 143.8209 -12.7503 129.125 146.2547 -12.7501 129.125
2 24 143.8209 -12.7503 129.125 143.4208 -12.7503 128.025
2 24 146.2586 -12.7499 113.85 146.2547 -12.7501 129.125
2 24 141.975 -12.7503 126.5792 143.4208 -12.7503 128.025
2 24 133.7528 -12.75 113.85 140.0056 -12.7499 113.85
2 24 138.025 -12.7503 126.5792 140 -12.7503 126.05
2 24 136.5792 -12.7503 128.025 136.1643 -12.7503 129.1493
2 24 136.1643 -12.7503 129.1493 133.7495 -12.7502 129.1505
2 24 133.7528 -12.75 113.85 133.7495 -12.7502 129.1505
2 24 146.2594 -5.7286 28.025 146.25 -7.0049 26.5792
2 24 143.4208 -5.7286 28.025 141.975 -7.0049 26.5792
2 24 139.9982 -9 26.05 141.975 -7.0049 26.5792
2 24 146.2524 -9 26.05 146.25 -7.0049 26.5792
2 24 133.7453 -9 26.05 133.75 -7.0049 26.5792
2 24 139.9982 -9 26.05 138.025 -7.0049 26.5792
2 24 136.5792 -5.7286 28.025 138.025 -7.0049 26.5792
2 24 133.7547 -5.7286 28.025 133.75 -7.0049 26.5792
2 24 63.2407 -4.875 13.25 63.2407 -20.75 13.25
2 24 66.25 -20.75 16.4952 63.2407 -20.75 13.25
2 24 73.75 -20.75 16.4952 76.7593 -20.75 13.25
2 24 76.7593 -4.875 13.25 76.7593 -20.75 13.25
2 24 87.9914 -4.875 13.25 87.9914 -20.875 13.25
2 24 87.9914 -4.875 13.25 102.5271 -4.875 42.3214
2 24 87.9914 -20.875 13.25 102.5271 -20.875 42.3214
2 24 106.75 -4.875 59.3896 106.75 -4.875 130
2 24 106.75 -20.875 59.3896 106.75 -20.875 130
2 24 106.75 -4.875 130 106.75 -20.875 130
2 24 102.5271 -4.875 42.3214 104.4917 -4.875 47.0621
2 24 102.5271 -20.875 42.3214 104.4917 -20.875 47.0621
2 24 104.4917 -4.875 47.0621 106.2763 -4.875 54.2356
2 24 104.4917 -20.875 47.0621 106.2763 -20.875 54.2356
2 24 106.75 -4.875 59.3896 106.2763 -4.875 54.2356
2 24 106.75 -20.875 59.3896 106.2763 -20.875 54.2356
2 24 116.25 -4.875 10 77.5 -4.875 10
2 24 77.5 -4.875 10 76.7593 -4.875 13.25
2 24 87.9914 -4.875 13.25 76.7593 -4.875 13.25
2 24 87.9914 -4.875 13.25 102.5271 -4.875 42.3214
2 24 116.25 -4.875 10 116.2501 -4.875 130
2 24 106.75 -4.875 59.3896 106.75 -4.875 130
2 24 116.2501 -4.875 130 106.75 -4.875 130
2 24 102.5271 -4.875 42.3214 104.4917 -4.875 47.0621
2 24 104.4917 -4.875 47.0621 106.2763 -4.875 54.2356
2 24 106.75 -4.875 59.3896 106.2763 -4.875 54.2356
2 24 112.5 0 10 130.0443 0 10
2 24 116.25 -7.7562 10 116.25 -4.875 10
2 24 116.25 -7.7562 10 116.2501 -7.7562 130
2 24 116.25 -4.875 10 116.2501 -4.875 130
2 24 116.2501 -7.7562 130 116.2501 -4.875 130
2 24 106.75 -4.875 133 106.75 -20.875 133
2 24 106.75 -4.875 133 106.75 -4.875 150
2 24 106.75 -20.875 133 106.75 -20.875 150
2 24 116.2501 -4.875 133 106.75 -4.875 133
2 24 116.2501 -4.875 133 116.2501 -4.875 150
2 24 106.75 -4.875 133 106.75 -4.875 150
2 24 116.2501 -7.7562 133 116.2501 -4.875 133
2 24 116.2501 -7.7562 133 116.2501 -7.7562 150
2 24 116.2501 -4.875 133 116.2501 -4.875 150
2 24 118.1737 -8.2717 10 116.25 -7.7562 10
2 24 118.1737 -8.2717 10 118.1737 -8.2716 130
2 24 116.25 -7.7562 10 116.2501 -7.7562 130
2 24 118.1737 -8.2716 130 116.2501 -7.7562 130
2 24 116.2501 -7.7562 133 116.2501 -7.7562 150
2 24 116.2501 -7.7562 133 118.1738 -8.2716 133
2 24 118.1738 -8.2716 133 118.1738 -8.2716 150
2 24 120.3569 -12.687 10 118.1737 -8.2717 10
2 24 120.3569 -12.687 10 120.3569 -12.687 130
2 24 118.1737 -8.2717 10 118.1737 -8.2716 130
2 24 120.3569 -12.687 130 118.1737 -8.2716 130
2 24 118.1738 -8.2716 133 118.1738 -8.2716 150
2 24 118.1738 -8.2716 133 120.3569 -12.687 133
2 24 120.3569 -12.687 133 120.3569 -12.687 150
2 24 120.4019 -13.9751 10 120.3569 -12.687 10
2 24 120.4019 -13.9751 10 120.6385 -20.75 35.2843
2 24 120.6385 -20.75 35.2843 120.6385 -20.75 130
2 24 120.6385 -20.75 130 120.3569 -12.687 130
2 24 120.3569 -12.687 10 120.3569 -12.687 130
2 24 120.3569 -12.687 133 120.3569 -12.687 150
2 24 120.3569 -12.687 133 120.6385 -20.75 133
2 24 120.6385 -20.75 133 120.6385 -20.75 150
2 24 127.0042 -13.9819 10.0253 120.4019 -13.9751 10
2 24 127.0042 -13.9819 10.0253 126.8602 -20.5327 35.2843
2 24 120.4019 -13.9751 10 120.6385 -20.75 35.2843
2 24 126.8602 -20.5327 35.2843 120.6385 -20.75 35.2843
2 24 120.6385 -20.75 133 120.6385 -20.75 150
2 24 120.6385 -20.75 133 126.75 -20.75 133
2 24 126.75 -20.75 133 126.75 -20.75 150
2 24 126.75 -20.75 133 126.75 -20.75 150
2 24 126.75 -20.75 133 126.75 -15.75 133
2 24 128.7976 -12.9291 133 130.015 -12.75 133
2 24 130.015 -12.75 133 130.015 -12.75 150
2 24 128.5421 -12.7658 113.6972 130.0443 -12.6111 113.9056
2 24 128.7743 -12.865 129.9991 130.0443 -12.75 130
2 24 130.0443 -12.6111 113.9056 130.0443 -12.75 130
2 24 130 -24 150 130 -24 34.8564
2 24 120.6385 -20.75 130 120.6385 -20.75 35.2843
2 24 126.8602 -20.5327 110.75 126.8602 -20.5327 35.2843
2 24 120.6385 -20.75 35.2843 126.8602 -20.5327 35.2843
2 24 120.6385 -20.75 130 126.8527 -20.5329 130
2 24 126.8602 -20.5327 110.75 126.8527 -20.5329 130
2 24 126.8602 -20.5327 35.2843 126.8602 -20.5327 110.75
2 24 126.8602 -20.5327 110.75 126.8527 -20.5329 130
2 24 126.8527 -20.5329 130 126.7274 -15.7502 130
2 24 130.0443 -12.6111 113.9056 130.0443 -7.875 113.75
2 24 130.0443 -4.875 110.7551 130.0443 -4.8729 29.2553
2 24 130.0443 -12.75 9.9999 130.0443 -12.6228 26.0801
2 24 130.0443 0 10 130.0443 -12.75 9.9999
2 24 127.4809 -13.5192 26.6202 128.5826 -12.8691 26.1545
2 24 128.5826 -12.8691 26.1545 130.0443 -12.6228 26.0801
2 24 130.0443 -12.6228 26.0801 130.0443 -7.8748 26.25
2 24 126.8911 -14.0771 112.4029 127.4498 -13.3216 113.0971
2 24 127.1105 -14.5975 130.0003 127.7015 -13.538 129.999
2 24 127.0273 -14.5503 133 127.728 -13.5377 133
2 24 128.5421 -12.7658 113.6972 127.4498 -13.3216 113.0971
2 24 128.7743 -12.865 129.9991 127.7015 -13.538 129.999
2 24 126.7274 -15.7502 130 127.1105 -14.5975 130.0003
2 24 128.7976 -12.9291 133 127.728 -13.5377 133
2 24 126.75 -15.75 133 127.0273 -14.5503 133
2 24 130.0443 -4.875 110.7551 130.0443 -5.0891 111.8571
2 24 130.0443 -6.5937 113.4581 130.0443 -5.5063 112.8865
2 24 130.0443 -7.875 113.75 130.0443 -6.5937 113.4581
2 24 130.0443 -5.0891 111.8571 130.0443 -5.5063 112.8865
2 24 130.0443 -5.0374 28.1446 130.0443 -5.6853 27.0656
2 24 130.0443 -7.8748 26.25 130.0443 -6.7152 26.4226
2 24 130.0443 -4.8729 29.2553 130.0443 -5.0374 28.1446
2 24 130.0443 -5.6853 27.0656 130.0443 -6.7152 26.4226
2 24 130.0443 -12.6228 26.0801 130.0443 -12.75 9.9999
2 24 128.7821 -12.9151 10.0631 130.0443 -12.75 9.9999
2 24 128.7821 -12.9151 10.0631 127.9137 -13.3846 10.0357
2 24 127.9137 -13.3846 10.0357 127.0042 -13.9819 10.0253
2 24 126.8602 -20.5327 35.2843 127.0042 -13.9819 10.0253
2 24 133.75 -5.25 129.125 133.7499 -5.25 130.875
2 24 130.0443 0 129.9983 70 0 130.1552
2 24 130 0 133 70 0 133.157
2 24 116.2501 -4.875 130 106.75 -4.875 130
2 24 106.75 -4.875 133 116.2501 -4.875 133
2 24 127.7015 -13.538 129.999 128.7743 -12.865 129.9991
2 24 116.2501 -7.7562 133 118.1738 -8.2716 133
2 24 116.2501 -4.875 133 116.2501 -7.7562 133
2 24 106.75 -20.875 130 70 -20.7342 130
2 24 106.75 -4.875 130 106.75 -20.875 130
2 24 130.0443 0 129.9983 70 0 130.1552
2 24 106.75 -4.875 133 106.75 -20.875 133
2 24 106.75 -20.875 133 70 -20.875 133
2 24 130 0 133 70 0 133.157
2 24 76.7593 -4.875 13.25 76.7593 -20.75 13.25
2 24 76.7593 -4.875 13.25 87.9914 -4.875 13.25
2 24 76.7593 -20.75 13.25 87.9914 -20.875 13.25
2 24 87.9914 -4.875 13.25 87.9914 -20.875 13.25
2 24 106.75 -20.875 130 106.75 -20.875 59.3896
2 24 70 -20.7342 130 106.75 -20.875 130
2 24 106.75 -20.875 59.3896 106.2763 -20.875 54.2356
2 24 106.2763 -20.875 54.2356 104.4917 -20.875 47.0621
2 24 104.4917 -20.875 47.0621 102.5271 -20.875 42.3214
2 24 102.5271 -20.875 42.3214 87.9914 -20.875 13.25
2 24 73.75 -20.75 16.4952 70 -20.75 17.5
2 24 87.9914 -20.875 13.25 76.7593 -20.75 13.25
2 24 73.75 -20.75 16.4952 76.7593 -20.75 13.25
2 24 116.25 -7.7562 10 118.1737 -8.2717 10
2 24 116.25 -4.875 10 116.25 -7.7562 10
2 24 128.7821 -12.9151 10.0631 130.0443 -12.75 9.9999
2 24 130.0443 0 10 130.0443 -12.75 9.9999
2 24 118.1737 -8.2717 10 120.3569 -12.687 10
2 24 128.7821 -12.9151 10.0631 127.9137 -13.3846 10.0357
2 24 120.4019 -13.9751 10 127.0042 -13.9819 10.0253
2 24 120.3569 -12.687 10 120.4019 -13.9751 10
2 24 127.9137 -13.3846 10.0357 127.0042 -13.9819 10.0253
2 24 130.0443 -5.5063 112.8865 130.0443 -6.5937 113.4581
2 24 133.75 0 110 133.75 0 130
2 24 130.0443 -5.5063 112.8865 130.0443 -5.0891 111.8571
2 24 130.0443 -5.0891 111.8571 130.0443 -4.875 110.7551
2 24 130.0443 -7.875 113.75 130.0443 -12.6111 113.9056
2 24 130.0443 -12.6111 113.9056 130.0443 -12.75 130
2 24 130.0443 0 129.9983 130.0443 -12.75 130
2 24 130.0443 -7.8748 26.25 130.0443 -6.7152 26.4226
2 24 130.0443 -5.0374 28.1446 130.0443 -4.8729 29.2553
2 24 130.0443 -6.7152 26.4226 130.0443 -5.6853 27.0656
2 24 130.0443 -12.6228 26.0801 130.0443 -7.8748 26.25
2 24 130.0443 -4.875 110.7551 130.0443 -4.8729 29.2553
2 24 130.0443 0 129.9983 130.0443 0 30
2 24 130.0443 0 10 130.0443 0 30
2 24 130.0443 -5.0374 28.1446 130.0443 -5.6853 27.0656
2 24 -3.424 0 111.9751 -1.9781 0 113.4209
2 24 -3.424 -5.7286 111.9751 -1.9781 -7.0049 113.4209
2 24 -1.9781 0 113.4209 -0.0031 0 113.9501
2 24 -1.9781 -7.0049 113.4209 -0.005 -9 113.9501
2 24 -0.005 -9 113.9501 1.9719 -7.0049 113.4209
2 24 -0.0031 0 113.9501 1.9719 0 113.4209
2 24 1.9719 -7.0049 113.4209 3.4176 -5.7286 111.9751
2 24 1.9719 0 113.4209 3.4176 0 111.9751
2 24 3.4176 0 111.9751 3.9469 0 110.0001
2 24 3.4176 -5.7286 111.9751 3.9469 -5.25 110.0001
2 24 3.9469 -5.25 110.0001 3.4176 -5.25 108.0251
2 24 3.9469 0 110.0001 3.4176 0 108.0251
2 24 3.4176 0 108.0251 1.9719 0 106.5793
2 24 3.4176 -5.25 108.0251 1.9719 -5.25 106.5793
2 24 1.9719 0 106.5793 -0.0031 0 106.0501
2 24 1.9719 -5.25 106.5793 -0.0031 -5.25 106.0501
2 24 -0.0031 0 106.0501 -1.9781 0 106.5793
2 24 -0.0031 -5.25 106.0501 -1.9781 -5.25 106.5793
2 24 -1.9781 0 106.5793 -3.424 0 108.0251
2 24 -1.9781 -5.25 106.5793 -3.424 -5.25 108.0251
2 24 -3.424 0 108.0251 -3.9531 0 110.0001
2 24 -3.424 -5.25 108.0251 -3.9292 -5.2619 109.9874
2 24 -3.424 0 111.9751 -3.9531 0 110.0001
2 24 -3.424 -5.7286 111.9751 -3.9292 -5.2619 109.9874
2 24 -1.9781 0 113.4209 -3.424 0 111.9751
2 24 -0.9935 0 111.7154 -1.7185 0 110.9905
2 24 -1.9781 0 113.4209 -0.0031 0 113.9501
2 24 -0.9935 0 111.7154 -0.0031 0 111.9808
2 24 -0.0031 0 113.9501 1.9719 0 113.4209
2 24 -0.0031 0 111.9808 0.9872 0 111.7154
2 24 1.9719 0 113.4209 3.4176 0 111.9751
2 24 0.9872 0 111.7154 1.7122 0 110.9905
2 24 3.4176 0 111.9751 3.9469 0 110.0001
2 24 1.7122 0 110.9905 1.9776 0 110.0001
2 24 1.9776 0 110.0001 1.7122 0 109.0097
2 24 3.9469 0 110.0001 3.4176 0 108.0251
2 24 3.4176 0 108.0251 1.9719 0 106.5793
2 24 1.7122 0 109.0097 0.9872 0 108.2848
2 24 1.9719 0 106.5793 -0.0031 0 106.0501
2 24 0.9872 0 108.2848 -0.0031 0 108.0194
2 24 -0.0031 0 106.0501 -1.9781 0 106.5793
2 24 -0.0031 0 108.0194 -0.9935 0 108.2848
2 24 -1.9781 0 106.5793 -3.424 0 108.0251
2 24 -0.9935 0 108.2848 -1.7185 0 109.0097
2 24 -1.7185 0 109.0097 -1.9839 0 110.0001
2 24 -3.424 0 108.0251 -3.9531 0 110.0001
2 24 -3.424 0 111.9751 -3.9531 0 110.0001
2 24 -1.7185 0 110.9905 -1.9839 0 110.0001
2 24 -0.9935 0 111.7154 -1.7185 0 110.9905
2 24 -0.9935 -5.25 111.7154 -1.7185 -5.25 110.9905
2 24 -0.9935 0 111.7154 -0.0031 0 111.9808
2 24 -0.9935 -5.25 111.7154 -0.0031 -5.25 111.9808
2 24 -0.0031 0 111.9808 0.9872 0 111.7154
2 24 -0.0031 -5.25 111.9808 0.9872 -5.25 111.7154
2 24 0.9872 0 111.7154 1.7122 0 110.9905
2 24 0.9872 -5.25 111.7154 1.7122 -5.25 110.9905
2 24 1.7122 0 110.9905 1.9776 0 110.0001
2 24 1.7122 -5.25 110.9905 1.9776 -5.25 110.0001
2 24 1.9776 0 110.0001 1.7122 0 109.0097
2 24 1.9776 -5.25 110.0001 1.7122 -5.25 109.0097
2 24 1.7122 0 109.0097 0.9872 0 108.2848
2 24 1.7122 -5.25 109.0097 0.9872 -5.25 108.2848
2 24 0.9872 0 108.2848 -0.0031 0 108.0194
2 24 0.9872 -5.25 108.2848 -0.0031 -5.25 108.0194
2 24 -0.0031 0 108.0194 -0.9935 0 108.2848
2 24 -0.0031 -5.25 108.0194 -0.9935 -5.25 108.2848
2 24 -0.9935 0 108.2848 -1.7185 0 109.0097
2 24 -0.9935 -5.25 108.2848 -1.7185 -5.25 109.0097
2 24 -1.7185 0 109.0097 -1.9839 0 110.0001
2 24 -1.7185 -5.25 109.0097 -1.9839 -5.25 110.0001
2 24 -1.7185 0 110.9905 -1.9839 0 110.0001
2 24 -1.7185 -5.25 110.9905 -1.9839 -5.25 110.0001
2 24 0.9872 -5.25 108.2848 -0.0031 -5.25 108.0194
2 24 1.7122 -5.25 110.9905 1.9776 -5.25 110.0001
2 24 -0.9935 -5.25 111.7154 -0.0031 -5.25 111.9808
2 24 -1.7185 -5.25 109.0097 -1.9839 -5.25 110.0001
2 24 1.9776 -5.25 110.0001 1.7122 -5.25 109.0097
2 24 0.9872 -5.25 108.2848 1.7122 -5.25 109.0097
2 24 -0.0031 -5.25 111.9808 0.9872 -5.25 111.7154
2 24 1.7122 -5.25 110.9905 0.9872 -5.25 111.7154
2 24 -1.9839 -5.25 110.0001 -1.7185 -5.25 110.9905
2 24 -0.9935 -5.25 111.7154 -1.7185 -5.25 110.9905
2 24 -0.0031 -5.25 108.0194 -0.9935 -5.25 108.2848
2 24 -1.7185 -5.25 109.0097 -0.9935 -5.25 108.2848
2 24 -3.424 -5.7286 111.9751 -3.9292 -5.2619 109.9874
2 24 -6.2484 -5.7286 111.9751 -6.2571 -5.25 110
2 24 -6.2586 -12.7499 113.85 -0.0056 -12.7499 113.85
2 24 -6.2586 -12.7499 113.85 -6.2586 -9 113.85
2 24 -0.0031 -5.25 106.0501 -1.9781 -5.25 106.5793
2 24 0 -5.25 33.95 -1.975 -5.25 33.4208
2 24 -0.0031 -5.25 106.0501 1.9719 -5.25 106.5793
2 24 0 -5.25 33.95 1.975 -5.25 33.4208
2 24 3.4176 -5.7286 111.9751 3.9469 -5.25 110.0001
2 24 6.2563 -5.7286 111.9751 6.2502 -5.2501 110
2 24 -0.0056 -12.7499 113.85 6.2472 -12.75 113.85
2 24 6.2472 -12.75 113.85 6.2484 -9 113.85
2 24 6.2563 -5.7286 111.9751 6.2469 -7.0049 113.4209
2 24 3.4176 -5.7286 111.9751 1.9719 -7.0049 113.4209
2 24 -0.005 -9 113.9501 1.9719 -7.0049 113.4209
2 24 6.2484 -9 113.85 6.2469 -7.0049 113.4209
2 24 -0.005 -9 113.9501 -1.9781 -7.0049 113.4209
2 24 -6.2586 -9 113.85 -6.2531 -7.0049 113.4209
2 24 -6.2484 -5.7286 111.9751 -6.2531 -7.0049 113.4209
2 24 -3.424 -5.7286 111.9751 -1.9781 -7.0049 113.4209
2 24 3.4208 0 28.025 1.975 0 26.5792
2 24 3.4208 -5.7286 28.025 1.975 -7.0049 26.5792
2 24 1.975 0 26.5792 0 0 26.05
2 24 1.975 -7.0049 26.5792 0.0018 -9 26.05
2 24 0.0018 -9 26.05 -1.975 -7.0049 26.5792
2 24 0 0 26.05 -1.975 0 26.5792
2 24 -1.975 -7.0049 26.5792 -3.4208 -5.7286 28.025
2 24 -1.975 0 26.5792 -3.4208 0 28.025
2 24 -3.4208 0 28.025 -3.95 0 30
2 24 -3.4208 -5.7286 28.025 -3.95 -5.25 30
2 24 -3.95 -5.25 30 -3.4208 -5.25 31.975
2 24 -3.95 0 30 -3.4208 0 31.975
2 24 -3.4208 0 31.975 -1.975 0 33.4208
2 24 -3.4208 -5.25 31.975 -1.975 -5.25 33.4208
2 24 -1.975 0 33.4208 0 0 33.95
2 24 -1.975 -5.25 33.4208 0 -5.25 33.95
2 24 0 0 33.95 1.975 0 33.4208
2 24 0 -5.25 33.95 1.975 -5.25 33.4208
2 24 1.975 0 33.4208 3.4208 0 31.975
2 24 1.975 -5.25 33.4208 3.4208 -5.25 31.975
2 24 3.4208 0 31.975 3.95 0 30
2 24 3.4208 -5.25 31.975 3.926 -5.2619 30.0127
2 24 3.4208 0 28.025 3.95 0 30
2 24 3.4208 -5.7286 28.025 3.926 -5.2619 30.0127
2 24 1.975 0 26.5792 3.4208 0 28.025
2 24 0.9904 0 28.2847 1.7153 0 29.0096
2 24 1.975 0 26.5792 0 0 26.05
2 24 0.9904 0 28.2847 0 0 28.0193
2 24 0 0 26.05 -1.975 0 26.5792
2 24 0 0 28.0193 -0.9904 0 28.2847
2 24 -1.975 0 26.5792 -3.4208 0 28.025
2 24 -0.9904 0 28.2847 -1.7153 0 29.0096
2 24 -3.4208 0 28.025 -3.95 0 30
2 24 -1.7153 0 29.0096 -1.9807 0 30
2 24 -1.9807 0 30 -1.7153 0 30.9904
2 24 -3.95 0 30 -3.4208 0 31.975
2 24 -3.4208 0 31.975 -1.975 0 33.4208
2 24 -1.7153 0 30.9904 -0.9904 0 31.7153
2 24 -1.975 0 33.4208 0 0 33.95
2 24 -0.9904 0 31.7153 0 0 31.9807
2 24 0 0 33.95 1.975 0 33.4208
2 24 0 0 31.9807 0.9904 0 31.7153
2 24 1.975 0 33.4208 3.4208 0 31.975
2 24 0.9904 0 31.7153 1.7153 0 30.9904
2 24 1.7153 0 30.9904 1.9807 0 30
2 24 3.4208 0 31.975 3.95 0 30
2 24 3.4208 0 28.025 3.95 0 30
2 24 1.7153 0 29.0096 1.9807 0 30
2 24 0.9904 0 28.2847 1.7153 0 29.0096
2 24 0.9904 -5.25 28.2847 1.7153 -5.25 29.0096
2 24 0.9904 0 28.2847 0 0 28.0193
2 24 0.9904 -5.25 28.2847 0 -5.25 28.0193
2 24 0 0 28.0193 -0.9904 0 28.2847
2 24 0 -5.25 28.0193 -0.9904 -5.25 28.2847
2 24 -0.9904 0 28.2847 -1.7153 0 29.0096
2 24 -0.9904 -5.25 28.2847 -1.7153 -5.25 29.0096
2 24 -1.7153 0 29.0096 -1.9807 0 30
2 24 -1.7153 -5.25 29.0096 -1.9807 -5.25 30
2 24 -1.9807 0 30 -1.7153 0 30.9904
2 24 -1.9807 -5.25 30 -1.7153 -5.25 30.9904
2 24 -1.7153 0 30.9904 -0.9904 0 31.7153
2 24 -1.7153 -5.25 30.9904 -0.9904 -5.25 31.7153
2 24 -0.9904 0 31.7153 0 0 31.9807
2 24 -0.9904 -5.25 31.7153 0 -5.25 31.9807
2 24 0 0 31.9807 0.9904 0 31.7153
2 24 0 -5.25 31.9807 0.9904 -5.25 31.7153
2 24 0.9904 0 31.7153 1.7153 0 30.9904
2 24 0.9904 -5.25 31.7153 1.7153 -5.25 30.9904
2 24 1.7153 0 30.9904 1.9807 0 30
2 24 1.7153 -5.25 30.9904 1.9807 -5.25 30
2 24 1.7153 0 29.0096 1.9807 0 30
2 24 1.7153 -5.25 29.0096 1.9807 -5.25 30
2 24 -0.9904 -5.25 31.7153 0 -5.25 31.9807
2 24 1.7153 -5.25 30.9904 1.9807 -5.25 30
2 24 -1.9807 -5.25 30 -1.7153 -5.25 30.9904
2 24 -0.9904 -5.25 31.7153 -1.7153 -5.25 30.9904
2 24 0 -5.25 31.9807 0.9904 -5.25 31.7153
2 24 1.7153 -5.25 30.9904 0.9904 -5.25 31.7153
2 24 -3.8209 -5.275 149.125 -6.2579 -5.25 149.125
2 24 -3.8209 -5.275 149.125 -3.95 -5.25 150
2 24 -6.2579 -5.25 149.125 -6.2586 -5.25 150
2 24 3.8357 -12.7503 149.1493 3.8357 -5.2619 149.1493
2 24 3.8357 -12.7503 149.1493 6.2511 -12.7503 149.1261
2 24 3.8357 -5.2619 149.1493 6.25 -5.25 149.125
2 24 6.2511 -12.7503 149.1261 6.25 -5.25 149.125
2 24 -3.8209 -12.7503 149.125 -6.2547 -12.7501 149.125
2 24 -3.8209 -12.7503 149.125 -3.8209 -5.275 149.125
2 24 -6.2547 -12.7501 149.125 -6.2579 -5.25 149.125
2 24 -3.8209 -5.275 149.125 -6.2579 -5.25 149.125
2 24 3.8357 -5.2619 149.1493 3.926 -5.2619 150
2 24 3.8357 -5.2619 149.1493 6.25 -5.25 149.125
2 24 6.25 -5.25 149.125 6.25 -5.2502 150
2 24 -3.8209 -5.275 149.125 -3.95 -5.25 150
2 24 -3.8209 0 149.125 -3.95 0 150
2 24 3.4208 0 148.025 3.8357 0 149.1493
2 24 1.975 0 146.5792 3.4208 0 148.025
2 24 0.9904 0 148.2847 1.7153 0 149.0096
2 24 1.975 0 146.5792 0 0 146.05
2 24 0.9904 0 148.2847 0 0 148.0193
2 24 0 0 146.05 -1.975 0 146.5792
2 24 0 0 148.0193 -0.9904 0 148.2847
2 24 -1.975 0 146.5792 -3.4208 0 148.025
2 24 -0.9904 0 148.2847 -1.7153 0 149.0096
2 24 -1.7153 0 149.0096 -1.9807 0 150
2 24 -3.4208 0 148.025 -3.8209 0 149.125
2 24 3.95 0 150 3.8357 0 149.1493
2 24 0.9904 0 148.2847 1.7153 0 149.0096
2 24 0.9904 -12.7683 148.2847 1.7153 -12.7683 149.0096
2 24 0.9904 0 148.2847 0 0 148.0193
2 24 0.9904 -12.7683 148.2847 0 -12.7683 148.0193
2 24 0 0 148.0193 -0.9904 0 148.2847
2 24 0 -12.7683 148.0193 -0.9904 -12.7683 148.2847
2 24 -0.9904 0 148.2847 -1.7153 0 149.0096
2 24 -0.9904 -12.7683 148.2847 -1.7153 -12.7683 149.0096
2 24 -1.7153 0 149.0096 -1.9807 0 150
2 24 -1.7153 -12.7683 149.0096 -1.9807 -12.7503 150
2 24 1.7153 -12.7683 149.0096 1.9807 -12.7503 150
2 24 1.7153 0 149.0096 1.9807 0 150
2 24 -1.7153 -12.7683 149.0096 -1.9807 -12.7503 150
2 24 0.9904 -12.7683 148.2847 0 -12.7683 148.0193
2 24 0 -12.7683 148.0193 -0.9904 -12.7683 148.2847
2 24 -1.7153 -12.7683 149.0096 -0.9904 -12.7683 148.2847
2 24 1.9807 -12.7503 150 1.7153 -12.7683 149.0096
2 24 0.9904 -12.7683 148.2847 1.7153 -12.7683 149.0096
2 24 3.8357 -12.7503 149.1493 3.4208 -12.7503 148.025
2 24 3.8357 -5.2619 149.1493 3.8357 -12.7503 149.1493
2 24 -1.975 0 146.5792 -3.4208 0 148.025
2 24 -1.975 -12.7503 146.5792 -3.4208 -12.7503 148.025
2 24 -1.975 0 146.5792 0 0 146.05
2 24 -1.975 -12.7503 146.5792 0 -12.7503 146.05
2 24 0 0 146.05 1.975 0 146.5792
2 24 0 -12.7503 146.05 1.975 -12.7503 146.5792
2 24 3.4208 0 148.025 1.975 0 146.5792
2 24 3.4208 -12.7503 148.025 1.975 -12.7503 146.5792
2 24 -3.4208 -12.7503 148.025 -3.8209 -12.7503 149.125
2 24 -3.8209 -5.275 149.125 -3.8209 -12.7503 149.125
2 24 -3.8209 0 149.125 -3.4208 0 148.025
2 24 3.8357 0 149.1493 3.95 0 150
2 24 3.8357 -5.2619 149.1493 3.926 -5.2619 150
2 24 -3.8209 0 149.125 -3.95 0 150
2 24 3.4208 0 148.025 3.8357 0 149.1493
2 24 1.7153 0 149.0096 1.9807 0 150
2 24 3.8454 -5.262 130.882 6.2501 -5.25 130.875
2 24 3.8454 -5.262 130.882 3.926 -5.2619 130.0127
2 24 6.2501 -5.25 130.875 6.25 -5.25 129.125
2 24 -3.8209 -5.275 129.125 -6.2579 -5.25 129.125
2 24 -3.8209 -5.275 129.125 -3.95 -5.25 130
2 24 6.2501 -5.25 130.875 3.8454 -5.262 130.882
2 24 6.2501 -5.25 130.875 6.2518 -12.7503 130.8887
2 24 3.8454 -5.262 130.882 3.8454 -12.7503 130.882
2 24 6.2518 -12.7503 130.8887 3.8454 -12.7503 130.882
2 24 -6.2577 -5.25 130.875 -6.25 -12.7503 130.875
2 24 -6.2577 -5.25 130.875 -3.7931 -5.25 130.875
2 24 -6.25 -12.7503 130.875 -3.7931 -12.7503 130.875
2 24 -3.7931 -5.25 130.875 -3.7931 -12.7503 130.875
2 24 3.8357 -12.7503 129.1493 3.8357 -5.2619 129.1493
2 24 3.8357 -12.7503 129.1493 6.2505 -12.7502 129.1505
2 24 3.8357 -5.2619 129.1493 6.25 -5.25 129.125
2 24 6.2505 -12.7502 129.1505 6.25 -5.25 129.125
2 24 -3.8209 -12.7503 129.125 -6.2547 -12.7501 129.125
2 24 -3.8209 -12.7503 129.125 -3.8209 -5.275 129.125
2 24 -6.2547 -12.7501 129.125 -6.2579 -5.25 129.125
2 24 -3.8209 -5.275 129.125 -6.2579 -5.25 129.125
2 24 -6.2579 -5.25 129.125 -6.2577 -5.25 130.875
2 24 -6.2577 -5.25 130.875 -3.7931 -5.25 130.875
2 24 -3.95 -5.25 130 -3.7931 -5.25 130.875
2 24 3.926 -5.2619 130.0127 3.8357 -5.2619 129.1493
2 24 6.25 -5.25 129.125 3.8357 -5.2619 129.1493
2 24 -3.8209 -5.275 129.125 -3.95 -5.25 130
2 24 -3.8209 0 129.125 -3.95 0 130
2 24 -3.95 0 130 -3.7931 0 130.875
2 24 -3.95 -5.25 130 -3.7931 -5.25 130.875
2 24 3.8454 -5.262 130.882 3.926 -5.2619 130.0127
2 24 3.8454 0 130.882 3.95 0 130
2 24 3.4208 0 128.025 3.8357 0 129.1493
2 24 1.975 0 126.5792 3.4208 0 128.025
2 24 0.9904 0 128.2847 1.7153 0 129.0096
2 24 1.975 0 126.5792 0 0 126.05
2 24 0.9904 0 128.2847 0 0 128.0193
2 24 0 0 126.05 -1.975 0 126.5792
2 24 0 0 128.0193 -0.9904 0 128.2847
2 24 -1.975 0 126.5792 -3.4208 0 128.025
2 24 -0.9904 0 128.2847 -1.7153 0 129.0096
2 24 -1.7153 0 129.0096 -1.9807 0 130
2 24 -3.4208 0 128.025 -3.8209 0 129.125
2 24 -3.4208 0 131.975 -3.7931 0 130.875
2 24 -1.9807 0 130 -1.7153 0 130.9904
2 24 -3.4208 0 131.975 -1.975 0 133.4208
2 24 -1.7153 0 130.9904 -0.9904 0 131.7153
2 24 -1.975 0 133.4208 0 0 133.95
2 24 -0.9904 0 131.7153 0 0 131.9807
2 24 0 0 133.95 1.975 0 133.4208
2 24 0 0 131.9807 0.9904 0 131.7153
2 24 1.975 0 133.4208 3.4208 0 131.975
2 24 0.9904 0 131.7153 1.7153 0 130.9904
2 24 3.95 0 130 3.8454 0 130.882
2 24 3.95 0 130 3.8357 0 129.1493
2 24 0.9904 0 128.2847 1.7153 0 129.0096
2 24 0.9904 -12.7683 128.2847 1.7153 -12.7683 129.0096
2 24 0.9904 0 128.2847 0 0 128.0193
2 24 0.9904 -12.7683 128.2847 0 -12.7683 128.0193
2 24 0 0 128.0193 -0.9904 0 128.2847
2 24 0 -12.7683 128.0193 -0.9904 -12.7683 128.2847
2 24 -0.9904 0 128.2847 -1.7153 0 129.0096
2 24 -0.9904 -12.7683 128.2847 -1.7153 -12.7683 129.0096
2 24 -1.7153 0 129.0096 -1.9807 0 130
2 24 -1.7153 -12.7683 129.0096 -1.9807 -12.7683 130
2 24 -1.9807 0 130 -1.7153 0 130.9904
2 24 -1.9807 -12.7683 130 -1.7153 -12.7683 130.9904
2 24 -1.7153 0 130.9904 -0.9904 0 131.7153
2 24 -1.7153 -12.7683 130.9904 -0.9904 -12.7683 131.7153
2 24 -0.9904 0 131.7153 0 0 131.9807
2 24 -0.9904 -12.7683 131.7153 0 -12.7683 131.9807
2 24 0 0 131.9807 0.9904 0 131.7153
2 24 0 -12.7683 131.9807 0.9904 -12.7683 131.7153
2 24 0.9904 0 131.7153 1.7153 0 130.9904
2 24 0.9904 -12.7683 131.7153 1.7153 -12.7683 130.9904
2 24 1.7153 0 130.9904 1.9807 0 130
2 24 1.7153 -12.7683 130.9904 1.9807 -12.7683 130
2 24 1.7153 0 129.0096 1.9807 0 130
2 24 1.7153 -12.7683 129.0096 1.9807 -12.7683 130
2 24 -0.9904 -12.7683 131.7153 0 -12.7683 131.9807
2 24 -1.7153 -12.7683 129.0096 -1.9807 -12.7683 130
2 24 0.9904 -12.7683 128.2847 0 -12.7683 128.0193
2 24 1.7153 -12.7683 130.9904 1.9807 -12.7683 130
2 24 -1.9807 -12.7683 130 -1.7153 -12.7683 130.9904
2 24 -0.9904 -12.7683 131.7153 -1.7153 -12.7683 130.9904
2 24 0 -12.7683 128.0193 -0.9904 -12.7683 128.2847
2 24 -1.7153 -12.7683 129.0096 -0.9904 -12.7683 128.2847
2 24 1.9807 -12.7683 130 1.7153 -12.7683 129.0096
2 24 0.9904 -12.7683 128.2847 1.7153 -12.7683 129.0096
2 24 0 -12.7683 131.9807 0.9904 -12.7683 131.7153
2 24 1.7153 -12.7683 130.9904 0.9904 -12.7683 131.7153
2 24 3.8357 -12.7503 129.1493 3.4208 -12.7503 128.025
2 24 3.8357 -5.2619 129.1493 3.8357 -12.7503 129.1493
2 24 1.975 0 133.4208 3.4208 0 131.975
2 24 1.975 -12.7503 133.4208 3.4208 -12.7503 131.975
2 24 1.975 0 133.4208 0 0 133.95
2 24 1.975 -12.7503 133.4208 0 -12.7503 133.95
2 24 0 0 133.95 -1.975 0 133.4208
2 24 0 -12.7503 133.95 -1.975 -12.7503 133.4208
2 24 -1.975 0 133.4208 -3.4208 0 131.975
2 24 -1.975 -12.7503 133.4208 -3.4208 -12.7503 131.975
2 24 -1.975 0 126.5792 -3.4208 0 128.025
2 24 -1.975 -12.7503 126.5792 -3.4208 -12.7503 128.025
2 24 -1.975 0 126.5792 0 0 126.05
2 24 -1.975 -12.7503 126.5792 0 -12.7503 126.05
2 24 0 0 126.05 1.975 0 126.5792
2 24 0 -12.7503 126.05 1.975 -12.7503 126.5792
2 24 3.4208 0 128.025 1.975 0 126.5792
2 24 3.4208 -12.7503 128.025 1.975 -12.7503 126.5792
2 24 -3.4208 -12.7503 128.025 -3.8209 -12.7503 129.125
2 24 -3.8209 -5.275 129.125 -3.8209 -12.7503 129.125
2 24 -3.8209 0 129.125 -3.4208 0 128.025
2 24 -3.7931 0 130.875 -3.4208 0 131.975
2 24 -3.4208 -12.7503 131.975 -3.7931 -12.7503 130.875
2 24 -3.7931 -5.25 130.875 -3.7931 -12.7503 130.875
2 24 3.4208 -12.7503 131.975 3.8454 -12.7503 130.882
2 24 3.8454 -5.262 130.882 3.8454 -12.7503 130.882
2 24 3.8454 0 130.882 3.4208 0 131.975
2 24 3.95 0 130 3.8357 0 129.1493
2 24 3.926 -5.2619 130.0127 3.8357 -5.2619 129.1493
2 24 -3.7931 0 130.875 -3.95 0 130
2 24 -3.8209 0 129.125 -3.95 0 130
2 24 1.7153 0 130.9904 1.9807 0 130
2 24 3.4208 0 131.975 3.8454 0 130.882
2 24 3.4208 0 128.025 3.8357 0 129.1493
2 24 1.7153 0 129.0096 1.9807 0 130
2 24 3.4208 -5.7286 28.025 3.926 -5.2619 30.0127
2 24 6.2453 -5.7286 28.025 6.2517 -5.2501 30.0001
2 24 6.2547 -12.7499 26.05 0.0047 -12.7499 26.05
2 24 6.2547 -12.7499 26.05 6.2547 -9 26.05
2 24 49.9301 0 10 62.5 0 10
2 24 50.7495 -4.875 10 62.5 -4.875 10
2 24 62.5 0 10 62.5 -4.875 10
2 24 25.875 0 10 9.9557 0 10
2 24 25.875 0 6.6991 13.0054 0 6.7
2 24 10 0 1.5 10 0 7
2 24 10 0 -1.5 6.25 0 -1.5
2 24 6.25 0 -1.5 6.25 0 1.5
2 24 10 0 1.5 6.25 0 1.5
2 24 10 0 -1.5 10 0 -6.25
2 24 13.0054 0 6.7 13 0 -10
2 24 13 0 -10 10 0 -9.9979
2 24 10 0 -6.25 -6.2593 0 -6.25
2 24 -6.2593 0 -6.25 -6.2593 0 10.875
2 24 -10 0 -9.9995 -10 0 150
2 24 -6.2593 0 10.875 -6.2593 0 130.0815
2 24 10 0 7 8.75 0 7
2 24 7.5 0 7.3349 6.7191 0 8.0991
2 24 8.75 0 7 7.5 0 7.3349
2 24 6.7191 0 8.0991 6.25 0 9.125
2 24 9.9557 0 10 9.9557 0 114.536
2 24 6.25 0 9.125 6.25 0 110
2 24 10 0 -6.25 10 -12.7499 -6.25
2 24 10 0 -6.25 10 0 -1.5
2 24 10 -12.7499 -6.25 10 -12.7499 -1.5
2 24 10 0 -1.5 10 -12.7499 -1.5
2 24 -6.2577 -5.25 10.875 -6.2579 -5.25 9.125
2 24 -6.2593 0 10.875 -6.2593 0 -6.25
2 24 -6.2571 -5.25 110 -6.2571 -5.25 108.025
2 24 -6.2571 -5.25 110 -6.2484 -5.7286 111.9751
2 24 6.7191 0 8.0991 6.25 0 9.125
2 24 6.2517 -5.2501 30.0001 6.2517 -5.2501 31.9751
2 24 -6.2484 -5.7286 111.9751 -6.2531 -7.0049 113.4209
2 24 6.2502 -5.2501 110 6.2563 -5.7286 111.9751
2 24 6.25 -5.25 149.125 6.25 -5.2502 150
2 24 3.4208 -12.7499 11.975 1.975 -12.7499 13.4208
2 24 6.2547 -12.7499 26.05 0.0047 -12.7499 26.05
2 24 -6.25 -7.0049 26.5792 -6.2594 -5.7286 28.025
2 24 3.8454 -5.262 10.882 6.2501 -5.25 10.875
2 24 3.926 -5.2619 10.0127 3.8454 -5.262 10.882
2 24 -3.8209 -5.275 9.125 -6.2579 -5.25 9.125
2 24 -3.8209 -5.275 9.125 -3.95 -5.25 10
2 24 -6.2579 -5.25 9.125 -6.2577 -5.25 10.875
2 24 -3.4208 -5.7286 28.025 -3.95 -5.25 30
2 24 -6.2594 -5.7286 28.025 -6.2559 -5.2501 30.0001
2 24 -3.7931 -12.7499 10.875 -6.25 -12.7499 10.875
2 24 -3.7931 -12.7499 10.875 -3.4208 -12.7499 11.975
2 24 -6.25 -12.7499 10.875 -6.25 -12.7499 26.05
2 24 6.2501 -5.25 10.875 3.8454 -5.262 10.882
2 24 6.2501 -5.25 10.875 6.2547 -12.7499 10.875
2 24 3.8454 -5.262 10.882 3.8454 -12.7499 10.882
2 24 6.2547 -12.7499 10.875 3.8454 -12.7499 10.882
2 24 -6.2577 -5.25 10.875 -6.25 -12.7499 10.875
2 24 -6.2577 -5.25 10.875 -3.7931 -5.25 10.875
2 24 -6.25 -12.7499 10.875 -3.7931 -12.7499 10.875
2 24 -3.7931 -5.25 10.875 -3.7931 -12.7499 10.875
2 24 6.2517 -5.2501 30.0001 6.2453 -5.7286 28.025
2 24 -6.2594 -5.7286 28.025 -6.2559 -5.2501 30.0001
2 24 -6.25 -7.0049 26.5792 -6.2524 -9 26.05
2 24 6.2453 -5.7286 28.025 6.25 -7.0049 26.5792
2 24 6.2501 -5.25 10.875 6.2547 -12.7499 10.875
2 24 6.2547 -12.7499 10.875 6.2547 -12.7499 26.05
2 24 6.2547 -9 26.05 6.2547 -12.7499 26.05
2 24 6.25 -7.0049 26.5792 6.2547 -9 26.05
2 24 6.2547 -12.7499 1.5 6.2547 -12.7499 -1.5
2 24 -3.4208 -12.7499 8.025 -1.975 -12.7499 6.5792
2 24 3.8357 -12.7499 9.1493 3.8357 -5.2619 9.1493
2 24 3.8357 -12.7499 9.1493 6.2523 -12.7499 9.125
2 24 3.8357 -5.2619 9.1493 6.25 -5.25 9.125
2 24 6.2523 -12.7499 9.125 6.25 -5.25 9.125
2 24 -3.8209 -12.7499 9.125 -6.25 -12.7499 9.125
2 24 -3.8209 -12.7499 9.125 -3.8209 -5.275 9.125
2 24 -6.25 -12.7499 9.125 -6.2579 -5.25 9.125
2 24 -3.8209 -5.275 9.125 -6.2579 -5.25 9.125
2 24 -6.25 -12.7499 9.125 -6.2547 -12.7499 -6.25
2 24 -6.2579 -5.25 9.125 -6.25 -12.7499 9.125
2 24 -6.2593 0 -6.25 -6.2547 -12.7499 -6.25
2 24 10 0 1.5 10 -12.7499 1.5
2 24 10 0 1.5 10 0 7
2 24 10 -12.7499 1.5 10 -12.7499 7
2 24 10 0 7 10 -12.7499 7
2 24 10 0 7 10 -12.7499 7
2 24 10 0 7 8.75 0 7
2 24 10 -12.7499 7 8.75 -12.7499 7
2 24 6.7191 0 8.0991 7.5 0 7.3349
2 24 7.5 -12.7499 7.3349 6.7191 -12.7499 8.0991
2 24 8.75 0 7 7.5 0 7.3349
2 24 8.75 -12.7499 7 7.5 -12.7499 7.3349
2 24 6.7191 -12.7499 8.0991 6.2523 -12.7499 9.125
2 24 6.25 -5.25 9.125 6.2523 -12.7499 9.125
2 24 10 0 -9.9979 -10 0 -9.9995
2 24 6.2547 -12.7499 -1.5 6.2547 -12.7499 1.5
2 24 6.2547 -12.7499 -1.5 6.25 0 -1.5
2 24 6.2547 -12.7499 1.5 6.25 0 1.5
2 24 6.25 0 -1.5 6.25 0 1.5
2 24 6.25 0 1.5 6.2547 -12.7499 1.5
2 24 6.25 0 1.5 10 0 1.5
2 24 6.2547 -12.7499 1.5 10 -12.7499 1.5
2 24 10 0 1.5 10 -12.7499 1.5
2 24 1.975 -12.7499 6.5792 3.4208 -12.7499 8.025
2 24 6.2547 -12.7499 1.5 10 -12.7499 1.5
2 24 8.75 -12.7499 7 10 -12.7499 7
2 24 10 -12.7499 1.5 10 -12.7499 7
2 24 10 -12.7499 -1.5 10 -12.7499 -6.25
2 24 6.2547 -12.7499 -1.5 10 -12.7499 -1.5
2 24 -6.2547 -12.7499 -6.25 10 -12.7499 -6.25
2 24 10 -12.7499 -1.5 6.2547 -12.7499 -1.5
2 24 10 -12.7499 -1.5 10 0 -1.5
2 24 6.2547 -12.7499 -1.5 6.25 0 -1.5
2 24 10 0 -1.5 6.25 0 -1.5
2 24 1.975 -12.7499 13.4208 0 -12.7499 13.95
2 24 0 -12.7499 13.95 -1.975 -12.7499 13.4208
2 24 -3.95 -5.25 10 -3.7931 -5.25 10.875
2 24 -6.2577 -5.25 10.875 -3.7931 -5.25 10.875
2 24 3.926 -5.2619 10.0127 3.8357 -5.2619 9.1493
2 24 3.8357 -5.2619 9.1493 6.25 -5.25 9.125
2 24 6.2501 -5.25 10.875 6.25 -5.25 9.125
2 24 6.25 -5.25 9.125 6.2501 -5.25 10.875
2 24 -3.8209 -5.275 9.125 -3.95 -5.25 10
2 24 -3.8209 0 9.125 -3.95 0 10
2 24 -3.95 0 10 -3.7931 0 10.875
2 24 -3.95 -5.25 10 -3.7931 -5.25 10.875
2 24 3.8454 -5.262 10.882 3.926 -5.2619 10.0127
2 24 3.8454 0 10.882 3.95 0 10
2 24 3.4208 0 8.025 3.8357 0 9.1493
2 24 1.975 0 6.5792 3.4208 0 8.025
2 24 0.9904 0 8.2847 1.7153 0 9.0096
2 24 1.975 0 6.5792 0 0 6.05
2 24 0.9904 0 8.2847 0 0 8.0193
2 24 0 0 6.05 -1.975 0 6.5792
2 24 0 0 8.0193 -0.9904 0 8.2847
2 24 -1.975 0 6.5792 -3.4208 0 8.025
2 24 -0.9904 0 8.2847 -1.7153 0 9.0096
2 24 -1.7153 0 9.0096 -1.9807 0 10
2 24 -3.4208 0 8.025 -3.8209 0 9.125
2 24 -3.4208 0 11.975 -3.7931 0 10.875
2 24 -1.9807 0 10 -1.7153 0 10.9904
2 24 -3.4208 0 11.975 -1.975 0 13.4208
2 24 -1.7153 0 10.9904 -0.9904 0 11.7153
2 24 -1.975 0 13.4208 0 0 13.95
2 24 -0.9904 0 11.7153 0 0 11.9807
2 24 0 0 13.95 1.975 0 13.4208
2 24 0 0 11.9807 0.9904 0 11.7153
2 24 1.975 0 13.4208 3.4208 0 11.975
2 24 0.9904 0 11.7153 1.7153 0 10.9904
2 24 3.95 0 10 3.8454 0 10.882
2 24 3.95 0 10 3.8357 0 9.1493
2 24 0.9904 0 8.2847 1.7153 0 9.0096
2 24 0.9904 -12.7683 8.2847 1.7153 -12.7683 9.0096
2 24 0.9904 0 8.2847 0 0 8.0193
2 24 0.9904 -12.7683 8.2847 0 -12.7683 8.0193
2 24 0 0 8.0193 -0.9904 0 8.2847
2 24 0 -12.7683 8.0193 -0.9904 -12.7683 8.2847
2 24 -0.9904 0 8.2847 -1.7153 0 9.0096
2 24 -0.9904 -12.7683 8.2847 -1.7153 -12.7683 9.0096
2 24 -1.7153 0 9.0096 -1.9807 0 10
2 24 -1.7153 -12.7683 9.0096 -1.9807 -12.7683 10
2 24 -1.9807 0 10 -1.7153 0 10.9904
2 24 -1.9807 -12.7683 10 -1.7153 -12.7683 10.9904
2 24 -1.7153 0 10.9904 -0.9904 0 11.7153
2 24 -1.7153 -12.7683 10.9904 -0.9904 -12.7683 11.7153
2 24 -0.9904 0 11.7153 0 0 11.9807
2 24 -0.9904 -12.7683 11.7153 0 -12.7683 11.9807
2 24 0 0 11.9807 0.9904 0 11.7153
2 24 0 -12.7683 11.9807 0.9904 -12.7683 11.7153
2 24 0.9904 0 11.7153 1.7153 0 10.9904
2 24 0.9904 -12.7683 11.7153 1.7153 -12.7683 10.9904
2 24 1.7153 0 10.9904 1.9807 0 10
2 24 1.7153 -12.7683 10.9904 1.9807 -12.7683 10
2 24 1.7153 0 9.0096 1.9807 0 10
2 24 1.7153 -12.7683 9.0096 1.9807 -12.7683 10
2 24 -0.9904 -12.7683 11.7153 0 -12.7683 11.9807
2 24 -1.7153 -12.7683 9.0096 -1.9807 -12.7683 10
2 24 0.9904 -12.7683 8.2847 0 -12.7683 8.0193
2 24 1.7153 -12.7683 10.9904 1.9807 -12.7683 10
2 24 -1.9807 -12.7683 10 -1.7153 -12.7683 10.9904
2 24 -0.9904 -12.7683 11.7153 -1.7153 -12.7683 10.9904
2 24 0 -12.7683 8.0193 -0.9904 -12.7683 8.2847
2 24 -1.7153 -12.7683 9.0096 -0.9904 -12.7683 8.2847
2 24 1.9807 -12.7683 10 1.7153 -12.7683 9.0096
2 24 0.9904 -12.7683 8.2847 1.7153 -12.7683 9.0096
2 24 0 -12.7683 11.9807 0.9904 -12.7683 11.7153
2 24 1.7153 -12.7683 10.9904 0.9904 -12.7683 11.7153
2 24 3.8357 -12.7499 9.1493 3.4208 -12.7499 8.025
2 24 3.8357 -5.2619 9.1493 3.8357 -12.7499 9.1493
2 24 1.975 0 13.4208 3.4208 0 11.975
2 24 1.975 -12.7499 13.4208 3.4208 -12.7499 11.975
2 24 1.975 0 13.4208 0 0 13.95
2 24 1.975 -12.7499 13.4208 0 -12.7499 13.95
2 24 0 0 13.95 -1.975 0 13.4208
2 24 0 -12.7499 13.95 -1.975 -12.7499 13.4208
2 24 -1.975 0 13.4208 -3.4208 0 11.975
2 24 -1.975 -12.7499 13.4208 -3.4208 -12.7499 11.975
2 24 -1.975 0 6.5792 -3.4208 0 8.025
2 24 -1.975 -12.7499 6.5792 -3.4208 -12.7499 8.025
2 24 -1.975 0 6.5792 0 0 6.05
2 24 -1.975 -12.7499 6.5792 0 -12.7499 6.05
2 24 0 0 6.05 1.975 0 6.5792
2 24 0 -12.7499 6.05 1.975 -12.7499 6.5792
2 24 3.4208 0 8.025 1.975 0 6.5792
2 24 3.4208 -12.7499 8.025 1.975 -12.7499 6.5792
2 24 -3.4208 -12.7499 8.025 -3.8209 -12.7499 9.125
2 24 -3.8209 -5.275 9.125 -3.8209 -12.7499 9.125
2 24 -3.8209 0 9.125 -3.4208 0 8.025
2 24 -3.7931 0 10.875 -3.4208 0 11.975
2 24 -3.4208 -12.7499 11.975 -3.7931 -12.7499 10.875
2 24 -3.7931 -5.25 10.875 -3.7931 -12.7499 10.875
2 24 3.4208 -12.7499 11.975 3.8454 -12.7499 10.882
2 24 3.8454 -5.262 10.882 3.8454 -12.7499 10.882
2 24 3.8454 0 10.882 3.4208 0 11.975
2 24 3.95 0 10 3.8357 0 9.1493
2 24 3.926 -5.2619 10.0127 3.8357 -5.2619 9.1493
2 24 3.4208 -12.7499 11.975 3.8454 -12.7499 10.882
2 24 3.8454 -12.7499 10.882 6.2547 -12.7499 10.875
2 24 6.2547 -12.7499 26.05 6.2547 -12.7499 10.875
2 24 0.0047 -12.7499 26.05 -6.25 -12.7499 26.05
2 24 -3.4208 -12.7499 11.975 -1.975 -12.7499 13.4208
2 24 -3.4208 -12.7499 8.025 -3.8209 -12.7499 9.125
2 24 -3.8209 -12.7499 9.125 -6.25 -12.7499 9.125
2 24 -6.2547 -12.7499 -6.25 -6.25 -12.7499 9.125
2 24 -1.975 -12.7499 6.5792 0 -12.7499 6.05
2 24 1.975 -12.7499 6.5792 0 -12.7499 6.05
2 24 8.75 -12.7499 7 7.5 -12.7499 7.3349
2 24 3.8357 -12.7499 9.1493 6.2523 -12.7499 9.125
2 24 3.4208 -12.7499 8.025 3.8357 -12.7499 9.1493
2 24 6.2523 -12.7499 9.125 6.7191 -12.7499 8.0991
2 24 7.5 -12.7499 7.3349 6.7191 -12.7499 8.0991
2 24 -3.7931 0 10.875 -3.95 0 10
2 24 -3.8209 0 9.125 -3.95 0 10
2 24 1.7153 0 10.9904 1.9807 0 10
2 24 3.4208 0 11.975 3.8454 0 10.882
2 24 3.4208 0 8.025 3.8357 0 9.1493
2 24 1.7153 0 9.0096 1.9807 0 10
2 24 6.25 -5.25 129.125 6.2505 -12.7502 129.1505
2 24 6.2484 -9 113.85 6.2472 -12.75 113.85
2 24 6.2505 -12.7502 129.1505 6.2472 -12.75 113.85
2 24 6.25 -5.25 149.125 6.2511 -12.7503 149.1261
2 24 6.2511 -12.7503 149.1261 6.2518 -12.7503 130.8887
2 24 6.2518 -12.7503 130.8887 6.2501 -5.25 130.875
2 24 6.25 0 150 6.25 0 130
2 24 6.25 0 130 6.25 0 150
2 24 10 0 133 10.0001 0 150
2 24 -6.2586 -5.25 150 -6.2579 -5.25 149.125
2 24 -6.2547 -12.7501 149.125 -6.25 -12.7503 130.875
2 24 -6.2579 -5.25 149.125 -6.2547 -12.7501 149.125
2 24 -6.25 -12.7503 130.875 -6.2577 -5.25 130.875
2 24 -6.2593 0 130.0815 -6.2593 0 150
2 24 -6.2593 0 130.0815 -6.2593 0 150
2 24 -6.2577 -5.25 130.875 -6.2579 -5.25 129.125
2 24 6.2563 -5.7286 111.9751 6.2469 -7.0049 113.4209
2 24 6.25 0 110 6.25 0 130
2 24 6.2484 -9 113.85 6.2469 -7.0049 113.4209
2 24 -6.2531 -7.0049 113.4209 -6.2586 -9 113.85
2 24 -6.2586 -9 113.85 -6.2586 -12.7499 113.85
2 24 -6.2586 -12.7499 113.85 -6.2547 -12.7501 129.125
2 24 -6.2579 -5.25 129.125 -6.2547 -12.7501 129.125
2 24 1.975 -12.7503 126.5792 3.4208 -12.7503 128.025
2 24 0 -12.7503 133.95 -1.975 -12.7503 133.4208
2 24 0 -12.7503 146.05 -1.975 -12.7503 146.5792
2 24 0 -12.7503 133.95 1.975 -12.7503 133.4208
2 24 0 -12.7503 146.05 1.975 -12.7503 146.5792
2 24 -3.7931 -12.7503 130.875 -6.25 -12.7503 130.875
2 24 -3.7931 -12.7503 130.875 -3.4208 -12.7503 131.975
2 24 -1.975 -12.7503 133.4208 -3.4208 -12.7503 131.975
2 24 -1.975 -12.7503 146.5792 -3.4208 -12.7503 148.025
2 24 -3.4208 -12.7503 148.025 -3.8209 -12.7503 149.125
2 24 -3.8209 -12.7503 149.125 -6.2547 -12.7501 149.125
2 24 -6.25 -12.7503 130.875 -6.2547 -12.7501 149.125
2 24 1.975 -12.7503 133.4208 3.4208 -12.7503 131.975
2 24 1.975 -12.7503 146.5792 3.4208 -12.7503 148.025
2 24 3.8357 -12.7503 149.1493 6.2511 -12.7503 149.1261
2 24 3.4208 -12.7503 148.025 3.8357 -12.7503 149.1493
2 24 6.2511 -12.7503 149.1261 6.2518 -12.7503 130.8887
2 24 3.4208 -12.7503 131.975 3.8454 -12.7503 130.882
2 24 6.2518 -12.7503 130.8887 3.8454 -12.7503 130.882
2 24 -6.2586 -12.7499 113.85 -0.0056 -12.7499 113.85
2 24 -1.975 -12.7503 126.5792 0 -12.7503 126.05
2 24 -3.8209 -12.7503 129.125 -3.4208 -12.7503 128.025
2 24 -3.8209 -12.7503 129.125 -6.2547 -12.7501 129.125
2 24 -6.2586 -12.7499 113.85 -6.2547 -12.7501 129.125
2 24 -1.975 -12.7503 126.5792 -3.4208 -12.7503 128.025
2 24 6.2472 -12.75 113.85 -0.0056 -12.7499 113.85
2 24 1.975 -12.7503 126.5792 0 -12.7503 126.05
2 24 3.8357 -12.7503 129.1493 6.2505 -12.7502 129.1505
2 24 3.4208 -12.7503 128.025 3.8357 -12.7503 129.1493
2 24 6.2472 -12.75 113.85 6.2505 -12.7502 129.1505
2 24 -6.2594 -5.7286 28.025 -6.25 -7.0049 26.5792
2 24 -3.4208 -5.7286 28.025 -1.975 -7.0049 26.5792
2 24 0.0018 -9 26.05 -1.975 -7.0049 26.5792
2 24 -6.25 -7.0049 26.5792 -6.2524 -9 26.05
2 24 0.0018 -9 26.05 1.975 -7.0049 26.5792
2 24 6.2547 -9 26.05 6.25 -7.0049 26.5792
2 24 6.2453 -5.7286 28.025 6.25 -7.0049 26.5792
2 24 3.4208 -5.7286 28.025 1.975 -7.0049 26.5792
2 24 52.0086 -4.875 13.25 37.4729 -4.875 42.3214
2 24 52.0086 -4.875 13.25 52.0086 -20.875 13.25
2 24 52.0086 -20.875 13.25 37.4729 -20.875 42.3214
2 24 37.4729 -4.875 42.3214 35.5083 -4.875 47.0621
2 24 37.4729 -20.875 42.3214 35.5083 -20.875 47.0621
2 24 35.5083 -4.875 47.0621 33.7237 -4.875 54.2356
2 24 35.5083 -20.875 47.0621 33.7237 -20.875 54.2356
2 24 33.7237 -4.875 54.2356 33.25 -4.875 59.3896
2 24 33.7237 -20.875 54.2356 33.25 -20.875 59.3896
2 24 50.7495 -4.875 10 62.5 -4.875 10
2 24 52.0086 -4.875 13.25 63.2407 -4.875 13.25
2 24 62.5 -4.875 10 63.2407 -4.875 13.25
2 24 52.0086 -4.875 13.25 37.4729 -4.875 42.3214
2 24 37.4729 -4.875 42.3214 35.5083 -4.875 47.0621
2 24 35.5083 -4.875 47.0621 33.7237 -4.875 54.2356
2 24 33.7237 -4.875 54.2356 33.25 -4.875 59.3896
2 24 25.875 0 10 9.9557 0 10
2 24 33.25 -4.875 133 33.25 -4.875 150
2 24 33.25 -4.875 133 33.25 -20.875 133
2 24 33.25 -20.875 133 33.25 -20.875 150
2 24 23.7499 -4.875 133 23.7499 -4.875 150
2 24 23.7499 -4.875 133 33.25 -4.875 133
2 24 33.25 -4.875 133 33.25 -4.875 150
2 24 23.7499 -7.7562 133 23.7499 -7.7562 150
2 24 23.7499 -7.7562 133 23.7499 -4.875 133
2 24 23.7499 -4.875 133 23.7499 -4.875 150
2 24 23.7499 -7.7562 133 21.8262 -8.2716 133
2 24 23.7499 -7.7562 133 23.7499 -7.7562 150
2 24 21.8262 -8.2716 133 21.8262 -8.2716 150
2 24 21.8262 -8.2716 133 19.6431 -12.687 133
2 24 21.8262 -8.2716 133 21.8262 -8.2716 150
2 24 19.6431 -12.687 133 19.6431 -12.687 150
2 24 19.5981 -13.9751 10 19.3615 -20.75 35.2843
2 24 19.5981 -13.9751 10 19.6431 -12.687 10
2 24 19.6431 -12.687 133 19.3615 -20.75 133
2 24 19.6431 -12.687 133 19.6431 -12.687 150
2 24 19.3615 -20.75 133 19.3615 -20.75 150
2 24 12.9957 -13.9819 10.0253 13.1398 -20.5327 35.2843
2 24 12.9957 -13.9819 10.0253 19.5981 -13.9751 10
2 24 13.1398 -20.5327 35.2843 19.3615 -20.75 35.2843
2 24 19.5981 -13.9751 10 19.3615 -20.75 35.2843
2 24 19.3615 -20.75 133 13.25 -20.75 133
2 24 19.3615 -20.75 133 19.3615 -20.75 150
2 24 13.25 -20.75 133 13.25 -20.75 150
2 24 13.25 -20.75 133 13.25 -15.75 133
2 24 13.25 -20.75 133 13.25 -20.75 150
2 24 11.2024 -12.9291 133 9.9849 -12.75 133
2 24 9.9849 -12.75 133 9.9849 -12.75 150
2 24 9.9557 -12.75 130 11.2257 -12.865 129.9991
2 24 9.9557 -12.75 130 9.9557 -12.6111 113.9056
2 24 9.9557 -12.6111 113.9056 11.4579 -12.7658 113.6972
2 24 13.1398 -20.5327 35.2843 13.1398 -20.5327 110.75
2 24 13.1398 -20.5327 35.2843 19.3615 -20.75 35.2843
2 24 19.3615 -20.75 35.2843 19.3615 -20.75 130
2 24 33.25 -4.875 59.3896 33.25 -4.875 130
2 24 33.25 -4.875 130 33.25 -20.875 130
2 24 33.25 -20.875 59.3896 33.25 -20.875 130
2 24 23.75 -4.875 10 23.7499 -4.875 130
2 24 23.7499 -4.875 130 33.25 -4.875 130
2 24 33.25 -4.875 59.3896 33.25 -4.875 130
2 24 23.75 -7.7562 10 23.7499 -7.7562 130
2 24 23.75 -7.7562 10 23.75 -4.875 10
2 24 23.7499 -7.7562 130 23.7499 -4.875 130
2 24 23.75 -4.875 10 23.7499 -4.875 130
2 24 21.8263 -8.2717 10 21.8263 -8.2716 130
2 24 21.8263 -8.2717 10 23.75 -7.7562 10
2 24 21.8263 -8.2716 130 23.7499 -7.7562 130
2 24 23.75 -7.7562 10 23.7499 -7.7562 130
2 24 19.6431 -12.687 10 19.6431 -12.687 130
2 24 19.6431 -12.687 10 21.8263 -8.2717 10
2 24 19.6431 -12.687 130 21.8263 -8.2716 130
2 24 21.8263 -8.2717 10 21.8263 -8.2716 130
2 24 19.3615 -20.75 130 19.6431 -12.687 130
2 24 19.3615 -20.75 35.2843 19.3615 -20.75 130
2 24 19.6431 -12.687 10 19.6431 -12.687 130
2 24 19.3615 -20.75 130 13.1473 -20.5329 130
2 24 13.1398 -20.5327 110.75 13.1473 -20.5329 130
2 24 13.1398 -20.5327 110.75 13.1398 -20.5327 35.2843
2 24 13.2726 -15.7502 130 13.1473 -20.5329 130
2 24 13.1398 -20.5327 110.75 13.1473 -20.5329 130
2 24 9.9557 -12.6111 113.9056 9.9557 -7.875 113.75
2 24 9.9557 -4.875 110.7551 9.9557 -4.8729 29.2553
2 24 9.9557 -12.6228 26.0801 9.9557 -12.75 9.9999
2 24 9.9557 0 10 9.9557 -12.75 9.9999
2 24 11.4175 -12.8691 26.1545 12.5191 -13.5192 26.6202
2 24 9.9557 -7.8748 26.25 9.9557 -12.6228 26.0801
2 24 11.4175 -12.8691 26.1545 9.9557 -12.6228 26.0801
2 24 12.5502 -13.3216 113.0971 13.1089 -14.0771 112.4029
2 24 12.2985 -13.538 129.999 12.8895 -14.5975 130.0003
2 24 12.9727 -14.5503 133 12.272 -13.5377 133
2 24 11.4579 -12.7658 113.6972 12.5502 -13.3216 113.0971
2 24 11.2257 -12.865 129.9991 12.2985 -13.538 129.999
2 24 13.2726 -15.7502 130 12.8895 -14.5975 130.0003
2 24 11.2024 -12.9291 133 12.272 -13.5377 133
2 24 13.25 -15.75 133 12.9727 -14.5503 133
2 24 9.9557 -4.875 110.7551 9.9557 -5.0891 111.8571
2 24 9.9557 -5.5063 112.8865 9.9557 -6.5937 113.4581
2 24 9.9557 -7.875 113.75 9.9557 -6.5937 113.4581
2 24 9.9557 -5.0891 111.8571 9.9557 -5.5063 112.8865
2 24 9.9557 -5.6853 27.0656 9.9557 -5.0374 28.1446
2 24 9.9557 -7.8748 26.25 9.9557 -6.7152 26.4226
2 24 9.9557 -4.8729 29.2553 9.9557 -5.0374 28.1446
2 24 9.9557 -5.6853 27.0656 9.9557 -6.7152 26.4226
2 24 11.2179 -12.9151 10.0631 9.9557 -12.75 9.9999
2 24 9.9557 -12.6228 26.0801 9.9557 -12.75 9.9999
2 24 11.2179 -12.9151 10.0631 12.0863 -13.3846 10.0357
2 24 12.0863 -13.3846 10.0357 12.9957 -13.9819 10.0253
2 24 13.1398 -20.5327 35.2843 12.9957 -13.9819 10.0253
2 24 6.25 -5.25 129.125 6.2501 -5.25 130.875
2 24 9.9849 -12.75 133 10 0 133
2 24 9.9849 -12.75 133 9.9849 -12.75 150
2 24 10 0 133 10.0001 0 150
2 24 23.7499 -4.875 130 33.25 -4.875 130
2 24 33.25 -4.875 133 23.7499 -4.875 133
2 24 23.7499 -7.7562 130 21.8263 -8.2716 130
2 24 23.7499 -4.875 130 23.7499 -7.7562 130
2 24 9.9849 -12.75 133 11.2024 -12.9291 133
2 24 10 0 133 9.9849 -12.75 133
2 24 70 -20.7342 130 33.25 -20.875 130
2 24 33.25 -4.875 130 33.25 -20.875 130
2 24 70 0 130.1552 9.9557 0 129.9983
2 24 70 0 133.157 10 0 133
2 24 70 0 130.1552 9.9557 0 129.9983
2 24 70 0 133.157 10 0 133
2 24 70 -20.875 133 33.25 -20.875 133
2 24 33.25 -4.875 133 33.25 -20.875 133
2 24 63.2407 -4.875 13.25 52.0086 -4.875 13.25
2 24 63.2407 -4.875 13.25 63.2407 -20.75 13.25
2 24 52.0086 -4.875 13.25 52.0086 -20.875 13.25
2 24 63.2407 -20.75 13.25 52.0086 -20.875 13.25
2 24 33.25 -20.875 59.3896 33.25 -20.875 130
2 24 70 -20.7342 130 33.25 -20.875 130
2 24 33.25 -20.875 59.3896 33.7237 -20.875 54.2356
2 24 33.7237 -20.875 54.2356 35.5083 -20.875 47.0621
2 24 35.5083 -20.875 47.0621 37.4729 -20.875 42.3214
2 24 37.4729 -20.875 42.3214 52.0086 -20.875 13.25
2 24 70 -20.75 17.5 66.25 -20.75 16.4952
2 24 52.0086 -20.875 13.25 63.2407 -20.75 13.25
2 24 66.25 -20.75 16.4952 63.2407 -20.75 13.25
2 24 23.75 -4.875 10 23.75 -7.7562 10
2 24 23.75 -7.7562 10 21.8263 -8.2717 10
2 24 9.9557 -12.75 9.9999 11.2179 -12.9151 10.0631
2 24 9.9557 0 10 9.9557 -12.75 9.9999
2 24 21.8263 -8.2717 10 19.6431 -12.687 10
2 24 11.2179 -12.9151 10.0631 12.0863 -13.3846 10.0357
2 24 12.0863 -13.3846 10.0357 12.9957 -13.9819 10.0253
2 24 12.9957 -13.9819 10.0253 19.5981 -13.9751 10
2 24 19.6431 -12.687 10 19.5981 -13.9751 10
2 24 9.9557 -6.5937 113.4581 9.9557 -5.5063 112.8865
2 24 9.9557 0 129.9983 9.9557 0 114.536
2 24 6.25 0 110 6.25 0 130
2 24 9.9557 0 114.536 9.9557 0 129.9983
2 24 9.9557 -5.5063 112.8865 9.9557 -5.0891 111.8571
2 24 9.9557 -5.0891 111.8571 9.9557 -4.875 110.7551
2 24 9.9557 -6.5937 113.4581 9.9557 -7.875 113.75
2 24 9.9557 -6.7152 26.4226 9.9557 -7.8748 26.25
2 24 9.9557 -4.8729 29.2553 9.9557 -5.0374 28.1446
2 24 9.9557 -6.7152 26.4226 9.9557 -5.6853 27.0656
2 24 9.9557 -12.6228 26.0801 9.9557 -7.8748 26.25
2 24 9.9557 0 10 9.9557 0 114.536
2 24 9.9557 -4.875 110.7551 9.9557 -4.8729 29.2553
2 24 9.9557 -5.0374 28.1446 9.9557 -5.6853 27.0656
2 24 -6.2547 -12.7499 -6.25 10 -12.7499 -6.25
2 24 -6.2547 -12.7499 -6.25 -6.2593 0 -6.25
2 24 10 -12.7499 -6.25 10 0 -6.25
2 24 -6.2593 0 -6.25 10 0 -6.25
2 24 -6.2524 -9 26.05 -6.25 -12.7499 26.05
2 24 0.0047 -12.7499 26.05 -6.25 -12.7499 26.05
2 24 -6.2577 -5.25 10.875 -6.25 -12.7499 10.875
2 24 -6.2524 -9 26.05 -6.25 -12.7499 26.05
2 24 -6.25 -12.7499 10.875 -6.25 -12.7499 26.05
2 24 106.75 -20.875 150 106.75 -20.875 133
2 24 106.75 -20.875 133 70 -20.875 133
2 24 70 -20.875 133 33.25 -20.875 133
2 24 33.25 -20.875 150 33.25 -20.875 133
2 24 19.6431 -12.687 133 19.3615 -20.75 133
2 24 13.25 -15.75 133 13.25 -20.75 133
2 24 19.3615 -20.75 133 13.25 -20.75 133
2 24 12.272 -13.5377 133 12.9727 -14.5503 133
2 24 11.2024 -12.9291 133 12.272 -13.5377 133
2 24 23.7499 -4.875 133 23.7499 -7.7562 133
2 24 21.8262 -8.2716 133 23.7499 -7.7562 133
2 24 118.1738 -8.2716 133 120.3569 -12.687 133
2 24 127.0273 -14.5503 133 126.75 -15.75 133
2 24 130.015 -12.75 133 130.015 -12.75 150
2 24 130.015 -12.75 133 130 0 133
2 24 130 0 133 130 0 150
2 24 120.3569 -12.687 133 120.6385 -20.75 133
2 24 120.6385 -20.75 133 126.75 -20.75 133
2 24 126.75 -15.75 133 126.75 -20.75 133
2 24 127.0273 -14.5503 133 127.728 -13.5377 133
2 24 127.728 -13.5377 133 128.7976 -12.9291 133
2 24 130 0 133 130.015 -12.75 133
2 24 128.7976 -12.9291 133 130.015 -12.75 133
2 24 21.8262 -8.2716 133 19.6431 -12.687 133
2 24 13.25 -15.75 133 12.9727 -14.5503 133
2 24 120.3569 -12.687 130 120.6385 -20.75 130
2 24 126.7274 -15.7502 130 126.8527 -20.5329 130
2 24 120.6385 -20.75 130 126.8527 -20.5329 130
2 24 116.2501 -4.875 130 116.2501 -7.7562 130
2 24 116.2501 -7.7562 130 118.1737 -8.2716 130
2 24 130.0443 -6.5937 113.4581 130.0443 -7.875 113.75
2 24 120.3569 -12.687 130 118.1737 -8.2716 130
2 24 126.7274 -15.7502 130 127.1105 -14.5975 130.0003
2 24 130.0443 0 129.9983 130.0443 -12.75 130
2 24 128.7743 -12.865 129.9991 130.0443 -12.75 130
2 24 127.7015 -13.538 129.999 127.1105 -14.5975 130.0003
2 24 21.8263 -8.2716 130 19.6431 -12.687 130
2 24 12.8895 -14.5975 130.0003 13.2726 -15.7502 130
2 24 9.9557 -12.75 130 9.9557 -12.6111 113.9056
2 24 9.9557 0 129.9983 9.9557 -12.75 130
2 24 9.9557 -7.875 113.75 9.9557 -12.6111 113.9056
2 24 19.6431 -12.687 130 19.3615 -20.75 130
2 24 19.3615 -20.75 130 13.1473 -20.5329 130
2 24 13.2726 -15.7502 130 13.1473 -20.5329 130
2 24 12.8895 -14.5975 130.0003 12.2985 -13.538 129.999
2 24 12.2985 -13.538 129.999 11.2257 -12.865 129.9991
2 24 11.2257 -12.865 129.9991 9.9557 -12.75 130
2 24 9.9557 0 129.9983 9.9557 -12.75 130
2 24 138.025 -5.25 33.4208 140 -5.25 33.95
2 24 138.0282 -5.25 106.5793 140.0032 -5.25 106.0501
2 24 141.9781 -5.25 106.5793 140.0032 -5.25 106.0501
2 24 141.975 -5.25 33.4208 140 -5.25 33.95
2 24 143.4208 -5.25 31.975 143.95 -5.25 30
2 24 146.2559 -5.2501 30.0001 146.2559 -5.2501 31.975
2 24 138.025 -5.25 33.4208 136.5792 -5.25 31.975
2 24 136.5824 -5.25 108.0251 138.0282 -5.25 106.5793
2 24 133.7498 -5.2501 108.0251 133.7483 -5.2501 31.9751
2 24 133.75 0 110 133.75 0 30
2 24 133.7498 -5.2501 108.0251 133.7483 -5.2501 31.9751
2 24 143.9292 -5.2619 109.9874 143.424 -5.25 108.0251
2 24 146.2571 -5.25 110 146.2571 -5.25 108.025
2 24 146.2571 -5.25 110 146.2571 -5.25 108.025
2 24 136.074 -5.2619 30.0127 136.5792 -5.25 31.975
2 24 133.7483 -5.2501 30.0001 133.7483 -5.2501 31.9751
2 24 133.7483 -5.2501 30.0001 133.7483 -5.2501 31.9751
2 24 146.2559 -5.2501 31.975 146.2571 -5.25 108.025
2 24 146.2593 0 10.875 146.2593 0 129.125
2 24 146.2559 -5.2501 31.975 146.2571 -5.25 108.025
2 24 1.9719 -5.25 106.5793 3.4176 -5.25 108.0251
2 24 1.975 -5.25 33.4208 3.4208 -5.25 31.975
2 24 3.926 -5.2619 30.0127 3.4208 -5.25 31.975
2 24 6.2517 -5.2501 30.0001 6.2517 -5.2501 31.9751
2 24 -1.9781 -5.25 106.5793 -3.424 -5.25 108.0251
2 24 -1.975 -5.25 33.4208 -3.4208 -5.25 31.975
2 24 -3.9292 -5.2619 109.9874 -3.424 -5.25 108.0251
2 24 -6.2571 -5.25 110 -6.2571 -5.25 108.025
2 24 -6.2571 -5.25 108.025 -6.2559 -5.2501 31.975
2 24 -6.2593 0 10.875 -6.2593 0 130.0815
2 24 -6.2571 -5.25 108.025 -6.2559 -5.2501 31.975
2 24 6.2502 -5.2501 110 6.2502 -5.2501 108.0251
2 24 3.9469 -5.25 110.0001 3.4176 -5.25 108.0251
2 24 6.2502 -5.2501 110 6.2502 -5.2501 108.0251
2 24 6.2517 -5.2501 31.9751 6.2502 -5.2501 108.0251
2 24 6.25 0 9.125 6.25 0 110
2 24 6.2517 -5.2501 31.9751 6.2502 -5.2501 108.0251
2 24 -3.95 -5.25 30 -3.4208 -5.25 31.975
2 24 -6.2559 -5.2501 30.0001 -6.2559 -5.2501 31.975
2 24 -6.2559 -5.2501 30.0001 -6.2559 -5.2501 31.975
2 24 70.0524 0 -6.025 58.6279 0 -6.025
2 24 70 -8 5.6875 72.1563 -8 6.2653
2 24 78.7539 -8 -7.7699 79.9629 -8 -7.0256
2 24 74.3125 -8 10 73.7347 -8 7.8437
2 24 81.1889 -8 -7.7699 79.9629 -8 -7.0256
2 24 72.1563 -8 6.2653 73.7347 -8 7.8437
2 24 48.75 -8 -7.8349 47.8349 -8 -8.75
2 24 25.8735 -4.2417 6.7018 25.6987 -5.3479 6.6989
2 24 67.8438 -24 13.7347 70 -24 14.3125
2 24 70 -24 14.3125 67.8438 -24 13.7347
2 24 70 0 14.3125 67.8438 0 13.7347
2 24 49.9982 -24 10 34.1991 -24 41.6017
2 24 49.9982 -24 10 49.9991 -8 10
2 24 49.9991 -8 10 34.1991 -8 41.6017
2 24 65.6875 -24 10 66.2653 -24 12.1563
2 24 65.6875 -24 10 49.9982 -24 10
2 24 49.9982 -24 10 34.1991 -24 41.6017
2 24 74.3125 -24 10 73.7347 -24 12.1563
2 24 74.3125 -8 10 74.3125 -24 10
2 24 65.6875 -8 10 65.6875 -24 10
2 24 65.6875 -24 10 66.2653 -24 12.1563
2 24 67.8438 -24 13.7347 66.2653 -24 12.1563
2 24 67.8438 -24 13.7347 66.2653 -24 12.1563
2 24 66.2653 0 12.1563 67.8438 0 13.7347
2 24 65.6875 -24 10 49.9982 -24 10
2 24 65.6875 -24 10 65.6875 -8 10
2 24 49.9982 -24 10 49.9991 -8 10
2 24 65.6875 -8 10 49.9991 -8 10
2 24 34.1991 -24 41.6017 32.0468 -24 46.9733
2 24 34.1991 -8 41.6017 32.0468 -8 46.9733
2 24 34.1991 -24 41.6017 32.0468 -24 46.9733
2 24 30.0219 -8 150 30.0219 -8 59.3896
2 24 30.0219 -24 150 30.0219 -24 59.3896
2 24 30.0219 -24 59.3896 30.0219 -24 150
2 24 30.0219 -24 59.3896 30.3856 -24 54.2153
2 24 30.0219 -24 59.3896 30.3856 -24 54.2153
2 24 30.0219 -8 59.3896 30.3856 -8 54.2153
2 24 32.0468 -24 46.9733 30.3856 -24 54.2153
2 24 32.0468 -24 46.9733 30.3856 -24 54.2153
2 24 32.0468 -8 46.9733 30.3856 -8 54.2153
2 24 73.7347 -24 12.1563 72.1563 -24 13.7347
2 24 73.7347 0 12.1563 72.1563 0 13.7347
2 24 73.7347 -24 12.1563 72.1563 -24 13.7347
2 24 70 -24 14.3125 72.1563 -24 13.7347
2 24 70 -24 14.3125 72.1563 -24 13.7347
2 24 70 0 14.3125 72.1563 0 13.7347
2 24 90.0018 -24 10 74.3125 -24 10
2 24 90.0018 -24 10 90.0018 -8 10
2 24 74.3125 -24 10 74.3125 -8 10
2 24 90.0018 -8 10 74.3125 -8 10
2 24 74.3125 -24 10 90.0018 -24 10
2 24 73.7347 -24 12.1563 74.3125 -24 10
2 24 105.8009 -24 41.6017 90.0018 -24 10
2 24 105.8009 -24 41.6017 90.0018 -24 10
2 24 90.0018 -24 10 90.0018 -8 10
2 24 105.8009 -8 41.6017 90.0018 -8 10
2 24 109.9781 -24 59.3896 109.6144 -24 54.2153
2 24 109.9781 -8 59.3896 109.6144 -8 54.2153
2 24 109.6144 -24 54.2153 109.9781 -24 59.3896
2 24 109.9781 -24 59.3896 109.9781 -24 150
2 24 109.9781 -24 59.3896 109.9781 -24 150
2 24 109.9781 -8 59.3896 109.9781 -8 150
2 24 105.8009 -24 41.6017 107.9532 -24 46.9733
2 24 105.8009 -24 41.6017 107.9532 -24 46.9733
2 24 105.8009 -8 41.6017 107.9532 -8 46.9733
2 24 109.6144 -24 54.2153 107.9532 -24 46.9733
2 24 109.6144 -8 54.2153 107.9532 -8 46.9733
2 24 109.6144 -24 54.2153 107.9532 -24 46.9733
2 24 18.6746 -21.4519 -19.0655 18.8042 -22.8272 -18.682
2 24 19.0971 -23.7479 -17.6945 19.425 -24 -16.6125
2 24 19.4249 -8.0013 -16.6125 19.425 -24 -16.6125
2 24 16.5 -24 -16.6125 16.4999 -23.7565 -17.6771
2 24 16.4999 -22.8297 -18.6798 16.4999 -21.4692 -19.0655
2 24 117.5 -23.7565 -17.6771 117.5 -24 -16.6125
2 24 117.5 -22.8297 -18.6798 117.5 -21.4692 -19.0655
2 24 119.6746 -21.4519 -19.0655 119.8042 -22.8272 -18.682
2 24 120.0971 -23.7479 -17.6945 120.4251 -24 -16.6125
2 24 120.4213 -8.0927 -16.6251 120.4251 -24 -16.6125
2 24 12.4468 -11.1764 -17.1475 13.6082 -13.472 -18.4581
2 24 11.641 -7.99 -10.8618 11.9947 -8 -12.0299
2 24 13.279 -7.99 -10 13.2816 -7.9899 -2.1125
2 24 16.7455 -7.8706 -2.1045 13.2816 -7.9899 -2.1125
2 24 19.4247 -8 0.8875 19.4249 -8.0013 -16.6125
2 24 1.9807 -5.25 30 1.7153 -5.25 29.0096
2 24 -0.9904 -5.25 28.2847 -1.7153 -5.25 29.0096
2 24 -1.9807 -5.25 30 -1.7153 -5.25 29.0096
2 24 0.9904 -5.25 28.2847 0 -5.25 28.0193
2 24 -0.9904 -5.25 28.2847 0 -5.25 28.0193
2 24 1.7153 -5.25 29.0096 0.9904 -5.25 28.2847
2 24 69.9476 0 -10 60.15 0 -10
2 24 60.15 0 -10 60.15 -8 -10
2 24 69.9476 -8 -10 60.15 -8 -10
2 24 67.8438 -8 6.2653 70 -8 5.6875
2 24 60.15 -8 -10 69.9476 -8 -10
2 24 45.0964 -8 -6.2878 45.7822 -8 -6.6748
2 24 45.0964 0 -6.2878 45.7822 0 -6.6748
2 24 45.7822 -8 -6.6748 45.7822 0 -6.6748
2 24 45.7822 -8 -6.6748 45.0964 -8 -6.2878
2 24 55.041 0 -6.3115 54.3582 0 -6.6551
2 24 54.3582 0 -6.6551 54.3582 -8 -6.6551
2 24 55.041 -8 -6.3115 54.3582 -8 -6.6551
2 24 54.3582 0 -6.6551 55.041 0 -6.3115
2 24 54.1623 0 -3.7349 56.5245 0 -5.0728
2 24 43.4962 0 -6.3 45.0964 0 -6.2878
2 24 65.6875 -8 10 66.2653 -8 7.8437
2 24 55.041 -8 -6.3115 56.6342 -8 -6.3
2 24 -3.424 0 188.0249 -1.9782 0 186.5791
2 24 -3.424 -5.7286 188.0249 -1.9782 -7.0049 186.5791
2 24 -1.9782 0 186.5791 -0.0032 0 186.0499
2 24 -1.9782 -7.0049 186.5791 -0.005 -9 186.0499
2 24 -0.0032 0 186.0499 1.9718 0 186.5791
2 24 -0.005 -9 186.0499 1.9718 -7.0049 186.5791
2 24 1.9718 0 186.5791 3.4177 0 188.0249
2 24 1.9718 -7.0049 186.5791 3.4177 -5.7286 188.0249
2 24 3.4177 0 188.0249 3.9468 0 189.9999
2 24 3.4177 -5.7286 188.0249 3.9468 -5.25 189.9999
2 24 3.9468 -5.25 189.9999 3.4177 -5.25 191.9749
2 24 3.9468 0 189.9999 3.4177 0 191.9749
2 24 3.4177 0 191.9749 1.9718 0 193.4207
2 24 3.4177 -5.25 191.9749 1.9718 -5.25 193.4207
2 24 1.9718 0 193.4207 -0.0032 0 193.9499
2 24 1.9718 -5.25 193.4207 -0.0032 -5.25 193.9499
2 24 -0.0032 0 193.9499 -1.9782 0 193.4207
2 24 -0.0032 -5.25 193.9499 -1.9782 -5.25 193.4207
2 24 -1.9782 0 193.4207 -3.424 0 191.9749
2 24 -1.9782 -5.25 193.4207 -3.424 -5.25 191.9749
2 24 -3.424 -5.25 191.9749 -3.9292 -5.2619 190.0126
2 24 -3.424 0 191.9749 -3.9532 0 189.9999
2 24 -3.424 -5.7286 188.0249 -3.9292 -5.2619 190.0126
2 24 -3.424 0 188.0249 -3.9532 0 189.9999
2 24 -1.9782 0 186.5791 -3.424 0 188.0249
2 24 -0.9935 0 188.2846 -1.7185 0 189.0095
2 24 -1.9782 0 186.5791 -0.0032 0 186.0499
2 24 -0.9935 0 188.2846 -0.0032 0 188.0192
2 24 -0.0032 0 186.0499 1.9718 0 186.5791
2 24 -0.0032 0 188.0192 0.9872 0 188.2846
2 24 1.9718 0 186.5791 3.4177 0 188.0249
2 24 0.9872 0 188.2846 1.7122 0 189.0095
2 24 3.4177 0 188.0249 3.9468 0 189.9999
2 24 1.7122 0 189.0095 1.9776 0 189.9999
2 24 1.9776 0 189.9999 1.7122 0 190.9903
2 24 3.9468 0 189.9999 3.4177 0 191.9749
2 24 3.4177 0 191.9749 1.9718 0 193.4207
2 24 1.7122 0 190.9903 0.9872 0 191.7152
2 24 1.9718 0 193.4207 -0.0032 0 193.9499
2 24 0.9872 0 191.7152 -0.0032 0 191.9806
2 24 -0.0032 0 193.9499 -1.9782 0 193.4207
2 24 -0.0032 0 191.9806 -0.9935 0 191.7152
2 24 -1.9782 0 193.4207 -3.424 0 191.9749
2 24 -0.9935 0 191.7152 -1.7185 0 190.9903
2 24 -1.7185 0 190.9903 -1.9839 0 189.9999
2 24 -3.424 0 191.9749 -3.9532 0 189.9999
2 24 -3.424 0 188.0249 -3.9532 0 189.9999
2 24 -1.7185 0 189.0095 -1.9839 0 189.9999
2 24 -0.9935 0 188.2846 -1.7185 0 189.0095
2 24 -0.9935 -5.25 188.2846 -1.7185 -5.25 189.0095
2 24 -0.9935 0 188.2846 -0.0032 0 188.0192
2 24 -0.9935 -5.25 188.2846 -0.0032 -5.25 188.0192
2 24 -0.0032 0 188.0192 0.9872 0 188.2846
2 24 -0.0032 -5.25 188.0192 0.9872 -5.25 188.2846
2 24 0.9872 0 188.2846 1.7122 0 189.0095
2 24 0.9872 -5.25 188.2846 1.7122 -5.25 189.0095
2 24 1.7122 0 189.0095 1.9776 0 189.9999
2 24 1.7122 -5.25 189.0095 1.9776 -5.25 189.9999
2 24 1.9776 0 189.9999 1.7122 0 190.9903
2 24 1.9776 -5.25 189.9999 1.7122 -5.25 190.9903
2 24 1.7122 0 190.9903 0.9872 0 191.7152
2 24 1.7122 -5.25 190.9903 0.9872 -5.25 191.7152
2 24 0.9872 0 191.7152 -0.0032 0 191.9806
2 24 0.9872 -5.25 191.7152 -0.0032 -5.25 191.9806
2 24 -0.0032 0 191.9806 -0.9935 0 191.7152
2 24 -0.0032 -5.25 191.9806 -0.9935 -5.25 191.7152
2 24 -0.9935 0 191.7152 -1.7185 0 190.9903
2 24 -0.9935 -5.25 191.7152 -1.7185 -5.25 190.9903
2 24 -1.7185 0 190.9903 -1.9839 0 189.9999
2 24 -1.7185 -5.25 190.9903 -1.9839 -5.25 189.9999
2 24 -1.7185 0 189.0095 -1.9839 0 189.9999
2 24 -1.7185 -5.25 189.0095 -1.9839 -5.25 189.9999
2 24 0.9872 -5.25 191.7152 -0.0032 -5.25 191.9806
2 24 1.7122 -5.25 189.0095 1.9776 -5.25 189.9999
2 24 -0.9935 -5.25 188.2846 -0.0032 -5.25 188.0192
2 24 -1.7185 -5.25 190.9903 -1.9839 -5.25 189.9999
2 24 1.9776 -5.25 189.9999 1.7122 -5.25 190.9903
2 24 0.9872 -5.25 191.7152 1.7122 -5.25 190.9903
2 24 -0.0032 -5.25 188.0192 0.9872 -5.25 188.2846
2 24 1.7122 -5.25 189.0095 0.9872 -5.25 188.2846
2 24 -1.9839 -5.25 189.9999 -1.7185 -5.25 189.0095
2 24 -0.9935 -5.25 188.2846 -1.7185 -5.25 189.0095
2 24 -0.0032 -5.25 191.9806 -0.9935 -5.25 191.7152
2 24 -1.7185 -5.25 190.9903 -0.9935 -5.25 191.7152
2 24 -6.2571 -5.25 190 -6.2484 -5.7286 188.0249
2 24 -3.9292 -5.2619 190.0126 -3.424 -5.7286 188.0249
2 24 -6.2586 -12.7499 186.1499 -6.2586 -9 186.1499
2 24 -6.2586 -12.7499 186.1499 -0.0056 -12.7499 186.1499
2 24 -1.975 -5.25 266.5792 -3.4208 -5.25 268.025
2 24 -1.9782 -5.25 193.4207 -3.424 -5.25 191.9749
2 24 6.2502 -5.2501 190 6.2502 -5.2501 191.9749
2 24 3.9468 -5.25 189.9999 3.4177 -5.25 191.9749
2 24 3.9468 -5.25 189.9999 3.4177 -5.7286 188.0249
2 24 6.2502 -5.2501 190 6.2563 -5.7286 188.0249
2 24 -0.0056 -12.7499 186.1499 6.2472 -12.75 186.1499
2 24 6.2472 -12.75 186.1499 6.2484 -9 186.1499
2 24 6.2563 -5.7286 188.0249 6.2468 -7.0049 186.5791
2 24 3.4177 -5.7286 188.0249 1.9718 -7.0049 186.5791
2 24 -0.005 -9 186.0499 1.9718 -7.0049 186.5791
2 24 6.2484 -9 186.1499 6.2468 -7.0049 186.5791
2 24 -6.2586 -9 186.1499 -6.2532 -7.0049 186.5791
2 24 -0.005 -9 186.0499 -1.9782 -7.0049 186.5791
2 24 -3.424 -5.7286 188.0249 -1.9782 -7.0049 186.5791
2 24 -6.2484 -5.7286 188.0249 -6.2532 -7.0049 186.5791
2 24 3.4208 0 271.975 1.975 0 273.4208
2 24 3.4208 -5.7286 271.975 1.975 -7.0049 273.4208
2 24 1.975 0 273.4208 0 0 273.95
2 24 1.975 -7.0049 273.4208 0.0018 -9 273.95
2 24 0 0 273.95 -1.975 0 273.4208
2 24 0.0018 -9 273.95 -1.975 -7.0049 273.4208
2 24 -1.975 0 273.4208 -3.4208 0 271.975
2 24 -1.975 -7.0049 273.4208 -3.4208 -5.7286 271.975
2 24 -3.4208 0 271.975 -3.95 0 270
2 24 -3.4208 -5.7286 271.975 -3.95 -5.25 270
2 24 -3.95 -5.25 270 -3.4208 -5.25 268.025
2 24 -3.95 0 270 -3.4208 0 268.025
2 24 -3.4208 0 268.025 -1.975 0 266.5792
2 24 -3.4208 -5.25 268.025 -1.975 -5.25 266.5792
2 24 -1.975 0 266.5792 0 0 266.05
2 24 -1.975 -5.25 266.5792 0 -5.25 266.05
2 24 0 0 266.05 1.975 0 266.5792
2 24 0 -5.25 266.05 1.975 -5.25 266.5792
2 24 1.975 0 266.5792 3.4208 0 268.025
2 24 1.975 -5.25 266.5792 3.4208 -5.25 268.025
2 24 3.4208 -5.25 268.025 3.926 -5.2619 269.9873
2 24 3.4208 0 268.025 3.95 0 270
2 24 3.4208 -5.7286 271.975 3.926 -5.2619 269.9873
2 24 3.4208 0 271.975 3.95 0 270
2 24 1.975 0 273.4208 3.4208 0 271.975
2 24 0.9904 0 271.7153 1.7153 0 270.9904
2 24 1.975 0 273.4208 0 0 273.95
2 24 0.9904 0 271.7153 0 0 271.9807
2 24 0 0 273.95 -1.975 0 273.4208
2 24 0 0 271.9807 -0.9904 0 271.7153
2 24 -1.975 0 273.4208 -3.4208 0 271.975
2 24 -0.9904 0 271.7153 -1.7153 0 270.9904
2 24 -3.4208 0 271.975 -3.95 0 270
2 24 -1.7153 0 270.9904 -1.9807 0 270
2 24 -1.9807 0 270 -1.7153 0 269.0096
2 24 -3.95 0 270 -3.4208 0 268.025
2 24 -3.4208 0 268.025 -1.975 0 266.5792
2 24 -1.7153 0 269.0096 -0.9904 0 268.2847
2 24 -1.975 0 266.5792 0 0 266.05
2 24 -0.9904 0 268.2847 0 0 268.0193
2 24 0 0 266.05 1.975 0 266.5792
2 24 0 0 268.0193 0.9904 0 268.2847
2 24 1.975 0 266.5792 3.4208 0 268.025
2 24 0.9904 0 268.2847 1.7153 0 269.0096
2 24 1.7153 0 269.0096 1.9807 0 270
2 24 3.4208 0 268.025 3.95 0 270
2 24 3.4208 0 271.975 3.95 0 270
2 24 1.7153 0 270.9904 1.9807 0 270
2 24 0.9904 0 271.7153 1.7153 0 270.9904
2 24 0.9904 -5.25 271.7153 1.7153 -5.25 270.9904
2 24 0.9904 0 271.7153 0 0 271.9807
2 24 0.9904 -5.25 271.7153 0 -5.25 271.9807
2 24 0 0 271.9807 -0.9904 0 271.7153
2 24 0 -5.25 271.9807 -0.9904 -5.25 271.7153
2 24 -0.9904 0 271.7153 -1.7153 0 270.9904
2 24 -0.9904 -5.25 271.7153 -1.7153 -5.25 270.9904
2 24 -1.7153 0 270.9904 -1.9807 0 270
2 24 -1.7153 -5.25 270.9904 -1.9807 -5.25 270
2 24 -1.9807 0 270 -1.7153 0 269.0096
2 24 -1.9807 -5.25 270 -1.7153 -5.25 269.0096
2 24 -1.7153 0 269.0096 -0.9904 0 268.2847
2 24 -1.7153 -5.25 269.0096 -0.9904 -5.25 268.2847
2 24 -0.9904 0 268.2847 0 0 268.0193
2 24 -0.9904 -5.25 268.2847 0 -5.25 268.0193
2 24 0 0 268.0193 0.9904 0 268.2847
2 24 0 -5.25 268.0193 0.9904 -5.25 268.2847
2 24 0.9904 0 268.2847 1.7153 0 269.0096
2 24 0.9904 -5.25 268.2847 1.7153 -5.25 269.0096
2 24 1.7153 0 269.0096 1.9807 0 270
2 24 1.7153 -5.25 269.0096 1.9807 -5.25 270
2 24 1.7153 0 270.9904 1.9807 0 270
2 24 1.7153 -5.25 270.9904 1.9807 -5.25 270
2 24 -0.9904 -5.25 268.2847 0 -5.25 268.0193
2 24 -1.7153 -5.25 270.9904 -1.9807 -5.25 270
2 24 0.9904 -5.25 271.7153 0 -5.25 271.9807
2 24 1.7153 -5.25 269.0096 1.9807 -5.25 270
2 24 -1.9807 -5.25 270 -1.7153 -5.25 269.0096
2 24 -0.9904 -5.25 268.2847 -1.7153 -5.25 269.0096
2 24 0 -5.25 271.9807 -0.9904 -5.25 271.7153
2 24 -1.7153 -5.25 270.9904 -0.9904 -5.25 271.7153
2 24 1.9807 -5.25 270 1.7153 -5.25 270.9904
2 24 0.9904 -5.25 271.7153 1.7153 -5.25 270.9904
2 24 0 -5.25 268.0193 0.9904 -5.25 268.2847
2 24 1.7153 -5.25 269.0096 0.9904 -5.25 268.2847
2 24 -3.95 -5.25 150 -3.8209 -5.275 150.875
2 24 -3.8209 -5.275 150.875 -6.2579 -5.25 150.875
2 24 -6.2586 -5.25 150 -6.2579 -5.25 150.875
2 24 3.8357 -12.7503 150.8507 6.2511 -12.7503 150.8739
2 24 3.8357 -12.7503 150.8507 3.8357 -5.2619 150.8507
2 24 6.2511 -12.7503 150.8739 6.25 -5.25 150.875
2 24 3.8357 -5.2619 150.8507 6.25 -5.25 150.875
2 24 -6.2579 -5.25 150.875 -6.2547 -12.7501 150.875
2 24 -6.2579 -5.25 150.875 -3.8209 -5.275 150.875
2 24 -6.2547 -12.7501 150.875 -3.8209 -12.7503 150.875
2 24 -3.8209 -5.275 150.875 -3.8209 -12.7503 150.875
2 24 6.25 -5.2502 150 6.25 -5.25 150.875
2 24 3.926 -5.2619 150 3.8357 -5.2619 150.8507
2 24 6.25 -5.25 150.875 3.8357 -5.2619 150.8507
2 24 -3.95 -5.25 150 -3.8209 -5.275 150.875
2 24 -3.95 0 150 -3.8209 0 150.875
2 24 3.8357 0 150.8507 3.4208 0 151.975
2 24 1.975 0 153.4208 3.4208 0 151.975
2 24 0.9904 0 151.7153 1.7153 0 150.9904
2 24 1.975 0 153.4208 0 0 153.95
2 24 0.9904 0 151.7153 0 0 151.9807
2 24 0 0 153.95 -1.975 0 153.4208
2 24 0 0 151.9807 -0.9904 0 151.7153
2 24 -1.975 0 153.4208 -3.4208 0 151.975
2 24 -0.9904 0 151.7153 -1.7153 0 150.9904
2 24 -1.9807 0 150 -1.7153 0 150.9904
2 24 -3.4208 0 151.975 -3.8209 0 150.875
2 24 3.95 0 150 3.8357 0 150.8507
2 24 0.9904 0 151.7153 1.7153 0 150.9904
2 24 0.9904 -12.7683 151.7153 1.7153 -12.7683 150.9904
2 24 0.9904 0 151.7153 0 0 151.9807
2 24 0.9904 -12.7683 151.7153 0 -12.7683 151.9807
2 24 0 0 151.9807 -0.9904 0 151.7153
2 24 0 -12.7683 151.9807 -0.9904 -12.7683 151.7153
2 24 -0.9904 0 151.7153 -1.7153 0 150.9904
2 24 -0.9904 -12.7683 151.7153 -1.7153 -12.7683 150.9904
2 24 -1.9807 0 150 -1.7153 0 150.9904
2 24 -1.9807 -12.7503 150 -1.7153 -12.7683 150.9904
2 24 1.9807 0 150 1.7153 0 150.9904
2 24 1.9807 -12.7503 150 1.7153 -12.7683 150.9904
2 24 -1.9807 -12.7503 150 -1.7153 -12.7683 150.9904
2 24 0.9904 -12.7683 151.7153 0 -12.7683 151.9807
2 24 0 -12.7683 151.9807 -0.9904 -12.7683 151.7153
2 24 -1.7153 -12.7683 150.9904 -0.9904 -12.7683 151.7153
2 24 1.9807 -12.7503 150 1.7153 -12.7683 150.9904
2 24 0.9904 -12.7683 151.7153 1.7153 -12.7683 150.9904
2 24 3.8357 -5.2619 150.8507 3.8357 -12.7503 150.8507
2 24 3.8357 -12.7503 150.8507 3.4208 -12.7503 151.975
2 24 -1.975 0 153.4208 -3.4208 0 151.975
2 24 -1.975 -12.7503 153.4208 -3.4208 -12.7503 151.975
2 24 -1.975 0 153.4208 0 0 153.95
2 24 -1.975 -12.7503 153.4208 0 -12.7503 153.95
2 24 0 0 153.95 1.975 0 153.4208
2 24 0 -12.7503 153.95 1.975 -12.7503 153.4208
2 24 3.4208 0 151.975 1.975 0 153.4208
2 24 3.4208 -12.7503 151.975 1.975 -12.7503 153.4208
2 24 -3.8209 -5.275 150.875 -3.8209 -12.7503 150.875
2 24 -3.4208 -12.7503 151.975 -3.8209 -12.7503 150.875
2 24 -3.8209 0 150.875 -3.4208 0 151.975
2 24 3.95 0 150 3.8357 0 150.8507
2 24 3.926 -5.2619 150 3.8357 -5.2619 150.8507
2 24 -3.95 0 150 -3.8209 0 150.875
2 24 3.4208 0 151.975 3.8357 0 150.8507
2 24 1.9807 0 150 1.7153 0 150.9904
2 24 6.25 -5.25 170.875 6.2501 -5.25 169.125
2 24 6.2501 -5.25 169.125 3.8454 -5.262 169.118
2 24 3.926 -5.2619 169.9873 3.8454 -5.262 169.118
2 24 -3.8209 -5.275 170.875 -3.95 -5.25 170
2 24 -3.8209 -5.275 170.875 -6.2579 -5.25 170.875
2 24 3.8454 -12.7503 169.118 3.8454 -5.262 169.118
2 24 3.8454 -12.7503 169.118 6.2518 -12.7503 169.1113
2 24 3.8454 -5.262 169.118 6.2501 -5.25 169.125
2 24 6.2518 -12.7503 169.1113 6.2501 -5.25 169.125
2 24 -6.2577 -5.25 169.125 -3.7931 -5.25 169.125
2 24 -6.2577 -5.25 169.125 -6.25 -12.7503 169.125
2 24 -3.7931 -5.25 169.125 -3.7931 -12.7503 169.125
2 24 -6.25 -12.7503 169.125 -3.7931 -12.7503 169.125
2 24 3.8357 -12.7503 170.8507 6.2505 -12.7502 170.8495
2 24 3.8357 -12.7503 170.8507 3.8357 -5.2619 170.8507
2 24 6.2505 -12.7502 170.8495 6.25 -5.25 170.875
2 24 3.8357 -5.2619 170.8507 6.25 -5.25 170.875
2 24 -6.2579 -5.25 170.875 -6.2547 -12.7501 170.875
2 24 -6.2579 -5.25 170.875 -3.8209 -5.275 170.875
2 24 -6.2547 -12.7501 170.875 -3.8209 -12.7503 170.875
2 24 -3.8209 -5.275 170.875 -3.8209 -12.7503 170.875
2 24 -6.2579 -5.25 170.875 -6.2577 -5.25 169.125
2 24 -3.95 -5.25 170 -3.7931 -5.25 169.125
2 24 -6.2577 -5.25 169.125 -3.7931 -5.25 169.125
2 24 3.926 -5.2619 169.9873 3.8357 -5.2619 170.8507
2 24 6.25 -5.25 170.875 3.8357 -5.2619 170.8507
2 24 -3.8209 -5.275 170.875 -3.95 -5.25 170
2 24 -3.8209 0 170.875 -3.95 0 170
2 24 -3.95 0 170 -3.7931 0 169.125
2 24 -3.95 -5.25 170 -3.7931 -5.25 169.125
2 24 3.8454 -5.262 169.118 3.926 -5.2619 169.9873
2 24 3.8454 0 169.118 3.95 0 170
2 24 3.8357 0 170.8507 3.4208 0 171.975
2 24 1.975 0 173.4208 3.4208 0 171.975
2 24 0.9904 0 171.7153 1.7153 0 170.9904
2 24 1.975 0 173.4208 0 0 173.95
2 24 0.9904 0 171.7153 0 0 171.9807
2 24 0 0 173.95 -1.975 0 173.4208
2 24 0 0 171.9807 -0.9904 0 171.7153
2 24 -1.975 0 173.4208 -3.4208 0 171.975
2 24 -0.9904 0 171.7153 -1.7153 0 170.9904
2 24 -1.7153 0 170.9904 -1.9807 0 170
2 24 -3.4208 0 171.975 -3.8209 0 170.875
2 24 -3.4208 0 168.025 -3.7931 0 169.125
2 24 -1.9807 0 170 -1.7153 0 169.0096
2 24 -3.4208 0 168.025 -1.975 0 166.5792
2 24 -1.7153 0 169.0096 -0.9904 0 168.2847
2 24 -1.975 0 166.5792 0 0 166.05
2 24 -0.9904 0 168.2847 0 0 168.0193
2 24 0 0 166.05 1.975 0 166.5792
2 24 0 0 168.0193 0.9904 0 168.2847
2 24 1.975 0 166.5792 3.4208 0 168.025
2 24 0.9904 0 168.2847 1.7153 0 169.0096
2 24 3.95 0 170 3.8454 0 169.118
2 24 3.95 0 170 3.8357 0 170.8507
2 24 0.9904 0 171.7153 1.7153 0 170.9904
2 24 0.9904 -12.7683 171.7153 1.7153 -12.7683 170.9904
2 24 0.9904 0 171.7153 0 0 171.9807
2 24 0.9904 -12.7683 171.7153 0 -12.7683 171.9807
2 24 0 0 171.9807 -0.9904 0 171.7153
2 24 0 -12.7683 171.9807 -0.9904 -12.7683 171.7153
2 24 -0.9904 0 171.7153 -1.7153 0 170.9904
2 24 -0.9904 -12.7683 171.7153 -1.7153 -12.7683 170.9904
2 24 -1.7153 0 170.9904 -1.9807 0 170
2 24 -1.7153 -12.7683 170.9904 -1.9807 -12.7683 170
2 24 -1.9807 0 170 -1.7153 0 169.0096
2 24 -1.9807 -12.7683 170 -1.7153 -12.7683 169.0096
2 24 -1.7153 0 169.0096 -0.9904 0 168.2847
2 24 -1.7153 -12.7683 169.0096 -0.9904 -12.7683 168.2847
2 24 -0.9904 0 168.2847 0 0 168.0193
2 24 -0.9904 -12.7683 168.2847 0 -12.7683 168.0193
2 24 0 0 168.0193 0.9904 0 168.2847
2 24 0 -12.7683 168.0193 0.9904 -12.7683 168.2847
2 24 0.9904 0 168.2847 1.7153 0 169.0096
2 24 0.9904 -12.7683 168.2847 1.7153 -12.7683 169.0096
2 24 1.7153 0 169.0096 1.9807 0 170
2 24 1.7153 -12.7683 169.0096 1.9807 -12.7683 170
2 24 1.7153 0 170.9904 1.9807 0 170
2 24 1.7153 -12.7683 170.9904 1.9807 -12.7683 170
2 24 -0.9904 -12.7683 168.2847 0 -12.7683 168.0193
2 24 -1.7153 -12.7683 170.9904 -1.9807 -12.7683 170
2 24 0.9904 -12.7683 171.7153 0 -12.7683 171.9807
2 24 1.7153 -12.7683 169.0096 1.9807 -12.7683 170
2 24 -1.9807 -12.7683 170 -1.7153 -12.7683 169.0096
2 24 -0.9904 -12.7683 168.2847 -1.7153 -12.7683 169.0096
2 24 0 -12.7683 171.9807 -0.9904 -12.7683 171.7153
2 24 -1.7153 -12.7683 170.9904 -0.9904 -12.7683 171.7153
2 24 1.9807 -12.7683 170 1.7153 -12.7683 170.9904
2 24 0.9904 -12.7683 171.7153 1.7153 -12.7683 170.9904
2 24 0 -12.7683 168.0193 0.9904 -12.7683 168.2847
2 24 1.7153 -12.7683 169.0096 0.9904 -12.7683 168.2847
2 24 3.8357 -5.2619 170.8507 3.8357 -12.7503 170.8507
2 24 3.8357 -12.7503 170.8507 3.4208 -12.7503 171.975
2 24 1.975 0 166.5792 3.4208 0 168.025
2 24 1.975 -12.7503 166.5792 3.4208 -12.7503 168.025
2 24 1.975 0 166.5792 0 0 166.05
2 24 1.975 -12.7503 166.5792 0 -12.7503 166.05
2 24 0 0 166.05 -1.975 0 166.5792
2 24 0 -12.7503 166.05 -1.975 -12.7503 166.5792
2 24 -1.975 0 166.5792 -3.4208 0 168.025
2 24 -1.975 -12.7503 166.5792 -3.4208 -12.7503 168.025
2 24 -1.975 0 173.4208 -3.4208 0 171.975
2 24 -1.975 -12.7503 173.4208 -3.4208 -12.7503 171.975
2 24 -1.975 0 173.4208 0 0 173.95
2 24 -1.975 -12.7503 173.4208 0 -12.7503 173.95
2 24 0 0 173.95 1.975 0 173.4208
2 24 0 -12.7503 173.95 1.975 -12.7503 173.4208
2 24 3.4208 0 171.975 1.975 0 173.4208
2 24 3.4208 -12.7503 171.975 1.975 -12.7503 173.4208
2 24 -3.8209 -5.275 170.875 -3.8209 -12.7503 170.875
2 24 -3.4208 -12.7503 171.975 -3.8209 -12.7503 170.875
2 24 -3.8209 0 170.875 -3.4208 0 171.975
2 24 -3.7931 0 169.125 -3.4208 0 168.025
2 24 -3.7931 -5.25 169.125 -3.7931 -12.7503 169.125
2 24 -3.4208 -12.7503 168.025 -3.7931 -12.7503 169.125
2 24 3.8454 -5.262 169.118 3.8454 -12.7503 169.118
2 24 3.4208 -12.7503 168.025 3.8454 -12.7503 169.118
2 24 3.8454 0 169.118 3.4208 0 168.025
2 24 3.95 0 170 3.8357 0 170.8507
2 24 3.926 -5.2619 169.9873 3.8357 -5.2619 170.8507
2 24 -3.7931 0 169.125 -3.95 0 170
2 24 -3.8209 0 170.875 -3.95 0 170
2 24 1.7153 0 169.0096 1.9807 0 170
2 24 3.4208 0 168.025 3.8454 0 169.118
2 24 3.4208 0 171.975 3.8357 0 170.8507
2 24 1.7153 0 170.9904 1.9807 0 170
2 24 6.2517 -5.2501 269.9999 6.2453 -5.7286 271.975
2 24 3.926 -5.2619 269.9873 3.4208 -5.7286 271.975
2 24 6.2547 -12.7499 273.95 6.2547 -9 273.95
2 24 6.2547 -12.7499 273.95 0.0047 -12.7499 273.95
2 24 27.4999 0 305.8625 27.5 0 310
2 24 27.5 0 310 38.0643 0 310
2 24 38.0643 0 310 38.7407 0 307.7583
2 24 31.25 -5 293.975 31.25 0 293.975
2 24 31.25 -5 293.975 31.25 -5 306.025
2 24 31.25 0 293.975 31.25 0 306.025
2 24 31.25 -5 306.025 31.25 0 306.025
2 24 31.25 -5 306.025 31.25 0 306.025
2 24 31.25 -5 306.025 41.3755 -4.9799 306.025
2 24 31.25 0 306.025 41.3739 0 306.025
2 24 85.6418 -8 306.6551 84.959 -8 306.3115
2 24 90.0009 -8 290 74.3125 -8 290
2 24 110.375 0 293.975 90 0 293.975
2 24 114.125 0 290 89.944 0 290
2 24 110.375 -5 293.975 110.375 -5 306.025
2 24 110.375 -5 293.975 110.375 0 293.975
2 24 110.375 -5 306.025 110.375 0 306.025
2 24 110.375 0 293.975 110.375 0 306.025
2 24 111.75 -8 310 111.75 -4.24 310
2 24 111.75 -8 310 100.0999 -8 310
2 24 100.0999 -8 310 100.0999 0 310
2 24 100.0999 0 310 96.5038 0 306.3
2 24 100.0999 0 310 100.0999 -8 310
2 24 96.5038 0 306.3 96.5038 -8 306.3
2 24 100.0999 -8 310 96.5038 -8 306.3
2 24 96.5038 0 306.3 94.9036 0 306.2878
2 24 96.5038 0 306.3 96.5038 -8 306.3
2 24 96.5038 -8 306.3 94.9036 -8 306.2878
2 24 84.959 -8 306.3115 83.3658 -8 306.3
2 24 84.959 0 306.3115 83.3658 0 306.3
2 24 83.3658 -8 306.3 83.3658 0 306.3
2 24 83.3658 -8 306.3 83.3658 0 306.3
2 24 83.3658 -8 306.3 79.85 -8 310
2 24 83.3658 0 306.3 79.85 0 310
2 24 79.85 -8 310 79.85 0 310
2 24 70.0524 0 310 79.85 0 310
2 24 58.1262 0 310.3463 56.7329 0 312.9286
2 24 58.1235 -8 310.3487 56.7329 -8 312.9286
2 24 70.0524 0 310 61.9841 0 310
2 24 61.9841 0 310 61.9841 -8 310
2 24 70.0524 -8 310 61.9841 -8 310
2 24 90 -5 293.975 110.375 -5 293.975
2 24 110.375 -5 293.975 110.375 0 293.975
2 24 90 0 293.975 110.375 0 293.975
2 24 110.375 0 306.025 110.375 -5 306.025
2 24 110.375 0 306.025 98.6263 0 306.025
2 24 110.375 -5 306.025 98.6242 -5 306.025
2 24 81.3721 0 306.025 69.9476 0 306.025
2 24 81.3776 -5 306.025 69.5327 -5 306.025
2 24 70 -5.25 297.5 73.75 -5.25 296.4952
2 24 69.5327 -5 306.025 81.3776 -5 306.025
2 24 96.3684 -5.1209 304.9799 94.1002 -5.225 303.6989
2 24 110.375 -5 293.975 90 -5 293.975
2 24 91.25 0 307.8349 90 0 307.5
2 24 91.25 -8 307.8349 90 -8 307.5
2 24 91.25 0 307.8349 90 0 307.5
2 24 91.25 0 307.8349 92.1651 0 308.75
2 24 94.2178 0 306.6748 94.3301 0 307.5
2 24 91.25 0 307.8349 92.1651 0 308.75
2 24 91.25 -8 307.8349 92.1651 -8 308.75
2 24 92.1651 0 308.75 92.5 0 310
2 24 94.3301 0 307.5 95 0 310
2 24 92.1651 0 308.75 92.5 0 310
2 24 92.1651 -8 308.75 92.5 -8 310
2 24 92.5 0 310 92.1651 0 311.25
2 24 95 0 310 94.3301 0 312.5
2 24 92.5 0 310 92.1651 0 311.25
2 24 92.5 -8 310 92.1651 -8 311.25
2 24 92.1651 0 311.25 91.25 0 312.1651
2 24 94.3301 0 312.5 92.5 0 314.3301
2 24 92.1651 0 311.25 91.25 0 312.1651
2 24 92.1651 -8 311.25 91.25 -8 312.1651
2 24 91.25 0 312.1651 90 0 312.5
2 24 92.5 0 314.3301 90 0 315
2 24 91.25 0 312.1651 90 0 312.5
2 24 91.25 -8 312.1651 90 -8 312.5
2 24 90 0 312.5 88.75 0 312.1651
2 24 90 0 315 87.5 0 314.3301
2 24 90 0 312.5 88.75 0 312.1651
2 24 90 -8 312.5 88.75 -8 312.1651
2 24 88.75 0 312.1651 87.8349 0 311.25
2 24 87.5 0 314.3301 85.6699 0 312.5
2 24 88.75 0 312.1651 87.8349 0 311.25
2 24 88.75 -8 312.1651 87.8349 -8 311.25
2 24 87.8349 0 311.25 87.5 0 310
2 24 85.6699 0 312.5 85 0 310
2 24 87.8349 0 311.25 87.5 0 310
2 24 87.8349 -8 311.25 87.5 -8 310
2 24 87.5 0 310 87.8349 0 308.75
2 24 85 0 310 85.6699 0 307.5
2 24 87.5 0 310 87.8349 0 308.75
2 24 87.5 -8 310 87.8349 -8 308.75
2 24 87.8349 0 308.75 88.75 0 307.8349
2 24 85.6699 0 307.5 85.6418 0 306.6551
2 24 87.8349 0 308.75 88.75 0 307.8349
2 24 87.8349 -8 308.75 88.75 -8 307.8349
2 24 90 0 307.5 88.75 0 307.8349
2 24 90 0 307.5 88.75 0 307.8349
2 24 90 -8 307.5 88.75 -8 307.8349
2 24 94.3301 -8 307.5 94.2178 -8 306.6748
2 24 92.5 -8 310 92.1651 -8 308.75
2 24 94.3301 -8 307.5 95 -8 310
2 24 92.5 -8 310 92.1651 -8 311.25
2 24 95 -8 310 94.3301 -8 312.5
2 24 92.1651 -8 311.25 91.25 -8 312.1651
2 24 94.3301 -8 312.5 92.5 -8 314.3301
2 24 91.25 -8 312.1651 90 -8 312.5
2 24 92.5 -8 314.3301 90 -8 315
2 24 90 -8 312.5 88.75 -8 312.1651
2 24 90 -8 315 87.5 -8 314.3301
2 24 88.75 -8 312.1651 87.8349 -8 311.25
2 24 87.5 -8 314.3301 85.6699 -8 312.5
2 24 87.8349 -8 311.25 87.5 -8 310
2 24 85.6699 -8 312.5 85 -8 310
2 24 87.5 -8 310 87.8349 -8 308.75
2 24 85 -8 310 85.6699 -8 307.5
2 24 87.8349 -8 308.75 88.75 -8 307.8349
2 24 94.3301 0 307.5 95 0 310
2 24 94.3301 -8 307.5 95 -8 310
2 24 95 0 310 94.3301 0 312.5
2 24 95 -8 310 94.3301 -8 312.5
2 24 94.3301 0 312.5 92.5 0 314.3301
2 24 94.3301 -8 312.5 92.5 -8 314.3301
2 24 92.5 0 314.3301 90 0 315
2 24 92.5 -8 314.3301 90 -8 315
2 24 90 0 315 87.5 0 314.3301
2 24 90 -8 315 87.5 -8 314.3301
2 24 87.5 0 314.3301 85.6699 0 312.5
2 24 87.5 -8 314.3301 85.6699 -8 312.5
2 24 85.6699 0 312.5 85 0 310
2 24 85.6699 -8 312.5 85 -8 310
2 24 85 0 310 85.6699 0 307.5
2 24 85 -8 310 85.6699 -8 307.5
2 24 85.6699 0 307.5 85.6418 0 306.6551
2 24 85.6418 0 306.6551 85.6418 -8 306.6551
2 24 85.6699 -8 307.5 85.6418 -8 306.6551
2 24 111.7499 -8 299.1125 111.75 -8 310
2 24 111.75 -8 310 100.0999 -8 310
2 24 96.5038 -8 306.3 100.0999 -8 310
2 24 90 0 303.575 94.1003 0 303.6988
2 24 94.3301 0 307.5 94.2178 0 306.6748
2 24 94.2178 0 306.6748 94.2178 -8 306.6748
2 24 94.3301 -8 307.5 94.2178 -8 306.6748
2 24 90 0 303.575 85.8377 0 303.7349
2 24 85.6418 -8 306.6551 85.6699 -8 307.5
2 24 83.3658 0 306.3 84.959 0 306.3115
2 24 56.7329 0 312.9286 58.1262 0 310.3463
2 24 56.7329 0 312.9286 55.9008 0 313.2703
2 24 56.7329 -8 312.9286 55.9008 -8 313.2703
2 24 56.7329 0 312.9286 55.9008 0 313.2703
2 24 58.1235 -8 310.3487 56.7329 -8 312.9286
2 24 55.9008 0 313.2703 55.0802 0 312.9982
2 24 55.0802 0 312.9982 55.0802 -8 312.9982
2 24 55.9008 -8 313.2703 55.0802 -8 312.9982
2 24 55.9008 0 313.2703 55.0802 0 312.9982
2 24 56.7329 -8 312.9286 55.9008 -8 313.2703
2 24 55.9008 -8 313.2703 55.0802 -8 312.9982
2 24 55.0802 0 312.9982 54.625 0 312.0447
2 24 55.0802 -8 312.9982 54.625 -8 312.0447
2 24 55.0802 0 312.9982 54.625 0 312.0447
2 24 54.625 0 312.0447 55 0 310
2 24 54.625 -8 312.0447 55 -8 310
2 24 54.625 0 312.0447 55 0 310
2 24 55.0802 -8 312.9982 54.625 -8 312.0447
2 24 55 0 310 54.3301 0 307.5
2 24 55 -8 310 54.3301 -8 307.5
2 24 56.1361 0 304.8969 58.6253 0 306.025
2 24 54.625 -8 312.0447 55 -8 310
2 24 54.3301 0 307.5 52.5 0 305.6557
2 24 54.3301 -8 307.5 52.5 -8 305.6557
2 24 54.3301 0 307.5 52.5 0 305.6557
2 24 56.1361 0 304.8969 53.3458 0 302.3256
2 24 58.1235 -8 310.3487 58.8111 -8 307.7699
2 24 52.5 0 305.6557 50 0 305
2 24 52.5 -8 305.6557 50 -8 305
2 24 52.5 0 305.6557 50 0 305
2 24 53.3458 0 302.3256 50 0 301.5925
2 24 50 0 305 47.5 0 305.6699
2 24 50 -8 305 47.5 -8 305.6699
2 24 50 0 305 47.5 0 305.6699
2 24 50 0 301.5925 46.6579 0 302.3556
2 24 50 -8 305 52.5 -8 305.6557
2 24 49.9982 -8 290 65.6875 -8 290
2 24 47.5 0 305.6699 45.6699 0 307.5
2 24 47.5 -8 305.6699 45.6699 -8 307.5
2 24 47.5 0 305.6699 45.6699 0 307.5
2 24 46.6579 0 302.3556 43.834 0 304.9711
2 24 50 -8 305 47.5 -8 305.6699
2 24 45.6699 0 307.5 45 0 310
2 24 45.6699 -8 307.5 45 -8 310
2 24 43.834 0 304.9711 41.3739 0 306.025
2 24 45 0 310 45.2 0 311.8152
2 24 45 -8 310 45.2 -8 311.8152
2 24 45.2 0 311.8152 45 0 310
2 24 45.6699 -8 307.5 45 -8 310
2 24 45.2 0 311.8152 44.9129 0 312.8405
2 24 44.9129 0 312.8405 44.9129 -8 312.8405
2 24 45.2 -8 311.8152 44.9129 -8 312.8405
2 24 45.2 0 311.8152 44.9129 0 312.8405
2 24 45 -8 310 45.2 -8 311.8152
2 24 44.9129 0 312.8405 44.0672 0 313.3019
2 24 44.0672 0 313.3019 44.0672 -8 313.3019
2 24 44.9129 -8 312.8405 44.0672 -8 313.3019
2 24 44.9129 0 312.8405 44.0672 0 313.3019
2 24 45.2 -8 311.8152 44.9129 -8 312.8405
2 24 44.9129 -8 312.8405 44.0672 -8 313.3019
2 24 44.0672 0 313.3019 43.0988 0 312.9035
2 24 44.0672 -8 313.3019 43.0988 -8 312.9035
2 24 44.0672 0 313.3019 43.0988 0 312.9035
2 24 43.0988 0 312.9035 41.9571 0 310.3487
2 24 43.0988 -8 312.9035 41.9544 -8 310.3463
2 24 44.0672 -8 313.3019 43.0988 -8 312.9035
2 24 79.85 0 310 83.3658 0 306.3
2 24 83.4755 0 305.0728 81.3721 0 306.025
2 24 56.1361 0 304.8969 53.3458 0 302.3256
2 24 56.1359 -5 304.8967 53.3458 -5 302.3256
2 24 53.3458 -5 302.3256 50 -5 301.5925
2 24 53.3458 0 302.3256 50 0 301.5925
2 24 53.3458 -5 302.3256 50 -5 301.5925
2 24 63.64 -5.25 293.975 31.25 -5 293.975
2 24 50 -5 301.5925 46.6579 -5 302.3556
2 24 50 0 301.5925 46.6579 0 302.3556
2 24 50 -5 301.5925 46.6579 -5 302.3556
2 24 31.25 -5 293.975 31.25 -5 306.025
2 24 41.3755 -4.9799 306.025 31.25 -5 306.025
2 24 41.3755 -4.9799 306.025 43.8348 -4.99 304.9711
2 24 41.3739 0 306.025 43.834 0 304.9711
2 24 96.5038 -8 306.3 94.9036 -8 306.2878
2 24 114.1251 0 310 100.0999 0 310
2 24 110.375 0 306.025 98.6263 0 306.025
2 24 85.8377 -5.2278 303.7349 90 -5.25 303.575
2 24 94.1002 -5.225 303.6989 90 -5.25 303.575
2 24 38.0627 -8 310 27.0053 -8 310
2 24 38.0627 -8 310 38.7407 -8 307.7583
2 24 27.0053 -8 298.9462 27.0053 -8 310
2 24 73.7347 -8 292.1563 72.1563 -8 293.7347
2 24 83.3658 -8 306.3 79.85 -8 310
2 24 81.3776 -5 306.025 83.4748 -5.1894 305.0725
2 24 81.3721 0 306.025 83.4755 0 305.0728
2 24 90 -5.25 303.575 85.8377 -5.2278 303.7349
2 24 90 0 303.575 85.8377 0 303.7349
2 24 90 0 303.575 94.1003 0 303.6988
2 24 90 -5.25 303.575 94.1002 -5.225 303.6989
2 24 83.4748 -5.1894 305.0725 85.8377 -5.2278 303.7349
2 24 83.4755 0 305.0728 85.8377 0 303.7349
2 24 94.1003 0 303.6988 96.3693 0 304.9798
2 24 94.1002 -5.225 303.6989 96.3684 -5.1209 304.9799
2 24 98.6263 0 306.025 96.3693 0 304.9798
2 24 98.6242 -5 306.025 96.3684 -5.1209 304.9799
2 24 100.0999 0 310 96.5038 0 306.3
2 24 98.6263 0 306.025 96.3693 0 304.9798
2 24 94.2178 0 306.6748 94.9036 0 306.2878
2 24 94.1003 0 303.6988 96.3693 0 304.9798
2 24 46.6579 -5 302.3556 43.8348 -4.99 304.9711
2 24 46.6579 0 302.3556 43.834 0 304.9711
2 24 46.6579 -5 302.3556 43.8348 -4.99 304.9711
2 24 56.1361 0 304.8969 58.6253 0 306.025
2 24 56.1359 -5 304.8967 58.6253 -5 306.025
2 24 43.0988 -8 312.9035 41.9544 -8 310.3463
2 24 41.9544 -8 310.3463 41.2299 -8 307.7493
2 24 55 -8 310 54.3301 -8 307.5
2 24 61.9841 -8 310 61.2462 -8 307.7699
2 24 61.9841 -8 310 70.0524 -8 310
2 24 52.5 -8 305.6557 54.3301 -8 307.5
2 24 41.9571 0 310.3487 41.2299 0 307.7493
2 24 41.9544 -8 310.3463 41.2299 -8 307.7493
2 24 40.0075 0 307.041 38.7407 0 307.7583
2 24 40.0075 0 307.041 40.0075 -8 307.041
2 24 40.0075 -8 307.041 38.7407 -8 307.7583
2 24 38.7407 0 307.7583 38.0643 0 310
2 24 38.0643 0 310 38.0627 -8 310
2 24 38.7407 -8 307.7583 38.0627 -8 310
2 24 41.2299 0 307.7493 40.0075 0 307.041
2 24 41.2299 -8 307.7493 40.0075 -8 307.041
2 24 61.9841 0 310 61.2462 0 307.7699
2 24 61.9841 0 310 61.9841 -8 310
2 24 61.9841 -8 310 61.2462 -8 307.7699
2 24 61.2462 0 307.7699 60.0371 0 307.0256
2 24 60.0371 0 307.0256 60.0371 -8 307.0256
2 24 61.2462 -8 307.7699 60.0371 -8 307.0256
2 24 60.0371 0 307.0256 58.8111 0 307.7699
2 24 60.0371 -8 307.0256 58.8111 -8 307.7699
2 24 58.1262 0 310.3463 58.8111 0 307.7699
2 24 58.1235 -8 310.3487 58.8111 -8 307.7699
2 24 58.8111 0 307.7699 60.0371 0 307.0256
2 24 43.0988 0 312.9035 41.9571 0 310.3487
2 24 40.0075 0 307.041 41.2299 0 307.7493
2 24 41.9571 0 310.3487 41.2299 0 307.7493
2 24 45.6699 0 307.5 45 0 310
2 24 31.25 0 306.025 41.3739 0 306.025
2 24 38.7407 0 307.7583 40.0075 0 307.041
2 24 41.3755 -4.9799 306.025 43.8348 -4.99 304.9711
2 24 69.9476 0 306.025 58.6253 0 306.025
2 24 60.0371 0 307.0256 61.2462 0 307.7699
2 24 69.5327 -5 306.025 58.6253 -5 306.025
2 24 69.9476 0 306.025 58.6253 0 306.025
2 24 55 0 310 54.3301 0 307.5
2 24 58.1262 0 310.3463 58.8111 0 307.7699
2 24 70.0524 0 310 61.9841 0 310
2 24 61.2462 0 307.7699 61.9841 0 310
2 24 63.64 -5.25 293.975 66.25 -5.25 296.4952
2 24 53.3458 -5 302.3256 56.1359 -5 304.8967
2 24 70 -5.25 297.5 66.25 -5.25 296.4952
2 24 69.5327 -5 306.025 58.6253 -5 306.025
2 24 56.1359 -5 304.8967 58.6253 -5 306.025
2 24 70 0 297.5 73.75 0 296.4952
2 24 70 -5.25 297.5 73.75 -5.25 296.4952
2 24 73.75 0 296.4952 76.36 0 293.975
2 24 73.75 -5.25 296.4952 76.36 -5.25 293.975
2 24 76.36 0 293.975 76.36 -5.25 293.975
2 24 77.5 -5.0625 290 76.7593 -4.875 286.75
2 24 77.5 -5.0625 290 77.5 0 290
2 24 77.5 0 290 76.4952 0 286.25
2 24 76.4952 0 286.25 73.75 0 283.5048
2 24 73.75 0 283.5048 70 0 282.5
2 24 73.75 -20.75 283.5048 70 -20.75 282.5
2 24 73.75 0 296.4952 70 0 297.5
2 24 72.1563 0 293.7347 70 0 294.3125
2 24 72.1563 0 293.7347 73.7347 0 292.1563
2 24 73.75 0 296.4952 76.36 0 293.975
2 24 73.7347 0 292.1563 74.3125 0 290
2 24 77.5 0 290 76.4952 0 286.25
2 24 74.3125 0 290 73.7347 0 287.8438
2 24 76.4952 0 286.25 73.75 0 283.5048
2 24 73.7347 0 287.8438 72.1563 0 286.2653
2 24 73.75 0 283.5048 70 0 282.5
2 24 72.1563 0 286.2653 70 0 285.6875
2 24 130 -24 150 130 -24 265.1436
2 24 123.5 -24 265.1436 130 -24 265.1436
2 24 150 0 309.9995 127 0 310
2 24 127 0 310 126.721 -7.99 310
2 24 130 -8 310 126.721 -7.99 310
2 24 150 -16 270 150 -8 270
2 24 150 -16 270 150 -16 310
2 24 150 -16 310 150 0 309.9995
2 24 150 -8 270 150 -8 190
2 24 150 0 150 150 0 309.9995
2 24 150 -16 150 150 -16 190
2 24 150 -8 190 150 -16 190
2 24 150 -16 190 130 -16 190
2 24 150 -16 150 150 -16 190
2 24 130 -16 150 130 -16 190
2 24 150 -16 190 150 -8 190
2 24 150 -16 190 130 -16 190
2 24 150 -8 190 130 -8 190
2 24 130 -16 190 130 -8 190
2 24 150 -16 270 130 -16 270
2 24 150 -16 270 150 -8 270
2 24 130 -16 270 130 -8 270
2 24 150 -8 270 130 -8 270
2 24 150 -8 190 150 -8 270
2 24 150 -8 190 130 -8 190
2 24 150 -8 270 130 -8 270
2 24 130 -8 190 130 -8 270
2 24 130 -8 190 130 -8 270
2 24 130 -8 190 130 -16 190
2 24 130 -8 270 130 -16 270
2 24 130 -16 270 150 -16 270
2 24 130 -16 270 130 -16 295
2 24 150 -16 270 150 -16 310
2 24 130 -16 150 130 -16 190
2 24 130 -24 150 130 -24 265.1436
2 24 130 -16 270 130 -16 295
2 24 130 -24 265.1436 130 -16 295
2 24 117.5 -24 150 117.5 -24 265.1436
2 24 117.5 -13.5109 150 117.5 -13.5109 240.6104
2 24 117.5 -24 150 117.5 -24 265.1436
2 24 117.5 -13.5109 240.6104 117.5 -13.5109 299.1252
2 24 117.5 -24 265.1436 117.5 -24 299.1125
2 24 117.5 -13.5109 299.1252 117.5 -24 299.1125
2 24 117.5 -24 265.1436 117.5 -24 299.1125
2 24 123.5 -24 265.1436 123.5 -24 290
2 24 112.9947 -8 240.6104 113.0131 -7.9847 299.1031
2 24 112.9947 -10.25 240.6104 112.9947 -10.25 299.1252
2 24 113.0131 -7.9847 299.1031 112.9947 -10.25 299.1252
2 24 112.9947 -10.25 299.1252 112.9947 -10.25 240.6104
2 24 112.9947 -10.25 299.1252 115.8493 -11.0419 299.1252
2 24 115.8493 -11.0419 299.1252 115.9751 -11.0188 240.6104
2 24 112.9947 -10.25 150 112.9947 -10.25 240.6104
2 24 115.9751 -11.0188 150 115.9751 -11.0188 240.6104
2 24 112.9947 -8 150 112.9947 -8 240.6104
2 24 112.9947 -10.25 150 112.9947 -10.25 240.6104
2 24 109.9781 -8 150 109.9781 -8 240.6104
2 24 112.9947 -8 150 112.9947 -8 240.6104
2 24 117.5 -13.5109 299.1252 115.8493 -11.0419 299.1252
2 24 117.5 -13.5109 299.1252 117.5 -13.5109 240.6104
2 24 115.8493 -11.0419 299.1252 115.9751 -11.0188 240.6104
2 24 115.9751 -11.0188 150 115.9751 -11.0188 240.6104
2 24 117.5 -13.5109 150 117.5 -13.5109 240.6104
2 24 70 0 297.5 66.25 0 296.4952
2 24 70 -5.25 297.5 66.25 -5.25 296.4952
2 24 66.25 0 296.4952 63.64 0 293.975
2 24 63.64 0 293.975 63.64 -5.25 293.975
2 24 66.25 -5.25 296.4952 63.64 -5.25 293.975
2 24 63.5048 0 286.25 62.5 0 290
2 24 63.2407 -4.875 286.75 62.5 -4.875 290
2 24 62.5 0 290 62.5 -4.875 290
2 24 63.5048 0 286.25 66.25 0 283.5048
2 24 70 0 282.5 66.25 0 283.5048
2 24 70 -20.75 282.5 66.25 -20.75 283.5048
2 24 70 0 297.5 66.25 0 296.4952
2 24 70 0 294.3125 67.8438 0 293.7347
2 24 66.25 0 296.4952 63.64 0 293.975
2 24 67.8438 0 293.7347 66.2653 0 292.1563
2 24 66.2653 0 292.1563 65.6875 0 290
2 24 62.5 0 290 63.5048 0 286.25
2 24 65.6875 0 290 66.2653 0 287.8438
2 24 63.5048 0 286.25 66.25 0 283.5048
2 24 66.2653 0 287.8438 67.8438 0 286.2653
2 24 70 0 282.5 66.25 0 283.5048
2 24 70 0 285.6875 67.8438 0 286.2653
2 24 27.0053 -8 298.9462 27.0053 -8 310
2 24 27.0053 -10.25 299.1252 26.9895 -10.25 315.3147
2 24 27.0027 -5.25 310 26.9974 -5.25 315.3147
2 24 27.0053 -8 310 27.0027 -5.25 310
2 24 24.0469 -16.1518 319.0655 22.5 -19.0019 319.0655
2 24 24.0752 -5.25 319.0655 25.3851 -5.25 318.4581
2 24 24.0469 -16.1518 319.0655 25.3918 -13.472 318.4581
2 24 25.3918 -13.472 318.4581 26.5532 -11.1764 317.1475
2 24 25.3851 -5.25 318.4581 26.5532 -5.25 317.1475
2 24 26.9895 -10.25 315.3147 26.5532 -11.1764 317.1475
2 24 26.9974 -5.25 315.3147 26.5532 -5.25 317.1475
2 24 27.0053 -10.25 299.1252 26.9895 -10.25 315.3147
2 24 27.0053 -10.25 299.1252 22.5 -19.0019 299.1499
2 24 22.5 -19.0019 299.1499 22.5 -19.0019 316.3268
2 24 24.1507 -11.0419 299.1252 27.0053 -10.25 299.1252
2 24 24.1507 -11.0419 299.1252 22.5 -13.5109 299.1252
2 24 27.0053 -10.25 299.1252 22.5 -19.0019 299.1499
2 24 22.5 -13.5109 299.1252 22.5 -19.0019 299.1499
2 24 24.0752 -5.25 319.0655 18.2228 -5.25 319.0655
2 24 20.3254 -8.0025 319.0655 18.2228 -8.0025 319.0655
2 24 20.3254 -8.0025 319.0655 20.3254 -21.4519 319.0655
2 24 22.5 -19.0019 319.0655 22.5 -21.4692 319.0655
2 24 20.3254 -21.4519 319.0655 20.1958 -22.8272 318.682
2 24 22.5 -21.4692 319.0655 22.5 -22.8297 318.6797
2 24 19.5749 -24 316.6125 19.9029 -23.7479 317.6945
2 24 22.5 -24 316.6125 22.5 -23.7565 317.6772
2 24 20.1958 -22.8272 318.682 19.9029 -23.7479 317.6945
2 24 22.5 -22.8297 318.6797 22.5 -23.7565 317.6772
2 24 22.5 -23.7565 317.6772 22.5 -22.8297 318.6797
2 24 22.5 -24 265.1436 22.5 -24 316.6125
2 24 22.5 -19.0019 316.3268 22.5 -19.0019 299.1499
2 24 20.3254 -8.0025 319.0655 19.5787 -8.0927 316.6251
2 24 20.3254 -21.4519 319.0655 20.3254 -8.0025 319.0655
2 24 19.9029 -23.7479 317.6945 20.1958 -22.8272 318.682
2 24 18.2228 -5.25 319.0655 16.7536 -5.25 318.7659
2 24 18.2228 -8.0025 319.0655 16.7536 -8.0025 318.7658
2 24 16.7536 -5.25 318.7659 15.5898 -5.25 318.0046
2 24 16.7536 -8.0025 318.7658 15.5898 -8.0025 318.0046
2 24 14.5001 -8.0025 315.3994 14.8127 -8.0025 316.848
2 24 14.5001 -5.25 315.3994 14.8127 -5.25 316.8479
2 24 15.5898 -5.25 318.0046 14.8127 -5.25 316.8479
2 24 15.5898 -8.0025 318.0046 14.8127 -8.0025 316.848
2 24 14.5001 -5.25 315.3994 14.5001 -5.25 310
2 24 14.5001 -5.25 310 14.5001 -8.0025 310
2 24 14.5001 -8.0025 315.3994 14.5001 -8.0025 310
2 24 15.5898 -8.0025 318.0046 16.7536 -8.0025 318.7658
2 24 16.7536 -8.0025 318.7658 18.2228 -8.0025 319.0655
2 24 14.5001 -8.0025 315.3994 14.8127 -8.0025 316.848
2 24 15.5898 -8.0025 318.0046 14.8127 -8.0025 316.848
2 24 18.2228 -8.0025 319.0655 20.3254 -8.0025 319.0655
2 24 19.5787 -8.0927 316.6251 20.3254 -8.0025 319.0655
2 24 14.5001 -8.0025 315.3994 14.5001 -8.0025 310
2 24 19.5787 -8.0927 316.6251 19.5659 -8.0025 299.1209
2 24 16.5 -24 299.1125 19.575 -24 299.1125
2 24 16.5 -24 299.1125 16.2207 -16 299.1125
2 24 19.575 -24 299.1125 19.5659 -8.0025 299.1209
2 24 16.2207 -16 299.1125 10 -16 299.1125
2 24 10 -16 299.1125 10 -8 299.1125
2 24 19.5659 -8.0025 299.1209 10 -8 299.1125
2 24 19.5659 -8.0025 299.1209 19.575 -24 299.1125
2 24 19.5659 -8.0025 299.1209 19.5787 -8.0927 316.6251
2 24 19.575 -24 299.1125 19.5749 -24 316.6125
2 24 19.5787 -8.0927 316.6251 19.5749 -24 316.6125
2 24 22.5 -24 316.6125 22.5 -24 265.1436
2 24 19.5749 -24 316.6125 19.575 -24 299.1125
2 24 19.575 -24 299.1125 16.5 -24 299.1125
2 24 10 -8 310 10 -8 299.1125
2 24 14.5001 -8.0025 310 10 -8 310
2 24 19.5659 -8.0025 299.1209 10 -8 299.1125
2 24 16.2207 -16 299.1125 10 -16 299.1125
2 24 16.2207 -16 299.1125 16.2207 -16 295
2 24 16.2207 -16 295 10 -16 295
2 24 10 -16 295 10 -24 265.1436
2 24 10 -16 295 16.2207 -16 295
2 24 10 -24 265.1436 16.5 -24 265.1436
2 24 16.2207 -16 295 16.5 -24 265.1436
2 24 16.2207 -16 295 16.5 -24 265.1436
2 24 16.5 -24 299.1125 16.5 -24 265.1436
2 24 16.5 -24 299.1125 16.2207 -16 299.1125
2 24 16.2207 -16 295 16.2207 -16 299.1125
2 24 26.9895 -10.25 315.3147 26.5532 -11.1764 317.1475
2 24 26.5532 -11.1764 317.1475 25.3918 -13.472 318.4581
2 24 25.3918 -13.472 318.4581 24.0469 -16.1518 319.0655
2 24 24.0469 -16.1518 319.0655 22.5 -19.0019 319.0655
2 24 22.5 -19.0019 316.3268 22.5 -19.0019 319.0655
2 24 22.5 -19.0019 316.3268 22.5 -19.0019 319.0655
2 24 22.5 -21.4692 319.0655 22.5 -19.0019 319.0655
2 24 10 -24 150 10 -24 265.1436
2 24 16.5 -24 265.1436 10 -24 265.1436
2 24 10 -8 310 10 -16 310
2 24 10 -8 310 10 -8 299.1125
2 24 10 -16 310 10 -16 299.1125
2 24 10 -8 299.1125 10 -16 299.1125
2 24 10 -16 310 10 -8 310
2 24 10 -16 310 -10 -16 310
2 24 -10 -16 310 -10 0 309.9989
2 24 -10 0 309.9989 12.7501 0 309.9979
2 24 12.7501 0 309.9979 12.9334 -5.25 310
2 24 12.9334 -5.25 310 14.5001 -5.25 310
2 24 14.5001 -5.25 310 14.5001 -8.0025 310
2 24 10 -8 310 14.5001 -8.0025 310
2 24 -10 -8 270 -10 -8 190
2 24 -10 0 150 -10 0 309.9989
2 24 -10 -16 150 -10 -16 190
2 24 -10 -8 190 -10 -16 190
2 24 -10 -16 150 -10 -16 190
2 24 -10 -16 190 10 -16 190
2 24 10 -16 150 10 -16 190
2 24 -10 -16 190 10 -16 190
2 24 -10 -16 190 -10 -8 190
2 24 10 -16 190 10 -8 190
2 24 -10 -8 190 10 -8 190
2 24 -10 -16 270 -10 -8 270
2 24 -10 -16 270 10 -16 270
2 24 -10 -8 270 10 -8 270
2 24 10 -16 270 10 -8 270
2 24 -10 -8 190 10 -8 190
2 24 -10 -8 190 -10 -8 270
2 24 10 -8 190 10 -8 270
2 24 -10 -8 270 10 -8 270
2 24 10 -8 190 10 -16 190
2 24 10 -8 190 10 -8 270
2 24 10 -8 270 10 -16 270
2 24 -10 -16 310 -10 -16 270
2 24 -10 -16 270 10 -16 270
2 24 10 -16 295 10 -16 270
2 24 -10 -16 310 10 -16 310
2 24 10 -16 299.1125 10 -16 310
2 24 10 -16 150 10 -16 190
2 24 10 -16 270 10 -16 295
2 24 10 -24 265.1436 10 -16 295
2 24 22.5 -24 150 22.5 -24 265.1436
2 24 22.5 -13.5109 150 22.5 -13.5109 240.6104
2 24 22.5 -24 150 22.5 -24 265.1436
2 24 22.5 -13.5109 240.6104 22.5 -13.5109 299.1252
2 24 22.5 -19.0019 299.1499 22.5 -13.5109 299.1252
2 24 16.5 -24 299.1125 16.5 -24 265.1436
2 24 30.0219 -8 240.6104 30.3856 -8 245.7847
2 24 27.0053 -8 298.9462 27.0053 -8 240.6104
2 24 27.0053 -10.25 299.1252 27.0053 -10.25 240.6104
2 24 27.0053 -8 298.9462 27.0053 -8 240.6104
2 24 27.0053 -10.25 299.1252 24.1507 -11.0419 299.1252
2 24 27.0053 -10.25 299.1252 27.0053 -10.25 240.6104
2 24 24.1507 -11.0419 299.1252 24.0249 -11.0188 240.6104
2 24 27.0053 -10.25 150 27.0053 -10.25 240.6104
2 24 24.0249 -11.0188 150 24.0249 -11.0188 240.6104
2 24 27.0053 -8 150 27.0053 -8 240.6104
2 24 27.0053 -10.25 150 27.0053 -10.25 240.6104
2 24 30.0219 -8 150 30.0219 -8 240.6104
2 24 27.0053 -8 150 27.0053 -8 240.6104
2 24 22.5 -13.5109 299.1252 22.5 -13.5109 240.6104
2 24 22.5 -13.5109 299.1252 24.1507 -11.0419 299.1252
2 24 24.1507 -11.0419 299.1252 24.0249 -11.0188 240.6104
2 24 24.0249 -11.0188 150 24.0249 -11.0188 240.6104
2 24 22.5 -13.5109 150 22.5 -13.5109 240.6104
2 24 70 0 294.3125 72.1563 0 293.7347
2 24 70 -8 294.3125 72.1563 -8 293.7347
2 24 72.1563 0 293.7347 73.7347 0 292.1563
2 24 72.1563 -8 293.7347 73.7347 -8 292.1563
2 24 73.7347 0 292.1563 74.3125 0 290
2 24 73.7347 -8 292.1563 74.3125 -8 290
2 24 74.3125 0 290 73.7347 0 287.8438
2 24 70 0 294.3125 67.8438 0 293.7347
2 24 70 -8 294.3125 67.8438 -8 293.7347
2 24 67.8438 0 293.7347 66.2653 0 292.1563
2 24 67.8438 -8 293.7347 66.2653 -8 292.1563
2 24 66.2653 0 292.1563 65.6875 0 290
2 24 66.2653 -8 292.1563 65.6875 -8 290
2 24 65.6875 0 290 66.2653 0 287.8438
2 24 91.25 -8 307.8349 90 -8 307.5
2 24 88.75 -8 307.8349 90 -8 307.5
2 24 123.6681 -19.185 283.1134 123.5 -24 265.1436
2 24 130 -24 265.1436 123.5 -24 265.1436
2 24 123.6681 -19.185 283.1134 125.2243 -16 295
2 24 125.2243 -16 295 130 -16 295
2 24 130 -24 265.1436 130 -16 295
2 24 130 -16 295 125.2243 -16 295
2 24 125.2243 -16 295 125.2181 -16.0004 310.0607
2 24 150 -16 310 125.2181 -16.0004 310.0607
2 24 117.5 -24 299.1125 120.575 -24 299.1125
2 24 123.5 -24 290 123.5 -24 316.6125
2 24 120.575 -24 299.1125 120.575 -24 316.6125
2 24 120.5751 -8.0013 316.6125 120.5753 -8 299.1125
2 24 120.5751 -8.0013 316.6125 120.575 -24 316.6125
2 24 120.5753 -8 299.1125 120.575 -24 299.1125
2 24 120.575 -24 316.6125 120.575 -24 299.1125
2 24 117.5 -24 299.1125 120.575 -24 299.1125
2 24 117.5 -24 299.1125 117.5 -13.5109 299.1252
2 24 120.575 -24 299.1125 120.5753 -8 299.1125
2 24 111.7499 -8 299.1125 113.0131 -7.9847 299.1031
2 24 111.75 -8 310 111.7499 -8 299.1125
2 24 111.7499 -8 299.1125 111.75 -4.24 299.1125
2 24 111.75 -4.24 302.4042 111.75 -4.24 299.1125
2 24 114.125 -4.24 310 114.1251 0 310
2 24 111.75 -4.24 310 114.125 -4.24 310
2 24 100.0999 0 310 114.1251 0 310
2 24 111.75 -4.24 302.4042 111.75 -4.24 299.1125
2 24 111.75 -4.24 299.1125 113.687 -4.24 299.1125
2 24 113.6494 -4.24 300.7583 113.687 -4.24 299.1125
2 24 114.125 -4.24 310 111.75 -4.24 310
2 24 114.125 -4.24 310 114.125 -4.24 302.4749
2 24 111.75 -4.24 302.4042 111.75 -4.24 310
2 24 111.75 -4.24 302.4042 111.75 -4.24 310
2 24 111.75 -8 310 111.75 -4.24 310
2 24 113.6494 -4.24 300.7583 114.125 -4.24 302.4749
2 24 111.7499 -8 299.1125 113.0131 -7.9847 299.1031
2 24 113.687 -5.2261 299.1125 114.2127 -5.2664 299.1125
2 24 111.7499 -8 299.1125 111.75 -4.24 299.1125
2 24 113.687 -5.2261 299.1125 113.687 -4.24 299.1125
2 24 111.75 -4.24 299.1125 113.687 -4.24 299.1125
2 24 120.5753 -8 299.1125 117.875 -8 299.1125
2 24 117.5 -13.5109 299.1252 115.8493 -11.0419 299.1252
2 24 115.8493 -11.0419 299.1252 112.9947 -10.25 299.1252
2 24 117.875 -8 299.1125 116.4587 -7.7476 299.1125
2 24 114.2127 -5.2664 299.1125 115.2332 -6.923 299.1031
2 24 113.0131 -7.9847 299.1031 112.9947 -10.25 299.1252
2 24 116.4587 -7.7476 299.1125 115.2332 -6.923 299.1031
2 24 114.125 -4.24 302.4749 113.6494 -4.24 300.7583
2 24 114.125 -4.24 302.4749 114.125 0 302.4749
2 24 114.125 0 302.4749 113.6495 0 300.7583
2 24 113.6494 -4.24 300.7583 113.687 -4.24 299.1125
2 24 113.6495 0 300.7583 113.6871 0 299.1125
2 24 114.1251 0 310 114.125 -4.24 310
2 24 114.1251 0 310 114.125 0 302.4749
2 24 114.125 -4.24 310 114.125 -4.24 302.4749
2 24 114.125 0 302.4749 114.125 -4.24 302.4749
2 24 113.6871 0 299.1125 114.125 0 297.5251
2 24 113.687 -4.24 299.1125 114.1265 -4.2417 297.5215
2 24 125.2181 -16.0004 310.0607 125.2243 -16 295
2 24 123.5001 -19.0019 316.3268 123.6681 -19.185 283.1134
2 24 125.2243 -16 295 123.6681 -19.185 283.1134
2 24 123.5 -24 290 123.5 -24 265.1436
2 24 123.6681 -19.185 283.1134 123.5 -24 265.1436
2 24 123.5 -24 290 123.5 -24 316.6125
2 24 123.6681 -19.185 283.1134 123.5001 -19.0019 316.3268
2 24 127.995 -10.1832 312.0163 127.9896 -10.1832 315.3147
2 24 128.0053 -8 312.0299 128.0106 -8.0059 315.3147
2 24 125.0752 -8.0059 319.0655 123.3488 -8.0059 319.0655
2 24 125.0469 -16.1518 319.0655 123.5001 -19.0019 319.0655
2 24 125.0752 -8.0059 319.0655 126.3851 -8.0059 318.4581
2 24 125.0469 -16.1518 319.0655 126.3918 -13.472 318.4581
2 24 126.3918 -13.472 318.4581 127.5532 -11.1764 317.1475
2 24 126.3851 -8.0059 318.4581 127.5532 -8.0059 317.1475
2 24 127.9896 -10.1832 315.3147 127.5532 -11.1764 317.1475
2 24 128.0106 -8.0059 315.3147 127.5532 -8.0059 317.1475
2 24 127.995 -10.1832 312.0163 127.9896 -10.1832 315.3147
2 24 123.3488 -8.0059 319.0655 121.3254 -8.0025 319.0655
2 24 121.3254 -8.0025 319.0655 121.3254 -21.4519 319.0655
2 24 123.5001 -19.0019 319.0655 123.5001 -21.4692 319.0655
2 24 121.3254 -21.4519 319.0655 121.1958 -22.8272 318.682
2 24 123.5001 -21.4692 319.0655 123.5001 -22.8297 318.6797
2 24 120.575 -24 316.6125 120.9029 -23.7479 317.6945
2 24 123.5 -24 316.6125 123.5001 -23.7565 317.6772
2 24 121.1958 -22.8272 318.682 120.9029 -23.7479 317.6945
2 24 123.5001 -22.8297 318.6797 123.5001 -23.7565 317.6772
2 24 123.5001 -23.7565 317.6772 123.5001 -22.8297 318.6797
2 24 121.3254 -8.0025 319.0655 120.5751 -8.0013 316.6125
2 24 121.3254 -21.4519 319.0655 121.3254 -8.0025 319.0655
2 24 120.9029 -23.7479 317.6945 121.1958 -22.8272 318.682
2 24 127.9896 -10.1832 315.3147 127.5532 -11.1764 317.1475
2 24 125.0469 -16.1518 319.0655 126.3918 -13.472 318.4581
2 24 125.0469 -16.1518 319.0655 123.5001 -19.0019 319.0655
2 24 123.5001 -19.0019 316.3268 123.5001 -19.0019 319.0655
2 24 123.5001 -19.0019 316.3268 123.5001 -19.0019 319.0655
2 24 123.5001 -21.4692 319.0655 123.5001 -19.0019 319.0655
2 24 128.0053 -8 312.0299 128.359 -7.99 310.8618
2 24 127.995 -10.1832 312.0163 128.3429 -10.1832 310.8806
2 24 128.359 -7.99 310.8618 129.0509 -7.99 310.2432
2 24 128.3429 -10.1832 310.8806 129.0436 -10.1832 310.2435
2 24 130 -8 310 130 -10.1832 310
2 24 150 0 309.9995 150 -16 310
2 24 130 -10.1832 310 130 -8 310
2 24 129.0436 -10.1832 310.2435 130 -10.1832 310
2 24 129.0509 -7.99 310.2432 130 -8 310
2 24 125.2181 -16.0004 310.0607 130 -10.1832 310
2 24 129.0436 -10.1832 310.2435 130 -10.1832 310
2 24 129.0436 -10.1832 310.2435 128.3429 -10.1832 310.8806
2 24 127.995 -10.1832 312.0163 128.3429 -10.1832 310.8806
2 24 130 -10.1832 310 125.2181 -16.0004 310.0607
2 24 150 -16 310 125.2181 -16.0004 310.0607
2 24 114.125 0 297.5251 114.125 0 293.3009
2 24 114.125 0 293.3009 114.1265 -4.2417 293.2982
2 24 113.6871 0 299.1125 114.125 0 297.5251
2 24 114.125 0 293.3009 114.125 0 297.5251
2 24 114.125 0 302.4749 113.6495 0 300.7583
2 24 110.375 0 293.975 110.375 0 306.025
2 24 113.6871 0 299.1125 113.6495 0 300.7583
2 24 114.1251 0 310 114.125 0 302.4749
2 24 126.721 -7.99 310 127 0 310
2 24 126.721 -7.99 310 126.7184 -7.9899 302.1125
2 24 127 0 310 126.9946 0 293.3
2 24 126.9946 0 293.3 114.125 0 293.3009
2 24 114.1265 -4.2417 293.2982 114.125 0 293.3009
2 24 119.25 -8 297.0508 123.25 -8 297.05
2 24 116.4587 -7.7476 299.1125 117.875 -8 299.1125
2 24 116.4587 -7.7476 299.1125 115.2332 -6.923 299.1031
2 24 115.2332 -6.923 299.1031 114.2127 -5.2664 299.1125
2 24 114.2127 -5.2664 299.1125 114.2608 -5.25 297.2247
2 24 120.5753 -8 299.1125 117.875 -8 299.1125
2 24 116.4654 -7.7791 293.3011 117.8729 -8.0145 293.3011
2 24 116.4654 -7.7791 293.3011 115.233 -6.9319 293.2917
2 24 115.233 -6.9319 293.2917 114.3013 -5.3479 293.3011
2 24 119.25 -8 297.0508 119.2499 -8.0016 293.3005
2 24 117.8729 -8.0145 293.3011 119.2499 -8.0016 293.3005
2 24 114.1265 -4.2417 297.5215 114.2608 -5.25 297.2247
2 24 114.1265 -4.2417 293.2982 114.3013 -5.3479 293.3011
2 24 113.687 -4.24 299.1125 113.687 -5.2261 299.1125
2 24 113.687 -4.24 299.1125 114.1265 -4.2417 297.5215
2 24 113.687 -5.2261 299.1125 114.2608 -5.25 297.2247
2 24 114.1265 -4.2417 297.5215 114.2608 -5.25 297.2247
2 24 113.687 -5.2261 299.1125 114.2127 -5.2664 299.1125
2 24 114.2608 -5.25 297.2247 113.687 -5.2261 299.1125
2 24 114.2608 -5.25 297.2247 114.2127 -5.2664 299.1125
2 24 115.233 -6.9319 293.2917 114.3013 -5.3479 293.3011
2 24 117.8729 -8.0145 293.3011 116.4654 -7.7791 293.3011
2 24 115.233 -6.9319 293.2917 116.4654 -7.7791 293.3011
2 24 117.8729 -8.0145 293.3011 119.2499 -8.0016 293.3005
2 24 119.2499 -8.0016 293.3005 119.25 -23.4403 293.3
2 24 124.4149 -12.99 293.3 119.25 -23.4403 293.3
2 24 124.4149 -12.99 293.3 126.5886 -13.0279 293.3
2 24 126.9946 0 293.3 126.5886 -13.0279 293.3
2 24 124.4149 -12.99 293.3 124.4151 -12.9901 297.05
2 24 124.4149 -12.99 293.3 126.5886 -13.0279 293.3
2 24 126.5886 -13.0279 293.3 126.5463 -12.99 302.1125
2 24 126.9946 0 293.3 126.5886 -13.0279 293.3
2 24 126.5886 -13.0279 293.3 126.5463 -12.99 302.1125
2 24 126.7184 -7.9899 302.1125 126.5463 -12.99 302.1125
2 24 126.7184 -7.9899 302.1125 126.5463 -12.99 302.1125
2 24 126.7184 -7.9899 302.1125 123.2545 -7.8706 302.1046
2 24 126.5463 -12.99 302.1125 123.25 -12.99 302.1125
2 24 123.2545 -7.8706 302.1046 123.25 -12.99 302.1125
2 24 123.2545 -7.8706 302.1046 123.25 -12.99 302.1125
2 24 123.2545 -7.8706 302.1046 123.25 -8 297.05
2 24 123.25 -12.99 302.1125 123.25 -12.99 297.05
2 24 123.25 -8 297.05 123.25 -12.99 297.05
2 24 126.5463 -12.99 302.1125 123.25 -12.99 302.1125
2 24 124.4151 -12.9901 297.05 123.25 -12.99 297.05
2 24 123.25 -12.99 302.1125 123.25 -12.99 297.05
2 24 123.25 -8 297.05 123.25 -12.99 297.05
2 24 123.25 -8 297.05 119.25 -8 297.0508
2 24 119.25 -8 297.0508 119.2502 -23.4404 297.05
2 24 119.25 -23.4403 293.3 119.2499 -8.0016 293.3005
2 24 119.25 -23.4403 293.3 119.2502 -23.4404 297.05
2 24 119.2499 -8.0016 293.3005 119.25 -8 297.0508
2 24 119.2502 -23.4404 297.05 119.25 -8 297.0508
2 24 119.2502 -23.4404 297.05 124.4151 -12.9901 297.05
2 24 123.25 -12.99 297.05 124.4151 -12.9901 297.05
2 24 119.25 -23.4403 293.3 119.2502 -23.4404 297.05
2 24 119.25 -23.4403 293.3 124.4149 -12.99 293.3
2 24 119.2502 -23.4404 297.05 124.4151 -12.9901 297.05
2 24 124.4149 -12.99 293.3 124.4151 -12.9901 297.05
2 24 120.5751 -8.0013 316.6125 121.3254 -8.0025 319.0655
2 24 123.3488 -8.0059 319.0655 121.3254 -8.0025 319.0655
2 24 128.359 -7.99 310.8618 129.0509 -7.99 310.2432
2 24 129.0509 -7.99 310.2432 130 -8 310
2 24 126.721 -7.99 310 130 -8 310
2 24 123.3488 -8.0059 319.0655 125.0752 -8.0059 319.0655
2 24 127.5532 -8.0059 317.1475 126.3851 -8.0059 318.4581
2 24 125.0752 -8.0059 319.0655 126.3851 -8.0059 318.4581
2 24 128.0053 -8 312.0299 128.0106 -8.0059 315.3147
2 24 127.5532 -8.0059 317.1475 128.0106 -8.0059 315.3147
2 24 123.25 -8 297.05 123.2545 -7.8706 302.1046
2 24 13.1952 -12.75 293.3 13.1952 -12.75 296.55
2 24 13.1952 -12.75 293.3 18.2439 -12.5747 293.3
2 24 13.1952 -12.75 296.55 18.2439 -12.5747 296.55
2 24 18.2439 -12.5747 293.3 18.2439 -12.5747 296.55
2 24 18.2439 -12.5747 293.3 18.2439 -12.5747 296.55
2 24 18.2439 -12.5747 293.3 20.8147 -7.25 293.3
2 24 18.2439 -12.5747 296.55 20.8147 -7.25 296.55
2 24 20.8147 -7.25 293.3 20.8147 -7.25 296.55
2 24 27.4999 0 305.8625 27.5 0 293.3
2 24 27.5 0 293.3 27.3839 -3.3199 293.3
2 24 27.3839 -3.3199 293.3 26.9999 -4.4304 293.3
2 24 26.9999 -4.4304 293.3 26.059 -5.2501 293.3
2 24 26.059 -5.2501 293.3 24.8749 -5.2501 293.3
2 24 24.8749 -5.2501 293.3 24.875 -5.2499 305.8625
2 24 31.25 0 306.025 31.25 0 293.975
2 24 27.4999 0 305.8625 27.5 0 293.3
2 24 27.0001 -4.4302 310 26.0592 -5.25 309.8
2 24 27.0001 -4.4302 310 27.384 -3.3198 310
2 24 27.4999 0 305.8625 27.5 0 310
2 24 27.384 -3.3198 310 27.5 0 310
2 24 24.875 -7.25 293.3001 24.8751 -7.2499 302.05
2 24 24.875 -7.25 293.3001 24.8749 -5.2501 293.3
2 24 24.8749 -5.2501 293.3 24.875 -5.2499 305.8625
2 24 24.875 -5.2499 305.8625 24.8752 -10.0357 305.8626
2 24 24.8751 -7.2499 302.05 24.8752 -10.0357 302.0501
2 24 24.8752 -10.0357 305.8626 24.8752 -10.0357 302.0501
2 24 24.8752 -10.0357 305.8626 24.8752 -10.0357 302.0501
2 24 24.8752 -10.0357 305.8626 22.25 -15.347 305.8625
2 24 24.8752 -10.0357 302.0501 22.25 -15.347 302.05
2 24 22.25 -15.347 305.8625 22.25 -15.347 302.05
2 24 22.25 -15.347 302.05 22.25 -7.25 302.05
2 24 22.25 -15.347 302.05 22.25 -15.347 305.8625
2 24 22.25 -15.347 305.8625 22.25 -5.25 305.8625
2 24 22.25 -15.347 305.8625 22.25 -5.25 305.8625
2 24 22.25 -15.347 305.8625 24.8752 -10.0357 305.8626
2 24 22.25 -5.25 305.8625 24.875 -5.2499 305.8625
2 24 24.8752 -10.0357 305.8626 24.875 -5.2499 305.8625
2 24 22.25 -5.25 305.8625 22.25 -5.25 296.55
2 24 22.25 -7.25 302.05 22.25 -7.25 296.55
2 24 22.25 -5.25 296.55 22.25 -7.25 296.55
2 24 12.75 0 293.3 13.1952 -12.75 293.3
2 24 12.9354 -5.2553 296.55 13.1952 -12.75 296.55
2 24 13.1952 -12.75 293.3 13.1952 -12.75 296.55
2 24 20.8147 -7.25 296.55 18.2439 -12.5747 296.55
2 24 18.2439 -12.5747 296.55 13.1952 -12.75 296.55
2 24 12.9354 -5.2553 296.55 13.1952 -12.75 296.55
2 24 12.9354 -5.2553 296.55 22.25 -5.25 296.55
2 24 22.25 -5.25 296.55 22.25 -7.25 296.55
2 24 20.8147 -7.25 296.55 22.25 -7.25 296.55
2 24 18.2439 -12.5747 293.3 20.8147 -7.25 293.3
2 24 18.2439 -12.5747 293.3 13.1952 -12.75 293.3
2 24 13.1952 -12.75 293.3 12.75 0 293.3
2 24 20.8147 -7.25 296.55 22.25 -7.25 296.55
2 24 20.8147 -7.25 296.55 20.8147 -7.25 293.3
2 24 20.8147 -7.25 293.3 24.875 -7.25 293.3001
2 24 24.875 -7.25 293.3001 24.8751 -7.2499 302.05
2 24 22.25 -7.25 296.55 22.25 -7.25 302.05
2 24 24.8751 -7.2499 302.05 22.25 -7.25 302.05
2 24 24.8751 -7.2499 302.05 22.25 -7.25 302.05
2 24 24.8751 -7.2499 302.05 24.8752 -10.0357 302.0501
2 24 22.25 -7.25 302.05 22.25 -15.347 302.05
2 24 24.8752 -10.0357 302.0501 22.25 -15.347 302.05
2 24 27.3839 -3.3199 293.3 27.5 0 293.3
2 24 12.75 0 293.3 27.5 0 293.3
2 24 26.059 -5.2501 293.3 24.8749 -5.2501 293.3
2 24 20.8147 -7.25 293.3 24.875 -7.25 293.3001
2 24 24.8749 -5.2501 293.3 24.875 -7.25 293.3001
2 24 27.3839 -3.3199 293.3 26.9999 -4.4304 293.3
2 24 26.059 -5.2501 293.3 26.9999 -4.4304 293.3
2 24 27.0001 -4.4302 310 26.0592 -5.25 309.8
2 24 27.0027 -5.25 310 26.0592 -5.25 309.8
2 24 12.9334 -5.25 310 14.5001 -5.25 310
2 24 12.9334 -5.25 310 12.9354 -5.2553 296.55
2 24 22.25 -5.25 305.8625 22.25 -5.25 296.55
2 24 12.9354 -5.2553 296.55 22.25 -5.25 296.55
2 24 27.0027 -5.25 310 27.0053 -8 310
2 24 38.0627 -8 310 27.0053 -8 310
2 24 27.5 0 310 27.384 -3.3198 310
2 24 27.5 0 310 38.0643 0 310
2 24 38.0627 -8 310 38.0643 0 310
2 24 27.0001 -4.4302 310 27.384 -3.3198 310
2 24 14.5001 -5.25 315.3994 14.8127 -5.25 316.8479
2 24 24.875 -5.2499 305.8625 22.25 -5.25 305.8625
2 24 14.5001 -5.25 310 14.5001 -5.25 315.3994
2 24 15.5898 -5.25 318.0046 16.7536 -5.25 318.7659
2 24 14.8127 -5.25 316.8479 15.5898 -5.25 318.0046
2 24 16.7536 -5.25 318.7659 18.2228 -5.25 319.0655
2 24 18.2228 -5.25 319.0655 24.0752 -5.25 319.0655
2 24 25.3851 -5.25 318.4581 26.5532 -5.25 317.1475
2 24 24.0752 -5.25 319.0655 25.3851 -5.25 318.4581
2 24 26.9974 -5.25 315.3147 27.0027 -5.25 310
2 24 26.0592 -5.25 309.8 27.0027 -5.25 310
2 24 26.5532 -5.25 317.1475 26.9974 -5.25 315.3147
2 24 90 0 293.975 76.36 0 293.975
2 24 76.36 0 293.975 76.36 -5.25 293.975
2 24 90 -5 293.975 76.36 -5.25 293.975
2 24 89.944 0 290 77.5 0 290
2 24 90 0 293.975 76.36 0 293.975
2 24 31.25 0 293.975 31.25 -5 293.975
2 24 31.25 0 293.975 63.64 0 293.975
2 24 31.25 -5 293.975 63.64 -5.25 293.975
2 24 63.64 0 293.975 63.64 -5.25 293.975
2 24 23.75 -4.875 290 62.5 -4.875 290
2 24 27.5 0 290 62.5 0 290
2 24 62.5 -4.875 290 62.5 0 290
2 24 62.5 0 290 27.5 0 290
2 24 63.64 0 293.975 31.25 0 293.975
2 24 73.75 -5.25 296.4952 76.36 -5.25 293.975
2 24 81.3776 -5 306.025 83.4748 -5.1894 305.0725
2 24 85.8377 -5.2278 303.7349 83.4748 -5.1894 305.0725
2 24 90 -5 293.975 76.36 -5.25 293.975
2 24 98.6242 -5 306.025 110.375 -5 306.025
2 24 110.375 -5 293.975 110.375 -5 306.025
2 24 96.3684 -5.1209 304.9799 98.6242 -5 306.025
2 24 90.0009 -8 290 105.8009 -8 258.3983
2 24 41.2299 -8 307.7493 40.0075 -8 307.041
2 24 47.5 -8 305.6699 45.6699 -8 307.5
2 24 38.7407 -8 307.7583 40.0075 -8 307.041
2 24 109.6144 -8 245.7847 107.9532 -8 253.0267
2 24 105.8009 -8 258.3983 107.9532 -8 253.0267
2 24 109.9781 -8 240.6104 109.6144 -8 245.7847
2 24 112.9947 -8 240.6104 113.0131 -7.9847 299.1031
2 24 30.3856 -8 245.7847 32.0468 -8 253.0267
2 24 49.9982 -8 290 34.1992 -8 258.3983
2 24 32.0468 -8 253.0267 34.1992 -8 258.3983
2 24 27.5 0 293.3 12.75 0 293.3
2 24 27.5 0 290 9.9557 0 290
2 24 10 0 298.5 10 0 293
2 24 10 0 301.5 6.25 0 301.5
2 24 10 0 298.5 6.25 0 298.5
2 24 6.25 0 301.5 6.25 0 298.5
2 24 12.9354 -5.2553 296.55 12.9334 -5.25 310
2 24 12.9334 -5.25 310 12.7501 0 309.9979
2 24 12.75 0 293.3 12.7501 0 309.9979
2 24 10 0 301.5 10 0 306.25
2 24 12.75 0 293.3 12.7501 0 309.9979
2 24 10 0 306.25 -6.2593 0 306.25
2 24 12.7501 0 309.9979 -10 0 309.9989
2 24 -6.2593 0 306.25 -6.2593 0 289.125
2 24 -10 0 150 -10 0 309.9989
2 24 -6.2593 0 289.125 -6.2593 0 170.875
2 24 10 0 293 8.75 0 293
2 24 9.9557 0 290 9.9557 0 270
2 24 6.25 0 289.125 6.25 0 270
2 24 7.5 0 292.665 6.7191 0 291.9009
2 24 8.75 0 293 7.5 0 292.665
2 24 6.7191 0 291.9009 6.25 0 290.875
2 24 6.25 0 270 6.25 0 190
2 24 9.9557 0 270 9.9557 0 170.0017
2 24 10 0 306.25 10 0 301.5
2 24 10 0 306.25 10 -5.25 306.25
2 24 10 0 301.5 10 -5.25 301.5
2 24 10 -5.25 306.25 10 -5.25 301.5
2 24 -6.2577 -5.25 289.125 -6.2579 -5.25 290.875
2 24 -6.2593 0 289.125 -6.2593 0 306.25
2 24 -6.2559 -5.2501 268.025 -6.2559 -5.2501 269.9999
2 24 -6.2484 -5.7286 188.0249 -6.2571 -5.25 190
2 24 6.7191 0 291.9009 6.25 0 290.875
2 24 6.2502 -5.2501 191.9749 6.2502 -5.2501 190
2 24 -6.2484 -5.7286 188.0249 -6.2532 -7.0049 186.5791
2 24 6.2502 -5.2501 190 6.2563 -5.7286 188.0249
2 24 6.25 -5.2502 150 6.25 -5.25 150.875
2 24 3.4208 -12.7499 288.025 1.975 -12.7499 286.5792
2 24 6.2547 -12.7499 273.95 0.0047 -12.7499 273.95
2 24 6.25 0 289.125 6.25 0 290.875
2 24 -6.2594 -5.7286 271.975 -6.25 -7.0049 273.4208
2 24 -10 0 309.9989 -10 -16 310
2 24 -10 -8 270 -10 -16 270
2 24 -10 -16 310 -10 -16 270
2 24 6.2501 -5.25 289.125 3.8454 -5.262 289.118
2 24 3.926 -5.2619 289.9873 3.8454 -5.262 289.118
2 24 -3.8209 -5.275 290.875 -3.95 -5.25 290
2 24 -3.8209 -5.275 290.875 -6.2579 -5.25 290.875
2 24 -6.2579 -5.25 290.875 -6.2577 -5.25 289.125
2 24 -3.4208 -5.7286 271.975 -3.95 -5.25 270
2 24 -6.2594 -5.7286 271.975 -6.2559 -5.2501 269.9999
2 24 0.0047 -12.7499 273.95 -6.25 -12.7499 273.95
2 24 -6.25 -12.7499 273.95 -6.2524 -9 273.95
2 24 -3.7931 -12.7499 289.125 -3.4208 -12.7499 288.025
2 24 -3.7931 -12.7499 289.125 -6.25 -12.7499 289.125
2 24 -6.25 -12.7499 289.125 -6.25 -12.7499 273.95
2 24 3.8454 -12.7499 289.118 3.8454 -5.262 289.118
2 24 3.8454 -12.7499 289.118 6.2547 -12.7499 289.125
2 24 3.8454 -5.262 289.118 6.2501 -5.25 289.125
2 24 6.2547 -12.7499 289.125 6.2501 -5.25 289.125
2 24 -6.2577 -5.25 289.125 -3.7931 -5.25 289.125
2 24 -6.2577 -5.25 289.125 -6.25 -12.7499 289.125
2 24 -3.7931 -5.25 289.125 -3.7931 -12.7499 289.125
2 24 -6.25 -12.7499 289.125 -3.7931 -12.7499 289.125
2 24 6.2517 -5.2501 269.9999 6.2453 -5.7286 271.975
2 24 6.25 0 270 6.25 0 289.125
2 24 -6.2559 -5.2501 269.9999 -6.2594 -5.7286 271.975
2 24 -6.25 -7.0049 273.4208 -6.2524 -9 273.95
2 24 -6.2577 -5.25 289.125 -6.25 -12.7499 289.125
2 24 -6.25 -12.7499 289.125 -6.25 -12.7499 273.95
2 24 -6.2524 -9 273.95 -6.25 -12.7499 273.95
2 24 6.2453 -5.7286 271.975 6.25 -7.0049 273.4208
2 24 6.2501 -5.25 289.125 6.2547 -12.7499 289.125
2 24 6.2547 -9 273.95 6.2547 -12.7499 273.95
2 24 6.2547 -12.7499 289.125 6.2547 -12.7499 273.95
2 24 6.25 -7.0049 273.4208 6.2547 -9 273.95
2 24 6.2547 -12.7499 301.5 6.2547 -12.7499 298.5
2 24 -1.975 -12.7499 293.4208 -3.4208 -12.7499 291.975
2 24 3.8357 -12.7499 290.8507 6.2523 -12.7499 290.875
2 24 3.8357 -12.7499 290.8507 3.8357 -5.2619 290.8507
2 24 6.2523 -12.7499 290.875 6.25 -5.25 290.875
2 24 3.8357 -5.2619 290.8507 6.25 -5.25 290.875
2 24 -6.2579 -5.25 290.875 -6.25 -12.7499 290.875
2 24 -6.2579 -5.25 290.875 -3.8209 -5.275 290.875
2 24 -6.25 -12.7499 290.875 -3.8209 -12.7499 290.875
2 24 -3.8209 -5.275 290.875 -3.8209 -12.7499 290.875
2 24 -6.2593 0 306.25 -6.2547 -12.7499 306.25
2 24 -6.2547 -12.7499 306.25 -6.25 -12.7499 290.875
2 24 -6.2579 -5.25 290.875 -6.25 -12.7499 290.875
2 24 10 0 298.5 10 0 293
2 24 10 0 298.5 10 -12.7499 298.5
2 24 10 0 293 10 -12.7499 293
2 24 10 -12.7499 298.5 10 -12.7499 293
2 24 10 0 293 8.75 0 293
2 24 10 0 293 10 -12.7499 293
2 24 10 -12.7499 293 8.75 -12.7499 293
2 24 6.7191 0 291.9009 7.5 0 292.665
2 24 7.5 -12.7499 292.665 6.7191 -12.7499 291.9009
2 24 8.75 0 293 7.5 0 292.665
2 24 8.75 -12.7499 293 7.5 -12.7499 292.665
2 24 6.25 -5.25 290.875 6.2523 -12.7499 290.875
2 24 6.7191 -12.7499 291.9009 6.2523 -12.7499 290.875
2 24 10 -5.25 306.25 8.9116 -5.5443 306.25
2 24 10 -5.25 306.25 10 0 306.25
2 24 10 0 306.25 -6.2593 0 306.25
2 24 6.25 0 301.5 6.25 0 298.5
2 24 6.25 0 301.5 6.2547 -12.7499 301.5
2 24 6.25 0 298.5 6.2547 -12.7499 298.5
2 24 6.2547 -12.7499 301.5 6.2547 -12.7499 298.5
2 24 10 0 298.5 10 -12.7499 298.5
2 24 10 0 298.5 6.25 0 298.5
2 24 10 -12.7499 298.5 6.2547 -12.7499 298.5
2 24 6.25 0 298.5 6.2547 -12.7499 298.5
2 24 1.975 -12.7499 293.4208 3.4208 -12.7499 291.975
2 24 6.2547 -12.7499 298.5 10 -12.7499 298.5
2 24 10 -12.7499 298.5 10 -12.7499 293
2 24 8.75 -12.7499 293 10 -12.7499 293
2 24 6.2547 -12.7499 301.5 7.25 -12.7499 301.5
2 24 7.25 -12.7499 301.5 7.25 -12.7499 306.25
2 24 -6.2547 -12.7499 306.25 7.25 -12.7499 306.25
2 24 7.25 -12.7499 301.5 7.25 -12.7499 306.25
2 24 7.25 -12.7499 301.5 7.25 -8.25 301.5
2 24 7.25 -12.7499 306.25 7.25 -8.25 306.25
2 24 8.9116 -5.5443 306.25 7.7563 -6.6088 306.25
2 24 8.9116 -5.5443 301.5 7.7563 -6.6088 301.5
2 24 10 -5.25 306.25 10 -5.25 301.5
2 24 8.9116 -5.5443 306.25 10 -5.25 306.25
2 24 8.9116 -5.5443 301.5 10 -5.25 301.5
2 24 7.25 -8.25 306.25 7.7563 -6.6088 306.25
2 24 7.25 -8.25 301.5 7.7563 -6.6088 301.5
2 24 6.25 0 301.5 6.2547 -12.7499 301.5
2 24 6.2547 -12.7499 301.5 7.25 -12.7499 301.5
2 24 7.25 -8.25 301.5 7.25 -12.7499 301.5
2 24 10 -5.25 301.5 10 0 301.5
2 24 10 -5.25 301.5 8.9116 -5.5443 301.5
2 24 6.25 0 301.5 10 0 301.5
2 24 8.9116 -5.5443 301.5 7.7563 -6.6088 301.5
2 24 7.25 -8.25 301.5 7.7563 -6.6088 301.5
2 24 7.7563 -6.6088 306.25 7.25 -8.25 306.25
2 24 -6.2593 0 306.25 -6.2547 -12.7499 306.25
2 24 7.25 -8.25 306.25 7.25 -12.7499 306.25
2 24 -6.2547 -12.7499 306.25 7.25 -12.7499 306.25
2 24 8.9116 -5.5443 306.25 7.7563 -6.6088 306.25
2 24 1.975 -12.7499 286.5792 0 -12.7499 286.05
2 24 0 -12.7499 286.05 -1.975 -12.7499 286.5792
2 24 -3.95 -5.25 290 -3.7931 -5.25 289.125
2 24 -6.2577 -5.25 289.125 -3.7931 -5.25 289.125
2 24 6.2501 -5.25 289.125 6.25 -5.25 290.875
2 24 3.926 -5.2619 289.9873 3.8357 -5.2619 290.8507
2 24 6.25 -5.25 290.875 3.8357 -5.2619 290.8507
2 24 6.25 0 290.875 6.25 0 289.125
2 24 6.25 -5.25 290.875 6.2501 -5.25 289.125
2 24 -3.8209 -5.275 290.875 -3.95 -5.25 290
2 24 -3.8209 0 290.875 -3.95 0 290
2 24 -3.95 0 290 -3.7931 0 289.125
2 24 -3.95 -5.25 290 -3.7931 -5.25 289.125
2 24 3.8454 -5.262 289.118 3.926 -5.2619 289.9873
2 24 3.8454 0 289.118 3.95 0 290
2 24 3.8357 0 290.8507 3.4208 0 291.975
2 24 1.975 0 293.4208 3.4208 0 291.975
2 24 0.9904 0 291.7153 1.7153 0 290.9904
2 24 1.975 0 293.4208 0 0 293.95
2 24 0.9904 0 291.7153 0 0 291.9807
2 24 0 0 293.95 -1.975 0 293.4208
2 24 0 0 291.9807 -0.9904 0 291.7153
2 24 -1.975 0 293.4208 -3.4208 0 291.975
2 24 -0.9904 0 291.7153 -1.7153 0 290.9904
2 24 -1.7153 0 290.9904 -1.9807 0 290
2 24 -3.4208 0 291.975 -3.8209 0 290.875
2 24 -3.4208 0 288.025 -3.7931 0 289.125
2 24 -1.9807 0 290 -1.7153 0 289.0096
2 24 -3.4208 0 288.025 -1.975 0 286.5792
2 24 -1.7153 0 289.0096 -0.9904 0 288.2847
2 24 -1.975 0 286.5792 0 0 286.05
2 24 -0.9904 0 288.2847 0 0 288.0193
2 24 0 0 286.05 1.975 0 286.5792
2 24 0 0 288.0193 0.9904 0 288.2847
2 24 1.975 0 286.5792 3.4208 0 288.025
2 24 0.9904 0 288.2847 1.7153 0 289.0096
2 24 3.95 0 290 3.8454 0 289.118
2 24 3.95 0 290 3.8357 0 290.8507
2 24 0.9904 0 291.7153 1.7153 0 290.9904
2 24 0.9904 -12.7683 291.7153 1.7153 -12.7683 290.9904
2 24 0.9904 0 291.7153 0 0 291.9807
2 24 0.9904 -12.7683 291.7153 0 -12.7683 291.9807
2 24 0 0 291.9807 -0.9904 0 291.7153
2 24 0 -12.7683 291.9807 -0.9904 -12.7683 291.7153
2 24 -0.9904 0 291.7153 -1.7153 0 290.9904
2 24 -0.9904 -12.7683 291.7153 -1.7153 -12.7683 290.9904
2 24 -1.7153 0 290.9904 -1.9807 0 290
2 24 -1.7153 -12.7683 290.9904 -1.9807 -12.7683 290
2 24 -1.9807 0 290 -1.7153 0 289.0096
2 24 -1.9807 -12.7683 290 -1.7153 -12.7683 289.0096
2 24 -1.7153 0 289.0096 -0.9904 0 288.2847
2 24 -1.7153 -12.7683 289.0096 -0.9904 -12.7683 288.2847
2 24 -0.9904 0 288.2847 0 0 288.0193
2 24 -0.9904 -12.7683 288.2847 0 -12.7683 288.0193
2 24 0 0 288.0193 0.9904 0 288.2847
2 24 0 -12.7683 288.0193 0.9904 -12.7683 288.2847
2 24 0.9904 0 288.2847 1.7153 0 289.0096
2 24 0.9904 -12.7683 288.2847 1.7153 -12.7683 289.0096
2 24 1.7153 0 289.0096 1.9807 0 290
2 24 1.7153 -12.7683 289.0096 1.9807 -12.7683 290
2 24 1.7153 0 290.9904 1.9807 0 290
2 24 1.7153 -12.7683 290.9904 1.9807 -12.7683 290
2 24 -0.9904 -12.7683 288.2847 0 -12.7683 288.0193
2 24 -1.7153 -12.7683 290.9904 -1.9807 -12.7683 290
2 24 0.9904 -12.7683 291.7153 0 -12.7683 291.9807
2 24 1.7153 -12.7683 289.0096 1.9807 -12.7683 290
2 24 -1.9807 -12.7683 290 -1.7153 -12.7683 289.0096
2 24 -0.9904 -12.7683 288.2847 -1.7153 -12.7683 289.0096
2 24 0 -12.7683 291.9807 -0.9904 -12.7683 291.7153
2 24 -1.7153 -12.7683 290.9904 -0.9904 -12.7683 291.7153
2 24 1.9807 -12.7683 290 1.7153 -12.7683 290.9904
2 24 0.9904 -12.7683 291.7153 1.7153 -12.7683 290.9904
2 24 0 -12.7683 288.0193 0.9904 -12.7683 288.2847
2 24 1.7153 -12.7683 289.0096 0.9904 -12.7683 288.2847
2 24 3.8357 -5.2619 290.8507 3.8357 -12.7499 290.8507
2 24 3.8357 -12.7499 290.8507 3.4208 -12.7499 291.975
2 24 1.975 0 286.5792 3.4208 0 288.025
2 24 1.975 -12.7499 286.5792 3.4208 -12.7499 288.025
2 24 1.975 0 286.5792 0 0 286.05
2 24 1.975 -12.7499 286.5792 0 -12.7499 286.05
2 24 0 0 286.05 -1.975 0 286.5792
2 24 0 -12.7499 286.05 -1.975 -12.7499 286.5792
2 24 -1.975 0 286.5792 -3.4208 0 288.025
2 24 -1.975 -12.7499 286.5792 -3.4208 -12.7499 288.025
2 24 -1.975 0 293.4208 -3.4208 0 291.975
2 24 -1.975 -12.7499 293.4208 -3.4208 -12.7499 291.975
2 24 -1.975 0 293.4208 0 0 293.95
2 24 -1.975 -12.7499 293.4208 0 -12.7499 293.95
2 24 0 0 293.95 1.975 0 293.4208
2 24 0 -12.7499 293.95 1.975 -12.7499 293.4208
2 24 3.4208 0 291.975 1.975 0 293.4208
2 24 3.4208 -12.7499 291.975 1.975 -12.7499 293.4208
2 24 -3.8209 -5.275 290.875 -3.8209 -12.7499 290.875
2 24 -3.4208 -12.7499 291.975 -3.8209 -12.7499 290.875
2 24 -3.8209 0 290.875 -3.4208 0 291.975
2 24 -3.7931 0 289.125 -3.4208 0 288.025
2 24 -3.7931 -5.25 289.125 -3.7931 -12.7499 289.125
2 24 -3.4208 -12.7499 288.025 -3.7931 -12.7499 289.125
2 24 3.8454 -5.262 289.118 3.8454 -12.7499 289.118
2 24 3.4208 -12.7499 288.025 3.8454 -12.7499 289.118
2 24 3.8454 0 289.118 3.4208 0 288.025
2 24 3.95 0 290 3.8357 0 290.8507
2 24 3.926 -5.2619 289.9873 3.8357 -5.2619 290.8507
2 24 3.8454 -12.7499 289.118 6.2547 -12.7499 289.125
2 24 3.4208 -12.7499 288.025 3.8454 -12.7499 289.118
2 24 6.2547 -12.7499 273.95 6.2547 -12.7499 289.125
2 24 0.0047 -12.7499 273.95 -6.25 -12.7499 273.95
2 24 -3.4208 -12.7499 288.025 -1.975 -12.7499 286.5792
2 24 -3.8209 -12.7499 290.875 -6.25 -12.7499 290.875
2 24 -3.4208 -12.7499 291.975 -3.8209 -12.7499 290.875
2 24 -6.2547 -12.7499 306.25 -6.25 -12.7499 290.875
2 24 -1.975 -12.7499 293.4208 0 -12.7499 293.95
2 24 1.975 -12.7499 293.4208 0 -12.7499 293.95
2 24 8.75 -12.7499 293 7.5 -12.7499 292.665
2 24 6.7191 -12.7499 291.9009 6.2523 -12.7499 290.875
2 24 6.2523 -12.7499 290.875 3.8357 -12.7499 290.8507
2 24 3.4208 -12.7499 291.975 3.8357 -12.7499 290.8507
2 24 7.5 -12.7499 292.665 6.7191 -12.7499 291.9009
2 24 -3.7931 0 289.125 -3.95 0 290
2 24 -3.8209 0 290.875 -3.95 0 290
2 24 1.7153 0 289.0096 1.9807 0 290
2 24 3.4208 0 288.025 3.8454 0 289.118
2 24 3.4208 0 291.975 3.8357 0 290.8507
2 24 1.7153 0 290.9904 1.9807 0 290
2 24 6.25 -5.25 170.875 6.2505 -12.7502 170.8495
2 24 6.2505 -12.7502 170.8495 6.2472 -12.75 186.1499
2 24 6.2484 -9 186.1499 6.2472 -12.75 186.1499
2 24 6.2511 -12.7503 150.8739 6.2518 -12.7503 169.1113
2 24 6.25 -5.25 150.875 6.2511 -12.7503 150.8739
2 24 6.2518 -12.7503 169.1113 6.2501 -5.25 169.125
2 24 6.25 0 150 6.25 0 170
2 24 6.25 0 150 6.25 0 170
2 24 10.0001 0 150 10 0 167
2 24 -6.2586 -5.25 150 -6.2579 -5.25 150.875
2 24 -6.2579 -5.25 150.875 -6.2547 -12.7501 150.875
2 24 -6.2547 -12.7501 150.875 -6.25 -12.7503 169.125
2 24 -6.25 -12.7503 169.125 -6.2577 -5.25 169.125
2 24 -6.2593 0 150 -6.2593 0 170.875
2 24 -6.2593 0 150 -6.2593 0 170.875
2 24 -6.2577 -5.25 169.125 -6.2579 -5.25 170.875
2 24 6.2563 -5.7286 188.0249 6.2468 -7.0049 186.5791
2 24 6.25 0 190 6.25 0 170
2 24 6.2484 -9 186.1499 6.2468 -7.0049 186.5791
2 24 -6.2532 -7.0049 186.5791 -6.2586 -9 186.1499
2 24 -6.2579 -5.25 170.875 -6.2547 -12.7501 170.875
2 24 -6.2586 -9 186.1499 -6.2586 -12.7499 186.1499
2 24 -6.2547 -12.7501 170.875 -6.2586 -12.7499 186.1499
2 24 3.4208 -12.7503 171.975 1.975 -12.7503 173.4208
2 24 0 -12.7503 166.05 -1.975 -12.7503 166.5792
2 24 0 -12.7503 153.95 -1.975 -12.7503 153.4208
2 24 0 -12.7503 166.05 1.975 -12.7503 166.5792
2 24 0 -12.7503 153.95 1.975 -12.7503 153.4208
2 24 -3.7931 -12.7503 169.125 -3.4208 -12.7503 168.025
2 24 -3.7931 -12.7503 169.125 -6.25 -12.7503 169.125
2 24 -1.975 -12.7503 166.5792 -3.4208 -12.7503 168.025
2 24 -1.975 -12.7503 153.4208 -3.4208 -12.7503 151.975
2 24 -3.8209 -12.7503 150.875 -6.2547 -12.7501 150.875
2 24 -3.4208 -12.7503 151.975 -3.8209 -12.7503 150.875
2 24 -6.25 -12.7503 169.125 -6.2547 -12.7501 150.875
2 24 1.975 -12.7503 166.5792 3.4208 -12.7503 168.025
2 24 1.975 -12.7503 153.4208 3.4208 -12.7503 151.975
2 24 3.4208 -12.7503 151.975 3.8357 -12.7503 150.8507
2 24 3.8357 -12.7503 150.8507 6.2511 -12.7503 150.8739
2 24 6.2511 -12.7503 150.8739 6.2518 -12.7503 169.1113
2 24 6.2518 -12.7503 169.1113 3.8454 -12.7503 169.118
2 24 3.4208 -12.7503 168.025 3.8454 -12.7503 169.118
2 24 0 -12.7503 173.95 -1.975 -12.7503 173.4208
2 24 -0.0056 -12.7499 186.1499 -6.2586 -12.7499 186.1499
2 24 -3.8209 -12.7503 170.875 -6.2547 -12.7501 170.875
2 24 -3.8209 -12.7503 170.875 -3.4208 -12.7503 171.975
2 24 -6.2586 -12.7499 186.1499 -6.2547 -12.7501 170.875
2 24 -1.975 -12.7503 173.4208 -3.4208 -12.7503 171.975
2 24 6.2472 -12.75 186.1499 -0.0056 -12.7499 186.1499
2 24 1.975 -12.7503 173.4208 0 -12.7503 173.95
2 24 3.4208 -12.7503 171.975 3.8357 -12.7503 170.8507
2 24 3.8357 -12.7503 170.8507 6.2505 -12.7502 170.8495
2 24 6.2472 -12.75 186.1499 6.2505 -12.7502 170.8495
2 24 -6.2594 -5.7286 271.975 -6.25 -7.0049 273.4208
2 24 -3.4208 -5.7286 271.975 -1.975 -7.0049 273.4208
2 24 0.0018 -9 273.95 -1.975 -7.0049 273.4208
2 24 -6.2524 -9 273.95 -6.25 -7.0049 273.4208
2 24 6.2547 -9 273.95 6.25 -7.0049 273.4208
2 24 0.0018 -9 273.95 1.975 -7.0049 273.4208
2 24 3.4208 -5.7286 271.975 1.975 -7.0049 273.4208
2 24 6.2453 -5.7286 271.975 6.25 -7.0049 273.4208
2 24 76.7593 -4.875 286.75 76.7593 -20.75 286.75
2 24 73.75 -20.75 283.5048 76.7593 -20.75 286.75
2 24 66.25 -20.75 283.5048 63.2407 -20.75 286.75
2 24 63.2407 -4.875 286.75 63.2407 -20.75 286.75
2 24 52.0086 -4.875 286.75 52.0086 -20.875 286.75
2 24 52.0086 -4.875 286.75 37.4729 -4.875 257.6786
2 24 52.0086 -20.875 286.75 37.4729 -20.875 257.6786
2 24 33.25 -4.875 240.6104 33.25 -4.875 170
2 24 33.25 -20.875 240.6104 33.25 -20.875 170
2 24 33.25 -4.875 170 33.25 -20.875 170
2 24 37.4729 -4.875 257.6786 35.5083 -4.875 252.9379
2 24 37.4729 -20.875 257.6786 35.5083 -20.875 252.9379
2 24 35.5083 -4.875 252.9379 33.7237 -4.875 245.7644
2 24 35.5083 -20.875 252.9379 33.7237 -20.875 245.7644
2 24 33.25 -4.875 240.6104 33.7237 -4.875 245.7644
2 24 33.25 -20.875 240.6104 33.7237 -20.875 245.7644
2 24 23.75 -4.875 290 62.5 -4.875 290
2 24 62.5 -4.875 290 63.2407 -4.875 286.75
2 24 52.0086 -4.875 286.75 63.2407 -4.875 286.75
2 24 52.0086 -4.875 286.75 37.4729 -4.875 257.6786
2 24 23.75 -4.875 290 23.7499 -4.875 170
2 24 33.25 -4.875 240.6104 33.25 -4.875 170
2 24 23.7499 -4.875 170 33.25 -4.875 170
2 24 37.4729 -4.875 257.6786 35.5083 -4.875 252.9379
2 24 35.5083 -4.875 252.9379 33.7237 -4.875 245.7644
2 24 33.25 -4.875 240.6104 33.7237 -4.875 245.7644
2 24 27.5 0 290 9.9557 0 290
2 24 23.75 -7.7562 290 23.75 -4.875 290
2 24 23.75 -7.7562 290 23.7499 -7.7562 170
2 24 23.75 -4.875 290 23.7499 -4.875 170
2 24 23.7499 -7.7562 170 23.7499 -4.875 170
2 24 33.25 -4.875 167 33.25 -20.875 167
2 24 33.25 -4.875 150 33.25 -4.875 167
2 24 33.25 -20.875 150 33.25 -20.875 167
2 24 23.7499 -4.875 167 33.25 -4.875 167
2 24 23.7499 -4.875 150 23.7499 -4.875 167
2 24 33.25 -4.875 150 33.25 -4.875 167
2 24 23.7499 -7.7562 167 23.7499 -4.875 167
2 24 23.7499 -7.7562 150 23.7499 -7.7562 167
2 24 23.7499 -4.875 150 23.7499 -4.875 167
2 24 21.8263 -8.2717 290 23.75 -7.7562 290
2 24 21.8263 -8.2717 290 21.8263 -8.2716 170
2 24 23.75 -7.7562 290 23.7499 -7.7562 170
2 24 21.8263 -8.2716 170 23.7499 -7.7562 170
2 24 23.7499 -7.7562 150 23.7499 -7.7562 167
2 24 23.7499 -7.7562 167 21.8262 -8.2716 167
2 24 21.8262 -8.2716 150 21.8262 -8.2716 167
2 24 19.6431 -12.687 290 21.8263 -8.2717 290
2 24 19.6431 -12.687 290 19.6431 -12.687 170
2 24 21.8263 -8.2717 290 21.8263 -8.2716 170
2 24 19.6431 -12.687 170 21.8263 -8.2716 170
2 24 21.8262 -8.2716 150 21.8262 -8.2716 167
2 24 21.8262 -8.2716 167 19.6431 -12.687 167
2 24 19.6431 -12.687 150 19.6431 -12.687 167
2 24 19.5981 -13.9751 290 19.6431 -12.687 290
2 24 19.5981 -13.9751 290 19.3615 -20.75 264.7157
2 24 19.3615 -20.75 264.7157 19.3615 -20.75 170
2 24 19.3615 -20.75 170 19.6431 -12.687 170
2 24 19.6431 -12.687 290 19.6431 -12.687 170
2 24 19.6431 -12.687 150 19.6431 -12.687 167
2 24 19.6431 -12.687 167 19.3615 -20.75 167
2 24 19.3615 -20.75 150 19.3615 -20.75 167
2 24 12.9958 -13.9819 289.9747 19.5981 -13.9751 290
2 24 12.9958 -13.9819 289.9747 13.1398 -20.5327 264.7157
2 24 19.5981 -13.9751 290 19.3615 -20.75 264.7157
2 24 13.1398 -20.5327 264.7157 19.3615 -20.75 264.7157
2 24 19.3615 -20.75 150 19.3615 -20.75 167
2 24 19.3615 -20.75 167 13.25 -20.75 167
2 24 13.25 -20.75 150 13.25 -20.75 167
2 24 13.25 -20.75 150 13.25 -20.75 167
2 24 13.25 -20.75 167 13.25 -15.75 167
2 24 11.2024 -12.9291 167 9.9849 -12.75 167
2 24 9.9849 -12.75 150 9.9849 -12.75 167
2 24 11.4579 -12.7658 186.3028 9.9557 -12.6111 186.0944
2 24 11.2257 -12.865 170.0009 9.9557 -12.75 170
2 24 9.9557 -12.6111 186.0944 9.9557 -12.75 170
2 24 10 -24 150 10 -24 265.1436
2 24 19.3615 -20.75 170 19.3615 -20.75 264.7157
2 24 13.1398 -20.5327 189.25 13.1398 -20.5327 264.7157
2 24 19.3615 -20.75 264.7157 13.1398 -20.5327 264.7157
2 24 19.3615 -20.75 170 13.1473 -20.5329 170
2 24 13.1398 -20.5327 189.25 13.1473 -20.5329 170
2 24 13.1398 -20.5327 264.7157 13.1398 -20.5327 189.25
2 24 13.1398 -20.5327 189.25 13.1473 -20.5329 170
2 24 13.1473 -20.5329 170 13.2726 -15.7502 170
2 24 9.9557 -12.6111 186.0944 9.9557 -7.875 186.25
2 24 9.9557 -4.875 189.2449 9.9557 -4.8729 270.7447
2 24 9.9557 -12.75 290.0001 9.9557 -12.6228 273.92
2 24 9.9557 0 290 9.9557 -12.75 290.0001
2 24 12.5191 -13.5192 273.3799 11.4175 -12.8691 273.8455
2 24 11.4175 -12.8691 273.8455 9.9557 -12.6228 273.92
2 24 9.9557 -12.6228 273.92 9.9557 -7.8748 273.75
2 24 13.1089 -14.0771 187.5971 12.5502 -13.3216 186.9029
2 24 12.8895 -14.5975 169.9997 12.2985 -13.538 170.001
2 24 12.9727 -14.5503 167 12.272 -13.5377 167
2 24 11.4579 -12.7658 186.3028 12.5502 -13.3216 186.9029
2 24 11.2257 -12.865 170.0009 12.2985 -13.538 170.001
2 24 13.2726 -15.7502 170 12.8895 -14.5975 169.9997
2 24 11.2024 -12.9291 167 12.272 -13.5377 167
2 24 13.25 -15.75 167 12.9727 -14.5503 167
2 24 9.9557 -4.875 189.2449 9.9557 -5.0891 188.1429
2 24 9.9557 -6.5937 186.5419 9.9557 -5.5063 187.1135
2 24 9.9557 -7.875 186.25 9.9557 -6.5937 186.5419
2 24 9.9557 -5.0891 188.1429 9.9557 -5.5063 187.1135
2 24 9.9557 -5.0374 271.8554 9.9557 -5.6853 272.9344
2 24 9.9557 -7.8748 273.75 9.9557 -6.7152 273.5774
2 24 9.9557 -4.8729 270.7447 9.9557 -5.0374 271.8554
2 24 9.9557 -5.6853 272.9344 9.9557 -6.7152 273.5774
2 24 9.9557 -12.6228 273.92 9.9557 -12.75 290.0001
2 24 11.2179 -12.9151 289.9369 9.9557 -12.75 290.0001
2 24 11.2179 -12.9151 289.9369 12.0863 -13.3846 289.9643
2 24 12.0863 -13.3846 289.9643 12.9958 -13.9819 289.9747
2 24 13.1398 -20.5327 264.7157 12.9958 -13.9819 289.9747
2 24 6.25 -5.25 170.875 6.2501 -5.25 169.125
2 24 9.9557 0 170.0017 70 0 169.8448
2 24 10 0 167 70 0 166.843
2 24 23.7499 -4.875 170 33.25 -4.875 170
2 24 33.25 -4.875 167 23.7499 -4.875 167
2 24 12.2985 -13.538 170.001 11.2257 -12.865 170.0009
2 24 23.7499 -7.7562 167 21.8262 -8.2716 167
2 24 23.7499 -4.875 167 23.7499 -7.7562 167
2 24 33.25 -20.875 170 70 -20.7342 170
2 24 33.25 -4.875 170 33.25 -20.875 170
2 24 9.9557 0 170.0017 70 0 169.8448
2 24 33.25 -4.875 167 33.25 -20.875 167
2 24 33.25 -20.875 167 70 -20.875 167
2 24 10 0 167 70 0 166.843
2 24 63.2407 -4.875 286.75 63.2407 -20.75 286.75
2 24 63.2407 -4.875 286.75 52.0086 -4.875 286.75
2 24 63.2407 -20.75 286.75 52.0086 -20.875 286.75
2 24 52.0086 -4.875 286.75 52.0086 -20.875 286.75
2 24 33.25 -20.875 170 33.25 -20.875 240.6104
2 24 70 -20.7342 170 33.25 -20.875 170
2 24 33.25 -20.875 240.6104 33.7237 -20.875 245.7644
2 24 33.7237 -20.875 245.7644 35.5083 -20.875 252.9379
2 24 35.5083 -20.875 252.9379 37.4729 -20.875 257.6786
2 24 37.4729 -20.875 257.6786 52.0086 -20.875 286.75
2 24 66.25 -20.75 283.5048 70 -20.75 282.5
2 24 52.0086 -20.875 286.75 63.2407 -20.75 286.75
2 24 66.25 -20.75 283.5048 63.2407 -20.75 286.75
2 24 23.75 -7.7562 290 21.8263 -8.2717 290
2 24 23.75 -4.875 290 23.75 -7.7562 290
2 24 11.2179 -12.9151 289.9369 9.9557 -12.75 290.0001
2 24 9.9557 0 290 9.9557 -12.75 290.0001
2 24 21.8263 -8.2717 290 19.6431 -12.687 290
2 24 11.2179 -12.9151 289.9369 12.0863 -13.3846 289.9643
2 24 19.5981 -13.9751 290 12.9958 -13.9819 289.9747
2 24 19.6431 -12.687 290 19.5981 -13.9751 290
2 24 12.0863 -13.3846 289.9643 12.9958 -13.9819 289.9747
2 24 9.9557 -5.5063 187.1135 9.9557 -6.5937 186.5419
2 24 6.25 0 190 6.25 0 170
2 24 9.9557 -5.5063 187.1135 9.9557 -5.0891 188.1429
2 24 9.9557 -5.0891 188.1429 9.9557 -4.875 189.2449
2 24 9.9557 -7.875 186.25 9.9557 -12.6111 186.0944
2 24 9.9557 -12.6111 186.0944 9.9557 -12.75 170
2 24 9.9557 0 170.0017 9.9557 -12.75 170
2 24 9.9557 -7.8748 273.75 9.9557 -6.7152 273.5774
2 24 9.9557 -5.0374 271.8554 9.9557 -4.8729 270.7447
2 24 9.9557 -6.7152 273.5774 9.9557 -5.6853 272.9344
2 24 9.9557 -12.6228 273.92 9.9557 -7.8748 273.75
2 24 9.9557 -4.875 189.2449 9.9557 -4.8729 270.7447
2 24 9.9557 0 170.0017 9.9557 0 270
2 24 9.9557 0 290 9.9557 0 270
2 24 9.9557 -5.0374 271.8554 9.9557 -5.6853 272.9344
2 24 143.424 0 188.0249 141.9781 0 186.5791
2 24 143.424 -5.7286 188.0249 141.9781 -7.0049 186.5791
2 24 141.9781 0 186.5791 140.0031 0 186.0499
2 24 141.9781 -7.0049 186.5791 140.005 -9 186.0499
2 24 140.005 -9 186.0499 138.0281 -7.0049 186.5791
2 24 140.0031 0 186.0499 138.0281 0 186.5791
2 24 138.0281 -7.0049 186.5791 136.5824 -5.7286 188.0249
2 24 138.0281 0 186.5791 136.5824 0 188.0249
2 24 136.5824 0 188.0249 136.0531 0 189.9999
2 24 136.5824 -5.7286 188.0249 136.0531 -5.25 189.9999
2 24 136.0531 -5.25 189.9999 136.5824 -5.25 191.9749
2 24 136.0531 0 189.9999 136.5824 0 191.9749
2 24 136.5824 0 191.9749 138.0281 0 193.4207
2 24 136.5824 -5.25 191.9749 138.0281 -5.25 193.4207
2 24 138.0281 0 193.4207 140.0031 0 193.9499
2 24 138.0281 -5.25 193.4207 140.0031 -5.25 193.9499
2 24 140.0031 0 193.9499 141.9781 0 193.4207
2 24 140.0031 -5.25 193.9499 141.9781 -5.25 193.4207
2 24 141.9781 0 193.4207 143.424 0 191.9749
2 24 141.9781 -5.25 193.4207 143.424 -5.25 191.9749
2 24 143.424 0 191.9749 143.9531 0 189.9999
2 24 143.424 -5.25 191.9749 143.9292 -5.2619 190.0126
2 24 143.424 0 188.0249 143.9531 0 189.9999
2 24 143.424 -5.7286 188.0249 143.9292 -5.2619 190.0126
2 24 141.9781 0 186.5791 143.424 0 188.0249
2 24 140.9935 0 188.2846 141.7185 0 189.0095
2 24 141.9781 0 186.5791 140.0031 0 186.0499
2 24 140.9935 0 188.2846 140.0031 0 188.0192
2 24 140.0031 0 186.0499 138.0281 0 186.5791
2 24 140.0031 0 188.0192 139.0128 0 188.2846
2 24 138.0281 0 186.5791 136.5824 0 188.0249
2 24 139.0128 0 188.2846 138.2878 0 189.0095
2 24 136.5824 0 188.0249 136.0531 0 189.9999
2 24 138.2878 0 189.0095 138.0224 0 189.9999
2 24 138.0224 0 189.9999 138.2878 0 190.9903
2 24 136.0531 0 189.9999 136.5824 0 191.9749
2 24 136.5824 0 191.9749 138.0281 0 193.4207
2 24 138.2878 0 190.9903 139.0128 0 191.7152
2 24 138.0281 0 193.4207 140.0031 0 193.9499
2 24 139.0128 0 191.7152 140.0031 0 191.9806
2 24 140.0031 0 193.9499 141.9781 0 193.4207
2 24 140.0031 0 191.9806 140.9935 0 191.7152
2 24 141.9781 0 193.4207 143.424 0 191.9749
2 24 140.9935 0 191.7152 141.7185 0 190.9903
2 24 141.7185 0 190.9903 141.9839 0 189.9999
2 24 143.424 0 191.9749 143.9531 0 189.9999
2 24 143.424 0 188.0249 143.9531 0 189.9999
2 24 141.7185 0 189.0095 141.9839 0 189.9999
2 24 140.9935 0 188.2846 141.7185 0 189.0095
2 24 140.9935 -5.25 188.2846 141.7185 -5.25 189.0095
2 24 140.9935 0 188.2846 140.0031 0 188.0192
2 24 140.9935 -5.25 188.2846 140.0031 -5.25 188.0192
2 24 140.0031 0 188.0192 139.0128 0 188.2846
2 24 140.0031 -5.25 188.0192 139.0128 -5.25 188.2846
2 24 139.0128 0 188.2846 138.2878 0 189.0095
2 24 139.0128 -5.25 188.2846 138.2878 -5.25 189.0095
2 24 138.2878 0 189.0095 138.0224 0 189.9999
2 24 138.2878 -5.25 189.0095 138.0224 -5.25 189.9999
2 24 138.0224 0 189.9999 138.2878 0 190.9903
2 24 138.0224 -5.25 189.9999 138.2878 -5.25 190.9903
2 24 138.2878 0 190.9903 139.0128 0 191.7152
2 24 138.2878 -5.25 190.9903 139.0128 -5.25 191.7152
2 24 139.0128 0 191.7152 140.0031 0 191.9806
2 24 139.0128 -5.25 191.7152 140.0031 -5.25 191.9806
2 24 140.0031 0 191.9806 140.9935 0 191.7152
2 24 140.0031 -5.25 191.9806 140.9935 -5.25 191.7152
2 24 140.9935 0 191.7152 141.7185 0 190.9903
2 24 140.9935 -5.25 191.7152 141.7185 -5.25 190.9903
2 24 141.7185 0 190.9903 141.9839 0 189.9999
2 24 141.7185 -5.25 190.9903 141.9839 -5.25 189.9999
2 24 141.7185 0 189.0095 141.9839 0 189.9999
2 24 141.7185 -5.25 189.0095 141.9839 -5.25 189.9999
2 24 139.0128 -5.25 191.7152 140.0031 -5.25 191.9806
2 24 138.2878 -5.25 189.0095 138.0224 -5.25 189.9999
2 24 140.9935 -5.25 188.2846 140.0031 -5.25 188.0192
2 24 141.7185 -5.25 190.9903 141.9839 -5.25 189.9999
2 24 138.0224 -5.25 189.9999 138.2878 -5.25 190.9903
2 24 139.0128 -5.25 191.7152 138.2878 -5.25 190.9903
2 24 140.0031 -5.25 188.0192 139.0128 -5.25 188.2846
2 24 138.2878 -5.25 189.0095 139.0128 -5.25 188.2846
2 24 141.9839 -5.25 189.9999 141.7185 -5.25 189.0095
2 24 140.9935 -5.25 188.2846 141.7185 -5.25 189.0095
2 24 140.0031 -5.25 191.9806 140.9935 -5.25 191.7152
2 24 141.7185 -5.25 190.9903 140.9935 -5.25 191.7152
2 24 143.424 -5.7286 188.0249 143.9292 -5.2619 190.0126
2 24 146.2484 -5.7286 188.0249 146.2571 -5.25 190
2 24 146.2586 -12.7499 186.1499 140.0056 -12.7499 186.1499
2 24 146.2586 -12.7499 186.1499 146.2586 -9 186.1499
2 24 140.0031 -5.25 193.9499 141.9781 -5.25 193.4207
2 24 140 -5.25 266.05 141.975 -5.25 266.5792
2 24 140.0031 -5.25 193.9499 138.0281 -5.25 193.4207
2 24 140 -5.25 266.05 138.025 -5.25 266.5792
2 24 136.5824 -5.7286 188.0249 136.0531 -5.25 189.9999
2 24 133.7437 -5.7286 188.0249 133.7498 -5.2501 190
2 24 140.0056 -12.7499 186.1499 133.7527 -12.75 186.1499
2 24 133.7527 -12.75 186.1499 133.7516 -9 186.1499
2 24 133.7437 -5.7286 188.0249 133.7531 -7.0049 186.5791
2 24 136.5824 -5.7286 188.0249 138.0281 -7.0049 186.5791
2 24 140.005 -9 186.0499 138.0281 -7.0049 186.5791
2 24 133.7516 -9 186.1499 133.7531 -7.0049 186.5791
2 24 140.005 -9 186.0499 141.9781 -7.0049 186.5791
2 24 146.2586 -9 186.1499 146.2531 -7.0049 186.5791
2 24 146.2484 -5.7286 188.0249 146.2531 -7.0049 186.5791
2 24 143.424 -5.7286 188.0249 141.9781 -7.0049 186.5791
2 24 136.5792 0 271.975 138.025 0 273.4208
2 24 136.5792 -5.7286 271.975 138.025 -7.0049 273.4208
2 24 138.025 0 273.4208 140 0 273.95
2 24 138.025 -7.0049 273.4208 139.9982 -9 273.95
2 24 139.9982 -9 273.95 141.975 -7.0049 273.4208
2 24 140 0 273.95 141.975 0 273.4208
2 24 141.975 -7.0049 273.4208 143.4208 -5.7286 271.975
2 24 141.975 0 273.4208 143.4208 0 271.975
2 24 143.4208 0 271.975 143.95 0 270
2 24 143.4208 -5.7286 271.975 143.95 -5.25 270
2 24 143.95 -5.25 270 143.4208 -5.25 268.025
2 24 143.95 0 270 143.4208 0 268.025
2 24 143.4208 0 268.025 141.975 0 266.5792
2 24 143.4208 -5.25 268.025 141.975 -5.25 266.5792
2 24 141.975 0 266.5792 140 0 266.05
2 24 141.975 -5.25 266.5792 140 -5.25 266.05
2 24 140 0 266.05 138.025 0 266.5792
2 24 140 -5.25 266.05 138.025 -5.25 266.5792
2 24 138.025 0 266.5792 136.5792 0 268.025
2 24 138.025 -5.25 266.5792 136.5792 -5.25 268.025
2 24 136.5792 0 268.025 136.05 0 270
2 24 136.5792 -5.25 268.025 136.074 -5.2619 269.9873
2 24 136.5792 0 271.975 136.05 0 270
2 24 136.5792 -5.7286 271.975 136.074 -5.2619 269.9873
2 24 138.025 0 273.4208 136.5792 0 271.975
2 24 139.0096 0 271.7153 138.2847 0 270.9904
2 24 138.025 0 273.4208 140 0 273.95
2 24 139.0096 0 271.7153 140 0 271.9807
2 24 140 0 273.95 141.975 0 273.4208
2 24 140 0 271.9807 140.9904 0 271.7153
2 24 141.975 0 273.4208 143.4208 0 271.975
2 24 140.9904 0 271.7153 141.7153 0 270.9904
2 24 143.4208 0 271.975 143.95 0 270
2 24 141.7153 0 270.9904 141.9807 0 270
2 24 141.9807 0 270 141.7153 0 269.0096
2 24 143.95 0 270 143.4208 0 268.025
2 24 143.4208 0 268.025 141.975 0 266.5792
2 24 141.7153 0 269.0096 140.9904 0 268.2847
2 24 141.975 0 266.5792 140 0 266.05
2 24 140.9904 0 268.2847 140 0 268.0193
2 24 140 0 266.05 138.025 0 266.5792
2 24 140 0 268.0193 139.0096 0 268.2847
2 24 138.025 0 266.5792 136.5792 0 268.025
2 24 139.0096 0 268.2847 138.2847 0 269.0096
2 24 138.2847 0 269.0096 138.0193 0 270
2 24 136.5792 0 268.025 136.05 0 270
2 24 136.5792 0 271.975 136.05 0 270
2 24 138.2847 0 270.9904 138.0193 0 270
2 24 139.0096 0 271.7153 138.2847 0 270.9904
2 24 139.0096 -5.25 271.7153 138.2847 -5.25 270.9904
2 24 139.0096 0 271.7153 140 0 271.9807
2 24 139.0096 -5.25 271.7153 140 -5.25 271.9807
2 24 140 0 271.9807 140.9904 0 271.7153
2 24 140 -5.25 271.9807 140.9904 -5.25 271.7153
2 24 140.9904 0 271.7153 141.7153 0 270.9904
2 24 140.9904 -5.25 271.7153 141.7153 -5.25 270.9904
2 24 141.7153 0 270.9904 141.9807 0 270
2 24 141.7153 -5.25 270.9904 141.9807 -5.25 270
2 24 141.9807 0 270 141.7153 0 269.0096
2 24 141.9807 -5.25 270 141.7153 -5.25 269.0096
2 24 141.7153 0 269.0096 140.9904 0 268.2847
2 24 141.7153 -5.25 269.0096 140.9904 -5.25 268.2847
2 24 140.9904 0 268.2847 140 0 268.0193
2 24 140.9904 -5.25 268.2847 140 -5.25 268.0193
2 24 140 0 268.0193 139.0096 0 268.2847
2 24 140 -5.25 268.0193 139.0096 -5.25 268.2847
2 24 139.0096 0 268.2847 138.2847 0 269.0096
2 24 139.0096 -5.25 268.2847 138.2847 -5.25 269.0096
2 24 138.2847 0 269.0096 138.0193 0 270
2 24 138.2847 -5.25 269.0096 138.0193 -5.25 270
2 24 138.2847 0 270.9904 138.0193 0 270
2 24 138.2847 -5.25 270.9904 138.0193 -5.25 270
2 24 140.9904 -5.25 268.2847 140 -5.25 268.0193
2 24 138.2847 -5.25 269.0096 138.0193 -5.25 270
2 24 141.9807 -5.25 270 141.7153 -5.25 269.0096
2 24 140.9904 -5.25 268.2847 141.7153 -5.25 269.0096
2 24 140 -5.25 268.0193 139.0096 -5.25 268.2847
2 24 138.2847 -5.25 269.0096 139.0096 -5.25 268.2847
2 24 143.8209 -5.275 150.875 146.2579 -5.25 150.875
2 24 143.95 -5.25 150 143.8209 -5.275 150.875
2 24 146.2586 -5.25 150 146.2579 -5.25 150.875
2 24 136.1643 -12.7503 150.8507 136.1643 -5.2619 150.8507
2 24 136.1643 -12.7503 150.8507 133.7489 -12.7503 150.8739
2 24 136.1643 -5.2619 150.8507 133.75 -5.25 150.875
2 24 133.7489 -12.7503 150.8739 133.75 -5.25 150.875
2 24 143.8209 -12.7503 150.875 146.2547 -12.7501 150.875
2 24 143.8209 -12.7503 150.875 143.8209 -5.275 150.875
2 24 146.2547 -12.7501 150.875 146.2579 -5.25 150.875
2 24 143.8209 -5.275 150.875 146.2579 -5.25 150.875
2 24 136.074 -5.2619 150 136.1643 -5.2619 150.8507
2 24 136.1643 -5.2619 150.8507 133.75 -5.25 150.875
2 24 133.75 -5.2502 150 133.75 -5.25 150.875
2 24 143.95 -5.25 150 143.8209 -5.275 150.875
2 24 143.95 0 150 143.8209 0 150.875
2 24 136.5792 0 151.975 136.1643 0 150.8507
2 24 138.025 0 153.4208 136.5792 0 151.975
2 24 139.0096 0 151.7153 138.2847 0 150.9904
2 24 138.025 0 153.4208 140 0 153.95
2 24 139.0096 0 151.7153 140 0 151.9807
2 24 140 0 153.95 141.975 0 153.4208
2 24 140 0 151.9807 140.9904 0 151.7153
2 24 141.975 0 153.4208 143.4208 0 151.975
2 24 140.9904 0 151.7153 141.7153 0 150.9904
2 24 141.9807 0 150 141.7153 0 150.9904
2 24 143.4208 0 151.975 143.8209 0 150.875
2 24 136.05 0 150 136.1643 0 150.8507
2 24 139.0096 0 151.7153 138.2847 0 150.9904
2 24 139.0096 -12.7683 151.7153 138.2847 -12.7683 150.9904
2 24 139.0096 0 151.7153 140 0 151.9807
2 24 139.0096 -12.7683 151.7153 140 -12.7683 151.9807
2 24 140 0 151.9807 140.9904 0 151.7153
2 24 140 -12.7683 151.9807 140.9904 -12.7683 151.7153
2 24 140.9904 0 151.7153 141.7153 0 150.9904
2 24 140.9904 -12.7683 151.7153 141.7153 -12.7683 150.9904
2 24 141.9807 0 150 141.7153 0 150.9904
2 24 141.9807 -12.7503 150 141.7153 -12.7683 150.9904
2 24 138.0193 -12.7503 150 138.2847 -12.7683 150.9904
2 24 138.0193 0 150 138.2847 0 150.9904
2 24 141.9807 -12.7503 150 141.7153 -12.7683 150.9904
2 24 139.0096 -12.7683 151.7153 140 -12.7683 151.9807
2 24 140 -12.7683 151.9807 140.9904 -12.7683 151.7153
2 24 141.7153 -12.7683 150.9904 140.9904 -12.7683 151.7153
2 24 138.0193 -12.7503 150 138.2847 -12.7683 150.9904
2 24 139.0096 -12.7683 151.7153 138.2847 -12.7683 150.9904
2 24 136.1643 -12.7503 150.8507 136.5792 -12.7503 151.975
2 24 136.1643 -5.2619 150.8507 136.1643 -12.7503 150.8507
2 24 141.975 0 153.4208 143.4208 0 151.975
2 24 141.975 -12.7503 153.4208 143.4208 -12.7503 151.975
2 24 141.975 0 153.4208 140 0 153.95
2 24 141.975 -12.7503 153.4208 140 -12.7503 153.95
2 24 140 0 153.95 138.025 0 153.4208
2 24 140 -12.7503 153.95 138.025 -12.7503 153.4208
2 24 136.5792 0 151.975 138.025 0 153.4208
2 24 136.5792 -12.7503 151.975 138.025 -12.7503 153.4208
2 24 143.4208 -12.7503 151.975 143.8209 -12.7503 150.875
2 24 143.8209 -5.275 150.875 143.8209 -12.7503 150.875
2 24 143.8209 0 150.875 143.4208 0 151.975
2 24 136.05 0 150 136.1643 0 150.8507
2 24 136.074 -5.2619 150 136.1643 -5.2619 150.8507
2 24 143.95 0 150 143.8209 0 150.875
2 24 136.5792 0 151.975 136.1643 0 150.8507
2 24 138.0193 0 150 138.2847 0 150.9904
2 24 136.1546 -5.262 169.118 133.7499 -5.25 169.125
2 24 136.1546 -5.262 169.118 136.074 -5.2619 169.9873
2 24 133.7499 -5.25 169.125 133.75 -5.25 170.875
2 24 143.8209 -5.275 170.875 146.2579 -5.25 170.875
2 24 143.8209 -5.275 170.875 143.95 -5.25 170
2 24 133.7499 -5.25 169.125 136.1546 -5.262 169.118
2 24 133.7499 -5.25 169.125 133.7482 -12.7503 169.1113
2 24 136.1546 -5.262 169.118 136.1546 -12.7503 169.118
2 24 133.7482 -12.7503 169.1113 136.1546 -12.7503 169.118
2 24 146.2577 -5.25 169.125 146.25 -12.7503 169.125
2 24 146.2577 -5.25 169.125 143.7931 -5.25 169.125
2 24 146.25 -12.7503 169.125 143.7931 -12.7503 169.125
2 24 143.7931 -5.25 169.125 143.7931 -12.7503 169.125
2 24 136.1643 -12.7503 170.8507 136.1643 -5.2619 170.8507
2 24 136.1643 -12.7503 170.8507 133.7495 -12.7502 170.8495
2 24 136.1643 -5.2619 170.8507 133.75 -5.25 170.875
2 24 133.7495 -12.7502 170.8495 133.75 -5.25 170.875
2 24 143.8209 -12.7503 170.875 146.2547 -12.7501 170.875
2 24 143.8209 -12.7503 170.875 143.8209 -5.275 170.875
2 24 146.2547 -12.7501 170.875 146.2579 -5.25 170.875
2 24 143.8209 -5.275 170.875 146.2579 -5.25 170.875
2 24 146.2579 -5.25 170.875 146.2577 -5.25 169.125
2 24 146.2577 -5.25 169.125 143.7931 -5.25 169.125
2 24 143.95 -5.25 170 143.7931 -5.25 169.125
2 24 136.074 -5.2619 169.9873 136.1643 -5.2619 170.8507
2 24 133.75 -5.25 170.875 136.1643 -5.2619 170.8507
2 24 143.8209 -5.275 170.875 143.95 -5.25 170
2 24 143.8209 0 170.875 143.95 0 170
2 24 143.95 0 170 143.7931 0 169.125
2 24 143.95 -5.25 170 143.7931 -5.25 169.125
2 24 136.1546 -5.262 169.118 136.074 -5.2619 169.9873
2 24 136.1546 0 169.118 136.05 0 170
2 24 136.5792 0 171.975 136.1643 0 170.8507
2 24 138.025 0 173.4208 136.5792 0 171.975
2 24 139.0096 0 171.7153 138.2847 0 170.9904
2 24 138.025 0 173.4208 140 0 173.95
2 24 139.0096 0 171.7153 140 0 171.9807
2 24 140 0 173.95 141.975 0 173.4208
2 24 140 0 171.9807 140.9904 0 171.7153
2 24 141.975 0 173.4208 143.4208 0 171.975
2 24 140.9904 0 171.7153 141.7153 0 170.9904
2 24 141.7153 0 170.9904 141.9807 0 170
2 24 143.4208 0 171.975 143.8209 0 170.875
2 24 143.4208 0 168.025 143.7931 0 169.125
2 24 141.9807 0 170 141.7153 0 169.0096
2 24 143.4208 0 168.025 141.975 0 166.5792
2 24 141.7153 0 169.0096 140.9904 0 168.2847
2 24 141.975 0 166.5792 140 0 166.05
2 24 140.9904 0 168.2847 140 0 168.0193
2 24 140 0 166.05 138.025 0 166.5792
2 24 140 0 168.0193 139.0096 0 168.2847
2 24 138.025 0 166.5792 136.5792 0 168.025
2 24 139.0096 0 168.2847 138.2847 0 169.0096
2 24 136.05 0 170 136.1546 0 169.118
2 24 136.05 0 170 136.1643 0 170.8507
2 24 139.0096 0 171.7153 138.2847 0 170.9904
2 24 139.0096 -12.7683 171.7153 138.2847 -12.7683 170.9904
2 24 139.0096 0 171.7153 140 0 171.9807
2 24 139.0096 -12.7683 171.7153 140 -12.7683 171.9807
2 24 140 0 171.9807 140.9904 0 171.7153
2 24 140 -12.7683 171.9807 140.9904 -12.7683 171.7153
2 24 140.9904 0 171.7153 141.7153 0 170.9904
2 24 140.9904 -12.7683 171.7153 141.7153 -12.7683 170.9904
2 24 141.7153 0 170.9904 141.9807 0 170
2 24 141.7153 -12.7683 170.9904 141.9807 -12.7683 170
2 24 141.9807 0 170 141.7153 0 169.0096
2 24 141.9807 -12.7683 170 141.7153 -12.7683 169.0096
2 24 141.7153 0 169.0096 140.9904 0 168.2847
2 24 141.7153 -12.7683 169.0096 140.9904 -12.7683 168.2847
2 24 140.9904 0 168.2847 140 0 168.0193
2 24 140.9904 -12.7683 168.2847 140 -12.7683 168.0193
2 24 140 0 168.0193 139.0096 0 168.2847
2 24 140 -12.7683 168.0193 139.0096 -12.7683 168.2847
2 24 139.0096 0 168.2847 138.2847 0 169.0096
2 24 139.0096 -12.7683 168.2847 138.2847 -12.7683 169.0096
2 24 138.2847 0 169.0096 138.0193 0 170
2 24 138.2847 -12.7683 169.0096 138.0193 -12.7683 170
2 24 138.2847 0 170.9904 138.0193 0 170
2 24 138.2847 -12.7683 170.9904 138.0193 -12.7683 170
2 24 140.9904 -12.7683 168.2847 140 -12.7683 168.0193
2 24 141.7153 -12.7683 170.9904 141.9807 -12.7683 170
2 24 139.0096 -12.7683 171.7153 140 -12.7683 171.9807
2 24 138.2847 -12.7683 169.0096 138.0193 -12.7683 170
2 24 141.9807 -12.7683 170 141.7153 -12.7683 169.0096
2 24 140.9904 -12.7683 168.2847 141.7153 -12.7683 169.0096
2 24 140 -12.7683 171.9807 140.9904 -12.7683 171.7153
2 24 141.7153 -12.7683 170.9904 140.9904 -12.7683 171.7153
2 24 138.0193 -12.7683 170 138.2847 -12.7683 170.9904
2 24 139.0096 -12.7683 171.7153 138.2847 -12.7683 170.9904
2 24 140 -12.7683 168.0193 139.0096 -12.7683 168.2847
2 24 138.2847 -12.7683 169.0096 139.0096 -12.7683 168.2847
2 24 136.1643 -12.7503 170.8507 136.5792 -12.7503 171.975
2 24 136.1643 -5.2619 170.8507 136.1643 -12.7503 170.8507
2 24 138.025 0 166.5792 136.5792 0 168.025
2 24 138.025 -12.7503 166.5792 136.5792 -12.7503 168.025
2 24 138.025 0 166.5792 140 0 166.05
2 24 138.025 -12.7503 166.5792 140 -12.7503 166.05
2 24 140 0 166.05 141.975 0 166.5792
2 24 140 -12.7503 166.05 141.975 -12.7503 166.5792
2 24 141.975 0 166.5792 143.4208 0 168.025
2 24 141.975 -12.7503 166.5792 143.4208 -12.7503 168.025
2 24 141.975 0 173.4208 143.4208 0 171.975
2 24 141.975 -12.7503 173.4208 143.4208 -12.7503 171.975
2 24 141.975 0 173.4208 140 0 173.95
2 24 141.975 -12.7503 173.4208 140 -12.7503 173.95
2 24 140 0 173.95 138.025 0 173.4208
2 24 140 -12.7503 173.95 138.025 -12.7503 173.4208
2 24 136.5792 0 171.975 138.025 0 173.4208
2 24 136.5792 -12.7503 171.975 138.025 -12.7503 173.4208
2 24 143.4208 -12.7503 171.975 143.8209 -12.7503 170.875
2 24 143.8209 -5.275 170.875 143.8209 -12.7503 170.875
2 24 143.8209 0 170.875 143.4208 0 171.975
2 24 143.7931 0 169.125 143.4208 0 168.025
2 24 143.4208 -12.7503 168.025 143.7931 -12.7503 169.125
2 24 143.7931 -5.25 169.125 143.7931 -12.7503 169.125
2 24 136.5792 -12.7503 168.025 136.1546 -12.7503 169.118
2 24 136.1546 -5.262 169.118 136.1546 -12.7503 169.118
2 24 136.1546 0 169.118 136.5792 0 168.025
2 24 136.05 0 170 136.1643 0 170.8507
2 24 136.074 -5.2619 169.9873 136.1643 -5.2619 170.8507
2 24 143.7931 0 169.125 143.95 0 170
2 24 143.8209 0 170.875 143.95 0 170
2 24 138.2847 0 169.0096 138.0193 0 170
2 24 136.5792 0 168.025 136.1546 0 169.118
2 24 136.5792 0 171.975 136.1643 0 170.8507
2 24 138.2847 0 170.9904 138.0193 0 170
2 24 136.5792 -5.7286 271.975 136.074 -5.2619 269.9873
2 24 133.7547 -5.7286 271.975 133.7483 -5.2501 269.9999
2 24 133.7453 -12.7499 273.95 139.9953 -12.7499 273.95
2 24 133.7453 -12.7499 273.95 133.7453 -9 273.95
2 24 89.944 0 290 77.5 0 290
2 24 89.8363 -4.875 290 77.5 -5.0625 290
2 24 77.5 0 290 77.5 -5.0625 290
2 24 114.125 0 290 130.0443 0 290
2 24 114.125 0 293.3009 126.9946 0 293.3
2 24 130 0 298.5 130 0 293
2 24 130 0 301.5 133.75 0 301.5
2 24 133.75 0 301.5 133.75 0 298.5
2 24 130 0 298.5 133.75 0 298.5
2 24 130 0 301.5 130 0 306.25
2 24 126.9946 0 293.3 127 0 310
2 24 127 0 310 130 0 309.9979
2 24 130 0 306.25 146.2593 0 306.25
2 24 146.2593 0 306.25 146.2593 0 289.125
2 24 150 0 150 150 0 309.9995
2 24 146.2593 0 289.125 146.2593 0 169.9185
2 24 130 0 293 131.25 0 293
2 24 132.5 0 292.665 133.2809 0 291.9009
2 24 131.25 0 293 132.5 0 292.665
2 24 133.2809 0 291.9009 133.75 0 290.875
2 24 130.0443 0 290 130.0443 0 185.464
2 24 133.75 0 290.875 133.75 0 190
2 24 130 0 306.25 130 -12.7499 306.25
2 24 130 0 306.25 130 0 301.5
2 24 130 -12.7499 306.25 130 -12.7499 301.5
2 24 130 0 301.5 130 -12.7499 301.5
2 24 146.2577 -5.25 289.125 146.2579 -5.25 290.875
2 24 146.2593 0 289.125 146.2593 0 306.25
2 24 146.2571 -5.25 190 146.2571 -5.25 191.9749
2 24 146.2571 -5.25 190 146.2484 -5.7286 188.0249
2 24 133.2809 0 291.9009 133.75 0 290.875
2 24 133.7483 -5.2501 269.9999 133.7483 -5.2501 268.0249
2 24 146.2484 -5.7286 188.0249 146.2531 -7.0049 186.5791
2 24 133.7498 -5.2501 190 133.7437 -5.7286 188.0249
2 24 133.75 -5.2502 150 133.75 -5.25 150.875
2 24 136.5792 -12.7499 288.025 138.025 -12.7499 286.5792
2 24 133.7453 -12.7499 273.95 139.9953 -12.7499 273.95
2 24 146.25 -7.0049 273.4208 146.2594 -5.7286 271.975
2 24 136.1546 -5.262 289.118 133.7499 -5.25 289.125
2 24 136.074 -5.2619 289.9873 136.1546 -5.262 289.118
2 24 143.8209 -5.275 290.875 146.2579 -5.25 290.875
2 24 143.8209 -5.275 290.875 143.95 -5.25 290
2 24 146.2579 -5.25 290.875 146.2577 -5.25 289.125
2 24 143.4208 -5.7286 271.975 143.95 -5.25 270
2 24 146.2594 -5.7286 271.975 146.2559 -5.2501 269.9999
2 24 143.7931 -12.7499 289.125 146.25 -12.7499 289.125
2 24 143.7931 -12.7499 289.125 143.4208 -12.7499 288.025
2 24 146.25 -12.7499 289.125 146.25 -12.7499 273.95
2 24 133.7499 -5.25 289.125 136.1546 -5.262 289.118
2 24 133.7499 -5.25 289.125 133.7453 -12.7499 289.125
2 24 136.1546 -5.262 289.118 136.1546 -12.7499 289.118
2 24 133.7453 -12.7499 289.125 136.1546 -12.7499 289.118
2 24 146.2577 -5.25 289.125 146.25 -12.7499 289.125
2 24 146.2577 -5.25 289.125 143.7931 -5.25 289.125
2 24 146.25 -12.7499 289.125 143.7931 -12.7499 289.125
2 24 143.7931 -5.25 289.125 143.7931 -12.7499 289.125
2 24 133.7483 -5.2501 269.9999 133.7547 -5.7286 271.975
2 24 146.2594 -5.7286 271.975 146.2559 -5.2501 269.9999
2 24 146.25 -7.0049 273.4208 146.2524 -9 273.95
2 24 133.7547 -5.7286 271.975 133.75 -7.0049 273.4208
2 24 133.7499 -5.25 289.125 133.7453 -12.7499 289.125
2 24 133.7453 -12.7499 289.125 133.7453 -12.7499 273.95
2 24 133.7453 -9 273.95 133.7453 -12.7499 273.95
2 24 133.75 -7.0049 273.4208 133.7453 -9 273.95
2 24 133.7453 -12.7499 298.5 133.7453 -12.7499 301.5
2 24 143.4208 -12.7499 291.975 141.975 -12.7499 293.4208
2 24 136.1643 -12.7499 290.8507 136.1643 -5.2619 290.8507
2 24 136.1643 -12.7499 290.8507 133.7477 -12.7499 290.875
2 24 136.1643 -5.2619 290.8507 133.75 -5.25 290.875
2 24 133.7477 -12.7499 290.875 133.75 -5.25 290.875
2 24 143.8209 -12.7499 290.875 146.25 -12.7499 290.875
2 24 143.8209 -12.7499 290.875 143.8209 -5.275 290.875
2 24 146.25 -12.7499 290.875 146.2579 -5.25 290.875
2 24 143.8209 -5.275 290.875 146.2579 -5.25 290.875
2 24 146.25 -12.7499 290.875 146.2547 -12.7499 306.25
2 24 146.2579 -5.25 290.875 146.25 -12.7499 290.875
2 24 146.2593 0 306.25 146.2547 -12.7499 306.25
2 24 130 0 298.5 130 -12.7499 298.5
2 24 130 0 298.5 130 0 293
2 24 130 -12.7499 298.5 130 -12.7499 293
2 24 130 0 293 130 -12.7499 293
2 24 130 0 293 130 -12.7499 293
2 24 130 0 293 131.25 0 293
2 24 130 -12.7499 293 131.25 -12.7499 293
2 24 133.2809 0 291.9009 132.5 0 292.665
2 24 132.5 -12.7499 292.665 133.2809 -12.7499 291.9009
2 24 131.25 0 293 132.5 0 292.665
2 24 131.25 -12.7499 293 132.5 -12.7499 292.665
2 24 133.2809 -12.7499 291.9009 133.7477 -12.7499 290.875
2 24 133.75 -5.25 290.875 133.7477 -12.7499 290.875
2 24 130 0 309.9979 150 0 309.9995
2 24 133.7453 -12.7499 301.5 133.7453 -12.7499 298.5
2 24 133.7453 -12.7499 301.5 133.75 0 301.5
2 24 133.7453 -12.7499 298.5 133.75 0 298.5
2 24 133.75 0 301.5 133.75 0 298.5
2 24 133.75 0 298.5 133.7453 -12.7499 298.5
2 24 133.75 0 298.5 130 0 298.5
2 24 133.7453 -12.7499 298.5 130 -12.7499 298.5
2 24 130 0 298.5 130 -12.7499 298.5
2 24 138.025 -12.7499 293.4208 136.5792 -12.7499 291.975
2 24 133.7453 -12.7499 298.5 130 -12.7499 298.5
2 24 131.25 -12.7499 293 130 -12.7499 293
2 24 130 -12.7499 298.5 130 -12.7499 293
2 24 130 -12.7499 301.5 130 -12.7499 306.25
2 24 133.7453 -12.7499 301.5 130 -12.7499 301.5
2 24 146.2547 -12.7499 306.25 130 -12.7499 306.25
2 24 130 -12.7499 301.5 133.7453 -12.7499 301.5
2 24 130 -12.7499 301.5 130 0 301.5
2 24 133.7453 -12.7499 301.5 133.75 0 301.5
2 24 130 0 301.5 133.75 0 301.5
2 24 138.025 -12.7499 286.5792 140 -12.7499 286.05
2 24 140 -12.7499 286.05 141.975 -12.7499 286.5792
2 24 143.95 -5.25 290 143.7931 -5.25 289.125
2 24 146.2577 -5.25 289.125 143.7931 -5.25 289.125
2 24 136.074 -5.2619 289.9873 136.1643 -5.2619 290.8507
2 24 136.1643 -5.2619 290.8507 133.75 -5.25 290.875
2 24 133.7499 -5.25 289.125 133.75 -5.25 290.875
2 24 133.75 -5.25 290.875 133.7499 -5.25 289.125
2 24 143.8209 -5.275 290.875 143.95 -5.25 290
2 24 143.8209 0 290.875 143.95 0 290
2 24 143.95 0 290 143.7931 0 289.125
2 24 143.95 -5.25 290 143.7931 -5.25 289.125
2 24 136.1546 -5.262 289.118 136.074 -5.2619 289.9873
2 24 136.1546 0 289.118 136.05 0 290
2 24 136.5792 0 291.975 136.1643 0 290.8507
2 24 138.025 0 293.4208 136.5792 0 291.975
2 24 139.0096 0 291.7153 138.2847 0 290.9904
2 24 138.025 0 293.4208 140 0 293.95
2 24 139.0096 0 291.7153 140 0 291.9807
2 24 140 0 293.95 141.975 0 293.4208
2 24 140 0 291.9807 140.9904 0 291.7153
2 24 141.975 0 293.4208 143.4208 0 291.975
2 24 140.9904 0 291.7153 141.7153 0 290.9904
2 24 141.7153 0 290.9904 141.9807 0 290
2 24 143.4208 0 291.975 143.8209 0 290.875
2 24 143.4208 0 288.025 143.7931 0 289.125
2 24 141.9807 0 290 141.7153 0 289.0096
2 24 143.4208 0 288.025 141.975 0 286.5792
2 24 141.7153 0 289.0096 140.9904 0 288.2847
2 24 141.975 0 286.5792 140 0 286.05
2 24 140.9904 0 288.2847 140 0 288.0193
2 24 140 0 286.05 138.025 0 286.5792
2 24 140 0 288.0193 139.0096 0 288.2847
2 24 138.025 0 286.5792 136.5792 0 288.025
2 24 139.0096 0 288.2847 138.2847 0 289.0096
2 24 136.05 0 290 136.1546 0 289.118
2 24 136.05 0 290 136.1643 0 290.8507
2 24 139.0096 0 291.7153 138.2847 0 290.9904
2 24 139.0096 -12.7683 291.7153 138.2847 -12.7683 290.9904
2 24 139.0096 0 291.7153 140 0 291.9807
2 24 139.0096 -12.7683 291.7153 140 -12.7683 291.9807
2 24 140 0 291.9807 140.9904 0 291.7153
2 24 140 -12.7683 291.9807 140.9904 -12.7683 291.7153
2 24 140.9904 0 291.7153 141.7153 0 290.9904
2 24 140.9904 -12.7683 291.7153 141.7153 -12.7683 290.9904
2 24 141.7153 0 290.9904 141.9807 0 290
2 24 141.7153 -12.7683 290.9904 141.9807 -12.7683 290
2 24 141.9807 0 290 141.7153 0 289.0096
2 24 141.9807 -12.7683 290 141.7153 -12.7683 289.0096
2 24 141.7153 0 289.0096 140.9904 0 288.2847
2 24 141.7153 -12.7683 289.0096 140.9904 -12.7683 288.2847
2 24 140.9904 0 288.2847 140 0 288.0193
2 24 140.9904 -12.7683 288.2847 140 -12.7683 288.0193
2 24 140 0 288.0193 139.0096 0 288.2847
2 24 140 -12.7683 288.0193 139.0096 -12.7683 288.2847
2 24 139.0096 0 288.2847 138.2847 0 289.0096
2 24 139.0096 -12.7683 288.2847 138.2847 -12.7683 289.0096
2 24 138.2847 0 289.0096 138.0193 0 290
2 24 138.2847 -12.7683 289.0096 138.0193 -12.7683 290
2 24 138.2847 0 290.9904 138.0193 0 290
2 24 138.2847 -12.7683 290.9904 138.0193 -12.7683 290
2 24 140.9904 -12.7683 288.2847 140 -12.7683 288.0193
2 24 141.7153 -12.7683 290.9904 141.9807 -12.7683 290
2 24 139.0096 -12.7683 291.7153 140 -12.7683 291.9807
2 24 138.2847 -12.7683 289.0096 138.0193 -12.7683 290
2 24 141.9807 -12.7683 290 141.7153 -12.7683 289.0096
2 24 140.9904 -12.7683 288.2847 141.7153 -12.7683 289.0096
2 24 140 -12.7683 291.9807 140.9904 -12.7683 291.7153
2 24 141.7153 -12.7683 290.9904 140.9904 -12.7683 291.7153
2 24 138.0193 -12.7683 290 138.2847 -12.7683 290.9904
2 24 139.0096 -12.7683 291.7153 138.2847 -12.7683 290.9904
2 24 140 -12.7683 288.0193 139.0096 -12.7683 288.2847
2 24 138.2847 -12.7683 289.0096 139.0096 -12.7683 288.2847
2 24 136.1643 -12.7499 290.8507 136.5792 -12.7499 291.975
2 24 136.1643 -5.2619 290.8507 136.1643 -12.7499 290.8507
2 24 138.025 0 286.5792 136.5792 0 288.025
2 24 138.025 -12.7499 286.5792 136.5792 -12.7499 288.025
2 24 138.025 0 286.5792 140 0 286.05
2 24 138.025 -12.7499 286.5792 140 -12.7499 286.05
2 24 140 0 286.05 141.975 0 286.5792
2 24 140 -12.7499 286.05 141.975 -12.7499 286.5792
2 24 141.975 0 286.5792 143.4208 0 288.025
2 24 141.975 -12.7499 286.5792 143.4208 -12.7499 288.025
2 24 141.975 0 293.4208 143.4208 0 291.975
2 24 141.975 -12.7499 293.4208 143.4208 -12.7499 291.975
2 24 141.975 0 293.4208 140 0 293.95
2 24 141.975 -12.7499 293.4208 140 -12.7499 293.95
2 24 140 0 293.95 138.025 0 293.4208
2 24 140 -12.7499 293.95 138.025 -12.7499 293.4208
2 24 136.5792 0 291.975 138.025 0 293.4208
2 24 136.5792 -12.7499 291.975 138.025 -12.7499 293.4208
2 24 143.4208 -12.7499 291.975 143.8209 -12.7499 290.875
2 24 143.8209 -5.275 290.875 143.8209 -12.7499 290.875
2 24 143.8209 0 290.875 143.4208 0 291.975
2 24 143.7931 0 289.125 143.4208 0 288.025
2 24 143.4208 -12.7499 288.025 143.7931 -12.7499 289.125
2 24 143.7931 -5.25 289.125 143.7931 -12.7499 289.125
2 24 136.5792 -12.7499 288.025 136.1546 -12.7499 289.118
2 24 136.1546 -5.262 289.118 136.1546 -12.7499 289.118
2 24 136.1546 0 289.118 136.5792 0 288.025
2 24 136.05 0 290 136.1643 0 290.8507
2 24 136.074 -5.2619 289.9873 136.1643 -5.2619 290.8507
2 24 136.5792 -12.7499 288.025 136.1546 -12.7499 289.118
2 24 136.1546 -12.7499 289.118 133.7453 -12.7499 289.125
2 24 133.7453 -12.7499 273.95 133.7453 -12.7499 289.125
2 24 139.9953 -12.7499 273.95 146.25 -12.7499 273.95
2 24 143.4208 -12.7499 288.025 141.975 -12.7499 286.5792
2 24 143.4208 -12.7499 291.975 143.8209 -12.7499 290.875
2 24 143.8209 -12.7499 290.875 146.25 -12.7499 290.875
2 24 146.2547 -12.7499 306.25 146.25 -12.7499 290.875
2 24 141.975 -12.7499 293.4208 140 -12.7499 293.95
2 24 138.025 -12.7499 293.4208 140 -12.7499 293.95
2 24 131.25 -12.7499 293 132.5 -12.7499 292.665
2 24 136.1643 -12.7499 290.8507 133.7477 -12.7499 290.875
2 24 136.5792 -12.7499 291.975 136.1643 -12.7499 290.8507
2 24 133.7477 -12.7499 290.875 133.2809 -12.7499 291.9009
2 24 132.5 -12.7499 292.665 133.2809 -12.7499 291.9009
2 24 143.7931 0 289.125 143.95 0 290
2 24 143.8209 0 290.875 143.95 0 290
2 24 138.2847 0 289.0096 138.0193 0 290
2 24 136.5792 0 288.025 136.1546 0 289.118
2 24 136.5792 0 291.975 136.1643 0 290.8507
2 24 138.2847 0 290.9904 138.0193 0 290
2 24 133.75 -5.25 170.875 133.7495 -12.7502 170.8495
2 24 133.7516 -9 186.1499 133.7527 -12.75 186.1499
2 24 133.7495 -12.7502 170.8495 133.7527 -12.75 186.1499
2 24 133.75 -5.25 150.875 133.7489 -12.7503 150.8739
2 24 133.7489 -12.7503 150.8739 133.7482 -12.7503 169.1113
2 24 133.7482 -12.7503 169.1113 133.7499 -5.25 169.125
2 24 133.75 0 150 133.75 0 170
2 24 133.75 0 150 133.75 0 170
2 24 130 0 150 130 0 167
2 24 146.2586 -5.25 150 146.2579 -5.25 150.875
2 24 146.2547 -12.7501 150.875 146.25 -12.7503 169.125
2 24 146.2579 -5.25 150.875 146.2547 -12.7501 150.875
2 24 146.25 -12.7503 169.125 146.2577 -5.25 169.125
2 24 146.2593 0 150 146.2593 0 169.9185
2 24 146.2593 0 150 146.2593 0 169.9185
2 24 146.2577 -5.25 169.125 146.2579 -5.25 170.875
2 24 133.7437 -5.7286 188.0249 133.7531 -7.0049 186.5791
2 24 133.75 0 190 133.75 0 170
2 24 133.7516 -9 186.1499 133.7531 -7.0049 186.5791
2 24 146.2531 -7.0049 186.5791 146.2586 -9 186.1499
2 24 146.2586 -9 186.1499 146.2586 -12.7499 186.1499
2 24 146.2586 -12.7499 186.1499 146.2547 -12.7501 170.875
2 24 146.2579 -5.25 170.875 146.2547 -12.7501 170.875
2 24 138.025 -12.7503 173.4208 136.5792 -12.7503 171.975
2 24 140 -12.7503 166.05 141.975 -12.7503 166.5792
2 24 140 -12.7503 153.95 141.975 -12.7503 153.4208
2 24 140 -12.7503 166.05 138.025 -12.7503 166.5792
2 24 140 -12.7503 153.95 138.025 -12.7503 153.4208
2 24 143.7931 -12.7503 169.125 146.25 -12.7503 169.125
2 24 143.7931 -12.7503 169.125 143.4208 -12.7503 168.025
2 24 141.975 -12.7503 166.5792 143.4208 -12.7503 168.025
2 24 141.975 -12.7503 153.4208 143.4208 -12.7503 151.975
2 24 143.4208 -12.7503 151.975 143.8209 -12.7503 150.875
2 24 143.8209 -12.7503 150.875 146.2547 -12.7501 150.875
2 24 146.25 -12.7503 169.125 146.2547 -12.7501 150.875
2 24 138.025 -12.7503 166.5792 136.5792 -12.7503 168.025
2 24 138.025 -12.7503 153.4208 136.5792 -12.7503 151.975
2 24 136.1643 -12.7503 150.8507 133.7489 -12.7503 150.8739
2 24 136.5792 -12.7503 151.975 136.1643 -12.7503 150.8507
2 24 133.7489 -12.7503 150.8739 133.7482 -12.7503 169.1113
2 24 136.5792 -12.7503 168.025 136.1546 -12.7503 169.118
2 24 133.7482 -12.7503 169.1113 136.1546 -12.7503 169.118
2 24 146.2586 -12.7499 186.1499 140.0056 -12.7499 186.1499
2 24 141.975 -12.7503 173.4208 140 -12.7503 173.95
2 24 143.8209 -12.7503 170.875 143.4208 -12.7503 171.975
2 24 143.8209 -12.7503 170.875 146.2547 -12.7501 170.875
2 24 146.2586 -12.7499 186.1499 146.2547 -12.7501 170.875
2 24 141.975 -12.7503 173.4208 143.4208 -12.7503 171.975
2 24 133.7527 -12.75 186.1499 140.0056 -12.7499 186.1499
2 24 138.025 -12.7503 173.4208 140 -12.7503 173.95
2 24 136.1643 -12.7503 170.8507 133.7495 -12.7502 170.8495
2 24 136.5792 -12.7503 171.975 136.1643 -12.7503 170.8507
2 24 133.7527 -12.75 186.1499 133.7495 -12.7502 170.8495
2 24 146.2594 -5.7286 271.975 146.25 -7.0049 273.4208
2 24 143.4208 -5.7286 271.975 141.975 -7.0049 273.4208
2 24 139.9982 -9 273.95 141.975 -7.0049 273.4208
2 24 146.25 -7.0049 273.4208 146.2524 -9 273.95
2 24 139.9982 -9 273.95 138.025 -7.0049 273.4208
2 24 133.7453 -9 273.95 133.75 -7.0049 273.4208
2 24 133.7547 -5.7286 271.975 133.75 -7.0049 273.4208
2 24 136.5792 -5.7286 271.975 138.025 -7.0049 273.4208
2 24 87.9914 -4.875 286.75 102.5271 -4.875 257.6786
2 24 87.9914 -4.875 286.75 87.9914 -20.875 286.75
2 24 87.9914 -20.875 286.75 102.5271 -20.875 257.6786
2 24 102.5271 -4.875 257.6786 104.4917 -4.875 252.9379
2 24 102.5271 -20.875 257.6786 104.4917 -20.875 252.9379
2 24 104.4917 -4.875 252.9379 106.2763 -4.875 245.7644
2 24 104.4917 -20.875 252.9379 106.2763 -20.875 245.7644
2 24 106.2763 -4.875 245.7644 106.75 -4.875 240.6104
2 24 106.2763 -20.875 245.7644 106.75 -20.875 240.6104
2 24 89.8363 -4.875 290 77.5 -5.0625 290
2 24 87.9914 -4.875 286.75 76.7593 -4.875 286.75
2 24 77.5 -5.0625 290 76.7593 -4.875 286.75
2 24 87.9914 -4.875 286.75 102.5271 -4.875 257.6786
2 24 102.5271 -4.875 257.6786 104.4917 -4.875 252.9379
2 24 104.4917 -4.875 252.9379 106.2763 -4.875 245.7644
2 24 106.2763 -4.875 245.7644 106.75 -4.875 240.6104
2 24 114.125 0 290 130.0443 0 290
2 24 106.75 -4.875 150 106.75 -4.875 167
2 24 106.75 -4.875 167 106.75 -20.875 167
2 24 106.75 -20.875 150 106.75 -20.875 167
2 24 116.2501 -4.875 150 116.2501 -4.875 167
2 24 116.2501 -4.875 167 106.75 -4.875 167
2 24 106.75 -4.875 150 106.75 -4.875 167
2 24 116.2501 -7.7562 150 116.2501 -7.7562 167
2 24 116.2501 -7.7562 167 116.2501 -4.875 167
2 24 116.2501 -4.875 150 116.2501 -4.875 167
2 24 116.2501 -7.7562 167 118.1738 -8.2716 167
2 24 116.2501 -7.7562 150 116.2501 -7.7562 167
2 24 118.1738 -8.2716 150 118.1738 -8.2716 167
2 24 118.1738 -8.2716 167 120.3569 -12.687 167
2 24 118.1738 -8.2716 150 118.1738 -8.2716 167
2 24 120.3569 -12.687 150 120.3569 -12.687 167
2 24 120.4019 -13.9751 290 120.6385 -20.75 264.7157
2 24 120.4019 -13.9751 290 120.3569 -12.687 290
2 24 120.3569 -12.687 167 120.6385 -20.75 167
2 24 120.3569 -12.687 150 120.3569 -12.687 167
2 24 120.6385 -20.75 150 120.6385 -20.75 167
2 24 127.0043 -13.9819 289.9747 126.8602 -20.5327 264.7157
2 24 127.0043 -13.9819 289.9747 120.4019 -13.9751 290
2 24 126.8602 -20.5327 264.7157 120.6385 -20.75 264.7157
2 24 120.4019 -13.9751 290 120.6385 -20.75 264.7157
2 24 120.6385 -20.75 167 126.75 -20.75 167
2 24 120.6385 -20.75 150 120.6385 -20.75 167
2 24 126.75 -20.75 150 126.75 -20.75 167
2 24 126.75 -20.75 167 126.75 -15.75 167
2 24 126.75 -20.75 150 126.75 -20.75 167
2 24 128.7976 -12.9291 167 130.015 -12.75 167
2 24 130.015 -12.75 150 130.015 -12.75 167
2 24 130.0443 -12.75 170 128.7743 -12.865 170.0009
2 24 130.0443 -12.75 170 130.0443 -12.6111 186.0944
2 24 130.0443 -12.6111 186.0944 128.5421 -12.7658 186.3028
2 24 126.8602 -20.5327 264.7157 126.8602 -20.5327 189.25
2 24 126.8602 -20.5327 264.7157 120.6385 -20.75 264.7157
2 24 120.6385 -20.75 264.7157 120.6385 -20.75 170
2 24 106.75 -4.875 240.6104 106.75 -4.875 170
2 24 106.75 -4.875 170 106.75 -20.875 170
2 24 106.75 -20.875 240.6104 106.75 -20.875 170
2 24 116.25 -4.875 290 116.2501 -4.875 170
2 24 116.2501 -4.875 170 106.75 -4.875 170
2 24 106.75 -4.875 240.6104 106.75 -4.875 170
2 24 116.25 -7.7562 290 116.2501 -7.7562 170
2 24 116.25 -7.7562 290 116.25 -4.875 290
2 24 116.2501 -7.7562 170 116.2501 -4.875 170
2 24 116.25 -4.875 290 116.2501 -4.875 170
2 24 118.1737 -8.2717 290 118.1737 -8.2716 170
2 24 118.1737 -8.2717 290 116.25 -7.7562 290
2 24 118.1737 -8.2716 170 116.2501 -7.7562 170
2 24 116.25 -7.7562 290 116.2501 -7.7562 170
2 24 120.3569 -12.687 290 120.3569 -12.687 170
2 24 120.3569 -12.687 290 118.1737 -8.2717 290
2 24 120.3569 -12.687 170 118.1737 -8.2716 170
2 24 118.1737 -8.2717 290 118.1737 -8.2716 170
2 24 120.6385 -20.75 170 120.3569 -12.687 170
2 24 120.6385 -20.75 264.7157 120.6385 -20.75 170
2 24 120.3569 -12.687 290 120.3569 -12.687 170
2 24 120.6385 -20.75 170 126.8527 -20.5329 170
2 24 126.8602 -20.5327 189.25 126.8527 -20.5329 170
2 24 126.8602 -20.5327 189.25 126.8602 -20.5327 264.7157
2 24 126.7274 -15.7502 170 126.8527 -20.5329 170
2 24 126.8602 -20.5327 189.25 126.8527 -20.5329 170
2 24 130.0443 -12.6111 186.0944 130.0443 -7.875 186.25
2 24 130.0443 -4.875 189.2449 130.0443 -4.8729 270.7447
2 24 130.0443 -12.6228 273.92 130.0443 -12.75 290.0001
2 24 130.0443 0 290 130.0443 -12.75 290.0001
2 24 128.5826 -12.8691 273.8455 127.4809 -13.5192 273.3799
2 24 130.0443 -7.8748 273.75 130.0443 -12.6228 273.92
2 24 128.5826 -12.8691 273.8455 130.0443 -12.6228 273.92
2 24 127.4498 -13.3216 186.9029 126.8911 -14.0771 187.5971
2 24 127.7015 -13.538 170.001 127.1105 -14.5975 169.9997
2 24 127.0273 -14.5503 167 127.728 -13.5377 167
2 24 128.5421 -12.7658 186.3028 127.4498 -13.3216 186.9029
2 24 128.7743 -12.865 170.0009 127.7015 -13.538 170.001
2 24 126.7274 -15.7502 170 127.1105 -14.5975 169.9997
2 24 128.7976 -12.9291 167 127.728 -13.5377 167
2 24 126.75 -15.75 167 127.0273 -14.5503 167
2 24 130.0443 -4.875 189.2449 130.0443 -5.0891 188.1429
2 24 130.0443 -5.5063 187.1135 130.0443 -6.5937 186.5419
2 24 130.0443 -7.875 186.25 130.0443 -6.5937 186.5419
2 24 130.0443 -5.0891 188.1429 130.0443 -5.5063 187.1135
2 24 130.0443 -5.6853 272.9344 130.0443 -5.0374 271.8554
2 24 130.0443 -7.8748 273.75 130.0443 -6.7152 273.5774
2 24 130.0443 -4.8729 270.7447 130.0443 -5.0374 271.8554
2 24 130.0443 -5.6853 272.9344 130.0443 -6.7152 273.5774
2 24 128.7821 -12.9151 289.9369 130.0443 -12.75 290.0001
2 24 130.0443 -12.6228 273.92 130.0443 -12.75 290.0001
2 24 128.7821 -12.9151 289.9369 127.9137 -13.3846 289.9643
2 24 127.9137 -13.3846 289.9643 127.0043 -13.9819 289.9747
2 24 126.8602 -20.5327 264.7157 127.0043 -13.9819 289.9747
2 24 133.75 -5.25 170.875 133.7499 -5.25 169.125
2 24 130.015 -12.75 167 130 0 167
2 24 130.015 -12.75 150 130.015 -12.75 167
2 24 130 0 150 130 0 167
2 24 116.2501 -4.875 170 106.75 -4.875 170
2 24 106.75 -4.875 167 116.2501 -4.875 167
2 24 116.2501 -7.7562 170 118.1737 -8.2716 170
2 24 116.2501 -4.875 170 116.2501 -7.7562 170
2 24 130.015 -12.75 167 128.7976 -12.9291 167
2 24 130 0 167 130.015 -12.75 167
2 24 70 -20.7342 170 106.75 -20.875 170
2 24 106.75 -4.875 170 106.75 -20.875 170
2 24 70 0 169.8448 130.0443 0 170.0017
2 24 70 0 166.843 130 0 167
2 24 70 0 169.8448 130.0443 0 170.0017
2 24 70 0 166.843 130 0 167
2 24 70 -20.875 167 106.75 -20.875 167
2 24 106.75 -4.875 167 106.75 -20.875 167
2 24 76.7593 -4.875 286.75 87.9914 -4.875 286.75
2 24 76.7593 -4.875 286.75 76.7593 -20.75 286.75
2 24 87.9914 -4.875 286.75 87.9914 -20.875 286.75
2 24 76.7593 -20.75 286.75 87.9914 -20.875 286.75
2 24 106.75 -20.875 240.6104 106.75 -20.875 170
2 24 70 -20.7342 170 106.75 -20.875 170
2 24 106.75 -20.875 240.6104 106.2763 -20.875 245.7644
2 24 106.2763 -20.875 245.7644 104.4917 -20.875 252.9379
2 24 104.4917 -20.875 252.9379 102.5271 -20.875 257.6786
2 24 102.5271 -20.875 257.6786 87.9914 -20.875 286.75
2 24 70 -20.75 282.5 73.75 -20.75 283.5048
2 24 87.9914 -20.875 286.75 76.7593 -20.75 286.75
2 24 73.75 -20.75 283.5048 76.7593 -20.75 286.75
2 24 116.25 -4.875 290 116.25 -7.7562 290
2 24 116.25 -7.7562 290 118.1737 -8.2717 290
2 24 130.0443 -12.75 290.0001 128.7821 -12.9151 289.9369
2 24 130.0443 0 290 130.0443 -12.75 290.0001
2 24 118.1737 -8.2717 290 120.3569 -12.687 290
2 24 128.7821 -12.9151 289.9369 127.9137 -13.3846 289.9643
2 24 127.9137 -13.3846 289.9643 127.0043 -13.9819 289.9747
2 24 127.0043 -13.9819 289.9747 120.4019 -13.9751 290
2 24 120.3569 -12.687 290 120.4019 -13.9751 290
2 24 130.0443 -6.5937 186.5419 130.0443 -5.5063 187.1135
2 24 130.0443 0 170.0017 130.0443 0 185.464
2 24 133.75 0 190 133.75 0 170
2 24 130.0443 0 185.464 130.0443 0 170.0017
2 24 130.0443 -5.5063 187.1135 130.0443 -5.0891 188.1429
2 24 130.0443 -5.0891 188.1429 130.0443 -4.875 189.2449
2 24 130.0443 -6.5937 186.5419 130.0443 -7.875 186.25
2 24 130.0443 -6.7152 273.5774 130.0443 -7.8748 273.75
2 24 130.0443 -4.8729 270.7447 130.0443 -5.0374 271.8554
2 24 130.0443 -6.7152 273.5774 130.0443 -5.6853 272.9344
2 24 130.0443 -12.6228 273.92 130.0443 -7.8748 273.75
2 24 130.0443 0 290 130.0443 0 185.464
2 24 130.0443 -4.875 189.2449 130.0443 -4.8729 270.7447
2 24 130.0443 -5.0374 271.8554 130.0443 -5.6853 272.9344
2 24 146.2547 -12.7499 306.25 130 -12.7499 306.25
2 24 146.2547 -12.7499 306.25 146.2593 0 306.25
2 24 130 -12.7499 306.25 130 0 306.25
2 24 146.2593 0 306.25 130 0 306.25
2 24 146.2524 -9 273.95 146.25 -12.7499 273.95
2 24 139.9953 -12.7499 273.95 146.25 -12.7499 273.95
2 24 146.2577 -5.25 289.125 146.25 -12.7499 289.125
2 24 146.2524 -9 273.95 146.25 -12.7499 273.95
2 24 146.25 -12.7499 289.125 146.25 -12.7499 273.95
2 24 33.25 -20.875 150 33.25 -20.875 167
2 24 33.25 -20.875 167 70 -20.875 167
2 24 70 -20.875 167 106.75 -20.875 167
2 24 106.75 -20.875 150 106.75 -20.875 167
2 24 120.3569 -12.687 167 120.6385 -20.75 167
2 24 126.75 -15.75 167 126.75 -20.75 167
2 24 120.6385 -20.75 167 126.75 -20.75 167
2 24 127.728 -13.5377 167 127.0273 -14.5503 167
2 24 128.7976 -12.9291 167 127.728 -13.5377 167
2 24 116.2501 -4.875 167 116.2501 -7.7562 167
2 24 118.1738 -8.2716 167 116.2501 -7.7562 167
2 24 21.8262 -8.2716 167 19.6431 -12.687 167
2 24 12.9727 -14.5503 167 13.25 -15.75 167
2 24 9.9849 -12.75 150 9.9849 -12.75 167
2 24 9.9849 -12.75 167 10 0 167
2 24 10.0001 0 150 10 0 167
2 24 19.6431 -12.687 167 19.3615 -20.75 167
2 24 19.3615 -20.75 167 13.25 -20.75 167
2 24 13.25 -15.75 167 13.25 -20.75 167
2 24 12.9727 -14.5503 167 12.272 -13.5377 167
2 24 12.272 -13.5377 167 11.2024 -12.9291 167
2 24 10 0 167 9.9849 -12.75 167
2 24 11.2024 -12.9291 167 9.9849 -12.75 167
2 24 118.1738 -8.2716 167 120.3569 -12.687 167
2 24 126.75 -15.75 167 127.0273 -14.5503 167
2 24 19.6431 -12.687 170 19.3615 -20.75 170
2 24 13.2726 -15.7502 170 13.1473 -20.5329 170
2 24 19.3615 -20.75 170 13.1473 -20.5329 170
2 24 23.7499 -4.875 170 23.7499 -7.7562 170
2 24 23.7499 -7.7562 170 21.8263 -8.2716 170
2 24 9.9557 -6.5937 186.5419 9.9557 -7.875 186.25
2 24 19.6431 -12.687 170 21.8263 -8.2716 170
2 24 13.2726 -15.7502 170 12.8895 -14.5975 169.9997
2 24 9.9557 0 170.0017 9.9557 -12.75 170
2 24 11.2257 -12.865 170.0009 9.9557 -12.75 170
2 24 12.2985 -13.538 170.001 12.8895 -14.5975 169.9997
2 24 118.1737 -8.2716 170 120.3569 -12.687 170
2 24 127.1105 -14.5975 169.9997 126.7274 -15.7502 170
2 24 130.0443 -12.75 170 130.0443 -12.6111 186.0944
2 24 130.0443 0 170.0017 130.0443 -12.75 170
2 24 130.0443 -7.875 186.25 130.0443 -12.6111 186.0944
2 24 120.3569 -12.687 170 120.6385 -20.75 170
2 24 120.6385 -20.75 170 126.8527 -20.5329 170
2 24 126.7274 -15.7502 170 126.8527 -20.5329 170
2 24 127.1105 -14.5975 169.9997 127.7015 -13.538 170.001
2 24 127.7015 -13.538 170.001 128.7743 -12.865 170.0009
2 24 128.7743 -12.865 170.0009 130.0443 -12.75 170
2 24 130.0443 0 170.0017 130.0443 -12.75 170
2 24 1.975 -5.25 266.5792 0 -5.25 266.05
2 24 1.9718 -5.25 193.4207 -0.0032 -5.25 193.9499
2 24 -1.9782 -5.25 193.4207 -0.0032 -5.25 193.9499
2 24 -1.975 -5.25 266.5792 0 -5.25 266.05
2 24 -3.4208 -5.25 268.025 -3.95 -5.25 270
2 24 -6.2559 -5.2501 269.9999 -6.2559 -5.2501 268.025
2 24 1.975 -5.25 266.5792 3.4208 -5.25 268.025
2 24 3.4177 -5.25 191.9749 1.9718 -5.25 193.4207
2 24 6.2502 -5.2501 191.9749 6.2517 -5.2501 268.0249
2 24 6.25 0 190 6.25 0 270
2 24 6.2502 -5.2501 191.9749 6.2517 -5.2501 268.0249
2 24 -3.9292 -5.2619 190.0126 -3.424 -5.25 191.9749
2 24 -6.2571 -5.25 190 -6.2571 -5.25 191.9749
2 24 -6.2571 -5.25 190 -6.2571 -5.25 191.9749
2 24 3.926 -5.2619 269.9873 3.4208 -5.25 268.025
2 24 6.2517 -5.2501 269.9999 6.2517 -5.2501 268.0249
2 24 6.2517 -5.2501 269.9999 6.2517 -5.2501 268.0249
2 24 -6.2559 -5.2501 268.025 -6.2571 -5.25 191.9749
2 24 -6.2593 0 289.125 -6.2593 0 170.875
2 24 -6.2559 -5.2501 268.025 -6.2571 -5.25 191.9749
2 24 138.0281 -5.25 193.4207 136.5824 -5.25 191.9749
2 24 138.025 -5.25 266.5792 136.5792 -5.25 268.025
2 24 136.074 -5.2619 269.9873 136.5792 -5.25 268.025
2 24 133.7483 -5.2501 269.9999 133.7483 -5.2501 268.0249
2 24 141.9781 -5.25 193.4207 143.424 -5.25 191.9749
2 24 141.975 -5.25 266.5792 143.4208 -5.25 268.025
2 24 143.9292 -5.2619 190.0126 143.424 -5.25 191.9749
2 24 146.2571 -5.25 190 146.2571 -5.25 191.9749
2 24 146.2571 -5.25 191.9749 146.2559 -5.2501 268.025
2 24 146.2593 0 289.125 146.2593 0 169.9185
2 24 146.2571 -5.25 191.9749 146.2559 -5.2501 268.025
2 24 133.7498 -5.2501 190 133.7498 -5.2501 191.9749
2 24 136.0531 -5.25 189.9999 136.5824 -5.25 191.9749
2 24 133.7498 -5.2501 190 133.7498 -5.2501 191.9749
2 24 133.7483 -5.2501 268.0249 133.7498 -5.2501 191.9749
2 24 133.75 0 290.875 133.75 0 190
2 24 133.7483 -5.2501 268.0249 133.7498 -5.2501 191.9749
2 24 143.95 -5.25 270 143.4208 -5.25 268.025
2 24 146.2559 -5.2501 269.9999 146.2559 -5.2501 268.025
2 24 146.2559 -5.2501 269.9999 146.2559 -5.2501 268.025
2 24 69.9476 0 306.025 81.3721 0 306.025
2 24 70 -8 294.3125 67.8438 -8 293.7347
2 24 61.2462 -8 307.7699 60.0371 -8 307.0256
2 24 65.6875 -8 290 66.2653 -8 292.1563
2 24 58.8111 -8 307.7699 60.0371 -8 307.0256
2 24 67.8438 -8 293.7347 66.2653 -8 292.1563
2 24 91.25 -8 307.8349 92.1651 -8 308.75
2 24 114.1265 -4.2417 293.2982 114.3013 -5.3479 293.3011
2 24 72.1563 -24 286.2653 70 -24 285.6875
2 24 70 -24 285.6875 72.1563 -24 286.2653
2 24 70 0 285.6875 72.1563 0 286.2653
2 24 90.0018 -24 290 105.8009 -24 258.3983
2 24 90.0018 -24 290 90.0009 -8 290
2 24 90.0009 -8 290 105.8009 -8 258.3983
2 24 74.3125 -24 290 73.7347 -24 287.8438
2 24 74.3125 -24 290 90.0018 -24 290
2 24 90.0018 -24 290 105.8009 -24 258.3983
2 24 65.6875 -24 290 66.2653 -24 287.8438
2 24 65.6875 -8 290 65.6875 -24 290
2 24 74.3125 -8 290 74.3125 -24 290
2 24 74.3125 -24 290 73.7347 -24 287.8438
2 24 72.1563 -24 286.2653 73.7347 -24 287.8438
2 24 72.1563 -24 286.2653 73.7347 -24 287.8438
2 24 73.7347 0 287.8438 72.1563 0 286.2653
2 24 74.3125 -24 290 90.0018 -24 290
2 24 74.3125 -24 290 74.3125 -8 290
2 24 90.0018 -24 290 90.0009 -8 290
2 24 74.3125 -8 290 90.0009 -8 290
2 24 105.8009 -24 258.3983 107.9532 -24 253.0267
2 24 105.8009 -8 258.3983 107.9532 -8 253.0267
2 24 105.8009 -24 258.3983 107.9532 -24 253.0267
2 24 109.9781 -8 150 109.9781 -8 240.6104
2 24 109.9781 -24 150 109.9781 -24 240.6104
2 24 109.9781 -24 150 109.9781 -24 240.6104
2 24 109.9781 -24 240.6104 109.6144 -24 245.7847
2 24 109.9781 -24 240.6104 109.6144 -24 245.7847
2 24 109.9781 -8 240.6104 109.6144 -8 245.7847
2 24 107.9532 -24 253.0267 109.6144 -24 245.7847
2 24 107.9532 -24 253.0267 109.6144 -24 245.7847
2 24 107.9532 -8 253.0267 109.6144 -8 245.7847
2 24 66.2653 -24 287.8438 67.8438 -24 286.2653
2 24 66.2653 0 287.8438 67.8438 0 286.2653
2 24 66.2653 -24 287.8438 67.8438 -24 286.2653
2 24 70 -24 285.6875 67.8438 -24 286.2653
2 24 70 -24 285.6875 67.8438 -24 286.2653
2 24 70 0 285.6875 67.8438 0 286.2653
2 24 49.9982 -24 290 65.6875 -24 290
2 24 49.9982 -24 290 49.9982 -8 290
2 24 65.6875 -24 290 65.6875 -8 290
2 24 49.9982 -8 290 65.6875 -8 290
2 24 65.6875 -24 290 49.9982 -24 290
2 24 66.2653 -24 287.8438 65.6875 -24 290
2 24 34.1992 -24 258.3983 49.9982 -24 290
2 24 34.1992 -24 258.3983 49.9982 -24 290
2 24 49.9982 -24 290 49.9982 -8 290
2 24 34.1992 -8 258.3983 49.9982 -8 290
2 24 30.0219 -24 240.6104 30.3856 -24 245.7847
2 24 30.0219 -8 240.6104 30.3856 -8 245.7847
2 24 30.3856 -24 245.7847 30.0219 -24 240.6104
2 24 30.0219 -24 150 30.0219 -24 240.6104
2 24 30.0219 -24 150 30.0219 -24 240.6104
2 24 30.0219 -8 150 30.0219 -8 240.6104
2 24 34.1992 -24 258.3983 32.0468 -24 253.0267
2 24 34.1992 -24 258.3983 32.0468 -24 253.0267
2 24 34.1992 -8 258.3983 32.0468 -8 253.0267
2 24 30.3856 -24 245.7847 32.0468 -24 253.0267
2 24 30.3856 -8 245.7847 32.0468 -8 253.0267
2 24 30.3856 -24 245.7847 32.0468 -24 253.0267
2 24 121.3254 -21.4519 319.0655 121.1958 -22.8272 318.682
2 24 120.9029 -23.7479 317.6945 120.575 -24 316.6125
2 24 120.5751 -8.0013 316.6125 120.575 -24 316.6125
2 24 123.5 -24 316.6125 123.5001 -23.7565 317.6772
2 24 123.5001 -22.8297 318.6797 123.5001 -21.4692 319.0655
2 24 22.5 -23.7565 317.6772 22.5 -24 316.6125
2 24 22.5 -22.8297 318.6797 22.5 -21.4692 319.0655
2 24 20.3254 -21.4519 319.0655 20.1958 -22.8272 318.682
2 24 19.9029 -23.7479 317.6945 19.5749 -24 316.6125
2 24 19.5787 -8.0927 316.6251 19.5749 -24 316.6125
2 24 127.5532 -11.1764 317.1475 126.3918 -13.472 318.4581
2 24 128.359 -7.99 310.8618 128.0053 -8 312.0299
2 24 126.721 -7.99 310 126.7184 -7.9899 302.1125
2 24 123.2545 -7.8706 302.1046 126.7184 -7.9899 302.1125
2 24 120.5753 -8 299.1125 120.5751 -8.0013 316.6125
2 24 138.0193 -5.25 270 138.2847 -5.25 270.9904
2 24 140.9904 -5.25 271.7153 141.7153 -5.25 270.9904
2 24 141.9807 -5.25 270 141.7153 -5.25 270.9904
2 24 139.0096 -5.25 271.7153 140 -5.25 271.9807
2 24 140.9904 -5.25 271.7153 140 -5.25 271.9807
2 24 138.2847 -5.25 270.9904 139.0096 -5.25 271.7153
2 24 70.0524 0 310 79.85 0 310
2 24 79.85 0 310 79.85 -8 310
2 24 70.0524 -8 310 79.85 -8 310
2 24 72.1563 -8 293.7347 70 -8 294.3125
2 24 79.85 -8 310 70.0524 -8 310
2 24 94.9036 -8 306.2878 94.2178 -8 306.6748
2 24 94.9036 0 306.2878 94.2178 0 306.6748
2 24 94.2178 -8 306.6748 94.2178 0 306.6748
2 24 94.2178 -8 306.6748 94.9036 -8 306.2878
2 24 84.959 0 306.3115 85.6418 0 306.6551
2 24 85.6418 0 306.6551 85.6418 -8 306.6551
2 24 84.959 -8 306.3115 85.6418 -8 306.6551
2 24 85.6418 0 306.6551 84.959 0 306.3115
2 24 85.8377 0 303.7349 83.4755 0 305.0728
2 24 96.5038 0 306.3 94.9036 0 306.2878
2 24 74.3125 -8 290 73.7347 -8 292.1563
2 24 84.959 -8 306.3115 83.3658 -8 306.3
2 24 50.7495 -4.875 10 23.75 -4.875 10
2 24 49.9301 0 10 25.875 0 10
2 24 50.7495 -4.875 10 23.75 -4.875 10
2 24 89.8363 -4.875 290 116.25 -4.875 290
2 24 89.944 0 290 114.125 0 290
2 24 89.8363 -4.875 290 116.25 -4.875 290
2 24 140 -5.25 53.9382 141.9691 -5.25 53.4106
2 24 140 0 53.9382 141.9691 0 53.4106
2 24 140 -5.25 53.9382 138.0309 -5.25 53.4106
2 24 140 0 53.9382 138.0309 0 53.4106
2 24 138.0309 -5.25 53.4106 136.5894 -5.25 51.9691
2 24 138.0309 0 53.4106 136.5894 0 51.9691
2 24 136.5894 -5.25 51.9691 136.0618 -5.25 50
2 24 136.5894 0 51.9691 136.0618 0 50
2 24 136.0618 -5.25 50 136.5894 -5.25 48.0309
2 24 136.0618 0 50 136.5894 0 48.0309
2 24 136.5894 -5.25 48.0309 138.0309 -5.25 46.5894
2 24 136.5894 0 48.0309 138.0309 0 46.5894
2 24 138.0309 -5.25 46.5894 140 -5.25 46.0618
2 24 138.0309 0 46.5894 140 0 46.0618
2 24 140 -5.25 46.0618 141.9691 -5.25 46.5894
2 24 140 0 46.0618 141.9691 0 46.5894
2 24 141.9691 -5.25 46.5894 143.4106 -5.25 48.0309
2 24 141.9691 0 46.5894 143.4106 0 48.0309
2 24 143.4106 -5.25 48.0309 143.9382 -5.25 50
2 24 143.4106 0 48.0309 143.9382 0 50
2 24 143.9382 -5.25 50 143.4106 -5.25 51.9691
2 24 143.9382 0 50 143.4106 0 51.9691
2 24 141.9691 0 53.4106 143.4106 0 51.9691
2 24 141.9691 -5.25 53.4106 143.4106 -5.25 51.9691
2 24 141.9691 0 53.4106 140 0 53.9382
2 24 141.9691 0 53.4106 143.4106 0 51.9691
2 24 143.4106 0 51.9691 143.9382 0 50
2 24 143.9382 0 50 143.4106 0 48.0309
2 24 143.4106 0 48.0309 141.9691 0 46.5894
2 24 141.9691 0 46.5894 140 0 46.0618
2 24 140 0 46.0618 138.0309 0 46.5894
2 24 138.0309 0 46.5894 136.5894 0 48.0309
2 24 136.5894 0 48.0309 136.0618 0 50
2 24 136.0618 0 50 136.5894 0 51.9691
2 24 136.5894 0 51.9691 138.0309 0 53.4106
2 24 140 0 53.9382 138.0309 0 53.4106
2 24 140 -5.25 233.9382 141.9691 -5.25 233.4106
2 24 140 0 233.9382 141.9691 0 233.4106
2 24 140 -5.25 233.9382 138.0309 -5.25 233.4106
2 24 140 0 233.9382 138.0309 0 233.4106
2 24 138.0309 -5.25 233.4106 136.5894 -5.25 231.9691
2 24 138.0309 0 233.4106 136.5894 0 231.9691
2 24 136.5894 -5.25 231.9691 136.0618 -5.25 230
2 24 136.5894 0 231.9691 136.0618 0 230
2 24 136.0618 -5.25 230 136.5894 -5.25 228.0309
2 24 136.0618 0 230 136.5894 0 228.0309
2 24 136.5894 -5.25 228.0309 138.0309 -5.25 226.5894
2 24 136.5894 0 228.0309 138.0309 0 226.5894
2 24 138.0309 -5.25 226.5894 140 -5.25 226.0618
2 24 138.0309 0 226.5894 140 0 226.0618
2 24 140 -5.25 226.0618 141.9691 -5.25 226.5894
2 24 140 0 226.0618 141.9691 0 226.5894
2 24 141.9691 -5.25 226.5894 143.4106 -5.25 228.0309
2 24 141.9691 0 226.5894 143.4106 0 228.0309
2 24 143.4106 -5.25 228.0309 143.9382 -5.25 230
2 24 143.4106 0 228.0309 143.9382 0 230
2 24 143.9382 -5.25 230 143.4106 -5.25 231.9691
2 24 143.9382 0 230 143.4106 0 231.9691
2 24 141.9691 0 233.4106 143.4106 0 231.9691
2 24 141.9691 -5.25 233.4106 143.4106 -5.25 231.9691
2 24 141.9691 0 233.4106 140 0 233.9382
2 24 141.9691 0 233.4106 143.4106 0 231.9691
2 24 143.4106 0 231.9691 143.9382 0 230
2 24 143.9382 0 230 143.4106 0 228.0309
2 24 143.4106 0 228.0309 141.9691 0 226.5894
2 24 141.9691 0 226.5894 140 0 226.0618
2 24 140 0 226.0618 138.0309 0 226.5894
2 24 138.0309 0 226.5894 136.5894 0 228.0309
2 24 136.5894 0 228.0309 136.0618 0 230
2 24 136.0618 0 230 136.5894 0 231.9691
2 24 136.5894 0 231.9691 138.0309 0 233.4106
2 24 140 0 233.9382 138.0309 0 233.4106
2 24 0 -5.25 93.9382 1.9691 -5.25 93.4106
2 24 0 0 93.9382 1.9691 0 93.4106
2 24 0 -5.25 93.9382 -1.9691 -5.25 93.4106
2 24 0 0 93.9382 -1.9691 0 93.4106
2 24 -1.9691 -5.25 93.4106 -3.4106 -5.25 91.9691
2 24 -1.9691 0 93.4106 -3.4106 0 91.9691
2 24 -3.4106 -5.25 91.9691 -3.9382 -5.25 90
2 24 -3.4106 0 91.9691 -3.9382 0 90
2 24 -3.9382 -5.25 90 -3.4106 -5.25 88.0309
2 24 -3.9382 0 90 -3.4106 0 88.0309
2 24 -3.4106 -5.25 88.0309 -1.9691 -5.25 86.5894
2 24 -3.4106 0 88.0309 -1.9691 0 86.5894
2 24 -1.9691 -5.25 86.5894 0 -5.25 86.0618
2 24 -1.9691 0 86.5894 0 0 86.0618
2 24 0 -5.25 86.0618 1.9691 -5.25 86.5894
2 24 0 0 86.0618 1.9691 0 86.5894
2 24 1.9691 -5.25 86.5894 3.4106 -5.25 88.0309
2 24 1.9691 0 86.5894 3.4106 0 88.0309
2 24 3.4106 -5.25 88.0309 3.9382 -5.25 90
2 24 3.4106 0 88.0309 3.9382 0 90
2 24 3.9382 -5.25 90 3.4106 -5.25 91.9691
2 24 3.9382 0 90 3.4106 0 91.9691
2 24 1.9691 0 93.4106 3.4106 0 91.9691
2 24 1.9691 -5.25 93.4106 3.4106 -5.25 91.9691
2 24 1.9691 0 93.4106 0 0 93.9382
2 24 1.9691 0 93.4106 3.4106 0 91.9691
2 24 3.4106 0 91.9691 3.9382 0 90
2 24 3.9382 0 90 3.4106 0 88.0309
2 24 3.4106 0 88.0309 1.9691 0 86.5894
2 24 1.9691 0 86.5894 0 0 86.0618
2 24 0 0 86.0618 -1.9691 0 86.5894
2 24 -1.9691 0 86.5894 -3.4106 0 88.0309
2 24 -3.4106 0 88.0309 -3.9382 0 90
2 24 -3.9382 0 90 -3.4106 0 91.9691
2 24 -3.4106 0 91.9691 -1.9691 0 93.4106
2 24 0 0 93.9382 -1.9691 0 93.4106
2 24 0 -5.25 213.9382 1.9691 -5.25 213.4106
2 24 0 0 213.9382 1.9691 0 213.4106
2 24 0 -5.25 213.9382 -1.9691 -5.25 213.4106
2 24 0 0 213.9382 -1.9691 0 213.4106
2 24 -1.9691 -5.25 213.4106 -3.4106 -5.25 211.9691
2 24 -1.9691 0 213.4106 -3.4106 0 211.9691
2 24 -3.4106 -5.25 211.9691 -3.9382 -5.25 210
2 24 -3.4106 0 211.9691 -3.9382 0 210
2 24 -3.9382 -5.25 210 -3.4106 -5.25 208.0309
2 24 -3.9382 0 210 -3.4106 0 208.0309
2 24 -3.4106 -5.25 208.0309 -1.9691 -5.25 206.5894
2 24 -3.4106 0 208.0309 -1.9691 0 206.5894
2 24 -1.9691 -5.25 206.5894 0 -5.25 206.0618
2 24 -1.9691 0 206.5894 0 0 206.0618
2 24 0 -5.25 206.0618 1.9691 -5.25 206.5894
2 24 0 0 206.0618 1.9691 0 206.5894
2 24 1.9691 -5.25 206.5894 3.4106 -5.25 208.0309
2 24 1.9691 0 206.5894 3.4106 0 208.0309
2 24 3.4106 -5.25 208.0309 3.9382 -5.25 210
2 24 3.4106 0 208.0309 3.9382 0 210
2 24 3.9382 -5.25 210 3.4106 -5.25 211.9691
2 24 3.9382 0 210 3.4106 0 211.9691
2 24 1.9691 0 213.4106 3.4106 0 211.9691
2 24 1.9691 -5.25 213.4106 3.4106 -5.25 211.9691
2 24 1.9691 0 213.4106 0 0 213.9382
2 24 1.9691 0 213.4106 3.4106 0 211.9691
2 24 3.4106 0 211.9691 3.9382 0 210
2 24 3.9382 0 210 3.4106 0 208.0309
2 24 3.4106 0 208.0309 1.9691 0 206.5894
2 24 1.9691 0 206.5894 0 0 206.0618
2 24 0 0 206.0618 -1.9691 0 206.5894
2 24 -1.9691 0 206.5894 -3.4106 0 208.0309
2 24 -3.4106 0 208.0309 -3.9382 0 210
2 24 -3.9382 0 210 -3.4106 0 211.9691
2 24 -3.4106 0 211.9691 -1.9691 0 213.4106
2 24 0 0 213.9382 -1.9691 0 213.4106
2 24 140 -5.25 213.9382 141.9691 -5.25 213.4106
2 24 140 0 213.9382 141.9691 0 213.4106
2 24 140 -5.25 213.9382 138.0309 -5.25 213.4106
2 24 140 0 213.9382 138.0309 0 213.4106
2 24 138.0309 -5.25 213.4106 136.5894 -5.25 211.9691
2 24 138.0309 0 213.4106 136.5894 0 211.9691
2 24 136.5894 -5.25 211.9691 136.0618 -5.25 210
2 24 136.5894 0 211.9691 136.0618 0 210
2 24 136.0618 -5.25 210 136.5894 -5.25 208.0309
2 24 136.0618 0 210 136.5894 0 208.0309
2 24 136.5894 -5.25 208.0309 138.0309 -5.25 206.5894
2 24 136.5894 0 208.0309 138.0309 0 206.5894
2 24 138.0309 -5.25 206.5894 140 -5.25 206.0618
2 24 138.0309 0 206.5894 140 0 206.0618
2 24 140 -5.25 206.0618 141.9691 -5.25 206.5894
2 24 140 0 206.0618 141.9691 0 206.5894
2 24 141.9691 -5.25 206.5894 143.4106 -5.25 208.0309
2 24 141.9691 0 206.5894 143.4106 0 208.0309
2 24 143.4106 -5.25 208.0309 143.9382 -5.25 210
2 24 143.4106 0 208.0309 143.9382 0 210
2 24 143.9382 -5.25 210 143.4106 -5.25 211.9691
2 24 143.9382 0 210 143.4106 0 211.9691
2 24 141.9691 0 213.4106 143.4106 0 211.9691
2 24 141.9691 -5.25 213.4106 143.4106 -5.25 211.9691
2 24 141.9691 0 213.4106 140 0 213.9382
2 24 141.9691 0 213.4106 143.4106 0 211.9691
2 24 143.4106 0 211.9691 143.9382 0 210
2 24 143.9382 0 210 143.4106 0 208.0309
2 24 143.4106 0 208.0309 141.9691 0 206.5894
2 24 141.9691 0 206.5894 140 0 206.0618
2 24 140 0 206.0618 138.0309 0 206.5894
2 24 138.0309 0 206.5894 136.5894 0 208.0309
2 24 136.5894 0 208.0309 136.0618 0 210
2 24 136.0618 0 210 136.5894 0 211.9691
2 24 136.5894 0 211.9691 138.0309 0 213.4106
2 24 140 0 213.9382 138.0309 0 213.4106
2 24 140 -5.25 253.9382 141.9691 -5.25 253.4106
2 24 140 0 253.9382 141.9691 0 253.4106
2 24 140 -5.25 253.9382 138.0309 -5.25 253.4106
2 24 140 0 253.9382 138.0309 0 253.4106
2 24 138.0309 -5.25 253.4106 136.5894 -5.25 251.9691
2 24 138.0309 0 253.4106 136.5894 0 251.9691
2 24 136.5894 -5.25 251.9691 136.0618 -5.25 250
2 24 136.5894 0 251.9691 136.0618 0 250
2 24 136.0618 -5.25 250 136.5894 -5.25 248.0309
2 24 136.0618 0 250 136.5894 0 248.0309
2 24 136.5894 -5.25 248.0309 138.0309 -5.25 246.5894
2 24 136.5894 0 248.0309 138.0309 0 246.5894
2 24 138.0309 -5.25 246.5894 140 -5.25 246.0618
2 24 138.0309 0 246.5894 140 0 246.0618
2 24 140 -5.25 246.0618 141.9691 -5.25 246.5894
2 24 140 0 246.0618 141.9691 0 246.5894
2 24 141.9691 -5.25 246.5894 143.4106 -5.25 248.0309
2 24 141.9691 0 246.5894 143.4106 0 248.0309
2 24 143.4106 -5.25 248.0309 143.9382 -5.25 250
2 24 143.4106 0 248.0309 143.9382 0 250
2 24 143.9382 -5.25 250 143.4106 -5.25 251.9691
2 24 143.9382 0 250 143.4106 0 251.9691
2 24 141.9691 0 253.4106 143.4106 0 251.9691
2 24 141.9691 -5.25 253.4106 143.4106 -5.25 251.9691
2 24 141.9691 0 253.4106 140 0 253.9382
2 24 141.9691 0 253.4106 143.4106 0 251.9691
2 24 143.4106 0 251.9691 143.9382 0 250
2 24 143.9382 0 250 143.4106 0 248.0309
2 24 143.4106 0 248.0309 141.9691 0 246.5894
2 24 141.9691 0 246.5894 140 0 246.0618
2 24 140 0 246.0618 138.0309 0 246.5894
2 24 138.0309 0 246.5894 136.5894 0 248.0309
2 24 136.5894 0 248.0309 136.0618 0 250
2 24 136.0618 0 250 136.5894 0 251.9691
2 24 136.5894 0 251.9691 138.0309 0 253.4106
2 24 140 0 253.9382 138.0309 0 253.4106
2 24 140 -5.25 93.9382 141.9691 -5.25 93.4106
2 24 140 0 93.9382 141.9691 0 93.4106
2 24 140 -5.25 93.9382 138.0309 -5.25 93.4106
2 24 140 0 93.9382 138.0309 0 93.4106
2 24 138.0309 -5.25 93.4106 136.5894 -5.25 91.9691
2 24 138.0309 0 93.4106 136.5894 0 91.9691
2 24 136.5894 -5.25 91.9691 136.0618 -5.25 90
2 24 136.5894 0 91.9691 136.0618 0 90
2 24 136.0618 -5.25 90 136.5894 -5.25 88.0309
2 24 136.0618 0 90 136.5894 0 88.0309
2 24 136.5894 -5.25 88.0309 138.0309 -5.25 86.5894
2 24 136.5894 0 88.0309 138.0309 0 86.5894
2 24 138.0309 -5.25 86.5894 140 -5.25 86.0618
2 24 138.0309 0 86.5894 140 0 86.0618
2 24 140 -5.25 86.0618 141.9691 -5.25 86.5894
2 24 140 0 86.0618 141.9691 0 86.5894
2 24 141.9691 -5.25 86.5894 143.4106 -5.25 88.0309
2 24 141.9691 0 86.5894 143.4106 0 88.0309
2 24 143.4106 -5.25 88.0309 143.9382 -5.25 90
2 24 143.4106 0 88.0309 143.9382 0 90
2 24 143.9382 -5.25 90 143.4106 -5.25 91.9691
2 24 143.9382 0 90 143.4106 0 91.9691
2 24 141.9691 0 93.4106 143.4106 0 91.9691
2 24 141.9691 -5.25 93.4106 143.4106 -5.25 91.9691
2 24 141.9691 0 93.4106 140 0 93.9382
2 24 141.9691 0 93.4106 143.4106 0 91.9691
2 24 143.4106 0 91.9691 143.9382 0 90
2 24 143.9382 0 90 143.4106 0 88.0309
2 24 143.4106 0 88.0309 141.9691 0 86.5894
2 24 141.9691 0 86.5894 140 0 86.0618
2 24 140 0 86.0618 138.0309 0 86.5894
2 24 138.0309 0 86.5894 136.5894 0 88.0309
2 24 136.5894 0 88.0309 136.0618 0 90
2 24 136.0618 0 90 136.5894 0 91.9691
2 24 136.5894 0 91.9691 138.0309 0 93.4106
2 24 140 0 93.9382 138.0309 0 93.4106
2 24 0 -5.25 53.9382 1.9691 -5.25 53.4106
2 24 0 0 53.9382 1.9691 0 53.4106
2 24 0 -5.25 53.9382 -1.9691 -5.25 53.4106
2 24 0 0 53.9382 -1.9691 0 53.4106
2 24 -1.9691 -5.25 53.4106 -3.4106 -5.25 51.9691
2 24 -1.9691 0 53.4106 -3.4106 0 51.9691
2 24 -3.4106 -5.25 51.9691 -3.9382 -5.25 50
2 24 -3.4106 0 51.9691 -3.9382 0 50
2 24 -3.9382 -5.25 50 -3.4106 -5.25 48.0309
2 24 -3.9382 0 50 -3.4106 0 48.0309
2 24 -3.4106 -5.25 48.0309 -1.9691 -5.25 46.5894
2 24 -3.4106 0 48.0309 -1.9691 0 46.5894
2 24 -1.9691 -5.25 46.5894 0 -5.25 46.0618
2 24 -1.9691 0 46.5894 0 0 46.0618
2 24 0 -5.25 46.0618 1.9691 -5.25 46.5894
2 24 0 0 46.0618 1.9691 0 46.5894
2 24 1.9691 -5.25 46.5894 3.4106 -5.25 48.0309
2 24 1.9691 0 46.5894 3.4106 0 48.0309
2 24 3.4106 -5.25 48.0309 3.9382 -5.25 50
2 24 3.4106 0 48.0309 3.9382 0 50
2 24 3.9382 -5.25 50 3.4106 -5.25 51.9691
2 24 3.9382 0 50 3.4106 0 51.9691
2 24 1.9691 0 53.4106 3.4106 0 51.9691
2 24 1.9691 -5.25 53.4106 3.4106 -5.25 51.9691
2 24 1.9691 0 53.4106 0 0 53.9382
2 24 1.9691 0 53.4106 3.4106 0 51.9691
2 24 3.4106 0 51.9691 3.9382 0 50
2 24 3.9382 0 50 3.4106 0 48.0309
2 24 3.4106 0 48.0309 1.9691 0 46.5894
2 24 1.9691 0 46.5894 0 0 46.0618
2 24 0 0 46.0618 -1.9691 0 46.5894
2 24 -1.9691 0 46.5894 -3.4106 0 48.0309
2 24 -3.4106 0 48.0309 -3.9382 0 50
2 24 -3.9382 0 50 -3.4106 0 51.9691
2 24 -3.4106 0 51.9691 -1.9691 0 53.4106
2 24 0 0 53.9382 -1.9691 0 53.4106
2 24 0 -5.25 233.9382 1.9691 -5.25 233.4106
2 24 0 0 233.9382 1.9691 0 233.4106
2 24 0 -5.25 233.9382 -1.9691 -5.25 233.4106
2 24 0 0 233.9382 -1.9691 0 233.4106
2 24 -1.9691 -5.25 233.4106 -3.4106 -5.25 231.9691
2 24 -1.9691 0 233.4106 -3.4106 0 231.9691
2 24 -3.4106 -5.25 231.9691 -3.9382 -5.25 230
2 24 -3.4106 0 231.9691 -3.9382 0 230
2 24 -3.9382 -5.25 230 -3.4106 -5.25 228.0309
2 24 -3.9382 0 230 -3.4106 0 228.0309
2 24 -3.4106 -5.25 228.0309 -1.9691 -5.25 226.5894
2 24 -3.4106 0 228.0309 -1.9691 0 226.5894
2 24 -1.9691 -5.25 226.5894 0 -5.25 226.0618
2 24 -1.9691 0 226.5894 0 0 226.0618
2 24 0 -5.25 226.0618 1.9691 -5.25 226.5894
2 24 0 0 226.0618 1.9691 0 226.5894
2 24 1.9691 -5.25 226.5894 3.4106 -5.25 228.0309
2 24 1.9691 0 226.5894 3.4106 0 228.0309
2 24 3.4106 -5.25 228.0309 3.9382 -5.25 230
2 24 3.4106 0 228.0309 3.9382 0 230
2 24 3.9382 -5.25 230 3.4106 -5.25 231.9691
2 24 3.9382 0 230 3.4106 0 231.9691
2 24 1.9691 0 233.4106 3.4106 0 231.9691
2 24 1.9691 -5.25 233.4106 3.4106 -5.25 231.9691
2 24 1.9691 0 233.4106 0 0 233.9382
2 24 1.9691 0 233.4106 3.4106 0 231.9691
2 24 3.4106 0 231.9691 3.9382 0 230
2 24 3.9382 0 230 3.4106 0 228.0309
2 24 3.4106 0 228.0309 1.9691 0 226.5894
2 24 1.9691 0 226.5894 0 0 226.0618
2 24 0 0 226.0618 -1.9691 0 226.5894
2 24 -1.9691 0 226.5894 -3.4106 0 228.0309
2 24 -3.4106 0 228.0309 -3.9382 0 230
2 24 -3.9382 0 230 -3.4106 0 231.9691
2 24 -3.4106 0 231.9691 -1.9691 0 233.4106
2 24 0 0 233.9382 -1.9691 0 233.4106
2 24 140 -5.25 73.9382 141.9691 -5.25 73.4106
2 24 140 0 73.9382 141.9691 0 73.4106
2 24 140 -5.25 73.9382 138.0309 -5.25 73.4106
2 24 140 0 73.9382 138.0309 0 73.4106
2 24 138.0309 -5.25 73.4106 136.5894 -5.25 71.9691
2 24 138.0309 0 73.4106 136.5894 0 71.9691
2 24 136.5894 -5.25 71.9691 136.0618 -5.25 70
2 24 136.5894 0 71.9691 136.0618 0 70
2 24 136.0618 -5.25 70 136.5894 -5.25 68.0309
2 24 136.0618 0 70 136.5894 0 68.0309
2 24 136.5894 -5.25 68.0309 138.0309 -5.25 66.5894
2 24 136.5894 0 68.0309 138.0309 0 66.5894
2 24 138.0309 -5.25 66.5894 140 -5.25 66.0618
2 24 138.0309 0 66.5894 140 0 66.0618
2 24 140 -5.25 66.0618 141.9691 -5.25 66.5894
2 24 140 0 66.0618 141.9691 0 66.5894
2 24 141.9691 -5.25 66.5894 143.4106 -5.25 68.0309
2 24 141.9691 0 66.5894 143.4106 0 68.0309
2 24 143.4106 -5.25 68.0309 143.9382 -5.25 70
2 24 143.4106 0 68.0309 143.9382 0 70
2 24 143.9382 -5.25 70 143.4106 -5.25 71.9691
2 24 143.9382 0 70 143.4106 0 71.9691
2 24 141.9691 0 73.4106 143.4106 0 71.9691
2 24 141.9691 -5.25 73.4106 143.4106 -5.25 71.9691
2 24 141.9691 0 73.4106 140 0 73.9382
2 24 141.9691 0 73.4106 143.4106 0 71.9691
2 24 143.4106 0 71.9691 143.9382 0 70
2 24 143.9382 0 70 143.4106 0 68.0309
2 24 143.4106 0 68.0309 141.9691 0 66.5894
2 24 141.9691 0 66.5894 140 0 66.0618
2 24 140 0 66.0618 138.0309 0 66.5894
2 24 138.0309 0 66.5894 136.5894 0 68.0309
2 24 136.5894 0 68.0309 136.0618 0 70
2 24 136.0618 0 70 136.5894 0 71.9691
2 24 136.5894 0 71.9691 138.0309 0 73.4106
2 24 140 0 73.9382 138.0309 0 73.4106
2 24 0 -5.25 253.9382 1.9691 -5.25 253.4106
2 24 0 0 253.9382 1.9691 0 253.4106
2 24 0 -5.25 253.9382 -1.9691 -5.25 253.4106
2 24 0 0 253.9382 -1.9691 0 253.4106
2 24 -1.9691 -5.25 253.4106 -3.4106 -5.25 251.9691
2 24 -1.9691 0 253.4106 -3.4106 0 251.9691
2 24 -3.4106 -5.25 251.9691 -3.9382 -5.25 250
2 24 -3.4106 0 251.9691 -3.9382 0 250
2 24 -3.9382 -5.25 250 -3.4106 -5.25 248.0309
2 24 -3.9382 0 250 -3.4106 0 248.0309
2 24 -3.4106 -5.25 248.0309 -1.9691 -5.25 246.5894
2 24 -3.4106 0 248.0309 -1.9691 0 246.5894
2 24 -1.9691 -5.25 246.5894 0 -5.25 246.0618
2 24 -1.9691 0 246.5894 0 0 246.0618
2 24 0 -5.25 246.0618 1.9691 -5.25 246.5894
2 24 0 0 246.0618 1.9691 0 246.5894
2 24 1.9691 -5.25 246.5894 3.4106 -5.25 248.0309
2 24 1.9691 0 246.5894 3.4106 0 248.0309
2 24 3.4106 -5.25 248.0309 3.9382 -5.25 250
2 24 3.4106 0 248.0309 3.9382 0 250
2 24 3.9382 -5.25 250 3.4106 -5.25 251.9691
2 24 3.9382 0 250 3.4106 0 251.9691
2 24 1.9691 0 253.4106 3.4106 0 251.9691
2 24 1.9691 -5.25 253.4106 3.4106 -5.25 251.9691
2 24 1.9691 0 253.4106 0 0 253.9382
2 24 1.9691 0 253.4106 3.4106 0 251.9691
2 24 3.4106 0 251.9691 3.9382 0 250
2 24 3.9382 0 250 3.4106 0 248.0309
2 24 3.4106 0 248.0309 1.9691 0 246.5894
2 24 1.9691 0 246.5894 0 0 246.0618
2 24 0 0 246.0618 -1.9691 0 246.5894
2 24 -1.9691 0 246.5894 -3.4106 0 248.0309
2 24 -3.4106 0 248.0309 -3.9382 0 250
2 24 -3.9382 0 250 -3.4106 0 251.9691
2 24 -3.4106 0 251.9691 -1.9691 0 253.4106
2 24 0 0 253.9382 -1.9691 0 253.4106
2 24 0 -5.25 73.9382 1.9691 -5.25 73.4106
2 24 0 0 73.9382 1.9691 0 73.4106
2 24 0 -5.25 73.9382 -1.9691 -5.25 73.4106
2 24 0 0 73.9382 -1.9691 0 73.4106
2 24 -1.9691 -5.25 73.4106 -3.4106 -5.25 71.9691
2 24 -1.9691 0 73.4106 -3.4106 0 71.9691
2 24 -3.4106 -5.25 71.9691 -3.9382 -5.25 70
2 24 -3.4106 0 71.9691 -3.9382 0 70
2 24 -3.9382 -5.25 70 -3.4106 -5.25 68.0309
2 24 -3.9382 0 70 -3.4106 0 68.0309
2 24 -3.4106 -5.25 68.0309 -1.9691 -5.25 66.5894
2 24 -3.4106 0 68.0309 -1.9691 0 66.5894
2 24 -1.9691 -5.25 66.5894 0 -5.25 66.0618
2 24 -1.9691 0 66.5894 0 0 66.0618
2 24 0 -5.25 66.0618 1.9691 -5.25 66.5894
2 24 0 0 66.0618 1.9691 0 66.5894
2 24 1.9691 -5.25 66.5894 3.4106 -5.25 68.0309
2 24 1.9691 0 66.5894 3.4106 0 68.0309
2 24 3.4106 -5.25 68.0309 3.9382 -5.25 70
2 24 3.4106 0 68.0309 3.9382 0 70
2 24 3.9382 -5.25 70 3.4106 -5.25 71.9691
2 24 3.9382 0 70 3.4106 0 71.9691
2 24 1.9691 0 73.4106 3.4106 0 71.9691
2 24 1.9691 -5.25 73.4106 3.4106 -5.25 71.9691
2 24 1.9691 0 73.4106 0 0 73.9382
2 24 1.9691 0 73.4106 3.4106 0 71.9691
2 24 3.4106 0 71.9691 3.9382 0 70
2 24 3.9382 0 70 3.4106 0 68.0309
2 24 3.4106 0 68.0309 1.9691 0 66.5894
2 24 1.9691 0 66.5894 0 0 66.0618
2 24 0 0 66.0618 -1.9691 0 66.5894
2 24 -1.9691 0 66.5894 -3.4106 0 68.0309
2 24 -3.4106 0 68.0309 -3.9382 0 70
2 24 -3.9382 0 70 -3.4106 0 71.9691
2 24 -3.4106 0 71.9691 -1.9691 0 73.4106
2 24 0 0 73.9382 -1.9691 0 73.4106
2 24 136.874 -12.45 45.4144 134.5856 -12.45 43.126
2 24 134.5856 -12.45 43.126 133.748 -12.45 40
2 24 133.748 -12.45 40 134.5856 -12.45 36.874
2 24 134.5856 -12.45 36.874 136.874 -12.45 34.5856
2 24 136.874 -12.45 34.5856 140 -12.45 33.748
2 24 140 -12.45 33.748 143.126 -12.45 34.5856
2 24 143.126 -12.45 34.5856 145.4144 -12.45 36.874
2 24 145.4144 -12.45 36.874 146.252 -12.45 40
2 24 146.252 -12.45 40 145.4144 -12.45 43.126
2 24 145.4144 -12.45 43.126 143.126 -12.45 45.4144
2 24 143.126 -12.45 45.4144 140 -12.45 46.252
2 24 136.874 -12.45 45.4144 140 -12.45 46.252
2 24 136.874 -8 45.4144 134.5856 -8 43.126
2 24 136.874 -12.45 45.4144 134.5856 -12.45 43.126
2 24 134.5856 -8 43.126 133.748 -8 40
2 24 134.5856 -12.45 43.126 133.748 -12.45 40
2 24 133.748 -8 40 134.5856 -8 36.874
2 24 133.748 -12.45 40 134.5856 -12.45 36.874
2 24 134.5856 -8 36.874 136.874 -8 34.5856
2 24 134.5856 -12.45 36.874 136.874 -12.45 34.5856
2 24 136.874 -8 34.5856 140 -8 33.748
2 24 136.874 -12.45 34.5856 140 -12.45 33.748
2 24 140 -8 33.748 143.126 -8 34.5856
2 24 140 -12.45 33.748 143.126 -12.45 34.5856
2 24 143.126 -8 34.5856 145.4144 -8 36.874
2 24 143.126 -12.45 34.5856 145.4144 -12.45 36.874
2 24 145.4144 -8 36.874 146.252 -8 40
2 24 145.4144 -12.45 36.874 146.252 -12.45 40
2 24 146.252 -8 40 145.4144 -8 43.126
2 24 146.252 -12.45 40 145.4144 -12.45 43.126
2 24 145.4144 -8 43.126 143.126 -8 45.4144
2 24 145.4144 -12.45 43.126 143.126 -12.45 45.4144
2 24 143.126 -8 45.4144 140 -8 46.252
2 24 143.126 -12.45 45.4144 140 -12.45 46.252
2 24 136.874 -8 45.4144 140 -8 46.252
2 24 136.874 -12.45 45.4144 140 -12.45 46.252
2 24 -3.126 -12.45 85.4144 -5.4144 -12.45 83.126
2 24 -5.4144 -12.45 83.126 -6.252 -12.45 80
2 24 -6.252 -12.45 80 -5.4144 -12.45 76.874
2 24 -5.4144 -12.45 76.874 -3.126 -12.45 74.5856
2 24 -3.126 -12.45 74.5856 0 -12.45 73.748
2 24 0 -12.45 73.748 3.126 -12.45 74.5856
2 24 3.126 -12.45 74.5856 5.4144 -12.45 76.874
2 24 5.4144 -12.45 76.874 6.252 -12.45 80
2 24 6.252 -12.45 80 5.4144 -12.45 83.126
2 24 5.4144 -12.45 83.126 3.126 -12.45 85.4144
2 24 3.126 -12.45 85.4144 0 -12.45 86.252
2 24 -3.126 -12.45 85.4144 0 -12.45 86.252
2 24 -3.126 -8 85.4144 -5.4144 -8 83.126
2 24 -3.126 -12.45 85.4144 -5.4144 -12.45 83.126
2 24 -5.4144 -8 83.126 -6.252 -8 80
2 24 -5.4144 -12.45 83.126 -6.252 -12.45 80
2 24 -6.252 -8 80 -5.4144 -8 76.874
2 24 -6.252 -12.45 80 -5.4144 -12.45 76.874
2 24 -5.4144 -8 76.874 -3.126 -8 74.5856
2 24 -5.4144 -12.45 76.874 -3.126 -12.45 74.5856
2 24 -3.126 -8 74.5856 0 -8 73.748
2 24 -3.126 -12.45 74.5856 0 -12.45 73.748
2 24 0 -8 73.748 3.126 -8 74.5856
2 24 0 -12.45 73.748 3.126 -12.45 74.5856
2 24 3.126 -8 74.5856 5.4144 -8 76.874
2 24 3.126 -12.45 74.5856 5.4144 -12.45 76.874
2 24 5.4144 -8 76.874 6.252 -8 80
2 24 5.4144 -12.45 76.874 6.252 -12.45 80
2 24 6.252 -8 80 5.4144 -8 83.126
2 24 6.252 -12.45 80 5.4144 -12.45 83.126
2 24 5.4144 -8 83.126 3.126 -8 85.4144
2 24 5.4144 -12.45 83.126 3.126 -12.45 85.4144
2 24 3.126 -8 85.4144 0 -8 86.252
2 24 3.126 -12.45 85.4144 0 -12.45 86.252
2 24 -3.126 -8 85.4144 0 -8 86.252
2 24 -3.126 -12.45 85.4144 0 -12.45 86.252
2 24 -3.126 -12.45 225.4144 -5.4144 -12.45 223.126
2 24 -5.4144 -12.45 223.126 -6.252 -12.45 220
2 24 -6.252 -12.45 220 -5.4144 -12.45 216.874
2 24 -5.4144 -12.45 216.874 -3.126 -12.45 214.5856
2 24 -3.126 -12.45 214.5856 0 -12.45 213.748
2 24 0 -12.45 213.748 3.126 -12.45 214.5856
2 24 3.126 -12.45 214.5856 5.4144 -12.45 216.874
2 24 5.4144 -12.45 216.874 6.252 -12.45 220
2 24 6.252 -12.45 220 5.4144 -12.45 223.126
2 24 5.4144 -12.45 223.126 3.126 -12.45 225.4144
2 24 3.126 -12.45 225.4144 0 -12.45 226.252
2 24 -3.126 -12.45 225.4144 0 -12.45 226.252
2 24 -3.126 -8 225.4144 -5.4144 -8 223.126
2 24 -3.126 -12.45 225.4144 -5.4144 -12.45 223.126
2 24 -5.4144 -8 223.126 -6.252 -8 220
2 24 -5.4144 -12.45 223.126 -6.252 -12.45 220
2 24 -6.252 -8 220 -5.4144 -8 216.874
2 24 -6.252 -12.45 220 -5.4144 -12.45 216.874
2 24 -5.4144 -8 216.874 -3.126 -8 214.5856
2 24 -5.4144 -12.45 216.874 -3.126 -12.45 214.5856
2 24 -3.126 -8 214.5856 0 -8 213.748
2 24 -3.126 -12.45 214.5856 0 -12.45 213.748
2 24 0 -8 213.748 3.126 -8 214.5856
2 24 0 -12.45 213.748 3.126 -12.45 214.5856
2 24 3.126 -8 214.5856 5.4144 -8 216.874
2 24 3.126 -12.45 214.5856 5.4144 -12.45 216.874
2 24 5.4144 -8 216.874 6.252 -8 220
2 24 5.4144 -12.45 216.874 6.252 -12.45 220
2 24 6.252 -8 220 5.4144 -8 223.126
2 24 6.252 -12.45 220 5.4144 -12.45 223.126
2 24 5.4144 -8 223.126 3.126 -8 225.4144
2 24 5.4144 -12.45 223.126 3.126 -12.45 225.4144
2 24 3.126 -8 225.4144 0 -8 226.252
2 24 3.126 -12.45 225.4144 0 -12.45 226.252
2 24 -3.126 -8 225.4144 0 -8 226.252
2 24 -3.126 -12.45 225.4144 0 -12.45 226.252
2 24 56.874 -12.45 5.4144 54.5856 -12.45 3.126
2 24 54.5856 -12.45 3.126 53.748 -12.45 0
2 24 53.748 -12.45 0 54.5856 -12.45 -3.126
2 24 54.5856 -12.45 -3.126 56.874 -12.45 -5.4144
2 24 56.874 -12.45 -5.4144 60 -12.45 -6.252
2 24 60 -12.45 -6.252 63.126 -12.45 -5.4144
2 24 63.126 -12.45 -5.4144 65.4144 -12.45 -3.126
2 24 65.4144 -12.45 -3.126 66.252 -12.45 0
2 24 66.252 -12.45 0 65.4144 -12.45 3.126
2 24 65.4144 -12.45 3.126 63.126 -12.45 5.4144
2 24 63.126 -12.45 5.4144 60 -12.45 6.252
2 24 56.874 -12.45 5.4144 60 -12.45 6.252
2 24 56.874 -8 5.4144 54.5856 -8 3.126
2 24 56.874 -12.45 5.4144 54.5856 -12.45 3.126
2 24 54.5856 -8 3.126 53.748 -8 0
2 24 54.5856 -12.45 3.126 53.748 -12.45 0
2 24 53.748 -8 0 54.5856 -8 -3.126
2 24 53.748 -12.45 0 54.5856 -12.45 -3.126
2 24 54.5856 -8 -3.126 56.874 -8 -5.4144
2 24 54.5856 -12.45 -3.126 56.874 -12.45 -5.4144
2 24 56.874 -8 -5.4144 60 -8 -6.252
2 24 56.874 -12.45 -5.4144 60 -12.45 -6.252
2 24 60 -8 -6.252 63.126 -8 -5.4144
2 24 60 -12.45 -6.252 63.126 -12.45 -5.4144
2 24 63.126 -8 -5.4144 65.4144 -8 -3.126
2 24 63.126 -12.45 -5.4144 65.4144 -12.45 -3.126
2 24 65.4144 -8 -3.126 66.252 -8 0
2 24 65.4144 -12.45 -3.126 66.252 -12.45 0
2 24 66.252 -8 0 65.4144 -8 3.126
2 24 66.252 -12.45 0 65.4144 -12.45 3.126
2 24 65.4144 -8 3.126 63.126 -8 5.4144
2 24 65.4144 -12.45 3.126 63.126 -12.45 5.4144
2 24 63.126 -8 5.4144 60 -8 6.252
2 24 63.126 -12.45 5.4144 60 -12.45 6.252
2 24 56.874 -8 5.4144 60 -8 6.252
2 24 56.874 -12.45 5.4144 60 -12.45 6.252
2 24 -3.126 -20.45 285.4144 -5.4144 -20.45 283.126
2 24 -5.4144 -20.45 283.126 -6.252 -20.45 280
2 24 -6.252 -20.45 280 -5.4144 -20.45 276.874
2 24 -5.4144 -20.45 276.874 -3.126 -20.45 274.5856
2 24 -3.126 -20.45 274.5856 0 -20.45 273.748
2 24 0 -20.45 273.748 3.126 -20.45 274.5856
2 24 3.126 -20.45 274.5856 5.4144 -20.45 276.874
2 24 5.4144 -20.45 276.874 6.252 -20.45 280
2 24 6.252 -20.45 280 5.4144 -20.45 283.126
2 24 5.4144 -20.45 283.126 3.126 -20.45 285.4144
2 24 3.126 -20.45 285.4144 0 -20.45 286.252
2 24 -3.126 -20.45 285.4144 0 -20.45 286.252
2 24 -3.126 -16 285.4144 -5.4144 -16 283.126
2 24 -3.126 -20.45 285.4144 -5.4144 -20.45 283.126
2 24 -5.4144 -16 283.126 -6.252 -16 280
2 24 -5.4144 -20.45 283.126 -6.252 -20.45 280
2 24 -6.252 -16 280 -5.4144 -16 276.874
2 24 -6.252 -20.45 280 -5.4144 -20.45 276.874
2 24 -5.4144 -16 276.874 -3.126 -16 274.5856
2 24 -5.4144 -20.45 276.874 -3.126 -20.45 274.5856
2 24 -3.126 -16 274.5856 0 -16 273.748
2 24 -3.126 -20.45 274.5856 0 -20.45 273.748
2 24 0 -16 273.748 3.126 -16 274.5856
2 24 0 -20.45 273.748 3.126 -20.45 274.5856
2 24 3.126 -16 274.5856 5.4144 -16 276.874
2 24 3.126 -20.45 274.5856 5.4144 -20.45 276.874
2 24 5.4144 -16 276.874 6.252 -16 280
2 24 5.4144 -20.45 276.874 6.252 -20.45 280
2 24 6.252 -16 280 5.4144 -16 283.126
2 24 6.252 -20.45 280 5.4144 -20.45 283.126
2 24 5.4144 -16 283.126 3.126 -16 285.4144
2 24 5.4144 -20.45 283.126 3.126 -20.45 285.4144
2 24 3.126 -16 285.4144 0 -16 286.252
2 24 3.126 -20.45 285.4144 0 -20.45 286.252
2 24 -3.126 -16 285.4144 0 -16 286.252
2 24 -3.126 -20.45 285.4144 0 -20.45 286.252
2 24 136.874 -20.45 125.4144 134.5856 -20.45 123.126
2 24 134.5856 -20.45 123.126 133.748 -20.45 120
2 24 133.748 -20.45 120 134.5856 -20.45 116.874
2 24 134.5856 -20.45 116.874 136.874 -20.45 114.5856
2 24 136.874 -20.45 114.5856 140 -20.45 113.748
2 24 140 -20.45 113.748 143.126 -20.45 114.5856
2 24 143.126 -20.45 114.5856 145.4144 -20.45 116.874
2 24 145.4144 -20.45 116.874 146.252 -20.45 120
2 24 146.252 -20.45 120 145.4144 -20.45 123.126
2 24 145.4144 -20.45 123.126 143.126 -20.45 125.4144
2 24 143.126 -20.45 125.4144 140 -20.45 126.252
2 24 136.874 -20.45 125.4144 140 -20.45 126.252
2 24 136.874 -16 125.4144 134.5856 -16 123.126
2 24 136.874 -20.45 125.4144 134.5856 -20.45 123.126
2 24 134.5856 -16 123.126 133.748 -16 120
2 24 134.5856 -20.45 123.126 133.748 -20.45 120
2 24 133.748 -16 120 134.5856 -16 116.874
2 24 133.748 -20.45 120 134.5856 -20.45 116.874
2 24 134.5856 -16 116.874 136.874 -16 114.5856
2 24 134.5856 -20.45 116.874 136.874 -20.45 114.5856
2 24 136.874 -16 114.5856 140 -16 113.748
2 24 136.874 -20.45 114.5856 140 -20.45 113.748
2 24 140 -16 113.748 143.126 -16 114.5856
2 24 140 -20.45 113.748 143.126 -20.45 114.5856
2 24 143.126 -16 114.5856 145.4144 -16 116.874
2 24 143.126 -20.45 114.5856 145.4144 -20.45 116.874
2 24 145.4144 -16 116.874 146.252 -16 120
2 24 145.4144 -20.45 116.874 146.252 -20.45 120
2 24 146.252 -16 120 145.4144 -16 123.126
2 24 146.252 -20.45 120 145.4144 -20.45 123.126
2 24 145.4144 -16 123.126 143.126 -16 125.4144
2 24 145.4144 -20.45 123.126 143.126 -20.45 125.4144
2 24 143.126 -16 125.4144 140 -16 126.252
2 24 143.126 -20.45 125.4144 140 -20.45 126.252
2 24 136.874 -16 125.4144 140 -16 126.252
2 24 136.874 -20.45 125.4144 140 -20.45 126.252
2 24 -3.126 -12.45 65.4144 -5.4144 -12.45 63.126
2 24 -5.4144 -12.45 63.126 -6.252 -12.45 60
2 24 -6.252 -12.45 60 -5.4144 -12.45 56.874
2 24 -5.4144 -12.45 56.874 -3.126 -12.45 54.5856
2 24 -3.126 -12.45 54.5856 0 -12.45 53.748
2 24 0 -12.45 53.748 3.126 -12.45 54.5856
2 24 3.126 -12.45 54.5856 5.4144 -12.45 56.874
2 24 5.4144 -12.45 56.874 6.252 -12.45 60
2 24 6.252 -12.45 60 5.4144 -12.45 63.126
2 24 5.4144 -12.45 63.126 3.126 -12.45 65.4144
2 24 3.126 -12.45 65.4144 0 -12.45 66.252
2 24 -3.126 -12.45 65.4144 0 -12.45 66.252
2 24 -3.126 -8 65.4144 -5.4144 -8 63.126
2 24 -3.126 -12.45 65.4144 -5.4144 -12.45 63.126
2 24 -5.4144 -8 63.126 -6.252 -8 60
2 24 -5.4144 -12.45 63.126 -6.252 -12.45 60
2 24 -6.252 -8 60 -5.4144 -8 56.874
2 24 -6.252 -12.45 60 -5.4144 -12.45 56.874
2 24 -5.4144 -8 56.874 -3.126 -8 54.5856
2 24 -5.4144 -12.45 56.874 -3.126 -12.45 54.5856
2 24 -3.126 -8 54.5856 0 -8 53.748
2 24 -3.126 -12.45 54.5856 0 -12.45 53.748
2 24 0 -8 53.748 3.126 -8 54.5856
2 24 0 -12.45 53.748 3.126 -12.45 54.5856
2 24 3.126 -8 54.5856 5.4144 -8 56.874
2 24 3.126 -12.45 54.5856 5.4144 -12.45 56.874
2 24 5.4144 -8 56.874 6.252 -8 60
2 24 5.4144 -12.45 56.874 6.252 -12.45 60
2 24 6.252 -8 60 5.4144 -8 63.126
2 24 6.252 -12.45 60 5.4144 -12.45 63.126
2 24 5.4144 -8 63.126 3.126 -8 65.4144
2 24 5.4144 -12.45 63.126 3.126 -12.45 65.4144
2 24 3.126 -8 65.4144 0 -8 66.252
2 24 3.126 -12.45 65.4144 0 -12.45 66.252
2 24 -3.126 -8 65.4144 0 -8 66.252
2 24 -3.126 -12.45 65.4144 0 -12.45 66.252
2 24 96.874 -12.45 305.4144 94.5856 -12.45 303.126
2 24 94.5856 -12.45 303.126 93.748 -12.45 300
2 24 93.748 -12.45 300 94.5856 -12.45 296.874
2 24 94.5856 -12.45 296.874 96.874 -12.45 294.5856
2 24 96.874 -12.45 294.5856 100 -12.45 293.748
2 24 100 -12.45 293.748 103.126 -12.45 294.5856
2 24 103.126 -12.45 294.5856 105.4144 -12.45 296.874
2 24 105.4144 -12.45 296.874 106.252 -12.45 300
2 24 106.252 -12.45 300 105.4144 -12.45 303.126
2 24 105.4144 -12.45 303.126 103.126 -12.45 305.4144
2 24 103.126 -12.45 305.4144 100 -12.45 306.252
2 24 96.874 -12.45 305.4144 100 -12.45 306.252
2 24 96.874 -8 305.4144 94.5856 -8 303.126
2 24 96.874 -12.45 305.4144 94.5856 -12.45 303.126
2 24 94.5856 -8 303.126 93.748 -8 300
2 24 94.5856 -12.45 303.126 93.748 -12.45 300
2 24 93.748 -8 300 94.5856 -8 296.874
2 24 93.748 -12.45 300 94.5856 -12.45 296.874
2 24 94.5856 -8 296.874 96.874 -8 294.5856
2 24 94.5856 -12.45 296.874 96.874 -12.45 294.5856
2 24 96.874 -8 294.5856 100 -8 293.748
2 24 96.874 -12.45 294.5856 100 -12.45 293.748
2 24 100 -8 293.748 103.126 -8 294.5856
2 24 100 -12.45 293.748 103.126 -12.45 294.5856
2 24 103.126 -8 294.5856 105.4144 -8 296.874
2 24 103.126 -12.45 294.5856 105.4144 -12.45 296.874
2 24 105.4144 -8 296.874 106.252 -8 300
2 24 105.4144 -12.45 296.874 106.252 -12.45 300
2 24 106.252 -8 300 105.4144 -8 303.126
2 24 106.252 -12.45 300 105.4144 -12.45 303.126
2 24 105.4144 -8 303.126 103.126 -8 305.4144
2 24 105.4144 -12.45 303.126 103.126 -12.45 305.4144
2 24 103.126 -8 305.4144 100 -8 306.252
2 24 103.126 -12.45 305.4144 100 -12.45 306.252
2 24 96.874 -8 305.4144 100 -8 306.252
2 24 96.874 -12.45 305.4144 100 -12.45 306.252
2 24 -3.126 -12.45 45.4144 -5.4144 -12.45 43.126
2 24 -5.4144 -12.45 43.126 -6.252 -12.45 40
2 24 -6.252 -12.45 40 -5.4144 -12.45 36.874
2 24 -5.4144 -12.45 36.874 -3.126 -12.45 34.5856
2 24 -3.126 -12.45 34.5856 0 -12.45 33.748
2 24 0 -12.45 33.748 3.126 -12.45 34.5856
2 24 3.126 -12.45 34.5856 5.4144 -12.45 36.874
2 24 5.4144 -12.45 36.874 6.252 -12.45 40
2 24 6.252 -12.45 40 5.4144 -12.45 43.126
2 24 5.4144 -12.45 43.126 3.126 -12.45 45.4144
2 24 3.126 -12.45 45.4144 0 -12.45 46.252
2 24 -3.126 -12.45 45.4144 0 -12.45 46.252
2 24 -3.126 -8 45.4144 -5.4144 -8 43.126
2 24 -3.126 -12.45 45.4144 -5.4144 -12.45 43.126
2 24 -5.4144 -8 43.126 -6.252 -8 40
2 24 -5.4144 -12.45 43.126 -6.252 -12.45 40
2 24 -6.252 -8 40 -5.4144 -8 36.874
2 24 -6.252 -12.45 40 -5.4144 -12.45 36.874
2 24 -5.4144 -8 36.874 -3.126 -8 34.5856
2 24 -5.4144 -12.45 36.874 -3.126 -12.45 34.5856
2 24 -3.126 -8 34.5856 0 -8 33.748
2 24 -3.126 -12.45 34.5856 0 -12.45 33.748
2 24 0 -8 33.748 3.126 -8 34.5856
2 24 0 -12.45 33.748 3.126 -12.45 34.5856
2 24 3.126 -8 34.5856 5.4144 -8 36.874
2 24 3.126 -12.45 34.5856 5.4144 -12.45 36.874
2 24 5.4144 -8 36.874 6.252 -8 40
2 24 5.4144 -12.45 36.874 6.252 -12.45 40
2 24 6.252 -8 40 5.4144 -8 43.126
2 24 6.252 -12.45 40 5.4144 -12.45 43.126
2 24 5.4144 -8 43.126 3.126 -8 45.4144
2 24 5.4144 -12.45 43.126 3.126 -12.45 45.4144
2 24 3.126 -8 45.4144 0 -8 46.252
2 24 3.126 -12.45 45.4144 0 -12.45 46.252
2 24 -3.126 -8 45.4144 0 -8 46.252
2 24 -3.126 -12.45 45.4144 0 -12.45 46.252
2 24 -3.126 -12.45 265.4144 -5.4144 -12.45 263.126
2 24 -5.4144 -12.45 263.126 -6.252 -12.45 260
2 24 -6.252 -12.45 260 -5.4144 -12.45 256.874
2 24 -5.4144 -12.45 256.874 -3.126 -12.45 254.5856
2 24 -3.126 -12.45 254.5856 0 -12.45 253.748
2 24 0 -12.45 253.748 3.126 -12.45 254.5856
2 24 3.126 -12.45 254.5856 5.4144 -12.45 256.874
2 24 5.4144 -12.45 256.874 6.252 -12.45 260
2 24 6.252 -12.45 260 5.4144 -12.45 263.126
2 24 5.4144 -12.45 263.126 3.126 -12.45 265.4144
2 24 3.126 -12.45 265.4144 0 -12.45 266.252
2 24 -3.126 -12.45 265.4144 0 -12.45 266.252
2 24 -3.126 -8 265.4144 -5.4144 -8 263.126
2 24 -3.126 -12.45 265.4144 -5.4144 -12.45 263.126
2 24 -5.4144 -8 263.126 -6.252 -8 260
2 24 -5.4144 -12.45 263.126 -6.252 -12.45 260
2 24 -6.252 -8 260 -5.4144 -8 256.874
2 24 -6.252 -12.45 260 -5.4144 -12.45 256.874
2 24 -5.4144 -8 256.874 -3.126 -8 254.5856
2 24 -5.4144 -12.45 256.874 -3.126 -12.45 254.5856
2 24 -3.126 -8 254.5856 0 -8 253.748
2 24 -3.126 -12.45 254.5856 0 -12.45 253.748
2 24 0 -8 253.748 3.126 -8 254.5856
2 24 0 -12.45 253.748 3.126 -12.45 254.5856
2 24 3.126 -8 254.5856 5.4144 -8 256.874
2 24 3.126 -12.45 254.5856 5.4144 -12.45 256.874
2 24 5.4144 -8 256.874 6.252 -8 260
2 24 5.4144 -12.45 256.874 6.252 -12.45 260
2 24 6.252 -8 260 5.4144 -8 263.126
2 24 6.252 -12.45 260 5.4144 -12.45 263.126
2 24 5.4144 -8 263.126 3.126 -8 265.4144
2 24 5.4144 -12.45 263.126 3.126 -12.45 265.4144
2 24 3.126 -8 265.4144 0 -8 266.252
2 24 3.126 -12.45 265.4144 0 -12.45 266.252
2 24 -3.126 -8 265.4144 0 -8 266.252
2 24 -3.126 -12.45 265.4144 0 -12.45 266.252
2 24 76.874 -12.45 5.4144 74.5856 -12.45 3.126
2 24 74.5856 -12.45 3.126 73.748 -12.45 0
2 24 73.748 -12.45 0 74.5856 -12.45 -3.126
2 24 74.5856 -12.45 -3.126 76.874 -12.45 -5.4144
2 24 76.874 -12.45 -5.4144 80 -12.45 -6.252
2 24 80 -12.45 -6.252 83.126 -12.45 -5.4144
2 24 83.126 -12.45 -5.4144 85.4144 -12.45 -3.126
2 24 85.4144 -12.45 -3.126 86.252 -12.45 0
2 24 86.252 -12.45 0 85.4144 -12.45 3.126
2 24 85.4144 -12.45 3.126 83.126 -12.45 5.4144
2 24 83.126 -12.45 5.4144 80 -12.45 6.252
2 24 76.874 -12.45 5.4144 80 -12.45 6.252
2 24 76.874 -8 5.4144 74.5856 -8 3.126
2 24 76.874 -12.45 5.4144 74.5856 -12.45 3.126
2 24 74.5856 -8 3.126 73.748 -8 0
2 24 74.5856 -12.45 3.126 73.748 -12.45 0
2 24 73.748 -8 0 74.5856 -8 -3.126
2 24 73.748 -12.45 0 74.5856 -12.45 -3.126
2 24 74.5856 -8 -3.126 76.874 -8 -5.4144
2 24 74.5856 -12.45 -3.126 76.874 -12.45 -5.4144
2 24 76.874 -8 -5.4144 80 -8 -6.252
2 24 76.874 -12.45 -5.4144 80 -12.45 -6.252
2 24 80 -8 -6.252 83.126 -8 -5.4144
2 24 80 -12.45 -6.252 83.126 -12.45 -5.4144
2 24 83.126 -8 -5.4144 85.4144 -8 -3.126
2 24 83.126 -12.45 -5.4144 85.4144 -12.45 -3.126
2 24 85.4144 -8 -3.126 86.252 -8 0
2 24 85.4144 -12.45 -3.126 86.252 -12.45 0
2 24 86.252 -8 0 85.4144 -8 3.126
2 24 86.252 -12.45 0 85.4144 -12.45 3.126
2 24 85.4144 -8 3.126 83.126 -8 5.4144
2 24 85.4144 -12.45 3.126 83.126 -12.45 5.4144
2 24 83.126 -8 5.4144 80 -8 6.252
2 24 83.126 -12.45 5.4144 80 -12.45 6.252
2 24 76.874 -8 5.4144 80 -8 6.252
2 24 76.874 -12.45 5.4144 80 -12.45 6.252
2 24 136.874 -12.45 265.4144 134.5856 -12.45 263.126
2 24 134.5856 -12.45 263.126 133.748 -12.45 260
2 24 133.748 -12.45 260 134.5856 -12.45 256.874
2 24 134.5856 -12.45 256.874 136.874 -12.45 254.5856
2 24 136.874 -12.45 254.5856 140 -12.45 253.748
2 24 140 -12.45 253.748 143.126 -12.45 254.5856
2 24 143.126 -12.45 254.5856 145.4144 -12.45 256.874
2 24 145.4144 -12.45 256.874 146.252 -12.45 260
2 24 146.252 -12.45 260 145.4144 -12.45 263.126
2 24 145.4144 -12.45 263.126 143.126 -12.45 265.4144
2 24 143.126 -12.45 265.4144 140 -12.45 266.252
2 24 136.874 -12.45 265.4144 140 -12.45 266.252
2 24 136.874 -8 265.4144 134.5856 -8 263.126
2 24 136.874 -12.45 265.4144 134.5856 -12.45 263.126
2 24 134.5856 -8 263.126 133.748 -8 260
2 24 134.5856 -12.45 263.126 133.748 -12.45 260
2 24 133.748 -8 260 134.5856 -8 256.874
2 24 133.748 -12.45 260 134.5856 -12.45 256.874
2 24 134.5856 -8 256.874 136.874 -8 254.5856
2 24 134.5856 -12.45 256.874 136.874 -12.45 254.5856
2 24 136.874 -8 254.5856 140 -8 253.748
2 24 136.874 -12.45 254.5856 140 -12.45 253.748
2 24 140 -8 253.748 143.126 -8 254.5856
2 24 140 -12.45 253.748 143.126 -12.45 254.5856
2 24 143.126 -8 254.5856 145.4144 -8 256.874
2 24 143.126 -12.45 254.5856 145.4144 -12.45 256.874
2 24 145.4144 -8 256.874 146.252 -8 260
2 24 145.4144 -12.45 256.874 146.252 -12.45 260
2 24 146.252 -8 260 145.4144 -8 263.126
2 24 146.252 -12.45 260 145.4144 -12.45 263.126
2 24 145.4144 -8 263.126 143.126 -8 265.4144
2 24 145.4144 -12.45 263.126 143.126 -12.45 265.4144
2 24 143.126 -8 265.4144 140 -8 266.252
2 24 143.126 -12.45 265.4144 140 -12.45 266.252
2 24 136.874 -8 265.4144 140 -8 266.252
2 24 136.874 -12.45 265.4144 140 -12.45 266.252
2 24 -3.126 -20.45 145.4144 -5.4144 -20.45 143.126
2 24 -5.4144 -20.45 143.126 -6.252 -20.45 140
2 24 -6.252 -20.45 140 -5.4144 -20.45 136.874
2 24 -5.4144 -20.45 136.874 -3.126 -20.45 134.5856
2 24 -3.126 -20.45 134.5856 0 -20.45 133.748
2 24 0 -20.45 133.748 3.126 -20.45 134.5856
2 24 3.126 -20.45 134.5856 5.4144 -20.45 136.874
2 24 5.4144 -20.45 136.874 6.252 -20.45 140
2 24 6.252 -20.45 140 5.4144 -20.45 143.126
2 24 5.4144 -20.45 143.126 3.126 -20.45 145.4144
2 24 3.126 -20.45 145.4144 0 -20.45 146.252
2 24 -3.126 -20.45 145.4144 0 -20.45 146.252
2 24 -3.126 -16 145.4144 -5.4144 -16 143.126
2 24 -3.126 -20.45 145.4144 -5.4144 -20.45 143.126
2 24 -5.4144 -16 143.126 -6.252 -16 140
2 24 -5.4144 -20.45 143.126 -6.252 -20.45 140
2 24 -6.252 -16 140 -5.4144 -16 136.874
2 24 -6.252 -20.45 140 -5.4144 -20.45 136.874
2 24 -5.4144 -16 136.874 -3.126 -16 134.5856
2 24 -5.4144 -20.45 136.874 -3.126 -20.45 134.5856
2 24 -3.126 -16 134.5856 0 -16 133.748
2 24 -3.126 -20.45 134.5856 0 -20.45 133.748
2 24 0 -16 133.748 3.126 -16 134.5856
2 24 0 -20.45 133.748 3.126 -20.45 134.5856
2 24 3.126 -16 134.5856 5.4144 -16 136.874
2 24 3.126 -20.45 134.5856 5.4144 -20.45 136.874
2 24 5.4144 -16 136.874 6.252 -16 140
2 24 5.4144 -20.45 136.874 6.252 -20.45 140
2 24 6.252 -16 140 5.4144 -16 143.126
2 24 6.252 -20.45 140 5.4144 -20.45 143.126
2 24 5.4144 -16 143.126 3.126 -16 145.4144
2 24 5.4144 -20.45 143.126 3.126 -20.45 145.4144
2 24 3.126 -16 145.4144 0 -16 146.252
2 24 3.126 -20.45 145.4144 0 -20.45 146.252
2 24 -3.126 -16 145.4144 0 -16 146.252
2 24 -3.126 -20.45 145.4144 0 -20.45 146.252
2 24 136.874 -20.45 185.4144 134.5856 -20.45 183.126
2 24 134.5856 -20.45 183.126 133.748 -20.45 180
2 24 133.748 -20.45 180 134.5856 -20.45 176.874
2 24 134.5856 -20.45 176.874 136.874 -20.45 174.5856
2 24 136.874 -20.45 174.5856 140 -20.45 173.748
2 24 140 -20.45 173.748 143.126 -20.45 174.5856
2 24 143.126 -20.45 174.5856 145.4144 -20.45 176.874
2 24 145.4144 -20.45 176.874 146.252 -20.45 180
2 24 146.252 -20.45 180 145.4144 -20.45 183.126
2 24 145.4144 -20.45 183.126 143.126 -20.45 185.4144
2 24 143.126 -20.45 185.4144 140 -20.45 186.252
2 24 136.874 -20.45 185.4144 140 -20.45 186.252
2 24 136.874 -16 185.4144 134.5856 -16 183.126
2 24 136.874 -20.45 185.4144 134.5856 -20.45 183.126
2 24 134.5856 -16 183.126 133.748 -16 180
2 24 134.5856 -20.45 183.126 133.748 -20.45 180
2 24 133.748 -16 180 134.5856 -16 176.874
2 24 133.748 -20.45 180 134.5856 -20.45 176.874
2 24 134.5856 -16 176.874 136.874 -16 174.5856
2 24 134.5856 -20.45 176.874 136.874 -20.45 174.5856
2 24 136.874 -16 174.5856 140 -16 173.748
2 24 136.874 -20.45 174.5856 140 -20.45 173.748
2 24 140 -16 173.748 143.126 -16 174.5856
2 24 140 -20.45 173.748 143.126 -20.45 174.5856
2 24 143.126 -16 174.5856 145.4144 -16 176.874
2 24 143.126 -20.45 174.5856 145.4144 -20.45 176.874
2 24 145.4144 -16 176.874 146.252 -16 180
2 24 145.4144 -20.45 176.874 146.252 -20.45 180
2 24 146.252 -16 180 145.4144 -16 183.126
2 24 146.252 -20.45 180 145.4144 -20.45 183.126
2 24 145.4144 -16 183.126 143.126 -16 185.4144
2 24 145.4144 -20.45 183.126 143.126 -20.45 185.4144
2 24 143.126 -16 185.4144 140 -16 186.252
2 24 143.126 -20.45 185.4144 140 -20.45 186.252
2 24 136.874 -16 185.4144 140 -16 186.252
2 24 136.874 -20.45 185.4144 140 -20.45 186.252
2 24 36.874 -12.45 305.4144 34.5856 -12.45 303.126
2 24 34.5856 -12.45 303.126 33.748 -12.45 300
2 24 33.748 -12.45 300 34.5856 -12.45 296.874
2 24 34.5856 -12.45 296.874 36.874 -12.45 294.5856
2 24 36.874 -12.45 294.5856 40 -12.45 293.748
2 24 40 -12.45 293.748 43.126 -12.45 294.5856
2 24 43.126 -12.45 294.5856 45.4144 -12.45 296.874
2 24 45.4144 -12.45 296.874 46.252 -12.45 300
2 24 46.252 -12.45 300 45.4144 -12.45 303.126
2 24 45.4144 -12.45 303.126 43.126 -12.45 305.4144
2 24 43.126 -12.45 305.4144 40 -12.45 306.252
2 24 36.874 -12.45 305.4144 40 -12.45 306.252
2 24 36.874 -8 305.4144 34.5856 -8 303.126
2 24 36.874 -12.45 305.4144 34.5856 -12.45 303.126
2 24 34.5856 -8 303.126 33.748 -8 300
2 24 34.5856 -12.45 303.126 33.748 -12.45 300
2 24 33.748 -8 300 34.5856 -8 296.874
2 24 33.748 -12.45 300 34.5856 -12.45 296.874
2 24 34.5856 -8 296.874 36.874 -8 294.5856
2 24 34.5856 -12.45 296.874 36.874 -12.45 294.5856
2 24 36.874 -8 294.5856 40 -8 293.748
2 24 36.874 -12.45 294.5856 40 -12.45 293.748
2 24 40 -8 293.748 43.126 -8 294.5856
2 24 40 -12.45 293.748 43.126 -12.45 294.5856
2 24 43.126 -8 294.5856 45.4144 -8 296.874
2 24 43.126 -12.45 294.5856 45.4144 -12.45 296.874
2 24 45.4144 -8 296.874 46.252 -8 300
2 24 45.4144 -12.45 296.874 46.252 -12.45 300
2 24 46.252 -8 300 45.4144 -8 303.126
2 24 46.252 -12.45 300 45.4144 -12.45 303.126
2 24 45.4144 -8 303.126 43.126 -8 305.4144
2 24 45.4144 -12.45 303.126 43.126 -12.45 305.4144
2 24 43.126 -8 305.4144 40 -8 306.252
2 24 43.126 -12.45 305.4144 40 -12.45 306.252
2 24 36.874 -8 305.4144 40 -8 306.252
2 24 36.874 -12.45 305.4144 40 -12.45 306.252
2 24 36.874 -12.45 5.4144 34.5856 -12.45 3.126
2 24 34.5856 -12.45 3.126 33.748 -12.45 0
2 24 33.748 -12.45 0 34.5856 -12.45 -3.126
2 24 34.5856 -12.45 -3.126 36.874 -12.45 -5.4144
2 24 36.874 -12.45 -5.4144 40 -12.45 -6.252
2 24 40 -12.45 -6.252 43.126 -12.45 -5.4144
2 24 43.126 -12.45 -5.4144 45.4144 -12.45 -3.126
2 24 45.4144 -12.45 -3.126 46.252 -12.45 0
2 24 46.252 -12.45 0 45.4144 -12.45 3.126
2 24 45.4144 -12.45 3.126 43.126 -12.45 5.4144
2 24 43.126 -12.45 5.4144 40 -12.45 6.252
2 24 36.874 -12.45 5.4144 40 -12.45 6.252
2 24 36.874 -8 5.4144 34.5856 -8 3.126
2 24 36.874 -12.45 5.4144 34.5856 -12.45 3.126
2 24 34.5856 -8 3.126 33.748 -8 0
2 24 34.5856 -12.45 3.126 33.748 -12.45 0
2 24 33.748 -8 0 34.5856 -8 -3.126
2 24 33.748 -12.45 0 34.5856 -12.45 -3.126
2 24 34.5856 -8 -3.126 36.874 -8 -5.4144
2 24 34.5856 -12.45 -3.126 36.874 -12.45 -5.4144
2 24 36.874 -8 -5.4144 40 -8 -6.252
2 24 36.874 -12.45 -5.4144 40 -12.45 -6.252
2 24 40 -8 -6.252 43.126 -8 -5.4144
2 24 40 -12.45 -6.252 43.126 -12.45 -5.4144
2 24 43.126 -8 -5.4144 45.4144 -8 -3.126
2 24 43.126 -12.45 -5.4144 45.4144 -12.45 -3.126
2 24 45.4144 -8 -3.126 46.252 -8 0
2 24 45.4144 -12.45 -3.126 46.252 -12.45 0
2 24 46.252 -8 0 45.4144 -8 3.126
2 24 46.252 -12.45 0 45.4144 -12.45 3.126
2 24 45.4144 -8 3.126 43.126 -8 5.4144
2 24 45.4144 -12.45 3.126 43.126 -12.45 5.4144
2 24 43.126 -8 5.4144 40 -8 6.252
2 24 43.126 -12.45 5.4144 40 -12.45 6.252
2 24 36.874 -8 5.4144 40 -8 6.252
2 24 36.874 -12.45 5.4144 40 -12.45 6.252
2 24 136.874 -20.45 5.4144 134.5856 -20.45 3.126
2 24 134.5856 -20.45 3.126 133.748 -20.45 0
2 24 133.748 -20.45 0 134.5856 -20.45 -3.126
2 24 134.5856 -20.45 -3.126 136.874 -20.45 -5.4144
2 24 136.874 -20.45 -5.4144 140 -20.45 -6.252
2 24 140 -20.45 -6.252 143.126 -20.45 -5.4144
2 24 143.126 -20.45 -5.4144 145.4144 -20.45 -3.126
2 24 145.4144 -20.45 -3.126 146.252 -20.45 0
2 24 146.252 -20.45 0 145.4144 -20.45 3.126
2 24 145.4144 -20.45 3.126 143.126 -20.45 5.4144
2 24 143.126 -20.45 5.4144 140 -20.45 6.252
2 24 136.874 -20.45 5.4144 140 -20.45 6.252
2 24 136.874 -16 5.4144 134.5856 -16 3.126
2 24 136.874 -20.45 5.4144 134.5856 -20.45 3.126
2 24 134.5856 -16 3.126 133.748 -16 0
2 24 134.5856 -20.45 3.126 133.748 -20.45 0
2 24 133.748 -16 0 134.5856 -16 -3.126
2 24 133.748 -20.45 0 134.5856 -20.45 -3.126
2 24 134.5856 -16 -3.126 136.874 -16 -5.4144
2 24 134.5856 -20.45 -3.126 136.874 -20.45 -5.4144
2 24 136.874 -16 -5.4144 140 -16 -6.252
2 24 136.874 -20.45 -5.4144 140 -20.45 -6.252
2 24 140 -16 -6.252 143.126 -16 -5.4144
2 24 140 -20.45 -6.252 143.126 -20.45 -5.4144
2 24 143.126 -16 -5.4144 145.4144 -16 -3.126
2 24 143.126 -20.45 -5.4144 145.4144 -20.45 -3.126
2 24 145.4144 -16 -3.126 146.252 -16 0
2 24 145.4144 -20.45 -3.126 146.252 -20.45 0
2 24 146.252 -16 0 145.4144 -16 3.126
2 24 146.252 -20.45 0 145.4144 -20.45 3.126
2 24 145.4144 -16 3.126 143.126 -16 5.4144
2 24 145.4144 -20.45 3.126 143.126 -20.45 5.4144
2 24 143.126 -16 5.4144 140 -16 6.252
2 24 143.126 -20.45 5.4144 140 -20.45 6.252
2 24 136.874 -16 5.4144 140 -16 6.252
2 24 136.874 -20.45 5.4144 140 -20.45 6.252
2 24 -3.126 -12.45 205.4144 -5.4144 -12.45 203.126
2 24 -5.4144 -12.45 203.126 -6.252 -12.45 200
2 24 -6.252 -12.45 200 -5.4144 -12.45 196.874
2 24 -5.4144 -12.45 196.874 -3.126 -12.45 194.5856
2 24 -3.126 -12.45 194.5856 0 -12.45 193.748
2 24 0 -12.45 193.748 3.126 -12.45 194.5856
2 24 3.126 -12.45 194.5856 5.4144 -12.45 196.874
2 24 5.4144 -12.45 196.874 6.252 -12.45 200
2 24 6.252 -12.45 200 5.4144 -12.45 203.126
2 24 5.4144 -12.45 203.126 3.126 -12.45 205.4144
2 24 3.126 -12.45 205.4144 0 -12.45 206.252
2 24 -3.126 -12.45 205.4144 0 -12.45 206.252
2 24 -3.126 -8 205.4144 -5.4144 -8 203.126
2 24 -3.126 -12.45 205.4144 -5.4144 -12.45 203.126
2 24 -5.4144 -8 203.126 -6.252 -8 200
2 24 -5.4144 -12.45 203.126 -6.252 -12.45 200
2 24 -6.252 -8 200 -5.4144 -8 196.874
2 24 -6.252 -12.45 200 -5.4144 -12.45 196.874
2 24 -5.4144 -8 196.874 -3.126 -8 194.5856
2 24 -5.4144 -12.45 196.874 -3.126 -12.45 194.5856
2 24 -3.126 -8 194.5856 0 -8 193.748
2 24 -3.126 -12.45 194.5856 0 -12.45 193.748
2 24 0 -8 193.748 3.126 -8 194.5856
2 24 0 -12.45 193.748 3.126 -12.45 194.5856
2 24 3.126 -8 194.5856 5.4144 -8 196.874
2 24 3.126 -12.45 194.5856 5.4144 -12.45 196.874
2 24 5.4144 -8 196.874 6.252 -8 200
2 24 5.4144 -12.45 196.874 6.252 -12.45 200
2 24 6.252 -8 200 5.4144 -8 203.126
2 24 6.252 -12.45 200 5.4144 -12.45 203.126
2 24 5.4144 -8 203.126 3.126 -8 205.4144
2 24 5.4144 -12.45 203.126 3.126 -12.45 205.4144
2 24 3.126 -8 205.4144 0 -8 206.252
2 24 3.126 -12.45 205.4144 0 -12.45 206.252
2 24 -3.126 -8 205.4144 0 -8 206.252
2 24 -3.126 -12.45 205.4144 0 -12.45 206.252
2 24 -3.126 -12.45 105.4144 -5.4144 -12.45 103.126
2 24 -5.4144 -12.45 103.126 -6.252 -12.45 100
2 24 -6.252 -12.45 100 -5.4144 -12.45 96.874
2 24 -5.4144 -12.45 96.874 -3.126 -12.45 94.5856
2 24 -3.126 -12.45 94.5856 0 -12.45 93.748
2 24 0 -12.45 93.748 3.126 -12.45 94.5856
2 24 3.126 -12.45 94.5856 5.4144 -12.45 96.874
2 24 5.4144 -12.45 96.874 6.252 -12.45 100
2 24 6.252 -12.45 100 5.4144 -12.45 103.126
2 24 5.4144 -12.45 103.126 3.126 -12.45 105.4144
2 24 3.126 -12.45 105.4144 0 -12.45 106.252
2 24 -3.126 -12.45 105.4144 0 -12.45 106.252
2 24 -3.126 -8 105.4144 -5.4144 -8 103.126
2 24 -3.126 -12.45 105.4144 -5.4144 -12.45 103.126
2 24 -5.4144 -8 103.126 -6.252 -8 100
2 24 -5.4144 -12.45 103.126 -6.252 -12.45 100
2 24 -6.252 -8 100 -5.4144 -8 96.874
2 24 -6.252 -12.45 100 -5.4144 -12.45 96.874
2 24 -5.4144 -8 96.874 -3.126 -8 94.5856
2 24 -5.4144 -12.45 96.874 -3.126 -12.45 94.5856
2 24 -3.126 -8 94.5856 0 -8 93.748
2 24 -3.126 -12.45 94.5856 0 -12.45 93.748
2 24 0 -8 93.748 3.126 -8 94.5856
2 24 0 -12.45 93.748 3.126 -12.45 94.5856
2 24 3.126 -8 94.5856 5.4144 -8 96.874
2 24 3.126 -12.45 94.5856 5.4144 -12.45 96.874
2 24 5.4144 -8 96.874 6.252 -8 100
2 24 5.4144 -12.45 96.874 6.252 -12.45 100
2 24 6.252 -8 100 5.4144 -8 103.126
2 24 6.252 -12.45 100 5.4144 -12.45 103.126
2 24 5.4144 -8 103.126 3.126 -8 105.4144
2 24 5.4144 -12.45 103.126 3.126 -12.45 105.4144
2 24 3.126 -8 105.4144 0 -8 106.252
2 24 3.126 -12.45 105.4144 0 -12.45 106.252
2 24 -3.126 -8 105.4144 0 -8 106.252
2 24 -3.126 -12.45 105.4144 0 -12.45 106.252
2 24 -3.126 -12.45 245.4144 -5.4144 -12.45 243.126
2 24 -5.4144 -12.45 243.126 -6.252 -12.45 240
2 24 -6.252 -12.45 240 -5.4144 -12.45 236.874
2 24 -5.4144 -12.45 236.874 -3.126 -12.45 234.5856
2 24 -3.126 -12.45 234.5856 0 -12.45 233.748
2 24 0 -12.45 233.748 3.126 -12.45 234.5856
2 24 3.126 -12.45 234.5856 5.4144 -12.45 236.874
2 24 5.4144 -12.45 236.874 6.252 -12.45 240
2 24 6.252 -12.45 240 5.4144 -12.45 243.126
2 24 5.4144 -12.45 243.126 3.126 -12.45 245.4144
2 24 3.126 -12.45 245.4144 0 -12.45 246.252
2 24 -3.126 -12.45 245.4144 0 -12.45 246.252
2 24 -3.126 -8 245.4144 -5.4144 -8 243.126
2 24 -3.126 -12.45 245.4144 -5.4144 -12.45 243.126
2 24 -5.4144 -8 243.126 -6.252 -8 240
2 24 -5.4144 -12.45 243.126 -6.252 -12.45 240
2 24 -6.252 -8 240 -5.4144 -8 236.874
2 24 -6.252 -12.45 240 -5.4144 -12.45 236.874
2 24 -5.4144 -8 236.874 -3.126 -8 234.5856
2 24 -5.4144 -12.45 236.874 -3.126 -12.45 234.5856
2 24 -3.126 -8 234.5856 0 -8 233.748
2 24 -3.126 -12.45 234.5856 0 -12.45 233.748
2 24 0 -8 233.748 3.126 -8 234.5856
2 24 0 -12.45 233.748 3.126 -12.45 234.5856
2 24 3.126 -8 234.5856 5.4144 -8 236.874
2 24 3.126 -12.45 234.5856 5.4144 -12.45 236.874
2 24 5.4144 -8 236.874 6.252 -8 240
2 24 5.4144 -12.45 236.874 6.252 -12.45 240
2 24 6.252 -8 240 5.4144 -8 243.126
2 24 6.252 -12.45 240 5.4144 -12.45 243.126
2 24 5.4144 -8 243.126 3.126 -8 245.4144
2 24 5.4144 -12.45 243.126 3.126 -12.45 245.4144
2 24 3.126 -8 245.4144 0 -8 246.252
2 24 3.126 -12.45 245.4144 0 -12.45 246.252
2 24 -3.126 -8 245.4144 0 -8 246.252
2 24 -3.126 -12.45 245.4144 0 -12.45 246.252
2 24 76.874 -12.45 305.4144 74.5856 -12.45 303.126
2 24 74.5856 -12.45 303.126 73.748 -12.45 300
2 24 73.748 -12.45 300 74.5856 -12.45 296.874
2 24 74.5856 -12.45 296.874 76.874 -12.45 294.5856
2 24 76.874 -12.45 294.5856 80 -12.45 293.748
2 24 80 -12.45 293.748 83.126 -12.45 294.5856
2 24 83.126 -12.45 294.5856 85.4144 -12.45 296.874
2 24 85.4144 -12.45 296.874 86.252 -12.45 300
2 24 86.252 -12.45 300 85.4144 -12.45 303.126
2 24 85.4144 -12.45 303.126 83.126 -12.45 305.4144
2 24 83.126 -12.45 305.4144 80 -12.45 306.252
2 24 76.874 -12.45 305.4144 80 -12.45 306.252
2 24 76.874 -8 305.4144 74.5856 -8 303.126
2 24 76.874 -12.45 305.4144 74.5856 -12.45 303.126
2 24 74.5856 -8 303.126 73.748 -8 300
2 24 74.5856 -12.45 303.126 73.748 -12.45 300
2 24 73.748 -8 300 74.5856 -8 296.874
2 24 73.748 -12.45 300 74.5856 -12.45 296.874
2 24 74.5856 -8 296.874 76.874 -8 294.5856
2 24 74.5856 -12.45 296.874 76.874 -12.45 294.5856
2 24 76.874 -8 294.5856 80 -8 293.748
2 24 76.874 -12.45 294.5856 80 -12.45 293.748
2 24 80 -8 293.748 83.126 -8 294.5856
2 24 80 -12.45 293.748 83.126 -12.45 294.5856
2 24 83.126 -8 294.5856 85.4144 -8 296.874
2 24 83.126 -12.45 294.5856 85.4144 -12.45 296.874
2 24 85.4144 -8 296.874 86.252 -8 300
2 24 85.4144 -12.45 296.874 86.252 -12.45 300
2 24 86.252 -8 300 85.4144 -8 303.126
2 24 86.252 -12.45 300 85.4144 -12.45 303.126
2 24 85.4144 -8 303.126 83.126 -8 305.4144
2 24 85.4144 -12.45 303.126 83.126 -12.45 305.4144
2 24 83.126 -8 305.4144 80 -8 306.252
2 24 83.126 -12.45 305.4144 80 -12.45 306.252
2 24 76.874 -8 305.4144 80 -8 306.252
2 24 76.874 -12.45 305.4144 80 -12.45 306.252
2 24 136.874 -20.45 165.4144 134.5856 -20.45 163.126
2 24 134.5856 -20.45 163.126 133.748 -20.45 160
2 24 133.748 -20.45 160 134.5856 -20.45 156.874
2 24 134.5856 -20.45 156.874 136.874 -20.45 154.5856
2 24 136.874 -20.45 154.5856 140 -20.45 153.748
2 24 140 -20.45 153.748 143.126 -20.45 154.5856
2 24 143.126 -20.45 154.5856 145.4144 -20.45 156.874
2 24 145.4144 -20.45 156.874 146.252 -20.45 160
2 24 146.252 -20.45 160 145.4144 -20.45 163.126
2 24 145.4144 -20.45 163.126 143.126 -20.45 165.4144
2 24 143.126 -20.45 165.4144 140 -20.45 166.252
2 24 136.874 -20.45 165.4144 140 -20.45 166.252
2 24 136.874 -16 165.4144 134.5856 -16 163.126
2 24 136.874 -20.45 165.4144 134.5856 -20.45 163.126
2 24 134.5856 -16 163.126 133.748 -16 160
2 24 134.5856 -20.45 163.126 133.748 -20.45 160
2 24 133.748 -16 160 134.5856 -16 156.874
2 24 133.748 -20.45 160 134.5856 -20.45 156.874
2 24 134.5856 -16 156.874 136.874 -16 154.5856
2 24 134.5856 -20.45 156.874 136.874 -20.45 154.5856
2 24 136.874 -16 154.5856 140 -16 153.748
2 24 136.874 -20.45 154.5856 140 -20.45 153.748
2 24 140 -16 153.748 143.126 -16 154.5856
2 24 140 -20.45 153.748 143.126 -20.45 154.5856
2 24 143.126 -16 154.5856 145.4144 -16 156.874
2 24 143.126 -20.45 154.5856 145.4144 -20.45 156.874
2 24 145.4144 -16 156.874 146.252 -16 160
2 24 145.4144 -20.45 156.874 146.252 -20.45 160
2 24 146.252 -16 160 145.4144 -16 163.126
2 24 146.252 -20.45 160 145.4144 -20.45 163.126
2 24 145.4144 -16 163.126 143.126 -16 165.4144
2 24 145.4144 -20.45 163.126 143.126 -20.45 165.4144
2 24 143.126 -16 165.4144 140 -16 166.252
2 24 143.126 -20.45 165.4144 140 -20.45 166.252
2 24 136.874 -16 165.4144 140 -16 166.252
2 24 136.874 -20.45 165.4144 140 -20.45 166.252
2 24 56.874 -12.45 305.4144 54.5856 -12.45 303.126
2 24 54.5856 -12.45 303.126 53.748 -12.45 300
2 24 53.748 -12.45 300 54.5856 -12.45 296.874
2 24 54.5856 -12.45 296.874 56.874 -12.45 294.5856
2 24 56.874 -12.45 294.5856 60 -12.45 293.748
2 24 60 -12.45 293.748 63.126 -12.45 294.5856
2 24 63.126 -12.45 294.5856 65.4144 -12.45 296.874
2 24 65.4144 -12.45 296.874 66.252 -12.45 300
2 24 66.252 -12.45 300 65.4144 -12.45 303.126
2 24 65.4144 -12.45 303.126 63.126 -12.45 305.4144
2 24 63.126 -12.45 305.4144 60 -12.45 306.252
2 24 56.874 -12.45 305.4144 60 -12.45 306.252
2 24 56.874 -8 305.4144 54.5856 -8 303.126
2 24 56.874 -12.45 305.4144 54.5856 -12.45 303.126
2 24 54.5856 -8 303.126 53.748 -8 300
2 24 54.5856 -12.45 303.126 53.748 -12.45 300
2 24 53.748 -8 300 54.5856 -8 296.874
2 24 53.748 -12.45 300 54.5856 -12.45 296.874
2 24 54.5856 -8 296.874 56.874 -8 294.5856
2 24 54.5856 -12.45 296.874 56.874 -12.45 294.5856
2 24 56.874 -8 294.5856 60 -8 293.748
2 24 56.874 -12.45 294.5856 60 -12.45 293.748
2 24 60 -8 293.748 63.126 -8 294.5856
2 24 60 -12.45 293.748 63.126 -12.45 294.5856
2 24 63.126 -8 294.5856 65.4144 -8 296.874
2 24 63.126 -12.45 294.5856 65.4144 -12.45 296.874
2 24 65.4144 -8 296.874 66.252 -8 300
2 24 65.4144 -12.45 296.874 66.252 -12.45 300
2 24 66.252 -8 300 65.4144 -8 303.126
2 24 66.252 -12.45 300 65.4144 -12.45 303.126
2 24 65.4144 -8 303.126 63.126 -8 305.4144
2 24 65.4144 -12.45 303.126 63.126 -12.45 305.4144
2 24 63.126 -8 305.4144 60 -8 306.252
2 24 63.126 -12.45 305.4144 60 -12.45 306.252
2 24 56.874 -8 305.4144 60 -8 306.252
2 24 56.874 -12.45 305.4144 60 -12.45 306.252
2 24 -3.126 -20.45 305.4144 -5.4144 -20.45 303.126
2 24 -5.4144 -20.45 303.126 -6.252 -20.45 300
2 24 -6.252 -20.45 300 -5.4144 -20.45 296.874
2 24 -5.4144 -20.45 296.874 -3.126 -20.45 294.5856
2 24 -3.126 -20.45 294.5856 0 -20.45 293.748
2 24 0 -20.45 293.748 3.126 -20.45 294.5856
2 24 3.126 -20.45 294.5856 5.4144 -20.45 296.874
2 24 5.4144 -20.45 296.874 6.252 -20.45 300
2 24 6.252 -20.45 300 5.4144 -20.45 303.126
2 24 5.4144 -20.45 303.126 3.126 -20.45 305.4144
2 24 3.126 -20.45 305.4144 0 -20.45 306.252
2 24 -3.126 -20.45 305.4144 0 -20.45 306.252
2 24 -3.126 -16 305.4144 -5.4144 -16 303.126
2 24 -3.126 -20.45 305.4144 -5.4144 -20.45 303.126
2 24 -5.4144 -16 303.126 -6.252 -16 300
2 24 -5.4144 -20.45 303.126 -6.252 -20.45 300
2 24 -6.252 -16 300 -5.4144 -16 296.874
2 24 -6.252 -20.45 300 -5.4144 -20.45 296.874
2 24 -5.4144 -16 296.874 -3.126 -16 294.5856
2 24 -5.4144 -20.45 296.874 -3.126 -20.45 294.5856
2 24 -3.126 -16 294.5856 0 -16 293.748
2 24 -3.126 -20.45 294.5856 0 -20.45 293.748
2 24 0 -16 293.748 3.126 -16 294.5856
2 24 0 -20.45 293.748 3.126 -20.45 294.5856
2 24 3.126 -16 294.5856 5.4144 -16 296.874
2 24 3.126 -20.45 294.5856 5.4144 -20.45 296.874
2 24 5.4144 -16 296.874 6.252 -16 300
2 24 5.4144 -20.45 296.874 6.252 -20.45 300
2 24 6.252 -16 300 5.4144 -16 303.126
2 24 6.252 -20.45 300 5.4144 -20.45 303.126
2 24 5.4144 -16 303.126 3.126 -16 305.4144
2 24 5.4144 -20.45 303.126 3.126 -20.45 305.4144
2 24 3.126 -16 305.4144 0 -16 306.252
2 24 3.126 -20.45 305.4144 0 -20.45 306.252
2 24 -3.126 -16 305.4144 0 -16 306.252
2 24 -3.126 -20.45 305.4144 0 -20.45 306.252
2 24 136.874 -12.45 65.4144 134.5856 -12.45 63.126
2 24 134.5856 -12.45 63.126 133.748 -12.45 60
2 24 133.748 -12.45 60 134.5856 -12.45 56.874
2 24 134.5856 -12.45 56.874 136.874 -12.45 54.5856
2 24 136.874 -12.45 54.5856 140 -12.45 53.748
2 24 140 -12.45 53.748 143.126 -12.45 54.5856
2 24 143.126 -12.45 54.5856 145.4144 -12.45 56.874
2 24 145.4144 -12.45 56.874 146.252 -12.45 60
2 24 146.252 -12.45 60 145.4144 -12.45 63.126
2 24 145.4144 -12.45 63.126 143.126 -12.45 65.4144
2 24 143.126 -12.45 65.4144 140 -12.45 66.252
2 24 136.874 -12.45 65.4144 140 -12.45 66.252
2 24 136.874 -8 65.4144 134.5856 -8 63.126
2 24 136.874 -12.45 65.4144 134.5856 -12.45 63.126
2 24 134.5856 -8 63.126 133.748 -8 60
2 24 134.5856 -12.45 63.126 133.748 -12.45 60
2 24 133.748 -8 60 134.5856 -8 56.874
2 24 133.748 -12.45 60 134.5856 -12.45 56.874
2 24 134.5856 -8 56.874 136.874 -8 54.5856
2 24 134.5856 -12.45 56.874 136.874 -12.45 54.5856
2 24 136.874 -8 54.5856 140 -8 53.748
2 24 136.874 -12.45 54.5856 140 -12.45 53.748
2 24 140 -8 53.748 143.126 -8 54.5856
2 24 140 -12.45 53.748 143.126 -12.45 54.5856
2 24 143.126 -8 54.5856 145.4144 -8 56.874
2 24 143.126 -12.45 54.5856 145.4144 -12.45 56.874
2 24 145.4144 -8 56.874 146.252 -8 60
2 24 145.4144 -12.45 56.874 146.252 -12.45 60
2 24 146.252 -8 60 145.4144 -8 63.126
2 24 146.252 -12.45 60 145.4144 -12.45 63.126
2 24 145.4144 -8 63.126 143.126 -8 65.4144
2 24 145.4144 -12.45 63.126 143.126 -12.45 65.4144
2 24 143.126 -8 65.4144 140 -8 66.252
2 24 143.126 -12.45 65.4144 140 -12.45 66.252
2 24 136.874 -8 65.4144 140 -8 66.252
2 24 136.874 -12.45 65.4144 140 -12.45 66.252
2 24 96.874 -12.45 5.4144 94.5856 -12.45 3.126
2 24 94.5856 -12.45 3.126 93.748 -12.45 0
2 24 93.748 -12.45 0 94.5856 -12.45 -3.126
2 24 94.5856 -12.45 -3.126 96.874 -12.45 -5.4144
2 24 96.874 -12.45 -5.4144 100 -12.45 -6.252
2 24 100 -12.45 -6.252 103.126 -12.45 -5.4144
2 24 103.126 -12.45 -5.4144 105.4144 -12.45 -3.126
2 24 105.4144 -12.45 -3.126 106.252 -12.45 0
2 24 106.252 -12.45 0 105.4144 -12.45 3.126
2 24 105.4144 -12.45 3.126 103.126 -12.45 5.4144
2 24 103.126 -12.45 5.4144 100 -12.45 6.252
2 24 96.874 -12.45 5.4144 100 -12.45 6.252
2 24 96.874 -8 5.4144 94.5856 -8 3.126
2 24 96.874 -12.45 5.4144 94.5856 -12.45 3.126
2 24 94.5856 -8 3.126 93.748 -8 0
2 24 94.5856 -12.45 3.126 93.748 -12.45 0
2 24 93.748 -8 0 94.5856 -8 -3.126
2 24 93.748 -12.45 0 94.5856 -12.45 -3.126
2 24 94.5856 -8 -3.126 96.874 -8 -5.4144
2 24 94.5856 -12.45 -3.126 96.874 -12.45 -5.4144
2 24 96.874 -8 -5.4144 100 -8 -6.252
2 24 96.874 -12.45 -5.4144 100 -12.45 -6.252
2 24 100 -8 -6.252 103.126 -8 -5.4144
2 24 100 -12.45 -6.252 103.126 -12.45 -5.4144
2 24 103.126 -8 -5.4144 105.4144 -8 -3.126
2 24 103.126 -12.45 -5.4144 105.4144 -12.45 -3.126
2 24 105.4144 -8 -3.126 106.252 -8 0
2 24 105.4144 -12.45 -3.126 106.252 -12.45 0
2 24 106.252 -8 0 105.4144 -8 3.126
2 24 106.252 -12.45 0 105.4144 -12.45 3.126
2 24 105.4144 -8 3.126 103.126 -8 5.4144
2 24 105.4144 -12.45 3.126 103.126 -12.45 5.4144
2 24 103.126 -8 5.4144 100 -8 6.252
2 24 103.126 -12.45 5.4144 100 -12.45 6.252
2 24 96.874 -8 5.4144 100 -8 6.252
2 24 96.874 -12.45 5.4144 100 -12.45 6.252
2 24 136.874 -20.45 145.4144 134.5856 -20.45 143.126
2 24 134.5856 -20.45 143.126 133.748 -20.45 140
2 24 133.748 -20.45 140 134.5856 -20.45 136.874
2 24 134.5856 -20.45 136.874 136.874 -20.45 134.5856
2 24 136.874 -20.45 134.5856 140 -20.45 133.748
2 24 140 -20.45 133.748 143.126 -20.45 134.5856
2 24 143.126 -20.45 134.5856 145.4144 -20.45 136.874
2 24 145.4144 -20.45 136.874 146.252 -20.45 140
2 24 146.252 -20.45 140 145.4144 -20.45 143.126
2 24 145.4144 -20.45 143.126 143.126 -20.45 145.4144
2 24 143.126 -20.45 145.4144 140 -20.45 146.252
2 24 136.874 -20.45 145.4144 140 -20.45 146.252
2 24 136.874 -16 145.4144 134.5856 -16 143.126
2 24 136.874 -20.45 145.4144 134.5856 -20.45 143.126
2 24 134.5856 -16 143.126 133.748 -16 140
2 24 134.5856 -20.45 143.126 133.748 -20.45 140
2 24 133.748 -16 140 134.5856 -16 136.874
2 24 133.748 -20.45 140 134.5856 -20.45 136.874
2 24 134.5856 -16 136.874 136.874 -16 134.5856
2 24 134.5856 -20.45 136.874 136.874 -20.45 134.5856
2 24 136.874 -16 134.5856 140 -16 133.748
2 24 136.874 -20.45 134.5856 140 -20.45 133.748
2 24 140 -16 133.748 143.126 -16 134.5856
2 24 140 -20.45 133.748 143.126 -20.45 134.5856
2 24 143.126 -16 134.5856 145.4144 -16 136.874
2 24 143.126 -20.45 134.5856 145.4144 -20.45 136.874
2 24 145.4144 -16 136.874 146.252 -16 140
2 24 145.4144 -20.45 136.874 146.252 -20.45 140
2 24 146.252 -16 140 145.4144 -16 143.126
2 24 146.252 -20.45 140 145.4144 -20.45 143.126
2 24 145.4144 -16 143.126 143.126 -16 145.4144
2 24 145.4144 -20.45 143.126 143.126 -20.45 145.4144
2 24 143.126 -16 145.4144 140 -16 146.252
2 24 143.126 -20.45 145.4144 140 -20.45 146.252
2 24 136.874 -16 145.4144 140 -16 146.252
2 24 136.874 -20.45 145.4144 140 -20.45 146.252
2 24 136.874 -20.45 305.4144 134.5856 -20.45 303.126
2 24 134.5856 -20.45 303.126 133.748 -20.45 300
2 24 133.748 -20.45 300 134.5856 -20.45 296.874
2 24 134.5856 -20.45 296.874 136.874 -20.45 294.5856
2 24 136.874 -20.45 294.5856 140 -20.45 293.748
2 24 140 -20.45 293.748 143.126 -20.45 294.5856
2 24 143.126 -20.45 294.5856 145.4144 -20.45 296.874
2 24 145.4144 -20.45 296.874 146.252 -20.45 300
2 24 146.252 -20.45 300 145.4144 -20.45 303.126
2 24 145.4144 -20.45 303.126 143.126 -20.45 305.4144
2 24 143.126 -20.45 305.4144 140 -20.45 306.252
2 24 136.874 -20.45 305.4144 140 -20.45 306.252
2 24 136.874 -16 305.4144 134.5856 -16 303.126
2 24 136.874 -20.45 305.4144 134.5856 -20.45 303.126
2 24 134.5856 -16 303.126 133.748 -16 300
2 24 134.5856 -20.45 303.126 133.748 -20.45 300
2 24 133.748 -16 300 134.5856 -16 296.874
2 24 133.748 -20.45 300 134.5856 -20.45 296.874
2 24 134.5856 -16 296.874 136.874 -16 294.5856
2 24 134.5856 -20.45 296.874 136.874 -20.45 294.5856
2 24 136.874 -16 294.5856 140 -16 293.748
2 24 136.874 -20.45 294.5856 140 -20.45 293.748
2 24 140 -16 293.748 143.126 -16 294.5856
2 24 140 -20.45 293.748 143.126 -20.45 294.5856
2 24 143.126 -16 294.5856 145.4144 -16 296.874
2 24 143.126 -20.45 294.5856 145.4144 -20.45 296.874
2 24 145.4144 -16 296.874 146.252 -16 300
2 24 145.4144 -20.45 296.874 146.252 -20.45 300
2 24 146.252 -16 300 145.4144 -16 303.126
2 24 146.252 -20.45 300 145.4144 -20.45 303.126
2 24 145.4144 -16 303.126 143.126 -16 305.4144
2 24 145.4144 -20.45 303.126 143.126 -20.45 305.4144
2 24 143.126 -16 305.4144 140 -16 306.252
2 24 143.126 -20.45 305.4144 140 -20.45 306.252
2 24 136.874 -16 305.4144 140 -16 306.252
2 24 136.874 -20.45 305.4144 140 -20.45 306.252
2 24 136.874 -12.45 205.4144 134.5856 -12.45 203.126
2 24 134.5856 -12.45 203.126 133.748 -12.45 200
2 24 133.748 -12.45 200 134.5856 -12.45 196.874
2 24 134.5856 -12.45 196.874 136.874 -12.45 194.5856
2 24 136.874 -12.45 194.5856 140 -12.45 193.748
2 24 140 -12.45 193.748 143.126 -12.45 194.5856
2 24 143.126 -12.45 194.5856 145.4144 -12.45 196.874
2 24 145.4144 -12.45 196.874 146.252 -12.45 200
2 24 146.252 -12.45 200 145.4144 -12.45 203.126
2 24 145.4144 -12.45 203.126 143.126 -12.45 205.4144
2 24 143.126 -12.45 205.4144 140 -12.45 206.252
2 24 136.874 -12.45 205.4144 140 -12.45 206.252
2 24 136.874 -8 205.4144 134.5856 -8 203.126
2 24 136.874 -12.45 205.4144 134.5856 -12.45 203.126
2 24 134.5856 -8 203.126 133.748 -8 200
2 24 134.5856 -12.45 203.126 133.748 -12.45 200
2 24 133.748 -8 200 134.5856 -8 196.874
2 24 133.748 -12.45 200 134.5856 -12.45 196.874
2 24 134.5856 -8 196.874 136.874 -8 194.5856
2 24 134.5856 -12.45 196.874 136.874 -12.45 194.5856
2 24 136.874 -8 194.5856 140 -8 193.748
2 24 136.874 -12.45 194.5856 140 -12.45 193.748
2 24 140 -8 193.748 143.126 -8 194.5856
2 24 140 -12.45 193.748 143.126 -12.45 194.5856
2 24 143.126 -8 194.5856 145.4144 -8 196.874
2 24 143.126 -12.45 194.5856 145.4144 -12.45 196.874
2 24 145.4144 -8 196.874 146.252 -8 200
2 24 145.4144 -12.45 196.874 146.252 -12.45 200
2 24 146.252 -8 200 145.4144 -8 203.126
2 24 146.252 -12.45 200 145.4144 -12.45 203.126
2 24 145.4144 -8 203.126 143.126 -8 205.4144
2 24 145.4144 -12.45 203.126 143.126 -12.45 205.4144
2 24 143.126 -8 205.4144 140 -8 206.252
2 24 143.126 -12.45 205.4144 140 -12.45 206.252
2 24 136.874 -8 205.4144 140 -8 206.252
2 24 136.874 -12.45 205.4144 140 -12.45 206.252
2 24 -3.126 -20.45 185.4144 -5.4144 -20.45 183.126
2 24 -5.4144 -20.45 183.126 -6.252 -20.45 180
2 24 -6.252 -20.45 180 -5.4144 -20.45 176.874
2 24 -5.4144 -20.45 176.874 -3.126 -20.45 174.5856
2 24 -3.126 -20.45 174.5856 0 -20.45 173.748
2 24 0 -20.45 173.748 3.126 -20.45 174.5856
2 24 3.126 -20.45 174.5856 5.4144 -20.45 176.874
2 24 5.4144 -20.45 176.874 6.252 -20.45 180
2 24 6.252 -20.45 180 5.4144 -20.45 183.126
2 24 5.4144 -20.45 183.126 3.126 -20.45 185.4144
2 24 3.126 -20.45 185.4144 0 -20.45 186.252
2 24 -3.126 -20.45 185.4144 0 -20.45 186.252
2 24 -3.126 -16 185.4144 -5.4144 -16 183.126
2 24 -3.126 -20.45 185.4144 -5.4144 -20.45 183.126
2 24 -5.4144 -16 183.126 -6.252 -16 180
2 24 -5.4144 -20.45 183.126 -6.252 -20.45 180
2 24 -6.252 -16 180 -5.4144 -16 176.874
2 24 -6.252 -20.45 180 -5.4144 -20.45 176.874
2 24 -5.4144 -16 176.874 -3.126 -16 174.5856
2 24 -5.4144 -20.45 176.874 -3.126 -20.45 174.5856
2 24 -3.126 -16 174.5856 0 -16 173.748
2 24 -3.126 -20.45 174.5856 0 -20.45 173.748
2 24 0 -16 173.748 3.126 -16 174.5856
2 24 0 -20.45 173.748 3.126 -20.45 174.5856
2 24 3.126 -16 174.5856 5.4144 -16 176.874
2 24 3.126 -20.45 174.5856 5.4144 -20.45 176.874
2 24 5.4144 -16 176.874 6.252 -16 180
2 24 5.4144 -20.45 176.874 6.252 -20.45 180
2 24 6.252 -16 180 5.4144 -16 183.126
2 24 6.252 -20.45 180 5.4144 -20.45 183.126
2 24 5.4144 -16 183.126 3.126 -16 185.4144
2 24 5.4144 -20.45 183.126 3.126 -20.45 185.4144
2 24 3.126 -16 185.4144 0 -16 186.252
2 24 3.126 -20.45 185.4144 0 -20.45 186.252
2 24 -3.126 -16 185.4144 0 -16 186.252
2 24 -3.126 -20.45 185.4144 0 -20.45 186.252
2 24 136.874 -20.45 285.4144 134.5856 -20.45 283.126
2 24 134.5856 -20.45 283.126 133.748 -20.45 280
2 24 133.748 -20.45 280 134.5856 -20.45 276.874
2 24 134.5856 -20.45 276.874 136.874 -20.45 274.5856
2 24 136.874 -20.45 274.5856 140 -20.45 273.748
2 24 140 -20.45 273.748 143.126 -20.45 274.5856
2 24 143.126 -20.45 274.5856 145.4144 -20.45 276.874
2 24 145.4144 -20.45 276.874 146.252 -20.45 280
2 24 146.252 -20.45 280 145.4144 -20.45 283.126
2 24 145.4144 -20.45 283.126 143.126 -20.45 285.4144
2 24 143.126 -20.45 285.4144 140 -20.45 286.252
2 24 136.874 -20.45 285.4144 140 -20.45 286.252
2 24 136.874 -16 285.4144 134.5856 -16 283.126
2 24 136.874 -20.45 285.4144 134.5856 -20.45 283.126
2 24 134.5856 -16 283.126 133.748 -16 280
2 24 134.5856 -20.45 283.126 133.748 -20.45 280
2 24 133.748 -16 280 134.5856 -16 276.874
2 24 133.748 -20.45 280 134.5856 -20.45 276.874
2 24 134.5856 -16 276.874 136.874 -16 274.5856
2 24 134.5856 -20.45 276.874 136.874 -20.45 274.5856
2 24 136.874 -16 274.5856 140 -16 273.748
2 24 136.874 -20.45 274.5856 140 -20.45 273.748
2 24 140 -16 273.748 143.126 -16 274.5856
2 24 140 -20.45 273.748 143.126 -20.45 274.5856
2 24 143.126 -16 274.5856 145.4144 -16 276.874
2 24 143.126 -20.45 274.5856 145.4144 -20.45 276.874
2 24 145.4144 -16 276.874 146.252 -16 280
2 24 145.4144 -20.45 276.874 146.252 -20.45 280
2 24 146.252 -16 280 145.4144 -16 283.126
2 24 146.252 -20.45 280 145.4144 -20.45 283.126
2 24 145.4144 -16 283.126 143.126 -16 285.4144
2 24 145.4144 -20.45 283.126 143.126 -20.45 285.4144
2 24 143.126 -16 285.4144 140 -16 286.252
2 24 143.126 -20.45 285.4144 140 -20.45 286.252
2 24 136.874 -16 285.4144 140 -16 286.252
2 24 136.874 -20.45 285.4144 140 -20.45 286.252
2 24 -3.126 -20.45 5.4144 -5.4144 -20.45 3.126
2 24 -5.4144 -20.45 3.126 -6.252 -20.45 0
2 24 -6.252 -20.45 0 -5.4144 -20.45 -3.126
2 24 -5.4144 -20.45 -3.126 -3.126 -20.45 -5.4144
2 24 -3.126 -20.45 -5.4144 0 -20.45 -6.252
2 24 0 -20.45 -6.252 3.126 -20.45 -5.4144
2 24 3.126 -20.45 -5.4144 5.4144 -20.45 -3.126
2 24 5.4144 -20.45 -3.126 6.252 -20.45 0
2 24 6.252 -20.45 0 5.4144 -20.45 3.126
2 24 5.4144 -20.45 3.126 3.126 -20.45 5.4144
2 24 3.126 -20.45 5.4144 0 -20.45 6.252
2 24 -3.126 -20.45 5.4144 0 -20.45 6.252
2 24 -3.126 -16 5.4144 -5.4144 -16 3.126
2 24 -3.126 -20.45 5.4144 -5.4144 -20.45 3.126
2 24 -5.4144 -16 3.126 -6.252 -16 0
2 24 -5.4144 -20.45 3.126 -6.252 -20.45 0
2 24 -6.252 -16 0 -5.4144 -16 -3.126
2 24 -6.252 -20.45 0 -5.4144 -20.45 -3.126
2 24 -5.4144 -16 -3.126 -3.126 -16 -5.4144
2 24 -5.4144 -20.45 -3.126 -3.126 -20.45 -5.4144
2 24 -3.126 -16 -5.4144 0 -16 -6.252
2 24 -3.126 -20.45 -5.4144 0 -20.45 -6.252
2 24 0 -16 -6.252 3.126 -16 -5.4144
2 24 0 -20.45 -6.252 3.126 -20.45 -5.4144
2 24 3.126 -16 -5.4144 5.4144 -16 -3.126
2 24 3.126 -20.45 -5.4144 5.4144 -20.45 -3.126
2 24 5.4144 -16 -3.126 6.252 -16 0
2 24 5.4144 -20.45 -3.126 6.252 -20.45 0
2 24 6.252 -16 0 5.4144 -16 3.126
2 24 6.252 -20.45 0 5.4144 -20.45 3.126
2 24 5.4144 -16 3.126 3.126 -16 5.4144
2 24 5.4144 -20.45 3.126 3.126 -20.45 5.4144
2 24 3.126 -16 5.4144 0 -16 6.252
2 24 3.126 -20.45 5.4144 0 -20.45 6.252
2 24 -3.126 -16 5.4144 0 -16 6.252
2 24 -3.126 -20.45 5.4144 0 -20.45 6.252
2 24 136.874 -12.45 245.4144 134.5856 -12.45 243.126
2 24 134.5856 -12.45 243.126 133.748 -12.45 240
2 24 133.748 -12.45 240 134.5856 -12.45 236.874
2 24 134.5856 -12.45 236.874 136.874 -12.45 234.5856
2 24 136.874 -12.45 234.5856 140 -12.45 233.748
2 24 140 -12.45 233.748 143.126 -12.45 234.5856
2 24 143.126 -12.45 234.5856 145.4144 -12.45 236.874
2 24 145.4144 -12.45 236.874 146.252 -12.45 240
2 24 146.252 -12.45 240 145.4144 -12.45 243.126
2 24 145.4144 -12.45 243.126 143.126 -12.45 245.4144
2 24 143.126 -12.45 245.4144 140 -12.45 246.252
2 24 136.874 -12.45 245.4144 140 -12.45 246.252
2 24 136.874 -8 245.4144 134.5856 -8 243.126
2 24 136.874 -12.45 245.4144 134.5856 -12.45 243.126
2 24 134.5856 -8 243.126 133.748 -8 240
2 24 134.5856 -12.45 243.126 133.748 -12.45 240
2 24 133.748 -8 240 134.5856 -8 236.874
2 24 133.748 -12.45 240 134.5856 -12.45 236.874
2 24 134.5856 -8 236.874 136.874 -8 234.5856
2 24 134.5856 -12.45 236.874 136.874 -12.45 234.5856
2 24 136.874 -8 234.5856 140 -8 233.748
2 24 136.874 -12.45 234.5856 140 -12.45 233.748
2 24 140 -8 233.748 143.126 -8 234.5856
2 24 140 -12.45 233.748 143.126 -12.45 234.5856
2 24 143.126 -8 234.5856 145.4144 -8 236.874
2 24 143.126 -12.45 234.5856 145.4144 -12.45 236.874
2 24 145.4144 -8 236.874 146.252 -8 240
2 24 145.4144 -12.45 236.874 146.252 -12.45 240
2 24 146.252 -8 240 145.4144 -8 243.126
2 24 146.252 -12.45 240 145.4144 -12.45 243.126
2 24 145.4144 -8 243.126 143.126 -8 245.4144
2 24 145.4144 -12.45 243.126 143.126 -12.45 245.4144
2 24 143.126 -8 245.4144 140 -8 246.252
2 24 143.126 -12.45 245.4144 140 -12.45 246.252
2 24 136.874 -8 245.4144 140 -8 246.252
2 24 136.874 -12.45 245.4144 140 -12.45 246.252
2 24 -3.126 -20.45 125.4144 -5.4144 -20.45 123.126
2 24 -5.4144 -20.45 123.126 -6.252 -20.45 120
2 24 -6.252 -20.45 120 -5.4144 -20.45 116.874
2 24 -5.4144 -20.45 116.874 -3.126 -20.45 114.5856
2 24 -3.126 -20.45 114.5856 0 -20.45 113.748
2 24 0 -20.45 113.748 3.126 -20.45 114.5856
2 24 3.126 -20.45 114.5856 5.4144 -20.45 116.874
2 24 5.4144 -20.45 116.874 6.252 -20.45 120
2 24 6.252 -20.45 120 5.4144 -20.45 123.126
2 24 5.4144 -20.45 123.126 3.126 -20.45 125.4144
2 24 3.126 -20.45 125.4144 0 -20.45 126.252
2 24 -3.126 -20.45 125.4144 0 -20.45 126.252
2 24 -3.126 -16 125.4144 -5.4144 -16 123.126
2 24 -3.126 -20.45 125.4144 -5.4144 -20.45 123.126
2 24 -5.4144 -16 123.126 -6.252 -16 120
2 24 -5.4144 -20.45 123.126 -6.252 -20.45 120
2 24 -6.252 -16 120 -5.4144 -16 116.874
2 24 -6.252 -20.45 120 -5.4144 -20.45 116.874
2 24 -5.4144 -16 116.874 -3.126 -16 114.5856
2 24 -5.4144 -20.45 116.874 -3.126 -20.45 114.5856
2 24 -3.126 -16 114.5856 0 -16 113.748
2 24 -3.126 -20.45 114.5856 0 -20.45 113.748
2 24 0 -16 113.748 3.126 -16 114.5856
2 24 0 -20.45 113.748 3.126 -20.45 114.5856
2 24 3.126 -16 114.5856 5.4144 -16 116.874
2 24 3.126 -20.45 114.5856 5.4144 -20.45 116.874
2 24 5.4144 -16 116.874 6.252 -16 120
2 24 5.4144 -20.45 116.874 6.252 -20.45 120
2 24 6.252 -16 120 5.4144 -16 123.126
2 24 6.252 -20.45 120 5.4144 -20.45 123.126
2 24 5.4144 -16 123.126 3.126 -16 125.4144
2 24 5.4144 -20.45 123.126 3.126 -20.45 125.4144
2 24 3.126 -16 125.4144 0 -16 126.252
2 24 3.126 -20.45 125.4144 0 -20.45 126.252
2 24 -3.126 -16 125.4144 0 -16 126.252
2 24 -3.126 -20.45 125.4144 0 -20.45 126.252
2 24 -3.126 -20.45 165.4144 -5.4144 -20.45 163.126
2 24 -5.4144 -20.45 163.126 -6.252 -20.45 160
2 24 -6.252 -20.45 160 -5.4144 -20.45 156.874
2 24 -5.4144 -20.45 156.874 -3.126 -20.45 154.5856
2 24 -3.126 -20.45 154.5856 0 -20.45 153.748
2 24 0 -20.45 153.748 3.126 -20.45 154.5856
2 24 3.126 -20.45 154.5856 5.4144 -20.45 156.874
2 24 5.4144 -20.45 156.874 6.252 -20.45 160
2 24 6.252 -20.45 160 5.4144 -20.45 163.126
2 24 5.4144 -20.45 163.126 3.126 -20.45 165.4144
2 24 3.126 -20.45 165.4144 0 -20.45 166.252
2 24 -3.126 -20.45 165.4144 0 -20.45 166.252
2 24 -3.126 -16 165.4144 -5.4144 -16 163.126
2 24 -3.126 -20.45 165.4144 -5.4144 -20.45 163.126
2 24 -5.4144 -16 163.126 -6.252 -16 160
2 24 -5.4144 -20.45 163.126 -6.252 -20.45 160
2 24 -6.252 -16 160 -5.4144 -16 156.874
2 24 -6.252 -20.45 160 -5.4144 -20.45 156.874
2 24 -5.4144 -16 156.874 -3.126 -16 154.5856
2 24 -5.4144 -20.45 156.874 -3.126 -20.45 154.5856
2 24 -3.126 -16 154.5856 0 -16 153.748
2 24 -3.126 -20.45 154.5856 0 -20.45 153.748
2 24 0 -16 153.748 3.126 -16 154.5856
2 24 0 -20.45 153.748 3.126 -20.45 154.5856
2 24 3.126 -16 154.5856 5.4144 -16 156.874
2 24 3.126 -20.45 154.5856 5.4144 -20.45 156.874
2 24 5.4144 -16 156.874 6.252 -16 160
2 24 5.4144 -20.45 156.874 6.252 -20.45 160
2 24 6.252 -16 160 5.4144 -16 163.126
2 24 6.252 -20.45 160 5.4144 -20.45 163.126
2 24 5.4144 -16 163.126 3.126 -16 165.4144
2 24 5.4144 -20.45 163.126 3.126 -20.45 165.4144
2 24 3.126 -16 165.4144 0 -16 166.252
2 24 3.126 -20.45 165.4144 0 -20.45 166.252
2 24 -3.126 -16 165.4144 0 -16 166.252
2 24 -3.126 -20.45 165.4144 0 -20.45 166.252
2 24 136.874 -12.45 105.4144 134.5856 -12.45 103.126
2 24 134.5856 -12.45 103.126 133.748 -12.45 100
2 24 133.748 -12.45 100 134.5856 -12.45 96.874
2 24 134.5856 -12.45 96.874 136.874 -12.45 94.5856
2 24 136.874 -12.45 94.5856 140 -12.45 93.748
2 24 140 -12.45 93.748 143.126 -12.45 94.5856
2 24 143.126 -12.45 94.5856 145.4144 -12.45 96.874
2 24 145.4144 -12.45 96.874 146.252 -12.45 100
2 24 146.252 -12.45 100 145.4144 -12.45 103.126
2 24 145.4144 -12.45 103.126 143.126 -12.45 105.4144
2 24 143.126 -12.45 105.4144 140 -12.45 106.252
2 24 136.874 -12.45 105.4144 140 -12.45 106.252
2 24 136.874 -8 105.4144 134.5856 -8 103.126
2 24 136.874 -12.45 105.4144 134.5856 -12.45 103.126
2 24 134.5856 -8 103.126 133.748 -8 100
2 24 134.5856 -12.45 103.126 133.748 -12.45 100
2 24 133.748 -8 100 134.5856 -8 96.874
2 24 133.748 -12.45 100 134.5856 -12.45 96.874
2 24 134.5856 -8 96.874 136.874 -8 94.5856
2 24 134.5856 -12.45 96.874 136.874 -12.45 94.5856
2 24 136.874 -8 94.5856 140 -8 93.748
2 24 136.874 -12.45 94.5856 140 -12.45 93.748
2 24 140 -8 93.748 143.126 -8 94.5856
2 24 140 -12.45 93.748 143.126 -12.45 94.5856
2 24 143.126 -8 94.5856 145.4144 -8 96.874
2 24 143.126 -12.45 94.5856 145.4144 -12.45 96.874
2 24 145.4144 -8 96.874 146.252 -8 100
2 24 145.4144 -12.45 96.874 146.252 -12.45 100
2 24 146.252 -8 100 145.4144 -8 103.126
2 24 146.252 -12.45 100 145.4144 -12.45 103.126
2 24 145.4144 -8 103.126 143.126 -8 105.4144
2 24 145.4144 -12.45 103.126 143.126 -12.45 105.4144
2 24 143.126 -8 105.4144 140 -8 106.252
2 24 143.126 -12.45 105.4144 140 -12.45 106.252
2 24 136.874 -8 105.4144 140 -8 106.252
2 24 136.874 -12.45 105.4144 140 -12.45 106.252
2 24 136.874 -12.45 85.4144 134.5856 -12.45 83.126
2 24 134.5856 -12.45 83.126 133.748 -12.45 80
2 24 133.748 -12.45 80 134.5856 -12.45 76.874
2 24 134.5856 -12.45 76.874 136.874 -12.45 74.5856
2 24 136.874 -12.45 74.5856 140 -12.45 73.748
2 24 140 -12.45 73.748 143.126 -12.45 74.5856
2 24 143.126 -12.45 74.5856 145.4144 -12.45 76.874
2 24 145.4144 -12.45 76.874 146.252 -12.45 80
2 24 146.252 -12.45 80 145.4144 -12.45 83.126
2 24 145.4144 -12.45 83.126 143.126 -12.45 85.4144
2 24 143.126 -12.45 85.4144 140 -12.45 86.252
2 24 136.874 -12.45 85.4144 140 -12.45 86.252
2 24 136.874 -8 85.4144 134.5856 -8 83.126
2 24 136.874 -12.45 85.4144 134.5856 -12.45 83.126
2 24 134.5856 -8 83.126 133.748 -8 80
2 24 134.5856 -12.45 83.126 133.748 -12.45 80
2 24 133.748 -8 80 134.5856 -8 76.874
2 24 133.748 -12.45 80 134.5856 -12.45 76.874
2 24 134.5856 -8 76.874 136.874 -8 74.5856
2 24 134.5856 -12.45 76.874 136.874 -12.45 74.5856
2 24 136.874 -8 74.5856 140 -8 73.748
2 24 136.874 -12.45 74.5856 140 -12.45 73.748
2 24 140 -8 73.748 143.126 -8 74.5856
2 24 140 -12.45 73.748 143.126 -12.45 74.5856
2 24 143.126 -8 74.5856 145.4144 -8 76.874
2 24 143.126 -12.45 74.5856 145.4144 -12.45 76.874
2 24 145.4144 -8 76.874 146.252 -8 80
2 24 145.4144 -12.45 76.874 146.252 -12.45 80
2 24 146.252 -8 80 145.4144 -8 83.126
2 24 146.252 -12.45 80 145.4144 -12.45 83.126
2 24 145.4144 -8 83.126 143.126 -8 85.4144
2 24 145.4144 -12.45 83.126 143.126 -12.45 85.4144
2 24 143.126 -8 85.4144 140 -8 86.252
2 24 143.126 -12.45 85.4144 140 -12.45 86.252
2 24 136.874 -8 85.4144 140 -8 86.252
2 24 136.874 -12.45 85.4144 140 -12.45 86.252
2 24 -3.126 -20.45 25.4144 -5.4144 -20.45 23.126
2 24 -5.4144 -20.45 23.126 -6.252 -20.45 20
2 24 -6.252 -20.45 20 -5.4144 -20.45 16.874
2 24 -5.4144 -20.45 16.874 -3.126 -20.45 14.5856
2 24 -3.126 -20.45 14.5856 0 -20.45 13.748
2 24 0 -20.45 13.748 3.126 -20.45 14.5856
2 24 3.126 -20.45 14.5856 5.4144 -20.45 16.874
2 24 5.4144 -20.45 16.874 6.252 -20.45 20
2 24 6.252 -20.45 20 5.4144 -20.45 23.126
2 24 5.4144 -20.45 23.126 3.126 -20.45 25.4144
2 24 3.126 -20.45 25.4144 0 -20.45 26.252
2 24 -3.126 -20.45 25.4144 0 -20.45 26.252
2 24 -3.126 -16 25.4144 -5.4144 -16 23.126
2 24 -3.126 -20.45 25.4144 -5.4144 -20.45 23.126
2 24 -5.4144 -16 23.126 -6.252 -16 20
2 24 -5.4144 -20.45 23.126 -6.252 -20.45 20
2 24 -6.252 -16 20 -5.4144 -16 16.874
2 24 -6.252 -20.45 20 -5.4144 -20.45 16.874
2 24 -5.4144 -16 16.874 -3.126 -16 14.5856
2 24 -5.4144 -20.45 16.874 -3.126 -20.45 14.5856
2 24 -3.126 -16 14.5856 0 -16 13.748
2 24 -3.126 -20.45 14.5856 0 -20.45 13.748
2 24 0 -16 13.748 3.126 -16 14.5856
2 24 0 -20.45 13.748 3.126 -20.45 14.5856
2 24 3.126 -16 14.5856 5.4144 -16 16.874
2 24 3.126 -20.45 14.5856 5.4144 -20.45 16.874
2 24 5.4144 -16 16.874 6.252 -16 20
2 24 5.4144 -20.45 16.874 6.252 -20.45 20
2 24 6.252 -16 20 5.4144 -16 23.126
2 24 6.252 -20.45 20 5.4144 -20.45 23.126
2 24 5.4144 -16 23.126 3.126 -16 25.4144
2 24 5.4144 -20.45 23.126 3.126 -20.45 25.4144
2 24 3.126 -16 25.4144 0 -16 26.252
2 24 3.126 -20.45 25.4144 0 -20.45 26.252
2 24 -3.126 -16 25.4144 0 -16 26.252
2 24 -3.126 -20.45 25.4144 0 -20.45 26.252
2 24 136.874 -20.45 25.4144 134.5856 -20.45 23.126
2 24 134.5856 -20.45 23.126 133.748 -20.45 20
2 24 133.748 -20.45 20 134.5856 -20.45 16.874
2 24 134.5856 -20.45 16.874 136.874 -20.45 14.5856
2 24 136.874 -20.45 14.5856 140 -20.45 13.748
2 24 140 -20.45 13.748 143.126 -20.45 14.5856
2 24 143.126 -20.45 14.5856 145.4144 -20.45 16.874
2 24 145.4144 -20.45 16.874 146.252 -20.45 20
2 24 146.252 -20.45 20 145.4144 -20.45 23.126
2 24 145.4144 -20.45 23.126 143.126 -20.45 25.4144
2 24 143.126 -20.45 25.4144 140 -20.45 26.252
2 24 136.874 -20.45 25.4144 140 -20.45 26.252
2 24 136.874 -16 25.4144 134.5856 -16 23.126
2 24 136.874 -20.45 25.4144 134.5856 -20.45 23.126
2 24 134.5856 -16 23.126 133.748 -16 20
2 24 134.5856 -20.45 23.126 133.748 -20.45 20
2 24 133.748 -16 20 134.5856 -16 16.874
2 24 133.748 -20.45 20 134.5856 -20.45 16.874
2 24 134.5856 -16 16.874 136.874 -16 14.5856
2 24 134.5856 -20.45 16.874 136.874 -20.45 14.5856
2 24 136.874 -16 14.5856 140 -16 13.748
2 24 136.874 -20.45 14.5856 140 -20.45 13.748
2 24 140 -16 13.748 143.126 -16 14.5856
2 24 140 -20.45 13.748 143.126 -20.45 14.5856
2 24 143.126 -16 14.5856 145.4144 -16 16.874
2 24 143.126 -20.45 14.5856 145.4144 -20.45 16.874
2 24 145.4144 -16 16.874 146.252 -16 20
2 24 145.4144 -20.45 16.874 146.252 -20.45 20
2 24 146.252 -16 20 145.4144 -16 23.126
2 24 146.252 -20.45 20 145.4144 -20.45 23.126
2 24 145.4144 -16 23.126 143.126 -16 25.4144
2 24 145.4144 -20.45 23.126 143.126 -20.45 25.4144
2 24 143.126 -16 25.4144 140 -16 26.252
2 24 143.126 -20.45 25.4144 140 -20.45 26.252
2 24 136.874 -16 25.4144 140 -16 26.252
2 24 136.874 -20.45 25.4144 140 -20.45 26.252
2 24 136.874 -12.45 225.4144 134.5856 -12.45 223.126
2 24 134.5856 -12.45 223.126 133.748 -12.45 220
2 24 133.748 -12.45 220 134.5856 -12.45 216.874
2 24 134.5856 -12.45 216.874 136.874 -12.45 214.5856
2 24 136.874 -12.45 214.5856 140 -12.45 213.748
2 24 140 -12.45 213.748 143.126 -12.45 214.5856
2 24 143.126 -12.45 214.5856 145.4144 -12.45 216.874
2 24 145.4144 -12.45 216.874 146.252 -12.45 220
2 24 146.252 -12.45 220 145.4144 -12.45 223.126
2 24 145.4144 -12.45 223.126 143.126 -12.45 225.4144
2 24 143.126 -12.45 225.4144 140 -12.45 226.252
2 24 136.874 -12.45 225.4144 140 -12.45 226.252
2 24 136.874 -8 225.4144 134.5856 -8 223.126
2 24 136.874 -12.45 225.4144 134.5856 -12.45 223.126
2 24 134.5856 -8 223.126 133.748 -8 220
2 24 134.5856 -12.45 223.126 133.748 -12.45 220
2 24 133.748 -8 220 134.5856 -8 216.874
2 24 133.748 -12.45 220 134.5856 -12.45 216.874
2 24 134.5856 -8 216.874 136.874 -8 214.5856
2 24 134.5856 -12.45 216.874 136.874 -12.45 214.5856
2 24 136.874 -8 214.5856 140 -8 213.748
2 24 136.874 -12.45 214.5856 140 -12.45 213.748
2 24 140 -8 213.748 143.126 -8 214.5856
2 24 140 -12.45 213.748 143.126 -12.45 214.5856
2 24 143.126 -8 214.5856 145.4144 -8 216.874
2 24 143.126 -12.45 214.5856 145.4144 -12.45 216.874
2 24 145.4144 -8 216.874 146.252 -8 220
2 24 145.4144 -12.45 216.874 146.252 -12.45 220
2 24 146.252 -8 220 145.4144 -8 223.126
2 24 146.252 -12.45 220 145.4144 -12.45 223.126
2 24 145.4144 -8 223.126 143.126 -8 225.4144
2 24 145.4144 -12.45 223.126 143.126 -12.45 225.4144
2 24 143.126 -8 225.4144 140 -8 226.252
2 24 143.126 -12.45 225.4144 140 -12.45 226.252
2 24 136.874 -8 225.4144 140 -8 226.252
2 24 136.874 -12.45 225.4144 140 -12.45 226.252
0 STEP
