0 Aircraft Fuselage Forward Top Curved 8 x 12 x 6 with 6 Window Panes with Molded Trans-Light Blue Glass Pattern
0 Name: bl_67241pb01.dat
0 Author: 
0 BL_Item_No 67241pb01
0 BFC CERTIFY CCW
3 16 -7.2015 -0.075 20.6544 -7.2015 -25.6873 20.6544 -6.0128 -0.075 20.6544
3 16 -6.0128 -0.075 20.6544 -7.2015 -25.6873 20.6544 -6.0128 -25.6873 20.6544
3 16 -7.2015 -25.6873 19.147 -7.2015 -0.075 19.147 -6.0128 -25.6873 19.147
3 16 -6.0128 -25.6873 19.147 -7.2015 -0.075 19.147 -6.0128 -0.075 19.147
3 16 -7.2015 -0.075 19.147 -7.2015 -0.075 20.6544 -6.0128 -0.075 19.147
3 16 -6.0128 -0.075 19.147 -7.2015 -0.075 20.6544 -6.0128 -0.075 20.6544
3 16 -6.0128 -0.075 20.6544 -6.0128 -25.6873 20.6544 -6.0128 -0.075 19.147
3 16 -6.0128 -0.075 19.147 -6.0128 -25.6873 20.6544 -6.0128 -25.6873 19.147
3 16 0.7541 -0.075 27.1012 0.7541 -30.7134 27.1012 0.7541 -0.075 25.9125
3 16 0.7541 -0.075 25.9125 0.7541 -30.7134 27.1012 0.7541 -30.7134 25.9125
3 16 -0.7533 -30.7134 27.1012 -0.7533 -0.075 27.1012 -0.7533 -30.7134 25.9125
3 16 -0.7533 -30.7134 25.9125 -0.7533 -0.075 27.1012 -0.7533 -0.075 25.9125
3 16 -0.7533 -0.075 27.1012 0.7541 -0.075 27.1012 -0.7533 -0.075 25.9125
3 16 -0.7533 -0.075 25.9125 0.7541 -0.075 27.1012 0.7541 -0.075 25.9125
3 16 0.7541 -0.075 25.9125 0.7541 -30.7134 25.9125 -0.7533 -0.075 25.9125
3 16 -0.7533 -0.075 25.9125 0.7541 -30.7134 25.9125 -0.7533 -30.7134 25.9125
3 16 20.7291 -0.075 27.1012 20.7291 -49.2909 27.1012 20.7291 -0.075 25.9125
3 16 20.7291 -0.075 25.9125 20.7291 -49.2909 27.1012 20.7291 -49.2909 25.9125
3 16 19.2217 -49.2909 27.1012 19.2217 -0.075 27.1012 19.2217 -49.2909 25.9125
3 16 19.2217 -49.2909 25.9125 19.2217 -0.075 27.1012 19.2217 -0.075 25.9125
3 16 19.2217 -0.075 27.1012 20.7291 -0.075 27.1012 19.2217 -0.075 25.9125
3 16 19.2217 -0.075 25.9125 20.7291 -0.075 27.1012 20.7291 -0.075 25.9125
3 16 20.7291 -0.075 25.9125 20.7291 -49.2909 25.9125 19.2217 -0.075 25.9125
3 16 19.2217 -0.075 25.9125 20.7291 -49.2909 25.9125 19.2217 -49.2909 25.9125
3 16 27.1759 -0.075 19.1456 27.1759 -56.099 19.1456 25.9872 -0.075 19.1456
3 16 25.9872 -0.075 19.1456 27.1759 -56.099 19.1456 25.9872 -56.099 19.1456
3 16 27.1759 -56.099 20.653 27.1759 -0.075 20.653 25.9872 -56.099 20.653
3 16 25.9872 -56.099 20.653 27.1759 -0.075 20.653 25.9872 -0.075 20.653
3 16 27.1759 -0.075 20.653 27.1759 -0.075 19.1456 25.9872 -0.075 20.653
3 16 25.9872 -0.075 20.653 27.1759 -0.075 19.1456 25.9872 -0.075 19.1456
3 16 25.9872 -0.075 19.1456 25.9872 -56.099 19.1456 25.9872 -0.075 20.653
3 16 25.9872 -0.075 20.653 25.9872 -56.099 19.1456 25.9872 -56.099 20.653
3 16 -7.2015 -0.075 -0.6544 -6.0128 -0.075 -0.6544 -7.2015 -25.6873 -0.6544
3 16 -7.2015 -25.6873 -0.6544 -6.0128 -0.075 -0.6544 -6.0128 -25.6873 -0.6544
3 16 -7.2015 -25.6873 0.853 -6.0128 -25.6873 0.853 -7.2015 -0.075 0.853
3 16 -7.2015 -0.075 0.853 -6.0128 -25.6873 0.853 -6.0128 -0.075 0.853
3 16 -7.2015 -0.075 0.853 -6.0128 -0.075 0.853 -7.2015 -0.075 -0.6544
3 16 -7.2015 -0.075 -0.6544 -6.0128 -0.075 0.853 -6.0128 -0.075 -0.6544
3 16 -6.0128 -0.075 -0.6544 -6.0128 -0.075 0.853 -6.0128 -25.6873 -0.6544
3 16 -6.0128 -25.6873 -0.6544 -6.0128 -0.075 0.853 -6.0128 -25.6873 0.853
3 16 0.7541 -0.075 -7.1012 0.7541 -0.075 -5.9125 0.7541 -30.7134 -7.1012
3 16 0.7541 -30.7134 -7.1012 0.7541 -0.075 -5.9125 0.7541 -30.7134 -5.9125
3 16 -0.7533 -30.7134 -7.1012 -0.7533 -30.7134 -5.9125 -0.7533 -0.075 -7.1012
3 16 -0.7533 -0.075 -7.1012 -0.7533 -30.7134 -5.9125 -0.7533 -0.075 -5.9125
3 16 -0.7533 -0.075 -7.1012 -0.7533 -0.075 -5.9125 0.7541 -0.075 -7.1012
3 16 0.7541 -0.075 -7.1012 -0.7533 -0.075 -5.9125 0.7541 -0.075 -5.9125
3 16 0.7541 -0.075 -5.9125 -0.7533 -0.075 -5.9125 0.7541 -30.7134 -5.9125
3 16 0.7541 -30.7134 -5.9125 -0.7533 -0.075 -5.9125 -0.7533 -30.7134 -5.9125
3 16 20.7291 -0.075 -7.1012 20.7291 -0.075 -5.9125 20.7291 -49.2909 -7.1012
3 16 20.7291 -49.2909 -7.1012 20.7291 -0.075 -5.9125 20.7291 -49.2909 -5.9125
3 16 19.2217 -49.2909 -7.1012 19.2217 -49.2909 -5.9125 19.2217 -0.075 -7.1012
3 16 19.2217 -0.075 -7.1012 19.2217 -49.2909 -5.9125 19.2217 -0.075 -5.9125
3 16 19.2217 -0.075 -7.1012 19.2217 -0.075 -5.9125 20.7291 -0.075 -7.1012
3 16 20.7291 -0.075 -7.1012 19.2217 -0.075 -5.9125 20.7291 -0.075 -5.9125
3 16 20.7291 -0.075 -5.9125 19.2217 -0.075 -5.9125 20.7291 -49.2909 -5.9125
3 16 20.7291 -49.2909 -5.9125 19.2217 -0.075 -5.9125 19.2217 -49.2909 -5.9125
3 16 27.1759 -0.075 0.8544 25.9872 -0.075 0.8544 27.1759 -56.099 0.8544
3 16 27.1759 -56.099 0.8544 25.9872 -0.075 0.8544 25.9872 -56.099 0.8544
3 16 27.1759 -56.099 -0.653 25.9872 -56.099 -0.653 27.1759 -0.075 -0.653
3 16 27.1759 -0.075 -0.653 25.9872 -56.099 -0.653 25.9872 -0.075 -0.653
3 16 27.1759 -0.075 -0.653 25.9872 -0.075 -0.653 27.1759 -0.075 0.8544
3 16 27.1759 -0.075 0.8544 25.9872 -0.075 -0.653 25.9872 -0.075 0.8544
3 16 25.9872 -0.075 0.8544 25.9872 -0.075 -0.653 25.9872 -56.099 0.8544
3 16 25.9872 -56.099 0.8544 25.9872 -0.075 -0.653 25.9872 -56.099 -0.653
3 16 193.4106 -96 81.9691 190 -96 80 191.9691 -96 83.4106
3 16 190 -96 80 190 -96 83.9382 191.9691 -96 83.4106
3 16 190 -96 83.9382 190 -96 80 188.0309 -96 83.4106
3 16 188.0309 -96 83.4106 190 -96 80 186.5894 -96 81.9691
3 16 186.5894 -96 81.9691 190 -96 80 186.0618 -96 80
3 16 186.0618 -96 80 190 -96 80 186.5894 -96 78.0309
3 16 186.5894 -96 78.0309 190 -96 80 188.0309 -96 76.5894
3 16 188.0309 -96 76.5894 190 -96 80 190 -96 76.0618
3 16 190 -96 76.0618 190 -96 80 191.9691 -96 76.5894
3 16 191.9691 -96 76.5894 190 -96 80 193.4106 -96 78.0309
3 16 193.4106 -96 78.0309 190 -96 80 193.9382 -96 80
3 16 193.9382 -96 80 190 -96 80 193.4106 -96 81.9691
3 16 170 -96 86.25 170 -96 90 206.25 -96 86.25
3 16 206.25 -96 86.25 170 -96 90 210 -96 90
3 16 170 -96 73.75 206.25 -96 73.75 170 -96 70
3 16 170 -96 70 206.25 -96 73.75 210 -96 70
3 16 206.25 -96 86.25 210 -96 90 206.25 -96 73.75
3 16 206.25 -96 73.75 210 -96 90 210 -96 70
3 16 170 -96 73.75 190 -121.0666 73.75 206.25 -96 73.75
3 16 206.25 -96 73.75 190 -121.0666 73.75 206.25 -121.0666 73.75
3 16 170 -96 86.25 206.25 -96 86.25 190 -99.9682 86.25
3 16 190 -99.9682 86.25 206.25 -96 86.25 206.25 -99.9682 86.25
3 16 170 -96 73.75 170 -96 86.25 170 -99.9682 86.25
3 16 206.25 -96 73.75 206.25 -99.9682 86.25 206.25 -96 86.25
3 16 170 -99.9682 86.25 170 -96 86.25 190 -99.9682 86.25
3 16 170 -96 73.75 170 -121.0666 73.75 190 -121.0666 73.75
3 16 191.936 -106.9876 83.404 191.9691 -96 83.4106 189.9708 -105.6887 83.9324
3 16 189.9708 -105.6887 83.9324 191.9691 -96 83.4106 190 -96 83.9382
3 16 191.9691 -96 83.4106 191.936 -106.9876 83.404 193.4106 -96 81.9691
3 16 193.4106 -96 81.9691 191.936 -106.9876 83.404 193.3698 -109.6266 81.961
3 16 190 -96 83.9382 188.0309 -96 83.4106 189.9708 -105.6887 83.9324
3 16 189.9708 -105.6887 83.9324 188.0309 -96 83.4106 187.9977 -106.9877 83.404
3 16 193.4106 -96 81.9691 193.3698 -109.6266 81.961 193.9382 -96 80
3 16 193.9382 -96 80 193.3698 -109.6266 81.961 193.9382 -113.2037 80
3 16 188.0309 -96 83.4106 186.5894 -96 81.9691 187.9977 -106.9877 83.404
3 16 187.9977 -106.9877 83.404 186.5894 -96 81.9691 186.5486 -109.6266 81.961
3 16 193.9382 -96 80 193.9382 -113.2037 80 193.4106 -96 78.0309
3 16 193.4106 -96 78.0309 193.9382 -113.2037 80 193.3512 -115.9256 78.0191
3 16 186.5894 -96 81.9691 186.0618 -96 80 186.5486 -109.6266 81.961
3 16 186.5486 -109.6266 81.961 186.0618 -96 80 186.0618 -113.2037 80
3 16 193.4106 -96 78.0309 193.3512 -115.9256 78.0191 191.9691 -96 76.5894
3 16 191.9691 -96 76.5894 193.3512 -115.9256 78.0191 191.9036 -117.7026 76.5764
3 16 186.0618 -96 80 186.5894 -96 78.0309 186.0618 -113.2037 80
3 16 186.0618 -113.2037 80 186.5894 -96 78.0309 186.53 -115.9256 78.0191
3 16 191.9691 -96 76.5894 191.9036 -117.7026 76.5764 190 -96 76.0618
3 16 190 -96 76.0618 191.9036 -117.7026 76.5764 189.9326 -118.331 76.0484
3 16 186.5894 -96 78.0309 188.0309 -96 76.5894 186.53 -115.9256 78.0191
3 16 186.53 -115.9256 78.0191 188.0309 -96 76.5894 187.9654 -117.7026 76.5764
3 16 188.0309 -96 76.5894 190 -96 76.0618 187.9654 -117.7026 76.5764
3 16 187.9654 -117.7026 76.5764 190 -96 76.0618 189.9326 -118.331 76.0484
3 16 193.3698 -109.6266 81.961 191.936 -106.9876 83.404 206.25 -104.366 84.7139
3 16 189.9677 -119.2508 75.3814 189.9326 -118.331 76.0484 206.25 -119.2508 75.3814
3 16 191.9036 -117.7026 76.5764 206.25 -119.2508 75.3814 189.9326 -118.331 76.0484
3 16 170 -119.2508 75.3814 170 -113.2037 80.0003 186.53 -115.9256 78.0191
3 16 186.53 -115.9256 78.0191 170 -113.2037 80.0003 186.0618 -113.2037 80
3 16 170 -104.366 84.7139 170 -99.9682 86.25 189.9835 -104.366 84.7139
3 16 189.9835 -104.366 84.7139 170 -99.9682 86.25 190 -99.9682 86.25
3 16 170 -104.366 84.7139 186.5486 -109.6266 81.961 170 -113.2037 80.0003
3 16 170 -113.2037 80.0003 186.5486 -109.6266 81.961 186.0618 -113.2037 80
3 16 193.9382 -113.2037 80 193.3698 -109.6266 81.961 206.25 -113.2037 80.0003
3 16 206.25 -113.2037 80.0003 193.3698 -109.6266 81.961 206.25 -104.366 84.7139
3 16 193.9382 -113.2037 80 206.25 -113.2037 80.0003 193.3512 -115.9256 78.0191
3 16 193.3512 -115.9256 78.0191 206.25 -113.2037 80.0003 206.25 -119.2508 75.3814
3 16 170 -119.2508 75.3814 186.53 -115.9256 78.0191 187.9654 -117.7026 76.5764
3 16 189.9835 -104.366 84.7139 190 -99.9682 86.25 206.25 -104.366 84.7139
3 16 206.25 -104.366 84.7139 190 -99.9682 86.25 206.25 -99.9682 86.25
3 16 170 -104.366 84.7139 187.9977 -106.9877 83.404 186.5486 -109.6266 81.961
3 16 206.25 -121.0666 73.75 190 -121.0666 73.75 206.25 -119.2508 75.3814
3 16 206.25 -119.2508 75.3814 190 -121.0666 73.75 189.9677 -119.2508 75.3814
3 16 190 -121.0666 73.75 170 -121.0666 73.75 189.9677 -119.2508 75.3814
3 16 189.9677 -119.2508 75.3814 170 -121.0666 73.75 170 -119.2508 75.3814
3 16 206.25 -119.2508 75.3814 191.9036 -117.7026 76.5764 193.3512 -115.9256 78.0191
3 16 189.9677 -119.2508 75.3814 170 -119.2508 75.3814 189.9326 -118.331 76.0484
3 16 170 -119.2508 75.3814 187.9654 -117.7026 76.5764 189.9326 -118.331 76.0484
3 16 189.9835 -104.366 84.7139 206.25 -104.366 84.7139 189.9708 -105.6887 83.9324
3 16 191.936 -106.9876 83.404 189.9708 -105.6887 83.9324 206.25 -104.366 84.7139
3 16 189.9835 -104.366 84.7139 189.9708 -105.6887 83.9324 170 -104.366 84.7139
3 16 187.9977 -106.9877 83.404 170 -104.366 84.7139 189.9708 -105.6887 83.9324
3 16 206.25 -121.0666 73.75 206.25 -119.2508 75.3814 206.25 -96 73.75
3 16 206.25 -96 73.75 206.25 -104.366 84.7139 206.25 -99.9682 86.25
3 16 206.25 -96 73.75 206.25 -119.2508 75.3814 206.25 -113.2037 80.0003
3 16 206.25 -96 73.75 206.25 -113.2037 80.0003 206.25 -104.366 84.7139
3 16 170 -104.366 84.7139 170 -96 73.75 170 -99.9682 86.25
3 16 170 -121.0666 73.75 170 -96 73.75 170 -119.2508 75.3814
3 16 170 -113.2037 80.0003 170 -96 73.75 170 -104.366 84.7139
3 16 170 -119.2508 75.3814 170 -96 73.75 170 -113.2037 80.0003
3 16 170 -144 30 147.9765 -142.0014 25.3258 170 -144 10
3 16 170 -144 10 147.9765 -142.0014 25.3258 148.7958 -142.5892 10
3 16 170 -143.4152 39.7576 170 -139.2392 54.0497 147.82 -140.7125 40.4823
3 16 147.82 -140.7125 40.4823 170 -139.2392 54.0497 149.9422 -136.3087 55.8694
3 16 153.257 -126.4756 71.392 149.9422 -136.3087 55.8694 170 -129.0659 70.8768
3 16 170 -129.0659 70.8768 149.9422 -136.3087 55.8694 170 -139.2392 54.0497
3 16 170 -129.0659 70.8768 170 -114.2022 83.7633 153.257 -126.4756 71.392
3 16 153.257 -126.4756 71.392 170 -114.2022 83.7633 158.0648 -112.1294 83.5414
3 16 158.0648 -112.1294 83.5414 170 -114.2022 83.7633 162.3925 -100.0039 90
3 16 162.3925 -100.0039 90 170 -114.2022 83.7633 170 -100.8 90
3 16 162.3925 -100.0039 90 147.8408 -94.0628 90 158.0648 -112.1294 83.5414
3 16 158.0648 -112.1294 83.5414 147.8408 -94.0628 90 139.4209 -104.1237 84.2164
3 16 124.5258 -89.6433 84.6234 139.4209 -104.1237 84.2164 136.7517 -82.7714 90
3 16 136.7517 -82.7714 90 139.4209 -104.1237 84.2164 147.8408 -94.0628 90
3 16 148.7958 -142.5892 10 147.9765 -142.0014 25.3258 114.1432 -134.3428 10
3 16 114.1432 -134.3428 10 147.9765 -142.0014 25.3258 114.2052 -133.3859 26.6169
3 16 78.0226 -116.1242 10 114.1432 -134.3428 10 80.343 -115.7704 27.5268
3 16 80.343 -115.7704 27.5268 114.1432 -134.3428 10 114.2052 -133.3859 26.6169
3 16 128.7981 -118.1586 72.652 153.257 -126.4756 71.392 139.4209 -104.1237 84.2164
3 16 139.4209 -104.1237 84.2164 153.257 -126.4756 71.392 158.0648 -112.1294 83.5414
3 16 153.257 -126.4756 71.392 128.7981 -118.1586 72.652 149.9422 -136.3087 55.8694
3 16 149.9422 -136.3087 55.8694 128.7981 -118.1586 72.652 120.8093 -127.3641 58.4066
3 16 116.0351 -131.8173 42.6432 147.82 -140.7125 40.4823 120.8093 -127.3641 58.4066
3 16 120.8093 -127.3641 58.4066 147.82 -140.7125 40.4823 149.9422 -136.3087 55.8694
3 16 147.9765 -142.0014 25.3258 147.82 -140.7125 40.4823 114.2052 -133.3859 26.6169
3 16 114.2052 -133.3859 26.6169 147.82 -140.7125 40.4823 116.0351 -131.8173 42.6432
3 16 139.4209 -104.1237 84.2164 124.5258 -89.6433 84.6234 128.7981 -118.1586 72.652
3 16 128.7981 -118.1586 72.652 124.5258 -89.6433 84.6234 107.6497 -100.4164 74.695
3 16 128.7981 -118.1586 72.652 107.6497 -100.4164 74.695 120.8093 -127.3641 58.4066
3 16 120.8093 -127.3641 58.4066 107.6497 -100.4164 74.695 93.9425 -108.916 61.4266
3 16 120.8093 -127.3641 58.4066 93.9425 -108.916 61.4266 116.0351 -131.8173 42.6432
3 16 116.0351 -131.8173 42.6432 93.9425 -108.916 61.4266 85.0713 -114.2754 44.9501
3 16 116.0351 -131.8173 42.6432 85.0713 -114.2754 44.9501 114.2052 -133.3859 26.6169
3 16 114.2052 -133.3859 26.6169 85.0713 -114.2754 44.9501 80.343 -115.7704 27.5268
3 16 109.7456 -56.5376 82.6547 110.4612 -57.575 82.8961 130 -46.2433 90
3 16 130.13 -62.2768 90 130 -46.2433 90 110.4612 -57.575 82.8961
3 16 130 -20.5074 90 130 0 90 106.8007 -19.0875 82.4211
3 16 106.8007 -19.0875 82.4211 130 0 90 104.7572 0 81.3126
3 16 -14.7903 0 35.8454 -9.9318 -14.5867 37.9515 2.5188 0 46.3404
3 16 2.5188 0 46.3404 -9.9318 -14.5867 37.9515 5.6005 -14.6004 47.7771
3 16 -29.8943 0 10 -25.5915 -13.6453 10 -26.1343 0 23.2463
3 16 -26.1343 0 23.2463 -25.5915 -13.6453 10 -20.8476 -14.8176 24.4735
3 16 -2.0168 -36.5453 22.5877 -11.5115 -26.9583 23.6792 -5.8241 -35.7473 10
3 16 -5.8241 -35.7473 10 -11.5115 -26.9583 23.6792 -16.0569 -25.659 10
3 16 -5.8241 -35.7473 10 10.6089 -50.5544 10 -2.0168 -36.5453 22.5877
3 16 -2.0168 -36.5453 22.5877 10.6089 -50.5544 10 13.7699 -51.6485 22.029
3 16 130 -46.2433 90 130 -20.5074 90 109.7091 -44.5214 83.2145
3 16 109.7091 -44.5214 83.2145 130 -20.5074 90 106.8007 -19.0875 82.4211
3 16 108.0936 -55.9295 82.1132 109.7456 -56.5376 82.6547 109.7091 -44.5214 83.2145
3 16 109.7091 -44.5214 83.2145 109.7456 -56.5376 82.6547 130 -46.2433 90
3 16 -3.0412 -27.1922 36.5015 5.5342 -38.1895 35.4739 10.0939 -25.651 46.8712
3 16 10.0939 -25.651 46.8712 5.5342 -38.1895 35.4739 18.6297 -36.5737 47.4168
3 16 5.5342 -38.1895 35.4739 18.4394 -52.3347 33.9081 18.6297 -36.5737 47.4168
3 16 18.6297 -36.5737 47.4168 18.4394 -52.3347 33.9081 28.95 -52.6341 46.6118
3 16 106.8007 -19.0875 82.4211 104.7572 0 81.3126 73.3398 -20.4917 71.7491
3 16 73.3398 -20.4917 71.7491 104.7572 0 81.3126 69.0281 0 69.3997
3 16 109.7091 -44.5214 83.2145 106.8007 -19.0875 82.4211 80.1781 -49.1797 72.032
3 16 80.1781 -49.1797 72.032 106.8007 -19.0875 82.4211 73.3398 -20.4917 71.7491
3 16 73.3398 -20.4917 71.7491 69.0281 0 69.3997 39.7872 -21.9778 60.2619
3 16 39.7872 -21.9778 60.2619 69.0281 0 69.3997 33.4581 0 57.5228
3 16 80.1781 -49.1797 72.032 73.3398 -20.4917 71.7491 51.5682 -50.4979 61.5687
3 16 51.5682 -50.4979 61.5687 73.3398 -20.4917 71.7491 39.7872 -21.9778 60.2619
3 16 -9.9318 -14.5867 37.9515 -14.7903 0 35.8454 -20.8476 -14.8176 24.4735
3 16 -20.8476 -14.8176 24.4735 -14.7903 0 35.8454 -26.1343 0 23.2463
3 16 5.5342 -38.1895 35.4739 -3.0412 -27.1922 36.5015 -2.0168 -36.5453 22.5877
3 16 -2.0168 -36.5453 22.5877 -3.0412 -27.1922 36.5015 -11.5115 -26.9583 23.6792
3 16 18.4394 -52.3347 33.9081 5.5342 -38.1895 35.4739 13.7699 -51.6485 22.029
3 16 13.7699 -51.6485 22.029 5.5342 -38.1895 35.4739 -2.0168 -36.5453 22.5877
3 16 39.7872 -21.9778 60.2619 33.4581 0 57.5228 5.6005 -14.6004 47.7771
3 16 5.6005 -14.6004 47.7771 33.4581 0 57.5228 2.5188 0 46.3404
3 16 5.6005 -14.6004 47.7771 10.0939 -25.651 46.8712 39.7872 -21.9778 60.2619
3 16 39.7872 -21.9778 60.2619 10.0939 -25.651 46.8712 18.6297 -36.5737 47.4168
3 16 51.5682 -50.4979 61.5687 39.7872 -21.9778 60.2619 28.95 -52.6341 46.6118
3 16 28.95 -52.6341 46.6118 39.7872 -21.9778 60.2619 18.6297 -36.5737 47.4168
3 16 80.343 -115.7704 27.5268 58.6771 -98.0937 27.7224 78.0226 -116.1242 10
3 16 78.0226 -116.1242 10 58.6771 -98.0937 27.7224 55.9734 -97.6026 10
3 16 85.0713 -114.2754 44.9501 65.3797 -96.8669 45.6139 80.343 -115.7704 27.5268
3 16 80.343 -115.7704 27.5268 65.3797 -96.8669 45.6139 58.6771 -98.0937 27.7224
3 16 147.9765 -142.0014 25.3258 170 -144 30 147.82 -140.7125 40.4823
3 16 147.82 -140.7125 40.4823 170 -144 30 170 -143.4152 39.7576
3 16 105.8771 0 77.7358 104.7572 0 81.3126 130 0 86.25
3 16 130 0 86.25 104.7572 0 81.3126 130 0 90
3 16 -22.6901 0 21.6978 -26.1593 0 10 -26.1343 0 23.2463
3 16 -26.1343 0 23.2463 -26.1593 0 10 -29.8943 0 10
3 16 105.8771 0 77.7358 72.3524 0 66.5808 104.7572 0 81.3126
3 16 104.7572 0 81.3126 72.3524 0 66.5808 69.0281 0 69.3997
3 16 72.3524 0 66.5808 37.8309 0 55.0882 69.0281 0 69.3997
3 16 69.0281 0 69.3997 37.8309 0 55.0882 33.4581 0 57.5228
3 16 37.8309 0 55.0882 4.7656 0 43.2913 33.4581 0 57.5228
3 16 33.4581 0 57.5228 4.7656 0 43.2913 2.5188 0 46.3404
3 16 4.7656 0 43.2913 -12.092 0 33.2471 2.5188 0 46.3404
3 16 2.5188 0 46.3404 -12.092 0 33.2471 -14.7903 0 35.8454
3 16 -12.092 0 33.2471 -22.6901 0 21.6978 -14.7903 0 35.8454
3 16 -14.7903 0 35.8454 -22.6901 0 21.6978 -26.1343 0 23.2463
3 16 203.4106 -120 51.9691 200 -120 50 201.9691 -120 53.4106
3 16 200 -120 50 200 -120 53.9382 201.9691 -120 53.4106
3 16 200 -120 53.9382 200 -120 50 198.0309 -120 53.4106
3 16 198.0309 -120 53.4106 200 -120 50 196.5894 -120 51.9691
3 16 196.5894 -120 51.9691 200 -120 50 196.0618 -120 50
3 16 196.0618 -120 50 200 -120 50 196.5894 -120 48.0309
3 16 196.5894 -120 48.0309 200 -120 50 198.0309 -120 46.5894
3 16 198.0309 -120 46.5894 200 -120 50 200 -120 46.0618
3 16 200 -120 46.0618 200 -120 50 201.9691 -120 46.5894
3 16 201.9691 -120 46.5894 200 -120 50 203.4106 -120 48.0309
3 16 203.4106 -120 48.0309 200 -120 50 203.9382 -120 50
3 16 203.9382 -120 50 200 -120 50 203.4106 -120 51.9691
3 16 192 -120 37.9589 192 -120 22.0411 192 -128.5 30
3 16 192 -128.5 30 192 -120 22.0411 192 -129.3373 26.8789
3 16 192 -129.3373 26.8789 192 -120 22.0411 192 -131.625 24.5913
3 16 192 -120 22.0411 192 -134.75 22.0411 192 -131.625 24.5913
3 16 192 -131.625 24.5913 192 -134.75 22.0411 192 -134.75 23.7539
3 16 192 -129.3373 33.121 192 -131.625 35.4087 192 -120 37.9589
3 16 208 -131.625 35.4087 192 -131.625 35.4087 208 -129.3373 33.121
3 16 208 -129.3373 33.121 192 -131.625 35.4087 192 -129.3373 33.121
3 16 208 -129.3373 33.121 192 -129.3373 33.121 208 -128.5 30
3 16 208 -128.5 30 192 -129.3373 33.121 192 -128.5 30
3 16 192 -128.5 30 192 -129.3373 33.121 192 -120 37.9589
3 16 192 -134.75 36.246 192 -131.625 35.4087 208 -134.75 36.246
3 16 208 -134.75 36.246 192 -131.625 35.4087 208 -131.625 35.4087
3 16 192 -134.75 36.246 192 -134.75 37.9589 192 -131.625 35.4087
3 16 192 -131.625 35.4087 192 -134.75 37.9589 192 -120 37.9589
3 16 190 -134.75 22.0411 190 -138.7314 23.1079 192 -134.75 22.0411
3 16 192 -134.75 22.0411 190 -138.7314 23.1079 192 -138.7314 23.1079
3 16 192 -141.646 26.0225 190 -140.004 24.3805 190 -141.646 26.0225
3 16 190 -141.646 26.0225 190 -142.7129 30 192 -141.646 26.0225
3 16 192 -141.646 26.0225 190 -142.7129 30 192 -142.7129 30
3 16 192 -140.1627 26.8789 192 -137.875 24.5913 192 -141.646 26.0225
3 16 192 -141.646 26.0225 192 -137.875 24.5913 192 -138.7314 23.1079
3 16 208 -137.875 24.5913 192 -137.875 24.5913 208 -140.1627 26.8789
3 16 208 -140.1627 26.8789 192 -137.875 24.5913 192 -140.1627 26.8789
3 16 208 -140.1627 26.8789 192 -140.1627 26.8789 208 -141 30
3 16 208 -141 30 192 -140.1627 26.8789 192 -141 30
3 16 192 -141 30 192 -140.1627 26.8789 192 -142.7129 30
3 16 192 -142.7129 30 192 -140.1627 26.8789 192 -141.646 26.0225
3 16 208 -134.75 23.7539 192 -134.75 23.7539 208 -137.875 24.5913
3 16 208 -137.875 24.5913 192 -134.75 23.7539 192 -137.875 24.5913
3 16 192 -137.875 24.5913 192 -134.75 23.7539 192 -138.7314 23.1079
3 16 192 -138.7314 23.1079 192 -134.75 23.7539 192 -134.75 22.0411
3 16 192 -141 30 192 -142.7129 30 192 -140.1627 33.121
3 16 192 -140.1627 33.121 192 -142.7129 30 192 -141.646 33.9775
3 16 192 -140.1627 33.121 192 -141.646 33.9775 192 -137.875 35.4087
3 16 192 -137.875 35.4087 192 -141.646 33.9775 192 -138.7314 36.8921
3 16 192 -137.875 35.4087 192 -138.7314 36.8921 192 -134.75 36.246
3 16 192 -134.75 36.246 192 -138.7314 36.8921 192 -134.75 37.9589
3 16 192 -134.75 37.9589 192 -138.7314 36.8921 190 -134.75 37.9589
3 16 190 -134.75 37.9589 192 -138.7314 36.8921 190 -138.7314 36.8921
3 16 190 -138.7314 36.8921 192 -138.7314 36.8921 190 -139.7433 35.8714
3 16 190 -139.7433 35.8714 192 -138.7314 36.8921 192 -141.646 33.9775
3 16 190 -141.646 33.9775 192 -141.646 33.9775 190 -142.7129 30
3 16 190 -142.7129 30 192 -141.646 33.9775 192 -142.7129 30
3 16 192 -134.75 22.0411 192 -120 22.0411 190 -134.75 22.0411
3 16 190 -134.75 22.0411 192 -120 22.0411 190 -120 22.0411
3 16 190 -134.75 37.9589 190 -120 37.9589 192 -134.75 37.9589
3 16 192 -134.75 37.9589 190 -120 37.9589 192 -120 37.9589
3 16 210 -134.75 22.0411 210 -130.7686 23.1079 208 -134.75 22.0411
3 16 208 -134.75 22.0411 210 -130.7686 23.1079 208 -130.7686 23.1079
3 16 210 -130.7686 23.1079 210 -134.75 22.0411 210 -130.7686 16.8921
3 16 210 -130.7686 16.8921 210 -134.75 22.0411 210 -134.75 17.9589
3 16 210 -130.7686 23.1079 210 -127.854 26.0225 208 -130.7686 23.1079
3 16 208 -130.7686 23.1079 210 -127.854 26.0225 208 -127.854 26.0225
3 16 210 -127.854 26.0225 210 -126.7871 30 208 -127.854 26.0225
3 16 208 -127.854 26.0225 210 -126.7871 30 208 -126.7871 30
3 16 208 -129.3373 26.8789 208 -131.625 24.5913 208 -127.854 26.0225
3 16 208 -127.854 26.0225 208 -131.625 24.5913 208 -130.7686 23.1079
3 16 208 -131.625 24.5913 208 -129.3373 26.8789 192 -131.625 24.5913
3 16 192 -131.625 24.5913 208 -129.3373 26.8789 192 -129.3373 26.8789
3 16 208 -129.3373 26.8789 208 -128.5 30 192 -129.3373 26.8789
3 16 192 -129.3373 26.8789 208 -128.5 30 192 -128.5 30
3 16 208 -128.5 30 208 -129.3373 26.8789 208 -126.7871 30
3 16 208 -126.7871 30 208 -129.3373 26.8789 208 -127.854 26.0225
3 16 208 -134.75 23.7539 208 -131.625 24.5913 192 -134.75 23.7539
3 16 192 -134.75 23.7539 208 -131.625 24.5913 192 -131.625 24.5913
3 16 208 -131.625 24.5913 208 -134.75 23.7539 208 -130.7686 23.1079
3 16 208 -130.7686 23.1079 208 -134.75 23.7539 208 -134.75 22.0411
3 16 208 -128.5 30 208 -126.7871 30 208 -129.3373 33.121
3 16 208 -129.3373 33.121 208 -126.7871 30 208 -127.854 33.9775
3 16 208 -129.3373 33.121 208 -127.854 33.9775 208 -131.625 35.4087
3 16 208 -131.625 35.4087 208 -127.854 33.9775 208 -130.7686 36.8921
3 16 208 -131.625 35.4087 208 -130.7686 36.8921 208 -134.75 36.246
3 16 208 -134.75 36.246 208 -130.7686 36.8921 208 -134.75 37.9589
3 16 208 -134.75 37.9589 208 -130.7686 36.8921 210 -134.75 37.9589
3 16 210 -134.75 37.9589 208 -130.7686 36.8921 210 -130.7686 36.8921
3 16 210 -130.7686 36.8921 208 -130.7686 36.8921 210 -127.854 33.9775
3 16 210 -127.854 33.9775 208 -130.7686 36.8921 208 -127.854 33.9775
3 16 210 -127.854 33.9775 208 -127.854 33.9775 210 -126.7871 30
3 16 210 -126.7871 30 208 -127.854 33.9775 208 -126.7871 30
3 16 210 -127.854 33.9775 210 -120 70 210 -130.7686 36.8921
3 16 210 -126.7871 30 210 -120 30 210 -127.854 33.9775
3 16 210 -120 30 210 -120 70 210 -127.854 33.9775
3 16 208 -142.7129 30 208 -141.646 26.0225 208 -141 30
3 16 208 -141 30 208 -141.646 26.0225 208 -140.1627 26.8789
3 16 208 -140.1627 26.8789 208 -141.646 26.0225 208 -137.875 24.5913
3 16 208 -137.875 24.5913 208 -141.646 26.0225 208 -138.7314 23.1079
3 16 208 -137.875 24.5913 208 -138.7314 23.1079 208 -134.75 23.7539
3 16 208 -134.75 23.7539 208 -138.7314 23.1079 208 -134.75 22.0411
3 16 210 -134.75 22.0411 208 -134.75 22.0411 210 -138.7314 23.1079
3 16 210 -138.7314 23.1079 208 -134.75 22.0411 208 -138.7314 23.1079
3 16 210 -138.7314 23.1079 208 -138.7314 23.1079 210 -141.646 26.0225
3 16 210 -141.646 26.0225 208 -138.7314 23.1079 208 -141.646 26.0225
3 16 210 -141.646 26.0225 208 -141.646 26.0225 210 -142.7129 30
3 16 210 -142.7129 30 208 -141.646 26.0225 208 -142.7129 30
3 16 210 -144 30 210 -141.646 26.0225 210 -142.7129 30
3 16 208 -134.75 37.9589 210 -134.75 37.9589 208 -138.7314 36.8921
3 16 208 -138.7314 36.8921 210 -134.75 37.9589 210 -138.7314 36.8921
3 16 210 -138.7314 36.8921 210 -141.646 33.9775 208 -138.7314 36.8921
3 16 208 -138.7314 36.8921 210 -141.646 33.9775 208 -141.646 33.9775
3 16 210 -141.646 33.9775 210 -138.7314 36.8921 210 -143.4152 39.7576
3 16 210 -141.646 33.9775 210 -142.7129 30 208 -141.646 33.9775
3 16 208 -141.646 33.9775 210 -142.7129 30 208 -142.7129 30
3 16 210 -142.7129 30 210 -141.646 33.9775 210 -144 30
3 16 210 -144 30 210 -141.646 33.9775 210 -143.4152 39.7576
3 16 208 -140.1627 33.121 208 -137.875 35.4087 208 -141.646 33.9775
3 16 208 -141.646 33.9775 208 -137.875 35.4087 208 -138.7314 36.8921
3 16 208 -137.875 35.4087 208 -140.1627 33.121 192 -137.875 35.4087
3 16 192 -137.875 35.4087 208 -140.1627 33.121 192 -140.1627 33.121
3 16 208 -140.1627 33.121 208 -141 30 192 -140.1627 33.121
3 16 192 -140.1627 33.121 208 -141 30 192 -141 30
3 16 208 -142.7129 30 208 -141 30 208 -141.646 33.9775
3 16 208 -141.646 33.9775 208 -141 30 208 -140.1627 33.121
3 16 192 -134.75 36.246 208 -134.75 36.246 192 -137.875 35.4087
3 16 192 -137.875 35.4087 208 -134.75 36.246 208 -137.875 35.4087
3 16 208 -137.875 35.4087 208 -134.75 36.246 208 -138.7314 36.8921
3 16 208 -138.7314 36.8921 208 -134.75 36.246 208 -134.75 37.9589
3 16 192 -129.3373 13.121 192 -131.625 15.4087 192 -120 17.9589
3 16 208 -131.625 15.4087 192 -131.625 15.4087 208 -129.3373 13.121
3 16 208 -129.3373 13.121 192 -131.625 15.4087 192 -129.3373 13.121
3 16 208 -129.3373 13.121 192 -129.3373 13.121 208 -128.5 10
3 16 208 -128.5 10 192 -129.3373 13.121 192 -128.5 10
3 16 192 -120 17.9589 192 -128.5 10 192 -129.3373 13.121
3 16 192 -134.75 16.246 192 -131.625 15.4087 208 -134.75 16.246
3 16 208 -134.75 16.246 192 -131.625 15.4087 208 -131.625 15.4087
3 16 192 -134.75 16.246 192 -134.75 17.9589 192 -131.625 15.4087
3 16 192 -131.625 15.4087 192 -134.75 17.9589 192 -120 17.9589
3 16 192 -141 10 192 -142.7129 10 192 -140.1627 13.121
3 16 192 -140.1627 13.121 192 -142.7129 10 192 -141.646 13.9775
3 16 192 -140.1627 13.121 192 -141.646 13.9775 192 -137.875 15.4087
3 16 192 -137.875 15.4087 192 -141.646 13.9775 192 -138.7314 16.8921
3 16 192 -137.875 15.4087 192 -138.7314 16.8921 192 -134.75 16.246
3 16 192 -134.75 16.246 192 -138.7314 16.8921 192 -134.75 17.9589
3 16 192 -134.75 17.9589 192 -138.7314 16.8921 190 -134.75 17.9589
3 16 190 -134.75 17.9589 192 -138.7314 16.8921 190 -138.7314 16.8921
3 16 190 -138.7314 16.8921 192 -138.7314 16.8921 190 -140.004 15.6194
3 16 190 -140.004 15.6194 192 -138.7314 16.8921 192 -141.646 13.9775
3 16 190 -141.646 13.9775 192 -141.646 13.9775 190 -142.7129 10
3 16 190 -142.7129 10 192 -141.646 13.9775 192 -142.7129 10
3 16 190 -134.75 17.9589 190 -120 17.9589 192 -134.75 17.9589
3 16 192 -134.75 17.9589 190 -120 17.9589 192 -120 17.9589
3 16 208 -128.5 10 208 -126.7871 10 208 -129.3373 13.121
3 16 208 -129.3373 13.121 208 -126.7871 10 208 -127.854 13.9775
3 16 208 -129.3373 13.121 208 -127.854 13.9775 208 -131.625 15.4087
3 16 208 -131.625 15.4087 208 -127.854 13.9775 208 -130.7686 16.8921
3 16 208 -131.625 15.4087 208 -130.7686 16.8921 208 -134.75 16.246
3 16 208 -134.75 16.246 208 -130.7686 16.8921 208 -134.75 17.9589
3 16 208 -134.75 17.9589 208 -130.7686 16.8921 210 -134.75 17.9589
3 16 210 -134.75 17.9589 208 -130.7686 16.8921 210 -130.7686 16.8921
3 16 210 -130.7686 16.8921 208 -130.7686 16.8921 210 -127.854 13.9775
3 16 210 -127.854 13.9775 208 -130.7686 16.8921 208 -127.854 13.9775
3 16 210 -127.854 13.9775 208 -127.854 13.9775 210 -126.7871 10
3 16 210 -126.7871 10 208 -127.854 13.9775 208 -126.7871 10
3 16 210 -127.854 13.9775 210 -127.854 26.0225 210 -130.7686 16.8921
3 16 210 -130.7686 16.8921 210 -127.854 26.0225 210 -130.7686 23.1079
3 16 208 -134.75 17.9589 210 -134.75 17.9589 208 -138.7314 16.8921
3 16 208 -138.7314 16.8921 210 -134.75 17.9589 210 -138.7314 16.8921
3 16 210 -138.7314 23.1079 210 -138.7314 16.8921 210 -134.75 22.0411
3 16 210 -134.75 22.0411 210 -138.7314 16.8921 210 -134.75 17.9589
3 16 210 -138.7314 16.8921 210 -141.646 13.9775 208 -138.7314 16.8921
3 16 208 -138.7314 16.8921 210 -141.646 13.9775 208 -141.646 13.9775
3 16 210 -141.646 13.9775 210 -144 10 210 -142.7129 10
3 16 210 -141.646 13.9775 210 -142.7129 10 208 -141.646 13.9775
3 16 208 -141.646 13.9775 210 -142.7129 10 208 -142.7129 10
3 16 208 -140.1627 13.121 208 -137.875 15.4087 208 -141.646 13.9775
3 16 208 -141.646 13.9775 208 -137.875 15.4087 208 -138.7314 16.8921
3 16 208 -137.875 15.4087 208 -140.1627 13.121 192 -137.875 15.4087
3 16 192 -137.875 15.4087 208 -140.1627 13.121 192 -140.1627 13.121
3 16 208 -140.1627 13.121 208 -141 10 192 -140.1627 13.121
3 16 192 -140.1627 13.121 208 -141 10 192 -141 10
3 16 208 -142.7129 10 208 -141 10 208 -141.646 13.9775
3 16 208 -141.646 13.9775 208 -141 10 208 -140.1627 13.121
3 16 192 -134.75 16.246 208 -134.75 16.246 192 -137.875 15.4087
3 16 192 -137.875 15.4087 208 -134.75 16.246 208 -137.875 15.4087
3 16 208 -137.875 15.4087 208 -134.75 16.246 208 -138.7314 16.8921
3 16 208 -138.7314 16.8921 208 -134.75 16.246 208 -134.75 17.9589
3 16 190 -134.75 22.0411 190 -120 22.0411 190 -134.75 17.9589
3 16 190 -134.75 17.9589 190 -120 22.0411 190 -120 17.9589
3 16 190 -138.7314 23.1079 190 -134.75 22.0411 190 -138.7314 16.8921
3 16 190 -138.7314 16.8921 190 -134.75 22.0411 190 -134.75 17.9589
3 16 190 -140.004 15.6194 192 -141.646 13.9775 190 -141.646 13.9775
3 16 190 -138.7314 23.1079 190 -140.004 24.3805 192 -138.7314 23.1079
3 16 192 -138.7314 23.1079 190 -140.004 24.3805 192 -141.646 26.0225
3 16 190 -139.7433 35.8714 192 -141.646 33.9775 190 -141.646 33.9775
3 16 190 -140.004 15.6194 190 -140.004 24.3805 190 -138.7314 16.8921
3 16 190 -138.7314 16.8921 190 -140.004 24.3805 190 -138.7314 23.1079
3 16 190 -141.646 13.9775 190 -140.004 10 190 -140.004 15.6194
3 16 190 -141.646 13.9775 190 -142.7129 10 190 -140.004 10
3 16 190 -142.7129 30 190 -141.646 26.0225 190 -140.004 30
3 16 190 -141.646 33.9775 190 -142.7129 30 190 -140.004 30
3 16 190 -141.646 26.0225 190 -140.004 24.3805 190 -140.004 30
3 16 190 -139.7433 35.8714 190 -141.646 33.9775 190 -140.004 30
3 16 210 -144 30 170 -144 30 210 -144 10
3 16 210 -144 10 170 -144 30 170 -144 10
3 16 170 -144 30 210 -144 30 170 -143.4152 39.7576
3 16 170 -143.4152 39.7576 210 -144 30 210 -143.4152 39.7576
3 16 170 -100.8 90 210 -100.8 90 170 -96 90
3 16 170 -96 90 210 -100.8 90 210 -96 90
3 16 170 -143.4152 39.7576 210 -143.4152 39.7576 170 -139.2392 54.0497
3 16 170 -139.2392 54.0497 210 -143.4152 39.7576 210 -139.2392 54.0497
3 16 170 -139.2392 54.0497 210 -139.2392 54.0497 170 -129.0659 70.8768
3 16 170 -129.0659 70.8768 210 -139.2392 54.0497 210 -129.0659 70.8768
3 16 170 -129.0659 70.8768 210 -129.0659 70.8768 170 -114.2022 83.7633
3 16 170 -114.2022 83.7633 210 -129.0659 70.8768 210 -114.2022 83.7633
3 16 170 -114.2022 83.7633 210 -114.2022 83.7633 170 -100.8 90
3 16 170 -100.8 90 210 -114.2022 83.7633 210 -100.8 90
3 16 200 -124.1405 70 206.25 -120 70 206.25 -124.1405 70
3 16 206.25 -120 70 193.75 -120 70 170 -96 70
3 16 200 -128.9373 64.4972 200 -124.1405 70 206.25 -128.9373 64.4972
3 16 206.25 -128.9373 64.4972 200 -124.1405 70 206.25 -124.1405 70
3 16 206.25 -133.5917 56.576 200 -133.5917 56.576 206.25 -128.9373 64.4972
3 16 206.25 -128.9373 64.4972 200 -133.5917 56.576 200 -128.9373 64.4972
3 16 200 -139.6362 38.2351 200 -139.1119 41.1397 206.25 -139.6362 38.2351
3 16 206.25 -139.6362 38.2351 200 -139.1119 41.1397 206.25 -139.1119 41.1397
3 16 193.75 -140.004 18.0143 193.75 -140.004 21.9856 200 -140.004 18.0143
3 16 200 -140.004 18.0143 193.75 -140.004 21.9856 200 -140.004 21.9856
3 16 206.25 -139.1291 38.5397 206.25 -134.75 39.7131 200 -139.1291 38.5397
3 16 200 -139.1291 38.5397 206.25 -134.75 39.7131 200 -134.75 39.7131
3 16 206.25 -134.75 39.7131 206.25 -129.8934 38.4118 200 -134.75 39.7131
3 16 200 -134.75 39.7131 206.25 -129.8934 38.4118 200 -129.8934 38.4118
3 16 206.25 -126.3382 34.8565 200 -126.5903 35.1086 206.25 -129.8934 38.4118
3 16 206.25 -129.8934 38.4118 200 -126.5903 35.1086 200 -129.8934 38.4118
3 16 200 -139.6362 38.2351 206.25 -139.6362 38.2351 200 -139.1291 38.5397
3 16 200 -139.1291 38.5397 206.25 -139.6362 38.2351 206.25 -139.1291 38.5397
3 16 200 -129.8934 38.4118 200 -126.5903 35.1086 193.75 -129.8934 38.4118
3 16 193.75 -129.8934 38.4118 200 -126.5903 35.1086 193.75 -126.3382 34.8565
3 16 200 -134.75 39.7131 200 -129.8934 38.4118 193.75 -134.75 39.7131
3 16 193.75 -134.75 39.7131 200 -129.8934 38.4118 193.75 -129.8934 38.4118
3 16 200 -139.1291 38.5397 200 -134.75 39.7131 193.75 -139.1291 38.5397
3 16 193.75 -139.1291 38.5397 200 -134.75 39.7131 193.75 -134.75 39.7131
3 16 193.75 -139.6362 38.2351 200 -139.6362 38.2351 193.75 -139.1291 38.5397
3 16 193.75 -139.1291 38.5397 200 -139.6362 38.2351 200 -139.1291 38.5397
3 16 193.75 -126.3382 34.8565 198.0309 -125.9507 33.4106 196.5894 -125.5645 31.9691
3 16 206.25 -126.3382 34.8565 203.4106 -125.5645 31.9691 201.9691 -125.9507 33.4106
3 16 193.75 -126.3382 34.8565 196.5894 -125.5645 31.9691 193.75 -125.0369 30
3 16 193.75 -125.0369 30 196.5894 -125.5645 31.9691 196.0618 -125.0369 30
3 16 200 -126.0921 33.9382 198.0309 -125.9507 33.4106 200 -126.5903 35.1086
3 16 200 -126.5903 35.1086 198.0309 -125.9507 33.4106 193.75 -126.3382 34.8565
3 16 206.25 -126.3382 34.8565 201.9691 -125.9507 33.4106 200 -126.5903 35.1086
3 16 200 -126.5903 35.1086 201.9691 -125.9507 33.4106 200 -126.0921 33.9382
3 16 206.25 -126.3382 34.8565 206.25 -125.0369 30 203.4106 -125.5645 31.9691
3 16 203.4106 -125.5645 31.9691 206.25 -125.0369 30 203.9382 -125.0369 30
3 16 201.9691 -120 33.4106 200 -120 33.9382 201.9691 -125.9507 33.4106
3 16 201.9691 -125.9507 33.4106 200 -120 33.9382 200 -126.0921 33.9382
3 16 203.4106 -120 31.9691 201.9691 -120 33.4106 203.4106 -125.5645 31.9691
3 16 203.4106 -125.5645 31.9691 201.9691 -120 33.4106 201.9691 -125.9507 33.4106
3 16 200 -126.0921 33.9382 200 -120 33.9382 198.0309 -125.9507 33.4106
3 16 198.0309 -125.9507 33.4106 200 -120 33.9382 198.0309 -120 33.4106
3 16 203.9382 -120 30 203.4106 -120 31.9691 203.9382 -125.0369 30
3 16 203.9382 -125.0369 30 203.4106 -120 31.9691 203.4106 -125.5645 31.9691
3 16 198.0309 -125.9507 33.4106 198.0309 -120 33.4106 196.5894 -125.5645 31.9691
3 16 196.5894 -125.5645 31.9691 198.0309 -120 33.4106 196.5894 -120 31.9691
3 16 196.5894 -125.5645 31.9691 196.5894 -120 31.9691 196.0618 -125.0369 30
3 16 196.0618 -125.0369 30 196.5894 -120 31.9691 196.0618 -120 30
3 16 206.25 -139.1291 21.4602 200 -139.1291 21.4602 206.25 -134.75 20.2869
3 16 206.25 -134.75 20.2869 200 -139.1291 21.4602 200 -134.75 20.2869
3 16 206.25 -134.75 20.2869 200 -134.75 20.2869 206.25 -129.8934 21.5882
3 16 206.25 -129.8934 21.5882 200 -134.75 20.2869 200 -129.8934 21.5882
3 16 200 -129.8934 21.5882 200 -126.5903 24.8914 206.25 -129.8934 21.5882
3 16 206.25 -129.8934 21.5882 200 -126.5903 24.8914 206.25 -126.3382 25.1434
3 16 200 -140.004 21.9856 200 -139.1291 21.4602 206.25 -140.004 21.9856
3 16 206.25 -140.004 21.9856 200 -139.1291 21.4602 206.25 -139.1291 21.4602
3 16 200 -129.8934 21.5882 193.75 -129.8934 21.5882 200 -126.5903 24.8914
3 16 200 -126.5903 24.8914 193.75 -129.8934 21.5882 193.75 -126.3382 25.1434
3 16 200 -134.75 20.2869 193.75 -134.75 20.2869 200 -129.8934 21.5882
3 16 200 -129.8934 21.5882 193.75 -134.75 20.2869 193.75 -129.8934 21.5882
3 16 200 -139.1291 21.4602 193.75 -139.1291 21.4602 200 -134.75 20.2869
3 16 200 -134.75 20.2869 193.75 -139.1291 21.4602 193.75 -134.75 20.2869
3 16 193.75 -140.004 21.9856 193.75 -139.1291 21.4602 200 -140.004 21.9856
3 16 200 -140.004 21.9856 193.75 -139.1291 21.4602 200 -139.1291 21.4602
3 16 193.75 -126.3382 25.1434 196.5894 -125.5645 28.0309 198.0309 -125.9507 26.5894
3 16 206.25 -126.3382 25.1434 201.9691 -125.9507 26.5894 203.4106 -125.5645 28.0309
3 16 193.75 -126.3382 25.1434 193.75 -125.0369 30 196.5894 -125.5645 28.0309
3 16 196.5894 -125.5645 28.0309 193.75 -125.0369 30 196.0618 -125.0369 30
3 16 193.75 -126.3382 25.1434 198.0309 -125.9507 26.5894 200 -126.5903 24.8914
3 16 200 -126.5903 24.8914 198.0309 -125.9507 26.5894 200 -126.0921 26.0618
3 16 206.25 -126.3382 25.1434 200 -126.5903 24.8914 201.9691 -125.9507 26.5894
3 16 201.9691 -125.9507 26.5894 200 -126.5903 24.8914 200 -126.0921 26.0618
3 16 206.25 -126.3382 25.1434 203.4106 -125.5645 28.0309 206.25 -125.0369 30
3 16 206.25 -125.0369 30 203.4106 -125.5645 28.0309 203.9382 -125.0369 30
3 16 203.4106 -120 31.9691 200 -120 30 201.9691 -120 33.4106
3 16 200 -120 30 200 -120 33.9382 201.9691 -120 33.4106
3 16 200 -120 33.9382 200 -120 30 198.0309 -120 33.4106
3 16 198.0309 -120 33.4106 200 -120 30 196.5894 -120 31.9691
3 16 196.5894 -120 31.9691 200 -120 30 196.0618 -120 30
3 16 196.0618 -120 30 200 -120 30 196.5894 -120 28.0309
3 16 196.5894 -120 28.0309 200 -120 30 198.0309 -120 26.5894
3 16 198.0309 -120 26.5894 200 -120 30 200 -120 26.0618
3 16 200 -120 26.0618 200 -120 30 201.9691 -120 26.5894
3 16 201.9691 -120 26.5894 200 -120 30 203.4106 -120 28.0309
3 16 203.4106 -120 28.0309 200 -120 30 203.9382 -120 30
3 16 203.9382 -120 30 200 -120 30 203.4106 -120 31.9691
3 16 196.0618 -120 30 196.5894 -120 28.0309 196.0618 -125.0369 30
3 16 196.0618 -125.0369 30 196.5894 -120 28.0309 196.5894 -125.5645 28.0309
3 16 196.5894 -120 28.0309 198.0309 -120 26.5894 196.5894 -125.5645 28.0309
3 16 196.5894 -125.5645 28.0309 198.0309 -120 26.5894 198.0309 -125.9507 26.5894
3 16 198.0309 -120 26.5894 200 -120 26.0618 198.0309 -125.9507 26.5894
3 16 198.0309 -125.9507 26.5894 200 -120 26.0618 200 -126.0921 26.0618
3 16 200 -126.0921 26.0618 200 -120 26.0618 201.9691 -125.9507 26.5894
3 16 201.9691 -125.9507 26.5894 200 -120 26.0618 201.9691 -120 26.5894
3 16 201.9691 -125.9507 26.5894 201.9691 -120 26.5894 203.4106 -125.5645 28.0309
3 16 203.4106 -125.5645 28.0309 201.9691 -120 26.5894 203.4106 -120 28.0309
3 16 203.4106 -125.5645 28.0309 203.4106 -120 28.0309 203.9382 -125.0369 30
3 16 203.9382 -125.0369 30 203.4106 -120 28.0309 203.9382 -120 30
3 16 206.25 -139.1291 18.5397 206.25 -134.75 19.7131 200 -139.1291 18.5397
3 16 200 -139.1291 18.5397 206.25 -134.75 19.7131 200 -134.75 19.7131
3 16 206.25 -134.75 19.7131 206.25 -129.8934 18.4118 200 -134.75 19.7131
3 16 200 -134.75 19.7131 206.25 -129.8934 18.4118 200 -129.8934 18.4118
3 16 206.25 -126.3382 14.8565 200 -126.5903 15.1086 206.25 -129.8934 18.4118
3 16 206.25 -129.8934 18.4118 200 -126.5903 15.1086 200 -129.8934 18.4118
3 16 200 -140.004 18.0143 206.25 -140.004 18.0143 200 -139.1291 18.5397
3 16 200 -139.1291 18.5397 206.25 -140.004 18.0143 206.25 -139.1291 18.5397
3 16 200 -129.8934 18.4118 200 -126.5903 15.1086 193.75 -129.8934 18.4118
3 16 193.75 -129.8934 18.4118 200 -126.5903 15.1086 193.75 -126.3382 14.8565
3 16 200 -134.75 19.7131 200 -129.8934 18.4118 193.75 -134.75 19.7131
3 16 193.75 -134.75 19.7131 200 -129.8934 18.4118 193.75 -129.8934 18.4118
3 16 200 -139.1291 18.5397 200 -134.75 19.7131 193.75 -139.1291 18.5397
3 16 193.75 -139.1291 18.5397 200 -134.75 19.7131 193.75 -134.75 19.7131
3 16 193.75 -140.004 18.0143 200 -140.004 18.0143 193.75 -139.1291 18.5397
3 16 193.75 -139.1291 18.5397 200 -140.004 18.0143 200 -139.1291 18.5397
3 16 193.75 -126.3382 14.8565 198.0309 -125.9507 13.4106 196.5894 -125.5645 11.9691
3 16 206.25 -126.3382 14.8565 203.4106 -125.5645 11.9691 201.9691 -125.9507 13.4106
3 16 193.75 -126.3382 14.8565 196.5894 -125.5645 11.9691 193.75 -125.0369 10
3 16 193.75 -125.0369 10 196.5894 -125.5645 11.9691 196.0618 -125.0369 10
3 16 200 -126.0921 13.9382 198.0309 -125.9507 13.4106 200 -126.5903 15.1086
3 16 200 -126.5903 15.1086 198.0309 -125.9507 13.4106 193.75 -126.3382 14.8565
3 16 206.25 -126.3382 14.8565 201.9691 -125.9507 13.4106 200 -126.5903 15.1086
3 16 200 -126.5903 15.1086 201.9691 -125.9507 13.4106 200 -126.0921 13.9382
3 16 206.25 -126.3382 14.8565 206.25 -125.0369 10 203.4106 -125.5645 11.9691
3 16 203.4106 -125.5645 11.9691 206.25 -125.0369 10 203.9382 -125.0369 10
3 16 201.9691 -120 13.4106 200 -120 13.9382 201.9691 -125.9507 13.4106
3 16 201.9691 -125.9507 13.4106 200 -120 13.9382 200 -126.0921 13.9382
3 16 203.4106 -120 11.9691 201.9691 -120 13.4106 203.4106 -125.5645 11.9691
3 16 203.4106 -125.5645 11.9691 201.9691 -120 13.4106 201.9691 -125.9507 13.4106
3 16 200 -126.0921 13.9382 200 -120 13.9382 198.0309 -125.9507 13.4106
3 16 198.0309 -125.9507 13.4106 200 -120 13.9382 198.0309 -120 13.4106
3 16 203.9382 -120 10 203.4106 -120 11.9691 203.9382 -125.0369 10
3 16 203.9382 -125.0369 10 203.4106 -120 11.9691 203.4106 -125.5645 11.9691
3 16 198.0309 -125.9507 13.4106 198.0309 -120 13.4106 196.5894 -125.5645 11.9691
3 16 196.5894 -125.5645 11.9691 198.0309 -120 13.4106 196.5894 -120 11.9691
3 16 196.5894 -125.5645 11.9691 196.5894 -120 11.9691 196.0618 -125.0369 10
3 16 196.0618 -125.0369 10 196.5894 -120 11.9691 196.0618 -120 10
3 16 203.4106 -120 11.9691 200 -120 10 201.9691 -120 13.4106
3 16 200 -120 10 200 -120 13.9382 201.9691 -120 13.4106
3 16 200 -120 13.9382 200 -120 10 198.0309 -120 13.4106
3 16 198.0309 -120 13.4106 200 -120 10 196.5894 -120 11.9691
3 16 196.5894 -120 11.9691 200 -120 10 196.0618 -120 10
3 16 203.9382 -120 10 200 -120 10 203.4106 -120 11.9691
3 16 200 -140.004 18.0143 200 -140.004 21.9856 206.25 -140.004 18.0143
3 16 206.25 -140.004 18.0143 200 -140.004 21.9856 206.25 -140.004 21.9856
3 16 193.75 -139.6362 38.2351 193.75 -139.1119 41.1397 200 -139.6362 38.2351
3 16 200 -139.6362 38.2351 193.75 -139.1119 41.1397 200 -139.1119 41.1397
3 16 200 -128.9373 64.4972 200 -133.5917 56.576 193.75 -128.9373 64.4972
3 16 193.75 -128.9373 64.4972 200 -133.5917 56.576 193.75 -133.5917 56.576
3 16 193.75 -128.9373 64.4972 193.75 -124.1405 70 200 -128.9373 64.4972
3 16 200 -128.9373 64.4972 193.75 -124.1405 70 200 -124.1405 70
3 16 206.25 -120 70 200 -124.1405 70 193.75 -120 70
3 16 193.75 -120 70 200 -124.1405 70 193.75 -124.1405 70
3 16 193.75 -120 20 192 -120 22.0411 193.75 -120 37.9589
3 16 193.75 -120 37.9589 192 -120 22.0411 192 -120 37.9589
3 16 193.75 -120 20 190 -120 22.0411 192 -120 22.0411
3 16 206.25 -120 30 206.25 -120 70 210 -120 30
3 16 210 -120 30 206.25 -120 70 210 -120 70
3 16 206.25 -120 30 206.25 -125.0369 10 206.25 -126.3382 14.8565
3 16 206.25 -140.004 21.9856 206.25 -139.1291 21.4602 206.25 -140.004 18.0143
3 16 206.25 -140.004 18.0143 206.25 -139.1291 21.4602 206.25 -139.1291 18.5397
3 16 206.25 -139.1291 21.4602 206.25 -134.75 20.2869 206.25 -139.1291 18.5397
3 16 206.25 -139.1291 18.5397 206.25 -134.75 20.2869 206.25 -134.75 19.7131
3 16 206.25 -134.75 20.2869 206.25 -129.8934 21.5882 206.25 -134.75 19.7131
3 16 206.25 -134.75 19.7131 206.25 -129.8934 21.5882 206.25 -129.8934 18.4118
3 16 206.25 -129.8934 21.5882 206.25 -126.3382 25.1434 206.25 -129.8934 18.4118
3 16 206.25 -129.8934 18.4118 206.25 -126.3382 25.1434 206.25 -126.3382 14.8565
3 16 193.75 -139.1291 21.4602 193.75 -140.004 21.9856 193.75 -139.1291 18.5397
3 16 193.75 -139.1291 18.5397 193.75 -140.004 21.9856 193.75 -140.004 18.0143
3 16 193.75 -134.75 20.2869 193.75 -139.1291 21.4602 193.75 -134.75 19.7131
3 16 193.75 -134.75 19.7131 193.75 -139.1291 21.4602 193.75 -139.1291 18.5397
3 16 193.75 -129.8934 21.5882 193.75 -134.75 20.2869 193.75 -129.8934 18.4118
3 16 193.75 -129.8934 18.4118 193.75 -134.75 20.2869 193.75 -134.75 19.7131
3 16 193.75 -126.3382 25.1434 193.75 -129.8934 21.5882 193.75 -126.3382 14.8565
3 16 193.75 -126.3382 14.8565 193.75 -129.8934 21.5882 193.75 -129.8934 18.4118
3 16 206.25 -126.3382 14.8565 206.25 -126.3382 25.1434 206.25 -120 30
3 16 206.25 -120 30 206.25 -126.3382 25.1434 206.25 -125.0369 30
3 16 193.75 -120 20 193.75 -126.3382 25.1434 193.75 -126.3382 14.8565
3 16 206.25 -125.0369 30 206.25 -126.3382 34.8565 206.25 -120 30
3 16 193.75 -126.3382 25.1434 193.75 -120 20 193.75 -125.0369 30
3 16 193.75 -125.0369 30 193.75 -120 20 193.75 -120 37.9589
3 16 192 -120 37.9589 193.75 -120 70 193.75 -120 37.9589
3 16 193.75 -126.3382 34.8565 193.75 -125.0369 30 193.75 -120 37.9589
3 16 206.25 -120 70 206.25 -128.9373 64.4972 206.25 -124.1405 70
3 16 206.25 -133.5917 56.576 206.25 -128.9373 64.4972 206.25 -120 70
3 16 206.25 -136.4718 50 206.25 -133.5917 56.576 206.25 -120 70
3 16 206.25 -120 30 206.25 -126.3382 34.8565 206.25 -120 70
3 16 206.25 -126.3382 34.8565 206.25 -129.8934 38.4118 206.25 -120 70
3 16 206.25 -136.4718 50 206.25 -134.75 39.7131 206.25 -139.1119 41.1397
3 16 206.25 -139.1119 41.1397 206.25 -134.75 39.7131 206.25 -139.1291 38.5397
3 16 206.25 -139.1119 41.1397 206.25 -139.1291 38.5397 206.25 -139.6362 38.2351
3 16 206.25 -134.75 39.7131 206.25 -136.4718 50 206.25 -129.8934 38.4118
3 16 206.25 -129.8934 38.4118 206.25 -136.4718 50 206.25 -120 70
3 16 193.75 -120 70 193.75 -124.1405 70 193.75 -128.9373 64.4972
3 16 193.75 -128.9373 64.4972 193.75 -133.5917 56.576 193.75 -120 70
3 16 193.75 -133.5917 56.576 193.75 -136.4718 50 193.75 -120 70
3 16 193.75 -126.3382 34.8565 193.75 -120 37.9589 193.75 -129.8934 38.4118
3 16 193.75 -129.8934 38.4118 193.75 -120 37.9589 193.75 -120 70
3 16 193.75 -134.75 39.7131 193.75 -129.8934 38.4118 193.75 -136.4718 50
3 16 193.75 -136.4718 50 193.75 -129.8934 38.4118 193.75 -120 70
3 16 193.75 -136.4718 50 193.75 -139.1119 41.1397 193.75 -134.75 39.7131
3 16 193.75 -134.75 39.7131 193.75 -139.1119 41.1397 193.75 -139.1291 38.5397
3 16 193.75 -139.6362 38.2351 193.75 -139.1291 38.5397 193.75 -139.1119 41.1397
3 16 193.75 -120 70 192 -120 37.9589 190 -120 70
3 16 190 -120 70 192 -120 37.9589 190 -120 37.9589
3 16 190 -134.75 37.9589 190 -138.7314 36.8921 190 -138.0364 45.1295
3 16 190 -139.7433 35.8714 190 -138.0364 45.1295 190 -138.7314 36.8921
3 16 190 -120 70 190 -120 37.9589 190 -138.0364 45.1295
3 16 190 -138.0364 45.1295 190 -120 37.9589 190 -134.75 37.9589
3 16 190 -120 70 190 -131.4695 60.6703 190 -124.3697 70
3 16 190 -138.0364 45.1295 190 -131.4695 60.6703 190 -120 70
3 16 210 -129.0659 70.8768 210 -139.2392 54.0497 210 -120 70
3 16 210 -143.4152 39.7576 210 -138.7314 36.8921 210 -120 70
3 16 210 -134.75 37.9589 210 -120 70 210 -138.7314 36.8921
3 16 210 -129.0659 70.8768 210 -120 70 210 -114.2022 83.7633
3 16 210 -114.2022 83.7633 210 -120 70 210 -96 70
3 16 210 -96 70 210 -100.8 90 210 -114.2022 83.7633
3 16 210 -96 90 210 -100.8 90 210 -96 70
3 16 190 -120 22.0411 193.75 -120 20 190 -120 17.9589
3 16 190 -120 17.9589 193.75 -120 20 192 -120 17.9589
3 16 201.9691 -134.9781 53.4106 201.9691 -120 53.4106 200 -134.747 53.9382
3 16 200 -134.747 53.9382 201.9691 -120 53.4106 200 -120 53.9382
3 16 201.9691 -120 53.4106 201.9691 -134.9781 53.4106 203.4106 -120 51.9691
3 16 203.4106 -120 51.9691 201.9691 -134.9781 53.4106 203.4106 -135.6094 51.9691
3 16 198.0309 -134.9781 53.4106 200 -134.747 53.9382 198.0309 -120 53.4106
3 16 198.0309 -120 53.4106 200 -134.747 53.9382 200 -120 53.9382
3 16 196.5894 -135.6094 51.9691 198.0309 -134.9781 53.4106 196.5894 -120 51.9691
3 16 196.5894 -120 51.9691 198.0309 -134.9781 53.4106 198.0309 -120 53.4106
3 16 203.9279 -136.4718 50 203.9382 -120 50 203.4106 -135.6094 51.9691
3 16 203.4106 -135.6094 51.9691 203.9382 -120 50 203.4106 -120 51.9691
3 16 196.0721 -136.4718 50 196.5894 -135.6094 51.9691 196.0618 -120 50
3 16 196.0618 -120 50 196.5894 -135.6094 51.9691 196.5894 -120 51.9691
3 16 203.4106 -137.067 48.0309 203.4106 -120 48.0309 203.9279 -136.4718 50
3 16 203.9279 -136.4718 50 203.4106 -120 48.0309 203.9382 -120 50
3 16 196.5894 -137.067 48.0309 196.0721 -136.4718 50 196.5894 -120 48.0309
3 16 196.5894 -120 48.0309 196.0721 -136.4718 50 196.0618 -120 50
3 16 201.9691 -137.4948 46.5894 201.9691 -120 46.5894 203.4106 -137.067 48.0309
3 16 203.4106 -137.067 48.0309 201.9691 -120 46.5894 203.4106 -120 48.0309
3 16 198.0309 -137.4948 46.5894 196.5894 -137.067 48.0309 198.0309 -120 46.5894
3 16 198.0309 -120 46.5894 196.5894 -137.067 48.0309 196.5894 -120 48.0309
3 16 200 -137.6514 46.0618 198.0309 -137.4948 46.5894 200 -120 46.0618
3 16 200 -120 46.0618 198.0309 -137.4948 46.5894 198.0309 -120 46.5894
3 16 200 -137.6514 46.0618 200 -120 46.0618 201.9691 -137.4948 46.5894
3 16 201.9691 -137.4948 46.5894 200 -120 46.0618 201.9691 -120 46.5894
3 16 206.25 -133.5917 56.576 201.9691 -134.9781 53.4106 200 -133.5917 56.576
3 16 200 -133.5917 56.576 201.9691 -134.9781 53.4106 200 -134.747 53.9382
3 16 206.25 -133.5917 56.576 203.4106 -135.6094 51.9691 201.9691 -134.9781 53.4106
3 16 193.75 -133.5917 56.576 200 -133.5917 56.576 198.0309 -134.9781 53.4106
3 16 198.0309 -134.9781 53.4106 200 -133.5917 56.576 200 -134.747 53.9382
3 16 203.9279 -136.4718 50 203.4106 -135.6094 51.9691 206.25 -136.4718 50
3 16 206.25 -136.4718 50 203.4106 -135.6094 51.9691 206.25 -133.5917 56.576
3 16 193.75 -133.5917 56.576 198.0309 -134.9781 53.4106 196.5894 -135.6094 51.9691
3 16 206.25 -139.1119 41.1397 203.4106 -137.067 48.0309 206.25 -136.4718 50
3 16 206.25 -136.4718 50 203.4106 -137.067 48.0309 203.9279 -136.4718 50
3 16 193.75 -133.5917 56.576 196.5894 -135.6094 51.9691 193.75 -136.4718 50
3 16 193.75 -136.4718 50 196.5894 -135.6094 51.9691 196.0721 -136.4718 50
3 16 203.4106 -137.067 48.0309 206.25 -139.1119 41.1397 201.9691 -137.4948 46.5894
3 16 193.75 -139.1119 41.1397 193.75 -136.4718 50 196.5894 -137.067 48.0309
3 16 196.5894 -137.067 48.0309 193.75 -136.4718 50 196.0721 -136.4718 50
3 16 206.25 -139.1119 41.1397 200 -139.1119 41.1397 201.9691 -137.4948 46.5894
3 16 201.9691 -137.4948 46.5894 200 -139.1119 41.1397 200 -137.6514 46.0618
3 16 198.0309 -137.4948 46.5894 193.75 -139.1119 41.1397 196.5894 -137.067 48.0309
3 16 200 -137.6514 46.0618 200 -139.1119 41.1397 198.0309 -137.4948 46.5894
3 16 198.0309 -137.4948 46.5894 200 -139.1119 41.1397 193.75 -139.1119 41.1397
3 16 210 -120 70 206.25 -120 70 210 -96 70
3 16 206.25 -120 70 170 -96 70 210 -96 70
3 16 170 -96 70 193.75 -120 70 190 -120 70
3 16 130 0 86.25 130 0 90 166.25 0 86.25
3 16 166.25 0 86.25 130 0 90 170 0 90
3 16 166.25 -111.4041 81.1363 166.2491 -100.8 86.25 166.25 0 70
3 16 166.25 0 70 166.2491 -100.8 86.25 166.25 0 86.25
3 16 170 -96 73.75 170 -96 70 170 0 70
3 16 170 0 90 170 0 70 166.25 0 86.25
3 16 166.25 0 86.25 170 0 70 166.25 0 70
3 16 166.25 0 86.25 130.13 -62.2768 86.25 130 -26.0609 86.25
3 16 170 0 70 170 -96 70 166.25 0 70
3 16 166.25 0 70 170 -96 70 166.25 -124.3697 70
3 16 166.25 0 86.25 166.2491 -100.8 86.25 154.8326 -97.7612 86.25
3 16 154.8326 -97.7612 86.25 141.7432 -88.9701 86.25 166.25 0 86.25
3 16 141.7432 -88.9701 86.25 133.0638 -75.7652 86.25 166.25 0 86.25
3 16 166.25 0 86.25 133.0638 -75.7652 86.25 130.13 -62.2768 86.25
3 16 136.7517 -82.7714 90 147.8408 -94.0628 90 170 0 90
3 16 131.5556 -72.1169 90 136.7517 -82.7714 90 170 0 90
3 16 130.13 -62.2768 90 131.5556 -72.1169 90 170 0 90
3 16 147.8408 -94.0628 90 162.3925 -100.0039 90 170 0 90
3 16 162.3925 -100.0039 90 170 -100.8 90 170 -96 90
3 16 130 -46.2433 90 130.13 -62.2768 90 170 0 90
3 16 170 0 90 130 0 90 130 -20.5074 90
3 16 130 -20.5074 90 130 -46.2433 90 170 0 90
3 16 130 -26.0609 86.25 130 0 86.25 166.25 0 86.25
3 16 190 -124.3697 70 166.25 -124.3697 70 190 -120 70
3 16 190 -120 70 166.25 -124.3697 70 170 -96 70
3 16 166.25 -111.4041 81.1363 166.25 0 70 166.25 -124.3697 70
3 16 117.0943 -87.1881 82.3014 109.1846 -90.5762 78.2767 124.5258 -89.6433 84.6234
3 16 124.5258 -89.6433 84.6234 109.1846 -90.5762 78.2767 107.6497 -100.4164 74.695
3 16 109.1846 -90.5762 78.2767 97.8681 -91.164 72.794 107.6497 -100.4164 74.695
3 16 107.6497 -100.4164 74.695 97.8681 -91.164 72.794 93.9425 -108.916 61.4266
3 16 93.9425 -108.916 61.4266 97.8681 -91.164 72.794 88.514 -89.4815 68.1601
3 16 93.9425 -108.916 61.4266 88.514 -89.4815 68.1601 83.9405 -88.901 65.5912
3 16 93.9425 -108.916 61.4266 78.7682 -97.5562 57.5042 85.0713 -114.2754 44.9501
3 16 85.0713 -114.2754 44.9501 78.7682 -97.5562 57.5042 65.3797 -96.8669 45.6139
3 16 78.7228 -87.9085 62.6143 78.7682 -97.5562 57.5042 83.9405 -88.901 65.5912
3 16 83.9405 -88.901 65.5912 78.7682 -97.5562 57.5042 93.9425 -108.916 61.4266
3 16 45.937 -86.1705 10 55.9734 -97.6026 10 48.441 -87.5968 25.7941
3 16 48.441 -87.5968 25.7941 55.9734 -97.6026 10 58.6771 -98.0937 27.7224
3 16 48.441 -87.5968 25.7941 58.6771 -98.0937 27.7224 56.6792 -87.8619 42.14
3 16 56.6792 -87.8619 42.14 58.6771 -98.0937 27.7224 65.3797 -96.8669 45.6139
3 16 65.3797 -96.8669 45.6139 78.7682 -97.5562 57.5042 69.2359 -88.5895 54.9741
3 16 69.2359 -88.5895 54.9741 78.7682 -97.5562 57.5042 73.2318 -87.5975 58.7586
3 16 56.6792 -87.8619 42.14 65.3797 -96.8669 45.6139 63.6199 -87.4427 50.5835
3 16 63.6199 -87.4427 50.5835 65.3797 -96.8669 45.6139 69.2359 -88.5895 54.9741
3 16 73.2318 -87.5975 58.7586 78.7682 -97.5562 57.5042 78.7228 -87.9085 62.6143
3 16 108.0936 -55.9295 82.1132 109.7091 -44.5214 83.2145 97.6424 -55.9395 78.2585
3 16 61.6186 -54.4603 63.4012 80.1781 -49.1797 72.032 51.5682 -50.4979 61.5687
3 16 51.5682 -50.4979 61.5687 47.5864 -58.6863 56.3538 61.6186 -54.4603 63.4012
3 16 10.6089 -50.5544 10 23.1165 -60.8669 10 13.7699 -51.6485 22.029
3 16 13.7699 -51.6485 22.029 23.1165 -60.8669 10 22.8469 -59.7436 22.856
3 16 13.7699 -51.6485 22.029 22.8469 -59.7436 22.856 18.4394 -52.3347 33.9081
3 16 18.4394 -52.3347 33.9081 22.8469 -59.7436 22.856 26.2094 -59.5922 32.7379
3 16 18.4394 -52.3347 33.9081 26.2094 -59.5922 32.7379 28.95 -52.6341 46.6118
3 16 28.95 -52.6341 46.6118 26.2094 -59.5922 32.7379 32.3343 -59.3668 41.3955
3 16 162.3925 -100.0039 90 170 -96 90 170 0 90
3 16 28.95 -52.6341 46.6118 42.8952 -58.1195 51.4642 51.5682 -50.4979 61.5687
3 16 51.5682 -50.4979 61.5687 42.8952 -58.1195 51.4642 47.5864 -58.6863 56.3538
3 16 28.95 -52.6341 46.6118 32.3343 -59.3668 41.3955 42.8952 -58.1195 51.4642
3 16 210 -126.7871 10 210 -120 30 210 -127.854 13.9775
3 16 210 -141.646 13.9775 210 -138.7314 16.8921 210 -141.646 26.0225
3 16 210 -141.646 26.0225 210 -138.7314 16.8921 210 -138.7314 23.1079
3 16 210 -141.646 13.9775 210 -141.646 26.0225 210 -144 10
3 16 210 -144 10 210 -141.646 26.0225 210 -144 30
3 16 210 -126.7871 30 210 -127.854 26.0225 210 -120 30
3 16 210 -120 30 210 -127.854 26.0225 210 -127.854 13.9775
3 16 210 -134.75 37.9589 210 -130.7686 36.8921 210 -120 70
3 16 210 -143.4152 39.7576 210 -120 70 210 -139.2392 54.0497
3 16 193.75 -120 20 193.75 -126.3382 14.8565 193.75 -125.0369 10
3 16 -11.5115 -26.9583 23.6792 -20.8476 -14.8176 24.4735 -16.0569 -25.659 10
3 16 -16.0569 -25.659 10 -20.8476 -14.8176 24.4735 -25.5915 -13.6453 10
3 16 -3.0412 -27.1922 36.5015 -9.9318 -14.5867 37.9515 -11.5115 -26.9583 23.6792
3 16 -11.5115 -26.9583 23.6792 -9.9318 -14.5867 37.9515 -20.8476 -14.8176 24.4735
3 16 -9.9318 -14.5867 37.9515 -3.0412 -27.1922 36.5015 5.6005 -14.6004 47.7771
3 16 5.6005 -14.6004 47.7771 -3.0412 -27.1922 36.5015 10.0939 -25.651 46.8712
3 16 48.441 -87.5968 25.7941 43.9331 -83.895 15.3664 45.937 -86.1705 10
3 16 45.937 -86.1705 10 43.9331 -83.895 15.3664 43.5544 -83.4798 13.338
3 16 45.937 -86.1705 10 43.5544 -83.4798 13.338 42.199 -81.9472 10
3 16 42.199 -81.9472 10 43.5544 -83.4798 13.338 42.3268 -82.0882 12.4141
3 16 73.2318 -87.5975 58.7586 68.0579 -83.895 56.6942 69.2359 -88.5895 54.9741
3 16 69.2359 -88.5895 54.9741 68.0579 -83.895 56.6942 67.2066 -83.7456 56.0994
3 16 66.1951 -83.0614 55.6517 63.6199 -87.4427 50.5835 67.2066 -83.7456 56.0994
3 16 67.2066 -83.7456 56.0994 63.6199 -87.4427 50.5835 69.2359 -88.5895 54.9741
3 16 63.6199 -87.4427 50.5835 66.1951 -83.0614 55.6517 59.8537 -82.5955 50.4488
3 16 59.8537 -82.5955 50.4488 66.1951 -83.0614 55.6517 58.7845 -80.1608 51.1132
3 16 56.6792 -87.8619 42.14 63.6199 -87.4427 50.5835 58.5337 -83.895 48.1895
3 16 58.5337 -83.895 48.1895 63.6199 -87.4427 50.5835 59.8537 -82.5955 50.4488
3 16 78.7228 -87.9085 62.6143 77.433 -83.909 63.4498 73.2318 -87.5975 58.7586
3 16 73.2318 -87.5975 58.7586 77.433 -83.909 63.4498 68.0579 -83.895 56.6942
3 16 78.7228 -87.9085 62.6143 83.9405 -88.901 65.5912 77.433 -83.909 63.4498
3 16 77.433 -83.909 63.4498 83.9405 -88.901 65.5912 86.6532 -83.895 68.8992
3 16 86.6532 -83.895 68.8992 83.9405 -88.901 65.5912 88.514 -89.4815 68.1601
3 16 88.514 -89.4815 68.1601 97.8681 -91.164 72.794 95.3276 -83.4345 73.5623
3 16 95.3276 -83.4345 73.5623 97.8681 -91.164 72.794 96.7914 -83.895 74.1798
3 16 88.9734 -80.5309 71.0048 88.7815 -82.7067 70.375 94.41 -82.2154 73.3749
3 16 94.41 -82.2154 73.3749 88.7815 -82.7067 70.375 95.3276 -83.4345 73.5623
3 16 86.6532 -83.895 68.8992 88.514 -89.4815 68.1601 88.7815 -82.7067 70.375
3 16 88.7815 -82.7067 70.375 88.514 -89.4815 68.1601 95.3276 -83.4345 73.5623
3 16 96.7914 -83.895 74.1798 97.8681 -91.164 72.794 106.8384 -83.8788 78.8256
3 16 106.8384 -83.8788 78.8256 97.8681 -91.164 72.794 109.1846 -90.5762 78.2767
3 16 106.8384 -83.8788 78.8256 109.1846 -90.5762 78.2767 116.4706 -83.895 82.724
3 16 116.4706 -83.895 82.724 109.1846 -90.5762 78.2767 117.0943 -87.1881 82.3014
3 16 124.5258 -89.6433 84.6234 118.6952 -82.5356 83.798 117.0943 -87.1881 82.3014
3 16 117.0943 -87.1881 82.3014 118.6952 -82.5356 83.798 116.4706 -83.895 82.724
3 16 118.5282 -79.7387 84.1572 118.6952 -82.5356 83.798 131.5556 -72.1169 90
3 16 131.5556 -72.1169 90 118.6952 -82.5356 83.798 136.7517 -82.7714 90
3 16 136.7517 -82.7714 90 118.6952 -82.5356 83.798 124.5258 -89.6433 84.6234
3 16 130.13 -62.2768 90 114.6212 -68.9417 83.828 131.5556 -72.1169 90
3 16 131.5556 -72.1169 90 114.6212 -68.9417 83.828 118.5282 -79.7387 84.1572
3 16 44.0752 -83.9346 21.3633 48.441 -87.5968 25.7941 47.3115 -83.9253 32.5347
3 16 48.441 -87.5968 25.7941 56.6792 -87.8619 42.14 47.3115 -83.9253 32.5347
3 16 47.3115 -83.9253 32.5347 56.6792 -87.8619 42.14 52.8339 -83.8883 41.921
3 16 52.8339 -83.8883 41.921 56.6792 -87.8619 42.14 58.5337 -83.895 48.1895
3 16 42.3268 -82.0882 12.4141 35.3889 -74.2536 12.4361 42.199 -81.9472 10
3 16 42.199 -81.9472 10 35.3889 -74.2536 12.4361 33.4791 -72.0798 10
3 16 35.3889 -74.2536 12.4361 26.2112 -63.9104 12.4124 33.4791 -72.0798 10
3 16 33.4791 -72.0798 10 26.2112 -63.9104 12.4124 23.1165 -60.8669 10
3 16 44.1248 -64.0501 48.8052 45.4329 -64.9542 49.3027 50.0953 -63.1229 53.8254
3 16 50.0953 -63.1229 53.8254 45.4329 -64.9542 49.3027 50.6267 -65.4666 53.0011
3 16 42.8952 -58.1195 51.4642 50.0953 -63.1229 53.8254 47.5864 -58.6863 56.3538
3 16 47.5864 -58.6863 56.3538 50.0953 -63.1229 53.8254 51.72 -61.4345 55.7111
3 16 42.7372 -63.9197 47.7223 44.1248 -64.0501 48.8052 42.8952 -58.1195 51.4642
3 16 42.8952 -58.1195 51.4642 44.1248 -64.0501 48.8052 50.0953 -63.1229 53.8254
3 16 26.2094 -59.5922 32.7379 30.7861 -63.904 33.8489 32.3343 -59.3668 41.3955
3 16 32.3343 -59.3668 41.3955 30.7861 -63.904 33.8489 37.9058 -63.9557 43.4504
3 16 22.8469 -59.7436 22.856 26.7372 -63.8767 22.5761 26.2094 -59.5922 32.7379
3 16 26.2094 -59.5922 32.7379 26.7372 -63.8767 22.5761 30.7861 -63.904 33.8489
3 16 26.7372 -63.8767 22.5761 22.8469 -59.7436 22.856 26.2112 -63.9104 12.4124
3 16 26.2112 -63.9104 12.4124 22.8469 -59.7436 22.856 23.1165 -60.8669 10
3 16 42.7372 -63.9197 47.7223 42.8952 -58.1195 51.4642 37.9058 -63.9557 43.4504
3 16 37.9058 -63.9557 43.4504 42.8952 -58.1195 51.4642 32.3343 -59.3668 41.3955
3 16 47.5864 -58.6863 56.3538 51.72 -61.4345 55.7111 61.6186 -54.4603 63.4012
3 16 61.6186 -54.4603 63.4012 51.72 -61.4345 55.7111 63.0786 -59.0237 63.0584
3 16 80.1781 -49.1797 72.032 79.1438 -55.9886 70.9167 86.0837 -59.2851 73.4731
3 16 79.1438 -55.9886 70.9167 80.6062 -57.471 71.3687 86.0837 -59.2851 73.4731
3 16 76.8195 -56.0571 69.9727 79.1438 -55.9886 70.9167 80.1781 -49.1797 72.032
3 16 109.7091 -44.5214 83.2145 80.1781 -49.1797 72.032 97.6424 -55.9395 78.2585
3 16 97.6424 -55.9395 78.2585 80.1781 -49.1797 72.032 88.4329 -55.93 74.6944
3 16 86.4684 -56.8839 73.8399 88.4329 -55.93 74.6944 80.1781 -49.1797 72.032
3 16 80.1781 -49.1797 72.032 86.0837 -59.2851 73.4731 86.4684 -56.8839 73.8399
3 16 110.4612 -57.575 82.8961 114.6212 -68.9417 83.828 130.13 -62.2768 90
3 16 84.7221 -68.7797 71.3006 88.9734 -80.5309 71.0048 89.6059 -68.8692 73.5759
3 16 89.6059 -68.8692 73.5759 88.9734 -80.5309 71.0048 94.41 -82.2154 73.3749
3 16 89.6059 -68.8692 73.5759 86.0837 -59.2851 73.4731 84.7221 -68.7797 71.3006
3 16 84.7221 -68.7797 71.3006 86.0837 -59.2851 73.4731 80.6062 -57.471 71.3687
3 16 45.4329 -64.9542 49.3027 52.0727 -72.4802 50.1989 50.6267 -65.4666 53.0011
3 16 50.6267 -65.4666 53.0011 52.0727 -72.4802 50.1989 59.0155 -74.9478 54.3785
3 16 52.0727 -72.4802 50.1989 58.7845 -80.1608 51.1132 59.0155 -74.9478 54.3785
3 16 59.0155 -74.9478 54.3785 58.7845 -80.1608 51.1132 66.1951 -83.0614 55.6517
3 16 -22.6901 0 21.6978 -21.8127 -10.5957 18.7813 -26.1593 0 10
3 16 -26.1593 0 10 -21.8127 -10.5957 18.7813 -23.0794 -10.7694 10
3 16 -11.6577 -16.4183 28.9315 -12.4989 -11.6063 31.3816 -9.8239 -17.5926 29.6751
3 16 -9.8239 -17.5926 29.6751 -12.4989 -11.6063 31.3816 5.432 -22.3185 40.8787
3 16 -11.6577 -16.4183 28.9315 -12.8087 -16.7117 27.1203 -12.4989 -11.6063 31.3816
3 16 -12.4989 -11.6063 31.3816 -12.8087 -16.7117 27.1203 -18.1946 -10.4924 25.3963
3 16 -23.0794 -10.7694 10 -21.8127 -10.5957 18.7813 -16.4538 -18.9949 10
3 16 -16.4538 -18.9949 10 -21.8127 -10.5957 18.7813 -15.4562 -18.2581 18.5615
3 16 -12.8087 -16.7117 27.1203 -15.4562 -18.2581 18.5615 -18.1946 -10.4924 25.3963
3 16 -18.1946 -10.4924 25.3963 -15.4562 -18.2581 18.5615 -21.8127 -10.5957 18.7813
3 16 5.1565 -10.8055 44.0648 -12.352 -5.7678 33.5026 4.7656 0 43.2913
3 16 4.7656 0 43.2913 -12.352 -5.7678 33.5026 -12.092 0 33.2471
3 16 5.432 -22.3185 40.8787 -12.4989 -11.6063 31.3816 5.1565 -10.8055 44.0648
3 16 5.1565 -10.8055 44.0648 -12.4989 -11.6063 31.3816 -12.352 -5.7678 33.5026
3 16 -22.6901 0 21.6978 -12.352 -5.7678 33.5026 -18.1946 -10.4924 25.3963
3 16 -18.1946 -10.4924 25.3963 -12.352 -5.7678 33.5026 -12.4989 -11.6063 31.3816
3 16 -22.6901 0 21.6978 -12.092 0 33.2471 -12.352 -5.7678 33.5026
3 16 -18.1946 -10.4924 25.3963 -21.8127 -10.5957 18.7813 -22.6901 0 21.6978
3 16 4.7656 0 43.2913 37.8309 0 55.0882 5.1565 -10.8055 44.0648
3 16 5.1565 -10.8055 44.0648 37.8309 0 55.0882 35.9265 -24.4666 54.4153
3 16 37.8309 0 55.0882 72.3524 0 66.5808 35.9265 -24.4666 54.4153
3 16 35.9265 -24.4666 54.4153 72.3524 0 66.5808 74.2666 -37.0103 66.9729
3 16 113.3841 -45.6072 79.8834 96.105 -47.0677 74.1129 105.8771 0 77.7358
3 16 105.8771 0 77.7358 96.105 -47.0677 74.1129 72.3524 0 66.5808
3 16 72.3524 0 66.5808 96.105 -47.0677 74.1129 74.2666 -37.0103 66.9729
3 16 113.3841 -45.6072 79.8834 105.8771 0 77.7358 130 -26.0609 86.25
3 16 130 -26.0609 86.25 105.8771 0 77.7358 130 0 86.25
3 16 130 -26.0609 86.25 130.13 -62.2768 86.25 124.8896 -44.2245 84.2905
3 16 124.8896 -44.2245 84.2905 130.13 -62.2768 86.25 125.3438 -57.743 84.4368
3 16 113.3841 -45.6072 79.8834 130 -26.0609 86.25 118.4074 -47.2292 81.5901
3 16 130 -26.0609 86.25 124.8896 -44.2245 84.2905 118.4074 -47.2292 81.5901
3 16 133.0638 -75.7652 86.25 127.0694 -78.2115 83.7453 130.13 -62.2768 86.25
3 16 130.13 -62.2768 86.25 127.0694 -78.2115 83.7453 125.3438 -57.743 84.4368
3 16 133.0638 -75.7652 86.25 141.7432 -88.9701 86.25 127.0694 -78.2115 83.7453
3 16 127.0694 -78.2115 83.7453 141.7432 -88.9701 86.25 131.8374 -95.4695 81.3578
3 16 125.3438 -57.743 84.4368 119.7948 -53.5266 82.367 124.8896 -44.2245 84.2905
3 16 124.8896 -44.2245 84.2905 119.7948 -53.5266 82.367 118.4074 -47.2292 81.5901
3 16 127.0694 -78.2115 83.7453 121.0498 -80.4715 80.9784 125.3438 -57.743 84.4368
3 16 125.3438 -57.743 84.4368 121.0498 -80.4715 80.9784 119.7948 -53.5266 82.367
3 16 122.7893 -101.395 75.9428 121.0498 -80.4715 80.9784 131.8374 -95.4695 81.3578
3 16 131.8374 -95.4695 81.3578 121.0498 -80.4715 80.9784 127.0694 -78.2115 83.7453
3 16 154.8326 -97.7612 86.25 149.5372 -108.3453 80.3398 141.7432 -88.9701 86.25
3 16 141.7432 -88.9701 86.25 149.5372 -108.3453 80.3398 131.8374 -95.4695 81.3578
3 16 166.2491 -100.8 86.25 166.25 -111.4041 81.1363 154.8326 -97.7612 86.25
3 16 154.8326 -97.7612 86.25 166.25 -111.4041 81.1363 149.5372 -108.3453 80.3398
3 16 149.5372 -108.3453 80.3398 145.8714 -118.0365 73.1488 131.8374 -95.4695 81.3578
3 16 131.8374 -95.4695 81.3578 145.8714 -118.0365 73.1488 122.7893 -101.395 75.9428
3 16 166.25 -124.3697 70 145.8714 -118.0365 73.1488 166.25 -111.4041 81.1363
3 16 166.25 -111.4041 81.1363 145.8714 -118.0365 73.1488 149.5372 -108.3453 80.3398
3 16 145.8714 -118.0365 73.1488 166.25 -124.3697 70 141.4543 -126.7282 62.9508
3 16 141.4543 -126.7282 62.9508 166.25 -124.3697 70 165.8433 -131.7527 60.051
3 16 166.3522 -139.9618 29.0378 166.6521 -140 10 132.6836 -135.5038 30.4113
3 16 132.6836 -135.5038 30.4113 166.6521 -140 10 128.7062 -135.0377 10
3 16 165.8786 -137.8109 45.4135 136.5148 -133.2933 47.5506 165.8433 -131.7527 60.051
3 16 165.8433 -131.7527 60.051 136.5148 -133.2933 47.5506 141.4543 -126.7282 62.9508
3 16 165.8786 -137.8109 45.4135 166.3522 -139.9618 29.0378 136.5148 -133.2933 47.5506
3 16 136.5148 -133.2933 47.5506 166.3522 -139.9618 29.0378 132.6836 -135.5038 30.4113
3 16 99.1595 -122.2944 34.4679 67.5296 -101.395 23.6846 72.1607 -101.395 36.4837
3 16 72.1607 -101.395 36.4837 84.0303 -101.395 52.3127 99.1595 -122.2944 34.4679
3 16 99.1595 -122.2944 34.4679 84.0303 -101.395 52.3127 104.7546 -118.363 52.8107
3 16 117.7246 -116.6887 63.9942 104.7546 -118.363 52.8107 101.5491 -101.395 65.9554
3 16 101.5491 -101.395 65.9554 104.7546 -118.363 52.8107 84.0303 -101.395 52.3127
3 16 97.4164 -123.0844 10 99.1595 -122.2944 34.4679 128.7062 -135.0377 10
3 16 128.7062 -135.0377 10 99.1595 -122.2944 34.4679 132.6836 -135.5038 30.4113
3 16 136.5148 -133.2933 47.5506 132.6836 -135.5038 30.4113 104.7546 -118.363 52.8107
3 16 104.7546 -118.363 52.8107 132.6836 -135.5038 30.4113 99.1595 -122.2944 34.4679
3 16 141.4543 -126.7282 62.9508 136.5148 -133.2933 47.5506 117.7246 -116.6887 63.9942
3 16 117.7246 -116.6887 63.9942 136.5148 -133.2933 47.5506 104.7546 -118.363 52.8107
3 16 141.4543 -126.7282 62.9508 117.7246 -116.6887 63.9942 145.8714 -118.0365 73.1488
3 16 145.8714 -118.0365 73.1488 117.7246 -116.6887 63.9942 122.7893 -101.395 75.9428
3 16 122.7893 -101.395 75.9428 117.7246 -116.6887 63.9942 115.899 -101.3426 73.0731
3 16 165.8433 -131.7527 60.051 166.25 -124.3697 70 190 -131.4695 60.6703
3 16 190 -131.4695 60.6703 166.25 -124.3697 70 190 -124.3697 70
3 16 165.8786 -137.8109 45.4135 165.8433 -131.7527 60.051 190 -138.0364 45.1295
3 16 190 -138.0364 45.1295 165.8433 -131.7527 60.051 190 -131.4695 60.6703
3 16 190 -138.0364 45.1295 190 -139.7433 35.8714 165.8786 -137.8109 45.4135
3 16 165.8786 -137.8109 45.4135 190 -139.7433 35.8714 166.3522 -139.9618 29.0378
3 16 166.3522 -139.9618 29.0378 190 -139.7433 35.8714 190 -140.004 30
3 16 166.3522 -139.9618 29.0378 190 -140.004 30 190 -140.004 24.3805
3 16 166.6521 -140 10 166.3522 -139.9618 29.0378 190 -140.004 15.6194
3 16 190 -140.004 15.6194 166.3522 -139.9618 29.0378 190 -140.004 24.3805
3 16 190 -140.004 10 166.6521 -140 10 190 -140.004 15.6194
3 16 16.9513 -40.5619 38.614 23.6314 -50.0435 36.5631 18.0909 -48.5298 31.984
3 16 16.9513 -40.5619 38.614 18.0909 -48.5298 31.984 12.973 -43.3107 29.569
3 16 -9.8239 -17.5926 29.6751 5.432 -22.3185 40.8787 0.9693 -30.8073 29.7599
3 16 0.9693 -30.8073 29.7599 5.432 -22.3185 40.8787 9.8328 -32.3778 38.4735
3 16 0.9693 -30.8073 29.7599 9.8328 -32.3778 38.4735 12.973 -43.3107 29.569
3 16 12.973 -43.3107 29.569 9.8328 -32.3778 38.4735 16.9513 -40.5619 38.614
3 16 33.0587 -37.2487 50.4217 5.432 -22.3185 40.8787 35.9265 -24.4666 54.4153
3 16 35.9265 -24.4666 54.4153 5.432 -22.3185 40.8787 5.1565 -10.8055 44.0648
3 16 5.432 -22.3185 40.8787 33.0587 -37.2487 50.4217 9.8328 -32.3778 38.4735
3 16 33.0587 -37.2487 50.4217 16.9513 -40.5619 38.614 9.8328 -32.3778 38.4735
3 16 33.0587 -37.2487 50.4217 35.9265 -24.4666 54.4153 67.7199 -42.0249 64.0048
3 16 67.7199 -42.0249 64.0048 35.9265 -24.4666 54.4153 74.2666 -37.0103 66.9729
3 16 33.0587 -37.2487 50.4217 67.7199 -42.0249 64.0048 47.3543 -50.4718 53.3157
3 16 47.3543 -50.4718 53.3157 67.7199 -42.0249 64.0048 75.1232 -49.0225 66.115
3 16 33.0587 -37.2487 50.4217 47.3543 -50.4718 53.3157 35.4929 -50.5888 46.0373
3 16 67.7199 -42.0249 64.0048 74.2666 -37.0103 66.9729 75.1232 -49.0225 66.115
3 16 75.1232 -49.0225 66.115 74.2666 -37.0103 66.9729 96.105 -47.0677 74.1129
3 16 80.1781 -49.1797 72.032 61.6186 -54.4603 63.4012 76.8195 -56.0571 69.9727
3 16 76.8195 -56.0571 69.9727 61.6186 -54.4603 63.4012 63.0786 -59.0237 63.0584
3 16 170 0 90 170 -96 86.25 170 0 70
3 16 170 0 70 170 -96 86.25 170 -96 73.75
3 16 170 0 90 170 -96 90 170 -96 86.25
3 16 16.9513 -40.5619 38.614 33.0587 -37.2487 50.4217 23.6314 -50.0435 36.5631
3 16 23.6314 -50.0435 36.5631 33.0587 -37.2487 50.4217 35.4929 -50.5888 46.0373
3 16 99.1595 -122.2944 34.4679 97.4164 -123.0844 10 67.5296 -101.395 23.6846
3 16 67.5296 -101.395 23.6846 97.4164 -123.0844 10 66.0406 -101.4703 10
3 16 117.7246 -116.6887 63.9942 101.5491 -101.395 65.9554 115.899 -101.3426 73.0731
3 16 44.0752 -83.9346 21.3633 43.9331 -83.895 15.3664 48.441 -87.5968 25.7941
3 16 193.4106 -96 -61.9691 191.9691 -96 -63.4106 190 -96 -60
3 16 190 -96 -60 191.9691 -96 -63.4106 190 -96 -63.9383
3 16 190 -96 -63.9383 188.0309 -96 -63.4106 190 -96 -60
3 16 188.0309 -96 -63.4106 186.5894 -96 -61.9691 190 -96 -60
3 16 186.5894 -96 -61.9691 186.0618 -96 -60 190 -96 -60
3 16 186.0618 -96 -60 186.5894 -96 -58.0309 190 -96 -60
3 16 186.5894 -96 -58.0309 188.0309 -96 -56.5894 190 -96 -60
3 16 188.0309 -96 -56.5894 190 -96 -56.0618 190 -96 -60
3 16 190 -96 -56.0618 191.9691 -96 -56.5894 190 -96 -60
3 16 191.9691 -96 -56.5894 193.4106 -96 -58.0309 190 -96 -60
3 16 193.4106 -96 -58.0309 193.9382 -96 -60 190 -96 -60
3 16 193.9382 -96 -60 193.4106 -96 -61.9691 190 -96 -60
3 16 170 -96 -66.25 206.25 -96 -66.25 170 -96 -70
3 16 170 -96 -70 206.25 -96 -66.25 210 -96 -70
3 16 210 -96 -50 206.25 -96 -53.75 170 -96 -50
3 16 170 -96 -50 206.25 -96 -53.75 170 -96 -53.75
3 16 206.25 -96 -66.25 206.25 -96 -53.75 210 -96 -70
3 16 210 -96 -70 206.25 -96 -53.75 210 -96 -50
3 16 206.25 -121.0666 -53.75 190 -121.0666 -53.75 206.25 -96 -53.75
3 16 206.25 -96 -53.75 190 -121.0666 -53.75 170 -96 -53.75
3 16 206.25 -99.9682 -66.25 206.25 -96 -66.25 190 -99.9682 -66.25
3 16 190 -99.9682 -66.25 206.25 -96 -66.25 170 -96 -66.25
3 16 170 -96 -53.75 170 -99.9682 -66.25 170 -96 -66.25
3 16 206.25 -96 -53.75 206.25 -96 -66.25 206.25 -99.9682 -66.25
3 16 170 -99.9682 -66.25 190 -99.9682 -66.25 170 -96 -66.25
3 16 170 -96 -53.75 190 -121.0666 -53.75 170 -121.0666 -53.75
3 16 191.936 -106.9876 -63.4041 189.9708 -105.6887 -63.9325 191.9691 -96 -63.4106
3 16 191.9691 -96 -63.4106 189.9708 -105.6887 -63.9325 190 -96 -63.9383
3 16 193.3698 -109.6266 -61.9611 191.936 -106.9876 -63.4041 193.4106 -96 -61.9691
3 16 193.4106 -96 -61.9691 191.936 -106.9876 -63.4041 191.9691 -96 -63.4106
3 16 190 -96 -63.9383 189.9708 -105.6887 -63.9325 188.0309 -96 -63.4106
3 16 188.0309 -96 -63.4106 189.9708 -105.6887 -63.9325 187.9977 -106.9877 -63.4041
3 16 193.9382 -113.2037 -60 193.3698 -109.6266 -61.9611 193.9382 -96 -60
3 16 193.9382 -96 -60 193.3698 -109.6266 -61.9611 193.4106 -96 -61.9691
3 16 188.0309 -96 -63.4106 187.9977 -106.9877 -63.4041 186.5894 -96 -61.9691
3 16 186.5894 -96 -61.9691 187.9977 -106.9877 -63.4041 186.5486 -109.6266 -61.9611
3 16 193.3512 -115.9256 -58.0191 193.9382 -113.2037 -60 193.4106 -96 -58.0309
3 16 193.4106 -96 -58.0309 193.9382 -113.2037 -60 193.9382 -96 -60
3 16 186.5894 -96 -61.9691 186.5486 -109.6266 -61.9611 186.0618 -96 -60
3 16 186.0618 -96 -60 186.5486 -109.6266 -61.9611 186.0618 -113.2037 -60
3 16 191.9036 -117.7026 -56.5764 193.3512 -115.9256 -58.0191 191.9691 -96 -56.5894
3 16 191.9691 -96 -56.5894 193.3512 -115.9256 -58.0191 193.4106 -96 -58.0309
3 16 186.0618 -96 -60 186.0618 -113.2037 -60 186.5894 -96 -58.0309
3 16 186.5894 -96 -58.0309 186.0618 -113.2037 -60 186.53 -115.9256 -58.0191
3 16 189.9326 -118.331 -56.0485 191.9036 -117.7026 -56.5764 190 -96 -56.0618
3 16 190 -96 -56.0618 191.9036 -117.7026 -56.5764 191.9691 -96 -56.5894
3 16 186.5894 -96 -58.0309 186.53 -115.9256 -58.0191 188.0309 -96 -56.5894
3 16 188.0309 -96 -56.5894 186.53 -115.9256 -58.0191 187.9654 -117.7026 -56.5764
3 16 188.0309 -96 -56.5894 187.9654 -117.7026 -56.5764 190 -96 -56.0618
3 16 190 -96 -56.0618 187.9654 -117.7026 -56.5764 189.9326 -118.331 -56.0485
3 16 193.3698 -109.6266 -61.9611 206.25 -104.366 -64.7139 191.936 -106.9876 -63.4041
3 16 189.9677 -119.2508 -55.3814 206.25 -119.2508 -55.3814 189.9326 -118.331 -56.0485
3 16 191.9036 -117.7026 -56.5764 189.9326 -118.331 -56.0485 206.25 -119.2508 -55.3814
3 16 170 -119.2508 -55.3814 186.53 -115.9256 -58.0191 170 -113.2037 -60.0003
3 16 170 -113.2037 -60.0003 186.53 -115.9256 -58.0191 186.0618 -113.2037 -60
3 16 170 -104.366 -64.7139 189.9835 -104.366 -64.7139 170 -99.9682 -66.25
3 16 170 -99.9682 -66.25 189.9835 -104.366 -64.7139 190 -99.9682 -66.25
3 16 186.0618 -113.2037 -60 186.5486 -109.6266 -61.9611 170 -113.2037 -60.0003
3 16 170 -113.2037 -60.0003 186.5486 -109.6266 -61.9611 170 -104.366 -64.7139
3 16 193.9382 -113.2037 -60 206.25 -113.2037 -60.0003 193.3698 -109.6266 -61.9611
3 16 193.3698 -109.6266 -61.9611 206.25 -113.2037 -60.0003 206.25 -104.366 -64.7139
3 16 206.25 -119.2508 -55.3814 206.25 -113.2037 -60.0003 193.3512 -115.9256 -58.0191
3 16 193.3512 -115.9256 -58.0191 206.25 -113.2037 -60.0003 193.9382 -113.2037 -60
3 16 170 -119.2508 -55.3814 187.9654 -117.7026 -56.5764 186.53 -115.9256 -58.0191
3 16 206.25 -99.9682 -66.25 190 -99.9682 -66.25 206.25 -104.366 -64.7139
3 16 206.25 -104.366 -64.7139 190 -99.9682 -66.25 189.9835 -104.366 -64.7139
3 16 170 -104.366 -64.7139 186.5486 -109.6266 -61.9611 187.9977 -106.9877 -63.4041
3 16 206.25 -121.0666 -53.75 206.25 -119.2508 -55.3814 190 -121.0666 -53.75
3 16 190 -121.0666 -53.75 206.25 -119.2508 -55.3814 189.9677 -119.2508 -55.3814
3 16 190 -121.0666 -53.75 189.9677 -119.2508 -55.3814 170 -121.0666 -53.75
3 16 170 -121.0666 -53.75 189.9677 -119.2508 -55.3814 170 -119.2508 -55.3814
3 16 206.25 -119.2508 -55.3814 193.3512 -115.9256 -58.0191 191.9036 -117.7026 -56.5764
3 16 189.9677 -119.2508 -55.3814 189.9326 -118.331 -56.0485 170 -119.2508 -55.3814
3 16 170 -119.2508 -55.3814 189.9326 -118.331 -56.0485 187.9654 -117.7026 -56.5764
3 16 189.9835 -104.366 -64.7139 189.9708 -105.6887 -63.9325 206.25 -104.366 -64.7139
3 16 191.936 -106.9876 -63.4041 206.25 -104.366 -64.7139 189.9708 -105.6887 -63.9325
3 16 189.9835 -104.366 -64.7139 170 -104.366 -64.7139 189.9708 -105.6887 -63.9325
3 16 187.9977 -106.9877 -63.4041 189.9708 -105.6887 -63.9325 170 -104.366 -64.7139
3 16 206.25 -121.0666 -53.75 206.25 -96 -53.75 206.25 -119.2508 -55.3814
3 16 206.25 -96 -53.75 206.25 -99.9682 -66.25 206.25 -104.366 -64.7139
3 16 206.25 -96 -53.75 206.25 -113.2037 -60.0003 206.25 -119.2508 -55.3814
3 16 206.25 -96 -53.75 206.25 -104.366 -64.7139 206.25 -113.2037 -60.0003
3 16 170 -104.366 -64.7139 170 -99.9682 -66.25 170 -96 -53.75
3 16 170 -121.0666 -53.75 170 -119.2508 -55.3814 170 -96 -53.75
3 16 170 -113.2037 -60.0003 170 -104.366 -64.7139 170 -96 -53.75
3 16 170 -119.2508 -55.3814 170 -113.2037 -60.0003 170 -96 -53.75
3 16 170 -144 -10 170 -144 10 147.9765 -142.0014 -5.3259
3 16 147.9765 -142.0014 -5.3259 170 -144 10 148.7958 -142.5892 10
3 16 149.9422 -136.3087 -35.8694 170 -139.2392 -34.0497 147.82 -140.7125 -20.4824
3 16 147.82 -140.7125 -20.4824 170 -139.2392 -34.0497 170 -143.4152 -19.7576
3 16 170 -139.2392 -34.0497 149.9422 -136.3087 -35.8694 170 -129.0659 -50.8768
3 16 170 -129.0659 -50.8768 149.9422 -136.3087 -35.8694 153.257 -126.4756 -51.3921
3 16 170 -129.0659 -50.8768 153.257 -126.4756 -51.3921 170 -114.2022 -63.7633
3 16 170 -114.2022 -63.7633 153.257 -126.4756 -51.3921 158.0648 -112.1294 -63.5415
3 16 170 -100.8 -70 170 -114.2022 -63.7633 162.3925 -100.0039 -70
3 16 162.3925 -100.0039 -70 170 -114.2022 -63.7633 158.0648 -112.1294 -63.5415
3 16 139.4209 -104.1237 -64.2164 147.8408 -94.0628 -70 158.0648 -112.1294 -63.5415
3 16 158.0648 -112.1294 -63.5415 147.8408 -94.0628 -70 162.3925 -100.0039 -70
3 16 124.5258 -89.6433 -64.6234 136.7517 -82.7714 -70 139.4209 -104.1237 -64.2164
3 16 139.4209 -104.1237 -64.2164 136.7517 -82.7714 -70 147.8408 -94.0628 -70
3 16 114.2052 -133.3859 -6.617 147.9765 -142.0014 -5.3259 114.1432 -134.3428 10
3 16 114.1432 -134.3428 10 147.9765 -142.0014 -5.3259 148.7958 -142.5892 10
3 16 78.0226 -116.1242 10 80.343 -115.7704 -7.5268 114.1432 -134.3428 10
3 16 114.1432 -134.3428 10 80.343 -115.7704 -7.5268 114.2052 -133.3859 -6.617
3 16 128.7981 -118.1586 -52.652 139.4209 -104.1237 -64.2164 153.257 -126.4756 -51.3921
3 16 153.257 -126.4756 -51.3921 139.4209 -104.1237 -64.2164 158.0648 -112.1294 -63.5415
3 16 153.257 -126.4756 -51.3921 149.9422 -136.3087 -35.8694 128.7981 -118.1586 -52.652
3 16 128.7981 -118.1586 -52.652 149.9422 -136.3087 -35.8694 120.8093 -127.3641 -38.4066
3 16 116.0351 -131.8173 -22.6432 120.8093 -127.3641 -38.4066 147.82 -140.7125 -20.4824
3 16 147.82 -140.7125 -20.4824 120.8093 -127.3641 -38.4066 149.9422 -136.3087 -35.8694
3 16 147.9765 -142.0014 -5.3259 114.2052 -133.3859 -6.617 147.82 -140.7125 -20.4824
3 16 147.82 -140.7125 -20.4824 114.2052 -133.3859 -6.617 116.0351 -131.8173 -22.6432
3 16 139.4209 -104.1237 -64.2164 128.7981 -118.1586 -52.652 124.5258 -89.6433 -64.6234
3 16 124.5258 -89.6433 -64.6234 128.7981 -118.1586 -52.652 107.6497 -100.4164 -54.6951
3 16 128.7981 -118.1586 -52.652 120.8093 -127.3641 -38.4066 107.6497 -100.4164 -54.6951
3 16 107.6497 -100.4164 -54.6951 120.8093 -127.3641 -38.4066 93.9425 -108.916 -41.4266
3 16 120.8093 -127.3641 -38.4066 116.0351 -131.8173 -22.6432 93.9425 -108.916 -41.4266
3 16 93.9425 -108.916 -41.4266 116.0351 -131.8173 -22.6432 85.0713 -114.2754 -24.9502
3 16 80.343 -115.7704 -7.5268 85.0713 -114.2754 -24.9502 114.2052 -133.3859 -6.617
3 16 114.2052 -133.3859 -6.617 85.0713 -114.2754 -24.9502 116.0351 -131.8173 -22.6432
3 16 109.7456 -56.5376 -62.6548 130 -46.2433 -70 110.4612 -57.575 -62.8962
3 16 130.13 -62.2768 -70 110.4612 -57.575 -62.8962 130 -46.2433 -70
3 16 104.7572 0 -61.3126 130 0 -70 106.8007 -19.0875 -62.4211
3 16 106.8007 -19.0875 -62.4211 130 0 -70 130 -20.5074 -70
3 16 5.6005 -14.6004 -27.7771 -9.9318 -14.5867 -17.9516 2.5188 0 -26.3405
3 16 2.5188 0 -26.3405 -9.9318 -14.5867 -17.9516 -14.7903 0 -15.8454
3 16 -29.8943 0 10 -26.1343 0 -3.2463 -25.5915 -13.6453 10
3 16 -25.5915 -13.6453 10 -26.1343 0 -3.2463 -20.8476 -14.8176 -4.4736
3 16 -16.0569 -25.659 10 -11.5115 -26.9583 -3.6792 -5.8241 -35.7473 10
3 16 -5.8241 -35.7473 10 -11.5115 -26.9583 -3.6792 -2.0168 -36.5453 -2.5877
3 16 -5.8241 -35.7473 10 -2.0168 -36.5453 -2.5877 10.6089 -50.5544 10
3 16 10.6089 -50.5544 10 -2.0168 -36.5453 -2.5877 13.7699 -51.6485 -2.0291
3 16 106.8007 -19.0875 -62.4211 130 -20.5074 -70 109.7091 -44.5214 -63.2146
3 16 109.7091 -44.5214 -63.2146 130 -20.5074 -70 130 -46.2433 -70
3 16 108.0936 -55.9295 -62.1132 109.7091 -44.5214 -63.2146 109.7456 -56.5376 -62.6548
3 16 109.7091 -44.5214 -63.2146 130 -46.2433 -70 109.7456 -56.5376 -62.6548
3 16 -3.0412 -27.1922 -16.5015 10.0939 -25.651 -26.8712 5.5342 -38.1895 -15.4739
3 16 5.5342 -38.1895 -15.4739 10.0939 -25.651 -26.8712 18.6297 -36.5737 -27.4168
3 16 5.5342 -38.1895 -15.4739 18.6297 -36.5737 -27.4168 18.4394 -52.3347 -13.9081
3 16 18.4394 -52.3347 -13.9081 18.6297 -36.5737 -27.4168 28.95 -52.6341 -26.6118
3 16 106.8007 -19.0875 -62.4211 73.3398 -20.4917 -51.7491 104.7572 0 -61.3126
3 16 104.7572 0 -61.3126 73.3398 -20.4917 -51.7491 69.0281 0 -49.3998
3 16 73.3398 -20.4917 -51.7491 106.8007 -19.0875 -62.4211 80.1781 -49.1797 -52.032
3 16 80.1781 -49.1797 -52.032 106.8007 -19.0875 -62.4211 109.7091 -44.5214 -63.2146
3 16 73.3398 -20.4917 -51.7491 39.7872 -21.9778 -40.2619 69.0281 0 -49.3998
3 16 69.0281 0 -49.3998 39.7872 -21.9778 -40.2619 33.4581 0 -37.5229
3 16 39.7872 -21.9778 -40.2619 73.3398 -20.4917 -51.7491 51.5682 -50.4979 -41.5687
3 16 51.5682 -50.4979 -41.5687 73.3398 -20.4917 -51.7491 80.1781 -49.1797 -52.032
3 16 -26.1343 0 -3.2463 -14.7903 0 -15.8454 -20.8476 -14.8176 -4.4736
3 16 -20.8476 -14.8176 -4.4736 -14.7903 0 -15.8454 -9.9318 -14.5867 -17.9516
3 16 -11.5115 -26.9583 -3.6792 -3.0412 -27.1922 -16.5015 -2.0168 -36.5453 -2.5877
3 16 -2.0168 -36.5453 -2.5877 -3.0412 -27.1922 -16.5015 5.5342 -38.1895 -15.4739
3 16 -2.0168 -36.5453 -2.5877 5.5342 -38.1895 -15.4739 13.7699 -51.6485 -2.0291
3 16 13.7699 -51.6485 -2.0291 5.5342 -38.1895 -15.4739 18.4394 -52.3347 -13.9081
3 16 39.7872 -21.9778 -40.2619 5.6005 -14.6004 -27.7771 33.4581 0 -37.5229
3 16 33.4581 0 -37.5229 5.6005 -14.6004 -27.7771 2.5188 0 -26.3405
3 16 5.6005 -14.6004 -27.7771 39.7872 -21.9778 -40.2619 10.0939 -25.651 -26.8712
3 16 39.7872 -21.9778 -40.2619 18.6297 -36.5737 -27.4168 10.0939 -25.651 -26.8712
3 16 18.6297 -36.5737 -27.4168 39.7872 -21.9778 -40.2619 28.95 -52.6341 -26.6118
3 16 28.95 -52.6341 -26.6118 39.7872 -21.9778 -40.2619 51.5682 -50.4979 -41.5687
3 16 80.343 -115.7704 -7.5268 78.0226 -116.1242 10 58.6771 -98.0937 -7.7225
3 16 58.6771 -98.0937 -7.7225 78.0226 -116.1242 10 55.9734 -97.6026 10
3 16 58.6771 -98.0937 -7.7225 65.3797 -96.8669 -25.614 80.343 -115.7704 -7.5268
3 16 80.343 -115.7704 -7.5268 65.3797 -96.8669 -25.614 85.0713 -114.2754 -24.9502
3 16 147.9765 -142.0014 -5.3259 147.82 -140.7125 -20.4824 170 -144 -10
3 16 170 -144 -10 147.82 -140.7125 -20.4824 170 -143.4152 -19.7576
3 16 130 0 -70 104.7572 0 -61.3126 130 0 -66.25
3 16 130 0 -66.25 104.7572 0 -61.3126 105.8771 0 -57.7359
3 16 -22.6901 0 -1.6978 -26.1343 0 -3.2463 -26.1593 0 10
3 16 -26.1593 0 10 -26.1343 0 -3.2463 -29.8943 0 10
3 16 105.8771 0 -57.7359 104.7572 0 -61.3126 72.3524 0 -46.5809
3 16 72.3524 0 -46.5809 104.7572 0 -61.3126 69.0281 0 -49.3998
3 16 72.3524 0 -46.5809 69.0281 0 -49.3998 37.8309 0 -35.0882
3 16 37.8309 0 -35.0882 69.0281 0 -49.3998 33.4581 0 -37.5229
3 16 37.8309 0 -35.0882 33.4581 0 -37.5229 4.7656 0 -23.2914
3 16 4.7656 0 -23.2914 33.4581 0 -37.5229 2.5188 0 -26.3405
3 16 4.7656 0 -23.2914 2.5188 0 -26.3405 -12.092 0 -13.2472
3 16 -12.092 0 -13.2472 2.5188 0 -26.3405 -14.7903 0 -15.8454
3 16 -12.092 0 -13.2472 -14.7903 0 -15.8454 -22.6901 0 -1.6978
3 16 -22.6901 0 -1.6978 -14.7903 0 -15.8454 -26.1343 0 -3.2463
3 16 203.4106 -120 -31.9691 201.9691 -120 -33.4106 200 -120 -30
3 16 200 -120 -30 201.9691 -120 -33.4106 200 -120 -33.9383
3 16 200 -120 -33.9383 198.0309 -120 -33.4106 200 -120 -30
3 16 198.0309 -120 -33.4106 196.5894 -120 -31.9691 200 -120 -30
3 16 196.5894 -120 -31.9691 196.0618 -120 -30 200 -120 -30
3 16 196.0618 -120 -30 196.5894 -120 -28.0309 200 -120 -30
3 16 196.5894 -120 -28.0309 198.0309 -120 -26.5894 200 -120 -30
3 16 198.0309 -120 -26.5894 200 -120 -26.0618 200 -120 -30
3 16 200 -120 -26.0618 201.9691 -120 -26.5894 200 -120 -30
3 16 201.9691 -120 -26.5894 203.4106 -120 -28.0309 200 -120 -30
3 16 203.4106 -120 -28.0309 203.9382 -120 -30 200 -120 -30
3 16 203.9382 -120 -30 203.4106 -120 -31.9691 200 -120 -30
3 16 192 -129.3373 -6.879 192 -120 -2.0411 192 -128.5 -10
3 16 192 -128.5 -10 192 -120 -2.0411 192 -120 -17.9589
3 16 192 -129.3373 -6.879 192 -131.625 -4.5913 192 -120 -2.0411
3 16 192 -134.75 -3.754 192 -134.75 -2.0411 192 -131.625 -4.5913
3 16 192 -131.625 -4.5913 192 -134.75 -2.0411 192 -120 -2.0411
3 16 192 -129.3373 -13.1211 192 -120 -17.9589 192 -131.625 -15.4087
3 16 208 -131.625 -15.4087 208 -129.3373 -13.1211 192 -131.625 -15.4087
3 16 192 -131.625 -15.4087 208 -129.3373 -13.1211 192 -129.3373 -13.1211
3 16 208 -129.3373 -13.1211 208 -128.5 -10 192 -129.3373 -13.1211
3 16 192 -129.3373 -13.1211 208 -128.5 -10 192 -128.5 -10
3 16 192 -128.5 -10 192 -120 -17.9589 192 -129.3373 -13.1211
3 16 192 -134.75 -16.2461 208 -134.75 -16.2461 192 -131.625 -15.4087
3 16 192 -131.625 -15.4087 208 -134.75 -16.2461 208 -131.625 -15.4087
3 16 192 -120 -17.9589 192 -134.75 -17.9589 192 -131.625 -15.4087
3 16 192 -131.625 -15.4087 192 -134.75 -17.9589 192 -134.75 -16.2461
3 16 190 -134.75 -2.0411 192 -134.75 -2.0411 190 -138.7314 -3.1079
3 16 190 -138.7314 -3.1079 192 -134.75 -2.0411 192 -138.7314 -3.1079
3 16 192 -141.646 -6.0225 190 -141.646 -6.0225 190 -140.004 -4.3806
3 16 190 -141.646 -6.0225 192 -141.646 -6.0225 190 -142.7129 -10
3 16 190 -142.7129 -10 192 -141.646 -6.0225 192 -142.7129 -10
3 16 192 -140.1627 -6.879 192 -141.646 -6.0225 192 -137.875 -4.5913
3 16 192 -137.875 -4.5913 192 -141.646 -6.0225 192 -138.7314 -3.1079
3 16 208 -137.875 -4.5913 208 -140.1627 -6.879 192 -137.875 -4.5913
3 16 192 -137.875 -4.5913 208 -140.1627 -6.879 192 -140.1627 -6.879
3 16 208 -140.1627 -6.879 208 -141 -10 192 -140.1627 -6.879
3 16 192 -140.1627 -6.879 208 -141 -10 192 -141 -10
3 16 192 -141 -10 192 -142.7129 -10 192 -140.1627 -6.879
3 16 192 -140.1627 -6.879 192 -142.7129 -10 192 -141.646 -6.0225
3 16 208 -134.75 -3.754 208 -137.875 -4.5913 192 -134.75 -3.754
3 16 192 -134.75 -3.754 208 -137.875 -4.5913 192 -137.875 -4.5913
3 16 192 -137.875 -4.5913 192 -138.7314 -3.1079 192 -134.75 -3.754
3 16 192 -134.75 -3.754 192 -138.7314 -3.1079 192 -134.75 -2.0411
3 16 192 -141 -10 192 -140.1627 -13.1211 192 -142.7129 -10
3 16 192 -142.7129 -10 192 -140.1627 -13.1211 192 -141.646 -13.9775
3 16 192 -140.1627 -13.1211 192 -137.875 -15.4087 192 -141.646 -13.9775
3 16 192 -141.646 -13.9775 192 -137.875 -15.4087 192 -138.7314 -16.8921
3 16 192 -137.875 -15.4087 192 -134.75 -16.2461 192 -138.7314 -16.8921
3 16 192 -138.7314 -16.8921 192 -134.75 -16.2461 192 -134.75 -17.9589
3 16 192 -134.75 -17.9589 190 -134.75 -17.9589 192 -138.7314 -16.8921
3 16 192 -138.7314 -16.8921 190 -134.75 -17.9589 190 -138.7314 -16.8921
3 16 190 -138.7314 -16.8921 190 -139.7433 -15.8714 192 -138.7314 -16.8921
3 16 192 -138.7314 -16.8921 190 -139.7433 -15.8714 192 -141.646 -13.9775
3 16 190 -141.646 -13.9775 190 -142.7129 -10 192 -141.646 -13.9775
3 16 192 -141.646 -13.9775 190 -142.7129 -10 192 -142.7129 -10
3 16 192 -134.75 -2.0411 190 -134.75 -2.0411 192 -120 -2.0411
3 16 192 -120 -2.0411 190 -134.75 -2.0411 190 -120 -2.0411
3 16 190 -134.75 -17.9589 192 -134.75 -17.9589 190 -120 -17.9589
3 16 190 -120 -17.9589 192 -134.75 -17.9589 192 -120 -17.9589
3 16 210 -134.75 -2.0411 208 -134.75 -2.0411 210 -130.7686 -3.1079
3 16 210 -130.7686 -3.1079 208 -134.75 -2.0411 208 -130.7686 -3.1079
3 16 210 -130.7686 -3.1079 210 -130.7686 3.1079 210 -134.75 -2.0411
3 16 210 -134.75 -2.0411 210 -130.7686 3.1079 210 -134.75 2.0411
3 16 210 -130.7686 -3.1079 208 -130.7686 -3.1079 210 -127.854 -6.0225
3 16 210 -127.854 -6.0225 208 -130.7686 -3.1079 208 -127.854 -6.0225
3 16 210 -127.854 -6.0225 208 -127.854 -6.0225 210 -126.7871 -10
3 16 210 -126.7871 -10 208 -127.854 -6.0225 208 -126.7871 -10
3 16 208 -129.3373 -6.879 208 -127.854 -6.0225 208 -131.625 -4.5913
3 16 208 -131.625 -4.5913 208 -127.854 -6.0225 208 -130.7686 -3.1079
3 16 208 -131.625 -4.5913 192 -131.625 -4.5913 208 -129.3373 -6.879
3 16 208 -129.3373 -6.879 192 -131.625 -4.5913 192 -129.3373 -6.879
3 16 208 -129.3373 -6.879 192 -129.3373 -6.879 208 -128.5 -10
3 16 208 -128.5 -10 192 -129.3373 -6.879 192 -128.5 -10
3 16 208 -128.5 -10 208 -126.7871 -10 208 -129.3373 -6.879
3 16 208 -129.3373 -6.879 208 -126.7871 -10 208 -127.854 -6.0225
3 16 208 -134.75 -3.754 192 -134.75 -3.754 208 -131.625 -4.5913
3 16 208 -131.625 -4.5913 192 -134.75 -3.754 192 -131.625 -4.5913
3 16 208 -131.625 -4.5913 208 -130.7686 -3.1079 208 -134.75 -3.754
3 16 208 -134.75 -3.754 208 -130.7686 -3.1079 208 -134.75 -2.0411
3 16 208 -128.5 -10 208 -129.3373 -13.1211 208 -126.7871 -10
3 16 208 -126.7871 -10 208 -129.3373 -13.1211 208 -127.854 -13.9775
3 16 208 -129.3373 -13.1211 208 -131.625 -15.4087 208 -127.854 -13.9775
3 16 208 -127.854 -13.9775 208 -131.625 -15.4087 208 -130.7686 -16.8921
3 16 208 -131.625 -15.4087 208 -134.75 -16.2461 208 -130.7686 -16.8921
3 16 208 -130.7686 -16.8921 208 -134.75 -16.2461 208 -134.75 -17.9589
3 16 208 -134.75 -17.9589 210 -134.75 -17.9589 208 -130.7686 -16.8921
3 16 208 -130.7686 -16.8921 210 -134.75 -17.9589 210 -130.7686 -16.8921
3 16 210 -130.7686 -16.8921 210 -127.854 -13.9775 208 -130.7686 -16.8921
3 16 208 -130.7686 -16.8921 210 -127.854 -13.9775 208 -127.854 -13.9775
3 16 210 -127.854 -13.9775 210 -126.7871 -10 208 -127.854 -13.9775
3 16 208 -127.854 -13.9775 210 -126.7871 -10 208 -126.7871 -10
3 16 210 -127.854 -13.9775 210 -130.7686 -16.8921 210 -120 -50
3 16 210 -126.7871 -10 210 -127.854 -13.9775 210 -120 -10
3 16 210 -127.854 -13.9775 210 -120 -50 210 -120 -10
3 16 208 -142.7129 -10 208 -141 -10 208 -141.646 -6.0225
3 16 208 -141.646 -6.0225 208 -141 -10 208 -140.1627 -6.879
3 16 208 -140.1627 -6.879 208 -137.875 -4.5913 208 -141.646 -6.0225
3 16 208 -141.646 -6.0225 208 -137.875 -4.5913 208 -138.7314 -3.1079
3 16 208 -137.875 -4.5913 208 -134.75 -3.754 208 -138.7314 -3.1079
3 16 208 -138.7314 -3.1079 208 -134.75 -3.754 208 -134.75 -2.0411
3 16 210 -134.75 -2.0411 210 -138.7314 -3.1079 208 -134.75 -2.0411
3 16 208 -134.75 -2.0411 210 -138.7314 -3.1079 208 -138.7314 -3.1079
3 16 210 -138.7314 -3.1079 210 -141.646 -6.0225 208 -138.7314 -3.1079
3 16 208 -138.7314 -3.1079 210 -141.646 -6.0225 208 -141.646 -6.0225
3 16 210 -141.646 -6.0225 210 -142.7129 -10 208 -141.646 -6.0225
3 16 208 -141.646 -6.0225 210 -142.7129 -10 208 -142.7129 -10
3 16 210 -144 -10 210 -142.7129 -10 210 -141.646 -6.0225
3 16 208 -134.75 -17.9589 208 -138.7314 -16.8921 210 -134.75 -17.9589
3 16 210 -134.75 -17.9589 208 -138.7314 -16.8921 210 -138.7314 -16.8921
3 16 210 -138.7314 -16.8921 208 -138.7314 -16.8921 210 -141.646 -13.9775
3 16 210 -141.646 -13.9775 208 -138.7314 -16.8921 208 -141.646 -13.9775
3 16 210 -141.646 -13.9775 210 -143.4152 -19.7576 210 -138.7314 -16.8921
3 16 210 -141.646 -13.9775 208 -141.646 -13.9775 210 -142.7129 -10
3 16 210 -142.7129 -10 208 -141.646 -13.9775 208 -142.7129 -10
3 16 210 -143.4152 -19.7576 210 -141.646 -13.9775 210 -144 -10
3 16 210 -144 -10 210 -141.646 -13.9775 210 -142.7129 -10
3 16 208 -140.1627 -13.1211 208 -141.646 -13.9775 208 -137.875 -15.4087
3 16 208 -137.875 -15.4087 208 -141.646 -13.9775 208 -138.7314 -16.8921
3 16 208 -137.875 -15.4087 192 -137.875 -15.4087 208 -140.1627 -13.1211
3 16 208 -140.1627 -13.1211 192 -137.875 -15.4087 192 -140.1627 -13.1211
3 16 208 -140.1627 -13.1211 192 -140.1627 -13.1211 208 -141 -10
3 16 208 -141 -10 192 -140.1627 -13.1211 192 -141 -10
3 16 208 -142.7129 -10 208 -141.646 -13.9775 208 -141 -10
3 16 208 -141 -10 208 -141.646 -13.9775 208 -140.1627 -13.1211
3 16 192 -134.75 -16.2461 192 -137.875 -15.4087 208 -134.75 -16.2461
3 16 208 -134.75 -16.2461 192 -137.875 -15.4087 208 -137.875 -15.4087
3 16 208 -137.875 -15.4087 208 -138.7314 -16.8921 208 -134.75 -16.2461
3 16 208 -134.75 -16.2461 208 -138.7314 -16.8921 208 -134.75 -17.9589
3 16 192 -129.3373 6.8789 192 -120 2.0411 192 -131.625 4.5913
3 16 208 -131.625 4.5913 208 -129.3373 6.8789 192 -131.625 4.5913
3 16 192 -131.625 4.5913 208 -129.3373 6.8789 192 -129.3373 6.8789
3 16 208 -129.3373 6.8789 208 -128.5 10 192 -129.3373 6.8789
3 16 192 -129.3373 6.8789 208 -128.5 10 192 -128.5 10
3 16 192 -129.3373 6.8789 192 -128.5 10 192 -120 2.0411
3 16 192 -120 2.0411 192 -128.5 10 192 -120 17.9589
3 16 192 -134.75 3.7539 208 -134.75 3.7539 192 -131.625 4.5913
3 16 192 -131.625 4.5913 208 -134.75 3.7539 208 -131.625 4.5913
3 16 192 -120 2.0411 192 -134.75 2.0411 192 -131.625 4.5913
3 16 192 -131.625 4.5913 192 -134.75 2.0411 192 -134.75 3.7539
3 16 192 -141 10 192 -140.1627 6.8789 192 -142.7129 10
3 16 192 -142.7129 10 192 -140.1627 6.8789 192 -141.646 6.0225
3 16 192 -140.1627 6.8789 192 -137.875 4.5913 192 -141.646 6.0225
3 16 192 -141.646 6.0225 192 -137.875 4.5913 192 -138.7314 3.1079
3 16 192 -137.875 4.5913 192 -134.75 3.7539 192 -138.7314 3.1079
3 16 192 -138.7314 3.1079 192 -134.75 3.7539 192 -134.75 2.0411
3 16 192 -134.75 2.0411 190 -134.75 2.0411 192 -138.7314 3.1079
3 16 192 -138.7314 3.1079 190 -134.75 2.0411 190 -138.7314 3.1079
3 16 190 -138.7314 3.1079 190 -140.004 4.3805 192 -138.7314 3.1079
3 16 192 -138.7314 3.1079 190 -140.004 4.3805 192 -141.646 6.0225
3 16 190 -141.646 6.0225 190 -142.7129 10 192 -141.646 6.0225
3 16 192 -141.646 6.0225 190 -142.7129 10 192 -142.7129 10
3 16 190 -134.75 2.0411 192 -134.75 2.0411 190 -120 2.0411
3 16 190 -120 2.0411 192 -134.75 2.0411 192 -120 2.0411
3 16 208 -128.5 10 208 -129.3373 6.8789 208 -126.7871 10
3 16 208 -126.7871 10 208 -129.3373 6.8789 208 -127.854 6.0225
3 16 208 -129.3373 6.8789 208 -131.625 4.5913 208 -127.854 6.0225
3 16 208 -127.854 6.0225 208 -131.625 4.5913 208 -130.7686 3.1079
3 16 208 -131.625 4.5913 208 -134.75 3.7539 208 -130.7686 3.1079
3 16 208 -130.7686 3.1079 208 -134.75 3.7539 208 -134.75 2.0411
3 16 208 -134.75 2.0411 210 -134.75 2.0411 208 -130.7686 3.1079
3 16 208 -130.7686 3.1079 210 -134.75 2.0411 210 -130.7686 3.1079
3 16 210 -130.7686 3.1079 210 -127.854 6.0225 208 -130.7686 3.1079
3 16 208 -130.7686 3.1079 210 -127.854 6.0225 208 -127.854 6.0225
3 16 210 -127.854 6.0225 210 -126.7871 10 208 -127.854 6.0225
3 16 208 -127.854 6.0225 210 -126.7871 10 208 -126.7871 10
3 16 210 -127.854 6.0225 210 -130.7686 3.1079 210 -127.854 -6.0225
3 16 210 -127.854 -6.0225 210 -130.7686 3.1079 210 -130.7686 -3.1079
3 16 208 -134.75 2.0411 208 -138.7314 3.1079 210 -134.75 2.0411
3 16 210 -134.75 2.0411 208 -138.7314 3.1079 210 -138.7314 3.1079
3 16 210 -138.7314 -3.1079 210 -134.75 -2.0411 210 -138.7314 3.1079
3 16 210 -138.7314 3.1079 210 -134.75 -2.0411 210 -134.75 2.0411
3 16 210 -138.7314 3.1079 208 -138.7314 3.1079 210 -141.646 6.0225
3 16 210 -141.646 6.0225 208 -138.7314 3.1079 208 -141.646 6.0225
3 16 210 -141.646 6.0225 210 -142.7129 10 210 -144 10
3 16 210 -141.646 6.0225 208 -141.646 6.0225 210 -142.7129 10
3 16 210 -142.7129 10 208 -141.646 6.0225 208 -142.7129 10
3 16 208 -140.1627 6.8789 208 -141.646 6.0225 208 -137.875 4.5913
3 16 208 -137.875 4.5913 208 -141.646 6.0225 208 -138.7314 3.1079
3 16 208 -137.875 4.5913 192 -137.875 4.5913 208 -140.1627 6.8789
3 16 208 -140.1627 6.8789 192 -137.875 4.5913 192 -140.1627 6.8789
3 16 208 -140.1627 6.8789 192 -140.1627 6.8789 208 -141 10
3 16 208 -141 10 192 -140.1627 6.8789 192 -141 10
3 16 208 -142.7129 10 208 -141.646 6.0225 208 -141 10
3 16 208 -141 10 208 -141.646 6.0225 208 -140.1627 6.8789
3 16 192 -134.75 3.7539 192 -137.875 4.5913 208 -134.75 3.7539
3 16 208 -134.75 3.7539 192 -137.875 4.5913 208 -137.875 4.5913
3 16 208 -137.875 4.5913 208 -138.7314 3.1079 208 -134.75 3.7539
3 16 208 -134.75 3.7539 208 -138.7314 3.1079 208 -134.75 2.0411
3 16 190 -134.75 -2.0411 190 -134.75 2.0411 190 -120 -2.0411
3 16 190 -120 -2.0411 190 -134.75 2.0411 190 -120 2.0411
3 16 190 -138.7314 -3.1079 190 -138.7314 3.1079 190 -134.75 -2.0411
3 16 190 -134.75 -2.0411 190 -138.7314 3.1079 190 -134.75 2.0411
3 16 190 -140.004 4.3805 190 -141.646 6.0225 192 -141.646 6.0225
3 16 190 -138.7314 -3.1079 192 -138.7314 -3.1079 190 -140.004 -4.3806
3 16 190 -140.004 -4.3806 192 -138.7314 -3.1079 192 -141.646 -6.0225
3 16 190 -139.7433 -15.8714 190 -141.646 -13.9775 192 -141.646 -13.9775
3 16 190 -140.004 4.3805 190 -138.7314 3.1079 190 -140.004 -4.3806
3 16 190 -140.004 -4.3806 190 -138.7314 3.1079 190 -138.7314 -3.1079
3 16 190 -141.646 6.0225 190 -140.004 4.3805 190 -140.004 10
3 16 190 -141.646 6.0225 190 -140.004 10 190 -142.7129 10
3 16 190 -142.7129 -10 190 -140.004 -10 190 -141.646 -6.0225
3 16 190 -141.646 -13.9775 190 -140.004 -10 190 -142.7129 -10
3 16 190 -141.646 -6.0225 190 -140.004 -10 190 -140.004 -4.3806
3 16 190 -139.7433 -15.8714 190 -140.004 -10 190 -141.646 -13.9775
3 16 210 -144 -10 210 -144 10 170 -144 -10
3 16 170 -144 -10 210 -144 10 170 -144 10
3 16 170 -144 -10 170 -143.4152 -19.7576 210 -144 -10
3 16 210 -144 -10 170 -143.4152 -19.7576 210 -143.4152 -19.7576
3 16 170 -100.8 -70 170 -96 -70 210 -100.8 -70
3 16 210 -100.8 -70 170 -96 -70 210 -96 -70
3 16 170 -143.4152 -19.7576 170 -139.2392 -34.0497 210 -143.4152 -19.7576
3 16 210 -143.4152 -19.7576 170 -139.2392 -34.0497 210 -139.2392 -34.0497
3 16 170 -139.2392 -34.0497 170 -129.0659 -50.8768 210 -139.2392 -34.0497
3 16 210 -139.2392 -34.0497 170 -129.0659 -50.8768 210 -129.0659 -50.8768
3 16 170 -129.0659 -50.8768 170 -114.2022 -63.7633 210 -129.0659 -50.8768
3 16 210 -129.0659 -50.8768 170 -114.2022 -63.7633 210 -114.2022 -63.7633
3 16 170 -114.2022 -63.7633 170 -100.8 -70 210 -114.2022 -63.7633
3 16 210 -114.2022 -63.7633 170 -100.8 -70 210 -100.8 -70
3 16 200 -124.1405 -50 206.25 -124.1405 -50 206.25 -120 -50
3 16 206.25 -120 -50 170 -96 -50 193.75 -120 -50
3 16 200 -128.9373 -44.4972 206.25 -128.9373 -44.4972 200 -124.1405 -50
3 16 200 -124.1405 -50 206.25 -128.9373 -44.4972 206.25 -124.1405 -50
3 16 206.25 -133.5917 -36.576 206.25 -128.9373 -44.4972 200 -133.5917 -36.576
3 16 200 -133.5917 -36.576 206.25 -128.9373 -44.4972 200 -128.9373 -44.4972
3 16 200 -139.6362 -18.2351 206.25 -139.6362 -18.2351 200 -139.1119 -21.1398
3 16 200 -139.1119 -21.1398 206.25 -139.6362 -18.2351 206.25 -139.1119 -21.1398
3 16 193.75 -140.004 1.9856 200 -140.004 1.9856 193.75 -140.004 -1.9857
3 16 193.75 -140.004 -1.9857 200 -140.004 1.9856 200 -140.004 -1.9857
3 16 206.25 -139.1291 -18.5398 200 -139.1291 -18.5398 206.25 -134.75 -19.7132
3 16 206.25 -134.75 -19.7132 200 -139.1291 -18.5398 200 -134.75 -19.7132
3 16 206.25 -134.75 -19.7132 200 -134.75 -19.7132 206.25 -129.8934 -18.4118
3 16 206.25 -129.8934 -18.4118 200 -134.75 -19.7132 200 -129.8934 -18.4118
3 16 200 -129.8934 -18.4118 200 -126.5903 -15.1087 206.25 -129.8934 -18.4118
3 16 206.25 -129.8934 -18.4118 200 -126.5903 -15.1087 206.25 -126.3382 -14.8566
3 16 200 -139.6362 -18.2351 200 -139.1291 -18.5398 206.25 -139.6362 -18.2351
3 16 206.25 -139.6362 -18.2351 200 -139.1291 -18.5398 206.25 -139.1291 -18.5398
3 16 200 -129.8934 -18.4118 193.75 -129.8934 -18.4118 200 -126.5903 -15.1087
3 16 200 -126.5903 -15.1087 193.75 -129.8934 -18.4118 193.75 -126.3382 -14.8566
3 16 200 -134.75 -19.7132 193.75 -134.75 -19.7132 200 -129.8934 -18.4118
3 16 200 -129.8934 -18.4118 193.75 -134.75 -19.7132 193.75 -129.8934 -18.4118
3 16 200 -139.1291 -18.5398 193.75 -139.1291 -18.5398 200 -134.75 -19.7132
3 16 200 -134.75 -19.7132 193.75 -139.1291 -18.5398 193.75 -134.75 -19.7132
3 16 193.75 -139.6362 -18.2351 193.75 -139.1291 -18.5398 200 -139.6362 -18.2351
3 16 200 -139.6362 -18.2351 193.75 -139.1291 -18.5398 200 -139.1291 -18.5398
3 16 193.75 -126.3382 -14.8566 196.5894 -125.5645 -11.9691 198.0309 -125.9507 -13.4106
3 16 206.25 -126.3382 -14.8566 201.9691 -125.9507 -13.4106 203.4106 -125.5645 -11.9691
3 16 193.75 -126.3382 -14.8566 193.75 -125.0369 -10 196.5894 -125.5645 -11.9691
3 16 196.5894 -125.5645 -11.9691 193.75 -125.0369 -10 196.0618 -125.0369 -10
3 16 193.75 -126.3382 -14.8566 198.0309 -125.9507 -13.4106 200 -126.5903 -15.1087
3 16 200 -126.5903 -15.1087 198.0309 -125.9507 -13.4106 200 -126.0921 -13.9383
3 16 206.25 -126.3382 -14.8566 200 -126.5903 -15.1087 201.9691 -125.9507 -13.4106
3 16 201.9691 -125.9507 -13.4106 200 -126.5903 -15.1087 200 -126.0921 -13.9383
3 16 206.25 -126.3382 -14.8566 203.4106 -125.5645 -11.9691 206.25 -125.0369 -10
3 16 206.25 -125.0369 -10 203.4106 -125.5645 -11.9691 203.9382 -125.0369 -10
3 16 200 -126.0921 -13.9383 200 -120 -13.9383 201.9691 -125.9507 -13.4106
3 16 201.9691 -125.9507 -13.4106 200 -120 -13.9383 201.9691 -120 -13.4106
3 16 201.9691 -125.9507 -13.4106 201.9691 -120 -13.4106 203.4106 -125.5645 -11.9691
3 16 203.4106 -125.5645 -11.9691 201.9691 -120 -13.4106 203.4106 -120 -11.9691
3 16 200 -126.0921 -13.9383 198.0309 -125.9507 -13.4106 200 -120 -13.9383
3 16 200 -120 -13.9383 198.0309 -125.9507 -13.4106 198.0309 -120 -13.4106
3 16 203.4106 -125.5645 -11.9691 203.4106 -120 -11.9691 203.9382 -125.0369 -10
3 16 203.9382 -125.0369 -10 203.4106 -120 -11.9691 203.9382 -120 -10
3 16 198.0309 -125.9507 -13.4106 196.5894 -125.5645 -11.9691 198.0309 -120 -13.4106
3 16 198.0309 -120 -13.4106 196.5894 -125.5645 -11.9691 196.5894 -120 -11.9691
3 16 196.5894 -125.5645 -11.9691 196.0618 -125.0369 -10 196.5894 -120 -11.9691
3 16 196.5894 -120 -11.9691 196.0618 -125.0369 -10 196.0618 -120 -10
3 16 206.25 -139.1291 -1.4603 206.25 -134.75 -0.2869 200 -139.1291 -1.4603
3 16 200 -139.1291 -1.4603 206.25 -134.75 -0.2869 200 -134.75 -0.2869
3 16 206.25 -134.75 -0.2869 206.25 -129.8934 -1.5882 200 -134.75 -0.2869
3 16 200 -134.75 -0.2869 206.25 -129.8934 -1.5882 200 -129.8934 -1.5882
3 16 206.25 -126.3382 -5.1435 200 -126.5903 -4.8914 206.25 -129.8934 -1.5882
3 16 206.25 -129.8934 -1.5882 200 -126.5903 -4.8914 200 -129.8934 -1.5882
3 16 200 -140.004 -1.9857 206.25 -140.004 -1.9857 200 -139.1291 -1.4603
3 16 200 -139.1291 -1.4603 206.25 -140.004 -1.9857 206.25 -139.1291 -1.4603
3 16 200 -129.8934 -1.5882 200 -126.5903 -4.8914 193.75 -129.8934 -1.5882
3 16 193.75 -129.8934 -1.5882 200 -126.5903 -4.8914 193.75 -126.3382 -5.1435
3 16 200 -134.75 -0.2869 200 -129.8934 -1.5882 193.75 -134.75 -0.2869
3 16 193.75 -134.75 -0.2869 200 -129.8934 -1.5882 193.75 -129.8934 -1.5882
3 16 200 -139.1291 -1.4603 200 -134.75 -0.2869 193.75 -139.1291 -1.4603
3 16 193.75 -139.1291 -1.4603 200 -134.75 -0.2869 193.75 -134.75 -0.2869
3 16 193.75 -140.004 -1.9857 200 -140.004 -1.9857 193.75 -139.1291 -1.4603
3 16 193.75 -139.1291 -1.4603 200 -140.004 -1.9857 200 -139.1291 -1.4603
3 16 193.75 -126.3382 -5.1435 198.0309 -125.9507 -6.5894 196.5894 -125.5645 -8.0309
3 16 206.25 -126.3382 -5.1435 203.4106 -125.5645 -8.0309 201.9691 -125.9507 -6.5894
3 16 193.75 -126.3382 -5.1435 196.5894 -125.5645 -8.0309 193.75 -125.0369 -10
3 16 193.75 -125.0369 -10 196.5894 -125.5645 -8.0309 196.0618 -125.0369 -10
3 16 200 -126.0921 -6.0618 198.0309 -125.9507 -6.5894 200 -126.5903 -4.8914
3 16 200 -126.5903 -4.8914 198.0309 -125.9507 -6.5894 193.75 -126.3382 -5.1435
3 16 206.25 -126.3382 -5.1435 201.9691 -125.9507 -6.5894 200 -126.5903 -4.8914
3 16 200 -126.5903 -4.8914 201.9691 -125.9507 -6.5894 200 -126.0921 -6.0618
3 16 206.25 -126.3382 -5.1435 206.25 -125.0369 -10 203.4106 -125.5645 -8.0309
3 16 203.4106 -125.5645 -8.0309 206.25 -125.0369 -10 203.9382 -125.0369 -10
3 16 203.4106 -120 -11.9691 201.9691 -120 -13.4106 200 -120 -10
3 16 200 -120 -10 201.9691 -120 -13.4106 200 -120 -13.9383
3 16 200 -120 -13.9383 198.0309 -120 -13.4106 200 -120 -10
3 16 198.0309 -120 -13.4106 196.5894 -120 -11.9691 200 -120 -10
3 16 196.5894 -120 -11.9691 196.0618 -120 -10 200 -120 -10
3 16 196.0618 -120 -10 196.5894 -120 -8.0309 200 -120 -10
3 16 196.5894 -120 -8.0309 198.0309 -120 -6.5894 200 -120 -10
3 16 198.0309 -120 -6.5894 200 -120 -6.0618 200 -120 -10
3 16 200 -120 -6.0618 201.9691 -120 -6.5894 200 -120 -10
3 16 201.9691 -120 -6.5894 203.4106 -120 -8.0309 200 -120 -10
3 16 203.4106 -120 -8.0309 203.9382 -120 -10 200 -120 -10
3 16 203.9382 -120 -10 203.4106 -120 -11.9691 200 -120 -10
3 16 196.5894 -125.5645 -8.0309 196.5894 -120 -8.0309 196.0618 -125.0369 -10
3 16 196.0618 -125.0369 -10 196.5894 -120 -8.0309 196.0618 -120 -10
3 16 198.0309 -125.9507 -6.5894 198.0309 -120 -6.5894 196.5894 -125.5645 -8.0309
3 16 196.5894 -125.5645 -8.0309 198.0309 -120 -6.5894 196.5894 -120 -8.0309
3 16 200 -126.0921 -6.0618 200 -120 -6.0618 198.0309 -125.9507 -6.5894
3 16 198.0309 -125.9507 -6.5894 200 -120 -6.0618 198.0309 -120 -6.5894
3 16 200 -126.0921 -6.0618 201.9691 -125.9507 -6.5894 200 -120 -6.0618
3 16 200 -120 -6.0618 201.9691 -125.9507 -6.5894 201.9691 -120 -6.5894
3 16 201.9691 -125.9507 -6.5894 203.4106 -125.5645 -8.0309 201.9691 -120 -6.5894
3 16 201.9691 -120 -6.5894 203.4106 -125.5645 -8.0309 203.4106 -120 -8.0309
3 16 203.4106 -125.5645 -8.0309 203.9382 -125.0369 -10 203.4106 -120 -8.0309
3 16 203.4106 -120 -8.0309 203.9382 -125.0369 -10 203.9382 -120 -10
3 16 206.25 -139.1291 1.4602 200 -139.1291 1.4602 206.25 -134.75 0.2869
3 16 206.25 -134.75 0.2869 200 -139.1291 1.4602 200 -134.75 0.2869
3 16 206.25 -134.75 0.2869 200 -134.75 0.2869 206.25 -129.8934 1.5882
3 16 206.25 -129.8934 1.5882 200 -134.75 0.2869 200 -129.8934 1.5882
3 16 200 -129.8934 1.5882 200 -126.5903 4.8913 206.25 -129.8934 1.5882
3 16 206.25 -129.8934 1.5882 200 -126.5903 4.8913 206.25 -126.3382 5.1434
3 16 200 -140.004 1.9856 200 -139.1291 1.4602 206.25 -140.004 1.9856
3 16 206.25 -140.004 1.9856 200 -139.1291 1.4602 206.25 -139.1291 1.4602
3 16 200 -129.8934 1.5882 193.75 -129.8934 1.5882 200 -126.5903 4.8913
3 16 200 -126.5903 4.8913 193.75 -129.8934 1.5882 193.75 -126.3382 5.1434
3 16 200 -134.75 0.2869 193.75 -134.75 0.2869 200 -129.8934 1.5882
3 16 200 -129.8934 1.5882 193.75 -134.75 0.2869 193.75 -129.8934 1.5882
3 16 200 -139.1291 1.4602 193.75 -139.1291 1.4602 200 -134.75 0.2869
3 16 200 -134.75 0.2869 193.75 -139.1291 1.4602 193.75 -134.75 0.2869
3 16 193.75 -140.004 1.9856 193.75 -139.1291 1.4602 200 -140.004 1.9856
3 16 200 -140.004 1.9856 193.75 -139.1291 1.4602 200 -139.1291 1.4602
3 16 193.75 -126.3382 5.1434 196.5894 -125.5645 8.0309 198.0309 -125.9507 6.5894
3 16 206.25 -126.3382 5.1434 201.9691 -125.9507 6.5894 203.4106 -125.5645 8.0309
3 16 193.75 -126.3382 5.1434 193.75 -125.0369 10 196.5894 -125.5645 8.0309
3 16 196.5894 -125.5645 8.0309 193.75 -125.0369 10 196.0618 -125.0369 10
3 16 193.75 -126.3382 5.1434 198.0309 -125.9507 6.5894 200 -126.5903 4.8913
3 16 200 -126.5903 4.8913 198.0309 -125.9507 6.5894 200 -126.0921 6.0617
3 16 206.25 -126.3382 5.1434 200 -126.5903 4.8913 201.9691 -125.9507 6.5894
3 16 201.9691 -125.9507 6.5894 200 -126.5903 4.8913 200 -126.0921 6.0617
3 16 206.25 -126.3382 5.1434 203.4106 -125.5645 8.0309 206.25 -125.0369 10
3 16 206.25 -125.0369 10 203.4106 -125.5645 8.0309 203.9382 -125.0369 10
3 16 200 -126.0921 6.0617 200 -120 6.0617 201.9691 -125.9507 6.5894
3 16 201.9691 -125.9507 6.5894 200 -120 6.0617 201.9691 -120 6.5894
3 16 201.9691 -125.9507 6.5894 201.9691 -120 6.5894 203.4106 -125.5645 8.0309
3 16 203.4106 -125.5645 8.0309 201.9691 -120 6.5894 203.4106 -120 8.0309
3 16 200 -126.0921 6.0617 198.0309 -125.9507 6.5894 200 -120 6.0617
3 16 200 -120 6.0617 198.0309 -125.9507 6.5894 198.0309 -120 6.5894
3 16 203.4106 -125.5645 8.0309 203.4106 -120 8.0309 203.9382 -125.0369 10
3 16 203.9382 -125.0369 10 203.4106 -120 8.0309 203.9382 -120 10
3 16 198.0309 -125.9507 6.5894 196.5894 -125.5645 8.0309 198.0309 -120 6.5894
3 16 198.0309 -120 6.5894 196.5894 -125.5645 8.0309 196.5894 -120 8.0309
3 16 196.5894 -125.5645 8.0309 196.0618 -125.0369 10 196.5894 -120 8.0309
3 16 196.5894 -120 8.0309 196.0618 -125.0369 10 196.0618 -120 10
3 16 203.4106 -120 8.0309 201.9691 -120 6.5894 200 -120 10
3 16 200 -120 10 201.9691 -120 6.5894 200 -120 6.0617
3 16 200 -120 6.0617 198.0309 -120 6.5894 200 -120 10
3 16 198.0309 -120 6.5894 196.5894 -120 8.0309 200 -120 10
3 16 196.5894 -120 8.0309 196.0618 -120 10 200 -120 10
3 16 203.9382 -120 10 203.4106 -120 8.0309 200 -120 10
3 16 200 -140.004 1.9856 206.25 -140.004 1.9856 200 -140.004 -1.9857
3 16 200 -140.004 -1.9857 206.25 -140.004 1.9856 206.25 -140.004 -1.9857
3 16 193.75 -139.6362 -18.2351 200 -139.6362 -18.2351 193.75 -139.1119 -21.1398
3 16 193.75 -139.1119 -21.1398 200 -139.6362 -18.2351 200 -139.1119 -21.1398
3 16 200 -128.9373 -44.4972 193.75 -128.9373 -44.4972 200 -133.5917 -36.576
3 16 200 -133.5917 -36.576 193.75 -128.9373 -44.4972 193.75 -133.5917 -36.576
3 16 193.75 -128.9373 -44.4972 200 -128.9373 -44.4972 193.75 -124.1405 -50
3 16 193.75 -124.1405 -50 200 -128.9373 -44.4972 200 -124.1405 -50
3 16 193.75 -124.1405 -50 200 -124.1405 -50 193.75 -120 -50
3 16 193.75 -120 -50 200 -124.1405 -50 206.25 -120 -50
3 16 193.75 -120 0 193.75 -120 -17.9589 192 -120 -2.0411
3 16 192 -120 -2.0411 193.75 -120 -17.9589 192 -120 -17.9589
3 16 193.75 -120 0 192 -120 -2.0411 190 -120 -2.0411
3 16 206.25 -120 -10 210 -120 -10 206.25 -120 -50
3 16 206.25 -120 -50 210 -120 -10 210 -120 -50
3 16 206.25 -126.3382 5.1434 206.25 -125.0369 10 206.25 -120 -10
3 16 206.25 -120 -10 206.25 -125.0369 10 206.25 -120 30
3 16 206.25 -140.004 -1.9857 206.25 -140.004 1.9856 206.25 -139.1291 -1.4603
3 16 206.25 -139.1291 -1.4603 206.25 -140.004 1.9856 206.25 -139.1291 1.4602
3 16 206.25 -139.1291 -1.4603 206.25 -139.1291 1.4602 206.25 -134.75 -0.2869
3 16 206.25 -134.75 -0.2869 206.25 -139.1291 1.4602 206.25 -134.75 0.2869
3 16 206.25 -134.75 -0.2869 206.25 -134.75 0.2869 206.25 -129.8934 -1.5882
3 16 206.25 -129.8934 -1.5882 206.25 -134.75 0.2869 206.25 -129.8934 1.5882
3 16 206.25 -129.8934 -1.5882 206.25 -129.8934 1.5882 206.25 -126.3382 -5.1435
3 16 206.25 -126.3382 -5.1435 206.25 -129.8934 1.5882 206.25 -126.3382 5.1434
3 16 193.75 -139.1291 -1.4603 193.75 -139.1291 1.4602 193.75 -140.004 -1.9857
3 16 193.75 -140.004 -1.9857 193.75 -139.1291 1.4602 193.75 -140.004 1.9856
3 16 193.75 -134.75 -0.2869 193.75 -134.75 0.2869 193.75 -139.1291 -1.4603
3 16 193.75 -139.1291 -1.4603 193.75 -134.75 0.2869 193.75 -139.1291 1.4602
3 16 193.75 -129.8934 -1.5882 193.75 -129.8934 1.5882 193.75 -134.75 -0.2869
3 16 193.75 -134.75 -0.2869 193.75 -129.8934 1.5882 193.75 -134.75 0.2869
3 16 193.75 -126.3382 -5.1435 193.75 -126.3382 5.1434 193.75 -129.8934 -1.5882
3 16 193.75 -129.8934 -1.5882 193.75 -126.3382 5.1434 193.75 -129.8934 1.5882
3 16 206.25 -125.0369 -10 206.25 -126.3382 -5.1435 206.25 -120 -10
3 16 206.25 -120 -10 206.25 -126.3382 -5.1435 206.25 -126.3382 5.1434
3 16 193.75 -120 0 193.75 -126.3382 5.1434 193.75 -126.3382 -5.1435
3 16 206.25 -125.0369 -10 206.25 -120 -10 206.25 -126.3382 -14.8566
3 16 193.75 -120 -17.9589 193.75 -120 0 193.75 -125.0369 -10
3 16 193.75 -125.0369 -10 193.75 -120 0 193.75 -126.3382 -5.1435
3 16 192 -120 -17.9589 193.75 -120 -17.9589 193.75 -120 -50
3 16 193.75 -126.3382 -14.8566 193.75 -120 -17.9589 193.75 -125.0369 -10
3 16 206.25 -120 -50 206.25 -124.1405 -50 206.25 -128.9373 -44.4972
3 16 206.25 -133.5917 -36.576 206.25 -120 -50 206.25 -128.9373 -44.4972
3 16 206.25 -136.4718 -30 206.25 -120 -50 206.25 -133.5917 -36.576
3 16 206.25 -120 -10 206.25 -120 -50 206.25 -126.3382 -14.8566
3 16 206.25 -126.3382 -14.8566 206.25 -120 -50 206.25 -129.8934 -18.4118
3 16 206.25 -139.1291 -18.5398 206.25 -134.75 -19.7132 206.25 -139.1119 -21.1398
3 16 206.25 -139.1119 -21.1398 206.25 -134.75 -19.7132 206.25 -136.4718 -30
3 16 206.25 -139.1119 -21.1398 206.25 -139.6362 -18.2351 206.25 -139.1291 -18.5398
3 16 206.25 -120 -50 206.25 -136.4718 -30 206.25 -129.8934 -18.4118
3 16 206.25 -129.8934 -18.4118 206.25 -136.4718 -30 206.25 -134.75 -19.7132
3 16 193.75 -120 -50 193.75 -128.9373 -44.4972 193.75 -124.1405 -50
3 16 193.75 -128.9373 -44.4972 193.75 -120 -50 193.75 -133.5917 -36.576
3 16 193.75 -133.5917 -36.576 193.75 -120 -50 193.75 -136.4718 -30
3 16 193.75 -126.3382 -14.8566 193.75 -129.8934 -18.4118 193.75 -120 -17.9589
3 16 193.75 -129.8934 -18.4118 193.75 -120 -50 193.75 -120 -17.9589
3 16 193.75 -134.75 -19.7132 193.75 -136.4718 -30 193.75 -129.8934 -18.4118
3 16 193.75 -129.8934 -18.4118 193.75 -136.4718 -30 193.75 -120 -50
3 16 193.75 -136.4718 -30 193.75 -134.75 -19.7132 193.75 -139.1119 -21.1398
3 16 193.75 -139.1119 -21.1398 193.75 -134.75 -19.7132 193.75 -139.1291 -18.5398
3 16 193.75 -139.6362 -18.2351 193.75 -139.1119 -21.1398 193.75 -139.1291 -18.5398
3 16 190 -120 -17.9589 192 -120 -17.9589 190 -120 -50
3 16 190 -120 -50 192 -120 -17.9589 193.75 -120 -50
3 16 190 -134.75 -17.9589 190 -138.0364 -25.1296 190 -138.7314 -16.8921
3 16 190 -139.7433 -15.8714 190 -138.7314 -16.8921 190 -138.0364 -25.1296
3 16 190 -120 -50 190 -138.0364 -25.1296 190 -120 -17.9589
3 16 190 -120 -17.9589 190 -138.0364 -25.1296 190 -134.75 -17.9589
3 16 190 -120 -50 190 -124.3697 -50 190 -131.4695 -40.6703
3 16 190 -138.0364 -25.1296 190 -120 -50 190 -131.4695 -40.6703
3 16 210 -129.0659 -50.8768 210 -120 -50 210 -139.2392 -34.0497
3 16 210 -143.4152 -19.7576 210 -120 -50 210 -138.7314 -16.8921
3 16 210 -134.75 -17.9589 210 -138.7314 -16.8921 210 -120 -50
3 16 210 -96 -50 210 -120 -50 210 -114.2022 -63.7633
3 16 210 -114.2022 -63.7633 210 -120 -50 210 -129.0659 -50.8768
3 16 210 -96 -50 210 -114.2022 -63.7633 210 -100.8 -70
3 16 210 -96 -70 210 -96 -50 210 -100.8 -70
3 16 192 -120 2.0411 193.75 -120 0 190 -120 2.0411
3 16 190 -120 2.0411 193.75 -120 0 190 -120 -2.0411
3 16 200 -120 -33.9383 201.9691 -120 -33.4106 200 -134.747 -33.9382
3 16 200 -134.747 -33.9382 201.9691 -120 -33.4106 201.9691 -134.9781 -33.4106
3 16 201.9691 -120 -33.4106 203.4106 -120 -31.9691 201.9691 -134.9781 -33.4106
3 16 201.9691 -134.9781 -33.4106 203.4106 -120 -31.9691 203.4106 -135.6094 -31.9691
3 16 198.0309 -134.9781 -33.4106 198.0309 -120 -33.4106 200 -134.747 -33.9382
3 16 200 -134.747 -33.9382 198.0309 -120 -33.4106 200 -120 -33.9383
3 16 196.5894 -135.6094 -31.9691 196.5894 -120 -31.9691 198.0309 -134.9781 -33.4106
3 16 198.0309 -134.9781 -33.4106 196.5894 -120 -31.9691 198.0309 -120 -33.4106
3 16 203.4106 -120 -31.9691 203.9382 -120 -30 203.4106 -135.6094 -31.9691
3 16 203.4106 -135.6094 -31.9691 203.9382 -120 -30 203.9279 -136.4718 -30
3 16 196.0721 -136.4718 -30 196.0618 -120 -30 196.5894 -135.6094 -31.9691
3 16 196.5894 -135.6094 -31.9691 196.0618 -120 -30 196.5894 -120 -31.9691
3 16 203.9382 -120 -30 203.4106 -120 -28.0309 203.9279 -136.4718 -30
3 16 203.9279 -136.4718 -30 203.4106 -120 -28.0309 203.4106 -137.067 -28.0309
3 16 196.5894 -137.067 -28.0309 196.5894 -120 -28.0309 196.0721 -136.4718 -30
3 16 196.0721 -136.4718 -30 196.5894 -120 -28.0309 196.0618 -120 -30
3 16 203.4106 -120 -28.0309 201.9691 -120 -26.5894 203.4106 -137.067 -28.0309
3 16 203.4106 -137.067 -28.0309 201.9691 -120 -26.5894 201.9691 -137.4948 -26.5894
3 16 198.0309 -137.4948 -26.5894 198.0309 -120 -26.5894 196.5894 -137.067 -28.0309
3 16 196.5894 -137.067 -28.0309 198.0309 -120 -26.5894 196.5894 -120 -28.0309
3 16 200 -137.6514 -26.0618 200 -120 -26.0618 198.0309 -137.4948 -26.5894
3 16 198.0309 -137.4948 -26.5894 200 -120 -26.0618 198.0309 -120 -26.5894
3 16 201.9691 -120 -26.5894 200 -120 -26.0618 201.9691 -137.4948 -26.5894
3 16 201.9691 -137.4948 -26.5894 200 -120 -26.0618 200 -137.6514 -26.0618
3 16 206.25 -133.5917 -36.576 200 -133.5917 -36.576 201.9691 -134.9781 -33.4106
3 16 201.9691 -134.9781 -33.4106 200 -133.5917 -36.576 200 -134.747 -33.9382
3 16 206.25 -133.5917 -36.576 201.9691 -134.9781 -33.4106 203.4106 -135.6094 -31.9691
3 16 200 -134.747 -33.9382 200 -133.5917 -36.576 198.0309 -134.9781 -33.4106
3 16 198.0309 -134.9781 -33.4106 200 -133.5917 -36.576 193.75 -133.5917 -36.576
3 16 206.25 -133.5917 -36.576 203.4106 -135.6094 -31.9691 206.25 -136.4718 -30
3 16 206.25 -136.4718 -30 203.4106 -135.6094 -31.9691 203.9279 -136.4718 -30
3 16 193.75 -133.5917 -36.576 196.5894 -135.6094 -31.9691 198.0309 -134.9781 -33.4106
3 16 206.25 -139.1119 -21.1398 206.25 -136.4718 -30 203.4106 -137.067 -28.0309
3 16 203.4106 -137.067 -28.0309 206.25 -136.4718 -30 203.9279 -136.4718 -30
3 16 193.75 -133.5917 -36.576 193.75 -136.4718 -30 196.5894 -135.6094 -31.9691
3 16 196.5894 -135.6094 -31.9691 193.75 -136.4718 -30 196.0721 -136.4718 -30
3 16 203.4106 -137.067 -28.0309 201.9691 -137.4948 -26.5894 206.25 -139.1119 -21.1398
3 16 196.0721 -136.4718 -30 193.75 -136.4718 -30 196.5894 -137.067 -28.0309
3 16 196.5894 -137.067 -28.0309 193.75 -136.4718 -30 193.75 -139.1119 -21.1398
3 16 200 -137.6514 -26.0618 200 -139.1119 -21.1398 201.9691 -137.4948 -26.5894
3 16 201.9691 -137.4948 -26.5894 200 -139.1119 -21.1398 206.25 -139.1119 -21.1398
3 16 198.0309 -137.4948 -26.5894 196.5894 -137.067 -28.0309 193.75 -139.1119 -21.1398
3 16 200 -137.6514 -26.0618 198.0309 -137.4948 -26.5894 200 -139.1119 -21.1398
3 16 200 -139.1119 -21.1398 198.0309 -137.4948 -26.5894 193.75 -139.1119 -21.1398
3 16 210 -120 -50 210 -96 -50 206.25 -120 -50
3 16 206.25 -120 -50 210 -96 -50 170 -96 -50
3 16 170 -96 -50 190 -120 -50 193.75 -120 -50
3 16 130 0 -66.25 166.25 0 -66.25 130 0 -70
3 16 130 0 -70 166.25 0 -66.25 170 0 -70
3 16 166.25 0 -66.25 166.2491 -100.8 -66.25 166.25 0 -50
3 16 166.25 0 -50 166.2491 -100.8 -66.25 166.25 -111.4041 -61.1364
3 16 170 -96 -53.75 170 0 -50.0001 170 -96 -50
3 16 166.25 0 -50 170 0 -50.0001 166.25 0 -66.25
3 16 166.25 0 -66.25 170 0 -50.0001 170 0 -70
3 16 166.25 0 -66.25 130 -26.0609 -66.25 130.13 -62.2768 -66.25
3 16 170 0 -50.0001 166.25 0 -50 170 -96 -50
3 16 170 -96 -50 166.25 0 -50 166.25 -124.3697 -50
3 16 166.25 0 -66.25 154.8326 -97.7612 -66.25 166.2491 -100.8 -66.25
3 16 154.8326 -97.7612 -66.25 166.25 0 -66.25 141.7432 -88.9701 -66.25
3 16 141.7432 -88.9701 -66.25 166.25 0 -66.25 133.0638 -75.7652 -66.25
3 16 166.25 0 -66.25 130.13 -62.2768 -66.25 133.0638 -75.7652 -66.25
3 16 136.7517 -82.7714 -70 170 0 -70 147.8408 -94.0628 -70
3 16 131.5556 -72.1169 -70 170 0 -70 136.7517 -82.7714 -70
3 16 130.13 -62.2768 -70 170 0 -70 131.5556 -72.1169 -70
3 16 147.8408 -94.0628 -70 170 0 -70 162.3925 -100.0039 -70
3 16 162.3925 -100.0039 -70 170 -96 -70 170 -100.8 -70
3 16 130 -46.2433 -70 170 0 -70 130.13 -62.2768 -70
3 16 170 0 -70 130 -20.5074 -70 130 0 -70
3 16 130 -20.5074 -70 170 0 -70 130 -46.2433 -70
3 16 130 -26.0609 -66.25 166.25 0 -66.25 130 0 -66.25
3 16 170 -96 -50 166.25 -124.3697 -50 190 -120 -50
3 16 190 -120 -50 166.25 -124.3697 -50 190 -124.3697 -50
3 16 166.25 -111.4041 -61.1364 166.25 -124.3697 -50 166.25 0 -50
3 16 117.0943 -87.1881 -62.3014 124.5258 -89.6433 -64.6234 109.1846 -90.5762 -58.2767
3 16 109.1846 -90.5762 -58.2767 124.5258 -89.6433 -64.6234 107.6497 -100.4164 -54.6951
3 16 109.1846 -90.5762 -58.2767 107.6497 -100.4164 -54.6951 97.8681 -91.164 -52.794
3 16 107.6497 -100.4164 -54.6951 93.9425 -108.916 -41.4266 97.8681 -91.164 -52.794
3 16 97.8681 -91.164 -52.794 93.9425 -108.916 -41.4266 88.514 -89.4815 -48.1601
3 16 93.9425 -108.916 -41.4266 83.9405 -88.901 -45.5913 88.514 -89.4815 -48.1601
3 16 93.9425 -108.916 -41.4266 85.0713 -114.2754 -24.9502 78.7682 -97.5562 -37.5043
3 16 78.7682 -97.5562 -37.5043 85.0713 -114.2754 -24.9502 65.3797 -96.8669 -25.614
3 16 78.7228 -87.9085 -42.6144 83.9405 -88.901 -45.5913 78.7682 -97.5562 -37.5043
3 16 78.7682 -97.5562 -37.5043 83.9405 -88.901 -45.5913 93.9425 -108.916 -41.4266
3 16 45.937 -86.1705 10 48.441 -87.5968 -5.7942 55.9734 -97.6026 10
3 16 55.9734 -97.6026 10 48.441 -87.5968 -5.7942 58.6771 -98.0937 -7.7225
3 16 48.441 -87.5968 -5.7942 56.6792 -87.8619 -22.1401 58.6771 -98.0937 -7.7225
3 16 58.6771 -98.0937 -7.7225 56.6792 -87.8619 -22.1401 65.3797 -96.8669 -25.614
3 16 73.2318 -87.5975 -38.7587 78.7682 -97.5562 -37.5043 69.2359 -88.5895 -34.9741
3 16 69.2359 -88.5895 -34.9741 78.7682 -97.5562 -37.5043 65.3797 -96.8669 -25.614
3 16 69.2359 -88.5895 -34.9741 65.3797 -96.8669 -25.614 63.6199 -87.4427 -30.5835
3 16 63.6199 -87.4427 -30.5835 65.3797 -96.8669 -25.614 56.6792 -87.8619 -22.1401
3 16 73.2318 -87.5975 -38.7587 78.7228 -87.9085 -42.6144 78.7682 -97.5562 -37.5043
3 16 108.0936 -55.9295 -62.1132 97.6424 -55.9395 -58.2586 109.7091 -44.5214 -63.2146
3 16 61.6186 -54.4603 -43.4013 51.5682 -50.4979 -41.5687 80.1781 -49.1797 -52.032
3 16 51.5682 -50.4979 -41.5687 61.6186 -54.4603 -43.4013 47.5864 -58.6863 -36.3538
3 16 10.6089 -50.5544 10 13.7699 -51.6485 -2.0291 23.1165 -60.8669 10
3 16 23.1165 -60.8669 10 13.7699 -51.6485 -2.0291 22.8469 -59.7436 -2.8561
3 16 26.2094 -59.5922 -12.738 22.8469 -59.7436 -2.8561 18.4394 -52.3347 -13.9081
3 16 18.4394 -52.3347 -13.9081 22.8469 -59.7436 -2.8561 13.7699 -51.6485 -2.0291
3 16 32.3343 -59.3668 -21.3956 26.2094 -59.5922 -12.738 28.95 -52.6341 -26.6118
3 16 28.95 -52.6341 -26.6118 26.2094 -59.5922 -12.738 18.4394 -52.3347 -13.9081
3 16 162.3925 -100.0039 -70 170 0 -70 170 -96 -70
3 16 28.95 -52.6341 -26.6118 51.5682 -50.4979 -41.5687 42.8952 -58.1195 -31.4642
3 16 42.8952 -58.1195 -31.4642 51.5682 -50.4979 -41.5687 47.5864 -58.6863 -36.3538
3 16 28.95 -52.6341 -26.6118 42.8952 -58.1195 -31.4642 32.3343 -59.3668 -21.3956
3 16 210 -127.854 6.0225 210 -120 -10 210 -126.7871 10
3 16 210 -126.7871 10 210 -120 -10 210 -120 30
3 16 210 -141.646 6.0225 210 -141.646 -6.0225 210 -138.7314 3.1079
3 16 210 -138.7314 3.1079 210 -141.646 -6.0225 210 -138.7314 -3.1079
3 16 210 -141.646 6.0225 210 -144 10 210 -141.646 -6.0225
3 16 210 -141.646 -6.0225 210 -144 10 210 -144 -10
3 16 210 -127.854 6.0225 210 -127.854 -6.0225 210 -120 -10
3 16 210 -120 -10 210 -127.854 -6.0225 210 -126.7871 -10
3 16 210 -134.75 -17.9589 210 -120 -50 210 -130.7686 -16.8921
3 16 210 -143.4152 -19.7576 210 -139.2392 -34.0497 210 -120 -50
3 16 192 -120 17.9589 193.75 -120 20 192 -120 2.0411
3 16 192 -120 2.0411 193.75 -120 20 193.75 -120 0
3 16 206.25 -120 30 210 -120 30 206.25 -120 -10
3 16 206.25 -120 -10 210 -120 30 210 -120 -10
3 16 193.75 -120 20 193.75 -125.0369 10 193.75 -120 0
3 16 193.75 -120 0 193.75 -125.0369 10 193.75 -126.3382 5.1434
3 16 -11.5115 -26.9583 -3.6792 -16.0569 -25.659 10 -20.8476 -14.8176 -4.4736
3 16 -20.8476 -14.8176 -4.4736 -16.0569 -25.659 10 -25.5915 -13.6453 10
3 16 -3.0412 -27.1922 -16.5015 -11.5115 -26.9583 -3.6792 -9.9318 -14.5867 -17.9516
3 16 -9.9318 -14.5867 -17.9516 -11.5115 -26.9583 -3.6792 -20.8476 -14.8176 -4.4736
3 16 -9.9318 -14.5867 -17.9516 5.6005 -14.6004 -27.7771 -3.0412 -27.1922 -16.5015
3 16 -3.0412 -27.1922 -16.5015 5.6005 -14.6004 -27.7771 10.0939 -25.651 -26.8712
3 16 43.5544 -83.4798 6.6619 43.9331 -83.895 4.6335 45.937 -86.1705 10
3 16 45.937 -86.1705 10 43.9331 -83.895 4.6335 48.441 -87.5968 -5.7942
3 16 45.937 -86.1705 10 42.199 -81.9472 10 43.5544 -83.4798 6.6619
3 16 43.5544 -83.4798 6.6619 42.199 -81.9472 10 42.3268 -82.0882 7.5859
3 16 67.2066 -83.7456 -36.0994 68.0579 -83.895 -36.6942 69.2359 -88.5895 -34.9741
3 16 69.2359 -88.5895 -34.9741 68.0579 -83.895 -36.6942 73.2318 -87.5975 -38.7587
3 16 66.1951 -83.0614 -35.6517 67.2066 -83.7456 -36.0994 63.6199 -87.4427 -30.5835
3 16 67.2066 -83.7456 -36.0994 69.2359 -88.5895 -34.9741 63.6199 -87.4427 -30.5835
3 16 63.6199 -87.4427 -30.5835 59.8537 -82.5955 -30.4489 66.1951 -83.0614 -35.6517
3 16 66.1951 -83.0614 -35.6517 59.8537 -82.5955 -30.4489 58.7845 -80.1608 -31.1133
3 16 56.6792 -87.8619 -22.1401 58.5337 -83.895 -28.1895 63.6199 -87.4427 -30.5835
3 16 63.6199 -87.4427 -30.5835 58.5337 -83.895 -28.1895 59.8537 -82.5955 -30.4489
3 16 78.7228 -87.9085 -42.6144 73.2318 -87.5975 -38.7587 77.433 -83.909 -43.4499
3 16 77.433 -83.909 -43.4499 73.2318 -87.5975 -38.7587 68.0579 -83.895 -36.6942
3 16 86.6532 -83.895 -48.8993 83.9405 -88.901 -45.5913 77.433 -83.909 -43.4499
3 16 77.433 -83.909 -43.4499 83.9405 -88.901 -45.5913 78.7228 -87.9085 -42.6144
3 16 86.6532 -83.895 -48.8993 88.514 -89.4815 -48.1601 83.9405 -88.901 -45.5913
3 16 88.514 -89.4815 -48.1601 95.3276 -83.4345 -53.5623 97.8681 -91.164 -52.794
3 16 97.8681 -91.164 -52.794 95.3276 -83.4345 -53.5623 96.7914 -83.895 -54.1798
3 16 88.9734 -80.5309 -51.0048 94.41 -82.2154 -53.3749 88.7815 -82.7067 -50.3751
3 16 88.7815 -82.7067 -50.3751 94.41 -82.2154 -53.3749 95.3276 -83.4345 -53.5623
3 16 95.3276 -83.4345 -53.5623 88.514 -89.4815 -48.1601 88.7815 -82.7067 -50.3751
3 16 88.7815 -82.7067 -50.3751 88.514 -89.4815 -48.1601 86.6532 -83.895 -48.8993
3 16 96.7914 -83.895 -54.1798 106.8384 -83.8788 -58.8257 97.8681 -91.164 -52.794
3 16 97.8681 -91.164 -52.794 106.8384 -83.8788 -58.8257 109.1846 -90.5762 -58.2767
3 16 106.8384 -83.8788 -58.8257 116.4706 -83.895 -62.724 109.1846 -90.5762 -58.2767
3 16 109.1846 -90.5762 -58.2767 116.4706 -83.895 -62.724 117.0943 -87.1881 -62.3014
3 16 124.5258 -89.6433 -64.6234 117.0943 -87.1881 -62.3014 118.6952 -82.5356 -63.798
3 16 118.6952 -82.5356 -63.798 117.0943 -87.1881 -62.3014 116.4706 -83.895 -62.724
3 16 118.5282 -79.7387 -64.1573 131.5556 -72.1169 -70 118.6952 -82.5356 -63.798
3 16 118.6952 -82.5356 -63.798 131.5556 -72.1169 -70 136.7517 -82.7714 -70
3 16 136.7517 -82.7714 -70 124.5258 -89.6433 -64.6234 118.6952 -82.5356 -63.798
3 16 118.5282 -79.7387 -64.1573 114.6212 -68.9417 -63.8281 131.5556 -72.1169 -70
3 16 131.5556 -72.1169 -70 114.6212 -68.9417 -63.8281 130.13 -62.2768 -70
3 16 44.0752 -83.9346 -1.3633 47.3115 -83.9253 -12.5348 48.441 -87.5968 -5.7942
3 16 52.8339 -83.8883 -21.921 56.6792 -87.8619 -22.1401 47.3115 -83.9253 -12.5348
3 16 47.3115 -83.9253 -12.5348 56.6792 -87.8619 -22.1401 48.441 -87.5968 -5.7942
3 16 52.8339 -83.8883 -21.921 58.5337 -83.895 -28.1895 56.6792 -87.8619 -22.1401
3 16 33.4791 -72.0798 10 35.3889 -74.2536 7.5638 42.199 -81.9472 10
3 16 42.199 -81.9472 10 35.3889 -74.2536 7.5638 42.3268 -82.0882 7.5859
3 16 23.1165 -60.8669 10 26.2112 -63.9104 7.5876 33.4791 -72.0798 10
3 16 33.4791 -72.0798 10 26.2112 -63.9104 7.5876 35.3889 -74.2536 7.5638
3 16 44.1248 -64.0501 -28.8052 50.0953 -63.1229 -33.8254 45.4329 -64.9542 -29.3027
3 16 45.4329 -64.9542 -29.3027 50.0953 -63.1229 -33.8254 50.6267 -65.4666 -33.0012
3 16 51.72 -61.4345 -35.7112 50.0953 -63.1229 -33.8254 47.5864 -58.6863 -36.3538
3 16 47.5864 -58.6863 -36.3538 50.0953 -63.1229 -33.8254 42.8952 -58.1195 -31.4642
3 16 50.0953 -63.1229 -33.8254 44.1248 -64.0501 -28.8052 42.8952 -58.1195 -31.4642
3 16 42.8952 -58.1195 -31.4642 44.1248 -64.0501 -28.8052 42.7372 -63.9197 -27.7223
3 16 26.2094 -59.5922 -12.738 32.3343 -59.3668 -21.3956 30.7861 -63.904 -13.8489
3 16 30.7861 -63.904 -13.8489 32.3343 -59.3668 -21.3956 37.9058 -63.9557 -23.4504
3 16 22.8469 -59.7436 -2.8561 26.2094 -59.5922 -12.738 26.7372 -63.8767 -2.5762
3 16 26.7372 -63.8767 -2.5762 26.2094 -59.5922 -12.738 30.7861 -63.904 -13.8489
3 16 26.7372 -63.8767 -2.5762 26.2112 -63.9104 7.5876 22.8469 -59.7436 -2.8561
3 16 22.8469 -59.7436 -2.8561 26.2112 -63.9104 7.5876 23.1165 -60.8669 10
3 16 42.7372 -63.9197 -27.7223 37.9058 -63.9557 -23.4504 42.8952 -58.1195 -31.4642
3 16 42.8952 -58.1195 -31.4642 37.9058 -63.9557 -23.4504 32.3343 -59.3668 -21.3956
3 16 47.5864 -58.6863 -36.3538 61.6186 -54.4603 -43.4013 51.72 -61.4345 -35.7112
3 16 51.72 -61.4345 -35.7112 61.6186 -54.4603 -43.4013 63.0786 -59.0237 -43.0585
3 16 80.1781 -49.1797 -52.032 86.0837 -59.2851 -53.4732 79.1438 -55.9886 -50.9167
3 16 86.0837 -59.2851 -53.4732 80.6062 -57.471 -51.3688 79.1438 -55.9886 -50.9167
3 16 76.8195 -56.0571 -49.9727 80.1781 -49.1797 -52.032 79.1438 -55.9886 -50.9167
3 16 88.4329 -55.93 -54.6944 80.1781 -49.1797 -52.032 97.6424 -55.9395 -58.2586
3 16 97.6424 -55.9395 -58.2586 80.1781 -49.1797 -52.032 109.7091 -44.5214 -63.2146
3 16 86.4684 -56.8839 -53.84 80.1781 -49.1797 -52.032 88.4329 -55.93 -54.6944
3 16 80.1781 -49.1797 -52.032 86.4684 -56.8839 -53.84 86.0837 -59.2851 -53.4732
3 16 110.4612 -57.575 -62.8962 130.13 -62.2768 -70 114.6212 -68.9417 -63.8281
3 16 94.41 -82.2154 -53.3749 88.9734 -80.5309 -51.0048 89.6059 -68.8692 -53.5759
3 16 89.6059 -68.8692 -53.5759 88.9734 -80.5309 -51.0048 84.7221 -68.7797 -51.3006
3 16 80.6062 -57.471 -51.3688 86.0837 -59.2851 -53.4732 84.7221 -68.7797 -51.3006
3 16 84.7221 -68.7797 -51.3006 86.0837 -59.2851 -53.4732 89.6059 -68.8692 -53.5759
3 16 59.0155 -74.9478 -34.3785 52.0727 -72.4802 -30.1989 50.6267 -65.4666 -33.0012
3 16 50.6267 -65.4666 -33.0012 52.0727 -72.4802 -30.1989 45.4329 -64.9542 -29.3027
3 16 52.0727 -72.4802 -30.1989 59.0155 -74.9478 -34.3785 58.7845 -80.1608 -31.1133
3 16 58.7845 -80.1608 -31.1133 59.0155 -74.9478 -34.3785 66.1951 -83.0614 -35.6517
3 16 -22.6901 0 -1.6978 -26.1593 0 10 -21.8127 -10.5957 1.2187
3 16 -21.8127 -10.5957 1.2187 -26.1593 0 10 -23.0794 -10.7694 10
3 16 -11.6577 -16.4183 -8.9315 -9.8239 -17.5926 -9.6752 -12.4989 -11.6063 -11.3817
3 16 -9.8239 -17.5926 -9.6752 5.432 -22.3185 -20.8787 -12.4989 -11.6063 -11.3817
3 16 -18.1946 -10.4924 -5.3963 -12.8087 -16.7117 -7.1203 -12.4989 -11.6063 -11.3817
3 16 -12.4989 -11.6063 -11.3817 -12.8087 -16.7117 -7.1203 -11.6577 -16.4183 -8.9315
3 16 -23.0794 -10.7694 10 -16.4538 -18.9949 10 -21.8127 -10.5957 1.2187
3 16 -21.8127 -10.5957 1.2187 -16.4538 -18.9949 10 -15.4562 -18.2581 1.4385
3 16 -21.8127 -10.5957 1.2187 -15.4562 -18.2581 1.4385 -18.1946 -10.4924 -5.3963
3 16 -18.1946 -10.4924 -5.3963 -15.4562 -18.2581 1.4385 -12.8087 -16.7117 -7.1203
3 16 -12.092 0 -13.2472 -12.352 -5.7678 -13.5026 4.7656 0 -23.2914
3 16 4.7656 0 -23.2914 -12.352 -5.7678 -13.5026 5.1565 -10.8055 -24.0649
3 16 -12.352 -5.7678 -13.5026 -12.4989 -11.6063 -11.3817 5.1565 -10.8055 -24.0649
3 16 5.1565 -10.8055 -24.0649 -12.4989 -11.6063 -11.3817 5.432 -22.3185 -20.8787
3 16 -12.4989 -11.6063 -11.3817 -12.352 -5.7678 -13.5026 -18.1946 -10.4924 -5.3963
3 16 -18.1946 -10.4924 -5.3963 -12.352 -5.7678 -13.5026 -22.6901 0 -1.6978
3 16 -22.6901 0 -1.6978 -12.352 -5.7678 -13.5026 -12.092 0 -13.2472
3 16 -18.1946 -10.4924 -5.3963 -22.6901 0 -1.6978 -21.8127 -10.5957 1.2187
3 16 35.9265 -24.4666 -34.4153 37.8309 0 -35.0882 5.1565 -10.8055 -24.0649
3 16 5.1565 -10.8055 -24.0649 37.8309 0 -35.0882 4.7656 0 -23.2914
3 16 74.2666 -37.0103 -46.973 72.3524 0 -46.5809 35.9265 -24.4666 -34.4153
3 16 35.9265 -24.4666 -34.4153 72.3524 0 -46.5809 37.8309 0 -35.0882
3 16 113.3841 -45.6072 -59.8835 105.8771 0 -57.7359 96.105 -47.0677 -54.113
3 16 96.105 -47.0677 -54.113 105.8771 0 -57.7359 72.3524 0 -46.5809
3 16 72.3524 0 -46.5809 74.2666 -37.0103 -46.973 96.105 -47.0677 -54.113
3 16 130 0 -66.25 105.8771 0 -57.7359 130 -26.0609 -66.25
3 16 130 -26.0609 -66.25 105.8771 0 -57.7359 113.3841 -45.6072 -59.8835
3 16 130 -26.0609 -66.25 124.8896 -44.2245 -64.2906 130.13 -62.2768 -66.25
3 16 130.13 -62.2768 -66.25 124.8896 -44.2245 -64.2906 125.3438 -57.743 -64.4368
3 16 113.3841 -45.6072 -59.8835 118.4074 -47.2292 -61.5902 130 -26.0609 -66.25
3 16 118.4074 -47.2292 -61.5902 124.8896 -44.2245 -64.2906 130 -26.0609 -66.25
3 16 133.0638 -75.7652 -66.25 130.13 -62.2768 -66.25 127.0694 -78.2115 -63.7453
3 16 127.0694 -78.2115 -63.7453 130.13 -62.2768 -66.25 125.3438 -57.743 -64.4368
3 16 131.8374 -95.4695 -61.3579 141.7432 -88.9701 -66.25 127.0694 -78.2115 -63.7453
3 16 127.0694 -78.2115 -63.7453 141.7432 -88.9701 -66.25 133.0638 -75.7652 -66.25
3 16 125.3438 -57.743 -64.4368 124.8896 -44.2245 -64.2906 119.7948 -53.5266 -62.367
3 16 119.7948 -53.5266 -62.367 124.8896 -44.2245 -64.2906 118.4074 -47.2292 -61.5902
3 16 127.0694 -78.2115 -63.7453 125.3438 -57.743 -64.4368 121.0498 -80.4715 -60.9784
3 16 121.0498 -80.4715 -60.9784 125.3438 -57.743 -64.4368 119.7948 -53.5266 -62.367
3 16 122.7893 -101.395 -55.9429 131.8374 -95.4695 -61.3579 121.0498 -80.4715 -60.9784
3 16 121.0498 -80.4715 -60.9784 131.8374 -95.4695 -61.3579 127.0694 -78.2115 -63.7453
3 16 154.8326 -97.7612 -66.25 141.7432 -88.9701 -66.25 149.5372 -108.3453 -60.3399
3 16 149.5372 -108.3453 -60.3399 141.7432 -88.9701 -66.25 131.8374 -95.4695 -61.3579
3 16 149.5372 -108.3453 -60.3399 166.25 -111.4041 -61.1364 154.8326 -97.7612 -66.25
3 16 154.8326 -97.7612 -66.25 166.25 -111.4041 -61.1364 166.2491 -100.8 -66.25
3 16 149.5372 -108.3453 -60.3399 131.8374 -95.4695 -61.3579 145.8714 -118.0365 -53.1488
3 16 145.8714 -118.0365 -53.1488 131.8374 -95.4695 -61.3579 122.7893 -101.395 -55.9429
3 16 149.5372 -108.3453 -60.3399 145.8714 -118.0365 -53.1488 166.25 -111.4041 -61.1364
3 16 166.25 -111.4041 -61.1364 145.8714 -118.0365 -53.1488 166.25 -124.3697 -50
3 16 145.8714 -118.0365 -53.1488 141.4543 -126.7282 -42.9508 166.25 -124.3697 -50
3 16 166.25 -124.3697 -50 141.4543 -126.7282 -42.9508 165.8433 -131.7527 -40.051
3 16 166.3522 -139.9618 -9.0378 132.6836 -135.5038 -10.4114 166.6521 -140 10
3 16 166.6521 -140 10 132.6836 -135.5038 -10.4114 128.7062 -135.0377 10
3 16 141.4543 -126.7282 -42.9508 136.5148 -133.2933 -27.5506 165.8433 -131.7527 -40.051
3 16 165.8433 -131.7527 -40.051 136.5148 -133.2933 -27.5506 165.8786 -137.8109 -25.4135
3 16 165.8786 -137.8109 -25.4135 136.5148 -133.2933 -27.5506 166.3522 -139.9618 -9.0378
3 16 166.3522 -139.9618 -9.0378 136.5148 -133.2933 -27.5506 132.6836 -135.5038 -10.4114
3 16 99.1595 -122.2944 -14.4679 72.1607 -101.395 -16.4837 67.5296 -101.395 -3.6847
3 16 72.1607 -101.395 -16.4837 99.1595 -122.2944 -14.4679 84.0303 -101.395 -32.3127
3 16 84.0303 -101.395 -32.3127 99.1595 -122.2944 -14.4679 104.7546 -118.363 -32.8108
3 16 84.0303 -101.395 -32.3127 104.7546 -118.363 -32.8108 101.5491 -101.395 -45.9554
3 16 101.5491 -101.395 -45.9554 104.7546 -118.363 -32.8108 117.7246 -116.6887 -43.9942
3 16 97.4164 -123.0844 10 128.7062 -135.0377 10 99.1595 -122.2944 -14.4679
3 16 99.1595 -122.2944 -14.4679 128.7062 -135.0377 10 132.6836 -135.5038 -10.4114
3 16 136.5148 -133.2933 -27.5506 104.7546 -118.363 -32.8108 132.6836 -135.5038 -10.4114
3 16 132.6836 -135.5038 -10.4114 104.7546 -118.363 -32.8108 99.1595 -122.2944 -14.4679
3 16 141.4543 -126.7282 -42.9508 117.7246 -116.6887 -43.9942 136.5148 -133.2933 -27.5506
3 16 136.5148 -133.2933 -27.5506 117.7246 -116.6887 -43.9942 104.7546 -118.363 -32.8108
3 16 122.7893 -101.395 -55.9429 117.7246 -116.6887 -43.9942 145.8714 -118.0365 -53.1488
3 16 145.8714 -118.0365 -53.1488 117.7246 -116.6887 -43.9942 141.4543 -126.7282 -42.9508
3 16 122.7893 -101.395 -55.9429 115.899 -101.3426 -53.0732 117.7246 -116.6887 -43.9942
3 16 190 -124.3697 -50 166.25 -124.3697 -50 190 -131.4695 -40.6703
3 16 190 -131.4695 -40.6703 166.25 -124.3697 -50 165.8433 -131.7527 -40.051
3 16 190 -131.4695 -40.6703 165.8433 -131.7527 -40.051 190 -138.0364 -25.1296
3 16 190 -138.0364 -25.1296 165.8433 -131.7527 -40.051 165.8786 -137.8109 -25.4135
3 16 190 -138.0364 -25.1296 165.8786 -137.8109 -25.4135 190 -139.7433 -15.8714
3 16 190 -139.7433 -15.8714 165.8786 -137.8109 -25.4135 166.3522 -139.9618 -9.0378
3 16 166.3522 -139.9618 -9.0378 190 -140.004 -10 190 -139.7433 -15.8714
3 16 166.3522 -139.9618 -9.0378 190 -140.004 -4.3806 190 -140.004 -10
3 16 166.6521 -140 10 190 -140.004 4.3805 166.3522 -139.9618 -9.0378
3 16 166.3522 -139.9618 -9.0378 190 -140.004 4.3805 190 -140.004 -4.3806
3 16 190 -140.004 10 190 -140.004 4.3805 166.6521 -140 10
3 16 16.9513 -40.5619 -18.614 18.0909 -48.5298 -11.9841 23.6314 -50.0435 -16.5632
3 16 16.9513 -40.5619 -18.614 12.973 -43.3107 -9.569 18.0909 -48.5298 -11.9841
3 16 9.8328 -32.3778 -18.4736 5.432 -22.3185 -20.8787 0.9693 -30.8073 -9.76
3 16 0.9693 -30.8073 -9.76 5.432 -22.3185 -20.8787 -9.8239 -17.5926 -9.6752
3 16 16.9513 -40.5619 -18.614 9.8328 -32.3778 -18.4736 12.973 -43.3107 -9.569
3 16 12.973 -43.3107 -9.569 9.8328 -32.3778 -18.4736 0.9693 -30.8073 -9.76
3 16 5.1565 -10.8055 -24.0649 5.432 -22.3185 -20.8787 35.9265 -24.4666 -34.4153
3 16 35.9265 -24.4666 -34.4153 5.432 -22.3185 -20.8787 33.0587 -37.2487 -30.4217
3 16 5.432 -22.3185 -20.8787 9.8328 -32.3778 -18.4736 33.0587 -37.2487 -30.4217
3 16 33.0587 -37.2487 -30.4217 9.8328 -32.3778 -18.4736 16.9513 -40.5619 -18.614
3 16 33.0587 -37.2487 -30.4217 67.7199 -42.0249 -44.0048 35.9265 -24.4666 -34.4153
3 16 35.9265 -24.4666 -34.4153 67.7199 -42.0249 -44.0048 74.2666 -37.0103 -46.973
3 16 75.1232 -49.0225 -46.115 67.7199 -42.0249 -44.0048 47.3543 -50.4718 -33.3158
3 16 47.3543 -50.4718 -33.3158 67.7199 -42.0249 -44.0048 33.0587 -37.2487 -30.4217
3 16 33.0587 -37.2487 -30.4217 35.4929 -50.5888 -26.0373 47.3543 -50.4718 -33.3158
3 16 96.105 -47.0677 -54.113 74.2666 -37.0103 -46.973 75.1232 -49.0225 -46.115
3 16 75.1232 -49.0225 -46.115 74.2666 -37.0103 -46.973 67.7199 -42.0249 -44.0048
3 16 63.0786 -59.0237 -43.0585 61.6186 -54.4603 -43.4013 76.8195 -56.0571 -49.9727
3 16 76.8195 -56.0571 -49.9727 61.6186 -54.4603 -43.4013 80.1781 -49.1797 -52.032
3 16 170 0 -70 170 0 -50.0001 170 -96 -66.25
3 16 170 -96 -66.25 170 0 -50.0001 170 -96 -53.75
3 16 170 0 -70 170 -96 -66.25 170 -96 -70
3 16 35.4929 -50.5888 -26.0373 33.0587 -37.2487 -30.4217 23.6314 -50.0435 -16.5632
3 16 23.6314 -50.0435 -16.5632 33.0587 -37.2487 -30.4217 16.9513 -40.5619 -18.614
3 16 99.1595 -122.2944 -14.4679 67.5296 -101.395 -3.6847 97.4164 -123.0844 10
3 16 97.4164 -123.0844 10 67.5296 -101.395 -3.6847 66.0406 -101.4703 10
3 16 117.7246 -116.6887 -43.9942 115.899 -101.3426 -53.0732 101.5491 -101.395 -45.9554
3 16 44.0752 -83.9346 -1.3633 48.441 -87.5968 -5.7942 43.9331 -83.895 4.6335
3 16 169.6316 -96 81.0086 169.6316 -112.3275 81.0086 173.7375 -96 81.0086
3 16 173.7375 -96 81.0086 169.6316 -112.3275 81.0086 173.7375 -112.3275 81.0086
3 16 169.6316 -115.1855 78.9914 169.6316 -96 78.9914 173.7375 -115.1855 78.9914
3 16 173.7375 -115.1855 78.9914 169.6316 -96 78.9914 173.7375 -96 78.9914
3 16 169.6316 -96 78.9914 169.6316 -96 81.0086 173.7375 -96 78.9914
3 16 173.7375 -96 78.9914 169.6316 -96 81.0086 173.7375 -96 81.0086
3 16 173.7375 -96 81.0086 173.7375 -112.3275 81.0086 173.7375 -96 78.9914
3 16 173.7375 -96 78.9914 173.7375 -112.3275 81.0086 173.7375 -115.1855 78.9914
3 16 201.0086 -120 70.4632 201.0086 -124.2799 70.4632 201.0086 -120 66.1709
3 16 201.0086 -120 66.1709 201.0086 -124.2799 70.4632 201.0086 -128.0976 66.1709
3 16 198.9914 -120 70.4632 198.9914 -120 66.1709 198.9914 -124.28 70.4632
3 16 198.9914 -124.28 70.4632 198.9914 -120 66.1709 198.9914 -128.0976 66.1709
3 16 198.9914 -120 70.4632 201.0086 -120 70.4632 198.9914 -120 66.1709
3 16 198.9914 -120 66.1709 201.0086 -120 70.4632 201.0086 -120 66.1709
3 16 201.0086 -120 66.1709 201.0086 -128.0976 66.1709 198.9914 -120 66.1709
3 16 198.9914 -120 66.1709 201.0086 -128.0976 66.1709 198.9914 -128.0976 66.1709
3 16 169.6316 -96 -61.0086 173.7375 -96 -61.0086 169.6316 -112.3275 -61.0086
3 16 169.6316 -112.3275 -61.0086 173.7375 -96 -61.0086 173.7375 -112.3275 -61.0086
3 16 169.6316 -115.1855 -58.9914 173.7375 -115.1855 -58.9914 169.6316 -96 -58.9914
3 16 169.6316 -96 -58.9914 173.7375 -115.1855 -58.9914 173.7375 -96 -58.9914
3 16 169.6316 -96 -58.9914 173.7375 -96 -58.9914 169.6316 -96 -61.0086
3 16 169.6316 -96 -61.0086 173.7375 -96 -58.9914 173.7375 -96 -61.0086
3 16 173.7375 -96 -61.0086 173.7375 -96 -58.9914 173.7375 -112.3275 -61.0086
3 16 173.7375 -112.3275 -61.0086 173.7375 -96 -58.9914 173.7375 -115.1855 -58.9914
3 16 201.0086 -120 -50.4632 201.0086 -120 -46.1709 201.0086 -124.2799 -50.4632
3 16 201.0086 -124.2799 -50.4632 201.0086 -120 -46.1709 201.0086 -128.0976 -46.1709
3 16 198.9914 -128.0976 -46.1709 198.9914 -120 -46.1709 198.9914 -124.28 -50.4632
3 16 198.9914 -124.28 -50.4632 198.9914 -120 -46.1709 198.9914 -120 -50.4632
3 16 198.9914 -120 -50.4632 198.9914 -120 -46.1709 201.0086 -120 -50.4632
3 16 201.0086 -120 -50.4632 198.9914 -120 -46.1709 201.0086 -120 -46.1709
3 16 201.0086 -120 -46.1709 198.9914 -120 -46.1709 201.0086 -128.0976 -46.1709
3 16 201.0086 -128.0976 -46.1709 198.9914 -120 -46.1709 198.9914 -128.0976 -46.1709
3 16 180 -148.45 0 185.4144 -148.45 3.126 183.126 -148.45 5.4144
3 16 183.126 -148.45 5.4144 180 -148.45 6.252 180 -148.45 0
3 16 180 -148.45 6.252 176.874 -148.45 5.4144 180 -148.45 0
3 16 176.874 -148.45 5.4144 174.5856 -148.45 3.126 180 -148.45 0
3 16 174.5856 -148.45 3.126 173.748 -148.45 0 180 -148.45 0
3 16 173.748 -148.45 0 174.5856 -148.45 -3.126 180 -148.45 0
3 16 174.5856 -148.45 -3.126 176.874 -148.45 -5.4144 180 -148.45 0
3 16 176.874 -148.45 -5.4144 180 -148.45 -6.252 180 -148.45 0
3 16 180 -148.45 -6.252 183.126 -148.45 -5.4144 180 -148.45 0
3 16 183.126 -148.45 -5.4144 185.4144 -148.45 -3.126 180 -148.45 0
3 16 185.4144 -148.45 -3.126 186.252 -148.45 0 180 -148.45 0
3 16 186.252 -148.45 0 185.4144 -148.45 3.126 180 -148.45 0
3 16 185.4144 -144 3.126 183.126 -144 5.4144 185.4144 -148.45 3.126
3 16 185.4144 -148.45 3.126 183.126 -144 5.4144 183.126 -148.45 5.4144
3 16 183.126 -144 5.4144 180 -144 6.252 183.126 -148.45 5.4144
3 16 183.126 -148.45 5.4144 180 -144 6.252 180 -148.45 6.252
3 16 180 -144 6.252 176.874 -144 5.4144 180 -148.45 6.252
3 16 180 -148.45 6.252 176.874 -144 5.4144 176.874 -148.45 5.4144
3 16 176.874 -144 5.4144 174.5856 -144 3.126 176.874 -148.45 5.4144
3 16 176.874 -148.45 5.4144 174.5856 -144 3.126 174.5856 -148.45 3.126
3 16 174.5856 -144 3.126 173.748 -144 0 174.5856 -148.45 3.126
3 16 174.5856 -148.45 3.126 173.748 -144 0 173.748 -148.45 0
3 16 173.748 -144 0 174.5856 -144 -3.126 173.748 -148.45 0
3 16 173.748 -148.45 0 174.5856 -144 -3.126 174.5856 -148.45 -3.126
3 16 174.5856 -144 -3.126 176.874 -144 -5.4144 174.5856 -148.45 -3.126
3 16 174.5856 -148.45 -3.126 176.874 -144 -5.4144 176.874 -148.45 -5.4144
3 16 176.874 -144 -5.4144 180 -144 -6.252 176.874 -148.45 -5.4144
3 16 176.874 -148.45 -5.4144 180 -144 -6.252 180 -148.45 -6.252
3 16 180 -144 -6.252 183.126 -144 -5.4144 180 -148.45 -6.252
3 16 180 -148.45 -6.252 183.126 -144 -5.4144 183.126 -148.45 -5.4144
3 16 183.126 -144 -5.4144 185.4144 -144 -3.126 183.126 -148.45 -5.4144
3 16 183.126 -148.45 -5.4144 185.4144 -144 -3.126 185.4144 -148.45 -3.126
3 16 185.4144 -144 -3.126 186.252 -144 0 185.4144 -148.45 -3.126
3 16 185.4144 -148.45 -3.126 186.252 -144 0 186.252 -148.45 0
3 16 186.252 -144 0 185.4144 -144 3.126 186.252 -148.45 0
3 16 186.252 -148.45 0 185.4144 -144 3.126 185.4144 -148.45 3.126
3 16 180 -148.45 20 185.4144 -148.45 23.126 183.126 -148.45 25.4144
3 16 183.126 -148.45 25.4144 180 -148.45 26.252 180 -148.45 20
3 16 180 -148.45 26.252 176.874 -148.45 25.4144 180 -148.45 20
3 16 176.874 -148.45 25.4144 174.5856 -148.45 23.126 180 -148.45 20
3 16 174.5856 -148.45 23.126 173.748 -148.45 20 180 -148.45 20
3 16 173.748 -148.45 20 174.5856 -148.45 16.874 180 -148.45 20
3 16 174.5856 -148.45 16.874 176.874 -148.45 14.5856 180 -148.45 20
3 16 176.874 -148.45 14.5856 180 -148.45 13.748 180 -148.45 20
3 16 180 -148.45 13.748 183.126 -148.45 14.5856 180 -148.45 20
3 16 183.126 -148.45 14.5856 185.4144 -148.45 16.874 180 -148.45 20
3 16 185.4144 -148.45 16.874 186.252 -148.45 20 180 -148.45 20
3 16 186.252 -148.45 20 185.4144 -148.45 23.126 180 -148.45 20
3 16 185.4144 -144 23.126 183.126 -144 25.4144 185.4144 -148.45 23.126
3 16 185.4144 -148.45 23.126 183.126 -144 25.4144 183.126 -148.45 25.4144
3 16 183.126 -144 25.4144 180 -144 26.252 183.126 -148.45 25.4144
3 16 183.126 -148.45 25.4144 180 -144 26.252 180 -148.45 26.252
3 16 180 -144 26.252 176.874 -144 25.4144 180 -148.45 26.252
3 16 180 -148.45 26.252 176.874 -144 25.4144 176.874 -148.45 25.4144
3 16 176.874 -144 25.4144 174.5856 -144 23.126 176.874 -148.45 25.4144
3 16 176.874 -148.45 25.4144 174.5856 -144 23.126 174.5856 -148.45 23.126
3 16 174.5856 -144 23.126 173.748 -144 20 174.5856 -148.45 23.126
3 16 174.5856 -148.45 23.126 173.748 -144 20 173.748 -148.45 20
3 16 173.748 -144 20 174.5856 -144 16.874 173.748 -148.45 20
3 16 173.748 -148.45 20 174.5856 -144 16.874 174.5856 -148.45 16.874
3 16 174.5856 -144 16.874 176.874 -144 14.5856 174.5856 -148.45 16.874
3 16 174.5856 -148.45 16.874 176.874 -144 14.5856 176.874 -148.45 14.5856
3 16 176.874 -144 14.5856 180 -144 13.748 176.874 -148.45 14.5856
3 16 176.874 -148.45 14.5856 180 -144 13.748 180 -148.45 13.748
3 16 180 -144 13.748 183.126 -144 14.5856 180 -148.45 13.748
3 16 180 -148.45 13.748 183.126 -144 14.5856 183.126 -148.45 14.5856
3 16 183.126 -144 14.5856 185.4144 -144 16.874 183.126 -148.45 14.5856
3 16 183.126 -148.45 14.5856 185.4144 -144 16.874 185.4144 -148.45 16.874
3 16 185.4144 -144 16.874 186.252 -144 20 185.4144 -148.45 16.874
3 16 185.4144 -148.45 16.874 186.252 -144 20 186.252 -148.45 20
3 16 186.252 -144 20 185.4144 -144 23.126 186.252 -148.45 20
3 16 186.252 -148.45 20 185.4144 -144 23.126 185.4144 -148.45 23.126
3 16 205.4144 -144 23.126 203.126 -144 25.4144 205.4144 -148.45 23.126
3 16 205.4144 -148.45 23.126 203.126 -144 25.4144 203.126 -148.45 25.4144
3 16 203.126 -144 25.4144 200 -144 26.252 203.126 -148.45 25.4144
3 16 203.126 -148.45 25.4144 200 -144 26.252 200 -148.45 26.252
3 16 200 -144 26.252 196.874 -144 25.4144 200 -148.45 26.252
3 16 200 -148.45 26.252 196.874 -144 25.4144 196.874 -148.45 25.4144
3 16 196.874 -144 25.4144 194.5856 -144 23.126 196.874 -148.45 25.4144
3 16 196.874 -148.45 25.4144 194.5856 -144 23.126 194.5856 -148.45 23.126
3 16 194.5856 -144 23.126 193.748 -144 20 194.5856 -148.45 23.126
3 16 194.5856 -148.45 23.126 193.748 -144 20 193.748 -148.45 20
3 16 193.748 -144 20 194.5856 -144 16.874 193.748 -148.45 20
3 16 193.748 -148.45 20 194.5856 -144 16.874 194.5856 -148.45 16.874
3 16 194.5856 -144 16.874 196.874 -144 14.5856 194.5856 -148.45 16.874
3 16 194.5856 -148.45 16.874 196.874 -144 14.5856 196.874 -148.45 14.5856
3 16 196.874 -144 14.5856 200 -144 13.748 196.874 -148.45 14.5856
3 16 196.874 -148.45 14.5856 200 -144 13.748 200 -148.45 13.748
3 16 200 -144 13.748 203.126 -144 14.5856 200 -148.45 13.748
3 16 200 -148.45 13.748 203.126 -144 14.5856 203.126 -148.45 14.5856
3 16 203.126 -144 14.5856 205.4144 -144 16.874 203.126 -148.45 14.5856
3 16 203.126 -148.45 14.5856 205.4144 -144 16.874 205.4144 -148.45 16.874
3 16 205.4144 -144 16.874 206.252 -144 20 205.4144 -148.45 16.874
3 16 205.4144 -148.45 16.874 206.252 -144 20 206.252 -148.45 20
3 16 206.252 -144 20 205.4144 -144 23.126 206.252 -148.45 20
3 16 206.252 -148.45 20 205.4144 -144 23.126 205.4144 -148.45 23.126
3 16 205.4144 -148.45 23.126 203.126 -148.45 25.4144 203.5295 -148.45 22.0378
3 16 203.5295 -148.45 22.0378 203.126 -148.45 25.4144 202.0377 -148.45 23.5295
3 16 203.126 -148.45 25.4144 200 -148.45 26.252 202.0377 -148.45 23.5295
3 16 202.0377 -148.45 23.5295 200 -148.45 26.252 200 -148.45 24.0755
3 16 200 -148.45 26.252 196.874 -148.45 25.4144 200 -148.45 24.0755
3 16 200 -148.45 24.0755 196.874 -148.45 25.4144 197.9622 -148.45 23.5295
3 16 196.874 -148.45 25.4144 194.5856 -148.45 23.126 197.9622 -148.45 23.5295
3 16 197.9622 -148.45 23.5295 194.5856 -148.45 23.126 196.4705 -148.45 22.0378
3 16 194.5856 -148.45 23.126 193.748 -148.45 20 196.4705 -148.45 22.0378
3 16 196.4705 -148.45 22.0378 193.748 -148.45 20 195.9245 -148.45 20
3 16 193.748 -148.45 20 194.5856 -148.45 16.874 195.9245 -148.45 20
3 16 195.9245 -148.45 20 194.5856 -148.45 16.874 196.4705 -148.45 17.9623
3 16 194.5856 -148.45 16.874 196.874 -148.45 14.5856 196.4705 -148.45 17.9623
3 16 196.4705 -148.45 17.9623 196.874 -148.45 14.5856 197.9622 -148.45 16.4705
3 16 196.874 -148.45 14.5856 200 -148.45 13.748 197.9622 -148.45 16.4705
3 16 197.9622 -148.45 16.4705 200 -148.45 13.748 200 -148.45 15.9245
3 16 200 -148.45 13.748 203.126 -148.45 14.5856 200 -148.45 15.9245
3 16 200 -148.45 15.9245 203.126 -148.45 14.5856 202.0377 -148.45 16.4705
3 16 203.126 -148.45 14.5856 205.4144 -148.45 16.874 202.0377 -148.45 16.4705
3 16 202.0377 -148.45 16.4705 205.4144 -148.45 16.874 203.5295 -148.45 17.9623
3 16 205.4144 -148.45 16.874 206.252 -148.45 20 203.5295 -148.45 17.9623
3 16 203.5295 -148.45 17.9623 206.252 -148.45 20 204.0755 -148.45 20
3 16 206.252 -148.45 20 205.4144 -148.45 23.126 204.0755 -148.45 20
3 16 204.0755 -148.45 20 205.4144 -148.45 23.126 203.5295 -148.45 22.0378
3 16 203.5295 -148.45 22.0378 202.0377 -148.45 23.5295 203.5295 -144 22.0378
3 16 203.5295 -144 22.0378 202.0377 -148.45 23.5295 202.0377 -144 23.5295
3 16 202.0377 -148.45 23.5295 200 -148.45 24.0755 202.0377 -144 23.5295
3 16 202.0377 -144 23.5295 200 -148.45 24.0755 200 -144 24.0755
3 16 200 -148.45 24.0755 197.9622 -148.45 23.5295 200 -144 24.0755
3 16 200 -144 24.0755 197.9622 -148.45 23.5295 197.9622 -144 23.5295
3 16 197.9622 -148.45 23.5295 196.4705 -148.45 22.0378 197.9622 -144 23.5295
3 16 197.9622 -144 23.5295 196.4705 -148.45 22.0378 196.4705 -144 22.0378
3 16 196.4705 -148.45 22.0378 195.9245 -148.45 20 196.4705 -144 22.0378
3 16 196.4705 -144 22.0378 195.9245 -148.45 20 195.9245 -144 20
3 16 195.9245 -148.45 20 196.4705 -148.45 17.9623 195.9245 -144 20
3 16 195.9245 -144 20 196.4705 -148.45 17.9623 196.4705 -144 17.9623
3 16 196.4705 -148.45 17.9623 197.9622 -148.45 16.4705 196.4705 -144 17.9623
3 16 196.4705 -144 17.9623 197.9622 -148.45 16.4705 197.9622 -144 16.4705
3 16 197.9622 -148.45 16.4705 200 -148.45 15.9245 197.9622 -144 16.4705
3 16 197.9622 -144 16.4705 200 -148.45 15.9245 200 -144 15.9245
3 16 200 -148.45 15.9245 202.0377 -148.45 16.4705 200 -144 15.9245
3 16 200 -144 15.9245 202.0377 -148.45 16.4705 202.0377 -144 16.4705
3 16 202.0377 -148.45 16.4705 203.5295 -148.45 17.9623 202.0377 -144 16.4705
3 16 202.0377 -144 16.4705 203.5295 -148.45 17.9623 203.5295 -144 17.9623
3 16 203.5295 -148.45 17.9623 204.0755 -148.45 20 203.5295 -144 17.9623
3 16 203.5295 -144 17.9623 204.0755 -148.45 20 204.0755 -144 20
3 16 204.0755 -148.45 20 203.5295 -148.45 22.0378 204.0755 -144 20
3 16 204.0755 -144 20 203.5295 -148.45 22.0378 203.5295 -144 22.0378
3 16 205.4144 -144 3.126 203.126 -144 5.4144 205.4144 -148.45 3.126
3 16 205.4144 -148.45 3.126 203.126 -144 5.4144 203.126 -148.45 5.4144
3 16 203.126 -144 5.4144 200 -144 6.252 203.126 -148.45 5.4144
3 16 203.126 -148.45 5.4144 200 -144 6.252 200 -148.45 6.252
3 16 200 -144 6.252 196.874 -144 5.4144 200 -148.45 6.252
3 16 200 -148.45 6.252 196.874 -144 5.4144 196.874 -148.45 5.4144
3 16 196.874 -144 5.4144 194.5856 -144 3.126 196.874 -148.45 5.4144
3 16 196.874 -148.45 5.4144 194.5856 -144 3.126 194.5856 -148.45 3.126
3 16 194.5856 -144 3.126 193.748 -144 0 194.5856 -148.45 3.126
3 16 194.5856 -148.45 3.126 193.748 -144 0 193.748 -148.45 0
3 16 193.748 -144 0 194.5856 -144 -3.126 193.748 -148.45 0
3 16 193.748 -148.45 0 194.5856 -144 -3.126 194.5856 -148.45 -3.126
3 16 194.5856 -144 -3.126 196.874 -144 -5.4144 194.5856 -148.45 -3.126
3 16 194.5856 -148.45 -3.126 196.874 -144 -5.4144 196.874 -148.45 -5.4144
3 16 196.874 -144 -5.4144 200 -144 -6.252 196.874 -148.45 -5.4144
3 16 196.874 -148.45 -5.4144 200 -144 -6.252 200 -148.45 -6.252
3 16 200 -144 -6.252 203.126 -144 -5.4144 200 -148.45 -6.252
3 16 200 -148.45 -6.252 203.126 -144 -5.4144 203.126 -148.45 -5.4144
3 16 203.126 -144 -5.4144 205.4144 -144 -3.126 203.126 -148.45 -5.4144
3 16 203.126 -148.45 -5.4144 205.4144 -144 -3.126 205.4144 -148.45 -3.126
3 16 205.4144 -144 -3.126 206.252 -144 0 205.4144 -148.45 -3.126
3 16 205.4144 -148.45 -3.126 206.252 -144 0 206.252 -148.45 0
3 16 206.252 -144 0 205.4144 -144 3.126 206.252 -148.45 0
3 16 206.252 -148.45 0 205.4144 -144 3.126 205.4144 -148.45 3.126
3 16 205.4144 -148.45 3.126 203.126 -148.45 5.4144 203.5295 -148.45 2.0378
3 16 203.5295 -148.45 2.0378 203.126 -148.45 5.4144 202.0377 -148.45 3.5295
3 16 203.126 -148.45 5.4144 200 -148.45 6.252 202.0377 -148.45 3.5295
3 16 202.0377 -148.45 3.5295 200 -148.45 6.252 200 -148.45 4.0755
3 16 200 -148.45 6.252 196.874 -148.45 5.4144 200 -148.45 4.0755
3 16 200 -148.45 4.0755 196.874 -148.45 5.4144 197.9622 -148.45 3.5295
3 16 196.874 -148.45 5.4144 194.5856 -148.45 3.126 197.9622 -148.45 3.5295
3 16 197.9622 -148.45 3.5295 194.5856 -148.45 3.126 196.4705 -148.45 2.0378
3 16 194.5856 -148.45 3.126 193.748 -148.45 0 196.4705 -148.45 2.0378
3 16 196.4705 -148.45 2.0378 193.748 -148.45 0 195.9245 -148.45 0
3 16 193.748 -148.45 0 194.5856 -148.45 -3.126 195.9245 -148.45 0
3 16 195.9245 -148.45 0 194.5856 -148.45 -3.126 196.4705 -148.45 -2.0378
3 16 194.5856 -148.45 -3.126 196.874 -148.45 -5.4144 196.4705 -148.45 -2.0378
3 16 196.4705 -148.45 -2.0378 196.874 -148.45 -5.4144 197.9622 -148.45 -3.5295
3 16 196.874 -148.45 -5.4144 200 -148.45 -6.252 197.9622 -148.45 -3.5295
3 16 197.9622 -148.45 -3.5295 200 -148.45 -6.252 200 -148.45 -4.0755
3 16 200 -148.45 -6.252 203.126 -148.45 -5.4144 200 -148.45 -4.0755
3 16 200 -148.45 -4.0755 203.126 -148.45 -5.4144 202.0377 -148.45 -3.5295
3 16 203.126 -148.45 -5.4144 205.4144 -148.45 -3.126 202.0377 -148.45 -3.5295
3 16 202.0377 -148.45 -3.5295 205.4144 -148.45 -3.126 203.5295 -148.45 -2.0378
3 16 205.4144 -148.45 -3.126 206.252 -148.45 0 203.5295 -148.45 -2.0378
3 16 203.5295 -148.45 -2.0378 206.252 -148.45 0 204.0755 -148.45 0
3 16 206.252 -148.45 0 205.4144 -148.45 3.126 204.0755 -148.45 0
3 16 204.0755 -148.45 0 205.4144 -148.45 3.126 203.5295 -148.45 2.0378
3 16 203.5295 -148.45 2.0378 202.0377 -148.45 3.5295 203.5295 -144 2.0378
3 16 203.5295 -144 2.0378 202.0377 -148.45 3.5295 202.0377 -144 3.5295
3 16 202.0377 -148.45 3.5295 200 -148.45 4.0755 202.0377 -144 3.5295
3 16 202.0377 -144 3.5295 200 -148.45 4.0755 200 -144 4.0755
3 16 200 -148.45 4.0755 197.9622 -148.45 3.5295 200 -144 4.0755
3 16 200 -144 4.0755 197.9622 -148.45 3.5295 197.9622 -144 3.5295
3 16 197.9622 -148.45 3.5295 196.4705 -148.45 2.0378 197.9622 -144 3.5295
3 16 197.9622 -144 3.5295 196.4705 -148.45 2.0378 196.4705 -144 2.0378
3 16 196.4705 -148.45 2.0378 195.9245 -148.45 0 196.4705 -144 2.0378
3 16 196.4705 -144 2.0378 195.9245 -148.45 0 195.9245 -144 0
3 16 195.9245 -148.45 0 196.4705 -148.45 -2.0378 195.9245 -144 0
3 16 195.9245 -144 0 196.4705 -148.45 -2.0378 196.4705 -144 -2.0378
3 16 196.4705 -148.45 -2.0378 197.9622 -148.45 -3.5295 196.4705 -144 -2.0378
3 16 196.4705 -144 -2.0378 197.9622 -148.45 -3.5295 197.9622 -144 -3.5295
3 16 197.9622 -148.45 -3.5295 200 -148.45 -4.0755 197.9622 -144 -3.5295
3 16 197.9622 -144 -3.5295 200 -148.45 -4.0755 200 -144 -4.0755
3 16 200 -148.45 -4.0755 202.0377 -148.45 -3.5295 200 -144 -4.0755
3 16 200 -144 -4.0755 202.0377 -148.45 -3.5295 202.0377 -144 -3.5295
3 16 202.0377 -148.45 -3.5295 203.5295 -148.45 -2.0378 202.0377 -144 -3.5295
3 16 202.0377 -144 -3.5295 203.5295 -148.45 -2.0378 203.5295 -144 -2.0378
3 16 203.5295 -148.45 -2.0378 204.0755 -148.45 0 203.5295 -144 -2.0378
3 16 203.5295 -144 -2.0378 204.0755 -148.45 0 204.0755 -144 0
3 16 204.0755 -148.45 0 203.5295 -148.45 2.0378 204.0755 -144 0
3 16 204.0755 -144 0 203.5295 -148.45 2.0378 203.5295 -144 2.0378
3 43 1.5565 0 10 2.6877 0 14.2218 3.6034 0 10
3 43 3.6034 0 10 2.6877 0 14.2218 4.4604 0 13.1983
3 43 4.4604 0 13.1983 2.6877 0 14.2218 6.8017 0 15.5396
3 43 6.8017 0 15.5396 2.6877 0 14.2218 5.7782 0 17.3123
3 43 6.8017 0 15.5396 5.7782 0 17.3123 10 0 16.3966
3 43 10 0 16.3966 5.7782 0 17.3123 10 0 18.4436
3 43 10 0 16.3966 10 0 18.4436 13.1983 0 15.5396
3 43 13.1983 0 15.5396 10 0 18.4436 14.2218 0 17.3123
3 43 13.1983 0 15.5396 14.2218 0 17.3123 15.5396 0 13.1983
3 43 15.5396 0 13.1983 14.2218 0 17.3123 17.3124 0 14.2218
3 43 15.5396 0 13.1983 17.3124 0 14.2218 16.3966 0 10
3 43 16.3966 0 10 17.3124 0 14.2218 18.4436 0 10
3 43 4.4604 -35.3185 13.1983 3.6034 -34.6986 10 4.4604 0 13.1983
3 43 4.4604 0 13.1983 3.6034 -34.6986 10 3.6034 0 10
3 43 6.8017 -37.3418 15.5396 4.4604 -35.3185 13.1983 6.8017 0 15.5396
3 43 6.8017 0 15.5396 4.4604 -35.3185 13.1983 4.4604 0 13.1983
3 43 10 -40.3799 16.3966 6.8017 -37.3418 15.5396 10 0 16.3966
3 43 10 0 16.3966 6.8017 -37.3418 15.5396 6.8017 0 15.5396
3 43 13.1983 -43.1837 15.5396 10 -40.3799 16.3966 13.1983 0 15.5396
3 43 13.1983 0 15.5396 10 -40.3799 16.3966 10 0 16.3966
3 43 15.5396 -45.1916 13.1983 13.1983 -43.1837 15.5396 15.5396 0 13.1983
3 43 15.5396 0 13.1983 13.1983 -43.1837 15.5396 13.1983 0 15.5396
3 43 16.3966 -46.1034 10 15.5396 -45.1916 13.1983 16.3966 0 10
3 43 16.3966 0 10 15.5396 -45.1916 13.1983 15.5396 0 13.1983
3 43 2.6876 -33.6987 14.2218 2.6877 0 14.2218 1.5564 -32.8794 10
3 43 1.5564 -32.8794 10 2.6877 0 14.2218 1.5565 0 10
3 43 5.7782 -36.4056 17.3123 5.7782 0 17.3123 2.6876 -33.6987 14.2218
3 43 2.6876 -33.6987 14.2218 5.7782 0 17.3123 2.6877 0 14.2218
3 43 10 -40.3465 18.4436 10 0 18.4436 5.7782 -36.4056 17.3123
3 43 5.7782 -36.4056 17.3123 10 0 18.4436 5.7782 0 17.3123
3 43 14.2218 -44.0535 17.3123 14.2218 0 17.3123 10 -40.3465 18.4436
3 43 10 -40.3465 18.4436 14.2218 0 17.3123 10 0 18.4436
3 43 17.3124 -46.7733 14.2218 17.3124 0 14.2218 14.2218 -44.0535 17.3123
3 43 14.2218 -44.0535 17.3123 17.3124 0 14.2218 14.2218 0 17.3123
3 43 17.3124 0 14.2218 17.3124 -46.7733 14.2218 18.4436 0 10
3 43 18.4436 0 10 17.3124 -46.7733 14.2218 18.4436 -47.9097 10
3 43 1.5564 -32.8794 10 -6.9993 -25.3677 10 2.6876 -33.6987 14.2218
3 43 2.6876 -33.6987 14.2218 -6.9993 -25.3677 10 -7 -24.2796 18.5
3 43 27 -55.0279 18.5002 17.3124 -46.7733 14.2218 14.2218 -44.0535 17.3123
3 43 27 -53.844 27 27 -55.0279 18.5002 10 -38.4222 27
3 43 10 -38.4222 27 -7 -24.2796 18.5 -7 -20.3168 27
3 43 10 -40.3465 18.4436 5.7782 -36.4056 17.3123 10 -38.4222 27
3 43 10 -38.4222 27 5.7782 -36.4056 17.3123 -7 -24.2796 18.5
3 43 27 -55.0279 18.5002 14.2218 -44.0535 17.3123 10 -38.4222 27
3 43 10 -38.4222 27 14.2218 -44.0535 17.3123 10 -40.3465 18.4436
3 43 18.4436 -47.9097 10 17.3124 -46.7733 14.2218 27 -55.1467 10
3 43 27 -55.1467 10 17.3124 -46.7733 14.2218 27 -55.0279 18.5002
3 43 -7 -24.2796 18.5 5.7782 -36.4056 17.3123 2.6876 -33.6987 14.2218
3 43 10.0004 -40.4004 10 4.4604 -35.3185 13.1983 6.8017 -37.3418 15.5396
3 43 10.0004 -40.4004 10 13.1983 -43.1837 15.5396 15.5396 -45.1916 13.1983
3 43 10.0004 -40.4004 10 3.6034 -34.6986 10 4.4604 -35.3185 13.1983
3 43 10 -40.3799 16.3966 10.0004 -40.4004 10 6.8017 -37.3418 15.5396
3 43 10.0004 -40.4004 10 10 -40.3799 16.3966 13.1983 -43.1837 15.5396
3 43 16.3966 -46.1034 10 10.0004 -40.4004 10 15.5396 -45.1916 13.1983
3 43 -7 -24.2796 18.5 -6.9993 -25.3677 10 -7 0 27
3 43 -7 0 27 -6.9993 -25.3677 10 -7 0 -7
3 43 27 0 27 27 -55.0279 18.5002 27 -53.844 27
3 43 -7 0 27 -7 -20.3168 27 -7 -24.2796 18.5
3 43 27 -55.0279 18.5002 27 0 27 27 -55.1467 10
3 43 27 -55.1467 10 27 0 27 27 0 -7
3 43 -7 0 27 10 -38.4222 27 -7 -20.3168 27
3 43 27 -53.844 27 10 -38.4222 27 27 0 27
3 43 27 0 27 10 -38.4222 27 -7 0 27
3 43 1.5565 0 10 3.6034 0 10 2.6877 0 5.7782
3 43 2.6877 0 5.7782 3.6034 0 10 4.4604 0 6.8017
3 43 4.4604 0 6.8017 6.8017 0 4.4604 2.6877 0 5.7782
3 43 2.6877 0 5.7782 6.8017 0 4.4604 5.7782 0 2.6877
3 43 6.8017 0 4.4604 10 0 3.6034 5.7782 0 2.6877
3 43 5.7782 0 2.6877 10 0 3.6034 10 0 1.5564
3 43 10 0 3.6034 13.1983 0 4.4604 10 0 1.5564
3 43 10 0 1.5564 13.1983 0 4.4604 14.2218 0 2.6877
3 43 13.1983 0 4.4604 15.5396 0 6.8017 14.2218 0 2.6877
3 43 14.2218 0 2.6877 15.5396 0 6.8017 17.3124 0 5.7782
3 43 15.5396 0 6.8017 16.3966 0 10 17.3124 0 5.7782
3 43 17.3124 0 5.7782 16.3966 0 10 18.4436 0 10
3 43 3.6034 0 10 3.6034 -34.6986 10 4.4604 0 6.8017
3 43 4.4604 0 6.8017 3.6034 -34.6986 10 4.4604 -35.3185 6.8017
3 43 4.4604 0 6.8017 4.4604 -35.3185 6.8017 6.8017 0 4.4604
3 43 6.8017 0 4.4604 4.4604 -35.3185 6.8017 6.8017 -37.3418 4.4604
3 43 6.8017 0 4.4604 6.8017 -37.3418 4.4604 10 0 3.6034
3 43 10 0 3.6034 6.8017 -37.3418 4.4604 10 -40.3799 3.6034
3 43 10 0 3.6034 10 -40.3799 3.6034 13.1983 0 4.4604
3 43 13.1983 0 4.4604 10 -40.3799 3.6034 13.1983 -43.1837 4.4604
3 43 13.1983 0 4.4604 13.1983 -43.1837 4.4604 15.5396 0 6.8017
3 43 15.5396 0 6.8017 13.1983 -43.1837 4.4604 15.5396 -45.1916 6.8017
3 43 16.3966 -46.1034 10 16.3966 0 10 15.5396 -45.1916 6.8017
3 43 15.5396 -45.1916 6.8017 16.3966 0 10 15.5396 0 6.8017
3 43 2.6876 -33.6987 5.7782 1.5564 -32.8794 10 2.6877 0 5.7782
3 43 2.6877 0 5.7782 1.5564 -32.8794 10 1.5565 0 10
3 43 5.7782 -36.4056 2.6877 2.6876 -33.6987 5.7782 5.7782 0 2.6877
3 43 5.7782 0 2.6877 2.6876 -33.6987 5.7782 2.6877 0 5.7782
3 43 10 -40.3465 1.5564 5.7782 -36.4056 2.6877 10 0 1.5564
3 43 10 0 1.5564 5.7782 -36.4056 2.6877 5.7782 0 2.6877
3 43 14.2218 -44.0535 2.6877 10 -40.3465 1.5564 14.2218 0 2.6877
3 43 14.2218 0 2.6877 10 -40.3465 1.5564 10 0 1.5564
3 43 17.3124 -46.7733 5.7782 14.2218 -44.0535 2.6877 17.3124 0 5.7782
3 43 17.3124 0 5.7782 14.2218 -44.0535 2.6877 14.2218 0 2.6877
3 43 18.4436 -47.9097 10 17.3124 -46.7733 5.7782 18.4436 0 10
3 43 18.4436 0 10 17.3124 -46.7733 5.7782 17.3124 0 5.7782
3 43 1.5564 -32.8794 10 2.6876 -33.6987 5.7782 -6.9993 -25.3677 10
3 43 -6.9993 -25.3677 10 2.6876 -33.6987 5.7782 -7 -24.2796 1.5
3 43 27 -55.0279 1.4998 14.2218 -44.0535 2.6877 17.3124 -46.7733 5.7782
3 43 27 -53.844 -7 10 -38.4222 -7 27 -55.0279 1.4998
3 43 10 -38.4222 -7 -7 -20.3168 -7 -7 -24.2796 1.5
3 43 10 -40.3465 1.5564 10 -38.4222 -7 5.7782 -36.4056 2.6877
3 43 5.7782 -36.4056 2.6877 10 -38.4222 -7 -7 -24.2796 1.5
3 43 27 -55.0279 1.4998 10 -38.4222 -7 14.2218 -44.0535 2.6877
3 43 14.2218 -44.0535 2.6877 10 -38.4222 -7 10 -40.3465 1.5564
3 43 18.4436 -47.9097 10 27 -55.1467 10 17.3124 -46.7733 5.7782
3 43 17.3124 -46.7733 5.7782 27 -55.1467 10 27 -55.0279 1.4998
3 43 -7 -24.2796 1.5 2.6876 -33.6987 5.7782 5.7782 -36.4056 2.6877
3 43 10.0004 -40.4004 10 6.8017 -37.3418 4.4604 4.4604 -35.3185 6.8017
3 43 10.0004 -40.4004 10 15.5396 -45.1916 6.8017 13.1983 -43.1837 4.4604
3 43 10.0004 -40.4004 10 4.4604 -35.3185 6.8017 3.6034 -34.6986 10
3 43 10 -40.3799 3.6034 6.8017 -37.3418 4.4604 10.0004 -40.4004 10
3 43 10.0004 -40.4004 10 13.1983 -43.1837 4.4604 10 -40.3799 3.6034
3 43 16.3966 -46.1034 10 15.5396 -45.1916 6.8017 10.0004 -40.4004 10
3 43 -7 0 -7 -6.9993 -25.3677 10 -7 -24.2796 1.5
3 43 27 0 -7 27 -53.844 -7 27 -55.0279 1.4998
3 43 -7 0 -7 -7 -24.2796 1.5 -7 -20.3168 -7
3 43 27 -55.1467 10 27 0 -7 27 -55.0279 1.4998
3 43 -7 0 -7 -7 -20.3168 -7 10 -38.4222 -7
3 43 -7 0 -7 10 -38.4222 -7 27 0 -7
3 43 27 0 -7 10 -38.4222 -7 27 -53.844 -7
3 43 30 -40.1203 10 30.2936 -56.4311 24.4702 30.4623 -58.3137 10
3 43 30 -40.1203 10 30 -45.0961 31.9052 30.2936 -56.4311 24.4702
3 43 30.2936 -56.4311 24.4702 30 -45.0961 31.9052 30.3163 -48.4039 38.2646
3 43 30.2936 -56.4311 24.4702 40.5745 -67.3705 27.6728 30.4623 -58.3137 10
3 43 30.4623 -58.3137 10 40.5745 -67.3705 27.6728 40.3975 -70.4564 10
3 43 30.3163 -48.4039 38.2646 38.5299 -48.9977 44.9347 30.2936 -56.4311 24.4702
3 43 30.2936 -56.4311 24.4702 38.5299 -48.9977 44.9347 40.5745 -67.3705 27.6728
3 43 11.5973 -43.9791 30 18.7369 -48.9231 33.2107 30 -40.0174 30
3 43 30 -40.0174 30 18.7369 -48.9231 33.2107 30 -45.0961 31.9052
3 43 18.7369 -48.9231 33.2107 25.1867 -50.0365 39.695 30 -45.0961 31.9052
3 43 30 -45.0961 31.9052 25.1867 -50.0365 39.695 30.3163 -48.4039 38.2646
3 43 -9.9993 -14.5515 19.5045 -15.6555 -17.7284 23.3241 -10 -14.8298 30
3 43 -10 -14.8298 30 -15.6555 -17.7284 23.3241 -12.7462 -16.8809 30
3 43 -15.6555 -17.7284 23.3241 -9.9993 -14.5515 19.5045 -17.5043 -19.4109 10
3 43 -17.5043 -19.4109 10 -9.9993 -14.5515 19.5045 -9.9993 -14.5515 10
3 43 25.1867 -50.0365 39.695 34.1014 -50.5168 46.4874 30.3163 -48.4039 38.2646
3 43 30.3163 -48.4039 38.2646 34.1014 -50.5168 46.4874 38.5299 -48.9977 44.9347
3 43 11.5973 -43.9791 30 30 -40.0174 30 1.7452 -33.8283 30
3 43 34.1014 -50.5168 46.4874 46.1709 -50.5235 53.8793 38.5299 -48.9977 44.9347
3 43 38.5299 -48.9977 44.9347 46.1709 -50.5235 53.8793 49.9739 -49.0144 51.9769
3 43 46.1709 -50.5235 53.8793 72.4893 -49.1864 66.2092 49.9739 -49.0144 51.9769
3 43 49.9739 -49.0144 51.9769 72.4893 -49.1864 66.2092 74.6779 -47.7021 63.4703
3 43 96.067 -46.0264 71.7552 74.6779 -47.7021 63.4703 95.0917 -47.4119 75.043
3 43 95.0917 -47.4119 75.043 74.6779 -47.7021 63.4703 72.4893 -49.1864 66.2092
3 43 95.0917 -47.4119 75.043 108.261 -46.1982 79.686 96.067 -46.0264 71.7552
3 43 96.067 -46.0264 71.7552 108.261 -46.1982 79.686 109.3634 -44.7707 76.3582
3 43 108.261 -46.1982 79.686 112.8701 -45.9484 81.3485 109.3634 -44.7707 76.3582
3 43 109.3634 -44.7707 76.3582 112.8701 -45.9484 81.3485 114.1272 -44.58 77.974
3 43 118.1518 -47.7197 83.1339 119.2801 -46.2777 79.6228 112.8701 -45.9484 81.3485
3 43 112.8701 -45.9484 81.3485 119.2801 -46.2777 79.6228 114.1272 -44.58 77.974
3 43 120.0557 -53.657 83.5848 121.3842 -52.8813 80.149 118.1518 -47.7197 83.1339
3 43 118.1518 -47.7197 83.1339 121.3842 -52.8813 80.149 119.2801 -46.2777 79.6228
3 43 59.27 -89.3638 25.0009 56.9555 -89.3638 10 51.3 -79.8692 26.4092
3 43 51.3 -79.8692 26.4092 56.9555 -89.3638 10 49.3841 -80.607 10
3 43 49.3841 -80.607 10 40.3975 -70.4564 10 51.3 -79.8692 26.4092
3 43 51.3 -79.8692 26.4092 40.3975 -70.4564 10 40.5745 -67.3705 27.6728
3 43 58.962 -77.8547 42.4822 51.3 -79.8692 26.4092 49.5681 -62.9813 45.3308
3 43 49.5681 -62.9813 45.3308 51.3 -79.8692 26.4092 40.5745 -67.3705 27.6728
3 43 74.6779 -47.7021 63.4703 75.6128 -62.723 61.0629 49.9739 -49.0144 51.9769
3 43 49.9739 -49.0144 51.9769 75.6128 -62.723 61.0629 49.5681 -62.9813 45.3308
3 43 51.3 -79.8692 26.4092 58.962 -77.8547 42.4822 59.27 -89.3638 25.0009
3 43 59.27 -89.3638 25.0009 58.962 -77.8547 42.4822 65.5334 -89.3638 38.7096
3 43 49.5681 -62.9813 45.3308 75.6128 -62.723 61.0629 58.962 -77.8547 42.4822
3 43 58.962 -77.8547 42.4822 75.6128 -62.723 61.0629 77.5665 -77.9183 57.7933
3 43 58.962 -77.8547 42.4822 77.5665 -77.9183 57.7933 65.5334 -89.3638 38.7096
3 43 65.5334 -89.3638 38.7096 77.5665 -77.9183 57.7933 80.4407 -89.3638 54.6197
3 43 121.3842 -52.8813 80.149 120.0557 -53.657 83.5848 121.8943 -76.3637 79.12
3 43 121.8943 -76.3637 79.12 120.0557 -53.657 83.5848 120.7354 -76.6189 82.6841
3 43 120.7354 -76.6189 82.6841 121.3519 -88.9988 80.7882 121.8943 -76.3637 79.12
3 43 121.8943 -76.3637 79.12 121.3519 -88.9988 80.7882 122.513 -88.821 77.2175
3 43 77.5665 -77.9183 57.7933 99.6427 -77.4277 70.0159 80.4407 -89.3638 54.6197
3 43 80.4407 -89.3638 54.6197 99.6427 -77.4277 70.0159 100.8623 -89.3638 67.7465
3 43 77.5665 -77.9183 57.7933 75.6128 -62.723 61.0629 99.6427 -77.4277 70.0159
3 43 99.6427 -77.4277 70.0159 75.6128 -62.723 61.0629 98.6703 -61.7527 71.5776
3 43 114.5368 -76.9203 76.2736 115.1157 -89.2928 74.2588 99.6427 -77.4277 70.0159
3 43 99.6427 -77.4277 70.0159 115.1157 -89.2928 74.2588 100.8623 -89.3638 67.7465
3 43 114.2241 -60.3745 77.4762 114.5368 -76.9203 76.2736 98.6703 -61.7527 71.5776
3 43 98.6703 -61.7527 71.5776 114.5368 -76.9203 76.2736 99.6427 -77.4277 70.0159
3 43 74.6779 -47.7021 63.4703 96.067 -46.0264 71.7552 75.6128 -62.723 61.0629
3 43 75.6128 -62.723 61.0629 96.067 -46.0264 71.7552 98.6703 -61.7527 71.5776
3 43 96.067 -46.0264 71.7552 109.3634 -44.7707 76.3582 98.6703 -61.7527 71.5776
3 43 98.6703 -61.7527 71.5776 109.3634 -44.7707 76.3582 114.2241 -60.3745 77.4762
3 43 119.2801 -46.2777 79.6228 114.2241 -60.3745 77.4762 114.1272 -44.58 77.974
3 43 119.2801 -46.2777 79.6228 121.3842 -52.8813 80.149 114.2241 -60.3745 77.4762
3 43 114.2241 -60.3745 77.4762 109.3634 -44.7707 76.3582 114.1272 -44.58 77.974
3 43 49.9739 -49.0144 51.9769 49.5681 -62.9813 45.3308 38.5299 -48.9977 44.9347
3 43 38.5299 -48.9977 44.9347 49.5681 -62.9813 45.3308 40.5745 -67.3705 27.6728
3 43 121.3519 -88.9988 80.7882 121.8402 -95.1155 79.2864 122.513 -88.821 77.2175
3 43 122.513 -88.821 77.2175 121.8402 -95.1155 79.2864 122.601 -94.6082 76.9467
3 43 62.7336 -95.5502 24.6535 60.8003 -94.9984 10 59.27 -89.3638 25.0009
3 43 59.27 -89.3638 25.0009 60.8003 -94.9984 10 56.9555 -89.3638 10
3 43 59.27 -89.3638 25.0009 65.5334 -89.3638 38.7096 62.7336 -95.5502 24.6535
3 43 62.7336 -95.5502 24.6535 65.5334 -89.3638 38.7096 67.9966 -95.0963 37.8719
3 43 81.2755 -94.6965 53.6911 67.9966 -95.0963 37.8719 80.4407 -89.3638 54.6197
3 43 80.4407 -89.3638 54.6197 67.9966 -95.0963 37.8719 65.5334 -89.3638 38.7096
3 43 80.4407 -89.3638 54.6197 100.8623 -89.3638 67.7465 81.2755 -94.6965 53.6911
3 43 81.2755 -94.6965 53.6911 100.8623 -89.3638 67.7465 101.0786 -94.6275 67.4657
3 43 100.8623 -89.3638 67.7465 115.1157 -89.2928 74.2588 101.0786 -94.6275 67.4657
3 43 101.0786 -94.6275 67.4657 115.1157 -89.2928 74.2588 115.3257 -94.4186 74.0838
3 43 101.5491 -101.395 65.9554 101.0786 -94.6275 67.4657 115.899 -101.3426 73.0732
3 43 115.899 -101.3426 73.0732 101.0786 -94.6275 67.4657 115.3257 -94.4186 74.0838
3 43 81.2755 -94.6965 53.6911 101.0786 -94.6275 67.4657 84.0303 -101.395 52.3127
3 43 84.0303 -101.395 52.3127 101.0786 -94.6275 67.4657 101.5491 -101.395 65.9554
3 43 60.8003 -94.9984 10 62.7336 -95.5502 24.6535 65.9464 -101.395 10
3 43 65.9464 -101.395 10 62.7336 -95.5502 24.6535 67.5296 -101.395 23.6847
3 43 62.7336 -95.5502 24.6535 67.9966 -95.0963 37.8719 67.5296 -101.395 23.6847
3 43 67.5296 -101.395 23.6847 67.9966 -95.0963 37.8719 72.1607 -101.395 36.4837
3 43 84.0303 -101.395 52.3127 72.1607 -101.395 36.4837 81.2755 -94.6965 53.6911
3 43 81.2755 -94.6965 53.6911 72.1607 -101.395 36.4837 67.9966 -95.0963 37.8719
3 43 121.8402 -95.1155 79.2864 122.5106 -101.395 77.2248 122.601 -94.6082 76.9467
3 43 122.601 -94.6082 76.9467 122.5106 -101.395 77.2248 122.9275 -101.395 75.9429
3 43 30 -45.0961 31.9052 30 -40.1203 10 30 -40.0174 30
3 43 30 -40.0174 30 -10 -14.8298 30 1.7452 -33.8283 30
3 43 1.7452 -33.8283 30 -10 -14.8298 30 -12.7462 -16.8809 30
3 43 -9.9993 -14.5515 19.5045 -10 0 30 -9.9993 -14.5515 10
3 43 -9.9993 -14.5515 10 -10 0 30 -10 0 -10
3 43 -10 0 -10 -10 0 30 -7 0 -7
3 43 -7 0 -7 -10 0 30 -7 0 27
3 43 -9.9993 -14.5515 19.5045 -10 -14.8298 30 -10 0 30
3 43 30 -40.0174 30 30 0 30 -10 -14.8298 30
3 43 -10 -14.8298 30 30 0 30 -10 0 30
3 43 30 0 -10 30 0 30 30 -40.1203 10
3 43 30 -40.1203 10 30 0 30 30 -40.0174 30
3 43 27 0 27 30 0 30 27 0 -7
3 43 27 0 -7 30 0 30 30 0 -10
3 43 -10 0 30 30 0 30 -7 0 27
3 43 -7 0 27 30 0 30 27 0 27
3 43 115.3695 -101.395 74.2392 101.1842 -101.395 67.3376 115.899 -101.3426 73.0732
3 43 115.899 -101.3426 73.0732 101.1842 -101.395 67.3376 101.5491 -101.395 65.9554
3 43 101.5491 -101.395 65.9554 101.1842 -101.395 67.3376 84.0303 -101.395 52.3127
3 43 84.0303 -101.395 52.3127 101.1842 -101.395 67.3376 82.6599 -101.395 53.0998
3 43 67.5296 -101.395 23.6847 64.2716 -101.395 19.8055 65.9464 -101.395 10
3 43 65.9464 -101.395 10 64.2716 -101.395 19.8055 64.0655 -101.395 10
3 43 72.1607 -101.395 36.4837 66.363 -101.3289 30.1744 67.5296 -101.395 23.6847
3 43 67.5296 -101.395 23.6847 66.363 -101.3289 30.1744 64.2716 -101.395 19.8055
3 43 66.363 -101.3289 30.1744 72.1607 -101.395 36.4837 82.6599 -101.395 53.0998
3 43 82.6599 -101.395 53.0998 72.1607 -101.395 36.4837 84.0303 -101.395 52.3127
3 43 116.4706 -83.895 82.724 118.6952 -82.5356 83.798 115.5208 -80.3492 82.9426
3 43 118.6952 -82.5356 83.798 118.5282 -79.7387 84.1573 115.5208 -80.3492 82.9426
3 43 95.3409 -83.4312 73.5697 96.7914 -83.895 74.1798 97.0327 -80.6852 74.9642
3 43 95.3409 -83.4312 73.5697 97.0327 -80.6852 74.9642 94.4422 -82.25 73.3836
3 43 97.0327 -80.6852 74.9642 96.7914 -83.895 74.1798 105.7164 -80.4765 78.9151
3 43 105.7164 -80.4765 78.9151 96.7914 -83.895 74.1798 106.8384 -83.8788 78.8257
3 43 105.7164 -80.4765 78.9151 106.8384 -83.8788 78.8257 115.5208 -80.3492 82.9426
3 43 115.5208 -80.3492 82.9426 106.8384 -83.8788 78.8257 116.4706 -83.895 82.724
3 43 89.4125 -59.2951 74.8524 86.4684 -56.8839 73.84 86.0837 -59.2851 73.4732
3 43 88.4329 -55.93 74.6944 86.4684 -56.8839 73.84 89.4125 -59.2951 74.8524
3 43 108.0936 -55.9295 82.1132 107.6301 -58.8043 81.8423 109.7456 -56.5376 82.6547
3 43 92.715 -68.698 74.9945 89.4125 -59.2951 74.8524 89.6059 -68.8692 73.5759
3 43 89.6059 -68.8692 73.5759 89.4125 -59.2951 74.8524 86.0837 -59.2851 73.4732
3 43 97.6424 -55.9395 78.2586 98.6447 -59.0495 78.5121 108.0936 -55.9295 82.1132
3 43 108.0936 -55.9295 82.1132 98.6447 -59.0495 78.5121 107.6301 -58.8043 81.8423
3 43 114.6212 -68.9417 83.8281 110.4612 -57.575 82.8962 111.2875 -68.9797 82.5558
3 43 111.2875 -68.9797 82.5558 110.4612 -57.575 82.8962 107.6301 -58.8043 81.8423
3 43 88.4329 -55.93 74.6944 89.4125 -59.2951 74.8524 97.6424 -55.9395 78.2586
3 43 97.6424 -55.9395 78.2586 89.4125 -59.2951 74.8524 98.6447 -59.0495 78.5121
3 43 118.5282 -79.7387 84.1573 114.6212 -68.9417 83.8281 115.5208 -80.3492 82.9426
3 43 115.5208 -80.3492 82.9426 114.6212 -68.9417 83.8281 111.2875 -68.9797 82.5558
3 43 97.0327 -80.6852 74.9642 92.715 -68.698 74.9945 94.4422 -82.25 73.3836
3 43 94.4422 -82.25 73.3836 92.715 -68.698 74.9945 89.6059 -68.8692 73.5759
3 43 92.715 -68.698 74.9945 97.0327 -80.6852 74.9642 101.9246 -68.7995 78.8773
3 43 101.9246 -68.7995 78.8773 97.0327 -80.6852 74.9642 105.7164 -80.4765 78.9151
3 43 101.9246 -68.7995 78.8773 105.7164 -80.4765 78.9151 111.2875 -68.9797 82.5558
3 43 111.2875 -68.9797 82.5558 105.7164 -80.4765 78.9151 115.5208 -80.3492 82.9426
3 43 98.6447 -59.0495 78.5121 101.9246 -68.7995 78.8773 107.6301 -58.8043 81.8423
3 43 107.6301 -58.8043 81.8423 101.9246 -68.7995 78.8773 111.2875 -68.9797 82.5558
3 43 89.4125 -59.2951 74.8524 92.715 -68.698 74.9945 98.6447 -59.0495 78.5121
3 43 98.6447 -59.0495 78.5121 92.715 -68.698 74.9945 101.9246 -68.7995 78.8773
3 43 85.6008 -80.2483 69.3342 86.6532 -83.895 68.8993 88.7815 -82.7067 70.3751
3 43 88.7815 -82.7067 70.3751 88.9734 -80.5309 71.0048 85.6008 -80.2483 69.3342
3 43 77.2259 -59.4385 69.6867 79.1438 -55.9886 70.9167 76.8195 -56.0571 69.9727
3 43 80.6062 -57.471 71.3687 79.1438 -55.9886 70.9167 77.2259 -59.4385 69.6867
3 43 77.2259 -59.4385 69.6867 81.3863 -69.3464 69.6912 80.6062 -57.471 71.3687
3 43 80.6062 -57.471 71.3687 81.3863 -69.3464 69.6912 84.7221 -68.7797 71.3006
3 43 51.72 -61.4345 55.7112 50.0953 -63.1229 53.8254 54.1562 -65.0532 55.6634
3 43 54.1562 -65.0532 55.6634 50.0953 -63.1229 53.8254 50.6267 -65.4666 53.0012
3 43 67.3329 -80.8622 57.7106 67.2066 -83.7456 56.0994 68.0579 -83.895 56.6942
3 43 50.6267 -65.4666 53.0012 59.0155 -74.9478 54.3785 54.1562 -65.0532 55.6634
3 43 54.1562 -65.0532 55.6634 59.0155 -74.9478 54.3785 61.0648 -73.2778 56.7457
3 43 67.3329 -80.8622 57.7106 68.0579 -83.895 56.6942 75.4884 -80.4786 63.3943
3 43 75.4884 -80.4786 63.3943 68.0579 -83.895 56.6942 77.433 -83.909 63.4499
3 43 86.6532 -83.895 68.8993 85.6008 -80.2483 69.3342 77.433 -83.909 63.4499
3 43 77.433 -83.909 63.4499 85.6008 -80.2483 69.3342 75.4884 -80.4786 63.3943
3 43 77.2259 -59.4385 69.6867 76.8195 -56.0571 69.9727 64.7282 -61.9888 63.0734
3 43 64.7282 -61.9888 63.0734 76.8195 -56.0571 69.9727 63.0786 -59.0237 63.0585
3 43 51.72 -61.4345 55.7112 54.1562 -65.0532 55.6634 63.0786 -59.0237 63.0585
3 43 63.0786 -59.0237 63.0585 54.1562 -65.0532 55.6634 64.7282 -61.9888 63.0734
3 43 61.0648 -73.2778 56.7457 67.3329 -80.8622 57.7106 70.2281 -71.4679 63.2461
3 43 70.2281 -71.4679 63.2461 67.3329 -80.8622 57.7106 75.4884 -80.4786 63.3943
3 43 85.6008 -80.2483 69.3342 81.3863 -69.3464 69.6912 75.4884 -80.4786 63.3943
3 43 75.4884 -80.4786 63.3943 81.3863 -69.3464 69.6912 70.2281 -71.4679 63.2461
3 43 81.3863 -69.3464 69.6912 77.2259 -59.4385 69.6867 70.2281 -71.4679 63.2461
3 43 70.2281 -71.4679 63.2461 77.2259 -59.4385 69.6867 64.7282 -61.9888 63.0734
3 43 54.1562 -65.0532 55.6634 61.0648 -73.2778 56.7457 64.7282 -61.9888 63.0734
3 43 64.7282 -61.9888 63.0734 61.0648 -73.2778 56.7457 70.2281 -71.4679 63.2461
3 43 81.3863 -69.3464 69.6912 85.6008 -80.2483 69.3342 84.7221 -68.7797 71.3006
3 43 84.7221 -68.7797 71.3006 85.6008 -80.2483 69.3342 88.9734 -80.5309 71.0048
3 43 66.1951 -83.0614 55.6517 67.3329 -80.8622 57.7106 59.0155 -74.9478 54.3785
3 43 59.0155 -74.9478 54.3785 67.3329 -80.8622 57.7106 61.0648 -73.2778 56.7457
3 43 56.3289 -80.5697 48.5883 58.5337 -83.895 48.1895 59.8537 -82.5955 50.4488
3 43 59.8537 -82.5955 50.4488 58.7845 -80.1608 51.1133 56.3289 -80.5697 48.5883
3 43 42.3268 -82.0882 12.4141 43.5544 -83.4798 13.3381 41.915 -81.601 15.6758
3 43 41.915 -81.601 15.6758 43.5544 -83.4798 13.3381 43.9331 -83.895 15.3665
3 43 44.2082 -66.0822 47.5922 44.1248 -64.0501 48.8052 42.7372 -63.9197 47.7223
3 43 45.4329 -64.9542 49.3027 44.1248 -64.0501 48.8052 44.2082 -66.0822 47.5922
3 43 26.2112 -63.9104 12.4124 28.4827 -66.42 12.4124 26.2905 -63.9001 15.9276
3 43 26.2905 -63.9001 15.9276 28.4827 -66.42 12.4124 28.5921 -66.501 15.9284
3 43 35.2464 -74.0502 15.8119 35.3889 -74.2536 12.4362 41.915 -81.601 15.6758
3 43 41.915 -81.601 15.6758 35.3889 -74.2536 12.4362 42.3268 -82.0882 12.4141
3 43 58.7845 -80.1608 51.1133 52.0727 -72.4802 50.199 56.3289 -80.5697 48.5883
3 43 56.3289 -80.5697 48.5883 52.0727 -72.4802 50.199 50.1316 -73.1787 48.0883
3 43 39.8981 -66.5326 43.303 37.9058 -63.9557 43.4504 33.0052 -66.58 33.6214
3 43 33.0052 -66.58 33.6214 37.9058 -63.9557 43.4504 30.7861 -63.904 33.8489
3 43 26.7372 -63.8767 22.5762 29.0295 -66.5917 22.4091 30.7861 -63.904 33.8489
3 43 30.7861 -63.904 33.8489 29.0295 -66.5917 22.4091 33.0052 -66.58 33.6214
3 43 52.8339 -83.8883 41.921 51.2714 -81.2517 42.677 47.3115 -83.9253 32.5348
3 43 47.3115 -83.9253 32.5348 51.2714 -81.2517 42.677 45.1764 -81.3514 32.7003
3 43 41.8261 -81.3647 21.5215 44.0752 -83.9346 21.3633 45.1764 -81.3514 32.7003
3 43 45.1764 -81.3514 32.7003 44.0752 -83.9346 21.3633 47.3115 -83.9253 32.5348
3 43 38.9409 -73.8267 33.1811 45.1764 -81.3514 32.7003 45.4444 -73.752 43.0136
3 43 45.4444 -73.752 43.0136 45.1764 -81.3514 32.7003 51.2714 -81.2517 42.677
3 43 45.1764 -81.3514 32.7003 38.9409 -73.8267 33.1811 41.8261 -81.3647 21.5215
3 43 41.8261 -81.3647 21.5215 38.9409 -73.8267 33.1811 35.2867 -73.8261 21.9756
3 43 26.2905 -63.9001 15.9276 28.5921 -66.501 15.9284 26.7372 -63.8767 22.5762
3 43 26.7372 -63.8767 22.5762 28.5921 -66.501 15.9284 29.0295 -66.5917 22.4091
3 43 43.9331 -83.895 15.3665 44.0752 -83.9346 21.3633 41.915 -81.601 15.6758
3 43 41.915 -81.601 15.6758 44.0752 -83.9346 21.3633 41.8261 -81.3647 21.5215
3 43 35.2867 -73.8261 21.9756 35.2464 -74.0502 15.8119 41.8261 -81.3647 21.5215
3 43 41.8261 -81.3647 21.5215 35.2464 -74.0502 15.8119 41.915 -81.601 15.6758
3 43 28.5921 -66.501 15.9284 28.4827 -66.42 12.4124 35.2464 -74.0502 15.8119
3 43 35.2464 -74.0502 15.8119 28.4827 -66.42 12.4124 35.3889 -74.2536 12.4362
3 43 29.0295 -66.5917 22.4091 28.5921 -66.501 15.9284 35.2867 -73.8261 21.9756
3 43 35.2867 -73.8261 21.9756 28.5921 -66.501 15.9284 35.2464 -74.0502 15.8119
3 43 38.9409 -73.8267 33.1811 33.0052 -66.58 33.6214 35.2867 -73.8261 21.9756
3 43 35.2867 -73.8261 21.9756 33.0052 -66.58 33.6214 29.0295 -66.5917 22.4091
3 43 45.4444 -73.752 43.0136 39.8981 -66.5326 43.303 38.9409 -73.8267 33.1811
3 43 38.9409 -73.8267 33.1811 39.8981 -66.5326 43.303 33.0052 -66.58 33.6214
3 43 52.0727 -72.4802 50.199 45.4329 -64.9542 49.3027 50.1316 -73.1787 48.0883
3 43 50.1316 -73.1787 48.0883 45.4329 -64.9542 49.3027 44.2082 -66.0822 47.5922
3 43 67.2066 -83.7456 56.0994 66.1951 -83.0614 55.6517 67.0686 -83.8101 52.5186
3 43 67.0686 -83.8101 52.5186 66.1951 -83.0614 55.6517 66.162 -83.025 52.1234
3 43 68.0579 -83.895 56.6942 67.2066 -83.7456 56.0994 68.0683 -83.895 53.2914
3 43 68.0683 -83.895 53.2914 67.2066 -83.7456 56.0994 67.0686 -83.8101 52.5186
3 43 88.9734 -80.5309 71.0048 88.7815 -82.7067 70.3751 88.9879 -80.4999 68.1809
3 43 88.9879 -80.4999 68.1809 88.7815 -82.7067 70.3751 88.9459 -82.6486 67.5789
3 43 88.7815 -82.7067 70.3751 86.6532 -83.895 68.8993 88.9459 -82.6486 67.5789
3 43 88.9459 -82.6486 67.5789 86.6532 -83.895 68.8993 86.6539 -83.895 65.9593
3 43 78.8481 -83.9772 61.1691 86.6539 -83.895 65.9593 77.433 -83.909 63.4499
3 43 77.433 -83.909 63.4499 86.6539 -83.895 65.9593 86.6532 -83.895 68.8993
3 43 68.0683 -83.895 53.2914 78.8481 -83.9772 61.1691 68.0579 -83.895 56.6942
3 43 68.0579 -83.895 56.6942 78.8481 -83.9772 61.1691 77.433 -83.909 63.4499
3 43 50.6234 -65.4621 49.6167 58.5464 -74.4176 50.9305 50.6267 -65.4666 53.0012
3 43 50.6267 -65.4666 53.0012 58.5464 -74.4176 50.9305 59.0155 -74.9478 54.3785
3 43 50.6234 -65.4621 49.6167 50.6267 -65.4666 53.0012 50.1376 -62.6023 50.8604
3 43 50.1376 -62.6023 50.8604 50.6267 -65.4666 53.0012 50.0953 -63.1229 53.8254
3 43 50.1376 -62.6023 50.8604 50.0953 -63.1229 53.8254 51.9742 -61.3659 52.7893
3 43 51.9742 -61.3659 52.7893 50.0953 -63.1229 53.8254 51.72 -61.4345 55.7112
3 43 63.0786 -59.0237 63.0585 65.1345 -58.5638 61.3312 51.72 -61.4345 55.7112
3 43 51.72 -61.4345 55.7112 65.1345 -58.5638 61.3312 51.9742 -61.3659 52.7893
3 43 77.7321 -55.8818 67.6406 65.1345 -58.5638 61.3312 76.8195 -56.0571 69.9727
3 43 76.8195 -56.0571 69.9727 65.1345 -58.5638 61.3312 63.0786 -59.0237 63.0585
3 43 77.7321 -55.8818 67.6406 76.8195 -56.0571 69.9727 79.5665 -56.1173 68.4059
3 43 79.5665 -56.1173 68.4059 76.8195 -56.0571 69.9727 79.1438 -55.9886 70.9167
3 43 79.5665 -56.1173 68.4059 79.1438 -55.9886 70.9167 80.6132 -57.4902 68.6662
3 43 80.6132 -57.4902 68.6662 79.1438 -55.9886 70.9167 80.6062 -57.471 71.3687
3 43 85.0156 -69.5861 68.5433 80.6132 -57.4902 68.6662 84.7221 -68.7797 71.3006
3 43 84.7221 -68.7797 71.3006 80.6132 -57.4902 68.6662 80.6062 -57.471 71.3687
3 43 88.9879 -80.4999 68.1809 85.0156 -69.5861 68.5433 88.9734 -80.5309 71.0048
3 43 88.9734 -80.5309 71.0048 85.0156 -69.5861 68.5433 84.7221 -68.7797 71.3006
3 43 95.3409 -83.4312 73.5697 94.4422 -82.25 73.3836 95.2361 -83.6419 70.7292
3 43 95.2361 -83.6419 70.7292 94.4422 -82.25 73.3836 94.4076 -82.2831 70.5108
3 43 96.7914 -83.895 74.1798 95.3409 -83.4312 73.5697 96.8305 -83.9179 71.351
3 43 96.8305 -83.9179 71.351 95.3409 -83.4312 73.5697 95.2361 -83.6419 70.7292
3 43 118.6952 -82.5356 83.798 116.4706 -83.895 82.724 118.8539 -82.1967 81.2332
3 43 118.8539 -82.1967 81.2332 116.4706 -83.895 82.724 116.4784 -83.8943 80.0417
3 43 118.2064 -78.8547 81.5214 118.5282 -79.7387 84.1573 118.8539 -82.1967 81.2332
3 43 118.8539 -82.1967 81.2332 118.5282 -79.7387 84.1573 118.6952 -82.5356 83.798
3 43 114.6701 -69.1389 81.1442 114.6212 -68.9417 83.8281 118.2064 -78.8547 81.5214
3 43 118.2064 -78.8547 81.5214 114.6212 -68.9417 83.8281 118.5282 -79.7387 84.1573
3 43 110.4682 -57.5943 80.3035 110.4612 -57.575 82.8962 114.6701 -69.1389 81.1442
3 43 114.6701 -69.1389 81.1442 110.4612 -57.575 82.8962 114.6212 -68.9417 83.8281
3 43 109.654 -56.4029 79.9504 109.7456 -56.5376 82.6547 110.4682 -57.5943 80.3035
3 43 110.4682 -57.5943 80.3035 109.7456 -56.5376 82.6547 110.4612 -57.575 82.8962
3 43 108.1492 -55.931 79.4652 108.0936 -55.9295 82.1132 109.654 -56.4029 79.9504
3 43 109.654 -56.4029 79.9504 108.0936 -55.9295 82.1132 109.7456 -56.5376 82.6547
3 43 98.3118 -55.93 75.8173 97.6424 -55.9395 78.2586 108.1492 -55.931 79.4652
3 43 108.1492 -55.931 79.4652 97.6424 -55.9395 78.2586 108.0936 -55.9295 82.1132
3 43 88.4141 -55.9321 72.0279 88.4329 -55.93 74.6944 98.3118 -55.93 75.8173
3 43 98.3118 -55.93 75.8173 88.4329 -55.93 74.6944 97.6424 -55.9395 78.2586
3 43 86.3966 -56.8058 71.1671 86.4684 -56.8839 73.84 88.4141 -55.9321 72.0279
3 43 88.4141 -55.9321 72.0279 86.4684 -56.8839 73.84 88.4329 -55.93 74.6944
3 43 86.0847 -59.3193 70.7463 86.0837 -59.2851 73.4732 86.3966 -56.8058 71.1671
3 43 86.3966 -56.8058 71.1671 86.0837 -59.2851 73.4732 86.4684 -56.8839 73.84
3 43 89.6593 -69.1801 70.7692 89.6059 -68.8692 73.5759 86.0847 -59.3193 70.7463
3 43 86.0847 -59.3193 70.7463 89.6059 -68.8692 73.5759 86.0837 -59.2851 73.4732
3 43 94.4076 -82.2831 70.5108 94.4422 -82.25 73.3836 89.6593 -69.1801 70.7692
3 43 89.6593 -69.1801 70.7692 94.4422 -82.25 73.3836 89.6059 -68.8692 73.5759
3 43 43.9331 -83.895 15.3665 43.5544 -83.4798 13.3381 45.8377 -82.2746 15.3098
3 43 45.8377 -82.2746 15.3098 43.5544 -83.4798 13.3381 45.3555 -81.7444 13.0546
3 43 43.5544 -83.4798 13.3381 42.3268 -82.0882 12.4141 45.3555 -81.7444 13.0546
3 43 45.3555 -81.7444 13.0546 42.3268 -82.0882 12.4141 44.0641 -80.2866 12.4126
3 43 37.2868 -72.6735 12.4125 44.0641 -80.2866 12.4126 35.3889 -74.2536 12.4362
3 43 35.3889 -74.2536 12.4362 44.0641 -80.2866 12.4126 42.3268 -82.0882 12.4141
3 43 28.4827 -66.42 12.4124 30.308 -64.7413 12.4124 35.3889 -74.2536 12.4362
3 43 35.3889 -74.2536 12.4362 30.308 -64.7413 12.4124 37.2868 -72.6735 12.4125
3 43 28.4827 -66.42 12.4124 26.2112 -63.9104 12.4124 30.308 -64.7413 12.4124
3 43 30.308 -64.7413 12.4124 26.2112 -63.9104 12.4124 28.0391 -62.2323 12.447
3 43 28.0391 -62.2323 12.447 26.2112 -63.9104 12.4124 28.0709 -62.2132 15.5645
3 43 28.0709 -62.2132 15.5645 26.2112 -63.9104 12.4124 26.2905 -63.9001 15.9276
3 43 28.0709 -62.2132 15.5645 26.2905 -63.9001 15.9276 28.6313 -62.1496 22.1998
3 43 28.6313 -62.1496 22.1998 26.2905 -63.9001 15.9276 26.7372 -63.8767 22.5762
3 43 26.7372 -63.8767 22.5762 30.7861 -63.904 33.8489 28.6313 -62.1496 22.1998
3 43 28.6313 -62.1496 22.1998 30.7861 -63.904 33.8489 32.7246 -62.0801 33.3077
3 43 32.7246 -62.0801 33.3077 30.7861 -63.904 33.8489 38.3778 -62.1454 39.8438
3 43 38.3778 -62.1454 39.8438 30.7861 -63.904 33.8489 37.9058 -63.9557 43.4504
3 43 44.031 -62.2106 46.3798 42.7372 -63.9197 47.7223 45.3798 -62.5061 47.2752
3 43 45.3798 -62.5061 47.2752 42.7372 -63.9197 47.7223 44.1248 -64.0501 48.8052
3 43 45.3798 -62.5061 47.2752 44.1248 -64.0501 48.8052 46.5563 -63.4681 47.5692
3 43 46.5563 -63.4681 47.5692 44.1248 -64.0501 48.8052 45.4329 -64.9542 49.3027
3 43 52.0727 -72.4802 50.199 53.2608 -71.0536 48.4754 45.4329 -64.9542 49.3027
3 43 45.4329 -64.9542 49.3027 53.2608 -71.0536 48.4754 46.5563 -63.4681 47.5692
3 43 60.8212 -79.7121 49.5029 53.2608 -71.0536 48.4754 58.7845 -80.1608 51.1133
3 43 58.7845 -80.1608 51.1133 53.2608 -71.0536 48.4754 52.0727 -72.4802 50.199
3 43 58.7845 -80.1608 51.1133 59.8537 -82.5955 50.4488 60.8212 -79.7121 49.5029
3 43 60.8212 -79.7121 49.5029 59.8537 -82.5955 50.4488 62.2224 -82.4741 49.0925
3 43 62.2224 -82.4741 49.0925 59.8537 -82.5955 50.4488 61.2832 -83.8904 46.932
3 43 61.2832 -83.8904 46.932 59.8537 -82.5955 50.4488 58.5337 -83.895 48.1895
3 43 44.0752 -83.9346 21.3633 43.9331 -83.895 15.3665 46.6119 -82.7869 20.9796
3 43 46.6119 -82.7869 20.9796 43.9331 -83.895 15.3665 45.8377 -82.2746 15.3098
3 43 50.1825 -83.3642 31.662 47.3115 -83.9253 32.5348 46.6119 -82.7869 20.9796
3 43 46.6119 -82.7869 20.9796 47.3115 -83.9253 32.5348 44.0752 -83.9346 21.3633
3 43 55.7329 -83.6273 39.297 52.8339 -83.8883 41.921 50.1825 -83.3642 31.662
3 43 50.1825 -83.3642 31.662 52.8339 -83.8883 41.921 47.3115 -83.9253 32.5348
3 43 64.2716 -101.395 19.8055 57.297 -94.7003 20.1139 64.0655 -101.395 10
3 43 64.0655 -101.395 10 57.297 -94.7003 20.1139 56.9904 -94.6048 10
3 43 66.363 -101.3289 30.1744 59.4875 -94.5478 30.5712 64.2716 -101.395 19.8055
3 43 64.2716 -101.395 19.8055 59.4875 -94.5478 30.5712 57.297 -94.7003 20.1139
3 43 59.4875 -94.5478 30.5712 66.363 -101.3289 30.1744 71.2518 -94.6957 48.389
3 43 71.2518 -94.6957 48.389 66.363 -101.3289 30.1744 82.6599 -101.395 53.0998
3 43 82.6599 -101.395 53.0998 84.4204 -94.608 59.8464 71.2518 -94.6957 48.389
3 43 115.3695 -101.395 74.2392 114.3882 -94.9531 76.3376 101.1842 -101.395 67.3376
3 43 101.1842 -101.395 67.3376 114.3882 -94.9531 76.3376 98.4215 -94.6419 68.8741
3 43 82.6599 -101.395 53.0998 101.1842 -101.395 67.3376 84.4204 -94.608 59.8464
3 43 84.4204 -94.608 59.8464 101.1842 -101.395 67.3376 98.4215 -94.6419 68.8741
3 43 57.297 -94.7003 20.1139 50.2191 -86.9596 20.3886 56.9904 -94.6048 10
3 43 56.9904 -94.6048 10 50.2191 -86.9596 20.3886 49.8006 -86.7621 10
3 43 59.4875 -94.5478 30.5712 52.5097 -86.7285 30.8209 57.297 -94.7003 20.1139
3 43 57.297 -94.7003 20.1139 52.5097 -86.7285 30.8209 50.2191 -86.9596 20.3886
3 43 52.5097 -86.7285 30.8209 59.4875 -94.5478 30.5712 65.8289 -87.1606 48.9845
3 43 65.8289 -87.1606 48.9845 59.4875 -94.5478 30.5712 71.2518 -94.6957 48.389
3 43 84.4204 -94.608 59.8464 80.3866 -87.0935 60.6312 71.2518 -94.6957 48.389
3 43 71.2518 -94.6957 48.389 80.3866 -87.0935 60.6312 65.8289 -87.1606 48.9845
3 43 80.3866 -87.0935 60.6312 84.4204 -94.608 59.8464 95.7345 -87.089 69.974
3 43 95.7345 -87.089 69.974 84.4204 -94.608 59.8464 98.4215 -94.6419 68.8741
3 43 114.3882 -94.9531 76.3376 113.0318 -88.2244 77.6553 98.4215 -94.6419 68.8741
3 43 98.4215 -94.6419 68.8741 113.0318 -88.2244 77.6553 95.7345 -87.089 69.974
3 43 107.5726 -83.895 76.4393 116.4784 -83.8943 80.0417 106.8384 -83.8788 78.8257
3 43 106.8384 -83.8788 78.8257 116.4784 -83.8943 80.0417 116.4706 -83.895 82.724
3 43 96.8305 -83.9179 71.351 107.5726 -83.895 76.4393 96.7914 -83.895 74.1798
3 43 96.7914 -83.895 74.1798 107.5726 -83.895 76.4393 106.8384 -83.8788 78.8257
3 43 -15.6555 -17.7284 23.3241 -17.5043 -19.4109 10 -0.4442 -35.3067 22.4156
3 43 -0.4442 -35.3067 22.4156 -17.5043 -19.4109 10 -0.8655 -36.4869 10
3 43 -15.6555 -17.7284 23.3241 -0.4442 -35.3067 22.4156 -12.7462 -16.8809 30
3 43 -12.7462 -16.8809 30 -0.4442 -35.3067 22.4156 1.7452 -33.8283 30
3 43 118.2064 -78.8547 81.5214 120.7354 -76.6189 82.6841 114.6701 -69.1389 81.1442
3 43 114.6701 -69.1389 81.1442 120.7354 -76.6189 82.6841 120.0557 -53.657 83.5848
3 43 120.0557 -53.657 83.5848 110.4682 -57.5943 80.3035 114.6701 -69.1389 81.1442
3 43 109.654 -56.4029 79.9504 110.4682 -57.5943 80.3035 114.4893 -51.078 81.7569
3 43 114.4893 -51.078 81.7569 110.4682 -57.5943 80.3035 120.0557 -53.657 83.5848
3 43 108.261 -46.1982 79.686 108.1492 -55.931 79.4652 114.4893 -51.078 81.7569
3 43 114.4893 -51.078 81.7569 108.1492 -55.931 79.4652 109.654 -56.4029 79.9504
3 43 114.4893 -51.078 81.7569 118.1518 -47.7197 83.1339 112.8701 -45.9484 81.3485
3 43 114.4893 -51.078 81.7569 120.0557 -53.657 83.5848 118.1518 -47.7197 83.1339
3 43 95.0917 -47.4119 75.043 98.3118 -55.93 75.8173 108.261 -46.1982 79.686
3 43 108.261 -46.1982 79.686 98.3118 -55.93 75.8173 108.1492 -55.931 79.4652
3 43 51.9742 -61.3659 52.7893 65.1345 -58.5638 61.3312 46.1709 -50.5235 53.8793
3 43 46.1709 -50.5235 53.8793 65.1345 -58.5638 61.3312 72.4893 -49.1864 66.2092
3 43 72.4893 -49.1864 66.2092 65.1345 -58.5638 61.3312 77.7321 -55.8818 67.6406
3 43 25.1867 -50.0365 39.695 32.7246 -62.0801 33.3077 38.3778 -62.1454 39.8438
3 43 28.6313 -62.1496 22.1998 32.7246 -62.0801 33.3077 18.7369 -48.9231 33.2107
3 43 18.7369 -48.9231 33.2107 32.7246 -62.0801 33.3077 25.1867 -50.0365 39.695
3 43 114.4893 -51.078 81.7569 112.8701 -45.9484 81.3485 108.261 -46.1982 79.686
3 43 98.3118 -55.93 75.8173 95.0917 -47.4119 75.043 88.4141 -55.9321 72.0279
3 43 88.4141 -55.9321 72.0279 95.0917 -47.4119 75.043 72.4893 -49.1864 66.2092
3 43 121.8402 -95.1155 79.2864 121.3519 -88.9988 80.7882 114.3882 -94.9531 76.3376
3 43 114.3882 -94.9531 76.3376 121.3519 -88.9988 80.7882 113.0318 -88.2244 77.6553
3 43 122.5106 -101.395 77.2248 121.8402 -95.1155 79.2864 115.3695 -101.395 74.2392
3 43 115.3695 -101.395 74.2392 121.8402 -95.1155 79.2864 114.3882 -94.9531 76.3376
3 43 122.5106 -101.395 77.2248 115.3695 -101.395 74.2392 122.9275 -101.395 75.9429
3 43 122.9275 -101.395 75.9429 115.3695 -101.395 74.2392 115.899 -101.3426 73.0732
3 43 115.3257 -94.4186 74.0838 122.601 -94.6082 76.9467 115.899 -101.3426 73.0732
3 43 115.899 -101.3426 73.0732 122.601 -94.6082 76.9467 122.9275 -101.395 75.9429
3 43 122.513 -88.821 77.2175 122.601 -94.6082 76.9467 115.1157 -89.2928 74.2588
3 43 115.1157 -89.2928 74.2588 122.601 -94.6082 76.9467 115.3257 -94.4186 74.0838
3 43 121.8943 -76.3637 79.12 122.513 -88.821 77.2175 114.5368 -76.9203 76.2736
3 43 114.5368 -76.9203 76.2736 122.513 -88.821 77.2175 115.1157 -89.2928 74.2588
3 43 121.3842 -52.8813 80.149 121.8943 -76.3637 79.12 114.2241 -60.3745 77.4762
3 43 114.2241 -60.3745 77.4762 121.8943 -76.3637 79.12 114.5368 -76.9203 76.2736
3 43 118.8539 -82.1967 81.2332 116.4784 -83.8943 80.0417 121.3519 -88.9988 80.7882
3 43 121.3519 -88.9988 80.7882 116.4784 -83.8943 80.0417 113.0318 -88.2244 77.6553
3 43 118.2064 -78.8547 81.5214 118.8539 -82.1967 81.2332 120.7354 -76.6189 82.6841
3 43 120.7354 -76.6189 82.6841 118.8539 -82.1967 81.2332 121.3519 -88.9988 80.7882
3 43 96.8305 -83.9179 71.351 95.7345 -87.089 69.974 107.5726 -83.895 76.4393
3 43 107.5726 -83.895 76.4393 95.7345 -87.089 69.974 113.0318 -88.2244 77.6553
3 43 113.0318 -88.2244 77.6553 116.4784 -83.8943 80.0417 107.5726 -83.895 76.4393
3 43 80.3866 -87.0935 60.6312 86.6539 -83.895 65.9593 78.8481 -83.9772 61.1691
3 43 85.0156 -69.5861 68.5433 88.9879 -80.4999 68.1809 89.6593 -69.1801 70.7692
3 43 89.6593 -69.1801 70.7692 88.9879 -80.4999 68.1809 94.4076 -82.2831 70.5108
3 43 80.6132 -57.4902 68.6662 85.0156 -69.5861 68.5433 86.0847 -59.3193 70.7463
3 43 86.0847 -59.3193 70.7463 85.0156 -69.5861 68.5433 89.6593 -69.1801 70.7692
3 43 96.8305 -83.9179 71.351 95.2361 -83.6419 70.7292 95.7345 -87.089 69.974
3 43 95.7345 -87.089 69.974 95.2361 -83.6419 70.7292 88.9459 -82.6486 67.5789
3 43 88.9459 -82.6486 67.5789 86.6539 -83.895 65.9593 95.7345 -87.089 69.974
3 43 95.7345 -87.089 69.974 86.6539 -83.895 65.9593 80.3866 -87.0935 60.6312
3 43 78.8481 -83.9772 61.1691 68.0683 -83.895 53.2914 80.3866 -87.0935 60.6312
3 43 80.3866 -87.0935 60.6312 68.0683 -83.895 53.2914 65.8289 -87.1606 48.9845
3 43 62.2224 -82.4741 49.0925 65.8289 -87.1606 48.9845 66.162 -83.025 52.1234
3 43 66.162 -83.025 52.1234 65.8289 -87.1606 48.9845 67.0686 -83.8101 52.5186
3 43 66.162 -83.025 52.1234 58.5464 -74.4176 50.9305 60.8212 -79.7121 49.5029
3 43 60.8212 -79.7121 49.5029 58.5464 -74.4176 50.9305 53.2608 -71.0536 48.4754
3 43 46.5563 -63.4681 47.5692 53.2608 -71.0536 48.4754 50.6234 -65.4621 49.6167
3 43 50.6234 -65.4621 49.6167 53.2608 -71.0536 48.4754 58.5464 -74.4176 50.9305
3 43 45.3798 -62.5061 47.2752 46.5563 -63.4681 47.5692 50.1376 -62.6023 50.8604
3 43 50.1376 -62.6023 50.8604 46.5563 -63.4681 47.5692 50.6234 -65.4621 49.6167
3 43 50.1825 -83.3642 31.662 52.5097 -86.7285 30.8209 55.7329 -83.6273 39.297
3 43 52.5097 -86.7285 30.8209 50.1825 -83.3642 31.662 50.2191 -86.9596 20.3886
3 43 50.2191 -86.9596 20.3886 50.1825 -83.3642 31.662 46.6119 -82.7869 20.9796
3 43 46.6119 -82.7869 20.9796 45.8377 -82.2746 15.3098 50.2191 -86.9596 20.3886
3 43 50.2191 -86.9596 20.3886 45.8377 -82.2746 15.3098 49.8006 -86.7621 10
3 43 28.0391 -62.2323 12.447 28.0709 -62.2132 15.5645 19.6414 -54.4706 10
3 43 19.6414 -54.4706 10 28.0709 -62.2132 15.5645 17.96 -52.4801 19.4601
3 43 19.6414 -54.4706 10 30.031 -64.4045 10 28.0391 -62.2323 12.447
3 43 28.0391 -62.2323 12.447 30.031 -64.4045 10 30.308 -64.7413 12.4124
3 43 37.2868 -72.6735 12.4125 30.308 -64.7413 12.4124 37.5494 -72.9185 10
3 43 37.5494 -72.9185 10 30.308 -64.7413 12.4124 30.031 -64.4045 10
3 43 44.0792 -80.2956 10 44.0641 -80.2866 12.4126 37.5494 -72.9185 10
3 43 37.5494 -72.9185 10 44.0641 -80.2866 12.4126 37.2868 -72.6735 12.4125
3 43 46.8313 -83.4075 10 45.3555 -81.7444 13.0546 44.0792 -80.2956 10
3 43 44.0792 -80.2956 10 45.3555 -81.7444 13.0546 44.0641 -80.2866 12.4126
3 43 49.8006 -86.7621 10 45.8377 -82.2746 15.3098 46.8313 -83.4075 10
3 43 46.8313 -83.4075 10 45.8377 -82.2746 15.3098 45.3555 -81.7444 13.0546
3 43 28.6313 -62.1496 22.1998 18.7369 -48.9231 33.2107 17.96 -52.4801 19.4601
3 43 17.96 -52.4801 19.4601 18.7369 -48.9231 33.2107 11.5973 -43.9791 30
3 43 11.5973 -43.9791 30 1.7452 -33.8283 30 -0.4442 -35.3067 22.4156
3 43 9.0263 -45.4853 10 9.3646 -45.1783 18.5273 -0.8655 -36.4869 10
3 43 -0.8655 -36.4869 10 9.3646 -45.1783 18.5273 -0.4442 -35.3067 22.4156
3 43 19.6414 -54.4706 10 17.96 -52.4801 19.4601 9.0263 -45.4853 10
3 43 9.0263 -45.4853 10 17.96 -52.4801 19.4601 9.3646 -45.1783 18.5273
3 43 9.3646 -45.1783 18.5273 11.5973 -43.9791 30 -0.4442 -35.3067 22.4156
3 43 17.96 -52.4801 19.4601 11.5973 -43.9791 30 9.3646 -45.1783 18.5273
3 43 17.96 -52.4801 19.4601 28.0709 -62.2132 15.5645 28.6313 -62.1496 22.1998
3 43 86.0847 -59.3193 70.7463 86.3966 -56.8058 71.1671 80.6132 -57.4902 68.6662
3 43 80.6132 -57.4902 68.6662 86.3966 -56.8058 71.1671 79.5665 -56.1173 68.4059
3 43 79.5665 -56.1173 68.4059 86.3966 -56.8058 71.1671 88.4141 -55.9321 72.0279
3 43 45.3798 -62.5061 47.2752 46.1709 -50.5235 53.8793 44.031 -62.2106 46.3798
3 43 46.1709 -50.5235 53.8793 34.1014 -50.5168 46.4874 44.031 -62.2106 46.3798
3 43 45.3798 -62.5061 47.2752 50.1376 -62.6023 50.8604 46.1709 -50.5235 53.8793
3 43 50.1376 -62.6023 50.8604 51.9742 -61.3659 52.7893 46.1709 -50.5235 53.8793
3 43 67.3329 -80.8622 57.7106 66.1951 -83.0614 55.6517 67.2066 -83.7456 56.0994
3 43 107.6301 -58.8043 81.8423 110.4612 -57.575 82.8962 109.7456 -56.5376 82.6547
3 43 65.8289 -87.1606 48.9845 68.0683 -83.895 53.2914 67.0686 -83.8101 52.5186
3 43 61.2832 -83.8904 46.932 65.8289 -87.1606 48.9845 62.2224 -82.4741 49.0925
3 43 60.8212 -79.7121 49.5029 62.2224 -82.4741 49.0925 66.162 -83.025 52.1234
3 43 66.1951 -83.0614 55.6517 59.0155 -74.9478 54.3785 66.162 -83.025 52.1234
3 43 66.162 -83.025 52.1234 59.0155 -74.9478 54.3785 58.5464 -74.4176 50.9305
3 43 95.2361 -83.6419 70.7292 94.4076 -82.2831 70.5108 88.9459 -82.6486 67.5789
3 43 88.9459 -82.6486 67.5789 94.4076 -82.2831 70.5108 88.9879 -80.4999 68.1809
3 43 25.1867 -50.0365 39.695 38.3778 -62.1454 39.8438 34.1014 -50.5168 46.4874
3 43 34.1014 -50.5168 46.4874 38.3778 -62.1454 39.8438 44.031 -62.2106 46.3798
3 43 42.7372 -63.9197 47.7223 44.031 -62.2106 46.3798 37.9058 -63.9557 43.4504
3 43 37.9058 -63.9557 43.4504 44.031 -62.2106 46.3798 38.3778 -62.1454 39.8438
3 43 44.2082 -66.0822 47.5922 42.7372 -63.9197 47.7223 39.8981 -66.5326 43.303
3 43 39.8981 -66.5326 43.303 42.7372 -63.9197 47.7223 37.9058 -63.9557 43.4504
3 43 50.1316 -73.1787 48.0883 44.2082 -66.0822 47.5922 45.4444 -73.752 43.0136
3 43 45.4444 -73.752 43.0136 44.2082 -66.0822 47.5922 39.8981 -66.5326 43.303
3 43 56.3289 -80.5697 48.5883 50.1316 -73.1787 48.0883 51.2714 -81.2517 42.677
3 43 51.2714 -81.2517 42.677 50.1316 -73.1787 48.0883 45.4444 -73.752 43.0136
3 43 58.5337 -83.895 48.1895 56.3289 -80.5697 48.5883 52.8339 -83.8883 41.921
3 43 52.8339 -83.8883 41.921 56.3289 -80.5697 48.5883 51.2714 -81.2517 42.677
3 43 61.2832 -83.8904 46.932 58.5337 -83.895 48.1895 55.7329 -83.6273 39.297
3 43 55.7329 -83.6273 39.297 58.5337 -83.895 48.1895 52.8339 -83.8883 41.921
3 43 52.5097 -86.7285 30.8209 65.8289 -87.1606 48.9845 55.7329 -83.6273 39.297
3 43 55.7329 -83.6273 39.297 65.8289 -87.1606 48.9845 61.2832 -83.8904 46.932
3 43 72.4893 -49.1864 66.2092 77.7321 -55.8818 67.6406 79.5665 -56.1173 68.4059
3 43 72.4893 -49.1864 66.2092 79.5665 -56.1173 68.4059 88.4141 -55.9321 72.0279
3 43 30 -40.1203 10 30.4623 -58.3137 10 30.2936 -56.4311 -4.4702
3 43 30.3163 -48.4039 -18.2645 30 -45.0961 -11.9051 30.2936 -56.4311 -4.4702
3 43 30.2936 -56.4311 -4.4702 30 -45.0961 -11.9051 30 -40.1203 10
3 43 30.2936 -56.4311 -4.4702 30.4623 -58.3137 10 40.5745 -67.3705 -7.6728
3 43 40.5745 -67.3705 -7.6728 30.4623 -58.3137 10 40.3975 -70.4564 10
3 43 30.3163 -48.4039 -18.2645 30.2936 -56.4311 -4.4702 38.5299 -48.9977 -24.9346
3 43 38.5299 -48.9977 -24.9346 30.2936 -56.4311 -4.4702 40.5745 -67.3705 -7.6728
3 43 11.5973 -43.9791 -10 30 -40.0174 -10 18.7369 -48.9231 -13.2107
3 43 18.7369 -48.9231 -13.2107 30 -40.0174 -10 30 -45.0961 -11.9051
3 43 18.7369 -48.9231 -13.2107 30 -45.0961 -11.9051 25.1867 -50.0365 -19.695
3 43 25.1867 -50.0365 -19.695 30 -45.0961 -11.9051 30.3163 -48.4039 -18.2645
3 43 -9.9993 -14.5515 0.4956 -10 -14.8298 -10 -15.6555 -17.7284 -3.3241
3 43 -15.6555 -17.7284 -3.3241 -10 -14.8298 -10 -12.7462 -16.8809 -10
3 43 -12.7462 -16.8809 -10 -10 -14.8298 -10 1.7452 -33.8283 -10
3 43 1.7452 -33.8283 -10 -10 -14.8298 -10 30 -40.0174 -10
3 43 -9.9993 -14.5515 10 -9.9993 -14.5515 0.4956 -17.5043 -19.4109 10
3 43 -17.5043 -19.4109 10 -9.9993 -14.5515 0.4956 -15.6555 -17.7284 -3.3241
3 43 25.1867 -50.0365 -19.695 30.3163 -48.4039 -18.2645 34.1014 -50.5168 -26.4874
3 43 34.1014 -50.5168 -26.4874 30.3163 -48.4039 -18.2645 38.5299 -48.9977 -24.9346
3 43 11.5973 -43.9791 -10 1.7452 -33.8283 -10 30 -40.0174 -10
3 43 49.9739 -49.0144 -31.9769 46.1709 -50.5235 -33.8793 38.5299 -48.9977 -24.9346
3 43 38.5299 -48.9977 -24.9346 46.1709 -50.5235 -33.8793 34.1014 -50.5168 -26.4874
3 43 46.1709 -50.5235 -33.8793 49.9739 -49.0144 -31.9769 72.4893 -49.1864 -46.2092
3 43 72.4893 -49.1864 -46.2092 49.9739 -49.0144 -31.9769 74.6779 -47.7021 -43.4702
3 43 72.4893 -49.1864 -46.2092 74.6779 -47.7021 -43.4702 95.0917 -47.4119 -55.043
3 43 95.0917 -47.4119 -55.043 74.6779 -47.7021 -43.4702 96.067 -46.0264 -51.7551
3 43 95.0917 -47.4119 -55.043 96.067 -46.0264 -51.7551 108.261 -46.1982 -59.686
3 43 108.261 -46.1982 -59.686 96.067 -46.0264 -51.7551 109.3634 -44.7707 -56.3582
3 43 114.1272 -44.58 -57.974 112.8701 -45.9484 -61.3485 109.3634 -44.7707 -56.3582
3 43 109.3634 -44.7707 -56.3582 112.8701 -45.9484 -61.3485 108.261 -46.1982 -59.686
3 43 114.1272 -44.58 -57.974 119.2801 -46.2777 -59.6228 112.8701 -45.9484 -61.3485
3 43 112.8701 -45.9484 -61.3485 119.2801 -46.2777 -59.6228 118.1518 -47.7197 -63.1338
3 43 120.0557 -53.657 -63.5847 118.1518 -47.7197 -63.1338 121.3842 -52.8813 -60.1489
3 43 121.3842 -52.8813 -60.1489 118.1518 -47.7197 -63.1338 119.2801 -46.2777 -59.6228
3 43 59.27 -89.3638 -5.0008 51.3 -79.8692 -6.4092 56.9555 -89.3638 10
3 43 56.9555 -89.3638 10 51.3 -79.8692 -6.4092 49.3841 -80.607 10
3 43 49.3841 -80.607 10 51.3 -79.8692 -6.4092 40.3975 -70.4564 10
3 43 40.3975 -70.4564 10 51.3 -79.8692 -6.4092 40.5745 -67.3705 -7.6728
3 43 58.962 -77.8547 -22.4822 49.5681 -62.9813 -25.3307 51.3 -79.8692 -6.4092
3 43 51.3 -79.8692 -6.4092 49.5681 -62.9813 -25.3307 40.5745 -67.3705 -7.6728
3 43 74.6779 -47.7021 -43.4702 49.9739 -49.0144 -31.9769 75.6128 -62.723 -41.0629
3 43 75.6128 -62.723 -41.0629 49.9739 -49.0144 -31.9769 49.5681 -62.9813 -25.3307
3 43 51.3 -79.8692 -6.4092 59.27 -89.3638 -5.0008 58.962 -77.8547 -22.4822
3 43 58.962 -77.8547 -22.4822 59.27 -89.3638 -5.0008 65.5334 -89.3638 -18.7095
3 43 49.5681 -62.9813 -25.3307 58.962 -77.8547 -22.4822 75.6128 -62.723 -41.0629
3 43 75.6128 -62.723 -41.0629 58.962 -77.8547 -22.4822 77.5665 -77.9183 -37.7933
3 43 58.962 -77.8547 -22.4822 65.5334 -89.3638 -18.7095 77.5665 -77.9183 -37.7933
3 43 77.5665 -77.9183 -37.7933 65.5334 -89.3638 -18.7095 80.4407 -89.3638 -34.6197
3 43 120.7354 -76.6189 -62.6841 120.0557 -53.657 -63.5847 121.8943 -76.3637 -59.12
3 43 121.8943 -76.3637 -59.12 120.0557 -53.657 -63.5847 121.3842 -52.8813 -60.1489
3 43 122.513 -88.821 -57.2174 121.3519 -88.9988 -60.7881 121.8943 -76.3637 -59.12
3 43 121.8943 -76.3637 -59.12 121.3519 -88.9988 -60.7881 120.7354 -76.6189 -62.6841
3 43 100.8623 -89.3638 -47.7464 99.6427 -77.4277 -50.0158 80.4407 -89.3638 -34.6197
3 43 80.4407 -89.3638 -34.6197 99.6427 -77.4277 -50.0158 77.5665 -77.9183 -37.7933
3 43 77.5665 -77.9183 -37.7933 99.6427 -77.4277 -50.0158 75.6128 -62.723 -41.0629
3 43 75.6128 -62.723 -41.0629 99.6427 -77.4277 -50.0158 98.6703 -61.7527 -51.5776
3 43 100.8623 -89.3638 -47.7464 115.1157 -89.2928 -54.2587 99.6427 -77.4277 -50.0158
3 43 99.6427 -77.4277 -50.0158 115.1157 -89.2928 -54.2587 114.5368 -76.9203 -56.2735
3 43 99.6427 -77.4277 -50.0158 114.5368 -76.9203 -56.2735 98.6703 -61.7527 -51.5776
3 43 98.6703 -61.7527 -51.5776 114.5368 -76.9203 -56.2735 114.2241 -60.3745 -57.4761
3 43 74.6779 -47.7021 -43.4702 75.6128 -62.723 -41.0629 96.067 -46.0264 -51.7551
3 43 96.067 -46.0264 -51.7551 75.6128 -62.723 -41.0629 98.6703 -61.7527 -51.5776
3 43 96.067 -46.0264 -51.7551 98.6703 -61.7527 -51.5776 109.3634 -44.7707 -56.3582
3 43 109.3634 -44.7707 -56.3582 98.6703 -61.7527 -51.5776 114.2241 -60.3745 -57.4761
3 43 119.2801 -46.2777 -59.6228 114.1272 -44.58 -57.974 114.2241 -60.3745 -57.4761
3 43 119.2801 -46.2777 -59.6228 114.2241 -60.3745 -57.4761 121.3842 -52.8813 -60.1489
3 43 114.2241 -60.3745 -57.4761 114.1272 -44.58 -57.974 109.3634 -44.7707 -56.3582
3 43 49.9739 -49.0144 -31.9769 38.5299 -48.9977 -24.9346 49.5681 -62.9813 -25.3307
3 43 49.5681 -62.9813 -25.3307 38.5299 -48.9977 -24.9346 40.5745 -67.3705 -7.6728
3 43 122.601 -94.6082 -56.9467 121.8402 -95.1155 -59.2863 122.513 -88.821 -57.2174
3 43 122.513 -88.821 -57.2174 121.8402 -95.1155 -59.2863 121.3519 -88.9988 -60.7881
3 43 56.9555 -89.3638 10 60.8003 -94.9984 10 59.27 -89.3638 -5.0008
3 43 59.27 -89.3638 -5.0008 60.8003 -94.9984 10 62.7336 -95.5502 -4.6535
3 43 67.9966 -95.0963 -17.8718 65.5334 -89.3638 -18.7095 62.7336 -95.5502 -4.6535
3 43 62.7336 -95.5502 -4.6535 65.5334 -89.3638 -18.7095 59.27 -89.3638 -5.0008
3 43 65.5334 -89.3638 -18.7095 67.9966 -95.0963 -17.8718 80.4407 -89.3638 -34.6197
3 43 80.4407 -89.3638 -34.6197 67.9966 -95.0963 -17.8718 81.2755 -94.6965 -33.6911
3 43 101.0786 -94.6275 -47.4657 100.8623 -89.3638 -47.7464 81.2755 -94.6965 -33.6911
3 43 81.2755 -94.6965 -33.6911 100.8623 -89.3638 -47.7464 80.4407 -89.3638 -34.6197
3 43 115.3257 -94.4186 -54.0838 115.1157 -89.2928 -54.2587 101.0786 -94.6275 -47.4657
3 43 101.0786 -94.6275 -47.4657 115.1157 -89.2928 -54.2587 100.8623 -89.3638 -47.7464
3 43 101.5491 -101.395 -45.9554 115.899 -101.3426 -53.0731 101.0786 -94.6275 -47.4657
3 43 101.0786 -94.6275 -47.4657 115.899 -101.3426 -53.0731 115.3257 -94.4186 -54.0838
3 43 101.5491 -101.395 -45.9554 101.0786 -94.6275 -47.4657 84.0303 -101.395 -32.3127
3 43 84.0303 -101.395 -32.3127 101.0786 -94.6275 -47.4657 81.2755 -94.6965 -33.6911
3 43 60.8003 -94.9984 10 65.9464 -101.395 10 62.7336 -95.5502 -4.6535
3 43 62.7336 -95.5502 -4.6535 65.9464 -101.395 10 67.5296 -101.395 -3.6846
3 43 72.1607 -101.395 -16.4837 67.9966 -95.0963 -17.8718 67.5296 -101.395 -3.6846
3 43 67.5296 -101.395 -3.6846 67.9966 -95.0963 -17.8718 62.7336 -95.5502 -4.6535
3 43 67.9966 -95.0963 -17.8718 72.1607 -101.395 -16.4837 81.2755 -94.6965 -33.6911
3 43 81.2755 -94.6965 -33.6911 72.1607 -101.395 -16.4837 84.0303 -101.395 -32.3127
3 43 121.8402 -95.1155 -59.2863 122.601 -94.6082 -56.9467 122.5106 -101.395 -57.2247
3 43 122.5106 -101.395 -57.2247 122.601 -94.6082 -56.9467 122.9275 -101.395 -55.9428
3 43 30 -45.0961 -11.9051 30 -40.0174 -10 30 -40.1203 10
3 43 -9.9993 -14.5515 10 -10 0 -10 -9.9993 -14.5515 0.4956
3 43 -9.9993 -14.5515 0.4956 -10 0 -10 -10 -14.8298 -10
3 43 30 -40.0174 -10 -10 -14.8298 -10 30 0 -10
3 43 30 0 -10 -10 -14.8298 -10 -10 0 -10
3 43 -10 0 -10 -7 0 -7 30 0 -10
3 43 30 0 -10 -7 0 -7 27 0 -7
3 43 30 0 -10 30 -40.1203 10 30 -40.0174 -10
3 43 101.5491 -101.395 -45.9554 101.1842 -101.395 -47.3375 115.899 -101.3426 -53.0731
3 43 115.899 -101.3426 -53.0731 101.1842 -101.395 -47.3375 115.3695 -101.395 -54.2391
3 43 101.5491 -101.395 -45.9554 84.0303 -101.395 -32.3127 101.1842 -101.395 -47.3375
3 43 101.1842 -101.395 -47.3375 84.0303 -101.395 -32.3127 82.6599 -101.395 -33.0997
3 43 67.5296 -101.395 -3.6846 65.9464 -101.395 10 64.2716 -101.395 0.1946
3 43 64.2716 -101.395 0.1946 65.9464 -101.395 10 64.0655 -101.395 10
3 43 72.1607 -101.395 -16.4837 67.5296 -101.395 -3.6846 66.363 -101.3289 -10.1743
3 43 66.363 -101.3289 -10.1743 67.5296 -101.395 -3.6846 64.2716 -101.395 0.1946
3 43 84.0303 -101.395 -32.3127 72.1607 -101.395 -16.4837 82.6599 -101.395 -33.0997
3 43 82.6599 -101.395 -33.0997 72.1607 -101.395 -16.4837 66.363 -101.3289 -10.1743
3 43 116.4706 -83.895 -62.724 115.5208 -80.3492 -62.9426 118.6952 -82.5356 -63.798
3 43 118.6952 -82.5356 -63.798 115.5208 -80.3492 -62.9426 118.5282 -79.7387 -64.1572
3 43 95.3409 -83.4312 -53.5697 97.0327 -80.6852 -54.9642 96.7914 -83.895 -54.1797
3 43 95.3409 -83.4312 -53.5697 94.4422 -82.25 -53.3835 97.0327 -80.6852 -54.9642
3 43 106.8384 -83.8788 -58.8256 96.7914 -83.895 -54.1797 105.7164 -80.4765 -58.9151
3 43 105.7164 -80.4765 -58.9151 96.7914 -83.895 -54.1797 97.0327 -80.6852 -54.9642
3 43 116.4706 -83.895 -62.724 106.8384 -83.8788 -58.8256 115.5208 -80.3492 -62.9426
3 43 115.5208 -80.3492 -62.9426 106.8384 -83.8788 -58.8256 105.7164 -80.4765 -58.9151
3 43 89.4125 -59.2951 -54.8524 86.0837 -59.2851 -53.4731 86.4684 -56.8839 -53.8399
3 43 88.4329 -55.93 -54.6944 89.4125 -59.2951 -54.8524 86.4684 -56.8839 -53.8399
3 43 108.0936 -55.9295 -62.1132 109.7456 -56.5376 -62.6547 107.6301 -58.8043 -61.8422
3 43 92.715 -68.698 -54.9944 89.6059 -68.8692 -53.5759 89.4125 -59.2951 -54.8524
3 43 89.4125 -59.2951 -54.8524 89.6059 -68.8692 -53.5759 86.0837 -59.2851 -53.4731
3 43 107.6301 -58.8043 -61.8422 98.6447 -59.0495 -58.512 108.0936 -55.9295 -62.1132
3 43 108.0936 -55.9295 -62.1132 98.6447 -59.0495 -58.512 97.6424 -55.9395 -58.2585
3 43 114.6212 -68.9417 -63.828 111.2875 -68.9797 -62.5558 110.4612 -57.575 -62.8961
3 43 110.4612 -57.575 -62.8961 111.2875 -68.9797 -62.5558 107.6301 -58.8043 -61.8422
3 43 98.6447 -59.0495 -58.512 89.4125 -59.2951 -54.8524 97.6424 -55.9395 -58.2585
3 43 97.6424 -55.9395 -58.2585 89.4125 -59.2951 -54.8524 88.4329 -55.93 -54.6944
3 43 118.5282 -79.7387 -64.1572 115.5208 -80.3492 -62.9426 114.6212 -68.9417 -63.828
3 43 114.6212 -68.9417 -63.828 115.5208 -80.3492 -62.9426 111.2875 -68.9797 -62.5558
3 43 97.0327 -80.6852 -54.9642 94.4422 -82.25 -53.3835 92.715 -68.698 -54.9944
3 43 92.715 -68.698 -54.9944 94.4422 -82.25 -53.3835 89.6059 -68.8692 -53.5759
3 43 105.7164 -80.4765 -58.9151 97.0327 -80.6852 -54.9642 101.9246 -68.7995 -58.8773
3 43 101.9246 -68.7995 -58.8773 97.0327 -80.6852 -54.9642 92.715 -68.698 -54.9944
3 43 115.5208 -80.3492 -62.9426 105.7164 -80.4765 -58.9151 111.2875 -68.9797 -62.5558
3 43 111.2875 -68.9797 -62.5558 105.7164 -80.4765 -58.9151 101.9246 -68.7995 -58.8773
3 43 111.2875 -68.9797 -62.5558 101.9246 -68.7995 -58.8773 107.6301 -58.8043 -61.8422
3 43 107.6301 -58.8043 -61.8422 101.9246 -68.7995 -58.8773 98.6447 -59.0495 -58.512
3 43 101.9246 -68.7995 -58.8773 92.715 -68.698 -54.9944 98.6447 -59.0495 -58.512
3 43 98.6447 -59.0495 -58.512 92.715 -68.698 -54.9944 89.4125 -59.2951 -54.8524
3 43 85.6008 -80.2483 -49.3342 88.7815 -82.7067 -50.375 86.6532 -83.895 -48.8993
3 43 88.7815 -82.7067 -50.375 85.6008 -80.2483 -49.3342 88.9734 -80.5309 -51.0048
3 43 77.2259 -59.4385 -49.6866 76.8195 -56.0571 -49.9727 79.1438 -55.9886 -50.9167
3 43 80.6062 -57.471 -51.3687 77.2259 -59.4385 -49.6866 79.1438 -55.9886 -50.9167
3 43 77.2259 -59.4385 -49.6866 80.6062 -57.471 -51.3687 81.3863 -69.3464 -49.6912
3 43 81.3863 -69.3464 -49.6912 80.6062 -57.471 -51.3687 84.7221 -68.7797 -51.3006
3 43 51.72 -61.4345 -35.7111 54.1562 -65.0532 -35.6634 50.0953 -63.1229 -33.8254
3 43 54.1562 -65.0532 -35.6634 50.6267 -65.4666 -33.0011 50.0953 -63.1229 -33.8254
3 43 67.3329 -80.8622 -37.7105 68.0579 -83.895 -36.6942 67.2066 -83.7456 -36.0994
3 43 50.6267 -65.4666 -33.0011 54.1562 -65.0532 -35.6634 59.0155 -74.9478 -34.3785
3 43 59.0155 -74.9478 -34.3785 54.1562 -65.0532 -35.6634 61.0648 -73.2778 -36.7457
3 43 77.433 -83.909 -43.4498 68.0579 -83.895 -36.6942 75.4884 -80.4786 -43.3943
3 43 75.4884 -80.4786 -43.3943 68.0579 -83.895 -36.6942 67.3329 -80.8622 -37.7105
3 43 75.4884 -80.4786 -43.3943 85.6008 -80.2483 -49.3342 77.433 -83.909 -43.4498
3 43 77.433 -83.909 -43.4498 85.6008 -80.2483 -49.3342 86.6532 -83.895 -48.8993
3 43 63.0786 -59.0237 -43.0584 76.8195 -56.0571 -49.9727 64.7282 -61.9888 -43.0733
3 43 64.7282 -61.9888 -43.0733 76.8195 -56.0571 -49.9727 77.2259 -59.4385 -49.6866
3 43 64.7282 -61.9888 -43.0733 54.1562 -65.0532 -35.6634 63.0786 -59.0237 -43.0584
3 43 63.0786 -59.0237 -43.0584 54.1562 -65.0532 -35.6634 51.72 -61.4345 -35.7111
3 43 61.0648 -73.2778 -36.7457 70.2281 -71.4679 -43.2461 67.3329 -80.8622 -37.7105
3 43 67.3329 -80.8622 -37.7105 70.2281 -71.4679 -43.2461 75.4884 -80.4786 -43.3943
3 43 85.6008 -80.2483 -49.3342 75.4884 -80.4786 -43.3943 81.3863 -69.3464 -49.6912
3 43 81.3863 -69.3464 -49.6912 75.4884 -80.4786 -43.3943 70.2281 -71.4679 -43.2461
3 43 64.7282 -61.9888 -43.0733 77.2259 -59.4385 -49.6866 70.2281 -71.4679 -43.2461
3 43 70.2281 -71.4679 -43.2461 77.2259 -59.4385 -49.6866 81.3863 -69.3464 -49.6912
3 43 54.1562 -65.0532 -35.6634 64.7282 -61.9888 -43.0733 61.0648 -73.2778 -36.7457
3 43 61.0648 -73.2778 -36.7457 64.7282 -61.9888 -43.0733 70.2281 -71.4679 -43.2461
3 43 81.3863 -69.3464 -49.6912 84.7221 -68.7797 -51.3006 85.6008 -80.2483 -49.3342
3 43 85.6008 -80.2483 -49.3342 84.7221 -68.7797 -51.3006 88.9734 -80.5309 -51.0048
3 43 61.0648 -73.2778 -36.7457 67.3329 -80.8622 -37.7105 59.0155 -74.9478 -34.3785
3 43 59.0155 -74.9478 -34.3785 67.3329 -80.8622 -37.7105 66.1951 -83.0614 -35.6517
3 43 56.3289 -80.5697 -28.5882 59.8537 -82.5955 -30.4488 58.5337 -83.895 -28.1895
3 43 59.8537 -82.5955 -30.4488 56.3289 -80.5697 -28.5882 58.7845 -80.1608 -31.1132
3 43 42.3268 -82.0882 7.5859 41.915 -81.601 4.3242 43.5544 -83.4798 6.662
3 43 41.915 -81.601 4.3242 43.9331 -83.895 4.6336 43.5544 -83.4798 6.662
3 43 44.2082 -66.0822 -27.5922 42.7372 -63.9197 -27.7223 44.1248 -64.0501 -28.8052
3 43 45.4329 -64.9542 -29.3027 44.2082 -66.0822 -27.5922 44.1248 -64.0501 -28.8052
3 43 26.2112 -63.9104 7.5876 26.2905 -63.9001 4.0724 28.4827 -66.42 7.5876
3 43 28.4827 -66.42 7.5876 26.2905 -63.9001 4.0724 28.5921 -66.501 4.0717
3 43 42.3268 -82.0882 7.5859 35.3889 -74.2536 7.5639 41.915 -81.601 4.3242
3 43 41.915 -81.601 4.3242 35.3889 -74.2536 7.5639 35.2464 -74.0502 4.1882
3 43 58.7845 -80.1608 -31.1132 56.3289 -80.5697 -28.5882 52.0727 -72.4802 -30.1989
3 43 52.0727 -72.4802 -30.1989 56.3289 -80.5697 -28.5882 50.1316 -73.1787 -28.0883
3 43 30.7861 -63.904 -13.8489 37.9058 -63.9557 -23.4504 33.0052 -66.58 -13.6214
3 43 33.0052 -66.58 -13.6214 37.9058 -63.9557 -23.4504 39.8981 -66.5326 -23.303
3 43 33.0052 -66.58 -13.6214 29.0295 -66.5917 -2.409 30.7861 -63.904 -13.8489
3 43 30.7861 -63.904 -13.8489 29.0295 -66.5917 -2.409 26.7372 -63.8767 -2.5761
3 43 45.1764 -81.3514 -12.7002 51.2714 -81.2517 -22.677 47.3115 -83.9253 -12.5347
3 43 47.3115 -83.9253 -12.5347 51.2714 -81.2517 -22.677 52.8339 -83.8883 -21.921
3 43 41.8261 -81.3647 -1.5215 45.1764 -81.3514 -12.7002 44.0752 -83.9346 -1.3632
3 43 44.0752 -83.9346 -1.3632 45.1764 -81.3514 -12.7002 47.3115 -83.9253 -12.5347
3 43 51.2714 -81.2517 -22.677 45.1764 -81.3514 -12.7002 45.4444 -73.752 -23.0136
3 43 45.4444 -73.752 -23.0136 45.1764 -81.3514 -12.7002 38.9409 -73.8267 -13.181
3 43 45.1764 -81.3514 -12.7002 41.8261 -81.3647 -1.5215 38.9409 -73.8267 -13.181
3 43 38.9409 -73.8267 -13.181 41.8261 -81.3647 -1.5215 35.2867 -73.8261 -1.9755
3 43 26.2905 -63.9001 4.0724 26.7372 -63.8767 -2.5761 28.5921 -66.501 4.0717
3 43 28.5921 -66.501 4.0717 26.7372 -63.8767 -2.5761 29.0295 -66.5917 -2.409
3 43 41.8261 -81.3647 -1.5215 44.0752 -83.9346 -1.3632 41.915 -81.601 4.3242
3 43 41.915 -81.601 4.3242 44.0752 -83.9346 -1.3632 43.9331 -83.895 4.6336
3 43 41.915 -81.601 4.3242 35.2464 -74.0502 4.1882 41.8261 -81.3647 -1.5215
3 43 41.8261 -81.3647 -1.5215 35.2464 -74.0502 4.1882 35.2867 -73.8261 -1.9755
3 43 35.3889 -74.2536 7.5639 28.4827 -66.42 7.5876 35.2464 -74.0502 4.1882
3 43 35.2464 -74.0502 4.1882 28.4827 -66.42 7.5876 28.5921 -66.501 4.0717
3 43 35.2464 -74.0502 4.1882 28.5921 -66.501 4.0717 35.2867 -73.8261 -1.9755
3 43 35.2867 -73.8261 -1.9755 28.5921 -66.501 4.0717 29.0295 -66.5917 -2.409
3 43 38.9409 -73.8267 -13.181 35.2867 -73.8261 -1.9755 33.0052 -66.58 -13.6214
3 43 33.0052 -66.58 -13.6214 35.2867 -73.8261 -1.9755 29.0295 -66.5917 -2.409
3 43 33.0052 -66.58 -13.6214 39.8981 -66.5326 -23.303 38.9409 -73.8267 -13.181
3 43 38.9409 -73.8267 -13.181 39.8981 -66.5326 -23.303 45.4444 -73.752 -23.0136
3 43 52.0727 -72.4802 -30.1989 50.1316 -73.1787 -28.0883 45.4329 -64.9542 -29.3027
3 43 45.4329 -64.9542 -29.3027 50.1316 -73.1787 -28.0883 44.2082 -66.0822 -27.5922
3 43 66.162 -83.025 -32.1233 66.1951 -83.0614 -35.6517 67.0686 -83.8101 -32.5185
3 43 67.0686 -83.8101 -32.5185 66.1951 -83.0614 -35.6517 67.2066 -83.7456 -36.0994
3 43 67.0686 -83.8101 -32.5185 67.2066 -83.7456 -36.0994 68.0683 -83.895 -33.2914
3 43 68.0683 -83.895 -33.2914 67.2066 -83.7456 -36.0994 68.0579 -83.895 -36.6942
3 43 88.9459 -82.6486 -47.5789 88.7815 -82.7067 -50.375 88.9879 -80.4999 -48.1809
3 43 88.9879 -80.4999 -48.1809 88.7815 -82.7067 -50.375 88.9734 -80.5309 -51.0048
3 43 86.6539 -83.895 -45.9593 86.6532 -83.895 -48.8993 88.9459 -82.6486 -47.5789
3 43 88.9459 -82.6486 -47.5789 86.6532 -83.895 -48.8993 88.7815 -82.7067 -50.375
3 43 86.6532 -83.895 -48.8993 86.6539 -83.895 -45.9593 77.433 -83.909 -43.4498
3 43 77.433 -83.909 -43.4498 86.6539 -83.895 -45.9593 78.8481 -83.9772 -41.1691
3 43 77.433 -83.909 -43.4498 78.8481 -83.9772 -41.1691 68.0579 -83.895 -36.6942
3 43 68.0579 -83.895 -36.6942 78.8481 -83.9772 -41.1691 68.0683 -83.895 -33.2914
3 43 59.0155 -74.9478 -34.3785 58.5464 -74.4176 -30.9305 50.6267 -65.4666 -33.0011
3 43 50.6267 -65.4666 -33.0011 58.5464 -74.4176 -30.9305 50.6234 -65.4621 -29.6167
3 43 50.6234 -65.4621 -29.6167 50.1376 -62.6023 -30.8603 50.6267 -65.4666 -33.0011
3 43 50.6267 -65.4666 -33.0011 50.1376 -62.6023 -30.8603 50.0953 -63.1229 -33.8254
3 43 50.1376 -62.6023 -30.8603 51.9742 -61.3659 -32.7892 50.0953 -63.1229 -33.8254
3 43 50.0953 -63.1229 -33.8254 51.9742 -61.3659 -32.7892 51.72 -61.4345 -35.7111
3 43 63.0786 -59.0237 -43.0584 51.72 -61.4345 -35.7111 65.1345 -58.5638 -41.3312
3 43 65.1345 -58.5638 -41.3312 51.72 -61.4345 -35.7111 51.9742 -61.3659 -32.7892
3 43 63.0786 -59.0237 -43.0584 65.1345 -58.5638 -41.3312 76.8195 -56.0571 -49.9727
3 43 76.8195 -56.0571 -49.9727 65.1345 -58.5638 -41.3312 77.7321 -55.8818 -47.6405
3 43 77.7321 -55.8818 -47.6405 79.5665 -56.1173 -48.4059 76.8195 -56.0571 -49.9727
3 43 76.8195 -56.0571 -49.9727 79.5665 -56.1173 -48.4059 79.1438 -55.9886 -50.9167
3 43 79.5665 -56.1173 -48.4059 80.6132 -57.4902 -48.6661 79.1438 -55.9886 -50.9167
3 43 79.1438 -55.9886 -50.9167 80.6132 -57.4902 -48.6661 80.6062 -57.471 -51.3687
3 43 80.6062 -57.471 -51.3687 80.6132 -57.4902 -48.6661 84.7221 -68.7797 -51.3006
3 43 84.7221 -68.7797 -51.3006 80.6132 -57.4902 -48.6661 85.0156 -69.5861 -48.5432
3 43 84.7221 -68.7797 -51.3006 85.0156 -69.5861 -48.5432 88.9734 -80.5309 -51.0048
3 43 88.9734 -80.5309 -51.0048 85.0156 -69.5861 -48.5432 88.9879 -80.4999 -48.1809
3 43 94.4076 -82.2831 -50.5108 94.4422 -82.25 -53.3835 95.2361 -83.6419 -50.7291
3 43 95.2361 -83.6419 -50.7291 94.4422 -82.25 -53.3835 95.3409 -83.4312 -53.5697
3 43 95.2361 -83.6419 -50.7291 95.3409 -83.4312 -53.5697 96.8305 -83.9179 -51.351
3 43 96.8305 -83.9179 -51.351 95.3409 -83.4312 -53.5697 96.7914 -83.895 -54.1797
3 43 116.4784 -83.8943 -60.0417 116.4706 -83.895 -62.724 118.8539 -82.1967 -61.2332
3 43 118.8539 -82.1967 -61.2332 116.4706 -83.895 -62.724 118.6952 -82.5356 -63.798
3 43 118.2064 -78.8547 -61.5213 118.8539 -82.1967 -61.2332 118.5282 -79.7387 -64.1572
3 43 118.5282 -79.7387 -64.1572 118.8539 -82.1967 -61.2332 118.6952 -82.5356 -63.798
3 43 118.5282 -79.7387 -64.1572 114.6212 -68.9417 -63.828 118.2064 -78.8547 -61.5213
3 43 118.2064 -78.8547 -61.5213 114.6212 -68.9417 -63.828 114.6701 -69.1389 -61.1442
3 43 114.6212 -68.9417 -63.828 110.4612 -57.575 -62.8961 114.6701 -69.1389 -61.1442
3 43 114.6701 -69.1389 -61.1442 110.4612 -57.575 -62.8961 110.4682 -57.5943 -60.3034
3 43 109.654 -56.4029 -59.9503 110.4682 -57.5943 -60.3034 109.7456 -56.5376 -62.6547
3 43 109.7456 -56.5376 -62.6547 110.4682 -57.5943 -60.3034 110.4612 -57.575 -62.8961
3 43 108.1492 -55.931 -59.4652 109.654 -56.4029 -59.9503 108.0936 -55.9295 -62.1132
3 43 108.0936 -55.9295 -62.1132 109.654 -56.4029 -59.9503 109.7456 -56.5376 -62.6547
3 43 108.0936 -55.9295 -62.1132 97.6424 -55.9395 -58.2585 108.1492 -55.931 -59.4652
3 43 108.1492 -55.931 -59.4652 97.6424 -55.9395 -58.2585 98.3118 -55.93 -55.8172
3 43 97.6424 -55.9395 -58.2585 88.4329 -55.93 -54.6944 98.3118 -55.93 -55.8172
3 43 98.3118 -55.93 -55.8172 88.4329 -55.93 -54.6944 88.4141 -55.9321 -52.0279
3 43 86.3966 -56.8058 -51.1671 88.4141 -55.9321 -52.0279 86.4684 -56.8839 -53.8399
3 43 86.4684 -56.8839 -53.8399 88.4141 -55.9321 -52.0279 88.4329 -55.93 -54.6944
3 43 86.0847 -59.3193 -50.7463 86.3966 -56.8058 -51.1671 86.0837 -59.2851 -53.4731
3 43 86.0837 -59.2851 -53.4731 86.3966 -56.8058 -51.1671 86.4684 -56.8839 -53.8399
3 43 86.0837 -59.2851 -53.4731 89.6059 -68.8692 -53.5759 86.0847 -59.3193 -50.7463
3 43 86.0847 -59.3193 -50.7463 89.6059 -68.8692 -53.5759 89.6593 -69.1801 -50.7691
3 43 89.6059 -68.8692 -53.5759 94.4422 -82.25 -53.3835 89.6593 -69.1801 -50.7691
3 43 89.6593 -69.1801 -50.7691 94.4422 -82.25 -53.3835 94.4076 -82.2831 -50.5108
3 43 43.9331 -83.895 4.6336 45.8377 -82.2746 4.6903 43.5544 -83.4798 6.662
3 43 43.5544 -83.4798 6.662 45.8377 -82.2746 4.6903 45.3555 -81.7444 6.9454
3 43 44.0641 -80.2866 7.5874 42.3268 -82.0882 7.5859 45.3555 -81.7444 6.9454
3 43 45.3555 -81.7444 6.9454 42.3268 -82.0882 7.5859 43.5544 -83.4798 6.662
3 43 42.3268 -82.0882 7.5859 44.0641 -80.2866 7.5874 35.3889 -74.2536 7.5639
3 43 35.3889 -74.2536 7.5639 44.0641 -80.2866 7.5874 37.2868 -72.6735 7.5875
3 43 28.4827 -66.42 7.5876 35.3889 -74.2536 7.5639 30.308 -64.7413 7.5876
3 43 30.308 -64.7413 7.5876 35.3889 -74.2536 7.5639 37.2868 -72.6735 7.5875
3 43 28.0391 -62.2323 7.553 26.2112 -63.9104 7.5876 30.308 -64.7413 7.5876
3 43 30.308 -64.7413 7.5876 26.2112 -63.9104 7.5876 28.4827 -66.42 7.5876
3 43 28.0391 -62.2323 7.553 28.0709 -62.2132 4.4355 26.2112 -63.9104 7.5876
3 43 26.2112 -63.9104 7.5876 28.0709 -62.2132 4.4355 26.2905 -63.9001 4.0724
3 43 28.0709 -62.2132 4.4355 28.6313 -62.1496 -2.1997 26.2905 -63.9001 4.0724
3 43 26.2905 -63.9001 4.0724 28.6313 -62.1496 -2.1997 26.7372 -63.8767 -2.5761
3 43 32.7246 -62.0801 -13.3076 30.7861 -63.904 -13.8489 28.6313 -62.1496 -2.1997
3 43 28.6313 -62.1496 -2.1997 30.7861 -63.904 -13.8489 26.7372 -63.8767 -2.5761
3 43 37.9058 -63.9557 -23.4504 30.7861 -63.904 -13.8489 38.3778 -62.1454 -19.8437
3 43 38.3778 -62.1454 -19.8437 30.7861 -63.904 -13.8489 32.7246 -62.0801 -13.3076
3 43 44.031 -62.2106 -26.3798 45.3798 -62.5061 -27.2752 42.7372 -63.9197 -27.7223
3 43 42.7372 -63.9197 -27.7223 45.3798 -62.5061 -27.2752 44.1248 -64.0501 -28.8052
3 43 45.3798 -62.5061 -27.2752 46.5563 -63.4681 -27.5692 44.1248 -64.0501 -28.8052
3 43 44.1248 -64.0501 -28.8052 46.5563 -63.4681 -27.5692 45.4329 -64.9542 -29.3027
3 43 52.0727 -72.4802 -30.1989 45.4329 -64.9542 -29.3027 53.2608 -71.0536 -28.4753
3 43 53.2608 -71.0536 -28.4753 45.4329 -64.9542 -29.3027 46.5563 -63.4681 -27.5692
3 43 52.0727 -72.4802 -30.1989 53.2608 -71.0536 -28.4753 58.7845 -80.1608 -31.1132
3 43 58.7845 -80.1608 -31.1132 53.2608 -71.0536 -28.4753 60.8212 -79.7121 -29.5028
3 43 62.2224 -82.4741 -29.0924 59.8537 -82.5955 -30.4488 60.8212 -79.7121 -29.5028
3 43 60.8212 -79.7121 -29.5028 59.8537 -82.5955 -30.4488 58.7845 -80.1608 -31.1132
3 43 62.2224 -82.4741 -29.0924 61.2832 -83.8904 -26.9319 59.8537 -82.5955 -30.4488
3 43 59.8537 -82.5955 -30.4488 61.2832 -83.8904 -26.9319 58.5337 -83.895 -28.1895
3 43 45.8377 -82.2746 4.6903 43.9331 -83.895 4.6336 46.6119 -82.7869 -0.9795
3 43 46.6119 -82.7869 -0.9795 43.9331 -83.895 4.6336 44.0752 -83.9346 -1.3632
3 43 50.1825 -83.3642 -11.6619 46.6119 -82.7869 -0.9795 47.3115 -83.9253 -12.5347
3 43 47.3115 -83.9253 -12.5347 46.6119 -82.7869 -0.9795 44.0752 -83.9346 -1.3632
3 43 47.3115 -83.9253 -12.5347 52.8339 -83.8883 -21.921 50.1825 -83.3642 -11.6619
3 43 50.1825 -83.3642 -11.6619 52.8339 -83.8883 -21.921 55.7329 -83.6273 -19.2969
3 43 56.9904 -94.6048 10 57.297 -94.7003 -0.1138 64.0655 -101.395 10
3 43 64.0655 -101.395 10 57.297 -94.7003 -0.1138 64.2716 -101.395 0.1946
3 43 57.297 -94.7003 -0.1138 59.4875 -94.5478 -10.5712 64.2716 -101.395 0.1946
3 43 64.2716 -101.395 0.1946 59.4875 -94.5478 -10.5712 66.363 -101.3289 -10.1743
3 43 59.4875 -94.5478 -10.5712 71.2518 -94.6957 -28.389 66.363 -101.3289 -10.1743
3 43 66.363 -101.3289 -10.1743 71.2518 -94.6957 -28.389 82.6599 -101.395 -33.0997
3 43 82.6599 -101.395 -33.0997 71.2518 -94.6957 -28.389 84.4204 -94.608 -39.8463
3 43 98.4215 -94.6419 -48.8741 114.3882 -94.9531 -56.3375 101.1842 -101.395 -47.3375
3 43 101.1842 -101.395 -47.3375 114.3882 -94.9531 -56.3375 115.3695 -101.395 -54.2391
3 43 98.4215 -94.6419 -48.8741 101.1842 -101.395 -47.3375 84.4204 -94.608 -39.8463
3 43 84.4204 -94.608 -39.8463 101.1842 -101.395 -47.3375 82.6599 -101.395 -33.0997
3 43 57.297 -94.7003 -0.1138 56.9904 -94.6048 10 50.2191 -86.9596 -0.3886
3 43 50.2191 -86.9596 -0.3886 56.9904 -94.6048 10 49.8006 -86.7621 10
3 43 59.4875 -94.5478 -10.5712 57.297 -94.7003 -0.1138 52.5097 -86.7285 -10.8209
3 43 52.5097 -86.7285 -10.8209 57.297 -94.7003 -0.1138 50.2191 -86.9596 -0.3886
3 43 71.2518 -94.6957 -28.389 59.4875 -94.5478 -10.5712 65.8289 -87.1606 -28.9845
3 43 65.8289 -87.1606 -28.9845 59.4875 -94.5478 -10.5712 52.5097 -86.7285 -10.8209
3 43 84.4204 -94.608 -39.8463 71.2518 -94.6957 -28.389 80.3866 -87.0935 -40.6312
3 43 80.3866 -87.0935 -40.6312 71.2518 -94.6957 -28.389 65.8289 -87.1606 -28.9845
3 43 98.4215 -94.6419 -48.8741 84.4204 -94.608 -39.8463 95.7345 -87.089 -49.974
3 43 95.7345 -87.089 -49.974 84.4204 -94.608 -39.8463 80.3866 -87.0935 -40.6312
3 43 114.3882 -94.9531 -56.3375 98.4215 -94.6419 -48.8741 113.0318 -88.2244 -57.6553
3 43 113.0318 -88.2244 -57.6553 98.4215 -94.6419 -48.8741 95.7345 -87.089 -49.974
3 43 116.4706 -83.895 -62.724 116.4784 -83.8943 -60.0417 106.8384 -83.8788 -58.8256
3 43 106.8384 -83.8788 -58.8256 116.4784 -83.8943 -60.0417 107.5726 -83.895 -56.4392
3 43 106.8384 -83.8788 -58.8256 107.5726 -83.895 -56.4392 96.7914 -83.895 -54.1797
3 43 96.7914 -83.895 -54.1797 107.5726 -83.895 -56.4392 96.8305 -83.9179 -51.351
3 43 -15.6555 -17.7284 -3.3241 -0.4442 -35.3067 -2.4156 -17.5043 -19.4109 10
3 43 -17.5043 -19.4109 10 -0.4442 -35.3067 -2.4156 -0.8655 -36.4869 10
3 43 -15.6555 -17.7284 -3.3241 -12.7462 -16.8809 -10 -0.4442 -35.3067 -2.4156
3 43 -0.4442 -35.3067 -2.4156 -12.7462 -16.8809 -10 1.7452 -33.8283 -10
3 43 118.2064 -78.8547 -61.5213 114.6701 -69.1389 -61.1442 120.7354 -76.6189 -62.6841
3 43 120.7354 -76.6189 -62.6841 114.6701 -69.1389 -61.1442 120.0557 -53.657 -63.5847
3 43 120.0557 -53.657 -63.5847 114.6701 -69.1389 -61.1442 110.4682 -57.5943 -60.3034
3 43 120.0557 -53.657 -63.5847 110.4682 -57.5943 -60.3034 114.4893 -51.078 -61.7568
3 43 114.4893 -51.078 -61.7568 110.4682 -57.5943 -60.3034 109.654 -56.4029 -59.9503
3 43 108.261 -46.1982 -59.686 114.4893 -51.078 -61.7568 108.1492 -55.931 -59.4652
3 43 108.1492 -55.931 -59.4652 114.4893 -51.078 -61.7568 109.654 -56.4029 -59.9503
3 43 114.4893 -51.078 -61.7568 112.8701 -45.9484 -61.3485 118.1518 -47.7197 -63.1338
3 43 114.4893 -51.078 -61.7568 118.1518 -47.7197 -63.1338 120.0557 -53.657 -63.5847
3 43 108.1492 -55.931 -59.4652 98.3118 -55.93 -55.8172 108.261 -46.1982 -59.686
3 43 108.261 -46.1982 -59.686 98.3118 -55.93 -55.8172 95.0917 -47.4119 -55.043
3 43 51.9742 -61.3659 -32.7892 46.1709 -50.5235 -33.8793 65.1345 -58.5638 -41.3312
3 43 65.1345 -58.5638 -41.3312 46.1709 -50.5235 -33.8793 72.4893 -49.1864 -46.2092
3 43 72.4893 -49.1864 -46.2092 77.7321 -55.8818 -47.6405 65.1345 -58.5638 -41.3312
3 43 25.1867 -50.0365 -19.695 38.3778 -62.1454 -19.8437 32.7246 -62.0801 -13.3076
3 43 25.1867 -50.0365 -19.695 32.7246 -62.0801 -13.3076 18.7369 -48.9231 -13.2107
3 43 18.7369 -48.9231 -13.2107 32.7246 -62.0801 -13.3076 28.6313 -62.1496 -2.1997
3 43 114.4893 -51.078 -61.7568 108.261 -46.1982 -59.686 112.8701 -45.9484 -61.3485
3 43 98.3118 -55.93 -55.8172 88.4141 -55.9321 -52.0279 95.0917 -47.4119 -55.043
3 43 95.0917 -47.4119 -55.043 88.4141 -55.9321 -52.0279 72.4893 -49.1864 -46.2092
3 43 121.8402 -95.1155 -59.2863 114.3882 -94.9531 -56.3375 121.3519 -88.9988 -60.7881
3 43 121.3519 -88.9988 -60.7881 114.3882 -94.9531 -56.3375 113.0318 -88.2244 -57.6553
3 43 114.3882 -94.9531 -56.3375 121.8402 -95.1155 -59.2863 115.3695 -101.395 -54.2391
3 43 115.3695 -101.395 -54.2391 121.8402 -95.1155 -59.2863 122.5106 -101.395 -57.2247
3 43 122.5106 -101.395 -57.2247 122.9275 -101.395 -55.9428 115.3695 -101.395 -54.2391
3 43 115.3695 -101.395 -54.2391 122.9275 -101.395 -55.9428 115.899 -101.3426 -53.0731
3 43 115.3257 -94.4186 -54.0838 115.899 -101.3426 -53.0731 122.601 -94.6082 -56.9467
3 43 122.601 -94.6082 -56.9467 115.899 -101.3426 -53.0731 122.9275 -101.395 -55.9428
3 43 122.513 -88.821 -57.2174 115.1157 -89.2928 -54.2587 122.601 -94.6082 -56.9467
3 43 122.601 -94.6082 -56.9467 115.1157 -89.2928 -54.2587 115.3257 -94.4186 -54.0838
3 43 115.1157 -89.2928 -54.2587 122.513 -88.821 -57.2174 114.5368 -76.9203 -56.2735
3 43 114.5368 -76.9203 -56.2735 122.513 -88.821 -57.2174 121.8943 -76.3637 -59.12
3 43 114.5368 -76.9203 -56.2735 121.8943 -76.3637 -59.12 114.2241 -60.3745 -57.4761
3 43 114.2241 -60.3745 -57.4761 121.8943 -76.3637 -59.12 121.3842 -52.8813 -60.1489
3 43 113.0318 -88.2244 -57.6553 116.4784 -83.8943 -60.0417 121.3519 -88.9988 -60.7881
3 43 121.3519 -88.9988 -60.7881 116.4784 -83.8943 -60.0417 118.8539 -82.1967 -61.2332
3 43 121.3519 -88.9988 -60.7881 118.8539 -82.1967 -61.2332 120.7354 -76.6189 -62.6841
3 43 120.7354 -76.6189 -62.6841 118.8539 -82.1967 -61.2332 118.2064 -78.8547 -61.5213
3 43 113.0318 -88.2244 -57.6553 95.7345 -87.089 -49.974 107.5726 -83.895 -56.4392
3 43 107.5726 -83.895 -56.4392 95.7345 -87.089 -49.974 96.8305 -83.9179 -51.351
3 43 113.0318 -88.2244 -57.6553 107.5726 -83.895 -56.4392 116.4784 -83.8943 -60.0417
3 43 80.3866 -87.0935 -40.6312 78.8481 -83.9772 -41.1691 86.6539 -83.895 -45.9593
3 43 94.4076 -82.2831 -50.5108 88.9879 -80.4999 -48.1809 89.6593 -69.1801 -50.7691
3 43 89.6593 -69.1801 -50.7691 88.9879 -80.4999 -48.1809 85.0156 -69.5861 -48.5432
3 43 89.6593 -69.1801 -50.7691 85.0156 -69.5861 -48.5432 86.0847 -59.3193 -50.7463
3 43 86.0847 -59.3193 -50.7463 85.0156 -69.5861 -48.5432 80.6132 -57.4902 -48.6661
3 43 88.9459 -82.6486 -47.5789 95.2361 -83.6419 -50.7291 95.7345 -87.089 -49.974
3 43 95.7345 -87.089 -49.974 95.2361 -83.6419 -50.7291 96.8305 -83.9179 -51.351
3 43 80.3866 -87.0935 -40.6312 86.6539 -83.895 -45.9593 95.7345 -87.089 -49.974
3 43 95.7345 -87.089 -49.974 86.6539 -83.895 -45.9593 88.9459 -82.6486 -47.5789
3 43 65.8289 -87.1606 -28.9845 68.0683 -83.895 -33.2914 80.3866 -87.0935 -40.6312
3 43 80.3866 -87.0935 -40.6312 68.0683 -83.895 -33.2914 78.8481 -83.9772 -41.1691
3 43 67.0686 -83.8101 -32.5185 65.8289 -87.1606 -28.9845 66.162 -83.025 -32.1233
3 43 66.162 -83.025 -32.1233 65.8289 -87.1606 -28.9845 62.2224 -82.4741 -29.0924
3 43 53.2608 -71.0536 -28.4753 58.5464 -74.4176 -30.9305 60.8212 -79.7121 -29.5028
3 43 60.8212 -79.7121 -29.5028 58.5464 -74.4176 -30.9305 66.162 -83.025 -32.1233
3 43 58.5464 -74.4176 -30.9305 53.2608 -71.0536 -28.4753 50.6234 -65.4621 -29.6167
3 43 50.6234 -65.4621 -29.6167 53.2608 -71.0536 -28.4753 46.5563 -63.4681 -27.5692
3 43 50.6234 -65.4621 -29.6167 46.5563 -63.4681 -27.5692 50.1376 -62.6023 -30.8603
3 43 50.1376 -62.6023 -30.8603 46.5563 -63.4681 -27.5692 45.3798 -62.5061 -27.2752
3 43 50.1825 -83.3642 -11.6619 55.7329 -83.6273 -19.2969 52.5097 -86.7285 -10.8209
3 43 52.5097 -86.7285 -10.8209 50.2191 -86.9596 -0.3886 50.1825 -83.3642 -11.6619
3 43 50.1825 -83.3642 -11.6619 50.2191 -86.9596 -0.3886 46.6119 -82.7869 -0.9795
3 43 49.8006 -86.7621 10 45.8377 -82.2746 4.6903 50.2191 -86.9596 -0.3886
3 43 50.2191 -86.9596 -0.3886 45.8377 -82.2746 4.6903 46.6119 -82.7869 -0.9795
3 43 28.0391 -62.2323 7.553 19.6414 -54.4706 10 28.0709 -62.2132 4.4355
3 43 28.0709 -62.2132 4.4355 19.6414 -54.4706 10 17.96 -52.4801 0.5399
3 43 19.6414 -54.4706 10 28.0391 -62.2323 7.553 30.031 -64.4045 10
3 43 30.031 -64.4045 10 28.0391 -62.2323 7.553 30.308 -64.7413 7.5876
3 43 30.031 -64.4045 10 30.308 -64.7413 7.5876 37.5494 -72.9185 10
3 43 37.5494 -72.9185 10 30.308 -64.7413 7.5876 37.2868 -72.6735 7.5875
3 43 44.0792 -80.2956 10 37.5494 -72.9185 10 44.0641 -80.2866 7.5874
3 43 44.0641 -80.2866 7.5874 37.5494 -72.9185 10 37.2868 -72.6735 7.5875
3 43 46.8313 -83.4075 10 44.0792 -80.2956 10 45.3555 -81.7444 6.9454
3 43 45.3555 -81.7444 6.9454 44.0792 -80.2956 10 44.0641 -80.2866 7.5874
3 43 49.8006 -86.7621 10 46.8313 -83.4075 10 45.8377 -82.2746 4.6903
3 43 45.8377 -82.2746 4.6903 46.8313 -83.4075 10 45.3555 -81.7444 6.9454
3 43 11.5973 -43.9791 -10 18.7369 -48.9231 -13.2107 17.96 -52.4801 0.5399
3 43 17.96 -52.4801 0.5399 18.7369 -48.9231 -13.2107 28.6313 -62.1496 -2.1997
3 43 11.5973 -43.9791 -10 -0.4442 -35.3067 -2.4156 1.7452 -33.8283 -10
3 43 -0.4442 -35.3067 -2.4156 9.3646 -45.1783 1.4728 -0.8655 -36.4869 10
3 43 -0.8655 -36.4869 10 9.3646 -45.1783 1.4728 9.0263 -45.4853 10
3 43 9.3646 -45.1783 1.4728 17.96 -52.4801 0.5399 9.0263 -45.4853 10
3 43 9.0263 -45.4853 10 17.96 -52.4801 0.5399 19.6414 -54.4706 10
3 43 9.3646 -45.1783 1.4728 -0.4442 -35.3067 -2.4156 11.5973 -43.9791 -10
3 43 17.96 -52.4801 0.5399 9.3646 -45.1783 1.4728 11.5973 -43.9791 -10
3 43 17.96 -52.4801 0.5399 28.6313 -62.1496 -2.1997 28.0709 -62.2132 4.4355
3 43 86.0847 -59.3193 -50.7463 80.6132 -57.4902 -48.6661 86.3966 -56.8058 -51.1671
3 43 88.4141 -55.9321 -52.0279 86.3966 -56.8058 -51.1671 79.5665 -56.1173 -48.4059
3 43 79.5665 -56.1173 -48.4059 86.3966 -56.8058 -51.1671 80.6132 -57.4902 -48.6661
3 43 45.3798 -62.5061 -27.2752 44.031 -62.2106 -26.3798 46.1709 -50.5235 -33.8793
3 43 44.031 -62.2106 -26.3798 34.1014 -50.5168 -26.4874 46.1709 -50.5235 -33.8793
3 43 45.3798 -62.5061 -27.2752 46.1709 -50.5235 -33.8793 50.1376 -62.6023 -30.8603
3 43 50.1376 -62.6023 -30.8603 46.1709 -50.5235 -33.8793 51.9742 -61.3659 -32.7892
3 43 67.3329 -80.8622 -37.7105 67.2066 -83.7456 -36.0994 66.1951 -83.0614 -35.6517
3 43 107.6301 -58.8043 -61.8422 109.7456 -56.5376 -62.6547 110.4612 -57.575 -62.8961
3 43 65.8289 -87.1606 -28.9845 67.0686 -83.8101 -32.5185 68.0683 -83.895 -33.2914
3 43 61.2832 -83.8904 -26.9319 62.2224 -82.4741 -29.0924 65.8289 -87.1606 -28.9845
3 43 60.8212 -79.7121 -29.5028 66.162 -83.025 -32.1233 62.2224 -82.4741 -29.0924
3 43 66.1951 -83.0614 -35.6517 66.162 -83.025 -32.1233 59.0155 -74.9478 -34.3785
3 43 59.0155 -74.9478 -34.3785 66.162 -83.025 -32.1233 58.5464 -74.4176 -30.9305
3 43 88.9879 -80.4999 -48.1809 94.4076 -82.2831 -50.5108 88.9459 -82.6486 -47.5789
3 43 88.9459 -82.6486 -47.5789 94.4076 -82.2831 -50.5108 95.2361 -83.6419 -50.7291
3 43 44.031 -62.2106 -26.3798 38.3778 -62.1454 -19.8437 34.1014 -50.5168 -26.4874
3 43 34.1014 -50.5168 -26.4874 38.3778 -62.1454 -19.8437 25.1867 -50.0365 -19.695
3 43 42.7372 -63.9197 -27.7223 37.9058 -63.9557 -23.4504 44.031 -62.2106 -26.3798
3 43 44.031 -62.2106 -26.3798 37.9058 -63.9557 -23.4504 38.3778 -62.1454 -19.8437
3 43 37.9058 -63.9557 -23.4504 42.7372 -63.9197 -27.7223 39.8981 -66.5326 -23.303
3 43 39.8981 -66.5326 -23.303 42.7372 -63.9197 -27.7223 44.2082 -66.0822 -27.5922
3 43 39.8981 -66.5326 -23.303 44.2082 -66.0822 -27.5922 45.4444 -73.752 -23.0136
3 43 45.4444 -73.752 -23.0136 44.2082 -66.0822 -27.5922 50.1316 -73.1787 -28.0883
3 43 56.3289 -80.5697 -28.5882 51.2714 -81.2517 -22.677 50.1316 -73.1787 -28.0883
3 43 50.1316 -73.1787 -28.0883 51.2714 -81.2517 -22.677 45.4444 -73.752 -23.0136
3 43 51.2714 -81.2517 -22.677 56.3289 -80.5697 -28.5882 52.8339 -83.8883 -21.921
3 43 52.8339 -83.8883 -21.921 56.3289 -80.5697 -28.5882 58.5337 -83.895 -28.1895
3 43 52.8339 -83.8883 -21.921 58.5337 -83.895 -28.1895 55.7329 -83.6273 -19.2969
3 43 55.7329 -83.6273 -19.2969 58.5337 -83.895 -28.1895 61.2832 -83.8904 -26.9319
3 43 52.5097 -86.7285 -10.8209 55.7329 -83.6273 -19.2969 65.8289 -87.1606 -28.9845
3 43 65.8289 -87.1606 -28.9845 55.7329 -83.6273 -19.2969 61.2832 -83.8904 -26.9319
3 43 72.4893 -49.1864 -46.2092 79.5665 -56.1173 -48.4059 77.7321 -55.8818 -47.6405
3 43 72.4893 -49.1864 -46.2092 88.4141 -55.9321 -52.0279 79.5665 -56.1173 -48.4059
2 24 -7.2015 -0.075 20.6544 -7.2015 -25.6873 20.6544
2 24 -7.2015 -0.075 20.6544 -6.0128 -0.075 20.6544
2 24 -7.2015 -25.6873 20.6544 -6.0128 -25.6873 20.6544
2 24 -6.0128 -0.075 20.6544 -6.0128 -25.6873 20.6544
2 24 -7.2015 -25.6873 19.147 -7.2015 -0.075 19.147
2 24 -7.2015 -25.6873 19.147 -6.0128 -25.6873 19.147
2 24 -7.2015 -0.075 19.147 -6.0128 -0.075 19.147
2 24 -6.0128 -25.6873 19.147 -6.0128 -0.075 19.147
2 24 -7.2015 -0.075 19.147 -7.2015 -0.075 20.6544
2 24 -7.2015 -0.075 19.147 -6.0128 -0.075 19.147
2 24 -7.2015 -0.075 20.6544 -6.0128 -0.075 20.6544
2 24 -6.0128 -0.075 19.147 -6.0128 -0.075 20.6544
2 24 -6.0128 -0.075 20.6544 -6.0128 -25.6873 20.6544
2 24 -6.0128 -0.075 20.6544 -6.0128 -0.075 19.147
2 24 -6.0128 -25.6873 20.6544 -6.0128 -25.6873 19.147
2 24 -6.0128 -0.075 19.147 -6.0128 -25.6873 19.147
2 24 0.7541 -0.075 27.1012 0.7541 -30.7134 27.1012
2 24 0.7541 -0.075 27.1012 0.7541 -0.075 25.9125
2 24 0.7541 -30.7134 27.1012 0.7541 -30.7134 25.9125
2 24 0.7541 -0.075 25.9125 0.7541 -30.7134 25.9125
2 24 -0.7533 -30.7134 27.1012 -0.7533 -0.075 27.1012
2 24 -0.7533 -30.7134 27.1012 -0.7533 -30.7134 25.9125
2 24 -0.7533 -0.075 27.1012 -0.7533 -0.075 25.9125
2 24 -0.7533 -30.7134 25.9125 -0.7533 -0.075 25.9125
2 24 -0.7533 -0.075 27.1012 0.7541 -0.075 27.1012
2 24 -0.7533 -0.075 27.1012 -0.7533 -0.075 25.9125
2 24 0.7541 -0.075 27.1012 0.7541 -0.075 25.9125
2 24 -0.7533 -0.075 25.9125 0.7541 -0.075 25.9125
2 24 0.7541 -0.075 25.9125 0.7541 -30.7134 25.9125
2 24 0.7541 -0.075 25.9125 -0.7533 -0.075 25.9125
2 24 0.7541 -30.7134 25.9125 -0.7533 -30.7134 25.9125
2 24 -0.7533 -0.075 25.9125 -0.7533 -30.7134 25.9125
2 24 20.7291 -0.075 27.1012 20.7291 -49.2909 27.1012
2 24 20.7291 -0.075 27.1012 20.7291 -0.075 25.9125
2 24 20.7291 -49.2909 27.1012 20.7291 -49.2909 25.9125
2 24 20.7291 -0.075 25.9125 20.7291 -49.2909 25.9125
2 24 19.2217 -49.2909 27.1012 19.2217 -0.075 27.1012
2 24 19.2217 -49.2909 27.1012 19.2217 -49.2909 25.9125
2 24 19.2217 -0.075 27.1012 19.2217 -0.075 25.9125
2 24 19.2217 -49.2909 25.9125 19.2217 -0.075 25.9125
2 24 19.2217 -0.075 27.1012 20.7291 -0.075 27.1012
2 24 19.2217 -0.075 27.1012 19.2217 -0.075 25.9125
2 24 20.7291 -0.075 27.1012 20.7291 -0.075 25.9125
2 24 19.2217 -0.075 25.9125 20.7291 -0.075 25.9125
2 24 20.7291 -0.075 25.9125 20.7291 -49.2909 25.9125
2 24 20.7291 -0.075 25.9125 19.2217 -0.075 25.9125
2 24 20.7291 -49.2909 25.9125 19.2217 -49.2909 25.9125
2 24 19.2217 -0.075 25.9125 19.2217 -49.2909 25.9125
2 24 27.1759 -0.075 19.1456 27.1759 -56.099 19.1456
2 24 27.1759 -0.075 19.1456 25.9872 -0.075 19.1456
2 24 27.1759 -56.099 19.1456 25.9872 -56.099 19.1456
2 24 25.9872 -0.075 19.1456 25.9872 -56.099 19.1456
2 24 27.1759 -56.099 20.653 27.1759 -0.075 20.653
2 24 27.1759 -56.099 20.653 25.9872 -56.099 20.653
2 24 27.1759 -0.075 20.653 25.9872 -0.075 20.653
2 24 25.9872 -56.099 20.653 25.9872 -0.075 20.653
2 24 27.1759 -0.075 20.653 27.1759 -0.075 19.1456
2 24 27.1759 -0.075 20.653 25.9872 -0.075 20.653
2 24 27.1759 -0.075 19.1456 25.9872 -0.075 19.1456
2 24 25.9872 -0.075 20.653 25.9872 -0.075 19.1456
2 24 25.9872 -0.075 19.1456 25.9872 -56.099 19.1456
2 24 25.9872 -0.075 19.1456 25.9872 -0.075 20.653
2 24 25.9872 -56.099 19.1456 25.9872 -56.099 20.653
2 24 25.9872 -0.075 20.653 25.9872 -56.099 20.653
2 24 -7.2015 -0.075 -0.6544 -6.0128 -0.075 -0.6544
2 24 -7.2015 -0.075 -0.6544 -7.2015 -25.6873 -0.6544
2 24 -6.0128 -0.075 -0.6544 -6.0128 -25.6873 -0.6544
2 24 -7.2015 -25.6873 -0.6544 -6.0128 -25.6873 -0.6544
2 24 -7.2015 -25.6873 0.853 -6.0128 -25.6873 0.853
2 24 -7.2015 -25.6873 0.853 -7.2015 -0.075 0.853
2 24 -6.0128 -25.6873 0.853 -6.0128 -0.075 0.853
2 24 -7.2015 -0.075 0.853 -6.0128 -0.075 0.853
2 24 -7.2015 -0.075 0.853 -6.0128 -0.075 0.853
2 24 -7.2015 -0.075 0.853 -7.2015 -0.075 -0.6544
2 24 -6.0128 -0.075 0.853 -6.0128 -0.075 -0.6544
2 24 -7.2015 -0.075 -0.6544 -6.0128 -0.075 -0.6544
2 24 -6.0128 -0.075 -0.6544 -6.0128 -0.075 0.853
2 24 -6.0128 -0.075 -0.6544 -6.0128 -25.6873 -0.6544
2 24 -6.0128 -0.075 0.853 -6.0128 -25.6873 0.853
2 24 -6.0128 -25.6873 -0.6544 -6.0128 -25.6873 0.853
2 24 0.7541 -0.075 -7.1012 0.7541 -0.075 -5.9125
2 24 0.7541 -0.075 -7.1012 0.7541 -30.7134 -7.1012
2 24 0.7541 -0.075 -5.9125 0.7541 -30.7134 -5.9125
2 24 0.7541 -30.7134 -7.1012 0.7541 -30.7134 -5.9125
2 24 -0.7533 -30.7134 -7.1012 -0.7533 -30.7134 -5.9125
2 24 -0.7533 -30.7134 -7.1012 -0.7533 -0.075 -7.1012
2 24 -0.7533 -30.7134 -5.9125 -0.7533 -0.075 -5.9125
2 24 -0.7533 -0.075 -7.1012 -0.7533 -0.075 -5.9125
2 24 -0.7533 -0.075 -7.1012 -0.7533 -0.075 -5.9125
2 24 -0.7533 -0.075 -7.1012 0.7541 -0.075 -7.1012
2 24 -0.7533 -0.075 -5.9125 0.7541 -0.075 -5.9125
2 24 0.7541 -0.075 -7.1012 0.7541 -0.075 -5.9125
2 24 0.7541 -0.075 -5.9125 -0.7533 -0.075 -5.9125
2 24 0.7541 -0.075 -5.9125 0.7541 -30.7134 -5.9125
2 24 -0.7533 -0.075 -5.9125 -0.7533 -30.7134 -5.9125
2 24 0.7541 -30.7134 -5.9125 -0.7533 -30.7134 -5.9125
2 24 20.7291 -0.075 -7.1012 20.7291 -0.075 -5.9125
2 24 20.7291 -0.075 -7.1012 20.7291 -49.2909 -7.1012
2 24 20.7291 -0.075 -5.9125 20.7291 -49.2909 -5.9125
2 24 20.7291 -49.2909 -7.1012 20.7291 -49.2909 -5.9125
2 24 19.2217 -49.2909 -7.1012 19.2217 -49.2909 -5.9125
2 24 19.2217 -49.2909 -7.1012 19.2217 -0.075 -7.1012
2 24 19.2217 -49.2909 -5.9125 19.2217 -0.075 -5.9125
2 24 19.2217 -0.075 -7.1012 19.2217 -0.075 -5.9125
2 24 19.2217 -0.075 -7.1012 19.2217 -0.075 -5.9125
2 24 19.2217 -0.075 -7.1012 20.7291 -0.075 -7.1012
2 24 19.2217 -0.075 -5.9125 20.7291 -0.075 -5.9125
2 24 20.7291 -0.075 -7.1012 20.7291 -0.075 -5.9125
2 24 20.7291 -0.075 -5.9125 19.2217 -0.075 -5.9125
2 24 20.7291 -0.075 -5.9125 20.7291 -49.2909 -5.9125
2 24 19.2217 -0.075 -5.9125 19.2217 -49.2909 -5.9125
2 24 20.7291 -49.2909 -5.9125 19.2217 -49.2909 -5.9125
2 24 27.1759 -0.075 0.8544 25.9872 -0.075 0.8544
2 24 27.1759 -0.075 0.8544 27.1759 -56.099 0.8544
2 24 25.9872 -0.075 0.8544 25.9872 -56.099 0.8544
2 24 27.1759 -56.099 0.8544 25.9872 -56.099 0.8544
2 24 27.1759 -56.099 -0.653 25.9872 -56.099 -0.653
2 24 27.1759 -56.099 -0.653 27.1759 -0.075 -0.653
2 24 25.9872 -56.099 -0.653 25.9872 -0.075 -0.653
2 24 27.1759 -0.075 -0.653 25.9872 -0.075 -0.653
2 24 27.1759 -0.075 -0.653 25.9872 -0.075 -0.653
2 24 27.1759 -0.075 -0.653 27.1759 -0.075 0.8544
2 24 25.9872 -0.075 -0.653 25.9872 -0.075 0.8544
2 24 27.1759 -0.075 0.8544 25.9872 -0.075 0.8544
2 24 25.9872 -0.075 0.8544 25.9872 -0.075 -0.653
2 24 25.9872 -0.075 0.8544 25.9872 -56.099 0.8544
2 24 25.9872 -0.075 -0.653 25.9872 -56.099 -0.653
2 24 25.9872 -56.099 0.8544 25.9872 -56.099 -0.653
2 24 193.4106 -96 81.9691 191.9691 -96 83.4106
2 24 191.9691 -96 83.4106 190 -96 83.9382
2 24 190 -96 83.9382 188.0309 -96 83.4106
2 24 188.0309 -96 83.4106 186.5894 -96 81.9691
2 24 186.5894 -96 81.9691 186.0618 -96 80
2 24 186.0618 -96 80 186.5894 -96 78.0309
2 24 186.5894 -96 78.0309 188.0309 -96 76.5894
2 24 188.0309 -96 76.5894 190 -96 76.0618
2 24 190 -96 76.0618 191.9691 -96 76.5894
2 24 191.9691 -96 76.5894 193.4106 -96 78.0309
2 24 193.4106 -96 78.0309 193.9382 -96 80
2 24 193.4106 -96 81.9691 193.9382 -96 80
2 24 170 -96 86.25 170 -96 90
2 24 170 -96 86.25 206.25 -96 86.25
2 24 170 -96 90 210 -96 90
2 24 170 -96 73.75 206.25 -96 73.75
2 24 170 -96 73.75 170 -96 70
2 24 170 -96 70 210 -96 70
2 24 206.25 -96 86.25 206.25 -96 73.75
2 24 210 -96 90 210 -96 70
2 24 170 -96 73.75 206.25 -96 73.75
2 24 190 -121.0666 73.75 206.25 -121.0666 73.75
2 24 206.25 -96 73.75 206.25 -121.0666 73.75
2 24 170 -96 86.25 206.25 -96 86.25
2 24 206.25 -96 86.25 206.25 -99.9682 86.25
2 24 190 -99.9682 86.25 206.25 -99.9682 86.25
2 24 170 -96 86.25 170 -99.9682 86.25
2 24 206.25 -99.9682 86.25 206.25 -96 86.25
2 24 206.25 -96 73.75 206.25 -96 86.25
2 24 170 -96 86.25 170 -99.9682 86.25
2 24 190 -99.9682 86.25 170 -99.9682 86.25
2 24 190 -121.0666 73.75 170 -121.0666 73.75
2 24 170 -96 73.75 170 -121.0666 73.75
2 24 191.936 -106.9876 83.404 189.9708 -105.6887 83.9324
2 24 191.9691 -96 83.4106 190 -96 83.9382
2 24 191.9691 -96 83.4106 193.4106 -96 81.9691
2 24 191.936 -106.9876 83.404 193.3698 -109.6266 81.961
2 24 190 -96 83.9382 188.0309 -96 83.4106
2 24 189.9708 -105.6887 83.9324 187.9977 -106.9877 83.404
2 24 193.4106 -96 81.9691 193.9382 -96 80
2 24 193.3698 -109.6266 81.961 193.9382 -113.2037 80
2 24 188.0309 -96 83.4106 186.5894 -96 81.9691
2 24 187.9977 -106.9877 83.404 186.5486 -109.6266 81.961
2 24 193.9382 -96 80 193.4106 -96 78.0309
2 24 193.9382 -113.2037 80 193.3512 -115.9256 78.0191
2 24 186.5894 -96 81.9691 186.0618 -96 80
2 24 186.5486 -109.6266 81.961 186.0618 -113.2037 80
2 24 193.4106 -96 78.0309 191.9691 -96 76.5894
2 24 193.3512 -115.9256 78.0191 191.9036 -117.7026 76.5764
2 24 186.0618 -96 80 186.5894 -96 78.0309
2 24 186.0618 -113.2037 80 186.53 -115.9256 78.0191
2 24 191.9691 -96 76.5894 190 -96 76.0618
2 24 191.9036 -117.7026 76.5764 189.9326 -118.331 76.0484
2 24 186.5894 -96 78.0309 188.0309 -96 76.5894
2 24 186.53 -115.9256 78.0191 187.9654 -117.7026 76.5764
2 24 190 -96 76.0618 188.0309 -96 76.5894
2 24 189.9326 -118.331 76.0484 187.9654 -117.7026 76.5764
2 24 193.3698 -109.6266 81.961 191.936 -106.9876 83.404
2 24 189.9326 -118.331 76.0484 191.9036 -117.7026 76.5764
2 24 170 -119.2508 75.3814 170 -113.2037 80.0003
2 24 186.53 -115.9256 78.0191 186.0618 -113.2037 80
2 24 170 -104.366 84.7139 170 -99.9682 86.25
2 24 170 -99.9682 86.25 190 -99.9682 86.25
2 24 170 -113.2037 80.0003 170 -104.366 84.7139
2 24 186.0618 -113.2037 80 186.5486 -109.6266 81.961
2 24 193.3698 -109.6266 81.961 193.9382 -113.2037 80
2 24 206.25 -104.366 84.7139 206.25 -113.2037 80.0003
2 24 193.9382 -113.2037 80 193.3512 -115.9256 78.0191
2 24 206.25 -119.2508 75.3814 206.25 -113.2037 80.0003
2 24 186.53 -115.9256 78.0191 187.9654 -117.7026 76.5764
2 24 190 -99.9682 86.25 206.25 -99.9682 86.25
2 24 206.25 -104.366 84.7139 206.25 -99.9682 86.25
2 24 186.5486 -109.6266 81.961 187.9977 -106.9877 83.404
2 24 206.25 -121.0666 73.75 190 -121.0666 73.75
2 24 206.25 -119.2508 75.3814 206.25 -121.0666 73.75
2 24 190 -121.0666 73.75 170 -121.0666 73.75
2 24 170 -119.2508 75.3814 170 -121.0666 73.75
2 24 191.9036 -117.7026 76.5764 193.3512 -115.9256 78.0191
2 24 189.9326 -118.331 76.0484 187.9654 -117.7026 76.5764
2 24 191.936 -106.9876 83.404 189.9708 -105.6887 83.9324
2 24 187.9977 -106.9877 83.404 189.9708 -105.6887 83.9324
2 24 206.25 -121.0666 73.75 206.25 -119.2508 75.3814
2 24 206.25 -96 73.75 206.25 -121.0666 73.75
2 24 206.25 -99.9682 86.25 206.25 -104.366 84.7139
2 24 206.25 -119.2508 75.3814 206.25 -113.2037 80.0003
2 24 206.25 -104.366 84.7139 206.25 -113.2037 80.0003
2 24 170 -99.9682 86.25 170 -104.366 84.7139
2 24 170 -96 73.75 170 -121.0666 73.75
2 24 170 -121.0666 73.75 170 -119.2508 75.3814
2 24 170 -104.366 84.7139 170 -113.2037 80.0003
2 24 170 -119.2508 75.3814 170 -113.2037 80.0003
2 24 162.3925 -100.0039 90 170 -100.8 90
2 24 162.3925 -100.0039 90 147.8408 -94.0628 90
2 24 147.8408 -94.0628 90 136.7517 -82.7714 90
2 24 109.7456 -56.5376 82.6547 110.4612 -57.575 82.8961
2 24 130 -46.2433 90 130.13 -62.2768 90
2 24 130 -20.5074 90 130 0 90
2 24 130 0 90 104.7572 0 81.3126
2 24 -14.7903 0 35.8454 2.5188 0 46.3404
2 24 -29.8943 0 10 -26.1343 0 23.2463
2 24 130 -46.2433 90 130 -20.5074 90
2 24 109.7456 -56.5376 82.6547 108.0936 -55.9295 82.1132
2 24 104.7572 0 81.3126 69.0281 0 69.3997
2 24 69.0281 0 69.3997 33.4581 0 57.5228
2 24 -14.7903 0 35.8454 -26.1343 0 23.2463
2 24 2.5188 0 46.3404 33.4581 0 57.5228
2 24 105.8771 0 77.7358 130 0 86.25
2 24 104.7572 0 81.3126 130 0 90
2 24 -22.6901 0 21.6978 -26.1593 0 10
2 24 -26.1343 0 23.2463 -29.8943 0 10
2 24 105.8771 0 77.7358 72.3524 0 66.5808
2 24 104.7572 0 81.3126 69.0281 0 69.3997
2 24 72.3524 0 66.5808 37.8309 0 55.0882
2 24 69.0281 0 69.3997 33.4581 0 57.5228
2 24 37.8309 0 55.0882 4.7656 0 43.2913
2 24 33.4581 0 57.5228 2.5188 0 46.3404
2 24 4.7656 0 43.2913 -12.092 0 33.2471
2 24 2.5188 0 46.3404 -14.7903 0 35.8454
2 24 -22.6901 0 21.6978 -12.092 0 33.2471
2 24 -26.1343 0 23.2463 -14.7903 0 35.8454
2 24 203.4106 -120 51.9691 201.9691 -120 53.4106
2 24 201.9691 -120 53.4106 200 -120 53.9382
2 24 200 -120 53.9382 198.0309 -120 53.4106
2 24 198.0309 -120 53.4106 196.5894 -120 51.9691
2 24 196.5894 -120 51.9691 196.0618 -120 50
2 24 196.0618 -120 50 196.5894 -120 48.0309
2 24 196.5894 -120 48.0309 198.0309 -120 46.5894
2 24 198.0309 -120 46.5894 200 -120 46.0618
2 24 200 -120 46.0618 201.9691 -120 46.5894
2 24 201.9691 -120 46.5894 203.4106 -120 48.0309
2 24 203.4106 -120 48.0309 203.9382 -120 50
2 24 203.4106 -120 51.9691 203.9382 -120 50
2 24 192 -120 37.9589 192 -120 22.0411
2 24 192 -128.5 30 192 -129.3373 26.8789
2 24 192 -129.3373 26.8789 192 -131.625 24.5913
2 24 192 -120 22.0411 192 -134.75 22.0411
2 24 192 -131.625 24.5913 192 -134.75 23.7539
2 24 192 -129.3373 33.121 192 -131.625 35.4087
2 24 208 -131.625 35.4087 208 -129.3373 33.121
2 24 192 -131.625 35.4087 192 -129.3373 33.121
2 24 208 -129.3373 33.121 208 -128.5 30
2 24 192 -129.3373 33.121 192 -128.5 30
2 24 192 -128.5 30 192 -129.3373 33.121
2 24 192 -131.625 35.4087 192 -134.75 36.246
2 24 208 -131.625 35.4087 208 -134.75 36.246
2 24 192 -131.625 35.4087 192 -134.75 36.246
2 24 192 -120 37.9589 192 -134.75 37.9589
2 24 190 -134.75 22.0411 190 -138.7314 23.1079
2 24 192 -134.75 22.0411 192 -138.7314 23.1079
2 24 190 -140.004 24.3805 190 -141.646 26.0225
2 24 190 -141.646 26.0225 190 -142.7129 30
2 24 192 -141.646 26.0225 192 -142.7129 30
2 24 192 -140.1627 26.8789 192 -137.875 24.5913
2 24 192 -141.646 26.0225 192 -138.7314 23.1079
2 24 208 -137.875 24.5913 208 -140.1627 26.8789
2 24 192 -137.875 24.5913 192 -140.1627 26.8789
2 24 208 -140.1627 26.8789 208 -141 30
2 24 192 -140.1627 26.8789 192 -141 30
2 24 192 -140.1627 26.8789 192 -141 30
2 24 192 -141.646 26.0225 192 -142.7129 30
2 24 208 -137.875 24.5913 208 -134.75 23.7539
2 24 192 -137.875 24.5913 192 -134.75 23.7539
2 24 192 -134.75 23.7539 192 -137.875 24.5913
2 24 192 -134.75 22.0411 192 -138.7314 23.1079
2 24 192 -141 30 192 -140.1627 33.121
2 24 192 -142.7129 30 192 -141.646 33.9775
2 24 192 -140.1627 33.121 192 -137.875 35.4087
2 24 192 -141.646 33.9775 192 -138.7314 36.8921
2 24 192 -134.75 36.246 192 -137.875 35.4087
2 24 192 -134.75 37.9589 192 -138.7314 36.8921
2 24 192 -134.75 37.9589 192 -138.7314 36.8921
2 24 190 -134.75 37.9589 190 -138.7314 36.8921
2 24 190 -138.7314 36.8921 190 -139.7433 35.8714
2 24 192 -138.7314 36.8921 192 -141.646 33.9775
2 24 190 -142.7129 30 190 -141.646 33.9775
2 24 192 -142.7129 30 192 -141.646 33.9775
2 24 192 -134.75 22.0411 192 -120 22.0411
2 24 192 -120 22.0411 190 -120 22.0411
2 24 190 -134.75 22.0411 190 -120 22.0411
2 24 190 -134.75 37.9589 190 -120 37.9589
2 24 190 -120 37.9589 192 -120 37.9589
2 24 192 -134.75 37.9589 192 -120 37.9589
2 24 210 -134.75 22.0411 210 -130.7686 23.1079
2 24 208 -134.75 22.0411 208 -130.7686 23.1079
2 24 210 -130.7686 23.1079 210 -134.75 22.0411
2 24 210 -130.7686 16.8921 210 -134.75 17.9589
2 24 210 -130.7686 23.1079 210 -127.854 26.0225
2 24 208 -130.7686 23.1079 208 -127.854 26.0225
2 24 210 -127.854 26.0225 210 -126.7871 30
2 24 208 -127.854 26.0225 208 -126.7871 30
2 24 208 -129.3373 26.8789 208 -131.625 24.5913
2 24 208 -127.854 26.0225 208 -130.7686 23.1079
2 24 208 -131.625 24.5913 208 -129.3373 26.8789
2 24 192 -131.625 24.5913 192 -129.3373 26.8789
2 24 208 -128.5 30 208 -129.3373 26.8789
2 24 192 -128.5 30 192 -129.3373 26.8789
2 24 208 -129.3373 26.8789 208 -128.5 30
2 24 208 -127.854 26.0225 208 -126.7871 30
2 24 208 -134.75 23.7539 208 -131.625 24.5913
2 24 192 -134.75 23.7539 192 -131.625 24.5913
2 24 208 -131.625 24.5913 208 -134.75 23.7539
2 24 208 -130.7686 23.1079 208 -134.75 22.0411
2 24 208 -128.5 30 208 -129.3373 33.121
2 24 208 -126.7871 30 208 -127.854 33.9775
2 24 208 -129.3373 33.121 208 -131.625 35.4087
2 24 208 -127.854 33.9775 208 -130.7686 36.8921
2 24 208 -131.625 35.4087 208 -134.75 36.246
2 24 208 -130.7686 36.8921 208 -134.75 37.9589
2 24 208 -134.75 37.9589 208 -130.7686 36.8921
2 24 210 -134.75 37.9589 210 -130.7686 36.8921
2 24 210 -130.7686 36.8921 210 -127.854 33.9775
2 24 208 -130.7686 36.8921 208 -127.854 33.9775
2 24 210 -126.7871 30 210 -127.854 33.9775
2 24 208 -126.7871 30 208 -127.854 33.9775
2 24 210 -127.854 33.9775 210 -130.7686 36.8921
2 24 210 -127.854 33.9775 210 -126.7871 30
2 24 210 -120 70 210 -120 30
2 24 208 -142.7129 30 208 -141.646 26.0225
2 24 208 -141 30 208 -140.1627 26.8789
2 24 208 -140.1627 26.8789 208 -137.875 24.5913
2 24 208 -141.646 26.0225 208 -138.7314 23.1079
2 24 208 -134.75 23.7539 208 -137.875 24.5913
2 24 208 -134.75 22.0411 208 -138.7314 23.1079
2 24 210 -134.75 22.0411 210 -138.7314 23.1079
2 24 208 -134.75 22.0411 208 -138.7314 23.1079
2 24 210 -138.7314 23.1079 210 -141.646 26.0225
2 24 208 -138.7314 23.1079 208 -141.646 26.0225
2 24 210 -141.646 26.0225 210 -142.7129 30
2 24 208 -141.646 26.0225 208 -142.7129 30
2 24 210 -141.646 26.0225 210 -142.7129 30
2 24 208 -134.75 37.9589 208 -138.7314 36.8921
2 24 210 -134.75 37.9589 210 -138.7314 36.8921
2 24 210 -138.7314 36.8921 210 -141.646 33.9775
2 24 208 -138.7314 36.8921 208 -141.646 33.9775
2 24 210 -141.646 33.9775 210 -138.7314 36.8921
2 24 210 -142.7129 30 210 -141.646 33.9775
2 24 208 -142.7129 30 208 -141.646 33.9775
2 24 210 -142.7129 30 210 -141.646 33.9775
2 24 210 -144 30 210 -143.4152 39.7576
2 24 208 -140.1627 33.121 208 -137.875 35.4087
2 24 208 -141.646 33.9775 208 -138.7314 36.8921
2 24 208 -137.875 35.4087 208 -140.1627 33.121
2 24 192 -137.875 35.4087 192 -140.1627 33.121
2 24 208 -141 30 208 -140.1627 33.121
2 24 192 -141 30 192 -140.1627 33.121
2 24 208 -142.7129 30 208 -141.646 33.9775
2 24 208 -141 30 208 -140.1627 33.121
2 24 192 -134.75 36.246 192 -137.875 35.4087
2 24 208 -134.75 36.246 208 -137.875 35.4087
2 24 208 -134.75 36.246 208 -137.875 35.4087
2 24 208 -134.75 37.9589 208 -138.7314 36.8921
2 24 192 -129.3373 13.121 192 -131.625 15.4087
2 24 208 -131.625 15.4087 208 -129.3373 13.121
2 24 192 -131.625 15.4087 192 -129.3373 13.121
2 24 208 -129.3373 13.121 208 -128.5 10
2 24 192 -129.3373 13.121 192 -128.5 10
2 24 192 -129.3373 13.121 192 -128.5 10
2 24 192 -131.625 15.4087 192 -134.75 16.246
2 24 208 -131.625 15.4087 208 -134.75 16.246
2 24 192 -131.625 15.4087 192 -134.75 16.246
2 24 192 -120 17.9589 192 -134.75 17.9589
2 24 192 -141 10 192 -140.1627 13.121
2 24 192 -142.7129 10 192 -141.646 13.9775
2 24 192 -140.1627 13.121 192 -137.875 15.4087
2 24 192 -141.646 13.9775 192 -138.7314 16.8921
2 24 192 -134.75 16.246 192 -137.875 15.4087
2 24 192 -134.75 17.9589 192 -138.7314 16.8921
2 24 192 -134.75 17.9589 192 -138.7314 16.8921
2 24 190 -134.75 17.9589 190 -138.7314 16.8921
2 24 190 -138.7314 16.8921 190 -140.004 15.6194
2 24 192 -138.7314 16.8921 192 -141.646 13.9775
2 24 190 -141.646 13.9775 190 -142.7129 10
2 24 192 -141.646 13.9775 192 -142.7129 10
2 24 190 -134.75 17.9589 190 -120 17.9589
2 24 190 -120 17.9589 192 -120 17.9589
2 24 192 -134.75 17.9589 192 -120 17.9589
2 24 208 -128.5 10 208 -129.3373 13.121
2 24 208 -126.7871 10 208 -127.854 13.9775
2 24 208 -129.3373 13.121 208 -131.625 15.4087
2 24 208 -127.854 13.9775 208 -130.7686 16.8921
2 24 208 -131.625 15.4087 208 -134.75 16.246
2 24 208 -130.7686 16.8921 208 -134.75 17.9589
2 24 208 -134.75 17.9589 208 -130.7686 16.8921
2 24 210 -134.75 17.9589 210 -130.7686 16.8921
2 24 210 -130.7686 16.8921 210 -127.854 13.9775
2 24 208 -130.7686 16.8921 208 -127.854 13.9775
2 24 210 -127.854 13.9775 210 -126.7871 10
2 24 208 -127.854 13.9775 208 -126.7871 10
2 24 210 -130.7686 16.8921 210 -127.854 13.9775
2 24 210 -130.7686 23.1079 210 -127.854 26.0225
2 24 208 -134.75 17.9589 208 -138.7314 16.8921
2 24 210 -134.75 17.9589 210 -138.7314 16.8921
2 24 210 -134.75 22.0411 210 -138.7314 23.1079
2 24 210 -134.75 17.9589 210 -138.7314 16.8921
2 24 210 -138.7314 16.8921 210 -141.646 13.9775
2 24 208 -138.7314 16.8921 208 -141.646 13.9775
2 24 210 -141.646 13.9775 210 -142.7129 10
2 24 210 -141.646 13.9775 210 -142.7129 10
2 24 208 -141.646 13.9775 208 -142.7129 10
2 24 208 -140.1627 13.121 208 -137.875 15.4087
2 24 208 -141.646 13.9775 208 -138.7314 16.8921
2 24 208 -137.875 15.4087 208 -140.1627 13.121
2 24 192 -137.875 15.4087 192 -140.1627 13.121
2 24 208 -140.1627 13.121 208 -141 10
2 24 192 -140.1627 13.121 192 -141 10
2 24 208 -141.646 13.9775 208 -142.7129 10
2 24 208 -140.1627 13.121 208 -141 10
2 24 192 -134.75 16.246 192 -137.875 15.4087
2 24 208 -134.75 16.246 208 -137.875 15.4087
2 24 208 -134.75 16.246 208 -137.875 15.4087
2 24 208 -134.75 17.9589 208 -138.7314 16.8921
2 24 190 -134.75 22.0411 190 -120 22.0411
2 24 190 -120 22.0411 190 -120 17.9589
2 24 190 -134.75 17.9589 190 -120 17.9589
2 24 190 -134.75 22.0411 190 -138.7314 23.1079
2 24 190 -134.75 17.9589 190 -138.7314 16.8921
2 24 190 -140.004 15.6194 190 -141.646 13.9775
2 24 190 -138.7314 23.1079 190 -140.004 24.3805
2 24 192 -138.7314 23.1079 192 -141.646 26.0225
2 24 190 -139.7433 35.8714 190 -141.646 33.9775
2 24 190 -140.004 15.6194 190 -140.004 24.3805
2 24 190 -138.7314 16.8921 190 -140.004 15.6194
2 24 190 -138.7314 23.1079 190 -140.004 24.3805
2 24 190 -140.004 10 190 -140.004 15.6194
2 24 190 -141.646 13.9775 190 -140.004 15.6194
2 24 190 -141.646 13.9775 190 -142.7129 10
2 24 190 -142.7129 30 190 -141.646 26.0225
2 24 190 -142.7129 30 190 -141.646 33.9775
2 24 190 -140.004 30 190 -140.004 24.3805
2 24 190 -141.646 26.0225 190 -140.004 24.3805
2 24 190 -141.646 33.9775 190 -139.7433 35.8714
2 24 190 -140.004 30 190 -139.7433 35.8714
2 24 210 -144 30 210 -144 10
2 24 210 -144 30 210 -143.4152 39.7576
2 24 170 -100.8 90 210 -100.8 90
2 24 210 -100.8 90 210 -96 90
2 24 170 -96 90 210 -96 90
2 24 210 -143.4152 39.7576 210 -139.2392 54.0497
2 24 210 -139.2392 54.0497 210 -129.0659 70.8768
2 24 210 -129.0659 70.8768 210 -114.2022 83.7633
2 24 210 -114.2022 83.7633 210 -100.8 90
2 24 170 -100.8 90 210 -100.8 90
2 24 206.25 -120 70 206.25 -124.1405 70
2 24 200 -124.1405 70 206.25 -124.1405 70
2 24 200 -124.1405 70 206.25 -124.1405 70
2 24 206.25 -128.9373 64.4972 206.25 -124.1405 70
2 24 206.25 -128.9373 64.4972 206.25 -133.5917 56.576
2 24 200 -139.6362 38.2351 206.25 -139.6362 38.2351
2 24 206.25 -139.6362 38.2351 206.25 -139.1119 41.1397
2 24 193.75 -140.004 18.0143 193.75 -140.004 21.9856
2 24 193.75 -140.004 18.0143 200 -140.004 18.0143
2 24 193.75 -140.004 21.9856 200 -140.004 21.9856
2 24 206.25 -139.1291 38.5397 206.25 -134.75 39.7131
2 24 206.25 -134.75 39.7131 206.25 -129.8934 38.4118
2 24 206.25 -129.8934 38.4118 206.25 -126.3382 34.8565
2 24 200 -139.6362 38.2351 206.25 -139.6362 38.2351
2 24 206.25 -139.1291 38.5397 206.25 -139.6362 38.2351
2 24 193.75 -129.8934 38.4118 193.75 -126.3382 34.8565
2 24 193.75 -129.8934 38.4118 193.75 -134.75 39.7131
2 24 193.75 -134.75 39.7131 193.75 -139.1291 38.5397
2 24 200 -139.6362 38.2351 193.75 -139.6362 38.2351
2 24 193.75 -139.1291 38.5397 193.75 -139.6362 38.2351
2 24 198.0309 -125.9507 33.4106 196.5894 -125.5645 31.9691
2 24 203.4106 -125.5645 31.9691 201.9691 -125.9507 33.4106
2 24 193.75 -126.3382 34.8565 193.75 -125.0369 30
2 24 196.5894 -125.5645 31.9691 196.0618 -125.0369 30
2 24 198.0309 -125.9507 33.4106 200 -126.0921 33.9382
2 24 201.9691 -125.9507 33.4106 200 -126.0921 33.9382
2 24 206.25 -126.3382 34.8565 206.25 -125.0369 30
2 24 203.4106 -125.5645 31.9691 203.9382 -125.0369 30
2 24 201.9691 -120 33.4106 200 -120 33.9382
2 24 201.9691 -125.9507 33.4106 200 -126.0921 33.9382
2 24 201.9691 -120 33.4106 203.4106 -120 31.9691
2 24 201.9691 -125.9507 33.4106 203.4106 -125.5645 31.9691
2 24 200 -126.0921 33.9382 198.0309 -125.9507 33.4106
2 24 200 -120 33.9382 198.0309 -120 33.4106
2 24 203.4106 -120 31.9691 203.9382 -120 30
2 24 203.4106 -125.5645 31.9691 203.9382 -125.0369 30
2 24 198.0309 -125.9507 33.4106 196.5894 -125.5645 31.9691
2 24 198.0309 -120 33.4106 196.5894 -120 31.9691
2 24 196.5894 -125.5645 31.9691 196.0618 -125.0369 30
2 24 196.5894 -120 31.9691 196.0618 -120 30
2 24 206.25 -139.1291 21.4602 206.25 -134.75 20.2869
2 24 206.25 -134.75 20.2869 206.25 -129.8934 21.5882
2 24 206.25 -129.8934 21.5882 206.25 -126.3382 25.1434
2 24 200 -140.004 21.9856 206.25 -140.004 21.9856
2 24 206.25 -139.1291 21.4602 206.25 -140.004 21.9856
2 24 193.75 -129.8934 21.5882 193.75 -126.3382 25.1434
2 24 193.75 -129.8934 21.5882 193.75 -134.75 20.2869
2 24 193.75 -134.75 20.2869 193.75 -139.1291 21.4602
2 24 193.75 -139.1291 21.4602 193.75 -140.004 21.9856
2 24 200 -140.004 21.9856 193.75 -140.004 21.9856
2 24 196.5894 -125.5645 28.0309 198.0309 -125.9507 26.5894
2 24 201.9691 -125.9507 26.5894 203.4106 -125.5645 28.0309
2 24 193.75 -125.0369 30 193.75 -126.3382 25.1434
2 24 196.0618 -125.0369 30 196.5894 -125.5645 28.0309
2 24 198.0309 -125.9507 26.5894 200 -126.0921 26.0618
2 24 201.9691 -125.9507 26.5894 200 -126.0921 26.0618
2 24 206.25 -125.0369 30 206.25 -126.3382 25.1434
2 24 203.9382 -125.0369 30 203.4106 -125.5645 28.0309
2 24 203.4106 -120 31.9691 201.9691 -120 33.4106
2 24 201.9691 -120 33.4106 200 -120 33.9382
2 24 200 -120 33.9382 198.0309 -120 33.4106
2 24 198.0309 -120 33.4106 196.5894 -120 31.9691
2 24 196.5894 -120 31.9691 196.0618 -120 30
2 24 196.0618 -120 30 196.5894 -120 28.0309
2 24 196.5894 -120 28.0309 198.0309 -120 26.5894
2 24 198.0309 -120 26.5894 200 -120 26.0618
2 24 200 -120 26.0618 201.9691 -120 26.5894
2 24 201.9691 -120 26.5894 203.4106 -120 28.0309
2 24 203.4106 -120 28.0309 203.9382 -120 30
2 24 203.4106 -120 31.9691 203.9382 -120 30
2 24 196.0618 -120 30 196.5894 -120 28.0309
2 24 196.0618 -125.0369 30 196.5894 -125.5645 28.0309
2 24 196.5894 -120 28.0309 198.0309 -120 26.5894
2 24 196.5894 -125.5645 28.0309 198.0309 -125.9507 26.5894
2 24 198.0309 -120 26.5894 200 -120 26.0618
2 24 198.0309 -125.9507 26.5894 200 -126.0921 26.0618
2 24 200 -126.0921 26.0618 201.9691 -125.9507 26.5894
2 24 200 -120 26.0618 201.9691 -120 26.5894
2 24 201.9691 -125.9507 26.5894 203.4106 -125.5645 28.0309
2 24 201.9691 -120 26.5894 203.4106 -120 28.0309
2 24 203.9382 -125.0369 30 203.4106 -125.5645 28.0309
2 24 203.9382 -120 30 203.4106 -120 28.0309
2 24 206.25 -139.1291 18.5397 206.25 -134.75 19.7131
2 24 206.25 -134.75 19.7131 206.25 -129.8934 18.4118
2 24 206.25 -129.8934 18.4118 206.25 -126.3382 14.8565
2 24 200 -140.004 18.0143 206.25 -140.004 18.0143
2 24 206.25 -139.1291 18.5397 206.25 -140.004 18.0143
2 24 193.75 -129.8934 18.4118 193.75 -126.3382 14.8565
2 24 193.75 -129.8934 18.4118 193.75 -134.75 19.7131
2 24 193.75 -134.75 19.7131 193.75 -139.1291 18.5397
2 24 200 -140.004 18.0143 193.75 -140.004 18.0143
2 24 193.75 -139.1291 18.5397 193.75 -140.004 18.0143
2 24 198.0309 -125.9507 13.4106 196.5894 -125.5645 11.9691
2 24 203.4106 -125.5645 11.9691 201.9691 -125.9507 13.4106
2 24 193.75 -126.3382 14.8565 193.75 -125.0369 10
2 24 196.5894 -125.5645 11.9691 196.0618 -125.0369 10
2 24 198.0309 -125.9507 13.4106 200 -126.0921 13.9382
2 24 201.9691 -125.9507 13.4106 200 -126.0921 13.9382
2 24 206.25 -126.3382 14.8565 206.25 -125.0369 10
2 24 203.4106 -125.5645 11.9691 203.9382 -125.0369 10
2 24 201.9691 -120 13.4106 200 -120 13.9382
2 24 201.9691 -125.9507 13.4106 200 -126.0921 13.9382
2 24 201.9691 -120 13.4106 203.4106 -120 11.9691
2 24 201.9691 -125.9507 13.4106 203.4106 -125.5645 11.9691
2 24 200 -126.0921 13.9382 198.0309 -125.9507 13.4106
2 24 200 -120 13.9382 198.0309 -120 13.4106
2 24 203.4106 -120 11.9691 203.9382 -120 10
2 24 203.4106 -125.5645 11.9691 203.9382 -125.0369 10
2 24 198.0309 -125.9507 13.4106 196.5894 -125.5645 11.9691
2 24 198.0309 -120 13.4106 196.5894 -120 11.9691
2 24 196.5894 -125.5645 11.9691 196.0618 -125.0369 10
2 24 196.5894 -120 11.9691 196.0618 -120 10
2 24 203.4106 -120 11.9691 201.9691 -120 13.4106
2 24 201.9691 -120 13.4106 200 -120 13.9382
2 24 200 -120 13.9382 198.0309 -120 13.4106
2 24 198.0309 -120 13.4106 196.5894 -120 11.9691
2 24 196.5894 -120 11.9691 196.0618 -120 10
2 24 203.4106 -120 11.9691 203.9382 -120 10
2 24 200 -140.004 18.0143 206.25 -140.004 18.0143
2 24 200 -140.004 21.9856 206.25 -140.004 21.9856
2 24 206.25 -140.004 18.0143 206.25 -140.004 21.9856
2 24 193.75 -139.6362 38.2351 193.75 -139.1119 41.1397
2 24 200 -139.6362 38.2351 193.75 -139.6362 38.2351
2 24 193.75 -128.9373 64.4972 193.75 -133.5917 56.576
2 24 193.75 -128.9373 64.4972 193.75 -124.1405 70
2 24 200 -124.1405 70 193.75 -124.1405 70
2 24 200 -124.1405 70 193.75 -124.1405 70
2 24 193.75 -120 70 193.75 -124.1405 70
2 24 193.75 -120 20 193.75 -120 37.9589
2 24 192 -120 22.0411 192 -120 37.9589
2 24 192 -120 22.0411 190 -120 22.0411
2 24 206.25 -120 30 206.25 -120 70
2 24 206.25 -120 70 210 -120 70
2 24 210 -120 30 210 -120 70
2 24 206.25 -125.0369 10 206.25 -126.3382 14.8565
2 24 206.25 -140.004 21.9856 206.25 -139.1291 21.4602
2 24 206.25 -140.004 21.9856 206.25 -140.004 18.0143
2 24 206.25 -140.004 18.0143 206.25 -139.1291 18.5397
2 24 206.25 -139.1291 21.4602 206.25 -134.75 20.2869
2 24 206.25 -139.1291 18.5397 206.25 -134.75 19.7131
2 24 206.25 -134.75 20.2869 206.25 -129.8934 21.5882
2 24 206.25 -134.75 19.7131 206.25 -129.8934 18.4118
2 24 206.25 -129.8934 21.5882 206.25 -126.3382 25.1434
2 24 206.25 -126.3382 14.8565 206.25 -129.8934 18.4118
2 24 193.75 -139.1291 21.4602 193.75 -140.004 21.9856
2 24 193.75 -140.004 21.9856 193.75 -140.004 18.0143
2 24 193.75 -139.1291 18.5397 193.75 -140.004 18.0143
2 24 193.75 -139.1291 21.4602 193.75 -134.75 20.2869
2 24 193.75 -139.1291 18.5397 193.75 -134.75 19.7131
2 24 193.75 -134.75 20.2869 193.75 -129.8934 21.5882
2 24 193.75 -134.75 19.7131 193.75 -129.8934 18.4118
2 24 193.75 -129.8934 21.5882 193.75 -126.3382 25.1434
2 24 193.75 -129.8934 18.4118 193.75 -126.3382 14.8565
2 24 206.25 -126.3382 25.1434 206.25 -125.0369 30
2 24 206.25 -125.0369 30 206.25 -126.3382 34.8565
2 24 193.75 -126.3382 25.1434 193.75 -125.0369 30
2 24 193.75 -120 20 193.75 -120 37.9589
2 24 193.75 -120 37.9589 193.75 -120 70
2 24 193.75 -125.0369 30 193.75 -126.3382 34.8565
2 24 206.25 -128.9373 64.4972 206.25 -124.1405 70
2 24 206.25 -120 70 206.25 -124.1405 70
2 24 206.25 -128.9373 64.4972 206.25 -133.5917 56.576
2 24 206.25 -133.5917 56.576 206.25 -136.4718 50
2 24 206.25 -120 30 206.25 -120 70
2 24 206.25 -126.3382 34.8565 206.25 -129.8934 38.4118
2 24 206.25 -136.4718 50 206.25 -139.1119 41.1397
2 24 206.25 -134.75 39.7131 206.25 -139.1291 38.5397
2 24 206.25 -139.1291 38.5397 206.25 -139.6362 38.2351
2 24 206.25 -139.1119 41.1397 206.25 -139.6362 38.2351
2 24 206.25 -129.8934 38.4118 206.25 -134.75 39.7131
2 24 193.75 -124.1405 70 193.75 -128.9373 64.4972
2 24 193.75 -120 70 193.75 -124.1405 70
2 24 193.75 -128.9373 64.4972 193.75 -133.5917 56.576
2 24 193.75 -133.5917 56.576 193.75 -136.4718 50
2 24 193.75 -126.3382 34.8565 193.75 -129.8934 38.4118
2 24 193.75 -120 37.9589 193.75 -120 70
2 24 193.75 -129.8934 38.4118 193.75 -134.75 39.7131
2 24 193.75 -136.4718 50 193.75 -139.1119 41.1397
2 24 193.75 -134.75 39.7131 193.75 -139.1291 38.5397
2 24 193.75 -139.1291 38.5397 193.75 -139.6362 38.2351
2 24 193.75 -139.1119 41.1397 193.75 -139.6362 38.2351
2 24 193.75 -120 70 190 -120 70
2 24 192 -120 37.9589 190 -120 37.9589
2 24 190 -120 70 190 -120 37.9589
2 24 190 -134.75 37.9589 190 -138.7314 36.8921
2 24 190 -138.0364 45.1295 190 -139.7433 35.8714
2 24 190 -138.7314 36.8921 190 -139.7433 35.8714
2 24 190 -120 70 190 -120 37.9589
2 24 190 -134.75 37.9589 190 -120 37.9589
2 24 190 -131.4695 60.6703 190 -124.3697 70
2 24 190 -120 70 190 -124.3697 70
2 24 190 -138.0364 45.1295 190 -131.4695 60.6703
2 24 210 -129.0659 70.8768 210 -139.2392 54.0497
2 24 210 -138.7314 36.8921 210 -134.75 37.9589
2 24 210 -129.0659 70.8768 210 -114.2022 83.7633
2 24 210 -120 70 210 -96 70
2 24 210 -114.2022 83.7633 210 -100.8 90
2 24 210 -100.8 90 210 -96 90
2 24 210 -96 70 210 -96 90
2 24 190 -120 22.0411 190 -120 17.9589
2 24 190 -120 17.9589 192 -120 17.9589
2 24 201.9691 -134.9781 53.4106 200 -134.747 53.9382
2 24 201.9691 -120 53.4106 200 -120 53.9382
2 24 201.9691 -120 53.4106 203.4106 -120 51.9691
2 24 201.9691 -134.9781 53.4106 203.4106 -135.6094 51.9691
2 24 200 -134.747 53.9382 198.0309 -134.9781 53.4106
2 24 200 -120 53.9382 198.0309 -120 53.4106
2 24 198.0309 -134.9781 53.4106 196.5894 -135.6094 51.9691
2 24 198.0309 -120 53.4106 196.5894 -120 51.9691
2 24 203.4106 -135.6094 51.9691 203.9279 -136.4718 50
2 24 203.4106 -120 51.9691 203.9382 -120 50
2 24 196.5894 -135.6094 51.9691 196.0721 -136.4718 50
2 24 196.5894 -120 51.9691 196.0618 -120 50
2 24 203.9279 -136.4718 50 203.4106 -137.067 48.0309
2 24 203.9382 -120 50 203.4106 -120 48.0309
2 24 196.0721 -136.4718 50 196.5894 -137.067 48.0309
2 24 196.0618 -120 50 196.5894 -120 48.0309
2 24 203.4106 -137.067 48.0309 201.9691 -137.4948 46.5894
2 24 203.4106 -120 48.0309 201.9691 -120 46.5894
2 24 196.5894 -137.067 48.0309 198.0309 -137.4948 46.5894
2 24 196.5894 -120 48.0309 198.0309 -120 46.5894
2 24 198.0309 -137.4948 46.5894 200 -137.6514 46.0618
2 24 198.0309 -120 46.5894 200 -120 46.0618
2 24 201.9691 -137.4948 46.5894 200 -137.6514 46.0618
2 24 201.9691 -120 46.5894 200 -120 46.0618
2 24 201.9691 -134.9781 53.4106 200 -134.747 53.9382
2 24 201.9691 -134.9781 53.4106 203.4106 -135.6094 51.9691
2 24 200 -134.747 53.9382 198.0309 -134.9781 53.4106
2 24 203.4106 -135.6094 51.9691 203.9279 -136.4718 50
2 24 206.25 -133.5917 56.576 206.25 -136.4718 50
2 24 198.0309 -134.9781 53.4106 196.5894 -135.6094 51.9691
2 24 206.25 -139.1119 41.1397 206.25 -136.4718 50
2 24 203.9279 -136.4718 50 203.4106 -137.067 48.0309
2 24 193.75 -133.5917 56.576 193.75 -136.4718 50
2 24 196.5894 -135.6094 51.9691 196.0721 -136.4718 50
2 24 203.4106 -137.067 48.0309 201.9691 -137.4948 46.5894
2 24 193.75 -139.1119 41.1397 193.75 -136.4718 50
2 24 196.0721 -136.4718 50 196.5894 -137.067 48.0309
2 24 201.9691 -137.4948 46.5894 200 -137.6514 46.0618
2 24 196.5894 -137.067 48.0309 198.0309 -137.4948 46.5894
2 24 200 -137.6514 46.0618 198.0309 -137.4948 46.5894
2 24 206.25 -120 70 210 -120 70
2 24 210 -120 70 210 -96 70
2 24 170 -96 70 210 -96 70
2 24 193.75 -120 70 190 -120 70
2 24 130 0 86.25 166.25 0 86.25
2 24 130 0 90 170 0 90
2 24 166.25 -111.4041 81.1363 166.2491 -100.8 86.25
2 24 166.2491 -100.8 86.25 166.25 0 86.25
2 24 166.25 0 70 166.25 0 86.25
2 24 170 -96 70 170 0 70
2 24 170 -96 73.75 170 -96 70
2 24 170 0 90 170 0 70
2 24 170 0 70 166.25 0 70
2 24 166.25 0 86.25 166.25 0 70
2 24 130.13 -62.2768 86.25 130 -26.0609 86.25
2 24 170 -96 70 170 0 70
2 24 170 0 70 166.25 0 70
2 24 166.25 0 70 166.25 -124.3697 70
2 24 166.2491 -100.8 86.25 154.8326 -97.7612 86.25
2 24 166.25 0 86.25 166.2491 -100.8 86.25
2 24 154.8326 -97.7612 86.25 141.7432 -88.9701 86.25
2 24 141.7432 -88.9701 86.25 133.0638 -75.7652 86.25
2 24 130.13 -62.2768 86.25 133.0638 -75.7652 86.25
2 24 136.7517 -82.7714 90 147.8408 -94.0628 90
2 24 136.7517 -82.7714 90 131.5556 -72.1169 90
2 24 131.5556 -72.1169 90 130.13 -62.2768 90
2 24 147.8408 -94.0628 90 162.3925 -100.0039 90
2 24 170 -100.8 90 162.3925 -100.0039 90
2 24 130.13 -62.2768 90 130 -46.2433 90
2 24 130 0 90 130 -20.5074 90
2 24 170 0 90 130 0 90
2 24 130 -46.2433 90 130 -20.5074 90
2 24 166.25 0 86.25 130 0 86.25
2 24 130 -26.0609 86.25 130 0 86.25
2 24 166.25 -124.3697 70 190 -124.3697 70
2 24 190 -120 70 190 -124.3697 70
2 24 166.25 0 70 166.25 -124.3697 70
2 24 166.25 -111.4041 81.1363 166.25 -124.3697 70
2 24 108.0936 -55.9295 82.1132 97.6424 -55.9395 78.2585
2 24 170 -96 90 170 0 90
2 24 210 -127.854 13.9775 210 -126.7871 10
2 24 210 -138.7314 16.8921 210 -141.646 13.9775
2 24 210 -141.646 26.0225 210 -138.7314 23.1079
2 24 210 -144 30 210 -144 10
2 24 210 -126.7871 30 210 -127.854 26.0225
2 24 210 -130.7686 36.8921 210 -134.75 37.9589
2 24 210 -143.4152 39.7576 210 -139.2392 54.0497
2 24 193.75 -126.3382 14.8565 193.75 -125.0369 10
2 24 43.9331 -83.895 15.3664 43.5544 -83.4798 13.338
2 24 43.5544 -83.4798 13.338 42.3268 -82.0882 12.4141
2 24 68.0579 -83.895 56.6942 67.2066 -83.7456 56.0994
2 24 67.2066 -83.7456 56.0994 66.1951 -83.0614 55.6517
2 24 59.8537 -82.5955 50.4488 58.7845 -80.1608 51.1132
2 24 59.8537 -82.5955 50.4488 58.5337 -83.895 48.1895
2 24 68.0579 -83.895 56.6942 77.433 -83.909 63.4498
2 24 77.433 -83.909 63.4498 86.6532 -83.895 68.8992
2 24 95.3276 -83.4345 73.5623 96.7914 -83.895 74.1798
2 24 88.9734 -80.5309 71.0048 88.7815 -82.7067 70.375
2 24 95.3276 -83.4345 73.5623 94.41 -82.2154 73.3749
2 24 86.6532 -83.895 68.8992 88.7815 -82.7067 70.375
2 24 96.7914 -83.895 74.1798 106.8384 -83.8788 78.8256
2 24 106.8384 -83.8788 78.8256 116.4706 -83.895 82.724
2 24 116.4706 -83.895 82.724 118.6952 -82.5356 83.798
2 24 118.6952 -82.5356 83.798 118.5282 -79.7387 84.1572
2 24 136.7517 -82.7714 90 131.5556 -72.1169 90
2 24 130.13 -62.2768 90 131.5556 -72.1169 90
2 24 118.5282 -79.7387 84.1572 114.6212 -68.9417 83.828
2 24 44.0752 -83.9346 21.3633 47.3115 -83.9253 32.5347
2 24 47.3115 -83.9253 32.5347 52.8339 -83.8883 41.921
2 24 58.5337 -83.895 48.1895 52.8339 -83.8883 41.921
2 24 42.3268 -82.0882 12.4141 35.3889 -74.2536 12.4361
2 24 35.3889 -74.2536 12.4361 26.2112 -63.9104 12.4124
2 24 44.1248 -64.0501 48.8052 45.4329 -64.9542 49.3027
2 24 50.0953 -63.1229 53.8254 50.6267 -65.4666 53.0011
2 24 50.0953 -63.1229 53.8254 51.72 -61.4345 55.7111
2 24 44.1248 -64.0501 48.8052 42.7372 -63.9197 47.7223
2 24 30.7861 -63.904 33.8489 37.9058 -63.9557 43.4504
2 24 30.7861 -63.904 33.8489 26.7372 -63.8767 22.5761
2 24 26.2112 -63.9104 12.4124 26.7372 -63.8767 22.5761
2 24 42.7372 -63.9197 47.7223 37.9058 -63.9557 43.4504
2 24 51.72 -61.4345 55.7111 63.0786 -59.0237 63.0584
2 24 79.1438 -55.9886 70.9167 80.6062 -57.471 71.3687
2 24 79.1438 -55.9886 70.9167 76.8195 -56.0571 69.9727
2 24 97.6424 -55.9395 78.2585 88.4329 -55.93 74.6944
2 24 88.4329 -55.93 74.6944 86.4684 -56.8839 73.8399
2 24 86.0837 -59.2851 73.4731 86.4684 -56.8839 73.8399
2 24 110.4612 -57.575 82.8961 114.6212 -68.9417 83.828
2 24 88.9734 -80.5309 71.0048 84.7221 -68.7797 71.3006
2 24 94.41 -82.2154 73.3749 89.6059 -68.8692 73.5759
2 24 86.0837 -59.2851 73.4731 89.6059 -68.8692 73.5759
2 24 80.6062 -57.471 71.3687 84.7221 -68.7797 71.3006
2 24 45.4329 -64.9542 49.3027 52.0727 -72.4802 50.1989
2 24 50.6267 -65.4666 53.0011 59.0155 -74.9478 54.3785
2 24 58.7845 -80.1608 51.1132 52.0727 -72.4802 50.1989
2 24 66.1951 -83.0614 55.6517 59.0155 -74.9478 54.3785
2 24 -22.6901 0 21.6978 -26.1593 0 10
2 24 -11.6577 -16.4183 28.9315 -9.8239 -17.5926 29.6751
2 24 -11.6577 -16.4183 28.9315 -12.8087 -16.7117 27.1203
2 24 -16.4538 -18.9949 10 -15.4562 -18.2581 18.5615
2 24 -12.8087 -16.7117 27.1203 -15.4562 -18.2581 18.5615
2 24 4.7656 0 43.2913 -12.092 0 33.2471
2 24 -22.6901 0 21.6978 -12.092 0 33.2471
2 24 4.7656 0 43.2913 37.8309 0 55.0882
2 24 37.8309 0 55.0882 72.3524 0 66.5808
2 24 113.3841 -45.6072 79.8834 96.105 -47.0677 74.1129
2 24 72.3524 0 66.5808 105.8771 0 77.7358
2 24 105.8771 0 77.7358 130 0 86.25
2 24 130 -26.0609 86.25 130 0 86.25
2 24 130 -26.0609 86.25 130.13 -62.2768 86.25
2 24 113.3841 -45.6072 79.8834 118.4074 -47.2292 81.5901
2 24 130.13 -62.2768 86.25 133.0638 -75.7652 86.25
2 24 133.0638 -75.7652 86.25 141.7432 -88.9701 86.25
2 24 118.4074 -47.2292 81.5901 119.7948 -53.5266 82.367
2 24 119.7948 -53.5266 82.367 121.0498 -80.4715 80.9784
2 24 121.0498 -80.4715 80.9784 122.7893 -101.395 75.9428
2 24 141.7432 -88.9701 86.25 154.8326 -97.7612 86.25
2 24 166.2491 -100.8 86.25 166.25 -111.4041 81.1363
2 24 154.8326 -97.7612 86.25 166.2491 -100.8 86.25
2 24 166.25 -111.4041 81.1363 166.25 -124.3697 70
2 24 67.5296 -101.395 23.6846 72.1607 -101.395 36.4837
2 24 72.1607 -101.395 36.4837 84.0303 -101.395 52.3127
2 24 84.0303 -101.395 52.3127 101.5491 -101.395 65.9554
2 24 122.7893 -101.395 75.9428 115.899 -101.3426 73.0731
2 24 166.25 -124.3697 70 190 -124.3697 70
2 24 190 -131.4695 60.6703 190 -124.3697 70
2 24 190 -131.4695 60.6703 190 -138.0364 45.1295
2 24 190 -138.0364 45.1295 190 -139.7433 35.8714
2 24 190 -139.7433 35.8714 190 -140.004 30
2 24 190 -140.004 30 190 -140.004 24.3805
2 24 190 -140.004 24.3805 190 -140.004 15.6194
2 24 190 -140.004 15.6194 190 -140.004 10
2 24 23.6314 -50.0435 36.5631 18.0909 -48.5298 31.984
2 24 18.0909 -48.5298 31.984 12.973 -43.3107 29.569
2 24 -9.8239 -17.5926 29.6751 0.9693 -30.8073 29.7599
2 24 12.973 -43.3107 29.569 0.9693 -30.8073 29.7599
2 24 47.3543 -50.4718 53.3157 75.1232 -49.0225 66.115
2 24 47.3543 -50.4718 53.3157 35.4929 -50.5888 46.0373
2 24 96.105 -47.0677 74.1129 75.1232 -49.0225 66.115
2 24 63.0786 -59.0237 63.0584 76.8195 -56.0571 69.9727
2 24 170 0 70 170 0 90
2 24 170 -96 86.25 170 -96 90
2 24 170 0 90 170 -96 90
2 24 23.6314 -50.0435 36.5631 35.4929 -50.5888 46.0373
2 24 67.5296 -101.395 23.6846 66.0406 -101.4703 10
2 24 101.5491 -101.395 65.9554 115.899 -101.3426 73.0731
2 24 43.9331 -83.895 15.3664 44.0752 -83.9346 21.3633
2 24 193.4106 -96 -61.9691 191.9691 -96 -63.4106
2 24 191.9691 -96 -63.4106 190 -96 -63.9383
2 24 190 -96 -63.9383 188.0309 -96 -63.4106
2 24 188.0309 -96 -63.4106 186.5894 -96 -61.9691
2 24 186.5894 -96 -61.9691 186.0618 -96 -60
2 24 186.0618 -96 -60 186.5894 -96 -58.0309
2 24 186.5894 -96 -58.0309 188.0309 -96 -56.5894
2 24 188.0309 -96 -56.5894 190 -96 -56.0618
2 24 190 -96 -56.0618 191.9691 -96 -56.5894
2 24 191.9691 -96 -56.5894 193.4106 -96 -58.0309
2 24 193.4106 -96 -58.0309 193.9382 -96 -60
2 24 193.4106 -96 -61.9691 193.9382 -96 -60
2 24 170 -96 -66.25 206.25 -96 -66.25
2 24 170 -96 -66.25 170 -96 -70
2 24 170 -96 -70 210 -96 -70
2 24 210 -96 -50 170 -96 -50
2 24 206.25 -96 -53.75 170 -96 -53.75
2 24 170 -96 -50 170 -96 -53.75
2 24 206.25 -96 -66.25 206.25 -96 -53.75
2 24 210 -96 -70 210 -96 -50
2 24 206.25 -121.0666 -53.75 190 -121.0666 -53.75
2 24 206.25 -121.0666 -53.75 206.25 -96 -53.75
2 24 206.25 -96 -53.75 170 -96 -53.75
2 24 206.25 -99.9682 -66.25 206.25 -96 -66.25
2 24 206.25 -99.9682 -66.25 190 -99.9682 -66.25
2 24 206.25 -96 -66.25 170 -96 -66.25
2 24 170 -99.9682 -66.25 170 -96 -66.25
2 24 206.25 -96 -66.25 206.25 -99.9682 -66.25
2 24 206.25 -96 -53.75 206.25 -96 -66.25
2 24 190 -99.9682 -66.25 170 -99.9682 -66.25
2 24 170 -96 -66.25 170 -99.9682 -66.25
2 24 190 -121.0666 -53.75 170 -121.0666 -53.75
2 24 170 -96 -53.75 170 -121.0666 -53.75
2 24 191.936 -106.9876 -63.4041 189.9708 -105.6887 -63.9325
2 24 191.9691 -96 -63.4106 190 -96 -63.9383
2 24 191.936 -106.9876 -63.4041 193.3698 -109.6266 -61.9611
2 24 191.9691 -96 -63.4106 193.4106 -96 -61.9691
2 24 190 -96 -63.9383 188.0309 -96 -63.4106
2 24 189.9708 -105.6887 -63.9325 187.9977 -106.9877 -63.4041
2 24 193.3698 -109.6266 -61.9611 193.9382 -113.2037 -60
2 24 193.4106 -96 -61.9691 193.9382 -96 -60
2 24 188.0309 -96 -63.4106 186.5894 -96 -61.9691
2 24 187.9977 -106.9877 -63.4041 186.5486 -109.6266 -61.9611
2 24 193.9382 -113.2037 -60 193.3512 -115.9256 -58.0191
2 24 193.9382 -96 -60 193.4106 -96 -58.0309
2 24 186.5894 -96 -61.9691 186.0618 -96 -60
2 24 186.5486 -109.6266 -61.9611 186.0618 -113.2037 -60
2 24 193.3512 -115.9256 -58.0191 191.9036 -117.7026 -56.5764
2 24 193.4106 -96 -58.0309 191.9691 -96 -56.5894
2 24 186.0618 -96 -60 186.5894 -96 -58.0309
2 24 186.0618 -113.2037 -60 186.53 -115.9256 -58.0191
2 24 191.9036 -117.7026 -56.5764 189.9326 -118.331 -56.0485
2 24 191.9691 -96 -56.5894 190 -96 -56.0618
2 24 186.5894 -96 -58.0309 188.0309 -96 -56.5894
2 24 186.53 -115.9256 -58.0191 187.9654 -117.7026 -56.5764
2 24 190 -96 -56.0618 188.0309 -96 -56.5894
2 24 189.9326 -118.331 -56.0485 187.9654 -117.7026 -56.5764
2 24 193.3698 -109.6266 -61.9611 191.936 -106.9876 -63.4041
2 24 189.9326 -118.331 -56.0485 191.9036 -117.7026 -56.5764
2 24 170 -119.2508 -55.3814 170 -113.2037 -60.0003
2 24 186.53 -115.9256 -58.0191 186.0618 -113.2037 -60
2 24 170 -104.366 -64.7139 170 -99.9682 -66.25
2 24 170 -99.9682 -66.25 190 -99.9682 -66.25
2 24 186.0618 -113.2037 -60 186.5486 -109.6266 -61.9611
2 24 170 -113.2037 -60.0003 170 -104.366 -64.7139
2 24 193.3698 -109.6266 -61.9611 193.9382 -113.2037 -60
2 24 206.25 -104.366 -64.7139 206.25 -113.2037 -60.0003
2 24 206.25 -119.2508 -55.3814 206.25 -113.2037 -60.0003
2 24 193.9382 -113.2037 -60 193.3512 -115.9256 -58.0191
2 24 186.53 -115.9256 -58.0191 187.9654 -117.7026 -56.5764
2 24 190 -99.9682 -66.25 206.25 -99.9682 -66.25
2 24 206.25 -104.366 -64.7139 206.25 -99.9682 -66.25
2 24 186.5486 -109.6266 -61.9611 187.9977 -106.9877 -63.4041
2 24 206.25 -119.2508 -55.3814 206.25 -121.0666 -53.75
2 24 206.25 -121.0666 -53.75 190 -121.0666 -53.75
2 24 190 -121.0666 -53.75 170 -121.0666 -53.75
2 24 170 -119.2508 -55.3814 170 -121.0666 -53.75
2 24 191.9036 -117.7026 -56.5764 193.3512 -115.9256 -58.0191
2 24 189.9326 -118.331 -56.0485 187.9654 -117.7026 -56.5764
2 24 191.936 -106.9876 -63.4041 189.9708 -105.6887 -63.9325
2 24 187.9977 -106.9877 -63.4041 189.9708 -105.6887 -63.9325
2 24 206.25 -96 -53.75 206.25 -121.0666 -53.75
2 24 206.25 -121.0666 -53.75 206.25 -119.2508 -55.3814
2 24 206.25 -99.9682 -66.25 206.25 -104.366 -64.7139
2 24 206.25 -119.2508 -55.3814 206.25 -113.2037 -60.0003
2 24 206.25 -104.366 -64.7139 206.25 -113.2037 -60.0003
2 24 170 -99.9682 -66.25 170 -104.366 -64.7139
2 24 170 -121.0666 -53.75 170 -119.2508 -55.3814
2 24 170 -96 -53.75 170 -121.0666 -53.75
2 24 170 -104.366 -64.7139 170 -113.2037 -60.0003
2 24 170 -119.2508 -55.3814 170 -113.2037 -60.0003
2 24 170 -100.8 -70 162.3925 -100.0039 -70
2 24 162.3925 -100.0039 -70 147.8408 -94.0628 -70
2 24 147.8408 -94.0628 -70 136.7517 -82.7714 -70
2 24 109.7456 -56.5376 -62.6548 110.4612 -57.575 -62.8962
2 24 130 -46.2433 -70 130.13 -62.2768 -70
2 24 104.7572 0 -61.3126 130 0 -70
2 24 130 0 -70 130 -20.5074 -70
2 24 2.5188 0 -26.3405 -14.7903 0 -15.8454
2 24 -29.8943 0 10 -26.1343 0 -3.2463
2 24 130 -46.2433 -70 130 -20.5074 -70
2 24 109.7456 -56.5376 -62.6548 108.0936 -55.9295 -62.1132
2 24 104.7572 0 -61.3126 69.0281 0 -49.3998
2 24 69.0281 0 -49.3998 33.4581 0 -37.5229
2 24 -14.7903 0 -15.8454 -26.1343 0 -3.2463
2 24 2.5188 0 -26.3405 33.4581 0 -37.5229
2 24 130 0 -70 104.7572 0 -61.3126
2 24 130 0 -66.25 105.8771 0 -57.7359
2 24 -26.1593 0 10 -22.6901 0 -1.6978
2 24 -29.8943 0 10 -26.1343 0 -3.2463
2 24 105.8771 0 -57.7359 72.3524 0 -46.5809
2 24 104.7572 0 -61.3126 69.0281 0 -49.3998
2 24 72.3524 0 -46.5809 37.8309 0 -35.0882
2 24 69.0281 0 -49.3998 33.4581 0 -37.5229
2 24 37.8309 0 -35.0882 4.7656 0 -23.2914
2 24 33.4581 0 -37.5229 2.5188 0 -26.3405
2 24 4.7656 0 -23.2914 -12.092 0 -13.2472
2 24 2.5188 0 -26.3405 -14.7903 0 -15.8454
2 24 -22.6901 0 -1.6978 -12.092 0 -13.2472
2 24 -26.1343 0 -3.2463 -14.7903 0 -15.8454
2 24 203.4106 -120 -31.9691 201.9691 -120 -33.4106
2 24 201.9691 -120 -33.4106 200 -120 -33.9383
2 24 200 -120 -33.9383 198.0309 -120 -33.4106
2 24 198.0309 -120 -33.4106 196.5894 -120 -31.9691
2 24 196.5894 -120 -31.9691 196.0618 -120 -30
2 24 196.0618 -120 -30 196.5894 -120 -28.0309
2 24 196.5894 -120 -28.0309 198.0309 -120 -26.5894
2 24 198.0309 -120 -26.5894 200 -120 -26.0618
2 24 200 -120 -26.0618 201.9691 -120 -26.5894
2 24 201.9691 -120 -26.5894 203.4106 -120 -28.0309
2 24 203.4106 -120 -28.0309 203.9382 -120 -30
2 24 203.4106 -120 -31.9691 203.9382 -120 -30
2 24 192 -129.3373 -6.879 192 -128.5 -10
2 24 192 -120 -2.0411 192 -120 -17.9589
2 24 192 -129.3373 -6.879 192 -131.625 -4.5913
2 24 192 -131.625 -4.5913 192 -134.75 -3.754
2 24 192 -120 -2.0411 192 -134.75 -2.0411
2 24 192 -129.3373 -13.1211 192 -131.625 -15.4087
2 24 208 -131.625 -15.4087 208 -129.3373 -13.1211
2 24 192 -131.625 -15.4087 192 -129.3373 -13.1211
2 24 208 -129.3373 -13.1211 208 -128.5 -10
2 24 192 -129.3373 -13.1211 192 -128.5 -10
2 24 192 -128.5 -10 192 -129.3373 -13.1211
2 24 192 -131.625 -15.4087 192 -134.75 -16.2461
2 24 208 -131.625 -15.4087 208 -134.75 -16.2461
2 24 192 -120 -17.9589 192 -134.75 -17.9589
2 24 192 -131.625 -15.4087 192 -134.75 -16.2461
2 24 190 -134.75 -2.0411 190 -138.7314 -3.1079
2 24 192 -134.75 -2.0411 192 -138.7314 -3.1079
2 24 190 -141.646 -6.0225 190 -140.004 -4.3806
2 24 190 -141.646 -6.0225 190 -142.7129 -10
2 24 192 -141.646 -6.0225 192 -142.7129 -10
2 24 192 -140.1627 -6.879 192 -137.875 -4.5913
2 24 192 -141.646 -6.0225 192 -138.7314 -3.1079
2 24 208 -137.875 -4.5913 208 -140.1627 -6.879
2 24 192 -137.875 -4.5913 192 -140.1627 -6.879
2 24 208 -140.1627 -6.879 208 -141 -10
2 24 192 -140.1627 -6.879 192 -141 -10
2 24 192 -140.1627 -6.879 192 -141 -10
2 24 192 -141.646 -6.0225 192 -142.7129 -10
2 24 208 -137.875 -4.5913 208 -134.75 -3.754
2 24 192 -137.875 -4.5913 192 -134.75 -3.754
2 24 192 -134.75 -3.754 192 -137.875 -4.5913
2 24 192 -134.75 -2.0411 192 -138.7314 -3.1079
2 24 192 -141 -10 192 -140.1627 -13.1211
2 24 192 -142.7129 -10 192 -141.646 -13.9775
2 24 192 -140.1627 -13.1211 192 -137.875 -15.4087
2 24 192 -141.646 -13.9775 192 -138.7314 -16.8921
2 24 192 -134.75 -16.2461 192 -137.875 -15.4087
2 24 192 -134.75 -17.9589 192 -138.7314 -16.8921
2 24 192 -134.75 -17.9589 192 -138.7314 -16.8921
2 24 190 -134.75 -17.9589 190 -138.7314 -16.8921
2 24 190 -138.7314 -16.8921 190 -139.7433 -15.8714
2 24 192 -138.7314 -16.8921 192 -141.646 -13.9775
2 24 190 -142.7129 -10 190 -141.646 -13.9775
2 24 192 -142.7129 -10 192 -141.646 -13.9775
2 24 192 -134.75 -2.0411 192 -120 -2.0411
2 24 190 -134.75 -2.0411 190 -120 -2.0411
2 24 192 -120 -2.0411 190 -120 -2.0411
2 24 190 -134.75 -17.9589 190 -120 -17.9589
2 24 192 -134.75 -17.9589 192 -120 -17.9589
2 24 190 -120 -17.9589 192 -120 -17.9589
2 24 210 -134.75 -2.0411 210 -130.7686 -3.1079
2 24 208 -134.75 -2.0411 208 -130.7686 -3.1079
2 24 210 -130.7686 -3.1079 210 -134.75 -2.0411
2 24 210 -130.7686 3.1079 210 -134.75 2.0411
2 24 210 -130.7686 -3.1079 210 -127.854 -6.0225
2 24 208 -130.7686 -3.1079 208 -127.854 -6.0225
2 24 210 -127.854 -6.0225 210 -126.7871 -10
2 24 208 -127.854 -6.0225 208 -126.7871 -10
2 24 208 -129.3373 -6.879 208 -131.625 -4.5913
2 24 208 -127.854 -6.0225 208 -130.7686 -3.1079
2 24 208 -131.625 -4.5913 208 -129.3373 -6.879
2 24 192 -131.625 -4.5913 192 -129.3373 -6.879
2 24 208 -128.5 -10 208 -129.3373 -6.879
2 24 192 -128.5 -10 192 -129.3373 -6.879
2 24 208 -129.3373 -6.879 208 -128.5 -10
2 24 208 -127.854 -6.0225 208 -126.7871 -10
2 24 208 -134.75 -3.754 208 -131.625 -4.5913
2 24 192 -134.75 -3.754 192 -131.625 -4.5913
2 24 208 -131.625 -4.5913 208 -134.75 -3.754
2 24 208 -130.7686 -3.1079 208 -134.75 -2.0411
2 24 208 -128.5 -10 208 -129.3373 -13.1211
2 24 208 -126.7871 -10 208 -127.854 -13.9775
2 24 208 -129.3373 -13.1211 208 -131.625 -15.4087
2 24 208 -127.854 -13.9775 208 -130.7686 -16.8921
2 24 208 -131.625 -15.4087 208 -134.75 -16.2461
2 24 208 -130.7686 -16.8921 208 -134.75 -17.9589
2 24 208 -134.75 -17.9589 208 -130.7686 -16.8921
2 24 210 -134.75 -17.9589 210 -130.7686 -16.8921
2 24 210 -130.7686 -16.8921 210 -127.854 -13.9775
2 24 208 -130.7686 -16.8921 208 -127.854 -13.9775
2 24 210 -126.7871 -10 210 -127.854 -13.9775
2 24 208 -126.7871 -10 208 -127.854 -13.9775
2 24 210 -127.854 -13.9775 210 -130.7686 -16.8921
2 24 210 -127.854 -13.9775 210 -126.7871 -10
2 24 210 -120 -50 210 -120 -10
2 24 208 -142.7129 -10 208 -141.646 -6.0225
2 24 208 -141 -10 208 -140.1627 -6.879
2 24 208 -140.1627 -6.879 208 -137.875 -4.5913
2 24 208 -141.646 -6.0225 208 -138.7314 -3.1079
2 24 208 -134.75 -3.754 208 -137.875 -4.5913
2 24 208 -134.75 -2.0411 208 -138.7314 -3.1079
2 24 210 -134.75 -2.0411 210 -138.7314 -3.1079
2 24 208 -134.75 -2.0411 208 -138.7314 -3.1079
2 24 210 -138.7314 -3.1079 210 -141.646 -6.0225
2 24 208 -138.7314 -3.1079 208 -141.646 -6.0225
2 24 210 -141.646 -6.0225 210 -142.7129 -10
2 24 208 -141.646 -6.0225 208 -142.7129 -10
2 24 210 -142.7129 -10 210 -141.646 -6.0225
2 24 208 -134.75 -17.9589 208 -138.7314 -16.8921
2 24 210 -134.75 -17.9589 210 -138.7314 -16.8921
2 24 210 -138.7314 -16.8921 210 -141.646 -13.9775
2 24 208 -138.7314 -16.8921 208 -141.646 -13.9775
2 24 210 -141.646 -13.9775 210 -138.7314 -16.8921
2 24 210 -142.7129 -10 210 -141.646 -13.9775
2 24 208 -142.7129 -10 208 -141.646 -13.9775
2 24 210 -144 -10 210 -143.4152 -19.7576
2 24 210 -142.7129 -10 210 -141.646 -13.9775
2 24 208 -140.1627 -13.1211 208 -137.875 -15.4087
2 24 208 -141.646 -13.9775 208 -138.7314 -16.8921
2 24 208 -137.875 -15.4087 208 -140.1627 -13.1211
2 24 192 -137.875 -15.4087 192 -140.1627 -13.1211
2 24 208 -141 -10 208 -140.1627 -13.1211
2 24 192 -141 -10 192 -140.1627 -13.1211
2 24 208 -142.7129 -10 208 -141.646 -13.9775
2 24 208 -141 -10 208 -140.1627 -13.1211
2 24 192 -134.75 -16.2461 192 -137.875 -15.4087
2 24 208 -134.75 -16.2461 208 -137.875 -15.4087
2 24 208 -134.75 -16.2461 208 -137.875 -15.4087
2 24 208 -134.75 -17.9589 208 -138.7314 -16.8921
2 24 192 -129.3373 6.8789 192 -131.625 4.5913
2 24 208 -131.625 4.5913 208 -129.3373 6.8789
2 24 192 -131.625 4.5913 192 -129.3373 6.8789
2 24 208 -128.5 10 208 -129.3373 6.8789
2 24 192 -128.5 10 192 -129.3373 6.8789
2 24 192 -128.5 10 192 -129.3373 6.8789
2 24 192 -120 17.9589 192 -120 2.0411
2 24 192 -131.625 4.5913 192 -134.75 3.7539
2 24 208 -131.625 4.5913 208 -134.75 3.7539
2 24 192 -120 2.0411 192 -134.75 2.0411
2 24 192 -131.625 4.5913 192 -134.75 3.7539
2 24 192 -141 10 192 -140.1627 6.8789
2 24 192 -142.7129 10 192 -141.646 6.0225
2 24 192 -140.1627 6.8789 192 -137.875 4.5913
2 24 192 -141.646 6.0225 192 -138.7314 3.1079
2 24 192 -134.75 3.7539 192 -137.875 4.5913
2 24 192 -134.75 2.0411 192 -138.7314 3.1079
2 24 192 -134.75 2.0411 192 -138.7314 3.1079
2 24 190 -134.75 2.0411 190 -138.7314 3.1079
2 24 190 -138.7314 3.1079 190 -140.004 4.3805
2 24 192 -138.7314 3.1079 192 -141.646 6.0225
2 24 190 -142.7129 10 190 -141.646 6.0225
2 24 192 -142.7129 10 192 -141.646 6.0225
2 24 190 -134.75 2.0411 190 -120 2.0411
2 24 192 -134.75 2.0411 192 -120 2.0411
2 24 190 -120 2.0411 192 -120 2.0411
2 24 208 -128.5 10 208 -129.3373 6.8789
2 24 208 -126.7871 10 208 -127.854 6.0225
2 24 208 -129.3373 6.8789 208 -131.625 4.5913
2 24 208 -127.854 6.0225 208 -130.7686 3.1079
2 24 208 -131.625 4.5913 208 -134.75 3.7539
2 24 208 -130.7686 3.1079 208 -134.75 2.0411
2 24 208 -134.75 2.0411 208 -130.7686 3.1079
2 24 210 -134.75 2.0411 210 -130.7686 3.1079
2 24 210 -130.7686 3.1079 210 -127.854 6.0225
2 24 208 -130.7686 3.1079 208 -127.854 6.0225
2 24 210 -126.7871 10 210 -127.854 6.0225
2 24 208 -126.7871 10 208 -127.854 6.0225
2 24 210 -130.7686 3.1079 210 -127.854 6.0225
2 24 210 -130.7686 -3.1079 210 -127.854 -6.0225
2 24 208 -134.75 2.0411 208 -138.7314 3.1079
2 24 210 -134.75 2.0411 210 -138.7314 3.1079
2 24 210 -134.75 -2.0411 210 -138.7314 -3.1079
2 24 210 -134.75 2.0411 210 -138.7314 3.1079
2 24 210 -138.7314 3.1079 210 -141.646 6.0225
2 24 208 -138.7314 3.1079 208 -141.646 6.0225
2 24 210 -142.7129 10 210 -141.646 6.0225
2 24 210 -142.7129 10 210 -141.646 6.0225
2 24 208 -142.7129 10 208 -141.646 6.0225
2 24 208 -140.1627 6.8789 208 -137.875 4.5913
2 24 208 -141.646 6.0225 208 -138.7314 3.1079
2 24 208 -137.875 4.5913 208 -140.1627 6.8789
2 24 192 -137.875 4.5913 192 -140.1627 6.8789
2 24 208 -141 10 208 -140.1627 6.8789
2 24 192 -141 10 192 -140.1627 6.8789
2 24 208 -142.7129 10 208 -141.646 6.0225
2 24 208 -141 10 208 -140.1627 6.8789
2 24 192 -134.75 3.7539 192 -137.875 4.5913
2 24 208 -134.75 3.7539 208 -137.875 4.5913
2 24 208 -134.75 3.7539 208 -137.875 4.5913
2 24 208 -134.75 2.0411 208 -138.7314 3.1079
2 24 190 -134.75 -2.0411 190 -120 -2.0411
2 24 190 -134.75 2.0411 190 -120 2.0411
2 24 190 -120 -2.0411 190 -120 2.0411
2 24 190 -134.75 -2.0411 190 -138.7314 -3.1079
2 24 190 -134.75 2.0411 190 -138.7314 3.1079
2 24 190 -140.004 4.3805 190 -141.646 6.0225
2 24 190 -138.7314 -3.1079 190 -140.004 -4.3806
2 24 192 -138.7314 -3.1079 192 -141.646 -6.0225
2 24 190 -139.7433 -15.8714 190 -141.646 -13.9775
2 24 190 -138.7314 3.1079 190 -140.004 4.3805
2 24 190 -140.004 4.3805 190 -140.004 -4.3806
2 24 190 -138.7314 -3.1079 190 -140.004 -4.3806
2 24 190 -140.004 10 190 -140.004 4.3805
2 24 190 -141.646 6.0225 190 -140.004 4.3805
2 24 190 -142.7129 10 190 -141.646 6.0225
2 24 190 -142.7129 -10 190 -141.646 -6.0225
2 24 190 -142.7129 -10 190 -141.646 -13.9775
2 24 190 -140.004 -10 190 -140.004 -4.3806
2 24 190 -141.646 -6.0225 190 -140.004 -4.3806
2 24 190 -140.004 -10 190 -139.7433 -15.8714
2 24 190 -141.646 -13.9775 190 -139.7433 -15.8714
2 24 210 -144 10 210 -144 -10
2 24 210 -144 -10 210 -143.4152 -19.7576
2 24 170 -100.8 -70 210 -100.8 -70
2 24 170 -96 -70 210 -96 -70
2 24 210 -100.8 -70 210 -96 -70
2 24 210 -143.4152 -19.7576 210 -139.2392 -34.0497
2 24 210 -139.2392 -34.0497 210 -129.0659 -50.8768
2 24 210 -129.0659 -50.8768 210 -114.2022 -63.7633
2 24 170 -100.8 -70 210 -100.8 -70
2 24 210 -114.2022 -63.7633 210 -100.8 -70
2 24 206.25 -124.1405 -50 206.25 -120 -50
2 24 200 -124.1405 -50 206.25 -124.1405 -50
2 24 206.25 -128.9373 -44.4972 206.25 -124.1405 -50
2 24 200 -124.1405 -50 206.25 -124.1405 -50
2 24 206.25 -128.9373 -44.4972 206.25 -133.5917 -36.576
2 24 200 -139.6362 -18.2351 206.25 -139.6362 -18.2351
2 24 206.25 -139.6362 -18.2351 206.25 -139.1119 -21.1398
2 24 193.75 -140.004 1.9856 200 -140.004 1.9856
2 24 193.75 -140.004 1.9856 193.75 -140.004 -1.9857
2 24 193.75 -140.004 -1.9857 200 -140.004 -1.9857
2 24 206.25 -139.1291 -18.5398 206.25 -134.75 -19.7132
2 24 206.25 -134.75 -19.7132 206.25 -129.8934 -18.4118
2 24 206.25 -129.8934 -18.4118 206.25 -126.3382 -14.8566
2 24 200 -139.6362 -18.2351 206.25 -139.6362 -18.2351
2 24 206.25 -139.1291 -18.5398 206.25 -139.6362 -18.2351
2 24 193.75 -129.8934 -18.4118 193.75 -126.3382 -14.8566
2 24 193.75 -129.8934 -18.4118 193.75 -134.75 -19.7132
2 24 193.75 -134.75 -19.7132 193.75 -139.1291 -18.5398
2 24 193.75 -139.1291 -18.5398 193.75 -139.6362 -18.2351
2 24 200 -139.6362 -18.2351 193.75 -139.6362 -18.2351
2 24 196.5894 -125.5645 -11.9691 198.0309 -125.9507 -13.4106
2 24 201.9691 -125.9507 -13.4106 203.4106 -125.5645 -11.9691
2 24 193.75 -126.3382 -14.8566 193.75 -125.0369 -10
2 24 196.5894 -125.5645 -11.9691 196.0618 -125.0369 -10
2 24 198.0309 -125.9507 -13.4106 200 -126.0921 -13.9383
2 24 201.9691 -125.9507 -13.4106 200 -126.0921 -13.9383
2 24 206.25 -126.3382 -14.8566 206.25 -125.0369 -10
2 24 203.4106 -125.5645 -11.9691 203.9382 -125.0369 -10
2 24 200 -126.0921 -13.9383 201.9691 -125.9507 -13.4106
2 24 200 -120 -13.9383 201.9691 -120 -13.4106
2 24 201.9691 -125.9507 -13.4106 203.4106 -125.5645 -11.9691
2 24 201.9691 -120 -13.4106 203.4106 -120 -11.9691
2 24 200 -126.0921 -13.9383 198.0309 -125.9507 -13.4106
2 24 200 -120 -13.9383 198.0309 -120 -13.4106
2 24 203.4106 -125.5645 -11.9691 203.9382 -125.0369 -10
2 24 203.4106 -120 -11.9691 203.9382 -120 -10
2 24 198.0309 -125.9507 -13.4106 196.5894 -125.5645 -11.9691
2 24 198.0309 -120 -13.4106 196.5894 -120 -11.9691
2 24 196.5894 -125.5645 -11.9691 196.0618 -125.0369 -10
2 24 196.5894 -120 -11.9691 196.0618 -120 -10
2 24 206.25 -139.1291 -1.4603 206.25 -134.75 -0.2869
2 24 206.25 -134.75 -0.2869 206.25 -129.8934 -1.5882
2 24 206.25 -129.8934 -1.5882 206.25 -126.3382 -5.1435
2 24 200 -140.004 -1.9857 206.25 -140.004 -1.9857
2 24 206.25 -139.1291 -1.4603 206.25 -140.004 -1.9857
2 24 193.75 -129.8934 -1.5882 193.75 -126.3382 -5.1435
2 24 193.75 -129.8934 -1.5882 193.75 -134.75 -0.2869
2 24 193.75 -134.75 -0.2869 193.75 -139.1291 -1.4603
2 24 200 -140.004 -1.9857 193.75 -140.004 -1.9857
2 24 193.75 -139.1291 -1.4603 193.75 -140.004 -1.9857
2 24 198.0309 -125.9507 -6.5894 196.5894 -125.5645 -8.0309
2 24 203.4106 -125.5645 -8.0309 201.9691 -125.9507 -6.5894
2 24 193.75 -125.0369 -10 193.75 -126.3382 -5.1435
2 24 196.0618 -125.0369 -10 196.5894 -125.5645 -8.0309
2 24 198.0309 -125.9507 -6.5894 200 -126.0921 -6.0618
2 24 201.9691 -125.9507 -6.5894 200 -126.0921 -6.0618
2 24 206.25 -125.0369 -10 206.25 -126.3382 -5.1435
2 24 203.9382 -125.0369 -10 203.4106 -125.5645 -8.0309
2 24 203.4106 -120 -11.9691 201.9691 -120 -13.4106
2 24 201.9691 -120 -13.4106 200 -120 -13.9383
2 24 200 -120 -13.9383 198.0309 -120 -13.4106
2 24 198.0309 -120 -13.4106 196.5894 -120 -11.9691
2 24 196.5894 -120 -11.9691 196.0618 -120 -10
2 24 196.0618 -120 -10 196.5894 -120 -8.0309
2 24 196.5894 -120 -8.0309 198.0309 -120 -6.5894
2 24 198.0309 -120 -6.5894 200 -120 -6.0618
2 24 200 -120 -6.0618 201.9691 -120 -6.5894
2 24 201.9691 -120 -6.5894 203.4106 -120 -8.0309
2 24 203.4106 -120 -8.0309 203.9382 -120 -10
2 24 203.4106 -120 -11.9691 203.9382 -120 -10
2 24 196.0618 -125.0369 -10 196.5894 -125.5645 -8.0309
2 24 196.0618 -120 -10 196.5894 -120 -8.0309
2 24 196.5894 -125.5645 -8.0309 198.0309 -125.9507 -6.5894
2 24 196.5894 -120 -8.0309 198.0309 -120 -6.5894
2 24 198.0309 -125.9507 -6.5894 200 -126.0921 -6.0618
2 24 198.0309 -120 -6.5894 200 -120 -6.0618
2 24 200 -126.0921 -6.0618 201.9691 -125.9507 -6.5894
2 24 200 -120 -6.0618 201.9691 -120 -6.5894
2 24 201.9691 -125.9507 -6.5894 203.4106 -125.5645 -8.0309
2 24 201.9691 -120 -6.5894 203.4106 -120 -8.0309
2 24 203.9382 -125.0369 -10 203.4106 -125.5645 -8.0309
2 24 203.9382 -120 -10 203.4106 -120 -8.0309
2 24 206.25 -139.1291 1.4602 206.25 -134.75 0.2869
2 24 206.25 -134.75 0.2869 206.25 -129.8934 1.5882
2 24 206.25 -129.8934 1.5882 206.25 -126.3382 5.1434
2 24 200 -140.004 1.9856 206.25 -140.004 1.9856
2 24 206.25 -139.1291 1.4602 206.25 -140.004 1.9856
2 24 193.75 -129.8934 1.5882 193.75 -126.3382 5.1434
2 24 193.75 -129.8934 1.5882 193.75 -134.75 0.2869
2 24 193.75 -134.75 0.2869 193.75 -139.1291 1.4602
2 24 193.75 -139.1291 1.4602 193.75 -140.004 1.9856
2 24 200 -140.004 1.9856 193.75 -140.004 1.9856
2 24 196.5894 -125.5645 8.0309 198.0309 -125.9507 6.5894
2 24 201.9691 -125.9507 6.5894 203.4106 -125.5645 8.0309
2 24 193.75 -125.0369 10 193.75 -126.3382 5.1434
2 24 196.0618 -125.0369 10 196.5894 -125.5645 8.0309
2 24 198.0309 -125.9507 6.5894 200 -126.0921 6.0617
2 24 201.9691 -125.9507 6.5894 200 -126.0921 6.0617
2 24 206.25 -125.0369 10 206.25 -126.3382 5.1434
2 24 203.9382 -125.0369 10 203.4106 -125.5645 8.0309
2 24 200 -126.0921 6.0617 201.9691 -125.9507 6.5894
2 24 200 -120 6.0617 201.9691 -120 6.5894
2 24 201.9691 -125.9507 6.5894 203.4106 -125.5645 8.0309
2 24 201.9691 -120 6.5894 203.4106 -120 8.0309
2 24 200 -126.0921 6.0617 198.0309 -125.9507 6.5894
2 24 200 -120 6.0617 198.0309 -120 6.5894
2 24 203.9382 -125.0369 10 203.4106 -125.5645 8.0309
2 24 203.9382 -120 10 203.4106 -120 8.0309
2 24 198.0309 -125.9507 6.5894 196.5894 -125.5645 8.0309
2 24 198.0309 -120 6.5894 196.5894 -120 8.0309
2 24 196.0618 -125.0369 10 196.5894 -125.5645 8.0309
2 24 196.0618 -120 10 196.5894 -120 8.0309
2 24 203.4106 -120 8.0309 201.9691 -120 6.5894
2 24 201.9691 -120 6.5894 200 -120 6.0617
2 24 200 -120 6.0617 198.0309 -120 6.5894
2 24 198.0309 -120 6.5894 196.5894 -120 8.0309
2 24 196.0618 -120 10 196.5894 -120 8.0309
2 24 203.9382 -120 10 203.4106 -120 8.0309
2 24 200 -140.004 1.9856 206.25 -140.004 1.9856
2 24 206.25 -140.004 1.9856 206.25 -140.004 -1.9857
2 24 200 -140.004 -1.9857 206.25 -140.004 -1.9857
2 24 200 -139.6362 -18.2351 193.75 -139.6362 -18.2351
2 24 193.75 -139.6362 -18.2351 193.75 -139.1119 -21.1398
2 24 193.75 -128.9373 -44.4972 193.75 -133.5917 -36.576
2 24 193.75 -128.9373 -44.4972 193.75 -124.1405 -50
2 24 200 -124.1405 -50 193.75 -124.1405 -50
2 24 200 -124.1405 -50 193.75 -124.1405 -50
2 24 193.75 -120 -50 193.75 -124.1405 -50
2 24 193.75 -120 0 193.75 -120 -17.9589
2 24 192 -120 -2.0411 192 -120 -17.9589
2 24 192 -120 -2.0411 190 -120 -2.0411
2 24 206.25 -120 -10 206.25 -120 -50
2 24 210 -120 -10 210 -120 -50
2 24 206.25 -120 -50 210 -120 -50
2 24 206.25 -125.0369 10 206.25 -126.3382 5.1434
2 24 206.25 -120 30 206.25 -120 -10
2 24 206.25 -140.004 -1.9857 206.25 -140.004 1.9856
2 24 206.25 -140.004 -1.9857 206.25 -139.1291 -1.4603
2 24 206.25 -140.004 1.9856 206.25 -139.1291 1.4602
2 24 206.25 -139.1291 -1.4603 206.25 -134.75 -0.2869
2 24 206.25 -139.1291 1.4602 206.25 -134.75 0.2869
2 24 206.25 -134.75 -0.2869 206.25 -129.8934 -1.5882
2 24 206.25 -134.75 0.2869 206.25 -129.8934 1.5882
2 24 206.25 -129.8934 -1.5882 206.25 -126.3382 -5.1435
2 24 206.25 -126.3382 5.1434 206.25 -129.8934 1.5882
2 24 193.75 -139.1291 -1.4603 193.75 -140.004 -1.9857
2 24 193.75 -139.1291 1.4602 193.75 -140.004 1.9856
2 24 193.75 -140.004 -1.9857 193.75 -140.004 1.9856
2 24 193.75 -139.1291 -1.4603 193.75 -134.75 -0.2869
2 24 193.75 -139.1291 1.4602 193.75 -134.75 0.2869
2 24 193.75 -134.75 -0.2869 193.75 -129.8934 -1.5882
2 24 193.75 -134.75 0.2869 193.75 -129.8934 1.5882
2 24 193.75 -129.8934 -1.5882 193.75 -126.3382 -5.1435
2 24 193.75 -129.8934 1.5882 193.75 -126.3382 5.1434
2 24 206.25 -126.3382 -5.1435 206.25 -125.0369 -10
2 24 206.25 -125.0369 -10 206.25 -126.3382 -14.8566
2 24 193.75 -120 0 193.75 -120 -17.9589
2 24 193.75 -126.3382 -5.1435 193.75 -125.0369 -10
2 24 193.75 -120 -17.9589 193.75 -120 -50
2 24 193.75 -125.0369 -10 193.75 -126.3382 -14.8566
2 24 206.25 -124.1405 -50 206.25 -128.9373 -44.4972
2 24 206.25 -120 -50 206.25 -124.1405 -50
2 24 206.25 -128.9373 -44.4972 206.25 -133.5917 -36.576
2 24 206.25 -133.5917 -36.576 206.25 -136.4718 -30
2 24 206.25 -120 -10 206.25 -120 -50
2 24 206.25 -126.3382 -14.8566 206.25 -129.8934 -18.4118
2 24 206.25 -139.1291 -18.5398 206.25 -134.75 -19.7132
2 24 206.25 -136.4718 -30 206.25 -139.1119 -21.1398
2 24 206.25 -139.1291 -18.5398 206.25 -139.6362 -18.2351
2 24 206.25 -139.1119 -21.1398 206.25 -139.6362 -18.2351
2 24 206.25 -129.8934 -18.4118 206.25 -134.75 -19.7132
2 24 193.75 -128.9373 -44.4972 193.75 -124.1405 -50
2 24 193.75 -120 -50 193.75 -124.1405 -50
2 24 193.75 -128.9373 -44.4972 193.75 -133.5917 -36.576
2 24 193.75 -133.5917 -36.576 193.75 -136.4718 -30
2 24 193.75 -126.3382 -14.8566 193.75 -129.8934 -18.4118
2 24 193.75 -120 -17.9589 193.75 -120 -50
2 24 193.75 -129.8934 -18.4118 193.75 -134.75 -19.7132
2 24 193.75 -136.4718 -30 193.75 -139.1119 -21.1398
2 24 193.75 -134.75 -19.7132 193.75 -139.1291 -18.5398
2 24 193.75 -139.1119 -21.1398 193.75 -139.6362 -18.2351
2 24 193.75 -139.1291 -18.5398 193.75 -139.6362 -18.2351
2 24 192 -120 -17.9589 190 -120 -17.9589
2 24 190 -120 -17.9589 190 -120 -50
2 24 193.75 -120 -50 190 -120 -50
2 24 190 -134.75 -17.9589 190 -138.7314 -16.8921
2 24 190 -138.7314 -16.8921 190 -139.7433 -15.8714
2 24 190 -138.0364 -25.1296 190 -139.7433 -15.8714
2 24 190 -120 -50 190 -120 -17.9589
2 24 190 -134.75 -17.9589 190 -120 -17.9589
2 24 190 -124.3697 -50 190 -131.4695 -40.6703
2 24 190 -120 -50 190 -124.3697 -50
2 24 190 -138.0364 -25.1296 190 -131.4695 -40.6703
2 24 210 -129.0659 -50.8768 210 -139.2392 -34.0497
2 24 210 -138.7314 -16.8921 210 -134.75 -17.9589
2 24 210 -120 -50 210 -96 -50
2 24 210 -129.0659 -50.8768 210 -114.2022 -63.7633
2 24 210 -114.2022 -63.7633 210 -100.8 -70
2 24 210 -96 -50 210 -96 -70
2 24 210 -100.8 -70 210 -96 -70
2 24 192 -120 2.0411 190 -120 2.0411
2 24 190 -120 -2.0411 190 -120 2.0411
2 24 200 -120 -33.9383 201.9691 -120 -33.4106
2 24 200 -134.747 -33.9382 201.9691 -134.9781 -33.4106
2 24 201.9691 -120 -33.4106 203.4106 -120 -31.9691
2 24 201.9691 -134.9781 -33.4106 203.4106 -135.6094 -31.9691
2 24 200 -134.747 -33.9382 198.0309 -134.9781 -33.4106
2 24 200 -120 -33.9383 198.0309 -120 -33.4106
2 24 198.0309 -134.9781 -33.4106 196.5894 -135.6094 -31.9691
2 24 198.0309 -120 -33.4106 196.5894 -120 -31.9691
2 24 203.4106 -120 -31.9691 203.9382 -120 -30
2 24 203.4106 -135.6094 -31.9691 203.9279 -136.4718 -30
2 24 196.5894 -135.6094 -31.9691 196.0721 -136.4718 -30
2 24 196.5894 -120 -31.9691 196.0618 -120 -30
2 24 203.9382 -120 -30 203.4106 -120 -28.0309
2 24 203.9279 -136.4718 -30 203.4106 -137.067 -28.0309
2 24 196.0721 -136.4718 -30 196.5894 -137.067 -28.0309
2 24 196.0618 -120 -30 196.5894 -120 -28.0309
2 24 203.4106 -120 -28.0309 201.9691 -120 -26.5894
2 24 203.4106 -137.067 -28.0309 201.9691 -137.4948 -26.5894
2 24 196.5894 -137.067 -28.0309 198.0309 -137.4948 -26.5894
2 24 196.5894 -120 -28.0309 198.0309 -120 -26.5894
2 24 198.0309 -137.4948 -26.5894 200 -137.6514 -26.0618
2 24 198.0309 -120 -26.5894 200 -120 -26.0618
2 24 201.9691 -120 -26.5894 200 -120 -26.0618
2 24 201.9691 -137.4948 -26.5894 200 -137.6514 -26.0618
2 24 201.9691 -134.9781 -33.4106 200 -134.747 -33.9382
2 24 201.9691 -134.9781 -33.4106 203.4106 -135.6094 -31.9691
2 24 200 -134.747 -33.9382 198.0309 -134.9781 -33.4106
2 24 206.25 -133.5917 -36.576 206.25 -136.4718 -30
2 24 203.4106 -135.6094 -31.9691 203.9279 -136.4718 -30
2 24 198.0309 -134.9781 -33.4106 196.5894 -135.6094 -31.9691
2 24 206.25 -139.1119 -21.1398 206.25 -136.4718 -30
2 24 203.9279 -136.4718 -30 203.4106 -137.067 -28.0309
2 24 193.75 -133.5917 -36.576 193.75 -136.4718 -30
2 24 196.5894 -135.6094 -31.9691 196.0721 -136.4718 -30
2 24 203.4106 -137.067 -28.0309 201.9691 -137.4948 -26.5894
2 24 196.0721 -136.4718 -30 196.5894 -137.067 -28.0309
2 24 193.75 -139.1119 -21.1398 193.75 -136.4718 -30
2 24 201.9691 -137.4948 -26.5894 200 -137.6514 -26.0618
2 24 196.5894 -137.067 -28.0309 198.0309 -137.4948 -26.5894
2 24 200 -137.6514 -26.0618 198.0309 -137.4948 -26.5894
2 24 210 -120 -50 210 -96 -50
2 24 206.25 -120 -50 210 -120 -50
2 24 170 -96 -50 210 -96 -50
2 24 193.75 -120 -50 190 -120 -50
2 24 130 0 -66.25 166.25 0 -66.25
2 24 130 0 -70 170 0 -70
2 24 166.25 0 -66.25 166.2491 -100.8 -66.25
2 24 166.25 0 -66.25 166.25 0 -50
2 24 166.2491 -100.8 -66.25 166.25 -111.4041 -61.1364
2 24 170 0 -50.0001 170 -96 -50
2 24 170 -96 -53.75 170 -96 -50
2 24 166.25 0 -50 170 0 -50.0001
2 24 166.25 0 -66.25 166.25 0 -50
2 24 170 0 -70 170 0 -50.0001
2 24 130 -26.0609 -66.25 130.13 -62.2768 -66.25
2 24 170 0 -50.0001 166.25 0 -50
2 24 170 -96 -50 170 0 -50.0001
2 24 166.25 0 -50 166.25 -124.3697 -50
2 24 154.8326 -97.7612 -66.25 166.2491 -100.8 -66.25
2 24 166.25 0 -66.25 166.2491 -100.8 -66.25
2 24 154.8326 -97.7612 -66.25 141.7432 -88.9701 -66.25
2 24 141.7432 -88.9701 -66.25 133.0638 -75.7652 -66.25
2 24 130.13 -62.2768 -66.25 133.0638 -75.7652 -66.25
2 24 136.7517 -82.7714 -70 147.8408 -94.0628 -70
2 24 136.7517 -82.7714 -70 131.5556 -72.1169 -70
2 24 131.5556 -72.1169 -70 130.13 -62.2768 -70
2 24 147.8408 -94.0628 -70 162.3925 -100.0039 -70
2 24 170 -100.8 -70 162.3925 -100.0039 -70
2 24 130.13 -62.2768 -70 130 -46.2433 -70
2 24 130 -20.5074 -70 130 0 -70
2 24 170 0 -70 130 0 -70
2 24 130 -46.2433 -70 130 -20.5074 -70
2 24 166.25 0 -66.25 130 0 -66.25
2 24 130 -26.0609 -66.25 130 0 -66.25
2 24 166.25 -124.3697 -50 190 -124.3697 -50
2 24 190 -120 -50 190 -124.3697 -50
2 24 166.25 0 -50 166.25 -124.3697 -50
2 24 166.25 -111.4041 -61.1364 166.25 -124.3697 -50
2 24 108.0936 -55.9295 -62.1132 97.6424 -55.9395 -58.2586
2 24 170 -96 -70 170 0 -70
2 24 210 -126.7871 10 210 -127.854 6.0225
2 24 210 -120 30 210 -120 -10
2 24 210 -138.7314 3.1079 210 -141.646 6.0225
2 24 210 -141.646 -6.0225 210 -138.7314 -3.1079
2 24 210 -144 10 210 -144 -10
2 24 210 -126.7871 -10 210 -127.854 -6.0225
2 24 210 -130.7686 -16.8921 210 -134.75 -17.9589
2 24 210 -143.4152 -19.7576 210 -139.2392 -34.0497
2 24 192 -120 17.9589 192 -120 2.0411
2 24 193.75 -120 20 193.75 -120 0
2 24 206.25 -120 30 206.25 -120 -10
2 24 210 -120 30 210 -120 -10
2 24 193.75 -120 20 193.75 -120 0
2 24 193.75 -125.0369 10 193.75 -126.3382 5.1434
2 24 43.5544 -83.4798 6.6619 43.9331 -83.895 4.6335
2 24 43.5544 -83.4798 6.6619 42.3268 -82.0882 7.5859
2 24 67.2066 -83.7456 -36.0994 68.0579 -83.895 -36.6942
2 24 67.2066 -83.7456 -36.0994 66.1951 -83.0614 -35.6517
2 24 59.8537 -82.5955 -30.4489 58.7845 -80.1608 -31.1133
2 24 59.8537 -82.5955 -30.4489 58.5337 -83.895 -28.1895
2 24 68.0579 -83.895 -36.6942 77.433 -83.909 -43.4499
2 24 77.433 -83.909 -43.4499 86.6532 -83.895 -48.8993
2 24 95.3276 -83.4345 -53.5623 96.7914 -83.895 -54.1798
2 24 88.9734 -80.5309 -51.0048 88.7815 -82.7067 -50.3751
2 24 95.3276 -83.4345 -53.5623 94.41 -82.2154 -53.3749
2 24 86.6532 -83.895 -48.8993 88.7815 -82.7067 -50.3751
2 24 96.7914 -83.895 -54.1798 106.8384 -83.8788 -58.8257
2 24 106.8384 -83.8788 -58.8257 116.4706 -83.895 -62.724
2 24 116.4706 -83.895 -62.724 118.6952 -82.5356 -63.798
2 24 118.6952 -82.5356 -63.798 118.5282 -79.7387 -64.1573
2 24 136.7517 -82.7714 -70 131.5556 -72.1169 -70
2 24 118.5282 -79.7387 -64.1573 114.6212 -68.9417 -63.8281
2 24 130.13 -62.2768 -70 131.5556 -72.1169 -70
2 24 44.0752 -83.9346 -1.3633 47.3115 -83.9253 -12.5348
2 24 47.3115 -83.9253 -12.5348 52.8339 -83.8883 -21.921
2 24 58.5337 -83.895 -28.1895 52.8339 -83.8883 -21.921
2 24 42.3268 -82.0882 7.5859 35.3889 -74.2536 7.5638
2 24 35.3889 -74.2536 7.5638 26.2112 -63.9104 7.5876
2 24 44.1248 -64.0501 -28.8052 45.4329 -64.9542 -29.3027
2 24 50.0953 -63.1229 -33.8254 50.6267 -65.4666 -33.0012
2 24 50.0953 -63.1229 -33.8254 51.72 -61.4345 -35.7112
2 24 44.1248 -64.0501 -28.8052 42.7372 -63.9197 -27.7223
2 24 30.7861 -63.904 -13.8489 37.9058 -63.9557 -23.4504
2 24 30.7861 -63.904 -13.8489 26.7372 -63.8767 -2.5762
2 24 26.2112 -63.9104 7.5876 26.7372 -63.8767 -2.5762
2 24 42.7372 -63.9197 -27.7223 37.9058 -63.9557 -23.4504
2 24 51.72 -61.4345 -35.7112 63.0786 -59.0237 -43.0585
2 24 79.1438 -55.9886 -50.9167 80.6062 -57.471 -51.3688
2 24 79.1438 -55.9886 -50.9167 76.8195 -56.0571 -49.9727
2 24 97.6424 -55.9395 -58.2586 88.4329 -55.93 -54.6944
2 24 88.4329 -55.93 -54.6944 86.4684 -56.8839 -53.84
2 24 86.0837 -59.2851 -53.4732 86.4684 -56.8839 -53.84
2 24 110.4612 -57.575 -62.8962 114.6212 -68.9417 -63.8281
2 24 94.41 -82.2154 -53.3749 89.6059 -68.8692 -53.5759
2 24 88.9734 -80.5309 -51.0048 84.7221 -68.7797 -51.3006
2 24 80.6062 -57.471 -51.3688 84.7221 -68.7797 -51.3006
2 24 86.0837 -59.2851 -53.4732 89.6059 -68.8692 -53.5759
2 24 50.6267 -65.4666 -33.0012 59.0155 -74.9478 -34.3785
2 24 45.4329 -64.9542 -29.3027 52.0727 -72.4802 -30.1989
2 24 58.7845 -80.1608 -31.1133 52.0727 -72.4802 -30.1989
2 24 66.1951 -83.0614 -35.6517 59.0155 -74.9478 -34.3785
2 24 -26.1593 0 10 -22.6901 0 -1.6978
2 24 -11.6577 -16.4183 -8.9315 -9.8239 -17.5926 -9.6752
2 24 -11.6577 -16.4183 -8.9315 -12.8087 -16.7117 -7.1203
2 24 -16.4538 -18.9949 10 -15.4562 -18.2581 1.4385
2 24 -12.8087 -16.7117 -7.1203 -15.4562 -18.2581 1.4385
2 24 -12.092 0 -13.2472 4.7656 0 -23.2914
2 24 -22.6901 0 -1.6978 -12.092 0 -13.2472
2 24 4.7656 0 -23.2914 37.8309 0 -35.0882
2 24 37.8309 0 -35.0882 72.3524 0 -46.5809
2 24 113.3841 -45.6072 -59.8835 96.105 -47.0677 -54.113
2 24 72.3524 0 -46.5809 105.8771 0 -57.7359
2 24 105.8771 0 -57.7359 130 0 -66.25
2 24 130 0 -66.25 130 -26.0609 -66.25
2 24 130 -26.0609 -66.25 130.13 -62.2768 -66.25
2 24 113.3841 -45.6072 -59.8835 118.4074 -47.2292 -61.5902
2 24 130.13 -62.2768 -66.25 133.0638 -75.7652 -66.25
2 24 133.0638 -75.7652 -66.25 141.7432 -88.9701 -66.25
2 24 118.4074 -47.2292 -61.5902 119.7948 -53.5266 -62.367
2 24 119.7948 -53.5266 -62.367 121.0498 -80.4715 -60.9784
2 24 121.0498 -80.4715 -60.9784 122.7893 -101.395 -55.9429
2 24 141.7432 -88.9701 -66.25 154.8326 -97.7612 -66.25
2 24 166.25 -111.4041 -61.1364 166.2491 -100.8 -66.25
2 24 154.8326 -97.7612 -66.25 166.2491 -100.8 -66.25
2 24 166.25 -111.4041 -61.1364 166.25 -124.3697 -50
2 24 72.1607 -101.395 -16.4837 67.5296 -101.395 -3.6847
2 24 72.1607 -101.395 -16.4837 84.0303 -101.395 -32.3127
2 24 84.0303 -101.395 -32.3127 101.5491 -101.395 -45.9554
2 24 122.7893 -101.395 -55.9429 115.899 -101.3426 -53.0732
2 24 166.25 -124.3697 -50 190 -124.3697 -50
2 24 190 -124.3697 -50 190 -131.4695 -40.6703
2 24 190 -131.4695 -40.6703 190 -138.0364 -25.1296
2 24 190 -138.0364 -25.1296 190 -139.7433 -15.8714
2 24 190 -139.7433 -15.8714 190 -140.004 -10
2 24 190 -140.004 -10 190 -140.004 -4.3806
2 24 190 -140.004 -4.3806 190 -140.004 4.3805
2 24 190 -140.004 10 190 -140.004 4.3805
2 24 18.0909 -48.5298 -11.9841 23.6314 -50.0435 -16.5632
2 24 18.0909 -48.5298 -11.9841 12.973 -43.3107 -9.569
2 24 -9.8239 -17.5926 -9.6752 0.9693 -30.8073 -9.76
2 24 12.973 -43.3107 -9.569 0.9693 -30.8073 -9.76
2 24 75.1232 -49.0225 -46.115 47.3543 -50.4718 -33.3158
2 24 47.3543 -50.4718 -33.3158 35.4929 -50.5888 -26.0373
2 24 96.105 -47.0677 -54.113 75.1232 -49.0225 -46.115
2 24 63.0786 -59.0237 -43.0585 76.8195 -56.0571 -49.9727
2 24 170 0 -50.0001 170 0 -70
2 24 170 -96 -66.25 170 -96 -70
2 24 170 0 -70 170 -96 -70
2 24 23.6314 -50.0435 -16.5632 35.4929 -50.5888 -26.0373
2 24 66.0406 -101.4703 10 67.5296 -101.395 -3.6847
2 24 101.5491 -101.395 -45.9554 115.899 -101.3426 -53.0732
2 24 43.9331 -83.895 4.6335 44.0752 -83.9346 -1.3633
2 24 169.6316 -96 81.0086 169.6316 -112.3275 81.0086
2 24 169.6316 -96 81.0086 173.7375 -96 81.0086
2 24 169.6316 -112.3275 81.0086 173.7375 -112.3275 81.0086
2 24 173.7375 -96 81.0086 173.7375 -112.3275 81.0086
2 24 169.6316 -115.1855 78.9914 169.6316 -96 78.9914
2 24 169.6316 -115.1855 78.9914 173.7375 -115.1855 78.9914
2 24 169.6316 -96 78.9914 173.7375 -96 78.9914
2 24 173.7375 -115.1855 78.9914 173.7375 -96 78.9914
2 24 169.6316 -96 78.9914 169.6316 -96 81.0086
2 24 169.6316 -96 78.9914 173.7375 -96 78.9914
2 24 169.6316 -96 81.0086 173.7375 -96 81.0086
2 24 173.7375 -96 78.9914 173.7375 -96 81.0086
2 24 173.7375 -96 81.0086 173.7375 -112.3275 81.0086
2 24 173.7375 -96 81.0086 173.7375 -96 78.9914
2 24 173.7375 -112.3275 81.0086 173.7375 -115.1855 78.9914
2 24 173.7375 -96 78.9914 173.7375 -115.1855 78.9914
2 24 201.0086 -120 70.4632 201.0086 -124.2799 70.4632
2 24 201.0086 -120 70.4632 201.0086 -120 66.1709
2 24 201.0086 -124.2799 70.4632 201.0086 -128.0976 66.1709
2 24 201.0086 -120 66.1709 201.0086 -128.0976 66.1709
2 24 198.9914 -120 70.4632 198.9914 -120 66.1709
2 24 198.9914 -120 70.4632 198.9914 -124.28 70.4632
2 24 198.9914 -120 66.1709 198.9914 -128.0976 66.1709
2 24 198.9914 -124.28 70.4632 198.9914 -128.0976 66.1709
2 24 198.9914 -120 70.4632 201.0086 -120 70.4632
2 24 198.9914 -120 70.4632 198.9914 -120 66.1709
2 24 201.0086 -120 70.4632 201.0086 -120 66.1709
2 24 198.9914 -120 66.1709 201.0086 -120 66.1709
2 24 201.0086 -120 66.1709 201.0086 -128.0976 66.1709
2 24 201.0086 -120 66.1709 198.9914 -120 66.1709
2 24 201.0086 -128.0976 66.1709 198.9914 -128.0976 66.1709
2 24 198.9914 -120 66.1709 198.9914 -128.0976 66.1709
2 24 169.6316 -96 -61.0086 173.7375 -96 -61.0086
2 24 169.6316 -96 -61.0086 169.6316 -112.3275 -61.0086
2 24 173.7375 -96 -61.0086 173.7375 -112.3275 -61.0086
2 24 169.6316 -112.3275 -61.0086 173.7375 -112.3275 -61.0086
2 24 169.6316 -115.1855 -58.9914 173.7375 -115.1855 -58.9914
2 24 169.6316 -115.1855 -58.9914 169.6316 -96 -58.9914
2 24 173.7375 -115.1855 -58.9914 173.7375 -96 -58.9914
2 24 169.6316 -96 -58.9914 173.7375 -96 -58.9914
2 24 169.6316 -96 -58.9914 173.7375 -96 -58.9914
2 24 169.6316 -96 -58.9914 169.6316 -96 -61.0086
2 24 173.7375 -96 -58.9914 173.7375 -96 -61.0086
2 24 169.6316 -96 -61.0086 173.7375 -96 -61.0086
2 24 173.7375 -96 -61.0086 173.7375 -96 -58.9914
2 24 173.7375 -96 -61.0086 173.7375 -112.3275 -61.0086
2 24 173.7375 -96 -58.9914 173.7375 -115.1855 -58.9914
2 24 173.7375 -112.3275 -61.0086 173.7375 -115.1855 -58.9914
2 24 201.0086 -120 -50.4632 201.0086 -120 -46.1709
2 24 201.0086 -120 -50.4632 201.0086 -124.2799 -50.4632
2 24 201.0086 -120 -46.1709 201.0086 -128.0976 -46.1709
2 24 201.0086 -124.2799 -50.4632 201.0086 -128.0976 -46.1709
2 24 198.9914 -128.0976 -46.1709 198.9914 -120 -46.1709
2 24 198.9914 -128.0976 -46.1709 198.9914 -124.28 -50.4632
2 24 198.9914 -120 -46.1709 198.9914 -120 -50.4632
2 24 198.9914 -124.28 -50.4632 198.9914 -120 -50.4632
2 24 198.9914 -120 -50.4632 198.9914 -120 -46.1709
2 24 198.9914 -120 -50.4632 201.0086 -120 -50.4632
2 24 198.9914 -120 -46.1709 201.0086 -120 -46.1709
2 24 201.0086 -120 -50.4632 201.0086 -120 -46.1709
2 24 201.0086 -120 -46.1709 198.9914 -120 -46.1709
2 24 201.0086 -120 -46.1709 201.0086 -128.0976 -46.1709
2 24 198.9914 -120 -46.1709 198.9914 -128.0976 -46.1709
2 24 201.0086 -128.0976 -46.1709 198.9914 -128.0976 -46.1709
2 24 185.4144 -148.45 3.126 183.126 -148.45 5.4144
2 24 183.126 -148.45 5.4144 180 -148.45 6.252
2 24 180 -148.45 6.252 176.874 -148.45 5.4144
2 24 176.874 -148.45 5.4144 174.5856 -148.45 3.126
2 24 174.5856 -148.45 3.126 173.748 -148.45 0
2 24 173.748 -148.45 0 174.5856 -148.45 -3.126
2 24 174.5856 -148.45 -3.126 176.874 -148.45 -5.4144
2 24 176.874 -148.45 -5.4144 180 -148.45 -6.252
2 24 180 -148.45 -6.252 183.126 -148.45 -5.4144
2 24 183.126 -148.45 -5.4144 185.4144 -148.45 -3.126
2 24 185.4144 -148.45 -3.126 186.252 -148.45 0
2 24 185.4144 -148.45 3.126 186.252 -148.45 0
2 24 185.4144 -144 3.126 183.126 -144 5.4144
2 24 185.4144 -148.45 3.126 183.126 -148.45 5.4144
2 24 183.126 -144 5.4144 180 -144 6.252
2 24 183.126 -148.45 5.4144 180 -148.45 6.252
2 24 180 -144 6.252 176.874 -144 5.4144
2 24 180 -148.45 6.252 176.874 -148.45 5.4144
2 24 176.874 -144 5.4144 174.5856 -144 3.126
2 24 176.874 -148.45 5.4144 174.5856 -148.45 3.126
2 24 174.5856 -144 3.126 173.748 -144 0
2 24 174.5856 -148.45 3.126 173.748 -148.45 0
2 24 173.748 -144 0 174.5856 -144 -3.126
2 24 173.748 -148.45 0 174.5856 -148.45 -3.126
2 24 174.5856 -144 -3.126 176.874 -144 -5.4144
2 24 174.5856 -148.45 -3.126 176.874 -148.45 -5.4144
2 24 176.874 -144 -5.4144 180 -144 -6.252
2 24 176.874 -148.45 -5.4144 180 -148.45 -6.252
2 24 180 -144 -6.252 183.126 -144 -5.4144
2 24 180 -148.45 -6.252 183.126 -148.45 -5.4144
2 24 183.126 -144 -5.4144 185.4144 -144 -3.126
2 24 183.126 -148.45 -5.4144 185.4144 -148.45 -3.126
2 24 185.4144 -144 -3.126 186.252 -144 0
2 24 185.4144 -148.45 -3.126 186.252 -148.45 0
2 24 185.4144 -144 3.126 186.252 -144 0
2 24 185.4144 -148.45 3.126 186.252 -148.45 0
2 24 185.4144 -148.45 23.126 183.126 -148.45 25.4144
2 24 183.126 -148.45 25.4144 180 -148.45 26.252
2 24 180 -148.45 26.252 176.874 -148.45 25.4144
2 24 176.874 -148.45 25.4144 174.5856 -148.45 23.126
2 24 174.5856 -148.45 23.126 173.748 -148.45 20
2 24 173.748 -148.45 20 174.5856 -148.45 16.874
2 24 174.5856 -148.45 16.874 176.874 -148.45 14.5856
2 24 176.874 -148.45 14.5856 180 -148.45 13.748
2 24 180 -148.45 13.748 183.126 -148.45 14.5856
2 24 183.126 -148.45 14.5856 185.4144 -148.45 16.874
2 24 185.4144 -148.45 16.874 186.252 -148.45 20
2 24 185.4144 -148.45 23.126 186.252 -148.45 20
2 24 185.4144 -144 23.126 183.126 -144 25.4144
2 24 185.4144 -148.45 23.126 183.126 -148.45 25.4144
2 24 183.126 -144 25.4144 180 -144 26.252
2 24 183.126 -148.45 25.4144 180 -148.45 26.252
2 24 180 -144 26.252 176.874 -144 25.4144
2 24 180 -148.45 26.252 176.874 -148.45 25.4144
2 24 176.874 -144 25.4144 174.5856 -144 23.126
2 24 176.874 -148.45 25.4144 174.5856 -148.45 23.126
2 24 174.5856 -144 23.126 173.748 -144 20
2 24 174.5856 -148.45 23.126 173.748 -148.45 20
2 24 173.748 -144 20 174.5856 -144 16.874
2 24 173.748 -148.45 20 174.5856 -148.45 16.874
2 24 174.5856 -144 16.874 176.874 -144 14.5856
2 24 174.5856 -148.45 16.874 176.874 -148.45 14.5856
2 24 176.874 -144 14.5856 180 -144 13.748
2 24 176.874 -148.45 14.5856 180 -148.45 13.748
2 24 180 -144 13.748 183.126 -144 14.5856
2 24 180 -148.45 13.748 183.126 -148.45 14.5856
2 24 183.126 -144 14.5856 185.4144 -144 16.874
2 24 183.126 -148.45 14.5856 185.4144 -148.45 16.874
2 24 185.4144 -144 16.874 186.252 -144 20
2 24 185.4144 -148.45 16.874 186.252 -148.45 20
2 24 185.4144 -144 23.126 186.252 -144 20
2 24 185.4144 -148.45 23.126 186.252 -148.45 20
2 24 205.4144 -144 23.126 203.126 -144 25.4144
2 24 205.4144 -148.45 23.126 203.126 -148.45 25.4144
2 24 203.126 -144 25.4144 200 -144 26.252
2 24 203.126 -148.45 25.4144 200 -148.45 26.252
2 24 200 -144 26.252 196.874 -144 25.4144
2 24 200 -148.45 26.252 196.874 -148.45 25.4144
2 24 196.874 -144 25.4144 194.5856 -144 23.126
2 24 196.874 -148.45 25.4144 194.5856 -148.45 23.126
2 24 194.5856 -144 23.126 193.748 -144 20
2 24 194.5856 -148.45 23.126 193.748 -148.45 20
2 24 193.748 -144 20 194.5856 -144 16.874
2 24 193.748 -148.45 20 194.5856 -148.45 16.874
2 24 194.5856 -144 16.874 196.874 -144 14.5856
2 24 194.5856 -148.45 16.874 196.874 -148.45 14.5856
2 24 196.874 -144 14.5856 200 -144 13.748
2 24 196.874 -148.45 14.5856 200 -148.45 13.748
2 24 200 -144 13.748 203.126 -144 14.5856
2 24 200 -148.45 13.748 203.126 -148.45 14.5856
2 24 203.126 -144 14.5856 205.4144 -144 16.874
2 24 203.126 -148.45 14.5856 205.4144 -148.45 16.874
2 24 205.4144 -144 16.874 206.252 -144 20
2 24 205.4144 -148.45 16.874 206.252 -148.45 20
2 24 205.4144 -144 23.126 206.252 -144 20
2 24 205.4144 -148.45 23.126 206.252 -148.45 20
2 24 205.4144 -148.45 23.126 203.126 -148.45 25.4144
2 24 203.5295 -148.45 22.0378 202.0377 -148.45 23.5295
2 24 203.126 -148.45 25.4144 200 -148.45 26.252
2 24 202.0377 -148.45 23.5295 200 -148.45 24.0755
2 24 200 -148.45 26.252 196.874 -148.45 25.4144
2 24 200 -148.45 24.0755 197.9622 -148.45 23.5295
2 24 196.874 -148.45 25.4144 194.5856 -148.45 23.126
2 24 197.9622 -148.45 23.5295 196.4705 -148.45 22.0378
2 24 194.5856 -148.45 23.126 193.748 -148.45 20
2 24 196.4705 -148.45 22.0378 195.9245 -148.45 20
2 24 193.748 -148.45 20 194.5856 -148.45 16.874
2 24 195.9245 -148.45 20 196.4705 -148.45 17.9623
2 24 194.5856 -148.45 16.874 196.874 -148.45 14.5856
2 24 196.4705 -148.45 17.9623 197.9622 -148.45 16.4705
2 24 196.874 -148.45 14.5856 200 -148.45 13.748
2 24 197.9622 -148.45 16.4705 200 -148.45 15.9245
2 24 200 -148.45 13.748 203.126 -148.45 14.5856
2 24 200 -148.45 15.9245 202.0377 -148.45 16.4705
2 24 203.126 -148.45 14.5856 205.4144 -148.45 16.874
2 24 202.0377 -148.45 16.4705 203.5295 -148.45 17.9623
2 24 205.4144 -148.45 16.874 206.252 -148.45 20
2 24 203.5295 -148.45 17.9623 204.0755 -148.45 20
2 24 205.4144 -148.45 23.126 206.252 -148.45 20
2 24 203.5295 -148.45 22.0378 204.0755 -148.45 20
2 24 203.5295 -148.45 22.0378 202.0377 -148.45 23.5295
2 24 203.5295 -144 22.0378 202.0377 -144 23.5295
2 24 202.0377 -148.45 23.5295 200 -148.45 24.0755
2 24 202.0377 -144 23.5295 200 -144 24.0755
2 24 200 -148.45 24.0755 197.9622 -148.45 23.5295
2 24 200 -144 24.0755 197.9622 -144 23.5295
2 24 197.9622 -148.45 23.5295 196.4705 -148.45 22.0378
2 24 197.9622 -144 23.5295 196.4705 -144 22.0378
2 24 196.4705 -148.45 22.0378 195.9245 -148.45 20
2 24 196.4705 -144 22.0378 195.9245 -144 20
2 24 195.9245 -148.45 20 196.4705 -148.45 17.9623
2 24 195.9245 -144 20 196.4705 -144 17.9623
2 24 196.4705 -148.45 17.9623 197.9622 -148.45 16.4705
2 24 196.4705 -144 17.9623 197.9622 -144 16.4705
2 24 197.9622 -148.45 16.4705 200 -148.45 15.9245
2 24 197.9622 -144 16.4705 200 -144 15.9245
2 24 200 -148.45 15.9245 202.0377 -148.45 16.4705
2 24 200 -144 15.9245 202.0377 -144 16.4705
2 24 202.0377 -148.45 16.4705 203.5295 -148.45 17.9623
2 24 202.0377 -144 16.4705 203.5295 -144 17.9623
2 24 203.5295 -148.45 17.9623 204.0755 -148.45 20
2 24 203.5295 -144 17.9623 204.0755 -144 20
2 24 203.5295 -148.45 22.0378 204.0755 -148.45 20
2 24 203.5295 -144 22.0378 204.0755 -144 20
2 24 205.4144 -144 3.126 203.126 -144 5.4144
2 24 205.4144 -148.45 3.126 203.126 -148.45 5.4144
2 24 203.126 -144 5.4144 200 -144 6.252
2 24 203.126 -148.45 5.4144 200 -148.45 6.252
2 24 200 -144 6.252 196.874 -144 5.4144
2 24 200 -148.45 6.252 196.874 -148.45 5.4144
2 24 196.874 -144 5.4144 194.5856 -144 3.126
2 24 196.874 -148.45 5.4144 194.5856 -148.45 3.126
2 24 194.5856 -144 3.126 193.748 -144 0
2 24 194.5856 -148.45 3.126 193.748 -148.45 0
2 24 193.748 -144 0 194.5856 -144 -3.126
2 24 193.748 -148.45 0 194.5856 -148.45 -3.126
2 24 194.5856 -144 -3.126 196.874 -144 -5.4144
2 24 194.5856 -148.45 -3.126 196.874 -148.45 -5.4144
2 24 196.874 -144 -5.4144 200 -144 -6.252
2 24 196.874 -148.45 -5.4144 200 -148.45 -6.252
2 24 200 -144 -6.252 203.126 -144 -5.4144
2 24 200 -148.45 -6.252 203.126 -148.45 -5.4144
2 24 203.126 -144 -5.4144 205.4144 -144 -3.126
2 24 203.126 -148.45 -5.4144 205.4144 -148.45 -3.126
2 24 205.4144 -144 -3.126 206.252 -144 0
2 24 205.4144 -148.45 -3.126 206.252 -148.45 0
2 24 205.4144 -144 3.126 206.252 -144 0
2 24 205.4144 -148.45 3.126 206.252 -148.45 0
2 24 205.4144 -148.45 3.126 203.126 -148.45 5.4144
2 24 203.5295 -148.45 2.0378 202.0377 -148.45 3.5295
2 24 203.126 -148.45 5.4144 200 -148.45 6.252
2 24 202.0377 -148.45 3.5295 200 -148.45 4.0755
2 24 200 -148.45 6.252 196.874 -148.45 5.4144
2 24 200 -148.45 4.0755 197.9622 -148.45 3.5295
2 24 196.874 -148.45 5.4144 194.5856 -148.45 3.126
2 24 197.9622 -148.45 3.5295 196.4705 -148.45 2.0378
2 24 194.5856 -148.45 3.126 193.748 -148.45 0
2 24 196.4705 -148.45 2.0378 195.9245 -148.45 0
2 24 193.748 -148.45 0 194.5856 -148.45 -3.126
2 24 195.9245 -148.45 0 196.4705 -148.45 -2.0378
2 24 194.5856 -148.45 -3.126 196.874 -148.45 -5.4144
2 24 196.4705 -148.45 -2.0378 197.9622 -148.45 -3.5295
2 24 196.874 -148.45 -5.4144 200 -148.45 -6.252
2 24 197.9622 -148.45 -3.5295 200 -148.45 -4.0755
2 24 200 -148.45 -6.252 203.126 -148.45 -5.4144
2 24 200 -148.45 -4.0755 202.0377 -148.45 -3.5295
2 24 203.126 -148.45 -5.4144 205.4144 -148.45 -3.126
2 24 202.0377 -148.45 -3.5295 203.5295 -148.45 -2.0378
2 24 205.4144 -148.45 -3.126 206.252 -148.45 0
2 24 203.5295 -148.45 -2.0378 204.0755 -148.45 0
2 24 205.4144 -148.45 3.126 206.252 -148.45 0
2 24 203.5295 -148.45 2.0378 204.0755 -148.45 0
2 24 203.5295 -148.45 2.0378 202.0377 -148.45 3.5295
2 24 203.5295 -144 2.0378 202.0377 -144 3.5295
2 24 202.0377 -148.45 3.5295 200 -148.45 4.0755
2 24 202.0377 -144 3.5295 200 -144 4.0755
2 24 200 -148.45 4.0755 197.9622 -148.45 3.5295
2 24 200 -144 4.0755 197.9622 -144 3.5295
2 24 197.9622 -148.45 3.5295 196.4705 -148.45 2.0378
2 24 197.9622 -144 3.5295 196.4705 -144 2.0378
2 24 196.4705 -148.45 2.0378 195.9245 -148.45 0
2 24 196.4705 -144 2.0378 195.9245 -144 0
2 24 195.9245 -148.45 0 196.4705 -148.45 -2.0378
2 24 195.9245 -144 0 196.4705 -144 -2.0378
2 24 196.4705 -148.45 -2.0378 197.9622 -148.45 -3.5295
2 24 196.4705 -144 -2.0378 197.9622 -144 -3.5295
2 24 197.9622 -148.45 -3.5295 200 -148.45 -4.0755
2 24 197.9622 -144 -3.5295 200 -144 -4.0755
2 24 200 -148.45 -4.0755 202.0377 -148.45 -3.5295
2 24 200 -144 -4.0755 202.0377 -144 -3.5295
2 24 202.0377 -148.45 -3.5295 203.5295 -148.45 -2.0378
2 24 202.0377 -144 -3.5295 203.5295 -144 -2.0378
2 24 203.5295 -148.45 -2.0378 204.0755 -148.45 0
2 24 203.5295 -144 -2.0378 204.0755 -144 0
2 24 203.5295 -148.45 2.0378 204.0755 -148.45 0
2 24 203.5295 -144 2.0378 204.0755 -144 0
2 24 1.5565 0 10 2.6877 0 14.2218
2 24 3.6034 0 10 4.4604 0 13.1983
2 24 4.4604 0 13.1983 6.8017 0 15.5396
2 24 2.6877 0 14.2218 5.7782 0 17.3123
2 24 6.8017 0 15.5396 10 0 16.3966
2 24 5.7782 0 17.3123 10 0 18.4436
2 24 10 0 16.3966 13.1983 0 15.5396
2 24 10 0 18.4436 14.2218 0 17.3123
2 24 13.1983 0 15.5396 15.5396 0 13.1983
2 24 14.2218 0 17.3123 17.3124 0 14.2218
2 24 15.5396 0 13.1983 16.3966 0 10
2 24 17.3124 0 14.2218 18.4436 0 10
2 24 4.4604 -35.3185 13.1983 3.6034 -34.6986 10
2 24 4.4604 0 13.1983 3.6034 0 10
2 24 4.4604 -35.3185 13.1983 6.8017 -37.3418 15.5396
2 24 4.4604 0 13.1983 6.8017 0 15.5396
2 24 6.8017 -37.3418 15.5396 10 -40.3799 16.3966
2 24 6.8017 0 15.5396 10 0 16.3966
2 24 10 -40.3799 16.3966 13.1983 -43.1837 15.5396
2 24 10 0 16.3966 13.1983 0 15.5396
2 24 13.1983 -43.1837 15.5396 15.5396 -45.1916 13.1983
2 24 13.1983 0 15.5396 15.5396 0 13.1983
2 24 15.5396 -45.1916 13.1983 16.3966 -46.1034 10
2 24 15.5396 0 13.1983 16.3966 0 10
2 24 2.6876 -33.6987 14.2218 1.5564 -32.8794 10
2 24 2.6877 0 14.2218 1.5565 0 10
2 24 2.6876 -33.6987 14.2218 5.7782 -36.4056 17.3123
2 24 2.6877 0 14.2218 5.7782 0 17.3123
2 24 5.7782 -36.4056 17.3123 10 -40.3465 18.4436
2 24 5.7782 0 17.3123 10 0 18.4436
2 24 10 -40.3465 18.4436 14.2218 -44.0535 17.3123
2 24 10 0 18.4436 14.2218 0 17.3123
2 24 14.2218 -44.0535 17.3123 17.3124 -46.7733 14.2218
2 24 14.2218 0 17.3123 17.3124 0 14.2218
2 24 17.3124 0 14.2218 18.4436 0 10
2 24 17.3124 -46.7733 14.2218 18.4436 -47.9097 10
2 24 1.5564 -32.8794 10 2.6876 -33.6987 14.2218
2 24 -6.9993 -25.3677 10 -7 -24.2796 18.5
2 24 17.3124 -46.7733 14.2218 14.2218 -44.0535 17.3123
2 24 27 -55.0279 18.5002 27 -53.844 27
2 24 27 -53.844 27 10 -38.4222 27
2 24 -7 -24.2796 18.5 -7 -20.3168 27
2 24 10 -38.4222 27 -7 -20.3168 27
2 24 10 -40.3465 18.4436 5.7782 -36.4056 17.3123
2 24 14.2218 -44.0535 17.3123 10 -40.3465 18.4436
2 24 17.3124 -46.7733 14.2218 18.4436 -47.9097 10
2 24 27 -55.0279 18.5002 27 -55.1467 10
2 24 2.6876 -33.6987 14.2218 5.7782 -36.4056 17.3123
2 24 4.4604 -35.3185 13.1983 6.8017 -37.3418 15.5396
2 24 13.1983 -43.1837 15.5396 15.5396 -45.1916 13.1983
2 24 4.4604 -35.3185 13.1983 3.6034 -34.6986 10
2 24 6.8017 -37.3418 15.5396 10 -40.3799 16.3966
2 24 13.1983 -43.1837 15.5396 10 -40.3799 16.3966
2 24 15.5396 -45.1916 13.1983 16.3966 -46.1034 10
2 24 -7 -24.2796 18.5 -6.9993 -25.3677 10
2 24 -7 0 27 -7 0 -7
2 24 27 -55.0279 18.5002 27 -53.844 27
2 24 27 0 27 27 -53.844 27
2 24 -7 -24.2796 18.5 -7 -20.3168 27
2 24 -7 0 27 -7 -20.3168 27
2 24 27 -55.0279 18.5002 27 -55.1467 10
2 24 27 0 27 27 0 -7
2 24 10 -38.4222 27 -7 -20.3168 27
2 24 -7 0 27 -7 -20.3168 27
2 24 10 -38.4222 27 27 -53.844 27
2 24 27 -53.844 27 27 0 27
2 24 -7 0 27 27 0 27
2 24 1.5565 0 10 2.6877 0 5.7782
2 24 3.6034 0 10 4.4604 0 6.8017
2 24 4.4604 0 6.8017 6.8017 0 4.4604
2 24 2.6877 0 5.7782 5.7782 0 2.6877
2 24 6.8017 0 4.4604 10 0 3.6034
2 24 5.7782 0 2.6877 10 0 1.5564
2 24 10 0 3.6034 13.1983 0 4.4604
2 24 10 0 1.5564 14.2218 0 2.6877
2 24 13.1983 0 4.4604 15.5396 0 6.8017
2 24 14.2218 0 2.6877 17.3124 0 5.7782
2 24 16.3966 0 10 15.5396 0 6.8017
2 24 18.4436 0 10 17.3124 0 5.7782
2 24 3.6034 0 10 4.4604 0 6.8017
2 24 3.6034 -34.6986 10 4.4604 -35.3185 6.8017
2 24 4.4604 0 6.8017 6.8017 0 4.4604
2 24 4.4604 -35.3185 6.8017 6.8017 -37.3418 4.4604
2 24 6.8017 0 4.4604 10 0 3.6034
2 24 6.8017 -37.3418 4.4604 10 -40.3799 3.6034
2 24 10 0 3.6034 13.1983 0 4.4604
2 24 10 -40.3799 3.6034 13.1983 -43.1837 4.4604
2 24 13.1983 0 4.4604 15.5396 0 6.8017
2 24 13.1983 -43.1837 4.4604 15.5396 -45.1916 6.8017
2 24 16.3966 -46.1034 10 15.5396 -45.1916 6.8017
2 24 16.3966 0 10 15.5396 0 6.8017
2 24 1.5564 -32.8794 10 2.6876 -33.6987 5.7782
2 24 1.5565 0 10 2.6877 0 5.7782
2 24 2.6876 -33.6987 5.7782 5.7782 -36.4056 2.6877
2 24 2.6877 0 5.7782 5.7782 0 2.6877
2 24 5.7782 -36.4056 2.6877 10 -40.3465 1.5564
2 24 5.7782 0 2.6877 10 0 1.5564
2 24 10 -40.3465 1.5564 14.2218 -44.0535 2.6877
2 24 10 0 1.5564 14.2218 0 2.6877
2 24 14.2218 -44.0535 2.6877 17.3124 -46.7733 5.7782
2 24 14.2218 0 2.6877 17.3124 0 5.7782
2 24 18.4436 -47.9097 10 17.3124 -46.7733 5.7782
2 24 18.4436 0 10 17.3124 0 5.7782
2 24 1.5564 -32.8794 10 2.6876 -33.6987 5.7782
2 24 -6.9993 -25.3677 10 -7 -24.2796 1.5
2 24 14.2218 -44.0535 2.6877 17.3124 -46.7733 5.7782
2 24 27 -53.844 -7 10 -38.4222 -7
2 24 27 -55.0279 1.4998 27 -53.844 -7
2 24 -7 -24.2796 1.5 -7 -20.3168 -7
2 24 10 -38.4222 -7 -7 -20.3168 -7
2 24 10 -40.3465 1.5564 5.7782 -36.4056 2.6877
2 24 14.2218 -44.0535 2.6877 10 -40.3465 1.5564
2 24 18.4436 -47.9097 10 17.3124 -46.7733 5.7782
2 24 27 -55.1467 10 27 -55.0279 1.4998
2 24 2.6876 -33.6987 5.7782 5.7782 -36.4056 2.6877
2 24 6.8017 -37.3418 4.4604 4.4604 -35.3185 6.8017
2 24 15.5396 -45.1916 6.8017 13.1983 -43.1837 4.4604
2 24 3.6034 -34.6986 10 4.4604 -35.3185 6.8017
2 24 6.8017 -37.3418 4.4604 10 -40.3799 3.6034
2 24 13.1983 -43.1837 4.4604 10 -40.3799 3.6034
2 24 16.3966 -46.1034 10 15.5396 -45.1916 6.8017
2 24 -6.9993 -25.3677 10 -7 -24.2796 1.5
2 24 27 -53.844 -7 27 -55.0279 1.4998
2 24 27 0 -7 27 -53.844 -7
2 24 -7 -24.2796 1.5 -7 -20.3168 -7
2 24 -7 0 -7 -7 -20.3168 -7
2 24 27 -55.1467 10 27 -55.0279 1.4998
2 24 -7 -20.3168 -7 10 -38.4222 -7
2 24 -7 0 -7 -7 -20.3168 -7
2 24 -7 0 -7 27 0 -7
2 24 10 -38.4222 -7 27 -53.844 -7
2 24 27 0 -7 27 -53.844 -7
2 24 30.2936 -56.4311 24.4702 30.4623 -58.3137 10
2 24 30 -45.0961 31.9052 30.3163 -48.4039 38.2646
2 24 30.2936 -56.4311 24.4702 30.3163 -48.4039 38.2646
2 24 30.2936 -56.4311 24.4702 30.4623 -58.3137 10
2 24 30.3163 -48.4039 38.2646 38.5299 -48.9977 44.9347
2 24 30.2936 -56.4311 24.4702 30.3163 -48.4039 38.2646
2 24 11.5973 -43.9791 30 18.7369 -48.9231 33.2107
2 24 18.7369 -48.9231 33.2107 30 -45.0961 31.9052
2 24 30 -40.0174 30 30 -45.0961 31.9052
2 24 18.7369 -48.9231 33.2107 25.1867 -50.0365 39.695
2 24 18.7369 -48.9231 33.2107 30 -45.0961 31.9052
2 24 30 -45.0961 31.9052 30.3163 -48.4039 38.2646
2 24 -9.9993 -14.5515 19.5045 -10 -14.8298 30
2 24 -15.6555 -17.7284 23.3241 -12.7462 -16.8809 30
2 24 -10 -14.8298 30 -12.7462 -16.8809 30
2 24 -15.6555 -17.7284 23.3241 -17.5043 -19.4109 10
2 24 -9.9993 -14.5515 19.5045 -9.9993 -14.5515 10
2 24 25.1867 -50.0365 39.695 34.1014 -50.5168 46.4874
2 24 30.3163 -48.4039 38.2646 38.5299 -48.9977 44.9347
2 24 11.5973 -43.9791 30 1.7452 -33.8283 30
2 24 34.1014 -50.5168 46.4874 46.1709 -50.5235 53.8793
2 24 38.5299 -48.9977 44.9347 49.9739 -49.0144 51.9769
2 24 46.1709 -50.5235 53.8793 72.4893 -49.1864 66.2092
2 24 49.9739 -49.0144 51.9769 74.6779 -47.7021 63.4703
2 24 74.6779 -47.7021 63.4703 96.067 -46.0264 71.7552
2 24 72.4893 -49.1864 66.2092 95.0917 -47.4119 75.043
2 24 95.0917 -47.4119 75.043 108.261 -46.1982 79.686
2 24 96.067 -46.0264 71.7552 109.3634 -44.7707 76.3582
2 24 108.261 -46.1982 79.686 112.8701 -45.9484 81.3485
2 24 109.3634 -44.7707 76.3582 114.1272 -44.58 77.974
2 24 118.1518 -47.7197 83.1339 119.2801 -46.2777 79.6228
2 24 112.8701 -45.9484 81.3485 118.1518 -47.7197 83.1339
2 24 114.1272 -44.58 77.974 119.2801 -46.2777 79.6228
2 24 118.1518 -47.7197 83.1339 120.0557 -53.657 83.5848
2 24 119.2801 -46.2777 79.6228 121.3842 -52.8813 80.149
2 24 74.6779 -47.7021 63.4703 49.9739 -49.0144 51.9769
2 24 121.3842 -52.8813 80.149 121.8943 -76.3637 79.12
2 24 120.0557 -53.657 83.5848 120.7354 -76.6189 82.6841
2 24 120.7354 -76.6189 82.6841 121.3519 -88.9988 80.7882
2 24 121.8943 -76.3637 79.12 122.513 -88.821 77.2175
2 24 74.6779 -47.7021 63.4703 96.067 -46.0264 71.7552
2 24 96.067 -46.0264 71.7552 109.3634 -44.7707 76.3582
2 24 119.2801 -46.2777 79.6228 114.1272 -44.58 77.974
2 24 119.2801 -46.2777 79.6228 121.3842 -52.8813 80.149
2 24 109.3634 -44.7707 76.3582 114.1272 -44.58 77.974
2 24 38.5299 -48.9977 44.9347 49.9739 -49.0144 51.9769
2 24 121.3519 -88.9988 80.7882 121.8402 -95.1155 79.2864
2 24 122.513 -88.821 77.2175 122.601 -94.6082 76.9467
2 24 101.5491 -101.395 65.9554 115.899 -101.3426 73.0732
2 24 101.5491 -101.395 65.9554 84.0303 -101.395 52.3127
2 24 65.9464 -101.395 10 67.5296 -101.395 23.6847
2 24 67.5296 -101.395 23.6847 72.1607 -101.395 36.4837
2 24 84.0303 -101.395 52.3127 72.1607 -101.395 36.4837
2 24 121.8402 -95.1155 79.2864 122.5106 -101.395 77.2248
2 24 122.5106 -101.395 77.2248 122.9275 -101.395 75.9429
2 24 122.601 -94.6082 76.9467 122.9275 -101.395 75.9429
2 24 30 -45.0961 31.9052 30 -40.0174 30
2 24 -10 -14.8298 30 -12.7462 -16.8809 30
2 24 1.7452 -33.8283 30 -12.7462 -16.8809 30
2 24 -9.9993 -14.5515 19.5045 -9.9993 -14.5515 10
2 24 -10 0 30 -10 0 -10
2 24 -10 0 -10 -10 0 30
2 24 -7 0 -7 -7 0 27
2 24 -10 0 30 -10 -14.8298 30
2 24 -9.9993 -14.5515 19.5045 -10 -14.8298 30
2 24 30 -40.0174 30 30 0 30
2 24 30 0 30 -10 0 30
2 24 -10 -14.8298 30 -10 0 30
2 24 30 0 -10 30 0 30
2 24 30 -40.0174 30 30 0 30
2 24 27 0 27 27 0 -7
2 24 30 0 30 30 0 -10
2 24 -10 0 30 30 0 30
2 24 -7 0 27 27 0 27
2 24 115.3695 -101.395 74.2392 101.1842 -101.395 67.3376
2 24 115.899 -101.3426 73.0732 101.5491 -101.395 65.9554
2 24 101.5491 -101.395 65.9554 84.0303 -101.395 52.3127
2 24 101.1842 -101.395 67.3376 82.6599 -101.395 53.0998
2 24 67.5296 -101.395 23.6847 65.9464 -101.395 10
2 24 64.2716 -101.395 19.8055 64.0655 -101.395 10
2 24 67.5296 -101.395 23.6847 72.1607 -101.395 36.4837
2 24 64.2716 -101.395 19.8055 66.363 -101.3289 30.1744
2 24 82.6599 -101.395 53.0998 66.363 -101.3289 30.1744
2 24 84.0303 -101.395 52.3127 72.1607 -101.395 36.4837
2 24 116.4706 -83.895 82.724 118.6952 -82.5356 83.798
2 24 118.6952 -82.5356 83.798 118.5282 -79.7387 84.1573
2 24 95.3409 -83.4312 73.5697 96.7914 -83.895 74.1798
2 24 95.3409 -83.4312 73.5697 94.4422 -82.25 73.3836
2 24 96.7914 -83.895 74.1798 106.8384 -83.8788 78.8257
2 24 116.4706 -83.895 82.724 106.8384 -83.8788 78.8257
2 24 86.4684 -56.8839 73.84 86.0837 -59.2851 73.4732
2 24 86.4684 -56.8839 73.84 88.4329 -55.93 74.6944
2 24 108.0936 -55.9295 82.1132 109.7456 -56.5376 82.6547
2 24 86.0837 -59.2851 73.4732 89.6059 -68.8692 73.5759
2 24 108.0936 -55.9295 82.1132 97.6424 -55.9395 78.2586
2 24 114.6212 -68.9417 83.8281 110.4612 -57.575 82.8962
2 24 88.4329 -55.93 74.6944 97.6424 -55.9395 78.2586
2 24 118.5282 -79.7387 84.1573 114.6212 -68.9417 83.8281
2 24 94.4422 -82.25 73.3836 89.6059 -68.8692 73.5759
2 24 86.6532 -83.895 68.8993 88.7815 -82.7067 70.3751
2 24 88.7815 -82.7067 70.3751 88.9734 -80.5309 71.0048
2 24 79.1438 -55.9886 70.9167 76.8195 -56.0571 69.9727
2 24 79.1438 -55.9886 70.9167 80.6062 -57.471 71.3687
2 24 80.6062 -57.471 71.3687 84.7221 -68.7797 71.3006
2 24 51.72 -61.4345 55.7112 50.0953 -63.1229 53.8254
2 24 50.0953 -63.1229 53.8254 50.6267 -65.4666 53.0012
2 24 67.2066 -83.7456 56.0994 68.0579 -83.895 56.6942
2 24 50.6267 -65.4666 53.0012 59.0155 -74.9478 54.3785
2 24 68.0579 -83.895 56.6942 77.433 -83.909 63.4499
2 24 86.6532 -83.895 68.8993 77.433 -83.909 63.4499
2 24 76.8195 -56.0571 69.9727 63.0786 -59.0237 63.0585
2 24 51.72 -61.4345 55.7112 63.0786 -59.0237 63.0585
2 24 88.9734 -80.5309 71.0048 84.7221 -68.7797 71.3006
2 24 59.0155 -74.9478 54.3785 66.1951 -83.0614 55.6517
2 24 58.5337 -83.895 48.1895 59.8537 -82.5955 50.4488
2 24 59.8537 -82.5955 50.4488 58.7845 -80.1608 51.1133
2 24 42.3268 -82.0882 12.4141 43.5544 -83.4798 13.3381
2 24 43.5544 -83.4798 13.3381 43.9331 -83.895 15.3665
2 24 44.1248 -64.0501 48.8052 42.7372 -63.9197 47.7223
2 24 44.1248 -64.0501 48.8052 45.4329 -64.9542 49.3027
2 24 26.2112 -63.9104 12.4124 28.4827 -66.42 12.4124
2 24 26.2112 -63.9104 12.4124 26.2905 -63.9001 15.9276
2 24 42.3268 -82.0882 12.4141 35.3889 -74.2536 12.4362
2 24 58.7845 -80.1608 51.1133 52.0727 -72.4802 50.199
2 24 37.9058 -63.9557 43.4504 30.7861 -63.904 33.8489
2 24 30.7861 -63.904 33.8489 26.7372 -63.8767 22.5762
2 24 52.8339 -83.8883 41.921 47.3115 -83.9253 32.5348
2 24 47.3115 -83.9253 32.5348 44.0752 -83.9346 21.3633
2 24 26.2905 -63.9001 15.9276 26.7372 -63.8767 22.5762
2 24 43.9331 -83.895 15.3665 44.0752 -83.9346 21.3633
2 24 28.4827 -66.42 12.4124 35.3889 -74.2536 12.4362
2 24 45.4329 -64.9542 49.3027 52.0727 -72.4802 50.199
2 24 67.2066 -83.7456 56.0994 66.1951 -83.0614 55.6517
2 24 67.2066 -83.7456 56.0994 67.0686 -83.8101 52.5186
2 24 66.1951 -83.0614 55.6517 66.162 -83.025 52.1234
2 24 67.0686 -83.8101 52.5186 66.162 -83.025 52.1234
2 24 68.0579 -83.895 56.6942 67.2066 -83.7456 56.0994
2 24 67.2066 -83.7456 56.0994 67.0686 -83.8101 52.5186
2 24 68.0683 -83.895 53.2914 67.0686 -83.8101 52.5186
2 24 88.9734 -80.5309 71.0048 88.7815 -82.7067 70.3751
2 24 88.7815 -82.7067 70.3751 88.9459 -82.6486 67.5789
2 24 88.9879 -80.4999 68.1809 88.9459 -82.6486 67.5789
2 24 88.7815 -82.7067 70.3751 86.6532 -83.895 68.8993
2 24 88.7815 -82.7067 70.3751 88.9459 -82.6486 67.5789
2 24 88.9459 -82.6486 67.5789 86.6539 -83.895 65.9593
2 24 86.6539 -83.895 65.9593 78.8481 -83.9772 61.1691
2 24 86.6532 -83.895 68.8993 77.433 -83.909 63.4499
2 24 68.0683 -83.895 53.2914 78.8481 -83.9772 61.1691
2 24 68.0579 -83.895 56.6942 77.433 -83.909 63.4499
2 24 50.6234 -65.4621 49.6167 58.5464 -74.4176 50.9305
2 24 50.6267 -65.4666 53.0012 59.0155 -74.9478 54.3785
2 24 50.6234 -65.4621 49.6167 50.1376 -62.6023 50.8604
2 24 50.6267 -65.4666 53.0012 50.0953 -63.1229 53.8254
2 24 50.1376 -62.6023 50.8604 50.0953 -63.1229 53.8254
2 24 50.1376 -62.6023 50.8604 50.0953 -63.1229 53.8254
2 24 50.1376 -62.6023 50.8604 51.9742 -61.3659 52.7893
2 24 50.0953 -63.1229 53.8254 51.72 -61.4345 55.7112
2 24 51.72 -61.4345 55.7112 63.0786 -59.0237 63.0585
2 24 51.9742 -61.3659 52.7893 65.1345 -58.5638 61.3312
2 24 65.1345 -58.5638 61.3312 77.7321 -55.8818 67.6406
2 24 63.0786 -59.0237 63.0585 76.8195 -56.0571 69.9727
2 24 77.7321 -55.8818 67.6406 79.5665 -56.1173 68.4059
2 24 76.8195 -56.0571 69.9727 79.1438 -55.9886 70.9167
2 24 79.5665 -56.1173 68.4059 79.1438 -55.9886 70.9167
2 24 79.5665 -56.1173 68.4059 79.1438 -55.9886 70.9167
2 24 79.5665 -56.1173 68.4059 80.6132 -57.4902 68.6662
2 24 79.1438 -55.9886 70.9167 80.6062 -57.471 71.3687
2 24 80.6132 -57.4902 68.6662 85.0156 -69.5861 68.5433
2 24 80.6062 -57.471 71.3687 84.7221 -68.7797 71.3006
2 24 88.9879 -80.4999 68.1809 85.0156 -69.5861 68.5433
2 24 88.9734 -80.5309 71.0048 84.7221 -68.7797 71.3006
2 24 95.3409 -83.4312 73.5697 94.4422 -82.25 73.3836
2 24 95.3409 -83.4312 73.5697 95.2361 -83.6419 70.7292
2 24 95.2361 -83.6419 70.7292 94.4076 -82.2831 70.5108
2 24 96.7914 -83.895 74.1798 95.3409 -83.4312 73.5697
2 24 95.3409 -83.4312 73.5697 95.2361 -83.6419 70.7292
2 24 96.8305 -83.9179 71.351 95.2361 -83.6419 70.7292
2 24 118.6952 -82.5356 83.798 116.4706 -83.895 82.724
2 24 118.6952 -82.5356 83.798 118.8539 -82.1967 81.2332
2 24 118.8539 -82.1967 81.2332 116.4784 -83.8943 80.0417
2 24 118.2064 -78.8547 81.5214 118.8539 -82.1967 81.2332
2 24 118.5282 -79.7387 84.1573 118.6952 -82.5356 83.798
2 24 118.8539 -82.1967 81.2332 118.6952 -82.5356 83.798
2 24 118.2064 -78.8547 81.5214 114.6701 -69.1389 81.1442
2 24 118.5282 -79.7387 84.1573 114.6212 -68.9417 83.8281
2 24 114.6701 -69.1389 81.1442 110.4682 -57.5943 80.3035
2 24 114.6212 -68.9417 83.8281 110.4612 -57.575 82.8962
2 24 109.654 -56.4029 79.9504 109.7456 -56.5376 82.6547
2 24 110.4682 -57.5943 80.3035 109.654 -56.4029 79.9504
2 24 110.4612 -57.575 82.8962 109.7456 -56.5376 82.6547
2 24 108.1492 -55.931 79.4652 109.654 -56.4029 79.9504
2 24 108.0936 -55.9295 82.1132 109.7456 -56.5376 82.6547
2 24 109.654 -56.4029 79.9504 109.7456 -56.5376 82.6547
2 24 108.1492 -55.931 79.4652 98.3118 -55.93 75.8173
2 24 108.0936 -55.9295 82.1132 97.6424 -55.9395 78.2586
2 24 98.3118 -55.93 75.8173 88.4141 -55.9321 72.0279
2 24 97.6424 -55.9395 78.2586 88.4329 -55.93 74.6944
2 24 86.3966 -56.8058 71.1671 86.4684 -56.8839 73.84
2 24 88.4141 -55.9321 72.0279 86.3966 -56.8058 71.1671
2 24 88.4329 -55.93 74.6944 86.4684 -56.8839 73.84
2 24 86.0847 -59.3193 70.7463 86.3966 -56.8058 71.1671
2 24 86.0837 -59.2851 73.4732 86.4684 -56.8839 73.84
2 24 86.3966 -56.8058 71.1671 86.4684 -56.8839 73.84
2 24 86.0847 -59.3193 70.7463 89.6593 -69.1801 70.7692
2 24 86.0837 -59.2851 73.4732 89.6059 -68.8692 73.5759
2 24 94.4076 -82.2831 70.5108 89.6593 -69.1801 70.7692
2 24 94.4422 -82.25 73.3836 89.6059 -68.8692 73.5759
2 24 43.9331 -83.895 15.3665 43.5544 -83.4798 13.3381
2 24 43.5544 -83.4798 13.3381 45.3555 -81.7444 13.0546
2 24 45.8377 -82.2746 15.3098 45.3555 -81.7444 13.0546
2 24 43.5544 -83.4798 13.3381 42.3268 -82.0882 12.4141
2 24 43.5544 -83.4798 13.3381 45.3555 -81.7444 13.0546
2 24 45.3555 -81.7444 13.0546 44.0641 -80.2866 12.4126
2 24 44.0641 -80.2866 12.4126 37.2868 -72.6735 12.4125
2 24 42.3268 -82.0882 12.4141 35.3889 -74.2536 12.4362
2 24 35.3889 -74.2536 12.4362 28.4827 -66.42 12.4124
2 24 37.2868 -72.6735 12.4125 30.308 -64.7413 12.4124
2 24 28.4827 -66.42 12.4124 26.2112 -63.9104 12.4124
2 24 26.2112 -63.9104 12.4124 28.0391 -62.2323 12.447
2 24 30.308 -64.7413 12.4124 28.0391 -62.2323 12.447
2 24 28.0391 -62.2323 12.447 26.2112 -63.9104 12.4124
2 24 28.0391 -62.2323 12.447 28.0709 -62.2132 15.5645
2 24 26.2112 -63.9104 12.4124 26.2905 -63.9001 15.9276
2 24 28.0709 -62.2132 15.5645 28.6313 -62.1496 22.1998
2 24 26.2905 -63.9001 15.9276 26.7372 -63.8767 22.5762
2 24 26.7372 -63.8767 22.5762 30.7861 -63.904 33.8489
2 24 28.6313 -62.1496 22.1998 32.7246 -62.0801 33.3077
2 24 32.7246 -62.0801 33.3077 38.3778 -62.1454 39.8438
2 24 30.7861 -63.904 33.8489 37.9058 -63.9557 43.4504
2 24 44.031 -62.2106 46.3798 45.3798 -62.5061 47.2752
2 24 42.7372 -63.9197 47.7223 44.1248 -64.0501 48.8052
2 24 45.3798 -62.5061 47.2752 44.1248 -64.0501 48.8052
2 24 45.3798 -62.5061 47.2752 44.1248 -64.0501 48.8052
2 24 45.3798 -62.5061 47.2752 46.5563 -63.4681 47.5692
2 24 44.1248 -64.0501 48.8052 45.4329 -64.9542 49.3027
2 24 45.4329 -64.9542 49.3027 52.0727 -72.4802 50.199
2 24 46.5563 -63.4681 47.5692 53.2608 -71.0536 48.4754
2 24 53.2608 -71.0536 48.4754 60.8212 -79.7121 49.5029
2 24 52.0727 -72.4802 50.199 58.7845 -80.1608 51.1133
2 24 58.7845 -80.1608 51.1133 59.8537 -82.5955 50.4488
2 24 59.8537 -82.5955 50.4488 62.2224 -82.4741 49.0925
2 24 60.8212 -79.7121 49.5029 62.2224 -82.4741 49.0925
2 24 62.2224 -82.4741 49.0925 59.8537 -82.5955 50.4488
2 24 62.2224 -82.4741 49.0925 61.2832 -83.8904 46.932
2 24 59.8537 -82.5955 50.4488 58.5337 -83.895 48.1895
2 24 43.9331 -83.895 15.3665 44.0752 -83.9346 21.3633
2 24 45.8377 -82.2746 15.3098 46.6119 -82.7869 20.9796
2 24 46.6119 -82.7869 20.9796 50.1825 -83.3642 31.662
2 24 44.0752 -83.9346 21.3633 47.3115 -83.9253 32.5348
2 24 50.1825 -83.3642 31.662 55.7329 -83.6273 39.297
2 24 47.3115 -83.9253 32.5348 52.8339 -83.8883 41.921
2 24 64.2716 -101.395 19.8055 64.0655 -101.395 10
2 24 64.2716 -101.395 19.8055 66.363 -101.3289 30.1744
2 24 66.363 -101.3289 30.1744 82.6599 -101.395 53.0998
2 24 115.3695 -101.395 74.2392 101.1842 -101.395 67.3376
2 24 82.6599 -101.395 53.0998 101.1842 -101.395 67.3376
2 24 116.4784 -83.8943 80.0417 107.5726 -83.895 76.4393
2 24 116.4706 -83.895 82.724 106.8384 -83.8788 78.8257
2 24 96.8305 -83.9179 71.351 107.5726 -83.895 76.4393
2 24 96.7914 -83.895 74.1798 106.8384 -83.8788 78.8257
2 24 -15.6555 -17.7284 23.3241 -17.5043 -19.4109 10
2 24 -15.6555 -17.7284 23.3241 -12.7462 -16.8809 30
2 24 -12.7462 -16.8809 30 1.7452 -33.8283 30
2 24 118.2064 -78.8547 81.5214 114.6701 -69.1389 81.1442
2 24 120.7354 -76.6189 82.6841 120.0557 -53.657 83.5848
2 24 114.6701 -69.1389 81.1442 110.4682 -57.5943 80.3035
2 24 110.4682 -57.5943 80.3035 109.654 -56.4029 79.9504
2 24 109.654 -56.4029 79.9504 108.1492 -55.931 79.4652
2 24 118.1518 -47.7197 83.1339 112.8701 -45.9484 81.3485
2 24 120.0557 -53.657 83.5848 118.1518 -47.7197 83.1339
2 24 108.261 -46.1982 79.686 95.0917 -47.4119 75.043
2 24 108.1492 -55.931 79.4652 98.3118 -55.93 75.8173
2 24 51.9742 -61.3659 52.7893 65.1345 -58.5638 61.3312
2 24 46.1709 -50.5235 53.8793 72.4893 -49.1864 66.2092
2 24 65.1345 -58.5638 61.3312 77.7321 -55.8818 67.6406
2 24 32.7246 -62.0801 33.3077 38.3778 -62.1454 39.8438
2 24 32.7246 -62.0801 33.3077 28.6313 -62.1496 22.1998
2 24 25.1867 -50.0365 39.695 18.7369 -48.9231 33.2107
2 24 108.261 -46.1982 79.686 112.8701 -45.9484 81.3485
2 24 98.3118 -55.93 75.8173 88.4141 -55.9321 72.0279
2 24 95.0917 -47.4119 75.043 72.4893 -49.1864 66.2092
2 24 121.8402 -95.1155 79.2864 121.3519 -88.9988 80.7882
2 24 121.8402 -95.1155 79.2864 122.5106 -101.395 77.2248
2 24 115.3695 -101.395 74.2392 122.5106 -101.395 77.2248
2 24 115.3695 -101.395 74.2392 122.5106 -101.395 77.2248
2 24 122.5106 -101.395 77.2248 122.9275 -101.395 75.9429
2 24 115.899 -101.3426 73.0732 122.9275 -101.395 75.9429
2 24 122.601 -94.6082 76.9467 122.9275 -101.395 75.9429
2 24 115.899 -101.3426 73.0732 122.9275 -101.395 75.9429
2 24 122.601 -94.6082 76.9467 122.513 -88.821 77.2175
2 24 122.513 -88.821 77.2175 121.8943 -76.3637 79.12
2 24 121.3842 -52.8813 80.149 121.8943 -76.3637 79.12
2 24 118.8539 -82.1967 81.2332 116.4784 -83.8943 80.0417
2 24 118.2064 -78.8547 81.5214 118.8539 -82.1967 81.2332
2 24 120.7354 -76.6189 82.6841 121.3519 -88.9988 80.7882
2 24 96.8305 -83.9179 71.351 107.5726 -83.895 76.4393
2 24 116.4784 -83.8943 80.0417 107.5726 -83.895 76.4393
2 24 86.6539 -83.895 65.9593 78.8481 -83.9772 61.1691
2 24 85.0156 -69.5861 68.5433 88.9879 -80.4999 68.1809
2 24 89.6593 -69.1801 70.7692 94.4076 -82.2831 70.5108
2 24 85.0156 -69.5861 68.5433 80.6132 -57.4902 68.6662
2 24 89.6593 -69.1801 70.7692 86.0847 -59.3193 70.7463
2 24 96.8305 -83.9179 71.351 95.2361 -83.6419 70.7292
2 24 86.6539 -83.895 65.9593 88.9459 -82.6486 67.5789
2 24 78.8481 -83.9772 61.1691 68.0683 -83.895 53.2914
2 24 66.162 -83.025 52.1234 67.0686 -83.8101 52.5186
2 24 66.162 -83.025 52.1234 58.5464 -74.4176 50.9305
2 24 60.8212 -79.7121 49.5029 53.2608 -71.0536 48.4754
2 24 53.2608 -71.0536 48.4754 46.5563 -63.4681 47.5692
2 24 58.5464 -74.4176 50.9305 50.6234 -65.4621 49.6167
2 24 46.5563 -63.4681 47.5692 45.3798 -62.5061 47.2752
2 24 50.6234 -65.4621 49.6167 50.1376 -62.6023 50.8604
2 24 50.1825 -83.3642 31.662 55.7329 -83.6273 39.297
2 24 50.1825 -83.3642 31.662 46.6119 -82.7869 20.9796
2 24 46.6119 -82.7869 20.9796 45.8377 -82.2746 15.3098
2 24 28.0391 -62.2323 12.447 28.0709 -62.2132 15.5645
2 24 28.0391 -62.2323 12.447 30.308 -64.7413 12.4124
2 24 30.308 -64.7413 12.4124 37.2868 -72.6735 12.4125
2 24 37.2868 -72.6735 12.4125 44.0641 -80.2866 12.4126
2 24 44.0641 -80.2866 12.4126 45.3555 -81.7444 13.0546
2 24 45.8377 -82.2746 15.3098 45.3555 -81.7444 13.0546
2 24 18.7369 -48.9231 33.2107 11.5973 -43.9791 30
2 24 1.7452 -33.8283 30 11.5973 -43.9791 30
2 24 28.6313 -62.1496 22.1998 28.0709 -62.2132 15.5645
2 24 86.0847 -59.3193 70.7463 86.3966 -56.8058 71.1671
2 24 80.6132 -57.4902 68.6662 79.5665 -56.1173 68.4059
2 24 88.4141 -55.9321 72.0279 86.3966 -56.8058 71.1671
2 24 45.3798 -62.5061 47.2752 44.031 -62.2106 46.3798
2 24 46.1709 -50.5235 53.8793 34.1014 -50.5168 46.4874
2 24 51.9742 -61.3659 52.7893 50.1376 -62.6023 50.8604
2 24 67.2066 -83.7456 56.0994 66.1951 -83.0614 55.6517
2 24 109.7456 -56.5376 82.6547 110.4612 -57.575 82.8962
2 24 68.0683 -83.895 53.2914 67.0686 -83.8101 52.5186
2 24 62.2224 -82.4741 49.0925 61.2832 -83.8904 46.932
2 24 62.2224 -82.4741 49.0925 60.8212 -79.7121 49.5029
2 24 59.0155 -74.9478 54.3785 66.1951 -83.0614 55.6517
2 24 66.162 -83.025 52.1234 66.1951 -83.0614 55.6517
2 24 66.162 -83.025 52.1234 58.5464 -74.4176 50.9305
2 24 94.4076 -82.2831 70.5108 95.2361 -83.6419 70.7292
2 24 88.9879 -80.4999 68.1809 88.9459 -82.6486 67.5789
2 24 25.1867 -50.0365 39.695 34.1014 -50.5168 46.4874
2 24 38.3778 -62.1454 39.8438 44.031 -62.2106 46.3798
2 24 37.9058 -63.9557 43.4504 42.7372 -63.9197 47.7223
2 24 38.3778 -62.1454 39.8438 44.031 -62.2106 46.3798
2 24 42.7372 -63.9197 47.7223 37.9058 -63.9557 43.4504
2 24 58.5337 -83.895 48.1895 52.8339 -83.8883 41.921
2 24 61.2832 -83.8904 46.932 55.7329 -83.6273 39.297
2 24 58.5337 -83.895 48.1895 52.8339 -83.8883 41.921
2 24 55.7329 -83.6273 39.297 61.2832 -83.8904 46.932
2 24 77.7321 -55.8818 67.6406 79.5665 -56.1173 68.4059
2 24 30.4623 -58.3137 10 30.2936 -56.4311 -4.4702
2 24 30.3163 -48.4039 -18.2645 30 -45.0961 -11.9051
2 24 30.2936 -56.4311 -4.4702 30.3163 -48.4039 -18.2645
2 24 30.4623 -58.3137 10 30.2936 -56.4311 -4.4702
2 24 30.2936 -56.4311 -4.4702 30.3163 -48.4039 -18.2645
2 24 30.3163 -48.4039 -18.2645 38.5299 -48.9977 -24.9346
2 24 11.5973 -43.9791 -10 18.7369 -48.9231 -13.2107
2 24 30 -40.0174 -10 30 -45.0961 -11.9051
2 24 18.7369 -48.9231 -13.2107 30 -45.0961 -11.9051
2 24 18.7369 -48.9231 -13.2107 30 -45.0961 -11.9051
2 24 18.7369 -48.9231 -13.2107 25.1867 -50.0365 -19.695
2 24 30 -45.0961 -11.9051 30.3163 -48.4039 -18.2645
2 24 -9.9993 -14.5515 0.4956 -10 -14.8298 -10
2 24 -10 -14.8298 -10 -12.7462 -16.8809 -10
2 24 -15.6555 -17.7284 -3.3241 -12.7462 -16.8809 -10
2 24 -12.7462 -16.8809 -10 -10 -14.8298 -10
2 24 -12.7462 -16.8809 -10 1.7452 -33.8283 -10
2 24 -9.9993 -14.5515 10 -9.9993 -14.5515 0.4956
2 24 -17.5043 -19.4109 10 -15.6555 -17.7284 -3.3241
2 24 25.1867 -50.0365 -19.695 34.1014 -50.5168 -26.4874
2 24 30.3163 -48.4039 -18.2645 38.5299 -48.9977 -24.9346
2 24 11.5973 -43.9791 -10 1.7452 -33.8283 -10
2 24 38.5299 -48.9977 -24.9346 49.9739 -49.0144 -31.9769
2 24 34.1014 -50.5168 -26.4874 46.1709 -50.5235 -33.8793
2 24 46.1709 -50.5235 -33.8793 72.4893 -49.1864 -46.2092
2 24 49.9739 -49.0144 -31.9769 74.6779 -47.7021 -43.4702
2 24 72.4893 -49.1864 -46.2092 95.0917 -47.4119 -55.043
2 24 74.6779 -47.7021 -43.4702 96.067 -46.0264 -51.7551
2 24 95.0917 -47.4119 -55.043 108.261 -46.1982 -59.686
2 24 96.067 -46.0264 -51.7551 109.3634 -44.7707 -56.3582
2 24 109.3634 -44.7707 -56.3582 114.1272 -44.58 -57.974
2 24 108.261 -46.1982 -59.686 112.8701 -45.9484 -61.3485
2 24 114.1272 -44.58 -57.974 119.2801 -46.2777 -59.6228
2 24 119.2801 -46.2777 -59.6228 118.1518 -47.7197 -63.1338
2 24 112.8701 -45.9484 -61.3485 118.1518 -47.7197 -63.1338
2 24 118.1518 -47.7197 -63.1338 120.0557 -53.657 -63.5847
2 24 119.2801 -46.2777 -59.6228 121.3842 -52.8813 -60.1489
2 24 74.6779 -47.7021 -43.4702 49.9739 -49.0144 -31.9769
2 24 120.0557 -53.657 -63.5847 120.7354 -76.6189 -62.6841
2 24 121.3842 -52.8813 -60.1489 121.8943 -76.3637 -59.12
2 24 121.8943 -76.3637 -59.12 122.513 -88.821 -57.2174
2 24 120.7354 -76.6189 -62.6841 121.3519 -88.9988 -60.7881
2 24 74.6779 -47.7021 -43.4702 96.067 -46.0264 -51.7551
2 24 96.067 -46.0264 -51.7551 109.3634 -44.7707 -56.3582
2 24 119.2801 -46.2777 -59.6228 114.1272 -44.58 -57.974
2 24 119.2801 -46.2777 -59.6228 121.3842 -52.8813 -60.1489
2 24 109.3634 -44.7707 -56.3582 114.1272 -44.58 -57.974
2 24 38.5299 -48.9977 -24.9346 49.9739 -49.0144 -31.9769
2 24 122.513 -88.821 -57.2174 122.601 -94.6082 -56.9467
2 24 121.3519 -88.9988 -60.7881 121.8402 -95.1155 -59.2863
2 24 101.5491 -101.395 -45.9554 115.899 -101.3426 -53.0731
2 24 101.5491 -101.395 -45.9554 84.0303 -101.395 -32.3127
2 24 65.9464 -101.395 10 67.5296 -101.395 -3.6846
2 24 67.5296 -101.395 -3.6846 72.1607 -101.395 -16.4837
2 24 84.0303 -101.395 -32.3127 72.1607 -101.395 -16.4837
2 24 121.8402 -95.1155 -59.2863 122.5106 -101.395 -57.2247
2 24 122.601 -94.6082 -56.9467 122.9275 -101.395 -55.9428
2 24 122.5106 -101.395 -57.2247 122.9275 -101.395 -55.9428
2 24 30 -45.0961 -11.9051 30 -40.0174 -10
2 24 -9.9993 -14.5515 10 -9.9993 -14.5515 0.4956
2 24 -10 0 -10 -10 -14.8298 -10
2 24 -9.9993 -14.5515 0.4956 -10 -14.8298 -10
2 24 30 -40.0174 -10 30 0 -10
2 24 -10 -14.8298 -10 -10 0 -10
2 24 30 0 -10 -10 0 -10
2 24 -10 0 -10 30 0 -10
2 24 -7 0 -7 27 0 -7
2 24 30 0 -10 30 -40.0174 -10
2 24 101.5491 -101.395 -45.9554 115.899 -101.3426 -53.0731
2 24 101.1842 -101.395 -47.3375 115.3695 -101.395 -54.2391
2 24 101.5491 -101.395 -45.9554 84.0303 -101.395 -32.3127
2 24 101.1842 -101.395 -47.3375 82.6599 -101.395 -33.0997
2 24 65.9464 -101.395 10 67.5296 -101.395 -3.6846
2 24 64.0655 -101.395 10 64.2716 -101.395 0.1946
2 24 67.5296 -101.395 -3.6846 72.1607 -101.395 -16.4837
2 24 64.2716 -101.395 0.1946 66.363 -101.3289 -10.1743
2 24 84.0303 -101.395 -32.3127 72.1607 -101.395 -16.4837
2 24 82.6599 -101.395 -33.0997 66.363 -101.3289 -10.1743
2 24 116.4706 -83.895 -62.724 118.6952 -82.5356 -63.798
2 24 118.6952 -82.5356 -63.798 118.5282 -79.7387 -64.1572
2 24 95.3409 -83.4312 -53.5697 96.7914 -83.895 -54.1797
2 24 95.3409 -83.4312 -53.5697 94.4422 -82.25 -53.3835
2 24 96.7914 -83.895 -54.1797 106.8384 -83.8788 -58.8256
2 24 116.4706 -83.895 -62.724 106.8384 -83.8788 -58.8256
2 24 86.0837 -59.2851 -53.4731 86.4684 -56.8839 -53.8399
2 24 86.4684 -56.8839 -53.8399 88.4329 -55.93 -54.6944
2 24 108.0936 -55.9295 -62.1132 109.7456 -56.5376 -62.6547
2 24 86.0837 -59.2851 -53.4731 89.6059 -68.8692 -53.5759
2 24 108.0936 -55.9295 -62.1132 97.6424 -55.9395 -58.2585
2 24 114.6212 -68.9417 -63.828 110.4612 -57.575 -62.8961
2 24 88.4329 -55.93 -54.6944 97.6424 -55.9395 -58.2585
2 24 118.5282 -79.7387 -64.1572 114.6212 -68.9417 -63.828
2 24 94.4422 -82.25 -53.3835 89.6059 -68.8692 -53.5759
2 24 88.7815 -82.7067 -50.375 86.6532 -83.895 -48.8993
2 24 88.7815 -82.7067 -50.375 88.9734 -80.5309 -51.0048
2 24 76.8195 -56.0571 -49.9727 79.1438 -55.9886 -50.9167
2 24 79.1438 -55.9886 -50.9167 80.6062 -57.471 -51.3687
2 24 80.6062 -57.471 -51.3687 84.7221 -68.7797 -51.3006
2 24 51.72 -61.4345 -35.7111 50.0953 -63.1229 -33.8254
2 24 50.0953 -63.1229 -33.8254 50.6267 -65.4666 -33.0011
2 24 68.0579 -83.895 -36.6942 67.2066 -83.7456 -36.0994
2 24 50.6267 -65.4666 -33.0011 59.0155 -74.9478 -34.3785
2 24 68.0579 -83.895 -36.6942 77.433 -83.909 -43.4498
2 24 86.6532 -83.895 -48.8993 77.433 -83.909 -43.4498
2 24 76.8195 -56.0571 -49.9727 63.0786 -59.0237 -43.0584
2 24 51.72 -61.4345 -35.7111 63.0786 -59.0237 -43.0584
2 24 88.9734 -80.5309 -51.0048 84.7221 -68.7797 -51.3006
2 24 59.0155 -74.9478 -34.3785 66.1951 -83.0614 -35.6517
2 24 59.8537 -82.5955 -30.4488 58.5337 -83.895 -28.1895
2 24 59.8537 -82.5955 -30.4488 58.7845 -80.1608 -31.1132
2 24 42.3268 -82.0882 7.5859 43.5544 -83.4798 6.662
2 24 43.5544 -83.4798 6.662 43.9331 -83.895 4.6336
2 24 42.7372 -63.9197 -27.7223 44.1248 -64.0501 -28.8052
2 24 44.1248 -64.0501 -28.8052 45.4329 -64.9542 -29.3027
2 24 26.2112 -63.9104 7.5876 26.2905 -63.9001 4.0724
2 24 26.2112 -63.9104 7.5876 28.4827 -66.42 7.5876
2 24 42.3268 -82.0882 7.5859 35.3889 -74.2536 7.5639
2 24 58.7845 -80.1608 -31.1132 52.0727 -72.4802 -30.1989
2 24 30.7861 -63.904 -13.8489 37.9058 -63.9557 -23.4504
2 24 30.7861 -63.904 -13.8489 26.7372 -63.8767 -2.5761
2 24 47.3115 -83.9253 -12.5347 52.8339 -83.8883 -21.921
2 24 47.3115 -83.9253 -12.5347 44.0752 -83.9346 -1.3632
2 24 26.2905 -63.9001 4.0724 26.7372 -63.8767 -2.5761
2 24 43.9331 -83.895 4.6336 44.0752 -83.9346 -1.3632
2 24 28.4827 -66.42 7.5876 35.3889 -74.2536 7.5639
2 24 45.4329 -64.9542 -29.3027 52.0727 -72.4802 -30.1989
2 24 66.162 -83.025 -32.1233 66.1951 -83.0614 -35.6517
2 24 66.162 -83.025 -32.1233 67.0686 -83.8101 -32.5185
2 24 66.1951 -83.0614 -35.6517 67.2066 -83.7456 -36.0994
2 24 67.0686 -83.8101 -32.5185 67.2066 -83.7456 -36.0994
2 24 67.0686 -83.8101 -32.5185 67.2066 -83.7456 -36.0994
2 24 67.0686 -83.8101 -32.5185 68.0683 -83.895 -33.2914
2 24 67.2066 -83.7456 -36.0994 68.0579 -83.895 -36.6942
2 24 88.9459 -82.6486 -47.5789 88.7815 -82.7067 -50.375
2 24 88.9459 -82.6486 -47.5789 88.9879 -80.4999 -48.1809
2 24 88.7815 -82.7067 -50.375 88.9734 -80.5309 -51.0048
2 24 86.6539 -83.895 -45.9593 88.9459 -82.6486 -47.5789
2 24 86.6532 -83.895 -48.8993 88.7815 -82.7067 -50.375
2 24 88.9459 -82.6486 -47.5789 88.7815 -82.7067 -50.375
2 24 86.6532 -83.895 -48.8993 77.433 -83.909 -43.4498
2 24 86.6539 -83.895 -45.9593 78.8481 -83.9772 -41.1691
2 24 68.0579 -83.895 -36.6942 77.433 -83.909 -43.4498
2 24 68.0683 -83.895 -33.2914 78.8481 -83.9772 -41.1691
2 24 59.0155 -74.9478 -34.3785 50.6267 -65.4666 -33.0011
2 24 58.5464 -74.4176 -30.9305 50.6234 -65.4621 -29.6167
2 24 50.6234 -65.4621 -29.6167 50.1376 -62.6023 -30.8603
2 24 50.1376 -62.6023 -30.8603 50.0953 -63.1229 -33.8254
2 24 50.6267 -65.4666 -33.0011 50.0953 -63.1229 -33.8254
2 24 50.1376 -62.6023 -30.8603 51.9742 -61.3659 -32.7892
2 24 50.1376 -62.6023 -30.8603 50.0953 -63.1229 -33.8254
2 24 50.0953 -63.1229 -33.8254 51.72 -61.4345 -35.7111
2 24 51.72 -61.4345 -35.7111 63.0786 -59.0237 -43.0584
2 24 51.9742 -61.3659 -32.7892 65.1345 -58.5638 -41.3312
2 24 63.0786 -59.0237 -43.0584 76.8195 -56.0571 -49.9727
2 24 65.1345 -58.5638 -41.3312 77.7321 -55.8818 -47.6405
2 24 77.7321 -55.8818 -47.6405 79.5665 -56.1173 -48.4059
2 24 79.5665 -56.1173 -48.4059 79.1438 -55.9886 -50.9167
2 24 76.8195 -56.0571 -49.9727 79.1438 -55.9886 -50.9167
2 24 79.5665 -56.1173 -48.4059 80.6132 -57.4902 -48.6661
2 24 79.5665 -56.1173 -48.4059 79.1438 -55.9886 -50.9167
2 24 79.1438 -55.9886 -50.9167 80.6062 -57.471 -51.3687
2 24 80.6062 -57.471 -51.3687 84.7221 -68.7797 -51.3006
2 24 80.6132 -57.4902 -48.6661 85.0156 -69.5861 -48.5432
2 24 88.9734 -80.5309 -51.0048 84.7221 -68.7797 -51.3006
2 24 88.9879 -80.4999 -48.1809 85.0156 -69.5861 -48.5432
2 24 94.4076 -82.2831 -50.5108 95.2361 -83.6419 -50.7291
2 24 94.4422 -82.25 -53.3835 95.3409 -83.4312 -53.5697
2 24 95.2361 -83.6419 -50.7291 95.3409 -83.4312 -53.5697
2 24 95.2361 -83.6419 -50.7291 95.3409 -83.4312 -53.5697
2 24 95.2361 -83.6419 -50.7291 96.8305 -83.9179 -51.351
2 24 95.3409 -83.4312 -53.5697 96.7914 -83.895 -54.1797
2 24 116.4784 -83.8943 -60.0417 118.8539 -82.1967 -61.2332
2 24 116.4706 -83.895 -62.724 118.6952 -82.5356 -63.798
2 24 118.8539 -82.1967 -61.2332 118.6952 -82.5356 -63.798
2 24 118.2064 -78.8547 -61.5213 118.8539 -82.1967 -61.2332
2 24 118.8539 -82.1967 -61.2332 118.6952 -82.5356 -63.798
2 24 118.5282 -79.7387 -64.1572 118.6952 -82.5356 -63.798
2 24 118.5282 -79.7387 -64.1572 114.6212 -68.9417 -63.828
2 24 118.2064 -78.8547 -61.5213 114.6701 -69.1389 -61.1442
2 24 114.6212 -68.9417 -63.828 110.4612 -57.575 -62.8961
2 24 114.6701 -69.1389 -61.1442 110.4682 -57.5943 -60.3034
2 24 110.4682 -57.5943 -60.3034 109.654 -56.4029 -59.9503
2 24 109.654 -56.4029 -59.9503 109.7456 -56.5376 -62.6547
2 24 110.4612 -57.575 -62.8961 109.7456 -56.5376 -62.6547
2 24 108.1492 -55.931 -59.4652 109.654 -56.4029 -59.9503
2 24 109.654 -56.4029 -59.9503 109.7456 -56.5376 -62.6547
2 24 108.0936 -55.9295 -62.1132 109.7456 -56.5376 -62.6547
2 24 108.0936 -55.9295 -62.1132 97.6424 -55.9395 -58.2585
2 24 108.1492 -55.931 -59.4652 98.3118 -55.93 -55.8172
2 24 97.6424 -55.9395 -58.2585 88.4329 -55.93 -54.6944
2 24 98.3118 -55.93 -55.8172 88.4141 -55.9321 -52.0279
2 24 88.4141 -55.9321 -52.0279 86.3966 -56.8058 -51.1671
2 24 86.3966 -56.8058 -51.1671 86.4684 -56.8839 -53.8399
2 24 88.4329 -55.93 -54.6944 86.4684 -56.8839 -53.8399
2 24 86.0847 -59.3193 -50.7463 86.3966 -56.8058 -51.1671
2 24 86.3966 -56.8058 -51.1671 86.4684 -56.8839 -53.8399
2 24 86.0837 -59.2851 -53.4731 86.4684 -56.8839 -53.8399
2 24 86.0837 -59.2851 -53.4731 89.6059 -68.8692 -53.5759
2 24 86.0847 -59.3193 -50.7463 89.6593 -69.1801 -50.7691
2 24 94.4422 -82.25 -53.3835 89.6059 -68.8692 -53.5759
2 24 94.4076 -82.2831 -50.5108 89.6593 -69.1801 -50.7691
2 24 43.9331 -83.895 4.6336 43.5544 -83.4798 6.662
2 24 45.8377 -82.2746 4.6903 45.3555 -81.7444 6.9454
2 24 43.5544 -83.4798 6.662 45.3555 -81.7444 6.9454
2 24 44.0641 -80.2866 7.5874 45.3555 -81.7444 6.9454
2 24 42.3268 -82.0882 7.5859 43.5544 -83.4798 6.662
2 24 45.3555 -81.7444 6.9454 43.5544 -83.4798 6.662
2 24 42.3268 -82.0882 7.5859 35.3889 -74.2536 7.5639
2 24 44.0641 -80.2866 7.5874 37.2868 -72.6735 7.5875
2 24 35.3889 -74.2536 7.5639 28.4827 -66.42 7.5876
2 24 37.2868 -72.6735 7.5875 30.308 -64.7413 7.5876
2 24 28.0391 -62.2323 7.553 26.2112 -63.9104 7.5876
2 24 30.308 -64.7413 7.5876 28.0391 -62.2323 7.553
2 24 28.4827 -66.42 7.5876 26.2112 -63.9104 7.5876
2 24 28.0391 -62.2323 7.553 28.0709 -62.2132 4.4355
2 24 28.0391 -62.2323 7.553 26.2112 -63.9104 7.5876
2 24 26.2112 -63.9104 7.5876 26.2905 -63.9001 4.0724
2 24 28.0709 -62.2132 4.4355 28.6313 -62.1496 -2.1997
2 24 26.2905 -63.9001 4.0724 26.7372 -63.8767 -2.5761
2 24 28.6313 -62.1496 -2.1997 32.7246 -62.0801 -13.3076
2 24 26.7372 -63.8767 -2.5761 30.7861 -63.904 -13.8489
2 24 30.7861 -63.904 -13.8489 37.9058 -63.9557 -23.4504
2 24 32.7246 -62.0801 -13.3076 38.3778 -62.1454 -19.8437
2 24 44.031 -62.2106 -26.3798 45.3798 -62.5061 -27.2752
2 24 45.3798 -62.5061 -27.2752 44.1248 -64.0501 -28.8052
2 24 42.7372 -63.9197 -27.7223 44.1248 -64.0501 -28.8052
2 24 45.3798 -62.5061 -27.2752 46.5563 -63.4681 -27.5692
2 24 45.3798 -62.5061 -27.2752 44.1248 -64.0501 -28.8052
2 24 44.1248 -64.0501 -28.8052 45.4329 -64.9542 -29.3027
2 24 45.4329 -64.9542 -29.3027 52.0727 -72.4802 -30.1989
2 24 46.5563 -63.4681 -27.5692 53.2608 -71.0536 -28.4753
2 24 52.0727 -72.4802 -30.1989 58.7845 -80.1608 -31.1132
2 24 53.2608 -71.0536 -28.4753 60.8212 -79.7121 -29.5028
2 24 62.2224 -82.4741 -29.0924 59.8537 -82.5955 -30.4488
2 24 60.8212 -79.7121 -29.5028 62.2224 -82.4741 -29.0924
2 24 58.7845 -80.1608 -31.1132 59.8537 -82.5955 -30.4488
2 24 62.2224 -82.4741 -29.0924 61.2832 -83.8904 -26.9319
2 24 62.2224 -82.4741 -29.0924 59.8537 -82.5955 -30.4488
2 24 59.8537 -82.5955 -30.4488 58.5337 -83.895 -28.1895
2 24 45.8377 -82.2746 4.6903 46.6119 -82.7869 -0.9795
2 24 43.9331 -83.895 4.6336 44.0752 -83.9346 -1.3632
2 24 46.6119 -82.7869 -0.9795 50.1825 -83.3642 -11.6619
2 24 44.0752 -83.9346 -1.3632 47.3115 -83.9253 -12.5347
2 24 47.3115 -83.9253 -12.5347 52.8339 -83.8883 -21.921
2 24 50.1825 -83.3642 -11.6619 55.7329 -83.6273 -19.2969
2 24 64.0655 -101.395 10 64.2716 -101.395 0.1946
2 24 64.2716 -101.395 0.1946 66.363 -101.3289 -10.1743
2 24 66.363 -101.3289 -10.1743 82.6599 -101.395 -33.0997
2 24 101.1842 -101.395 -47.3375 115.3695 -101.395 -54.2391
2 24 82.6599 -101.395 -33.0997 101.1842 -101.395 -47.3375
2 24 116.4706 -83.895 -62.724 106.8384 -83.8788 -58.8256
2 24 116.4784 -83.8943 -60.0417 107.5726 -83.895 -56.4392
2 24 96.7914 -83.895 -54.1797 106.8384 -83.8788 -58.8256
2 24 96.8305 -83.9179 -51.351 107.5726 -83.895 -56.4392
2 24 -17.5043 -19.4109 10 -15.6555 -17.7284 -3.3241
2 24 -15.6555 -17.7284 -3.3241 -12.7462 -16.8809 -10
2 24 -12.7462 -16.8809 -10 1.7452 -33.8283 -10
2 24 118.2064 -78.8547 -61.5213 114.6701 -69.1389 -61.1442
2 24 120.7354 -76.6189 -62.6841 120.0557 -53.657 -63.5847
2 24 114.6701 -69.1389 -61.1442 110.4682 -57.5943 -60.3034
2 24 110.4682 -57.5943 -60.3034 109.654 -56.4029 -59.9503
2 24 109.654 -56.4029 -59.9503 108.1492 -55.931 -59.4652
2 24 112.8701 -45.9484 -61.3485 118.1518 -47.7197 -63.1338
2 24 120.0557 -53.657 -63.5847 118.1518 -47.7197 -63.1338
2 24 108.1492 -55.931 -59.4652 98.3118 -55.93 -55.8172
2 24 108.261 -46.1982 -59.686 95.0917 -47.4119 -55.043
2 24 51.9742 -61.3659 -32.7892 65.1345 -58.5638 -41.3312
2 24 46.1709 -50.5235 -33.8793 72.4893 -49.1864 -46.2092
2 24 65.1345 -58.5638 -41.3312 77.7321 -55.8818 -47.6405
2 24 38.3778 -62.1454 -19.8437 32.7246 -62.0801 -13.3076
2 24 25.1867 -50.0365 -19.695 18.7369 -48.9231 -13.2107
2 24 32.7246 -62.0801 -13.3076 28.6313 -62.1496 -2.1997
2 24 108.261 -46.1982 -59.686 112.8701 -45.9484 -61.3485
2 24 98.3118 -55.93 -55.8172 88.4141 -55.9321 -52.0279
2 24 95.0917 -47.4119 -55.043 72.4893 -49.1864 -46.2092
2 24 121.8402 -95.1155 -59.2863 121.3519 -88.9988 -60.7881
2 24 121.8402 -95.1155 -59.2863 122.5106 -101.395 -57.2247
2 24 115.3695 -101.395 -54.2391 122.5106 -101.395 -57.2247
2 24 122.5106 -101.395 -57.2247 122.9275 -101.395 -55.9428
2 24 115.3695 -101.395 -54.2391 122.5106 -101.395 -57.2247
2 24 115.899 -101.3426 -53.0731 122.9275 -101.395 -55.9428
2 24 115.899 -101.3426 -53.0731 122.9275 -101.395 -55.9428
2 24 122.601 -94.6082 -56.9467 122.9275 -101.395 -55.9428
2 24 122.601 -94.6082 -56.9467 122.513 -88.821 -57.2174
2 24 122.513 -88.821 -57.2174 121.8943 -76.3637 -59.12
2 24 121.3842 -52.8813 -60.1489 121.8943 -76.3637 -59.12
2 24 116.4784 -83.8943 -60.0417 118.8539 -82.1967 -61.2332
2 24 120.7354 -76.6189 -62.6841 121.3519 -88.9988 -60.7881
2 24 118.2064 -78.8547 -61.5213 118.8539 -82.1967 -61.2332
2 24 107.5726 -83.895 -56.4392 96.8305 -83.9179 -51.351
2 24 116.4784 -83.8943 -60.0417 107.5726 -83.895 -56.4392
2 24 78.8481 -83.9772 -41.1691 86.6539 -83.895 -45.9593
2 24 94.4076 -82.2831 -50.5108 89.6593 -69.1801 -50.7691
2 24 88.9879 -80.4999 -48.1809 85.0156 -69.5861 -48.5432
2 24 89.6593 -69.1801 -50.7691 86.0847 -59.3193 -50.7463
2 24 85.0156 -69.5861 -48.5432 80.6132 -57.4902 -48.6661
2 24 96.8305 -83.9179 -51.351 95.2361 -83.6419 -50.7291
2 24 86.6539 -83.895 -45.9593 88.9459 -82.6486 -47.5789
2 24 78.8481 -83.9772 -41.1691 68.0683 -83.895 -33.2914
2 24 67.0686 -83.8101 -32.5185 66.162 -83.025 -32.1233
2 24 53.2608 -71.0536 -28.4753 60.8212 -79.7121 -29.5028
2 24 66.162 -83.025 -32.1233 58.5464 -74.4176 -30.9305
2 24 58.5464 -74.4176 -30.9305 50.6234 -65.4621 -29.6167
2 24 53.2608 -71.0536 -28.4753 46.5563 -63.4681 -27.5692
2 24 50.6234 -65.4621 -29.6167 50.1376 -62.6023 -30.8603
2 24 46.5563 -63.4681 -27.5692 45.3798 -62.5061 -27.2752
2 24 50.1825 -83.3642 -11.6619 55.7329 -83.6273 -19.2969
2 24 50.1825 -83.3642 -11.6619 46.6119 -82.7869 -0.9795
2 24 46.6119 -82.7869 -0.9795 45.8377 -82.2746 4.6903
2 24 28.0391 -62.2323 7.553 28.0709 -62.2132 4.4355
2 24 28.0391 -62.2323 7.553 30.308 -64.7413 7.5876
2 24 30.308 -64.7413 7.5876 37.2868 -72.6735 7.5875
2 24 37.2868 -72.6735 7.5875 44.0641 -80.2866 7.5874
2 24 44.0641 -80.2866 7.5874 45.3555 -81.7444 6.9454
2 24 45.8377 -82.2746 4.6903 45.3555 -81.7444 6.9454
2 24 18.7369 -48.9231 -13.2107 11.5973 -43.9791 -10
2 24 1.7452 -33.8283 -10 11.5973 -43.9791 -10
2 24 28.6313 -62.1496 -2.1997 28.0709 -62.2132 4.4355
2 24 86.0847 -59.3193 -50.7463 86.3966 -56.8058 -51.1671
2 24 88.4141 -55.9321 -52.0279 86.3966 -56.8058 -51.1671
2 24 80.6132 -57.4902 -48.6661 79.5665 -56.1173 -48.4059
2 24 45.3798 -62.5061 -27.2752 44.031 -62.2106 -26.3798
2 24 46.1709 -50.5235 -33.8793 34.1014 -50.5168 -26.4874
2 24 51.9742 -61.3659 -32.7892 50.1376 -62.6023 -30.8603
2 24 67.2066 -83.7456 -36.0994 66.1951 -83.0614 -35.6517
2 24 109.7456 -56.5376 -62.6547 110.4612 -57.575 -62.8961
2 24 68.0683 -83.895 -33.2914 67.0686 -83.8101 -32.5185
2 24 62.2224 -82.4741 -29.0924 61.2832 -83.8904 -26.9319
2 24 62.2224 -82.4741 -29.0924 60.8212 -79.7121 -29.5028
2 24 66.162 -83.025 -32.1233 66.1951 -83.0614 -35.6517
2 24 59.0155 -74.9478 -34.3785 66.1951 -83.0614 -35.6517
2 24 66.162 -83.025 -32.1233 58.5464 -74.4176 -30.9305
2 24 88.9879 -80.4999 -48.1809 88.9459 -82.6486 -47.5789
2 24 94.4076 -82.2831 -50.5108 95.2361 -83.6419 -50.7291
2 24 38.3778 -62.1454 -19.8437 44.031 -62.2106 -26.3798
2 24 25.1867 -50.0365 -19.695 34.1014 -50.5168 -26.4874
2 24 37.9058 -63.9557 -23.4504 42.7372 -63.9197 -27.7223
2 24 38.3778 -62.1454 -19.8437 44.031 -62.2106 -26.3798
2 24 42.7372 -63.9197 -27.7223 37.9058 -63.9557 -23.4504
2 24 58.5337 -83.895 -28.1895 52.8339 -83.8883 -21.921
2 24 58.5337 -83.895 -28.1895 52.8339 -83.8883 -21.921
2 24 61.2832 -83.8904 -26.9319 55.7329 -83.6273 -19.2969
2 24 55.7329 -83.6273 -19.2969 61.2832 -83.8904 -26.9319
2 24 77.7321 -55.8818 -47.6405 79.5665 -56.1173 -48.4059
0 STEP
