0 Untitled Model
0 Name: Untitled Model
0 Author: 
0 BFC CERTIFY CCW
3 16 38.0318 -12.2939 -10.2375 37.9694 -12.2939 -9.3625 41.9795 -12.2939 -10.2375
3 16 41.9795 -12.2939 -10.2375 37.9694 -12.2939 -9.3625 42.0627 -12.2939 -9.3625
3 16 42.0627 -12.2939 -9.3625 37.9694 -12.2939 -9.3625 42.0627 -47.9343 -9.3625
3 16 42.0627 -47.9343 -9.3625 37.9694 -12.2939 -9.3625 37.9694 -50.2174 -9.3625
3 16 42.0627 -12.2939 -11.1125 42.0627 -47.0634 -11.1125 37.9694 -12.2939 -11.1125
3 16 37.9694 -12.2939 -11.1125 42.0627 -47.0634 -11.1125 37.9694 -50.2174 -11.1125
3 16 38.0318 -12.2939 -10.2375 41.9795 -12.2939 -10.2375 37.9694 -12.2939 -11.1125
3 16 37.9694 -12.2939 -11.1125 41.9795 -12.2939 -10.2375 42.0627 -12.2939 -11.1125
3 16 22.0003 -12.2939 -10.2375 22.0627 -12.2939 -11.1125 18.0526 -12.2939 -10.2375
3 16 18.0526 -12.2939 -10.2375 22.0627 -12.2939 -11.1125 17.9694 -12.2939 -11.1125
3 16 22.0627 -12.2939 -11.1125 22.0627 -56.961 -11.1125 17.9694 -12.2939 -11.1125
3 16 17.9694 -12.2939 -11.1125 22.0627 -56.961 -11.1125 17.9694 -57.8763 -11.1125
3 16 22.0627 -12.2939 -9.3625 17.9694 -12.2939 -9.3625 22.0627 -56.9611 -9.3625
3 16 22.0627 -56.9611 -9.3625 17.9694 -12.2939 -9.3625 17.9694 -57.8764 -9.3625
3 16 22.0003 -12.2939 -10.2375 18.0526 -12.2939 -10.2375 22.0627 -12.2939 -9.3625
3 16 22.0627 -12.2939 -9.3625 18.0526 -12.2939 -10.2375 17.9694 -12.2939 -9.3625
3 16 22.0003 -12.2939 -30.2375 22.0627 -12.2939 -31.1125 18.0526 -12.2939 -30.2375
3 16 18.0526 -12.2939 -30.2375 22.0627 -12.2939 -31.1125 17.9694 -12.2939 -31.1125
3 16 22.0627 -12.2939 -31.1125 22.0627 -49.7833 -31.1125 17.9694 -12.2939 -31.1125
3 16 17.9694 -12.2939 -31.1125 22.0627 -49.7833 -31.1125 17.9694 -51.1121 -31.1125
3 16 22.0627 -12.2939 -29.3625 17.9694 -12.2939 -29.3625 22.0627 -50.5934 -29.3625
3 16 22.0627 -50.5934 -29.3625 17.9694 -12.2939 -29.3625 17.9694 -52.2201 -29.3625
3 16 22.0003 -12.2939 -30.2375 18.0526 -12.2939 -30.2375 22.0627 -12.2939 -29.3625
3 16 22.0627 -12.2939 -29.3625 18.0526 -12.2939 -30.2375 17.9694 -12.2939 -29.3625
3 16 38.0318 -12.2939 -30.4314 37.9694 -12.2939 -29.5564 41.9795 -12.2939 -30.4314
3 16 41.9795 -12.2939 -30.4314 37.9694 -12.2939 -29.5564 42.0627 -12.2939 -29.5564
3 16 42.0627 -12.2939 -29.5564 37.9694 -12.2939 -29.5564 42.0627 -37.5676 -29.5564
3 16 42.0627 -37.5676 -29.5564 37.9694 -12.2939 -29.5564 37.9694 -41.8154 -29.5564
3 16 42.0627 -12.2939 -31.3064 42.0627 -36.2304 -31.3064 37.9694 -12.2939 -31.3064
3 16 37.9694 -12.2939 -31.3064 42.0627 -36.2304 -31.3064 37.9694 -40.5822 -31.3064
3 16 38.0318 -12.2939 -30.4314 41.9795 -12.2939 -30.4314 37.9694 -12.2939 -31.3064
3 16 37.9694 -12.2939 -31.3064 41.9795 -12.2939 -30.4314 42.0627 -12.2939 -31.3064
3 16 22.0003 -12.2939 -50.2375 22.0627 -12.2939 -51.1125 18.0526 -12.2939 -50.2375
3 16 18.0526 -12.2939 -50.2375 22.0627 -12.2939 -51.1125 17.9694 -12.2939 -51.1125
3 16 22.0627 -12.2939 -51.1125 22.0627 -30.2171 -51.1125 17.9694 -12.2939 -51.1125
3 16 17.9694 -12.2939 -51.1125 22.0627 -30.2171 -51.1125 17.9694 -34.1367 -51.1125
3 16 22.0627 -12.2939 -49.3625 17.9694 -12.2939 -49.3625 22.0627 -34.3066 -49.3625
3 16 22.0627 -34.3066 -49.3625 17.9694 -12.2939 -49.3625 17.9694 -36.9484 -49.3625
3 16 22.0003 -12.2939 -50.2375 18.0526 -12.2939 -50.2375 22.0627 -12.2939 -49.3625
3 16 22.0627 -12.2939 -49.3625 18.0526 -12.2939 -50.2375 17.9694 -12.2939 -49.3625
3 16 10 -12.2939 -38.2599 10.875 -12.2939 -38.1975 10 -12.2939 -42.2076
3 16 10 -12.2939 -42.2076 10.875 -12.2939 -38.1975 10.875 -12.2939 -42.2908
3 16 10.875 -12.2939 -42.2908 10.875 -12.2939 -38.1975 10.875 -47.0634 -42.2908
3 16 10.875 -47.0634 -42.2908 10.875 -12.2939 -38.1975 10.875 -50.2174 -38.1975
3 16 9.125 -12.2939 -42.2908 9.125 -47.8756 -42.2908 9.125 -12.2939 -38.1975
3 16 9.125 -12.2939 -38.1975 9.125 -47.8756 -42.2908 9.125 -50.2174 -38.1975
3 16 10 -12.2939 -38.2599 10 -12.2939 -42.2076 9.125 -12.2939 -38.1975
3 16 9.125 -12.2939 -38.1975 10 -12.2939 -42.2076 9.125 -12.2939 -42.2908
3 16 10 -12.2939 -18.2657 10.875 -12.2939 -18.2034 10 -12.2939 -22.2135
3 16 10 -12.2939 -22.2135 10.875 -12.2939 -18.2034 10.875 -12.2939 -22.2967
3 16 10.875 -12.2939 -22.2967 10.875 -12.2939 -18.2034 10.875 -57.127 -22.2967
3 16 10.875 -57.127 -22.2967 10.875 -12.2939 -18.2034 10.875 -58.1064 -18.2034
3 16 9.125 -12.2939 -22.2967 9.125 -57.127 -22.2967 9.125 -12.2939 -18.2034
3 16 9.125 -12.2939 -18.2034 9.125 -57.127 -22.2967 9.125 -58.1064 -18.2034
3 16 10 -12.2939 -18.2657 10 -12.2939 -22.2135 9.125 -12.2939 -18.2034
3 16 9.125 -12.2939 -18.2034 10 -12.2939 -22.2135 9.125 -12.2939 -22.2967
3 16 30 -12.2939 -18.2657 30.875 -12.2939 -18.2034 30 -12.2939 -22.2135
3 16 30 -12.2939 -22.2135 30.875 -12.2939 -18.2034 30.875 -12.2939 -22.2967
3 16 30.875 -12.2939 -22.2967 30.875 -12.2939 -18.2034 30.875 -49.6325 -22.2967
3 16 30.875 -49.6325 -22.2967 30.875 -12.2939 -18.2034 30.875 -51.1438 -18.2034
3 16 29.125 -12.2939 -22.2967 29.125 -50.7471 -22.2967 29.125 -12.2939 -18.2034
3 16 29.125 -12.2939 -18.2034 29.125 -50.7471 -22.2967 29.125 -52.2584 -18.2034
3 16 30 -12.2939 -18.2657 30 -12.2939 -22.2135 29.125 -12.2939 -18.2034
3 16 29.125 -12.2939 -18.2034 30 -12.2939 -22.2135 29.125 -12.2939 -22.2967
3 16 30 -12.2939 -38.2599 30.875 -12.2939 -38.1975 30 -12.2939 -42.2076
3 16 30 -12.2939 -42.2076 30.875 -12.2939 -38.1975 30.875 -12.2939 -42.2908
3 16 30.875 -12.2939 -42.2908 30.875 -12.2939 -38.1975 30.875 -36.6074 -42.2908
3 16 30.875 -36.6074 -42.2908 30.875 -12.2939 -38.1975 30.875 -40.9991 -38.1975
3 16 29.125 -12.2939 -42.2908 29.125 -37.8556 -42.2908 29.125 -12.2939 -38.1975
3 16 29.125 -12.2939 -38.1975 29.125 -37.8556 -42.2908 29.125 -41.9062 -38.1975
3 16 30 -12.2939 -38.2599 30 -12.2939 -42.2076 29.125 -12.2939 -38.1975
3 16 29.125 -12.2939 -38.1975 30 -12.2939 -42.2076 29.125 -12.2939 -42.2908
3 16 50 -12.2939 -18.2657 50.875 -12.2939 -18.2034 50 -12.2939 -22.2135
3 16 50 -12.2939 -22.2135 50.875 -12.2939 -18.2034 50.875 -12.2939 -22.2967
3 16 50.875 -12.2939 -22.2967 50.875 -12.2939 -18.2034 50.875 -31.8969 -22.2967
3 16 50.875 -31.8969 -22.2967 50.875 -12.2939 -18.2034 50.875 -35.0509 -18.2034
3 16 49.125 -12.2939 -22.2967 49.125 -34.1503 -22.2967 49.125 -12.2939 -18.2034
3 16 49.125 -12.2939 -18.2034 49.125 -34.1503 -22.2967 49.125 -37.3043 -18.2034
3 16 50 -12.2939 -18.2657 50 -12.2939 -22.2135 49.125 -12.2939 -18.2034
3 16 49.125 -12.2939 -18.2034 50 -12.2939 -22.2135 49.125 -12.2939 -22.2967
3 16 60.7657 -0.0324 5.7858 60.75 -27.9127 5.775 59.257 -0.0324 5.7858
3 16 59.257 -0.0324 5.7858 60.75 -27.9127 5.775 59.2413 -31.0192 5.775
3 16 59.257 -0.0324 6.724 60.7657 -0.0324 6.724 59.257 -0.0324 5.7858
3 16 59.257 -0.0324 5.7858 60.7657 -0.0324 6.724 60.7657 -0.0324 5.7858
3 16 60.7657 -0.0324 5.7858 60.7657 -0.0324 6.724 60.75 -27.9127 5.775
3 16 60.75 -27.9127 5.775 60.7657 -0.0324 6.724 60.75 -27.9127 6.7132
3 16 59.257 -0.0324 6.724 59.257 -0.0324 5.7858 59.2413 -31.0192 6.7132
3 16 59.2413 -31.0192 6.7132 59.257 -0.0324 5.7858 59.2413 -31.0192 5.775
3 16 40.7496 -0.0324 5.7858 40.7339 -50.3656 5.775 39.2408 -0.0324 5.7858
3 16 39.2408 -0.0324 5.7858 40.7339 -50.3656 5.775 39.2251 -51.2371 5.775
3 16 39.2408 -0.0324 6.724 40.7496 -0.0324 6.724 39.2408 -0.0324 5.7858
3 16 39.2408 -0.0324 5.7858 40.7496 -0.0324 6.724 40.7496 -0.0324 5.7858
3 16 40.7496 -0.0324 5.7858 40.7496 -0.0324 6.724 40.7339 -50.3656 5.775
3 16 40.7339 -50.3656 5.775 40.7496 -0.0324 6.724 40.7339 -50.3656 6.7132
3 16 39.2408 -0.0324 6.724 39.2408 -0.0324 5.7858 39.2251 -51.2371 6.7132
3 16 39.2251 -51.2371 6.7132 39.2408 -0.0324 5.7858 39.2251 -51.2371 5.775
3 16 20.7657 -0.0324 5.7858 20.75 -58.2205 5.775 19.257 -0.0324 5.7858
3 16 19.257 -0.0324 5.7858 20.75 -58.2205 5.775 19.2413 -58.5176 5.775
3 16 19.257 -0.0324 6.724 20.7657 -0.0324 6.724 19.257 -0.0324 5.7858
3 16 19.257 -0.0324 5.7858 20.7657 -0.0324 6.724 20.7657 -0.0324 5.7858
3 16 20.7657 -0.0324 5.7858 20.7657 -0.0324 6.724 20.75 -58.2205 5.775
3 16 20.75 -58.2205 5.775 20.7657 -0.0324 6.724 20.75 -58.2205 6.7132
3 16 19.257 -0.0324 6.724 19.257 -0.0324 5.7858 19.2413 -58.5176 6.7132
3 16 19.2413 -58.5176 6.7132 19.257 -0.0324 5.7858 19.2413 -58.5176 5.775
3 16 -0.7269 -0.0324 5.7858 0.7819 -0.0324 5.7858 -0.7426 -59.3593 5.775
3 16 -0.7426 -59.3593 5.775 0.7819 -0.0324 5.7858 0.7662 -59.3593 5.775
3 16 -0.7269 -0.0324 6.724 0.7819 -0.0324 6.724 -0.7269 -0.0324 5.7858
3 16 -0.7269 -0.0324 5.7858 0.7819 -0.0324 6.724 0.7819 -0.0324 5.7858
3 16 0.7819 -0.0324 5.7858 0.7819 -0.0324 6.724 0.7662 -59.3593 5.775
3 16 0.7662 -59.3593 5.775 0.7819 -0.0324 6.724 0.7662 -59.3593 6.7132
3 16 -0.7269 -0.0324 6.724 -0.7269 -0.0324 5.7858 -0.7426 -59.3593 6.7132
3 16 -0.7426 -59.3593 6.7132 -0.7269 -0.0324 5.7858 -0.7426 -59.3593 5.775
3 16 -6.0798 -31.0192 -59.4788 -6.0798 -27.9127 -60.9875 -6.0906 -0.0324 -59.4945
3 16 -6.0906 -0.0324 -59.4945 -6.0798 -27.9127 -60.9875 -6.0906 -0.0324 -61.0032
3 16 -7.0288 -0.0324 -59.4945 -6.0906 -0.0324 -59.4945 -7.0288 -0.0324 -61.0032
3 16 -7.0288 -0.0324 -61.0032 -6.0906 -0.0324 -59.4945 -6.0906 -0.0324 -61.0032
3 16 -6.0906 -0.0324 -61.0032 -6.0798 -27.9127 -60.9875 -7.0288 -0.0324 -61.0032
3 16 -7.0288 -0.0324 -61.0032 -6.0798 -27.9127 -60.9875 -7.018 -27.9127 -60.9875
3 16 -7.0288 -0.0324 -59.4945 -7.018 -31.0192 -59.4788 -6.0906 -0.0324 -59.4945
3 16 -6.0906 -0.0324 -59.4945 -7.018 -31.0192 -59.4788 -6.0798 -31.0192 -59.4788
3 16 -6.0798 -51.2371 -39.4788 -6.0798 -50.3656 -40.9875 -6.0906 -0.0324 -39.4945
3 16 -6.0906 -0.0324 -39.4945 -6.0798 -50.3656 -40.9875 -6.0906 -0.0324 -41.0032
3 16 -7.0288 -0.0324 -39.4945 -6.0906 -0.0324 -39.4945 -7.0288 -0.0324 -41.0032
3 16 -7.0288 -0.0324 -41.0032 -6.0906 -0.0324 -39.4945 -6.0906 -0.0324 -41.0032
3 16 -6.0906 -0.0324 -41.0032 -6.0798 -50.3656 -40.9875 -7.0288 -0.0324 -41.0032
3 16 -7.0288 -0.0324 -41.0032 -6.0798 -50.3656 -40.9875 -7.018 -50.3656 -40.9875
3 16 -7.0288 -0.0324 -39.4945 -7.018 -51.2371 -39.4788 -6.0906 -0.0324 -39.4945
3 16 -6.0906 -0.0324 -39.4945 -7.018 -51.2371 -39.4788 -6.0798 -51.2371 -39.4788
3 16 -6.0798 -58.5176 -19.4788 -6.0798 -58.2205 -20.9875 -6.0906 -0.0324 -19.4945
3 16 -6.0906 -0.0324 -19.4945 -6.0798 -58.2205 -20.9875 -6.0906 -0.0324 -21.0032
3 16 -7.0288 -0.0324 -19.4945 -6.0906 -0.0324 -19.4945 -7.0288 -0.0324 -21.0032
3 16 -7.0288 -0.0324 -21.0032 -6.0906 -0.0324 -19.4945 -6.0906 -0.0324 -21.0032
3 16 -6.0906 -0.0324 -21.0032 -6.0798 -58.2205 -20.9875 -7.0288 -0.0324 -21.0032
3 16 -7.0288 -0.0324 -21.0032 -6.0798 -58.2205 -20.9875 -7.018 -58.2205 -20.9875
3 16 -7.0288 -0.0324 -19.4945 -7.018 -58.5176 -19.4788 -6.0906 -0.0324 -19.4945
3 16 -6.0906 -0.0324 -19.4945 -7.018 -58.5176 -19.4788 -6.0798 -58.5176 -19.4788
3 16 -6.0906 -0.0324 0.5055 -6.0798 -59.3593 0.5212 -6.0906 -0.0324 -1.0032
3 16 -6.0906 -0.0324 -1.0032 -6.0798 -59.3593 0.5212 -6.0798 -59.3593 -0.9875
3 16 -7.0288 -0.0324 0.5055 -6.0906 -0.0324 0.5055 -7.0288 -0.0324 -1.0032
3 16 -7.0288 -0.0324 -1.0032 -6.0906 -0.0324 0.5055 -6.0906 -0.0324 -1.0032
3 16 -6.0906 -0.0324 -1.0032 -6.0798 -59.3593 -0.9875 -7.0288 -0.0324 -1.0032
3 16 -7.0288 -0.0324 -1.0032 -6.0798 -59.3593 -0.9875 -7.018 -59.3593 -0.9875
3 16 -7.0288 -0.0324 0.5055 -7.018 -59.3593 0.5212 -6.0906 -0.0324 0.5055
3 16 -6.0906 -0.0324 0.5055 -7.018 -59.3593 0.5212 -6.0798 -59.3593 0.5212
3 16 49.125 -12.2939 6.5633 50.875 -12.2939 6.5633 49.125 -12.2939 -2.3564
3 16 49.125 -12.2939 -2.3564 50.875 -12.2939 6.5633 50.875 -12.2939 -2.3564
3 16 50.875 -12.2939 6.5633 50.875 -41.3879 6.5633 50.875 -12.2939 -2.3564
3 16 50.875 -12.2939 -2.3564 50.875 -41.3879 6.5633 50.875 -41.5501 -2.3564
3 16 49.125 -12.2939 6.5633 49.125 -12.2939 -2.3564 49.125 -43.3819 6.5633
3 16 49.125 -43.3819 6.5633 49.125 -12.2939 -2.3564 49.125 -43.5441 -2.3564
3 16 29.125 -12.2939 6.5633 30.875 -12.2939 6.5633 29.125 -12.2939 -2.3564
3 16 29.125 -12.2939 -2.3564 30.875 -12.2939 6.5633 30.875 -12.2939 -2.3564
3 16 30.875 -12.2939 -2.3564 30.875 -12.2939 6.5633 30.875 -55.1562 -2.3564
3 16 30.875 -55.1562 -2.3564 30.875 -12.2939 6.5633 30.875 -55.1706 6.5633
3 16 29.125 -12.2939 6.5633 29.125 -12.2939 -2.3564 29.125 -55.9991 6.5633
3 16 29.125 -55.9991 6.5633 29.125 -12.2939 -2.3564 29.125 -55.9847 -2.3564
3 16 9.125 -12.2939 6.5633 10.875 -12.2939 6.5633 9.125 -12.2939 -2.3564
3 16 9.125 -12.2939 -2.3564 10.875 -12.2939 6.5633 10.875 -12.2939 -2.3564
3 16 10.875 -12.2939 6.5633 10.875 -59.6556 6.5633 10.875 -12.2939 -2.3564
3 16 10.875 -12.2939 -2.3564 10.875 -59.6556 6.5633 10.875 -59.8323 -2.3564
3 16 9.125 -12.2939 6.5633 9.125 -12.2939 -2.3564 9.125 -59.6556 6.5633
3 16 9.125 -59.6556 6.5633 9.125 -12.2939 -2.3564 9.125 -59.8323 -2.3564
3 16 -6.8298 -12.2939 -49.3625 2.0777 -12.2939 -49.3625 -6.8298 -12.2939 -51.1125
3 16 -6.8298 -12.2939 -51.1125 2.0777 -12.2939 -49.3625 2.0777 -12.2939 -51.1125
3 16 2.0777 -41.589 -51.1125 -6.8298 -41.3879 -51.1125 2.0777 -12.2939 -51.1125
3 16 2.0777 -12.2939 -51.1125 -6.8298 -41.3879 -51.1125 -6.8298 -12.2939 -51.1125
3 16 -6.8298 -12.2939 -49.3625 -6.8298 -43.3819 -49.3625 2.0777 -12.2939 -49.3625
3 16 2.0777 -12.2939 -49.3625 -6.8298 -43.3819 -49.3625 2.0777 -43.583 -49.3625
3 16 -6.8298 -12.2939 -29.3625 2.0777 -12.2939 -29.3625 -6.8298 -12.2939 -31.1125
3 16 -6.8298 -12.2939 -31.1125 2.0777 -12.2939 -29.3625 2.0777 -12.2939 -31.1125
3 16 2.0777 -12.2939 -31.1125 2.0777 -55.0708 -31.1125 -6.8298 -12.2939 -31.1125
3 16 -6.8298 -12.2939 -31.1125 2.0777 -55.0708 -31.1125 -6.8298 -55.1706 -31.1125
3 16 -6.8298 -55.9991 -29.3625 2.0777 -55.8992 -29.3625 -6.8298 -12.2939 -29.3625
3 16 -6.8298 -12.2939 -29.3625 2.0777 -55.8992 -29.3625 2.0777 -12.2939 -29.3625
3 16 -6.8298 -12.2939 -9.3625 2.0777 -12.2939 -9.3625 -6.8298 -12.2939 -11.1125
3 16 -6.8298 -12.2939 -11.1125 2.0777 -12.2939 -9.3625 2.0777 -12.2939 -11.1125
3 16 2.0777 -12.2939 -11.1125 2.0777 -59.613 -11.1125 -6.8298 -12.2939 -11.1125
3 16 -6.8298 -12.2939 -11.1125 2.0777 -59.613 -11.1125 -6.8298 -59.6556 -11.1125
3 16 -6.8298 -59.6556 -9.3625 2.0777 -59.613 -9.3625 -6.8298 -12.2939 -9.3625
3 16 -6.8298 -12.2939 -9.3625 2.0777 -59.613 -9.3625 2.0777 -12.2939 -9.3625
3 16 35.5396 0 -46.8017 35.5396 -21.4081 -46.8017 33.1983 0 -44.4604
3 16 33.1983 0 -44.4604 35.5396 -21.4081 -46.8017 33.1983 -29.3635 -44.4604
3 16 33.1983 0 -44.4604 33.1983 -29.3635 -44.4604 30 0 -43.6034
3 16 30 0 -43.6034 33.1983 -29.3635 -44.4604 30 -33.5865 -43.6034
3 16 30 0 -43.6034 30 -33.5865 -43.6034 26.8017 0 -44.4604
3 16 26.8017 0 -44.4604 30 -33.5865 -43.6034 26.8017 -34.7686 -44.4604
3 16 24.4604 0 -46.8017 26.8017 0 -44.4604 24.4604 -34.0146 -46.8017
3 16 24.4604 -34.0146 -46.8017 26.8017 0 -44.4604 26.8017 -34.7686 -44.4604
3 16 23.6034 0 -50 24.4604 0 -46.8017 23.6034 -29.9361 -50
3 16 23.6034 -29.9361 -50 24.4604 0 -46.8017 24.4604 -34.0146 -46.8017
3 16 24.4604 0 -53.1983 23.6034 0 -50 24.4604 -24.9576 -53.1983
3 16 24.4604 -24.9576 -53.1983 23.6034 0 -50 23.6034 -29.9361 -50
3 16 26.8017 0 -55.5396 24.4604 0 -53.1983 26.8017 -15.7711 -55.5396
3 16 26.8017 -15.7711 -55.5396 24.4604 0 -53.1983 24.4604 -24.9576 -53.1983
3 16 28.3002 0 -55.9412 26.8017 0 -55.5396 28.3002 -7.4574 -55.9412
3 16 28.3002 -7.4574 -55.9412 26.8017 0 -55.5396 26.8017 -15.7711 -55.5396
3 16 36.3966 0 -50 36.3966 -10.2004 -50 35.5396 0 -46.8017
3 16 35.5396 0 -46.8017 36.3966 -10.2004 -50 35.5396 -21.4081 -46.8017
3 16 34.2218 -31.6234 -42.6877 37.3123 -21.5989 -45.7782 34.2218 0 -42.6877
3 16 34.2218 0 -42.6877 37.3123 -21.5989 -45.7782 37.3124 0 -45.7782
3 16 26.4076 -0.5286 -57.5081 25.7782 0 -57.3123 27.8624 0 -57.9411
3 16 25.7782 0 -42.6877 30 0 -41.5565 26.8017 0 -44.4604
3 16 26.8017 0 -44.4604 30 0 -41.5565 30 0 -43.6034
3 16 30 0 -41.5565 34.2218 0 -42.6877 30 0 -43.6034
3 16 30 0 -43.6034 34.2218 0 -42.6877 33.1983 0 -44.4604
3 16 34.2218 0 -42.6877 37.3124 0 -45.7782 33.1983 0 -44.4604
3 16 33.1983 0 -44.4604 37.3124 0 -45.7782 35.5396 0 -46.8017
3 16 37.3124 0 -45.7782 38.1915 0 -49.0593 35.5396 0 -46.8017
3 16 35.5396 0 -46.8017 38.1915 0 -49.0593 36.3966 0 -50
3 16 28.3002 0 -55.9412 32.3196 0 -53.4066 32.4689 0 -57.5115
3 16 32.4689 0 -57.5115 32.3196 0 -53.4066 36.7021 0 -54.6915
3 16 25.7782 0 -57.3123 22.6877 0 -54.2218 26.8017 0 -55.5396
3 16 26.8017 0 -55.5396 22.6877 0 -54.2218 24.4604 0 -53.1983
3 16 22.6877 0 -54.2218 21.5565 0 -50 24.4604 0 -53.1983
3 16 24.4604 0 -53.1983 21.5565 0 -50 23.6034 0 -50
3 16 21.5565 0 -50 22.6877 0 -45.7782 23.6034 0 -50
3 16 23.6034 0 -50 22.6877 0 -45.7782 24.4604 0 -46.8017
3 16 22.6877 0 -45.7782 25.7782 0 -42.6877 24.4604 0 -46.8017
3 16 24.4604 0 -46.8017 25.7782 0 -42.6877 26.8017 0 -44.4604
3 16 30 -37.4272 -41.5565 34.2218 -31.6234 -42.6877 30 0 -41.5565
3 16 30 0 -41.5565 34.2218 -31.6234 -42.6877 34.2218 0 -42.6877
3 16 25.7782 -38.9469 -42.6877 30 -37.4272 -41.5565 25.7782 0 -42.6877
3 16 25.7782 0 -42.6877 30 -37.4272 -41.5565 30 0 -41.5565
3 16 25.7782 -38.9469 -42.6877 25.7782 0 -42.6877 22.6876 -37.5369 -45.7782
3 16 22.6876 -37.5369 -45.7782 25.7782 0 -42.6877 22.6877 0 -45.7782
3 16 22.6876 -37.5369 -45.7782 22.6877 0 -45.7782 21.5564 -31.733 -50
3 16 21.5564 -31.733 -50 22.6877 0 -45.7782 21.5565 0 -50
3 16 22.6877 0 -54.2218 22.6876 -24.8849 -54.2218 21.5565 0 -50
3 16 21.5565 0 -50 22.6876 -24.8849 -54.2218 21.5564 -31.733 -50
3 16 25.7782 -3.6183 -57.3123 22.6877 0 -54.2218 26.0333 -1.787 -57.3184
3 16 37.3123 -21.5989 -45.7782 38.1699 -7.8724 -48.9788 37.3124 0 -45.7782
3 16 37.3124 0 -45.7782 38.1699 -7.8724 -48.9788 38.1915 0 -49.0593
3 16 36.3966 -10.2004 -50 36.3966 0 -50 36.2381 -7.4574 -50.5916
3 16 36.2381 -7.4574 -50.5916 36.3966 0 -50 36.2381 0 -50.5916
3 16 32.2941 -7.4555 -53.3684 36.2381 -7.4574 -50.5916 32.3196 0 -53.4066
3 16 32.3196 0 -53.4066 36.2381 -7.4574 -50.5916 36.2381 0 -50.5916
3 16 32.2941 -7.4555 -53.3684 32.3196 0 -53.4066 28.3002 -7.4574 -55.9412
3 16 28.3002 -7.4574 -55.9412 32.3196 0 -53.4066 28.3002 0 -55.9412
3 16 31.679 -19.8282 -51.7961 29.8816 -27.7436 -49.1218 35.5396 -21.4081 -46.8017
3 16 35.5396 -21.4081 -46.8017 29.8816 -27.7436 -49.1218 33.1983 -29.3635 -44.4604
3 16 23.6034 -29.9361 -50 29.8816 -27.7436 -49.1218 24.4604 -24.9576 -53.1983
3 16 24.4604 -24.9576 -53.1983 29.8816 -27.7436 -49.1218 31.679 -19.8282 -51.7961
3 16 29.8816 -27.7436 -49.1218 23.6034 -29.9361 -50 26.8017 -34.7686 -44.4604
3 16 26.8017 -34.7686 -44.4604 23.6034 -29.9361 -50 24.4604 -34.0146 -46.8017
3 16 33.1983 -29.3635 -44.4604 29.8816 -27.7436 -49.1218 30 -33.5865 -43.6034
3 16 30 -33.5865 -43.6034 29.8816 -27.7436 -49.1218 26.8017 -34.7686 -44.4604
3 16 32.3635 -11.6746 -53.2183 36.3966 -10.2004 -50 32.2941 -7.4555 -53.3684
3 16 32.2941 -7.4555 -53.3684 36.3966 -10.2004 -50 36.2381 -7.4574 -50.5916
3 16 26.8017 -15.7711 -55.5396 32.3635 -11.6746 -53.2183 28.3002 -7.4574 -55.9412
3 16 28.3002 -7.4574 -55.9412 32.3635 -11.6746 -53.2183 32.2941 -7.4555 -53.3684
3 16 24.4604 -24.9576 -53.1983 31.679 -19.8282 -51.7961 26.8017 -15.7711 -55.5396
3 16 26.8017 -15.7711 -55.5396 31.679 -19.8282 -51.7961 32.3635 -11.6746 -53.2183
3 16 35.5396 -21.4081 -46.8017 36.3966 -10.2004 -50 31.679 -19.8282 -51.7961
3 16 31.679 -19.8282 -51.7961 36.3966 -10.2004 -50 32.3635 -11.6746 -53.2183
3 16 25.829 -5.2618 -61.5073 26.8877 -4.7779 -60.9709 26.6091 -10.6057 -60.669
3 16 26.6091 -10.6057 -60.669 26.8877 -4.7779 -60.9709 31.3338 -6.0228 -58.127
3 16 31.3338 -6.0228 -58.127 32.4689 0 -57.5115 36.395 -6.8863 -54.7529
3 16 36.395 -6.8863 -54.7529 32.4689 0 -57.5115 36.7021 0 -54.6915
3 16 26.4076 -0.5286 -57.5081 27.8624 0 -57.9411 27.7047 -0.4847 -60.5387
3 16 27.7047 -0.4847 -60.5387 27.8624 0 -57.9411 28.7587 0 -59.983
3 16 26.0333 -1.787 -57.3184 26.4076 -0.5286 -57.5081 27.3074 -1.6859 -60.7618
3 16 27.3074 -1.6859 -60.7618 26.4076 -0.5286 -57.5081 27.7047 -0.4847 -60.5387
3 16 25.7782 -3.6183 -57.3123 26.0333 -1.787 -57.3184 27.3236 -3.6228 -60.7457
3 16 27.3236 -3.6228 -60.7457 26.0333 -1.787 -57.3184 27.3074 -1.6859 -60.7618
3 16 25.7782 -3.6183 -57.3123 27.3236 -3.6228 -60.7457 25.3845 -4.8076 -57.5474
3 16 25.3845 -4.8076 -57.5474 27.3236 -3.6228 -60.7457 26.8877 -4.7779 -60.9709
3 16 25.3845 -4.8076 -57.5474 26.8877 -4.7779 -60.9709 24.3807 -5.264 -58.059
3 16 24.3807 -5.264 -58.059 26.8877 -4.7779 -60.9709 25.829 -5.2618 -61.5073
3 16 20.1178 -5.25 -59.6883 21.597 -5.25 -63.2576 15.4268 -5.264 -61.869
3 16 15.4268 -5.264 -61.869 21.597 -5.25 -63.2576 16.9376 -5.2692 -65.3067
3 16 14.3542 -4.8222 -62.2021 15.4268 -5.264 -61.869 15.7909 -4.821 -65.7116
3 16 15.7909 -4.821 -65.7116 15.4268 -5.264 -61.869 16.9376 -5.2692 -65.3067
3 16 14.3542 -4.8222 -62.2021 15.7909 -4.821 -65.7116 13.877 -3.7034 -62.4082
3 16 13.877 -3.7034 -62.4082 15.7909 -4.821 -65.7116 15.3322 -3.6153 -65.8712
3 16 13.877 -3.7034 -62.4082 15.3322 -3.6153 -65.8712 13.8593 -1.6523 -62.3723
3 16 13.8593 -1.6523 -62.3723 15.3322 -3.6153 -65.8712 15.3196 -1.6391 -65.8815
3 16 13.4321 -0.5319 -62.5297 13.8593 -1.6523 -62.3723 14.8905 -0.4946 -65.9974
3 16 14.8905 -0.4946 -65.9974 13.8593 -1.6523 -62.3723 15.3196 -1.6391 -65.8815
3 16 12.347 0 -62.8918 13.4321 -0.5319 -62.5297 13.7805 0 -66.3308
3 16 13.7805 0 -66.3308 13.4321 -0.5319 -62.5297 14.8905 -0.4946 -65.9974
3 16 12.347 0 -62.8918 13.7805 0 -66.3308 9.7478 0 -63.623
3 16 9.7478 0 -63.623 13.7805 0 -66.3308 8.773 0 -67.7164
3 16 9.3349 -5.9336 -67.2056 2.6456 -6.7339 -68.4536 8.773 0 -67.7164
3 16 8.773 0 -67.7164 2.6456 -6.7339 -68.4536 -0.9029 0 -69.355
3 16 16.261 -10.6467 -65.1087 16.9376 -5.2692 -65.3067 21.3304 -10.6865 -63.205
3 16 21.3304 -10.6865 -63.205 16.9376 -5.2692 -65.3067 21.597 -5.25 -63.2576
3 16 20.1178 -5.25 -59.6883 24.3807 -5.264 -58.059 21.597 -5.25 -63.2576
3 16 21.597 -5.25 -63.2576 24.3807 -5.264 -58.059 25.829 -5.2618 -61.5073
3 16 26.6091 -10.6057 -60.669 21.3304 -10.6865 -63.205 25.829 -5.2618 -61.5073
3 16 25.829 -5.2618 -61.5073 21.3304 -10.6865 -63.205 21.597 -5.25 -63.2576
3 16 34.6985 -17.617 -54.2589 20.7217 -17.5505 -62.2703 26.6091 -10.6057 -60.669
3 16 26.6091 -10.6057 -60.669 20.7217 -17.5505 -62.2703 21.3304 -10.6865 -63.205
3 16 21.3304 -10.6865 -63.205 20.7217 -17.5505 -62.2703 16.261 -10.6467 -65.1087
3 16 16.261 -10.6467 -65.1087 20.7217 -17.5505 -62.2703 3.1992 -17.5359 -67.1075
3 16 2.6456 -6.7339 -68.4536 9.3349 -5.9336 -67.2056 3.1992 -17.5359 -67.1075
3 16 3.1992 -17.5359 -67.1075 9.3349 -5.9336 -67.2056 16.261 -10.6467 -65.1087
3 16 34.6985 -17.617 -54.2589 36.395 -6.8863 -54.7529 45.4556 -17.5104 -45.6068
3 16 45.4556 -17.5104 -45.6068 36.395 -6.8863 -54.7529 46.3442 -7.1471 -46.5198
3 16 36.395 -6.8863 -54.7529 36.7021 0 -54.6915 46.3442 -7.1471 -46.5198
3 16 46.3442 -7.1471 -46.5198 36.7021 0 -54.6915 46.3775 0 -46.553
3 16 2.2123 -32.2597 -61.7814 3.1992 -17.5359 -67.1075 17.7236 -32.2839 -57.5553
3 16 17.7236 -32.2839 -57.5553 3.1992 -17.5359 -67.1075 20.7217 -17.5505 -62.2703
3 16 34.6985 -17.617 -54.2589 30.9927 -32.2654 -50.2073 20.7217 -17.5505 -62.2703
3 16 20.7217 -17.5505 -62.2703 30.9927 -32.2654 -50.2073 17.7236 -32.2839 -57.5553
3 16 30.9927 -32.2654 -50.2073 34.6985 -17.617 -54.2589 41.6357 -32.1704 -41.7696
3 16 41.6357 -32.1704 -41.7696 34.6985 -17.617 -54.2589 45.4556 -17.5104 -45.6068
3 16 36.7021 0 -54.6915 32.3196 0 -53.4066 36.2381 0 -50.5916
3 16 36.7021 0 -54.6915 41.6055 0 -46.1197 46.3775 0 -46.553
3 16 41.6055 0 -46.1197 42.986 0 -45.4482 46.3775 0 -46.553
3 16 8.773 0 -67.7164 4.6917 0 -64.8155 9.7478 0 -63.623
3 16 17.7236 -32.2839 -57.5553 14.1173 -44.9395 -49.318 2.2123 -32.2597 -61.7814
3 16 2.2123 -32.2597 -61.7814 14.1173 -44.9395 -49.318 0.7091 -44.9127 -52.9688
3 16 30.9927 -32.2654 -50.2073 25.8185 -44.8441 -42.9843 17.7236 -32.2839 -57.5553
3 16 17.7236 -32.2839 -57.5553 25.8185 -44.8441 -42.9843 14.1173 -44.9395 -49.318
3 16 41.6357 -32.1704 -41.7696 35.3011 -44.8477 -35.4232 30.9927 -32.2654 -50.2073
3 16 30.9927 -32.2654 -50.2073 35.3011 -44.8477 -35.4232 25.8185 -44.8441 -42.9843
3 16 0.7091 -44.9127 -52.9688 14.1173 -44.9395 -49.318 -1.2442 -54.6558 -41.5731
3 16 -1.2442 -54.6558 -41.5731 14.1173 -44.9395 -49.318 9.9015 -54.7028 -38.4818
3 16 14.1173 -44.9395 -49.318 25.8185 -44.8441 -42.9843 9.9015 -54.7028 -38.4818
3 16 9.9015 -54.7028 -38.4818 25.8185 -44.8441 -42.9843 19.6522 -54.5931 -33.231
3 16 25.8185 -44.8441 -42.9843 35.3011 -44.8477 -35.4232 19.6522 -54.5931 -33.231
3 16 19.6522 -54.5931 -33.231 35.3011 -44.8477 -35.4232 27.1289 -54.6096 -27.2087
3 16 -1.2442 -54.6558 -41.5731 9.9015 -54.7028 -38.4818 -3.1641 -60.8046 -29.0623
3 16 -3.1641 -60.8046 -29.0623 9.9015 -54.7028 -38.4818 5.4849 -60.8686 -26.4613
3 16 9.9015 -54.7028 -38.4818 19.6522 -54.5931 -33.231 5.4849 -60.8686 -26.4613
3 16 5.4849 -60.8686 -26.4613 19.6522 -54.5931 -33.231 12.6271 -60.8365 -22.4743
3 16 27.1289 -54.6096 -27.2087 18.0575 -60.8382 -18.1162 19.6522 -54.5931 -33.231
3 16 19.6522 -54.5931 -33.231 18.0575 -60.8382 -18.1162 12.6271 -60.8365 -22.4743
3 16 6.2567 -63.3876 -13.387 1.592 -63.9835 -6.6644 1.1714 -63.4143 -16.1096
3 16 1.1714 -63.4143 -16.1096 1.592 -63.9835 -6.6644 -1.9159 -63.9964 -8.3665
3 16 10.1639 -63.3884 -10.2298 4.4371 -63.9929 -4.4376 6.2567 -63.3876 -13.387
3 16 6.2567 -63.3876 -13.387 4.4371 -63.9929 -4.4376 1.592 -63.9835 -6.6644
3 16 -4.8264 -63.422 -17.7915 1.1714 -63.4143 -16.1096 -5.9332 -63.9998 -9.4262
3 16 -5.9332 -63.9998 -9.4262 1.1714 -63.4143 -16.1096 -1.9159 -63.9964 -8.3665
3 16 1.1714 -63.4143 -16.1096 -4.8264 -63.422 -17.7915 5.4849 -60.8686 -26.4613
3 16 5.4849 -60.8686 -26.4613 -4.8264 -63.422 -17.7915 -3.1641 -60.8046 -29.0623
3 16 1.1714 -63.4143 -16.1096 5.4849 -60.8686 -26.4613 6.2567 -63.3876 -13.387
3 16 6.2567 -63.3876 -13.387 5.4849 -60.8686 -26.4613 12.6271 -60.8365 -22.4743
3 16 18.0575 -60.8382 -18.1162 10.1639 -63.3884 -10.2298 12.6271 -60.8365 -22.4743
3 16 12.6271 -60.8365 -22.4743 10.1639 -63.3884 -10.2298 6.2567 -63.3876 -13.387
3 16 8.773 0 -67.7164 -0.9029 0 -69.355 3.2487 0 -65.6922
3 16 3.2487 0 -65.6922 -0.9029 0 -69.355 1.1332 0 -66.0463
3 16 3.1992 -17.5359 -67.1075 -10 -17.6973 -68.5246 2.6456 -6.7339 -68.4536
3 16 2.6456 -6.7339 -68.4536 -10 -17.6973 -68.5246 -10 -7.0586 -69.8304
3 16 2.6456 -6.7339 -68.4536 -10 -7.0586 -69.8304 -0.9029 0 -69.355
3 16 -0.9029 0 -69.355 -10 -7.0586 -69.8304 -10 0 -69.9956
3 16 3.1992 -17.5359 -67.1075 2.2123 -32.2597 -61.7814 -10 -17.6973 -68.5246
3 16 -10 -17.6973 -68.5246 2.2123 -32.2597 -61.7814 -10 -32.4468 -63.0297
3 16 -10 0 -69.9956 -6.8116 0 -66.1512 -0.9029 0 -69.355
3 16 -0.9029 0 -69.355 -6.8116 0 -66.1512 -2.7118 0 -65.8811
3 16 2.2123 -32.2597 -61.7814 0.7091 -44.9127 -52.9688 -10 -32.4468 -63.0297
3 16 -10 -32.4468 -63.0297 0.7091 -44.9127 -52.9688 -10 -45.0898 -54.036
3 16 -1.2442 -54.6558 -41.5731 -10 -54.8019 -42.4489 0.7091 -44.9127 -52.9688
3 16 0.7091 -44.9127 -52.9688 -10 -54.8019 -42.4489 -10 -45.0898 -54.036
3 16 -3.1641 -60.8046 -29.0623 -10 -60.7954 -29.8894 -1.2442 -54.6558 -41.5731
3 16 -1.2442 -54.6558 -41.5731 -10 -60.7954 -29.8894 -10 -54.8019 -42.4489
3 16 -4.8264 -63.422 -17.7915 -10 -63.525 -18.3492 -3.1641 -60.8046 -29.0623
3 16 -3.1641 -60.8046 -29.0623 -10 -63.525 -18.3492 -10 -60.7954 -29.8894
3 16 -5.9332 -63.9998 -9.4262 -10 -64 -9.8489 -4.8264 -63.422 -17.7915
3 16 -4.8264 -63.422 -17.7915 -10 -64 -9.8489 -10 -63.525 -18.3492
3 16 61.3583 -5.2477 -26.126 60.5261 -10.5924 -26.9074 60.8175 -4.7639 -27.1825
3 16 60.8175 -4.7639 -27.1825 60.5261 -10.5924 -26.9074 58.3952 -6.0448 -31.1107
3 16 58.3952 -6.0448 -31.1107 60.6157 -3.5977 -27.5638 60.8175 -4.7639 -27.1825
3 16 60.6157 -3.5977 -27.5638 58.3952 -6.0448 -31.1107 60.6255 -1.6634 -27.5594
3 16 59.8219 0 -29.0493 60.3819 -0.4707 -27.9977 58.3952 -6.0448 -31.1107
3 16 60.3819 -0.4707 -27.9977 60.6255 -1.6634 -27.5594 58.3952 -6.0448 -31.1107
3 16 65.1946 -5.2551 -17.2505 65.6043 -4.8069 -16.1055 64.9951 -10.6323 -16.5718
3 16 65.6043 -4.8069 -16.1055 66.7794 -6.0797 -11.7719 64.9951 -10.6323 -16.5718
3 16 65.6043 -4.8069 -16.1055 65.7659 -3.6012 -15.6475 66.7794 -6.0797 -11.7719
3 16 66.2319 0 -14.0977 66.7794 -6.0797 -11.7719 65.8939 -0.4806 -15.2063
3 16 66.7794 -6.0797 -11.7719 65.7762 -1.625 -15.635 65.8939 -0.4806 -15.2063
3 16 66.7794 -6.0797 -11.7719 65.7659 -3.6012 -15.6475 65.7762 -1.625 -15.635
3 16 59.8219 0 -29.0493 58.3952 -6.0448 -31.1107 58.2873 0 -31.6754
3 16 66.7794 -6.0797 -11.7719 66.2319 0 -14.0977 67.1144 0 -11.2437
3 16 64.9951 -10.6323 -16.5718 63.0502 -10.6578 -21.6601 65.1946 -5.2551 -17.2505
3 16 65.1946 -5.2551 -17.2505 63.0502 -10.6578 -21.6601 63.2651 -5.25 -22.0053
3 16 60.5261 -10.5924 -26.9074 61.3583 -5.2477 -26.126 63.0502 -10.6578 -21.6601
3 16 63.0502 -10.6578 -21.6601 61.3583 -5.2477 -26.126 63.2651 -5.25 -22.0053
3 16 63.0502 -10.6578 -21.6601 62.1364 -17.4973 -21.0207 60.5261 -10.5924 -26.9074
3 16 60.5261 -10.5924 -26.9074 62.1364 -17.4973 -21.0207 54.0413 -17.4834 -35.0526
3 16 63.0502 -10.6578 -21.6601 64.9951 -10.6323 -16.5718 62.1364 -17.4973 -21.0207
3 16 62.1364 -17.4973 -21.0207 64.9951 -10.6323 -16.5718 67.0566 -17.4849 -3.5725
3 16 68.7112 -6.9356 -2.3597 67.0566 -17.4849 -3.5725 66.7794 -6.0797 -11.7719
3 16 66.7794 -6.0797 -11.7719 67.0566 -17.4849 -3.5725 64.9951 -10.6323 -16.5718
3 16 67.1144 0 -11.2437 68.8668 0 -2.4281 66.7794 -6.0797 -11.7719
3 16 66.7794 -6.0797 -11.7719 68.8668 0 -2.4281 68.7112 -6.9356 -2.3597
3 16 60.5261 -10.5924 -26.9074 54.0413 -17.4834 -35.0526 58.3952 -6.0448 -31.1107
3 16 58.3952 -6.0448 -31.1107 54.0413 -17.4834 -35.0526 53.8234 -7.0526 -37.7784
3 16 53.8234 -7.0526 -37.7784 53.9019 0 -37.8649 58.3952 -6.0448 -31.1107
3 16 58.3952 -6.0448 -31.1107 53.9019 0 -37.8649 58.2873 0 -31.6754
3 16 46.3442 -7.1471 -46.5198 46.3775 0 -46.553 53.8234 -7.0526 -37.7784
3 16 53.8234 -7.0526 -37.7784 46.3775 0 -46.553 53.9019 0 -37.8649
3 16 46.3442 -7.1471 -46.5198 53.8234 -7.0526 -37.7784 45.4556 -17.5104 -45.6068
3 16 45.4556 -17.5104 -45.6068 53.8234 -7.0526 -37.7784 54.0413 -17.4834 -35.0526
3 16 61.7835 -32.1542 -2.5709 57.4829 -32.1857 -18.0787 67.0566 -17.4849 -3.5725
3 16 67.0566 -17.4849 -3.5725 57.4829 -32.1857 -18.0787 62.1364 -17.4973 -21.0207
3 16 54.0413 -17.4834 -35.0526 62.1364 -17.4973 -21.0207 50.0441 -32.1355 -31.3542
3 16 50.0441 -32.1355 -31.3542 62.1364 -17.4973 -21.0207 57.4829 -32.1857 -18.0787
3 16 50.0441 -32.1355 -31.3542 41.6357 -32.1704 -41.7696 54.0413 -17.4834 -35.0526
3 16 54.0413 -17.4834 -35.0526 41.6357 -32.1704 -41.7696 45.4556 -17.5104 -45.6068
3 16 63.5188 0 -10.1073 64.8155 0 -4.6917 67.1144 0 -11.2437
3 16 67.1144 0 -11.2437 64.8155 0 -4.6917 68.8668 0 -2.4281
3 16 53.0244 -44.7941 -1.0374 49.3015 -44.8284 -14.4524 61.7835 -32.1542 -2.5709
3 16 61.7835 -32.1542 -2.5709 49.3015 -44.8284 -14.4524 57.4829 -32.1857 -18.0787
3 16 49.3015 -44.8284 -14.4524 42.8208 -44.7941 -26.1316 57.4829 -32.1857 -18.0787
3 16 57.4829 -32.1857 -18.0787 42.8208 -44.7941 -26.1316 50.0441 -32.1355 -31.3542
3 16 42.8208 -44.7941 -26.1316 35.3011 -44.8477 -35.4232 50.0441 -32.1355 -31.3542
3 16 50.0441 -32.1355 -31.3542 35.3011 -44.8477 -35.4232 41.6357 -32.1704 -41.7696
3 16 53.0244 -44.7941 -1.0374 41.6848 -54.5464 0.9555 49.3015 -44.8284 -14.4524
3 16 49.3015 -44.8284 -14.4524 41.6848 -54.5464 0.9555 38.5252 -54.6002 -10.2076
3 16 49.3015 -44.8284 -14.4524 38.5252 -54.6002 -10.2076 42.8208 -44.7941 -26.1316
3 16 42.8208 -44.7941 -26.1316 38.5252 -54.6002 -10.2076 33.1097 -54.5493 -19.9338
3 16 42.8208 -44.7941 -26.1316 33.1097 -54.5493 -19.9338 35.3011 -44.8477 -35.4232
3 16 35.3011 -44.8477 -35.4232 33.1097 -54.5493 -19.9338 27.1289 -54.6096 -27.2087
3 16 41.6848 -54.5464 0.9555 29.2252 -60.7241 2.9212 38.5252 -54.6002 -10.2076
3 16 38.5252 -54.6002 -10.2076 29.2252 -60.7241 2.9212 26.5654 -60.7974 -5.7571
3 16 38.5252 -54.6002 -10.2076 26.5654 -60.7974 -5.7571 33.1097 -54.5493 -19.9338
3 16 33.1097 -54.5493 -19.9338 26.5654 -60.7974 -5.7571 22.4003 -60.8137 -12.8728
3 16 33.1097 -54.5493 -19.9338 22.4003 -60.8137 -12.8728 27.1289 -54.6096 -27.2087
3 16 27.1289 -54.6096 -27.2087 22.4003 -60.8137 -12.8728 18.0575 -60.8382 -18.1162
3 16 16.2032 -63.3816 -1.4461 8.5175 -63.986 1.7143 13.2989 -63.3759 -6.5072
3 16 13.2989 -63.3759 -6.5072 8.5175 -63.986 1.7143 6.6373 -63.98 -1.7723
3 16 6.6373 -63.98 -1.7723 4.4371 -63.9929 -4.4376 13.2989 -63.3759 -6.5072
3 16 13.2989 -63.3759 -6.5072 4.4371 -63.9929 -4.4376 10.1639 -63.3884 -10.2298
3 16 17.9393 -63.3907 4.586 9.6233 -63.9937 5.7689 16.2032 -63.3816 -1.4461
3 16 16.2032 -63.3816 -1.4461 9.6233 -63.9937 5.7689 8.5175 -63.986 1.7143
3 16 16.2032 -63.3816 -1.4461 26.5654 -60.7974 -5.7571 17.9393 -63.3907 4.586
3 16 17.9393 -63.3907 4.586 26.5654 -60.7974 -5.7571 29.2252 -60.7241 2.9212
3 16 13.2989 -63.3759 -6.5072 22.4003 -60.8137 -12.8728 16.2032 -63.3816 -1.4461
3 16 16.2032 -63.3816 -1.4461 22.4003 -60.8137 -12.8728 26.5654 -60.7974 -5.7571
3 16 18.0575 -60.8382 -18.1162 22.4003 -60.8137 -12.8728 10.1639 -63.3884 -10.2298
3 16 10.1639 -63.3884 -10.2298 22.4003 -60.8137 -12.8728 13.2989 -63.3759 -6.5072
3 16 53.9019 0 -37.8649 46.3775 0 -46.553 45.8746 0 -41.8723
3 16 46.3775 0 -46.553 45.203 0 -43.2529 45.8746 0 -41.8723
3 16 53.9019 0 -37.8649 50.4875 0 -36.5976 53.3024 0 -32.6791
3 16 53.9019 0 -37.8649 53.3024 0 -32.6791 58.2873 0 -31.6754
3 16 58.2873 0 -31.6754 53.3024 0 -32.6791 55.837 0 -28.6598
3 16 59.8219 0 -29.0493 57.837 0 -28.222 60.3819 -0.4707 -27.9977
3 16 60.3819 -0.4707 -27.9977 57.837 0 -28.222 57.39 -0.5102 -26.7265
3 16 60.3819 -0.4707 -27.9977 57.39 -0.5102 -26.7265 60.6255 -1.6634 -27.5594
3 16 60.6255 -1.6634 -27.5594 57.39 -0.5102 -26.7265 57.1832 -1.6464 -26.2779
3 16 60.6255 -1.6634 -27.5594 57.1832 -1.6464 -26.2779 60.6157 -3.5977 -27.5638
3 16 60.6157 -3.5977 -27.5638 57.1832 -1.6464 -26.2779 57.2082 -3.6183 -26.1377
3 16 60.8175 -4.7639 -27.1825 60.6157 -3.5977 -27.5638 57.4432 -4.8076 -25.7441
3 16 57.4432 -4.8076 -25.7441 60.6157 -3.5977 -27.5638 57.2082 -3.6183 -26.1377
3 16 61.3583 -5.2477 -26.126 60.8175 -4.7639 -27.1825 57.9548 -5.264 -24.7402
3 16 57.9548 -5.264 -24.7402 60.8175 -4.7639 -27.1825 57.4432 -4.8076 -25.7441
3 16 63.2651 -5.25 -22.0053 61.3583 -5.2477 -26.126 59.7686 -5.25 -20.6021
3 16 59.7686 -5.25 -20.6021 61.3583 -5.2477 -26.126 57.9548 -5.264 -24.7402
3 16 63.2651 -5.25 -22.0053 59.7686 -5.25 -20.6021 65.1946 -5.2551 -17.2505
3 16 65.1946 -5.2551 -17.2505 59.7686 -5.25 -20.6021 61.7648 -5.264 -15.7863
3 16 65.1946 -5.2551 -17.2505 61.7648 -5.264 -15.7863 65.6043 -4.8069 -16.1055
3 16 65.6043 -4.8069 -16.1055 61.7648 -5.264 -15.7863 62.098 -4.8222 -14.7137
3 16 65.7659 -3.6012 -15.6475 65.6043 -4.8069 -16.1055 62.304 -3.7034 -14.2365
3 16 62.304 -3.7034 -14.2365 65.6043 -4.8069 -16.1055 62.098 -4.8222 -14.7137
3 16 65.7762 -1.625 -15.635 65.7659 -3.6012 -15.6475 62.2682 -1.6523 -14.2188
3 16 62.2682 -1.6523 -14.2188 65.7659 -3.6012 -15.6475 62.304 -3.7034 -14.2365
3 16 65.7762 -1.625 -15.635 62.2682 -1.6523 -14.2188 65.8939 -0.4806 -15.2063
3 16 65.8939 -0.4806 -15.2063 62.2682 -1.6523 -14.2188 62.4256 -0.5319 -13.7916
3 16 65.8939 -0.4806 -15.2063 62.4256 -0.5319 -13.7916 66.2319 0 -14.0977
3 16 66.2319 0 -14.0977 62.4256 -0.5319 -13.7916 62.7877 0 -12.7065
3 16 68.8668 0 -2.4281 65.6922 0 -3.2487 66.0463 0 -1.1332
3 16 69.8341 -6.9352 10 68.527 -17.5741 10 68.7112 -6.9356 -2.3597
3 16 68.7112 -6.9356 -2.3597 68.527 -17.5741 10 67.0566 -17.4849 -3.5725
3 16 68.8668 0 -2.4281 69.9956 0 10 68.7112 -6.9356 -2.3597
3 16 68.7112 -6.9356 -2.3597 69.9956 0 10 69.8341 -6.9352 10
3 16 67.0566 -17.4849 -3.5725 68.527 -17.5741 10 61.7835 -32.1542 -2.5709
3 16 61.7835 -32.1542 -2.5709 68.527 -17.5741 10 63.036 -32.3261 10
3 16 68.8668 0 -2.4281 65.8811 0 2.7118 69.9956 0 10
3 16 69.9956 0 10 65.8811 0 2.7118 66.1464 0 6.525
3 16 61.7835 -32.1542 -2.5709 63.036 -32.3261 10 53.0244 -44.7941 -1.0374
3 16 53.0244 -44.7941 -1.0374 63.036 -32.3261 10 54.044 -44.9713 10
3 16 53.0244 -44.7941 -1.0374 54.044 -44.9713 10 41.6848 -54.5464 0.9555
3 16 41.6848 -54.5464 0.9555 54.044 -44.9713 10 42.457 -54.6867 10
3 16 42.457 -54.6867 10 29.8932 -60.6775 10 41.6848 -54.5464 0.9555
3 16 41.6848 -54.5464 0.9555 29.8932 -60.6775 10 29.2252 -60.7241 2.9212
3 16 29.8932 -60.6775 10 18.3502 -63.4224 10 29.2252 -60.7241 2.9212
3 16 29.2252 -60.7241 2.9212 18.3502 -63.4224 10 17.9393 -63.3907 4.586
3 16 17.9393 -63.3907 4.586 18.3502 -63.4224 10 9.6233 -63.9937 5.7689
3 16 9.6233 -63.9937 5.7689 18.3502 -63.4224 10 9.8491 -64 10
3 16 -10 -64 10 -10 -64 -9.8489 -5.9332 -63.9998 -9.4262
3 16 -10 -64 -9.8489 -10 -64 10 -10 0 10
3 16 -10 0 10 -10 -7.0586 -69.8304 -10 -17.6973 -68.5246
3 16 -10 0 10 -10 -17.6973 -68.5246 -10 -32.4468 -63.0297
3 16 -10 0 10 -10 -32.4468 -63.0297 -10 -45.0898 -54.036
3 16 -10 0 10 -10 -45.0898 -54.036 -10 -54.8019 -42.4489
3 16 -10 0 10 -10 -54.8019 -42.4489 -10 -60.7954 -29.8894
3 16 -10 0 10 -10 -60.7954 -29.8894 -10 -63.525 -18.3492
3 16 -10 -64 -9.8489 -10 0 10 -10 -63.525 -18.3492
3 16 -10 0 10 -10 0 -69.9956 -10 -7.0586 -69.8304
3 16 -10 0 10 54.044 -44.9713 10 63.036 -32.3261 10
3 16 -10 0 10 63.036 -32.3261 10 68.527 -17.5741 10
3 16 -10 0 10 68.527 -17.5741 10 69.8341 -6.9352 10
3 16 69.9956 0 10 -10 0 10 69.8341 -6.9352 10
3 16 -10 0 10 -10 -64 10 9.8491 -64 10
3 16 -10 0 10 9.8491 -64 10 18.3502 -63.4224 10
3 16 -10 0 10 18.3502 -63.4224 10 29.8932 -60.6775 10
3 16 -10 0 10 29.8932 -60.6775 10 42.457 -54.6867 10
3 16 -10 0 10 42.457 -54.6867 10 54.044 -44.9713 10
3 16 69.9956 0 10 66.1464 0 6.525 -10 0 10
3 16 -10 0 10 66.1464 0 6.525 -6.8116 0 6.525
3 16 4.6917 -5.25 -64.7679 4.6917 0 -64.8155 3.2487 -5.25 -65.6922
3 16 3.2487 -5.25 -65.6922 4.6917 0 -64.8155 3.2487 0 -65.6922
3 16 1.1331 -5.2501 -66.0164 3.2487 -5.25 -65.6922 1.1332 0 -66.0463
3 16 1.1332 0 -66.0463 3.2487 -5.25 -65.6922 3.2487 0 -65.6922
3 16 -0.8794 -5.25 -66.0196 1.1331 -5.2501 -66.0164 -0.8793 0 -66.0322
3 16 -0.8793 0 -66.0322 1.1331 -5.2501 -66.0164 1.1332 0 -66.0463
3 16 -2.7118 -5.25 -65.8628 -0.8794 -5.25 -66.0196 -2.7118 0 -65.8811
3 16 -2.7118 0 -65.8811 -0.8794 -5.25 -66.0196 -0.8793 0 -66.0322
3 16 41.5795 -5.25 -46.0924 42.9894 -5.25 -45.4503 41.6055 0 -46.1197
3 16 41.6055 0 -46.1197 42.9894 -5.25 -45.4503 42.986 0 -45.4482
3 16 42.9894 -5.25 -45.4503 44.2319 -5.25 -44.4879 42.986 0 -45.4482
3 16 42.986 0 -45.4482 44.2319 -5.25 -44.4879 44.2519 0 -44.5079
3 16 65.6922 0 -3.2487 64.8155 0 -4.6917 65.6922 -5.25 -3.2487
3 16 65.6922 -5.25 -3.2487 64.8155 0 -4.6917 64.7679 -5.25 -4.6917
3 16 66.0463 0 -1.1332 65.6922 0 -3.2487 66.0164 -5.2501 -1.1331
3 16 66.0164 -5.2501 -1.1331 65.6922 0 -3.2487 65.6922 -5.25 -3.2487
3 16 66.0322 0 0.8793 66.0463 0 -1.1332 66.0196 -5.25 0.8794
3 16 66.0196 -5.25 0.8794 66.0463 0 -1.1332 66.0164 -5.2501 -1.1331
3 16 65.8811 0 2.7118 66.0322 0 0.8793 65.8628 -5.25 2.7118
3 16 65.8628 -5.25 2.7118 66.0322 0 0.8793 66.0196 -5.25 0.8794
3 16 44.2319 -5.25 -44.4879 42.9894 -5.25 -45.4503 44.0021 -5.25 -44.2581
3 16 66.0164 -5.2501 -1.1331 65.6922 -5.25 -3.2487 65.3943 -5.2502 -1.0721
3 16 65.3943 -5.2502 -1.0721 65.6922 -5.25 -3.2487 64.7679 -5.25 -4.6917
3 16 65.8628 -5.25 2.7118 66.0196 -5.25 0.8794 65.3943 -5.2502 -1.0721
3 16 65.3943 -5.2502 -1.0721 66.0196 -5.25 0.8794 66.0164 -5.2501 -1.1331
3 16 9.7619 -7.7505 -62.8838 9.7478 0 -63.623 4.6917 -5.25 -64.7679
3 16 4.6917 -5.25 -64.7679 9.7478 0 -63.623 4.6917 0 -64.8155
3 16 1.0721 -5.2502 -65.3943 1.0293 -11.5304 -64.7586 4.6917 -5.25 -64.7679
3 16 4.6917 -5.25 -64.7679 1.0293 -11.5304 -64.7586 9.7619 -7.7505 -62.8838
3 16 1.0721 -5.2502 -65.3943 -2.7118 -5.25 -65.8628 1.0293 -11.5304 -64.7586
3 16 1.0293 -11.5304 -64.7586 -2.7118 -5.25 -65.8628 -6.8116 -12.0793 -65.5178
3 16 -6.8116 -12.0793 -65.5178 -2.7118 -5.25 -65.8628 -6.8116 0 -66.1512
3 16 -6.8116 0 -66.1512 -2.7118 -5.25 -65.8628 -2.7118 0 -65.8811
3 16 38.1699 -7.8724 -48.9788 41.5795 -5.25 -46.0924 38.1915 0 -49.0593
3 16 38.1915 0 -49.0593 41.5795 -5.25 -46.0924 41.6055 0 -46.1197
3 16 43.7722 -5.25 -44.0282 41.5795 -5.25 -46.0924 43.6998 -7.9618 -43.9558
3 16 43.6998 -7.9618 -43.9558 41.5795 -5.25 -46.0924 38.1699 -7.8724 -48.9788
3 16 64.8155 0 -4.6917 63.5188 0 -10.1073 64.7679 -5.25 -4.6917
3 16 64.7679 -5.25 -4.6917 63.5188 0 -10.1073 62.8435 -10.4765 -9.9346
3 16 65.3943 -5.2502 -1.0721 64.7679 -5.25 -4.6917 64.7586 -11.5304 -1.0294
3 16 64.7586 -11.5304 -1.0294 64.7679 -5.25 -4.6917 62.8435 -10.4765 -9.9346
3 16 65.3943 -5.2502 -1.0721 64.7586 -11.5304 -1.0294 65.8628 -5.25 2.7118
3 16 65.8628 -5.25 2.7118 64.7586 -11.5304 -1.0294 65.5147 -12.0793 6.5373
3 16 65.5147 -12.0793 6.5373 66.1464 0 6.525 65.8628 -5.25 2.7118
3 16 65.8628 -5.25 2.7118 66.1464 0 6.525 65.8811 0 2.7118
3 16 46.3775 0 -46.553 42.986 0 -45.4482 44.2519 0 -44.5079
3 16 -2.7118 0 -65.8811 -0.8793 0 -66.0322 -0.9029 0 -69.355
3 16 -0.8793 0 -66.0322 1.1332 0 -66.0463 -0.9029 0 -69.355
3 16 3.2487 0 -65.6922 4.6917 0 -64.8155 8.773 0 -67.7164
3 16 65.8811 0 2.7118 68.8668 0 -2.4281 66.0322 0 0.8793
3 16 68.8668 0 -2.4281 66.0463 0 -1.1332 66.0322 0 0.8793
3 16 68.8668 0 -2.4281 64.8155 0 -4.6917 65.6922 0 -3.2487
3 16 36.7021 0 -54.6915 36.2381 0 -50.5916 38.1915 0 -49.0593
3 16 36.3966 0 -50 38.1915 0 -49.0593 36.2381 0 -50.5916
3 16 24.3807 -5.264 -58.059 20.1178 -5.25 -59.6883 23.5407 -10.0283 -57.6182
3 16 23.5407 -10.0283 -57.6182 20.1178 -5.25 -59.6883 19.7576 -9.857 -59.0937
3 16 20.1178 -5.25 -59.6883 15.4268 -5.264 -61.869 19.7576 -9.857 -59.0937
3 16 19.7576 -9.857 -59.0937 15.4268 -5.264 -61.869 15.1724 -10.9739 -61.5613
3 16 15.4268 -5.264 -61.869 14.3542 -4.8222 -62.2021 15.1724 -10.9739 -61.5613
3 16 15.1724 -10.9739 -61.5613 14.3542 -4.8222 -62.2021 9.7619 -7.7505 -62.8838
3 16 14.3542 -4.8222 -62.2021 13.877 -3.7034 -62.4082 9.7619 -7.7505 -62.8838
3 16 13.8593 -1.6523 -62.3723 9.7619 -7.7505 -62.8838 13.877 -3.7034 -62.4082
3 16 9.7619 -7.7505 -62.8838 12.347 0 -62.8918 9.7478 0 -63.623
3 16 1.1331 -5.2501 -66.0164 -0.8794 -5.25 -66.0196 1.0721 -5.2502 -65.3943
3 16 1.0721 -5.2502 -65.3943 -0.8794 -5.25 -66.0196 -2.7118 -5.25 -65.8628
3 16 1.1331 -5.2501 -66.0164 1.0721 -5.2502 -65.3943 3.2487 -5.25 -65.6922
3 16 3.2487 -5.25 -65.6922 1.0721 -5.2502 -65.3943 4.6917 -5.25 -64.7679
3 16 25.5187 -10.8766 -57.0528 25.3845 -4.8076 -57.5474 23.5407 -10.0283 -57.6182
3 16 23.5407 -10.0283 -57.6182 25.3845 -4.8076 -57.5474 24.3807 -5.264 -58.059
3 16 25.5187 -10.8766 -57.0528 25.7782 -3.6183 -57.3123 25.3845 -4.8076 -57.5474
3 16 25.7782 -3.6183 -57.3123 25.5187 -10.8766 -57.0528 22.6877 0 -54.2218
3 16 22.6877 0 -54.2218 25.5187 -10.8766 -57.0528 22.6876 -24.8849 -54.2218
3 16 25.7782 0 -57.3123 26.8017 0 -55.5396 27.8624 0 -57.9411
3 16 27.8624 0 -57.9411 26.8017 0 -55.5396 28.3002 0 -55.9412
3 16 44.0021 -5.25 -44.2581 42.9894 -5.25 -45.4503 43.7722 -5.25 -44.0282
3 16 43.7722 -5.25 -44.0282 42.9894 -5.25 -45.4503 41.5795 -5.25 -46.0924
3 16 13.4321 -0.5319 -62.5297 12.347 0 -62.8918 9.7619 -7.7505 -62.8838
3 16 -6.8116 0 6.525 66.1464 0 6.525 -6.8116 -6.9532 6.525
3 16 -6.8116 -6.9532 6.525 66.1464 0 6.525 65.5147 -12.0793 6.5373
3 16 44.3562 0 -33.5578 46.6975 0 -35.8992 42.5835 0 -34.5813
3 16 42.5835 0 -34.5813 46.6975 0 -35.8992 45.6741 0 -37.6719
3 16 43.4992 0 -30.3595 44.3562 0 -33.5578 41.4523 0 -30.3595
3 16 41.4523 0 -30.3595 44.3562 0 -33.5578 42.5835 0 -34.5813
3 16 44.3562 0 -27.1612 43.4992 0 -30.3595 42.5835 0 -26.1377
3 16 42.5835 0 -26.1377 43.4992 0 -30.3595 41.4523 0 -30.3595
3 16 46.6975 0 -24.8199 44.3562 0 -27.1612 45.6741 0 -23.0472
3 16 45.6741 0 -23.0472 44.3562 0 -27.1612 42.5835 0 -26.1377
3 16 49.8959 0 -23.9629 46.6975 0 -24.8199 49.8959 0 -21.916
3 16 49.8959 0 -21.916 46.6975 0 -24.8199 45.6741 0 -23.0472
3 16 53.0942 0 -24.8199 49.8959 0 -23.9629 54.1176 0 -23.0472
3 16 54.1176 0 -23.0472 49.8959 0 -23.9629 49.8959 0 -21.916
3 16 55.4355 0 -27.1612 53.0942 0 -24.8199 57.2082 0 -26.1377
3 16 57.2082 0 -26.1377 53.0942 0 -24.8199 54.1176 0 -23.0472
3 16 55.837 0 -28.6598 55.4355 0 -27.1612 57.837 0 -28.222
3 16 57.837 0 -28.222 55.4355 0 -27.1612 57.2082 0 -26.1377
3 16 49.8959 0 -36.7562 48.9551 0 -38.551 46.6975 0 -35.8992
3 16 46.6975 0 -35.8992 48.9551 0 -38.551 45.6741 0 -37.6719
3 16 46.6975 0 -35.8992 44.3562 0 -33.5578 46.6975 -21.4081 -35.8992
3 16 46.6975 -21.4081 -35.8992 44.3562 0 -33.5578 44.3562 -29.3635 -33.5578
3 16 44.3562 0 -33.5578 43.4992 0 -30.3595 44.3562 -29.3635 -33.5578
3 16 44.3562 -29.3635 -33.5578 43.4992 0 -30.3595 43.4992 -33.5865 -30.3595
3 16 43.4992 0 -30.3595 44.3562 0 -27.1612 43.4992 -33.5865 -30.3595
3 16 43.4992 -33.5865 -30.3595 44.3562 0 -27.1612 44.3562 -34.7686 -27.1612
3 16 46.6975 0 -24.8199 46.6975 -34.0146 -24.8199 44.3562 0 -27.1612
3 16 44.3562 0 -27.1612 46.6975 -34.0146 -24.8199 44.3562 -34.7686 -27.1612
3 16 49.8959 0 -23.9629 49.8959 -29.9361 -23.9629 46.6975 0 -24.8199
3 16 46.6975 0 -24.8199 49.8959 -29.9361 -23.9629 46.6975 -34.0146 -24.8199
3 16 53.0942 0 -24.8199 53.0942 -24.9576 -24.8199 49.8959 0 -23.9629
3 16 49.8959 0 -23.9629 53.0942 -24.9576 -24.8199 49.8959 -29.9361 -23.9629
3 16 55.4355 0 -27.1612 55.4355 -15.7711 -27.1612 53.0942 0 -24.8199
3 16 53.0942 0 -24.8199 55.4355 -15.7711 -27.1612 53.0942 -24.9576 -24.8199
3 16 55.837 0 -28.6598 55.837 -7.4574 -28.6598 55.4355 0 -27.1612
3 16 55.4355 0 -27.1612 55.837 -7.4574 -28.6598 55.4355 -15.7711 -27.1612
3 16 49.8959 0 -36.7562 46.6975 0 -35.8992 49.8959 -10.2004 -36.7562
3 16 49.8959 -10.2004 -36.7562 46.6975 0 -35.8992 46.6975 -21.4081 -35.8992
3 16 41.4523 -37.4272 -30.3595 41.4523 0 -30.3595 42.5835 -31.6234 -34.5813
3 16 42.5835 -31.6234 -34.5813 41.4523 0 -30.3595 42.5835 0 -34.5813
3 16 42.5835 -38.9469 -26.1377 42.5835 0 -26.1377 41.4523 -37.4272 -30.3595
3 16 41.4523 -37.4272 -30.3595 42.5835 0 -26.1377 41.4523 0 -30.3595
3 16 42.5835 -38.9469 -26.1377 45.6741 -37.4272 -23.0472 42.5835 0 -26.1377
3 16 42.5835 0 -26.1377 45.6741 -37.4272 -23.0472 45.6741 0 -23.0472
3 16 45.6741 -37.4272 -23.0472 49.8959 -31.6234 -21.916 45.6741 0 -23.0472
3 16 45.6741 0 -23.0472 49.8959 -31.6234 -21.916 49.8959 0 -21.916
3 16 49.8959 -31.6234 -21.916 54.1176 -24.8849 -23.0472 49.8959 0 -21.916
3 16 49.8959 0 -21.916 54.1176 -24.8849 -23.0472 54.1176 0 -23.0472
3 16 57.39 -0.5102 -26.7265 57.837 0 -28.222 57.2082 0 -26.1377
3 16 45.6741 -21.5989 -37.6719 45.6741 0 -37.6719 48.8747 -7.8724 -38.5295
3 16 48.8747 -7.8724 -38.5295 45.6741 0 -37.6719 48.9551 0 -38.551
3 16 42.5835 -31.6234 -34.5813 42.5835 0 -34.5813 45.6741 -21.5989 -37.6719
3 16 45.6741 -21.5989 -37.6719 42.5835 0 -34.5813 45.6741 0 -37.6719
3 16 53.9019 0 -37.8649 48.9551 0 -38.551 50.4875 0 -36.5976
3 16 49.8959 0 -36.7562 50.4875 0 -36.5976 48.9551 0 -38.551
3 16 49.8959 -10.2004 -36.7562 50.4875 -7.4574 -36.5976 49.8959 0 -36.7562
3 16 49.8959 0 -36.7562 50.4875 -7.4574 -36.5976 50.4875 0 -36.5976
3 16 50.4875 -7.4574 -36.5976 53.2642 -7.4555 -32.6536 50.4875 0 -36.5976
3 16 50.4875 0 -36.5976 53.2642 -7.4555 -32.6536 53.3024 0 -32.6791
3 16 55.837 0 -28.6598 53.3024 0 -32.6791 55.837 -7.4574 -28.6598
3 16 55.837 -7.4574 -28.6598 53.3024 0 -32.6791 53.2642 -7.4555 -32.6536
3 16 44.3562 -29.3635 -33.5578 49.0176 -27.7436 -30.2411 46.6975 -21.4081 -35.8992
3 16 46.6975 -21.4081 -35.8992 49.0176 -27.7436 -30.2411 51.6919 -19.8282 -32.0385
3 16 49.8959 -29.9361 -23.9629 53.0942 -24.9576 -24.8199 49.0176 -27.7436 -30.2411
3 16 49.0176 -27.7436 -30.2411 53.0942 -24.9576 -24.8199 51.6919 -19.8282 -32.0385
3 16 53.1142 -11.6746 -32.7231 53.2642 -7.4555 -32.6536 49.8959 -10.2004 -36.7562
3 16 49.8959 -10.2004 -36.7562 53.2642 -7.4555 -32.6536 50.4875 -7.4574 -36.5976
3 16 55.4355 -15.7711 -27.1612 55.837 -7.4574 -28.6598 53.1142 -11.6746 -32.7231
3 16 53.1142 -11.6746 -32.7231 55.837 -7.4574 -28.6598 53.2642 -7.4555 -32.6536
3 16 53.0942 -24.9576 -24.8199 55.4355 -15.7711 -27.1612 51.6919 -19.8282 -32.0385
3 16 51.6919 -19.8282 -32.0385 55.4355 -15.7711 -27.1612 53.1142 -11.6746 -32.7231
3 16 46.6975 -21.4081 -35.8992 51.6919 -19.8282 -32.0385 49.8959 -10.2004 -36.7562
3 16 49.8959 -10.2004 -36.7562 51.6919 -19.8282 -32.0385 53.1142 -11.6746 -32.7231
3 16 49.0176 -27.7436 -30.2411 44.3562 -34.7686 -27.1612 49.8959 -29.9361 -23.9629
3 16 49.8959 -29.9361 -23.9629 44.3562 -34.7686 -27.1612 46.6975 -34.0146 -24.8199
3 16 44.3562 -34.7686 -27.1612 49.0176 -27.7436 -30.2411 43.4992 -33.5865 -30.3595
3 16 43.4992 -33.5865 -30.3595 49.0176 -27.7436 -30.2411 44.3562 -29.3635 -33.5578
3 16 44.2319 -5.25 -44.4879 44.0021 -5.25 -44.2581 45.2051 -5.25 -43.2562
3 16 43.7722 -5.25 -44.0282 43.6998 -7.9618 -43.9558 45.8472 -5.25 -41.8464
3 16 45.8472 -5.25 -41.8464 43.6998 -7.9618 -43.9558 48.8747 -7.8724 -38.5295
3 16 62.7877 0 -12.7065 62.7063 -3.5616 -12.7804 63.5188 0 -10.1073
3 16 63.5188 0 -10.1073 62.7063 -3.5616 -12.7804 62.8435 -10.4765 -9.9346
3 16 56.9487 -10.8766 -25.8782 57.4432 -4.8076 -25.7441 57.2082 -3.6183 -26.1377
3 16 57.2082 -3.6183 -26.1377 54.1176 0 -23.0472 56.9487 -10.8766 -25.8782
3 16 56.9487 -10.8766 -25.8782 54.1176 0 -23.0472 54.1176 -24.8849 -23.0472
3 16 48.8747 -7.8724 -38.5295 48.9551 0 -38.551 45.8472 -5.25 -41.8464
3 16 45.8472 -5.25 -41.8464 48.9551 0 -38.551 45.8746 0 -41.8723
3 16 45.2051 -5.25 -43.2562 45.8472 -5.25 -41.8464 45.203 0 -43.2529
3 16 45.203 0 -43.2529 45.8472 -5.25 -41.8464 45.8746 0 -41.8723
3 16 44.2319 -5.25 -44.4879 45.2051 -5.25 -43.2562 44.2519 0 -44.5079
3 16 44.2519 0 -44.5079 45.2051 -5.25 -43.2562 45.203 0 -43.2529
3 16 45.8746 0 -41.8723 48.9551 0 -38.551 53.9019 0 -37.8649
3 16 46.3775 0 -46.553 44.2519 0 -44.5079 45.203 0 -43.2529
3 16 44.0021 -5.25 -44.2581 43.7722 -5.25 -44.0282 45.2051 -5.25 -43.2562
3 16 45.2051 -5.25 -43.2562 43.7722 -5.25 -44.0282 45.8472 -5.25 -41.8464
3 16 62.2682 -1.6523 -14.2188 62.7063 -3.5616 -12.7804 62.4256 -0.5319 -13.7916
3 16 62.7063 -3.5616 -12.7804 62.304 -3.7034 -14.2365 62.8435 -10.4765 -9.9346
3 16 62.8435 -10.4765 -9.9346 62.304 -3.7034 -14.2365 62.098 -4.8222 -14.7137
3 16 62.8435 -10.4765 -9.9346 62.098 -4.8222 -14.7137 61.4571 -10.9739 -15.5319
3 16 61.4571 -10.9739 -15.5319 62.098 -4.8222 -14.7137 61.7648 -5.264 -15.7863
3 16 61.4571 -10.9739 -15.5319 61.7648 -5.264 -15.7863 59.0906 -10.9401 -20.1217
3 16 59.0906 -10.9401 -20.1217 61.7648 -5.264 -15.7863 59.7686 -5.25 -20.6021
3 16 57.4357 -10.9844 -24.8851 59.0906 -10.9401 -20.1217 57.9548 -5.264 -24.7402
3 16 57.9548 -5.264 -24.7402 59.0906 -10.9401 -20.1217 59.7686 -5.25 -20.6021
3 16 57.4432 -4.8076 -25.7441 56.9487 -10.8766 -25.8782 57.9548 -5.264 -24.7402
3 16 57.9548 -5.264 -24.7402 56.9487 -10.8766 -25.8782 57.4357 -10.9844 -24.8851
3 16 62.4256 -0.5319 -13.7916 62.7063 -3.5616 -12.7804 62.7877 0 -12.7065
3 16 59.8219 0 -29.0493 58.2873 0 -31.6754 57.837 0 -28.222
3 16 57.837 0 -28.222 58.2873 0 -31.6754 55.837 0 -28.6598
3 16 36.7021 0 -54.6915 38.1915 0 -49.0593 41.6055 0 -46.1197
3 16 63.5188 0 -10.1073 67.1144 0 -11.2437 62.7877 0 -12.7065
3 16 62.7877 0 -12.7065 67.1144 0 -11.2437 66.2319 0 -14.0977
3 16 62.2682 -1.6523 -14.2188 62.304 -3.7034 -14.2365 62.7063 -3.5616 -12.7804
3 16 13.8593 -1.6523 -62.3723 13.4321 -0.5319 -62.5297 9.7619 -7.7505 -62.8838
3 16 23.6034 0 -30.2375 24.4604 0 -27.0392 23.6034 -49.0362 -30.2375
3 16 23.6034 -49.0362 -30.2375 24.4604 0 -27.0392 24.4604 -50.302 -27.0392
3 16 24.4604 0 -33.4358 23.6034 0 -30.2375 24.4604 -46.8126 -33.4358
3 16 24.4604 -46.8126 -33.4358 23.6034 0 -30.2375 23.6034 -49.0362 -30.2375
3 16 26.8017 0 -35.7771 24.4604 0 -33.4358 26.8017 -44.167 -35.7771
3 16 26.8017 -44.167 -35.7771 24.4604 0 -33.4358 24.4604 -46.8126 -33.4358
3 16 30 0 -36.6341 26.8017 0 -35.7771 30 -41.8082 -36.6341
3 16 30 -41.8082 -36.6341 26.8017 0 -35.7771 26.8017 -44.167 -35.7771
3 16 33.1983 0 -35.7771 30 0 -36.6341 33.1983 -40.4284 -35.7771
3 16 33.1983 -40.4284 -35.7771 30 0 -36.6341 30 -41.8082 -36.6341
3 16 21.5565 0 -30.2375 21.5565 -50.18 -30.2375 22.6877 0 -26.0157
3 16 22.6877 0 -26.0157 21.5565 -50.18 -30.2375 22.6877 -51.7349 -26.0157
3 16 22.6877 0 -34.4593 22.6877 -47.2795 -34.4593 21.5565 0 -30.2375
3 16 21.5565 0 -30.2375 22.6877 -47.2795 -34.4593 21.5565 -50.18 -30.2375
3 16 25.7782 0 -37.5498 25.7782 -43.7873 -37.5498 22.6877 0 -34.4593
3 16 22.6877 0 -34.4593 25.7782 -43.7873 -37.5498 22.6877 -47.2795 -34.4593
3 16 30 0 -38.6811 30 -40.639 -38.6811 25.7782 0 -37.5498
3 16 25.7782 0 -37.5498 30 -40.639 -38.6811 25.7782 -43.7873 -37.5498
3 16 34.2218 0 -37.5498 34.2218 -38.783 -37.5498 30 0 -38.6811
3 16 30 0 -38.6811 34.2218 -38.783 -37.5498 30 -40.639 -38.6811
3 16 34.2218 0 -37.5498 30 0 -38.6811 33.1983 0 -35.7771
3 16 33.1983 0 -35.7771 30 0 -38.6811 30 0 -36.6341
3 16 30 0 -38.6811 25.7782 0 -37.5498 30 0 -36.6341
3 16 30 0 -36.6341 25.7782 0 -37.5498 26.8017 0 -35.7771
3 16 25.7782 0 -37.5498 22.6877 0 -34.4593 26.8017 0 -35.7771
3 16 26.8017 0 -35.7771 22.6877 0 -34.4593 24.4604 0 -33.4358
3 16 22.6877 0 -34.4593 21.5565 0 -30.2375 24.4604 0 -33.4358
3 16 24.4604 0 -33.4358 21.5565 0 -30.2375 23.6034 0 -30.2375
3 16 21.5565 0 -30.2375 22.6877 0 -26.0157 23.6034 0 -30.2375
3 16 23.6034 0 -30.2375 22.6877 0 -26.0157 24.4604 0 -27.0392
3 16 15.5387 0 -27.0392 13.1974 0 -24.6979 17.3114 0 -26.0158
3 16 17.3114 0 -26.0158 13.1974 0 -24.6979 14.2209 0 -22.9252
3 16 13.1974 0 -24.6979 9.9991 0 -23.8409 14.2209 0 -22.9252
3 16 14.2209 0 -22.9252 9.9991 0 -23.8409 9.9991 0 -21.794
3 16 9.9991 0 -23.8409 6.8008 0 -24.6979 9.9991 0 -21.794
3 16 9.9991 0 -21.794 6.8008 0 -24.6979 5.7773 0 -22.9252
3 16 6.8008 0 -24.6979 4.4594 0 -27.0392 5.7773 0 -22.9252
3 16 5.7773 0 -22.9252 4.4594 0 -27.0392 2.6867 0 -26.0158
3 16 4.4594 0 -27.0392 3.6024 0 -30.2375 2.6867 0 -26.0158
3 16 2.6867 0 -26.0158 3.6024 0 -30.2375 1.5555 0 -30.2375
3 16 3.6024 0 -30.2375 4.4594 0 -33.4358 1.5555 0 -30.2375
3 16 1.5555 0 -30.2375 4.4594 0 -33.4358 2.6867 0 -34.4593
3 16 4.4594 0 -33.4358 6.8008 0 -35.7772 2.6867 0 -34.4593
3 16 2.6867 0 -34.4593 6.8008 0 -35.7772 5.7773 0 -37.5499
3 16 6.8008 0 -35.7772 9.9991 0 -36.6342 5.7773 0 -37.5499
3 16 5.7773 0 -37.5499 9.9991 0 -36.6342 9.9991 0 -38.6811
3 16 9.9991 0 -36.6342 13.1974 0 -35.7772 9.9991 0 -38.6811
3 16 9.9991 0 -38.6811 13.1974 0 -35.7772 14.2209 0 -37.5499
3 16 13.1974 0 -35.7772 15.5387 0 -33.4358 14.2209 0 -37.5499
3 16 14.2209 0 -37.5499 15.5387 0 -33.4358 17.3114 0 -34.4593
3 16 15.5387 0 -33.4358 16.3957 0 -30.2375 17.3114 0 -34.4593
3 16 17.3114 0 -34.4593 16.3957 0 -30.2375 18.4426 0 -30.2375
3 16 16.3957 0 -30.2375 15.5387 0 -27.0392 18.4426 0 -30.2375
3 16 18.4426 0 -30.2375 15.5387 0 -27.0392 17.3114 0 -26.0158
3 16 15.5387 0 -27.0392 15.5387 -54.5807 -27.0392 13.1974 0 -24.6979
3 16 13.1974 0 -24.6979 15.5387 -54.5807 -27.0392 13.1974 -55.6076 -24.6979
3 16 13.1974 0 -24.6979 13.1974 -55.6076 -24.6979 9.9991 0 -23.8409
3 16 9.9991 0 -23.8409 13.1974 -55.6076 -24.6979 9.9991 -56.5871 -23.8409
3 16 9.9991 0 -23.8409 9.9991 -56.5871 -23.8409 6.8008 0 -24.6979
3 16 6.8008 0 -24.6979 9.9991 -56.5871 -23.8409 6.8008 -56.746 -24.6979
3 16 4.4594 0 -27.0392 6.8008 0 -24.6979 4.4594 -56.2489 -27.0392
3 16 4.4594 -56.2489 -27.0392 6.8008 0 -24.6979 6.8008 -56.746 -24.6979
3 16 3.6024 0 -30.2375 4.4594 0 -27.0392 3.6024 -55.0678 -30.2375
3 16 3.6024 -55.0678 -30.2375 4.4594 0 -27.0392 4.4594 -56.2489 -27.0392
3 16 4.4594 0 -33.4358 3.6024 0 -30.2375 4.4594 -53.7613 -33.4358
3 16 4.4594 -53.7613 -33.4358 3.6024 0 -30.2375 3.6024 -55.0678 -30.2375
3 16 6.8008 0 -35.7772 4.4594 0 -33.4358 6.8008 -52.4175 -35.7772
3 16 6.8008 -52.4175 -35.7772 4.4594 0 -33.4358 4.4594 -53.7613 -33.4358
3 16 9.9991 0 -36.6342 6.8008 0 -35.7772 9.9991 -51.4542 -36.6342
3 16 9.9991 -51.4542 -36.6342 6.8008 0 -35.7772 6.8008 -52.4175 -35.7772
3 16 13.1974 0 -35.7772 9.9991 0 -36.6342 13.1974 -51.2991 -35.7772
3 16 13.1974 -51.2991 -35.7772 9.9991 0 -36.6342 9.9991 -51.4542 -36.6342
3 16 13.1974 0 -35.7772 13.1974 -51.2991 -35.7772 15.5387 0 -33.4358
3 16 15.5387 0 -33.4358 13.1974 -51.2991 -35.7772 15.5387 -52.1455 -33.4358
3 16 15.5387 0 -33.4358 15.5387 -52.1455 -33.4358 16.3957 0 -30.2375
3 16 16.3957 0 -30.2375 15.5387 -52.1455 -33.4358 16.3957 -53.3945 -30.2375
3 16 16.3957 0 -30.2375 16.3957 -53.3945 -30.2375 15.5387 0 -27.0392
3 16 15.5387 0 -27.0392 16.3957 -53.3945 -30.2375 15.5387 -54.5807 -27.0392
3 16 17.3114 0 -26.0158 14.2209 0 -22.9252 17.3114 -53.5564 -26.0158
3 16 17.3114 -53.5564 -26.0158 14.2209 0 -22.9252 14.2209 -55.4572 -22.9252
3 16 14.2209 0 -22.9252 9.9991 0 -21.794 14.2209 -55.4572 -22.9252
3 16 14.2209 -55.4572 -22.9252 9.9991 0 -21.794 9.9991 -57.171 -21.794
3 16 5.7773 0 -22.9252 5.7773 -56.9577 -22.9252 9.9991 0 -21.794
3 16 9.9991 0 -21.794 5.7773 -56.9577 -22.9252 9.9991 -57.171 -21.794
3 16 2.6867 0 -26.0158 2.6867 -56.45 -26.0158 5.7773 0 -22.9252
3 16 5.7773 0 -22.9252 2.6867 -56.45 -26.0158 5.7773 -56.9577 -22.9252
3 16 1.5555 0 -30.2375 1.5555 -55.2893 -30.2375 2.6867 0 -26.0158
3 16 2.6867 0 -26.0158 1.5555 -55.2893 -30.2375 2.6867 -56.45 -26.0158
3 16 2.6867 0 -34.4593 2.6867 -52.968 -34.4593 1.5555 0 -30.2375
3 16 1.5555 0 -30.2375 2.6867 -52.968 -34.4593 1.5555 -55.2893 -30.2375
3 16 5.7773 0 -37.5499 5.7773 -50.7319 -37.5499 2.6867 0 -34.4593
3 16 2.6867 0 -34.4593 5.7773 -50.7319 -37.5499 2.6867 -52.968 -34.4593
3 16 9.9991 0 -38.6811 9.9991 -49.6501 -38.6811 5.7773 0 -37.5499
3 16 5.7773 0 -37.5499 9.9991 -49.6501 -38.6811 5.7773 -50.7319 -37.5499
3 16 14.2209 0 -37.5499 14.2209 -48.5018 -37.5499 9.9991 0 -38.6811
3 16 9.9991 0 -38.6811 14.2209 -48.5018 -37.5499 9.9991 -49.6501 -38.6811
3 16 14.2209 0 -37.5499 17.3114 0 -34.4593 14.2209 -48.5018 -37.5499
3 16 14.2209 -48.5018 -37.5499 17.3114 0 -34.4593 17.3114 -49.45 -34.4593
3 16 17.3114 0 -34.4593 18.4426 0 -30.2375 17.3114 -49.45 -34.4593
3 16 17.3114 -49.45 -34.4593 18.4426 0 -30.2375 18.4426 -51.1131 -30.2375
3 16 18.4426 0 -30.2375 17.3114 0 -26.0158 18.4426 -51.1131 -30.2375
3 16 18.4426 -51.1131 -30.2375 17.3114 0 -26.0158 17.3114 -53.5564 -26.0158
3 16 15.5396 0 -47.0392 13.1983 0 -44.6979 17.3123 0 -46.0157
3 16 17.3123 0 -46.0157 13.1983 0 -44.6979 14.2218 0 -42.9252
3 16 13.1983 0 -44.6979 10 0 -43.8409 14.2218 0 -42.9252
3 16 14.2218 0 -42.9252 10 0 -43.8409 10 0 -41.7939
3 16 10 0 -43.8409 6.8017 0 -44.6979 10 0 -41.7939
3 16 10 0 -41.7939 6.8017 0 -44.6979 5.7782 0 -42.9252
3 16 6.8017 0 -44.6979 4.4604 0 -47.0392 5.7782 0 -42.9252
3 16 5.7782 0 -42.9252 4.4604 0 -47.0392 2.6876 0 -46.0157
3 16 4.4604 0 -47.0392 3.6034 0 -50.2375 2.6876 0 -46.0157
3 16 2.6876 0 -46.0157 3.6034 0 -50.2375 1.5564 0 -50.2375
3 16 3.6034 0 -50.2375 4.4604 0 -53.4358 1.5564 0 -50.2375
3 16 1.5564 0 -50.2375 4.4604 0 -53.4358 2.6876 0 -54.4593
3 16 4.4604 0 -53.4358 6.8017 0 -55.7771 2.6876 0 -54.4593
3 16 2.6876 0 -54.4593 6.8017 0 -55.7771 5.7782 0 -57.5498
3 16 6.8017 0 -55.7771 10 0 -56.6341 5.7782 0 -57.5498
3 16 5.7782 0 -57.5498 10 0 -56.6341 10 0 -58.6811
3 16 10 0 -56.6341 13.1983 0 -55.7771 10 0 -58.6811
3 16 10 0 -58.6811 13.1983 0 -55.7771 14.2218 0 -57.5498
3 16 13.1983 0 -55.7771 15.5396 0 -53.4358 14.2218 0 -57.5498
3 16 14.2218 0 -57.5498 15.5396 0 -53.4358 17.3124 0 -54.4593
3 16 15.5396 0 -53.4358 16.3966 0 -50.2375 17.3124 0 -54.4593
3 16 17.3124 0 -54.4593 16.3966 0 -50.2375 18.4436 0 -50.2375
3 16 16.3966 0 -50.2375 15.5396 0 -47.0392 18.4436 0 -50.2375
3 16 18.4436 0 -50.2375 15.5396 0 -47.0392 17.3123 0 -46.0157
3 16 15.5396 0 -47.0392 15.5396 -40.7872 -47.0392 13.1983 0 -44.6979
3 16 13.1983 0 -44.6979 15.5396 -40.7872 -47.0392 13.1983 -43.6014 -44.6979
3 16 13.1983 0 -44.6979 13.1983 -43.6014 -44.6979 10 0 -43.8409
3 16 10 0 -43.8409 13.1983 -43.6014 -44.6979 10 -45.4862 -43.8409
3 16 10 0 -43.8409 10 -45.4862 -43.8409 6.8017 0 -44.6979
3 16 6.8017 0 -44.6979 10 -45.4862 -43.8409 6.8017 -45.7653 -44.6979
3 16 4.4604 0 -47.0392 6.8017 0 -44.6979 4.4604 -44.4382 -47.0392
3 16 4.4604 -44.4382 -47.0392 6.8017 0 -44.6979 6.8017 -45.7653 -44.6979
3 16 3.6034 0 -50.2375 4.4604 0 -47.0392 3.6034 -41.5075 -50.2375
3 16 3.6034 -41.5075 -50.2375 4.4604 0 -47.0392 4.4604 -44.4382 -47.0392
3 16 4.4604 0 -53.4358 3.6034 0 -50.2375 4.4604 -37.7873 -53.4358
3 16 4.4604 -37.7873 -53.4358 3.6034 0 -50.2375 3.6034 -41.5075 -50.2375
3 16 6.8017 0 -55.7771 4.4604 0 -53.4358 6.8017 -33.5157 -55.7771
3 16 6.8017 -33.5157 -55.7771 4.4604 0 -53.4358 4.4604 -37.7873 -53.4358
3 16 10 0 -56.6341 6.8017 0 -55.7771 10 -30.2488 -56.6341
3 16 10 -30.2488 -56.6341 6.8017 0 -55.7771 6.8017 -33.5157 -55.7771
3 16 13.1983 0 -55.7771 10 0 -56.6341 13.1983 -30.0337 -55.7771
3 16 13.1983 -30.0337 -55.7771 10 0 -56.6341 10 -30.2488 -56.6341
3 16 13.1983 0 -55.7771 13.1983 -30.0337 -55.7771 15.5396 0 -53.4358
3 16 15.5396 0 -53.4358 13.1983 -30.0337 -55.7771 15.5396 -32.5665 -53.4358
3 16 15.5396 0 -53.4358 15.5396 -32.5665 -53.4358 16.3966 0 -50.2375
3 16 16.3966 0 -50.2375 15.5396 -32.5665 -53.4358 16.3966 -36.5631 -50.2375
3 16 16.3966 0 -50.2375 16.3966 -36.5631 -50.2375 15.5396 0 -47.0392
3 16 15.5396 0 -47.0392 16.3966 -36.5631 -50.2375 15.5396 -40.7872 -47.0392
3 16 17.3123 0 -46.0157 14.2218 0 -42.9252 17.3123 -40.8215 -46.0157
3 16 17.3123 -40.8215 -46.0157 14.2218 0 -42.9252 14.2218 -44.7907 -42.9252
3 16 14.2218 0 -42.9252 10 0 -41.7939 14.2218 -44.7907 -42.9252
3 16 14.2218 -44.7907 -42.9252 10 0 -41.7939 10 -47.8693 -41.7939
3 16 5.7782 0 -42.9252 5.7782 -47.4995 -42.9252 10 0 -41.7939
3 16 10 0 -41.7939 5.7782 -47.4995 -42.9252 10 -47.8693 -41.7939
3 16 2.6876 0 -46.0157 2.6876 -46.3146 -46.0157 5.7782 0 -42.9252
3 16 5.7782 0 -42.9252 2.6876 -46.3146 -46.0157 5.7782 -47.4995 -42.9252
3 16 1.5564 0 -50.2375 1.5564 -42.5569 -50.2375 2.6876 0 -46.0157
3 16 2.6876 0 -46.0157 1.5564 -42.5569 -50.2375 2.6876 -46.3146 -46.0157
3 16 2.6876 0 -54.4593 2.6876 -37.5812 -54.4593 1.5564 0 -50.2375
3 16 1.5564 0 -50.2375 2.6876 -37.5812 -54.4593 1.5564 -42.5569 -50.2375
3 16 5.7782 0 -57.5498 5.7782 -30.916 -57.5498 2.6876 0 -54.4593
3 16 2.6876 0 -54.4593 5.7782 -30.916 -57.5498 2.6876 -37.5812 -54.4593
3 16 10 0 -58.6811 10 -26.4239 -58.6811 5.7782 0 -57.5498
3 16 5.7782 0 -57.5498 10 -26.4239 -58.6811 5.7782 -30.916 -57.5498
3 16 14.2218 0 -57.5498 14.2218 -25.882 -57.5498 10 0 -58.6811
3 16 10 0 -58.6811 14.2218 -25.882 -57.5498 10 -26.4239 -58.6811
3 16 14.2218 0 -57.5498 17.3124 0 -54.4593 14.2218 -25.882 -57.5498
3 16 14.2218 -25.882 -57.5498 17.3124 0 -54.4593 17.3448 -29.4621 -54.2943
3 16 17.3124 0 -54.4593 18.4436 0 -50.2375 17.3448 -29.4621 -54.2943
3 16 17.3448 -29.4621 -54.2943 18.4436 0 -50.2375 18.4435 -34.708 -50.2375
3 16 18.4436 0 -50.2375 17.3123 0 -46.0157 18.4435 -34.708 -50.2375
3 16 18.4435 -34.708 -50.2375 17.3123 0 -46.0157 17.3123 -40.8215 -46.0157
3 16 6.8017 0 -4.6979 4.4604 0 -7.0392 5.7782 0 -2.9251
3 16 5.7782 0 -2.9251 4.4604 0 -7.0392 2.6877 0 -6.0157
3 16 4.4604 0 -7.0392 3.6034 0 -10.2375 2.6877 0 -6.0157
3 16 2.6877 0 -6.0157 3.6034 0 -10.2375 1.5564 0 -10.2375
3 16 3.6034 0 -10.2375 4.4604 0 -13.4358 1.5564 0 -10.2375
3 16 1.5564 0 -10.2375 4.4604 0 -13.4358 2.6877 0 -14.4593
3 16 4.4604 0 -13.4358 6.8017 0 -15.7771 2.6877 0 -14.4593
3 16 2.6877 0 -14.4593 6.8017 0 -15.7771 5.7782 0 -17.5498
3 16 6.8017 0 -15.7771 10 0 -16.6341 5.7782 0 -17.5498
3 16 5.7782 0 -17.5498 10 0 -16.6341 10 0 -18.6811
3 16 10 0 -16.6341 13.1983 0 -15.7771 10 0 -18.6811
3 16 10 0 -18.6811 13.1983 0 -15.7771 14.2218 0 -17.5498
3 16 4.4604 0 -7.0392 6.8017 0 -4.6979 4.4604 -59.1873 -7.0392
3 16 4.4604 -59.1873 -7.0392 6.8017 0 -4.6979 6.8017 -59.1873 -4.6979
3 16 3.6034 0 -10.2375 4.4604 0 -7.0392 3.6034 -59.1124 -10.2375
3 16 3.6034 -59.1124 -10.2375 4.4604 0 -7.0392 4.4604 -59.1873 -7.0392
3 16 4.4604 0 -13.4358 3.6034 0 -10.2375 4.4604 -58.8891 -13.4358
3 16 4.4604 -58.8891 -13.4358 3.6034 0 -10.2375 3.6034 -59.1124 -10.2375
3 16 6.8017 0 -15.7771 4.4604 0 -13.4358 6.8017 -58.3966 -15.7771
3 16 6.8017 -58.3966 -15.7771 4.4604 0 -13.4358 4.4604 -58.8891 -13.4358
3 16 10 0 -16.6341 6.8017 0 -15.7771 10 -57.7668 -16.6341
3 16 10 -57.7668 -16.6341 6.8017 0 -15.7771 6.8017 -58.3966 -15.7771
3 16 13.1983 0 -15.7771 10 0 -16.6341 13.1983 -57.3492 -15.7771
3 16 13.1983 -57.3492 -15.7771 10 0 -16.6341 10 -57.7668 -16.6341
3 16 5.7782 0 -2.9251 2.6877 0 -6.0157 5.7782 -59.2841 -2.9251
3 16 5.7782 -59.2841 -2.9251 2.6877 0 -6.0157 2.6876 -59.2841 -6.0157
3 16 2.6877 0 -6.0157 1.5564 0 -10.2375 2.6876 -59.2841 -6.0157
3 16 2.6876 -59.2841 -6.0157 1.5564 0 -10.2375 1.5564 -59.2895 -10.2375
3 16 2.6877 0 -14.4593 2.6876 -59.0991 -14.4593 1.5564 0 -10.2375
3 16 1.5564 0 -10.2375 2.6876 -59.0991 -14.4593 1.5564 -59.2895 -10.2375
3 16 5.7782 0 -17.5498 5.7782 -58.1392 -17.5498 2.6877 0 -14.4593
3 16 2.6877 0 -14.4593 5.7782 -58.1392 -17.5498 2.6876 -59.0991 -14.4593
3 16 10 0 -18.6811 10 -57.5133 -18.6811 5.7782 0 -17.5498
3 16 5.7782 0 -17.5498 10 -57.5133 -18.6811 5.7782 -58.1392 -17.5498
3 16 14.2218 0 -17.5498 14.2218 -56.9048 -17.5498 10 0 -18.6811
3 16 10 0 -18.6811 14.2218 -56.9048 -17.5498 10 -57.5133 -18.6811
3 16 17.3114 -53.5564 -26.0158 22.6877 -51.7349 -26.0157 18.4426 -51.1131 -30.2375
3 16 18.4426 -51.1131 -30.2375 22.6877 -51.7349 -26.0157 21.5565 -50.18 -30.2375
3 16 14.2209 -55.4572 -22.9252 9.9991 -57.171 -21.794 14.2218 -56.9048 -17.5498
3 16 14.2218 -56.9048 -17.5498 9.9991 -57.171 -21.794 10 -57.5133 -18.6811
3 16 14.2209 -55.4572 -22.9252 14.2218 -56.9048 -17.5498 17.3114 -53.5564 -26.0158
3 16 17.3114 -53.5564 -26.0158 14.2218 -56.9048 -17.5498 22.6877 -51.7349 -26.0157
3 16 5.7773 -50.7319 -37.5499 9.9991 -49.6501 -38.6811 5.7782 -47.4995 -42.9252
3 16 5.7782 -47.4995 -42.9252 9.9991 -49.6501 -38.6811 10 -47.8693 -41.7939
3 16 9.9991 -49.6501 -38.6811 14.2209 -48.5018 -37.5499 10 -47.8693 -41.7939
3 16 10 -47.8693 -41.7939 14.2209 -48.5018 -37.5499 14.2218 -44.7907 -42.9252
3 16 18.4426 -51.1131 -30.2375 21.5565 -50.18 -30.2375 17.3114 -49.45 -34.4593
3 16 17.3114 -49.45 -34.4593 21.5565 -50.18 -30.2375 22.6877 -47.2795 -34.4593
3 16 22.6877 -47.2795 -34.4593 25.7782 -43.7873 -37.5498 14.2218 -44.7907 -42.9252
3 16 14.2218 -44.7907 -42.9252 25.7782 -43.7873 -37.5498 17.3123 -40.8215 -46.0157
3 16 17.3114 -49.45 -34.4593 22.6877 -47.2795 -34.4593 14.2209 -48.5018 -37.5499
3 16 14.2209 -48.5018 -37.5499 22.6877 -47.2795 -34.4593 14.2218 -44.7907 -42.9252
3 16 9.9991 -57.171 -21.794 5.7773 -56.9577 -22.9252 10 -57.5133 -18.6811
3 16 10 -57.5133 -18.6811 5.7773 -56.9577 -22.9252 5.7782 -58.1392 -17.5498
3 16 3.6024 -55.0678 -30.2375 9.9935 -54.1036 -30.0204 4.4594 -53.7613 -33.4358
3 16 15.5387 -54.5807 -27.0392 16.3957 -53.3945 -30.2375 9.9935 -54.1036 -30.0204
3 16 9.9935 -54.1036 -30.0204 16.3957 -53.3945 -30.2375 15.5387 -52.1455 -33.4358
3 16 9.9935 -54.1036 -30.0204 15.5387 -52.1455 -33.4358 13.1974 -51.2991 -35.7772
3 16 9.9935 -54.1036 -30.0204 13.1974 -51.2991 -35.7772 9.9991 -51.4542 -36.6342
3 16 9.9935 -54.1036 -30.0204 9.9991 -51.4542 -36.6342 6.8008 -52.4175 -35.7772
3 16 9.9935 -54.1036 -30.0204 6.8008 -52.4175 -35.7772 4.4594 -53.7613 -33.4358
3 16 4.4594 -56.2489 -27.0392 9.9935 -54.1036 -30.0204 3.6024 -55.0678 -30.2375
3 16 6.8008 -56.746 -24.6979 9.9935 -54.1036 -30.0204 4.4594 -56.2489 -27.0392
3 16 9.9991 -56.5871 -23.8409 9.9935 -54.1036 -30.0204 6.8008 -56.746 -24.6979
3 16 13.1974 -55.6076 -24.6979 9.9935 -54.1036 -30.0204 9.9991 -56.5871 -23.8409
3 16 15.5387 -54.5807 -27.0392 9.9935 -54.1036 -30.0204 13.1974 -55.6076 -24.6979
3 16 3.6034 -41.5075 -50.2375 9.9934 -39.4881 -50.0291 4.4604 -37.7873 -53.4358
3 16 15.5396 -40.7872 -47.0392 16.3966 -36.5631 -50.2375 9.9934 -39.4881 -50.0291
3 16 9.9934 -39.4881 -50.0291 16.3966 -36.5631 -50.2375 15.5396 -32.5665 -53.4358
3 16 9.9934 -39.4881 -50.0291 15.5396 -32.5665 -53.4358 13.1983 -30.0337 -55.7771
3 16 9.9934 -39.4881 -50.0291 13.1983 -30.0337 -55.7771 10 -30.2488 -56.6341
3 16 9.9934 -39.4881 -50.0291 10 -30.2488 -56.6341 6.8017 -33.5157 -55.7771
3 16 9.9934 -39.4881 -50.0291 6.8017 -33.5157 -55.7771 4.4604 -37.7873 -53.4358
3 16 4.4604 -44.4382 -47.0392 9.9934 -39.4881 -50.0291 3.6034 -41.5075 -50.2375
3 16 6.8017 -45.7653 -44.6979 9.9934 -39.4881 -50.0291 4.4604 -44.4382 -47.0392
3 16 10 -45.4862 -43.8409 9.9934 -39.4881 -50.0291 6.8017 -45.7653 -44.6979
3 16 13.1983 -43.6014 -44.6979 9.9934 -39.4881 -50.0291 10 -45.4862 -43.8409
3 16 15.5396 -40.7872 -47.0392 9.9934 -39.4881 -50.0291 13.1983 -43.6014 -44.6979
3 16 2.6876 -59.0991 -14.4593 5.7782 -58.1392 -17.5498 2.6867 -56.45 -26.0158
3 16 2.6867 -56.45 -26.0158 5.7782 -58.1392 -17.5498 5.7773 -56.9577 -22.9252
3 16 2.6876 -59.2841 -6.0157 -6.8116 -59.1869 6.525 5.7782 -59.2841 -2.9251
3 16 2.6876 -59.0991 -14.4593 -6.8116 -58.5745 -15.0076 1.5564 -59.2895 -10.2375
3 16 1.5564 -59.2895 -10.2375 -6.8116 -58.5745 -15.0076 2.6876 -59.2841 -6.0157
3 16 2.6876 -59.2841 -6.0157 -6.8116 -58.5745 -15.0076 -6.8116 -59.1869 6.525
3 16 2.6867 -52.968 -34.4593 2.6876 -46.3146 -46.0157 -6.8116 -52.9023 -34.8812
3 16 10 -26.4239 -58.6811 14.2218 -25.882 -57.5498 9.9428 -20.1651 -60.9286
3 16 9.9428 -20.1651 -60.9286 14.2218 -25.882 -57.5498 14.6169 -19.1731 -59.7959
3 16 18.4435 -34.708 -50.2375 21.5564 -31.733 -50 17.3448 -29.4621 -54.2943
3 16 17.3448 -29.4621 -54.2943 21.5564 -31.733 -50 22.6876 -24.8849 -54.2218
3 16 30 -37.4272 -41.5565 25.7782 -38.9469 -42.6877 30 -40.639 -38.6811
3 16 30 -40.639 -38.6811 25.7782 -38.9469 -42.6877 25.7782 -43.7873 -37.5498
3 16 22.6876 -37.5369 -45.7782 17.3123 -40.8215 -46.0157 25.7782 -38.9469 -42.6877
3 16 25.7782 -38.9469 -42.6877 17.3123 -40.8215 -46.0157 25.7782 -43.7873 -37.5498
3 16 21.5564 -31.733 -50 18.4435 -34.708 -50.2375 22.6876 -37.5369 -45.7782
3 16 22.6876 -37.5369 -45.7782 18.4435 -34.708 -50.2375 17.3123 -40.8215 -46.0157
3 16 30 -40.639 -38.6811 34.2218 -38.783 -37.5498 30 -37.4272 -41.5565
3 16 30 -37.4272 -41.5565 34.2218 -38.783 -37.5498 34.2218 -31.6234 -42.6877
3 16 38.9866 -30.6928 -38.8025 37.3123 -38.783 -34.4593 42.5835 -31.6234 -34.5813
3 16 9.9428 -20.1651 -60.9286 1.8634 -23.5429 -61.5267 10 -26.4239 -58.6811
3 16 10 -26.4239 -58.6811 1.8634 -23.5429 -61.5267 5.7782 -30.916 -57.5498
3 16 2.6876 -37.5812 -54.4593 5.7782 -30.916 -57.5498 -6.8116 -36.7408 -54.5259
3 16 -6.8116 -36.7408 -54.5259 5.7782 -30.916 -57.5498 1.8634 -23.5429 -61.5267
3 16 -6.8116 -36.7408 -54.5259 1.5564 -42.5569 -50.2375 2.6876 -37.5812 -54.4593
3 16 -6.8116 -52.9023 -34.8812 2.6876 -46.3146 -46.0157 -6.8116 -36.7408 -54.5259
3 16 -6.8116 -36.7408 -54.5259 2.6876 -46.3146 -46.0157 1.5564 -42.5569 -50.2375
3 16 -6.8116 -58.5745 -15.0076 2.6867 -56.45 -26.0158 -6.8116 -52.9023 -34.8812
3 16 -6.8116 -52.9023 -34.8812 2.6867 -56.45 -26.0158 1.5555 -55.2893 -30.2375
3 16 -6.8116 -52.9023 -34.8812 1.5555 -55.2893 -30.2375 2.6867 -52.968 -34.4593
3 16 2.6867 -52.968 -34.4593 5.7773 -50.7319 -37.5499 2.6876 -46.3146 -46.0157
3 16 2.6876 -46.3146 -46.0157 5.7773 -50.7319 -37.5499 5.7782 -47.4995 -42.9252
3 16 2.6876 -59.0991 -14.4593 2.6867 -56.45 -26.0158 -6.8116 -58.5745 -15.0076
3 16 37.3123 -21.5989 -45.7782 42.0771 -20.6683 -41.893 38.1699 -7.8724 -48.9788
3 16 38.1699 -7.8724 -48.9788 42.0771 -20.6683 -41.893 43.6998 -7.9618 -43.9558
3 16 34.2218 -31.6234 -42.6877 38.9866 -30.6928 -38.8025 37.3123 -21.5989 -45.7782
3 16 37.3123 -21.5989 -45.7782 38.9866 -30.6928 -38.8025 42.0771 -20.6683 -41.893
3 16 -6.8116 -36.7408 -54.5259 1.8634 -23.5429 -61.5267 -6.8116 -12.0793 -65.5178
3 16 -6.8116 -12.0793 -65.5178 1.8634 -23.5429 -61.5267 1.0293 -11.5304 -64.7586
3 16 9.7619 -7.7505 -62.8838 1.0293 -11.5304 -64.7586 9.9428 -20.1651 -60.9286
3 16 9.9428 -20.1651 -60.9286 1.0293 -11.5304 -64.7586 1.8634 -23.5429 -61.5267
3 16 14.6169 -19.1731 -59.7959 15.1724 -10.9739 -61.5613 9.9428 -20.1651 -60.9286
3 16 9.9428 -20.1651 -60.9286 15.1724 -10.9739 -61.5613 9.7619 -7.7505 -62.8838
3 16 17.3448 -29.4621 -54.2943 19.089 -18.4097 -57.9897 14.2218 -25.882 -57.5498
3 16 14.2218 -25.882 -57.5498 19.089 -18.4097 -57.9897 14.6169 -19.1731 -59.7959
3 16 21.9234 -19.2013 -56.7694 19.089 -18.4097 -57.9897 22.6876 -24.8849 -54.2218
3 16 22.6876 -24.8849 -54.2218 19.089 -18.4097 -57.9897 17.3448 -29.4621 -54.2943
3 16 30 0 -23.8409 30 -49.0362 -23.8409 26.8017 0 -24.6979
3 16 26.8017 0 -24.6979 30 -49.0362 -23.8409 26.8017 -50.302 -24.6979
3 16 33.1983 0 -24.6979 33.1983 -46.8126 -24.6979 30 0 -23.8409
3 16 30 0 -23.8409 33.1983 -46.8126 -24.6979 30 -49.0362 -23.8409
3 16 35.5397 0 -27.0392 35.5397 -44.167 -27.0392 33.1983 0 -24.6979
3 16 33.1983 0 -24.6979 35.5397 -44.167 -27.0392 33.1983 -46.8126 -24.6979
3 16 36.3966 0 -30.2375 36.3966 -41.8082 -30.2375 35.5397 0 -27.0392
3 16 35.5397 0 -27.0392 36.3966 -41.8082 -30.2375 35.5397 -44.167 -27.0392
3 16 35.5397 0 -33.4358 35.5397 -40.4284 -33.4358 36.3966 0 -30.2375
3 16 36.3966 0 -30.2375 35.5397 -40.4284 -33.4358 36.3966 -41.8082 -30.2375
3 16 30 0 -21.794 25.7782 0 -22.9252 30 -50.18 -21.794
3 16 30 -50.18 -21.794 25.7782 0 -22.9252 25.7782 -51.7349 -22.9252
3 16 34.2218 0 -22.9252 30 0 -21.794 34.2218 -47.2795 -22.9252
3 16 34.2218 -47.2795 -22.9252 30 0 -21.794 30 -50.18 -21.794
3 16 37.3123 0 -26.0157 34.2218 0 -22.9252 37.3123 -43.7873 -26.0157
3 16 37.3123 -43.7873 -26.0157 34.2218 0 -22.9252 34.2218 -47.2795 -22.9252
3 16 38.4436 0 -30.2375 37.3123 0 -26.0157 38.4436 -40.639 -30.2375
3 16 38.4436 -40.639 -30.2375 37.3123 0 -26.0157 37.3123 -43.7873 -26.0157
3 16 37.3123 0 -34.4593 38.4436 0 -30.2375 37.3123 -38.783 -34.4593
3 16 37.3123 -38.783 -34.4593 38.4436 0 -30.2375 38.4436 -40.639 -30.2375
3 16 38.4436 0 -30.2375 37.3123 0 -34.4593 36.3966 0 -30.2375
3 16 36.3966 0 -30.2375 37.3123 0 -34.4593 35.5397 0 -33.4358
3 16 37.3123 0 -26.0157 38.4436 0 -30.2375 35.5397 0 -27.0392
3 16 35.5397 0 -27.0392 38.4436 0 -30.2375 36.3966 0 -30.2375
3 16 34.2218 0 -22.9252 37.3123 0 -26.0157 33.1983 0 -24.6979
3 16 33.1983 0 -24.6979 37.3123 0 -26.0157 35.5397 0 -27.0392
3 16 30 0 -21.794 34.2218 0 -22.9252 30 0 -23.8409
3 16 30 0 -23.8409 34.2218 0 -22.9252 33.1983 0 -24.6979
3 16 25.7782 0 -22.9252 30 0 -21.794 26.8017 0 -24.6979
3 16 26.8017 0 -24.6979 30 0 -21.794 30 0 -23.8409
3 16 26.8017 0 -24.6979 26.8017 -50.302 -24.6979 24.4604 0 -27.0392
3 16 24.4604 0 -27.0392 26.8017 -50.302 -24.6979 24.4604 -50.302 -27.0392
3 16 25.7782 0 -22.9252 26.8017 0 -24.6979 22.6877 0 -26.0157
3 16 22.6877 0 -26.0157 26.8017 0 -24.6979 24.4604 0 -27.0392
3 16 25.7782 0 -22.9252 22.6877 0 -26.0157 25.7782 -51.7349 -22.9252
3 16 25.7782 -51.7349 -22.9252 22.6877 0 -26.0157 22.6877 -51.7349 -26.0157
3 16 37.3123 0 -34.4593 37.3123 -38.783 -34.4593 34.2218 0 -37.5498
3 16 34.2218 0 -37.5498 37.3123 -38.783 -34.4593 34.2218 -38.783 -37.5498
3 16 37.3123 0 -34.4593 34.2218 0 -37.5498 35.5397 0 -33.4358
3 16 35.5397 0 -33.4358 34.2218 0 -37.5498 33.1983 0 -35.7771
3 16 35.5397 0 -33.4358 33.1983 0 -35.7771 35.5397 -40.4284 -33.4358
3 16 35.5397 -40.4284 -33.4358 33.1983 0 -35.7771 33.1983 -40.4284 -35.7771
3 16 24.4594 0 -13.4358 26.8008 0 -15.7772 22.6868 0 -14.4593
3 16 22.6868 0 -14.4593 26.8008 0 -15.7772 25.7773 0 -17.5499
3 16 23.6024 0 -10.2375 24.4594 0 -13.4358 21.5555 0 -10.2375
3 16 21.5555 0 -10.2375 24.4594 0 -13.4358 22.6868 0 -14.4593
3 16 24.4594 0 -7.0392 23.6024 0 -10.2375 22.6868 0 -6.0158
3 16 22.6868 0 -6.0158 23.6024 0 -10.2375 21.5555 0 -10.2375
3 16 26.8008 0 -4.6979 24.4594 0 -7.0392 25.7773 0 -2.9252
3 16 25.7773 0 -2.9252 24.4594 0 -7.0392 22.6868 0 -6.0158
3 16 29.9991 0 -3.8409 26.8008 0 -4.6979 29.9991 0 -1.794
3 16 29.9991 0 -1.794 26.8008 0 -4.6979 25.7773 0 -2.9252
3 16 33.1974 0 -4.6979 29.9991 0 -3.8409 34.2209 0 -2.9252
3 16 34.2209 0 -2.9252 29.9991 0 -3.8409 29.9991 0 -1.794
3 16 35.5387 0 -7.0392 33.1974 0 -4.6979 37.3114 0 -6.0158
3 16 37.3114 0 -6.0158 33.1974 0 -4.6979 34.2209 0 -2.9252
3 16 36.3957 0 -10.2375 35.5387 0 -7.0392 38.4426 0 -10.2375
3 16 38.4426 0 -10.2375 35.5387 0 -7.0392 37.3114 0 -6.0158
3 16 35.5387 0 -13.4358 36.3957 0 -10.2375 37.3114 0 -14.4593
3 16 37.3114 0 -14.4593 36.3957 0 -10.2375 38.4426 0 -10.2375
3 16 33.1974 0 -15.7772 35.5387 0 -13.4358 34.2209 0 -17.5499
3 16 34.2209 0 -17.5499 35.5387 0 -13.4358 37.3114 0 -14.4593
3 16 29.9991 0 -16.6342 33.1974 0 -15.7772 29.9991 0 -18.6811
3 16 29.9991 0 -18.6811 33.1974 0 -15.7772 34.2209 0 -17.5499
3 16 26.8008 0 -15.7772 29.9991 0 -16.6342 25.7773 0 -17.5499
3 16 25.7773 0 -17.5499 29.9991 0 -16.6342 29.9991 0 -18.6811
3 16 26.8008 0 -15.7772 24.4594 0 -13.4358 26.8008 -54.5807 -15.7772
3 16 26.8008 -54.5807 -15.7772 24.4594 0 -13.4358 24.4594 -55.6076 -13.4358
3 16 24.4594 0 -13.4358 23.6024 0 -10.2375 24.4594 -55.6076 -13.4358
3 16 24.4594 -55.6076 -13.4358 23.6024 0 -10.2375 23.6024 -56.5871 -10.2375
3 16 23.6024 0 -10.2375 24.4594 0 -7.0392 23.6024 -56.5871 -10.2375
3 16 23.6024 -56.5871 -10.2375 24.4594 0 -7.0392 24.4594 -56.746 -7.0392
3 16 26.8008 0 -4.6979 26.8008 -56.2489 -4.6979 24.4594 0 -7.0392
3 16 24.4594 0 -7.0392 26.8008 -56.2489 -4.6979 24.4594 -56.746 -7.0392
3 16 29.9991 0 -3.8409 29.9991 -55.0678 -3.8409 26.8008 0 -4.6979
3 16 26.8008 0 -4.6979 29.9991 -55.0678 -3.8409 26.8008 -56.2489 -4.6979
3 16 33.1974 0 -4.6979 33.1974 -53.7613 -4.6979 29.9991 0 -3.8409
3 16 29.9991 0 -3.8409 33.1974 -53.7613 -4.6979 29.9991 -55.0678 -3.8409
3 16 35.5387 0 -7.0392 35.5387 -52.4175 -7.0392 33.1974 0 -4.6979
3 16 33.1974 0 -4.6979 35.5387 -52.4175 -7.0392 33.1974 -53.7613 -4.6979
3 16 36.3957 0 -10.2375 36.3957 -51.4542 -10.2375 35.5387 0 -7.0392
3 16 35.5387 0 -7.0392 36.3957 -51.4542 -10.2375 35.5387 -52.4175 -7.0392
3 16 35.5387 0 -13.4358 35.5387 -51.2991 -13.4358 36.3957 0 -10.2375
3 16 36.3957 0 -10.2375 35.5387 -51.2991 -13.4358 36.3957 -51.4542 -10.2375
3 16 35.5387 0 -13.4358 33.1974 0 -15.7772 35.5387 -51.2991 -13.4358
3 16 35.5387 -51.2991 -13.4358 33.1974 0 -15.7772 33.1974 -52.1455 -15.7772
3 16 33.1974 0 -15.7772 29.9991 0 -16.6342 33.1974 -52.1455 -15.7772
3 16 33.1974 -52.1455 -15.7772 29.9991 0 -16.6342 29.9991 -53.3945 -16.6342
3 16 29.9991 0 -16.6342 26.8008 0 -15.7772 29.9991 -53.3945 -16.6342
3 16 29.9991 -53.3945 -16.6342 26.8008 0 -15.7772 26.8008 -54.5807 -15.7772
3 16 25.7773 0 -17.5499 25.7773 -53.5564 -17.5499 22.6868 0 -14.4593
3 16 22.6868 0 -14.4593 25.7773 -53.5564 -17.5499 22.6868 -55.4572 -14.4593
3 16 22.6868 0 -14.4593 22.6868 -55.4572 -14.4593 21.5555 0 -10.2375
3 16 21.5555 0 -10.2375 22.6868 -55.4572 -14.4593 21.5555 -57.171 -10.2375
3 16 22.6868 0 -6.0158 21.5555 0 -10.2375 22.6868 -56.9577 -6.0157
3 16 22.6868 -56.9577 -6.0157 21.5555 0 -10.2375 21.5555 -57.171 -10.2375
3 16 25.7773 0 -2.9252 22.6868 0 -6.0158 25.7773 -56.45 -2.9252
3 16 25.7773 -56.45 -2.9252 22.6868 0 -6.0158 22.6868 -56.9577 -6.0157
3 16 29.9991 0 -1.794 25.7773 0 -2.9252 29.9991 -55.2893 -1.794
3 16 29.9991 -55.2893 -1.794 25.7773 0 -2.9252 25.7773 -56.45 -2.9252
3 16 34.2209 0 -2.9252 29.9991 0 -1.794 34.2209 -52.968 -2.9252
3 16 34.2209 -52.968 -2.9252 29.9991 0 -1.794 29.9991 -55.2893 -1.794
3 16 37.3114 0 -6.0158 34.2209 0 -2.9252 37.3114 -50.7319 -6.0157
3 16 37.3114 -50.7319 -6.0157 34.2209 0 -2.9252 34.2209 -52.968 -2.9252
3 16 38.4426 0 -10.2375 37.3114 0 -6.0158 38.4426 -49.6501 -10.2375
3 16 38.4426 -49.6501 -10.2375 37.3114 0 -6.0158 37.3114 -50.7319 -6.0157
3 16 37.3114 0 -14.4593 38.4426 0 -10.2375 37.3114 -48.5018 -14.4593
3 16 37.3114 -48.5018 -14.4593 38.4426 0 -10.2375 38.4426 -49.6501 -10.2375
3 16 37.3114 0 -14.4593 37.3114 -48.5018 -14.4593 34.2209 0 -17.5499
3 16 34.2209 0 -17.5499 37.3114 -48.5018 -14.4593 34.2209 -49.45 -17.5499
3 16 34.2209 0 -17.5499 34.2209 -49.45 -17.5499 29.9991 0 -18.6811
3 16 29.9991 0 -18.6811 34.2209 -49.45 -17.5499 29.9991 -51.1131 -18.6811
3 16 29.9991 0 -18.6811 29.9991 -51.1131 -18.6811 25.7773 0 -17.5499
3 16 25.7773 0 -17.5499 29.9991 -51.1131 -18.6811 25.7773 -53.5564 -17.5499
3 16 46.8017 0 -15.7771 44.4604 0 -13.4358 46.8017 -40.6776 -15.7771
3 16 46.8017 -40.6776 -15.7771 44.4604 0 -13.4358 44.4604 -43.6014 -13.4358
3 16 44.4604 0 -13.4358 43.6034 0 -10.2375 44.4604 -43.6014 -13.4358
3 16 44.4604 -43.6014 -13.4358 43.6034 0 -10.2375 43.6034 -45.4862 -10.2375
3 16 43.6034 0 -10.2375 44.4604 0 -7.0392 43.6034 -45.4862 -10.2375
3 16 43.6034 -45.4862 -10.2375 44.4604 0 -7.0392 44.4604 -45.7653 -7.0392
3 16 46.8017 0 -4.6979 46.8017 -44.3286 -4.6979 44.4604 0 -7.0392
3 16 44.4604 0 -7.0392 46.8017 -44.3286 -4.6979 44.4604 -45.7653 -7.0392
3 16 50 0 -3.8409 50 -41.3979 -3.8409 46.8017 0 -4.6979
3 16 46.8017 0 -4.6979 50 -41.3979 -3.8409 46.8017 -44.3286 -4.6979
3 16 53.1983 0 -4.6979 53.1983 -37.7873 -4.6979 50 0 -3.8409
3 16 50 0 -3.8409 53.1983 -37.7873 -4.6979 50 -41.3979 -3.8409
3 16 55.5396 0 -7.0392 55.5396 -33.5157 -7.0392 53.1983 0 -4.6979
3 16 53.1983 0 -4.6979 55.5396 -33.5157 -7.0392 53.1983 -37.7873 -4.6979
3 16 56.3966 0 -10.2375 56.3966 -30.2488 -10.2375 55.5396 0 -7.0392
3 16 55.5396 0 -7.0392 56.3966 -30.2488 -10.2375 55.5396 -33.5157 -7.0392
3 16 55.5396 0 -13.4358 55.5396 -30.0337 -13.4358 56.3966 0 -10.2375
3 16 56.3966 0 -10.2375 55.5396 -30.0337 -13.4358 56.3966 -30.2488 -10.2375
3 16 55.5396 0 -13.4358 53.1983 0 -15.7771 55.5396 -30.0337 -13.4358
3 16 55.5396 -30.0337 -13.4358 53.1983 0 -15.7771 53.1983 -32.5665 -15.7771
3 16 53.1983 0 -15.7771 50 0 -16.6341 53.1983 -32.5665 -15.7771
3 16 53.1983 -32.5665 -15.7771 50 0 -16.6341 50 -36.4535 -16.6341
3 16 50 0 -16.6341 46.8017 0 -15.7771 50 -36.4535 -16.6341
3 16 50 -36.4535 -16.6341 46.8017 0 -15.7771 46.8017 -40.6776 -15.7771
3 16 45.7782 0 -17.5498 45.7782 -40.7119 -17.5498 42.6877 0 -14.4593
3 16 42.6877 0 -14.4593 45.7782 -40.7119 -17.5498 42.6877 -44.7907 -14.4593
3 16 42.6877 0 -14.4593 42.6877 -44.7907 -14.4593 41.5565 0 -10.2375
3 16 41.5565 0 -10.2375 42.6877 -44.7907 -14.4593 41.5565 -47.8693 -10.2375
3 16 42.6877 0 -6.0157 41.5565 0 -10.2375 42.6877 -47.4995 -6.0157
3 16 42.6877 -47.4995 -6.0157 41.5565 0 -10.2375 41.5565 -47.8693 -10.2375
3 16 45.7782 0 -2.9251 42.6877 0 -6.0157 45.7782 -46.205 -2.9251
3 16 45.7782 -46.205 -2.9251 42.6877 0 -6.0157 42.6877 -47.4995 -6.0157
3 16 50 0 -1.7939 45.7782 0 -2.9251 50 -42.4473 -1.7939
3 16 50 -42.4473 -1.7939 45.7782 0 -2.9251 45.7782 -46.205 -2.9251
3 16 54.2218 0 -2.9251 50 0 -1.7939 54.2218 -37.5812 -2.9251
3 16 54.2218 -37.5812 -2.9251 50 0 -1.7939 50 -42.4473 -1.7939
3 16 57.3123 0 -6.0157 54.2218 0 -2.9251 57.3123 -30.916 -6.0157
3 16 57.3123 -30.916 -6.0157 54.2218 0 -2.9251 54.2218 -37.5812 -2.9251
3 16 58.4436 0 -10.2375 57.3123 0 -6.0157 58.4436 -26.4239 -10.2375
3 16 58.4436 -26.4239 -10.2375 57.3123 0 -6.0157 57.3123 -30.916 -6.0157
3 16 57.3123 0 -14.4593 58.4436 0 -10.2375 57.3123 -25.882 -14.4593
3 16 57.3123 -25.882 -14.4593 58.4436 0 -10.2375 58.4436 -26.4239 -10.2375
3 16 57.3123 0 -14.4593 57.3123 -25.882 -14.4593 54.2218 0 -17.5499
3 16 54.2218 0 -17.5499 57.3123 -25.882 -14.4593 54.1936 -29.448 -17.6616
3 16 54.2218 0 -17.5499 54.1936 -29.448 -17.6616 50 0 -18.6811
3 16 50 0 -18.6811 54.1936 -29.448 -17.6616 50 -34.5983 -18.6811
3 16 50 0 -18.6811 50 -34.5983 -18.6811 45.7782 0 -17.5498
3 16 45.7782 0 -17.5498 50 -34.5983 -18.6811 45.7782 -40.7119 -17.5498
3 16 41.5565 0 -10.2375 42.6877 0 -6.0157 43.6034 0 -10.2375
3 16 43.6034 0 -10.2375 42.6877 0 -6.0157 44.4604 0 -7.0392
3 16 42.6877 0 -14.4593 41.5565 0 -10.2375 44.4604 0 -13.4358
3 16 44.4604 0 -13.4358 41.5565 0 -10.2375 43.6034 0 -10.2375
3 16 45.7782 0 -17.5498 42.6877 0 -14.4593 46.8017 0 -15.7771
3 16 46.8017 0 -15.7771 42.6877 0 -14.4593 44.4604 0 -13.4358
3 16 50 0 -18.6811 45.7782 0 -17.5498 50 0 -16.6341
3 16 50 0 -16.6341 45.7782 0 -17.5498 46.8017 0 -15.7771
3 16 54.2218 0 -17.5499 50 0 -18.6811 53.1983 0 -15.7771
3 16 53.1983 0 -15.7771 50 0 -18.6811 50 0 -16.6341
3 16 57.3123 0 -14.4593 54.2218 0 -17.5499 55.5396 0 -13.4358
3 16 55.5396 0 -13.4358 54.2218 0 -17.5499 53.1983 0 -15.7771
3 16 58.4436 0 -10.2375 57.3123 0 -14.4593 56.3966 0 -10.2375
3 16 56.3966 0 -10.2375 57.3123 0 -14.4593 55.5396 0 -13.4358
3 16 57.3123 0 -6.0157 58.4436 0 -10.2375 55.5396 0 -7.0392
3 16 55.5396 0 -7.0392 58.4436 0 -10.2375 56.3966 0 -10.2375
3 16 54.2218 0 -2.9251 57.3123 0 -6.0157 53.1983 0 -4.6979
3 16 53.1983 0 -4.6979 57.3123 0 -6.0157 55.5396 0 -7.0392
3 16 50 0 -1.7939 54.2218 0 -2.9251 50 0 -3.8409
3 16 50 0 -3.8409 54.2218 0 -2.9251 53.1983 0 -4.6979
3 16 45.7782 0 -2.9251 50 0 -1.7939 46.8017 0 -4.6979
3 16 46.8017 0 -4.6979 50 0 -1.7939 50 0 -3.8409
3 16 42.6877 0 -6.0157 45.7782 0 -2.9251 44.4604 0 -7.0392
3 16 44.4604 0 -7.0392 45.7782 0 -2.9251 46.8017 0 -4.6979
3 16 10 0 -3.8409 6.8017 0 -4.6979 10 0 -1.7939
3 16 10 0 -1.7939 6.8017 0 -4.6979 5.7782 0 -2.9251
3 16 13.1983 0 -4.6979 10 0 -3.8409 14.2218 0 -2.9251
3 16 14.2218 0 -2.9251 10 0 -3.8409 10 0 -1.7939
3 16 15.5396 0 -7.0392 13.1983 0 -4.6979 17.3123 0 -6.0157
3 16 17.3123 0 -6.0157 13.1983 0 -4.6979 14.2218 0 -2.9251
3 16 16.3966 0 -10.2375 15.5396 0 -7.0392 18.4436 0 -10.2375
3 16 18.4436 0 -10.2375 15.5396 0 -7.0392 17.3123 0 -6.0157
3 16 15.5396 0 -13.4358 16.3966 0 -10.2375 17.3123 0 -14.4593
3 16 17.3123 0 -14.4593 16.3966 0 -10.2375 18.4436 0 -10.2375
3 16 10 0 -3.8409 10 -59.1124 -3.8409 6.8017 0 -4.6979
3 16 6.8017 0 -4.6979 10 -59.1124 -3.8409 6.8017 -59.1873 -4.6979
3 16 13.1983 0 -4.6979 13.1983 -58.8891 -4.6979 10 0 -3.8409
3 16 10 0 -3.8409 13.1983 -58.8891 -4.6979 10 -59.1124 -3.8409
3 16 15.5396 0 -7.0392 15.5396 -58.3966 -7.0392 13.1983 0 -4.6979
3 16 13.1983 0 -4.6979 15.5396 -58.3966 -7.0392 13.1983 -58.8891 -4.6979
3 16 16.3966 0 -10.2375 16.3966 -57.7668 -10.2375 15.5396 0 -7.0392
3 16 15.5396 0 -7.0392 16.3966 -57.7668 -10.2375 15.5396 -58.3966 -7.0392
3 16 15.5396 0 -13.4358 15.5396 -57.3492 -13.4358 16.3966 0 -10.2375
3 16 16.3966 0 -10.2375 15.5396 -57.3492 -13.4358 16.3966 -57.7668 -10.2375
3 16 10 0 -1.7939 5.7782 0 -2.9251 10 -59.2895 -1.7939
3 16 10 -59.2895 -1.7939 5.7782 0 -2.9251 5.7782 -59.2841 -2.9251
3 16 14.2218 0 -2.9251 10 0 -1.7939 14.2218 -59.0991 -2.9251
3 16 14.2218 -59.0991 -2.9251 10 0 -1.7939 10 -59.2895 -1.7939
3 16 17.3123 0 -6.0157 14.2218 0 -2.9251 17.3123 -58.1392 -6.0157
3 16 17.3123 -58.1392 -6.0157 14.2218 0 -2.9251 14.2218 -59.0991 -2.9251
3 16 18.4436 0 -10.2375 17.3123 0 -6.0157 18.4436 -57.5133 -10.2375
3 16 18.4436 -57.5133 -10.2375 17.3123 0 -6.0157 17.3123 -58.1392 -6.0157
3 16 17.3123 0 -14.4593 18.4436 0 -10.2375 17.3123 -56.9048 -14.4593
3 16 17.3123 -56.9048 -14.4593 18.4436 0 -10.2375 18.4436 -57.5133 -10.2375
3 16 17.3123 0 -14.4593 17.3123 -56.9048 -14.4593 14.2218 0 -17.5498
3 16 14.2218 0 -17.5498 17.3123 -56.9048 -14.4593 14.2218 -56.9048 -17.5498
3 16 15.5396 0 -13.4358 17.3123 0 -14.4593 13.1983 0 -15.7771
3 16 13.1983 0 -15.7771 17.3123 0 -14.4593 14.2218 0 -17.5498
3 16 15.5396 0 -13.4358 13.1983 0 -15.7771 15.5396 -57.3492 -13.4358
3 16 15.5396 -57.3492 -13.4358 13.1983 0 -15.7771 13.1983 -57.3492 -15.7771
3 16 14.2218 -56.9048 -17.5498 17.3123 -56.9048 -14.4593 22.6877 -51.7349 -26.0157
3 16 22.6877 -51.7349 -26.0157 17.3123 -56.9048 -14.4593 25.7782 -51.7349 -22.9252
3 16 30 -50.18 -21.794 25.7782 -51.7349 -22.9252 29.9991 -51.1131 -18.6811
3 16 29.9991 -51.1131 -18.6811 25.7782 -51.7349 -22.9252 25.7773 -53.5564 -17.5499
3 16 22.6868 -55.4572 -14.4593 17.3123 -56.9048 -14.4593 21.5555 -57.171 -10.2375
3 16 21.5555 -57.171 -10.2375 17.3123 -56.9048 -14.4593 18.4436 -57.5133 -10.2375
3 16 25.7782 -51.7349 -22.9252 17.3123 -56.9048 -14.4593 25.7773 -53.5564 -17.5499
3 16 25.7773 -53.5564 -17.5499 17.3123 -56.9048 -14.4593 22.6868 -55.4572 -14.4593
3 16 41.5565 -47.8693 -10.2375 38.4426 -49.6501 -10.2375 42.6877 -47.4995 -6.0157
3 16 42.6877 -47.4995 -6.0157 38.4426 -49.6501 -10.2375 37.3114 -50.7319 -6.0157
3 16 38.4426 -49.6501 -10.2375 41.5565 -47.8693 -10.2375 37.3114 -48.5018 -14.4593
3 16 37.3114 -48.5018 -14.4593 41.5565 -47.8693 -10.2375 42.6877 -44.7907 -14.4593
3 16 34.2218 -47.2795 -22.9252 30 -50.18 -21.794 34.2209 -49.45 -17.5499
3 16 34.2209 -49.45 -17.5499 30 -50.18 -21.794 29.9991 -51.1131 -18.6811
3 16 34.2218 -47.2795 -22.9252 42.6877 -44.7907 -14.4593 37.3123 -43.7873 -26.0157
3 16 37.3123 -43.7873 -26.0157 42.6877 -44.7907 -14.4593 45.7782 -40.7119 -17.5498
3 16 42.6877 -44.7907 -14.4593 34.2218 -47.2795 -22.9252 37.3114 -48.5018 -14.4593
3 16 37.3114 -48.5018 -14.4593 34.2218 -47.2795 -22.9252 34.2209 -49.45 -17.5499
3 16 21.5555 -57.171 -10.2375 18.4436 -57.5133 -10.2375 22.6868 -56.9577 -6.0157
3 16 22.6868 -56.9577 -6.0157 18.4436 -57.5133 -10.2375 17.3123 -58.1392 -6.0157
3 16 29.9991 -55.0678 -3.8409 33.1974 -53.7613 -4.6979 30.0204 -54.1036 -9.9935
3 16 26.8008 -54.5807 -15.7772 30.0204 -54.1036 -9.9935 29.9991 -53.3945 -16.6342
3 16 30.0204 -54.1036 -9.9935 33.1974 -52.1455 -15.7772 29.9991 -53.3945 -16.6342
3 16 30.0204 -54.1036 -9.9935 35.5387 -51.2991 -13.4358 33.1974 -52.1455 -15.7772
3 16 30.0204 -54.1036 -9.9935 36.3957 -51.4542 -10.2375 35.5387 -51.2991 -13.4358
3 16 30.0204 -54.1036 -9.9935 35.5387 -52.4175 -7.0392 36.3957 -51.4542 -10.2375
3 16 30.0204 -54.1036 -9.9935 33.1974 -53.7613 -4.6979 35.5387 -52.4175 -7.0392
3 16 26.8008 -56.2489 -4.6979 29.9991 -55.0678 -3.8409 30.0204 -54.1036 -9.9935
3 16 24.4594 -56.746 -7.0392 26.8008 -56.2489 -4.6979 30.0204 -54.1036 -9.9935
3 16 23.6024 -56.5871 -10.2375 24.4594 -56.746 -7.0392 30.0204 -54.1036 -9.9935
3 16 24.4594 -55.6076 -13.4358 23.6024 -56.5871 -10.2375 30.0204 -54.1036 -9.9935
3 16 26.8008 -54.5807 -15.7772 24.4594 -55.6076 -13.4358 30.0204 -54.1036 -9.9935
3 16 50 -41.3979 -3.8409 53.1983 -37.7873 -4.6979 50.0291 -39.4881 -9.9934
3 16 46.8017 -40.6776 -15.7771 50.0291 -39.4881 -9.9934 50 -36.4535 -16.6341
3 16 50.0291 -39.4881 -9.9934 53.1983 -32.5665 -15.7771 50 -36.4535 -16.6341
3 16 50.0291 -39.4881 -9.9934 55.5396 -30.0337 -13.4358 53.1983 -32.5665 -15.7771
3 16 50.0291 -39.4881 -9.9934 56.3966 -30.2488 -10.2375 55.5396 -30.0337 -13.4358
3 16 50.0291 -39.4881 -9.9934 55.5396 -33.5157 -7.0392 56.3966 -30.2488 -10.2375
3 16 50.0291 -39.4881 -9.9934 53.1983 -37.7873 -4.6979 55.5396 -33.5157 -7.0392
3 16 46.8017 -44.3286 -4.6979 50 -41.3979 -3.8409 50.0291 -39.4881 -9.9934
3 16 44.4604 -45.7653 -7.0392 46.8017 -44.3286 -4.6979 50.0291 -39.4881 -9.9934
3 16 43.6034 -45.4862 -10.2375 44.4604 -45.7653 -7.0392 50.0291 -39.4881 -9.9934
3 16 44.4604 -43.6014 -13.4358 43.6034 -45.4862 -10.2375 50.0291 -39.4881 -9.9934
3 16 46.8017 -40.6776 -15.7771 44.4604 -43.6014 -13.4358 50.0291 -39.4881 -9.9934
3 16 14.2218 -59.0991 -2.9251 25.7773 -56.45 -2.9252 17.3123 -58.1392 -6.0157
3 16 17.3123 -58.1392 -6.0157 25.7773 -56.45 -2.9252 22.6868 -56.9577 -6.0157
3 16 14.2218 -59.0991 -2.9251 10 -59.2895 -1.7939 15.0076 -58.5745 6.4759
3 16 10 -59.2895 -1.7939 5.7782 -59.2841 -2.9251 15.0076 -58.5745 6.4759
3 16 15.0076 -58.5745 6.4759 5.7782 -59.2841 -2.9251 -6.8116 -59.1869 6.525
3 16 34.2209 -52.968 -2.9252 34.8812 -52.8475 6.4759 45.7782 -46.205 -2.9251
3 16 58.4436 -26.4239 -10.2375 60.9286 -20.1651 -9.9428 57.3123 -25.882 -14.4593
3 16 57.3123 -25.882 -14.4593 60.9286 -20.1651 -9.9428 59.7959 -19.1731 -14.6169
3 16 54.1176 -24.8849 -23.0472 49.8959 -31.6234 -21.916 54.1936 -29.448 -17.6616
3 16 54.1936 -29.448 -17.6616 49.8959 -31.6234 -21.916 50 -34.5983 -18.6811
3 16 37.3123 -43.7873 -26.0157 42.5835 -38.9469 -26.1377 38.4436 -40.639 -30.2375
3 16 38.4436 -40.639 -30.2375 42.5835 -38.9469 -26.1377 41.4523 -37.4272 -30.3595
3 16 37.3123 -43.7873 -26.0157 45.7782 -40.7119 -17.5498 42.5835 -38.9469 -26.1377
3 16 42.5835 -38.9469 -26.1377 45.7782 -40.7119 -17.5498 45.6741 -37.4272 -23.0472
3 16 45.7782 -40.7119 -17.5498 50 -34.5983 -18.6811 45.6741 -37.4272 -23.0472
3 16 45.6741 -37.4272 -23.0472 50 -34.5983 -18.6811 49.8959 -31.6234 -21.916
3 16 38.4436 -40.639 -30.2375 41.4523 -37.4272 -30.3595 37.3123 -38.783 -34.4593
3 16 37.3123 -38.783 -34.4593 41.4523 -37.4272 -30.3595 42.5835 -31.6234 -34.5813
3 16 60.9286 -20.1651 -9.9428 58.4436 -26.4239 -10.2375 61.5267 -23.5429 -1.8634
3 16 61.5267 -23.5429 -1.8634 58.4436 -26.4239 -10.2375 57.3123 -30.916 -6.0157
3 16 61.5267 -23.5429 -1.8634 57.3123 -30.916 -6.0157 54.5259 -36.686 6.4759
3 16 54.5259 -36.686 6.4759 57.3123 -30.916 -6.0157 54.2218 -37.5812 -2.9251
3 16 54.5259 -36.686 6.4759 54.2218 -37.5812 -2.9251 50 -42.4473 -1.7939
3 16 50 -42.4473 -1.7939 45.7782 -46.205 -2.9251 54.5259 -36.686 6.4759
3 16 54.5259 -36.686 6.4759 45.7782 -46.205 -2.9251 34.8812 -52.8475 6.4759
3 16 15.0076 -58.5745 6.4759 34.8812 -52.8475 6.4759 25.7773 -56.45 -2.9252
3 16 25.7773 -56.45 -2.9252 34.8812 -52.8475 6.4759 29.9991 -55.2893 -1.794
3 16 34.8812 -52.8475 6.4759 34.2209 -52.968 -2.9252 29.9991 -55.2893 -1.794
3 16 34.2209 -52.968 -2.9252 45.7782 -46.205 -2.9251 37.3114 -50.7319 -6.0157
3 16 37.3114 -50.7319 -6.0157 45.7782 -46.205 -2.9251 42.6877 -47.4995 -6.0157
3 16 14.2218 -59.0991 -2.9251 15.0076 -58.5745 6.4759 25.7773 -56.45 -2.9252
3 16 43.6998 -7.9618 -43.9558 42.0771 -20.6683 -41.893 48.8747 -7.8724 -38.5295
3 16 48.8747 -7.8724 -38.5295 42.0771 -20.6683 -41.893 45.6741 -21.5989 -37.6719
3 16 42.0771 -20.6683 -41.893 38.9866 -30.6928 -38.8025 45.6741 -21.5989 -37.6719
3 16 45.6741 -21.5989 -37.6719 38.9866 -30.6928 -38.8025 42.5835 -31.6234 -34.5813
3 16 54.5259 -36.686 6.4759 65.5147 -12.0793 6.5373 61.5267 -23.5429 -1.8634
3 16 61.5267 -23.5429 -1.8634 65.5147 -12.0793 6.5373 64.7586 -11.5304 -1.0294
3 16 62.8435 -10.4765 -9.9346 60.9286 -20.1651 -9.9428 64.7586 -11.5304 -1.0294
3 16 64.7586 -11.5304 -1.0294 60.9286 -20.1651 -9.9428 61.5267 -23.5429 -1.8634
3 16 60.9286 -20.1651 -9.9428 62.8435 -10.4765 -9.9346 59.7959 -19.1731 -14.6169
3 16 59.7959 -19.1731 -14.6169 62.8435 -10.4765 -9.9346 61.4571 -10.9739 -15.5319
3 16 59.0906 -10.9401 -20.1217 57.988 -18.3531 -19.1299 61.4571 -10.9739 -15.5319
3 16 61.4571 -10.9739 -15.5319 57.988 -18.3531 -19.1299 59.7959 -19.1731 -14.6169
3 16 57.4357 -10.9844 -24.8851 56.7694 -19.2013 -21.9234 59.0906 -10.9401 -20.1217
3 16 59.0906 -10.9401 -20.1217 56.7694 -19.2013 -21.9234 57.988 -18.3531 -19.1299
3 16 59.7959 -19.1731 -14.6169 57.988 -18.3531 -19.1299 57.3123 -25.882 -14.4593
3 16 57.3123 -25.882 -14.4593 57.988 -18.3531 -19.1299 54.1936 -29.448 -17.6616
3 16 56.7694 -19.2013 -21.9234 54.1176 -24.8849 -23.0472 57.988 -18.3531 -19.1299
3 16 57.988 -18.3531 -19.1299 54.1176 -24.8849 -23.0472 54.1936 -29.448 -17.6616
3 16 34.2218 -31.6234 -42.6877 34.2218 -38.783 -37.5498 38.9866 -30.6928 -38.8025
3 16 38.9866 -30.6928 -38.8025 34.2218 -38.783 -37.5498 37.3123 -38.783 -34.4593
3 16 35.5397 -40.4284 -33.4358 30.0144 -45.4132 -30.2519 36.3966 -41.8082 -30.2375
3 16 15.5396 -57.3492 -13.4358 10.0105 -58.4486 -10.248 16.3966 -57.7668 -10.2375
3 16 54.1176 -24.8849 -23.0472 56.7694 -19.2013 -21.9234 56.9487 -10.8766 -25.8782
3 16 56.9487 -10.8766 -25.8782 56.7694 -19.2013 -21.9234 57.4357 -10.9844 -24.8851
3 16 4.4371 -63.9929 -4.4376 -10 -64 10 1.592 -63.9835 -6.6644
3 16 -5.9332 -63.9998 -9.4262 -1.9159 -63.9964 -8.3665 -10 -64 10
3 16 -10 -64 10 -1.9159 -63.9964 -8.3665 1.592 -63.9835 -6.6644
3 16 6.6373 -63.98 -1.7723 8.5175 -63.986 1.7143 -10 -64 10
3 16 -10 -64 10 8.5175 -63.986 1.7143 9.6233 -63.9937 5.7689
3 16 4.4371 -63.9929 -4.4376 6.6373 -63.98 -1.7723 -10 -64 10
3 16 -10 -64 10 9.6233 -63.9937 5.7689 9.8491 -64 10
3 16 23.6034 -49.0362 -30.2375 24.4604 -50.302 -27.0392 30.0144 -45.4132 -30.2519
3 16 30.0144 -45.4132 -30.2519 24.4604 -50.302 -27.0392 26.8017 -50.302 -24.6979
3 16 30.0144 -45.4132 -30.2519 26.8017 -50.302 -24.6979 30 -49.0362 -23.8409
3 16 30.0144 -45.4132 -30.2519 30 -49.0362 -23.8409 33.1983 -46.8126 -24.6979
3 16 30.0144 -45.4132 -30.2519 33.1983 -46.8126 -24.6979 35.5397 -44.167 -27.0392
3 16 30.0144 -45.4132 -30.2519 35.5397 -44.167 -27.0392 36.3966 -41.8082 -30.2375
3 16 33.1983 -40.4284 -35.7771 30.0144 -45.4132 -30.2519 35.5397 -40.4284 -33.4358
3 16 30 -41.8082 -36.6341 30.0144 -45.4132 -30.2519 33.1983 -40.4284 -35.7771
3 16 26.8017 -44.167 -35.7771 30.0144 -45.4132 -30.2519 30 -41.8082 -36.6341
3 16 24.4604 -46.8126 -33.4358 30.0144 -45.4132 -30.2519 26.8017 -44.167 -35.7771
3 16 23.6034 -49.0362 -30.2375 30.0144 -45.4132 -30.2519 24.4604 -46.8126 -33.4358
3 16 3.6034 -59.1124 -10.2375 4.4604 -59.1873 -7.0392 10.0105 -58.4486 -10.248
3 16 10.0105 -58.4486 -10.248 4.4604 -59.1873 -7.0392 6.8017 -59.1873 -4.6979
3 16 10.0105 -58.4486 -10.248 6.8017 -59.1873 -4.6979 10 -59.1124 -3.8409
3 16 10.0105 -58.4486 -10.248 10 -59.1124 -3.8409 13.1983 -58.8891 -4.6979
3 16 10.0105 -58.4486 -10.248 13.1983 -58.8891 -4.6979 15.5396 -58.3966 -7.0392
3 16 10.0105 -58.4486 -10.248 15.5396 -58.3966 -7.0392 16.3966 -57.7668 -10.2375
3 16 13.1983 -57.3492 -15.7771 10.0105 -58.4486 -10.248 15.5396 -57.3492 -13.4358
3 16 10 -57.7668 -16.6341 10.0105 -58.4486 -10.248 13.1983 -57.3492 -15.7771
3 16 6.8017 -58.3966 -15.7771 10.0105 -58.4486 -10.248 10 -57.7668 -16.6341
3 16 4.4604 -58.8891 -13.4358 10.0105 -58.4486 -10.248 6.8017 -58.3966 -15.7771
3 16 3.6034 -59.1124 -10.2375 10.0105 -58.4486 -10.248 4.4604 -58.8891 -13.4358
3 16 65.5147 -12.0793 6.5373 54.5259 -36.686 6.4759 -6.8116 -6.9532 6.525
3 16 34.8812 -52.8475 6.4759 -6.8116 -6.9532 6.525 54.5259 -36.686 6.4759
3 16 15.0076 -58.5745 6.4759 -6.8116 -6.9532 6.525 34.8812 -52.8475 6.4759
3 16 -6.8116 -58.5745 -15.0076 -6.8116 -6.9532 6.525 -6.8116 -59.1869 6.525
3 16 -6.8116 -6.9532 6.525 15.0076 -58.5745 6.4759 -6.8116 -59.1869 6.525
3 16 -6.8116 -58.5745 -15.0076 -6.8116 -52.9023 -34.8812 -6.8116 -6.9532 6.525
3 16 -6.8116 -52.9023 -34.8812 -6.8116 -36.7408 -54.5259 -6.8116 -6.9532 6.525
3 16 -6.8116 -12.0793 -65.5178 -6.8116 -6.9532 6.525 -6.8116 -36.7408 -54.5259
3 16 -6.8116 -12.0793 -65.5178 -6.8116 0 -66.1512 -6.8116 -6.9532 6.525
3 16 -6.8116 -6.9532 6.525 -6.8116 0 -66.1512 -6.8116 0 6.525
3 16 -6.8116 0 6.525 -6.8116 0 -66.1512 -10 0 10
3 16 -10 0 10 -6.8116 0 -66.1512 -10 0 -69.9956
3 16 57.39 -0.5102 -26.7265 57.2082 0 -26.1377 57.1832 -1.6464 -26.2779
3 16 57.2082 0 -26.1377 54.1176 0 -23.0472 57.1832 -1.6464 -26.2779
3 16 26.4076 -0.5286 -57.5081 26.0333 -1.787 -57.3184 25.7782 0 -57.3123
3 16 26.0333 -1.787 -57.3184 22.6877 0 -54.2218 25.7782 0 -57.3123
3 16 57.1832 -1.6464 -26.2779 54.1176 0 -23.0472 57.2082 -3.6183 -26.1377
3 16 19.7576 -9.857 -59.0937 15.1724 -10.9739 -61.5613 19.089 -18.4097 -57.9897
3 16 19.089 -18.4097 -57.9897 15.1724 -10.9739 -61.5613 14.6169 -19.1731 -59.7959
3 16 19.7576 -9.857 -59.0937 19.089 -18.4097 -57.9897 23.5407 -10.0283 -57.6182
3 16 23.5407 -10.0283 -57.6182 19.089 -18.4097 -57.9897 21.9234 -19.2013 -56.7694
3 16 23.5407 -10.0283 -57.6182 21.9234 -19.2013 -56.7694 25.5187 -10.8766 -57.0528
3 16 25.5187 -10.8766 -57.0528 21.9234 -19.2013 -56.7694 22.6876 -24.8849 -54.2218
3 16 31.3338 -6.0228 -58.127 36.395 -6.8863 -54.7529 26.6091 -10.6057 -60.669
3 16 26.6091 -10.6057 -60.669 36.395 -6.8863 -54.7529 34.6985 -17.617 -54.2589
3 16 26.8877 -4.7779 -60.9709 27.3236 -3.6228 -60.7457 31.3338 -6.0228 -58.127
3 16 27.3236 -3.6228 -60.7457 27.3074 -1.6859 -60.7618 31.3338 -6.0228 -58.127
3 16 28.7587 0 -59.983 31.3338 -6.0228 -58.127 27.7047 -0.4847 -60.5387
3 16 31.3338 -6.0228 -58.127 27.3074 -1.6859 -60.7618 27.7047 -0.4847 -60.5387
3 16 28.7587 0 -59.983 32.4689 0 -57.5115 31.3338 -6.0228 -58.127
3 16 27.8624 0 -57.9411 28.3002 0 -55.9412 28.7587 0 -59.983
3 16 28.7587 0 -59.983 28.3002 0 -55.9412 32.4689 0 -57.5115
3 16 9.3349 -5.9336 -67.2056 8.773 0 -67.7164 13.7805 0 -66.3308
3 16 15.3196 -1.6391 -65.8815 9.3349 -5.9336 -67.2056 14.8905 -0.4946 -65.9974
3 16 14.8905 -0.4946 -65.9974 9.3349 -5.9336 -67.2056 13.7805 0 -66.3308
3 16 9.3349 -5.9336 -67.2056 15.3196 -1.6391 -65.8815 15.3322 -3.6153 -65.8712
3 16 9.3349 -5.9336 -67.2056 15.3322 -3.6153 -65.8712 15.7909 -4.821 -65.7116
3 16 16.9376 -5.2692 -65.3067 16.261 -10.6467 -65.1087 15.7909 -4.821 -65.7116
3 16 15.7909 -4.821 -65.7116 16.261 -10.6467 -65.1087 9.3349 -5.9336 -67.2056
3 16 0 -68.45 0 -5.4144 -68.45 -3.126 -3.126 -68.45 -5.4144
3 16 -3.126 -68.45 -5.4144 0 -68.45 -6.252 0 -68.45 0
3 16 0 -68.45 -6.252 3.126 -68.45 -5.4144 0 -68.45 0
3 16 3.126 -68.45 -5.4144 5.4144 -68.45 -3.126 0 -68.45 0
3 16 5.4144 -68.45 -3.126 6.252 -68.45 0 0 -68.45 0
3 16 6.252 -68.45 0 5.4144 -68.45 3.126 0 -68.45 0
3 16 5.4144 -68.45 3.126 3.126 -68.45 5.4144 0 -68.45 0
3 16 3.126 -68.45 5.4144 0 -68.45 6.252 0 -68.45 0
3 16 0 -68.45 6.252 -3.126 -68.45 5.4144 0 -68.45 0
3 16 -3.126 -68.45 5.4144 -5.4144 -68.45 3.126 0 -68.45 0
3 16 -5.4144 -68.45 3.126 -6.252 -68.45 0 0 -68.45 0
3 16 -6.252 -68.45 0 -5.4144 -68.45 -3.126 0 -68.45 0
3 16 -5.4144 -64 -3.126 -3.126 -64 -5.4144 -5.4144 -68.45 -3.126
3 16 -5.4144 -68.45 -3.126 -3.126 -64 -5.4144 -3.126 -68.45 -5.4144
3 16 -3.126 -64 -5.4144 0 -64 -6.252 -3.126 -68.45 -5.4144
3 16 -3.126 -68.45 -5.4144 0 -64 -6.252 0 -68.45 -6.252
3 16 0 -64 -6.252 3.126 -64 -5.4144 0 -68.45 -6.252
3 16 0 -68.45 -6.252 3.126 -64 -5.4144 3.126 -68.45 -5.4144
3 16 3.126 -64 -5.4144 5.4144 -64 -3.126 3.126 -68.45 -5.4144
3 16 3.126 -68.45 -5.4144 5.4144 -64 -3.126 5.4144 -68.45 -3.126
3 16 5.4144 -64 -3.126 6.252 -64 0 5.4144 -68.45 -3.126
3 16 5.4144 -68.45 -3.126 6.252 -64 0 6.252 -68.45 0
3 16 6.252 -64 0 5.4144 -64 3.126 6.252 -68.45 0
3 16 6.252 -68.45 0 5.4144 -64 3.126 5.4144 -68.45 3.126
3 16 5.4144 -64 3.126 3.126 -64 5.4144 5.4144 -68.45 3.126
3 16 5.4144 -68.45 3.126 3.126 -64 5.4144 3.126 -68.45 5.4144
3 16 3.126 -64 5.4144 0 -64 6.252 3.126 -68.45 5.4144
3 16 3.126 -68.45 5.4144 0 -64 6.252 0 -68.45 6.252
3 16 0 -64 6.252 -3.126 -64 5.4144 0 -68.45 6.252
3 16 0 -68.45 6.252 -3.126 -64 5.4144 -3.126 -68.45 5.4144
3 16 -3.126 -64 5.4144 -5.4144 -64 3.126 -3.126 -68.45 5.4144
3 16 -3.126 -68.45 5.4144 -5.4144 -64 3.126 -5.4144 -68.45 3.126
3 16 -5.4144 -64 3.126 -6.252 -64 0 -5.4144 -68.45 3.126
3 16 -5.4144 -68.45 3.126 -6.252 -64 0 -6.252 -68.45 0
3 16 -6.252 -64 0 -5.4144 -64 -3.126 -6.252 -68.45 0
3 16 -6.252 -68.45 0 -5.4144 -64 -3.126 -5.4144 -68.45 -3.126
2 24 38.0318 -12.2939 -10.2375 37.9694 -12.2939 -9.3625
2 24 37.9694 -12.2939 -9.3625 42.0627 -12.2939 -9.3625
2 24 41.9795 -12.2939 -10.2375 42.0627 -12.2939 -9.3625
2 24 42.0627 -12.2939 -9.3625 37.9694 -12.2939 -9.3625
2 24 42.0627 -12.2939 -9.3625 42.0627 -47.9343 -9.3625
2 24 37.9694 -12.2939 -9.3625 37.9694 -50.2174 -9.3625
2 24 42.0627 -47.9343 -9.3625 37.9694 -50.2174 -9.3625
2 24 42.0627 -12.2939 -11.1125 42.0627 -47.0634 -11.1125
2 24 42.0627 -12.2939 -11.1125 37.9694 -12.2939 -11.1125
2 24 42.0627 -47.0634 -11.1125 37.9694 -50.2174 -11.1125
2 24 37.9694 -12.2939 -11.1125 37.9694 -50.2174 -11.1125
2 24 38.0318 -12.2939 -10.2375 37.9694 -12.2939 -11.1125
2 24 41.9795 -12.2939 -10.2375 42.0627 -12.2939 -11.1125
2 24 37.9694 -12.2939 -11.1125 42.0627 -12.2939 -11.1125
2 24 22.0003 -12.2939 -10.2375 22.0627 -12.2939 -11.1125
2 24 22.0627 -12.2939 -11.1125 17.9694 -12.2939 -11.1125
2 24 18.0526 -12.2939 -10.2375 17.9694 -12.2939 -11.1125
2 24 22.0627 -12.2939 -11.1125 22.0627 -56.961 -11.1125
2 24 22.0627 -12.2939 -11.1125 17.9694 -12.2939 -11.1125
2 24 22.0627 -56.961 -11.1125 17.9694 -57.8763 -11.1125
2 24 17.9694 -12.2939 -11.1125 17.9694 -57.8763 -11.1125
2 24 22.0627 -12.2939 -9.3625 17.9694 -12.2939 -9.3625
2 24 22.0627 -12.2939 -9.3625 22.0627 -56.9611 -9.3625
2 24 17.9694 -12.2939 -9.3625 17.9694 -57.8764 -9.3625
2 24 22.0627 -56.9611 -9.3625 17.9694 -57.8764 -9.3625
2 24 22.0003 -12.2939 -10.2375 22.0627 -12.2939 -9.3625
2 24 18.0526 -12.2939 -10.2375 17.9694 -12.2939 -9.3625
2 24 22.0627 -12.2939 -9.3625 17.9694 -12.2939 -9.3625
2 24 22.0003 -12.2939 -30.2375 22.0627 -12.2939 -31.1125
2 24 22.0627 -12.2939 -31.1125 17.9694 -12.2939 -31.1125
2 24 18.0526 -12.2939 -30.2375 17.9694 -12.2939 -31.1125
2 24 22.0627 -12.2939 -31.1125 22.0627 -49.7833 -31.1125
2 24 22.0627 -12.2939 -31.1125 17.9694 -12.2939 -31.1125
2 24 22.0627 -49.7833 -31.1125 17.9694 -51.1121 -31.1125
2 24 17.9694 -12.2939 -31.1125 17.9694 -51.1121 -31.1125
2 24 22.0627 -12.2939 -29.3625 17.9694 -12.2939 -29.3625
2 24 22.0627 -12.2939 -29.3625 22.0627 -50.5934 -29.3625
2 24 17.9694 -12.2939 -29.3625 17.9694 -52.2201 -29.3625
2 24 22.0627 -50.5934 -29.3625 17.9694 -52.2201 -29.3625
2 24 22.0003 -12.2939 -30.2375 22.0627 -12.2939 -29.3625
2 24 18.0526 -12.2939 -30.2375 17.9694 -12.2939 -29.3625
2 24 22.0627 -12.2939 -29.3625 17.9694 -12.2939 -29.3625
2 24 38.0318 -12.2939 -30.4314 37.9694 -12.2939 -29.5564
2 24 37.9694 -12.2939 -29.5564 42.0627 -12.2939 -29.5564
2 24 41.9795 -12.2939 -30.4314 42.0627 -12.2939 -29.5564
2 24 42.0627 -12.2939 -29.5564 37.9694 -12.2939 -29.5564
2 24 42.0627 -12.2939 -29.5564 42.0627 -37.5676 -29.5564
2 24 37.9694 -12.2939 -29.5564 37.9694 -41.8154 -29.5564
2 24 42.0627 -37.5676 -29.5564 37.9694 -41.8154 -29.5564
2 24 42.0627 -12.2939 -31.3064 42.0627 -36.2304 -31.3064
2 24 42.0627 -12.2939 -31.3064 37.9694 -12.2939 -31.3064
2 24 42.0627 -36.2304 -31.3064 37.9694 -40.5822 -31.3064
2 24 37.9694 -12.2939 -31.3064 37.9694 -40.5822 -31.3064
2 24 38.0318 -12.2939 -30.4314 37.9694 -12.2939 -31.3064
2 24 41.9795 -12.2939 -30.4314 42.0627 -12.2939 -31.3064
2 24 37.9694 -12.2939 -31.3064 42.0627 -12.2939 -31.3064
2 24 22.0003 -12.2939 -50.2375 22.0627 -12.2939 -51.1125
2 24 22.0627 -12.2939 -51.1125 17.9694 -12.2939 -51.1125
2 24 18.0526 -12.2939 -50.2375 17.9694 -12.2939 -51.1125
2 24 22.0627 -12.2939 -51.1125 22.0627 -30.2171 -51.1125
2 24 22.0627 -12.2939 -51.1125 17.9694 -12.2939 -51.1125
2 24 22.0627 -30.2171 -51.1125 17.9694 -34.1367 -51.1125
2 24 17.9694 -12.2939 -51.1125 17.9694 -34.1367 -51.1125
2 24 22.0627 -12.2939 -49.3625 17.9694 -12.2939 -49.3625
2 24 22.0627 -12.2939 -49.3625 22.0627 -34.3066 -49.3625
2 24 17.9694 -12.2939 -49.3625 17.9694 -36.9484 -49.3625
2 24 22.0627 -34.3066 -49.3625 17.9694 -36.9484 -49.3625
2 24 22.0003 -12.2939 -50.2375 22.0627 -12.2939 -49.3625
2 24 18.0526 -12.2939 -50.2375 17.9694 -12.2939 -49.3625
2 24 22.0627 -12.2939 -49.3625 17.9694 -12.2939 -49.3625
2 24 10 -12.2939 -38.2599 10.875 -12.2939 -38.1975
2 24 10.875 -12.2939 -38.1975 10.875 -12.2939 -42.2908
2 24 10 -12.2939 -42.2076 10.875 -12.2939 -42.2908
2 24 10.875 -12.2939 -42.2908 10.875 -12.2939 -38.1975
2 24 10.875 -12.2939 -42.2908 10.875 -47.0634 -42.2908
2 24 10.875 -12.2939 -38.1975 10.875 -50.2174 -38.1975
2 24 10.875 -47.0634 -42.2908 10.875 -50.2174 -38.1975
2 24 9.125 -12.2939 -42.2908 9.125 -47.8756 -42.2908
2 24 9.125 -12.2939 -42.2908 9.125 -12.2939 -38.1975
2 24 9.125 -47.8756 -42.2908 9.125 -50.2174 -38.1975
2 24 9.125 -12.2939 -38.1975 9.125 -50.2174 -38.1975
2 24 10 -12.2939 -38.2599 9.125 -12.2939 -38.1975
2 24 10 -12.2939 -42.2076 9.125 -12.2939 -42.2908
2 24 9.125 -12.2939 -38.1975 9.125 -12.2939 -42.2908
2 24 10 -12.2939 -18.2657 10.875 -12.2939 -18.2034
2 24 10.875 -12.2939 -18.2034 10.875 -12.2939 -22.2967
2 24 10 -12.2939 -22.2135 10.875 -12.2939 -22.2967
2 24 10.875 -12.2939 -22.2967 10.875 -12.2939 -18.2034
2 24 10.875 -12.2939 -22.2967 10.875 -57.127 -22.2967
2 24 10.875 -12.2939 -18.2034 10.875 -58.1064 -18.2034
2 24 10.875 -57.127 -22.2967 10.875 -58.1064 -18.2034
2 24 9.125 -12.2939 -22.2967 9.125 -57.127 -22.2967
2 24 9.125 -12.2939 -22.2967 9.125 -12.2939 -18.2034
2 24 9.125 -57.127 -22.2967 9.125 -58.1064 -18.2034
2 24 9.125 -12.2939 -18.2034 9.125 -58.1064 -18.2034
2 24 10 -12.2939 -18.2657 9.125 -12.2939 -18.2034
2 24 10 -12.2939 -22.2135 9.125 -12.2939 -22.2967
2 24 9.125 -12.2939 -18.2034 9.125 -12.2939 -22.2967
2 24 30 -12.2939 -18.2657 30.875 -12.2939 -18.2034
2 24 30.875 -12.2939 -18.2034 30.875 -12.2939 -22.2967
2 24 30 -12.2939 -22.2135 30.875 -12.2939 -22.2967
2 24 30.875 -12.2939 -22.2967 30.875 -12.2939 -18.2034
2 24 30.875 -12.2939 -22.2967 30.875 -49.6325 -22.2967
2 24 30.875 -12.2939 -18.2034 30.875 -51.1438 -18.2034
2 24 30.875 -49.6325 -22.2967 30.875 -51.1438 -18.2034
2 24 29.125 -12.2939 -22.2967 29.125 -50.7471 -22.2967
2 24 29.125 -12.2939 -22.2967 29.125 -12.2939 -18.2034
2 24 29.125 -50.7471 -22.2967 29.125 -52.2584 -18.2034
2 24 29.125 -12.2939 -18.2034 29.125 -52.2584 -18.2034
2 24 30 -12.2939 -18.2657 29.125 -12.2939 -18.2034
2 24 30 -12.2939 -22.2135 29.125 -12.2939 -22.2967
2 24 29.125 -12.2939 -18.2034 29.125 -12.2939 -22.2967
2 24 30 -12.2939 -38.2599 30.875 -12.2939 -38.1975
2 24 30.875 -12.2939 -38.1975 30.875 -12.2939 -42.2908
2 24 30 -12.2939 -42.2076 30.875 -12.2939 -42.2908
2 24 30.875 -12.2939 -42.2908 30.875 -12.2939 -38.1975
2 24 30.875 -12.2939 -42.2908 30.875 -36.6074 -42.2908
2 24 30.875 -12.2939 -38.1975 30.875 -40.9991 -38.1975
2 24 30.875 -36.6074 -42.2908 30.875 -40.9991 -38.1975
2 24 29.125 -12.2939 -42.2908 29.125 -37.8556 -42.2908
2 24 29.125 -12.2939 -42.2908 29.125 -12.2939 -38.1975
2 24 29.125 -37.8556 -42.2908 29.125 -41.9062 -38.1975
2 24 29.125 -12.2939 -38.1975 29.125 -41.9062 -38.1975
2 24 30 -12.2939 -38.2599 29.125 -12.2939 -38.1975
2 24 30 -12.2939 -42.2076 29.125 -12.2939 -42.2908
2 24 29.125 -12.2939 -38.1975 29.125 -12.2939 -42.2908
2 24 50 -12.2939 -18.2657 50.875 -12.2939 -18.2034
2 24 50.875 -12.2939 -18.2034 50.875 -12.2939 -22.2967
2 24 50 -12.2939 -22.2135 50.875 -12.2939 -22.2967
2 24 50.875 -12.2939 -22.2967 50.875 -12.2939 -18.2034
2 24 50.875 -12.2939 -22.2967 50.875 -31.8969 -22.2967
2 24 50.875 -12.2939 -18.2034 50.875 -35.0509 -18.2034
2 24 50.875 -31.8969 -22.2967 50.875 -35.0509 -18.2034
2 24 49.125 -12.2939 -22.2967 49.125 -34.1503 -22.2967
2 24 49.125 -12.2939 -22.2967 49.125 -12.2939 -18.2034
2 24 49.125 -34.1503 -22.2967 49.125 -37.3043 -18.2034
2 24 49.125 -12.2939 -18.2034 49.125 -37.3043 -18.2034
2 24 50 -12.2939 -18.2657 49.125 -12.2939 -18.2034
2 24 50 -12.2939 -22.2135 49.125 -12.2939 -22.2967
2 24 49.125 -12.2939 -18.2034 49.125 -12.2939 -22.2967
2 24 60.7657 -0.0324 5.7858 60.75 -27.9127 5.775
2 24 60.7657 -0.0324 5.7858 59.257 -0.0324 5.7858
2 24 60.75 -27.9127 5.775 59.2413 -31.0192 5.775
2 24 59.257 -0.0324 5.7858 59.2413 -31.0192 5.775
2 24 59.257 -0.0324 6.724 60.7657 -0.0324 6.724
2 24 59.257 -0.0324 6.724 59.257 -0.0324 5.7858
2 24 60.7657 -0.0324 6.724 60.7657 -0.0324 5.7858
2 24 59.257 -0.0324 5.7858 60.7657 -0.0324 5.7858
2 24 60.7657 -0.0324 5.7858 60.7657 -0.0324 6.724
2 24 60.7657 -0.0324 5.7858 60.75 -27.9127 5.775
2 24 60.7657 -0.0324 6.724 60.75 -27.9127 6.7132
2 24 60.75 -27.9127 5.775 60.75 -27.9127 6.7132
2 24 59.257 -0.0324 6.724 59.257 -0.0324 5.7858
2 24 59.257 -0.0324 6.724 59.2413 -31.0192 6.7132
2 24 59.257 -0.0324 5.7858 59.2413 -31.0192 5.775
2 24 59.2413 -31.0192 6.7132 59.2413 -31.0192 5.775
2 24 40.7496 -0.0324 5.7858 40.7339 -50.3656 5.775
2 24 40.7496 -0.0324 5.7858 39.2408 -0.0324 5.7858
2 24 40.7339 -50.3656 5.775 39.2251 -51.2371 5.775
2 24 39.2408 -0.0324 5.7858 39.2251 -51.2371 5.775
2 24 39.2408 -0.0324 6.724 40.7496 -0.0324 6.724
2 24 39.2408 -0.0324 6.724 39.2408 -0.0324 5.7858
2 24 40.7496 -0.0324 6.724 40.7496 -0.0324 5.7858
2 24 39.2408 -0.0324 5.7858 40.7496 -0.0324 5.7858
2 24 40.7496 -0.0324 5.7858 40.7496 -0.0324 6.724
2 24 40.7496 -0.0324 5.7858 40.7339 -50.3656 5.775
2 24 40.7496 -0.0324 6.724 40.7339 -50.3656 6.7132
2 24 40.7339 -50.3656 5.775 40.7339 -50.3656 6.7132
2 24 39.2408 -0.0324 6.724 39.2408 -0.0324 5.7858
2 24 39.2408 -0.0324 6.724 39.2251 -51.2371 6.7132
2 24 39.2408 -0.0324 5.7858 39.2251 -51.2371 5.775
2 24 39.2251 -51.2371 6.7132 39.2251 -51.2371 5.775
2 24 20.7657 -0.0324 5.7858 20.75 -58.2205 5.775
2 24 20.7657 -0.0324 5.7858 19.257 -0.0324 5.7858
2 24 20.75 -58.2205 5.775 19.2413 -58.5176 5.775
2 24 19.257 -0.0324 5.7858 19.2413 -58.5176 5.775
2 24 19.257 -0.0324 6.724 20.7657 -0.0324 6.724
2 24 19.257 -0.0324 6.724 19.257 -0.0324 5.7858
2 24 20.7657 -0.0324 6.724 20.7657 -0.0324 5.7858
2 24 19.257 -0.0324 5.7858 20.7657 -0.0324 5.7858
2 24 20.7657 -0.0324 5.7858 20.7657 -0.0324 6.724
2 24 20.7657 -0.0324 5.7858 20.75 -58.2205 5.775
2 24 20.7657 -0.0324 6.724 20.75 -58.2205 6.7132
2 24 20.75 -58.2205 5.775 20.75 -58.2205 6.7132
2 24 19.257 -0.0324 6.724 19.257 -0.0324 5.7858
2 24 19.257 -0.0324 6.724 19.2413 -58.5176 6.7132
2 24 19.257 -0.0324 5.7858 19.2413 -58.5176 5.775
2 24 19.2413 -58.5176 6.7132 19.2413 -58.5176 5.775
2 24 -0.7269 -0.0324 5.7858 0.7819 -0.0324 5.7858
2 24 -0.7269 -0.0324 5.7858 -0.7426 -59.3593 5.775
2 24 0.7819 -0.0324 5.7858 0.7662 -59.3593 5.775
2 24 -0.7426 -59.3593 5.775 0.7662 -59.3593 5.775
2 24 -0.7269 -0.0324 6.724 0.7819 -0.0324 6.724
2 24 -0.7269 -0.0324 6.724 -0.7269 -0.0324 5.7858
2 24 0.7819 -0.0324 6.724 0.7819 -0.0324 5.7858
2 24 -0.7269 -0.0324 5.7858 0.7819 -0.0324 5.7858
2 24 0.7819 -0.0324 5.7858 0.7819 -0.0324 6.724
2 24 0.7819 -0.0324 5.7858 0.7662 -59.3593 5.775
2 24 0.7819 -0.0324 6.724 0.7662 -59.3593 6.7132
2 24 0.7662 -59.3593 5.775 0.7662 -59.3593 6.7132
2 24 -0.7269 -0.0324 6.724 -0.7269 -0.0324 5.7858
2 24 -0.7269 -0.0324 6.724 -0.7426 -59.3593 6.7132
2 24 -0.7269 -0.0324 5.7858 -0.7426 -59.3593 5.775
2 24 -0.7426 -59.3593 6.7132 -0.7426 -59.3593 5.775
2 24 -6.0798 -31.0192 -59.4788 -6.0798 -27.9127 -60.9875
2 24 -6.0798 -31.0192 -59.4788 -6.0906 -0.0324 -59.4945
2 24 -6.0798 -27.9127 -60.9875 -6.0906 -0.0324 -61.0032
2 24 -6.0906 -0.0324 -59.4945 -6.0906 -0.0324 -61.0032
2 24 -7.0288 -0.0324 -59.4945 -6.0906 -0.0324 -59.4945
2 24 -7.0288 -0.0324 -59.4945 -7.0288 -0.0324 -61.0032
2 24 -6.0906 -0.0324 -59.4945 -6.0906 -0.0324 -61.0032
2 24 -7.0288 -0.0324 -61.0032 -6.0906 -0.0324 -61.0032
2 24 -6.0906 -0.0324 -61.0032 -6.0798 -27.9127 -60.9875
2 24 -6.0906 -0.0324 -61.0032 -7.0288 -0.0324 -61.0032
2 24 -6.0798 -27.9127 -60.9875 -7.018 -27.9127 -60.9875
2 24 -7.0288 -0.0324 -61.0032 -7.018 -27.9127 -60.9875
2 24 -7.0288 -0.0324 -59.4945 -7.018 -31.0192 -59.4788
2 24 -7.0288 -0.0324 -59.4945 -6.0906 -0.0324 -59.4945
2 24 -7.018 -31.0192 -59.4788 -6.0798 -31.0192 -59.4788
2 24 -6.0906 -0.0324 -59.4945 -6.0798 -31.0192 -59.4788
2 24 -6.0798 -51.2371 -39.4788 -6.0798 -50.3656 -40.9875
2 24 -6.0798 -51.2371 -39.4788 -6.0906 -0.0324 -39.4945
2 24 -6.0798 -50.3656 -40.9875 -6.0906 -0.0324 -41.0032
2 24 -6.0906 -0.0324 -39.4945 -6.0906 -0.0324 -41.0032
2 24 -7.0288 -0.0324 -39.4945 -6.0906 -0.0324 -39.4945
2 24 -7.0288 -0.0324 -39.4945 -7.0288 -0.0324 -41.0032
2 24 -6.0906 -0.0324 -39.4945 -6.0906 -0.0324 -41.0032
2 24 -7.0288 -0.0324 -41.0032 -6.0906 -0.0324 -41.0032
2 24 -6.0906 -0.0324 -41.0032 -6.0798 -50.3656 -40.9875
2 24 -6.0906 -0.0324 -41.0032 -7.0288 -0.0324 -41.0032
2 24 -6.0798 -50.3656 -40.9875 -7.018 -50.3656 -40.9875
2 24 -7.0288 -0.0324 -41.0032 -7.018 -50.3656 -40.9875
2 24 -7.0288 -0.0324 -39.4945 -7.018 -51.2371 -39.4788
2 24 -7.0288 -0.0324 -39.4945 -6.0906 -0.0324 -39.4945
2 24 -7.018 -51.2371 -39.4788 -6.0798 -51.2371 -39.4788
2 24 -6.0906 -0.0324 -39.4945 -6.0798 -51.2371 -39.4788
2 24 -6.0798 -58.5176 -19.4788 -6.0798 -58.2205 -20.9875
2 24 -6.0798 -58.5176 -19.4788 -6.0906 -0.0324 -19.4945
2 24 -6.0798 -58.2205 -20.9875 -6.0906 -0.0324 -21.0032
2 24 -6.0906 -0.0324 -19.4945 -6.0906 -0.0324 -21.0032
2 24 -7.0288 -0.0324 -19.4945 -6.0906 -0.0324 -19.4945
2 24 -7.0288 -0.0324 -19.4945 -7.0288 -0.0324 -21.0032
2 24 -6.0906 -0.0324 -19.4945 -6.0906 -0.0324 -21.0032
2 24 -7.0288 -0.0324 -21.0032 -6.0906 -0.0324 -21.0032
2 24 -6.0906 -0.0324 -21.0032 -6.0798 -58.2205 -20.9875
2 24 -6.0906 -0.0324 -21.0032 -7.0288 -0.0324 -21.0032
2 24 -6.0798 -58.2205 -20.9875 -7.018 -58.2205 -20.9875
2 24 -7.0288 -0.0324 -21.0032 -7.018 -58.2205 -20.9875
2 24 -7.0288 -0.0324 -19.4945 -7.018 -58.5176 -19.4788
2 24 -7.0288 -0.0324 -19.4945 -6.0906 -0.0324 -19.4945
2 24 -7.018 -58.5176 -19.4788 -6.0798 -58.5176 -19.4788
2 24 -6.0906 -0.0324 -19.4945 -6.0798 -58.5176 -19.4788
2 24 -6.0906 -0.0324 0.5055 -6.0798 -59.3593 0.5212
2 24 -6.0906 -0.0324 0.5055 -6.0906 -0.0324 -1.0032
2 24 -6.0798 -59.3593 0.5212 -6.0798 -59.3593 -0.9875
2 24 -6.0906 -0.0324 -1.0032 -6.0798 -59.3593 -0.9875
2 24 -7.0288 -0.0324 0.5055 -6.0906 -0.0324 0.5055
2 24 -7.0288 -0.0324 0.5055 -7.0288 -0.0324 -1.0032
2 24 -6.0906 -0.0324 0.5055 -6.0906 -0.0324 -1.0032
2 24 -7.0288 -0.0324 -1.0032 -6.0906 -0.0324 -1.0032
2 24 -6.0906 -0.0324 -1.0032 -6.0798 -59.3593 -0.9875
2 24 -6.0906 -0.0324 -1.0032 -7.0288 -0.0324 -1.0032
2 24 -6.0798 -59.3593 -0.9875 -7.018 -59.3593 -0.9875
2 24 -7.0288 -0.0324 -1.0032 -7.018 -59.3593 -0.9875
2 24 -7.0288 -0.0324 0.5055 -7.018 -59.3593 0.5212
2 24 -7.0288 -0.0324 0.5055 -6.0906 -0.0324 0.5055
2 24 -7.018 -59.3593 0.5212 -6.0798 -59.3593 0.5212
2 24 -6.0906 -0.0324 0.5055 -6.0798 -59.3593 0.5212
2 24 49.125 -12.2939 6.5633 50.875 -12.2939 6.5633
2 24 49.125 -12.2939 6.5633 49.125 -12.2939 -2.3564
2 24 50.875 -12.2939 6.5633 50.875 -12.2939 -2.3564
2 24 49.125 -12.2939 -2.3564 50.875 -12.2939 -2.3564
2 24 50.875 -12.2939 6.5633 50.875 -41.3879 6.5633
2 24 50.875 -12.2939 6.5633 50.875 -12.2939 -2.3564
2 24 50.875 -41.3879 6.5633 50.875 -41.5501 -2.3564
2 24 50.875 -12.2939 -2.3564 50.875 -41.5501 -2.3564
2 24 49.125 -12.2939 6.5633 49.125 -12.2939 -2.3564
2 24 49.125 -12.2939 6.5633 49.125 -43.3819 6.5633
2 24 49.125 -12.2939 -2.3564 49.125 -43.5441 -2.3564
2 24 49.125 -43.3819 6.5633 49.125 -43.5441 -2.3564
2 24 29.125 -12.2939 6.5633 30.875 -12.2939 6.5633
2 24 29.125 -12.2939 6.5633 29.125 -12.2939 -2.3564
2 24 30.875 -12.2939 6.5633 30.875 -12.2939 -2.3564
2 24 29.125 -12.2939 -2.3564 30.875 -12.2939 -2.3564
2 24 30.875 -12.2939 -2.3564 30.875 -12.2939 6.5633
2 24 30.875 -12.2939 -2.3564 30.875 -55.1562 -2.3564
2 24 30.875 -12.2939 6.5633 30.875 -55.1706 6.5633
2 24 30.875 -55.1562 -2.3564 30.875 -55.1706 6.5633
2 24 29.125 -12.2939 6.5633 29.125 -12.2939 -2.3564
2 24 29.125 -12.2939 6.5633 29.125 -55.9991 6.5633
2 24 29.125 -12.2939 -2.3564 29.125 -55.9847 -2.3564
2 24 29.125 -55.9991 6.5633 29.125 -55.9847 -2.3564
2 24 9.125 -12.2939 6.5633 10.875 -12.2939 6.5633
2 24 9.125 -12.2939 6.5633 9.125 -12.2939 -2.3564
2 24 10.875 -12.2939 6.5633 10.875 -12.2939 -2.3564
2 24 9.125 -12.2939 -2.3564 10.875 -12.2939 -2.3564
2 24 10.875 -12.2939 6.5633 10.875 -59.6556 6.5633
2 24 10.875 -12.2939 6.5633 10.875 -12.2939 -2.3564
2 24 10.875 -59.6556 6.5633 10.875 -59.8323 -2.3564
2 24 10.875 -12.2939 -2.3564 10.875 -59.8323 -2.3564
2 24 9.125 -12.2939 6.5633 9.125 -12.2939 -2.3564
2 24 9.125 -12.2939 6.5633 9.125 -59.6556 6.5633
2 24 9.125 -12.2939 -2.3564 9.125 -59.8323 -2.3564
2 24 9.125 -59.6556 6.5633 9.125 -59.8323 -2.3564
2 24 -6.8298 -12.2939 -49.3625 2.0777 -12.2939 -49.3625
2 24 -6.8298 -12.2939 -49.3625 -6.8298 -12.2939 -51.1125
2 24 2.0777 -12.2939 -49.3625 2.0777 -12.2939 -51.1125
2 24 -6.8298 -12.2939 -51.1125 2.0777 -12.2939 -51.1125
2 24 2.0777 -41.589 -51.1125 -6.8298 -41.3879 -51.1125
2 24 2.0777 -41.589 -51.1125 2.0777 -12.2939 -51.1125
2 24 -6.8298 -41.3879 -51.1125 -6.8298 -12.2939 -51.1125
2 24 2.0777 -12.2939 -51.1125 -6.8298 -12.2939 -51.1125
2 24 -6.8298 -12.2939 -49.3625 -6.8298 -43.3819 -49.3625
2 24 -6.8298 -12.2939 -49.3625 2.0777 -12.2939 -49.3625
2 24 -6.8298 -43.3819 -49.3625 2.0777 -43.583 -49.3625
2 24 2.0777 -12.2939 -49.3625 2.0777 -43.583 -49.3625
2 24 -6.8298 -12.2939 -29.3625 2.0777 -12.2939 -29.3625
2 24 -6.8298 -12.2939 -29.3625 -6.8298 -12.2939 -31.1125
2 24 2.0777 -12.2939 -29.3625 2.0777 -12.2939 -31.1125
2 24 -6.8298 -12.2939 -31.1125 2.0777 -12.2939 -31.1125
2 24 2.0777 -12.2939 -31.1125 2.0777 -55.0708 -31.1125
2 24 2.0777 -12.2939 -31.1125 -6.8298 -12.2939 -31.1125
2 24 2.0777 -55.0708 -31.1125 -6.8298 -55.1706 -31.1125
2 24 -6.8298 -12.2939 -31.1125 -6.8298 -55.1706 -31.1125
2 24 -6.8298 -55.9991 -29.3625 2.0777 -55.8992 -29.3625
2 24 -6.8298 -55.9991 -29.3625 -6.8298 -12.2939 -29.3625
2 24 2.0777 -55.8992 -29.3625 2.0777 -12.2939 -29.3625
2 24 -6.8298 -12.2939 -29.3625 2.0777 -12.2939 -29.3625
2 24 -6.8298 -12.2939 -9.3625 2.0777 -12.2939 -9.3625
2 24 -6.8298 -12.2939 -9.3625 -6.8298 -12.2939 -11.1125
2 24 2.0777 -12.2939 -9.3625 2.0777 -12.2939 -11.1125
2 24 -6.8298 -12.2939 -11.1125 2.0777 -12.2939 -11.1125
2 24 2.0777 -12.2939 -11.1125 2.0777 -59.613 -11.1125
2 24 2.0777 -12.2939 -11.1125 -6.8298 -12.2939 -11.1125
2 24 2.0777 -59.613 -11.1125 -6.8298 -59.6556 -11.1125
2 24 -6.8298 -12.2939 -11.1125 -6.8298 -59.6556 -11.1125
2 24 -6.8298 -59.6556 -9.3625 2.0777 -59.613 -9.3625
2 24 -6.8298 -59.6556 -9.3625 -6.8298 -12.2939 -9.3625
2 24 2.0777 -59.613 -9.3625 2.0777 -12.2939 -9.3625
2 24 -6.8298 -12.2939 -9.3625 2.0777 -12.2939 -9.3625
2 24 35.5396 0 -46.8017 33.1983 0 -44.4604
2 24 35.5396 -21.4081 -46.8017 33.1983 -29.3635 -44.4604
2 24 33.1983 0 -44.4604 30 0 -43.6034
2 24 33.1983 -29.3635 -44.4604 30 -33.5865 -43.6034
2 24 30 0 -43.6034 26.8017 0 -44.4604
2 24 30 -33.5865 -43.6034 26.8017 -34.7686 -44.4604
2 24 26.8017 0 -44.4604 24.4604 0 -46.8017
2 24 26.8017 -34.7686 -44.4604 24.4604 -34.0146 -46.8017
2 24 24.4604 0 -46.8017 23.6034 0 -50
2 24 24.4604 -34.0146 -46.8017 23.6034 -29.9361 -50
2 24 23.6034 0 -50 24.4604 0 -53.1983
2 24 23.6034 -29.9361 -50 24.4604 -24.9576 -53.1983
2 24 24.4604 0 -53.1983 26.8017 0 -55.5396
2 24 24.4604 -24.9576 -53.1983 26.8017 -15.7711 -55.5396
2 24 26.8017 0 -55.5396 28.3002 0 -55.9412
2 24 28.3002 0 -55.9412 28.3002 -7.4574 -55.9412
2 24 26.8017 -15.7711 -55.5396 28.3002 -7.4574 -55.9412
2 24 35.5396 0 -46.8017 36.3966 0 -50
2 24 35.5396 -21.4081 -46.8017 36.3966 -10.2004 -50
2 24 34.2218 -31.6234 -42.6877 37.3123 -21.5989 -45.7782
2 24 34.2218 0 -42.6877 37.3124 0 -45.7782
2 24 25.7782 0 -57.3123 27.8624 0 -57.9411
2 24 26.4076 -0.5286 -57.5081 27.8624 0 -57.9411
2 24 25.7782 0 -42.6877 30 0 -41.5565
2 24 26.8017 0 -44.4604 30 0 -43.6034
2 24 30 0 -41.5565 34.2218 0 -42.6877
2 24 30 0 -43.6034 33.1983 0 -44.4604
2 24 34.2218 0 -42.6877 37.3124 0 -45.7782
2 24 33.1983 0 -44.4604 35.5396 0 -46.8017
2 24 37.3124 0 -45.7782 38.1915 0 -49.0593
2 24 35.5396 0 -46.8017 36.3966 0 -50
2 24 28.3002 0 -55.9412 32.3196 0 -53.4066
2 24 32.4689 0 -57.5115 36.7021 0 -54.6915
2 24 25.7782 0 -57.3123 22.6877 0 -54.2218
2 24 26.8017 0 -55.5396 24.4604 0 -53.1983
2 24 22.6877 0 -54.2218 21.5565 0 -50
2 24 24.4604 0 -53.1983 23.6034 0 -50
2 24 21.5565 0 -50 22.6877 0 -45.7782
2 24 23.6034 0 -50 24.4604 0 -46.8017
2 24 25.7782 0 -42.6877 22.6877 0 -45.7782
2 24 26.8017 0 -44.4604 24.4604 0 -46.8017
2 24 34.2218 -31.6234 -42.6877 30 -37.4272 -41.5565
2 24 34.2218 0 -42.6877 30 0 -41.5565
2 24 30 -37.4272 -41.5565 25.7782 -38.9469 -42.6877
2 24 30 0 -41.5565 25.7782 0 -42.6877
2 24 25.7782 -38.9469 -42.6877 22.6876 -37.5369 -45.7782
2 24 25.7782 0 -42.6877 22.6877 0 -45.7782
2 24 22.6876 -37.5369 -45.7782 21.5564 -31.733 -50
2 24 22.6877 0 -45.7782 21.5565 0 -50
2 24 21.5565 0 -50 22.6877 0 -54.2218
2 24 21.5564 -31.733 -50 22.6876 -24.8849 -54.2218
2 24 25.7782 -3.6183 -57.3123 26.0333 -1.787 -57.3184
2 24 37.3123 -21.5989 -45.7782 38.1699 -7.8724 -48.9788
2 24 38.1699 -7.8724 -48.9788 38.1915 0 -49.0593
2 24 37.3124 0 -45.7782 38.1915 0 -49.0593
2 24 36.3966 -10.2004 -50 36.2381 -7.4574 -50.5916
2 24 36.3966 0 -50 36.2381 0 -50.5916
2 24 36.2381 -7.4574 -50.5916 36.2381 0 -50.5916
2 24 36.2381 -7.4574 -50.5916 36.2381 0 -50.5916
2 24 32.3196 0 -53.4066 36.2381 0 -50.5916
2 24 32.3196 0 -53.4066 28.3002 0 -55.9412
2 24 28.3002 -7.4574 -55.9412 28.3002 0 -55.9412
2 24 35.5396 -21.4081 -46.8017 33.1983 -29.3635 -44.4604
2 24 23.6034 -29.9361 -50 24.4604 -24.9576 -53.1983
2 24 23.6034 -29.9361 -50 24.4604 -34.0146 -46.8017
2 24 26.8017 -34.7686 -44.4604 24.4604 -34.0146 -46.8017
2 24 33.1983 -29.3635 -44.4604 30 -33.5865 -43.6034
2 24 26.8017 -34.7686 -44.4604 30 -33.5865 -43.6034
2 24 36.2381 -7.4574 -50.5916 36.3966 -10.2004 -50
2 24 28.3002 -7.4574 -55.9412 26.8017 -15.7711 -55.5396
2 24 24.4604 -24.9576 -53.1983 26.8017 -15.7711 -55.5396
2 24 35.5396 -21.4081 -46.8017 36.3966 -10.2004 -50
2 24 25.829 -5.2618 -61.5073 26.8877 -4.7779 -60.9709
2 24 32.4689 0 -57.5115 36.7021 0 -54.6915
2 24 26.4076 -0.5286 -57.5081 27.8624 0 -57.9411
2 24 26.4076 -0.5286 -57.5081 27.7047 -0.4847 -60.5387
2 24 27.7047 -0.4847 -60.5387 28.7587 0 -59.983
2 24 26.4076 -0.5286 -57.5081 26.0333 -1.787 -57.3184
2 24 27.7047 -0.4847 -60.5387 27.3074 -1.6859 -60.7618
2 24 26.0333 -1.787 -57.3184 25.7782 -3.6183 -57.3123
2 24 27.3074 -1.6859 -60.7618 27.3236 -3.6228 -60.7457
2 24 25.7782 -3.6183 -57.3123 25.3845 -4.8076 -57.5474
2 24 27.3236 -3.6228 -60.7457 26.8877 -4.7779 -60.9709
2 24 25.3845 -4.8076 -57.5474 26.8877 -4.7779 -60.9709
2 24 25.3845 -4.8076 -57.5474 24.3807 -5.264 -58.059
2 24 26.8877 -4.7779 -60.9709 25.829 -5.2618 -61.5073
2 24 20.1178 -5.25 -59.6883 15.4268 -5.264 -61.869
2 24 21.597 -5.25 -63.2576 16.9376 -5.2692 -65.3067
2 24 15.4268 -5.264 -61.869 14.3542 -4.8222 -62.2021
2 24 16.9376 -5.2692 -65.3067 15.7909 -4.821 -65.7116
2 24 14.3542 -4.8222 -62.2021 13.877 -3.7034 -62.4082
2 24 15.7909 -4.821 -65.7116 15.3322 -3.6153 -65.8712
2 24 13.877 -3.7034 -62.4082 13.8593 -1.6523 -62.3723
2 24 15.3322 -3.6153 -65.8712 15.3196 -1.6391 -65.8815
2 24 13.8593 -1.6523 -62.3723 13.4321 -0.5319 -62.5297
2 24 15.3196 -1.6391 -65.8815 14.8905 -0.4946 -65.9974
2 24 13.4321 -0.5319 -62.5297 12.347 0 -62.8918
2 24 14.8905 -0.4946 -65.9974 13.7805 0 -66.3308
2 24 12.347 0 -62.8918 9.7478 0 -63.623
2 24 13.7805 0 -66.3308 8.773 0 -67.7164
2 24 8.773 0 -67.7164 -0.9029 0 -69.355
2 24 16.9376 -5.2692 -65.3067 21.597 -5.25 -63.2576
2 24 24.3807 -5.264 -58.059 20.1178 -5.25 -59.6883
2 24 25.829 -5.2618 -61.5073 21.597 -5.25 -63.2576
2 24 25.829 -5.2618 -61.5073 21.597 -5.25 -63.2576
2 24 36.7021 0 -54.6915 46.3775 0 -46.553
2 24 32.3196 0 -53.4066 36.2381 0 -50.5916
2 24 36.7021 0 -54.6915 46.3775 0 -46.553
2 24 41.6055 0 -46.1197 42.986 0 -45.4482
2 24 9.7478 0 -63.623 4.6917 0 -64.8155
2 24 8.773 0 -67.7164 -0.9029 0 -69.355
2 24 3.2487 0 -65.6922 1.1332 0 -66.0463
2 24 -10 -17.6973 -68.5246 -10 -7.0586 -69.8304
2 24 -10 -7.0586 -69.8304 -10 0 -69.9956
2 24 -0.9029 0 -69.355 -10 0 -69.9956
2 24 -10 -17.6973 -68.5246 -10 -32.4468 -63.0297
2 24 -0.9029 0 -69.355 -10 0 -69.9956
2 24 -6.8116 0 -66.1512 -2.7118 0 -65.8811
2 24 -10 -32.4468 -63.0297 -10 -45.0898 -54.036
2 24 -10 -45.0898 -54.036 -10 -54.8019 -42.4489
2 24 -10 -54.8019 -42.4489 -10 -60.7954 -29.8894
2 24 -10 -60.7954 -29.8894 -10 -63.525 -18.3492
2 24 -10 -63.525 -18.3492 -10 -64 -9.8489
2 24 61.3583 -5.2477 -26.126 60.8175 -4.7639 -27.1825
2 24 60.8175 -4.7639 -27.1825 60.6157 -3.5977 -27.5638
2 24 60.6157 -3.5977 -27.5638 60.6255 -1.6634 -27.5594
2 24 59.8219 0 -29.0493 60.3819 -0.4707 -27.9977
2 24 60.6255 -1.6634 -27.5594 60.3819 -0.4707 -27.9977
2 24 65.1946 -5.2551 -17.2505 65.6043 -4.8069 -16.1055
2 24 65.6043 -4.8069 -16.1055 65.7659 -3.6012 -15.6475
2 24 66.2319 0 -14.0977 65.8939 -0.4806 -15.2063
2 24 65.8939 -0.4806 -15.2063 65.7762 -1.625 -15.635
2 24 65.7659 -3.6012 -15.6475 65.7762 -1.625 -15.635
2 24 59.8219 0 -29.0493 58.2873 0 -31.6754
2 24 66.2319 0 -14.0977 67.1144 0 -11.2437
2 24 65.1946 -5.2551 -17.2505 63.2651 -5.25 -22.0053
2 24 61.3583 -5.2477 -26.126 63.2651 -5.25 -22.0053
2 24 67.1144 0 -11.2437 68.8668 0 -2.4281
2 24 58.2873 0 -31.6754 53.9019 0 -37.8649
2 24 46.3775 0 -46.553 53.9019 0 -37.8649
2 24 63.5188 0 -10.1073 64.8155 0 -4.6917
2 24 67.1144 0 -11.2437 68.8668 0 -2.4281
2 24 46.3775 0 -46.553 53.9019 0 -37.8649
2 24 45.8746 0 -41.8723 45.203 0 -43.2529
2 24 50.4875 0 -36.5976 53.3024 0 -32.6791
2 24 53.9019 0 -37.8649 58.2873 0 -31.6754
2 24 53.3024 0 -32.6791 55.837 0 -28.6598
2 24 59.8219 0 -29.0493 60.3819 -0.4707 -27.9977
2 24 57.837 0 -28.222 57.39 -0.5102 -26.7265
2 24 60.3819 -0.4707 -27.9977 57.39 -0.5102 -26.7265
2 24 60.3819 -0.4707 -27.9977 60.6255 -1.6634 -27.5594
2 24 57.39 -0.5102 -26.7265 57.1832 -1.6464 -26.2779
2 24 60.6255 -1.6634 -27.5594 60.6157 -3.5977 -27.5638
2 24 57.1832 -1.6464 -26.2779 57.2082 -3.6183 -26.1377
2 24 60.6157 -3.5977 -27.5638 60.8175 -4.7639 -27.1825
2 24 60.8175 -4.7639 -27.1825 57.4432 -4.8076 -25.7441
2 24 57.2082 -3.6183 -26.1377 57.4432 -4.8076 -25.7441
2 24 60.8175 -4.7639 -27.1825 61.3583 -5.2477 -26.126
2 24 57.4432 -4.8076 -25.7441 57.9548 -5.264 -24.7402
2 24 61.3583 -5.2477 -26.126 63.2651 -5.25 -22.0053
2 24 57.9548 -5.264 -24.7402 59.7686 -5.25 -20.6021
2 24 63.2651 -5.25 -22.0053 65.1946 -5.2551 -17.2505
2 24 59.7686 -5.25 -20.6021 61.7648 -5.264 -15.7863
2 24 65.1946 -5.2551 -17.2505 65.6043 -4.8069 -16.1055
2 24 61.7648 -5.264 -15.7863 62.098 -4.8222 -14.7137
2 24 65.6043 -4.8069 -16.1055 65.7659 -3.6012 -15.6475
2 24 62.098 -4.8222 -14.7137 62.304 -3.7034 -14.2365
2 24 65.7659 -3.6012 -15.6475 65.7762 -1.625 -15.635
2 24 62.304 -3.7034 -14.2365 62.2682 -1.6523 -14.2188
2 24 65.7762 -1.625 -15.635 65.8939 -0.4806 -15.2063
2 24 62.2682 -1.6523 -14.2188 62.4256 -0.5319 -13.7916
2 24 65.8939 -0.4806 -15.2063 62.4256 -0.5319 -13.7916
2 24 65.8939 -0.4806 -15.2063 66.2319 0 -14.0977
2 24 62.4256 -0.5319 -13.7916 62.7877 0 -12.7065
2 24 65.6922 0 -3.2487 66.0463 0 -1.1332
2 24 69.8341 -6.9352 10 68.527 -17.5741 10
2 24 68.8668 0 -2.4281 69.9956 0 10
2 24 69.8341 -6.9352 10 69.9956 0 10
2 24 68.527 -17.5741 10 63.036 -32.3261 10
2 24 68.8668 0 -2.4281 69.9956 0 10
2 24 65.8811 0 2.7118 66.1464 0 6.525
2 24 63.036 -32.3261 10 54.044 -44.9713 10
2 24 54.044 -44.9713 10 42.457 -54.6867 10
2 24 42.457 -54.6867 10 29.8932 -60.6775 10
2 24 29.8932 -60.6775 10 18.3502 -63.4224 10
2 24 18.3502 -63.4224 10 9.8491 -64 10
2 24 -10 -64 -9.8489 -10 -64 10
2 24 -10 -64 10 -10 0 10
2 24 -10 -64 -9.8489 -10 -64 10
2 24 -10 -7.0586 -69.8304 -10 -17.6973 -68.5246
2 24 -10 -17.6973 -68.5246 -10 -32.4468 -63.0297
2 24 -10 -32.4468 -63.0297 -10 -45.0898 -54.036
2 24 -10 -45.0898 -54.036 -10 -54.8019 -42.4489
2 24 -10 -54.8019 -42.4489 -10 -60.7954 -29.8894
2 24 -10 -60.7954 -29.8894 -10 -63.525 -18.3492
2 24 -10 -64 -9.8489 -10 -63.525 -18.3492
2 24 -10 -7.0586 -69.8304 -10 0 -69.9956
2 24 -10 0 10 -10 0 -69.9956
2 24 54.044 -44.9713 10 63.036 -32.3261 10
2 24 63.036 -32.3261 10 68.527 -17.5741 10
2 24 68.527 -17.5741 10 69.8341 -6.9352 10
2 24 -10 0 10 69.9956 0 10
2 24 69.8341 -6.9352 10 69.9956 0 10
2 24 -10 -64 10 9.8491 -64 10
2 24 -10 0 10 -10 -64 10
2 24 9.8491 -64 10 18.3502 -63.4224 10
2 24 18.3502 -63.4224 10 29.8932 -60.6775 10
2 24 29.8932 -60.6775 10 42.457 -54.6867 10
2 24 54.044 -44.9713 10 42.457 -54.6867 10
2 24 69.9956 0 10 -10 0 10
2 24 66.1464 0 6.525 -6.8116 0 6.525
2 24 4.6917 -5.25 -64.7679 4.6917 0 -64.8155
2 24 4.6917 -5.25 -64.7679 3.2487 -5.25 -65.6922
2 24 4.6917 0 -64.8155 3.2487 0 -65.6922
2 24 3.2487 -5.25 -65.6922 1.1331 -5.2501 -66.0164
2 24 3.2487 0 -65.6922 1.1332 0 -66.0463
2 24 1.1331 -5.2501 -66.0164 -0.8794 -5.25 -66.0196
2 24 1.1332 0 -66.0463 -0.8793 0 -66.0322
2 24 -0.8794 -5.25 -66.0196 -2.7118 -5.25 -65.8628
2 24 -0.8793 0 -66.0322 -2.7118 0 -65.8811
2 24 41.5795 -5.25 -46.0924 42.9894 -5.25 -45.4503
2 24 41.5795 -5.25 -46.0924 41.6055 0 -46.1197
2 24 41.6055 0 -46.1197 42.986 0 -45.4482
2 24 42.9894 -5.25 -45.4503 44.2319 -5.25 -44.4879
2 24 42.986 0 -45.4482 44.2519 0 -44.5079
2 24 65.6922 0 -3.2487 64.8155 0 -4.6917
2 24 64.8155 0 -4.6917 64.7679 -5.25 -4.6917
2 24 65.6922 -5.25 -3.2487 64.7679 -5.25 -4.6917
2 24 65.6922 0 -3.2487 66.0463 0 -1.1332
2 24 65.6922 -5.25 -3.2487 66.0164 -5.2501 -1.1331
2 24 66.0463 0 -1.1332 66.0322 0 0.8793
2 24 66.0164 -5.2501 -1.1331 66.0196 -5.25 0.8794
2 24 66.0322 0 0.8793 65.8811 0 2.7118
2 24 66.0196 -5.25 0.8794 65.8628 -5.25 2.7118
2 24 44.2319 -5.25 -44.4879 42.9894 -5.25 -45.4503
2 24 66.0164 -5.2501 -1.1331 65.6922 -5.25 -3.2487
2 24 65.6922 -5.25 -3.2487 64.7679 -5.25 -4.6917
2 24 65.3943 -5.2502 -1.0721 64.7679 -5.25 -4.6917
2 24 65.8628 -5.25 2.7118 66.0196 -5.25 0.8794
2 24 65.3943 -5.2502 -1.0721 65.8628 -5.25 2.7118
2 24 66.0164 -5.2501 -1.1331 66.0196 -5.25 0.8794
2 24 9.7478 0 -63.623 4.6917 0 -64.8155
2 24 4.6917 -5.25 -64.7679 4.6917 0 -64.8155
2 24 4.6917 -5.25 -64.7679 1.0721 -5.2502 -65.3943
2 24 -2.7118 -5.25 -65.8628 1.0721 -5.2502 -65.3943
2 24 -6.8116 -12.0793 -65.5178 -6.8116 0 -66.1512
2 24 -2.7118 0 -65.8811 -6.8116 0 -66.1512
2 24 38.1699 -7.8724 -48.9788 38.1915 0 -49.0593
2 24 41.5795 -5.25 -46.0924 41.6055 0 -46.1197
2 24 38.1915 0 -49.0593 41.6055 0 -46.1197
2 24 41.5795 -5.25 -46.0924 43.7722 -5.25 -44.0282
2 24 64.8155 0 -4.6917 63.5188 0 -10.1073
2 24 64.8155 0 -4.6917 64.7679 -5.25 -4.6917
2 24 64.7679 -5.25 -4.6917 65.3943 -5.2502 -1.0721
2 24 65.8628 -5.25 2.7118 65.3943 -5.2502 -1.0721
2 24 65.5147 -12.0793 6.5373 66.1464 0 6.525
2 24 65.8811 0 2.7118 66.1464 0 6.525
2 24 42.986 0 -45.4482 44.2519 0 -44.5079
2 24 -2.7118 0 -65.8811 -0.8793 0 -66.0322
2 24 1.1332 0 -66.0463 -0.8793 0 -66.0322
2 24 4.6917 0 -64.8155 3.2487 0 -65.6922
2 24 65.8811 0 2.7118 66.0322 0 0.8793
2 24 66.0463 0 -1.1332 66.0322 0 0.8793
2 24 64.8155 0 -4.6917 65.6922 0 -3.2487
2 24 36.3966 0 -50 36.2381 0 -50.5916
2 24 24.3807 -5.264 -58.059 20.1178 -5.25 -59.6883
2 24 20.1178 -5.25 -59.6883 15.4268 -5.264 -61.869
2 24 15.4268 -5.264 -61.869 14.3542 -4.8222 -62.2021
2 24 14.3542 -4.8222 -62.2021 13.877 -3.7034 -62.4082
2 24 13.877 -3.7034 -62.4082 13.8593 -1.6523 -62.3723
2 24 9.7478 0 -63.623 12.347 0 -62.8918
2 24 1.1331 -5.2501 -66.0164 -0.8794 -5.25 -66.0196
2 24 -0.8794 -5.25 -66.0196 -2.7118 -5.25 -65.8628
2 24 1.0721 -5.2502 -65.3943 -2.7118 -5.25 -65.8628
2 24 1.1331 -5.2501 -66.0164 3.2487 -5.25 -65.6922
2 24 1.0721 -5.2502 -65.3943 4.6917 -5.25 -64.7679
2 24 3.2487 -5.25 -65.6922 4.6917 -5.25 -64.7679
2 24 24.3807 -5.264 -58.059 25.3845 -4.8076 -57.5474
2 24 25.3845 -4.8076 -57.5474 25.7782 -3.6183 -57.3123
2 24 25.5187 -10.8766 -57.0528 25.7782 -3.6183 -57.3123
2 24 25.7782 -3.6183 -57.3123 25.5187 -10.8766 -57.0528
2 24 22.6876 -24.8849 -54.2218 25.5187 -10.8766 -57.0528
2 24 25.7782 0 -57.3123 27.8624 0 -57.9411
2 24 28.3002 0 -55.9412 26.8017 0 -55.5396
2 24 42.9894 -5.25 -45.4503 41.5795 -5.25 -46.0924
2 24 43.7722 -5.25 -44.0282 41.5795 -5.25 -46.0924
2 24 12.347 0 -62.8918 13.4321 -0.5319 -62.5297
2 24 -6.8116 0 6.525 66.1464 0 6.525
2 24 -6.8116 0 6.525 -6.8116 -6.9532 6.525
2 24 66.1464 0 6.525 65.5147 -12.0793 6.5373
2 24 44.3562 0 -33.5578 46.6975 0 -35.8992
2 24 42.5835 0 -34.5813 45.6741 0 -37.6719
2 24 44.3562 0 -33.5578 43.4992 0 -30.3595
2 24 42.5835 0 -34.5813 41.4523 0 -30.3595
2 24 43.4992 0 -30.3595 44.3562 0 -27.1612
2 24 41.4523 0 -30.3595 42.5835 0 -26.1377
2 24 44.3562 0 -27.1612 46.6975 0 -24.8199
2 24 42.5835 0 -26.1377 45.6741 0 -23.0472
2 24 46.6975 0 -24.8199 49.8959 0 -23.9629
2 24 45.6741 0 -23.0472 49.8959 0 -21.916
2 24 49.8959 0 -23.9629 53.0942 0 -24.8199
2 24 49.8959 0 -21.916 54.1176 0 -23.0472
2 24 53.0942 0 -24.8199 55.4355 0 -27.1612
2 24 54.1176 0 -23.0472 57.2082 0 -26.1377
2 24 55.837 0 -28.6598 55.4355 0 -27.1612
2 24 57.837 0 -28.222 57.2082 0 -26.1377
2 24 46.6975 0 -35.8992 49.8959 0 -36.7562
2 24 45.6741 0 -37.6719 48.9551 0 -38.551
2 24 46.6975 0 -35.8992 44.3562 0 -33.5578
2 24 46.6975 -21.4081 -35.8992 44.3562 -29.3635 -33.5578
2 24 44.3562 0 -33.5578 43.4992 0 -30.3595
2 24 44.3562 -29.3635 -33.5578 43.4992 -33.5865 -30.3595
2 24 43.4992 0 -30.3595 44.3562 0 -27.1612
2 24 43.4992 -33.5865 -30.3595 44.3562 -34.7686 -27.1612
2 24 44.3562 0 -27.1612 46.6975 0 -24.8199
2 24 44.3562 -34.7686 -27.1612 46.6975 -34.0146 -24.8199
2 24 46.6975 0 -24.8199 49.8959 0 -23.9629
2 24 46.6975 -34.0146 -24.8199 49.8959 -29.9361 -23.9629
2 24 49.8959 0 -23.9629 53.0942 0 -24.8199
2 24 49.8959 -29.9361 -23.9629 53.0942 -24.9576 -24.8199
2 24 53.0942 0 -24.8199 55.4355 0 -27.1612
2 24 53.0942 -24.9576 -24.8199 55.4355 -15.7711 -27.1612
2 24 55.837 0 -28.6598 55.837 -7.4574 -28.6598
2 24 55.4355 0 -27.1612 55.837 0 -28.6598
2 24 55.4355 -15.7711 -27.1612 55.837 -7.4574 -28.6598
2 24 46.6975 0 -35.8992 49.8959 0 -36.7562
2 24 46.6975 -21.4081 -35.8992 49.8959 -10.2004 -36.7562
2 24 41.4523 -37.4272 -30.3595 42.5835 -31.6234 -34.5813
2 24 41.4523 0 -30.3595 42.5835 0 -34.5813
2 24 41.4523 -37.4272 -30.3595 42.5835 -38.9469 -26.1377
2 24 41.4523 0 -30.3595 42.5835 0 -26.1377
2 24 42.5835 -38.9469 -26.1377 45.6741 -37.4272 -23.0472
2 24 42.5835 0 -26.1377 45.6741 0 -23.0472
2 24 45.6741 -37.4272 -23.0472 49.8959 -31.6234 -21.916
2 24 45.6741 0 -23.0472 49.8959 0 -21.916
2 24 49.8959 -31.6234 -21.916 54.1176 -24.8849 -23.0472
2 24 49.8959 0 -21.916 54.1176 0 -23.0472
2 24 57.837 0 -28.222 57.2082 0 -26.1377
2 24 57.39 -0.5102 -26.7265 57.837 0 -28.222
2 24 45.6741 -21.5989 -37.6719 48.8747 -7.8724 -38.5295
2 24 45.6741 0 -37.6719 48.9551 0 -38.551
2 24 48.8747 -7.8724 -38.5295 48.9551 0 -38.551
2 24 42.5835 -31.6234 -34.5813 45.6741 -21.5989 -37.6719
2 24 42.5835 0 -34.5813 45.6741 0 -37.6719
2 24 50.4875 0 -36.5976 49.8959 0 -36.7562
2 24 49.8959 -10.2004 -36.7562 50.4875 -7.4574 -36.5976
2 24 50.4875 -7.4574 -36.5976 50.4875 0 -36.5976
2 24 49.8959 0 -36.7562 50.4875 0 -36.5976
2 24 50.4875 -7.4574 -36.5976 50.4875 0 -36.5976
2 24 50.4875 0 -36.5976 53.3024 0 -32.6791
2 24 53.3024 0 -32.6791 55.837 0 -28.6598
2 24 55.837 0 -28.6598 55.837 -7.4574 -28.6598
2 24 44.3562 -29.3635 -33.5578 46.6975 -21.4081 -35.8992
2 24 49.8959 -29.9361 -23.9629 53.0942 -24.9576 -24.8199
2 24 50.4875 -7.4574 -36.5976 49.8959 -10.2004 -36.7562
2 24 55.837 -7.4574 -28.6598 55.4355 -15.7711 -27.1612
2 24 53.0942 -24.9576 -24.8199 55.4355 -15.7711 -27.1612
2 24 46.6975 -21.4081 -35.8992 49.8959 -10.2004 -36.7562
2 24 44.3562 -34.7686 -27.1612 46.6975 -34.0146 -24.8199
2 24 49.8959 -29.9361 -23.9629 46.6975 -34.0146 -24.8199
2 24 44.3562 -34.7686 -27.1612 43.4992 -33.5865 -30.3595
2 24 44.3562 -29.3635 -33.5578 43.4992 -33.5865 -30.3595
2 24 44.2319 -5.25 -44.4879 45.2051 -5.25 -43.2562
2 24 43.7722 -5.25 -44.0282 45.8472 -5.25 -41.8464
2 24 63.5188 0 -10.1073 62.7877 0 -12.7065
2 24 57.4432 -4.8076 -25.7441 57.2082 -3.6183 -26.1377
2 24 56.9487 -10.8766 -25.8782 57.2082 -3.6183 -26.1377
2 24 57.2082 -3.6183 -26.1377 56.9487 -10.8766 -25.8782
2 24 54.1176 -24.8849 -23.0472 56.9487 -10.8766 -25.8782
2 24 48.8747 -7.8724 -38.5295 48.9551 0 -38.551
2 24 48.9551 0 -38.551 45.8746 0 -41.8723
2 24 45.8472 -5.25 -41.8464 45.8746 0 -41.8723
2 24 45.2051 -5.25 -43.2562 45.8472 -5.25 -41.8464
2 24 45.8472 -5.25 -41.8464 45.8746 0 -41.8723
2 24 45.203 0 -43.2529 45.8746 0 -41.8723
2 24 44.2319 -5.25 -44.4879 45.2051 -5.25 -43.2562
2 24 44.2519 0 -44.5079 45.203 0 -43.2529
2 24 45.8746 0 -41.8723 48.9551 0 -38.551
2 24 45.203 0 -43.2529 44.2519 0 -44.5079
2 24 43.7722 -5.25 -44.0282 45.8472 -5.25 -41.8464
2 24 45.2051 -5.25 -43.2562 45.8472 -5.25 -41.8464
2 24 62.2682 -1.6523 -14.2188 62.4256 -0.5319 -13.7916
2 24 62.304 -3.7034 -14.2365 62.098 -4.8222 -14.7137
2 24 62.098 -4.8222 -14.7137 61.7648 -5.264 -15.7863
2 24 61.7648 -5.264 -15.7863 59.7686 -5.25 -20.6021
2 24 59.7686 -5.25 -20.6021 57.9548 -5.264 -24.7402
2 24 57.4432 -4.8076 -25.7441 57.9548 -5.264 -24.7402
2 24 62.7877 0 -12.7065 62.4256 -0.5319 -13.7916
2 24 58.2873 0 -31.6754 59.8219 0 -29.0493
2 24 38.1915 0 -49.0593 41.6055 0 -46.1197
2 24 63.5188 0 -10.1073 62.7877 0 -12.7065
2 24 67.1144 0 -11.2437 66.2319 0 -14.0977
2 24 62.2682 -1.6523 -14.2188 62.304 -3.7034 -14.2365
2 24 13.8593 -1.6523 -62.3723 13.4321 -0.5319 -62.5297
2 24 23.6034 0 -30.2375 24.4604 0 -27.0392
2 24 23.6034 -49.0362 -30.2375 24.4604 -50.302 -27.0392
2 24 23.6034 0 -30.2375 24.4604 0 -33.4358
2 24 23.6034 -49.0362 -30.2375 24.4604 -46.8126 -33.4358
2 24 24.4604 0 -33.4358 26.8017 0 -35.7771
2 24 24.4604 -46.8126 -33.4358 26.8017 -44.167 -35.7771
2 24 26.8017 0 -35.7771 30 0 -36.6341
2 24 26.8017 -44.167 -35.7771 30 -41.8082 -36.6341
2 24 30 0 -36.6341 33.1983 0 -35.7771
2 24 30 -41.8082 -36.6341 33.1983 -40.4284 -35.7771
2 24 21.5565 0 -30.2375 22.6877 0 -26.0157
2 24 21.5565 -50.18 -30.2375 22.6877 -51.7349 -26.0157
2 24 21.5565 0 -30.2375 22.6877 0 -34.4593
2 24 21.5565 -50.18 -30.2375 22.6877 -47.2795 -34.4593
2 24 22.6877 0 -34.4593 25.7782 0 -37.5498
2 24 22.6877 -47.2795 -34.4593 25.7782 -43.7873 -37.5498
2 24 25.7782 0 -37.5498 30 0 -38.6811
2 24 25.7782 -43.7873 -37.5498 30 -40.639 -38.6811
2 24 30 0 -38.6811 34.2218 0 -37.5498
2 24 30 -40.639 -38.6811 34.2218 -38.783 -37.5498
2 24 34.2218 0 -37.5498 30 0 -38.6811
2 24 33.1983 0 -35.7771 30 0 -36.6341
2 24 30 0 -38.6811 25.7782 0 -37.5498
2 24 30 0 -36.6341 26.8017 0 -35.7771
2 24 25.7782 0 -37.5498 22.6877 0 -34.4593
2 24 26.8017 0 -35.7771 24.4604 0 -33.4358
2 24 22.6877 0 -34.4593 21.5565 0 -30.2375
2 24 24.4604 0 -33.4358 23.6034 0 -30.2375
2 24 21.5565 0 -30.2375 22.6877 0 -26.0157
2 24 23.6034 0 -30.2375 24.4604 0 -27.0392
2 24 15.5387 0 -27.0392 13.1974 0 -24.6979
2 24 17.3114 0 -26.0158 14.2209 0 -22.9252
2 24 13.1974 0 -24.6979 9.9991 0 -23.8409
2 24 14.2209 0 -22.9252 9.9991 0 -21.794
2 24 9.9991 0 -23.8409 6.8008 0 -24.6979
2 24 9.9991 0 -21.794 5.7773 0 -22.9252
2 24 6.8008 0 -24.6979 4.4594 0 -27.0392
2 24 5.7773 0 -22.9252 2.6867 0 -26.0158
2 24 4.4594 0 -27.0392 3.6024 0 -30.2375
2 24 2.6867 0 -26.0158 1.5555 0 -30.2375
2 24 3.6024 0 -30.2375 4.4594 0 -33.4358
2 24 1.5555 0 -30.2375 2.6867 0 -34.4593
2 24 4.4594 0 -33.4358 6.8008 0 -35.7772
2 24 2.6867 0 -34.4593 5.7773 0 -37.5499
2 24 6.8008 0 -35.7772 9.9991 0 -36.6342
2 24 5.7773 0 -37.5499 9.9991 0 -38.6811
2 24 9.9991 0 -36.6342 13.1974 0 -35.7772
2 24 9.9991 0 -38.6811 14.2209 0 -37.5499
2 24 13.1974 0 -35.7772 15.5387 0 -33.4358
2 24 14.2209 0 -37.5499 17.3114 0 -34.4593
2 24 15.5387 0 -33.4358 16.3957 0 -30.2375
2 24 17.3114 0 -34.4593 18.4426 0 -30.2375
2 24 15.5387 0 -27.0392 16.3957 0 -30.2375
2 24 17.3114 0 -26.0158 18.4426 0 -30.2375
2 24 15.5387 0 -27.0392 13.1974 0 -24.6979
2 24 15.5387 -54.5807 -27.0392 13.1974 -55.6076 -24.6979
2 24 13.1974 0 -24.6979 9.9991 0 -23.8409
2 24 13.1974 -55.6076 -24.6979 9.9991 -56.5871 -23.8409
2 24 9.9991 0 -23.8409 6.8008 0 -24.6979
2 24 9.9991 -56.5871 -23.8409 6.8008 -56.746 -24.6979
2 24 6.8008 0 -24.6979 4.4594 0 -27.0392
2 24 6.8008 -56.746 -24.6979 4.4594 -56.2489 -27.0392
2 24 4.4594 0 -27.0392 3.6024 0 -30.2375
2 24 4.4594 -56.2489 -27.0392 3.6024 -55.0678 -30.2375
2 24 3.6024 0 -30.2375 4.4594 0 -33.4358
2 24 3.6024 -55.0678 -30.2375 4.4594 -53.7613 -33.4358
2 24 4.4594 0 -33.4358 6.8008 0 -35.7772
2 24 4.4594 -53.7613 -33.4358 6.8008 -52.4175 -35.7772
2 24 6.8008 0 -35.7772 9.9991 0 -36.6342
2 24 6.8008 -52.4175 -35.7772 9.9991 -51.4542 -36.6342
2 24 9.9991 0 -36.6342 13.1974 0 -35.7772
2 24 9.9991 -51.4542 -36.6342 13.1974 -51.2991 -35.7772
2 24 13.1974 0 -35.7772 15.5387 0 -33.4358
2 24 13.1974 -51.2991 -35.7772 15.5387 -52.1455 -33.4358
2 24 15.5387 0 -33.4358 16.3957 0 -30.2375
2 24 15.5387 -52.1455 -33.4358 16.3957 -53.3945 -30.2375
2 24 15.5387 0 -27.0392 16.3957 0 -30.2375
2 24 15.5387 -54.5807 -27.0392 16.3957 -53.3945 -30.2375
2 24 17.3114 0 -26.0158 14.2209 0 -22.9252
2 24 17.3114 -53.5564 -26.0158 14.2209 -55.4572 -22.9252
2 24 14.2209 0 -22.9252 9.9991 0 -21.794
2 24 14.2209 -55.4572 -22.9252 9.9991 -57.171 -21.794
2 24 9.9991 0 -21.794 5.7773 0 -22.9252
2 24 9.9991 -57.171 -21.794 5.7773 -56.9577 -22.9252
2 24 5.7773 0 -22.9252 2.6867 0 -26.0158
2 24 5.7773 -56.9577 -22.9252 2.6867 -56.45 -26.0158
2 24 2.6867 0 -26.0158 1.5555 0 -30.2375
2 24 2.6867 -56.45 -26.0158 1.5555 -55.2893 -30.2375
2 24 1.5555 0 -30.2375 2.6867 0 -34.4593
2 24 1.5555 -55.2893 -30.2375 2.6867 -52.968 -34.4593
2 24 2.6867 0 -34.4593 5.7773 0 -37.5499
2 24 2.6867 -52.968 -34.4593 5.7773 -50.7319 -37.5499
2 24 5.7773 0 -37.5499 9.9991 0 -38.6811
2 24 5.7773 -50.7319 -37.5499 9.9991 -49.6501 -38.6811
2 24 9.9991 0 -38.6811 14.2209 0 -37.5499
2 24 9.9991 -49.6501 -38.6811 14.2209 -48.5018 -37.5499
2 24 14.2209 0 -37.5499 17.3114 0 -34.4593
2 24 14.2209 -48.5018 -37.5499 17.3114 -49.45 -34.4593
2 24 17.3114 0 -34.4593 18.4426 0 -30.2375
2 24 17.3114 -49.45 -34.4593 18.4426 -51.1131 -30.2375
2 24 17.3114 0 -26.0158 18.4426 0 -30.2375
2 24 17.3114 -53.5564 -26.0158 18.4426 -51.1131 -30.2375
2 24 15.5396 0 -47.0392 13.1983 0 -44.6979
2 24 17.3123 0 -46.0157 14.2218 0 -42.9252
2 24 13.1983 0 -44.6979 10 0 -43.8409
2 24 14.2218 0 -42.9252 10 0 -41.7939
2 24 10 0 -43.8409 6.8017 0 -44.6979
2 24 10 0 -41.7939 5.7782 0 -42.9252
2 24 6.8017 0 -44.6979 4.4604 0 -47.0392
2 24 5.7782 0 -42.9252 2.6876 0 -46.0157
2 24 4.4604 0 -47.0392 3.6034 0 -50.2375
2 24 2.6876 0 -46.0157 1.5564 0 -50.2375
2 24 3.6034 0 -50.2375 4.4604 0 -53.4358
2 24 1.5564 0 -50.2375 2.6876 0 -54.4593
2 24 4.4604 0 -53.4358 6.8017 0 -55.7771
2 24 2.6876 0 -54.4593 5.7782 0 -57.5498
2 24 6.8017 0 -55.7771 10 0 -56.6341
2 24 5.7782 0 -57.5498 10 0 -58.6811
2 24 10 0 -56.6341 13.1983 0 -55.7771
2 24 10 0 -58.6811 14.2218 0 -57.5498
2 24 13.1983 0 -55.7771 15.5396 0 -53.4358
2 24 14.2218 0 -57.5498 17.3124 0 -54.4593
2 24 15.5396 0 -53.4358 16.3966 0 -50.2375
2 24 17.3124 0 -54.4593 18.4436 0 -50.2375
2 24 15.5396 0 -47.0392 16.3966 0 -50.2375
2 24 17.3123 0 -46.0157 18.4436 0 -50.2375
2 24 15.5396 0 -47.0392 13.1983 0 -44.6979
2 24 15.5396 -40.7872 -47.0392 13.1983 -43.6014 -44.6979
2 24 13.1983 0 -44.6979 10 0 -43.8409
2 24 13.1983 -43.6014 -44.6979 10 -45.4862 -43.8409
2 24 10 0 -43.8409 6.8017 0 -44.6979
2 24 10 -45.4862 -43.8409 6.8017 -45.7653 -44.6979
2 24 6.8017 0 -44.6979 4.4604 0 -47.0392
2 24 6.8017 -45.7653 -44.6979 4.4604 -44.4382 -47.0392
2 24 4.4604 0 -47.0392 3.6034 0 -50.2375
2 24 4.4604 -44.4382 -47.0392 3.6034 -41.5075 -50.2375
2 24 3.6034 0 -50.2375 4.4604 0 -53.4358
2 24 3.6034 -41.5075 -50.2375 4.4604 -37.7873 -53.4358
2 24 4.4604 0 -53.4358 6.8017 0 -55.7771
2 24 4.4604 -37.7873 -53.4358 6.8017 -33.5157 -55.7771
2 24 6.8017 0 -55.7771 10 0 -56.6341
2 24 6.8017 -33.5157 -55.7771 10 -30.2488 -56.6341
2 24 10 0 -56.6341 13.1983 0 -55.7771
2 24 10 -30.2488 -56.6341 13.1983 -30.0337 -55.7771
2 24 13.1983 0 -55.7771 15.5396 0 -53.4358
2 24 13.1983 -30.0337 -55.7771 15.5396 -32.5665 -53.4358
2 24 15.5396 0 -53.4358 16.3966 0 -50.2375
2 24 15.5396 -32.5665 -53.4358 16.3966 -36.5631 -50.2375
2 24 15.5396 0 -47.0392 16.3966 0 -50.2375
2 24 15.5396 -40.7872 -47.0392 16.3966 -36.5631 -50.2375
2 24 17.3123 0 -46.0157 14.2218 0 -42.9252
2 24 17.3123 -40.8215 -46.0157 14.2218 -44.7907 -42.9252
2 24 14.2218 0 -42.9252 10 0 -41.7939
2 24 14.2218 -44.7907 -42.9252 10 -47.8693 -41.7939
2 24 10 0 -41.7939 5.7782 0 -42.9252
2 24 10 -47.8693 -41.7939 5.7782 -47.4995 -42.9252
2 24 5.7782 0 -42.9252 2.6876 0 -46.0157
2 24 5.7782 -47.4995 -42.9252 2.6876 -46.3146 -46.0157
2 24 2.6876 0 -46.0157 1.5564 0 -50.2375
2 24 2.6876 -46.3146 -46.0157 1.5564 -42.5569 -50.2375
2 24 1.5564 0 -50.2375 2.6876 0 -54.4593
2 24 1.5564 -42.5569 -50.2375 2.6876 -37.5812 -54.4593
2 24 2.6876 0 -54.4593 5.7782 0 -57.5498
2 24 2.6876 -37.5812 -54.4593 5.7782 -30.916 -57.5498
2 24 5.7782 0 -57.5498 10 0 -58.6811
2 24 5.7782 -30.916 -57.5498 10 -26.4239 -58.6811
2 24 10 0 -58.6811 14.2218 0 -57.5498
2 24 10 -26.4239 -58.6811 14.2218 -25.882 -57.5498
2 24 14.2218 0 -57.5498 17.3124 0 -54.4593
2 24 14.2218 -25.882 -57.5498 17.3448 -29.4621 -54.2943
2 24 17.3124 0 -54.4593 18.4436 0 -50.2375
2 24 17.3448 -29.4621 -54.2943 18.4435 -34.708 -50.2375
2 24 17.3123 0 -46.0157 18.4436 0 -50.2375
2 24 17.3123 -40.8215 -46.0157 18.4435 -34.708 -50.2375
2 24 6.8017 0 -4.6979 4.4604 0 -7.0392
2 24 5.7782 0 -2.9251 2.6877 0 -6.0157
2 24 4.4604 0 -7.0392 3.6034 0 -10.2375
2 24 2.6877 0 -6.0157 1.5564 0 -10.2375
2 24 3.6034 0 -10.2375 4.4604 0 -13.4358
2 24 1.5564 0 -10.2375 2.6877 0 -14.4593
2 24 4.4604 0 -13.4358 6.8017 0 -15.7771
2 24 2.6877 0 -14.4593 5.7782 0 -17.5498
2 24 6.8017 0 -15.7771 10 0 -16.6341
2 24 5.7782 0 -17.5498 10 0 -18.6811
2 24 10 0 -16.6341 13.1983 0 -15.7771
2 24 10 0 -18.6811 14.2218 0 -17.5498
2 24 4.4604 0 -7.0392 6.8017 0 -4.6979
2 24 4.4604 -59.1873 -7.0392 6.8017 -59.1873 -4.6979
2 24 4.4604 0 -7.0392 3.6034 0 -10.2375
2 24 4.4604 -59.1873 -7.0392 3.6034 -59.1124 -10.2375
2 24 3.6034 0 -10.2375 4.4604 0 -13.4358
2 24 3.6034 -59.1124 -10.2375 4.4604 -58.8891 -13.4358
2 24 4.4604 0 -13.4358 6.8017 0 -15.7771
2 24 4.4604 -58.8891 -13.4358 6.8017 -58.3966 -15.7771
2 24 6.8017 0 -15.7771 10 0 -16.6341
2 24 6.8017 -58.3966 -15.7771 10 -57.7668 -16.6341
2 24 10 0 -16.6341 13.1983 0 -15.7771
2 24 10 -57.7668 -16.6341 13.1983 -57.3492 -15.7771
2 24 5.7782 0 -2.9251 2.6877 0 -6.0157
2 24 5.7782 -59.2841 -2.9251 2.6876 -59.2841 -6.0157
2 24 2.6877 0 -6.0157 1.5564 0 -10.2375
2 24 2.6876 -59.2841 -6.0157 1.5564 -59.2895 -10.2375
2 24 1.5564 0 -10.2375 2.6877 0 -14.4593
2 24 1.5564 -59.2895 -10.2375 2.6876 -59.0991 -14.4593
2 24 2.6877 0 -14.4593 5.7782 0 -17.5498
2 24 2.6876 -59.0991 -14.4593 5.7782 -58.1392 -17.5498
2 24 5.7782 0 -17.5498 10 0 -18.6811
2 24 5.7782 -58.1392 -17.5498 10 -57.5133 -18.6811
2 24 10 0 -18.6811 14.2218 0 -17.5498
2 24 10 -57.5133 -18.6811 14.2218 -56.9048 -17.5498
2 24 17.3114 -53.5564 -26.0158 18.4426 -51.1131 -30.2375
2 24 22.6877 -51.7349 -26.0157 21.5565 -50.18 -30.2375
2 24 14.2209 -55.4572 -22.9252 9.9991 -57.171 -21.794
2 24 14.2218 -56.9048 -17.5498 10 -57.5133 -18.6811
2 24 17.3114 -53.5564 -26.0158 14.2209 -55.4572 -22.9252
2 24 5.7773 -50.7319 -37.5499 9.9991 -49.6501 -38.6811
2 24 5.7782 -47.4995 -42.9252 10 -47.8693 -41.7939
2 24 9.9991 -49.6501 -38.6811 14.2209 -48.5018 -37.5499
2 24 10 -47.8693 -41.7939 14.2218 -44.7907 -42.9252
2 24 18.4426 -51.1131 -30.2375 17.3114 -49.45 -34.4593
2 24 21.5565 -50.18 -30.2375 22.6877 -47.2795 -34.4593
2 24 22.6877 -47.2795 -34.4593 25.7782 -43.7873 -37.5498
2 24 14.2218 -44.7907 -42.9252 17.3123 -40.8215 -46.0157
2 24 14.2209 -48.5018 -37.5499 17.3114 -49.45 -34.4593
2 24 9.9991 -57.171 -21.794 5.7773 -56.9577 -22.9252
2 24 10 -57.5133 -18.6811 5.7782 -58.1392 -17.5498
2 24 3.6024 -55.0678 -30.2375 4.4594 -53.7613 -33.4358
2 24 15.5387 -54.5807 -27.0392 16.3957 -53.3945 -30.2375
2 24 16.3957 -53.3945 -30.2375 15.5387 -52.1455 -33.4358
2 24 15.5387 -52.1455 -33.4358 13.1974 -51.2991 -35.7772
2 24 13.1974 -51.2991 -35.7772 9.9991 -51.4542 -36.6342
2 24 9.9991 -51.4542 -36.6342 6.8008 -52.4175 -35.7772
2 24 4.4594 -53.7613 -33.4358 6.8008 -52.4175 -35.7772
2 24 3.6024 -55.0678 -30.2375 4.4594 -56.2489 -27.0392
2 24 4.4594 -56.2489 -27.0392 6.8008 -56.746 -24.6979
2 24 6.8008 -56.746 -24.6979 9.9991 -56.5871 -23.8409
2 24 9.9991 -56.5871 -23.8409 13.1974 -55.6076 -24.6979
2 24 15.5387 -54.5807 -27.0392 13.1974 -55.6076 -24.6979
2 24 3.6034 -41.5075 -50.2375 4.4604 -37.7873 -53.4358
2 24 15.5396 -40.7872 -47.0392 16.3966 -36.5631 -50.2375
2 24 16.3966 -36.5631 -50.2375 15.5396 -32.5665 -53.4358
2 24 15.5396 -32.5665 -53.4358 13.1983 -30.0337 -55.7771
2 24 13.1983 -30.0337 -55.7771 10 -30.2488 -56.6341
2 24 10 -30.2488 -56.6341 6.8017 -33.5157 -55.7771
2 24 4.4604 -37.7873 -53.4358 6.8017 -33.5157 -55.7771
2 24 3.6034 -41.5075 -50.2375 4.4604 -44.4382 -47.0392
2 24 4.4604 -44.4382 -47.0392 6.8017 -45.7653 -44.6979
2 24 6.8017 -45.7653 -44.6979 10 -45.4862 -43.8409
2 24 10 -45.4862 -43.8409 13.1983 -43.6014 -44.6979
2 24 15.5396 -40.7872 -47.0392 13.1983 -43.6014 -44.6979
2 24 5.7782 -58.1392 -17.5498 2.6876 -59.0991 -14.4593
2 24 5.7773 -56.9577 -22.9252 2.6867 -56.45 -26.0158
2 24 2.6876 -59.2841 -6.0157 5.7782 -59.2841 -2.9251
2 24 2.6876 -59.0991 -14.4593 1.5564 -59.2895 -10.2375
2 24 2.6876 -59.2841 -6.0157 1.5564 -59.2895 -10.2375
2 24 -6.8116 -59.1869 6.525 -6.8116 -58.5745 -15.0076
2 24 10 -26.4239 -58.6811 14.2218 -25.882 -57.5498
2 24 18.4435 -34.708 -50.2375 17.3448 -29.4621 -54.2943
2 24 21.5564 -31.733 -50 22.6876 -24.8849 -54.2218
2 24 30 -37.4272 -41.5565 25.7782 -38.9469 -42.6877
2 24 25.7782 -43.7873 -37.5498 30 -40.639 -38.6811
2 24 25.7782 -38.9469 -42.6877 22.6876 -37.5369 -45.7782
2 24 21.5564 -31.733 -50 22.6876 -37.5369 -45.7782
2 24 17.3123 -40.8215 -46.0157 18.4435 -34.708 -50.2375
2 24 30 -40.639 -38.6811 34.2218 -38.783 -37.5498
2 24 30 -37.4272 -41.5565 34.2218 -31.6234 -42.6877
2 24 10 -26.4239 -58.6811 5.7782 -30.916 -57.5498
2 24 5.7782 -30.916 -57.5498 2.6876 -37.5812 -54.4593
2 24 2.6876 -37.5812 -54.4593 1.5564 -42.5569 -50.2375
2 24 -6.8116 -52.9023 -34.8812 -6.8116 -36.7408 -54.5259
2 24 2.6876 -46.3146 -46.0157 1.5564 -42.5569 -50.2375
2 24 -6.8116 -58.5745 -15.0076 -6.8116 -52.9023 -34.8812
2 24 2.6867 -56.45 -26.0158 1.5555 -55.2893 -30.2375
2 24 2.6867 -52.968 -34.4593 1.5555 -55.2893 -30.2375
2 24 5.7773 -50.7319 -37.5499 2.6867 -52.968 -34.4593
2 24 5.7782 -47.4995 -42.9252 2.6876 -46.3146 -46.0157
2 24 38.1699 -7.8724 -48.9788 37.3123 -21.5989 -45.7782
2 24 34.2218 -31.6234 -42.6877 37.3123 -21.5989 -45.7782
2 24 -6.8116 -12.0793 -65.5178 -6.8116 -36.7408 -54.5259
2 24 14.2218 -25.882 -57.5498 17.3448 -29.4621 -54.2943
2 24 30 0 -23.8409 26.8017 0 -24.6979
2 24 30 -49.0362 -23.8409 26.8017 -50.302 -24.6979
2 24 30 0 -23.8409 33.1983 0 -24.6979
2 24 30 -49.0362 -23.8409 33.1983 -46.8126 -24.6979
2 24 33.1983 0 -24.6979 35.5397 0 -27.0392
2 24 33.1983 -46.8126 -24.6979 35.5397 -44.167 -27.0392
2 24 35.5397 0 -27.0392 36.3966 0 -30.2375
2 24 35.5397 -44.167 -27.0392 36.3966 -41.8082 -30.2375
2 24 36.3966 0 -30.2375 35.5397 0 -33.4358
2 24 36.3966 -41.8082 -30.2375 35.5397 -40.4284 -33.4358
2 24 30 0 -21.794 25.7782 0 -22.9252
2 24 30 -50.18 -21.794 25.7782 -51.7349 -22.9252
2 24 30 0 -21.794 34.2218 0 -22.9252
2 24 30 -50.18 -21.794 34.2218 -47.2795 -22.9252
2 24 34.2218 0 -22.9252 37.3123 0 -26.0157
2 24 34.2218 -47.2795 -22.9252 37.3123 -43.7873 -26.0157
2 24 37.3123 0 -26.0157 38.4436 0 -30.2375
2 24 37.3123 -43.7873 -26.0157 38.4436 -40.639 -30.2375
2 24 38.4436 0 -30.2375 37.3123 0 -34.4593
2 24 38.4436 -40.639 -30.2375 37.3123 -38.783 -34.4593
2 24 38.4436 0 -30.2375 37.3123 0 -34.4593
2 24 36.3966 0 -30.2375 35.5397 0 -33.4358
2 24 38.4436 0 -30.2375 37.3123 0 -26.0157
2 24 36.3966 0 -30.2375 35.5397 0 -27.0392
2 24 37.3123 0 -26.0157 34.2218 0 -22.9252
2 24 35.5397 0 -27.0392 33.1983 0 -24.6979
2 24 34.2218 0 -22.9252 30 0 -21.794
2 24 33.1983 0 -24.6979 30 0 -23.8409
2 24 30 0 -21.794 25.7782 0 -22.9252
2 24 30 0 -23.8409 26.8017 0 -24.6979
2 24 24.4604 0 -27.0392 26.8017 0 -24.6979
2 24 24.4604 -50.302 -27.0392 26.8017 -50.302 -24.6979
2 24 22.6877 0 -26.0157 25.7782 0 -22.9252
2 24 24.4604 0 -27.0392 26.8017 0 -24.6979
2 24 22.6877 0 -26.0157 25.7782 0 -22.9252
2 24 22.6877 -51.7349 -26.0157 25.7782 -51.7349 -22.9252
2 24 34.2218 0 -37.5498 37.3123 0 -34.4593
2 24 34.2218 -38.783 -37.5498 37.3123 -38.783 -34.4593
2 24 34.2218 0 -37.5498 37.3123 0 -34.4593
2 24 33.1983 0 -35.7771 35.5397 0 -33.4358
2 24 33.1983 0 -35.7771 35.5397 0 -33.4358
2 24 33.1983 -40.4284 -35.7771 35.5397 -40.4284 -33.4358
2 24 24.4594 0 -13.4358 26.8008 0 -15.7772
2 24 22.6868 0 -14.4593 25.7773 0 -17.5499
2 24 24.4594 0 -13.4358 23.6024 0 -10.2375
2 24 22.6868 0 -14.4593 21.5555 0 -10.2375
2 24 23.6024 0 -10.2375 24.4594 0 -7.0392
2 24 21.5555 0 -10.2375 22.6868 0 -6.0158
2 24 24.4594 0 -7.0392 26.8008 0 -4.6979
2 24 22.6868 0 -6.0158 25.7773 0 -2.9252
2 24 26.8008 0 -4.6979 29.9991 0 -3.8409
2 24 25.7773 0 -2.9252 29.9991 0 -1.794
2 24 29.9991 0 -3.8409 33.1974 0 -4.6979
2 24 29.9991 0 -1.794 34.2209 0 -2.9252
2 24 33.1974 0 -4.6979 35.5387 0 -7.0392
2 24 34.2209 0 -2.9252 37.3114 0 -6.0158
2 24 35.5387 0 -7.0392 36.3957 0 -10.2375
2 24 37.3114 0 -6.0158 38.4426 0 -10.2375
2 24 36.3957 0 -10.2375 35.5387 0 -13.4358
2 24 38.4426 0 -10.2375 37.3114 0 -14.4593
2 24 35.5387 0 -13.4358 33.1974 0 -15.7772
2 24 37.3114 0 -14.4593 34.2209 0 -17.5499
2 24 33.1974 0 -15.7772 29.9991 0 -16.6342
2 24 34.2209 0 -17.5499 29.9991 0 -18.6811
2 24 26.8008 0 -15.7772 29.9991 0 -16.6342
2 24 25.7773 0 -17.5499 29.9991 0 -18.6811
2 24 26.8008 0 -15.7772 24.4594 0 -13.4358
2 24 26.8008 -54.5807 -15.7772 24.4594 -55.6076 -13.4358
2 24 24.4594 0 -13.4358 23.6024 0 -10.2375
2 24 24.4594 -55.6076 -13.4358 23.6024 -56.5871 -10.2375
2 24 23.6024 0 -10.2375 24.4594 0 -7.0392
2 24 23.6024 -56.5871 -10.2375 24.4594 -56.746 -7.0392
2 24 24.4594 0 -7.0392 26.8008 0 -4.6979
2 24 24.4594 -56.746 -7.0392 26.8008 -56.2489 -4.6979
2 24 26.8008 0 -4.6979 29.9991 0 -3.8409
2 24 26.8008 -56.2489 -4.6979 29.9991 -55.0678 -3.8409
2 24 29.9991 0 -3.8409 33.1974 0 -4.6979
2 24 29.9991 -55.0678 -3.8409 33.1974 -53.7613 -4.6979
2 24 33.1974 0 -4.6979 35.5387 0 -7.0392
2 24 33.1974 -53.7613 -4.6979 35.5387 -52.4175 -7.0392
2 24 35.5387 0 -7.0392 36.3957 0 -10.2375
2 24 35.5387 -52.4175 -7.0392 36.3957 -51.4542 -10.2375
2 24 36.3957 0 -10.2375 35.5387 0 -13.4358
2 24 36.3957 -51.4542 -10.2375 35.5387 -51.2991 -13.4358
2 24 35.5387 0 -13.4358 33.1974 0 -15.7772
2 24 35.5387 -51.2991 -13.4358 33.1974 -52.1455 -15.7772
2 24 33.1974 0 -15.7772 29.9991 0 -16.6342
2 24 33.1974 -52.1455 -15.7772 29.9991 -53.3945 -16.6342
2 24 26.8008 0 -15.7772 29.9991 0 -16.6342
2 24 26.8008 -54.5807 -15.7772 29.9991 -53.3945 -16.6342
2 24 25.7773 0 -17.5499 22.6868 0 -14.4593
2 24 25.7773 -53.5564 -17.5499 22.6868 -55.4572 -14.4593
2 24 22.6868 0 -14.4593 21.5555 0 -10.2375
2 24 22.6868 -55.4572 -14.4593 21.5555 -57.171 -10.2375
2 24 21.5555 0 -10.2375 22.6868 0 -6.0158
2 24 21.5555 -57.171 -10.2375 22.6868 -56.9577 -6.0157
2 24 22.6868 0 -6.0158 25.7773 0 -2.9252
2 24 22.6868 -56.9577 -6.0157 25.7773 -56.45 -2.9252
2 24 25.7773 0 -2.9252 29.9991 0 -1.794
2 24 25.7773 -56.45 -2.9252 29.9991 -55.2893 -1.794
2 24 29.9991 0 -1.794 34.2209 0 -2.9252
2 24 29.9991 -55.2893 -1.794 34.2209 -52.968 -2.9252
2 24 34.2209 0 -2.9252 37.3114 0 -6.0158
2 24 34.2209 -52.968 -2.9252 37.3114 -50.7319 -6.0157
2 24 37.3114 0 -6.0158 38.4426 0 -10.2375
2 24 37.3114 -50.7319 -6.0157 38.4426 -49.6501 -10.2375
2 24 38.4426 0 -10.2375 37.3114 0 -14.4593
2 24 38.4426 -49.6501 -10.2375 37.3114 -48.5018 -14.4593
2 24 37.3114 0 -14.4593 34.2209 0 -17.5499
2 24 37.3114 -48.5018 -14.4593 34.2209 -49.45 -17.5499
2 24 34.2209 0 -17.5499 29.9991 0 -18.6811
2 24 34.2209 -49.45 -17.5499 29.9991 -51.1131 -18.6811
2 24 25.7773 0 -17.5499 29.9991 0 -18.6811
2 24 25.7773 -53.5564 -17.5499 29.9991 -51.1131 -18.6811
2 24 46.8017 0 -15.7771 44.4604 0 -13.4358
2 24 46.8017 -40.6776 -15.7771 44.4604 -43.6014 -13.4358
2 24 44.4604 0 -13.4358 43.6034 0 -10.2375
2 24 44.4604 -43.6014 -13.4358 43.6034 -45.4862 -10.2375
2 24 43.6034 0 -10.2375 44.4604 0 -7.0392
2 24 43.6034 -45.4862 -10.2375 44.4604 -45.7653 -7.0392
2 24 44.4604 0 -7.0392 46.8017 0 -4.6979
2 24 44.4604 -45.7653 -7.0392 46.8017 -44.3286 -4.6979
2 24 46.8017 0 -4.6979 50 0 -3.8409
2 24 46.8017 -44.3286 -4.6979 50 -41.3979 -3.8409
2 24 50 0 -3.8409 53.1983 0 -4.6979
2 24 50 -41.3979 -3.8409 53.1983 -37.7873 -4.6979
2 24 53.1983 0 -4.6979 55.5396 0 -7.0392
2 24 53.1983 -37.7873 -4.6979 55.5396 -33.5157 -7.0392
2 24 55.5396 0 -7.0392 56.3966 0 -10.2375
2 24 55.5396 -33.5157 -7.0392 56.3966 -30.2488 -10.2375
2 24 56.3966 0 -10.2375 55.5396 0 -13.4358
2 24 56.3966 -30.2488 -10.2375 55.5396 -30.0337 -13.4358
2 24 55.5396 0 -13.4358 53.1983 0 -15.7771
2 24 55.5396 -30.0337 -13.4358 53.1983 -32.5665 -15.7771
2 24 53.1983 0 -15.7771 50 0 -16.6341
2 24 53.1983 -32.5665 -15.7771 50 -36.4535 -16.6341
2 24 46.8017 0 -15.7771 50 0 -16.6341
2 24 46.8017 -40.6776 -15.7771 50 -36.4535 -16.6341
2 24 45.7782 0 -17.5498 42.6877 0 -14.4593
2 24 45.7782 -40.7119 -17.5498 42.6877 -44.7907 -14.4593
2 24 42.6877 0 -14.4593 41.5565 0 -10.2375
2 24 42.6877 -44.7907 -14.4593 41.5565 -47.8693 -10.2375
2 24 41.5565 0 -10.2375 42.6877 0 -6.0157
2 24 41.5565 -47.8693 -10.2375 42.6877 -47.4995 -6.0157
2 24 42.6877 0 -6.0157 45.7782 0 -2.9251
2 24 42.6877 -47.4995 -6.0157 45.7782 -46.205 -2.9251
2 24 45.7782 0 -2.9251 50 0 -1.7939
2 24 45.7782 -46.205 -2.9251 50 -42.4473 -1.7939
2 24 50 0 -1.7939 54.2218 0 -2.9251
2 24 50 -42.4473 -1.7939 54.2218 -37.5812 -2.9251
2 24 54.2218 0 -2.9251 57.3123 0 -6.0157
2 24 54.2218 -37.5812 -2.9251 57.3123 -30.916 -6.0157
2 24 57.3123 0 -6.0157 58.4436 0 -10.2375
2 24 57.3123 -30.916 -6.0157 58.4436 -26.4239 -10.2375
2 24 58.4436 0 -10.2375 57.3123 0 -14.4593
2 24 58.4436 -26.4239 -10.2375 57.3123 -25.882 -14.4593
2 24 57.3123 0 -14.4593 54.2218 0 -17.5499
2 24 57.3123 -25.882 -14.4593 54.1936 -29.448 -17.6616
2 24 54.2218 0 -17.5499 50 0 -18.6811
2 24 54.1936 -29.448 -17.6616 50 -34.5983 -18.6811
2 24 45.7782 0 -17.5498 50 0 -18.6811
2 24 45.7782 -40.7119 -17.5498 50 -34.5983 -18.6811
2 24 41.5565 0 -10.2375 42.6877 0 -6.0157
2 24 43.6034 0 -10.2375 44.4604 0 -7.0392
2 24 41.5565 0 -10.2375 42.6877 0 -14.4593
2 24 43.6034 0 -10.2375 44.4604 0 -13.4358
2 24 42.6877 0 -14.4593 45.7782 0 -17.5498
2 24 44.4604 0 -13.4358 46.8017 0 -15.7771
2 24 45.7782 0 -17.5498 50 0 -18.6811
2 24 46.8017 0 -15.7771 50 0 -16.6341
2 24 50 0 -18.6811 54.2218 0 -17.5499
2 24 50 0 -16.6341 53.1983 0 -15.7771
2 24 54.2218 0 -17.5499 57.3123 0 -14.4593
2 24 53.1983 0 -15.7771 55.5396 0 -13.4358
2 24 57.3123 0 -14.4593 58.4436 0 -10.2375
2 24 55.5396 0 -13.4358 56.3966 0 -10.2375
2 24 58.4436 0 -10.2375 57.3123 0 -6.0157
2 24 56.3966 0 -10.2375 55.5396 0 -7.0392
2 24 57.3123 0 -6.0157 54.2218 0 -2.9251
2 24 55.5396 0 -7.0392 53.1983 0 -4.6979
2 24 54.2218 0 -2.9251 50 0 -1.7939
2 24 53.1983 0 -4.6979 50 0 -3.8409
2 24 50 0 -1.7939 45.7782 0 -2.9251
2 24 50 0 -3.8409 46.8017 0 -4.6979
2 24 42.6877 0 -6.0157 45.7782 0 -2.9251
2 24 44.4604 0 -7.0392 46.8017 0 -4.6979
2 24 6.8017 0 -4.6979 10 0 -3.8409
2 24 5.7782 0 -2.9251 10 0 -1.7939
2 24 10 0 -3.8409 13.1983 0 -4.6979
2 24 10 0 -1.7939 14.2218 0 -2.9251
2 24 13.1983 0 -4.6979 15.5396 0 -7.0392
2 24 14.2218 0 -2.9251 17.3123 0 -6.0157
2 24 15.5396 0 -7.0392 16.3966 0 -10.2375
2 24 17.3123 0 -6.0157 18.4436 0 -10.2375
2 24 16.3966 0 -10.2375 15.5396 0 -13.4358
2 24 18.4436 0 -10.2375 17.3123 0 -14.4593
2 24 6.8017 0 -4.6979 10 0 -3.8409
2 24 6.8017 -59.1873 -4.6979 10 -59.1124 -3.8409
2 24 10 0 -3.8409 13.1983 0 -4.6979
2 24 10 -59.1124 -3.8409 13.1983 -58.8891 -4.6979
2 24 13.1983 0 -4.6979 15.5396 0 -7.0392
2 24 13.1983 -58.8891 -4.6979 15.5396 -58.3966 -7.0392
2 24 15.5396 0 -7.0392 16.3966 0 -10.2375
2 24 15.5396 -58.3966 -7.0392 16.3966 -57.7668 -10.2375
2 24 16.3966 0 -10.2375 15.5396 0 -13.4358
2 24 16.3966 -57.7668 -10.2375 15.5396 -57.3492 -13.4358
2 24 5.7782 0 -2.9251 10 0 -1.7939
2 24 5.7782 -59.2841 -2.9251 10 -59.2895 -1.7939
2 24 10 0 -1.7939 14.2218 0 -2.9251
2 24 10 -59.2895 -1.7939 14.2218 -59.0991 -2.9251
2 24 14.2218 0 -2.9251 17.3123 0 -6.0157
2 24 14.2218 -59.0991 -2.9251 17.3123 -58.1392 -6.0157
2 24 17.3123 0 -6.0157 18.4436 0 -10.2375
2 24 17.3123 -58.1392 -6.0157 18.4436 -57.5133 -10.2375
2 24 18.4436 0 -10.2375 17.3123 0 -14.4593
2 24 18.4436 -57.5133 -10.2375 17.3123 -56.9048 -14.4593
2 24 14.2218 0 -17.5498 17.3123 0 -14.4593
2 24 14.2218 -56.9048 -17.5498 17.3123 -56.9048 -14.4593
2 24 13.1983 0 -15.7771 15.5396 0 -13.4358
2 24 14.2218 0 -17.5498 17.3123 0 -14.4593
2 24 13.1983 0 -15.7771 15.5396 0 -13.4358
2 24 13.1983 -57.3492 -15.7771 15.5396 -57.3492 -13.4358
2 24 14.2218 -56.9048 -17.5498 17.3123 -56.9048 -14.4593
2 24 22.6877 -51.7349 -26.0157 25.7782 -51.7349 -22.9252
2 24 25.7782 -51.7349 -22.9252 30 -50.18 -21.794
2 24 29.9991 -51.1131 -18.6811 25.7773 -53.5564 -17.5499
2 24 22.6868 -55.4572 -14.4593 21.5555 -57.171 -10.2375
2 24 17.3123 -56.9048 -14.4593 18.4436 -57.5133 -10.2375
2 24 25.7773 -53.5564 -17.5499 22.6868 -55.4572 -14.4593
2 24 41.5565 -47.8693 -10.2375 42.6877 -47.4995 -6.0157
2 24 38.4426 -49.6501 -10.2375 37.3114 -50.7319 -6.0157
2 24 38.4426 -49.6501 -10.2375 37.3114 -48.5018 -14.4593
2 24 41.5565 -47.8693 -10.2375 42.6877 -44.7907 -14.4593
2 24 30 -50.18 -21.794 34.2218 -47.2795 -22.9252
2 24 29.9991 -51.1131 -18.6811 34.2209 -49.45 -17.5499
2 24 34.2218 -47.2795 -22.9252 37.3123 -43.7873 -26.0157
2 24 42.6877 -44.7907 -14.4593 45.7782 -40.7119 -17.5498
2 24 37.3114 -48.5018 -14.4593 34.2209 -49.45 -17.5499
2 24 21.5555 -57.171 -10.2375 22.6868 -56.9577 -6.0157
2 24 18.4436 -57.5133 -10.2375 17.3123 -58.1392 -6.0157
2 24 29.9991 -55.0678 -3.8409 33.1974 -53.7613 -4.6979
2 24 26.8008 -54.5807 -15.7772 29.9991 -53.3945 -16.6342
2 24 29.9991 -53.3945 -16.6342 33.1974 -52.1455 -15.7772
2 24 33.1974 -52.1455 -15.7772 35.5387 -51.2991 -13.4358
2 24 35.5387 -51.2991 -13.4358 36.3957 -51.4542 -10.2375
2 24 36.3957 -51.4542 -10.2375 35.5387 -52.4175 -7.0392
2 24 33.1974 -53.7613 -4.6979 35.5387 -52.4175 -7.0392
2 24 29.9991 -55.0678 -3.8409 26.8008 -56.2489 -4.6979
2 24 26.8008 -56.2489 -4.6979 24.4594 -56.746 -7.0392
2 24 24.4594 -56.746 -7.0392 23.6024 -56.5871 -10.2375
2 24 23.6024 -56.5871 -10.2375 24.4594 -55.6076 -13.4358
2 24 26.8008 -54.5807 -15.7772 24.4594 -55.6076 -13.4358
2 24 50 -41.3979 -3.8409 53.1983 -37.7873 -4.6979
2 24 46.8017 -40.6776 -15.7771 50 -36.4535 -16.6341
2 24 50 -36.4535 -16.6341 53.1983 -32.5665 -15.7771
2 24 53.1983 -32.5665 -15.7771 55.5396 -30.0337 -13.4358
2 24 55.5396 -30.0337 -13.4358 56.3966 -30.2488 -10.2375
2 24 56.3966 -30.2488 -10.2375 55.5396 -33.5157 -7.0392
2 24 53.1983 -37.7873 -4.6979 55.5396 -33.5157 -7.0392
2 24 50 -41.3979 -3.8409 46.8017 -44.3286 -4.6979
2 24 46.8017 -44.3286 -4.6979 44.4604 -45.7653 -7.0392
2 24 44.4604 -45.7653 -7.0392 43.6034 -45.4862 -10.2375
2 24 43.6034 -45.4862 -10.2375 44.4604 -43.6014 -13.4358
2 24 46.8017 -40.6776 -15.7771 44.4604 -43.6014 -13.4358
2 24 17.3123 -58.1392 -6.0157 14.2218 -59.0991 -2.9251
2 24 22.6868 -56.9577 -6.0157 25.7773 -56.45 -2.9252
2 24 14.2218 -59.0991 -2.9251 10 -59.2895 -1.7939
2 24 5.7782 -59.2841 -2.9251 10 -59.2895 -1.7939
2 24 -6.8116 -59.1869 6.525 15.0076 -58.5745 6.4759
2 24 58.4436 -26.4239 -10.2375 57.3123 -25.882 -14.4593
2 24 54.1176 -24.8849 -23.0472 49.8959 -31.6234 -21.916
2 24 54.1936 -29.448 -17.6616 50 -34.5983 -18.6811
2 24 37.3123 -43.7873 -26.0157 38.4436 -40.639 -30.2375
2 24 42.5835 -38.9469 -26.1377 41.4523 -37.4272 -30.3595
2 24 42.5835 -38.9469 -26.1377 45.6741 -37.4272 -23.0472
2 24 45.7782 -40.7119 -17.5498 50 -34.5983 -18.6811
2 24 49.8959 -31.6234 -21.916 45.6741 -37.4272 -23.0472
2 24 37.3123 -38.783 -34.4593 38.4436 -40.639 -30.2375
2 24 42.5835 -31.6234 -34.5813 41.4523 -37.4272 -30.3595
2 24 58.4436 -26.4239 -10.2375 57.3123 -30.916 -6.0157
2 24 57.3123 -30.916 -6.0157 54.2218 -37.5812 -2.9251
2 24 54.2218 -37.5812 -2.9251 50 -42.4473 -1.7939
2 24 45.7782 -46.205 -2.9251 50 -42.4473 -1.7939
2 24 34.8812 -52.8475 6.4759 54.5259 -36.686 6.4759
2 24 15.0076 -58.5745 6.4759 34.8812 -52.8475 6.4759
2 24 25.7773 -56.45 -2.9252 29.9991 -55.2893 -1.794
2 24 34.2209 -52.968 -2.9252 29.9991 -55.2893 -1.794
2 24 37.3114 -50.7319 -6.0157 34.2209 -52.968 -2.9252
2 24 42.6877 -47.4995 -6.0157 45.7782 -46.205 -2.9251
2 24 48.8747 -7.8724 -38.5295 45.6741 -21.5989 -37.6719
2 24 42.5835 -31.6234 -34.5813 45.6741 -21.5989 -37.6719
2 24 65.5147 -12.0793 6.5373 54.5259 -36.686 6.4759
2 24 57.3123 -25.882 -14.4593 54.1936 -29.448 -17.6616
2 24 34.2218 -38.783 -37.5498 37.3123 -38.783 -34.4593
2 24 35.5397 -40.4284 -33.4358 36.3966 -41.8082 -30.2375
2 24 15.5396 -57.3492 -13.4358 16.3966 -57.7668 -10.2375
2 24 56.9487 -10.8766 -25.8782 54.1176 -24.8849 -23.0472
2 24 9.8491 -64 10 -10 -64 10
2 24 23.6034 -49.0362 -30.2375 24.4604 -50.302 -27.0392
2 24 24.4604 -50.302 -27.0392 26.8017 -50.302 -24.6979
2 24 26.8017 -50.302 -24.6979 30 -49.0362 -23.8409
2 24 30 -49.0362 -23.8409 33.1983 -46.8126 -24.6979
2 24 33.1983 -46.8126 -24.6979 35.5397 -44.167 -27.0392
2 24 36.3966 -41.8082 -30.2375 35.5397 -44.167 -27.0392
2 24 35.5397 -40.4284 -33.4358 33.1983 -40.4284 -35.7771
2 24 33.1983 -40.4284 -35.7771 30 -41.8082 -36.6341
2 24 30 -41.8082 -36.6341 26.8017 -44.167 -35.7771
2 24 26.8017 -44.167 -35.7771 24.4604 -46.8126 -33.4358
2 24 23.6034 -49.0362 -30.2375 24.4604 -46.8126 -33.4358
2 24 3.6034 -59.1124 -10.2375 4.4604 -59.1873 -7.0392
2 24 4.4604 -59.1873 -7.0392 6.8017 -59.1873 -4.6979
2 24 6.8017 -59.1873 -4.6979 10 -59.1124 -3.8409
2 24 10 -59.1124 -3.8409 13.1983 -58.8891 -4.6979
2 24 13.1983 -58.8891 -4.6979 15.5396 -58.3966 -7.0392
2 24 16.3966 -57.7668 -10.2375 15.5396 -58.3966 -7.0392
2 24 15.5396 -57.3492 -13.4358 13.1983 -57.3492 -15.7771
2 24 13.1983 -57.3492 -15.7771 10 -57.7668 -16.6341
2 24 10 -57.7668 -16.6341 6.8017 -58.3966 -15.7771
2 24 6.8017 -58.3966 -15.7771 4.4604 -58.8891 -13.4358
2 24 3.6034 -59.1124 -10.2375 4.4604 -58.8891 -13.4358
2 24 65.5147 -12.0793 6.5373 54.5259 -36.686 6.4759
2 24 54.5259 -36.686 6.4759 34.8812 -52.8475 6.4759
2 24 34.8812 -52.8475 6.4759 15.0076 -58.5745 6.4759
2 24 -6.8116 -6.9532 6.525 -6.8116 -59.1869 6.525
2 24 -6.8116 -58.5745 -15.0076 -6.8116 -59.1869 6.525
2 24 15.0076 -58.5745 6.4759 -6.8116 -59.1869 6.525
2 24 -6.8116 -6.9532 6.525 -6.8116 -59.1869 6.525
2 24 -6.8116 -58.5745 -15.0076 -6.8116 -52.9023 -34.8812
2 24 -6.8116 -52.9023 -34.8812 -6.8116 -36.7408 -54.5259
2 24 -6.8116 -36.7408 -54.5259 -6.8116 -12.0793 -65.5178
2 24 -6.8116 -12.0793 -65.5178 -6.8116 0 -66.1512
2 24 -6.8116 0 -66.1512 -6.8116 0 6.525
2 24 -6.8116 -6.9532 6.525 -6.8116 0 6.525
2 24 -6.8116 0 -66.1512 -6.8116 0 6.525
2 24 -10 0 -69.9956 -10 0 10
2 24 57.39 -0.5102 -26.7265 57.1832 -1.6464 -26.2779
2 24 54.1176 0 -23.0472 57.2082 0 -26.1377
2 24 26.4076 -0.5286 -57.5081 26.0333 -1.787 -57.3184
2 24 25.7782 0 -57.3123 22.6877 0 -54.2218
2 24 57.2082 -3.6183 -26.1377 57.1832 -1.6464 -26.2779
2 24 25.5187 -10.8766 -57.0528 22.6876 -24.8849 -54.2218
2 24 26.8877 -4.7779 -60.9709 27.3236 -3.6228 -60.7457
2 24 27.3236 -3.6228 -60.7457 27.3074 -1.6859 -60.7618
2 24 28.7587 0 -59.983 27.7047 -0.4847 -60.5387
2 24 27.3074 -1.6859 -60.7618 27.7047 -0.4847 -60.5387
2 24 32.4689 0 -57.5115 28.7587 0 -59.983
2 24 32.4689 0 -57.5115 28.7587 0 -59.983
2 24 8.773 0 -67.7164 13.7805 0 -66.3308
2 24 15.3196 -1.6391 -65.8815 14.8905 -0.4946 -65.9974
2 24 13.7805 0 -66.3308 14.8905 -0.4946 -65.9974
2 24 15.3196 -1.6391 -65.8815 15.3322 -3.6153 -65.8712
2 24 15.3322 -3.6153 -65.8712 15.7909 -4.821 -65.7116
2 24 16.9376 -5.2692 -65.3067 15.7909 -4.821 -65.7116
2 24 -5.4144 -68.45 -3.126 -3.126 -68.45 -5.4144
2 24 -3.126 -68.45 -5.4144 0 -68.45 -6.252
2 24 0 -68.45 -6.252 3.126 -68.45 -5.4144
2 24 3.126 -68.45 -5.4144 5.4144 -68.45 -3.126
2 24 5.4144 -68.45 -3.126 6.252 -68.45 0
2 24 6.252 -68.45 0 5.4144 -68.45 3.126
2 24 5.4144 -68.45 3.126 3.126 -68.45 5.4144
2 24 3.126 -68.45 5.4144 0 -68.45 6.252
2 24 0 -68.45 6.252 -3.126 -68.45 5.4144
2 24 -3.126 -68.45 5.4144 -5.4144 -68.45 3.126
2 24 -5.4144 -68.45 3.126 -6.252 -68.45 0
2 24 -5.4144 -68.45 -3.126 -6.252 -68.45 0
2 24 -5.4144 -64 -3.126 -3.126 -64 -5.4144
2 24 -5.4144 -68.45 -3.126 -3.126 -68.45 -5.4144
2 24 -3.126 -64 -5.4144 0 -64 -6.252
2 24 -3.126 -68.45 -5.4144 0 -68.45 -6.252
2 24 0 -64 -6.252 3.126 -64 -5.4144
2 24 0 -68.45 -6.252 3.126 -68.45 -5.4144
2 24 3.126 -64 -5.4144 5.4144 -64 -3.126
2 24 3.126 -68.45 -5.4144 5.4144 -68.45 -3.126
2 24 5.4144 -64 -3.126 6.252 -64 0
2 24 5.4144 -68.45 -3.126 6.252 -68.45 0
2 24 6.252 -64 0 5.4144 -64 3.126
2 24 6.252 -68.45 0 5.4144 -68.45 3.126
2 24 5.4144 -64 3.126 3.126 -64 5.4144
2 24 5.4144 -68.45 3.126 3.126 -68.45 5.4144
2 24 3.126 -64 5.4144 0 -64 6.252
2 24 3.126 -68.45 5.4144 0 -68.45 6.252
2 24 0 -64 6.252 -3.126 -64 5.4144
2 24 0 -68.45 6.252 -3.126 -68.45 5.4144
2 24 -3.126 -64 5.4144 -5.4144 -64 3.126
2 24 -3.126 -68.45 5.4144 -5.4144 -68.45 3.126
2 24 -5.4144 -64 3.126 -6.252 -64 0
2 24 -5.4144 -68.45 3.126 -6.252 -68.45 0
2 24 -5.4144 -64 -3.126 -6.252 -64 0
2 24 -5.4144 -68.45 -3.126 -6.252 -68.45 0
2 24 38.0318 -12.2689 -10.2375 37.9694 -12.2762 -9.3448
2 24 37.9694 -12.2762 -9.3448 42.0627 -12.2762 -9.3448
2 24 41.9795 -12.2689 -10.2375 42.0627 -12.2762 -9.3448
2 24 42.0627 -12.2762 -9.3448 37.9694 -12.2762 -9.3448
2 24 42.0627 -12.2762 -9.3448 42.0627 -47.9343 -9.3375
2 24 37.9694 -12.2762 -9.3448 37.9694 -50.2174 -9.3375
2 24 42.0627 -47.9343 -9.3375 37.9694 -50.2174 -9.3375
2 24 42.0627 -12.2762 -11.1302 42.0627 -47.0634 -11.1375
2 24 42.0627 -12.2762 -11.1302 37.9694 -12.2762 -11.1302
2 24 42.0627 -47.0634 -11.1375 37.9694 -50.2174 -11.1375
2 24 37.9694 -12.2762 -11.1302 37.9694 -50.2174 -11.1375
2 24 38.0318 -12.2689 -10.2375 37.9694 -12.2762 -11.1302
2 24 41.9795 -12.2689 -10.2375 42.0627 -12.2762 -11.1302
2 24 37.9694 -12.2762 -11.1302 42.0627 -12.2762 -11.1302
2 24 22.0003 -12.2689 -10.2375 22.0627 -12.2762 -11.1302
2 24 22.0627 -12.2762 -11.1302 17.9694 -12.2762 -11.1302
2 24 18.0526 -12.2689 -10.2375 17.9694 -12.2762 -11.1302
2 24 22.0627 -12.2762 -11.1302 22.0627 -56.961 -11.1375
2 24 22.0627 -12.2762 -11.1302 17.9694 -12.2762 -11.1302
2 24 22.0627 -56.961 -11.1375 17.9694 -57.8763 -11.1375
2 24 17.9694 -12.2762 -11.1302 17.9694 -57.8763 -11.1375
2 24 22.0627 -12.2762 -9.3448 17.9694 -12.2762 -9.3448
2 24 22.0627 -12.2762 -9.3448 22.0627 -56.9611 -9.3375
2 24 17.9694 -12.2762 -9.3448 17.9694 -57.8764 -9.3375
2 24 22.0627 -56.9611 -9.3375 17.9694 -57.8764 -9.3375
2 24 22.0003 -12.2689 -10.2375 22.0627 -12.2762 -9.3448
2 24 18.0526 -12.2689 -10.2375 17.9694 -12.2762 -9.3448
2 24 22.0627 -12.2762 -9.3448 17.9694 -12.2762 -9.3448
2 24 22.0003 -12.2689 -30.2375 22.0627 -12.2762 -31.1302
2 24 22.0627 -12.2762 -31.1302 17.9694 -12.2762 -31.1302
2 24 18.0526 -12.2689 -30.2375 17.9694 -12.2762 -31.1302
2 24 22.0627 -12.2762 -31.1302 22.0627 -49.7833 -31.1375
2 24 22.0627 -12.2762 -31.1302 17.9694 -12.2762 -31.1302
2 24 22.0627 -49.7833 -31.1375 17.9694 -51.1121 -31.1375
2 24 17.9694 -12.2762 -31.1302 17.9694 -51.1121 -31.1375
2 24 22.0627 -12.2762 -29.3448 17.9694 -12.2762 -29.3448
2 24 22.0627 -12.2762 -29.3448 22.0627 -50.5934 -29.3375
2 24 17.9694 -12.2762 -29.3448 17.9694 -52.2201 -29.3375
2 24 22.0627 -50.5934 -29.3375 17.9694 -52.2201 -29.3375
2 24 22.0003 -12.2689 -30.2375 22.0627 -12.2762 -29.3448
2 24 18.0526 -12.2689 -30.2375 17.9694 -12.2762 -29.3448
2 24 22.0627 -12.2762 -29.3448 17.9694 -12.2762 -29.3448
2 24 38.0318 -12.2689 -30.4314 37.9694 -12.2762 -29.5387
2 24 37.9694 -12.2762 -29.5387 42.0627 -12.2762 -29.5387
2 24 41.9795 -12.2689 -30.4314 42.0627 -12.2762 -29.5387
2 24 42.0627 -12.2762 -29.5387 37.9694 -12.2762 -29.5387
2 24 42.0627 -12.2762 -29.5387 42.0627 -37.5676 -29.5314
2 24 37.9694 -12.2762 -29.5387 37.9694 -41.8154 -29.5314
2 24 42.0627 -37.5676 -29.5314 37.9694 -41.8154 -29.5314
2 24 42.0627 -12.2762 -31.3241 42.0627 -36.2304 -31.3314
2 24 42.0627 -12.2762 -31.3241 37.9694 -12.2762 -31.3241
2 24 42.0627 -36.2304 -31.3314 37.9694 -40.5822 -31.3314
2 24 37.9694 -12.2762 -31.3241 37.9694 -40.5822 -31.3314
2 24 38.0318 -12.2689 -30.4314 37.9694 -12.2762 -31.3241
2 24 41.9795 -12.2689 -30.4314 42.0627 -12.2762 -31.3241
2 24 37.9694 -12.2762 -31.3241 42.0627 -12.2762 -31.3241
2 24 22.0003 -12.2689 -50.2375 22.0627 -12.2762 -51.1302
2 24 22.0627 -12.2762 -51.1302 17.9694 -12.2762 -51.1302
2 24 18.0526 -12.2689 -50.2375 17.9694 -12.2762 -51.1302
2 24 22.0627 -12.2762 -51.1302 22.0627 -30.2171 -51.1375
2 24 22.0627 -12.2762 -51.1302 17.9694 -12.2762 -51.1302
2 24 22.0627 -30.2171 -51.1375 17.9694 -34.1367 -51.1375
2 24 17.9694 -12.2762 -51.1302 17.9694 -34.1367 -51.1375
2 24 22.0627 -12.2762 -49.3448 17.9694 -12.2762 -49.3448
2 24 22.0627 -12.2762 -49.3448 22.0627 -34.3066 -49.3375
2 24 17.9694 -12.2762 -49.3448 17.9694 -36.9484 -49.3375
2 24 22.0627 -34.3066 -49.3375 17.9694 -36.9484 -49.3375
2 24 22.0003 -12.2689 -50.2375 22.0627 -12.2762 -49.3448
2 24 18.0526 -12.2689 -50.2375 17.9694 -12.2762 -49.3448
2 24 22.0627 -12.2762 -49.3448 17.9694 -12.2762 -49.3448
2 24 10 -12.2689 -38.2599 10.8927 -12.2762 -38.1975
2 24 10.8927 -12.2762 -38.1975 10.8927 -12.2762 -42.2908
2 24 10 -12.2689 -42.2076 10.8927 -12.2762 -42.2908
2 24 10.8927 -12.2762 -42.2908 10.8927 -12.2762 -38.1975
2 24 10.8927 -12.2762 -42.2908 10.9 -47.0634 -42.2908
2 24 10.8927 -12.2762 -38.1975 10.9 -50.2174 -38.1975
2 24 10.9 -47.0634 -42.2908 10.9 -50.2174 -38.1975
2 24 9.1073 -12.2762 -42.2908 9.1 -47.8756 -42.2908
2 24 9.1073 -12.2762 -42.2908 9.1073 -12.2762 -38.1975
2 24 9.1 -47.8756 -42.2908 9.1 -50.2174 -38.1975
2 24 9.1073 -12.2762 -38.1975 9.1 -50.2174 -38.1975
2 24 10 -12.2689 -38.2599 9.1073 -12.2762 -38.1975
2 24 10 -12.2689 -42.2076 9.1073 -12.2762 -42.2908
2 24 9.1073 -12.2762 -38.1975 9.1073 -12.2762 -42.2908
2 24 10 -12.2689 -18.2657 10.8927 -12.2762 -18.2034
2 24 10.8927 -12.2762 -18.2034 10.8927 -12.2762 -22.2967
2 24 10 -12.2689 -22.2135 10.8927 -12.2762 -22.2967
2 24 10.8927 -12.2762 -22.2967 10.8927 -12.2762 -18.2034
2 24 10.8927 -12.2762 -22.2967 10.9 -57.127 -22.2967
2 24 10.8927 -12.2762 -18.2034 10.9 -58.1064 -18.2034
2 24 10.9 -57.127 -22.2967 10.9 -58.1064 -18.2034
2 24 9.1073 -12.2762 -22.2967 9.1 -57.127 -22.2967
2 24 9.1073 -12.2762 -22.2967 9.1073 -12.2762 -18.2034
2 24 9.1 -57.127 -22.2967 9.1 -58.1064 -18.2034
2 24 9.1073 -12.2762 -18.2034 9.1 -58.1064 -18.2034
2 24 10 -12.2689 -18.2657 9.1073 -12.2762 -18.2034
2 24 10 -12.2689 -22.2135 9.1073 -12.2762 -22.2967
2 24 9.1073 -12.2762 -18.2034 9.1073 -12.2762 -22.2967
2 24 30 -12.2689 -18.2657 30.8927 -12.2762 -18.2034
2 24 30.8927 -12.2762 -18.2034 30.8927 -12.2762 -22.2967
2 24 30 -12.2689 -22.2135 30.8927 -12.2762 -22.2967
2 24 30.8927 -12.2762 -22.2967 30.8927 -12.2762 -18.2034
2 24 30.8927 -12.2762 -22.2967 30.9 -49.6325 -22.2967
2 24 30.8927 -12.2762 -18.2034 30.9 -51.1438 -18.2034
2 24 30.9 -49.6325 -22.2967 30.9 -51.1438 -18.2034
2 24 29.1073 -12.2762 -22.2967 29.1 -50.7471 -22.2967
2 24 29.1073 -12.2762 -22.2967 29.1073 -12.2762 -18.2034
2 24 29.1 -50.7471 -22.2967 29.1 -52.2584 -18.2034
2 24 29.1073 -12.2762 -18.2034 29.1 -52.2584 -18.2034
2 24 30 -12.2689 -18.2657 29.1073 -12.2762 -18.2034
2 24 30 -12.2689 -22.2135 29.1073 -12.2762 -22.2967
2 24 29.1073 -12.2762 -18.2034 29.1073 -12.2762 -22.2967
2 24 30 -12.2689 -38.2599 30.8927 -12.2762 -38.1975
2 24 30.8927 -12.2762 -38.1975 30.8927 -12.2762 -42.2908
2 24 30 -12.2689 -42.2076 30.8927 -12.2762 -42.2908
2 24 30.8927 -12.2762 -42.2908 30.8927 -12.2762 -38.1975
2 24 30.8927 -12.2762 -42.2908 30.9 -36.6074 -42.2908
2 24 30.8927 -12.2762 -38.1975 30.9 -40.9991 -38.1975
2 24 30.9 -36.6074 -42.2908 30.9 -40.9991 -38.1975
2 24 29.1073 -12.2762 -42.2908 29.1 -37.8556 -42.2908
2 24 29.1073 -12.2762 -42.2908 29.1073 -12.2762 -38.1975
2 24 29.1 -37.8556 -42.2908 29.1 -41.9062 -38.1975
2 24 29.1073 -12.2762 -38.1975 29.1 -41.9062 -38.1975
2 24 30 -12.2689 -38.2599 29.1073 -12.2762 -38.1975
2 24 30 -12.2689 -42.2076 29.1073 -12.2762 -42.2908
2 24 29.1073 -12.2762 -38.1975 29.1073 -12.2762 -42.2908
2 24 50 -12.2689 -18.2657 50.8927 -12.2762 -18.2034
2 24 50.8927 -12.2762 -18.2034 50.8927 -12.2762 -22.2967
2 24 50 -12.2689 -22.2135 50.8927 -12.2762 -22.2967
2 24 50.8927 -12.2762 -22.2967 50.8927 -12.2762 -18.2034
2 24 50.8927 -12.2762 -22.2967 50.9 -31.8969 -22.2967
2 24 50.8927 -12.2762 -18.2034 50.9 -35.0509 -18.2034
2 24 50.9 -31.8969 -22.2967 50.9 -35.0509 -18.2034
2 24 49.1074 -12.2762 -22.2967 49.1 -34.1503 -22.2967
2 24 49.1074 -12.2762 -22.2967 49.1074 -12.2762 -18.2034
2 24 49.1 -34.1503 -22.2967 49.1 -37.3043 -18.2034
2 24 49.1074 -12.2762 -18.2034 49.1 -37.3043 -18.2034
2 24 50 -12.2689 -18.2657 49.1074 -12.2762 -18.2034
2 24 50 -12.2689 -22.2135 49.1074 -12.2762 -22.2967
2 24 49.1074 -12.2762 -18.2034 49.1074 -12.2762 -22.2967
2 24 60.7801 -0.018 5.7714 60.7677 -27.9127 5.7573
2 24 60.7801 -0.018 5.7714 59.2425 -0.018 5.7714
2 24 60.7677 -27.9127 5.7573 59.2236 -31.0192 5.7573
2 24 59.2425 -0.018 5.7714 59.2236 -31.0192 5.7573
2 24 59.2393 -0.0148 6.724 60.7834 -0.0148 6.724
2 24 59.2393 -0.0148 6.724 59.2425 -0.018 5.7714
2 24 60.7834 -0.0148 6.724 60.7801 -0.018 5.7714
2 24 59.2425 -0.018 5.7714 60.7801 -0.018 5.7714
2 24 60.7801 -0.018 5.7714 60.7834 -0.0148 6.724
2 24 60.7801 -0.018 5.7714 60.7677 -27.9127 5.7573
2 24 60.7834 -0.0148 6.724 60.775 -27.9127 6.7132
2 24 60.7677 -27.9127 5.7573 60.775 -27.9127 6.7132
2 24 59.2393 -0.0148 6.724 59.2425 -0.018 5.7714
2 24 59.2393 -0.0148 6.724 59.2163 -31.0192 6.7132
2 24 59.2425 -0.018 5.7714 59.2236 -31.0192 5.7573
2 24 59.2163 -31.0192 6.7132 59.2236 -31.0192 5.7573
2 24 40.764 -0.018 5.7714 40.7515 -50.3656 5.7573
2 24 40.764 -0.018 5.7714 39.2264 -0.018 5.7714
2 24 40.7515 -50.3656 5.7573 39.2075 -51.2371 5.7573
2 24 39.2264 -0.018 5.7714 39.2075 -51.2371 5.7573
2 24 39.2232 -0.0148 6.724 40.7672 -0.0148 6.724
2 24 39.2232 -0.0148 6.724 39.2264 -0.018 5.7714
2 24 40.7672 -0.0148 6.724 40.764 -0.018 5.7714
2 24 39.2264 -0.018 5.7714 40.764 -0.018 5.7714
2 24 40.764 -0.018 5.7714 40.7672 -0.0148 6.724
2 24 40.764 -0.018 5.7714 40.7515 -50.3656 5.7573
2 24 40.7672 -0.0148 6.724 40.7589 -50.3656 6.7132
2 24 40.7515 -50.3656 5.7573 40.7589 -50.3656 6.7132
2 24 39.2232 -0.0148 6.724 39.2264 -0.018 5.7714
2 24 39.2232 -0.0148 6.724 39.2001 -51.2371 6.7132
2 24 39.2264 -0.018 5.7714 39.2075 -51.2371 5.7573
2 24 39.2001 -51.2371 6.7132 39.2075 -51.2371 5.7573
2 24 20.7801 -0.018 5.7714 20.7677 -58.2205 5.7573
2 24 20.7801 -0.018 5.7714 19.2425 -0.018 5.7714
2 24 20.7677 -58.2205 5.7573 19.2236 -58.5176 5.7573
2 24 19.2425 -0.018 5.7714 19.2236 -58.5176 5.7573
2 24 19.2393 -0.0148 6.724 20.7834 -0.0148 6.724
2 24 19.2393 -0.0148 6.724 19.2425 -0.018 5.7714
2 24 20.7834 -0.0148 6.724 20.7801 -0.018 5.7714
2 24 19.2425 -0.018 5.7714 20.7801 -0.018 5.7714
2 24 20.7801 -0.018 5.7714 20.7834 -0.0148 6.724
2 24 20.7801 -0.018 5.7714 20.7677 -58.2205 5.7573
2 24 20.7834 -0.0148 6.724 20.775 -58.2205 6.7132
2 24 20.7677 -58.2205 5.7573 20.775 -58.2205 6.7132
2 24 19.2393 -0.0148 6.724 19.2425 -0.018 5.7714
2 24 19.2393 -0.0148 6.724 19.2163 -58.5176 6.7132
2 24 19.2425 -0.018 5.7714 19.2236 -58.5176 5.7573
2 24 19.2163 -58.5176 6.7132 19.2236 -58.5176 5.7573
2 24 -0.7413 -0.018 5.7714 0.7963 -0.018 5.7714
2 24 -0.7413 -0.018 5.7714 -0.7602 -59.3593 5.7573
2 24 0.7963 -0.018 5.7714 0.7838 -59.3593 5.7573
2 24 -0.7602 -59.3593 5.7573 0.7838 -59.3593 5.7573
2 24 -0.7446 -0.0148 6.724 0.7995 -0.0148 6.724
2 24 -0.7446 -0.0148 6.724 -0.7413 -0.018 5.7714
2 24 0.7995 -0.0148 6.724 0.7963 -0.018 5.7714
2 24 -0.7413 -0.018 5.7714 0.7963 -0.018 5.7714
2 24 0.7963 -0.018 5.7714 0.7995 -0.0148 6.724
2 24 0.7963 -0.018 5.7714 0.7838 -59.3593 5.7573
2 24 0.7995 -0.0148 6.724 0.7912 -59.3593 6.7132
2 24 0.7838 -59.3593 5.7573 0.7912 -59.3593 6.7132
2 24 -0.7446 -0.0148 6.724 -0.7413 -0.018 5.7714
2 24 -0.7446 -0.0148 6.724 -0.7676 -59.3593 6.7132
2 24 -0.7413 -0.018 5.7714 -0.7602 -59.3593 5.7573
2 24 -0.7676 -59.3593 6.7132 -0.7602 -59.3593 5.7573
2 24 -6.0621 -31.0192 -59.4611 -6.0621 -27.9127 -61.0052
2 24 -6.0621 -31.0192 -59.4611 -6.0762 -0.018 -59.48
2 24 -6.0621 -27.9127 -61.0052 -6.0762 -0.018 -61.0176
2 24 -6.0762 -0.018 -59.48 -6.0762 -0.018 -61.0176
2 24 -7.0288 -0.0148 -59.4768 -6.0762 -0.018 -59.48
2 24 -7.0288 -0.0148 -59.4768 -7.0288 -0.0148 -61.0209
2 24 -6.0762 -0.018 -59.48 -6.0762 -0.018 -61.0176
2 24 -7.0288 -0.0148 -61.0209 -6.0762 -0.018 -61.0176
2 24 -6.0762 -0.018 -61.0176 -6.0621 -27.9127 -61.0052
2 24 -6.0762 -0.018 -61.0176 -7.0288 -0.0148 -61.0209
2 24 -6.0621 -27.9127 -61.0052 -7.018 -27.9127 -61.0125
2 24 -7.0288 -0.0148 -61.0209 -7.018 -27.9127 -61.0125
2 24 -7.0288 -0.0148 -59.4768 -7.018 -31.0192 -59.4538
2 24 -7.0288 -0.0148 -59.4768 -6.0762 -0.018 -59.48
2 24 -7.018 -31.0192 -59.4538 -6.0621 -31.0192 -59.4611
2 24 -6.0762 -0.018 -59.48 -6.0621 -31.0192 -59.4611
2 24 -6.0621 -51.2371 -39.4611 -6.0621 -50.3656 -41.0052
2 24 -6.0621 -51.2371 -39.4611 -6.0762 -0.018 -39.48
2 24 -6.0621 -50.3656 -41.0052 -6.0762 -0.018 -41.0176
2 24 -6.0762 -0.018 -39.48 -6.0762 -0.018 -41.0176
2 24 -7.0288 -0.0148 -39.4768 -6.0762 -0.018 -39.48
2 24 -7.0288 -0.0148 -39.4768 -7.0288 -0.0148 -41.0209
2 24 -6.0762 -0.018 -39.48 -6.0762 -0.018 -41.0176
2 24 -7.0288 -0.0148 -41.0209 -6.0762 -0.018 -41.0176
2 24 -6.0762 -0.018 -41.0176 -6.0621 -50.3656 -41.0052
2 24 -6.0762 -0.018 -41.0176 -7.0288 -0.0148 -41.0209
2 24 -6.0621 -50.3656 -41.0052 -7.018 -50.3656 -41.0125
2 24 -7.0288 -0.0148 -41.0209 -7.018 -50.3656 -41.0125
2 24 -7.0288 -0.0148 -39.4768 -7.018 -51.2371 -39.4538
2 24 -7.0288 -0.0148 -39.4768 -6.0762 -0.018 -39.48
2 24 -7.018 -51.2371 -39.4538 -6.0621 -51.2371 -39.4611
2 24 -6.0762 -0.018 -39.48 -6.0621 -51.2371 -39.4611
2 24 -6.0621 -58.5176 -19.4611 -6.0621 -58.2205 -21.0052
2 24 -6.0621 -58.5176 -19.4611 -6.0762 -0.018 -19.48
2 24 -6.0621 -58.2205 -21.0052 -6.0762 -0.018 -21.0176
2 24 -6.0762 -0.018 -19.48 -6.0762 -0.018 -21.0176
2 24 -7.0288 -0.0148 -19.4768 -6.0762 -0.018 -19.48
2 24 -7.0288 -0.0148 -19.4768 -7.0288 -0.0148 -21.0209
2 24 -6.0762 -0.018 -19.48 -6.0762 -0.018 -21.0176
2 24 -7.0288 -0.0148 -21.0209 -6.0762 -0.018 -21.0176
2 24 -6.0762 -0.018 -21.0176 -6.0621 -58.2205 -21.0052
2 24 -6.0762 -0.018 -21.0176 -7.0288 -0.0148 -21.0209
2 24 -6.0621 -58.2205 -21.0052 -7.018 -58.2205 -21.0125
2 24 -7.0288 -0.0148 -21.0209 -7.018 -58.2205 -21.0125
2 24 -7.0288 -0.0148 -19.4768 -7.018 -58.5176 -19.4538
2 24 -7.0288 -0.0148 -19.4768 -6.0762 -0.018 -19.48
2 24 -7.018 -58.5176 -19.4538 -6.0621 -58.5176 -19.4611
2 24 -6.0762 -0.018 -19.48 -6.0621 -58.5176 -19.4611
2 24 -6.0762 -0.018 0.52 -6.0621 -59.3593 0.5389
2 24 -6.0762 -0.018 0.52 -6.0762 -0.018 -1.0176
2 24 -6.0621 -59.3593 0.5389 -6.0621 -59.3593 -1.0052
2 24 -6.0762 -0.018 -1.0176 -6.0621 -59.3593 -1.0052
2 24 -7.0288 -0.0148 0.5232 -6.0762 -0.018 0.52
2 24 -7.0288 -0.0148 0.5232 -7.0288 -0.0148 -1.0209
2 24 -6.0762 -0.018 0.52 -6.0762 -0.018 -1.0176
2 24 -7.0288 -0.0148 -1.0209 -6.0762 -0.018 -1.0176
2 24 -6.0762 -0.018 -1.0176 -6.0621 -59.3593 -1.0052
2 24 -6.0762 -0.018 -1.0176 -7.0288 -0.0148 -1.0209
2 24 -6.0621 -59.3593 -1.0052 -7.018 -59.3593 -1.0125
2 24 -7.0288 -0.0148 -1.0209 -7.018 -59.3593 -1.0125
2 24 -7.0288 -0.0148 0.5232 -7.018 -59.3593 0.5462
2 24 -7.0288 -0.0148 0.5232 -6.0762 -0.018 0.52
2 24 -7.018 -59.3593 0.5462 -6.0621 -59.3593 0.5389
2 24 -6.0762 -0.018 0.52 -6.0621 -59.3593 0.5389
2 24 49.1073 -12.2762 6.5633 50.8927 -12.2762 6.5633
2 24 49.1073 -12.2762 6.5633 49.1073 -12.2762 -2.3564
2 24 50.8927 -12.2762 6.5633 50.8927 -12.2762 -2.3564
2 24 49.1073 -12.2762 -2.3564 50.8927 -12.2762 -2.3564
2 24 50.8927 -12.2762 6.5633 50.9 -41.3879 6.5633
2 24 50.8927 -12.2762 6.5633 50.8927 -12.2762 -2.3564
2 24 50.9 -41.3879 6.5633 50.9 -41.5501 -2.3564
2 24 50.8927 -12.2762 -2.3564 50.9 -41.5501 -2.3564
2 24 49.1073 -12.2762 6.5633 49.1073 -12.2762 -2.3564
2 24 49.1073 -12.2762 6.5633 49.1 -43.3819 6.5633
2 24 49.1073 -12.2762 -2.3564 49.1 -43.5441 -2.3564
2 24 49.1 -43.3819 6.5633 49.1 -43.5441 -2.3564
2 24 29.1073 -12.2762 6.5633 30.8927 -12.2762 6.5633
2 24 29.1073 -12.2762 6.5633 29.1073 -12.2762 -2.3564
2 24 30.8927 -12.2762 6.5633 30.8927 -12.2762 -2.3564
2 24 29.1073 -12.2762 -2.3564 30.8927 -12.2762 -2.3564
2 24 30.8927 -12.2762 -2.3564 30.8927 -12.2762 6.5633
2 24 30.8927 -12.2762 -2.3564 30.9 -55.1562 -2.3564
2 24 30.8927 -12.2762 6.5633 30.9 -55.1706 6.5633
2 24 30.9 -55.1562 -2.3564 30.9 -55.1706 6.5633
2 24 29.1073 -12.2762 6.5633 29.1073 -12.2762 -2.3564
2 24 29.1073 -12.2762 6.5633 29.1 -55.9991 6.5633
2 24 29.1073 -12.2762 -2.3564 29.1 -55.9847 -2.3564
2 24 29.1 -55.9991 6.5633 29.1 -55.9847 -2.3564
2 24 9.1073 -12.2762 6.5633 10.8927 -12.2762 6.5633
2 24 9.1073 -12.2762 6.5633 9.1073 -12.2762 -2.3564
2 24 10.8927 -12.2762 6.5633 10.8927 -12.2762 -2.3564
2 24 9.1073 -12.2762 -2.3564 10.8927 -12.2762 -2.3564
2 24 10.8927 -12.2762 6.5633 10.9 -59.6556 6.5633
2 24 10.8927 -12.2762 6.5633 10.8927 -12.2762 -2.3564
2 24 10.9 -59.6556 6.5633 10.9 -59.8323 -2.3564
2 24 10.8927 -12.2762 -2.3564 10.9 -59.8323 -2.3564
2 24 9.1073 -12.2762 6.5633 9.1073 -12.2762 -2.3564
2 24 9.1073 -12.2762 6.5633 9.1 -59.6556 6.5633
2 24 9.1073 -12.2762 -2.3564 9.1 -59.8323 -2.3564
2 24 9.1 -59.6556 6.5633 9.1 -59.8323 -2.3564
2 24 -6.8298 -12.2762 -49.3448 2.0777 -12.2762 -49.3448
2 24 -6.8298 -12.2762 -49.3448 -6.8298 -12.2762 -51.1302
2 24 2.0777 -12.2762 -49.3448 2.0777 -12.2762 -51.1302
2 24 -6.8298 -12.2762 -51.1302 2.0777 -12.2762 -51.1302
2 24 2.0777 -41.589 -51.1375 -6.8298 -41.3879 -51.1375
2 24 2.0777 -41.589 -51.1375 2.0777 -12.2762 -51.1302
2 24 -6.8298 -41.3879 -51.1375 -6.8298 -12.2762 -51.1302
2 24 2.0777 -12.2762 -51.1302 -6.8298 -12.2762 -51.1302
2 24 -6.8298 -12.2762 -49.3448 -6.8298 -43.3819 -49.3375
2 24 -6.8298 -12.2762 -49.3448 2.0777 -12.2762 -49.3448
2 24 -6.8298 -43.3819 -49.3375 2.0777 -43.583 -49.3375
2 24 2.0777 -12.2762 -49.3448 2.0777 -43.583 -49.3375
2 24 -6.8298 -12.2762 -29.3448 2.0777 -12.2762 -29.3448
2 24 -6.8298 -12.2762 -29.3448 -6.8298 -12.2762 -31.1302
2 24 2.0777 -12.2762 -29.3448 2.0777 -12.2762 -31.1302
2 24 -6.8298 -12.2762 -31.1302 2.0777 -12.2762 -31.1302
2 24 2.0777 -12.2762 -31.1302 2.0777 -55.0708 -31.1375
2 24 2.0777 -12.2762 -31.1302 -6.8298 -12.2762 -31.1302
2 24 2.0777 -55.0708 -31.1375 -6.8298 -55.1706 -31.1375
2 24 -6.8298 -12.2762 -31.1302 -6.8298 -55.1706 -31.1375
2 24 -6.8298 -55.9991 -29.3375 2.0777 -55.8992 -29.3375
2 24 -6.8298 -55.9991 -29.3375 -6.8298 -12.2762 -29.3448
2 24 2.0777 -55.8992 -29.3375 2.0777 -12.2762 -29.3448
2 24 -6.8298 -12.2762 -29.3448 2.0777 -12.2762 -29.3448
2 24 -6.8298 -12.2762 -9.3448 2.0777 -12.2762 -9.3448
2 24 -6.8298 -12.2762 -9.3448 -6.8298 -12.2762 -11.1302
2 24 2.0777 -12.2762 -9.3448 2.0777 -12.2762 -11.1302
2 24 -6.8298 -12.2762 -11.1302 2.0777 -12.2762 -11.1302
2 24 2.0777 -12.2762 -11.1302 2.0777 -59.613 -11.1375
2 24 2.0777 -12.2762 -11.1302 -6.8298 -12.2762 -11.1302
2 24 2.0777 -59.613 -11.1375 -6.8298 -59.6556 -11.1375
2 24 -6.8298 -12.2762 -11.1302 -6.8298 -59.6556 -11.1375
2 24 -6.8298 -59.6556 -9.3375 2.0777 -59.613 -9.3375
2 24 -6.8298 -59.6556 -9.3375 -6.8298 -12.2762 -9.3448
2 24 2.0777 -59.613 -9.3375 2.0777 -12.2762 -9.3448
2 24 -6.8298 -12.2762 -9.3448 2.0777 -12.2762 -9.3448
2 24 35.525 0.0177 -46.8116 33.1901 0.0177 -44.476
2 24 35.5152 -21.4028 -46.8024 33.1769 -29.3531 -44.4678
2 24 33.1901 0.0177 -44.476 30.0003 0.0177 -43.621
2 24 33.1769 -29.3531 -44.4678 29.989 -33.567 -43.6146
2 24 30.0003 0.0177 -43.621 26.8105 0.0177 -44.4757
2 24 29.989 -33.567 -43.6146 26.807 -34.745 -44.4665
2 24 26.8105 0.0177 -44.4757 24.4755 0.0177 -46.8108
2 24 26.807 -34.745 -44.4665 24.472 -33.9931 -46.7966
2 24 24.4755 0.0177 -46.8108 23.621 0.0177 -50.0004
2 24 24.472 -33.9931 -46.7966 23.6191 -29.9223 -49.9865
2 24 23.621 0.0177 -50.0004 24.4761 0.0177 -53.1903
2 24 23.6191 -29.9223 -49.9865 24.471 -24.95 -53.177
2 24 24.4761 0.0177 -53.1903 26.8128 0.0177 -55.5259
2 24 24.471 -24.95 -53.177 26.8056 -15.7675 -55.5152
2 24 26.8128 0.0177 -55.5259 28.297 0.012 -55.9195
2 24 28.297 0.012 -55.9195 28.2934 -7.4564 -55.9171
2 24 26.8056 -15.7675 -55.5152 28.2934 -7.4564 -55.9171
2 24 35.525 0.0177 -46.8116 36.3793 0.0177 -50.0035
2 24 35.5152 -21.4028 -46.8024 36.3727 -10.1978 -49.9932
2 24 34.2176 -31.6169 -42.6639 37.3138 -21.5936 -45.7538
2 24 34.23 0.0177 -42.672 37.3266 0.0177 -45.7677
2 24 25.7658 0.0169 -57.326 27.856 0.0212 -57.9527
2 24 26.3916 -0.5217 -57.526 27.856 0.0212 -57.9527
2 24 25.7694 0.0177 -42.6724 29.9996 0.0177 -41.5388
2 24 26.8105 0.0177 -44.4757 30.0003 0.0177 -43.621
2 24 29.9996 0.0177 -41.5388 34.23 0.0177 -42.672
2 24 30.0003 0.0177 -43.621 33.1901 0.0177 -44.476
2 24 34.23 0.0177 -42.672 37.3266 0.0177 -45.7677
2 24 33.1901 0.0177 -44.476 35.525 0.0177 -46.8116
2 24 37.3266 0.0177 -45.7677 38.1969 0.0172 -49.0419
2 24 35.525 0.0177 -46.8116 36.3793 0.0177 -50.0035
2 24 28.297 0.012 -55.9195 32.3097 0.0177 -53.3919
2 24 32.4787 0.0175 -57.5263 36.7131 0.0175 -54.7055
2 24 25.7658 0.0169 -57.326 22.6713 0.0177 -54.2286
2 24 26.8128 0.0177 -55.5259 24.4761 0.0177 -53.1903
2 24 22.6713 0.0177 -54.2286 21.5388 0.0177 -49.9995
2 24 24.4761 0.0177 -53.1903 23.621 0.0177 -50.0004
2 24 21.5388 0.0177 -49.9995 22.6725 0.0177 -45.7691
2 24 23.621 0.0177 -50.0004 24.4755 0.0177 -46.8108
2 24 25.7694 0.0177 -42.6724 22.6725 0.0177 -45.7691
2 24 26.8105 0.0177 -44.4757 24.4755 0.0177 -46.8108
2 24 34.2176 -31.6169 -42.6639 29.9919 -37.4199 -41.5339
2 24 34.23 0.0177 -42.672 29.9996 0.0177 -41.5388
2 24 29.9919 -37.4199 -41.5339 25.7663 -38.9381 -42.6675
2 24 29.9996 0.0177 -41.5388 25.7694 0.0177 -42.6724
2 24 25.7663 -38.9381 -42.6675 22.6717 -37.5292 -45.7606
2 24 25.7694 0.0177 -42.6724 22.6725 0.0177 -45.7691
2 24 22.6717 -37.5292 -45.7606 21.536 -31.7263 -49.9873
2 24 22.6725 0.0177 -45.7691 21.5388 0.0177 -49.9995
2 24 21.5388 0.0177 -49.9995 22.6713 0.0177 -54.2286
2 24 21.536 -31.7263 -49.9873 22.6654 -24.8784 -54.2125
2 24 25.7537 -3.6152 -57.316 26.0129 -1.785 -57.3328
2 24 37.3138 -21.5936 -45.7538 38.1773 -7.8687 -48.9552
2 24 38.1773 -7.8687 -48.9552 38.1969 0.0172 -49.0419
2 24 37.3266 0.0177 -45.7677 38.1969 0.0172 -49.0419
2 24 36.3727 -10.1978 -49.9932 36.2195 -7.4566 -50.575
2 24 36.3793 0.0177 -50.0035 36.22 0.0117 -50.5791
2 24 36.2195 -7.4566 -50.575 36.22 0.0117 -50.5791
2 24 36.2195 -7.4566 -50.575 36.22 0.0117 -50.5791
2 24 32.3097 0.0177 -53.3919 36.22 0.0117 -50.5791
2 24 32.3097 0.0177 -53.3919 28.297 0.012 -55.9195
2 24 28.2934 -7.4564 -55.9171 28.297 0.012 -55.9195
2 24 35.5152 -21.4028 -46.8024 33.1769 -29.3531 -44.4678
2 24 23.6191 -29.9223 -49.9865 24.471 -24.95 -53.177
2 24 23.6191 -29.9223 -49.9865 24.472 -33.9931 -46.7966
2 24 26.807 -34.745 -44.4665 24.472 -33.9931 -46.7966
2 24 33.1769 -29.3531 -44.4678 29.989 -33.567 -43.6146
2 24 26.807 -34.745 -44.4665 29.989 -33.567 -43.6146
2 24 36.2195 -7.4566 -50.575 36.3727 -10.1978 -49.9932
2 24 28.2934 -7.4564 -55.9171 26.8056 -15.7675 -55.5152
2 24 24.471 -24.95 -53.177 26.8056 -15.7675 -55.5152
2 24 35.5152 -21.4028 -46.8024 36.3727 -10.1978 -49.9932
2 24 25.8354 -5.2446 -61.5243 26.8854 -4.7654 -60.9924
2 24 32.4787 0.0175 -57.5263 36.7131 0.0175 -54.7055
2 24 26.3916 -0.5217 -57.526 27.856 0.0212 -57.9527
2 24 26.3916 -0.5217 -57.526 27.7009 -0.4733 -60.5606
2 24 27.7009 -0.4733 -60.5606 28.7631 0.0223 -59.9934
2 24 26.3916 -0.5217 -57.526 26.0129 -1.785 -57.3328
2 24 27.7009 -0.4733 -60.5606 27.2997 -1.6838 -60.7855
2 24 26.0129 -1.785 -57.3328 25.7537 -3.6152 -57.316
2 24 27.2997 -1.6838 -60.7855 27.3164 -3.6197 -60.7694
2 24 25.7537 -3.6152 -57.316 25.3652 -4.7948 -57.538
2 24 27.3164 -3.6197 -60.7694 26.8854 -4.7654 -60.9924
2 24 25.3652 -4.7948 -57.538 26.8854 -4.7654 -60.9924
2 24 25.3652 -4.7948 -57.538 24.373 -5.2451 -58.0445
2 24 26.8854 -4.7654 -60.9924 25.8354 -5.2446 -61.5243
2 24 20.1114 -5.2311 -59.6733 15.4208 -5.2456 -61.8532
2 24 21.604 -5.2326 -63.2741 16.9453 -5.252 -65.3232
2 24 15.4208 -5.2456 -61.8532 14.3613 -4.8093 -62.182
2 24 16.9453 -5.252 -65.3232 15.8079 -4.8085 -65.725
2 24 14.3613 -4.8093 -62.182 13.8893 -3.7006 -62.3866
2 24 15.8079 -4.8085 -65.725 15.3543 -3.6127 -65.8827
2 24 13.8893 -3.7006 -62.3866 13.871 -1.6493 -62.3505
2 24 15.3543 -3.6127 -65.8827 15.3417 -1.6365 -65.893
2 24 13.871 -1.6493 -62.3505 13.4386 -0.519 -62.5093
2 24 15.3417 -1.6365 -65.893 14.9079 -0.4823 -66.0104
2 24 13.4386 -0.519 -62.5093 12.3466 0.0223 -62.8805
2 24 14.9079 -0.4823 -66.0104 13.7858 0.0223 -66.3408
2 24 12.3466 0.0223 -62.8805 9.7431 0.0183 -63.6066
2 24 13.7858 0.0223 -66.3408 8.7768 0.0172 -67.7342
2 24 8.7768 0.0172 -67.7342 -0.9007 0.0172 -69.373
2 24 16.9453 -5.252 -65.3232 21.604 -5.2326 -63.2741
2 24 24.373 -5.2451 -58.0445 20.1114 -5.2311 -59.6733
2 24 25.8354 -5.2446 -61.5243 21.604 -5.2326 -63.2741
2 24 25.8354 -5.2446 -61.5243 21.604 -5.2326 -63.2741
2 24 36.7131 0.0175 -54.7055 46.3899 0.0176 -46.5657
2 24 32.3097 0.0177 -53.3919 36.22 0.0117 -50.5791
2 24 36.7131 0.0175 -54.7055 46.3899 0.0176 -46.5657
2 24 41.5933 0.0113 -46.1011 42.9768 0.0177 -45.4332
2 24 9.7431 0.0183 -63.6066 4.6833 0.0114 -64.7949
2 24 8.7768 0.0172 -67.7342 -0.9007 0.0172 -69.373
2 24 3.2429 0.0177 -65.6755 1.1317 0.0177 -66.0287
2 24 -10.0167 -17.702 -68.5426 -10.0167 -7.0604 -69.8489
2 24 -10.0167 -7.0604 -69.8489 -10.0139 0.0146 -70.0105
2 24 -0.9007 0.0172 -69.373 -10.0139 0.0146 -70.0105
2 24 -10.0167 -17.702 -68.5426 -10.0168 -32.4553 -63.0462
2 24 -0.9007 0.0172 -69.373 -10.0139 0.0146 -70.0105
2 24 -6.7976 0.0149 -66.1368 -2.7116 0.0113 -65.8588
2 24 -10.0168 -32.4553 -63.0462 -10.0169 -45.1022 -54.0496
2 24 -10.0169 -45.1022 -54.0496 -10.0171 -54.8172 -42.459
2 24 -10.0171 -54.8172 -42.459 -10.0173 -60.8122 -29.8958
2 24 -10.0173 -60.8122 -29.8958 -10.0174 -63.5428 -18.3521
2 24 -10.0174 -63.5428 -18.3521 -10.0176 -64.0177 -9.8492
2 24 61.3753 -5.2306 -26.1327 60.8391 -4.7516 -27.1797
2 24 60.8391 -4.7516 -27.1797 60.6393 -3.5949 -27.5562
2 24 60.6393 -3.5949 -27.5562 60.6491 -1.661 -27.5515
2 24 59.8328 0.0223 -29.0524 60.4036 -0.4588 -27.994
2 24 60.6491 -1.661 -27.5515 60.4036 -0.4588 -27.994
2 24 65.2113 -5.2381 -17.2581 65.6173 -4.7946 -16.1229
2 24 65.6173 -4.7946 -16.1229 65.777 -3.5986 -15.6697
2 24 66.2416 0.0223 -14.1037 65.9066 -0.468 -15.2238
2 24 65.9066 -0.468 -15.2238 65.7875 -1.6224 -15.6571
2 24 65.777 -3.5986 -15.6697 65.7875 -1.6224 -15.6571
2 24 59.8328 0.0223 -29.0524 58.3022 0.0173 -31.6855
2 24 66.2416 0.0223 -14.1037 67.1319 0.0174 -11.2476
2 24 65.2113 -5.2381 -17.2581 63.2819 -5.2329 -22.0126
2 24 61.3753 -5.2306 -26.1327 63.2819 -5.2329 -22.0126
2 24 67.1319 0.0174 -11.2476 68.8845 0.0175 -2.4305
2 24 58.3022 0.0173 -31.6855 53.9158 0.0175 -37.876
2 24 46.3899 0.0176 -46.5657 53.9158 0.0175 -37.876
2 24 63.5021 0.0181 -10.1029 64.7949 0.0114 -4.6832
2 24 67.1319 0.0174 -11.2476 68.8845 0.0175 -2.4305
2 24 46.3899 0.0176 -46.5657 53.9158 0.0175 -37.876
2 24 45.8562 0.0114 -41.8597 45.188 0.0177 -43.2436
2 24 50.4749 0.0118 -36.5795 53.2878 0.0177 -32.6692
2 24 53.9158 0.0175 -37.876 58.3022 0.0173 -31.6855
2 24 53.2878 0.0177 -32.6692 55.8153 0.012 -28.6565
2 24 59.8328 0.0223 -29.0524 60.4036 -0.4588 -27.994
2 24 57.8482 0.0217 -28.2167 57.408 -0.5025 -26.7109
2 24 60.4036 -0.4588 -27.994 60.6491 -1.661 -27.5515
2 24 57.408 -0.5025 -26.7109 57.1973 -1.6446 -26.2573
2 24 60.6491 -1.661 -27.5515 60.6393 -3.5949 -27.5562
2 24 57.1973 -1.6446 -26.2573 57.2115 -3.6157 -26.1131
2 24 60.6393 -3.5949 -27.5562 60.8391 -4.7516 -27.1797
2 24 60.8391 -4.7516 -27.1797 57.4342 -4.7956 -25.7241
2 24 57.2115 -3.6157 -26.1131 57.4342 -4.7956 -25.7241
2 24 60.8391 -4.7516 -27.1797 61.3753 -5.2306 -26.1327
2 24 57.4342 -4.7956 -25.7241 57.9399 -5.2456 -24.7323
2 24 61.3753 -5.2306 -26.1327 63.2819 -5.2329 -22.0126
2 24 57.9399 -5.2456 -24.7323 59.7535 -5.2311 -20.5957
2 24 63.2819 -5.2329 -22.0126 65.2113 -5.2381 -17.2581
2 24 59.7535 -5.2311 -20.5957 61.7489 -5.2456 -15.7809
2 24 65.2113 -5.2381 -17.2581 65.6173 -4.7946 -16.1229
2 24 61.7489 -5.2456 -15.7809 62.0777 -4.8092 -14.7204
2 24 65.6173 -4.7946 -16.1229 65.777 -3.5986 -15.6697
2 24 62.0777 -4.8092 -14.7204 62.2819 -3.6996 -14.2475
2 24 65.777 -3.5986 -15.6697 65.7875 -1.6224 -15.6571
2 24 62.2819 -3.6996 -14.2475 62.2456 -1.6497 -14.2293
2 24 65.7875 -1.6224 -15.6571 65.9066 -0.468 -15.2238
2 24 62.2456 -1.6497 -14.2293 62.4046 -0.5196 -13.7976
2 24 65.9066 -0.468 -15.2238 62.4046 -0.5196 -13.7976
2 24 65.9066 -0.468 -15.2238 66.2416 0.0223 -14.1037
2 24 62.4046 -0.5196 -13.7976 62.776 0.0221 -12.7059
2 24 65.6755 0.0177 -3.2429 66.0287 0.0177 -1.1317
2 24 69.8525 -6.9367 10.0169 68.5449 -17.5789 10.0168
2 24 68.8845 0.0175 -2.4305 70.0106 0.0147 10.0137
2 24 69.8525 -6.9367 10.0169 70.0106 0.0147 10.0137
2 24 68.5449 -17.5789 10.0168 63.0524 -32.3346 10.0168
2 24 68.8845 0.0175 -2.4305 70.0106 0.0147 10.0137
2 24 65.8588 0.0113 2.7116 66.132 0.0149 6.511
2 24 63.0524 -32.3346 10.0168 54.0577 -44.9836 10.017
2 24 54.0577 -44.9836 10.017 42.467 -54.7019 10.0171
2 24 42.467 -54.7019 10.0171 29.8995 -60.6943 10.0174
2 24 29.8995 -60.6943 10.0174 18.3533 -63.4399 10.0175
2 24 18.3533 -63.4399 10.0175 9.8495 -64.0177 10.0177
2 24 -10.0176 -64.0177 -9.8492 -10.0144 -64.0144 10.0144
2 24 -10.0144 -64.0144 10.0144 -10.0144 0.0144 10.0144
2 24 -10.0176 -64.0177 -9.8492 -10.0144 -64.0144 10.0144
2 24 -10.0167 -7.0604 -69.8489 -10.0167 -17.702 -68.5426
2 24 -10.0167 -17.702 -68.5426 -10.0168 -32.4553 -63.0462
2 24 -10.0168 -32.4553 -63.0462 -10.0169 -45.1022 -54.0496
2 24 -10.0169 -45.1022 -54.0496 -10.0171 -54.8172 -42.459
2 24 -10.0171 -54.8172 -42.459 -10.0173 -60.8122 -29.8958
2 24 -10.0173 -60.8122 -29.8958 -10.0174 -63.5428 -18.3521
2 24 -10.0176 -64.0177 -9.8492 -10.0174 -63.5428 -18.3521
2 24 -10.0167 -7.0604 -69.8489 -10.0139 0.0146 -70.0105
2 24 -10.0144 0.0144 10.0144 -10.0139 0.0146 -70.0105
2 24 54.0577 -44.9836 10.017 63.0524 -32.3346 10.0168
2 24 63.0524 -32.3346 10.0168 68.5449 -17.5789 10.0168
2 24 68.5449 -17.5789 10.0168 69.8525 -6.9367 10.0169
2 24 -10.0144 0.0144 10.0144 70.0106 0.0147 10.0137
2 24 69.8525 -6.9367 10.0169 70.0106 0.0147 10.0137
2 24 -10.0144 -64.0144 10.0144 9.8495 -64.0177 10.0177
2 24 -10.0144 0.0144 10.0144 -10.0144 -64.0144 10.0144
2 24 9.8495 -64.0177 10.0177 18.3533 -63.4399 10.0175
2 24 18.3533 -63.4399 10.0175 29.8995 -60.6943 10.0174
2 24 29.8995 -60.6943 10.0174 42.467 -54.7019 10.0171
2 24 54.0577 -44.9836 10.017 42.467 -54.7019 10.0171
2 24 70.0106 0.0147 10.0137 -10.0144 0.0144 10.0144
2 24 66.132 0.0149 6.511 -6.7971 0.0144 6.5106
2 24 4.6829 -5.2377 -64.7481 4.6833 0.0114 -64.7949
2 24 4.6829 -5.2377 -64.7481 3.2428 -5.2322 -65.6755
2 24 4.6833 0.0114 -64.7949 3.2429 0.0177 -65.6755
2 24 3.2428 -5.2322 -65.6755 1.1317 -5.2323 -65.9988
2 24 3.2429 0.0177 -65.6755 1.1317 0.0177 -66.0287
2 24 1.1317 -5.2323 -65.9988 -0.8787 -5.2323 -66.002
2 24 1.1317 0.0177 -66.0287 -0.8786 0.0177 -66.0146
2 24 -0.8787 -5.2323 -66.002 -2.7114 -5.2382 -65.8408
2 24 -0.8786 0.0177 -66.0146 -2.7116 0.0113 -65.8588
2 24 41.5675 -5.2385 -46.0738 42.9802 -5.2323 -45.4352
2 24 41.5675 -5.2385 -46.0738 41.5933 0.0113 -46.1011
2 24 41.5933 0.0113 -46.1011 42.9768 0.0177 -45.4332
2 24 42.9802 -5.2323 -45.4352 44.2195 -5.2323 -44.4754
2 24 42.9768 0.0177 -45.4332 44.2395 0.0177 -44.4953
2 24 65.6755 0.0177 -3.2429 64.7949 0.0114 -4.6832
2 24 64.7949 0.0114 -4.6832 64.7479 -5.2379 -4.683
2 24 65.6755 -5.2323 -3.2429 64.7479 -5.2379 -4.683
2 24 65.6755 0.0177 -3.2429 66.0287 0.0177 -1.1317
2 24 65.6755 -5.2323 -3.2429 65.9988 -5.2324 -1.1316
2 24 66.0287 0.0177 -1.1317 66.0146 0.0177 0.8786
2 24 65.9988 -5.2324 -1.1316 66.002 -5.2323 0.8787
2 24 66.0146 0.0177 0.8786 65.8588 0.0113 2.7116
2 24 66.002 -5.2323 0.8787 65.8407 -5.2382 2.7114
2 24 44.2195 -5.2323 -44.4754 42.9802 -5.2323 -45.4352
2 24 65.9988 -5.2324 -1.1316 65.6755 -5.2323 -3.2429
2 24 65.6755 -5.2323 -3.2429 64.7479 -5.2379 -4.683
2 24 65.3778 -5.2317 -1.0697 64.7479 -5.2379 -4.683
2 24 65.8407 -5.2382 2.7114 66.002 -5.2323 0.8787
2 24 65.3778 -5.2317 -1.0697 65.8407 -5.2382 2.7114
2 24 65.9988 -5.2324 -1.1316 66.002 -5.2323 0.8787
2 24 9.7431 0.0183 -63.6066 4.6833 0.0114 -64.7949
2 24 4.6829 -5.2377 -64.7481 4.6833 0.0114 -64.7949
2 24 4.6829 -5.2377 -64.7481 1.0697 -5.2317 -65.3778
2 24 -2.7114 -5.2382 -65.8408 1.0697 -5.2317 -65.3778
2 24 -6.7939 -12.0742 -65.5009 -6.7976 0.0149 -66.1368
2 24 -2.7116 0.0113 -65.8588 -6.7976 0.0149 -66.1368
2 24 38.1773 -7.8687 -48.9552 38.1969 0.0172 -49.0419
2 24 41.5675 -5.2385 -46.0738 41.5933 0.0113 -46.1011
2 24 38.1969 0.0172 -49.0419 41.5933 0.0113 -46.1011
2 24 41.5675 -5.2385 -46.0738 43.76 -5.232 -44.0159
2 24 64.7949 0.0114 -4.6832 63.5021 0.0181 -10.1029
2 24 64.7949 0.0114 -4.6832 64.7479 -5.2379 -4.683
2 24 64.7479 -5.2379 -4.683 65.3778 -5.2317 -1.0697
2 24 65.8407 -5.2382 2.7114 65.3778 -5.2317 -1.0697
2 24 65.4978 -12.0742 6.5196 66.132 0.0149 6.511
2 24 65.8588 0.0113 2.7116 66.132 0.0149 6.511
2 24 42.9768 0.0177 -45.4332 44.2395 0.0177 -44.4953
2 24 -2.7116 0.0113 -65.8588 -0.8786 0.0177 -66.0146
2 24 1.1317 0.0177 -66.0287 -0.8786 0.0177 -66.0146
2 24 4.6833 0.0114 -64.7949 3.2429 0.0177 -65.6755
2 24 65.8588 0.0113 2.7116 66.0146 0.0177 0.8786
2 24 66.0287 0.0177 -1.1317 66.0146 0.0177 0.8786
2 24 64.7949 0.0114 -4.6832 65.6755 0.0177 -3.2429
2 24 36.3793 0.0177 -50.0035 36.22 0.0117 -50.5791
2 24 24.373 -5.2451 -58.0445 20.1114 -5.2311 -59.6733
2 24 20.1114 -5.2311 -59.6733 15.4208 -5.2456 -61.8532
2 24 15.4208 -5.2456 -61.8532 14.3613 -4.8093 -62.182
2 24 14.3613 -4.8093 -62.182 13.8893 -3.7006 -62.3866
2 24 13.8893 -3.7006 -62.3866 13.871 -1.6493 -62.3505
2 24 9.7431 0.0183 -63.6066 12.3466 0.0223 -62.8805
2 24 1.1317 -5.2323 -65.9988 -0.8787 -5.2323 -66.002
2 24 -0.8787 -5.2323 -66.002 -2.7114 -5.2382 -65.8408
2 24 1.0697 -5.2317 -65.3778 -2.7114 -5.2382 -65.8408
2 24 1.1317 -5.2323 -65.9988 3.2428 -5.2322 -65.6755
2 24 1.0697 -5.2317 -65.3778 4.6829 -5.2377 -64.7481
2 24 3.2428 -5.2322 -65.6755 4.6829 -5.2377 -64.7481
2 24 24.373 -5.2451 -58.0445 25.3652 -4.7948 -57.538
2 24 25.3652 -4.7948 -57.538 25.7537 -3.6152 -57.316
2 24 25.4946 -10.8732 -57.047 25.7537 -3.6152 -57.316
2 24 25.7537 -3.6152 -57.316 25.4946 -10.8732 -57.047
2 24 22.6654 -24.8784 -54.2125 25.4946 -10.8732 -57.047
2 24 25.7658 0.0169 -57.326 27.856 0.0212 -57.9527
2 24 28.297 0.012 -55.9195 26.8128 0.0177 -55.5259
2 24 42.9802 -5.2323 -45.4352 41.5675 -5.2385 -46.0738
2 24 43.76 -5.232 -44.0159 41.5675 -5.2385 -46.0738
2 24 12.3466 0.0223 -62.8805 13.4386 -0.519 -62.5093
2 24 -6.7971 0.0144 6.5106 66.132 0.0149 6.511
2 24 -6.7971 0.0144 6.5106 -6.7939 -6.9532 6.5073
2 24 66.132 0.0149 6.511 65.4978 -12.0742 6.5196
2 24 44.3718 0.0177 -33.5496 46.7074 0.0177 -35.8845
2 24 42.5679 0.0177 -34.5895 45.6636 0.0177 -37.6861
2 24 44.3718 0.0177 -33.5496 43.5169 0.0177 -30.3598
2 24 42.5679 0.0177 -34.5895 41.4346 0.0177 -30.3592
2 24 43.5169 0.0177 -30.3598 44.3715 0.0177 -27.1701
2 24 41.4346 0.0177 -30.3592 42.5682 0.0177 -26.1289
2 24 44.3715 0.0177 -27.1701 46.7066 0.0177 -24.8351
2 24 42.5682 0.0177 -26.1289 45.6649 0.0177 -23.032
2 24 46.7066 0.0177 -24.8351 49.8962 0.0177 -23.9806
2 24 45.6649 0.0177 -23.032 49.8954 0.0177 -21.8983
2 24 49.8962 0.0177 -23.9806 53.0861 0.0177 -24.8356
2 24 49.8954 0.0177 -21.8983 54.1244 0.0177 -23.0308
2 24 53.0861 0.0177 -24.8356 55.4218 0.0177 -27.1723
2 24 54.1244 0.0177 -23.0308 57.2217 0.0171 -26.1255
2 24 55.8153 0.012 -28.6565 55.4218 0.0177 -27.1723
2 24 57.8482 0.0217 -28.2167 57.2217 0.0171 -26.1255
2 24 46.7074 0.0177 -35.8845 49.8994 0.0177 -36.7388
2 24 45.6636 0.0177 -37.6861 48.9379 0.0175 -38.556
2 24 46.7074 0.0177 -35.8845 44.3718 0.0177 -33.5496
2 24 46.6983 -21.4028 -35.8747 44.3637 -29.3531 -33.5364
2 24 44.3718 0.0177 -33.5496 43.5169 0.0177 -30.3598
2 24 44.3637 -29.3531 -33.5364 43.5104 -33.567 -30.3485
2 24 43.5169 0.0177 -30.3598 44.3715 0.0177 -27.1701
2 24 43.5104 -33.567 -30.3485 44.3624 -34.745 -27.1665
2 24 44.3715 0.0177 -27.1701 46.7066 0.0177 -24.8351
2 24 44.3624 -34.745 -27.1665 46.6925 -33.9931 -24.8316
2 24 46.7066 0.0177 -24.8351 49.8962 0.0177 -23.9806
2 24 46.6925 -33.9931 -24.8316 49.8823 -29.9223 -23.9787
2 24 49.8962 0.0177 -23.9806 53.0861 0.0177 -24.8356
2 24 49.8823 -29.9223 -23.9787 53.0728 -24.95 -24.8305
2 24 53.0861 0.0177 -24.8356 55.4218 0.0177 -27.1723
2 24 53.0728 -24.95 -24.8305 55.4111 -15.7675 -27.1651
2 24 55.8153 0.012 -28.6565 55.813 -7.4564 -28.6529
2 24 55.4218 0.0177 -27.1723 55.8153 0.012 -28.6565
2 24 55.4111 -15.7675 -27.1651 55.813 -7.4564 -28.6529
2 24 46.7074 0.0177 -35.8845 49.8994 0.0177 -36.7388
2 24 46.6983 -21.4028 -35.8747 49.8891 -10.1978 -36.7322
2 24 41.4299 -37.4197 -30.3513 42.5598 -31.6168 -34.5768
2 24 41.4346 0.0177 -30.3592 42.5679 0.0177 -34.5895
2 24 41.4299 -37.4197 -30.3513 42.5634 -38.9378 -26.126
2 24 41.4346 0.0177 -30.3592 42.5682 0.0177 -26.1289
2 24 42.5634 -38.9378 -26.126 45.6562 -37.4195 -23.0314
2 24 42.5682 0.0177 -26.1289 45.6649 0.0177 -23.032
2 24 45.6562 -37.4195 -23.0314 49.8831 -31.6164 -21.8957
2 24 45.6649 0.0177 -23.032 49.8954 0.0177 -21.8983
2 24 49.8831 -31.6164 -21.8957 54.1083 -24.8784 -23.0249
2 24 49.8954 0.0177 -21.8983 54.1244 0.0177 -23.0308
2 24 57.8482 0.0217 -28.2167 57.2217 0.0171 -26.1255
2 24 57.408 -0.5025 -26.7109 57.8482 0.0217 -28.2167
2 24 45.6497 -21.5936 -37.673 48.851 -7.8687 -38.5365
2 24 45.6636 0.0177 -37.6861 48.9379 0.0175 -38.556
2 24 48.851 -7.8687 -38.5365 48.9379 0.0175 -38.556
2 24 42.5598 -31.6168 -34.5768 45.6497 -21.5936 -37.673
2 24 42.5679 0.0177 -34.5895 45.6636 0.0177 -37.6861
2 24 50.4749 0.0118 -36.5795 49.8994 0.0177 -36.7388
2 24 49.8891 -10.1978 -36.7322 50.4708 -7.4567 -36.579
2 24 50.4708 -7.4567 -36.579 50.4749 0.0118 -36.5795
2 24 49.8994 0.0177 -36.7388 50.4749 0.0118 -36.5795
2 24 50.4708 -7.4567 -36.579 50.4749 0.0118 -36.5795
2 24 50.4749 0.0118 -36.5795 53.2878 0.0177 -32.6692
2 24 53.2878 0.0177 -32.6692 55.8153 0.012 -28.6565
2 24 55.8153 0.012 -28.6565 55.813 -7.4564 -28.6529
2 24 44.3637 -29.3531 -33.5364 46.6983 -21.4028 -35.8747
2 24 49.8823 -29.9223 -23.9787 53.0728 -24.95 -24.8305
2 24 50.4708 -7.4567 -36.579 49.8891 -10.1978 -36.7322
2 24 55.813 -7.4564 -28.6529 55.4111 -15.7675 -27.1651
2 24 53.0728 -24.95 -24.8305 55.4111 -15.7675 -27.1651
2 24 46.6983 -21.4028 -35.8747 49.8891 -10.1978 -36.7322
2 24 44.3624 -34.745 -27.1665 46.6925 -33.9931 -24.8316
2 24 49.8823 -29.9223 -23.9787 46.6925 -33.9931 -24.8316
2 24 44.3624 -34.745 -27.1665 43.5104 -33.567 -30.3485
2 24 44.3637 -29.3531 -33.5364 43.5104 -33.567 -30.3485
2 24 44.2195 -5.2323 -44.4754 45.19 -5.2323 -43.2471
2 24 43.76 -5.232 -44.0159 45.8288 -5.2386 -41.834
2 24 63.5021 0.0181 -10.1029 62.776 0.0221 -12.7059
2 24 57.4342 -4.7956 -25.7241 57.2115 -3.6157 -26.1131
2 24 56.9456 -10.8726 -25.8537 57.2115 -3.6157 -26.1131
2 24 57.2115 -3.6157 -26.1131 56.9456 -10.8726 -25.8537
2 24 54.1083 -24.8784 -23.0249 56.9456 -10.8726 -25.8537
2 24 48.851 -7.8687 -38.5365 48.9379 0.0175 -38.556
2 24 48.9379 0.0175 -38.556 45.8562 0.0114 -41.8597
2 24 45.8288 -5.2386 -41.834 45.8562 0.0114 -41.8597
2 24 45.19 -5.2323 -43.2471 45.8288 -5.2386 -41.834
2 24 45.8288 -5.2386 -41.834 45.8562 0.0114 -41.8597
2 24 45.188 0.0177 -43.2436 45.8562 0.0114 -41.8597
2 24 44.2195 -5.2323 -44.4754 45.19 -5.2323 -43.2471
2 24 44.2395 0.0177 -44.4953 45.188 0.0177 -43.2436
2 24 45.8562 0.0114 -41.8597 48.9379 0.0175 -38.556
2 24 45.188 0.0177 -43.2436 44.2395 0.0177 -44.4953
2 24 43.76 -5.232 -44.0159 45.8288 -5.2386 -41.834
2 24 45.19 -5.2323 -43.2471 45.8288 -5.2386 -41.834
2 24 62.2456 -1.6497 -14.2293 62.4046 -0.5196 -13.7976
2 24 62.2819 -3.6996 -14.2475 62.0777 -4.8092 -14.7204
2 24 62.0777 -4.8092 -14.7204 61.7489 -5.2456 -15.7809
2 24 61.7489 -5.2456 -15.7809 59.7535 -5.2311 -20.5957
2 24 59.7535 -5.2311 -20.5957 57.9399 -5.2456 -24.7323
2 24 57.4342 -4.7956 -25.7241 57.9399 -5.2456 -24.7323
2 24 62.776 0.0221 -12.7059 62.4046 -0.5196 -13.7976
2 24 58.3022 0.0173 -31.6855 59.8328 0.0223 -29.0524
2 24 38.1969 0.0172 -49.0419 41.5933 0.0113 -46.1011
2 24 63.5021 0.0181 -10.1029 62.776 0.0221 -12.7059
2 24 67.1319 0.0174 -11.2476 66.2416 0.0223 -14.1037
2 24 62.2456 -1.6497 -14.2293 62.2819 -3.6996 -14.2475
2 24 13.871 -1.6493 -62.3505 13.4386 -0.519 -62.5093
2 24 23.6211 0.0177 -30.2376 24.4757 0.0177 -27.0481
2 24 23.6169 -49.0169 -30.2292 24.4718 -50.28 -27.0419
2 24 23.6211 0.0177 -30.2376 24.4757 0.0177 -33.4271
2 24 23.6169 -49.0169 -30.2292 24.4699 -46.7967 -33.419
2 24 24.4757 0.0177 -33.4271 26.8106 0.0177 -35.7619
2 24 24.4699 -46.7967 -33.419 26.8041 -44.1538 -35.7561
2 24 26.8106 0.0177 -35.7619 30.0001 0.0177 -36.6165
2 24 26.8041 -44.1538 -35.7561 29.9945 -41.7966 -36.6127
2 24 30.0001 0.0177 -36.6165 33.1895 0.0177 -35.7618
2 24 29.9945 -41.7966 -36.6127 33.1855 -40.4175 -35.7586
2 24 21.5388 0.0177 -30.2374 22.6724 0.0177 -26.0068
2 24 21.5367 -50.1669 -30.2295 22.6707 -51.7214 -26.0034
2 24 21.5388 0.0177 -30.2374 22.6723 0.0177 -34.468
2 24 21.5367 -50.1669 -30.2295 22.6666 -47.2662 -34.457
2 24 22.6723 0.0177 -34.468 25.7693 0.0177 -37.5651
2 24 22.6666 -47.2662 -34.457 25.7587 -43.7723 -37.5541
2 24 25.7693 0.0177 -37.5651 29.9999 0.0177 -38.6987
2 24 25.7587 -43.7723 -37.5541 29.9863 -40.6204 -38.6907
2 24 29.9999 0.0177 -38.6987 34.2306 0.0177 -37.5651
2 24 29.9863 -40.6204 -38.6907 34.2172 -38.7606 -37.5601
2 24 34.2306 0.0177 -37.5651 29.9999 0.0177 -38.6987
2 24 33.1895 0.0177 -35.7618 30.0001 0.0177 -36.6165
2 24 29.9999 0.0177 -38.6987 25.7693 0.0177 -37.5651
2 24 30.0001 0.0177 -36.6165 26.8106 0.0177 -35.7619
2 24 25.7693 0.0177 -37.5651 22.6723 0.0177 -34.468
2 24 26.8106 0.0177 -35.7619 24.4757 0.0177 -33.4271
2 24 22.6723 0.0177 -34.468 21.5388 0.0177 -30.2374
2 24 24.4757 0.0177 -33.4271 23.6211 0.0177 -30.2376
2 24 21.5388 0.0177 -30.2374 22.6724 0.0177 -26.0068
2 24 23.6211 0.0177 -30.2376 24.4757 0.0177 -27.0481
2 24 15.5234 0.0177 -27.0481 13.1886 0.0177 -24.7132
2 24 17.3267 0.0177 -26.0068 14.2296 0.0177 -22.9099
2 24 13.1886 0.0177 -24.7132 9.9991 0.0177 -23.8586
2 24 14.2296 0.0177 -22.9099 9.999 0.0112 -21.7716
2 24 9.9991 0.0177 -23.8586 6.8096 0.0177 -24.7132
2 24 9.999 0.0112 -21.7716 5.7685 0.0177 -22.9099
2 24 6.8096 0.0177 -24.7132 4.4747 0.0177 -27.0481
2 24 5.7685 0.0177 -22.9099 2.6714 0.0177 -26.0069
2 24 4.4747 0.0177 -27.0481 3.6201 0.0177 -30.2376
2 24 2.6714 0.0177 -26.0069 1.5378 0.0177 -30.2374
2 24 3.6201 0.0177 -30.2376 4.4748 0.0177 -33.4271
2 24 1.5378 0.0177 -30.2374 2.6714 0.0177 -34.4681
2 24 4.4748 0.0177 -33.4271 6.8096 0.0177 -35.7619
2 24 2.6714 0.0177 -34.4681 5.7684 0.0177 -37.5651
2 24 6.8096 0.0177 -35.7619 9.9991 0.0177 -36.6165
2 24 5.7684 0.0177 -37.5651 9.999 0.0177 -38.6988
2 24 9.9991 0.0177 -36.6165 13.1886 0.0177 -35.7619
2 24 9.999 0.0177 -38.6988 14.2297 0.0177 -37.5652
2 24 13.1886 0.0177 -35.7619 15.5234 0.0177 -33.427
2 24 14.2297 0.0177 -37.5652 17.3268 0.0177 -34.4681
2 24 15.5234 0.0177 -33.427 16.3734 0.0112 -30.2376
2 24 17.3268 0.0177 -34.4681 18.4603 0.0177 -30.2375
2 24 15.5234 0.0177 -27.0481 16.3734 0.0112 -30.2376
2 24 17.3267 0.0177 -26.0068 18.4603 0.0177 -30.2375
2 24 15.5234 0.0177 -27.0481 13.1886 0.0177 -24.7132
2 24 15.5214 -54.5631 -27.0434 13.1853 -55.5887 -24.709
2 24 13.1886 0.0177 -24.7132 9.9991 0.0177 -23.8586
2 24 13.1853 -55.5887 -24.709 9.9961 -56.5667 -23.855
2 24 9.9991 0.0177 -23.8586 6.8096 0.0177 -24.7132
2 24 9.9961 -56.5667 -23.855 6.8084 -56.7252 -24.7094
2 24 6.8096 0.0177 -24.7132 4.4747 0.0177 -27.0481
2 24 6.8084 -56.7252 -24.7094 4.4742 -56.2291 -27.0429
2 24 4.4747 0.0177 -27.0481 3.6201 0.0177 -30.2376
2 24 4.4742 -56.2291 -27.0429 3.6189 -55.0499 -30.2318
2 24 3.6201 0.0177 -30.2376 4.4748 0.0177 -33.4271
2 24 3.6189 -55.0499 -30.2318 4.4724 -53.7451 -33.422
2 24 4.4748 0.0177 -33.4271 6.8096 0.0177 -35.7619
2 24 4.4724 -53.7451 -33.422 6.8068 -52.4028 -35.7579
2 24 6.8096 0.0177 -35.7619 9.9991 0.0177 -36.6165
2 24 6.8068 -52.4028 -35.7579 9.9971 -51.4403 -36.6135
2 24 9.9991 0.0177 -36.6165 13.1886 0.0177 -35.7619
2 24 9.9971 -51.4403 -36.6135 13.188 -51.2853 -35.7585
2 24 13.1886 0.0177 -35.7619 15.5234 0.0177 -33.427
2 24 13.188 -51.2853 -35.7585 15.5233 -52.131 -33.4225
2 24 15.5234 0.0177 -33.427 16.3734 0.0112 -30.2376
2 24 15.5233 -52.131 -33.4225 16.373 -53.3844 -30.235
2 24 15.5234 0.0177 -27.0481 16.3734 0.0112 -30.2376
2 24 15.5214 -54.5631 -27.0434 16.373 -53.3844 -30.235
2 24 17.3267 0.0177 -26.0068 14.2296 0.0177 -22.9099
2 24 17.3209 -53.5396 -25.9998 14.223 -55.4416 -22.9058
2 24 14.2296 0.0177 -22.9099 9.999 0.0112 -21.7716
2 24 14.223 -55.4416 -22.9058 9.9968 -57.1608 -21.7713
2 24 9.999 0.0112 -21.7716 5.7685 0.0177 -22.9099
2 24 9.9968 -57.1608 -21.7713 5.7686 -56.942 -22.9079
2 24 5.7685 0.0177 -22.9099 2.6714 0.0177 -26.0069
2 24 5.7686 -56.942 -22.9079 2.6737 -56.4336 -26.0022
2 24 2.6714 0.0177 -26.0069 1.5378 0.0177 -30.2374
2 24 2.6737 -56.4336 -26.0022 1.5388 -55.2723 -30.2301
2 24 1.5378 0.0177 -30.2374 2.6714 0.0177 -34.4681
2 24 1.5388 -55.2723 -30.2301 2.6685 -52.951 -34.4579
2 24 2.6714 0.0177 -34.4681 5.7684 0.0177 -37.5651
2 24 2.6685 -52.951 -34.4579 5.7626 -50.7131 -37.5572
2 24 5.7684 0.0177 -37.5651 9.999 0.0177 -38.6988
2 24 5.7626 -50.7131 -37.5572 9.9935 -49.6291 -38.6935
2 24 9.999 0.0177 -38.6988 14.2297 0.0177 -37.5652
2 24 9.9935 -49.6291 -38.6935 14.2257 -48.4792 -37.5596
2 24 14.2297 0.0177 -37.5652 17.3268 0.0177 -34.4681
2 24 14.2257 -48.4792 -37.5596 17.326 -49.4298 -34.4579
2 24 17.3268 0.0177 -34.4681 18.4603 0.0177 -30.2375
2 24 17.326 -49.4298 -34.4579 18.4573 -51.0955 -30.2276
2 24 17.3267 0.0177 -26.0068 18.4603 0.0177 -30.2375
2 24 17.3209 -53.5396 -25.9998 18.4573 -51.0955 -30.2276
2 24 15.5245 0.0177 -47.0482 13.1896 0.0177 -44.7132
2 24 17.3275 0.0177 -46.0066 14.2304 0.0177 -42.9098
2 24 13.1896 0.0177 -44.7132 10.0001 0.0177 -43.8585
2 24 14.2304 0.0177 -42.9098 9.9999 0.0177 -41.7763
2 24 10.0001 0.0177 -43.8585 6.8105 0.0177 -44.7132
2 24 9.9999 0.0177 -41.7763 5.7694 0.0177 -42.9098
2 24 6.8105 0.0177 -44.7132 4.4756 0.0177 -47.0482
2 24 5.7694 0.0177 -42.9098 2.6724 0.0177 -46.0067
2 24 4.4756 0.0177 -47.0482 3.621 0.0177 -50.2377
2 24 2.6724 0.0177 -46.0067 1.5388 0.0177 -50.2372
2 24 3.621 0.0177 -50.2377 4.4799 0.0112 -53.4249
2 24 1.5388 0.0177 -50.2372 2.668 0.0112 -54.47
2 24 4.4799 0.0112 -53.4249 6.8107 0.0177 -55.7619
2 24 2.668 0.0112 -54.47 5.7691 0.0177 -57.565
2 24 6.8107 0.0177 -55.7619 10 0.0177 -56.6165
2 24 5.7691 0.0177 -57.565 10 0.0177 -58.6987
2 24 10 0.0177 -56.6165 13.1895 0.0177 -55.7618
2 24 10 0.0177 -58.6987 14.2306 0.0177 -57.5651
2 24 13.1895 0.0177 -55.7618 15.5242 0.0177 -53.4271
2 24 14.2306 0.0177 -57.5651 17.3278 0.0177 -54.4679
2 24 15.5242 0.0177 -53.4271 16.379 0.0177 -50.2377
2 24 17.3278 0.0177 -54.4679 18.4612 0.0177 -50.2371
2 24 15.5245 0.0177 -47.0482 16.379 0.0177 -50.2377
2 24 17.3275 0.0177 -46.0066 18.4612 0.0177 -50.2371
2 24 15.5245 0.0177 -47.0482 13.1896 0.0177 -44.7132
2 24 15.5189 -40.7734 -47.0375 13.1824 -43.5832 -44.7041
2 24 13.1896 0.0177 -44.7132 10.0001 0.0177 -43.8585
2 24 13.1824 -43.5832 -44.7041 9.9944 -45.464 -43.8511
2 24 10.0001 0.0177 -43.8585 6.8105 0.0177 -44.7132
2 24 9.9944 -45.464 -43.8511 6.8089 -45.7423 -44.7048
2 24 6.8105 0.0177 -44.7132 4.4756 0.0177 -47.0482
2 24 6.8089 -45.7423 -44.7048 4.4758 -44.4187 -47.0369
2 24 4.4756 0.0177 -47.0482 3.621 0.0177 -50.2377
2 24 4.4758 -44.4187 -47.0369 3.6197 -41.4929 -50.2255
2 24 3.621 0.0177 -50.2377 4.4799 0.0112 -53.4249
2 24 3.6197 -41.4929 -50.2255 4.4781 -37.7805 -53.4196
2 24 4.4799 0.0112 -53.4249 6.8107 0.0177 -55.7619
2 24 4.4781 -37.7805 -53.4196 6.806 -33.5073 -55.754
2 24 6.8107 0.0177 -55.7619 10 0.0177 -56.6165
2 24 6.806 -33.5073 -55.754 9.9971 -30.2414 -56.6104
2 24 10 0.0177 -56.6165 13.1895 0.0177 -55.7618
2 24 9.9971 -30.2414 -56.6104 13.1881 -30.0263 -55.7556
2 24 13.1895 0.0177 -55.7618 15.5242 0.0177 -53.4271
2 24 13.1881 -30.0263 -55.7556 15.5232 -32.5584 -53.4188
2 24 15.5242 0.0177 -53.4271 16.379 0.0177 -50.2377
2 24 15.5232 -32.5584 -53.4188 16.376 -36.5532 -50.2273
2 24 15.5245 0.0177 -47.0482 16.379 0.0177 -50.2377
2 24 15.5189 -40.7734 -47.0375 16.376 -36.5532 -50.2273
2 24 17.3275 0.0177 -46.0066 14.2304 0.0177 -42.9098
2 24 17.3192 -40.8102 -45.9945 14.2225 -44.7794 -42.9029
2 24 14.2304 0.0177 -42.9098 9.9999 0.0177 -41.7763
2 24 14.2225 -44.7794 -42.9029 9.9952 -47.8577 -41.7724
2 24 9.9999 0.0177 -41.7763 5.7694 0.0177 -42.9098
2 24 9.9952 -47.8577 -41.7724 5.7694 -47.4873 -42.9052
2 24 5.7694 0.0177 -42.9098 2.6724 0.0177 -46.0067
2 24 5.7694 -47.4873 -42.9052 2.6772 -46.3021 -45.9967
2 24 2.6724 0.0177 -46.0067 1.5388 0.0177 -50.2372
2 24 2.6772 -46.3021 -45.9967 1.5412 -42.544 -50.2225
2 24 1.5388 0.0177 -50.2372 2.668 0.0112 -54.47
2 24 1.5412 -42.544 -50.2225 2.6636 -37.5746 -54.457
2 24 2.668 0.0112 -54.47 5.7691 0.0177 -57.565
2 24 2.6636 -37.5746 -54.457 5.7577 -30.9021 -57.5462
2 24 5.7691 0.0177 -57.565 10 0.0177 -58.6987
2 24 5.7577 -30.9021 -57.5462 9.9841 -26.4051 -58.6856
2 24 10 0.0177 -58.6987 14.2306 0.0177 -57.5651
2 24 9.9841 -26.4051 -58.6856 14.2324 -25.8594 -57.5483
2 24 14.2306 0.0177 -57.5651 17.3278 0.0177 -54.4679
2 24 14.2324 -25.8594 -57.5483 17.3609 -29.4485 -54.2807
2 24 17.3278 0.0177 -54.4679 18.4612 0.0177 -50.2371
2 24 17.3609 -29.4485 -54.2807 18.455 -34.6973 -50.218
2 24 17.3275 0.0177 -46.0066 18.4612 0.0177 -50.2371
2 24 17.3192 -40.8102 -45.9945 18.455 -34.6973 -50.218
2 24 6.8105 0.0177 -4.7132 4.4757 0.0177 -7.048
2 24 5.7694 0.0177 -2.9098 2.6723 0.0177 -6.0069
2 24 4.4757 0.0177 -7.048 3.621 0.0177 -10.2375
2 24 2.6723 0.0177 -6.0069 1.5388 0.0177 -10.2375
2 24 3.621 0.0177 -10.2375 4.4757 0.0177 -13.427
2 24 1.5388 0.0177 -10.2375 2.6723 0.0177 -14.4681
2 24 4.4757 0.0177 -13.427 6.8105 0.0177 -15.7618
2 24 2.6723 0.0177 -14.4681 5.7694 0.0177 -17.5651
2 24 6.8105 0.0177 -15.7618 10 0.0177 -16.6165
2 24 5.7694 0.0177 -17.5651 10 0.0177 -18.6987
2 24 10 0.0177 -16.6165 13.1895 0.0177 -15.7618
2 24 10 0.0177 -18.6987 14.2306 0.0177 -17.5651
2 24 4.4757 0.0177 -7.048 6.8105 0.0177 -4.7132
2 24 4.4749 -59.1687 -7.0473 6.8098 -59.1687 -4.7124
2 24 4.4757 0.0177 -7.048 3.621 0.0177 -10.2375
2 24 4.4749 -59.1687 -7.0473 3.6201 -59.0938 -10.2368
2 24 3.621 0.0177 -10.2375 4.4757 0.0177 -13.427
2 24 3.6201 -59.0938 -10.2368 4.4743 -58.8709 -13.4258
2 24 4.4757 0.0177 -13.427 6.8105 0.0177 -15.7618
2 24 4.4743 -58.8709 -13.4258 6.8084 -58.3792 -15.7605
2 24 6.8105 0.0177 -15.7618 10 0.0177 -16.6165
2 24 6.8084 -58.3792 -15.7605 9.9977 -57.7503 -16.6155
2 24 10 0.0177 -16.6165 13.1895 0.0177 -15.7618
2 24 9.9977 -57.7503 -16.6155 13.188 -57.3332 -15.761
2 24 5.7694 0.0177 -2.9098 2.6723 0.0177 -6.0069
2 24 5.7689 -59.2662 -2.9104 2.6729 -59.2662 -6.0064
2 24 2.6723 0.0177 -6.0069 1.5388 0.0177 -10.2375
2 24 2.6729 -59.2662 -6.0064 1.5395 -59.2711 -10.2373
2 24 1.5388 0.0177 -10.2375 2.6723 0.0177 -14.4681
2 24 1.5395 -59.2711 -10.2373 2.6717 -59.0806 -14.4648
2 24 2.6723 0.0177 -14.4681 5.7694 0.0177 -17.5651
2 24 2.6717 -59.0806 -14.4648 5.7666 -58.1206 -17.5619
2 24 5.7694 0.0177 -17.5651 10 0.0177 -18.6987
2 24 5.7666 -58.1206 -17.5619 9.9975 -57.4945 -18.6973
2 24 10 0.0177 -18.6987 14.2306 0.0177 -17.5651
2 24 9.9975 -57.4945 -18.6973 14.2263 -56.8843 -17.5634
2 24 17.3209 -53.5396 -25.9998 18.4573 -51.0955 -30.2276
2 24 22.6707 -51.7214 -26.0034 21.5367 -50.1669 -30.2295
2 24 14.223 -55.4416 -22.9058 9.9968 -57.1608 -21.7713
2 24 14.2263 -56.8843 -17.5634 9.9975 -57.4945 -18.6973
2 24 17.3209 -53.5396 -25.9998 14.223 -55.4416 -22.9058
2 24 5.7626 -50.7131 -37.5572 9.9935 -49.6291 -38.6935
2 24 5.7694 -47.4873 -42.9052 9.9952 -47.8577 -41.7724
2 24 9.9935 -49.6291 -38.6935 14.2257 -48.4792 -37.5596
2 24 9.9952 -47.8577 -41.7724 14.2225 -44.7794 -42.9029
2 24 18.4573 -51.0955 -30.2276 17.326 -49.4298 -34.4579
2 24 21.5367 -50.1669 -30.2295 22.6666 -47.2662 -34.457
2 24 22.6666 -47.2662 -34.457 25.7587 -43.7723 -37.5541
2 24 14.2225 -44.7794 -42.9029 17.3192 -40.8102 -45.9945
2 24 14.2257 -48.4792 -37.5596 17.326 -49.4298 -34.4579
2 24 9.9968 -57.1608 -21.7713 5.7686 -56.942 -22.9079
2 24 9.9975 -57.4945 -18.6973 5.7666 -58.1206 -17.5619
2 24 3.6189 -55.0499 -30.2318 4.4724 -53.7451 -33.422
2 24 15.5214 -54.5631 -27.0434 16.373 -53.3844 -30.235
2 24 16.373 -53.3844 -30.235 15.5233 -52.131 -33.4225
2 24 15.5233 -52.131 -33.4225 13.188 -51.2853 -35.7585
2 24 13.188 -51.2853 -35.7585 9.9971 -51.4403 -36.6135
2 24 9.9971 -51.4403 -36.6135 6.8068 -52.4028 -35.7579
2 24 4.4724 -53.7451 -33.422 6.8068 -52.4028 -35.7579
2 24 3.6189 -55.0499 -30.2318 4.4742 -56.2291 -27.0429
2 24 4.4742 -56.2291 -27.0429 6.8084 -56.7252 -24.7094
2 24 6.8084 -56.7252 -24.7094 9.9961 -56.5667 -23.855
2 24 9.9961 -56.5667 -23.855 13.1853 -55.5887 -24.709
2 24 15.5214 -54.5631 -27.0434 13.1853 -55.5887 -24.709
2 24 3.6197 -41.4929 -50.2255 4.4781 -37.7805 -53.4196
2 24 15.5189 -40.7734 -47.0375 16.376 -36.5532 -50.2273
2 24 16.376 -36.5532 -50.2273 15.5232 -32.5584 -53.4188
2 24 15.5232 -32.5584 -53.4188 13.1881 -30.0263 -55.7556
2 24 13.1881 -30.0263 -55.7556 9.9971 -30.2414 -56.6104
2 24 9.9971 -30.2414 -56.6104 6.806 -33.5073 -55.754
2 24 4.4781 -37.7805 -53.4196 6.806 -33.5073 -55.754
2 24 3.6197 -41.4929 -50.2255 4.4758 -44.4187 -47.0369
2 24 4.4758 -44.4187 -47.0369 6.8089 -45.7423 -44.7048
2 24 6.8089 -45.7423 -44.7048 9.9944 -45.464 -43.8511
2 24 9.9944 -45.464 -43.8511 13.1824 -43.5832 -44.7041
2 24 15.5189 -40.7734 -47.0375 13.1824 -43.5832 -44.7041
2 24 5.7666 -58.1206 -17.5619 2.6717 -59.0806 -14.4648
2 24 5.7686 -56.942 -22.9079 2.6737 -56.4336 -26.0022
2 24 2.6729 -59.2662 -6.0064 5.7689 -59.2662 -2.9104
2 24 2.6717 -59.0806 -14.4648 1.5395 -59.2711 -10.2373
2 24 2.6729 -59.2662 -6.0064 1.5395 -59.2711 -10.2373
2 24 -6.7971 -59.1726 6.5105 -6.7933 -58.5576 -15.005
2 24 9.9841 -26.4051 -58.6856 14.2324 -25.8594 -57.5483
2 24 18.455 -34.6973 -50.218 17.3609 -29.4485 -54.2807
2 24 21.536 -31.7263 -49.9873 22.6654 -24.8784 -54.2125
2 24 29.9919 -37.4199 -41.5339 25.7663 -38.9381 -42.6675
2 24 25.7587 -43.7723 -37.5541 29.9863 -40.6204 -38.6907
2 24 25.7663 -38.9381 -42.6675 22.6717 -37.5292 -45.7606
2 24 21.536 -31.7263 -49.9873 22.6717 -37.5292 -45.7606
2 24 17.3192 -40.8102 -45.9945 18.455 -34.6973 -50.218
2 24 29.9863 -40.6204 -38.6907 34.2172 -38.7606 -37.5601
2 24 29.9919 -37.4199 -41.5339 34.2176 -31.6169 -42.6639
2 24 9.9841 -26.4051 -58.6856 5.7577 -30.9021 -57.5462
2 24 5.7577 -30.9021 -57.5462 2.6636 -37.5746 -54.457
2 24 2.6636 -37.5746 -54.457 1.5412 -42.544 -50.2225
2 24 -6.793 -52.8875 -34.8733 -6.7929 -36.7311 -54.5125
2 24 2.6772 -46.3021 -45.9967 1.5412 -42.544 -50.2225
2 24 -6.7933 -58.5576 -15.005 -6.793 -52.8875 -34.8733
2 24 2.6737 -56.4336 -26.0022 1.5388 -55.2723 -30.2301
2 24 2.6685 -52.951 -34.4579 1.5388 -55.2723 -30.2301
2 24 5.7626 -50.7131 -37.5572 2.6685 -52.951 -34.4579
2 24 5.7694 -47.4873 -42.9052 2.6772 -46.3021 -45.9967
2 24 38.1773 -7.8687 -48.9552 37.3138 -21.5936 -45.7538
2 24 34.2176 -31.6169 -42.6639 37.3138 -21.5936 -45.7538
2 24 -6.7939 -12.0742 -65.5009 -6.7929 -36.7311 -54.5125
2 24 14.2324 -25.8594 -57.5483 17.3609 -29.4485 -54.2807
2 24 30.0001 0.0177 -23.8586 26.8106 0.0177 -24.7132
2 24 29.9917 -49.0169 -23.8544 26.8044 -50.28 -24.7093
2 24 30.0001 0.0177 -23.8586 33.1896 0.0177 -24.7132
2 24 29.9917 -49.0169 -23.8544 33.1816 -46.7967 -24.7074
2 24 33.1896 0.0177 -24.7132 35.5244 0.0177 -27.0481
2 24 33.1816 -46.7967 -24.7074 35.5186 -44.1538 -27.0416
2 24 35.5244 0.0177 -27.0481 36.3743 0.0112 -30.2376
2 24 35.5186 -44.1538 -27.0416 36.373 -41.8006 -30.2348
2 24 36.3743 0.0112 -30.2376 35.5243 0.0177 -33.427
2 24 36.373 -41.8006 -30.2348 35.5211 -40.4175 -33.423
2 24 29.9999 0.0177 -21.7763 25.7693 0.0177 -22.9099
2 24 29.992 -50.1669 -21.7742 25.7659 -51.7214 -22.9082
2 24 29.9999 0.0177 -21.7763 34.2305 0.0177 -22.9098
2 24 29.992 -50.1669 -21.7742 34.2195 -47.2662 -22.9041
2 24 34.2305 0.0177 -22.9098 37.3276 0.0177 -26.0068
2 24 34.2195 -47.2662 -22.9041 37.3167 -43.7722 -25.9963
2 24 37.3276 0.0177 -26.0068 38.4659 0.0112 -30.2374
2 24 37.3167 -43.7722 -25.9963 38.4646 -40.6287 -30.2286
2 24 38.4659 0.0112 -30.2374 37.3276 0.0177 -34.4681
2 24 38.4646 -40.6287 -30.2286 37.3229 -38.7608 -34.4544
2 24 38.4659 0.0112 -30.2374 37.3276 0.0177 -34.4681
2 24 36.3743 0.0112 -30.2376 35.5243 0.0177 -33.427
2 24 38.4659 0.0112 -30.2374 37.3276 0.0177 -26.0068
2 24 36.3743 0.0112 -30.2376 35.5244 0.0177 -27.0481
2 24 37.3276 0.0177 -26.0068 34.2305 0.0177 -22.9098
2 24 35.5244 0.0177 -27.0481 33.1896 0.0177 -24.7132
2 24 34.2305 0.0177 -22.9098 29.9999 0.0177 -21.7763
2 24 33.1896 0.0177 -24.7132 30.0001 0.0177 -23.8586
2 24 29.9999 0.0177 -21.7763 25.7693 0.0177 -22.9099
2 24 30.0001 0.0177 -23.8586 26.8106 0.0177 -24.7132
2 24 24.4757 0.0177 -27.0481 26.8106 0.0177 -24.7132
2 24 24.4718 -50.28 -27.0419 26.8044 -50.28 -24.7093
2 24 22.6724 0.0177 -26.0068 25.7693 0.0177 -22.9099
2 24 24.4757 0.0177 -27.0481 26.8106 0.0177 -24.7132
2 24 22.6724 0.0177 -26.0068 25.7693 0.0177 -22.9099
2 24 22.6707 -51.7214 -26.0034 25.7659 -51.7214 -22.9082
2 24 34.2306 0.0177 -37.5651 37.3276 0.0177 -34.4681
2 24 34.2172 -38.7606 -37.5601 37.3229 -38.7608 -34.4544
2 24 34.2306 0.0177 -37.5651 37.3276 0.0177 -34.4681
2 24 33.1895 0.0177 -35.7618 35.5243 0.0177 -33.427
2 24 33.1895 0.0177 -35.7618 35.5243 0.0177 -33.427
2 24 33.1855 -40.4175 -35.7586 35.5211 -40.4175 -33.423
2 24 24.4748 0.0177 -13.427 26.8096 0.0177 -15.7619
2 24 22.6714 0.0177 -14.4681 25.7684 0.0177 -17.5651
2 24 24.4748 0.0177 -13.427 23.6201 0.0177 -10.2376
2 24 22.6714 0.0177 -14.4681 21.5379 0.0177 -10.2375
2 24 23.6201 0.0177 -10.2376 24.4748 0.0177 -7.048
2 24 21.5379 0.0177 -10.2375 22.6714 0.0177 -6.0069
2 24 24.4748 0.0177 -7.048 26.8096 0.0177 -4.7132
2 24 22.6714 0.0177 -6.0069 25.7684 0.0177 -2.9099
2 24 26.8096 0.0177 -4.7132 29.9991 0.0177 -3.8586
2 24 25.7684 0.0177 -2.9099 29.999 0.0177 -1.7763
2 24 29.9991 0.0177 -3.8586 33.1886 0.0177 -4.7132
2 24 29.999 0.0177 -1.7763 34.2296 0.0177 -2.9098
2 24 33.1886 0.0177 -4.7132 35.5234 0.0177 -7.0481
2 24 34.2296 0.0177 -2.9098 37.3267 0.0177 -6.0069
2 24 35.5234 0.0177 -7.0481 36.378 0.0177 -10.2375
2 24 37.3267 0.0177 -6.0069 38.4603 0.0177 -10.2375
2 24 36.378 0.0177 -10.2375 35.5234 0.0177 -13.427
2 24 38.4603 0.0177 -10.2375 37.3267 0.0177 -14.4682
2 24 35.5234 0.0177 -13.427 33.1886 0.0177 -15.7618
2 24 37.3267 0.0177 -14.4682 34.2297 0.0177 -17.5652
2 24 33.1886 0.0177 -15.7618 29.9992 0.0112 -16.6118
2 24 34.2297 0.0177 -17.5652 29.999 0.0112 -18.7034
2 24 26.8096 0.0177 -15.7619 29.9992 0.0112 -16.6118
2 24 25.7684 0.0177 -17.5651 29.999 0.0112 -18.7034
2 24 26.8096 0.0177 -15.7619 24.4748 0.0177 -13.427
2 24 26.805 -54.5632 -15.7598 24.4706 -55.5887 -13.4238
2 24 24.4748 0.0177 -13.427 23.6201 0.0177 -10.2376
2 24 24.4706 -55.5887 -13.4238 23.6166 -56.5668 -10.2346
2 24 23.6201 0.0177 -10.2376 24.4748 0.0177 -7.048
2 24 23.6166 -56.5668 -10.2346 24.471 -56.7253 -7.0469
2 24 24.4748 0.0177 -7.048 26.8096 0.0177 -4.7132
2 24 24.471 -56.7253 -7.0469 26.8045 -56.2292 -4.7127
2 24 26.8096 0.0177 -4.7132 29.9991 0.0177 -3.8586
2 24 26.8045 -56.2292 -4.7127 29.9934 -55.05 -3.8574
2 24 29.9991 0.0177 -3.8586 33.1886 0.0177 -4.7132
2 24 29.9934 -55.05 -3.8574 33.1835 -53.7451 -4.7109
2 24 33.1886 0.0177 -4.7132 35.5234 0.0177 -7.0481
2 24 33.1835 -53.7451 -4.7109 35.5194 -52.4028 -7.0453
2 24 35.5234 0.0177 -7.0481 36.378 0.0177 -10.2375
2 24 35.5194 -52.4028 -7.0453 36.375 -51.4404 -10.2356
2 24 36.378 0.0177 -10.2375 35.5234 0.0177 -13.427
2 24 36.375 -51.4404 -10.2356 35.52 -51.2855 -13.4264
2 24 35.5234 0.0177 -13.427 33.1886 0.0177 -15.7618
2 24 35.52 -51.2855 -13.4264 33.184 -52.1311 -15.7617
2 24 33.1886 0.0177 -15.7618 29.9992 0.0112 -16.6118
2 24 33.184 -52.1311 -15.7617 29.9966 -53.3844 -16.6114
2 24 26.8096 0.0177 -15.7619 29.9992 0.0112 -16.6118
2 24 26.805 -54.5632 -15.7598 29.9966 -53.3844 -16.6114
2 24 25.7684 0.0177 -17.5651 22.6714 0.0177 -14.4681
2 24 25.7614 -53.5396 -17.5594 22.6673 -55.4416 -14.4614
2 24 22.6714 0.0177 -14.4681 21.5379 0.0177 -10.2375
2 24 22.6673 -55.4416 -14.4614 21.5364 -57.1552 -10.2345
2 24 21.5379 0.0177 -10.2375 22.6714 0.0177 -6.0069
2 24 21.5364 -57.1552 -10.2345 22.6694 -56.942 -6.007
2 24 22.6714 0.0177 -6.0069 25.7684 0.0177 -2.9099
2 24 22.6694 -56.942 -6.007 25.7638 -56.4336 -2.9121
2 24 25.7684 0.0177 -2.9099 29.999 0.0177 -1.7763
2 24 25.7638 -56.4336 -2.9121 29.9916 -55.2723 -1.7773
2 24 29.999 0.0177 -1.7763 34.2296 0.0177 -2.9098
2 24 29.9916 -55.2723 -1.7773 34.2194 -52.9511 -2.9068
2 24 34.2296 0.0177 -2.9098 37.3267 0.0177 -6.0069
2 24 34.2194 -52.9511 -2.9068 37.3187 -50.713 -6.0011
2 24 37.3267 0.0177 -6.0069 38.4603 0.0177 -10.2375
2 24 37.3187 -50.713 -6.0011 38.455 -49.6291 -10.2319
2 24 38.4603 0.0177 -10.2375 37.3267 0.0177 -14.4682
2 24 38.455 -49.6291 -10.2319 37.3211 -48.4792 -14.4641
2 24 37.3267 0.0177 -14.4682 34.2297 0.0177 -17.5652
2 24 37.3211 -48.4792 -14.4641 34.2194 -49.4298 -17.5645
2 24 34.2297 0.0177 -17.5652 29.999 0.0112 -18.7034
2 24 34.2194 -49.4298 -17.5645 29.992 -51.1023 -18.7025
2 24 25.7684 0.0177 -17.5651 29.999 0.0112 -18.7034
2 24 25.7614 -53.5396 -17.5594 29.992 -51.1023 -18.7025
2 24 46.8107 0.0177 -15.762 44.4758 0.0177 -13.4271
2 24 46.8002 -40.6641 -15.7561 44.4668 -43.5833 -13.4198
2 24 44.4758 0.0177 -13.4271 43.6211 0.0177 -10.2376
2 24 44.4668 -43.5833 -13.4198 43.6137 -45.4641 -10.2319
2 24 43.6211 0.0177 -10.2376 44.4757 0.0177 -7.048
2 24 43.6137 -45.4641 -10.2319 44.4673 -45.7424 -7.0467
2 24 44.4757 0.0177 -7.048 46.8107 0.0177 -4.7131
2 24 44.4673 -45.7424 -7.0467 46.7994 -44.3094 -4.7137
2 24 46.8107 0.0177 -4.7131 50.0002 0.0177 -3.8585
2 24 46.7994 -44.3094 -4.7137 49.9882 -41.3833 -3.8574
2 24 50.0002 0.0177 -3.8585 53.1897 0.0177 -4.7133
2 24 49.9882 -41.3833 -3.8574 53.1791 -37.7767 -4.7097
2 24 53.1897 0.0177 -4.7133 55.5245 0.0177 -7.0482
2 24 53.1791 -37.7767 -4.7097 55.5165 -33.5075 -7.0436
2 24 55.5245 0.0177 -7.0482 56.379 0.0177 -10.2375
2 24 55.5165 -33.5075 -7.0436 56.3729 -30.2415 -10.2347
2 24 56.379 0.0177 -10.2375 55.5243 0.0177 -13.427
2 24 56.3729 -30.2415 -10.2347 55.518 -30.0265 -13.4256
2 24 55.5243 0.0177 -13.427 53.1896 0.0177 -15.7617
2 24 55.518 -30.0265 -13.4256 53.1814 -32.5585 -15.7606
2 24 53.1896 0.0177 -15.7617 50.0003 0.0112 -16.6118
2 24 53.1814 -32.5585 -15.7606 49.9953 -36.4472 -16.6104
2 24 46.8107 0.0177 -15.762 50.0003 0.0112 -16.6118
2 24 46.8002 -40.6641 -15.7561 49.9953 -36.4472 -16.6104
2 24 45.7691 0.0177 -17.565 42.6723 0.0177 -14.4679
2 24 45.757 -40.7006 -17.5568 42.6654 -44.7795 -14.4599
2 24 42.6723 0.0177 -14.4679 41.5388 0.0177 -10.2374
2 24 42.6654 -44.7795 -14.4599 41.5349 -47.8577 -10.2327
2 24 41.5388 0.0177 -10.2374 42.6724 0.0177 -6.0069
2 24 41.5349 -47.8577 -10.2327 42.6677 -47.4872 -6.0072
2 24 42.6724 0.0177 -6.0069 45.7692 0.0177 -2.9099
2 24 42.6677 -47.4872 -6.0072 45.7593 -46.1925 -2.9146
2 24 45.7692 0.0177 -2.9099 49.9998 0.0177 -1.7763
2 24 45.7593 -46.1925 -2.9146 49.9852 -42.4344 -1.7785
2 24 49.9998 0.0177 -1.7763 54.2303 0.0177 -2.9096
2 24 49.9852 -42.4344 -1.7785 54.2109 -37.5702 -2.9055
2 24 54.2303 0.0177 -2.9096 57.3275 0.0177 -6.0066
2 24 54.2109 -37.5702 -2.9055 57.309 -30.9022 -5.9951
2 24 57.3275 0.0177 -6.0066 58.4613 0.0177 -10.2375
2 24 57.309 -30.9022 -5.9951 58.4484 -26.405 -10.2218
2 24 58.4613 0.0177 -10.2375 57.3276 0.0177 -14.4681
2 24 58.4484 -26.405 -10.2218 57.3112 -25.8593 -14.4697
2 24 57.3276 0.0177 -14.4681 54.2304 0.0177 -17.5653
2 24 57.3112 -25.8593 -14.4697 54.1799 -29.4347 -17.6777
2 24 54.2304 0.0177 -17.5653 49.9996 0.0112 -18.7034
2 24 54.1799 -29.4347 -17.6777 49.9862 -34.5918 -18.7008
2 24 45.7691 0.0177 -17.565 49.9996 0.0112 -18.7034
2 24 45.757 -40.7006 -17.5568 49.9862 -34.5918 -18.7008
2 24 41.5388 0.0177 -10.2374 42.6724 0.0177 -6.0069
2 24 43.6211 0.0177 -10.2376 44.4757 0.0177 -7.048
2 24 41.5388 0.0177 -10.2374 42.6723 0.0177 -14.4679
2 24 43.6211 0.0177 -10.2376 44.4758 0.0177 -13.4271
2 24 42.6723 0.0177 -14.4679 45.7691 0.0177 -17.565
2 24 44.4758 0.0177 -13.4271 46.8107 0.0177 -15.762
2 24 45.7691 0.0177 -17.565 49.9996 0.0112 -18.7034
2 24 46.8107 0.0177 -15.762 50.0003 0.0112 -16.6118
2 24 49.9996 0.0112 -18.7034 54.2304 0.0177 -17.5653
2 24 50.0003 0.0112 -16.6118 53.1896 0.0177 -15.7617
2 24 54.2304 0.0177 -17.5653 57.3276 0.0177 -14.4681
2 24 53.1896 0.0177 -15.7617 55.5243 0.0177 -13.427
2 24 57.3276 0.0177 -14.4681 58.4613 0.0177 -10.2375
2 24 55.5243 0.0177 -13.427 56.379 0.0177 -10.2375
2 24 58.4613 0.0177 -10.2375 57.3275 0.0177 -6.0066
2 24 56.379 0.0177 -10.2375 55.5245 0.0177 -7.0482
2 24 57.3275 0.0177 -6.0066 54.2303 0.0177 -2.9096
2 24 55.5245 0.0177 -7.0482 53.1897 0.0177 -4.7133
2 24 54.2303 0.0177 -2.9096 49.9998 0.0177 -1.7763
2 24 53.1897 0.0177 -4.7133 50.0002 0.0177 -3.8585
2 24 49.9998 0.0177 -1.7763 45.7692 0.0177 -2.9099
2 24 50.0002 0.0177 -3.8585 46.8107 0.0177 -4.7131
2 24 42.6724 0.0177 -6.0069 45.7692 0.0177 -2.9099
2 24 44.4757 0.0177 -7.048 46.8107 0.0177 -4.7131
2 24 6.8105 0.0177 -4.7132 10 0.0177 -3.8585
2 24 5.7694 0.0177 -2.9098 10 0.0177 -1.7763
2 24 10 0.0177 -3.8585 13.1895 0.0177 -4.7132
2 24 10 0.0177 -1.7763 14.2306 0.0177 -2.9098
2 24 13.1895 0.0177 -4.7132 15.5243 0.0177 -7.048
2 24 14.2306 0.0177 -2.9098 17.3276 0.0177 -6.0069
2 24 15.5243 0.0177 -7.048 16.3743 0.0112 -10.2375
2 24 17.3276 0.0177 -6.0069 18.4659 0.0112 -10.2375
2 24 16.3743 0.0112 -10.2375 15.5243 0.0177 -13.427
2 24 18.4659 0.0112 -10.2375 17.3276 0.0177 -14.4681
2 24 6.8105 0.0177 -4.7132 10 0.0177 -3.8585
2 24 6.8098 -59.1687 -4.7124 9.9993 -59.0938 -3.8576
2 24 10 0.0177 -3.8585 13.1895 0.0177 -4.7132
2 24 9.9993 -59.0938 -3.8576 13.1883 -58.8709 -4.7118
2 24 13.1895 0.0177 -4.7132 15.5243 0.0177 -7.048
2 24 13.1883 -58.8709 -4.7118 15.523 -58.3792 -7.0459
2 24 15.5243 0.0177 -7.048 16.3743 0.0112 -10.2375
2 24 15.523 -58.3792 -7.0459 16.374 -57.7562 -10.2364
2 24 16.3743 0.0112 -10.2375 15.5243 0.0177 -13.427
2 24 16.374 -57.7562 -10.2364 15.5235 -57.3332 -13.4255
2 24 5.7694 0.0177 -2.9098 10 0.0177 -1.7763
2 24 5.7689 -59.2662 -2.9104 9.9998 -59.2711 -1.777
2 24 10 0.0177 -1.7763 14.2306 0.0177 -2.9098
2 24 9.9998 -59.2711 -1.777 14.2273 -59.0807 -2.9092
2 24 14.2306 0.0177 -2.9098 17.3276 0.0177 -6.0069
2 24 14.2273 -59.0807 -2.9092 17.3244 -58.1206 -6.0041
2 24 17.3276 0.0177 -6.0069 18.4659 0.0112 -10.2375
2 24 17.3244 -58.1206 -6.0041 18.4656 -57.5016 -10.2357
2 24 18.4659 0.0112 -10.2375 17.3276 0.0177 -14.4681
2 24 18.4656 -57.5016 -10.2357 17.3259 -56.8843 -14.4638
2 24 14.2306 0.0177 -17.5651 17.3276 0.0177 -14.4681
2 24 14.2263 -56.8843 -17.5634 17.3259 -56.8843 -14.4638
2 24 13.1895 0.0177 -15.7618 15.5243 0.0177 -13.427
2 24 14.2306 0.0177 -17.5651 17.3276 0.0177 -14.4681
2 24 13.1895 0.0177 -15.7618 15.5243 0.0177 -13.427
2 24 13.188 -57.3332 -15.761 15.5235 -57.3332 -13.4255
2 24 14.2263 -56.8843 -17.5634 17.3259 -56.8843 -14.4638
2 24 22.6707 -51.7214 -26.0034 25.7659 -51.7214 -22.9082
2 24 25.7659 -51.7214 -22.9082 29.992 -50.1669 -21.7742
2 24 29.992 -51.1023 -18.7025 25.7614 -53.5396 -17.5594
2 24 22.6673 -55.4416 -14.4614 21.5364 -57.1552 -10.2345
2 24 17.3259 -56.8843 -14.4638 18.4656 -57.5016 -10.2357
2 24 25.7614 -53.5396 -17.5594 22.6673 -55.4416 -14.4614
2 24 41.5349 -47.8577 -10.2327 42.6677 -47.4872 -6.0072
2 24 38.455 -49.6291 -10.2319 37.3187 -50.713 -6.0011
2 24 38.455 -49.6291 -10.2319 37.3211 -48.4792 -14.4641
2 24 41.5349 -47.8577 -10.2327 42.6654 -44.7795 -14.4599
2 24 29.992 -50.1669 -21.7742 34.2195 -47.2662 -22.9041
2 24 29.992 -51.1023 -18.7025 34.2194 -49.4298 -17.5645
2 24 34.2195 -47.2662 -22.9041 37.3167 -43.7722 -25.9963
2 24 42.6654 -44.7795 -14.4599 45.757 -40.7006 -17.5568
2 24 37.3211 -48.4792 -14.4641 34.2194 -49.4298 -17.5645
2 24 21.5364 -57.1552 -10.2345 22.6694 -56.942 -6.007
2 24 18.4656 -57.5016 -10.2357 17.3244 -58.1206 -6.0041
2 24 29.9934 -55.05 -3.8574 33.1835 -53.7451 -4.7109
2 24 26.805 -54.5632 -15.7598 29.9966 -53.3844 -16.6114
2 24 29.9966 -53.3844 -16.6114 33.184 -52.1311 -15.7617
2 24 33.184 -52.1311 -15.7617 35.52 -51.2855 -13.4264
2 24 35.52 -51.2855 -13.4264 36.375 -51.4404 -10.2356
2 24 36.375 -51.4404 -10.2356 35.5194 -52.4028 -7.0453
2 24 33.1835 -53.7451 -4.7109 35.5194 -52.4028 -7.0453
2 24 29.9934 -55.05 -3.8574 26.8045 -56.2292 -4.7127
2 24 26.8045 -56.2292 -4.7127 24.471 -56.7253 -7.0469
2 24 24.471 -56.7253 -7.0469 23.6166 -56.5668 -10.2346
2 24 23.6166 -56.5668 -10.2346 24.4706 -55.5887 -13.4238
2 24 26.805 -54.5632 -15.7598 24.4706 -55.5887 -13.4238
2 24 49.9882 -41.3833 -3.8574 53.1791 -37.7767 -4.7097
2 24 46.8002 -40.6641 -15.7561 49.9953 -36.4472 -16.6104
2 24 49.9953 -36.4472 -16.6104 53.1814 -32.5585 -15.7606
2 24 53.1814 -32.5585 -15.7606 55.518 -30.0265 -13.4256
2 24 55.518 -30.0265 -13.4256 56.3729 -30.2415 -10.2347
2 24 56.3729 -30.2415 -10.2347 55.5165 -33.5075 -7.0436
2 24 53.1791 -37.7767 -4.7097 55.5165 -33.5075 -7.0436
2 24 49.9882 -41.3833 -3.8574 46.7994 -44.3094 -4.7137
2 24 46.7994 -44.3094 -4.7137 44.4673 -45.7424 -7.0467
2 24 44.4673 -45.7424 -7.0467 43.6137 -45.4641 -10.2319
2 24 43.6137 -45.4641 -10.2319 44.4668 -43.5833 -13.4198
2 24 46.8002 -40.6641 -15.7561 44.4668 -43.5833 -13.4198
2 24 17.3244 -58.1206 -6.0041 14.2273 -59.0807 -2.9092
2 24 22.6694 -56.942 -6.007 25.7638 -56.4336 -2.9121
2 24 14.2273 -59.0807 -2.9092 9.9998 -59.2711 -1.777
2 24 5.7689 -59.2662 -2.9104 9.9998 -59.2711 -1.777
2 24 -6.7971 -59.1726 6.5105 15.0049 -58.5576 6.4577
2 24 58.4484 -26.405 -10.2218 57.3112 -25.8593 -14.4697
2 24 54.1083 -24.8784 -23.0249 49.8831 -31.6164 -21.8957
2 24 54.1799 -29.4347 -17.6777 49.9862 -34.5918 -18.7008
2 24 37.3167 -43.7722 -25.9963 38.4646 -40.6287 -30.2286
2 24 42.5634 -38.9378 -26.126 41.4299 -37.4197 -30.3513
2 24 42.5634 -38.9378 -26.126 45.6562 -37.4195 -23.0314
2 24 45.757 -40.7006 -17.5568 49.9862 -34.5918 -18.7008
2 24 49.8831 -31.6164 -21.8957 45.6562 -37.4195 -23.0314
2 24 37.3229 -38.7608 -34.4544 38.4646 -40.6287 -30.2286
2 24 42.5598 -31.6168 -34.5768 41.4299 -37.4197 -30.3513
2 24 58.4484 -26.405 -10.2218 57.309 -30.9022 -5.9951
2 24 57.309 -30.9022 -5.9951 54.2109 -37.5702 -2.9055
2 24 54.2109 -37.5702 -2.9055 49.9852 -42.4344 -1.7785
2 24 45.7593 -46.1925 -2.9146 49.9852 -42.4344 -1.7785
2 24 34.8732 -52.8326 6.4575 54.5124 -36.6761 6.4574
2 24 15.0049 -58.5576 6.4577 34.8732 -52.8326 6.4575
2 24 25.7638 -56.4336 -2.9121 29.9916 -55.2723 -1.7773
2 24 34.2194 -52.9511 -2.9068 29.9916 -55.2723 -1.7773
2 24 37.3187 -50.713 -6.0011 34.2194 -52.9511 -2.9068
2 24 42.6677 -47.4872 -6.0072 45.7593 -46.1925 -2.9146
2 24 48.851 -7.8687 -38.5365 45.6497 -21.5936 -37.673
2 24 42.5598 -31.6168 -34.5768 45.6497 -21.5936 -37.673
2 24 65.4978 -12.0742 6.5196 54.5124 -36.6761 6.4574
2 24 57.3112 -25.8593 -14.4697 54.1799 -29.4347 -17.6777
2 24 34.2172 -38.7606 -37.5601 37.3229 -38.7608 -34.4544
2 24 35.5211 -40.4175 -33.423 36.373 -41.8006 -30.2348
2 24 15.5235 -57.3332 -13.4255 16.374 -57.7562 -10.2364
2 24 56.9456 -10.8726 -25.8537 54.1083 -24.8784 -23.0249
2 24 9.8495 -64.0177 10.0177 -10.0144 -64.0144 10.0144
2 24 23.6169 -49.0169 -30.2292 24.4718 -50.28 -27.0419
2 24 24.4718 -50.28 -27.0419 26.8044 -50.28 -24.7093
2 24 26.8044 -50.28 -24.7093 29.9917 -49.0169 -23.8544
2 24 29.9917 -49.0169 -23.8544 33.1816 -46.7967 -24.7074
2 24 33.1816 -46.7967 -24.7074 35.5186 -44.1538 -27.0416
2 24 36.373 -41.8006 -30.2348 35.5186 -44.1538 -27.0416
2 24 35.5211 -40.4175 -33.423 33.1855 -40.4175 -35.7586
2 24 33.1855 -40.4175 -35.7586 29.9945 -41.7966 -36.6127
2 24 29.9945 -41.7966 -36.6127 26.8041 -44.1538 -35.7561
2 24 26.8041 -44.1538 -35.7561 24.4699 -46.7967 -33.419
2 24 23.6169 -49.0169 -30.2292 24.4699 -46.7967 -33.419
2 24 3.6201 -59.0938 -10.2368 4.4749 -59.1687 -7.0473
2 24 4.4749 -59.1687 -7.0473 6.8098 -59.1687 -4.7124
2 24 6.8098 -59.1687 -4.7124 9.9993 -59.0938 -3.8576
2 24 9.9993 -59.0938 -3.8576 13.1883 -58.8709 -4.7118
2 24 13.1883 -58.8709 -4.7118 15.523 -58.3792 -7.0459
2 24 16.374 -57.7562 -10.2364 15.523 -58.3792 -7.0459
2 24 15.5235 -57.3332 -13.4255 13.188 -57.3332 -15.761
2 24 13.188 -57.3332 -15.761 9.9977 -57.7503 -16.6155
2 24 9.9977 -57.7503 -16.6155 6.8084 -58.3792 -15.7605
2 24 6.8084 -58.3792 -15.7605 4.4743 -58.8709 -13.4258
2 24 3.6201 -59.0938 -10.2368 4.4743 -58.8709 -13.4258
2 24 65.4978 -12.0742 6.5196 54.5124 -36.6761 6.4574
2 24 54.5124 -36.6761 6.4574 34.8732 -52.8326 6.4575
2 24 34.8732 -52.8326 6.4575 15.0049 -58.5576 6.4577
2 24 -6.7939 -6.9532 6.5073 -6.7971 -59.1726 6.5105
2 24 -6.7933 -58.5576 -15.005 -6.7971 -59.1726 6.5105
2 24 15.0049 -58.5576 6.4577 -6.7971 -59.1726 6.5105
2 24 -6.7939 -6.9532 6.5073 -6.7971 -59.1726 6.5105
2 24 -6.7933 -58.5576 -15.005 -6.793 -52.8875 -34.8733
2 24 -6.793 -52.8875 -34.8733 -6.7929 -36.7311 -54.5125
2 24 -6.7929 -36.7311 -54.5125 -6.7939 -12.0742 -65.5009
2 24 -6.7939 -12.0742 -65.5009 -6.7976 0.0149 -66.1368
2 24 -6.7976 0.0149 -66.1368 -6.7971 0.0144 6.5106
2 24 -6.7939 -6.9532 6.5073 -6.7971 0.0144 6.5106
2 24 -6.7976 0.0149 -66.1368 -6.7971 0.0144 6.5106
2 24 -10.0139 0.0146 -70.0105 -10.0144 0.0144 10.0144
2 24 57.408 -0.5025 -26.7109 57.1973 -1.6446 -26.2573
2 24 54.1244 0.0177 -23.0308 57.2217 0.0171 -26.1255
2 24 26.3916 -0.5217 -57.526 26.0129 -1.785 -57.3328
2 24 25.7658 0.0169 -57.326 22.6713 0.0177 -54.2286
2 24 57.2115 -3.6157 -26.1131 57.1973 -1.6446 -26.2573
2 24 25.4946 -10.8732 -57.047 22.6654 -24.8784 -54.2125
2 24 26.8854 -4.7654 -60.9924 27.3164 -3.6197 -60.7694
2 24 27.3164 -3.6197 -60.7694 27.2997 -1.6838 -60.7855
2 24 28.7631 0.0223 -59.9934 27.7009 -0.4733 -60.5606
2 24 27.2997 -1.6838 -60.7855 27.7009 -0.4733 -60.5606
2 24 32.4787 0.0175 -57.5263 28.7631 0.0223 -59.9934
2 24 32.4787 0.0175 -57.5263 28.7631 0.0223 -59.9934
2 24 8.7768 0.0172 -67.7342 13.7858 0.0223 -66.3408
2 24 15.3417 -1.6365 -65.893 14.9079 -0.4823 -66.0104
2 24 13.7858 0.0223 -66.3408 14.9079 -0.4823 -66.0104
2 24 15.3417 -1.6365 -65.893 15.3543 -3.6127 -65.8827
2 24 15.3543 -3.6127 -65.8827 15.8079 -4.8085 -65.725
2 24 16.9453 -5.252 -65.3232 15.8079 -4.8085 -65.725
0 STEP
