0 Untitled Model
0 Name: Untitled Model
0 Author: 
0 BFC CERTIFY CCW
3 16 38.0318 -12.2689 -10.2375 37.9694 -12.2762 -9.3448 41.9795 -12.2689 -10.2375 0.9079 0.354 0.9077 0.3541 0.9079 0.3534
3 16 41.9795 -12.2689 -10.2375 37.9694 -12.2762 -9.3448 42.0627 -12.2762 -9.3448 0.9079 0.3534 0.9077 0.3541 0.9077 0.3534
3 16 42.0627 -12.2762 -9.3448 37.9694 -12.2762 -9.3448 42.0627 -47.9343 -9.3375 0.9119 0.3379 0.9126 0.3379 0.912 0.3438
3 16 42.0627 -47.9343 -9.3375 37.9694 -12.2762 -9.3448 37.9694 -50.2174 -9.3375 0.912 0.3438 0.9126 0.3379 0.9126 0.3444
3 16 42.0627 -12.2762 -11.1302 42.0627 -47.0634 -11.1375 37.9694 -12.2762 -11.1302 0.9116 0.3379 0.9116 0.3438 0.9109 0.3379
3 16 37.9694 -12.2762 -11.1302 42.0627 -47.0634 -11.1375 37.9694 -50.2174 -11.1375 0.9109 0.3379 0.9116 0.3438 0.9109 0.3444
3 16 38.0318 -12.2689 -10.2375 41.9795 -12.2689 -10.2375 37.9694 -12.2762 -11.1302 0.9079 0.354 0.9079 0.3534 0.908 0.3541
3 16 37.9694 -12.2762 -11.1302 41.9795 -12.2689 -10.2375 42.0627 -12.2762 -11.1302 0.908 0.3541 0.9079 0.3534 0.908 0.3534
3 16 22.0003 -12.2689 -10.2375 22.0627 -12.2762 -11.1302 18.0526 -12.2689 -10.2375 0.9118 0.3527 0.9116 0.3527 0.9118 0.352
3 16 18.0526 -12.2689 -10.2375 22.0627 -12.2762 -11.1302 17.9694 -12.2762 -11.1302 0.9118 0.352 0.9116 0.3527 0.9116 0.352
3 16 22.0627 -12.2762 -11.1302 22.0627 -56.961 -11.1375 17.9694 -12.2762 -11.1302 0.9097 0.3459 0.9097 0.3535 0.909 0.3459
3 16 17.9694 -12.2762 -11.1302 22.0627 -56.961 -11.1375 17.9694 -57.8763 -11.1375 0.909 0.3459 0.9097 0.3535 0.909 0.3536
3 16 22.0627 -12.2762 -9.3448 17.9694 -12.2762 -9.3448 22.0627 -56.9611 -9.3375 0.9039 0.3455 0.9046 0.3455 0.9039 0.3531
3 16 22.0627 -56.9611 -9.3375 17.9694 -12.2762 -9.3448 17.9694 -57.8764 -9.3375 0.9039 0.3531 0.9046 0.3455 0.9046 0.3533
3 16 22.0003 -12.2689 -10.2375 18.0526 -12.2689 -10.2375 22.0627 -12.2762 -9.3448 0.9118 0.3527 0.9118 0.352 0.9119 0.3527
3 16 22.0627 -12.2762 -9.3448 18.0526 -12.2689 -10.2375 17.9694 -12.2762 -9.3448 0.9119 0.3527 0.9118 0.352 0.9119 0.352
3 16 22.0003 -12.2689 -30.2375 22.0627 -12.2762 -31.1302 18.0526 -12.2689 -30.2375 0.9096 0.3545 0.9094 0.3545 0.9096 0.3538
3 16 18.0526 -12.2689 -30.2375 22.0627 -12.2762 -31.1302 17.9694 -12.2762 -31.1302 0.9096 0.3538 0.9094 0.3545 0.9094 0.3538
3 16 22.0627 -12.2762 -31.1302 22.0627 -49.7833 -31.1375 17.9694 -12.2762 -31.1302 0.9106 0.3379 0.9106 0.3442 0.91 0.3379
3 16 17.9694 -12.2762 -31.1302 22.0627 -49.7833 -31.1375 17.9694 -51.1121 -31.1375 0.91 0.3379 0.9106 0.3442 0.91 0.3445
3 16 22.0627 -12.2762 -29.3448 17.9694 -12.2762 -29.3448 22.0627 -50.5934 -29.3375 0.8997 0.3461 0.9004 0.3461 0.8998 0.3526
3 16 22.0627 -50.5934 -29.3375 17.9694 -12.2762 -29.3448 17.9694 -52.2201 -29.3375 0.8998 0.3526 0.9004 0.3461 0.9004 0.353
3 16 22.0003 -12.2689 -30.2375 18.0526 -12.2689 -30.2375 22.0627 -12.2762 -29.3448 0.9096 0.3545 0.9096 0.3538 0.9097 0.3545
3 16 22.0627 -12.2762 -29.3448 18.0526 -12.2689 -30.2375 17.9694 -12.2762 -29.3448 0.9097 0.3545 0.9096 0.3538 0.9097 0.3538
3 16 38.0318 -12.2689 -30.4314 37.9694 -12.2762 -29.5387 41.9795 -12.2689 -30.4314 0.9084 0.3549 0.9083 0.3549 0.9084 0.3542
3 16 41.9795 -12.2689 -30.4314 37.9694 -12.2762 -29.5387 42.0627 -12.2762 -29.5387 0.9084 0.3542 0.9083 0.3549 0.9083 0.3542
3 16 42.0627 -12.2762 -29.5387 37.9694 -12.2762 -29.5387 42.0627 -37.5676 -29.5314 0.9123 0.3446 0.913 0.3446 0.9123 0.3489
3 16 42.0627 -37.5676 -29.5314 37.9694 -12.2762 -29.5387 37.9694 -41.8154 -29.5314 0.9123 0.3489 0.913 0.3446 0.913 0.3493
3 16 42.0627 -12.2762 -31.3241 42.0627 -36.2304 -31.3314 37.9694 -12.2762 -31.3241 0.9024 0.3511 0.9023 0.3552 0.9017 0.3511
3 16 37.9694 -12.2762 -31.3241 42.0627 -36.2304 -31.3314 37.9694 -40.5822 -31.3314 0.9017 0.3511 0.9023 0.3552 0.9017 0.3555
3 16 38.0318 -12.2689 -30.4314 41.9795 -12.2689 -30.4314 37.9694 -12.2762 -31.3241 0.9084 0.3549 0.9084 0.3542 0.9085 0.3549
3 16 37.9694 -12.2762 -31.3241 41.9795 -12.2689 -30.4314 42.0627 -12.2762 -31.3241 0.9085 0.3549 0.9084 0.3542 0.9085 0.3542
3 16 22.0003 -12.2689 -50.2375 22.0627 -12.2762 -51.1302 18.0526 -12.2689 -50.2375 0.9118 0.3535 0.9116 0.3535 0.9118 0.3529
3 16 18.0526 -12.2689 -50.2375 22.0627 -12.2762 -51.1302 17.9694 -12.2762 -51.1302 0.9118 0.3529 0.9116 0.3535 0.9116 0.3529
3 16 22.0627 -12.2762 -51.1302 22.0627 -30.2171 -51.1375 17.9694 -12.2762 -51.1302 0.913 0.3497 0.913 0.3528 0.9123 0.3497
3 16 17.9694 -12.2762 -51.1302 22.0627 -30.2171 -51.1375 17.9694 -34.1367 -51.1375 0.9123 0.3497 0.913 0.3528 0.9123 0.3533
3 16 22.0627 -12.2762 -49.3448 17.9694 -12.2762 -49.3448 22.0627 -34.3066 -49.3375 0.8969 0.3556 0.8962 0.3556 0.8969 0.3518
3 16 22.0627 -34.3066 -49.3375 17.9694 -12.2762 -49.3448 17.9694 -36.9484 -49.3375 0.8969 0.3518 0.8962 0.3556 0.8962 0.3514
3 16 22.0003 -12.2689 -50.2375 18.0526 -12.2689 -50.2375 22.0627 -12.2762 -49.3448 0.9118 0.3535 0.9118 0.3529 0.9119 0.3535
3 16 22.0627 -12.2762 -49.3448 18.0526 -12.2689 -50.2375 17.9694 -12.2762 -49.3448 0.9119 0.3535 0.9118 0.3529 0.9119 0.3529
3 16 10 -12.2689 -38.2599 10.8927 -12.2762 -38.1975 10 -12.2689 -42.2076 0.907 0.3548 0.9068 0.3548 0.907 0.3542
3 16 10 -12.2689 -42.2076 10.8927 -12.2762 -38.1975 10.8927 -12.2762 -42.2908 0.907 0.3542 0.9068 0.3548 0.9068 0.3541
3 16 10.8927 -12.2762 -42.2908 10.8927 -12.2762 -38.1975 10.9 -47.0634 -42.2908 0.9113 0.3444 0.912 0.3444 0.9113 0.3504
3 16 10.9 -47.0634 -42.2908 10.8927 -12.2762 -38.1975 10.9 -50.2174 -38.1975 0.9113 0.3504 0.912 0.3444 0.912 0.3509
3 16 9.1073 -12.2762 -42.2908 9.1 -47.8756 -42.2908 9.1073 -12.2762 -38.1975 0.911 0.3446 0.911 0.3505 0.9103 0.3446
3 16 9.1073 -12.2762 -38.1975 9.1 -47.8756 -42.2908 9.1 -50.2174 -38.1975 0.9103 0.3446 0.911 0.3505 0.9103 0.3511
3 16 10 -12.2689 -38.2599 10 -12.2689 -42.2076 9.1073 -12.2762 -38.1975 0.907 0.3548 0.907 0.3542 0.9071 0.3548
3 16 9.1073 -12.2762 -38.1975 10 -12.2689 -42.2076 9.1073 -12.2762 -42.2908 0.9071 0.3548 0.907 0.3542 0.9071 0.3541
3 16 10 -12.2689 -18.2657 10.8927 -12.2762 -18.2034 10 -12.2689 -22.2135 0.9118 0.3518 0.9116 0.3518 0.9118 0.3511
3 16 10 -12.2689 -22.2135 10.8927 -12.2762 -18.2034 10.8927 -12.2762 -22.2967 0.9118 0.3511 0.9116 0.3518 0.9116 0.3511
3 16 10.8927 -12.2762 -22.2967 10.8927 -12.2762 -18.2034 10.9 -57.127 -22.2967 0.909 0.3379 0.9097 0.3379 0.909 0.3455
3 16 10.9 -57.127 -22.2967 10.8927 -12.2762 -18.2034 10.9 -58.1064 -18.2034 0.909 0.3455 0.9097 0.3379 0.9097 0.3457
3 16 9.1073 -12.2762 -22.2967 9.1 -57.127 -22.2967 9.1073 -12.2762 -18.2034 0.9087 0.3454 0.9087 0.353 0.908 0.3454
3 16 9.1073 -12.2762 -18.2034 9.1 -57.127 -22.2967 9.1 -58.1064 -18.2034 0.908 0.3454 0.9087 0.353 0.908 0.3532
3 16 10 -12.2689 -18.2657 10 -12.2689 -22.2135 9.1073 -12.2762 -18.2034 0.9118 0.3518 0.9118 0.3511 0.9119 0.3518
3 16 9.1073 -12.2762 -18.2034 10 -12.2689 -22.2135 9.1073 -12.2762 -22.2967 0.9119 0.3518 0.9118 0.3511 0.9119 0.3511
3 16 30 -12.2689 -18.2657 30.8927 -12.2762 -18.2034 30 -12.2689 -22.2135 0.9123 0.3542 0.9121 0.3542 0.9123 0.3536
3 16 30 -12.2689 -22.2135 30.8927 -12.2762 -18.2034 30.8927 -12.2762 -22.2967 0.9123 0.3536 0.9121 0.3542 0.9121 0.3535
3 16 30.8927 -12.2762 -22.2967 30.8927 -12.2762 -18.2034 30.9 -49.6325 -22.2967 0.9007 0.3461 0.9014 0.3461 0.9007 0.3525
3 16 30.9 -49.6325 -22.2967 30.8927 -12.2762 -18.2034 30.9 -51.1438 -18.2034 0.9007 0.3525 0.9014 0.3461 0.9014 0.3528
3 16 29.1073 -12.2762 -22.2967 29.1 -50.7471 -22.2967 29.1073 -12.2762 -18.2034 0.8995 0.3461 0.8995 0.3527 0.8988 0.3461
3 16 29.1073 -12.2762 -18.2034 29.1 -50.7471 -22.2967 29.1 -52.2584 -18.2034 0.8988 0.3461 0.8995 0.3527 0.8988 0.353
3 16 30 -12.2689 -18.2657 30 -12.2689 -22.2135 29.1073 -12.2762 -18.2034 0.9123 0.3542 0.9123 0.3536 0.9124 0.3542
3 16 29.1073 -12.2762 -18.2034 30 -12.2689 -22.2135 29.1073 -12.2762 -22.2967 0.9124 0.3542 0.9123 0.3536 0.9124 0.3535
3 16 30 -12.2689 -38.2599 30.8927 -12.2762 -38.1975 30 -12.2689 -42.2076 0.9129 0.354 0.9127 0.354 0.9129 0.3534
3 16 30 -12.2689 -42.2076 30.8927 -12.2762 -38.1975 30.8927 -12.2762 -42.2908 0.9129 0.3534 0.9127 0.354 0.9127 0.3534
3 16 30.8927 -12.2762 -42.2908 30.8927 -12.2762 -38.1975 30.9 -36.6074 -42.2908 0.9059 0.3509 0.9065 0.3509 0.9059 0.355
3 16 30.9 -36.6074 -42.2908 30.8927 -12.2762 -38.1975 30.9 -40.9991 -38.1975 0.9059 0.355 0.9065 0.3509 0.9065 0.3552
3 16 29.1073 -12.2762 -42.2908 29.1 -37.8556 -42.2908 29.1073 -12.2762 -38.1975 0.9056 0.3509 0.9055 0.3552 0.9049 0.3509
3 16 29.1073 -12.2762 -38.1975 29.1 -37.8556 -42.2908 29.1 -41.9062 -38.1975 0.9049 0.3509 0.9055 0.3552 0.9049 0.3555
3 16 30 -12.2689 -38.2599 30 -12.2689 -42.2076 29.1073 -12.2762 -38.1975 0.9129 0.354 0.9129 0.3534 0.913 0.354
3 16 29.1073 -12.2762 -38.1975 30 -12.2689 -42.2076 29.1073 -12.2762 -42.2908 0.913 0.354 0.9129 0.3534 0.913 0.3534
3 16 50 -12.2689 -18.2657 50.8927 -12.2762 -18.2034 50 -12.2689 -22.2135 0.9086 0.354 0.9085 0.354 0.9086 0.3533
3 16 50 -12.2689 -22.2135 50.8927 -12.2762 -18.2034 50.8927 -12.2762 -22.2967 0.9086 0.3533 0.9085 0.354 0.9085 0.3533
3 16 50.8927 -12.2762 -22.2967 50.8927 -12.2762 -18.2034 50.9 -31.8969 -22.2967 0.8979 0.3553 0.8972 0.3553 0.8979 0.3519
3 16 50.9 -31.8969 -22.2967 50.8927 -12.2762 -18.2034 50.9 -35.0509 -18.2034 0.8979 0.3519 0.8972 0.3553 0.8972 0.3514
3 16 49.1074 -12.2762 -22.2967 49.1 -34.1503 -22.2967 49.1074 -12.2762 -18.2034 0.896 0.3514 0.896 0.3552 0.8953 0.3514
3 16 49.1074 -12.2762 -18.2034 49.1 -34.1503 -22.2967 49.1 -37.3043 -18.2034 0.8953 0.3514 0.896 0.3552 0.8953 0.3557
3 16 50 -12.2689 -18.2657 50 -12.2689 -22.2135 49.1074 -12.2762 -18.2034 0.9086 0.354 0.9086 0.3533 0.9088 0.354
3 16 49.1074 -12.2762 -18.2034 50 -12.2689 -22.2135 49.1074 -12.2762 -22.2967 0.9088 0.354 0.9086 0.3533 0.9088 0.3533
3 16 60.7801 -0.018 5.7714 60.7677 -27.9127 5.7573 59.2425 -0.018 5.7714 0.9029 0.3511 0.9029 0.3559 0.9027 0.3511
3 16 59.2425 -0.018 5.7714 60.7677 -27.9127 5.7573 59.2236 -31.0192 5.7573 0.9027 0.3511 0.9029 0.3559 0.9027 0.3564
3 16 59.2393 -0.0148 6.724 60.7834 -0.0148 6.724 59.2425 -0.018 5.7714 0.9018 0.3461 0.9018 0.3464 0.9017 0.3461
3 16 59.2425 -0.018 5.7714 60.7834 -0.0148 6.724 60.7801 -0.018 5.7714 0.9017 0.3461 0.9018 0.3464 0.9017 0.3464
3 16 60.7801 -0.018 5.7714 60.7834 -0.0148 6.724 60.7677 -27.9127 5.7573 0.8997 0.3578 0.8995 0.3578 0.8997 0.353
3 16 60.7677 -27.9127 5.7573 60.7834 -0.0148 6.724 60.775 -27.9127 6.7132 0.8997 0.353 0.8995 0.3578 0.8995 0.353
3 16 59.2393 -0.0148 6.724 59.2425 -0.018 5.7714 59.2163 -31.0192 6.7132 0.91 0.3513 0.9101 0.3513 0.91 0.3567
3 16 59.2163 -31.0192 6.7132 59.2425 -0.018 5.7714 59.2236 -31.0192 5.7573 0.91 0.3567 0.9101 0.3513 0.9101 0.3567
3 16 40.764 -0.018 5.7714 40.7515 -50.3656 5.7573 39.2264 -0.018 5.7714 0.9145 0.348 0.9145 0.3565 0.9143 0.348
3 16 39.2264 -0.018 5.7714 40.7515 -50.3656 5.7573 39.2075 -51.2371 5.7573 0.9143 0.348 0.9145 0.3565 0.9143 0.3567
3 16 39.2232 -0.0148 6.724 40.7672 -0.0148 6.724 39.2264 -0.018 5.7714 0.9018 0.3492 0.9018 0.3495 0.9017 0.3492
3 16 39.2264 -0.018 5.7714 40.7672 -0.0148 6.724 40.764 -0.018 5.7714 0.9017 0.3492 0.9018 0.3495 0.9017 0.3495
3 16 40.764 -0.018 5.7714 40.7672 -0.0148 6.724 40.7515 -50.3656 5.7573 0.9074 0.3539 0.9073 0.3539 0.9074 0.3454
3 16 40.7515 -50.3656 5.7573 40.7672 -0.0148 6.724 40.7589 -50.3656 6.7132 0.9074 0.3454 0.9073 0.3539 0.9073 0.3454
3 16 39.2232 -0.0148 6.724 39.2264 -0.018 5.7714 39.2001 -51.2371 6.7132 0.9167 0.3379 0.9168 0.3379 0.9167 0.3466
3 16 39.2001 -51.2371 6.7132 39.2264 -0.018 5.7714 39.2075 -51.2371 5.7573 0.9167 0.3466 0.9168 0.3379 0.9168 0.3466
3 16 20.7801 -0.018 5.7714 20.7677 -58.2205 5.7573 19.2425 -0.018 5.7714 0.9145 0.3379 0.9145 0.3477 0.9143 0.3379
3 16 19.2425 -0.018 5.7714 20.7677 -58.2205 5.7573 19.2236 -58.5176 5.7573 0.9143 0.3379 0.9145 0.3477 0.9143 0.3478
3 16 19.2393 -0.0148 6.724 20.7834 -0.0148 6.724 19.2425 -0.018 5.7714 0.9018 0.3475 0.9018 0.3477 0.9017 0.3475
3 16 19.2425 -0.018 5.7714 20.7834 -0.0148 6.724 20.7801 -0.018 5.7714 0.9017 0.3475 0.9018 0.3477 0.9017 0.3477
3 16 20.7801 -0.018 5.7714 20.7834 -0.0148 6.724 20.7677 -58.2205 5.7573 0.9164 0.3477 0.9162 0.3477 0.9164 0.3379
3 16 20.7677 -58.2205 5.7573 20.7834 -0.0148 6.724 20.775 -58.2205 6.7132 0.9164 0.3379 0.9162 0.3477 0.9162 0.3379
3 16 19.2393 -0.0148 6.724 19.2425 -0.018 5.7714 19.2163 -58.5176 6.7132 0.9158 0.3379 0.9159 0.3379 0.9158 0.3478
3 16 19.2163 -58.5176 6.7132 19.2425 -0.018 5.7714 19.2236 -58.5176 5.7573 0.9158 0.3478 0.9159 0.3379 0.9159 0.3478
3 16 -0.7413 -0.018 5.7714 0.7963 -0.018 5.7714 -0.7602 -59.3593 5.7573 0.914 0.3479 0.9138 0.3479 0.914 0.3379
3 16 -0.7602 -59.3593 5.7573 0.7963 -0.018 5.7714 0.7838 -59.3593 5.7573 0.914 0.3379 0.9138 0.3479 0.9138 0.3379
3 16 -0.7446 -0.0148 6.724 0.7995 -0.0148 6.724 -0.7413 -0.018 5.7714 0.9018 0.3479 0.9018 0.3482 0.9017 0.3479
3 16 -0.7413 -0.018 5.7714 0.7995 -0.0148 6.724 0.7963 -0.018 5.7714 0.9017 0.3479 0.9018 0.3482 0.9017 0.3482
3 16 0.7963 -0.018 5.7714 0.7995 -0.0148 6.724 0.7838 -59.3593 5.7573 0.915 0.358 0.9148 0.358 0.915 0.348
3 16 0.7838 -59.3593 5.7573 0.7995 -0.0148 6.724 0.7912 -59.3593 6.7132 0.915 0.348 0.9148 0.358 0.9148 0.348
3 16 -0.7446 -0.0148 6.724 -0.7413 -0.018 5.7714 -0.7676 -59.3593 6.7132 0.9153 0.3379 0.9155 0.3379 0.9153 0.3479
3 16 -0.7676 -59.3593 6.7132 -0.7413 -0.018 5.7714 -0.7602 -59.3593 5.7573 0.9153 0.3479 0.9155 0.3379 0.9155 0.3479
3 16 -6.0621 -31.0192 -59.4611 -6.0621 -27.9127 -61.0052 -6.0762 -0.018 -59.48 0.8982 0.3513 0.8984 0.3519 0.8982 0.3567
3 16 -6.0762 -0.018 -59.48 -6.0621 -27.9127 -61.0052 -6.0762 -0.018 -61.0176 0.8982 0.3567 0.8984 0.3519 0.8984 0.3567
3 16 -7.0288 -0.0148 -59.4768 -6.0762 -0.018 -59.48 -7.0288 -0.0148 -61.0209 0.9017 0.3484 0.9018 0.3484 0.9017 0.3486
3 16 -7.0288 -0.0148 -61.0209 -6.0762 -0.018 -59.48 -6.0762 -0.018 -61.0176 0.9017 0.3486 0.9018 0.3484 0.9018 0.3486
3 16 -6.0762 -0.018 -61.0176 -6.0621 -27.9127 -61.0052 -7.0288 -0.0148 -61.0209 0.8989 0.3532 0.8989 0.358 0.8987 0.3532
3 16 -7.0288 -0.0148 -61.0209 -6.0621 -27.9127 -61.0052 -7.018 -27.9127 -61.0125 0.8987 0.3532 0.8989 0.358 0.8987 0.358
3 16 -7.0288 -0.0148 -59.4768 -7.018 -31.0192 -59.4538 -6.0762 -0.018 -59.48 0.9109 0.3512 0.9109 0.3565 0.9107 0.3512
3 16 -6.0762 -0.018 -59.48 -7.018 -31.0192 -59.4538 -6.0621 -31.0192 -59.4611 0.9107 0.3512 0.9109 0.3565 0.9107 0.3565
3 16 -6.0621 -51.2371 -39.4611 -6.0621 -50.3656 -41.0052 -6.0762 -0.018 -39.48 0.9132 0.3481 0.9135 0.3483 0.9132 0.3568
3 16 -6.0762 -0.018 -39.48 -6.0621 -50.3656 -41.0052 -6.0762 -0.018 -41.0176 0.9132 0.3568 0.9135 0.3483 0.9135 0.3568
3 16 -7.0288 -0.0148 -39.4768 -6.0762 -0.018 -39.48 -7.0288 -0.0148 -41.0209 0.9018 0.3473 0.9017 0.3473 0.9018 0.347
3 16 -7.0288 -0.0148 -41.0209 -6.0762 -0.018 -39.48 -6.0762 -0.018 -41.0176 0.9018 0.347 0.9017 0.3473 0.9017 0.347
3 16 -6.0762 -0.018 -41.0176 -6.0621 -50.3656 -41.0052 -7.0288 -0.0148 -41.0209 0.9113 0.3509 0.9113 0.3594 0.9112 0.3509
3 16 -7.0288 -0.0148 -41.0209 -6.0621 -50.3656 -41.0052 -7.018 -50.3656 -41.0125 0.9112 0.3509 0.9113 0.3594 0.9112 0.3594
3 16 -7.0288 -0.0148 -39.4768 -7.018 -51.2371 -39.4538 -6.0762 -0.018 -39.48 0.9168 0.3479 0.9168 0.3566 0.9166 0.3479
3 16 -6.0762 -0.018 -39.48 -7.018 -51.2371 -39.4538 -6.0621 -51.2371 -39.4611 0.9166 0.3479 0.9168 0.3566 0.9166 0.3566
3 16 -6.0621 -58.5176 -19.4611 -6.0621 -58.2205 -21.0052 -6.0762 -0.018 -19.48 0.9148 0.3379 0.9151 0.3379 0.9148 0.3478
3 16 -6.0762 -0.018 -19.48 -6.0621 -58.2205 -21.0052 -6.0762 -0.018 -21.0176 0.9148 0.3478 0.9151 0.3379 0.9151 0.3478
3 16 -7.0288 -0.0148 -19.4768 -6.0762 -0.018 -19.48 -7.0288 -0.0148 -21.0209 0.9018 0.349 0.9017 0.349 0.9018 0.3488
3 16 -7.0288 -0.0148 -21.0209 -6.0762 -0.018 -19.48 -6.0762 -0.018 -21.0176 0.9018 0.3488 0.9017 0.349 0.9017 0.3488
3 16 -6.0762 -0.018 -21.0176 -6.0621 -58.2205 -21.0052 -7.0288 -0.0148 -21.0209 0.9163 0.348 0.9163 0.3579 0.9162 0.348
3 16 -7.0288 -0.0148 -21.0209 -6.0621 -58.2205 -21.0052 -7.018 -58.2205 -21.0125 0.9162 0.348 0.9163 0.3579 0.9162 0.3579
3 16 -7.0288 -0.0148 -19.4768 -7.018 -58.5176 -19.4538 -6.0762 -0.018 -19.48 0.9159 0.3481 0.9159 0.358 0.9157 0.3481
3 16 -6.0762 -0.018 -19.48 -7.018 -58.5176 -19.4538 -6.0621 -58.5176 -19.4611 0.9157 0.3481 0.9159 0.358 0.9157 0.358
3 16 -6.0762 -0.018 0.52 -6.0621 -59.3593 0.5389 -6.0762 -0.018 -1.0176 0.9135 0.3379 0.9135 0.3479 0.9132 0.3379
3 16 -6.0762 -0.018 -1.0176 -6.0621 -59.3593 0.5389 -6.0621 -59.3593 -1.0052 0.9132 0.3379 0.9135 0.3479 0.9132 0.3479
3 16 -7.0288 -0.0148 0.5232 -6.0762 -0.018 0.52 -7.0288 -0.0148 -1.0209 0.9017 0.3466 0.9018 0.3466 0.9017 0.3468
3 16 -7.0288 -0.0148 -1.0209 -6.0762 -0.018 0.52 -6.0762 -0.018 -1.0176 0.9017 0.3468 0.9018 0.3466 0.9018 0.3468
3 16 -6.0762 -0.018 -1.0176 -6.0621 -59.3593 -1.0052 -7.0288 -0.0148 -1.0209 0.9154 0.3481 0.9154 0.3582 0.9153 0.3481
3 16 -7.0288 -0.0148 -1.0209 -6.0621 -59.3593 -1.0052 -7.018 -59.3593 -1.0125 0.9153 0.3481 0.9154 0.3582 0.9153 0.3582
3 16 -7.0288 -0.0148 0.5232 -7.018 -59.3593 0.5462 -6.0762 -0.018 0.52 0.9139 0.3481 0.9139 0.3582 0.9138 0.3481
3 16 -6.0762 -0.018 0.52 -7.018 -59.3593 0.5462 -6.0621 -59.3593 0.5389 0.9138 0.3481 0.9139 0.3582 0.9138 0.3582
3 16 49.1073 -12.2762 6.5633 50.8927 -12.2762 6.5633 49.1073 -12.2762 -2.3564 0.9 0.3532 0.9003 0.3532 0.9 0.3546
3 16 49.1073 -12.2762 -2.3564 50.8927 -12.2762 6.5633 50.8927 -12.2762 -2.3564 0.9 0.3546 0.9003 0.3532 0.9003 0.3546
3 16 50.8927 -12.2762 6.5633 50.9 -41.3879 6.5633 50.8927 -12.2762 -2.3564 0.8968 0.3462 0.8968 0.3512 0.8953 0.3462
3 16 50.8927 -12.2762 -2.3564 50.9 -41.3879 6.5633 50.9 -41.5501 -2.3564 0.8953 0.3462 0.8968 0.3512 0.8953 0.3511
3 16 49.1073 -12.2762 6.5633 49.1073 -12.2762 -2.3564 49.1 -43.3819 6.5633 0.9036 0.3509 0.9022 0.3509 0.9036 0.3455
3 16 49.1 -43.3819 6.5633 49.1073 -12.2762 -2.3564 49.1 -43.5441 -2.3564 0.9036 0.3455 0.9022 0.3509 0.9022 0.3457
3 16 29.1073 -12.2762 6.5633 30.8927 -12.2762 6.5633 29.1073 -12.2762 -2.3564 0.9032 0.3511 0.9035 0.3511 0.9032 0.3525
3 16 29.1073 -12.2762 -2.3564 30.8927 -12.2762 6.5633 30.8927 -12.2762 -2.3564 0.9032 0.3525 0.9035 0.3511 0.9035 0.3525
3 16 30.8927 -12.2762 -2.3564 30.8927 -12.2762 6.5633 30.9 -55.1562 -2.3564 0.907 0.3452 0.9056 0.3452 0.907 0.338
3 16 30.9 -55.1562 -2.3564 30.8927 -12.2762 6.5633 30.9 -55.1706 6.5633 0.907 0.338 0.9056 0.3452 0.9056 0.3379
3 16 29.1073 -12.2762 6.5633 29.1073 -12.2762 -2.3564 29.1 -55.9991 6.5633 0.9036 0.3453 0.9022 0.3453 0.9036 0.3379
3 16 29.1 -55.9991 6.5633 29.1073 -12.2762 -2.3564 29.1 -55.9847 -2.3564 0.9036 0.3379 0.9022 0.3453 0.9022 0.338
3 16 9.1073 -12.2762 6.5633 10.8927 -12.2762 6.5633 9.1073 -12.2762 -2.3564 0.9007 0.3529 0.901 0.3529 0.9007 0.3544
3 16 9.1073 -12.2762 -2.3564 10.8927 -12.2762 6.5633 10.8927 -12.2762 -2.3564 0.9007 0.3544 0.901 0.3529 0.901 0.3544
3 16 10.8927 -12.2762 6.5633 10.9 -59.6556 6.5633 10.8927 -12.2762 -2.3564 0.8968 0.3379 0.8968 0.346 0.8953 0.3379
3 16 10.8927 -12.2762 -2.3564 10.9 -59.6556 6.5633 10.9 -59.8323 -2.3564 0.8953 0.3379 0.8968 0.346 0.8953 0.3458
3 16 9.1073 -12.2762 6.5633 9.1073 -12.2762 -2.3564 9.1 -59.6556 6.5633 0.8985 0.346 0.897 0.346 0.8985 0.3379
3 16 9.1 -59.6556 6.5633 9.1073 -12.2762 -2.3564 9.1 -59.8323 -2.3564 0.8985 0.3379 0.897 0.346 0.897 0.338
3 16 -6.8298 -12.2762 -49.3448 2.0777 -12.2762 -49.3448 -6.8298 -12.2762 -51.1302 0.9045 0.3535 0.9045 0.355 0.9042 0.3535
3 16 -6.8298 -12.2762 -51.1302 2.0777 -12.2762 -49.3448 2.0777 -12.2762 -51.1302 0.9042 0.3535 0.9045 0.355 0.9042 0.355
3 16 2.0777 -41.589 -51.1375 -6.8298 -41.3879 -51.1375 2.0777 -12.2762 -51.1302 0.8985 0.3511 0.8971 0.3512 0.8985 0.3462
3 16 2.0777 -12.2762 -51.1302 -6.8298 -41.3879 -51.1375 -6.8298 -12.2762 -51.1302 0.8985 0.3462 0.8971 0.3512 0.8971 0.3462
3 16 -6.8298 -12.2762 -49.3448 -6.8298 -43.3819 -49.3375 2.0777 -12.2762 -49.3448 0.907 0.3454 0.907 0.3508 0.9056 0.3454
3 16 2.0777 -12.2762 -49.3448 -6.8298 -43.3819 -49.3375 2.0777 -43.583 -49.3375 0.9056 0.3454 0.907 0.3508 0.9056 0.3506
3 16 -6.8298 -12.2762 -29.3448 2.0777 -12.2762 -29.3448 -6.8298 -12.2762 -31.1302 0.904 0.3535 0.904 0.3549 0.9037 0.3535
3 16 -6.8298 -12.2762 -31.1302 2.0777 -12.2762 -29.3448 2.0777 -12.2762 -31.1302 0.9037 0.3535 0.904 0.3549 0.9037 0.3549
3 16 2.0777 -12.2762 -31.1302 2.0777 -55.0708 -31.1375 -6.8298 -12.2762 -31.1302 0.9088 0.3379 0.9088 0.3451 0.9073 0.3379
3 16 -6.8298 -12.2762 -31.1302 2.0777 -55.0708 -31.1375 -6.8298 -55.1706 -31.1375 0.9073 0.3379 0.9088 0.3451 0.9073 0.3452
3 16 -6.8298 -55.9991 -29.3375 2.0777 -55.8992 -29.3375 -6.8298 -12.2762 -29.3448 0.9039 0.3379 0.9053 0.338 0.9039 0.3453
3 16 -6.8298 -12.2762 -29.3448 2.0777 -55.8992 -29.3375 2.0777 -12.2762 -29.3448 0.9039 0.3453 0.9053 0.338 0.9053 0.3453
3 16 -6.8298 -12.2762 -9.3448 2.0777 -12.2762 -9.3448 -6.8298 -12.2762 -11.1302 0.9035 0.3528 0.9035 0.3542 0.9032 0.3528
3 16 -6.8298 -12.2762 -11.1302 2.0777 -12.2762 -9.3448 2.0777 -12.2762 -11.1302 0.9032 0.3528 0.9035 0.3542 0.9032 0.3542
3 16 2.0777 -12.2762 -11.1302 2.0777 -59.613 -11.1375 -6.8298 -12.2762 -11.1302 0.9002 0.3379 0.9002 0.3459 0.8988 0.3379
3 16 -6.8298 -12.2762 -11.1302 2.0777 -59.613 -11.1375 -6.8298 -59.6556 -11.1375 0.8988 0.3379 0.9002 0.3459 0.8988 0.346
3 16 -6.8298 -59.6556 -9.3375 2.0777 -59.613 -9.3375 -6.8298 -12.2762 -9.3448 0.9005 0.3379 0.9019 0.338 0.9005 0.346
3 16 -6.8298 -12.2762 -9.3448 2.0777 -59.613 -9.3375 2.0777 -12.2762 -9.3448 0.9005 0.346 0.9019 0.338 0.9019 0.346
3 16 35.525 0.0177 -46.8116 35.5152 -21.4028 -46.8024 33.1901 0.0177 -44.476 0.3756 0.4738 0.3756 0.3891 0.3882 0.4738
3 16 33.1901 0.0177 -44.476 35.5152 -21.4028 -46.8024 33.1769 -29.3531 -44.4678 0.3882 0.4738 0.3756 0.3891 0.3882 0.3591
3 16 33.1901 0.0177 -44.476 33.1769 -29.3531 -44.4678 30.0003 0.0177 -43.621 0.3882 0.4738 0.3882 0.3591 0.4007 0.4738
3 16 30.0003 0.0177 -43.621 33.1769 -29.3531 -44.4678 29.989 -33.567 -43.6146 0.4007 0.4738 0.3882 0.3591 0.4007 0.3431
3 16 30.0003 0.0177 -43.621 29.989 -33.567 -43.6146 26.8105 0.0177 -44.4757 0.4007 0.4738 0.4007 0.3431 0.4132 0.4738
3 16 26.8105 0.0177 -44.4757 29.989 -33.567 -43.6146 26.807 -34.745 -44.4665 0.4132 0.4738 0.4007 0.3431 0.4132 0.3386
3 16 24.4755 0.0177 -46.8108 26.8105 0.0177 -44.4757 24.472 -33.9931 -46.7966 0.4257 0.4738 0.4132 0.4738 0.4257 0.3415
3 16 24.472 -33.9931 -46.7966 26.8105 0.0177 -44.4757 26.807 -34.745 -44.4665 0.4257 0.3415 0.4132 0.4738 0.4132 0.3386
3 16 23.621 0.0177 -50.0004 24.4755 0.0177 -46.8108 23.6191 -29.9223 -49.9865 0.4382 0.4738 0.4257 0.4738 0.4382 0.3569
3 16 23.6191 -29.9223 -49.9865 24.4755 0.0177 -46.8108 24.472 -33.9931 -46.7966 0.4382 0.3569 0.4257 0.4738 0.4257 0.3415
3 16 24.4761 0.0177 -53.1903 23.621 0.0177 -50.0004 24.471 -24.95 -53.177 0.4507 0.4738 0.4382 0.4738 0.4507 0.3757
3 16 24.471 -24.95 -53.177 23.621 0.0177 -50.0004 23.6191 -29.9223 -49.9865 0.4507 0.3757 0.4382 0.4738 0.4382 0.3569
3 16 26.8128 0.0177 -55.5259 24.4761 0.0177 -53.1903 26.8056 -15.7675 -55.5152 0.4633 0.4738 0.4507 0.4738 0.4633 0.4104
3 16 26.8056 -15.7675 -55.5152 24.4761 0.0177 -53.1903 24.471 -24.95 -53.177 0.4633 0.4104 0.4507 0.4738 0.4507 0.3757
3 16 28.297 0.012 -55.9195 26.8128 0.0177 -55.5259 28.2934 -7.4564 -55.9171 0.4691 0.4738 0.4633 0.4738 0.4691 0.4456
3 16 28.2934 -7.4564 -55.9171 26.8128 0.0177 -55.5259 26.8056 -15.7675 -55.5152 0.4691 0.4456 0.4633 0.4738 0.4633 0.4104
3 16 36.3793 0.0177 -50.0035 36.3727 -10.1978 -49.9932 35.525 0.0177 -46.8116 0.3631 0.4738 0.3631 0.4352 0.3756 0.4738
3 16 35.525 0.0177 -46.8116 36.3727 -10.1978 -49.9932 35.5152 -21.4028 -46.8024 0.3756 0.4738 0.3631 0.4352 0.3756 0.3891
3 16 34.2176 -31.6169 -42.6639 37.3138 -21.5936 -45.7538 34.23 0.0177 -42.672 0.341 0.4654 0.3575 0.5033 0.341 0.5887
3 16 34.23 0.0177 -42.672 37.3138 -21.5936 -45.7538 37.3266 0.0177 -45.7677 0.341 0.5887 0.3575 0.5033 0.3575 0.5887
3 16 26.3916 -0.5217 -57.526 25.7658 0.0169 -57.326 27.856 0.0212 -57.9527 0.2395 0.5867 0.2419 0.5887 0.2338 0.5886
3 16 25.7694 0.0177 -42.6724 29.9996 0.0177 -41.5388 26.8105 0.0177 -44.4757 0.9199 0.7649 0.9279 0.7508 0.9272 0.7668
3 16 26.8105 0.0177 -44.4757 29.9996 0.0177 -41.5388 30.0003 0.0177 -43.621 0.9272 0.7668 0.9279 0.7508 0.9333 0.7562
3 16 29.9996 0.0177 -41.5388 34.23 0.0177 -42.672 30.0003 0.0177 -43.621 0.9279 0.7508 0.9418 0.7426 0.9333 0.7562
3 16 30.0003 0.0177 -43.621 34.23 0.0177 -42.672 33.1901 0.0177 -44.476 0.9333 0.7562 0.9418 0.7426 0.9439 0.75
3 16 34.23 0.0177 -42.672 37.3266 0.0177 -45.7677 33.1901 0.0177 -44.476 0.9418 0.7426 0.958 0.7425 0.9439 0.75
3 16 33.1901 0.0177 -44.476 37.3266 0.0177 -45.7677 35.525 0.0177 -46.8116 0.9439 0.75 0.958 0.7425 0.9561 0.7499
3 16 37.3266 0.0177 -45.7677 38.1969 0.0172 -49.0419 35.525 0.0177 -46.8116 0.958 0.7425 0.969 0.7488 0.9561 0.7499
3 16 35.525 0.0177 -46.8116 38.1969 0.0172 -49.0419 36.3793 0.0177 -50.0035 0.9561 0.7499 0.969 0.7488 0.9668 0.7559
3 16 28.297 0.012 -55.9195 32.3097 0.0177 -53.3919 32.4787 0.0175 -57.5263 0.9614 0.7928 0.9652 0.7756 0.9761 0.7857
3 16 32.4787 0.0175 -57.5263 32.3097 0.0177 -53.3919 36.7131 0.0175 -54.7055 0.9761 0.7857 0.9652 0.7756 0.9793 0.7671
3 16 25.7658 0.0169 -57.326 22.6713 0.0177 -54.2286 26.8128 0.0177 -55.5259 0.9584 0.803 0.9423 0.803 0.9564 0.7957
3 16 26.8128 0.0177 -55.5259 22.6713 0.0177 -54.2286 24.4761 0.0177 -53.1903 0.9564 0.7957 0.9423 0.803 0.9442 0.7958
3 16 22.6713 0.0177 -54.2286 21.5388 0.0177 -49.9995 24.4761 0.0177 -53.1903 0.9423 0.803 0.9282 0.7951 0.9442 0.7958
3 16 24.4761 0.0177 -53.1903 21.5388 0.0177 -49.9995 23.621 0.0177 -50.0004 0.9442 0.7958 0.9282 0.7951 0.9335 0.7897
3 16 21.5388 0.0177 -49.9995 22.6725 0.0177 -45.7691 23.621 0.0177 -50.0004 0.9282 0.7951 0.92 0.7811 0.9335 0.7897
3 16 23.621 0.0177 -50.0004 22.6725 0.0177 -45.7691 24.4755 0.0177 -46.8108 0.9335 0.7897 0.92 0.7811 0.9273 0.7791
3 16 22.6725 0.0177 -45.7691 25.7694 0.0177 -42.6724 24.4755 0.0177 -46.8108 0.92 0.7811 0.9199 0.7649 0.9273 0.7791
3 16 24.4755 0.0177 -46.8108 25.7694 0.0177 -42.6724 26.8105 0.0177 -44.4757 0.9273 0.7791 0.9199 0.7649 0.9272 0.7668
3 16 29.9919 -37.4199 -41.5339 34.2176 -31.6169 -42.6639 29.9996 0.0177 -41.5388 0.3245 0.4435 0.341 0.4654 0.3245 0.5887
3 16 29.9996 0.0177 -41.5388 34.2176 -31.6169 -42.6639 34.23 0.0177 -42.672 0.3245 0.5887 0.341 0.4654 0.341 0.5887
3 16 25.7663 -38.9381 -42.6675 29.9919 -37.4199 -41.5339 25.7694 0.0177 -42.6724 0.308 0.4377 0.3245 0.4435 0.308 0.5887
3 16 25.7694 0.0177 -42.6724 29.9919 -37.4199 -41.5339 29.9996 0.0177 -41.5388 0.308 0.5887 0.3245 0.4435 0.3245 0.5887
3 16 25.7663 -38.9381 -42.6675 25.7694 0.0177 -42.6724 22.6717 -37.5292 -45.7606 0.308 0.4377 0.308 0.5887 0.2914 0.4435
3 16 22.6717 -37.5292 -45.7606 25.7694 0.0177 -42.6724 22.6725 0.0177 -45.7691 0.2914 0.4435 0.308 0.5887 0.2914 0.5887
3 16 22.6717 -37.5292 -45.7606 22.6725 0.0177 -45.7691 21.536 -31.7263 -49.9873 0.2914 0.4435 0.2914 0.5887 0.2749 0.4654
3 16 21.536 -31.7263 -49.9873 22.6725 0.0177 -45.7691 21.5388 0.0177 -49.9995 0.2749 0.4654 0.2914 0.5887 0.2749 0.5887
3 16 22.6713 0.0177 -54.2286 22.6654 -24.8784 -54.2125 21.5388 0.0177 -49.9995 0.2584 0.5886 0.2584 0.4909 0.2749 0.5887
3 16 21.5388 0.0177 -49.9995 22.6654 -24.8784 -54.2125 21.536 -31.7263 -49.9873 0.2749 0.5887 0.2584 0.4909 0.2749 0.4654
3 16 25.7537 -3.6152 -57.316 22.6713 0.0177 -54.2286 26.0129 -1.785 -57.3328 0.2419 0.575 0.2584 0.5886 0.2419 0.5824
3 16 37.3138 -21.5936 -45.7538 38.1773 -7.8687 -48.9552 37.3266 0.0177 -45.7677 0.3575 0.5033 0.3701 0.5589 0.3575 0.5887
3 16 37.3266 0.0177 -45.7677 38.1773 -7.8687 -48.9552 38.1969 0.0172 -49.0419 0.3575 0.5887 0.3701 0.5589 0.3704 0.5887
3 16 36.3727 -10.1978 -49.9932 36.3793 0.0177 -50.0035 36.2195 -7.4566 -50.575 0.3631 0.4352 0.3631 0.4738 0.3608 0.4456
3 16 36.2195 -7.4566 -50.575 36.3793 0.0177 -50.0035 36.22 0.0117 -50.5791 0.3608 0.4456 0.3631 0.4738 0.3608 0.4738
3 16 32.2799 -7.4552 -53.3478 36.2195 -7.4566 -50.575 32.3097 0.0177 -53.3919 0.9675 0.2771 0.9501 0.2771 0.9675 0.2502
3 16 32.3097 0.0177 -53.3919 36.2195 -7.4566 -50.575 36.22 0.0117 -50.5791 0.9675 0.2502 0.9501 0.2771 0.9501 0.2503
3 16 32.2799 -7.4552 -53.3478 32.3097 0.0177 -53.3919 28.2934 -7.4564 -55.9171 0.9675 0.2771 0.9675 0.2502 0.9846 0.2771
3 16 28.2934 -7.4564 -55.9171 32.3097 0.0177 -53.3919 28.297 0.012 -55.9195 0.9846 0.2771 0.9675 0.2502 0.9846 0.2502
3 16 31.6646 -19.8209 -51.7771 29.8691 -27.7317 -49.1037 35.5152 -21.4028 -46.8024 0.803 0.343 0.8352 0.342 0.8119 0.3662
3 16 35.5152 -21.4028 -46.8024 29.8691 -27.7317 -49.1037 33.1769 -29.3531 -44.4678 0.8119 0.3662 0.8352 0.342 0.8449 0.3623
3 16 23.6191 -29.9223 -49.9865 29.8691 -27.7317 -49.1037 24.471 -24.95 -53.177 0.847 0.3196 0.8352 0.342 0.8242 0.3163
3 16 24.471 -24.95 -53.177 29.8691 -27.7317 -49.1037 31.6646 -19.8209 -51.7771 0.8242 0.3163 0.8352 0.342 0.803 0.343
3 16 29.8691 -27.7317 -49.1037 23.6191 -29.9223 -49.9865 26.807 -34.745 -44.4665 0.8352 0.342 0.847 0.3196 0.8691 0.3411
3 16 26.807 -34.745 -44.4665 23.6191 -29.9223 -49.9865 24.472 -33.9931 -46.7966 0.8691 0.3411 0.847 0.3196 0.8649 0.3288
3 16 33.1769 -29.3531 -44.4678 29.8691 -27.7317 -49.1037 29.989 -33.567 -43.6146 0.8449 0.3623 0.8352 0.342 0.8634 0.3533
3 16 29.989 -33.567 -43.6146 29.8691 -27.7317 -49.1037 26.807 -34.745 -44.4665 0.8634 0.3533 0.8352 0.342 0.8691 0.3411
3 16 32.3495 -11.6712 -53.1979 36.3727 -10.1978 -49.9932 32.2799 -7.4552 -53.3478 0.768 0.3438 0.7636 0.3638 0.752 0.344
3 16 32.2799 -7.4552 -53.3478 36.3727 -10.1978 -49.9932 36.2195 -7.4566 -50.575 0.752 0.344 0.7636 0.3638 0.7529 0.3625
3 16 26.8056 -15.7675 -55.5152 32.3495 -11.6712 -53.1979 28.2934 -7.4564 -55.9171 0.7868 0.3202 0.768 0.3438 0.7512 0.3259
3 16 28.2934 -7.4564 -55.9171 32.3495 -11.6712 -53.1979 32.2799 -7.4552 -53.3478 0.7512 0.3259 0.768 0.3438 0.752 0.344
3 16 24.471 -24.95 -53.177 31.6646 -19.8209 -51.7771 26.8056 -15.7675 -55.5152 0.8242 0.3163 0.803 0.343 0.7868 0.3202
3 16 26.8056 -15.7675 -55.5152 31.6646 -19.8209 -51.7771 32.3495 -11.6712 -53.1979 0.7868 0.3202 0.803 0.343 0.768 0.3438
3 16 35.5152 -21.4028 -46.8024 36.3727 -10.1978 -49.9932 31.6646 -19.8209 -51.7771 0.8119 0.3662 0.7636 0.3638 0.803 0.343
3 16 31.6646 -19.8209 -51.7771 36.3727 -10.1978 -49.9932 32.3495 -11.6712 -53.1979 0.803 0.343 0.7636 0.3638 0.768 0.3438
3 16 25.8354 -5.2446 -61.5243 26.8854 -4.7654 -60.9924 26.6215 -10.6097 -60.6903 0.1562 0.3536 0.1514 0.3507 0.1706 0.3377
3 16 26.6215 -10.6097 -60.6903 26.8854 -4.7654 -60.9924 31.3474 -6.0242 -58.148 0.1706 0.3377 0.1514 0.3507 0.1434 0.3304
3 16 31.3474 -6.0242 -58.148 32.4787 0.0175 -57.5263 36.41 -6.8886 -54.7727 0.1434 0.3304 0.1208 0.3387 0.1325 0.3084
3 16 36.41 -6.8886 -54.7727 32.4787 0.0175 -57.5263 36.7131 0.0175 -54.7055 0.1325 0.3084 0.1208 0.3387 0.1093 0.3214
3 16 26.3916 -0.5217 -57.526 27.856 0.0212 -57.9527 27.7009 -0.4733 -60.5606 0.5704 0.6825 0.567 0.6871 0.5586 0.6828
3 16 27.7009 -0.4733 -60.5606 27.856 0.0212 -57.9527 28.7631 0.0223 -59.9934 0.5586 0.6828 0.567 0.6871 0.559 0.6874
3 16 26.0129 -1.785 -57.3328 26.3916 -0.5217 -57.526 27.2997 -1.6838 -60.7855 0.5719 0.678 0.5704 0.6825 0.5583 0.6782
3 16 27.2997 -1.6838 -60.7855 26.3916 -0.5217 -57.526 27.7009 -0.4733 -60.5606 0.5583 0.6782 0.5704 0.6825 0.5586 0.6828
3 16 25.7537 -3.6152 -57.316 26.0129 -1.785 -57.3328 27.3164 -3.6197 -60.7694 0.5718 0.671 0.5719 0.678 0.5582 0.6712
3 16 27.3164 -3.6197 -60.7694 26.0129 -1.785 -57.3328 27.2997 -1.6838 -60.7855 0.5582 0.6712 0.5719 0.678 0.5583 0.6782
3 16 25.7537 -3.6152 -57.316 27.3164 -3.6197 -60.7694 25.3652 -4.7948 -57.538 0.5718 0.671 0.5582 0.6712 0.5715 0.6664
3 16 25.3652 -4.7948 -57.538 27.3164 -3.6197 -60.7694 26.8854 -4.7654 -60.9924 0.5715 0.6664 0.5582 0.6712 0.5581 0.6667
3 16 25.3652 -4.7948 -57.538 26.8854 -4.7654 -60.9924 24.373 -5.2451 -58.0445 0.5715 0.6664 0.5581 0.6667 0.5712 0.6621
3 16 24.373 -5.2451 -58.0445 26.8854 -4.7654 -60.9924 25.8354 -5.2446 -61.5243 0.5712 0.6621 0.5581 0.6667 0.5578 0.6621
3 16 20.1114 -5.2311 -59.6733 21.604 -5.2326 -63.2741 15.4208 -5.2456 -61.8532 0.5711 0.6454 0.5572 0.6454 0.571 0.6271
3 16 15.4208 -5.2456 -61.8532 21.604 -5.2326 -63.2741 16.9453 -5.252 -65.3232 0.571 0.6271 0.5572 0.6454 0.5575 0.6273
3 16 14.3613 -4.8093 -62.182 15.4208 -5.2456 -61.8532 15.8079 -4.8085 -65.725 0.5714 0.6228 0.571 0.6271 0.5577 0.6227
3 16 15.8079 -4.8085 -65.725 15.4208 -5.2456 -61.8532 16.9453 -5.252 -65.3232 0.5577 0.6227 0.571 0.6271 0.5575 0.6273
3 16 14.3613 -4.8093 -62.182 15.8079 -4.8085 -65.725 13.8893 -3.7006 -62.3866 0.5714 0.6228 0.5577 0.6227 0.5714 0.6183
3 16 13.8893 -3.7006 -62.3866 15.8079 -4.8085 -65.725 15.3543 -3.6127 -65.8827 0.5714 0.6183 0.5577 0.6227 0.5578 0.618
3 16 13.8893 -3.7006 -62.3866 15.3543 -3.6127 -65.8827 13.871 -1.6493 -62.3505 0.5714 0.6183 0.5578 0.618 0.5715 0.6109
3 16 13.871 -1.6493 -62.3505 15.3543 -3.6127 -65.8827 15.3417 -1.6365 -65.893 0.5715 0.6109 0.5578 0.618 0.5578 0.6109
3 16 13.4386 -0.519 -62.5093 13.871 -1.6493 -62.3505 14.9079 -0.4823 -66.0104 0.5716 0.6066 0.5715 0.6109 0.558 0.6065
3 16 14.9079 -0.4823 -66.0104 13.871 -1.6493 -62.3505 15.3417 -1.6365 -65.893 0.558 0.6065 0.5715 0.6109 0.5578 0.6109
3 16 12.3466 0.0223 -62.8805 13.4386 -0.519 -62.5093 13.7858 0.0223 -66.3408 0.5719 0.6021 0.5716 0.6066 0.5585 0.6019
3 16 13.7858 0.0223 -66.3408 13.4386 -0.519 -62.5093 14.9079 -0.4823 -66.0104 0.5585 0.6019 0.5716 0.6066 0.558 0.6065
3 16 12.3466 0.0223 -62.8805 13.7858 0.0223 -66.3408 9.7431 0.0183 -63.6066 0.9068 0.324 0.9014 0.311 0.9166 0.3213
3 16 9.7431 0.0183 -63.6066 13.7858 0.0223 -66.3408 8.7768 0.0172 -67.7342 0.9166 0.3213 0.9014 0.311 0.9205 0.3065
3 16 9.3402 -5.9361 -67.2299 2.6491 -6.7363 -68.4782 8.7768 0.0172 -67.7342 0.207 0.4056 0.2271 0.4182 0.193 0.4219
3 16 8.7768 0.0172 -67.7342 2.6491 -6.7363 -68.4782 -0.9007 0.0172 -69.373 0.193 0.4219 0.2271 0.4182 0.2253 0.4525
3 16 16.2675 -10.6508 -65.1324 16.9453 -5.252 -65.3232 21.3402 -10.6894 -63.2278 0.2002 0.3713 0.1829 0.3839 0.1857 0.3557
3 16 21.3402 -10.6894 -63.2278 16.9453 -5.252 -65.3232 21.604 -5.2326 -63.2741 0.1857 0.3557 0.1829 0.3839 0.1689 0.3685
3 16 20.1114 -5.2311 -59.6733 24.373 -5.2451 -58.0445 21.604 -5.2326 -63.2741 0.5711 0.6454 0.5712 0.6621 0.5572 0.6454
3 16 21.604 -5.2326 -63.2741 24.373 -5.2451 -58.0445 25.8354 -5.2446 -61.5243 0.5572 0.6454 0.5712 0.6621 0.5578 0.6621
3 16 26.6215 -10.6097 -60.6903 21.3402 -10.6894 -63.2278 25.8354 -5.2446 -61.5243 0.1706 0.3377 0.1857 0.3557 0.1562 0.3536
3 16 25.8354 -5.2446 -61.5243 21.3402 -10.6894 -63.2278 21.604 -5.2326 -63.2741 0.1562 0.3536 0.1857 0.3557 0.1689 0.3685
3 16 34.7122 -17.6238 -54.2787 20.7307 -17.5583 -62.2923 26.6215 -10.6097 -60.6903 0.1711 0.2885 0.2083 0.3381 0.1706 0.3377
3 16 26.6215 -10.6097 -60.6903 20.7307 -17.5583 -62.2923 21.3402 -10.6894 -63.2278 0.1706 0.3377 0.2083 0.3381 0.1857 0.3557
3 16 21.3402 -10.6894 -63.2278 20.7307 -17.5583 -62.2923 16.2675 -10.6508 -65.1324 0.1857 0.3557 0.2083 0.3381 0.2002 0.3713
3 16 16.2675 -10.6508 -65.1324 20.7307 -17.5583 -62.2923 3.2037 -17.5427 -67.1311 0.2002 0.3713 0.2083 0.3381 0.2579 0.3867
3 16 2.6491 -6.7363 -68.4782 9.3402 -5.9361 -67.2299 3.2037 -17.5427 -67.1311 0.2271 0.4182 0.207 0.4056 0.2579 0.3867
3 16 3.2037 -17.5427 -67.1311 9.3402 -5.9361 -67.2299 16.2675 -10.6508 -65.1324 0.2579 0.3867 0.207 0.4056 0.2002 0.3713
3 16 34.7122 -17.6238 -54.2787 36.41 -6.8886 -54.7727 45.4726 -17.517 -45.6239 0.1711 0.2885 0.1325 0.3084 0.1424 0.2443
3 16 45.4726 -17.517 -45.6239 36.41 -6.8886 -54.7727 46.3616 -7.149 -46.5376 0.1424 0.2443 0.1325 0.3084 0.1061 0.2644
3 16 36.41 -6.8886 -54.7727 36.7131 0.0175 -54.7055 46.3616 -7.149 -46.5376 0.1325 0.3084 0.1093 0.3214 0.1061 0.2644
3 16 46.3616 -7.149 -46.5376 36.7131 0.0175 -54.7055 46.3899 0.0176 -46.5657 0.1061 0.2644 0.1093 0.3214 0.0821 0.2775
3 16 2.2167 -32.2711 -61.8032 3.2037 -17.5427 -67.1311 17.7317 -32.2954 -57.576 0.3 0.3431 0.2579 0.3867 0.2561 0.3022
3 16 17.7317 -32.2954 -57.576 3.2037 -17.5427 -67.1311 20.7307 -17.5583 -62.2923 0.2561 0.3022 0.2579 0.3867 0.2083 0.3381
3 16 34.7122 -17.6238 -54.2787 31.0049 -32.277 -50.2258 20.7307 -17.5583 -62.2923 0.1711 0.2885 0.221 0.258 0.2083 0.3381
3 16 20.7307 -17.5583 -62.2923 31.0049 -32.277 -50.2258 17.7317 -32.2954 -57.576 0.2083 0.3381 0.221 0.258 0.2561 0.3022
3 16 31.0049 -32.277 -50.2258 34.7122 -17.6238 -54.2787 41.6513 -32.182 -41.7853 0.221 0.258 0.1711 0.2885 0.1934 0.2162
3 16 41.6513 -32.182 -41.7853 34.7122 -17.6238 -54.2787 45.4726 -17.517 -45.6239 0.1934 0.2162 0.1711 0.2885 0.1424 0.2443
3 16 36.7131 0.0175 -54.7055 32.3097 0.0177 -53.3919 36.22 0.0117 -50.5791 0.9793 0.7671 0.9652 0.7756 0.9679 0.7579
3 16 36.7131 0.0175 -54.7055 41.5933 0.0113 -46.1011 46.3899 0.0176 -46.5657 0.9793 0.7671 0.9701 0.7321 0.9836 0.7206
3 16 41.5933 0.0113 -46.1011 42.9768 0.0177 -45.4332 46.3899 0.0176 -46.5657 0.9701 0.7321 0.9719 0.7267 0.9836 0.7206
3 16 8.7768 0.0172 -67.7342 4.6833 0.0114 -64.7949 9.7431 0.0183 -63.6066 0.9205 0.3065 0.9357 0.3167 0.9166 0.3213
3 16 17.7317 -32.2954 -57.576 14.1242 -44.9562 -49.3353 2.2167 -32.2711 -61.8032 0.2561 0.3022 0.2999 0.2629 0.3 0.3431
3 16 2.2167 -32.2711 -61.8032 14.1242 -44.9562 -49.3353 0.7128 -44.9294 -52.987 0.3 0.3431 0.2999 0.2629 0.3388 0.2968
3 16 31.0049 -32.277 -50.2258 25.8287 -44.8608 -42.9999 17.7317 -32.2954 -57.576 0.221 0.258 0.2685 0.2252 0.2561 0.3022
3 16 17.7317 -32.2954 -57.576 25.8287 -44.8608 -42.9999 14.1242 -44.9562 -49.3353 0.2561 0.3022 0.2685 0.2252 0.2999 0.2629
3 16 41.6513 -32.182 -41.7853 35.3143 -44.8643 -35.4364 31.0049 -32.277 -50.2258 0.1934 0.2162 0.2442 0.1882 0.221 0.258
3 16 31.0049 -32.277 -50.2258 35.3143 -44.8643 -35.4364 25.8287 -44.8608 -42.9999 0.221 0.258 0.2442 0.1882 0.2685 0.2252
3 16 0.7128 -44.9294 -52.987 14.1242 -44.9562 -49.3353 -1.2413 -54.6765 -41.5868 0.3388 0.2968 0.2999 0.2629 0.3731 0.2492
3 16 -1.2413 -54.6765 -41.5868 14.1242 -44.9562 -49.3353 9.9067 -54.7236 -38.4947 0.3731 0.2492 0.2999 0.2629 0.3397 0.2219
3 16 14.1242 -44.9562 -49.3353 25.8287 -44.8608 -42.9999 9.9067 -54.7236 -38.4947 0.2999 0.2629 0.2685 0.2252 0.3397 0.2219
3 16 9.9067 -54.7236 -38.4947 25.8287 -44.8608 -42.9999 19.66 -54.6138 -33.2426 0.3397 0.2219 0.2685 0.2252 0.3125 0.1908
3 16 25.8287 -44.8608 -42.9999 35.3143 -44.8643 -35.4364 19.66 -54.6138 -33.2426 0.2685 0.2252 0.2442 0.1882 0.3125 0.1908
3 16 19.66 -54.6138 -33.2426 35.3143 -44.8643 -35.4364 27.1386 -54.6304 -27.2185 0.3125 0.1908 0.2442 0.1882 0.293 0.1613
3 16 -1.2413 -54.6765 -41.5868 9.9067 -54.7236 -38.4947 -3.1622 -60.828 -29.0709 0.3731 0.2492 0.3397 0.2219 0.4012 0.2019
3 16 -3.1622 -60.828 -29.0709 9.9067 -54.7236 -38.4947 5.4883 -60.8919 -26.4695 0.4012 0.2019 0.3397 0.2219 0.3743 0.1809
3 16 9.9067 -54.7236 -38.4947 19.66 -54.6138 -33.2426 5.4883 -60.8919 -26.4695 0.3397 0.2219 0.3125 0.1908 0.3743 0.1809
3 16 5.4883 -60.8919 -26.4695 19.66 -54.6138 -33.2426 12.632 -60.8599 -22.4816 0.3743 0.1809 0.3125 0.1908 0.3539 0.1574
3 16 27.1386 -54.6304 -27.2185 18.0637 -60.8616 -18.1225 19.66 -54.6138 -33.2426 0.293 0.1613 0.3392 0.1358 0.3125 0.1908
3 16 19.66 -54.6138 -33.2426 18.0637 -60.8616 -18.1225 12.632 -60.8599 -22.4816 0.3125 0.1908 0.3392 0.1358 0.3539 0.1574
3 16 6.259 -63.4123 -13.3906 1.5923 -64.0085 -6.6649 1.173 -63.439 -16.1135 0.387 0.1312 0.4111 0.1118 0.4022 0.1478
3 16 1.173 -63.439 -16.1135 1.5923 -64.0085 -6.6649 -1.9156 -64.0214 -8.3671 0.4022 0.1478 0.4111 0.1118 0.4218 0.1227
3 16 10.1669 -63.413 -10.2328 4.4375 -64.0179 -4.438 6.259 -63.4123 -13.3906 0.3762 0.1154 0.403 0.1006 0.387 0.1312
3 16 6.259 -63.4123 -13.3906 4.4375 -64.0179 -4.438 1.5923 -64.0085 -6.6649 0.387 0.1312 0.403 0.1006 0.4111 0.1118
3 16 -4.8254 -63.4467 -17.7955 1.173 -63.439 -16.1135 -5.9331 -64.0247 -9.4267 0.4216 0.1614 0.4022 0.1478 0.4352 0.1314
3 16 -5.9331 -64.0247 -9.4267 1.173 -63.439 -16.1135 -1.9156 -64.0214 -8.3671 0.4352 0.1314 0.4022 0.1478 0.4218 0.1227
3 16 1.173 -63.439 -16.1135 -4.8254 -63.4467 -17.7955 5.4883 -60.8919 -26.4695 0.4022 0.1478 0.4216 0.1614 0.3743 0.1809
3 16 5.4883 -60.8919 -26.4695 -4.8254 -63.4467 -17.7955 -3.1622 -60.828 -29.0709 0.3743 0.1809 0.4216 0.1614 0.4012 0.2019
3 16 1.173 -63.439 -16.1135 5.4883 -60.8919 -26.4695 6.259 -63.4123 -13.3906 0.4022 0.1478 0.3743 0.1809 0.387 0.1312
3 16 6.259 -63.4123 -13.3906 5.4883 -60.8919 -26.4695 12.632 -60.8599 -22.4816 0.387 0.1312 0.3743 0.1809 0.3539 0.1574
3 16 18.0637 -60.8616 -18.1225 10.1669 -63.413 -10.2328 12.632 -60.8599 -22.4816 0.3392 0.1358 0.3762 0.1154 0.3539 0.1574
3 16 12.632 -60.8599 -22.4816 10.1669 -63.413 -10.2328 6.259 -63.4123 -13.3906 0.3539 0.1574 0.3762 0.1154 0.387 0.1312
3 16 8.7768 0.0172 -67.7342 -0.9007 0.0172 -69.373 3.2429 0.0177 -65.6755 0.9205 0.3065 0.963 0.2997 0.9412 0.3134
3 16 3.2429 0.0177 -65.6755 -0.9007 0.0172 -69.373 1.1317 0.0177 -66.0287 0.9412 0.3134 0.963 0.2997 0.9492 0.3121
3 16 3.2037 -17.5427 -67.1311 -10.0167 -17.702 -68.5426 2.6491 -6.7363 -68.4782 0.2579 0.3867 0.2956 0.4201 0.2271 0.4182
3 16 2.6491 -6.7363 -68.4782 -10.0167 -17.702 -68.5426 -10.0167 -7.0604 -69.8489 0.2271 0.4182 0.2956 0.4201 0.2655 0.4523
3 16 2.6491 -6.7363 -68.4782 -10.0167 -7.0604 -69.8489 -0.9007 0.0172 -69.373 0.2271 0.4182 0.2655 0.4523 0.2253 0.4525
3 16 -0.9007 0.0172 -69.373 -10.0167 -7.0604 -69.8489 -10.0139 0.0146 -70.0105 0.2253 0.4525 0.2655 0.4523 0.2465 0.4724
3 16 3.2037 -17.5427 -67.1311 2.2167 -32.2711 -61.8032 -10.0167 -17.702 -68.5426 0.2579 0.3867 0.3 0.3431 0.2956 0.4201
3 16 -10.0167 -17.702 -68.5426 2.2167 -32.2711 -61.8032 -10.0168 -32.4553 -63.0462 0.2956 0.4201 0.3 0.3431 0.3364 0.3708
3 16 -10.0139 0.0146 -70.0105 -6.7976 0.0149 -66.1368 -0.9007 0.0172 -69.373 0.9911 0.2972 0.9792 0.3117 0.963 0.2997
3 16 -0.9007 0.0172 -69.373 -6.7976 0.0149 -66.1368 -2.7116 0.0113 -65.8588 0.963 0.2997 0.9792 0.3117 0.9637 0.3127
3 16 2.2167 -32.2711 -61.8032 0.7128 -44.9294 -52.987 -10.0168 -32.4553 -63.0462 0.3 0.3431 0.3388 0.2968 0.3364 0.3708
3 16 -10.0168 -32.4553 -63.0462 0.7128 -44.9294 -52.987 -10.0169 -45.1022 -54.0496 0.3364 0.3708 0.3388 0.2968 0.3723 0.3188
3 16 -1.2413 -54.6765 -41.5868 -10.0171 -54.8172 -42.459 0.7128 -44.9294 -52.987 0.3731 0.2492 0.4016 0.2653 0.3388 0.2968
3 16 0.7128 -44.9294 -52.987 -10.0171 -54.8172 -42.459 -10.0169 -45.1022 -54.0496 0.3388 0.2968 0.4016 0.2653 0.3723 0.3188
3 16 -3.1622 -60.828 -29.0709 -10.0173 -60.8122 -29.8958 -1.2413 -54.6765 -41.5868 0.4012 0.2019 0.4241 0.2138 0.3731 0.2492
3 16 -1.2413 -54.6765 -41.5868 -10.0173 -60.8122 -29.8958 -10.0171 -54.8172 -42.459 0.3731 0.2492 0.4241 0.2138 0.4016 0.2653
3 16 -4.8254 -63.4467 -17.7955 -10.0174 -63.5428 -18.3521 -3.1622 -60.828 -29.0709 0.4216 0.1614 0.4397 0.1691 0.4012 0.2019
3 16 -3.1622 -60.828 -29.0709 -10.0174 -63.5428 -18.3521 -10.0173 -60.8122 -29.8958 0.4012 0.2019 0.4397 0.1691 0.4241 0.2138
3 16 -5.9331 -64.0247 -9.4267 -10.0176 -64.0177 -9.8492 -4.8254 -63.4467 -17.7955 0.4352 0.1314 0.4496 0.1368 0.4216 0.1614
3 16 -4.8254 -63.4467 -17.7955 -10.0176 -64.0177 -9.8492 -10.0174 -63.5428 -18.3521 0.4216 0.1614 0.4496 0.1368 0.4397 0.1691
3 16 61.3753 -5.2306 -26.1327 60.5474 -10.5965 -26.9198 60.8391 -4.7516 -27.1797 0.0573 0.1744 0.0785 0.1708 0.0573 0.1801
3 16 60.8391 -4.7516 -27.1797 60.5474 -10.5965 -26.9198 58.4159 -6.047 -31.1245 0.0573 0.1801 0.0785 0.1708 0.0691 0.1952
3 16 58.4159 -6.047 -31.1245 60.6393 -3.5949 -27.5562 60.8391 -4.7516 -27.1797 0.0691 0.1952 0.0538 0.1838 0.0573 0.1801
3 16 60.6393 -3.5949 -27.5562 58.4159 -6.047 -31.1245 60.6491 -1.661 -27.5515 0.0538 0.1838 0.0691 0.1952 0.0471 0.187
3 16 59.8328 0.0223 -29.0524 60.4036 -0.4588 -27.994 58.4159 -6.047 -31.1245 0.0438 0.1956 0.0436 0.1906 0.0691 0.1952
3 16 60.4036 -0.4588 -27.994 60.6491 -1.661 -27.5515 58.4159 -6.047 -31.1245 0.0436 0.1906 0.0471 0.187 0.0691 0.1952
3 16 65.2113 -5.2381 -17.2581 65.6173 -4.7946 -16.1229 65.0188 -10.6366 -16.5786 0.046 0.1357 0.0431 0.1311 0.0659 0.1278
3 16 65.6173 -4.7946 -16.1229 66.8036 -6.0822 -11.7775 65.0188 -10.6366 -16.5786 0.0431 0.1311 0.0446 0.1126 0.0659 0.1278
3 16 65.6173 -4.7946 -16.1229 65.777 -3.5986 -15.6697 66.8036 -6.0822 -11.7775 0.0431 0.1311 0.0382 0.13 0.0446 0.1126
3 16 66.2416 0.0223 -14.1037 66.8036 -6.0822 -11.7775 65.9066 -0.468 -15.2238 0.0235 0.1268 0.0446 0.1126 0.0263 0.1307
3 16 66.8036 -6.0822 -11.7775 65.7875 -1.6224 -15.6571 65.9066 -0.468 -15.2238 0.0446 0.1126 0.0309 0.1314 0.0263 0.1307
3 16 66.8036 -6.0822 -11.7775 65.777 -3.5986 -15.6697 65.7875 -1.6224 -15.6571 0.0446 0.1126 0.0382 0.13 0.0309 0.1314
3 16 59.8328 0.0223 -29.0524 58.4159 -6.047 -31.1245 58.3022 0.0173 -31.6855 0.0438 0.1956 0.0691 0.1952 0.0486 0.2069
3 16 66.8036 -6.0822 -11.7775 66.2416 0.0223 -14.1037 67.1319 0.0174 -11.2476 0.0446 0.1126 0.0235 0.1268 0.021 0.1153
3 16 65.0188 -10.6366 -16.5786 63.073 -10.6608 -21.67 65.2113 -5.2381 -17.2581 0.0659 0.1278 0.0713 0.1483 0.046 0.1357
3 16 65.2113 -5.2381 -17.2581 63.073 -10.6608 -21.67 63.2819 -5.2329 -22.0126 0.046 0.1357 0.0713 0.1483 0.0515 0.1558
3 16 60.5474 -10.5965 -26.9198 61.3753 -5.2306 -26.1327 63.073 -10.6608 -21.67 0.0785 0.1708 0.0573 0.1744 0.0713 0.1483
3 16 63.073 -10.6608 -21.67 61.3753 -5.2306 -26.1327 63.2819 -5.2329 -22.0126 0.0713 0.1483 0.0573 0.1744 0.0515 0.1558
3 16 63.073 -10.6608 -21.67 62.1584 -17.505 -21.0298 60.5474 -10.5965 -26.9198 0.0713 0.1483 0.0983 0.1386 0.0785 0.1708
3 16 60.5474 -10.5965 -26.9198 62.1584 -17.505 -21.0298 54.061 -17.4904 -35.0663 0.0785 0.1708 0.0983 0.1386 0.1203 0.1966
3 16 63.073 -10.6608 -21.67 65.0188 -10.6366 -16.5786 62.1584 -17.505 -21.0298 0.0713 0.1483 0.0659 0.1278 0.0983 0.1386
3 16 62.1584 -17.505 -21.0298 65.0188 -10.6366 -16.5786 67.0802 -17.4918 -3.577 0.0983 0.1386 0.0659 0.1278 0.0837 0.0708
3 16 68.7359 -6.9379 -2.3633 67.0802 -17.4918 -3.577 66.8036 -6.0822 -11.7775 0.0404 0.0749 0.0837 0.0708 0.0446 0.1126
3 16 66.8036 -6.0822 -11.7775 67.0802 -17.4918 -3.577 65.0188 -10.6366 -16.5786 0.0446 0.1126 0.0837 0.0708 0.0659 0.1278
3 16 67.1319 0.0174 -11.2476 68.8845 0.0175 -2.4305 66.8036 -6.0822 -11.7775 0.021 0.1153 0.014 0.0807 0.0446 0.1126
3 16 66.8036 -6.0822 -11.7775 68.8845 0.0175 -2.4305 68.7359 -6.9379 -2.3633 0.0446 0.1126 0.014 0.0807 0.0404 0.0749
3 16 60.5474 -10.5965 -26.9198 54.061 -17.4904 -35.0663 58.4159 -6.047 -31.1245 0.0785 0.1708 0.1203 0.1966 0.0691 0.1952
3 16 58.4159 -6.047 -31.1245 54.061 -17.4904 -35.0663 53.8431 -7.0548 -37.7936 0.0691 0.1952 0.1203 0.1966 0.0855 0.2229
3 16 53.8431 -7.0548 -37.7936 53.9158 0.0175 -37.876 58.4159 -6.047 -31.1245 0.0855 0.2229 0.0612 0.2349 0.0691 0.1952
3 16 58.4159 -6.047 -31.1245 53.9158 0.0175 -37.876 58.3022 0.0173 -31.6855 0.0691 0.1952 0.0612 0.2349 0.0486 0.2069
3 16 46.3616 -7.149 -46.5376 46.3899 0.0176 -46.5657 53.8431 -7.0548 -37.7936 0.1061 0.2644 0.0821 0.2775 0.0855 0.2229
3 16 53.8431 -7.0548 -37.7936 46.3899 0.0176 -46.5657 53.9158 0.0175 -37.876 0.0855 0.2229 0.0821 0.2775 0.0612 0.2349
3 16 46.3616 -7.149 -46.5376 53.8431 -7.0548 -37.7936 45.4726 -17.517 -45.6239 0.1061 0.2644 0.0855 0.2229 0.1424 0.2443
3 16 45.4726 -17.517 -45.6239 53.8431 -7.0548 -37.7936 54.061 -17.4904 -35.0663 0.1424 0.2443 0.0855 0.2229 0.1203 0.1966
3 16 61.8053 -32.1657 -2.5752 57.5035 -32.1971 -18.087 67.0802 -17.4918 -3.577 0.1429 0.0585 0.1541 0.1174 0.0837 0.0708
3 16 67.0802 -17.4918 -3.577 57.5035 -32.1971 -18.087 62.1584 -17.505 -21.0298 0.0837 0.0708 0.1541 0.1174 0.0983 0.1386
3 16 54.061 -17.4904 -35.0663 62.1584 -17.505 -21.0298 50.0626 -32.147 -31.3665 0.1203 0.1966 0.0983 0.1386 0.1728 0.1707
3 16 50.0626 -32.147 -31.3665 62.1584 -17.505 -21.0298 57.5035 -32.1971 -18.087 0.1728 0.1707 0.0983 0.1386 0.1541 0.1174
3 16 50.0626 -32.147 -31.3665 41.6513 -32.182 -41.7853 54.061 -17.4904 -35.0663 0.1728 0.1707 0.1934 0.2162 0.1203 0.1966
3 16 54.061 -17.4904 -35.0663 41.6513 -32.182 -41.7853 45.4726 -17.517 -45.6239 0.1203 0.1966 0.1934 0.2162 0.1424 0.2443
3 16 63.5021 0.0181 -10.1029 64.7949 0.0114 -4.6832 67.1319 0.0174 -11.2476 0.7134 0.5235 0.7085 0.544 0.7004 0.5194
3 16 67.1319 0.0174 -11.2476 64.7949 0.0114 -4.6832 68.8845 0.0175 -2.4305 0.7004 0.5194 0.7085 0.544 0.6937 0.5529
3 16 53.0426 -44.8108 -1.041 49.3187 -44.845 -14.4594 61.8053 -32.1657 -2.5752 0.2027 0.0503 0.2108 0.1013 0.1429 0.0585
3 16 61.8053 -32.1657 -2.5752 49.3187 -44.845 -14.4594 57.5035 -32.1971 -18.087 0.1429 0.0585 0.2108 0.1013 0.1541 0.1174
3 16 49.3187 -44.845 -14.4594 42.8363 -44.8108 -26.1419 57.5035 -32.1971 -18.087 0.2108 0.1013 0.2259 0.148 0.1541 0.1174
3 16 57.5035 -32.1971 -18.087 42.8363 -44.8108 -26.1419 50.0626 -32.147 -31.3665 0.1541 0.1174 0.2259 0.148 0.1728 0.1707
3 16 42.8363 -44.8108 -26.1419 35.3143 -44.8643 -35.4364 50.0626 -32.147 -31.3665 0.2259 0.148 0.2442 0.1882 0.1728 0.1707
3 16 50.0626 -32.147 -31.3665 35.3143 -44.8643 -35.4364 41.6513 -32.182 -41.7853 0.1728 0.1707 0.2442 0.1882 0.1934 0.2162
3 16 53.0426 -44.8108 -1.041 41.6986 -54.5671 0.9527 49.3187 -44.845 -14.4594 0.2027 0.0503 0.2613 0.0467 0.2108 0.1013
3 16 49.3187 -44.845 -14.4594 41.6986 -54.5671 0.9527 38.5381 -54.6209 -10.213 0.2108 0.1013 0.2613 0.0467 0.2665 0.0895
3 16 49.3187 -44.845 -14.4594 38.5381 -54.6209 -10.213 42.8363 -44.8108 -26.1419 0.2108 0.1013 0.2665 0.0895 0.2259 0.148
3 16 42.8363 -44.8108 -26.1419 38.5381 -54.6209 -10.213 33.1213 -54.57 -19.9416 0.2259 0.148 0.2665 0.0895 0.2784 0.1291
3 16 42.8363 -44.8108 -26.1419 33.1213 -54.57 -19.9416 35.3143 -44.8643 -35.4364 0.2259 0.148 0.2784 0.1291 0.2442 0.1882
3 16 35.3143 -44.8643 -35.4364 33.1213 -54.57 -19.9416 27.1386 -54.6304 -27.2185 0.2442 0.1882 0.2784 0.1291 0.293 0.1613
3 16 41.6986 -54.5671 0.9527 29.234 -60.7475 2.9195 38.5381 -54.6209 -10.213 0.2613 0.0467 0.3162 0.0481 0.2665 0.0895
3 16 38.5381 -54.6209 -10.213 29.234 -60.7475 2.9195 26.5736 -60.8208 -5.7606 0.2665 0.0895 0.3162 0.0481 0.3197 0.082
3 16 38.5381 -54.6209 -10.213 26.5736 -60.8208 -5.7606 33.1213 -54.57 -19.9416 0.2665 0.0895 0.3197 0.082 0.2784 0.1291
3 16 33.1213 -54.57 -19.9416 26.5736 -60.8208 -5.7606 22.4077 -60.8371 -12.8779 0.2784 0.1291 0.3197 0.082 0.3287 0.1118
3 16 33.1213 -54.57 -19.9416 22.4077 -60.8371 -12.8779 27.1386 -54.6304 -27.2185 0.2784 0.1291 0.3287 0.1118 0.293 0.1613
3 16 27.1386 -54.6304 -27.2185 22.4077 -60.8371 -12.8779 18.0637 -60.8616 -18.1225 0.293 0.1613 0.3287 0.1118 0.3392 0.1358
3 16 16.2071 -63.4063 -1.4478 8.518 -64.011 1.714 13.3024 -63.4006 -6.5096 0.3626 0.0761 0.3942 0.0728 0.3685 0.0978
3 16 13.3024 -63.4006 -6.5096 8.518 -64.011 1.714 6.6378 -64.005 -1.7726 0.3685 0.0978 0.3942 0.0728 0.3977 0.0877
3 16 6.6378 -64.005 -1.7726 4.4375 -64.0179 -4.438 13.3024 -63.4006 -6.5096 0.3977 0.0877 0.403 0.1006 0.3685 0.0978
3 16 13.3024 -63.4006 -6.5096 4.4375 -64.0179 -4.438 10.1669 -63.413 -10.2328 0.3685 0.0978 0.403 0.1006 0.3762 0.1154
3 16 17.9435 -63.4153 4.5851 9.6239 -64.0187 5.7687 16.2071 -63.4063 -1.4478 0.3614 0.0524 0.394 0.0569 0.3626 0.0761
3 16 16.2071 -63.4063 -1.4478 9.6239 -64.0187 5.7687 8.518 -64.011 1.714 0.3626 0.0761 0.394 0.0569 0.3942 0.0728
3 16 16.2071 -63.4063 -1.4478 26.5736 -60.8208 -5.7606 17.9435 -63.4153 4.5851 0.3626 0.0761 0.3197 0.082 0.3614 0.0524
3 16 17.9435 -63.4153 4.5851 26.5736 -60.8208 -5.7606 29.234 -60.7475 2.9195 0.3614 0.0524 0.3197 0.082 0.3162 0.0481
3 16 13.3024 -63.4006 -6.5096 22.4077 -60.8371 -12.8779 16.2071 -63.4063 -1.4478 0.3685 0.0978 0.3287 0.1118 0.3626 0.0761
3 16 16.2071 -63.4063 -1.4478 22.4077 -60.8371 -12.8779 26.5736 -60.8208 -5.7606 0.3626 0.0761 0.3287 0.1118 0.3197 0.082
3 16 18.0637 -60.8616 -18.1225 22.4077 -60.8371 -12.8779 10.1669 -63.413 -10.2328 0.3392 0.1358 0.3287 0.1118 0.3762 0.1154
3 16 10.1669 -63.413 -10.2328 22.4077 -60.8371 -12.8779 13.3024 -63.4006 -6.5096 0.3762 0.1154 0.3287 0.1118 0.3685 0.0978
3 16 53.9158 0.0175 -37.876 46.3899 0.0176 -46.5657 45.8562 0.0114 -41.8597 0.9798 0.6782 0.9836 0.7206 0.97 0.7098
3 16 46.3899 0.0176 -46.5657 45.188 0.0177 -43.2436 45.8562 0.0114 -41.8597 0.9836 0.7206 0.9719 0.7152 0.97 0.7098
3 16 53.9158 0.0175 -37.876 50.4749 0.0118 -36.5795 53.2878 0.0177 -32.6692 0.9798 0.6782 0.9682 0.6839 0.9651 0.6663
3 16 53.9158 0.0175 -37.876 53.2878 0.0177 -32.6692 58.3022 0.0173 -31.6855 0.9798 0.6782 0.9651 0.6663 0.9748 0.6506
3 16 58.3022 0.0173 -31.6855 53.2878 0.0177 -32.6692 55.8153 0.012 -28.6565 0.9748 0.6506 0.9651 0.6663 0.9611 0.6491
3 16 59.8328 0.0223 -29.0524 57.8482 0.0217 -28.2167 60.4036 -0.4588 -27.994 0.5684 0.7975 0.5606 0.7975 0.5688 0.7929
3 16 60.4036 -0.4588 -27.994 57.8482 0.0217 -28.2167 57.408 -0.5025 -26.7109 0.5688 0.7929 0.5606 0.7975 0.5571 0.7927
3 16 60.4036 -0.4588 -27.994 57.408 -0.5025 -26.7109 60.6491 -1.661 -27.5515 0.5688 0.7929 0.5571 0.7927 0.569 0.7882
3 16 60.6491 -1.661 -27.5515 57.408 -0.5025 -26.7109 57.1973 -1.6446 -26.2573 0.569 0.7882 0.5571 0.7927 0.5557 0.7883
3 16 60.6491 -1.661 -27.5515 57.1973 -1.6446 -26.2573 60.6393 -3.5949 -27.5562 0.569 0.7882 0.5557 0.7883 0.569 0.7813
3 16 60.6393 -3.5949 -27.5562 57.1973 -1.6446 -26.2573 57.2115 -3.6157 -26.1131 0.569 0.7813 0.5557 0.7883 0.5557 0.7812
3 16 60.8391 -4.7516 -27.1797 60.6393 -3.5949 -27.5562 57.4342 -4.7956 -25.7241 0.5691 0.7768 0.569 0.7813 0.5559 0.7766
3 16 57.4342 -4.7956 -25.7241 60.6393 -3.5949 -27.5562 57.2115 -3.6157 -26.1131 0.5559 0.7766 0.569 0.7813 0.5557 0.7812
3 16 61.3753 -5.2306 -26.1327 60.8391 -4.7516 -27.1797 57.9399 -5.2456 -24.7323 0.5695 0.7723 0.5691 0.7768 0.5562 0.7723
3 16 57.9399 -5.2456 -24.7323 60.8391 -4.7516 -27.1797 57.4342 -4.7956 -25.7241 0.5562 0.7723 0.5691 0.7768 0.5559 0.7766
3 16 63.2819 -5.2329 -22.0126 61.3753 -5.2306 -26.1327 59.7535 -5.2311 -20.5957 0.5701 0.7555 0.5695 0.7723 0.5564 0.7556
3 16 59.7535 -5.2311 -20.5957 61.3753 -5.2306 -26.1327 57.9399 -5.2456 -24.7323 0.5564 0.7556 0.5695 0.7723 0.5562 0.7723
3 16 63.2819 -5.2329 -22.0126 59.7535 -5.2311 -20.5957 65.2113 -5.2381 -17.2581 0.5701 0.7555 0.5564 0.7556 0.57 0.7375
3 16 65.2113 -5.2381 -17.2581 59.7535 -5.2311 -20.5957 61.7489 -5.2456 -15.7809 0.57 0.7375 0.5564 0.7556 0.5566 0.7373
3 16 65.2113 -5.2381 -17.2581 61.7489 -5.2456 -15.7809 65.6173 -4.7946 -16.1229 0.57 0.7375 0.5566 0.7373 0.5698 0.7328
3 16 65.6173 -4.7946 -16.1229 61.7489 -5.2456 -15.7809 62.0777 -4.8092 -14.7204 0.5698 0.7328 0.5566 0.7373 0.5562 0.733
3 16 65.777 -3.5986 -15.6697 65.6173 -4.7946 -16.1229 62.2819 -3.6996 -14.2475 0.5697 0.7281 0.5698 0.7328 0.5562 0.7286
3 16 62.2819 -3.6996 -14.2475 65.6173 -4.7946 -16.1229 62.0777 -4.8092 -14.7204 0.5562 0.7286 0.5698 0.7328 0.5562 0.733
3 16 65.7875 -1.6224 -15.6571 65.777 -3.5986 -15.6697 62.2456 -1.6497 -14.2293 0.5697 0.721 0.5697 0.7281 0.556 0.7212
3 16 62.2456 -1.6497 -14.2293 65.777 -3.5986 -15.6697 62.2819 -3.6996 -14.2475 0.556 0.7212 0.5697 0.7281 0.5562 0.7286
3 16 65.7875 -1.6224 -15.6571 62.2456 -1.6497 -14.2293 65.9066 -0.468 -15.2238 0.5697 0.721 0.556 0.7212 0.5695 0.7166
3 16 65.9066 -0.468 -15.2238 62.2456 -1.6497 -14.2293 62.4046 -0.5196 -13.7976 0.5695 0.7166 0.556 0.7212 0.556 0.7168
3 16 65.9066 -0.468 -15.2238 62.4046 -0.5196 -13.7976 66.2416 0.0223 -14.1037 0.5695 0.7166 0.556 0.7168 0.569 0.7121
3 16 66.2416 0.0223 -14.1037 62.4046 -0.5196 -13.7976 62.776 0.0221 -12.7059 0.569 0.7121 0.556 0.7168 0.5557 0.7123
3 16 68.8845 0.0175 -2.4305 65.6755 0.0177 -3.2429 66.0287 0.0177 -1.1317 0.6937 0.5529 0.7051 0.5495 0.7038 0.5575
3 16 69.8525 -6.9367 10.0169 68.5449 -17.5789 10.0168 68.7359 -6.9379 -2.3633 0.0319 0.0278 0.0754 0.0196 0.0404 0.0749
3 16 68.7359 -6.9379 -2.3633 68.5449 -17.5789 10.0168 67.0802 -17.4918 -3.577 0.0404 0.0749 0.0754 0.0196 0.0837 0.0708
3 16 68.8845 0.0175 -2.4305 70.0106 0.0147 10.0137 68.7359 -6.9379 -2.3633 0.014 0.0807 0.0051 0.0331 0.0404 0.0749
3 16 68.7359 -6.9379 -2.3633 70.0106 0.0147 10.0137 69.8525 -6.9367 10.0169 0.0404 0.0749 0.0051 0.0331 0.0319 0.0278
3 16 67.0802 -17.4918 -3.577 68.5449 -17.5789 10.0168 61.8053 -32.1657 -2.5752 0.0837 0.0708 0.0754 0.0196 0.1429 0.0585
3 16 61.8053 -32.1657 -2.5752 68.5449 -17.5789 10.0168 63.0524 -32.3346 10.0168 0.1429 0.0585 0.0754 0.0196 0.1381 0.0115
3 16 68.8845 0.0175 -2.4305 65.8588 0.0113 2.7116 70.0106 0.0147 10.0137 0.6937 0.5529 0.7044 0.572 0.6888 0.5999
3 16 70.0106 0.0147 10.0137 65.8588 0.0113 2.7116 66.132 0.0149 6.511 0.6888 0.5999 0.7044 0.572 0.7034 0.5864
3 16 61.8053 -32.1657 -2.5752 63.0524 -32.3346 10.0168 53.0426 -44.8108 -1.041 0.1429 0.0585 0.1381 0.0115 0.2027 0.0503
3 16 53.0426 -44.8108 -1.041 63.0524 -32.3346 10.0168 54.0577 -44.9836 10.017 0.2027 0.0503 0.1381 0.0115 0.2015 0.0089
3 16 53.0426 -44.8108 -1.041 54.0577 -44.9836 10.017 41.6986 -54.5671 0.9527 0.2027 0.0503 0.2015 0.0089 0.2613 0.0467
3 16 41.6986 -54.5671 0.9527 54.0577 -44.9836 10.017 42.467 -54.7019 10.0171 0.2613 0.0467 0.2015 0.0089 0.2627 0.0128
3 16 42.467 -54.7019 10.0171 29.8995 -60.6943 10.0174 41.6986 -54.5671 0.9527 0.2627 0.0128 0.3184 0.0216 0.2613 0.0467
3 16 41.6986 -54.5671 0.9527 29.8995 -60.6943 10.0174 29.234 -60.7475 2.9195 0.2613 0.0467 0.3184 0.0216 0.3162 0.0481
3 16 29.8995 -60.6943 10.0174 18.3533 -63.4399 10.0175 29.234 -60.7475 2.9195 0.3184 0.0216 0.3645 0.0324 0.3162 0.0481
3 16 29.234 -60.7475 2.9195 18.3533 -63.4399 10.0175 17.9435 -63.4153 4.5851 0.3162 0.0481 0.3645 0.0324 0.3614 0.0524
3 16 17.9435 -63.4153 4.5851 18.3533 -63.4399 10.0175 9.6239 -64.0187 5.7687 0.3614 0.0524 0.3645 0.0324 0.394 0.0569
3 16 9.6239 -64.0187 5.7687 18.3533 -63.4399 10.0175 9.8495 -64.0177 10.0177 0.394 0.0569 0.3645 0.0324 0.3971 0.0415
3 16 -10.0144 -64.0144 10.0144 -10.0176 -64.0177 -9.8492 -5.9331 -64.0247 -9.4267 0.4706 0.0632 0.4496 0.1368 0.4352 0.1314
3 16 -10.0176 -64.0177 -9.8492 -10.0144 -64.0144 10.0144 -10.0144 0.0144 10.0144 0.4769 0.0804 0.4768 0.0053 0.7232 0.0053
3 16 -10.0144 0.0144 10.0144 -10.0167 -7.0604 -69.8489 -10.0167 -17.702 -68.5426 0.7232 0.0053 0.6961 0.3074 0.6542 0.3023
3 16 -10.0144 0.0144 10.0144 -10.0167 -17.702 -68.5426 -10.0168 -32.4553 -63.0462 0.7232 0.0053 0.6542 0.3023 0.5973 0.2813
3 16 -10.0144 0.0144 10.0144 -10.0168 -32.4553 -63.0462 -10.0169 -45.1022 -54.0496 0.7232 0.0053 0.5973 0.2813 0.5493 0.2468
3 16 -10.0144 0.0144 10.0144 -10.0169 -45.1022 -54.0496 -10.0171 -54.8172 -42.459 0.7232 0.0053 0.5493 0.2468 0.5125 0.2031
3 16 -10.0144 0.0144 10.0144 -10.0171 -54.8172 -42.459 -10.0173 -60.8122 -29.8958 0.7232 0.0053 0.5125 0.2031 0.4894 0.156
3 16 -10.0144 0.0144 10.0144 -10.0173 -60.8122 -29.8958 -10.0174 -63.5428 -18.3521 0.7232 0.0053 0.4894 0.156 0.4789 0.1126
3 16 -10.0176 -64.0177 -9.8492 -10.0144 0.0144 10.0144 -10.0174 -63.5428 -18.3521 0.4769 0.0804 0.7232 0.0053 0.4789 0.1126
3 16 -10.0144 0.0144 10.0144 -10.0139 0.0146 -70.0105 -10.0167 -7.0604 -69.8489 0.7232 0.0053 0.7231 0.3085 0.6961 0.3074
3 16 -10.0144 0.0144 10.0144 54.0577 -44.9836 10.017 63.0524 -32.3346 10.0168 0.7331 0.0048 0.907 0.2465 0.859 0.2808
3 16 -10.0144 0.0144 10.0144 63.0524 -32.3346 10.0168 68.5449 -17.5789 10.0168 0.7331 0.0048 0.859 0.2808 0.8023 0.302
3 16 -10.0144 0.0144 10.0144 68.5449 -17.5789 10.0168 69.8525 -6.9367 10.0169 0.7331 0.0048 0.8023 0.302 0.7602 0.307
3 16 70.0106 0.0147 10.0137 -10.0144 0.0144 10.0144 69.8525 -6.9367 10.0169 0.7333 0.3081 0.7331 0.0048 0.7602 0.307
3 16 -10.0144 0.0144 10.0144 -10.0144 -64.0144 10.0144 9.8495 -64.0177 10.0177 0.7331 0.0048 0.9796 0.0048 0.9796 0.0801
3 16 -10.0144 0.0144 10.0144 9.8495 -64.0177 10.0177 18.3533 -63.4399 10.0175 0.7331 0.0048 0.9796 0.0801 0.9774 0.1122
3 16 -10.0144 0.0144 10.0144 18.3533 -63.4399 10.0175 29.8995 -60.6943 10.0174 0.7331 0.0048 0.9774 0.1122 0.967 0.1556
3 16 -10.0144 0.0144 10.0144 29.8995 -60.6943 10.0174 42.467 -54.7019 10.0171 0.7331 0.0048 0.967 0.1556 0.9439 0.2028
3 16 -10.0144 0.0144 10.0144 42.467 -54.7019 10.0171 54.0577 -44.9836 10.017 0.7331 0.0048 0.9439 0.2028 0.907 0.2465
3 16 70.0106 0.0147 10.0137 66.132 0.0149 6.511 -10.0144 0.0144 10.0144 0.6888 0.5999 0.7034 0.5864 0.9913 0.5995
3 16 -10.0144 0.0144 10.0144 66.132 0.0149 6.511 -6.7971 0.0144 6.5106 0.9913 0.5995 0.7034 0.5864 0.9793 0.5864
3 16 4.6829 -5.2377 -64.7481 4.6833 0.0114 -64.7949 3.2428 -5.2322 -65.6755 0.9331 0.345 0.9331 0.344 0.9335 0.345
3 16 3.2428 -5.2322 -65.6755 4.6833 0.0114 -64.7949 3.2429 0.0177 -65.6755 0.9335 0.345 0.9331 0.344 0.9335 0.344
3 16 1.1317 -5.2323 -65.9988 3.2428 -5.2322 -65.6755 1.1317 0.0177 -66.0287 0.9339 0.345 0.9335 0.345 0.9339 0.344
3 16 1.1317 0.0177 -66.0287 3.2428 -5.2322 -65.6755 3.2429 0.0177 -65.6755 0.9339 0.344 0.9335 0.345 0.9335 0.344
3 16 -0.8787 -5.2323 -66.002 1.1317 -5.2323 -65.9988 -0.8786 0.0177 -66.0146 0.9343 0.345 0.9339 0.345 0.9343 0.344
3 16 -0.8786 0.0177 -66.0146 1.1317 -5.2323 -65.9988 1.1317 0.0177 -66.0287 0.9343 0.344 0.9339 0.345 0.9339 0.344
3 16 -2.7114 -5.2382 -65.8408 -0.8787 -5.2323 -66.002 -2.7116 0.0113 -65.8588 0.9346 0.345 0.9343 0.345 0.9346 0.344
3 16 -2.7116 0.0113 -65.8588 -0.8787 -5.2323 -66.002 -0.8786 0.0177 -66.0146 0.9346 0.344 0.9343 0.345 0.9343 0.344
3 16 41.5675 -5.2385 -46.0738 42.9802 -5.2323 -45.4352 41.5933 0.0113 -46.1011 0.9533 0.3452 0.953 0.3452 0.9533 0.3442
3 16 41.5933 0.0113 -46.1011 42.9802 -5.2323 -45.4352 42.9768 0.0177 -45.4332 0.9533 0.3442 0.953 0.3452 0.953 0.3442
3 16 42.9802 -5.2323 -45.4352 44.2195 -5.2323 -44.4754 42.9768 0.0177 -45.4332 0.953 0.3452 0.9527 0.3452 0.953 0.3442
3 16 42.9768 0.0177 -45.4332 44.2195 -5.2323 -44.4754 44.2395 0.0177 -44.4953 0.953 0.3442 0.9527 0.3452 0.9527 0.3442
3 16 65.6755 0.0177 -3.2429 64.7949 0.0114 -4.6832 65.6755 -5.2323 -3.2429 0.9361 0.344 0.9364 0.344 0.9361 0.345
3 16 65.6755 -5.2323 -3.2429 64.7949 0.0114 -4.6832 64.7479 -5.2379 -4.683 0.9361 0.345 0.9364 0.344 0.9364 0.345
3 16 66.0287 0.0177 -1.1317 65.6755 0.0177 -3.2429 65.9988 -5.2324 -1.1316 0.9357 0.344 0.9361 0.344 0.9357 0.345
3 16 65.9988 -5.2324 -1.1316 65.6755 0.0177 -3.2429 65.6755 -5.2323 -3.2429 0.9357 0.345 0.9361 0.344 0.9361 0.345
3 16 66.0146 0.0177 0.8786 66.0287 0.0177 -1.1317 66.002 -5.2323 0.8787 0.9353 0.344 0.9357 0.344 0.9353 0.345
3 16 66.002 -5.2323 0.8787 66.0287 0.0177 -1.1317 65.9988 -5.2324 -1.1316 0.9353 0.345 0.9357 0.344 0.9357 0.345
3 16 65.8588 0.0113 2.7116 66.0146 0.0177 0.8786 65.8407 -5.2382 2.7114 0.9349 0.344 0.9353 0.344 0.9349 0.345
3 16 65.8407 -5.2382 2.7114 66.0146 0.0177 0.8786 66.002 -5.2323 0.8787 0.9349 0.345 0.9353 0.344 0.9353 0.345
3 16 44.2195 -5.2323 -44.4754 42.9802 -5.2323 -45.4352 44.0021 -5.225 -44.2581 0.9568 0.3436 0.9571 0.3436 0.9568 0.3436
3 16 65.9988 -5.2324 -1.1316 65.6755 -5.2323 -3.2429 65.3778 -5.2317 -1.0697 0.9568 0.344 0.9572 0.3441 0.9568 0.3441
3 16 65.3778 -5.2317 -1.0697 65.6755 -5.2323 -3.2429 64.7479 -5.2379 -4.683 0.9568 0.3441 0.9572 0.3441 0.9575 0.3441
3 16 65.8407 -5.2382 2.7114 66.002 -5.2323 0.8787 65.3778 -5.2317 -1.0697 0.9561 0.3441 0.9564 0.3441 0.9568 0.3441
3 16 65.3778 -5.2317 -1.0697 66.002 -5.2323 0.8787 65.9988 -5.2324 -1.1316 0.9568 0.3441 0.9564 0.3441 0.9568 0.344
3 16 9.7559 -7.7472 -62.8598 9.7431 0.0183 -63.6066 4.6829 -5.2377 -64.7481 0.9539 0.348 0.9546 0.3466 0.9551 0.3479
3 16 4.6829 -5.2377 -64.7481 9.7431 0.0183 -63.6066 4.6833 0.0114 -64.7949 0.9551 0.3479 0.9546 0.3466 0.9555 0.347
3 16 1.0697 -5.2317 -65.3778 1.025 -11.5256 -64.7345 4.6829 -5.2377 -64.7481 0.9557 0.3482 0.9552 0.3494 0.9551 0.3479
3 16 4.6829 -5.2377 -64.7481 1.025 -11.5256 -64.7345 9.7559 -7.7472 -62.8598 0.9551 0.3479 0.9552 0.3494 0.9539 0.348
3 16 1.0697 -5.2317 -65.3778 -2.7114 -5.2382 -65.8408 1.025 -11.5256 -64.7345 0.9557 0.3482 0.9564 0.3485 0.9552 0.3494
3 16 1.025 -11.5256 -64.7345 -2.7114 -5.2382 -65.8408 -6.7939 -12.0742 -65.5009 0.9552 0.3494 0.9564 0.3485 0.9565 0.3502
3 16 -6.7939 -12.0742 -65.5009 -2.7114 -5.2382 -65.8408 -6.7976 0.0149 -66.1368 0.9565 0.3502 0.9564 0.3485 0.9576 0.348
3 16 -6.7976 0.0149 -66.1368 -2.7114 -5.2382 -65.8408 -2.7116 0.0113 -65.8588 0.9576 0.348 0.9564 0.3485 0.9569 0.3476
3 16 38.1773 -7.8687 -48.9552 41.5675 -5.2385 -46.0738 38.1969 0.0172 -49.0419 0.9464 0.3459 0.9456 0.3454 0.9465 0.3444
3 16 38.1969 0.0172 -49.0419 41.5675 -5.2385 -46.0738 41.5933 0.0113 -46.1011 0.9465 0.3444 0.9456 0.3454 0.9456 0.3444
3 16 43.76 -5.232 -44.0159 41.5675 -5.2385 -46.0738 43.6826 -7.9573 -43.9382 0.945 0.3454 0.9456 0.3454 0.945 0.3459
3 16 43.6826 -7.9573 -43.9382 41.5675 -5.2385 -46.0738 38.1773 -7.8687 -48.9552 0.945 0.3459 0.9456 0.3454 0.9464 0.3459
3 16 64.7949 0.0114 -4.6832 63.5021 0.0181 -10.1029 64.7479 -5.2379 -4.683 0.9343 0.3472 0.9353 0.3467 0.9347 0.3481
3 16 64.7479 -5.2379 -4.683 63.5021 0.0181 -10.1029 62.8195 -10.4727 -9.9287 0.9347 0.3481 0.9353 0.3467 0.9362 0.3486
3 16 65.3778 -5.2317 -1.0697 64.7479 -5.2379 -4.683 64.7345 -11.5254 -1.0254 0.9341 0.3484 0.9347 0.3481 0.9347 0.3496
3 16 64.7345 -11.5254 -1.0254 64.7479 -5.2379 -4.683 62.8195 -10.4727 -9.9287 0.9347 0.3496 0.9347 0.3481 0.9362 0.3486
3 16 65.3778 -5.2317 -1.0697 64.7345 -11.5254 -1.0254 65.8407 -5.2382 2.7114 0.9341 0.3484 0.9347 0.3496 0.9334 0.3488
3 16 65.8407 -5.2382 2.7114 64.7345 -11.5254 -1.0254 65.4978 -12.0742 6.5196 0.9334 0.3488 0.9347 0.3496 0.9334 0.3504
3 16 65.4978 -12.0742 6.5196 66.132 0.0149 6.511 65.8407 -5.2382 2.7114 0.9334 0.3504 0.9323 0.3482 0.9334 0.3488
3 16 65.8407 -5.2382 2.7114 66.132 0.0149 6.511 65.8588 0.0113 2.7116 0.9334 0.3488 0.9323 0.3482 0.933 0.3479
3 16 46.3899 0.0176 -46.5657 42.9768 0.0177 -45.4332 44.2395 0.0177 -44.4953 0.9836 0.7206 0.9719 0.7267 0.9728 0.7209
3 16 -2.7116 0.0113 -65.8588 -0.8786 0.0177 -66.0146 -0.9007 0.0172 -69.373 0.9637 0.3127 0.9568 0.3121 0.963 0.2997
3 16 -0.8786 0.0177 -66.0146 1.1317 0.0177 -66.0287 -0.9007 0.0172 -69.373 0.9568 0.3121 0.9492 0.3121 0.963 0.2997
3 16 3.2429 0.0177 -65.6755 4.6833 0.0114 -64.7949 8.7768 0.0172 -67.7342 0.9412 0.3134 0.9357 0.3167 0.9205 0.3065
3 16 65.8588 0.0113 2.7116 68.8845 0.0175 -2.4305 66.0146 0.0177 0.8786 0.7044 0.572 0.6937 0.5529 0.7039 0.5651
3 16 68.8845 0.0175 -2.4305 66.0287 0.0177 -1.1317 66.0146 0.0177 0.8786 0.6937 0.5529 0.7038 0.5575 0.7039 0.5651
3 16 68.8845 0.0175 -2.4305 64.7949 0.0114 -4.6832 65.6755 0.0177 -3.2429 0.6937 0.5529 0.7085 0.544 0.7051 0.5495
3 16 36.7131 0.0175 -54.7055 36.22 0.0117 -50.5791 38.1969 0.0172 -49.0419 0.9793 0.7671 0.9679 0.7579 0.969 0.7488
3 16 36.3793 0.0177 -50.0035 38.1969 0.0172 -49.0419 36.22 0.0117 -50.5791 0.9668 0.7559 0.969 0.7488 0.9679 0.7579
3 16 24.373 -5.2451 -58.0445 20.1114 -5.2311 -59.6733 23.5329 -10.025 -57.5946 0.9513 0.3463 0.9522 0.3467 0.9511 0.3473
3 16 23.5329 -10.025 -57.5946 20.1114 -5.2311 -59.6733 19.747 -9.8536 -59.0713 0.9511 0.3473 0.9522 0.3467 0.9518 0.3476
3 16 20.1114 -5.2311 -59.6733 15.4208 -5.2456 -61.8532 19.747 -9.8536 -59.0713 0.9522 0.3467 0.9531 0.347 0.9518 0.3476
3 16 19.747 -9.8536 -59.0713 15.4208 -5.2456 -61.8532 15.1648 -10.9704 -61.5377 0.9518 0.3476 0.9531 0.347 0.9527 0.3481
3 16 15.4208 -5.2456 -61.8532 14.3613 -4.8093 -62.182 15.1648 -10.9704 -61.5377 0.9531 0.347 0.9533 0.3471 0.9527 0.3481
3 16 15.1648 -10.9704 -61.5377 14.3613 -4.8093 -62.182 9.7559 -7.7472 -62.8598 0.9527 0.3481 0.9533 0.3471 0.9539 0.348
3 16 14.3613 -4.8093 -62.182 13.8893 -3.7006 -62.3866 9.7559 -7.7472 -62.8598 0.9533 0.3471 0.9535 0.3469 0.9539 0.348
3 16 13.871 -1.6493 -62.3505 9.7559 -7.7472 -62.8598 13.8893 -3.7006 -62.3866 0.9537 0.3465 0.9539 0.348 0.9535 0.3469
3 16 9.7559 -7.7472 -62.8598 12.3466 0.0223 -62.8805 9.7431 0.0183 -63.6066 0.9539 0.348 0.9541 0.3464 0.9546 0.3466
3 16 1.1317 -5.2323 -65.9988 -0.8787 -5.2323 -66.002 1.0697 -5.2317 -65.3778 0.9568 0.3433 0.9572 0.3433 0.9568 0.3434
3 16 1.0697 -5.2317 -65.3778 -0.8787 -5.2323 -66.002 -2.7114 -5.2382 -65.8408 0.9568 0.3434 0.9572 0.3433 0.9575 0.3434
3 16 1.1317 -5.2323 -65.9988 1.0697 -5.2317 -65.3778 3.2428 -5.2322 -65.6755 0.9568 0.3433 0.9568 0.3434 0.9564 0.3433
3 16 3.2428 -5.2322 -65.6755 1.0697 -5.2317 -65.3778 4.6829 -5.2377 -64.7481 0.9564 0.3433 0.9568 0.3434 0.9561 0.3434
3 16 25.4946 -10.8732 -57.047 25.3652 -4.7948 -57.538 23.5329 -10.025 -57.5946 0.9507 0.3473 0.9512 0.3462 0.9511 0.3473
3 16 23.5329 -10.025 -57.5946 25.3652 -4.7948 -57.538 24.373 -5.2451 -58.0445 0.9511 0.3473 0.9512 0.3462 0.9513 0.3463
3 16 25.4946 -10.8732 -57.047 25.7537 -3.6152 -57.316 25.3652 -4.7948 -57.538 0.9507 0.3473 0.9512 0.3459 0.9512 0.3462
3 16 25.7537 -3.6152 -57.316 25.4946 -10.8732 -57.047 22.6713 0.0177 -54.2286 0.2419 0.575 0.2433 0.5476 0.2584 0.5886
3 16 22.6713 0.0177 -54.2286 25.4946 -10.8732 -57.047 22.6654 -24.8784 -54.2125 0.2584 0.5886 0.2433 0.5476 0.2584 0.4909
3 16 25.7658 0.0169 -57.326 26.8128 0.0177 -55.5259 27.856 0.0212 -57.9527 0.9584 0.803 0.9564 0.7957 0.9655 0.7991
3 16 27.856 0.0212 -57.9527 26.8128 0.0177 -55.5259 28.297 0.012 -55.9195 0.9655 0.7991 0.9564 0.7957 0.9614 0.7928
3 16 44.0021 -5.225 -44.2581 42.9802 -5.2323 -45.4352 43.76 -5.232 -44.0159 0.9568 0.3436 0.9571 0.3436 0.9568 0.3437
3 16 43.76 -5.232 -44.0159 42.9802 -5.2323 -45.4352 41.5675 -5.2385 -46.0738 0.9568 0.3437 0.9571 0.3436 0.9574 0.3437
3 16 13.4386 -0.519 -62.5093 12.3466 0.0223 -62.8805 9.7559 -7.7472 -62.8598 0.9538 0.3464 0.9541 0.3464 0.9539 0.348
3 16 -6.7971 0.0144 6.5106 66.132 0.0149 6.511 -6.7939 -6.9532 6.5073 0.9457 0.3306 0.9598 0.3306 0.9457 0.3319
3 16 -6.7939 -6.9532 6.5073 66.132 0.0149 6.511 65.4978 -12.0742 6.5196 0.9457 0.3319 0.9598 0.3306 0.9595 0.333
3 16 44.3718 0.0177 -33.5496 46.7074 0.0177 -35.8845 42.5679 0.0177 -34.5895 0.9442 0.6922 0.9564 0.6921 0.9422 0.6995
3 16 42.5679 0.0177 -34.5895 46.7074 0.0177 -35.8845 45.6636 0.0177 -37.6861 0.9422 0.6995 0.9564 0.6921 0.9584 0.6994
3 16 43.5169 0.0177 -30.3598 44.3718 0.0177 -33.5496 41.4346 0.0177 -30.3592 0.9335 0.6861 0.9442 0.6922 0.9282 0.6915
3 16 41.4346 0.0177 -30.3592 44.3718 0.0177 -33.5496 42.5679 0.0177 -34.5895 0.9282 0.6915 0.9442 0.6922 0.9422 0.6995
3 16 44.3715 0.0177 -27.1701 43.5169 0.0177 -30.3598 42.5682 0.0177 -26.1289 0.9273 0.6755 0.9335 0.6861 0.92 0.6775
3 16 42.5682 0.0177 -26.1289 43.5169 0.0177 -30.3598 41.4346 0.0177 -30.3592 0.92 0.6775 0.9335 0.6861 0.9282 0.6915
3 16 46.7066 0.0177 -24.8351 44.3715 0.0177 -27.1701 45.6649 0.0177 -23.032 0.9272 0.6632 0.9273 0.6755 0.9199 0.6613
3 16 45.6649 0.0177 -23.032 44.3715 0.0177 -27.1701 42.5682 0.0177 -26.1289 0.9199 0.6613 0.9273 0.6755 0.92 0.6775
3 16 49.8962 0.0177 -23.9806 46.7066 0.0177 -24.8351 49.8954 0.0177 -21.8983 0.9333 0.6526 0.9272 0.6632 0.9279 0.6472
3 16 49.8954 0.0177 -21.8983 46.7066 0.0177 -24.8351 45.6649 0.0177 -23.032 0.9279 0.6472 0.9272 0.6632 0.9199 0.6613
3 16 53.0861 0.0177 -24.8356 49.8962 0.0177 -23.9806 54.1244 0.0177 -23.0308 0.9439 0.6464 0.9333 0.6526 0.9419 0.6391
3 16 54.1244 0.0177 -23.0308 49.8962 0.0177 -23.9806 49.8954 0.0177 -21.8983 0.9419 0.6391 0.9333 0.6526 0.9279 0.6472
3 16 55.4218 0.0177 -27.1723 53.0861 0.0177 -24.8356 57.2217 0.0171 -26.1255 0.9561 0.6463 0.9439 0.6464 0.958 0.6389
3 16 57.2217 0.0171 -26.1255 53.0861 0.0177 -24.8356 54.1244 0.0177 -23.0308 0.958 0.6389 0.9439 0.6464 0.9419 0.6391
3 16 55.8153 0.012 -28.6565 55.4218 0.0177 -27.1723 57.8482 0.0217 -28.2167 0.9611 0.6491 0.9561 0.6463 0.9652 0.6427
3 16 57.8482 0.0217 -28.2167 55.4218 0.0177 -27.1723 57.2217 0.0171 -26.1255 0.9652 0.6427 0.9561 0.6463 0.958 0.6389
3 16 49.8994 0.0177 -36.7388 48.9379 0.0175 -38.556 46.7074 0.0177 -35.8845 0.967 0.6859 0.9692 0.693 0.9564 0.6921
3 16 46.7074 0.0177 -35.8845 48.9379 0.0175 -38.556 45.6636 0.0177 -37.6861 0.9564 0.6921 0.9692 0.693 0.9584 0.6994
3 16 46.7074 0.0177 -35.8845 44.3718 0.0177 -33.5496 46.6983 -21.4028 -35.8747 0.0193 0.3648 0.0318 0.3648 0.0193 0.4495
3 16 46.6983 -21.4028 -35.8747 44.3718 0.0177 -33.5496 44.3637 -29.3531 -33.5364 0.0193 0.4495 0.0318 0.3648 0.0318 0.4795
3 16 44.3718 0.0177 -33.5496 43.5169 0.0177 -30.3598 44.3637 -29.3531 -33.5364 0.0318 0.3648 0.0444 0.3648 0.0318 0.4795
3 16 44.3637 -29.3531 -33.5364 43.5169 0.0177 -30.3598 43.5104 -33.567 -30.3485 0.0318 0.4795 0.0444 0.3648 0.0444 0.4955
3 16 43.5169 0.0177 -30.3598 44.3715 0.0177 -27.1701 43.5104 -33.567 -30.3485 0.0444 0.3648 0.0569 0.3648 0.0444 0.4955
3 16 43.5104 -33.567 -30.3485 44.3715 0.0177 -27.1701 44.3624 -34.745 -27.1665 0.0444 0.4955 0.0569 0.3648 0.0569 0.5
3 16 46.7066 0.0177 -24.8351 46.6925 -33.9931 -24.8316 44.3715 0.0177 -27.1701 0.0694 0.3648 0.0694 0.4971 0.0569 0.3648
3 16 44.3715 0.0177 -27.1701 46.6925 -33.9931 -24.8316 44.3624 -34.745 -27.1665 0.0569 0.3648 0.0694 0.4971 0.0569 0.5
3 16 49.8962 0.0177 -23.9806 49.8823 -29.9223 -23.9787 46.7066 0.0177 -24.8351 0.0819 0.3648 0.0819 0.4817 0.0694 0.3648
3 16 46.7066 0.0177 -24.8351 49.8823 -29.9223 -23.9787 46.6925 -33.9931 -24.8316 0.0694 0.3648 0.0819 0.4817 0.0694 0.4971
3 16 53.0861 0.0177 -24.8356 53.0728 -24.95 -24.8305 49.8962 0.0177 -23.9806 0.0944 0.3648 0.0944 0.4629 0.0819 0.3648
3 16 49.8962 0.0177 -23.9806 53.0728 -24.95 -24.8305 49.8823 -29.9223 -23.9787 0.0819 0.3648 0.0944 0.4629 0.0819 0.4817
3 16 55.4218 0.0177 -27.1723 55.4111 -15.7675 -27.1651 53.0861 0.0177 -24.8356 0.1069 0.3648 0.1069 0.4282 0.0944 0.3648
3 16 53.0861 0.0177 -24.8356 55.4111 -15.7675 -27.1651 53.0728 -24.95 -24.8305 0.0944 0.3648 0.1069 0.4282 0.0944 0.4629
3 16 55.8153 0.012 -28.6565 55.813 -7.4564 -28.6529 55.4218 0.0177 -27.1723 0.1127 0.3641 0.1128 0.393 0.1069 0.3648
3 16 55.4218 0.0177 -27.1723 55.813 -7.4564 -28.6529 55.4111 -15.7675 -27.1651 0.1069 0.3648 0.1128 0.393 0.1069 0.4282
3 16 49.8994 0.0177 -36.7388 46.7074 0.0177 -35.8845 49.8891 -10.1978 -36.7322 0.0068 0.3641 0.0193 0.3648 0.0068 0.4034
3 16 49.8891 -10.1978 -36.7322 46.7074 0.0177 -35.8845 46.6983 -21.4028 -35.8747 0.0068 0.4034 0.0193 0.3648 0.0193 0.4495
3 16 41.4299 -37.4197 -30.3513 41.4346 0.0177 -30.3592 42.5598 -31.6168 -34.5768 0.126 0.4434 0.1259 0.5886 0.1094 0.4653
3 16 42.5598 -31.6168 -34.5768 41.4346 0.0177 -30.3592 42.5679 0.0177 -34.5895 0.1094 0.4653 0.1259 0.5886 0.1094 0.5886
3 16 42.5634 -38.9378 -26.126 42.5682 0.0177 -26.1289 41.4299 -37.4197 -30.3513 0.1425 0.4377 0.1424 0.5886 0.126 0.4434
3 16 41.4299 -37.4197 -30.3513 42.5682 0.0177 -26.1289 41.4346 0.0177 -30.3592 0.126 0.4434 0.1424 0.5886 0.1259 0.5886
3 16 42.5634 -38.9378 -26.126 45.6562 -37.4195 -23.0314 42.5682 0.0177 -26.1289 0.1425 0.4377 0.159 0.4434 0.1424 0.5886
3 16 42.5682 0.0177 -26.1289 45.6562 -37.4195 -23.0314 45.6649 0.0177 -23.032 0.1424 0.5886 0.159 0.4434 0.1589 0.5886
3 16 45.6562 -37.4195 -23.0314 49.8831 -31.6164 -21.8957 45.6649 0.0177 -23.032 0.159 0.4434 0.1755 0.4654 0.1589 0.5886
3 16 45.6649 0.0177 -23.032 49.8831 -31.6164 -21.8957 49.8954 0.0177 -21.8983 0.1589 0.5886 0.1755 0.4654 0.1755 0.5886
3 16 49.8831 -31.6164 -21.8957 54.1083 -24.8784 -23.0249 49.8954 0.0177 -21.8983 0.1755 0.4654 0.192 0.4908 0.1755 0.5886
3 16 49.8954 0.0177 -21.8983 54.1083 -24.8784 -23.0249 54.1244 0.0177 -23.0308 0.1755 0.5886 0.192 0.4908 0.192 0.5859
3 16 57.408 -0.5025 -26.7109 57.8482 0.0217 -28.2167 57.2217 0.0171 -26.1255 0.2108 0.5867 0.2167 0.5886 0.2085 0.5887
3 16 45.6497 -21.5936 -37.673 45.6636 0.0177 -37.6861 48.851 -7.8687 -38.5365 0.0929 0.5032 0.0929 0.5886 0.0804 0.5588
3 16 48.851 -7.8687 -38.5365 45.6636 0.0177 -37.6861 48.9379 0.0175 -38.556 0.0804 0.5588 0.0929 0.5886 0.0801 0.5892
3 16 42.5598 -31.6168 -34.5768 42.5679 0.0177 -34.5895 45.6497 -21.5936 -37.673 0.1094 0.4653 0.1094 0.5886 0.0929 0.5032
3 16 45.6497 -21.5936 -37.673 42.5679 0.0177 -34.5895 45.6636 0.0177 -37.6861 0.0929 0.5032 0.1094 0.5886 0.0929 0.5886
3 16 53.9158 0.0175 -37.876 48.9379 0.0175 -38.556 50.4749 0.0118 -36.5795 0.9798 0.6782 0.9692 0.693 0.9682 0.6839
3 16 49.8994 0.0177 -36.7388 50.4749 0.0118 -36.5795 48.9379 0.0175 -38.556 0.967 0.6859 0.9682 0.6839 0.9692 0.693
3 16 49.8891 -10.1978 -36.7322 50.4708 -7.4567 -36.579 49.8994 0.0177 -36.7388 0.0068 0.4034 0.0045 0.393 0.0068 0.3641
3 16 49.8994 0.0177 -36.7388 50.4708 -7.4567 -36.579 50.4749 0.0118 -36.5795 0.0068 0.3641 0.0045 0.393 0.0046 0.3647
3 16 50.4708 -7.4567 -36.579 53.2436 -7.4552 -32.6394 50.4749 0.0118 -36.5795 0.992 0.233 0.9746 0.2329 0.992 0.2061
3 16 50.4749 0.0118 -36.5795 53.2436 -7.4552 -32.6394 53.2878 0.0177 -32.6692 0.992 0.2061 0.9746 0.2329 0.9746 0.2061
3 16 55.8153 0.012 -28.6565 53.2878 0.0177 -32.6692 55.813 -7.4564 -28.6529 0.9575 0.2061 0.9746 0.2061 0.9575 0.2329
3 16 55.813 -7.4564 -28.6529 53.2878 0.0177 -32.6692 53.2436 -7.4552 -32.6394 0.9575 0.2329 0.9746 0.2061 0.9746 0.2329
3 16 44.3637 -29.3531 -33.5364 48.9995 -27.7317 -30.2286 46.6983 -21.4028 -35.8747 0.0081 0.2577 0.0287 0.2664 0.0058 0.2906
3 16 46.6983 -21.4028 -35.8747 48.9995 -27.7317 -30.2286 51.6729 -19.8209 -32.0241 0.0058 0.2906 0.0287 0.2664 0.0292 0.2983
3 16 49.8823 -29.9223 -23.9787 53.0728 -24.95 -24.8305 48.9995 -27.7317 -30.2286 0.0503 0.2535 0.0547 0.276 0.0287 0.2664
3 16 48.9995 -27.7317 -30.2286 53.0728 -24.95 -24.8305 51.6729 -19.8209 -32.0241 0.0287 0.2664 0.0547 0.276 0.0292 0.2983
3 16 53.0938 -11.6712 -32.709 53.2436 -7.4552 -32.6394 49.8891 -10.1978 -36.7322 0.0301 0.3331 0.0306 0.349 0.0105 0.3384
3 16 49.8891 -10.1978 -36.7322 53.2436 -7.4552 -32.6394 50.4708 -7.4567 -36.579 0.0105 0.3384 0.0306 0.349 0.0123 0.3489
3 16 55.4111 -15.7675 -27.1651 55.813 -7.4564 -28.6529 53.0938 -11.6712 -32.709 0.0526 0.3133 0.0486 0.349 0.0301 0.3331
3 16 53.0938 -11.6712 -32.709 55.813 -7.4564 -28.6529 53.2436 -7.4552 -32.6394 0.0301 0.3331 0.0486 0.349 0.0306 0.349
3 16 53.0728 -24.95 -24.8305 55.4111 -15.7675 -27.1651 51.6729 -19.8209 -32.0241 0.0547 0.276 0.0526 0.3133 0.0292 0.2983
3 16 51.6729 -19.8209 -32.0241 55.4111 -15.7675 -27.1651 53.0938 -11.6712 -32.709 0.0292 0.2983 0.0526 0.3133 0.0301 0.3331
3 16 46.6983 -21.4028 -35.8747 51.6729 -19.8209 -32.0241 49.8891 -10.1978 -36.7322 0.0058 0.2906 0.0292 0.2983 0.0105 0.3384
3 16 49.8891 -10.1978 -36.7322 51.6729 -19.8209 -32.0241 53.0938 -11.6712 -32.709 0.0105 0.3384 0.0292 0.2983 0.0301 0.3331
3 16 48.9995 -27.7317 -30.2286 44.3624 -34.745 -27.1665 49.8823 -29.9223 -23.9787 0.0287 0.2664 0.028 0.2327 0.0503 0.2535
3 16 49.8823 -29.9223 -23.9787 44.3624 -34.745 -27.1665 46.6925 -33.9931 -24.8316 0.0503 0.2535 0.028 0.2327 0.0404 0.2361
3 16 44.3624 -34.745 -27.1665 48.9995 -27.7317 -30.2286 43.5104 -33.567 -30.3485 0.028 0.2327 0.0287 0.2664 0.0161 0.239
3 16 43.5104 -33.567 -30.3485 48.9995 -27.7317 -30.2286 44.3637 -29.3531 -33.5364 0.0161 0.239 0.0287 0.2664 0.0081 0.2577
3 16 44.2195 -5.2323 -44.4754 44.0021 -5.225 -44.2581 45.19 -5.2323 -43.2471 0.9568 0.3436 0.9568 0.3436 0.9565 0.3436
3 16 43.76 -5.232 -44.0159 43.6826 -7.9573 -43.9382 45.8288 -5.2386 -41.834 0.945 0.3454 0.945 0.3459 0.9444 0.3454
3 16 45.8288 -5.2386 -41.834 43.6826 -7.9573 -43.9382 48.851 -7.8687 -38.5365 0.9444 0.3454 0.945 0.3459 0.9435 0.3459
3 16 62.776 0.0221 -12.7059 62.682 -3.56 -12.7747 63.5021 0.0181 -10.1029 0.9358 0.3465 0.9361 0.3471 0.9353 0.3467
3 16 63.5021 0.0181 -10.1029 62.682 -3.56 -12.7747 62.8195 -10.4727 -9.9287 0.9353 0.3467 0.9361 0.3471 0.9362 0.3486
3 16 56.9456 -10.8726 -25.8537 57.4342 -4.7956 -25.7241 57.2115 -3.6157 -26.1131 0.9392 0.3473 0.9387 0.3463 0.9387 0.346
3 16 57.2115 -3.6157 -26.1131 54.1244 0.0177 -23.0308 56.9456 -10.8726 -25.8537 0.2085 0.575 0.192 0.5859 0.2071 0.5475
3 16 56.9456 -10.8726 -25.8537 54.1244 0.0177 -23.0308 54.1083 -24.8784 -23.0249 0.2071 0.5475 0.192 0.5859 0.192 0.4908
3 16 48.851 -7.8687 -38.5365 48.9379 0.0175 -38.556 45.8288 -5.2386 -41.834 0.9435 0.3459 0.9435 0.3444 0.9444 0.3454
3 16 45.8288 -5.2386 -41.834 48.9379 0.0175 -38.556 45.8562 0.0114 -41.8597 0.9444 0.3454 0.9435 0.3444 0.9444 0.3444
3 16 45.19 -5.2323 -43.2471 45.8288 -5.2386 -41.834 45.188 0.0177 -43.2436 0.9524 0.3452 0.9521 0.3452 0.9524 0.3442
3 16 45.188 0.0177 -43.2436 45.8288 -5.2386 -41.834 45.8562 0.0114 -41.8597 0.9524 0.3442 0.9521 0.3452 0.9521 0.3442
3 16 44.2195 -5.2323 -44.4754 45.19 -5.2323 -43.2471 44.2395 0.0177 -44.4953 0.9527 0.3452 0.9524 0.3452 0.9527 0.3442
3 16 44.2395 0.0177 -44.4953 45.19 -5.2323 -43.2471 45.188 0.0177 -43.2436 0.9527 0.3442 0.9524 0.3452 0.9524 0.3442
3 16 45.8562 0.0114 -41.8597 48.9379 0.0175 -38.556 53.9158 0.0175 -37.876 0.97 0.7098 0.9692 0.693 0.9798 0.6782
3 16 46.3899 0.0176 -46.5657 44.2395 0.0177 -44.4953 45.188 0.0177 -43.2436 0.9836 0.7206 0.9728 0.7209 0.9719 0.7152
3 16 44.0021 -5.225 -44.2581 43.76 -5.232 -44.0159 45.19 -5.2323 -43.2471 0.9568 0.3436 0.9568 0.3437 0.9565 0.3436
3 16 45.19 -5.2323 -43.2471 43.76 -5.232 -44.0159 45.8288 -5.2386 -41.834 0.9565 0.3436 0.9568 0.3437 0.9562 0.3437
3 16 62.2456 -1.6497 -14.2293 62.682 -3.56 -12.7747 62.4046 -0.5196 -13.7976 0.9362 0.3467 0.9361 0.3471 0.936 0.3465
3 16 62.682 -3.56 -12.7747 62.2819 -3.6996 -14.2475 62.8195 -10.4727 -9.9287 0.9361 0.3471 0.9364 0.347 0.9362 0.3486
3 16 62.8195 -10.4727 -9.9287 62.2819 -3.6996 -14.2475 62.0777 -4.8092 -14.7204 0.9362 0.3486 0.9364 0.347 0.9365 0.3472
3 16 62.8195 -10.4727 -9.9287 62.0777 -4.8092 -14.7204 61.4338 -10.9701 -15.5237 0.9362 0.3486 0.9365 0.3472 0.9372 0.3482
3 16 61.4338 -10.9701 -15.5237 62.0777 -4.8092 -14.7204 61.7489 -5.2456 -15.7809 0.9372 0.3482 0.9365 0.3472 0.9368 0.3472
3 16 61.4338 -10.9701 -15.5237 61.7489 -5.2456 -15.7809 59.0679 -10.9363 -20.112 0.9372 0.3482 0.9368 0.3472 0.9381 0.3478
3 16 59.0679 -10.9363 -20.112 61.7489 -5.2456 -15.7809 59.7535 -5.2311 -20.5957 0.9381 0.3478 0.9368 0.3472 0.9377 0.3468
3 16 57.4126 -10.9807 -24.8763 59.0679 -10.9363 -20.112 57.9399 -5.2456 -24.7323 0.939 0.3474 0.9381 0.3478 0.9385 0.3464
3 16 57.9399 -5.2456 -24.7323 59.0679 -10.9363 -20.112 59.7535 -5.2311 -20.5957 0.9385 0.3464 0.9381 0.3478 0.9377 0.3468
3 16 57.4342 -4.7956 -25.7241 56.9456 -10.8726 -25.8537 57.9399 -5.2456 -24.7323 0.9387 0.3463 0.9392 0.3473 0.9385 0.3464
3 16 57.9399 -5.2456 -24.7323 56.9456 -10.8726 -25.8537 57.4126 -10.9807 -24.8763 0.9385 0.3464 0.9392 0.3473 0.939 0.3474
3 16 62.4046 -0.5196 -13.7976 62.682 -3.56 -12.7747 62.776 0.0221 -12.7059 0.936 0.3465 0.9361 0.3471 0.9358 0.3465
3 16 59.8328 0.0223 -29.0524 58.3022 0.0173 -31.6855 57.8482 0.0217 -28.2167 0.9725 0.6396 0.9748 0.6506 0.9652 0.6427
3 16 57.8482 0.0217 -28.2167 58.3022 0.0173 -31.6855 55.8153 0.012 -28.6565 0.9652 0.6427 0.9748 0.6506 0.9611 0.6491
3 16 36.7131 0.0175 -54.7055 38.1969 0.0172 -49.0419 41.5933 0.0113 -46.1011 0.9793 0.7671 0.969 0.7488 0.9701 0.7321
3 16 63.5021 0.0181 -10.1029 67.1319 0.0174 -11.2476 62.776 0.0221 -12.7059 0.7134 0.5235 0.7004 0.5194 0.7161 0.5137
3 16 62.776 0.0221 -12.7059 67.1319 0.0174 -11.2476 66.2416 0.0223 -14.1037 0.7161 0.5137 0.7004 0.5194 0.7031 0.5085
3 16 62.2456 -1.6497 -14.2293 62.2819 -3.6996 -14.2475 62.682 -3.56 -12.7747 0.9362 0.3467 0.9364 0.347 0.9361 0.3471
3 16 13.871 -1.6493 -62.3505 13.4386 -0.519 -62.5093 9.7559 -7.7472 -62.8598 0.9537 0.3465 0.9538 0.3464 0.9539 0.348
3 16 23.6211 0.0177 -30.2376 24.4757 0.0177 -27.0481 23.6169 -49.0169 -30.2292 0.6363 0.9112 0.6363 0.9237 0.4487 0.9112
3 16 23.6169 -49.0169 -30.2292 24.4757 0.0177 -27.0481 24.4718 -50.28 -27.0419 0.4487 0.9112 0.6363 0.9237 0.4439 0.9237
3 16 24.4757 0.0177 -33.4271 23.6211 0.0177 -30.2376 24.4699 -46.7967 -33.419 0.6363 0.8987 0.6363 0.9112 0.4571 0.8987
3 16 24.4699 -46.7967 -33.419 23.6211 0.0177 -30.2376 23.6169 -49.0169 -30.2292 0.4571 0.8987 0.6363 0.9112 0.4487 0.9112
3 16 26.8106 0.0177 -35.7619 24.4757 0.0177 -33.4271 26.8041 -44.1538 -35.7561 0.6363 0.8862 0.6363 0.8987 0.4671 0.8862
3 16 26.8041 -44.1538 -35.7561 24.4757 0.0177 -33.4271 24.4699 -46.7967 -33.419 0.4671 0.8862 0.6363 0.8987 0.4571 0.8987
3 16 30.0001 0.0177 -36.6165 26.8106 0.0177 -35.7619 29.9945 -41.7966 -36.6127 0.6363 0.8737 0.6363 0.8862 0.476 0.8737
3 16 29.9945 -41.7966 -36.6127 26.8106 0.0177 -35.7619 26.8041 -44.1538 -35.7561 0.476 0.8737 0.6363 0.8862 0.4671 0.8862
3 16 33.1895 0.0177 -35.7618 30.0001 0.0177 -36.6165 33.1855 -40.4175 -35.7586 0.6363 0.8612 0.6363 0.8737 0.4812 0.8612
3 16 33.1855 -40.4175 -35.7586 30.0001 0.0177 -36.6165 29.9945 -41.7966 -36.6127 0.4812 0.8612 0.6363 0.8737 0.476 0.8737
3 16 21.5388 0.0177 -30.2374 21.5367 -50.1669 -30.2295 22.6724 0.0177 -26.0068 0.1128 0.6012 0.1128 0.7894 0.0963 0.6012
3 16 22.6724 0.0177 -26.0068 21.5367 -50.1669 -30.2295 22.6707 -51.7214 -26.0034 0.0963 0.6012 0.1128 0.7894 0.0963 0.7953
3 16 22.6723 0.0177 -34.468 22.6666 -47.2662 -34.457 21.5388 0.0177 -30.2374 0.1293 0.6012 0.1293 0.7784 0.1128 0.6012
3 16 21.5388 0.0177 -30.2374 22.6666 -47.2662 -34.457 21.5367 -50.1669 -30.2295 0.1128 0.6012 0.1293 0.7784 0.1128 0.7894
3 16 25.7693 0.0177 -37.5651 25.7587 -43.7723 -37.5541 22.6723 0.0177 -34.468 0.1459 0.6012 0.1459 0.7652 0.1293 0.6012
3 16 22.6723 0.0177 -34.468 25.7587 -43.7723 -37.5541 22.6666 -47.2662 -34.457 0.1293 0.6012 0.1459 0.7652 0.1293 0.7784
3 16 29.9999 0.0177 -38.6987 29.9863 -40.6204 -38.6907 25.7693 0.0177 -37.5651 0.1624 0.6012 0.1624 0.7533 0.1459 0.6012
3 16 25.7693 0.0177 -37.5651 29.9863 -40.6204 -38.6907 25.7587 -43.7723 -37.5541 0.1459 0.6012 0.1624 0.7533 0.1459 0.7652
3 16 34.2306 0.0177 -37.5651 34.2172 -38.7606 -37.5601 29.9999 0.0177 -38.6987 0.1789 0.6012 0.1789 0.7463 0.1624 0.6012
3 16 29.9999 0.0177 -38.6987 34.2172 -38.7606 -37.5601 29.9863 -40.6204 -38.6907 0.1624 0.6012 0.1789 0.7463 0.1624 0.7533
3 16 34.2306 0.0177 -37.5651 29.9999 0.0177 -38.6987 33.1895 0.0177 -35.7618 0.4163 0.559 0.4026 0.5511 0.4182 0.5519
3 16 33.1895 0.0177 -35.7618 29.9999 0.0177 -38.6987 30.0001 0.0177 -36.6165 0.4182 0.5519 0.4026 0.5511 0.4078 0.5459
3 16 29.9999 0.0177 -38.6987 25.7693 0.0177 -37.5651 30.0001 0.0177 -36.6165 0.4026 0.5511 0.3948 0.5375 0.4078 0.5459
3 16 30.0001 0.0177 -36.6165 25.7693 0.0177 -37.5651 26.8106 0.0177 -35.7619 0.4078 0.5459 0.3948 0.5375 0.4019 0.5356
3 16 25.7693 0.0177 -37.5651 22.6723 0.0177 -34.468 26.8106 0.0177 -35.7619 0.3948 0.5375 0.3948 0.5218 0.4019 0.5356
3 16 26.8106 0.0177 -35.7619 22.6723 0.0177 -34.468 24.4757 0.0177 -33.4271 0.4019 0.5356 0.3948 0.5218 0.4019 0.5237
3 16 22.6723 0.0177 -34.468 21.5388 0.0177 -30.2374 24.4757 0.0177 -33.4271 0.3948 0.5218 0.4026 0.5081 0.4019 0.5237
3 16 24.4757 0.0177 -33.4271 21.5388 0.0177 -30.2374 23.6211 0.0177 -30.2376 0.4019 0.5237 0.4026 0.5081 0.4078 0.5134
3 16 21.5388 0.0177 -30.2374 22.6724 0.0177 -26.0068 23.6211 0.0177 -30.2376 0.4026 0.5081 0.4163 0.5003 0.4078 0.5134
3 16 23.6211 0.0177 -30.2376 22.6724 0.0177 -26.0068 24.4757 0.0177 -27.0481 0.4078 0.5134 0.4163 0.5003 0.4182 0.5074
3 16 15.5234 0.0177 -27.0481 13.1886 0.0177 -24.7132 17.3267 0.0177 -26.0068 0.5624 0.2915 0.5509 0.2873 0.5667 0.2853
3 16 17.3267 0.0177 -26.0068 13.1886 0.0177 -24.7132 14.2296 0.0177 -22.9099 0.5667 0.2853 0.5509 0.2873 0.5515 0.2798
3 16 13.1886 0.0177 -24.7132 9.9991 0.0177 -23.8586 14.2296 0.0177 -22.9099 0.5509 0.2873 0.5388 0.2895 0.5515 0.2798
3 16 14.2296 0.0177 -22.9099 9.9991 0.0177 -23.8586 9.999 0.0112 -21.7716 0.5515 0.2798 0.5388 0.2895 0.5355 0.2827
3 16 9.9991 0.0177 -23.8586 6.8096 0.0177 -24.7132 9.999 0.0112 -21.7716 0.5388 0.2895 0.5294 0.2974 0.5355 0.2827
3 16 9.999 0.0112 -21.7716 6.8096 0.0177 -24.7132 5.7685 0.0177 -22.9099 0.5355 0.2827 0.5294 0.2974 0.5232 0.2931
3 16 6.8096 0.0177 -24.7132 4.4747 0.0177 -27.0481 5.7685 0.0177 -22.9099 0.5294 0.2974 0.5253 0.309 0.5232 0.2931
3 16 5.7685 0.0177 -22.9099 4.4747 0.0177 -27.0481 2.6714 0.0177 -26.0069 0.5232 0.2931 0.5253 0.309 0.5177 0.3084
3 16 4.4747 0.0177 -27.0481 3.6201 0.0177 -30.2376 2.6714 0.0177 -26.0069 0.5253 0.309 0.5274 0.3211 0.5177 0.3084
3 16 2.6714 0.0177 -26.0069 3.6201 0.0177 -30.2376 1.5378 0.0177 -30.2374 0.5177 0.3084 0.5274 0.3211 0.5206 0.3243
3 16 3.6201 0.0177 -30.2376 4.4748 0.0177 -33.4271 1.5378 0.0177 -30.2374 0.5274 0.3211 0.5354 0.3304 0.5206 0.3243
3 16 1.5378 0.0177 -30.2374 4.4748 0.0177 -33.4271 2.6714 0.0177 -34.4681 0.5206 0.3243 0.5354 0.3304 0.531 0.3367
3 16 4.4748 0.0177 -33.4271 6.8096 0.0177 -35.7619 2.6714 0.0177 -34.4681 0.5354 0.3304 0.5469 0.3346 0.531 0.3367
3 16 2.6714 0.0177 -34.4681 6.8096 0.0177 -35.7619 5.7684 0.0177 -37.5651 0.531 0.3367 0.5469 0.3346 0.5463 0.3421
3 16 6.8096 0.0177 -35.7619 9.9991 0.0177 -36.6165 5.7684 0.0177 -37.5651 0.5469 0.3346 0.559 0.3324 0.5463 0.3421
3 16 5.7684 0.0177 -37.5651 9.9991 0.0177 -36.6165 9.999 0.0177 -38.6988 0.5463 0.3421 0.559 0.3324 0.5622 0.3393
3 16 9.9991 0.0177 -36.6165 13.1886 0.0177 -35.7619 9.999 0.0177 -38.6988 0.559 0.3324 0.5683 0.3245 0.5622 0.3393
3 16 9.999 0.0177 -38.6988 13.1886 0.0177 -35.7619 14.2297 0.0177 -37.5652 0.5622 0.3393 0.5683 0.3245 0.5746 0.3288
3 16 13.1886 0.0177 -35.7619 15.5234 0.0177 -33.427 14.2297 0.0177 -37.5652 0.5683 0.3245 0.5725 0.3129 0.5746 0.3288
3 16 14.2297 0.0177 -37.5652 15.5234 0.0177 -33.427 17.3268 0.0177 -34.4681 0.5746 0.3288 0.5725 0.3129 0.5801 0.3136
3 16 15.5234 0.0177 -33.427 16.3734 0.0112 -30.2376 17.3268 0.0177 -34.4681 0.5725 0.3129 0.5703 0.3009 0.5801 0.3136
3 16 17.3268 0.0177 -34.4681 16.3734 0.0112 -30.2376 18.4603 0.0177 -30.2375 0.5801 0.3136 0.5703 0.3009 0.5772 0.2976
3 16 16.3734 0.0112 -30.2376 15.5234 0.0177 -27.0481 18.4603 0.0177 -30.2375 0.5703 0.3009 0.5624 0.2915 0.5772 0.2976
3 16 18.4603 0.0177 -30.2375 15.5234 0.0177 -27.0481 17.3267 0.0177 -26.0068 0.5772 0.2976 0.5624 0.2915 0.5667 0.2853
3 16 15.5234 0.0177 -27.0481 15.5214 -54.5631 -27.0434 13.1886 0.0177 -24.7132 0.2188 0.8491 0.4274 0.8491 0.2188 0.8616
3 16 13.1886 0.0177 -24.7132 15.5214 -54.5631 -27.0434 13.1853 -55.5887 -24.709 0.2188 0.8616 0.4274 0.8491 0.4313 0.8616
3 16 13.1886 0.0177 -24.7132 13.1853 -55.5887 -24.709 9.9991 0.0177 -23.8586 0.2188 0.8616 0.4313 0.8616 0.2188 0.8742
3 16 9.9991 0.0177 -23.8586 13.1853 -55.5887 -24.709 9.9961 -56.5667 -23.855 0.2188 0.8742 0.4313 0.8616 0.435 0.8742
3 16 9.9991 0.0177 -23.8586 9.9961 -56.5667 -23.855 6.8096 0.0177 -24.7132 0.2188 0.8742 0.435 0.8742 0.2188 0.8867
3 16 6.8096 0.0177 -24.7132 9.9961 -56.5667 -23.855 6.8084 -56.7252 -24.7094 0.2188 0.8867 0.435 0.8742 0.4356 0.8867
3 16 4.4747 0.0177 -27.0481 6.8096 0.0177 -24.7132 4.4742 -56.2291 -27.0429 0.2188 0.8992 0.2188 0.8867 0.4337 0.8992
3 16 4.4742 -56.2291 -27.0429 6.8096 0.0177 -24.7132 6.8084 -56.7252 -24.7094 0.4337 0.8992 0.2188 0.8867 0.4356 0.8867
3 16 3.6201 0.0177 -30.2376 4.4747 0.0177 -27.0481 3.6189 -55.0499 -30.2318 0.2188 0.9117 0.2188 0.8992 0.4293 0.9117
3 16 3.6189 -55.0499 -30.2318 4.4747 0.0177 -27.0481 4.4742 -56.2291 -27.0429 0.4293 0.9117 0.2188 0.8992 0.4337 0.8992
3 16 4.4748 0.0177 -33.4271 3.6201 0.0177 -30.2376 4.4724 -53.7451 -33.422 0.2188 0.9242 0.2188 0.9117 0.4243 0.9242
3 16 4.4724 -53.7451 -33.422 3.6201 0.0177 -30.2376 3.6189 -55.0499 -30.2318 0.4243 0.9242 0.2188 0.9117 0.4293 0.9117
3 16 6.8096 0.0177 -35.7619 4.4748 0.0177 -33.4271 6.8068 -52.4028 -35.7579 0.2188 0.9367 0.2188 0.9242 0.4193 0.9367
3 16 6.8068 -52.4028 -35.7579 4.4748 0.0177 -33.4271 4.4724 -53.7451 -33.422 0.4193 0.9367 0.2188 0.9242 0.4243 0.9242
3 16 9.9991 0.0177 -36.6165 6.8096 0.0177 -35.7619 9.9971 -51.4403 -36.6135 0.2188 0.9492 0.2188 0.9367 0.4156 0.9492
3 16 9.9971 -51.4403 -36.6135 6.8096 0.0177 -35.7619 6.8068 -52.4028 -35.7579 0.4156 0.9492 0.2188 0.9367 0.4193 0.9367
3 16 13.1886 0.0177 -35.7619 9.9991 0.0177 -36.6165 13.188 -51.2853 -35.7585 0.2188 0.9618 0.2188 0.9492 0.415 0.9618
3 16 13.188 -51.2853 -35.7585 9.9991 0.0177 -36.6165 9.9971 -51.4403 -36.6135 0.415 0.9618 0.2188 0.9492 0.4156 0.9492
3 16 13.1886 0.0177 -35.7619 13.188 -51.2853 -35.7585 15.5234 0.0177 -33.427 0.2188 0.9618 0.415 0.9618 0.2188 0.9743
3 16 15.5234 0.0177 -33.427 13.188 -51.2853 -35.7585 15.5233 -52.131 -33.4225 0.2188 0.9743 0.415 0.9618 0.4182 0.9743
3 16 15.5234 0.0177 -33.427 15.5233 -52.131 -33.4225 16.3734 0.0112 -30.2376 0.2188 0.9743 0.4182 0.9743 0.2188 0.9868
3 16 16.3734 0.0112 -30.2376 15.5233 -52.131 -33.4225 16.373 -53.3844 -30.235 0.2188 0.9868 0.4182 0.9743 0.423 0.9868
3 16 16.3734 0.0112 -30.2376 16.373 -53.3844 -30.235 15.5234 0.0177 -27.0481 0.2188 0.8366 0.423 0.8366 0.2188 0.8491
3 16 15.5234 0.0177 -27.0481 16.373 -53.3844 -30.235 15.5214 -54.5631 -27.0434 0.2188 0.8491 0.423 0.8366 0.4274 0.8491
3 16 17.3267 0.0177 -26.0068 14.2296 0.0177 -22.9099 17.3209 -53.5396 -25.9998 0.0454 0.9875 0.0289 0.9875 0.0454 0.7866
3 16 17.3209 -53.5396 -25.9998 14.2296 0.0177 -22.9099 14.223 -55.4416 -22.9058 0.0454 0.7866 0.0289 0.9875 0.0289 0.7794
3 16 14.2296 0.0177 -22.9099 9.999 0.0112 -21.7716 14.223 -55.4416 -22.9058 0.0289 0.9875 0.0123 0.9875 0.0289 0.7794
3 16 14.223 -55.4416 -22.9058 9.999 0.0112 -21.7716 9.9968 -57.1608 -21.7713 0.0289 0.7794 0.0123 0.9875 0.0123 0.7729
3 16 5.7685 0.0177 -22.9099 5.7686 -56.942 -22.9079 9.999 0.0112 -21.7716 0.1941 0.9875 0.194 0.7737 0.2106 0.9875
3 16 9.999 0.0112 -21.7716 5.7686 -56.942 -22.9079 9.9968 -57.1608 -21.7713 0.2106 0.9875 0.194 0.7737 0.2106 0.7729
3 16 2.6714 0.0177 -26.0069 2.6737 -56.4336 -26.0022 5.7685 0.0177 -22.9099 0.1776 0.9875 0.1776 0.7757 0.1941 0.9875
3 16 5.7685 0.0177 -22.9099 2.6737 -56.4336 -26.0022 5.7686 -56.942 -22.9079 0.1941 0.9875 0.1776 0.7757 0.194 0.7737
3 16 1.5378 0.0177 -30.2374 1.5388 -55.2723 -30.2301 2.6714 0.0177 -26.0069 0.161 0.9875 0.161 0.78 0.1776 0.9875
3 16 2.6714 0.0177 -26.0069 1.5388 -55.2723 -30.2301 2.6737 -56.4336 -26.0022 0.1776 0.9875 0.161 0.78 0.1776 0.7757
3 16 2.6714 0.0177 -34.4681 2.6685 -52.951 -34.4579 1.5378 0.0177 -30.2374 0.1445 0.9875 0.1445 0.7888 0.161 0.9875
3 16 1.5378 0.0177 -30.2374 2.6685 -52.951 -34.4579 1.5388 -55.2723 -30.2301 0.161 0.9875 0.1445 0.7888 0.161 0.78
3 16 5.7684 0.0177 -37.5651 5.7626 -50.7131 -37.5572 2.6714 0.0177 -34.4681 0.128 0.9875 0.128 0.7973 0.1445 0.9875
3 16 2.6714 0.0177 -34.4681 5.7626 -50.7131 -37.5572 2.6685 -52.951 -34.4579 0.1445 0.9875 0.128 0.7973 0.1445 0.7888
3 16 9.999 0.0177 -38.6988 9.9935 -49.6291 -38.6935 5.7684 0.0177 -37.5651 0.1115 0.9875 0.1115 0.8014 0.128 0.9875
3 16 5.7684 0.0177 -37.5651 9.9935 -49.6291 -38.6935 5.7626 -50.7131 -37.5572 0.128 0.9875 0.1115 0.8014 0.128 0.7973
3 16 14.2297 0.0177 -37.5652 14.2257 -48.4792 -37.5596 9.999 0.0177 -38.6988 0.095 0.9875 0.095 0.8055 0.1115 0.9875
3 16 9.999 0.0177 -38.6988 14.2257 -48.4792 -37.5596 9.9935 -49.6291 -38.6935 0.1115 0.9875 0.095 0.8055 0.1115 0.8014
3 16 14.2297 0.0177 -37.5652 17.3268 0.0177 -34.4681 14.2257 -48.4792 -37.5596 0.095 0.9875 0.0784 0.9875 0.095 0.8055
3 16 14.2257 -48.4792 -37.5596 17.3268 0.0177 -34.4681 17.326 -49.4298 -34.4579 0.095 0.8055 0.0784 0.9875 0.0784 0.8021
3 16 17.3268 0.0177 -34.4681 18.4603 0.0177 -30.2375 17.326 -49.4298 -34.4579 0.0784 0.9875 0.0619 0.9875 0.0784 0.8021
3 16 17.326 -49.4298 -34.4579 18.4603 0.0177 -30.2375 18.4573 -51.0955 -30.2276 0.0784 0.8021 0.0619 0.9875 0.0619 0.7958
3 16 18.4603 0.0177 -30.2375 17.3267 0.0177 -26.0068 18.4573 -51.0955 -30.2276 0.0619 0.9875 0.0454 0.9875 0.0619 0.7958
3 16 18.4573 -51.0955 -30.2276 17.3267 0.0177 -26.0068 17.3209 -53.5396 -25.9998 0.0619 0.7958 0.0454 0.9875 0.0454 0.7866
3 16 15.5245 0.0177 -47.0482 13.1896 0.0177 -44.7132 17.3275 0.0177 -46.0066 0.6233 0.3243 0.6171 0.3349 0.6179 0.3189
3 16 17.3275 0.0177 -46.0066 13.1896 0.0177 -44.7132 14.2304 0.0177 -42.9098 0.6179 0.3189 0.6171 0.3349 0.6098 0.333
3 16 13.1896 0.0177 -44.7132 10.0001 0.0177 -43.8585 14.2304 0.0177 -42.9098 0.6171 0.3349 0.6171 0.3472 0.6098 0.333
3 16 14.2304 0.0177 -42.9098 10.0001 0.0177 -43.8585 9.9999 0.0177 -41.7763 0.6098 0.333 0.6171 0.3472 0.6098 0.3492
3 16 10.0001 0.0177 -43.8585 6.8105 0.0177 -44.7132 9.9999 0.0177 -41.7763 0.6171 0.3472 0.6233 0.3578 0.6098 0.3492
3 16 9.9999 0.0177 -41.7763 6.8105 0.0177 -44.7132 5.7694 0.0177 -42.9098 0.6098 0.3492 0.6233 0.3578 0.6179 0.3632
3 16 6.8105 0.0177 -44.7132 4.4756 0.0177 -47.0482 5.7694 0.0177 -42.9098 0.6233 0.3578 0.6339 0.364 0.6179 0.3632
3 16 5.7694 0.0177 -42.9098 4.4756 0.0177 -47.0482 2.6724 0.0177 -46.0067 0.6179 0.3632 0.6339 0.364 0.6319 0.3713
3 16 4.4756 0.0177 -47.0482 3.621 0.0177 -50.2377 2.6724 0.0177 -46.0067 0.6339 0.364 0.6462 0.364 0.6319 0.3713
3 16 2.6724 0.0177 -46.0067 3.621 0.0177 -50.2377 1.5388 0.0177 -50.2372 0.6319 0.3713 0.6462 0.364 0.6481 0.3713
3 16 3.621 0.0177 -50.2377 4.4799 0.0112 -53.4249 1.5388 0.0177 -50.2372 0.6462 0.364 0.6568 0.3578 0.6481 0.3713
3 16 1.5388 0.0177 -50.2372 4.4799 0.0112 -53.4249 2.668 0.0112 -54.47 0.6481 0.3713 0.6568 0.3578 0.6621 0.3632
3 16 4.4799 0.0112 -53.4249 6.8107 0.0177 -55.7619 2.668 0.0112 -54.47 0.6568 0.3578 0.6629 0.3472 0.6621 0.3632
3 16 2.668 0.0112 -54.47 6.8107 0.0177 -55.7619 5.7691 0.0177 -57.565 0.6621 0.3632 0.6629 0.3472 0.6702 0.3492
3 16 6.8107 0.0177 -55.7619 10 0.0177 -56.6165 5.7691 0.0177 -57.565 0.6629 0.3472 0.6629 0.3349 0.6702 0.3492
3 16 5.7691 0.0177 -57.565 10 0.0177 -56.6165 10 0.0177 -58.6987 0.6702 0.3492 0.6629 0.3349 0.6702 0.333
3 16 10 0.0177 -56.6165 13.1895 0.0177 -55.7618 10 0.0177 -58.6987 0.6629 0.3349 0.6568 0.3243 0.6702 0.333
3 16 10 0.0177 -58.6987 13.1895 0.0177 -55.7618 14.2306 0.0177 -57.5651 0.6702 0.333 0.6568 0.3243 0.6621 0.3189
3 16 13.1895 0.0177 -55.7618 15.5242 0.0177 -53.4271 14.2306 0.0177 -57.5651 0.6568 0.3243 0.6462 0.3182 0.6621 0.3189
3 16 14.2306 0.0177 -57.5651 15.5242 0.0177 -53.4271 17.3278 0.0177 -54.4679 0.6621 0.3189 0.6462 0.3182 0.6481 0.3108
3 16 15.5242 0.0177 -53.4271 16.379 0.0177 -50.2377 17.3278 0.0177 -54.4679 0.6462 0.3182 0.6339 0.3182 0.6481 0.3108
3 16 17.3278 0.0177 -54.4679 16.379 0.0177 -50.2377 18.4612 0.0177 -50.2371 0.6481 0.3108 0.6339 0.3182 0.6319 0.3108
3 16 16.379 0.0177 -50.2377 15.5245 0.0177 -47.0482 18.4612 0.0177 -50.2371 0.6339 0.3182 0.6233 0.3243 0.6319 0.3108
3 16 18.4612 0.0177 -50.2371 15.5245 0.0177 -47.0482 17.3275 0.0177 -46.0066 0.6319 0.3108 0.6233 0.3243 0.6179 0.3189
3 16 15.5245 0.0177 -47.0482 15.5189 -40.7734 -47.0375 13.1896 0.0177 -44.7132 0.9869 0.9065 0.8308 0.9065 0.9869 0.894
3 16 13.1896 0.0177 -44.7132 15.5189 -40.7734 -47.0375 13.1824 -43.5832 -44.7041 0.9869 0.894 0.8308 0.9065 0.8198 0.894
3 16 13.1896 0.0177 -44.7132 13.1824 -43.5832 -44.7041 10.0001 0.0177 -43.8585 0.9869 0.894 0.8198 0.894 0.9869 0.8815
3 16 10.0001 0.0177 -43.8585 13.1824 -43.5832 -44.7041 9.9944 -45.464 -43.8511 0.9869 0.8815 0.8198 0.894 0.8126 0.8815
3 16 10.0001 0.0177 -43.8585 9.9944 -45.464 -43.8511 6.8105 0.0177 -44.7132 0.9869 0.8815 0.8126 0.8815 0.9869 0.869
3 16 6.8105 0.0177 -44.7132 9.9944 -45.464 -43.8511 6.8089 -45.7423 -44.7048 0.9869 0.869 0.8126 0.8815 0.8116 0.869
3 16 4.4756 0.0177 -47.0482 6.8105 0.0177 -44.7132 4.4758 -44.4187 -47.0369 0.9869 0.8565 0.9869 0.869 0.817 0.8565
3 16 4.4758 -44.4187 -47.0369 6.8105 0.0177 -44.7132 6.8089 -45.7423 -44.7048 0.817 0.8565 0.9869 0.869 0.8116 0.869
3 16 3.621 0.0177 -50.2377 4.4756 0.0177 -47.0482 3.6197 -41.4929 -50.2255 0.9869 0.844 0.9869 0.8565 0.8281 0.844
3 16 3.6197 -41.4929 -50.2255 4.4756 0.0177 -47.0482 4.4758 -44.4187 -47.0369 0.8281 0.844 0.9869 0.8565 0.817 0.8565
3 16 4.4799 0.0112 -53.4249 3.621 0.0177 -50.2377 4.4781 -37.7805 -53.4196 0.9869 0.8314 0.9869 0.844 0.8417 0.8314
3 16 4.4781 -37.7805 -53.4196 3.621 0.0177 -50.2377 3.6197 -41.4929 -50.2255 0.8417 0.8314 0.9869 0.844 0.8281 0.844
3 16 6.8107 0.0177 -55.7619 4.4799 0.0112 -53.4249 6.806 -33.5073 -55.754 0.9869 0.9691 0.9869 0.9816 0.8579 0.9691
3 16 6.806 -33.5073 -55.754 4.4799 0.0112 -53.4249 4.4781 -37.7805 -53.4196 0.8579 0.9691 0.9869 0.9816 0.8417 0.9816
3 16 10 0.0177 -56.6165 6.8107 0.0177 -55.7619 9.9971 -30.2414 -56.6104 0.9869 0.9566 0.9869 0.9691 0.8702 0.9566
3 16 9.9971 -30.2414 -56.6104 6.8107 0.0177 -55.7619 6.806 -33.5073 -55.754 0.8702 0.9566 0.9869 0.9691 0.8579 0.9691
3 16 13.1895 0.0177 -55.7618 10 0.0177 -56.6165 13.1881 -30.0263 -55.7556 0.9869 0.9441 0.9869 0.9566 0.871 0.9441
3 16 13.1881 -30.0263 -55.7556 10 0.0177 -56.6165 9.9971 -30.2414 -56.6104 0.871 0.9441 0.9869 0.9566 0.8702 0.9566
3 16 13.1895 0.0177 -55.7618 13.1881 -30.0263 -55.7556 15.5242 0.0177 -53.4271 0.9869 0.9441 0.871 0.9441 0.9869 0.9316
3 16 15.5242 0.0177 -53.4271 13.1881 -30.0263 -55.7556 15.5232 -32.5584 -53.4188 0.9869 0.9316 0.871 0.9441 0.8615 0.9316
3 16 15.5242 0.0177 -53.4271 15.5232 -32.5584 -53.4188 16.379 0.0177 -50.2377 0.9869 0.9316 0.8615 0.9316 0.9869 0.9191
3 16 16.379 0.0177 -50.2377 15.5232 -32.5584 -53.4188 16.376 -36.5532 -50.2273 0.9869 0.9191 0.8615 0.9316 0.8468 0.9191
3 16 16.379 0.0177 -50.2377 16.376 -36.5532 -50.2273 15.5245 0.0177 -47.0482 0.9869 0.9191 0.8468 0.9191 0.9869 0.9065
3 16 15.5245 0.0177 -47.0482 16.376 -36.5532 -50.2273 15.5189 -40.7734 -47.0375 0.9869 0.9065 0.8468 0.9191 0.8308 0.9065
3 16 17.3275 0.0177 -46.0066 14.2304 0.0177 -42.9098 17.3192 -40.8102 -45.9945 0.588 0.7098 0.588 0.6933 0.7407 0.7098
3 16 17.3192 -40.8102 -45.9945 14.2304 0.0177 -42.9098 14.2225 -44.7794 -42.9029 0.7407 0.7098 0.588 0.6933 0.7529 0.6933
3 16 14.2304 0.0177 -42.9098 9.9999 0.0177 -41.7763 14.2225 -44.7794 -42.9029 0.588 0.6933 0.588 0.6768 0.7529 0.6933
3 16 14.2225 -44.7794 -42.9029 9.9999 0.0177 -41.7763 9.9952 -47.8577 -41.7724 0.7529 0.6933 0.588 0.6768 0.7646 0.6768
3 16 5.7694 0.0177 -42.9098 5.7694 -47.4873 -42.9052 9.9999 0.0177 -41.7763 0.588 0.6603 0.7632 0.6603 0.588 0.6768
3 16 9.9999 0.0177 -41.7763 5.7694 -47.4873 -42.9052 9.9952 -47.8577 -41.7724 0.588 0.6768 0.7632 0.6603 0.7646 0.6768
3 16 2.6724 0.0177 -46.0067 2.6772 -46.3021 -45.9967 5.7694 0.0177 -42.9098 0.588 0.6437 0.7583 0.6437 0.588 0.6603
3 16 5.7694 0.0177 -42.9098 2.6772 -46.3021 -45.9967 5.7694 -47.4873 -42.9052 0.588 0.6603 0.7583 0.6437 0.7632 0.6603
3 16 1.5388 0.0177 -50.2372 1.5412 -42.544 -50.2225 2.6724 0.0177 -46.0067 0.588 0.6272 0.7441 0.6272 0.588 0.6437
3 16 2.6724 0.0177 -46.0067 1.5412 -42.544 -50.2225 2.6772 -46.3021 -45.9967 0.588 0.6437 0.7441 0.6272 0.7583 0.6437
3 16 2.668 0.0112 -54.47 2.6636 -37.5746 -54.457 1.5388 0.0177 -50.2372 0.588 0.6107 0.7221 0.6107 0.588 0.6272
3 16 1.5388 0.0177 -50.2372 2.6636 -37.5746 -54.457 1.5412 -42.544 -50.2225 0.588 0.6272 0.7221 0.6107 0.7441 0.6272
3 16 5.7691 0.0177 -57.565 5.7577 -30.9021 -57.5462 2.668 0.0112 -54.47 0.588 0.7924 0.696 0.7924 0.588 0.8089
3 16 2.668 0.0112 -54.47 5.7577 -30.9021 -57.5462 2.6636 -37.5746 -54.457 0.588 0.8089 0.696 0.7924 0.7221 0.8089
3 16 10 0.0177 -58.6987 9.9841 -26.4051 -58.6856 5.7691 0.0177 -57.565 0.588 0.7759 0.6753 0.7759 0.588 0.7924
3 16 5.7691 0.0177 -57.565 9.9841 -26.4051 -58.6856 5.7577 -30.9021 -57.5462 0.588 0.7924 0.6753 0.7759 0.696 0.7924
3 16 14.2306 0.0177 -57.5651 14.2324 -25.8594 -57.5483 10 0.0177 -58.6987 0.588 0.7594 0.6733 0.7594 0.588 0.7759
3 16 10 0.0177 -58.6987 14.2324 -25.8594 -57.5483 9.9841 -26.4051 -58.6856 0.588 0.7759 0.6733 0.7594 0.6753 0.7759
3 16 14.2306 0.0177 -57.5651 17.3278 0.0177 -54.4679 14.2324 -25.8594 -57.5483 0.588 0.7594 0.588 0.7429 0.6733 0.7594
3 16 14.2324 -25.8594 -57.5483 17.3278 0.0177 -54.4679 17.3609 -29.4485 -54.2807 0.6733 0.7594 0.588 0.7429 0.6929 0.7429
3 16 17.3278 0.0177 -54.4679 18.4612 0.0177 -50.2371 17.3609 -29.4485 -54.2807 0.588 0.7429 0.588 0.7263 0.6929 0.7429
3 16 17.3609 -29.4485 -54.2807 18.4612 0.0177 -50.2371 18.455 -34.6973 -50.218 0.6929 0.7429 0.588 0.7263 0.7168 0.7263
3 16 18.4612 0.0177 -50.2371 17.3275 0.0177 -46.0066 18.455 -34.6973 -50.218 0.588 0.7263 0.588 0.7098 0.7168 0.7263
3 16 18.455 -34.6973 -50.218 17.3275 0.0177 -46.0066 17.3192 -40.8102 -45.9945 0.7168 0.7263 0.588 0.7098 0.7407 0.7098
3 16 6.8105 0.0177 -4.7132 4.4757 0.0177 -7.048 5.7694 0.0177 -2.9098 0.4487 0.2221 0.4508 0.2338 0.4413 0.2215
3 16 5.7694 0.0177 -2.9098 4.4757 0.0177 -7.048 2.6723 0.0177 -6.0069 0.4413 0.2215 0.4508 0.2338 0.4441 0.237
3 16 4.4757 0.0177 -7.048 3.621 0.0177 -10.2375 2.6723 0.0177 -6.0069 0.4508 0.2338 0.4585 0.2429 0.4441 0.237
3 16 2.6723 0.0177 -6.0069 3.621 0.0177 -10.2375 1.5388 0.0177 -10.2375 0.4441 0.237 0.4585 0.2429 0.4543 0.249
3 16 3.621 0.0177 -10.2375 4.4757 0.0177 -13.427 1.5388 0.0177 -10.2375 0.4585 0.2429 0.4697 0.2469 0.4543 0.249
3 16 1.5388 0.0177 -10.2375 4.4757 0.0177 -13.427 2.6723 0.0177 -14.4681 0.4543 0.249 0.4697 0.2469 0.4691 0.2543
3 16 4.4757 0.0177 -13.427 6.8105 0.0177 -15.7618 2.6723 0.0177 -14.4681 0.4697 0.2469 0.4814 0.2448 0.4691 0.2543
3 16 2.6723 0.0177 -14.4681 6.8105 0.0177 -15.7618 5.7694 0.0177 -17.5651 0.4691 0.2543 0.4814 0.2448 0.4846 0.2515
3 16 6.8105 0.0177 -15.7618 10 0.0177 -16.6165 5.7694 0.0177 -17.5651 0.4814 0.2448 0.4905 0.2371 0.4846 0.2515
3 16 5.7694 0.0177 -17.5651 10 0.0177 -16.6165 10 0.0177 -18.6987 0.4846 0.2515 0.4905 0.2371 0.4966 0.2413
3 16 10 0.0177 -16.6165 13.1895 0.0177 -15.7618 10 0.0177 -18.6987 0.4905 0.2371 0.4946 0.2259 0.4966 0.2413
3 16 10 0.0177 -18.6987 13.1895 0.0177 -15.7618 14.2306 0.0177 -17.5651 0.4966 0.2413 0.4946 0.2259 0.5019 0.2265
3 16 4.4757 0.0177 -7.048 6.8105 0.0177 -4.7132 4.4749 -59.1687 -7.0473 0.2847 0.8263 0.2722 0.8263 0.2847 0.6003
3 16 4.4749 -59.1687 -7.0473 6.8105 0.0177 -4.7132 6.8098 -59.1687 -4.7124 0.2847 0.6003 0.2722 0.8263 0.2722 0.6003
3 16 3.621 0.0177 -10.2375 4.4757 0.0177 -7.048 3.6201 -59.0938 -10.2368 0.2972 0.8263 0.2847 0.8263 0.2972 0.6006
3 16 3.6201 -59.0938 -10.2368 4.4757 0.0177 -7.048 4.4749 -59.1687 -7.0473 0.2972 0.6006 0.2847 0.8263 0.2847 0.6003
3 16 4.4757 0.0177 -13.427 3.621 0.0177 -10.2375 4.4743 -58.8709 -13.4258 0.3097 0.8263 0.2972 0.8263 0.3097 0.6015
3 16 4.4743 -58.8709 -13.4258 3.621 0.0177 -10.2375 3.6201 -59.0938 -10.2368 0.3097 0.6015 0.2972 0.8263 0.2972 0.6006
3 16 6.8105 0.0177 -15.7618 4.4757 0.0177 -13.427 6.8084 -58.3792 -15.7605 0.3223 0.8263 0.3097 0.8263 0.3223 0.6033
3 16 6.8084 -58.3792 -15.7605 4.4757 0.0177 -13.427 4.4743 -58.8709 -13.4258 0.3223 0.6033 0.3097 0.8263 0.3097 0.6015
3 16 10 0.0177 -16.6165 6.8105 0.0177 -15.7618 9.9977 -57.7503 -16.6155 0.3348 0.8263 0.3223 0.8263 0.3348 0.6057
3 16 9.9977 -57.7503 -16.6155 6.8105 0.0177 -15.7618 6.8084 -58.3792 -15.7605 0.3348 0.6057 0.3223 0.8263 0.3223 0.6033
3 16 13.1895 0.0177 -15.7618 10 0.0177 -16.6165 13.188 -57.3332 -15.761 0.3473 0.8263 0.3348 0.8263 0.3473 0.6073
3 16 13.188 -57.3332 -15.761 10 0.0177 -16.6165 9.9977 -57.7503 -16.6155 0.3473 0.6073 0.3348 0.8263 0.3348 0.6057
3 16 5.7694 0.0177 -2.9098 2.6723 0.0177 -6.0069 5.7689 -59.2662 -2.9104 0.9611 0.4457 0.9611 0.4622 0.7347 0.4457
3 16 5.7689 -59.2662 -2.9104 2.6723 0.0177 -6.0069 2.6729 -59.2662 -6.0064 0.7347 0.4457 0.9611 0.4622 0.7347 0.4622
3 16 2.6723 0.0177 -6.0069 1.5388 0.0177 -10.2375 2.6729 -59.2662 -6.0064 0.9611 0.4622 0.9611 0.4787 0.7347 0.4622
3 16 2.6729 -59.2662 -6.0064 1.5388 0.0177 -10.2375 1.5395 -59.2711 -10.2373 0.7347 0.4622 0.9611 0.4787 0.7347 0.4787
3 16 2.6723 0.0177 -14.4681 2.6717 -59.0806 -14.4648 1.5388 0.0177 -10.2375 0.9611 0.4952 0.7354 0.4952 0.9611 0.4787
3 16 1.5388 0.0177 -10.2375 2.6717 -59.0806 -14.4648 1.5395 -59.2711 -10.2373 0.9611 0.4787 0.7354 0.4952 0.7347 0.4787
3 16 5.7694 0.0177 -17.5651 5.7666 -58.1206 -17.5619 2.6723 0.0177 -14.4681 0.9611 0.5117 0.7391 0.5117 0.9611 0.4952
3 16 2.6723 0.0177 -14.4681 5.7666 -58.1206 -17.5619 2.6717 -59.0806 -14.4648 0.9611 0.4952 0.7391 0.5117 0.7354 0.4952
3 16 10 0.0177 -18.6987 9.9975 -57.4945 -18.6973 5.7694 0.0177 -17.5651 0.9611 0.5283 0.7414 0.5283 0.9611 0.5117
3 16 5.7694 0.0177 -17.5651 9.9975 -57.4945 -18.6973 5.7666 -58.1206 -17.5619 0.9611 0.5117 0.7414 0.5283 0.7391 0.5117
3 16 14.2306 0.0177 -17.5651 14.2263 -56.8843 -17.5634 10 0.0177 -18.6987 0.9611 0.5448 0.7437 0.5448 0.9611 0.5283
3 16 10 0.0177 -18.6987 14.2263 -56.8843 -17.5634 9.9975 -57.4945 -18.6973 0.9611 0.5283 0.7437 0.5448 0.7414 0.5283
3 16 17.3209 -53.5396 -25.9998 22.6707 -51.7214 -26.0034 18.4573 -51.0955 -30.2276 0.9462 0.3572 0.9455 0.3564 0.9466 0.3563
3 16 18.4573 -51.0955 -30.2276 22.6707 -51.7214 -26.0034 21.5367 -50.1669 -30.2295 0.9466 0.3563 0.9455 0.3564 0.9462 0.3558
3 16 14.223 -55.4416 -22.9058 9.9968 -57.1608 -21.7713 14.2263 -56.8843 -17.5634 0.9462 0.3581 0.9467 0.3589 0.9455 0.359
3 16 14.2263 -56.8843 -17.5634 9.9968 -57.1608 -21.7713 9.9975 -57.4945 -18.6973 0.9455 0.359 0.9467 0.3589 0.9462 0.3594
3 16 14.223 -55.4416 -22.9058 14.2263 -56.8843 -17.5634 17.3209 -53.5396 -25.9998 0.9462 0.3581 0.9455 0.359 0.9462 0.3572
3 16 17.3209 -53.5396 -25.9998 14.2263 -56.8843 -17.5634 22.6707 -51.7214 -26.0034 0.9462 0.3572 0.9455 0.359 0.9455 0.3564
3 16 5.7626 -50.7131 -37.5572 9.9935 -49.6291 -38.6935 5.7694 -47.4873 -42.9052 0.9494 0.357 0.9489 0.3561 0.9502 0.3559
3 16 5.7694 -47.4873 -42.9052 9.9935 -49.6291 -38.6935 9.9952 -47.8577 -41.7724 0.9502 0.3559 0.9489 0.3561 0.9494 0.3555
3 16 9.9935 -49.6291 -38.6935 14.2257 -48.4792 -37.5596 9.9952 -47.8577 -41.7724 0.9489 0.3561 0.9482 0.3557 0.9494 0.3555
3 16 9.9952 -47.8577 -41.7724 14.2257 -48.4792 -37.5596 14.2225 -44.7794 -42.9029 0.9494 0.3555 0.9482 0.3557 0.949 0.3546
3 16 18.4573 -51.0955 -30.2276 21.5367 -50.1669 -30.2295 17.326 -49.4298 -34.4579 0.9466 0.3563 0.9462 0.3558 0.9474 0.3558
3 16 17.326 -49.4298 -34.4579 21.5367 -50.1669 -30.2295 22.6666 -47.2662 -34.457 0.9474 0.3558 0.9462 0.3558 0.9466 0.3549
3 16 22.6666 -47.2662 -34.457 25.7587 -43.7723 -37.5541 14.2225 -44.7794 -42.9029 0.9466 0.3549 0.9466 0.3538 0.949 0.3546
3 16 14.2225 -44.7794 -42.9029 25.7587 -43.7723 -37.5541 17.3192 -40.8102 -45.9945 0.949 0.3546 0.9466 0.3538 0.949 0.3535
3 16 17.326 -49.4298 -34.4579 22.6666 -47.2662 -34.457 14.2257 -48.4792 -37.5596 0.9474 0.3558 0.9466 0.3549 0.9482 0.3557
3 16 14.2257 -48.4792 -37.5596 22.6666 -47.2662 -34.457 14.2225 -44.7794 -42.9029 0.9482 0.3557 0.9466 0.3549 0.949 0.3546
3 16 9.9968 -57.1608 -21.7713 5.7686 -56.942 -22.9079 9.9975 -57.4945 -18.6973 0.9467 0.3589 0.9474 0.3593 0.9462 0.3594
3 16 9.9975 -57.4945 -18.6973 5.7686 -56.942 -22.9079 5.7666 -58.1206 -17.5619 0.9462 0.3594 0.9474 0.3593 0.9467 0.3601
3 16 3.6189 -55.0499 -30.2318 9.9901 -54.0805 -30.0114 4.4724 -53.7451 -33.422 0.9487 0.3584 0.9478 0.3576 0.949 0.3578
3 16 15.5214 -54.5631 -27.0434 16.373 -53.3844 -30.235 9.9901 -54.0805 -30.0114 0.9466 0.3573 0.9469 0.3567 0.9478 0.3576
3 16 9.9901 -54.0805 -30.0114 16.373 -53.3844 -30.235 15.5233 -52.131 -33.4225 0.9478 0.3576 0.9469 0.3567 0.9474 0.3563
3 16 9.9901 -54.0805 -30.0114 15.5233 -52.131 -33.4225 13.188 -51.2853 -35.7585 0.9478 0.3576 0.9474 0.3563 0.9481 0.3562
3 16 9.9901 -54.0805 -30.0114 13.188 -51.2853 -35.7585 9.9971 -51.4403 -36.6135 0.9478 0.3576 0.9481 0.3562 0.9486 0.3565
3 16 9.9901 -54.0805 -30.0114 9.9971 -51.4403 -36.6135 6.8068 -52.4028 -35.7579 0.9478 0.3576 0.9486 0.3565 0.949 0.3571
3 16 9.9901 -54.0805 -30.0114 6.8068 -52.4028 -35.7579 4.4724 -53.7451 -33.422 0.9478 0.3576 0.949 0.3571 0.949 0.3578
3 16 4.4742 -56.2291 -27.0429 9.9901 -54.0805 -30.0114 3.6189 -55.0499 -30.2318 0.9481 0.3588 0.9478 0.3576 0.9487 0.3584
3 16 6.8084 -56.7252 -24.7094 9.9901 -54.0805 -30.0114 4.4742 -56.2291 -27.0429 0.9475 0.3588 0.9478 0.3576 0.9481 0.3588
3 16 9.9961 -56.5667 -23.855 9.9901 -54.0805 -30.0114 6.8084 -56.7252 -24.7094 0.9469 0.3585 0.9478 0.3576 0.9475 0.3588
3 16 13.1853 -55.5887 -24.709 9.9901 -54.0805 -30.0114 9.9961 -56.5667 -23.855 0.9466 0.358 0.9478 0.3576 0.9469 0.3585
3 16 15.5214 -54.5631 -27.0434 9.9901 -54.0805 -30.0114 13.1853 -55.5887 -24.709 0.9466 0.3573 0.9478 0.3576 0.9466 0.358
3 16 3.6197 -41.4929 -50.2255 9.9871 -39.4723 -50.0108 4.4781 -37.7805 -53.4196 0.9516 0.3544 0.9507 0.3535 0.952 0.3535
3 16 15.5189 -40.7734 -47.0375 16.376 -36.5532 -50.2273 9.9871 -39.4723 -50.0108 0.9495 0.3533 0.9499 0.3524 0.9507 0.3535
3 16 9.9871 -39.4723 -50.0108 16.376 -36.5532 -50.2273 15.5232 -32.5584 -53.4188 0.9507 0.3535 0.9499 0.3524 0.9506 0.3517
3 16 9.9871 -39.4723 -50.0108 15.5232 -32.5584 -53.4188 13.1881 -30.0263 -55.7556 0.9507 0.3535 0.9506 0.3517 0.9513 0.3513
3 16 9.9871 -39.4723 -50.0108 13.1881 -30.0263 -55.7556 9.9971 -30.2414 -56.6104 0.9507 0.3535 0.9513 0.3513 0.9519 0.3516
3 16 9.9871 -39.4723 -50.0108 9.9971 -30.2414 -56.6104 6.806 -33.5073 -55.754 0.9507 0.3535 0.9519 0.3516 0.9521 0.3525
3 16 9.9871 -39.4723 -50.0108 6.806 -33.5073 -55.754 4.4781 -37.7805 -53.4196 0.9507 0.3535 0.9521 0.3525 0.952 0.3535
3 16 4.4758 -44.4187 -47.0369 9.9871 -39.4723 -50.0108 3.6197 -41.4929 -50.2255 0.951 0.355 0.9507 0.3535 0.9516 0.3544
3 16 6.8089 -45.7423 -44.7048 9.9871 -39.4723 -50.0108 4.4758 -44.4187 -47.0369 0.9503 0.3552 0.9507 0.3535 0.951 0.355
3 16 9.9944 -45.464 -43.8511 9.9871 -39.4723 -50.0108 6.8089 -45.7423 -44.7048 0.9498 0.3549 0.9507 0.3535 0.9503 0.3552
3 16 13.1824 -43.5832 -44.7041 9.9871 -39.4723 -50.0108 9.9944 -45.464 -43.8511 0.9495 0.3542 0.9507 0.3535 0.9498 0.3549
3 16 15.5189 -40.7734 -47.0375 9.9871 -39.4723 -50.0108 13.1824 -43.5832 -44.7041 0.9495 0.3533 0.9507 0.3535 0.9495 0.3542
3 16 2.6717 -59.0806 -14.4648 5.7666 -58.1206 -17.5619 2.6737 -56.4336 -26.0022 0.9467 0.361 0.9467 0.3601 0.9483 0.3592
3 16 2.6737 -56.4336 -26.0022 5.7666 -58.1206 -17.5619 5.7686 -56.942 -22.9079 0.9483 0.3592 0.9467 0.3601 0.9474 0.3593
3 16 2.6729 -59.2662 -6.0064 -6.7971 -59.1726 6.5105 5.7689 -59.2662 -2.9104 0.9455 0.3621 0.9451 0.3652 0.9447 0.3622
3 16 2.6717 -59.0806 -14.4648 -6.7933 -58.5576 -15.005 1.5395 -59.2711 -10.2373 0.9467 0.361 0.9481 0.3621 0.9463 0.3617
3 16 1.5395 -59.2711 -10.2373 -6.7933 -58.5576 -15.005 2.6729 -59.2662 -6.0064 0.9463 0.3617 0.9481 0.3621 0.9455 0.3621
3 16 2.6729 -59.2662 -6.0064 -6.7933 -58.5576 -15.005 -6.7971 -59.1726 6.5105 0.9455 0.3621 0.9481 0.3621 0.9451 0.3652
3 16 2.6685 -52.951 -34.4579 2.6772 -46.3021 -45.9967 -6.793 -52.8875 -34.8733 0.9494 0.3579 0.951 0.3558 0.9508 0.359
3 16 9.9841 -26.4051 -58.6856 14.2324 -25.8594 -57.5483 9.9373 -20.1592 -60.905 0.9524 0.3508 0.9517 0.3503 0.9528 0.3503
3 16 9.9373 -20.1592 -60.905 14.2324 -25.8594 -57.5483 14.6084 -19.1665 -59.7733 0.9528 0.3503 0.9517 0.3503 0.952 0.3497
3 16 18.455 -34.6973 -50.218 21.536 -31.7263 -49.9873 17.3609 -29.4485 -54.2807 0.9496 0.3522 0.9492 0.3516 0.9506 0.351
3 16 17.3609 -29.4485 -54.2807 21.536 -31.7263 -49.9873 22.6654 -24.8784 -54.2125 0.9506 0.351 0.9492 0.3516 0.9498 0.3502
3 16 29.9919 -37.4199 -41.5339 25.7663 -38.9381 -42.6675 29.9863 -40.6204 -38.6907 0.9466 0.3523 0.9473 0.3528 0.9462 0.3529
3 16 29.9863 -40.6204 -38.6907 25.7663 -38.9381 -42.6675 25.7587 -43.7723 -37.5541 0.9462 0.3529 0.9473 0.3528 0.9466 0.3538
3 16 22.6717 -37.5292 -45.7606 17.3192 -40.8102 -45.9945 25.7663 -38.9381 -42.6675 0.9482 0.3527 0.949 0.3535 0.9473 0.3528
3 16 25.7663 -38.9381 -42.6675 17.3192 -40.8102 -45.9945 25.7587 -43.7723 -37.5541 0.9473 0.3528 0.949 0.3535 0.9466 0.3538
3 16 21.536 -31.7263 -49.9873 18.455 -34.6973 -50.218 22.6717 -37.5292 -45.7606 0.9492 0.3516 0.9496 0.3522 0.9482 0.3527
3 16 22.6717 -37.5292 -45.7606 18.455 -34.6973 -50.218 17.3192 -40.8102 -45.9945 0.9482 0.3527 0.9496 0.3522 0.949 0.3535
3 16 29.9863 -40.6204 -38.6907 34.2172 -38.7606 -37.5601 29.9919 -37.4199 -41.5339 0.9462 0.3529 0.9454 0.3523 0.9466 0.3523
3 16 29.9919 -37.4199 -41.5339 34.2172 -38.7606 -37.5601 34.2176 -31.6169 -42.6639 0.9466 0.3523 0.9454 0.3523 0.9461 0.3509
3 16 38.9708 -30.6822 -38.7862 37.3229 -38.7608 -34.4544 42.5598 -31.6168 -34.5768 0.9449 0.3507 0.9446 0.3523 0.9439 0.3509
3 16 9.9373 -20.1592 -60.905 1.8637 -23.5334 -61.5036 9.9841 -26.4051 -58.6856 0.9528 0.3503 0.9539 0.3515 0.9524 0.3508
3 16 9.9841 -26.4051 -58.6856 1.8637 -23.5334 -61.5036 5.7577 -30.9021 -57.5462 0.9524 0.3508 0.9539 0.3515 0.9527 0.3521
3 16 2.6636 -37.5746 -54.457 5.7577 -30.9021 -57.5462 -6.7929 -36.7311 -54.5125 0.9525 0.3537 0.9527 0.3521 0.9538 0.3549
3 16 -6.7929 -36.7311 -54.5125 5.7577 -30.9021 -57.5462 1.8637 -23.5334 -61.5036 0.9538 0.3549 0.9527 0.3521 0.9539 0.3515
3 16 -6.7929 -36.7311 -54.5125 1.5412 -42.544 -50.2225 2.6636 -37.5746 -54.457 0.9538 0.3549 0.9519 0.3549 0.9525 0.3537
3 16 -6.793 -52.8875 -34.8733 2.6772 -46.3021 -45.9967 -6.7929 -36.7311 -54.5125 0.9508 0.359 0.951 0.3558 0.9538 0.3549
3 16 -6.7929 -36.7311 -54.5125 2.6772 -46.3021 -45.9967 1.5412 -42.544 -50.2225 0.9538 0.3549 0.951 0.3558 0.9519 0.3549
3 16 -6.7933 -58.5576 -15.005 2.6737 -56.4336 -26.0022 -6.793 -52.8875 -34.8733 0.9481 0.3621 0.9483 0.3592 0.9508 0.359
3 16 -6.793 -52.8875 -34.8733 2.6737 -56.4336 -26.0022 1.5388 -55.2723 -30.2301 0.9508 0.359 0.9483 0.3592 0.949 0.3587
3 16 -6.793 -52.8875 -34.8733 1.5388 -55.2723 -30.2301 2.6685 -52.951 -34.4579 0.9508 0.359 0.949 0.3587 0.9494 0.3579
3 16 2.6685 -52.951 -34.4579 5.7626 -50.7131 -37.5572 2.6772 -46.3021 -45.9967 0.9494 0.3579 0.9494 0.357 0.951 0.3558
3 16 2.6772 -46.3021 -45.9967 5.7626 -50.7131 -37.5572 5.7694 -47.4873 -42.9052 0.951 0.3558 0.9494 0.357 0.9502 0.3559
3 16 2.6717 -59.0806 -14.4648 2.6737 -56.4336 -26.0022 -6.7933 -58.5576 -15.005 0.9467 0.361 0.9483 0.3592 0.9481 0.3621
3 16 37.3138 -21.5936 -45.7538 42.0604 -20.6613 -41.8758 38.1773 -7.8687 -48.9552 0.9461 0.3488 0.9449 0.3486 0.9464 0.3459
3 16 38.1773 -7.8687 -48.9552 42.0604 -20.6613 -41.8758 43.6826 -7.9573 -43.9382 0.9464 0.3459 0.9449 0.3486 0.945 0.3459
3 16 34.2176 -31.6169 -42.6639 38.9708 -30.6822 -38.7862 37.3138 -21.5936 -45.7538 0.9461 0.3509 0.9449 0.3507 0.9461 0.3488
3 16 37.3138 -21.5936 -45.7538 38.9708 -30.6822 -38.7862 42.0604 -20.6613 -41.8758 0.9461 0.3488 0.9449 0.3507 0.9449 0.3486
3 16 -6.7929 -36.7311 -54.5125 1.8637 -23.5334 -61.5036 -6.7939 -12.0742 -65.5009 0.9538 0.3549 0.9539 0.3515 0.9565 0.3502
3 16 -6.7939 -12.0742 -65.5009 1.8637 -23.5334 -61.5036 1.025 -11.5256 -64.7345 0.9565 0.3502 0.9539 0.3515 0.9552 0.3494
3 16 9.7559 -7.7472 -62.8598 1.025 -11.5256 -64.7345 9.9373 -20.1592 -60.905 0.9539 0.348 0.9552 0.3494 0.9528 0.3503
3 16 9.9373 -20.1592 -60.905 1.025 -11.5256 -64.7345 1.8637 -23.5334 -61.5036 0.9528 0.3503 0.9552 0.3494 0.9539 0.3515
3 16 14.6084 -19.1665 -59.7733 15.1648 -10.9704 -61.5377 9.9373 -20.1592 -60.905 0.952 0.3497 0.9527 0.3481 0.9528 0.3503
3 16 9.9373 -20.1592 -60.905 15.1648 -10.9704 -61.5377 9.7559 -7.7472 -62.8598 0.9528 0.3503 0.9527 0.3481 0.9539 0.348
3 16 17.3609 -29.4485 -54.2807 19.0793 -18.4035 -57.9675 14.2324 -25.8594 -57.5483 0.9506 0.351 0.9512 0.3493 0.9517 0.3503
3 16 14.2324 -25.8594 -57.5483 19.0793 -18.4035 -57.9675 14.6084 -19.1665 -59.7733 0.9517 0.3503 0.9512 0.3493 0.952 0.3497
3 16 21.9122 -19.1948 -56.7481 19.0793 -18.4035 -57.9675 22.6654 -24.8784 -54.2125 0.9506 0.3492 0.9512 0.3493 0.9498 0.3502
3 16 22.6654 -24.8784 -54.2125 19.0793 -18.4035 -57.9675 17.3609 -29.4485 -54.2807 0.9498 0.3502 0.9512 0.3493 0.9506 0.351
3 16 30.0001 0.0177 -23.8586 29.9917 -49.0169 -23.8544 26.8106 0.0177 -24.7132 0.6363 0.9488 0.4487 0.9488 0.6363 0.9363
3 16 26.8106 0.0177 -24.7132 29.9917 -49.0169 -23.8544 26.8044 -50.28 -24.7093 0.6363 0.9363 0.4487 0.9488 0.4439 0.9363
3 16 33.1896 0.0177 -24.7132 33.1816 -46.7967 -24.7074 30.0001 0.0177 -23.8586 0.6363 0.9613 0.4571 0.9613 0.6363 0.9488
3 16 30.0001 0.0177 -23.8586 33.1816 -46.7967 -24.7074 29.9917 -49.0169 -23.8544 0.6363 0.9488 0.4571 0.9613 0.4487 0.9488
3 16 35.5244 0.0177 -27.0481 35.5186 -44.1538 -27.0416 33.1896 0.0177 -24.7132 0.6363 0.9738 0.4671 0.9738 0.6363 0.9613
3 16 33.1896 0.0177 -24.7132 35.5186 -44.1538 -27.0416 33.1816 -46.7967 -24.7074 0.6363 0.9613 0.4671 0.9738 0.4571 0.9613
3 16 36.3743 0.0112 -30.2376 36.373 -41.8006 -30.2348 35.5244 0.0177 -27.0481 0.6363 0.9863 0.476 0.9863 0.6363 0.9738
3 16 35.5244 0.0177 -27.0481 36.373 -41.8006 -30.2348 35.5186 -44.1538 -27.0416 0.6363 0.9738 0.476 0.9863 0.4671 0.9738
3 16 35.5243 0.0177 -33.427 35.5211 -40.4175 -33.423 36.3743 0.0112 -30.2376 0.6363 0.8486 0.4812 0.8486 0.6363 0.8361
3 16 36.3743 0.0112 -30.2376 35.5211 -40.4175 -33.423 36.373 -41.8006 -30.2348 0.6363 0.8361 0.4812 0.8486 0.476 0.8361
3 16 29.9999 0.0177 -21.7763 25.7693 0.0177 -22.9099 29.992 -50.1669 -21.7742 0.0632 0.6012 0.0798 0.6012 0.0632 0.7894
3 16 29.992 -50.1669 -21.7742 25.7693 0.0177 -22.9099 25.7659 -51.7214 -22.9082 0.0632 0.7894 0.0798 0.6012 0.0798 0.7953
3 16 34.2305 0.0177 -22.9098 29.9999 0.0177 -21.7763 34.2195 -47.2662 -22.9041 0.0467 0.6012 0.0632 0.6012 0.0467 0.7784
3 16 34.2195 -47.2662 -22.9041 29.9999 0.0177 -21.7763 29.992 -50.1669 -21.7742 0.0467 0.7784 0.0632 0.6012 0.0632 0.7894
3 16 37.3276 0.0177 -26.0068 34.2305 0.0177 -22.9098 37.3167 -43.7722 -25.9963 0.0302 0.6012 0.0467 0.6012 0.0302 0.7652
3 16 37.3167 -43.7722 -25.9963 34.2305 0.0177 -22.9098 34.2195 -47.2662 -22.9041 0.0302 0.7652 0.0467 0.6012 0.0467 0.7784
3 16 38.4659 0.0112 -30.2374 37.3276 0.0177 -26.0068 38.4646 -40.6287 -30.2286 0.0137 0.6012 0.0302 0.6012 0.0137 0.7533
3 16 38.4646 -40.6287 -30.2286 37.3276 0.0177 -26.0068 37.3167 -43.7722 -25.9963 0.0137 0.7533 0.0302 0.6012 0.0302 0.7652
3 16 37.3276 0.0177 -34.4681 38.4659 0.0112 -30.2374 37.3229 -38.7608 -34.4544 0.1954 0.6012 0.2119 0.6012 0.1954 0.7463
3 16 37.3229 -38.7608 -34.4544 38.4659 0.0112 -30.2374 38.4646 -40.6287 -30.2286 0.1954 0.7463 0.2119 0.6012 0.2119 0.7533
3 16 38.4659 0.0112 -30.2374 37.3276 0.0177 -34.4681 36.3743 0.0112 -30.2376 0.4456 0.5511 0.432 0.559 0.4404 0.5459
3 16 36.3743 0.0112 -30.2376 37.3276 0.0177 -34.4681 35.5243 0.0177 -33.427 0.4404 0.5459 0.432 0.559 0.4301 0.5519
3 16 37.3276 0.0177 -26.0068 38.4659 0.0112 -30.2374 35.5244 0.0177 -27.0481 0.4535 0.5375 0.4456 0.5511 0.4464 0.5356
3 16 35.5244 0.0177 -27.0481 38.4659 0.0112 -30.2374 36.3743 0.0112 -30.2376 0.4464 0.5356 0.4456 0.5511 0.4404 0.5459
3 16 34.2305 0.0177 -22.9098 37.3276 0.0177 -26.0068 33.1896 0.0177 -24.7132 0.4535 0.5218 0.4535 0.5375 0.4464 0.5237
3 16 33.1896 0.0177 -24.7132 37.3276 0.0177 -26.0068 35.5244 0.0177 -27.0481 0.4464 0.5237 0.4535 0.5375 0.4464 0.5356
3 16 29.9999 0.0177 -21.7763 34.2305 0.0177 -22.9098 30.0001 0.0177 -23.8586 0.4456 0.5081 0.4535 0.5218 0.4404 0.5134
3 16 30.0001 0.0177 -23.8586 34.2305 0.0177 -22.9098 33.1896 0.0177 -24.7132 0.4404 0.5134 0.4535 0.5218 0.4464 0.5237
3 16 25.7693 0.0177 -22.9099 29.9999 0.0177 -21.7763 26.8106 0.0177 -24.7132 0.432 0.5003 0.4456 0.5081 0.4301 0.5074
3 16 26.8106 0.0177 -24.7132 29.9999 0.0177 -21.7763 30.0001 0.0177 -23.8586 0.4301 0.5074 0.4456 0.5081 0.4404 0.5134
3 16 26.8106 0.0177 -24.7132 26.8044 -50.28 -24.7093 24.4757 0.0177 -27.0481 0.6363 0.9363 0.4439 0.9363 0.6363 0.9237
3 16 24.4757 0.0177 -27.0481 26.8044 -50.28 -24.7093 24.4718 -50.28 -27.0419 0.6363 0.9237 0.4439 0.9363 0.4439 0.9237
3 16 25.7693 0.0177 -22.9099 26.8106 0.0177 -24.7132 22.6724 0.0177 -26.0068 0.432 0.5003 0.4301 0.5074 0.4163 0.5003
3 16 22.6724 0.0177 -26.0068 26.8106 0.0177 -24.7132 24.4757 0.0177 -27.0481 0.4163 0.5003 0.4301 0.5074 0.4182 0.5074
3 16 25.7693 0.0177 -22.9099 22.6724 0.0177 -26.0068 25.7659 -51.7214 -22.9082 0.0798 0.6012 0.0963 0.6012 0.0798 0.7953
3 16 25.7659 -51.7214 -22.9082 22.6724 0.0177 -26.0068 22.6707 -51.7214 -26.0034 0.0798 0.7953 0.0963 0.6012 0.0963 0.7953
3 16 37.3276 0.0177 -34.4681 37.3229 -38.7608 -34.4544 34.2306 0.0177 -37.5651 0.1954 0.6012 0.1954 0.7463 0.1789 0.6012
3 16 34.2306 0.0177 -37.5651 37.3229 -38.7608 -34.4544 34.2172 -38.7606 -37.5601 0.1789 0.6012 0.1954 0.7463 0.1789 0.7463
3 16 37.3276 0.0177 -34.4681 34.2306 0.0177 -37.5651 35.5243 0.0177 -33.427 0.432 0.559 0.4163 0.559 0.4301 0.5519
3 16 35.5243 0.0177 -33.427 34.2306 0.0177 -37.5651 33.1895 0.0177 -35.7618 0.4301 0.5519 0.4163 0.559 0.4182 0.5519
3 16 35.5243 0.0177 -33.427 33.1895 0.0177 -35.7618 35.5211 -40.4175 -33.423 0.6363 0.8486 0.6363 0.8612 0.4812 0.8486
3 16 35.5211 -40.4175 -33.423 33.1895 0.0177 -35.7618 33.1855 -40.4175 -35.7586 0.4812 0.8486 0.6363 0.8612 0.4812 0.8612
3 16 24.4748 0.0177 -13.427 26.8096 0.0177 -15.7619 22.6714 0.0177 -14.4681 0.4522 0.2792 0.4416 0.2853 0.4503 0.2719
3 16 22.6714 0.0177 -14.4681 26.8096 0.0177 -15.7619 25.7684 0.0177 -17.5651 0.4503 0.2719 0.4416 0.2853 0.4362 0.2799
3 16 23.6201 0.0177 -10.2376 24.4748 0.0177 -13.427 21.5379 0.0177 -10.2375 0.4645 0.2792 0.4522 0.2792 0.4665 0.2719
3 16 21.5379 0.0177 -10.2375 24.4748 0.0177 -13.427 22.6714 0.0177 -14.4681 0.4665 0.2719 0.4522 0.2792 0.4503 0.2719
3 16 24.4748 0.0177 -7.048 23.6201 0.0177 -10.2376 22.6714 0.0177 -6.0069 0.4751 0.2853 0.4645 0.2792 0.4805 0.2799
3 16 22.6714 0.0177 -6.0069 23.6201 0.0177 -10.2376 21.5379 0.0177 -10.2375 0.4805 0.2799 0.4645 0.2792 0.4665 0.2719
3 16 26.8096 0.0177 -4.7132 24.4748 0.0177 -7.048 25.7684 0.0177 -2.9099 0.4813 0.2959 0.4751 0.2853 0.4886 0.294
3 16 25.7684 0.0177 -2.9099 24.4748 0.0177 -7.048 22.6714 0.0177 -6.0069 0.4886 0.294 0.4751 0.2853 0.4805 0.2799
3 16 29.9991 0.0177 -3.8586 26.8096 0.0177 -4.7132 29.999 0.0177 -1.7763 0.4813 0.3082 0.4813 0.2959 0.4886 0.3102
3 16 29.999 0.0177 -1.7763 26.8096 0.0177 -4.7132 25.7684 0.0177 -2.9099 0.4886 0.3102 0.4813 0.2959 0.4886 0.294
3 16 33.1886 0.0177 -4.7132 29.9991 0.0177 -3.8586 34.2296 0.0177 -2.9098 0.4751 0.3188 0.4813 0.3082 0.4805 0.3242
3 16 34.2296 0.0177 -2.9098 29.9991 0.0177 -3.8586 29.999 0.0177 -1.7763 0.4805 0.3242 0.4813 0.3082 0.4886 0.3102
3 16 35.5234 0.0177 -7.0481 33.1886 0.0177 -4.7132 37.3267 0.0177 -6.0069 0.4645 0.325 0.4751 0.3188 0.4665 0.3323
3 16 37.3267 0.0177 -6.0069 33.1886 0.0177 -4.7132 34.2296 0.0177 -2.9098 0.4665 0.3323 0.4751 0.3188 0.4805 0.3242
3 16 36.378 0.0177 -10.2375 35.5234 0.0177 -7.0481 38.4603 0.0177 -10.2375 0.4522 0.325 0.4645 0.325 0.4503 0.3323
3 16 38.4603 0.0177 -10.2375 35.5234 0.0177 -7.0481 37.3267 0.0177 -6.0069 0.4503 0.3323 0.4645 0.325 0.4665 0.3323
3 16 35.5234 0.0177 -13.427 36.378 0.0177 -10.2375 37.3267 0.0177 -14.4682 0.4416 0.3188 0.4522 0.325 0.4362 0.3242
3 16 37.3267 0.0177 -14.4682 36.378 0.0177 -10.2375 38.4603 0.0177 -10.2375 0.4362 0.3242 0.4522 0.325 0.4503 0.3323
3 16 33.1886 0.0177 -15.7618 35.5234 0.0177 -13.427 34.2297 0.0177 -17.5652 0.4355 0.3082 0.4416 0.3188 0.4281 0.3102
3 16 34.2297 0.0177 -17.5652 35.5234 0.0177 -13.427 37.3267 0.0177 -14.4682 0.4281 0.3102 0.4416 0.3188 0.4362 0.3242
3 16 29.9992 0.0112 -16.6118 33.1886 0.0177 -15.7618 29.999 0.0112 -18.7034 0.4355 0.2959 0.4355 0.3082 0.4281 0.294
3 16 29.999 0.0112 -18.7034 33.1886 0.0177 -15.7618 34.2297 0.0177 -17.5652 0.4281 0.294 0.4355 0.3082 0.4281 0.3102
3 16 26.8096 0.0177 -15.7619 29.9992 0.0112 -16.6118 25.7684 0.0177 -17.5651 0.4416 0.2853 0.4355 0.2959 0.4362 0.2799
3 16 25.7684 0.0177 -17.5651 29.9992 0.0112 -16.6118 29.999 0.0112 -18.7034 0.4362 0.2799 0.4355 0.2959 0.4281 0.294
3 16 26.8096 0.0177 -15.7619 24.4748 0.0177 -13.427 26.805 -54.5632 -15.7598 0.5276 0.814 0.515 0.814 0.5276 0.6054
3 16 26.805 -54.5632 -15.7598 24.4748 0.0177 -13.427 24.4706 -55.5887 -13.4238 0.5276 0.6054 0.515 0.814 0.515 0.6015
3 16 24.4748 0.0177 -13.427 23.6201 0.0177 -10.2376 24.4706 -55.5887 -13.4238 0.515 0.814 0.5025 0.814 0.515 0.6015
3 16 24.4706 -55.5887 -13.4238 23.6201 0.0177 -10.2376 23.6166 -56.5668 -10.2346 0.515 0.6015 0.5025 0.814 0.5025 0.5978
3 16 23.6201 0.0177 -10.2376 24.4748 0.0177 -7.048 23.6166 -56.5668 -10.2346 0.5025 0.814 0.49 0.814 0.5025 0.5978
3 16 23.6166 -56.5668 -10.2346 24.4748 0.0177 -7.048 24.471 -56.7253 -7.0469 0.5025 0.5978 0.49 0.814 0.49 0.5972
3 16 26.8096 0.0177 -4.7132 26.8045 -56.2292 -4.7127 24.4748 0.0177 -7.048 0.4775 0.814 0.4775 0.5991 0.49 0.814
3 16 24.4748 0.0177 -7.048 26.8045 -56.2292 -4.7127 24.471 -56.7253 -7.0469 0.49 0.814 0.4775 0.5991 0.49 0.5972
3 16 29.9991 0.0177 -3.8586 29.9934 -55.05 -3.8574 26.8096 0.0177 -4.7132 0.465 0.814 0.465 0.6035 0.4775 0.814
3 16 26.8096 0.0177 -4.7132 29.9934 -55.05 -3.8574 26.8045 -56.2292 -4.7127 0.4775 0.814 0.465 0.6035 0.4775 0.5991
3 16 33.1886 0.0177 -4.7132 33.1835 -53.7451 -4.7109 29.9991 0.0177 -3.8586 0.4525 0.814 0.4525 0.6085 0.465 0.814
3 16 29.9991 0.0177 -3.8586 33.1835 -53.7451 -4.7109 29.9934 -55.05 -3.8574 0.465 0.814 0.4525 0.6085 0.465 0.6035
3 16 35.5234 0.0177 -7.0481 35.5194 -52.4028 -7.0453 33.1886 0.0177 -4.7132 0.44 0.814 0.44 0.6135 0.4525 0.814
3 16 33.1886 0.0177 -4.7132 35.5194 -52.4028 -7.0453 33.1835 -53.7451 -4.7109 0.4525 0.814 0.44 0.6135 0.4525 0.6085
3 16 36.378 0.0177 -10.2375 36.375 -51.4404 -10.2356 35.5234 0.0177 -7.0481 0.4274 0.814 0.4274 0.6172 0.44 0.814
3 16 35.5234 0.0177 -7.0481 36.375 -51.4404 -10.2356 35.5194 -52.4028 -7.0453 0.44 0.814 0.4274 0.6172 0.44 0.6135
3 16 35.5234 0.0177 -13.427 35.52 -51.2855 -13.4264 36.378 0.0177 -10.2375 0.4149 0.814 0.4149 0.6178 0.4274 0.814
3 16 36.378 0.0177 -10.2375 35.52 -51.2855 -13.4264 36.375 -51.4404 -10.2356 0.4274 0.814 0.4149 0.6178 0.4274 0.6172
3 16 35.5234 0.0177 -13.427 33.1886 0.0177 -15.7618 35.52 -51.2855 -13.4264 0.4149 0.814 0.4024 0.814 0.4149 0.6178
3 16 35.52 -51.2855 -13.4264 33.1886 0.0177 -15.7618 33.184 -52.1311 -15.7617 0.4149 0.6178 0.4024 0.814 0.4024 0.6146
3 16 33.1886 0.0177 -15.7618 29.9992 0.0112 -16.6118 33.184 -52.1311 -15.7617 0.4024 0.814 0.3899 0.814 0.4024 0.6146
3 16 33.184 -52.1311 -15.7617 29.9992 0.0112 -16.6118 29.9966 -53.3844 -16.6114 0.4024 0.6146 0.3899 0.814 0.3899 0.6098
3 16 29.9992 0.0112 -16.6118 26.8096 0.0177 -15.7619 29.9966 -53.3844 -16.6114 0.5401 0.814 0.5276 0.814 0.5401 0.6098
3 16 29.9966 -53.3844 -16.6114 26.8096 0.0177 -15.7619 26.805 -54.5632 -15.7598 0.5401 0.6098 0.5276 0.814 0.5276 0.6054
3 16 25.7684 0.0177 -17.5651 25.7614 -53.5396 -17.5594 22.6714 0.0177 -14.4681 0.4833 0.4 0.6843 0.4 0.4833 0.4165
3 16 22.6714 0.0177 -14.4681 25.7614 -53.5396 -17.5594 22.6673 -55.4416 -14.4614 0.4833 0.4165 0.6843 0.4 0.6914 0.4165
3 16 22.6714 0.0177 -14.4681 22.6673 -55.4416 -14.4614 21.5379 0.0177 -10.2375 0.4833 0.4165 0.6914 0.4165 0.4833 0.433
3 16 21.5379 0.0177 -10.2375 22.6673 -55.4416 -14.4614 21.5364 -57.1552 -10.2345 0.4833 0.433 0.6914 0.4165 0.6979 0.433
3 16 22.6714 0.0177 -6.0069 21.5379 0.0177 -10.2375 22.6694 -56.942 -6.007 0.4833 0.4495 0.4833 0.433 0.6971 0.4495
3 16 22.6694 -56.942 -6.007 21.5379 0.0177 -10.2375 21.5364 -57.1552 -10.2345 0.6971 0.4495 0.4833 0.433 0.6979 0.433
3 16 25.7684 0.0177 -2.9099 22.6714 0.0177 -6.0069 25.7638 -56.4336 -2.9121 0.4833 0.4661 0.4833 0.4495 0.6952 0.4661
3 16 25.7638 -56.4336 -2.9121 22.6714 0.0177 -6.0069 22.6694 -56.942 -6.007 0.6952 0.4661 0.4833 0.4495 0.6971 0.4495
3 16 29.999 0.0177 -1.7763 25.7684 0.0177 -2.9099 29.9916 -55.2723 -1.7773 0.4833 0.4826 0.4833 0.4661 0.6908 0.4826
3 16 29.9916 -55.2723 -1.7773 25.7684 0.0177 -2.9099 25.7638 -56.4336 -2.9121 0.6908 0.4826 0.4833 0.4661 0.6952 0.4661
3 16 34.2296 0.0177 -2.9098 29.999 0.0177 -1.7763 34.2194 -52.9511 -2.9068 0.4833 0.4991 0.4833 0.4826 0.682 0.4991
3 16 34.2194 -52.9511 -2.9068 29.999 0.0177 -1.7763 29.9916 -55.2723 -1.7773 0.682 0.4991 0.4833 0.4826 0.6908 0.4826
3 16 37.3267 0.0177 -6.0069 34.2296 0.0177 -2.9098 37.3187 -50.713 -6.0011 0.4833 0.5156 0.4833 0.4991 0.6736 0.5156
3 16 37.3187 -50.713 -6.0011 34.2296 0.0177 -2.9098 34.2194 -52.9511 -2.9068 0.6736 0.5156 0.4833 0.4991 0.682 0.4991
3 16 38.4603 0.0177 -10.2375 37.3267 0.0177 -6.0069 38.455 -49.6291 -10.2319 0.4833 0.5321 0.4833 0.5156 0.6695 0.5322
3 16 38.455 -49.6291 -10.2319 37.3267 0.0177 -6.0069 37.3187 -50.713 -6.0011 0.6695 0.5322 0.4833 0.5156 0.6736 0.5156
3 16 37.3267 0.0177 -14.4682 38.4603 0.0177 -10.2375 37.3211 -48.4792 -14.4641 0.4833 0.5487 0.4833 0.5321 0.6651 0.5487
3 16 37.3211 -48.4792 -14.4641 38.4603 0.0177 -10.2375 38.455 -49.6291 -10.2319 0.6651 0.5487 0.4833 0.5321 0.6695 0.5322
3 16 37.3267 0.0177 -14.4682 37.3211 -48.4792 -14.4641 34.2297 0.0177 -17.5652 0.4833 0.5487 0.6651 0.5487 0.4833 0.5652
3 16 34.2297 0.0177 -17.5652 37.3211 -48.4792 -14.4641 34.2194 -49.4298 -17.5645 0.4833 0.5652 0.6651 0.5487 0.6687 0.5652
3 16 34.2297 0.0177 -17.5652 34.2194 -49.4298 -17.5645 29.999 0.0112 -18.7034 0.4833 0.5652 0.6687 0.5652 0.4833 0.5817
3 16 29.999 0.0112 -18.7034 34.2194 -49.4298 -17.5645 29.992 -51.1023 -18.7025 0.4833 0.5817 0.6687 0.5652 0.675 0.5817
3 16 29.999 0.0112 -18.7034 29.992 -51.1023 -18.7025 25.7684 0.0177 -17.5651 0.4833 0.3835 0.675 0.3835 0.4833 0.4
3 16 25.7684 0.0177 -17.5651 29.992 -51.1023 -18.7025 25.7614 -53.5396 -17.5594 0.4833 0.4 0.675 0.3835 0.6843 0.4
3 16 46.8107 0.0177 -15.762 44.4758 0.0177 -13.4271 46.8002 -40.6641 -15.7561 0.6585 0.9711 0.6585 0.9586 0.8145 0.9711
3 16 46.8002 -40.6641 -15.7561 44.4758 0.0177 -13.4271 44.4668 -43.5833 -13.4198 0.8145 0.9711 0.6585 0.9586 0.8256 0.9586
3 16 44.4758 0.0177 -13.4271 43.6211 0.0177 -10.2376 44.4668 -43.5833 -13.4198 0.6585 0.9586 0.6585 0.9461 0.8256 0.9586
3 16 44.4668 -43.5833 -13.4198 43.6211 0.0177 -10.2376 43.6137 -45.4641 -10.2319 0.8256 0.9586 0.6585 0.9461 0.8327 0.9461
3 16 43.6211 0.0177 -10.2376 44.4757 0.0177 -7.048 43.6137 -45.4641 -10.2319 0.6585 0.9461 0.6585 0.9336 0.8327 0.9461
3 16 43.6137 -45.4641 -10.2319 44.4757 0.0177 -7.048 44.4673 -45.7424 -7.0467 0.8327 0.9461 0.6585 0.9336 0.8338 0.9336
3 16 46.8107 0.0177 -4.7131 46.7994 -44.3094 -4.7137 44.4757 0.0177 -7.048 0.6585 0.9211 0.8283 0.9211 0.6585 0.9336
3 16 44.4757 0.0177 -7.048 46.7994 -44.3094 -4.7137 44.4673 -45.7424 -7.0467 0.6585 0.9336 0.8283 0.9211 0.8338 0.9336
3 16 50.0002 0.0177 -3.8585 49.9882 -41.3833 -3.8574 46.8107 0.0177 -4.7131 0.6585 0.9086 0.8173 0.9086 0.6585 0.9211
3 16 46.8107 0.0177 -4.7131 49.9882 -41.3833 -3.8574 46.7994 -44.3094 -4.7137 0.6585 0.9211 0.8173 0.9086 0.8283 0.9211
3 16 53.1897 0.0177 -4.7133 53.1791 -37.7767 -4.7097 50.0002 0.0177 -3.8585 0.6585 0.896 0.8036 0.896 0.6585 0.9086
3 16 50.0002 0.0177 -3.8585 53.1791 -37.7767 -4.7097 49.9882 -41.3833 -3.8574 0.6585 0.9086 0.8036 0.896 0.8173 0.9086
3 16 55.5245 0.0177 -7.0482 55.5165 -33.5075 -7.0436 53.1897 0.0177 -4.7133 0.6585 0.8835 0.7875 0.8835 0.6585 0.896
3 16 53.1897 0.0177 -4.7133 55.5165 -33.5075 -7.0436 53.1791 -37.7767 -4.7097 0.6585 0.896 0.7875 0.8835 0.8036 0.896
3 16 56.379 0.0177 -10.2375 56.3729 -30.2415 -10.2347 55.5245 0.0177 -7.0482 0.6585 0.871 0.7751 0.871 0.6585 0.8835
3 16 55.5245 0.0177 -7.0482 56.3729 -30.2415 -10.2347 55.5165 -33.5075 -7.0436 0.6585 0.8835 0.7751 0.871 0.7875 0.8835
3 16 55.5243 0.0177 -13.427 55.518 -30.0265 -13.4256 56.379 0.0177 -10.2375 0.6585 0.8585 0.7743 0.8585 0.6585 0.871
3 16 56.379 0.0177 -10.2375 55.518 -30.0265 -13.4256 56.3729 -30.2415 -10.2347 0.6585 0.871 0.7743 0.8585 0.7751 0.871
3 16 55.5243 0.0177 -13.427 53.1896 0.0177 -15.7617 55.518 -30.0265 -13.4256 0.6585 0.8585 0.6585 0.846 0.7743 0.8585
3 16 55.518 -30.0265 -13.4256 53.1896 0.0177 -15.7617 53.1814 -32.5585 -15.7606 0.7743 0.8585 0.6585 0.846 0.7839 0.846
3 16 53.1896 0.0177 -15.7617 50.0003 0.0112 -16.6118 53.1814 -32.5585 -15.7606 0.6585 0.846 0.6585 0.8335 0.7839 0.846
3 16 53.1814 -32.5585 -15.7606 50.0003 0.0112 -16.6118 49.9953 -36.4472 -16.6104 0.7839 0.846 0.6585 0.8335 0.7986 0.8335
3 16 50.0003 0.0112 -16.6118 46.8107 0.0177 -15.762 49.9953 -36.4472 -16.6104 0.6585 0.9837 0.6585 0.9711 0.7986 0.9837
3 16 49.9953 -36.4472 -16.6104 46.8107 0.0177 -15.762 46.8002 -40.6641 -15.7561 0.7986 0.9837 0.6585 0.9711 0.8145 0.9711
3 16 45.7691 0.0177 -17.565 45.757 -40.7006 -17.5568 42.6723 0.0177 -14.4679 0.9079 0.7997 0.7555 0.7997 0.9079 0.7832
3 16 42.6723 0.0177 -14.4679 45.757 -40.7006 -17.5568 42.6654 -44.7795 -14.4599 0.9079 0.7832 0.7555 0.7997 0.7401 0.7832
3 16 42.6723 0.0177 -14.4679 42.6654 -44.7795 -14.4599 41.5388 0.0177 -10.2374 0.9079 0.7832 0.7401 0.7832 0.9079 0.7667
3 16 41.5388 0.0177 -10.2374 42.6654 -44.7795 -14.4599 41.5349 -47.8577 -10.2327 0.9079 0.7667 0.7401 0.7832 0.7285 0.7666
3 16 42.6724 0.0177 -6.0069 41.5388 0.0177 -10.2374 42.6677 -47.4872 -6.0072 0.9079 0.7501 0.9079 0.7667 0.7299 0.7501
3 16 42.6677 -47.4872 -6.0072 41.5388 0.0177 -10.2374 41.5349 -47.8577 -10.2327 0.7299 0.7501 0.9079 0.7667 0.7285 0.7666
3 16 45.7692 0.0177 -2.9099 42.6724 0.0177 -6.0069 45.7593 -46.1925 -2.9146 0.9079 0.7336 0.9079 0.7501 0.7348 0.7336
3 16 45.7593 -46.1925 -2.9146 42.6724 0.0177 -6.0069 42.6677 -47.4872 -6.0072 0.7348 0.7336 0.9079 0.7501 0.7299 0.7501
3 16 49.9998 0.0177 -1.7763 45.7692 0.0177 -2.9099 49.9852 -42.4344 -1.7785 0.9079 0.7171 0.9079 0.7336 0.749 0.7171
3 16 49.9852 -42.4344 -1.7785 45.7692 0.0177 -2.9099 45.7593 -46.1925 -2.9146 0.749 0.7171 0.9079 0.7336 0.7348 0.7336
3 16 54.2303 0.0177 -2.9096 49.9998 0.0177 -1.7763 54.2109 -37.5702 -2.9055 0.9079 0.7006 0.9079 0.7171 0.7674 0.7006
3 16 54.2109 -37.5702 -2.9055 49.9998 0.0177 -1.7763 49.9852 -42.4344 -1.7785 0.7674 0.7006 0.9079 0.7171 0.749 0.7171
3 16 57.3275 0.0177 -6.0066 54.2303 0.0177 -2.9096 57.309 -30.9022 -5.9951 0.9079 0.6841 0.9079 0.7006 0.7926 0.6841
3 16 57.309 -30.9022 -5.9951 54.2303 0.0177 -2.9096 54.2109 -37.5702 -2.9055 0.7926 0.6841 0.9079 0.7006 0.7674 0.7006
3 16 58.4613 0.0177 -10.2375 57.3275 0.0177 -6.0066 58.4484 -26.405 -10.2218 0.9079 0.6675 0.9079 0.6841 0.8096 0.6675
3 16 58.4484 -26.405 -10.2218 57.3275 0.0177 -6.0066 57.309 -30.9022 -5.9951 0.8096 0.6675 0.9079 0.6841 0.7926 0.6841
3 16 57.3276 0.0177 -14.4681 58.4613 0.0177 -10.2375 57.3112 -25.8593 -14.4697 0.9079 0.651 0.9079 0.6675 0.8116 0.651
3 16 57.3112 -25.8593 -14.4697 58.4613 0.0177 -10.2375 58.4484 -26.405 -10.2218 0.8116 0.651 0.9079 0.6675 0.8096 0.6675
3 16 57.3276 0.0177 -14.4681 57.3112 -25.8593 -14.4697 54.2304 0.0177 -17.5653 0.9079 0.651 0.8116 0.651 0.9079 0.6345
3 16 54.2304 0.0177 -17.5653 57.3112 -25.8593 -14.4697 54.1799 -29.4347 -17.6777 0.9079 0.6345 0.8116 0.651 0.7981 0.6345
3 16 54.2304 0.0177 -17.5653 54.1799 -29.4347 -17.6777 49.9996 0.0112 -18.7034 0.9079 0.6345 0.7981 0.6345 0.9079 0.618
3 16 49.9996 0.0112 -18.7034 54.1799 -29.4347 -17.6777 49.9862 -34.5918 -18.7008 0.9079 0.618 0.7981 0.6345 0.7787 0.618
3 16 49.9996 0.0112 -18.7034 49.9862 -34.5918 -18.7008 45.7691 0.0177 -17.565 0.9079 0.8162 0.7787 0.8162 0.9079 0.7997
3 16 45.7691 0.0177 -17.565 49.9862 -34.5918 -18.7008 45.757 -40.7006 -17.5568 0.9079 0.7997 0.7787 0.8162 0.7555 0.7997
3 16 41.5388 0.0177 -10.2374 42.6724 0.0177 -6.0069 43.6211 0.0177 -10.2376 0.0418 0.5183 0.0558 0.5264 0.0398 0.5256
3 16 43.6211 0.0177 -10.2376 42.6724 0.0177 -6.0069 44.4757 0.0177 -7.048 0.0398 0.5256 0.0558 0.5264 0.0505 0.5318
3 16 42.6723 0.0177 -14.4679 41.5388 0.0177 -10.2374 44.4758 0.0177 -13.4271 0.0256 0.5183 0.0418 0.5183 0.0276 0.5256
3 16 44.4758 0.0177 -13.4271 41.5388 0.0177 -10.2374 43.6211 0.0177 -10.2376 0.0276 0.5256 0.0418 0.5183 0.0398 0.5256
3 16 45.7691 0.0177 -17.565 42.6723 0.0177 -14.4679 46.8107 0.0177 -15.762 0.0116 0.5264 0.0256 0.5183 0.0169 0.5318
3 16 46.8107 0.0177 -15.762 42.6723 0.0177 -14.4679 44.4758 0.0177 -13.4271 0.0169 0.5318 0.0256 0.5183 0.0276 0.5256
3 16 49.9996 0.0112 -18.7034 45.7691 0.0177 -17.565 50.0003 0.0112 -16.6118 0.0035 0.5404 0.0116 0.5264 0.0108 0.5424
3 16 50.0003 0.0112 -16.6118 45.7691 0.0177 -17.565 46.8107 0.0177 -15.762 0.0108 0.5424 0.0116 0.5264 0.0169 0.5318
3 16 54.2304 0.0177 -17.5653 49.9996 0.0112 -18.7034 53.1896 0.0177 -15.7617 0.0035 0.5566 0.0035 0.5404 0.0108 0.5547
3 16 53.1896 0.0177 -15.7617 49.9996 0.0112 -18.7034 50.0003 0.0112 -16.6118 0.0108 0.5547 0.0035 0.5404 0.0108 0.5424
3 16 57.3276 0.0177 -14.4681 54.2304 0.0177 -17.5653 55.5243 0.0177 -13.427 0.0116 0.5707 0.0035 0.5566 0.0169 0.5653
3 16 55.5243 0.0177 -13.427 54.2304 0.0177 -17.5653 53.1896 0.0177 -15.7617 0.0169 0.5653 0.0035 0.5566 0.0108 0.5547
3 16 58.4613 0.0177 -10.2375 57.3276 0.0177 -14.4681 56.379 0.0177 -10.2375 0.0256 0.5788 0.0116 0.5707 0.0276 0.5714
3 16 56.379 0.0177 -10.2375 57.3276 0.0177 -14.4681 55.5243 0.0177 -13.427 0.0276 0.5714 0.0116 0.5707 0.0169 0.5653
3 16 57.3275 0.0177 -6.0066 58.4613 0.0177 -10.2375 55.5245 0.0177 -7.0482 0.0418 0.5788 0.0256 0.5788 0.0398 0.5714
3 16 55.5245 0.0177 -7.0482 58.4613 0.0177 -10.2375 56.379 0.0177 -10.2375 0.0398 0.5714 0.0256 0.5788 0.0276 0.5714
3 16 54.2303 0.0177 -2.9096 57.3275 0.0177 -6.0066 53.1897 0.0177 -4.7133 0.0558 0.5707 0.0418 0.5788 0.0505 0.5653
3 16 53.1897 0.0177 -4.7133 57.3275 0.0177 -6.0066 55.5245 0.0177 -7.0482 0.0505 0.5653 0.0418 0.5788 0.0398 0.5714
3 16 49.9998 0.0177 -1.7763 54.2303 0.0177 -2.9096 50.0002 0.0177 -3.8585 0.0639 0.5566 0.0558 0.5707 0.0566 0.5547
3 16 50.0002 0.0177 -3.8585 54.2303 0.0177 -2.9096 53.1897 0.0177 -4.7133 0.0566 0.5547 0.0558 0.5707 0.0505 0.5653
3 16 45.7692 0.0177 -2.9099 49.9998 0.0177 -1.7763 46.8107 0.0177 -4.7131 0.0639 0.5404 0.0639 0.5566 0.0566 0.5424
3 16 46.8107 0.0177 -4.7131 49.9998 0.0177 -1.7763 50.0002 0.0177 -3.8585 0.0566 0.5424 0.0639 0.5566 0.0566 0.5547
3 16 42.6724 0.0177 -6.0069 45.7692 0.0177 -2.9099 44.4757 0.0177 -7.048 0.0558 0.5264 0.0639 0.5404 0.0505 0.5318
3 16 44.4757 0.0177 -7.048 45.7692 0.0177 -2.9099 46.8107 0.0177 -4.7131 0.0505 0.5318 0.0639 0.5404 0.0566 0.5424
3 16 10 0.0177 -3.8585 6.8105 0.0177 -4.7132 10 0.0177 -1.7763 0.4527 0.2109 0.4487 0.2221 0.4466 0.2067
3 16 10 0.0177 -1.7763 6.8105 0.0177 -4.7132 5.7694 0.0177 -2.9098 0.4466 0.2067 0.4487 0.2221 0.4413 0.2215
3 16 13.1895 0.0177 -4.7132 10 0.0177 -3.8585 14.2306 0.0177 -2.9098 0.4618 0.2032 0.4527 0.2109 0.4587 0.1965
3 16 14.2306 0.0177 -2.9098 10 0.0177 -3.8585 10 0.0177 -1.7763 0.4587 0.1965 0.4527 0.2109 0.4466 0.2067
3 16 15.5243 0.0177 -7.048 13.1895 0.0177 -4.7132 17.3276 0.0177 -6.0069 0.4735 0.201 0.4618 0.2032 0.4741 0.1937
3 16 17.3276 0.0177 -6.0069 13.1895 0.0177 -4.7132 14.2306 0.0177 -2.9098 0.4741 0.1937 0.4618 0.2032 0.4587 0.1965
3 16 16.3743 0.0112 -10.2375 15.5243 0.0177 -7.048 18.4659 0.0112 -10.2375 0.4847 0.2051 0.4735 0.201 0.4889 0.199
3 16 18.4659 0.0112 -10.2375 15.5243 0.0177 -7.048 17.3276 0.0177 -6.0069 0.4889 0.199 0.4735 0.201 0.4741 0.1937
3 16 15.5243 0.0177 -13.427 16.3743 0.0112 -10.2375 17.3276 0.0177 -14.4681 0.4924 0.2142 0.4847 0.2051 0.4991 0.211
3 16 17.3276 0.0177 -14.4681 16.3743 0.0112 -10.2375 18.4659 0.0112 -10.2375 0.4991 0.211 0.4847 0.2051 0.4889 0.199
3 16 10 0.0177 -3.8585 9.9993 -59.0938 -3.8576 6.8105 0.0177 -4.7132 0.2597 0.8263 0.2597 0.6006 0.2722 0.8263
3 16 6.8105 0.0177 -4.7132 9.9993 -59.0938 -3.8576 6.8098 -59.1687 -4.7124 0.2722 0.8263 0.2597 0.6006 0.2722 0.6003
3 16 13.1895 0.0177 -4.7132 13.1883 -58.8709 -4.7118 10 0.0177 -3.8585 0.2472 0.8263 0.2472 0.6015 0.2597 0.8263
3 16 10 0.0177 -3.8585 13.1883 -58.8709 -4.7118 9.9993 -59.0938 -3.8576 0.2597 0.8263 0.2472 0.6015 0.2597 0.6006
3 16 15.5243 0.0177 -7.048 15.523 -58.3792 -7.0459 13.1895 0.0177 -4.7132 0.2346 0.8263 0.2346 0.6033 0.2472 0.8263
3 16 13.1895 0.0177 -4.7132 15.523 -58.3792 -7.0459 13.1883 -58.8709 -4.7118 0.2472 0.8263 0.2346 0.6033 0.2472 0.6015
3 16 16.3743 0.0112 -10.2375 16.374 -57.7562 -10.2364 15.5243 0.0177 -7.048 0.2221 0.8263 0.2221 0.6057 0.2346 0.8263
3 16 15.5243 0.0177 -7.048 16.374 -57.7562 -10.2364 15.523 -58.3792 -7.0459 0.2346 0.8263 0.2221 0.6057 0.2346 0.6033
3 16 15.5243 0.0177 -13.427 15.5235 -57.3332 -13.4255 16.3743 0.0112 -10.2375 0.3598 0.8263 0.3598 0.6073 0.3723 0.8263
3 16 16.3743 0.0112 -10.2375 15.5235 -57.3332 -13.4255 16.374 -57.7562 -10.2364 0.3723 0.8263 0.3598 0.6073 0.3723 0.6057
3 16 10 0.0177 -1.7763 5.7694 0.0177 -2.9098 9.9998 -59.2711 -1.777 0.9611 0.4291 0.9611 0.4457 0.7347 0.4291
3 16 9.9998 -59.2711 -1.777 5.7694 0.0177 -2.9098 5.7689 -59.2662 -2.9104 0.7347 0.4291 0.9611 0.4457 0.7347 0.4457
3 16 14.2306 0.0177 -2.9098 10 0.0177 -1.7763 14.2273 -59.0807 -2.9092 0.9611 0.4126 0.9611 0.4291 0.7354 0.4126
3 16 14.2273 -59.0807 -2.9092 10 0.0177 -1.7763 9.9998 -59.2711 -1.777 0.7354 0.4126 0.9611 0.4291 0.7347 0.4291
3 16 17.3276 0.0177 -6.0069 14.2306 0.0177 -2.9098 17.3244 -58.1206 -6.0041 0.9611 0.3961 0.9611 0.4126 0.7391 0.3961
3 16 17.3244 -58.1206 -6.0041 14.2306 0.0177 -2.9098 14.2273 -59.0807 -2.9092 0.7391 0.3961 0.9611 0.4126 0.7354 0.4126
3 16 18.4659 0.0112 -10.2375 17.3276 0.0177 -6.0069 18.4656 -57.5016 -10.2357 0.9611 0.3796 0.9611 0.3961 0.7414 0.3796
3 16 18.4656 -57.5016 -10.2357 17.3276 0.0177 -6.0069 17.3244 -58.1206 -6.0041 0.7414 0.3796 0.9611 0.3961 0.7391 0.3961
3 16 17.3276 0.0177 -14.4681 18.4659 0.0112 -10.2375 17.3259 -56.8843 -14.4638 0.9611 0.5613 0.9611 0.5778 0.7437 0.5613
3 16 17.3259 -56.8843 -14.4638 18.4659 0.0112 -10.2375 18.4656 -57.5016 -10.2357 0.7437 0.5613 0.9611 0.5778 0.7414 0.5778
3 16 17.3276 0.0177 -14.4681 17.3259 -56.8843 -14.4638 14.2306 0.0177 -17.5651 0.9611 0.5613 0.7437 0.5613 0.9611 0.5448
3 16 14.2306 0.0177 -17.5651 17.3259 -56.8843 -14.4638 14.2263 -56.8843 -17.5634 0.9611 0.5448 0.7437 0.5613 0.7437 0.5448
3 16 15.5243 0.0177 -13.427 17.3276 0.0177 -14.4681 13.1895 0.0177 -15.7618 0.4924 0.2142 0.4991 0.211 0.4946 0.2259
3 16 13.1895 0.0177 -15.7618 17.3276 0.0177 -14.4681 14.2306 0.0177 -17.5651 0.4946 0.2259 0.4991 0.211 0.5019 0.2265
3 16 15.5243 0.0177 -13.427 13.1895 0.0177 -15.7618 15.5235 -57.3332 -13.4255 0.3598 0.8263 0.3473 0.8263 0.3598 0.6073
3 16 15.5235 -57.3332 -13.4255 13.1895 0.0177 -15.7618 13.188 -57.3332 -15.761 0.3598 0.6073 0.3473 0.8263 0.3473 0.6073
3 16 14.2263 -56.8843 -17.5634 17.3259 -56.8843 -14.4638 22.6707 -51.7214 -26.0034 0.9455 0.359 0.9447 0.359 0.9455 0.3564
3 16 22.6707 -51.7214 -26.0034 17.3259 -56.8843 -14.4638 25.7659 -51.7214 -22.9082 0.9455 0.3564 0.9447 0.359 0.9446 0.3564
3 16 29.992 -50.1669 -21.7742 25.7659 -51.7214 -22.9082 29.992 -51.1023 -18.7025 0.9439 0.3559 0.9446 0.3564 0.9435 0.3563
3 16 29.992 -51.1023 -18.7025 25.7659 -51.7214 -22.9082 25.7614 -53.5396 -17.5594 0.9435 0.3563 0.9446 0.3564 0.9439 0.3572
3 16 22.6673 -55.4416 -14.4614 17.3259 -56.8843 -14.4638 21.5364 -57.1552 -10.2345 0.9439 0.3581 0.9447 0.359 0.9435 0.3589
3 16 21.5364 -57.1552 -10.2345 17.3259 -56.8843 -14.4638 18.4656 -57.5016 -10.2357 0.9435 0.3589 0.9447 0.359 0.9439 0.3594
3 16 25.7659 -51.7214 -22.9082 17.3259 -56.8843 -14.4638 25.7614 -53.5396 -17.5594 0.9446 0.3564 0.9447 0.359 0.9439 0.3572
3 16 25.7614 -53.5396 -17.5594 17.3259 -56.8843 -14.4638 22.6673 -55.4416 -14.4614 0.9439 0.3572 0.9447 0.359 0.9439 0.3581
3 16 41.5349 -47.8577 -10.2327 38.455 -49.6291 -10.2319 42.6677 -47.4872 -6.0072 0.9407 0.3557 0.9412 0.3562 0.9399 0.356
3 16 42.6677 -47.4872 -6.0072 38.455 -49.6291 -10.2319 37.3187 -50.713 -6.0011 0.9399 0.356 0.9412 0.3562 0.9407 0.357
3 16 38.455 -49.6291 -10.2319 41.5349 -47.8577 -10.2327 37.3211 -48.4792 -14.4641 0.9412 0.3562 0.9407 0.3557 0.9419 0.3557
3 16 37.3211 -48.4792 -14.4641 41.5349 -47.8577 -10.2327 42.6654 -44.7795 -14.4599 0.9419 0.3557 0.9407 0.3557 0.9411 0.3547
3 16 34.2195 -47.2662 -22.9041 29.992 -50.1669 -21.7742 34.2194 -49.4298 -17.5645 0.9435 0.3549 0.9439 0.3559 0.9427 0.3558
3 16 34.2194 -49.4298 -17.5645 29.992 -50.1669 -21.7742 29.992 -51.1023 -18.7025 0.9427 0.3558 0.9439 0.3559 0.9435 0.3563
3 16 34.2195 -47.2662 -22.9041 42.6654 -44.7795 -14.4599 37.3167 -43.7722 -25.9963 0.9435 0.3549 0.9411 0.3547 0.9434 0.3539
3 16 37.3167 -43.7722 -25.9963 42.6654 -44.7795 -14.4599 45.757 -40.7006 -17.5568 0.9434 0.3539 0.9411 0.3547 0.941 0.3536
3 16 42.6654 -44.7795 -14.4599 34.2195 -47.2662 -22.9041 37.3211 -48.4792 -14.4641 0.9411 0.3547 0.9435 0.3549 0.9419 0.3557
3 16 37.3211 -48.4792 -14.4641 34.2195 -47.2662 -22.9041 34.2194 -49.4298 -17.5645 0.9419 0.3557 0.9435 0.3549 0.9427 0.3558
3 16 21.5364 -57.1552 -10.2345 18.4656 -57.5016 -10.2357 22.6694 -56.942 -6.007 0.9435 0.3589 0.9439 0.3594 0.9427 0.3593
3 16 22.6694 -56.942 -6.007 18.4656 -57.5016 -10.2357 17.3244 -58.1206 -6.0041 0.9427 0.3593 0.9439 0.3594 0.9435 0.3601
3 16 29.9934 -55.05 -3.8574 33.1835 -53.7451 -4.7109 30.0114 -54.0805 -9.9901 0.9414 0.3584 0.9411 0.3578 0.9423 0.3576
3 16 26.805 -54.5632 -15.7598 30.0114 -54.0805 -9.9901 29.9966 -53.3844 -16.6114 0.9435 0.3573 0.9423 0.3576 0.9432 0.3567
3 16 30.0114 -54.0805 -9.9901 33.184 -52.1311 -15.7617 29.9966 -53.3844 -16.6114 0.9423 0.3576 0.9426 0.3563 0.9432 0.3567
3 16 30.0114 -54.0805 -9.9901 35.52 -51.2855 -13.4264 33.184 -52.1311 -15.7617 0.9423 0.3576 0.942 0.3562 0.9426 0.3563
3 16 30.0114 -54.0805 -9.9901 36.375 -51.4404 -10.2356 35.52 -51.2855 -13.4264 0.9423 0.3576 0.9414 0.3566 0.942 0.3562
3 16 30.0114 -54.0805 -9.9901 35.5194 -52.4028 -7.0453 36.375 -51.4404 -10.2356 0.9423 0.3576 0.9411 0.3571 0.9414 0.3566
3 16 30.0114 -54.0805 -9.9901 33.1835 -53.7451 -4.7109 35.5194 -52.4028 -7.0453 0.9423 0.3576 0.9411 0.3578 0.9411 0.3571
3 16 26.8045 -56.2292 -4.7127 29.9934 -55.05 -3.8574 30.0114 -54.0805 -9.9901 0.942 0.3588 0.9414 0.3584 0.9423 0.3576
3 16 24.471 -56.7253 -7.0469 26.8045 -56.2292 -4.7127 30.0114 -54.0805 -9.9901 0.9426 0.3588 0.942 0.3588 0.9423 0.3576
3 16 23.6166 -56.5668 -10.2346 24.471 -56.7253 -7.0469 30.0114 -54.0805 -9.9901 0.9432 0.3585 0.9426 0.3588 0.9423 0.3576
3 16 24.4706 -55.5887 -13.4238 23.6166 -56.5668 -10.2346 30.0114 -54.0805 -9.9901 0.9435 0.3579 0.9432 0.3585 0.9423 0.3576
3 16 26.805 -54.5632 -15.7598 24.4706 -55.5887 -13.4238 30.0114 -54.0805 -9.9901 0.9435 0.3573 0.9435 0.3579 0.9423 0.3576
3 16 49.9882 -41.3833 -3.8574 53.1791 -37.7767 -4.7097 50.0108 -39.4723 -9.9871 0.9385 0.3548 0.9381 0.3539 0.9393 0.3538
3 16 46.8002 -40.6641 -15.7561 50.0108 -39.4723 -9.9871 49.9953 -36.4472 -16.6104 0.9406 0.3536 0.9393 0.3538 0.9402 0.3527
3 16 50.0108 -39.4723 -9.9871 53.1814 -32.5585 -15.7606 49.9953 -36.4472 -16.6104 0.9393 0.3538 0.9395 0.352 0.9402 0.3527
3 16 50.0108 -39.4723 -9.9871 55.518 -30.0265 -13.4256 53.1814 -32.5585 -15.7606 0.9393 0.3538 0.9387 0.3516 0.9395 0.352
3 16 50.0108 -39.4723 -9.9871 56.3729 -30.2415 -10.2347 55.518 -30.0265 -13.4256 0.9393 0.3538 0.9382 0.3519 0.9387 0.3516
3 16 50.0108 -39.4723 -9.9871 55.5165 -33.5075 -7.0436 56.3729 -30.2415 -10.2347 0.9393 0.3538 0.9379 0.3528 0.9382 0.3519
3 16 50.0108 -39.4723 -9.9871 53.1791 -37.7767 -4.7097 55.5165 -33.5075 -7.0436 0.9393 0.3538 0.9381 0.3539 0.9379 0.3528
3 16 46.7994 -44.3094 -4.7137 49.9882 -41.3833 -3.8574 50.0108 -39.4723 -9.9871 0.9391 0.3554 0.9385 0.3548 0.9393 0.3538
3 16 44.4673 -45.7424 -7.0467 46.7994 -44.3094 -4.7137 50.0108 -39.4723 -9.9871 0.9398 0.3555 0.9391 0.3554 0.9393 0.3538
3 16 43.6137 -45.4641 -10.2319 44.4673 -45.7424 -7.0467 50.0108 -39.4723 -9.9871 0.9404 0.3552 0.9398 0.3555 0.9393 0.3538
3 16 44.4668 -43.5833 -13.4198 43.6137 -45.4641 -10.2319 50.0108 -39.4723 -9.9871 0.9407 0.3545 0.9404 0.3552 0.9393 0.3538
3 16 46.8002 -40.6641 -15.7561 44.4668 -43.5833 -13.4198 50.0108 -39.4723 -9.9871 0.9406 0.3536 0.9407 0.3545 0.9393 0.3538
3 16 14.2273 -59.0807 -2.9092 25.7638 -56.4336 -2.9121 17.3244 -58.1206 -6.0041 0.9435 0.361 0.9419 0.3593 0.9435 0.3601
3 16 17.3244 -58.1206 -6.0041 25.7638 -56.4336 -2.9121 22.6694 -56.942 -6.007 0.9435 0.3601 0.9419 0.3593 0.9427 0.3593
3 16 14.2273 -59.0807 -2.9092 9.9998 -59.2711 -1.777 15.0049 -58.5576 6.4577 0.9435 0.361 0.9439 0.3617 0.9421 0.3621
3 16 9.9998 -59.2711 -1.777 5.7689 -59.2662 -2.9104 15.0049 -58.5576 6.4577 0.9439 0.3617 0.9447 0.3622 0.9421 0.3621
3 16 15.0049 -58.5576 6.4577 5.7689 -59.2662 -2.9104 -6.7971 -59.1726 6.5105 0.9421 0.3621 0.9447 0.3622 0.9451 0.3652
3 16 34.2194 -52.9511 -2.9068 34.8732 -52.8326 6.4575 45.7593 -46.1925 -2.9146 0.9407 0.3579 0.9393 0.3591 0.9391 0.3559
3 16 58.4484 -26.405 -10.2218 60.9051 -20.1587 -9.9372 57.3112 -25.8593 -14.4697 0.9378 0.3514 0.9371 0.3504 0.9385 0.3509
3 16 57.3112 -25.8593 -14.4697 60.9051 -20.1587 -9.9372 59.7732 -19.1666 -14.6087 0.9385 0.3509 0.9371 0.3504 0.9379 0.3499
3 16 54.1083 -24.8784 -23.0249 49.8831 -31.6164 -21.8957 54.1799 -29.4347 -17.6777 0.9401 0.3502 0.9408 0.3516 0.9395 0.3513
3 16 54.1799 -29.4347 -17.6777 49.8831 -31.6164 -21.8957 49.9862 -34.5918 -18.7008 0.9395 0.3513 0.9408 0.3516 0.9404 0.3523
3 16 37.3167 -43.7722 -25.9963 42.5634 -38.9378 -26.126 38.4646 -40.6287 -30.2286 0.9434 0.3539 0.9427 0.3528 0.9438 0.3529
3 16 38.4646 -40.6287 -30.2286 42.5634 -38.9378 -26.126 41.4299 -37.4197 -30.3513 0.9438 0.3529 0.9427 0.3528 0.9434 0.3523
3 16 37.3167 -43.7722 -25.9963 45.757 -40.7006 -17.5568 42.5634 -38.9378 -26.126 0.9434 0.3539 0.941 0.3536 0.9427 0.3528
3 16 42.5634 -38.9378 -26.126 45.757 -40.7006 -17.5568 45.6562 -37.4195 -23.0314 0.9427 0.3528 0.941 0.3536 0.9418 0.3527
3 16 45.757 -40.7006 -17.5568 49.9862 -34.5918 -18.7008 45.6562 -37.4195 -23.0314 0.941 0.3536 0.9404 0.3523 0.9418 0.3527
3 16 45.6562 -37.4195 -23.0314 49.9862 -34.5918 -18.7008 49.8831 -31.6164 -21.8957 0.9418 0.3527 0.9404 0.3523 0.9408 0.3516
3 16 38.4646 -40.6287 -30.2286 41.4299 -37.4197 -30.3513 37.3229 -38.7608 -34.4544 0.9438 0.3529 0.9434 0.3523 0.9446 0.3523
3 16 37.3229 -38.7608 -34.4544 41.4299 -37.4197 -30.3513 42.5598 -31.6168 -34.5768 0.9446 0.3523 0.9434 0.3523 0.9439 0.3509
3 16 60.9051 -20.1587 -9.9372 58.4484 -26.405 -10.2218 61.5036 -23.5333 -1.8636 0.9371 0.3504 0.9378 0.3514 0.936 0.3517
3 16 61.5036 -23.5333 -1.8636 58.4484 -26.405 -10.2218 57.309 -30.9022 -5.9951 0.936 0.3517 0.9378 0.3514 0.9375 0.3525
3 16 61.5036 -23.5333 -1.8636 57.309 -30.9022 -5.9951 54.5124 -36.6761 6.4574 0.936 0.3517 0.9375 0.3525 0.9362 0.355
3 16 54.5124 -36.6761 6.4574 57.309 -30.9022 -5.9951 54.2109 -37.5702 -2.9055 0.9362 0.355 0.9375 0.3525 0.9377 0.3541
3 16 54.5124 -36.6761 6.4574 54.2109 -37.5702 -2.9055 49.9852 -42.4344 -1.7785 0.9362 0.355 0.9377 0.3541 0.9383 0.3552
3 16 49.9852 -42.4344 -1.7785 45.7593 -46.1925 -2.9146 54.5124 -36.6761 6.4574 0.9383 0.3552 0.9391 0.3559 0.9362 0.355
3 16 54.5124 -36.6761 6.4574 45.7593 -46.1925 -2.9146 34.8732 -52.8326 6.4575 0.9362 0.355 0.9391 0.3559 0.9393 0.3591
3 16 15.0049 -58.5576 6.4577 34.8732 -52.8326 6.4575 25.7638 -56.4336 -2.9121 0.9421 0.3621 0.9393 0.3591 0.9419 0.3593
3 16 25.7638 -56.4336 -2.9121 34.8732 -52.8326 6.4575 29.9916 -55.2723 -1.7773 0.9419 0.3593 0.9393 0.3591 0.9412 0.3588
3 16 34.8732 -52.8326 6.4575 34.2194 -52.9511 -2.9068 29.9916 -55.2723 -1.7773 0.9393 0.3591 0.9407 0.3579 0.9412 0.3588
3 16 34.2194 -52.9511 -2.9068 45.7593 -46.1925 -2.9146 37.3187 -50.713 -6.0011 0.9407 0.3579 0.9391 0.3559 0.9407 0.357
3 16 37.3187 -50.713 -6.0011 45.7593 -46.1925 -2.9146 42.6677 -47.4872 -6.0072 0.9407 0.357 0.9391 0.3559 0.9399 0.356
3 16 14.2273 -59.0807 -2.9092 15.0049 -58.5576 6.4577 25.7638 -56.4336 -2.9121 0.9435 0.361 0.9421 0.3621 0.9419 0.3593
3 16 43.6826 -7.9573 -43.9382 42.0604 -20.6613 -41.8758 48.851 -7.8687 -38.5365 0.945 0.3459 0.9449 0.3486 0.9435 0.3459
3 16 48.851 -7.8687 -38.5365 42.0604 -20.6613 -41.8758 45.6497 -21.5936 -37.673 0.9435 0.3459 0.9449 0.3486 0.9439 0.3488
3 16 42.0604 -20.6613 -41.8758 38.9708 -30.6822 -38.7862 45.6497 -21.5936 -37.673 0.9449 0.3486 0.9449 0.3507 0.9439 0.3488
3 16 45.6497 -21.5936 -37.673 38.9708 -30.6822 -38.7862 42.5598 -31.6168 -34.5768 0.9439 0.3488 0.9449 0.3507 0.9439 0.3509
3 16 54.5124 -36.6761 6.4574 65.4978 -12.0742 6.5196 61.5036 -23.5333 -1.8636 0.9362 0.355 0.9334 0.3504 0.936 0.3517
3 16 61.5036 -23.5333 -1.8636 65.4978 -12.0742 6.5196 64.7345 -11.5254 -1.0254 0.936 0.3517 0.9334 0.3504 0.9347 0.3496
3 16 62.8195 -10.4727 -9.9287 60.9051 -20.1587 -9.9372 64.7345 -11.5254 -1.0254 0.9362 0.3486 0.9371 0.3504 0.9347 0.3496
3 16 64.7345 -11.5254 -1.0254 60.9051 -20.1587 -9.9372 61.5036 -23.5333 -1.8636 0.9347 0.3496 0.9371 0.3504 0.936 0.3517
3 16 60.9051 -20.1587 -9.9372 62.8195 -10.4727 -9.9287 59.7732 -19.1666 -14.6087 0.9371 0.3504 0.9362 0.3486 0.9379 0.3499
3 16 59.7732 -19.1666 -14.6087 62.8195 -10.4727 -9.9287 61.4338 -10.9701 -15.5237 0.9379 0.3499 0.9362 0.3486 0.9372 0.3482
3 16 59.0679 -10.9363 -20.112 57.9658 -18.3464 -19.1204 61.4338 -10.9701 -15.5237 0.9381 0.3478 0.9387 0.3494 0.9372 0.3482
3 16 61.4338 -10.9701 -15.5237 57.9658 -18.3464 -19.1204 59.7732 -19.1666 -14.6087 0.9372 0.3482 0.9387 0.3494 0.9379 0.3499
3 16 57.4126 -10.9807 -24.8763 56.7479 -19.1946 -21.9126 59.0679 -10.9363 -20.112 0.939 0.3474 0.9393 0.3493 0.9381 0.3478
3 16 59.0679 -10.9363 -20.112 56.7479 -19.1946 -21.9126 57.9658 -18.3464 -19.1204 0.9381 0.3478 0.9393 0.3493 0.9387 0.3494
3 16 59.7732 -19.1666 -14.6087 57.9658 -18.3464 -19.1204 57.3112 -25.8593 -14.4697 0.9379 0.3499 0.9387 0.3494 0.9385 0.3509
3 16 57.3112 -25.8593 -14.4697 57.9658 -18.3464 -19.1204 54.1799 -29.4347 -17.6777 0.9385 0.3509 0.9387 0.3494 0.9395 0.3513
3 16 56.7479 -19.1946 -21.9126 54.1083 -24.8784 -23.0249 57.9658 -18.3464 -19.1204 0.9393 0.3493 0.9401 0.3502 0.9387 0.3494
3 16 57.9658 -18.3464 -19.1204 54.1083 -24.8784 -23.0249 54.1799 -29.4347 -17.6777 0.9387 0.3494 0.9401 0.3502 0.9395 0.3513
3 16 34.2176 -31.6169 -42.6639 34.2172 -38.7606 -37.5601 38.9708 -30.6822 -38.7862 0.9461 0.3509 0.9454 0.3523 0.9449 0.3507
3 16 38.9708 -30.6822 -38.7862 34.2172 -38.7606 -37.5601 37.3229 -38.7608 -34.4544 0.9449 0.3507 0.9454 0.3523 0.9446 0.3523
3 16 35.5211 -40.4175 -33.423 30.0034 -45.3937 -30.2409 36.373 -41.8006 -30.2348 0.9447 0.3528 0.945 0.3543 0.9441 0.3532
3 16 15.5235 -57.3332 -13.4255 10.0079 -58.4238 -10.2454 16.374 -57.7562 -10.2364 0.9463 0.3601 0.9451 0.3604 0.9459 0.3596
3 16 54.1083 -24.8784 -23.0249 56.7479 -19.1946 -21.9126 56.9456 -10.8726 -25.8537 0.9401 0.3502 0.9393 0.3493 0.9392 0.3473
3 16 56.9456 -10.8726 -25.8537 56.7479 -19.1946 -21.9126 57.4126 -10.9807 -24.8763 0.9392 0.3473 0.9393 0.3493 0.939 0.3474
3 16 4.4375 -64.0179 -4.438 -10.0144 -64.0144 10.0144 1.5923 -64.0085 -6.6649 0.403 0.1006 0.4706 0.0632 0.4111 0.1118
3 16 -5.9331 -64.0247 -9.4267 -1.9156 -64.0214 -8.3671 -10.0144 -64.0144 10.0144 0.4352 0.1314 0.4218 0.1227 0.4706 0.0632
3 16 -10.0144 -64.0144 10.0144 -1.9156 -64.0214 -8.3671 1.5923 -64.0085 -6.6649 0.4706 0.0632 0.4218 0.1227 0.4111 0.1118
3 16 6.6378 -64.005 -1.7726 8.518 -64.011 1.714 -10.0144 -64.0144 10.0144 0.3977 0.0877 0.3942 0.0728 0.4706 0.0632
3 16 -10.0144 -64.0144 10.0144 8.518 -64.011 1.714 9.6239 -64.0187 5.7687 0.4706 0.0632 0.3942 0.0728 0.394 0.0569
3 16 4.4375 -64.0179 -4.438 6.6378 -64.005 -1.7726 -10.0144 -64.0144 10.0144 0.403 0.1006 0.3977 0.0877 0.4706 0.0632
3 16 -10.0144 -64.0144 10.0144 9.6239 -64.0187 5.7687 9.8495 -64.0177 10.0177 0.4706 0.0632 0.394 0.0569 0.3971 0.0415
3 16 23.6169 -49.0169 -30.2292 24.4718 -50.28 -27.0419 30.0034 -45.3937 -30.2409 0.9459 0.3554 0.9453 0.3559 0.945 0.3543
3 16 30.0034 -45.3937 -30.2409 24.4718 -50.28 -27.0419 26.8044 -50.28 -24.7093 0.945 0.3543 0.9453 0.3559 0.9447 0.3558
3 16 30.0034 -45.3937 -30.2409 26.8044 -50.28 -24.7093 29.9917 -49.0169 -23.8544 0.945 0.3543 0.9447 0.3558 0.9441 0.3554
3 16 30.0034 -45.3937 -30.2409 29.9917 -49.0169 -23.8544 33.1816 -46.7967 -24.7074 0.945 0.3543 0.9441 0.3554 0.9438 0.3547
3 16 30.0034 -45.3937 -30.2409 33.1816 -46.7967 -24.7074 35.5186 -44.1538 -27.0416 0.945 0.3543 0.9438 0.3547 0.9438 0.3539
3 16 30.0034 -45.3937 -30.2409 35.5186 -44.1538 -27.0416 36.373 -41.8006 -30.2348 0.945 0.3543 0.9438 0.3539 0.9441 0.3532
3 16 33.1855 -40.4175 -35.7586 30.0034 -45.3937 -30.2409 35.5211 -40.4175 -33.423 0.9453 0.3528 0.945 0.3543 0.9447 0.3528
3 16 29.9945 -41.7966 -36.6127 30.0034 -45.3937 -30.2409 33.1855 -40.4175 -35.7586 0.9459 0.3532 0.945 0.3543 0.9453 0.3528
3 16 26.8041 -44.1538 -35.7561 30.0034 -45.3937 -30.2409 29.9945 -41.7966 -36.6127 0.9462 0.3539 0.945 0.3543 0.9459 0.3532
3 16 24.4699 -46.7967 -33.419 30.0034 -45.3937 -30.2409 26.8041 -44.1538 -35.7561 0.9462 0.3547 0.945 0.3543 0.9462 0.3539
3 16 23.6169 -49.0169 -30.2292 30.0034 -45.3937 -30.2409 24.4699 -46.7967 -33.419 0.9459 0.3554 0.945 0.3543 0.9462 0.3547
3 16 3.6201 -59.0938 -10.2368 4.4749 -59.1687 -7.0473 10.0079 -58.4238 -10.2454 0.9442 0.3613 0.9439 0.3608 0.9451 0.3604
3 16 10.0079 -58.4238 -10.2454 4.4749 -59.1687 -7.0473 6.8098 -59.1687 -4.7124 0.9451 0.3604 0.9439 0.3608 0.9439 0.3601
3 16 10.0079 -58.4238 -10.2454 6.8098 -59.1687 -4.7124 9.9993 -59.0938 -3.8576 0.9451 0.3604 0.9439 0.3601 0.9442 0.3596
3 16 10.0079 -58.4238 -10.2454 9.9993 -59.0938 -3.8576 13.1883 -58.8709 -4.7118 0.9451 0.3604 0.9442 0.3596 0.9447 0.3592
3 16 10.0079 -58.4238 -10.2454 13.1883 -58.8709 -4.7118 15.523 -58.3792 -7.0459 0.9451 0.3604 0.9447 0.3592 0.9454 0.3592
3 16 10.0079 -58.4238 -10.2454 15.523 -58.3792 -7.0459 16.374 -57.7562 -10.2364 0.9451 0.3604 0.9454 0.3592 0.9459 0.3596
3 16 13.188 -57.3332 -15.761 10.0079 -58.4238 -10.2454 15.5235 -57.3332 -13.4255 0.9463 0.3608 0.9451 0.3604 0.9463 0.3601
3 16 9.9977 -57.7503 -16.6155 10.0079 -58.4238 -10.2454 13.188 -57.3332 -15.761 0.9459 0.3613 0.9451 0.3604 0.9463 0.3608
3 16 6.8084 -58.3792 -15.7605 10.0079 -58.4238 -10.2454 9.9977 -57.7503 -16.6155 0.9454 0.3616 0.9451 0.3604 0.9459 0.3613
3 16 4.4743 -58.8709 -13.4258 10.0079 -58.4238 -10.2454 6.8084 -58.3792 -15.7605 0.9447 0.3616 0.9451 0.3604 0.9454 0.3616
3 16 3.6201 -59.0938 -10.2368 10.0079 -58.4238 -10.2454 4.4743 -58.8709 -13.4258 0.9442 0.3613 0.9451 0.3604 0.9447 0.3616
3 16 65.4978 -12.0742 6.5196 54.5124 -36.6761 6.4574 -6.7939 -6.9532 6.5073 0.9595 0.333 0.9574 0.3378 0.9457 0.3319
3 16 34.8732 -52.8326 6.4575 -6.7939 -6.9532 6.5073 54.5124 -36.6761 6.4574 0.9536 0.3409 0.9457 0.3319 0.9574 0.3378
3 16 15.0049 -58.5576 6.4577 -6.7939 -6.9532 6.5073 34.8732 -52.8326 6.4575 0.9499 0.3421 0.9457 0.3319 0.9536 0.3409
3 16 -6.7933 -58.5576 -15.005 -6.7939 -6.9532 6.5073 -6.7971 -59.1726 6.5105 0.9412 0.342 0.9454 0.332 0.9453 0.3422
3 16 -6.7939 -6.9532 6.5073 15.0049 -58.5576 6.4577 -6.7971 -59.1726 6.5105 0.9457 0.3319 0.9499 0.3421 0.9457 0.3422
3 16 -6.7933 -58.5576 -15.005 -6.793 -52.8875 -34.8733 -6.7939 -6.9532 6.5073 0.9412 0.342 0.9375 0.3409 0.9454 0.332
3 16 -6.793 -52.8875 -34.8733 -6.7929 -36.7311 -54.5125 -6.7939 -6.9532 6.5073 0.9375 0.3409 0.9338 0.3378 0.9454 0.332
3 16 -6.7939 -12.0742 -65.5009 -6.7939 -6.9532 6.5073 -6.7929 -36.7311 -54.5125 0.9317 0.333 0.9454 0.332 0.9338 0.3378
3 16 -6.7939 -12.0742 -65.5009 -6.7976 0.0149 -66.1368 -6.7939 -6.9532 6.5073 0.9317 0.333 0.9315 0.3306 0.9454 0.332
3 16 -6.7939 -6.9532 6.5073 -6.7976 0.0149 -66.1368 -6.7971 0.0144 6.5106 0.9454 0.332 0.9315 0.3306 0.9454 0.3307
3 16 -6.7971 0.0144 6.5106 -6.7976 0.0149 -66.1368 -10.0144 0.0144 10.0144 0.9793 0.5864 0.9792 0.3117 0.9913 0.5995
3 16 -10.0144 0.0144 10.0144 -6.7976 0.0149 -66.1368 -10.0139 0.0146 -70.0105 0.9913 0.5995 0.9792 0.3117 0.9911 0.2972
3 16 57.408 -0.5025 -26.7109 57.2217 0.0171 -26.1255 57.1973 -1.6446 -26.2573 0.2108 0.5867 0.2085 0.5887 0.2085 0.5824
3 16 57.2217 0.0171 -26.1255 54.1244 0.0177 -23.0308 57.1973 -1.6446 -26.2573 0.2085 0.5887 0.192 0.5859 0.2085 0.5824
3 16 26.3916 -0.5217 -57.526 26.0129 -1.785 -57.3328 25.7658 0.0169 -57.326 0.2395 0.5867 0.2419 0.5824 0.2419 0.5887
3 16 26.0129 -1.785 -57.3328 22.6713 0.0177 -54.2286 25.7658 0.0169 -57.326 0.2419 0.5824 0.2584 0.5886 0.2419 0.5887
3 16 57.1973 -1.6446 -26.2573 54.1244 0.0177 -23.0308 57.2115 -3.6157 -26.1131 0.2085 0.5824 0.192 0.5859 0.2085 0.575
3 16 19.747 -9.8536 -59.0713 15.1648 -10.9704 -61.5377 19.0793 -18.4035 -57.9675 0.9518 0.3476 0.9527 0.3481 0.9512 0.3493
3 16 19.0793 -18.4035 -57.9675 15.1648 -10.9704 -61.5377 14.6084 -19.1665 -59.7733 0.9512 0.3493 0.9527 0.3481 0.952 0.3497
3 16 19.747 -9.8536 -59.0713 19.0793 -18.4035 -57.9675 23.5329 -10.025 -57.5946 0.9518 0.3476 0.9512 0.3493 0.9511 0.3473
3 16 23.5329 -10.025 -57.5946 19.0793 -18.4035 -57.9675 21.9122 -19.1948 -56.7481 0.9511 0.3473 0.9512 0.3493 0.9506 0.3492
3 16 23.5329 -10.025 -57.5946 21.9122 -19.1948 -56.7481 25.4946 -10.8732 -57.047 0.9511 0.3473 0.9506 0.3492 0.9507 0.3473
3 16 25.4946 -10.8732 -57.047 21.9122 -19.1948 -56.7481 22.6654 -24.8784 -54.2125 0.9507 0.3473 0.9506 0.3492 0.9498 0.3502
3 16 31.3474 -6.0242 -58.148 36.41 -6.8886 -54.7727 26.6215 -10.6097 -60.6903 0.1434 0.3304 0.1325 0.3084 0.1706 0.3377
3 16 26.6215 -10.6097 -60.6903 36.41 -6.8886 -54.7727 34.7122 -17.6238 -54.2787 0.1706 0.3377 0.1325 0.3084 0.1711 0.2885
3 16 26.8854 -4.7654 -60.9924 27.3164 -3.6197 -60.7694 31.3474 -6.0242 -58.148 0.1514 0.3507 0.1463 0.3514 0.1434 0.3304
3 16 27.3164 -3.6197 -60.7694 27.2997 -1.6838 -60.7855 31.3474 -6.0242 -58.148 0.1463 0.3514 0.1399 0.3554 0.1434 0.3304
3 16 28.7631 0.0223 -59.9934 31.3474 -6.0242 -58.148 27.7009 -0.4733 -60.5606 0.1309 0.3538 0.1434 0.3304 0.1351 0.3565
3 16 31.3474 -6.0242 -58.148 27.2997 -1.6838 -60.7855 27.7009 -0.4733 -60.5606 0.1434 0.3304 0.1399 0.3554 0.1351 0.3565
3 16 28.7631 0.0223 -59.9934 32.4787 0.0175 -57.5263 31.3474 -6.0242 -58.148 0.1309 0.3538 0.1208 0.3387 0.1434 0.3304
3 16 27.856 0.0212 -57.9527 28.297 0.012 -55.9195 28.7631 0.0223 -59.9934 0.9655 0.7991 0.9614 0.7928 0.9732 0.8021
3 16 28.7631 0.0223 -59.9934 28.297 0.012 -55.9195 32.4787 0.0175 -57.5263 0.9732 0.8021 0.9614 0.7928 0.9761 0.7857
3 16 9.3402 -5.9361 -67.2299 8.7768 0.0172 -67.7342 13.7858 0.0223 -66.3408 0.207 0.4056 0.193 0.4219 0.1784 0.4077
3 16 15.3417 -1.6365 -65.893 9.3402 -5.9361 -67.2299 14.9079 -0.4823 -66.0104 0.1785 0.3989 0.207 0.4056 0.1766 0.4032
3 16 14.9079 -0.4823 -66.0104 9.3402 -5.9361 -67.2299 13.7858 0.0223 -66.3408 0.1766 0.4032 0.207 0.4056 0.1784 0.4077
3 16 9.3402 -5.9361 -67.2299 15.3417 -1.6365 -65.893 15.3543 -3.6127 -65.8827 0.207 0.4056 0.1785 0.3989 0.1836 0.3935
3 16 9.3402 -5.9361 -67.2299 15.3543 -3.6127 -65.8827 15.8079 -4.8085 -65.725 0.207 0.4056 0.1836 0.3935 0.1853 0.3888
3 16 16.9453 -5.252 -65.3232 16.2675 -10.6508 -65.1324 15.8079 -4.8085 -65.725 0.1829 0.3839 0.2002 0.3713 0.1853 0.3888
3 16 15.8079 -4.8085 -65.725 16.2675 -10.6508 -65.1324 9.3402 -5.9361 -67.2299 0.1853 0.3888 0.2002 0.3713 0.207 0.4056
0 STEP
