0 Untitled Model
0 Name: Untitled Model
0 Author: 
0 BFC CERTIFY CCW
3 16 -15.9245 -24 20 -15.9245 -28.4374 20 -16.4705 -24 22.0378
3 16 -16.4705 -24 22.0378 -15.9245 -28.4374 20 -16.4705 -28.4374 22.0378
3 16 -20 -24 24.0755 -20 -28.4374 24.0755 -22.0377 -24 23.5295
3 16 -22.0377 -24 23.5295 -20 -28.4374 24.0755 -22.0377 -28.4374 23.5295
3 16 -24.0755 -24 20 -24.0755 -28.4374 20 -23.5295 -24 17.9622
3 16 -23.5295 -24 17.9622 -24.0755 -28.4374 20 -23.5295 -28.4374 17.9622
3 16 -20 -24 15.9245 -20 -28.4374 15.9245 -17.9622 -24 16.4705
3 16 -17.9622 -24 16.4705 -20 -28.4374 15.9245 -17.9622 -28.4374 16.4705
3 16 -17.9622 -24 16.4705 -17.9622 -28.4374 16.4705 -16.4705 -24 17.9622
3 16 -16.4705 -24 17.9622 -17.9622 -28.4374 16.4705 -16.4705 -28.4374 17.9622
3 16 -22.0377 -24 16.4705 -22.0377 -28.4374 16.4705 -20 -24 15.9245
3 16 -20 -24 15.9245 -22.0377 -28.4374 16.4705 -20 -28.4374 15.9245
3 16 -23.5295 -24 17.9622 -23.5295 -28.4374 17.9622 -22.0377 -24 16.4705
3 16 -22.0377 -24 16.4705 -23.5295 -28.4374 17.9622 -22.0377 -28.4374 16.4705
3 16 -23.5295 -24 22.0378 -23.5295 -28.4374 22.0378 -24.0755 -24 20
3 16 -24.0755 -24 20 -23.5295 -28.4374 22.0378 -24.0755 -28.4374 20
3 16 -22.0377 -24 23.5295 -22.0377 -28.4374 23.5295 -23.5295 -24 22.0378
3 16 -23.5295 -24 22.0378 -22.0377 -28.4374 23.5295 -23.5295 -28.4374 22.0378
3 16 -17.9622 -24 23.5295 -17.9622 -28.4374 23.5295 -20 -24 24.0755
3 16 -20 -24 24.0755 -17.9622 -28.4374 23.5295 -20 -28.4374 24.0755
3 16 -16.4705 -24 22.0378 -16.4705 -28.4374 22.0378 -17.9622 -24 23.5295
3 16 -17.9622 -24 23.5295 -16.4705 -28.4374 22.0378 -17.9622 -28.4374 23.5295
3 16 -22.9835 -12.4458 21.7225 -23.445 -14.0245 20 -21.7225 -10.3903 20
3 16 -18.2775 -8.1196 20 -17.0165 -8.1062 21.7225 -18.2775 -8.1196 22.9835
3 16 -18.2775 -8.1196 20 -17.0165 -8.1062 18.2775 -16.555 -8.1062 20
3 16 -21.7225 -10.3903 20 -22.9835 -12.4458 18.2775 -21.7225 -10.3903 17.0165
3 16 -21.7225 -10.3903 22.9835 -21.7225 -24 22.9835 -22.9835 -12.4458 21.7225
3 16 -22.9835 -12.4458 21.7225 -21.7225 -24 22.9835 -22.9835 -24 21.7225
3 16 -20 -8.8928 23.445 -20 -24 23.445 -21.7225 -10.3903 22.9835
3 16 -21.7225 -10.3903 22.9835 -20 -24 23.445 -21.7225 -24 22.9835
3 16 -18.2775 -8.1196 22.9835 -18.2775 -24 22.9835 -20 -8.8928 23.445
3 16 -20 -8.8928 23.445 -18.2775 -24 22.9835 -20 -24 23.445
3 16 -17.0165 -8.1062 21.7225 -17.0165 -24 21.7225 -18.2775 -8.1196 22.9835
3 16 -18.2775 -8.1196 22.9835 -17.0165 -24 21.7225 -18.2775 -24 22.9835
3 16 -16.555 -8.1062 20 -16.555 -24 20 -17.0165 -8.1062 21.7225
3 16 -17.0165 -8.1062 21.7225 -16.555 -24 20 -17.0165 -24 21.7225
3 16 -17.0165 -8.1062 18.2775 -17.0165 -24 18.2775 -16.555 -8.1062 20
3 16 -16.555 -8.1062 20 -17.0165 -24 18.2775 -16.555 -24 20
3 16 -18.2775 -24 17.0165 -17.0165 -24 18.2775 -18.2775 -8.1196 17.0165
3 16 -18.2775 -8.1196 17.0165 -17.0165 -24 18.2775 -17.0165 -8.1062 18.2775
3 16 -20 -24 16.555 -18.2775 -24 17.0165 -20 -8.8928 16.555
3 16 -20 -8.8928 16.555 -18.2775 -24 17.0165 -18.2775 -8.1196 17.0165
3 16 -21.7225 -24 17.0165 -20 -24 16.555 -21.7225 -10.3903 17.0165
3 16 -21.7225 -10.3903 17.0165 -20 -24 16.555 -20 -8.8928 16.555
3 16 -22.9835 -24 18.2775 -21.7225 -24 17.0165 -22.9835 -12.4458 18.2775
3 16 -22.9835 -12.4458 18.2775 -21.7225 -24 17.0165 -21.7225 -10.3903 17.0165
3 16 -23.445 -24 20 -22.9835 -24 18.2775 -23.445 -14.0245 20
3 16 -23.445 -14.0245 20 -22.9835 -24 18.2775 -22.9835 -12.4458 18.2775
3 16 -22.9835 -12.4458 21.7225 -22.9835 -24 21.7225 -23.445 -14.0245 20
3 16 -23.445 -14.0245 20 -22.9835 -24 21.7225 -23.445 -24 20
3 16 -16.4705 -24 17.9622 -16.4705 -28.4374 17.9622 -15.9245 -24 20
3 16 -15.9245 -24 20 -16.4705 -28.4374 17.9622 -15.9245 -28.4374 20
3 16 -21.7225 -10.3903 20 -21.7225 -10.3903 22.9835 -22.9835 -12.4458 21.7225
3 16 -21.7225 -10.3903 20 -20 -8.8928 20 -21.7225 -10.3903 22.9835
3 16 -21.7225 -10.3903 22.9835 -20 -8.8928 20 -20 -8.8928 23.445
3 16 -18.2775 -8.1196 20 -18.2775 -8.1196 22.9835 -20 -8.8928 20
3 16 -20 -8.8928 20 -18.2775 -8.1196 22.9835 -20 -8.8928 23.445
3 16 -18.2775 -8.1196 20 -16.555 -8.1062 20 -17.0165 -8.1062 21.7225
3 16 -18.2775 -8.1196 20 -18.2775 -8.1196 17.0165 -17.0165 -8.1062 18.2775
3 16 -18.2775 -8.1196 20 -20 -8.8928 20 -18.2775 -8.1196 17.0165
3 16 -18.2775 -8.1196 17.0165 -20 -8.8928 20 -20 -8.8928 16.555
3 16 -21.7225 -10.3903 20 -21.7225 -10.3903 17.0165 -20 -8.8928 20
3 16 -20 -8.8928 20 -21.7225 -10.3903 17.0165 -20 -8.8928 16.555
3 16 -21.7225 -10.3903 20 -23.445 -14.0245 20 -22.9835 -12.4458 18.2775
3 16 -23.5295 -24 22.0378 -24.0755 -24 20 -22.9835 -24 21.7225
3 16 -22.9835 -24 21.7225 -24.0755 -24 20 -23.445 -24 20
3 16 -22.0377 -24 23.5295 -23.5295 -24 22.0378 -21.7225 -24 22.9835
3 16 -21.7225 -24 22.9835 -23.5295 -24 22.0378 -22.9835 -24 21.7225
3 16 -20 -24 24.0755 -22.0377 -24 23.5295 -20 -24 23.445
3 16 -20 -24 23.445 -22.0377 -24 23.5295 -21.7225 -24 22.9835
3 16 -17.9622 -24 23.5295 -20 -24 24.0755 -18.2775 -24 22.9835
3 16 -18.2775 -24 22.9835 -20 -24 24.0755 -20 -24 23.445
3 16 -16.4705 -24 22.0378 -17.9622 -24 23.5295 -17.0165 -24 21.7225
3 16 -17.0165 -24 21.7225 -17.9622 -24 23.5295 -18.2775 -24 22.9835
3 16 -15.9245 -24 20 -16.4705 -24 22.0378 -16.555 -24 20
3 16 -16.555 -24 20 -16.4705 -24 22.0378 -17.0165 -24 21.7225
3 16 -16.4705 -24 17.9622 -15.9245 -24 20 -17.0165 -24 18.2775
3 16 -17.0165 -24 18.2775 -15.9245 -24 20 -16.555 -24 20
3 16 -17.9622 -24 16.4705 -16.4705 -24 17.9622 -18.2775 -24 17.0165
3 16 -18.2775 -24 17.0165 -16.4705 -24 17.9622 -17.0165 -24 18.2775
3 16 -20 -24 15.9245 -17.9622 -24 16.4705 -20 -24 16.555
3 16 -20 -24 16.555 -17.9622 -24 16.4705 -18.2775 -24 17.0165
3 16 -22.0377 -24 16.4705 -20 -24 15.9245 -21.7225 -24 17.0165
3 16 -21.7225 -24 17.0165 -20 -24 15.9245 -20 -24 16.555
3 16 -23.5295 -24 17.9622 -22.0377 -24 16.4705 -22.9835 -24 18.2775
3 16 -22.9835 -24 18.2775 -22.0377 -24 16.4705 -21.7225 -24 17.0165
3 16 -23.445 -24 20 -24.0755 -24 20 -22.9835 -24 18.2775
3 16 -22.9835 -24 18.2775 -24.0755 -24 20 -23.5295 -24 17.9622
3 16 -20 -2.8295 13.75 -16.875 -1.2952 14.5873 -20 -2.8295 6.25
3 16 -20 -2.8295 6.25 -16.875 -1.2952 14.5873 -16.875 -1.2952 5.4127
3 16 -27.009 -9.7631 30 -24.5933 -6.4962 30 -24.5933 -6.4962 10
3 16 -16.875 -1.2952 14.5873 -20 -2.8295 13.75 -16.875 -5.25 14.5873
3 16 -16.875 -5.25 14.5873 -20 -2.8295 13.75 -20 -5.25 13.75
3 16 -23.3545 -5.2374 14.579 -20 -5.25 13.75 -20 -2.8295 13.75
3 16 -16.875 -5.25 14.5873 -14.5873 -5.2374 16.875 -16.875 -1.2952 14.5873
3 16 -16.875 -1.2952 14.5873 -14.5873 -5.2374 16.875 -14.5873 -0.5528 16.875
3 16 -23.3545 -5.2374 20 -14.5873 -5.2374 16.875 -16.875 -5.25 14.5873
3 16 -14.5873 -5.2374 16.875 -13.75 -5.2374 20 -14.5873 -0.5528 16.875
3 16 -14.5873 -0.5528 16.875 -13.75 -5.2374 20 -13.75 -0.3947 20
3 16 -23.3545 -5.2374 14.579 -24.5933 -6.4962 10 -23.3545 -5.2374 20
3 16 -23.3545 -5.2374 20 -24.5933 -6.4962 10 -24.5933 -6.4962 30
3 16 -23.3545 -5.2374 5.421 -23.3545 -5.2374 14.579 -20 -2.8295 6.25
3 16 -20 -2.8295 6.25 -23.3545 -5.2374 14.579 -20 -2.8295 13.75
3 16 -23.3545 -5.2374 20 -20 -5.25 13.75 -23.3545 -5.2374 14.579
3 16 -23.3545 -5.2374 20 -16.875 -5.25 14.5873 -20 -5.25 13.75
3 16 -13.75 -5.2374 20 -14.5873 -5.2374 16.875 -23.3545 -5.2374 20
3 16 -23.3545 -5.2374 20 -20 -5.25 26.25 -16.875 -5.25 25.4127
3 16 -23.3545 -5.2374 20 -23.3545 -5.2374 25.421 -20 -5.25 26.25
3 16 -23.3545 -5.2374 20 -24.5933 -6.4962 30 -23.3545 -5.2374 25.421
3 16 -20 -2.8295 26.25 -23.3545 -5.2374 25.421 -20.9115 -3.3403 30
3 16 -20.9115 -3.3403 30 -23.3545 -5.2374 25.421 -24.5933 -6.4962 30
3 16 -23.3545 -5.2374 20 -16.875 -5.25 25.4127 -14.5873 -5.2374 23.125
3 16 -13.75 -5.2374 20 -23.3545 -5.2374 20 -14.5873 -5.2374 23.125
3 16 -23.3545 -5.2374 25.421 -20 -2.8295 26.25 -20 -5.25 26.25
3 16 -30 -18.6658 30 -29.0243 -14.0272 30 -30 -18.6658 -10
3 16 -30 -18.6658 -10 -29.0243 -14.0272 30 -29.0243 -14.0272 -10
3 16 -29.0243 -14.0272 -10 -29.0243 -14.0272 30 -27.009 -9.7631 -10
3 16 -27.009 -9.7631 -10 -29.0243 -14.0272 30 -27.009 -9.7631 30
3 16 -24.3563 -28.6526 15.6437 -24.3563 -12.7046 15.6437 -23.0804 -28.6526 14.6646
3 16 -23.0804 -28.6526 14.6646 -24.3563 -12.7046 15.6437 -23.0804 -10.6168 14.6646
3 16 -23.0804 -28.6526 14.6646 -23.0804 -10.6168 14.6646 -21.5945 -28.6526 14.0492
3 16 -21.5945 -28.6526 14.0492 -23.0804 -10.6168 14.6646 -21.5945 -8.8334 14.0492
3 16 -21.5945 -28.6526 14.0492 -21.5945 -8.8334 14.0492 -20 -28.6526 13.8392
3 16 -20 -28.6526 13.8392 -21.5945 -8.8334 14.0492 -20 -7.625 13.8392
3 16 -18.4055 -28.6526 14.0492 -20 -28.6526 13.8392 -18.4055 -7.7205 14.0492
3 16 -18.4055 -7.7205 14.0492 -20 -28.6526 13.8392 -20 -7.625 13.8392
3 16 -15.6437 -28.6526 15.6437 -16.9196 -28.6526 14.6646 -15.6437 -7.684 15.6437
3 16 -15.6437 -7.684 15.6437 -16.9196 -28.6526 14.6646 -16.9196 -7.6804 14.6646
3 16 -14.6647 -28.6526 16.9196 -15.6437 -28.6526 15.6437 -14.6647 -7.6868 16.9196
3 16 -14.6647 -7.6868 16.9196 -15.6437 -28.6526 15.6437 -15.6437 -7.684 15.6437
3 16 -25.8302 -16.6942 27.5 -10 -24 27.5 -26.25 -19.2974 27.5
3 16 -17.8543 -6.0473 27.5 -16.4963 -5.4594 27.5 -10 -24 27.5
3 16 -10 -24 27.5 -16.4963 -5.4594 27.5 -14.6196 -4.5072 27.5
3 16 -10 -24 27.5 -14.6196 -4.5072 27.5 -10 -3.7428 27.5
3 16 -25.3353 -14.9286 27.5 -10 -24 27.5 -25.8302 -16.6942 27.5
3 16 -24.3563 -12.858 27.5 -10 -24 27.5 -25.3353 -14.9286 27.5
3 16 -23.0804 -10.6168 27.5 -10 -24 27.5 -24.3563 -12.858 27.5
3 16 -21.5945 -8.8208 27.5 -10 -24 27.5 -23.0804 -10.6168 27.5
3 16 -17.8543 -6.0473 27.5 -10 -24 27.5 -21.5945 -8.8208 27.5
3 16 -10 0.0126 30 -6.25 0 26.25 -10 0.0126 -10
3 16 -10 0.0126 -10 -6.25 0 26.25 -6.25 0 -6.25
3 16 -16.875 -1.2952 25.4127 -20 -2.8295 26.25 -16.6398 -1.2017 30
3 16 -16.6398 -1.2017 30 -20 -2.8295 26.25 -20.9115 -3.3403 30
3 16 -14.5873 -0.5528 23.125 -16.875 -1.2952 25.4127 -11.8519 -0.093 30
3 16 -11.8519 -0.093 30 -16.875 -1.2952 25.4127 -16.6398 -1.2017 30
3 16 -6.25 0 26.25 -6.25 -21.25 26.25 -6.25 0 -6.25
3 16 -6.25 0 -6.25 -6.25 -21.25 26.25 -6.25 -21.25 -6.25
3 16 -10 -24 18.125 -10.1829 -3.7428 18.125 -10 -3.7428 18.125
3 16 -13.8393 -28.6526 20 -14.0492 -28.6526 18.4055 -13.8393 -24 20
3 16 -13.8393 -24 20 -14.0492 -28.6526 18.4055 -14.1759 -24 18.1026
3 16 -25.8605 -24 18.1249 -25.9508 -28.6526 18.4055 -26.1607 -24 20
3 16 -26.1607 -24 20 -25.9508 -28.6526 18.4055 -26.1607 -28.6526 20
3 16 -14.1759 -24 18.1026 -14.0492 -28.6526 18.4055 -14.6647 -28.6526 16.9196
3 16 -15.6437 -7.684 15.6437 -13.1634 -4.1399 13.2701 -14.6647 -7.6868 16.9196
3 16 -14.6647 -7.6868 16.9196 -13.1634 -4.1399 13.2701 -11.176 -3.8075 15.4024
3 16 -16.9196 -7.6804 14.6646 -15.4771 -4.8046 12.2659 -15.6437 -7.684 15.6437
3 16 -15.6437 -7.684 15.6437 -15.4771 -4.8046 12.2659 -13.1634 -4.1399 13.2701
3 16 -18.4055 -7.7205 14.0492 -18.3973 -6.2467 12.5918 -16.9196 -7.6804 14.6646
3 16 -16.9196 -7.6804 14.6646 -18.3973 -6.2467 12.5918 -15.4771 -4.8046 12.2659
3 16 -14.6647 -7.6868 16.9196 -11.176 -3.8075 15.4024 -14.1749 -7.6881 18.105
3 16 -14.1749 -7.6881 18.105 -11.176 -3.8075 15.4024 -10.1829 -3.7428 18.125
3 16 -20 -7.625 13.8392 -18.3973 -6.2467 12.5918 -18.4055 -7.7205 14.0492
3 16 -20 -7.625 13.8392 -21.5945 -8.8334 14.0492 -20 -7.6124 6.1608
3 16 -20 -7.6124 6.1608 -21.5945 -8.8334 14.0492 -21.5945 -8.8334 5.9508
3 16 -13.1634 -4.1399 13.2701 -15.4771 -4.8046 12.2659 -13.1634 -4.1399 6.7299
3 16 -13.1634 -4.1399 6.7299 -15.4771 -4.8046 12.2659 -15.4771 -4.8046 7.7341
3 16 -11.176 -3.8075 15.4024 -13.1634 -4.1399 13.2701 -11.176 -3.8075 4.5976
3 16 -11.176 -3.8075 4.5976 -13.1634 -4.1399 13.2701 -13.1634 -4.1399 6.7299
3 16 -10 -3.7428 18.125 -10.1829 -3.7428 18.125 -10 -3.7428 10
3 16 -10.1829 -3.7428 18.125 -11.176 -3.8075 15.4024 -10 -3.7428 10
3 16 -14.1759 -24 21.8973 -14.0492 -28.6526 21.5945 -13.8393 -24 20
3 16 -13.8393 -24 20 -14.0492 -28.6526 21.5945 -13.8393 -28.6526 20
3 16 -25.8605 -24 21.875 -26.1607 -24 20 -25.9508 -28.6526 21.5945
3 16 -25.9508 -28.6526 21.5945 -26.1607 -24 20 -26.1607 -28.6526 20
3 16 -25.8605 -24 21.875 -25.9508 -28.6526 21.5945 -25.3353 -28.6526 23.0803
3 16 -16.9196 -7.6804 25.3353 -15.6437 -7.684 24.3563 -16.4963 -5.4594 27.5
3 16 -23.0804 -10.6168 25.3353 -21.5945 -8.8208 25.9508 -23.0804 -10.6168 27.5
3 16 -23.0804 -10.6168 27.5 -21.5945 -8.8208 25.9508 -21.5945 -8.8208 27.5
3 16 -24.3563 -12.858 24.3563 -23.0804 -10.6168 25.3353 -24.3563 -12.858 27.5
3 16 -24.3563 -12.858 27.5 -23.0804 -10.6168 25.3353 -23.0804 -10.6168 27.5
3 16 -25.3353 -14.9286 23.0803 -24.3563 -12.858 24.3563 -25.3353 -14.9286 27.5
3 16 -25.3353 -14.9286 27.5 -24.3563 -12.858 24.3563 -24.3563 -12.858 27.5
3 16 -25.8302 -16.6942 21.875 -25.3353 -14.9286 23.0803 -25.8302 -16.6942 27.5
3 16 -25.8302 -16.6942 27.5 -25.3353 -14.9286 23.0803 -25.3353 -14.9286 27.5
3 16 -16.4963 -5.4594 27.5 -15.6437 -7.684 24.3563 -14.6196 -4.5072 27.5
3 16 -14.6196 -4.5072 27.5 -15.6437 -7.684 24.3563 -12.3848 -3.9917 26.0812
3 16 -15.6437 -7.684 24.3563 -14.6647 -7.6868 23.0803 -12.3848 -3.9917 26.0812
3 16 -12.3848 -3.9917 26.0812 -14.6647 -7.6868 23.0803 -11.0636 -3.7972 24.4715
3 16 -14.6647 -7.6868 23.0803 -14.1749 -7.6881 21.8949 -11.0636 -3.7972 24.4715
3 16 -11.0636 -3.7972 24.4715 -14.1749 -7.6881 21.8949 -10.1829 -3.7428 21.875
3 16 -26.25 -24 27.5 -26.25 -19.2974 27.5 -10 -24 27.5
3 16 -10 -3.7428 10 -10 -24 18.125 -10 -3.7428 18.125
3 16 -26.25 -18.4414 18.125 -25.8302 -16.6942 18.125 -25.8605 -24 18.1249
3 16 -25.8605 -24 18.1249 -26.25 -24 18.1249 -26.25 -18.4414 18.125
3 16 -25.3353 -28.6526 16.9196 -25.9508 -28.6526 18.4055 -25.8605 -24 18.1249
3 16 -21.5945 -8.8208 25.9508 -20.2844 -7.6124 26.1607 -21.5945 -8.8208 27.5
3 16 -21.5945 -8.8208 27.5 -20.2844 -7.6124 26.1607 -17.8543 -6.0473 27.5
3 16 -18.4055 -7.7205 25.9508 -16.9196 -7.6804 25.3353 -17.8543 -6.0473 27.5
3 16 -17.8543 -6.0473 27.5 -16.9196 -7.6804 25.3353 -16.4963 -5.4594 27.5
3 16 -20.2844 -7.6124 26.1607 -18.4055 -7.7205 25.9508 -17.8543 -6.0473 27.5
3 16 -10 -3.7428 21.875 -10 -3.7428 27.5 -10.1829 -3.7428 21.875
3 16 -10 -3.7428 27.5 -11.0636 -3.7972 24.4715 -10.1829 -3.7428 21.875
3 16 -12.3848 -3.9917 26.0812 -10 -3.7428 27.5 -14.6196 -4.5072 27.5
3 16 -10 -3.7428 27.5 -12.3848 -3.9917 26.0812 -11.0636 -3.7972 24.4715
3 16 -14.6647 -28.6526 23.0803 -14.0492 -28.6526 21.5945 -14.1759 -24 21.8973
3 16 -26.25 -24 21.875 -26.25 -19.3312 21.875 -26.25 -24 27.5
3 16 -26.25 -24 27.5 -26.25 -19.3312 21.875 -26.25 -19.2974 27.5
3 16 -25.8302 -16.6942 21.875 -26.25 -19.3312 21.875 -25.8605 -24 21.875
3 16 -26.25 -19.3312 21.875 -26.25 -24 21.875 -25.8605 -24 21.875
3 16 -26.25 -19.3312 21.875 -25.8302 -16.6942 21.875 -26.25 -19.2974 27.5
3 16 -26.25 -19.2974 27.5 -25.8302 -16.6942 21.875 -25.8302 -16.6942 27.5
3 16 -25.3353 -28.6526 16.9196 -25.8605 -24 18.1249 -25.3353 -14.9286 16.9196
3 16 -25.3353 -14.9286 16.9196 -25.8605 -24 18.1249 -25.8302 -16.6942 18.125
3 16 -25.3353 -28.6526 16.9196 -25.3353 -14.9286 16.9196 -24.3563 -28.6526 15.6437
3 16 -24.3563 -28.6526 15.6437 -25.3353 -14.9286 16.9196 -24.3563 -12.7046 15.6437
3 16 -14.6647 -28.6526 16.9196 -14.6647 -7.6868 16.9196 -14.1759 -24 18.1026
3 16 -14.1759 -24 18.1026 -14.6647 -7.6868 16.9196 -14.1749 -7.6881 18.105
3 16 -14.1759 -24 18.1026 -14.1749 -7.6881 18.105 -10 -24 18.125
3 16 -10 -24 18.125 -14.1749 -7.6881 18.105 -10.1829 -3.7428 18.125
3 16 -18.4055 -28.6526 14.0492 -18.4055 -7.7205 14.0492 -16.9196 -28.6526 14.6646
3 16 -16.9196 -28.6526 14.6646 -18.4055 -7.7205 14.0492 -16.9196 -7.6804 14.6646
3 16 -25.8302 -16.6942 21.875 -25.8605 -24 21.875 -25.3353 -14.9286 23.0803
3 16 -25.3353 -14.9286 23.0803 -25.8605 -24 21.875 -25.3353 -28.6526 23.0803
3 16 -24.3563 -12.858 24.3563 -25.3353 -14.9286 23.0803 -24.3563 -28.6526 24.3563
3 16 -24.3563 -28.6526 24.3563 -25.3353 -14.9286 23.0803 -25.3353 -28.6526 23.0803
3 16 -23.0804 -10.6168 25.3353 -24.3563 -12.858 24.3563 -23.0804 -28.6526 25.3353
3 16 -23.0804 -28.6526 25.3353 -24.3563 -12.858 24.3563 -24.3563 -28.6526 24.3563
3 16 -21.5945 -8.8208 25.9508 -23.0804 -10.6168 25.3353 -21.5945 -28.6526 25.9508
3 16 -21.5945 -28.6526 25.9508 -23.0804 -10.6168 25.3353 -23.0804 -28.6526 25.3353
3 16 -20.2844 -7.6124 26.1607 -21.5945 -8.8208 25.9508 -20 -28.6526 26.1607
3 16 -20 -28.6526 26.1607 -21.5945 -8.8208 25.9508 -21.5945 -28.6526 25.9508
3 16 -20.2844 -7.6124 26.1607 -20 -28.6526 26.1607 -18.4055 -7.7205 25.9508
3 16 -18.4055 -7.7205 25.9508 -20 -28.6526 26.1607 -18.4055 -28.6526 25.9508
3 16 -16.9196 -7.6804 25.3353 -18.4055 -7.7205 25.9508 -16.9196 -28.6526 25.3353
3 16 -16.9196 -28.6526 25.3353 -18.4055 -7.7205 25.9508 -18.4055 -28.6526 25.9508
3 16 -15.6437 -7.684 24.3563 -16.9196 -7.6804 25.3353 -15.6437 -28.6526 24.3563
3 16 -15.6437 -28.6526 24.3563 -16.9196 -7.6804 25.3353 -16.9196 -28.6526 25.3353
3 16 -14.6647 -7.6868 23.0803 -15.6437 -7.684 24.3563 -14.6647 -28.6526 23.0803
3 16 -14.6647 -28.6526 23.0803 -15.6437 -7.684 24.3563 -15.6437 -28.6526 24.3563
3 16 -14.1749 -7.6881 21.8949 -14.6647 -7.6868 23.0803 -14.1759 -24 21.8973
3 16 -14.1759 -24 21.8973 -14.6647 -7.6868 23.0803 -14.6647 -28.6526 23.0803
3 16 -14.1749 -7.6881 21.8949 -14.1759 -24 21.8973 -10 -24 21.875
3 16 -10 -24 21.875 -10.1829 -3.7428 21.875 -14.1749 -7.6881 21.8949
3 16 -10 -24 21.875 -10 -3.7428 21.875 -10.1829 -3.7428 21.875
3 16 -10 -3.7428 27.5 -10 -3.7428 21.875 -10 -24 21.875
3 16 -10 -3.7428 27.5 -10 -24 21.875 -10 -24 27.5
3 16 -13.75 -0.3947 20 -13.75 -5.2374 20 -14.5873 -0.5528 23.125
3 16 -14.5873 -0.5528 23.125 -13.75 -5.2374 20 -14.5873 -5.2374 23.125
3 16 -14.5873 -0.5528 23.125 -14.5873 -5.2374 23.125 -16.875 -1.2952 25.4127
3 16 -16.875 -1.2952 25.4127 -14.5873 -5.2374 23.125 -16.875 -5.25 25.4127
3 16 -20 -5.25 26.25 -20 -2.8295 26.25 -16.875 -5.25 25.4127
3 16 -16.875 -5.25 25.4127 -20 -2.8295 26.25 -16.875 -1.2952 25.4127
3 16 -16.4705 -28.4374 22.0378 -15.9245 -28.4374 20 -14.0492 -28.6526 21.5945
3 16 -14.0492 -28.6526 21.5945 -15.9245 -28.4374 20 -13.8393 -28.6526 20
3 16 -13.8393 -28.6526 20 -15.9245 -28.4374 20 -14.0492 -28.6526 18.4055
3 16 -14.0492 -28.6526 18.4055 -15.9245 -28.4374 20 -16.4705 -28.4374 17.9622
3 16 -14.6647 -28.6526 16.9196 -16.4705 -28.4374 17.9622 -15.6437 -28.6526 15.6437
3 16 -15.6437 -28.6526 15.6437 -16.4705 -28.4374 17.9622 -17.9622 -28.4374 16.4705
3 16 -16.9196 -28.6526 14.6646 -17.9622 -28.4374 16.4705 -18.4055 -28.6526 14.0492
3 16 -18.4055 -28.6526 14.0492 -17.9622 -28.4374 16.4705 -20 -28.4374 15.9245
3 16 -20 -28.6526 13.8392 -20 -28.4374 15.9245 -21.5945 -28.6526 14.0492
3 16 -21.5945 -28.6526 14.0492 -20 -28.4374 15.9245 -22.0377 -28.4374 16.4705
3 16 -22.0377 -28.4374 16.4705 -23.5295 -28.4374 17.9622 -24.3563 -28.6526 15.6437
3 16 -24.3563 -28.6526 15.6437 -23.5295 -28.4374 17.9622 -25.3353 -28.6526 16.9196
3 16 -23.5295 -28.4374 17.9622 -24.0755 -28.4374 20 -25.9508 -28.6526 18.4055
3 16 -25.9508 -28.6526 18.4055 -24.0755 -28.4374 20 -26.1607 -28.6526 20
3 16 -24.0755 -28.4374 20 -23.5295 -28.4374 22.0378 -25.9508 -28.6526 21.5945
3 16 -25.9508 -28.6526 21.5945 -23.5295 -28.4374 22.0378 -25.3353 -28.6526 23.0803
3 16 -23.5295 -28.4374 22.0378 -22.0377 -28.4374 23.5295 -24.3563 -28.6526 24.3563
3 16 -24.3563 -28.6526 24.3563 -22.0377 -28.4374 23.5295 -23.0804 -28.6526 25.3353
3 16 -22.0377 -28.4374 23.5295 -20 -28.4374 24.0755 -21.5945 -28.6526 25.9508
3 16 -21.5945 -28.6526 25.9508 -20 -28.4374 24.0755 -20 -28.6526 26.1607
3 16 -20 -28.4374 24.0755 -17.9622 -28.4374 23.5295 -18.4055 -28.6526 25.9508
3 16 -18.4055 -28.6526 25.9508 -17.9622 -28.4374 23.5295 -16.9196 -28.6526 25.3353
3 16 -17.9622 -28.4374 23.5295 -16.4705 -28.4374 22.0378 -15.6437 -28.6526 24.3563
3 16 -15.6437 -28.6526 24.3563 -16.4705 -28.4374 22.0378 -14.6647 -28.6526 23.0803
3 16 -14.0492 -28.6526 18.4055 -16.4705 -28.4374 17.9622 -14.6647 -28.6526 16.9196
3 16 -15.6437 -28.6526 15.6437 -17.9622 -28.4374 16.4705 -16.9196 -28.6526 14.6646
3 16 -18.4055 -28.6526 14.0492 -20 -28.4374 15.9245 -20 -28.6526 13.8392
3 16 -14.6647 -28.6526 23.0803 -16.4705 -28.4374 22.0378 -14.0492 -28.6526 21.5945
3 16 -16.9196 -28.6526 25.3353 -17.9622 -28.4374 23.5295 -15.6437 -28.6526 24.3563
3 16 -20 -28.6526 26.1607 -20 -28.4374 24.0755 -18.4055 -28.6526 25.9508
3 16 -23.0804 -28.6526 25.3353 -22.0377 -28.4374 23.5295 -21.5945 -28.6526 25.9508
3 16 -25.3353 -28.6526 23.0803 -23.5295 -28.4374 22.0378 -24.3563 -28.6526 24.3563
3 16 -26.1607 -28.6526 20 -24.0755 -28.4374 20 -25.9508 -28.6526 21.5945
3 16 -21.5945 -28.6526 14.0492 -22.0377 -28.4374 16.4705 -23.0804 -28.6526 14.6646
3 16 -25.3353 -28.6526 16.9196 -23.5295 -28.4374 17.9622 -25.9508 -28.6526 18.4055
3 16 -23.0804 -28.6526 14.6646 -22.0377 -28.4374 16.4705 -24.3563 -28.6526 15.6437
3 16 -18.3973 -6.2467 12.5918 -20 -7.625 13.8392 -18.3973 -6.2467 7.4083
3 16 -18.3973 -6.2467 7.4083 -20 -7.625 13.8392 -20 -7.6124 6.1608
3 16 -15.9245 -24 0 -16.4705 -24 -2.0378 -15.9245 -28.4374 0
3 16 -15.9245 -28.4374 0 -16.4705 -24 -2.0378 -16.4705 -28.4374 -2.0378
3 16 -20 -24 -4.0755 -22.0377 -24 -3.5295 -20 -28.4374 -4.0755
3 16 -20 -28.4374 -4.0755 -22.0377 -24 -3.5295 -22.0377 -28.4374 -3.5295
3 16 -24.0755 -24 0 -23.5295 -24 2.0378 -24.0755 -28.4374 0
3 16 -24.0755 -28.4374 0 -23.5295 -24 2.0378 -23.5295 -28.4374 2.0378
3 16 -20 -24 4.0755 -17.9622 -24 3.5295 -20 -28.4374 4.0755
3 16 -20 -28.4374 4.0755 -17.9622 -24 3.5295 -17.9622 -28.4374 3.5295
3 16 -17.9622 -24 3.5295 -16.4705 -24 2.0378 -17.9622 -28.4374 3.5295
3 16 -17.9622 -28.4374 3.5295 -16.4705 -24 2.0378 -16.4705 -28.4374 2.0378
3 16 -22.0377 -24 3.5295 -20 -24 4.0755 -22.0377 -28.4374 3.5295
3 16 -22.0377 -28.4374 3.5295 -20 -24 4.0755 -20 -28.4374 4.0755
3 16 -23.5295 -24 2.0378 -22.0377 -24 3.5295 -23.5295 -28.4374 2.0378
3 16 -23.5295 -28.4374 2.0378 -22.0377 -24 3.5295 -22.0377 -28.4374 3.5295
3 16 -23.5295 -24 -2.0378 -24.0755 -24 0 -23.5295 -28.4374 -2.0378
3 16 -23.5295 -28.4374 -2.0378 -24.0755 -24 0 -24.0755 -28.4374 0
3 16 -22.0377 -24 -3.5295 -23.5295 -24 -2.0378 -22.0377 -28.4374 -3.5295
3 16 -22.0377 -28.4374 -3.5295 -23.5295 -24 -2.0378 -23.5295 -28.4374 -2.0378
3 16 -17.9622 -24 -3.5295 -20 -24 -4.0755 -17.9622 -28.4374 -3.5295
3 16 -17.9622 -28.4374 -3.5295 -20 -24 -4.0755 -20 -28.4374 -4.0755
3 16 -16.4705 -24 -2.0378 -17.9622 -24 -3.5295 -16.4705 -28.4374 -2.0378
3 16 -16.4705 -28.4374 -2.0378 -17.9622 -24 -3.5295 -17.9622 -28.4374 -3.5295
3 16 -22.9835 -12.4458 -1.7225 -21.7225 -10.3903 0 -23.445 -14.0245 0
3 16 -18.2775 -8.1196 0 -18.2775 -8.1196 -2.9835 -17.0165 -8.1062 -1.7225
3 16 -18.2775 -8.1196 0 -16.555 -8.1062 0 -17.0165 -8.1062 1.7225
3 16 -21.7225 -10.3903 0 -21.7225 -10.3903 2.9835 -22.9835 -12.4458 1.7225
3 16 -21.7225 -10.3903 -2.9835 -22.9835 -12.4458 -1.7225 -21.7225 -24 -2.9835
3 16 -21.7225 -24 -2.9835 -22.9835 -12.4458 -1.7225 -22.9835 -24 -1.7225
3 16 -20 -8.8928 -3.445 -21.7225 -10.3903 -2.9835 -20 -24 -3.445
3 16 -20 -24 -3.445 -21.7225 -10.3903 -2.9835 -21.7225 -24 -2.9835
3 16 -18.2775 -8.1196 -2.9835 -20 -8.8928 -3.445 -18.2775 -24 -2.9835
3 16 -18.2775 -24 -2.9835 -20 -8.8928 -3.445 -20 -24 -3.445
3 16 -17.0165 -8.1062 -1.7225 -18.2775 -8.1196 -2.9835 -17.0165 -24 -1.7225
3 16 -17.0165 -24 -1.7225 -18.2775 -8.1196 -2.9835 -18.2775 -24 -2.9835
3 16 -16.555 -8.1062 0 -17.0165 -8.1062 -1.7225 -16.555 -24 0
3 16 -16.555 -24 0 -17.0165 -8.1062 -1.7225 -17.0165 -24 -1.7225
3 16 -17.0165 -8.1062 1.7225 -16.555 -8.1062 0 -17.0165 -24 1.7225
3 16 -17.0165 -24 1.7225 -16.555 -8.1062 0 -16.555 -24 0
3 16 -17.0165 -8.1062 1.7225 -17.0165 -24 1.7225 -18.2775 -8.1196 2.9835
3 16 -18.2775 -8.1196 2.9835 -17.0165 -24 1.7225 -18.2775 -24 2.9835
3 16 -18.2775 -8.1196 2.9835 -18.2775 -24 2.9835 -20 -8.8928 3.445
3 16 -20 -8.8928 3.445 -18.2775 -24 2.9835 -20 -24 3.445
3 16 -20 -8.8928 3.445 -20 -24 3.445 -21.7225 -10.3903 2.9835
3 16 -21.7225 -10.3903 2.9835 -20 -24 3.445 -21.7225 -24 2.9835
3 16 -21.7225 -10.3903 2.9835 -21.7225 -24 2.9835 -22.9835 -12.4458 1.7225
3 16 -22.9835 -12.4458 1.7225 -21.7225 -24 2.9835 -22.9835 -24 1.7225
3 16 -22.9835 -12.4458 1.7225 -22.9835 -24 1.7225 -23.445 -14.0245 0
3 16 -23.445 -14.0245 0 -22.9835 -24 1.7225 -23.445 -24 0
3 16 -22.9835 -12.4458 -1.7225 -23.445 -14.0245 0 -22.9835 -24 -1.7225
3 16 -22.9835 -24 -1.7225 -23.445 -14.0245 0 -23.445 -24 0
3 16 -16.4705 -24 2.0378 -15.9245 -24 0 -16.4705 -28.4374 2.0378
3 16 -16.4705 -28.4374 2.0378 -15.9245 -24 0 -15.9245 -28.4374 0
3 16 -21.7225 -10.3903 0 -22.9835 -12.4458 -1.7225 -21.7225 -10.3903 -2.9835
3 16 -21.7225 -10.3903 0 -21.7225 -10.3903 -2.9835 -20 -8.8928 0
3 16 -20 -8.8928 0 -21.7225 -10.3903 -2.9835 -20 -8.8928 -3.445
3 16 -20 -8.8928 -3.445 -18.2775 -8.1196 -2.9835 -20 -8.8928 0
3 16 -20 -8.8928 0 -18.2775 -8.1196 -2.9835 -18.2775 -8.1196 0
3 16 -18.2775 -8.1196 0 -17.0165 -8.1062 -1.7225 -16.555 -8.1062 0
3 16 -18.2775 -8.1196 0 -17.0165 -8.1062 1.7225 -18.2775 -8.1196 2.9835
3 16 -18.2775 -8.1196 0 -18.2775 -8.1196 2.9835 -20 -8.8928 0
3 16 -20 -8.8928 0 -18.2775 -8.1196 2.9835 -20 -8.8928 3.445
3 16 -20 -8.8928 3.445 -21.7225 -10.3903 2.9835 -20 -8.8928 0
3 16 -20 -8.8928 0 -21.7225 -10.3903 2.9835 -21.7225 -10.3903 0
3 16 -21.7225 -10.3903 0 -22.9835 -12.4458 1.7225 -23.445 -14.0245 0
3 16 -23.5295 -24 -2.0378 -22.9835 -24 -1.7225 -24.0755 -24 0
3 16 -24.0755 -24 0 -22.9835 -24 -1.7225 -23.445 -24 0
3 16 -22.0377 -24 -3.5295 -21.7225 -24 -2.9835 -23.5295 -24 -2.0378
3 16 -23.5295 -24 -2.0378 -21.7225 -24 -2.9835 -22.9835 -24 -1.7225
3 16 -20 -24 -4.0755 -20 -24 -3.445 -22.0377 -24 -3.5295
3 16 -22.0377 -24 -3.5295 -20 -24 -3.445 -21.7225 -24 -2.9835
3 16 -17.9622 -24 -3.5295 -18.2775 -24 -2.9835 -20 -24 -4.0755
3 16 -20 -24 -4.0755 -18.2775 -24 -2.9835 -20 -24 -3.445
3 16 -16.4705 -24 -2.0378 -17.0165 -24 -1.7225 -17.9622 -24 -3.5295
3 16 -17.9622 -24 -3.5295 -17.0165 -24 -1.7225 -18.2775 -24 -2.9835
3 16 -15.9245 -24 0 -16.555 -24 0 -16.4705 -24 -2.0378
3 16 -16.4705 -24 -2.0378 -16.555 -24 0 -17.0165 -24 -1.7225
3 16 -16.4705 -24 2.0378 -17.0165 -24 1.7225 -15.9245 -24 0
3 16 -15.9245 -24 0 -17.0165 -24 1.7225 -16.555 -24 0
3 16 -17.9622 -24 3.5295 -18.2775 -24 2.9835 -16.4705 -24 2.0378
3 16 -16.4705 -24 2.0378 -18.2775 -24 2.9835 -17.0165 -24 1.7225
3 16 -20 -24 4.0755 -20 -24 3.445 -17.9622 -24 3.5295
3 16 -17.9622 -24 3.5295 -20 -24 3.445 -18.2775 -24 2.9835
3 16 -22.0377 -24 3.5295 -21.7225 -24 2.9835 -20 -24 4.0755
3 16 -20 -24 4.0755 -21.7225 -24 2.9835 -20 -24 3.445
3 16 -23.5295 -24 2.0378 -22.9835 -24 1.7225 -22.0377 -24 3.5295
3 16 -22.0377 -24 3.5295 -22.9835 -24 1.7225 -21.7225 -24 2.9835
3 16 -23.445 -24 0 -22.9835 -24 1.7225 -24.0755 -24 0
3 16 -24.0755 -24 0 -22.9835 -24 1.7225 -23.5295 -24 2.0378
3 16 -27.009 -9.7631 30 -24.5933 -6.4962 10 -27.009 -9.7631 -10
3 16 -27.009 -9.7631 -10 -24.5933 -6.4962 10 -24.5933 -6.4962 -10
3 16 -20 -5.25 6.25 -20 -2.8295 6.25 -16.875 -5.25 5.4127
3 16 -16.875 -5.25 5.4127 -20 -2.8295 6.25 -16.875 -1.2952 5.4127
3 16 -23.3545 -5.2374 5.421 -20 -2.8295 6.25 -20 -5.25 6.25
3 16 -14.5873 -0.5528 3.125 -14.5873 -5.25 3.125 -16.875 -1.2952 5.4127
3 16 -16.875 -1.2952 5.4127 -14.5873 -5.25 3.125 -16.875 -5.25 5.4127
3 16 -23.3545 -5.2374 0 -16.875 -5.25 5.4127 -14.5873 -5.25 3.125
3 16 -13.75 -0.3947 0 -13.75 -5.25 0 -14.5873 -0.5528 3.125
3 16 -14.5873 -0.5528 3.125 -13.75 -5.25 0 -14.5873 -5.25 3.125
3 16 -24.5933 -6.4962 -10 -24.5933 -6.4962 10 -23.3545 -5.2374 0
3 16 -23.3545 -5.2374 0 -24.5933 -6.4962 10 -23.3545 -5.2374 5.421
3 16 -23.3545 -5.2374 0 -23.3545 -5.2374 5.421 -20 -5.25 6.25
3 16 -23.3545 -5.2374 0 -20 -5.25 6.25 -16.875 -5.25 5.4127
3 16 -13.75 -5.25 0 -23.3545 -5.2374 0 -14.5873 -5.25 3.125
3 16 -10 0.0126 30 -10 0.0126 -10 -11.8519 -0.093 30
3 16 -11.8519 -0.093 30 -10 0.0126 -10 -11.8519 -0.093 -10
3 16 -23.3545 -5.2374 0 -16.875 -5.25 -5.4127 -20 -5.25 -6.25
3 16 -23.3545 -5.2374 0 -20 -5.25 -6.25 -23.3545 -5.2374 -5.421
3 16 -23.3545 -5.2374 0 -23.3545 -5.2374 -5.421 -24.5933 -6.4962 -10
3 16 -24.5933 -6.4962 -10 -23.3545 -5.2374 -5.421 -20.9115 -3.3403 -10
3 16 -20.9115 -3.3403 -10 -23.3545 -5.2374 -5.421 -20 -2.8295 -6.25
3 16 -13.75 -0.3947 0 -11.8519 -0.093 -10 -14.5873 -0.5528 -3.125
3 16 -23.3545 -5.2374 0 -14.5873 -5.25 -3.125 -16.875 -5.25 -5.4127
3 16 -13.75 -5.25 0 -14.5873 -5.25 -3.125 -23.3545 -5.2374 0
3 16 -23.3545 -5.2374 -5.421 -20 -5.25 -6.25 -20 -2.8295 -6.25
3 16 -23.0804 -10.6293 5.3354 -24.3563 -12.7046 4.3563 -23.0804 -28.6526 5.3354
3 16 -23.0804 -28.6526 5.3354 -24.3563 -12.7046 4.3563 -24.3563 -28.6526 4.3563
3 16 -21.5945 -8.8334 5.9508 -23.0804 -10.6293 5.3354 -21.5945 -28.6526 5.9508
3 16 -21.5945 -28.6526 5.9508 -23.0804 -10.6293 5.3354 -23.0804 -28.6526 5.3354
3 16 -20 -7.6124 6.1608 -21.5945 -8.8334 5.9508 -20 -28.6526 6.1608
3 16 -20 -28.6526 6.1608 -21.5945 -8.8334 5.9508 -21.5945 -28.6526 5.9508
3 16 -18.4055 -28.6526 5.9508 -18.4055 -7.7205 5.9508 -20 -28.6526 6.1608
3 16 -20 -28.6526 6.1608 -18.4055 -7.7205 5.9508 -20 -7.6124 6.1608
3 16 -15.6437 -28.6526 4.3563 -15.6437 -7.684 4.3563 -16.9196 -28.6526 5.3354
3 16 -16.9196 -28.6526 5.3354 -15.6437 -7.684 4.3563 -16.9196 -7.6804 5.3354
3 16 -14.6647 -28.6526 3.0804 -14.6647 -7.6868 3.0804 -15.6437 -28.6526 4.3563
3 16 -15.6437 -28.6526 4.3563 -14.6647 -7.6868 3.0804 -15.6437 -7.684 4.3563
3 16 -25.8302 -16.6942 -7.5 -26.25 -19.2974 -7.5 -10 -24 -7.5
3 16 -17.8543 -6.0473 -7.5 -10 -24 -7.5 -16.4963 -5.4594 -7.5
3 16 -10 -24 -7.5 -14.6196 -4.5072 -7.5 -16.4963 -5.4594 -7.5
3 16 -10 -24 -7.5 -10 -3.7428 -7.5 -14.6196 -4.5072 -7.5
3 16 -25.3353 -14.9286 -7.5 -25.8302 -16.6942 -7.5 -10 -24 -7.5
3 16 -24.3563 -12.858 -7.5 -25.3353 -14.9286 -7.5 -10 -24 -7.5
3 16 -23.0804 -10.6168 -7.5 -24.3563 -12.858 -7.5 -10 -24 -7.5
3 16 -21.5945 -8.8208 -7.5 -23.0804 -10.6168 -7.5 -10 -24 -7.5
3 16 -17.8543 -6.0473 -7.5 -21.5945 -8.8208 -7.5 -10 -24 -7.5
3 16 -20.9115 -3.3403 -10 -20 -2.8295 -6.25 -16.6398 -1.2017 -10
3 16 -16.6398 -1.2017 -10 -20 -2.8295 -6.25 -16.875 -1.2952 -5.4127
3 16 -16.6398 -1.2017 -10 -16.875 -1.2952 -5.4127 -11.8519 -0.093 -10
3 16 -11.8519 -0.093 -10 -16.875 -1.2952 -5.4127 -14.5873 -0.5528 -3.125
3 16 -30 -24 -10 -30 -24 30 -30 -18.6658 -10
3 16 -30 -18.6658 -10 -30 -24 30 -30 -18.6658 30
3 16 -10 0.0126 -10 -6.25 0 -6.25 30 0.0126 -10
3 16 30 0.0126 -10 -6.25 0 -6.25 26.25 0 -6.25
3 16 -6.25 0 -6.25 -6.25 -21.25 -6.25 26.25 0 -6.25
3 16 26.25 0 -6.25 -6.25 -21.25 -6.25 26.25 -21.25 -6.25
3 16 -10 -24 1.8751 -10 -3.7428 1.875 -10.1829 -3.7428 1.875
3 16 -14.1759 -24 1.8974 -14.0492 -28.6526 1.5945 -13.8393 -24 0
3 16 -13.8393 -24 0 -14.0492 -28.6526 1.5945 -13.8393 -28.6526 0
3 16 -25.8605 -24 1.8751 -26.1607 -24 0 -25.9508 -28.6526 1.5945
3 16 -25.9508 -28.6526 1.5945 -26.1607 -24 0 -26.1607 -28.6526 0
3 16 -14.1759 -24 1.8974 -14.6647 -28.6526 3.0804 -14.0492 -28.6526 1.5945
3 16 -15.6437 -7.684 4.3563 -14.6647 -7.6868 3.0804 -13.1634 -4.1399 6.7299
3 16 -13.1634 -4.1399 6.7299 -14.6647 -7.6868 3.0804 -11.176 -3.8075 4.5976
3 16 -16.9196 -7.6804 5.3354 -15.6437 -7.684 4.3563 -15.4771 -4.8046 7.7341
3 16 -15.4771 -4.8046 7.7341 -15.6437 -7.684 4.3563 -13.1634 -4.1399 6.7299
3 16 -18.4055 -7.7205 5.9508 -16.9196 -7.6804 5.3354 -18.3973 -6.2467 7.4083
3 16 -18.3973 -6.2467 7.4083 -16.9196 -7.6804 5.3354 -15.4771 -4.8046 7.7341
3 16 -23.0804 -10.6168 14.6646 -23.0804 -10.6293 5.3354 -21.5945 -8.8334 14.0492
3 16 -21.5945 -8.8334 14.0492 -23.0804 -10.6293 5.3354 -21.5945 -8.8334 5.9508
3 16 -24.3563 -12.7046 15.6437 -24.3563 -12.7046 4.3563 -23.0804 -10.6168 14.6646
3 16 -23.0804 -10.6168 14.6646 -24.3563 -12.7046 4.3563 -23.0804 -10.6293 5.3354
3 16 -25.3353 -14.9286 16.9196 -25.3353 -14.9286 3.0804 -24.3563 -12.7046 15.6437
3 16 -24.3563 -12.7046 15.6437 -25.3353 -14.9286 3.0804 -24.3563 -12.7046 4.3563
3 16 -25.8302 -16.6942 18.125 -25.8302 -16.6942 1.875 -25.3353 -14.9286 16.9196
3 16 -25.3353 -14.9286 16.9196 -25.8302 -16.6942 1.875 -25.3353 -14.9286 3.0804
3 16 -14.6647 -7.6868 3.0804 -14.1749 -7.6881 1.895 -11.176 -3.8075 4.5976
3 16 -11.176 -3.8075 4.5976 -14.1749 -7.6881 1.895 -10.1829 -3.7428 1.875
3 16 -20 -7.6124 6.1608 -18.4055 -7.7205 5.9508 -18.3973 -6.2467 7.4083
3 16 -26.25 -24 18.1249 -26.25 -24 1.8751 -26.25 -18.4414 18.125
3 16 -26.25 -18.4414 18.125 -26.25 -24 1.8751 -26.25 -18.4414 1.8751
3 16 -18.3973 -6.2467 12.5918 -18.3973 -6.2467 7.4083 -15.4771 -4.8046 12.2659
3 16 -15.4771 -4.8046 12.2659 -18.3973 -6.2467 7.4083 -15.4771 -4.8046 7.7341
3 16 -10 -3.7428 1.875 -10 -3.7428 10 -10.1829 -3.7428 1.875
3 16 -10.1829 -3.7428 1.875 -10 -3.7428 10 -11.176 -3.8075 4.5976
3 16 -13.8393 -28.6526 0 -14.0492 -28.6526 -1.5945 -13.8393 -24 0
3 16 -13.8393 -24 0 -14.0492 -28.6526 -1.5945 -14.1759 -24 -1.8973
3 16 -25.8605 -24 -1.875 -25.9508 -28.6526 -1.5945 -26.1607 -24 0
3 16 -26.1607 -24 0 -25.9508 -28.6526 -1.5945 -26.1607 -28.6526 0
3 16 -25.8605 -24 -1.875 -25.3353 -28.6526 -3.0803 -25.9508 -28.6526 -1.5945
3 16 -10 -24 1.8751 -13.8393 -24 0 -10 -24 -1.875
3 16 -10 -24 -1.875 -13.8393 -24 0 -14.1759 -24 -1.8973
3 16 -16.9196 -7.6804 -5.3353 -16.4963 -5.4594 -7.5 -15.6437 -7.684 -4.3563
3 16 -21.5945 -8.8208 -7.5 -21.5945 -8.8208 -5.9508 -23.0804 -10.6168 -7.5
3 16 -23.0804 -10.6168 -7.5 -21.5945 -8.8208 -5.9508 -23.0804 -10.6168 -5.3353
3 16 -23.0804 -10.6168 -7.5 -23.0804 -10.6168 -5.3353 -24.3563 -12.858 -7.5
3 16 -24.3563 -12.858 -7.5 -23.0804 -10.6168 -5.3353 -24.3563 -12.858 -4.3563
3 16 -24.3563 -12.858 -7.5 -24.3563 -12.858 -4.3563 -25.3353 -14.9286 -7.5
3 16 -25.3353 -14.9286 -7.5 -24.3563 -12.858 -4.3563 -25.3353 -14.9286 -3.0803
3 16 -25.3353 -14.9286 -7.5 -25.3353 -14.9286 -3.0803 -25.8302 -16.6942 -7.5
3 16 -25.8302 -16.6942 -7.5 -25.3353 -14.9286 -3.0803 -25.8302 -16.6942 -1.875
3 16 -16.4963 -5.4594 -7.5 -14.6196 -4.5072 -7.5 -15.6437 -7.684 -4.3563
3 16 -15.6437 -7.684 -4.3563 -14.6196 -4.5072 -7.5 -12.3848 -3.9917 -6.0812
3 16 -11.0636 -3.7972 -4.4715 -14.6647 -7.6868 -3.0803 -12.3848 -3.9917 -6.0812
3 16 -12.3848 -3.9917 -6.0812 -14.6647 -7.6868 -3.0803 -15.6437 -7.684 -4.3563
3 16 -10.1829 -3.7428 -1.875 -14.1749 -7.6881 -1.8949 -11.0636 -3.7972 -4.4715
3 16 -11.0636 -3.7972 -4.4715 -14.1749 -7.6881 -1.8949 -14.6647 -7.6868 -3.0803
3 16 -26.25 -24 -7.5 -10 -24 -7.5 -26.25 -19.2974 -7.5
3 16 -10 -3.7428 1.875 -10 -24 1.8751 -10 -3.7428 10
3 16 -10 -3.7428 10 -10 -24 1.8751 -10 -24 18.125
3 16 -26.25 -18.4414 1.8751 -25.8605 -24 1.8751 -25.8302 -16.6942 1.875
3 16 -25.8605 -24 1.8751 -26.25 -18.4414 1.8751 -26.25 -24 1.8751
3 16 -25.3353 -28.6526 3.0804 -25.8605 -24 1.8751 -25.9508 -28.6526 1.5945
3 16 -17.8543 -6.0473 -7.5 -20.2844 -7.6124 -6.1607 -21.5945 -8.8208 -7.5
3 16 -21.5945 -8.8208 -7.5 -20.2844 -7.6124 -6.1607 -21.5945 -8.8208 -5.9508
3 16 -18.4055 -7.7205 -5.9508 -17.8543 -6.0473 -7.5 -16.9196 -7.6804 -5.3353
3 16 -16.9196 -7.6804 -5.3353 -17.8543 -6.0473 -7.5 -16.4963 -5.4594 -7.5
3 16 -20.2844 -7.6124 -6.1607 -17.8543 -6.0473 -7.5 -18.4055 -7.7205 -5.9508
3 16 -10 -3.7428 -1.875 -10.1829 -3.7428 -1.875 -10 -3.7428 -7.5
3 16 -10 -3.7428 -7.5 -10.1829 -3.7428 -1.875 -11.0636 -3.7972 -4.4715
3 16 -12.3848 -3.9917 -6.0812 -14.6196 -4.5072 -7.5 -10 -3.7428 -7.5
3 16 -10 -3.7428 -7.5 -11.0636 -3.7972 -4.4715 -12.3848 -3.9917 -6.0812
3 16 -14.6647 -28.6526 -3.0803 -14.1759 -24 -1.8973 -14.0492 -28.6526 -1.5945
3 16 30 -24 -7.5 -10 -24 -7.5 50 -24 -10
3 16 50 -24 -10 -10 -24 -7.5 -30 -24 -10
3 16 -26.25 -19.2974 -7.5 -26.25 -19.3312 -1.875 -26.25 -24 -7.5
3 16 -26.25 -24 -7.5 -26.25 -19.3312 -1.875 -26.25 -24 -1.875
3 16 -25.8302 -16.6942 -1.875 -25.8605 -24 -1.875 -26.25 -19.3312 -1.875
3 16 -26.25 -19.3312 -1.875 -25.8605 -24 -1.875 -26.25 -24 -1.875
3 16 -26.25 -24 21.875 -30 -24 30 -26.1607 -24 20
3 16 -25.8302 -16.6942 -7.5 -25.8302 -16.6942 -1.875 -26.25 -19.2974 -7.5
3 16 -26.25 -19.2974 -7.5 -25.8302 -16.6942 -1.875 -26.25 -19.3312 -1.875
3 16 -25.3353 -28.6526 3.0804 -25.3353 -14.9286 3.0804 -25.8605 -24 1.8751
3 16 -25.8605 -24 1.8751 -25.3353 -14.9286 3.0804 -25.8302 -16.6942 1.875
3 16 -24.3563 -12.7046 4.3563 -25.3353 -14.9286 3.0804 -24.3563 -28.6526 4.3563
3 16 -24.3563 -28.6526 4.3563 -25.3353 -14.9286 3.0804 -25.3353 -28.6526 3.0804
3 16 -14.1749 -7.6881 1.895 -14.6647 -7.6868 3.0804 -14.1759 -24 1.8974
3 16 -14.1759 -24 1.8974 -14.6647 -7.6868 3.0804 -14.6647 -28.6526 3.0804
3 16 -10.1829 -3.7428 1.875 -14.1749 -7.6881 1.895 -10 -24 1.8751
3 16 -10 -24 1.8751 -14.1749 -7.6881 1.895 -14.1759 -24 1.8974
3 16 -18.4055 -28.6526 5.9508 -16.9196 -28.6526 5.3354 -18.4055 -7.7205 5.9508
3 16 -18.4055 -7.7205 5.9508 -16.9196 -28.6526 5.3354 -16.9196 -7.6804 5.3354
3 16 -25.3353 -28.6526 -3.0803 -25.8605 -24 -1.875 -25.3353 -14.9286 -3.0803
3 16 -25.3353 -14.9286 -3.0803 -25.8605 -24 -1.875 -25.8302 -16.6942 -1.875
3 16 -24.3563 -12.858 -4.3563 -24.3563 -28.6526 -4.3563 -25.3353 -14.9286 -3.0803
3 16 -25.3353 -14.9286 -3.0803 -24.3563 -28.6526 -4.3563 -25.3353 -28.6526 -3.0803
3 16 -23.0804 -10.6168 -5.3353 -23.0804 -28.6526 -5.3353 -24.3563 -12.858 -4.3563
3 16 -24.3563 -12.858 -4.3563 -23.0804 -28.6526 -5.3353 -24.3563 -28.6526 -4.3563
3 16 -21.5945 -8.8208 -5.9508 -21.5945 -28.6526 -5.9508 -23.0804 -10.6168 -5.3353
3 16 -23.0804 -10.6168 -5.3353 -21.5945 -28.6526 -5.9508 -23.0804 -28.6526 -5.3353
3 16 -20.2844 -7.6124 -6.1607 -20 -28.6526 -6.1607 -21.5945 -8.8208 -5.9508
3 16 -21.5945 -8.8208 -5.9508 -20 -28.6526 -6.1607 -21.5945 -28.6526 -5.9508
3 16 -18.4055 -28.6526 -5.9508 -20 -28.6526 -6.1607 -18.4055 -7.7205 -5.9508
3 16 -18.4055 -7.7205 -5.9508 -20 -28.6526 -6.1607 -20.2844 -7.6124 -6.1607
3 16 -16.9196 -7.6804 -5.3353 -16.9196 -28.6526 -5.3353 -18.4055 -7.7205 -5.9508
3 16 -18.4055 -7.7205 -5.9508 -16.9196 -28.6526 -5.3353 -18.4055 -28.6526 -5.9508
3 16 -15.6437 -7.684 -4.3563 -15.6437 -28.6526 -4.3563 -16.9196 -7.6804 -5.3353
3 16 -16.9196 -7.6804 -5.3353 -15.6437 -28.6526 -4.3563 -16.9196 -28.6526 -5.3353
3 16 -14.6647 -7.6868 -3.0803 -14.6647 -28.6526 -3.0803 -15.6437 -7.684 -4.3563
3 16 -15.6437 -7.684 -4.3563 -14.6647 -28.6526 -3.0803 -15.6437 -28.6526 -4.3563
3 16 -14.1749 -7.6881 -1.8949 -14.1759 -24 -1.8973 -14.6647 -7.6868 -3.0803
3 16 -14.6647 -7.6868 -3.0803 -14.1759 -24 -1.8973 -14.6647 -28.6526 -3.0803
3 16 -14.1749 -7.6881 -1.8949 -10 -24 -1.875 -14.1759 -24 -1.8973
3 16 -10 -24 -1.875 -14.1749 -7.6881 -1.8949 -10.1829 -3.7428 -1.875
3 16 -10 -24 -1.875 -10.1829 -3.7428 -1.875 -10 -3.7428 -1.875
3 16 -10 -3.7428 -7.5 -10 -24 -1.875 -10 -3.7428 -1.875
3 16 -10 -3.7428 -7.5 -10 -24 -7.5 -10 -24 -1.875
3 16 -14.5873 -5.25 -3.125 -13.75 -5.25 0 -14.5873 -0.5528 -3.125
3 16 -14.5873 -0.5528 -3.125 -13.75 -5.25 0 -13.75 -0.3947 0
3 16 -14.5873 -0.5528 -3.125 -16.875 -1.2952 -5.4127 -14.5873 -5.25 -3.125
3 16 -14.5873 -5.25 -3.125 -16.875 -1.2952 -5.4127 -16.875 -5.25 -5.4127
3 16 -16.875 -1.2952 -5.4127 -20 -2.8295 -6.25 -16.875 -5.25 -5.4127
3 16 -16.875 -5.25 -5.4127 -20 -2.8295 -6.25 -20 -5.25 -6.25
3 16 -13.8393 -28.6526 0 -15.9245 -28.4374 0 -14.0492 -28.6526 -1.5945
3 16 -14.0492 -28.6526 -1.5945 -15.9245 -28.4374 0 -16.4705 -28.4374 -2.0378
3 16 -13.8393 -28.6526 0 -14.0492 -28.6526 1.5945 -15.9245 -28.4374 0
3 16 -15.9245 -28.4374 0 -14.0492 -28.6526 1.5945 -16.4705 -28.4374 2.0378
3 16 -14.6647 -28.6526 3.0804 -15.6437 -28.6526 4.3563 -16.4705 -28.4374 2.0378
3 16 -16.4705 -28.4374 2.0378 -15.6437 -28.6526 4.3563 -17.9622 -28.4374 3.5295
3 16 -16.9196 -28.6526 5.3354 -18.4055 -28.6526 5.9508 -17.9622 -28.4374 3.5295
3 16 -17.9622 -28.4374 3.5295 -18.4055 -28.6526 5.9508 -20 -28.4374 4.0755
3 16 -20 -28.6526 6.1608 -21.5945 -28.6526 5.9508 -20 -28.4374 4.0755
3 16 -20 -28.4374 4.0755 -21.5945 -28.6526 5.9508 -22.0377 -28.4374 3.5295
3 16 -25.3353 -28.6526 3.0804 -23.5295 -28.4374 2.0378 -24.3563 -28.6526 4.3563
3 16 -24.3563 -28.6526 4.3563 -23.5295 -28.4374 2.0378 -22.0377 -28.4374 3.5295
3 16 -26.1607 -28.6526 0 -24.0755 -28.4374 0 -25.9508 -28.6526 1.5945
3 16 -25.9508 -28.6526 1.5945 -24.0755 -28.4374 0 -23.5295 -28.4374 2.0378
3 16 -25.3353 -28.6526 -3.0803 -23.5295 -28.4374 -2.0378 -25.9508 -28.6526 -1.5945
3 16 -25.9508 -28.6526 -1.5945 -23.5295 -28.4374 -2.0378 -24.0755 -28.4374 0
3 16 -23.0804 -28.6526 -5.3353 -22.0377 -28.4374 -3.5295 -24.3563 -28.6526 -4.3563
3 16 -24.3563 -28.6526 -4.3563 -22.0377 -28.4374 -3.5295 -23.5295 -28.4374 -2.0378
3 16 -20 -28.6526 -6.1607 -20 -28.4374 -4.0755 -21.5945 -28.6526 -5.9508
3 16 -21.5945 -28.6526 -5.9508 -20 -28.4374 -4.0755 -22.0377 -28.4374 -3.5295
3 16 -16.9196 -28.6526 -5.3353 -17.9622 -28.4374 -3.5295 -18.4055 -28.6526 -5.9508
3 16 -18.4055 -28.6526 -5.9508 -17.9622 -28.4374 -3.5295 -20 -28.4374 -4.0755
3 16 -14.6647 -28.6526 -3.0803 -16.4705 -28.4374 -2.0378 -15.6437 -28.6526 -4.3563
3 16 -15.6437 -28.6526 -4.3563 -16.4705 -28.4374 -2.0378 -17.9622 -28.4374 -3.5295
3 16 -14.0492 -28.6526 1.5945 -14.6647 -28.6526 3.0804 -16.4705 -28.4374 2.0378
3 16 -15.6437 -28.6526 4.3563 -16.9196 -28.6526 5.3354 -17.9622 -28.4374 3.5295
3 16 -18.4055 -28.6526 5.9508 -20 -28.6526 6.1608 -20 -28.4374 4.0755
3 16 -14.6647 -28.6526 -3.0803 -14.0492 -28.6526 -1.5945 -16.4705 -28.4374 -2.0378
3 16 -16.9196 -28.6526 -5.3353 -15.6437 -28.6526 -4.3563 -17.9622 -28.4374 -3.5295
3 16 -20 -28.6526 -6.1607 -18.4055 -28.6526 -5.9508 -20 -28.4374 -4.0755
3 16 -23.0804 -28.6526 -5.3353 -21.5945 -28.6526 -5.9508 -22.0377 -28.4374 -3.5295
3 16 -25.3353 -28.6526 -3.0803 -24.3563 -28.6526 -4.3563 -23.5295 -28.4374 -2.0378
3 16 -26.1607 -28.6526 0 -25.9508 -28.6526 -1.5945 -24.0755 -28.4374 0
3 16 -21.5945 -28.6526 5.9508 -23.0804 -28.6526 5.3354 -22.0377 -28.4374 3.5295
3 16 -25.3353 -28.6526 3.0804 -25.9508 -28.6526 1.5945 -23.5295 -28.4374 2.0378
3 16 -23.0804 -28.6526 5.3354 -24.3563 -28.6526 4.3563 -22.0377 -28.4374 3.5295
3 16 -26.25 -18.4414 18.125 -26.25 -18.4414 1.8751 -25.8302 -16.6942 18.125
3 16 -25.8302 -16.6942 18.125 -26.25 -18.4414 1.8751 -25.8302 -16.6942 1.875
3 16 -26.1607 -24 0 -25.8605 -24 1.8751 -26.25 -24 1.8751
3 16 -26.25 -24 -1.875 -25.8605 -24 -1.875 -26.1607 -24 0
3 16 -11.176 -3.8075 15.4024 -11.176 -3.8075 4.5976 -10 -3.7428 10
3 16 -10 -24 21.875 -13.8393 -24 20 -10 -24 18.125
3 16 -10 -24 18.125 -13.8393 -24 20 -14.1759 -24 18.1026
3 16 -10 -24 21.875 -14.1759 -24 21.8973 -13.8393 -24 20
3 16 -10 -24 1.8751 -14.1759 -24 1.8974 -13.8393 -24 0
3 16 35.9245 -24 20 36.4705 -24 22.0378 35.9245 -28.4374 20
3 16 35.9245 -28.4374 20 36.4705 -24 22.0378 36.4705 -28.4374 22.0378
3 16 40 -24 24.0755 42.0377 -24 23.5295 40 -28.4374 24.0755
3 16 40 -28.4374 24.0755 42.0377 -24 23.5295 42.0377 -28.4374 23.5295
3 16 44.0755 -24 20 43.5295 -24 17.9622 44.0755 -28.4374 20
3 16 44.0755 -28.4374 20 43.5295 -24 17.9622 43.5295 -28.4374 17.9622
3 16 40 -24 15.9245 37.9623 -24 16.4705 40 -28.4374 15.9245
3 16 40 -28.4374 15.9245 37.9623 -24 16.4705 37.9623 -28.4374 16.4705
3 16 37.9623 -24 16.4705 36.4705 -24 17.9622 37.9623 -28.4374 16.4705
3 16 37.9623 -28.4374 16.4705 36.4705 -24 17.9622 36.4705 -28.4374 17.9622
3 16 42.0377 -24 16.4705 40 -24 15.9245 42.0377 -28.4374 16.4705
3 16 42.0377 -28.4374 16.4705 40 -24 15.9245 40 -28.4374 15.9245
3 16 43.5295 -24 17.9622 42.0377 -24 16.4705 43.5295 -28.4374 17.9622
3 16 43.5295 -28.4374 17.9622 42.0377 -24 16.4705 42.0377 -28.4374 16.4705
3 16 43.5295 -24 22.0378 44.0755 -24 20 43.5295 -28.4374 22.0378
3 16 43.5295 -28.4374 22.0378 44.0755 -24 20 44.0755 -28.4374 20
3 16 42.0377 -24 23.5295 43.5295 -24 22.0378 42.0377 -28.4374 23.5295
3 16 42.0377 -28.4374 23.5295 43.5295 -24 22.0378 43.5295 -28.4374 22.0378
3 16 37.9623 -24 23.5295 40 -24 24.0755 37.9623 -28.4374 23.5295
3 16 37.9623 -28.4374 23.5295 40 -24 24.0755 40 -28.4374 24.0755
3 16 36.4705 -24 22.0378 37.9623 -24 23.5295 36.4705 -28.4374 22.0378
3 16 36.4705 -28.4374 22.0378 37.9623 -24 23.5295 37.9623 -28.4374 23.5295
3 16 42.9835 -12.4458 21.7225 41.7225 -10.3903 20 43.445 -14.0245 20
3 16 38.2775 -8.1196 20 38.2775 -8.1196 22.9835 37.0165 -8.1062 21.7225
3 16 38.2775 -8.1196 20 36.555 -8.1062 20 37.0165 -8.1062 18.2775
3 16 41.7225 -10.3903 20 41.7225 -10.3903 17.0165 42.9835 -12.4458 18.2775
3 16 41.7225 -10.3903 22.9835 42.9835 -12.4458 21.7225 41.7225 -24 22.9835
3 16 41.7225 -24 22.9835 42.9835 -12.4458 21.7225 42.9835 -24 21.7225
3 16 40 -8.8928 23.445 41.7225 -10.3903 22.9835 40 -24 23.445
3 16 40 -24 23.445 41.7225 -10.3903 22.9835 41.7225 -24 22.9835
3 16 38.2775 -8.1196 22.9835 40 -8.8928 23.445 38.2775 -24 22.9835
3 16 38.2775 -24 22.9835 40 -8.8928 23.445 40 -24 23.445
3 16 37.0165 -8.1062 21.7225 38.2775 -8.1196 22.9835 37.0165 -24 21.7225
3 16 37.0165 -24 21.7225 38.2775 -8.1196 22.9835 38.2775 -24 22.9835
3 16 36.555 -8.1062 20 37.0165 -8.1062 21.7225 36.555 -24 20
3 16 36.555 -24 20 37.0165 -8.1062 21.7225 37.0165 -24 21.7225
3 16 37.0165 -8.1062 18.2775 36.555 -8.1062 20 37.0165 -24 18.2775
3 16 37.0165 -24 18.2775 36.555 -8.1062 20 36.555 -24 20
3 16 37.0165 -8.1062 18.2775 37.0165 -24 18.2775 38.2775 -8.1196 17.0165
3 16 38.2775 -8.1196 17.0165 37.0165 -24 18.2775 38.2775 -24 17.0165
3 16 38.2775 -8.1196 17.0165 38.2775 -24 17.0165 40 -8.8928 16.555
3 16 40 -8.8928 16.555 38.2775 -24 17.0165 40 -24 16.555
3 16 40 -8.8928 16.555 40 -24 16.555 41.7225 -10.3903 17.0165
3 16 41.7225 -10.3903 17.0165 40 -24 16.555 41.7225 -24 17.0165
3 16 41.7225 -10.3903 17.0165 41.7225 -24 17.0165 42.9835 -12.4458 18.2775
3 16 42.9835 -12.4458 18.2775 41.7225 -24 17.0165 42.9835 -24 18.2775
3 16 42.9835 -12.4458 18.2775 42.9835 -24 18.2775 43.445 -14.0245 20
3 16 43.445 -14.0245 20 42.9835 -24 18.2775 43.445 -24 20
3 16 42.9835 -12.4458 21.7225 43.445 -14.0245 20 42.9835 -24 21.7225
3 16 42.9835 -24 21.7225 43.445 -14.0245 20 43.445 -24 20
3 16 36.4705 -24 17.9622 35.9245 -24 20 36.4705 -28.4374 17.9622
3 16 36.4705 -28.4374 17.9622 35.9245 -24 20 35.9245 -28.4374 20
3 16 41.7225 -10.3903 20 42.9835 -12.4458 21.7225 41.7225 -10.3903 22.9835
3 16 41.7225 -10.3903 20 41.7225 -10.3903 22.9835 40 -8.8928 20
3 16 40 -8.8928 20 41.7225 -10.3903 22.9835 40 -8.8928 23.445
3 16 40 -8.8928 23.445 38.2775 -8.1196 22.9835 40 -8.8928 20
3 16 40 -8.8928 20 38.2775 -8.1196 22.9835 38.2775 -8.1196 20
3 16 38.2775 -8.1196 20 37.0165 -8.1062 21.7225 36.555 -8.1062 20
3 16 38.2775 -8.1196 20 37.0165 -8.1062 18.2775 38.2775 -8.1196 17.0165
3 16 38.2775 -8.1196 20 38.2775 -8.1196 17.0165 40 -8.8928 20
3 16 40 -8.8928 20 38.2775 -8.1196 17.0165 40 -8.8928 16.555
3 16 40 -8.8928 16.555 41.7225 -10.3903 17.0165 40 -8.8928 20
3 16 40 -8.8928 20 41.7225 -10.3903 17.0165 41.7225 -10.3903 20
3 16 41.7225 -10.3903 20 42.9835 -12.4458 18.2775 43.445 -14.0245 20
3 16 43.5295 -24 22.0378 42.9835 -24 21.7225 44.0755 -24 20
3 16 44.0755 -24 20 42.9835 -24 21.7225 43.445 -24 20
3 16 42.0377 -24 23.5295 41.7225 -24 22.9835 43.5295 -24 22.0378
3 16 43.5295 -24 22.0378 41.7225 -24 22.9835 42.9835 -24 21.7225
3 16 40 -24 24.0755 40 -24 23.445 42.0377 -24 23.5295
3 16 42.0377 -24 23.5295 40 -24 23.445 41.7225 -24 22.9835
3 16 37.9623 -24 23.5295 38.2775 -24 22.9835 40 -24 24.0755
3 16 40 -24 24.0755 38.2775 -24 22.9835 40 -24 23.445
3 16 36.4705 -24 22.0378 37.0165 -24 21.7225 37.9623 -24 23.5295
3 16 37.9623 -24 23.5295 37.0165 -24 21.7225 38.2775 -24 22.9835
3 16 35.9245 -24 20 36.555 -24 20 36.4705 -24 22.0378
3 16 36.4705 -24 22.0378 36.555 -24 20 37.0165 -24 21.7225
3 16 36.4705 -24 17.9622 37.0165 -24 18.2775 35.9245 -24 20
3 16 35.9245 -24 20 37.0165 -24 18.2775 36.555 -24 20
3 16 37.9623 -24 16.4705 38.2775 -24 17.0165 36.4705 -24 17.9622
3 16 36.4705 -24 17.9622 38.2775 -24 17.0165 37.0165 -24 18.2775
3 16 40 -24 15.9245 40 -24 16.555 37.9623 -24 16.4705
3 16 37.9623 -24 16.4705 40 -24 16.555 38.2775 -24 17.0165
3 16 42.0377 -24 16.4705 41.7225 -24 17.0165 40 -24 15.9245
3 16 40 -24 15.9245 41.7225 -24 17.0165 40 -24 16.555
3 16 43.5295 -24 17.9622 42.9835 -24 18.2775 42.0377 -24 16.4705
3 16 42.0377 -24 16.4705 42.9835 -24 18.2775 41.7225 -24 17.0165
3 16 43.445 -24 20 42.9835 -24 18.2775 44.0755 -24 20
3 16 44.0755 -24 20 42.9835 -24 18.2775 43.5295 -24 17.9622
3 16 40 -5.25 13.75 40 -2.8295 13.75 36.875 -5.25 14.5873
3 16 36.875 -5.25 14.5873 40 -2.8295 13.75 36.875 -1.2952 14.5873
3 16 43.3545 -5.2374 14.579 40 -2.8295 13.75 40 -5.25 13.75
3 16 34.5874 -0.5528 16.875 34.5873 -5.25 16.875 36.875 -1.2952 14.5873
3 16 36.875 -1.2952 14.5873 34.5873 -5.25 16.875 36.875 -5.25 14.5873
3 16 43.3545 -5.2374 20 36.875 -5.25 14.5873 34.5873 -5.25 16.875
3 16 33.75 -0.3947 20 33.75 -5.25 20 34.5874 -0.5528 16.875
3 16 34.5874 -0.5528 16.875 33.75 -5.25 20 34.5873 -5.25 16.875
3 16 44.5933 -6.4962 30 44.5933 -6.4962 10 43.3545 -5.2374 20
3 16 43.3545 -5.2374 20 44.5933 -6.4962 10 43.3545 -5.2374 14.579
3 16 43.3545 -5.2374 20 43.3545 -5.2374 14.579 40 -5.25 13.75
3 16 43.3545 -5.2374 20 40 -5.25 13.75 36.875 -5.25 14.5873
3 16 33.75 -5.25 20 43.3545 -5.2374 20 34.5873 -5.25 16.875
3 16 30 0.0126 -10 30 0.0126 30 31.8519 -0.093 -10
3 16 31.8519 -0.093 -10 30 0.0126 30 31.8519 -0.093 30
3 16 43.3545 -5.2374 20 36.875 -5.25 25.4127 40 -5.25 26.25
3 16 43.3545 -5.2374 20 40 -5.25 26.25 43.3545 -5.2374 25.421
3 16 43.3545 -5.2374 20 43.3545 -5.2374 25.421 44.5933 -6.4962 30
3 16 44.5933 -6.4962 30 43.3545 -5.2374 25.421 40.9115 -3.3403 30
3 16 40.9115 -3.3403 30 43.3545 -5.2374 25.421 40 -2.8295 26.25
3 16 33.75 -0.3947 20 31.8519 -0.093 30 34.5874 -0.5528 23.125
3 16 43.3545 -5.2374 20 34.5873 -5.25 23.125 36.875 -5.25 25.4127
3 16 33.75 -5.25 20 34.5873 -5.25 23.125 43.3545 -5.2374 20
3 16 43.3545 -5.2374 25.421 40 -5.25 26.25 40 -2.8295 26.25
3 16 43.0804 -10.6293 14.6646 44.3563 -12.7046 15.6437 43.0804 -28.6526 14.6646
3 16 43.0804 -28.6526 14.6646 44.3563 -12.7046 15.6437 44.3563 -28.6526 15.6437
3 16 41.5945 -8.8208 14.0492 43.0804 -10.6293 14.6646 41.5945 -28.6526 14.0492
3 16 41.5945 -28.6526 14.0492 43.0804 -10.6293 14.6646 43.0804 -28.6526 14.6646
3 16 40 -7.625 13.8392 41.5945 -8.8208 14.0492 40 -28.6526 13.8392
3 16 40 -28.6526 13.8392 41.5945 -8.8208 14.0492 41.5945 -28.6526 14.0492
3 16 38.4055 -28.6526 14.0492 38.4055 -7.7205 14.0492 40 -28.6526 13.8392
3 16 40 -28.6526 13.8392 38.4055 -7.7205 14.0492 40 -7.625 13.8392
3 16 35.6437 -28.6526 15.6437 35.6437 -7.684 15.6437 36.9197 -28.6526 14.6646
3 16 36.9197 -28.6526 14.6646 35.6437 -7.684 15.6437 36.9197 -7.6804 14.6646
3 16 34.6647 -28.6526 16.9196 34.6647 -7.6868 16.9196 35.6437 -28.6526 15.6437
3 16 35.6437 -28.6526 15.6437 34.6647 -7.6868 16.9196 35.6437 -7.684 15.6437
3 16 45.8302 -16.6942 27.5 46.25 -19.2974 27.5 30 -24 27.5
3 16 37.8543 -6.0473 27.5 30 -24 27.5 36.4963 -5.4594 27.5
3 16 30 -24 27.5 34.6196 -4.5072 27.5 36.4963 -5.4594 27.5
3 16 30 -24 27.5 30 -3.7428 27.5 34.6196 -4.5072 27.5
3 16 45.3354 -14.9286 27.5 45.8302 -16.6942 27.5 30 -24 27.5
3 16 44.3563 -12.858 27.5 45.3354 -14.9286 27.5 30 -24 27.5
3 16 43.0804 -10.6168 27.5 44.3563 -12.858 27.5 30 -24 27.5
3 16 41.5945 -8.8208 27.5 43.0804 -10.6168 27.5 30 -24 27.5
3 16 37.8543 -6.0473 27.5 41.5945 -8.8208 27.5 30 -24 27.5
3 16 40.9115 -3.3403 30 40 -2.8295 26.25 36.6398 -1.2017 30
3 16 36.6398 -1.2017 30 40 -2.8295 26.25 36.875 -1.2952 25.4127
3 16 36.6398 -1.2017 30 36.875 -1.2952 25.4127 31.8519 -0.093 30
3 16 31.8519 -0.093 30 36.875 -1.2952 25.4127 34.5874 -0.5528 23.125
3 16 50 -18.6658 30 50 -24 30 50 -18.6658 -10
3 16 50 -18.6658 -10 50 -24 30 50 -24 -10
3 16 -6.25 -21.25 26.25 26.25 -21.25 26.25 -6.25 -21.25 -6.25
3 16 -6.25 -21.25 -6.25 26.25 -21.25 26.25 26.25 -21.25 -6.25
3 16 30 0.0126 30 26.25 0 26.25 -10 0.0126 30
3 16 -10 0.0126 30 26.25 0 26.25 -6.25 0 26.25
3 16 -6.25 0 26.25 26.25 0 26.25 -6.25 -21.25 26.25
3 16 -6.25 -21.25 26.25 26.25 0 26.25 26.25 -21.25 26.25
3 16 30 -24 18.125 30 -3.7428 18.125 30.1829 -3.7428 18.125
3 16 34.1759 -24 18.1026 34.0492 -28.6526 18.4055 33.8393 -24 20
3 16 33.8393 -24 20 34.0492 -28.6526 18.4055 33.8393 -28.6526 20
3 16 45.8605 -24 18.1249 46.1607 -24 20 45.9508 -28.6526 18.4055
3 16 45.9508 -28.6526 18.4055 46.1607 -24 20 46.1607 -28.6526 20
3 16 34.1759 -24 18.1026 34.6647 -28.6526 16.9196 34.0492 -28.6526 18.4055
3 16 35.6437 -7.684 15.6437 34.6647 -7.6868 16.9196 33.1634 -4.1399 13.2701
3 16 33.1634 -4.1399 13.2701 34.6647 -7.6868 16.9196 31.176 -3.8075 15.4024
3 16 36.9197 -7.6804 14.6646 35.6437 -7.684 15.6437 35.4771 -4.8046 12.2659
3 16 35.4771 -4.8046 12.2659 35.6437 -7.684 15.6437 33.1634 -4.1399 13.2701
3 16 38.4055 -7.7205 14.0492 36.9197 -7.6804 14.6646 38.3973 -6.2467 12.5918
3 16 38.3973 -6.2467 12.5918 36.9197 -7.6804 14.6646 35.4771 -4.8046 12.2659
3 16 43.0804 -10.6293 14.6646 41.5945 -8.8208 14.0492 43.0804 -10.6168 5.3354
3 16 43.0804 -10.6168 5.3354 41.5945 -8.8208 14.0492 41.5945 -8.8334 5.9508
3 16 44.3563 -12.7046 15.6437 43.0804 -10.6293 14.6646 44.3563 -12.7046 4.3563
3 16 44.3563 -12.7046 4.3563 43.0804 -10.6293 14.6646 43.0804 -10.6168 5.3354
3 16 45.3354 -14.9286 16.9196 44.3563 -12.7046 15.6437 45.3354 -14.9286 3.0804
3 16 45.3354 -14.9286 3.0804 44.3563 -12.7046 15.6437 44.3563 -12.7046 4.3563
3 16 45.8302 -16.6942 18.125 45.3354 -14.9286 16.9196 45.8302 -16.6942 1.875
3 16 45.8302 -16.6942 1.875 45.3354 -14.9286 16.9196 45.3354 -14.9286 3.0804
3 16 34.6647 -7.6868 16.9196 34.1749 -7.6881 18.105 31.176 -3.8075 15.4024
3 16 31.176 -3.8075 15.4024 34.1749 -7.6881 18.105 30.1829 -3.7428 18.125
3 16 40 -7.625 13.8392 38.4055 -7.7205 14.0492 38.3973 -6.2467 12.5918
3 16 46.25 -24 18.1249 46.25 -18.4414 18.125 46.25 -24 1.8751
3 16 46.25 -24 1.8751 46.25 -18.4414 18.125 46.25 -18.4414 1.8751
3 16 38.3973 -6.2467 12.5918 35.4771 -4.8046 12.2659 38.3973 -6.2467 7.4083
3 16 38.3973 -6.2467 7.4083 35.4771 -4.8046 12.2659 35.4771 -4.8046 7.7341
3 16 30 -3.7428 18.125 30 -3.7428 10 30.1829 -3.7428 18.125
3 16 30.1829 -3.7428 18.125 30 -3.7428 10 31.176 -3.8075 15.4024
3 16 33.8393 -28.6526 20 34.0492 -28.6526 21.5945 33.8393 -24 20
3 16 33.8393 -24 20 34.0492 -28.6526 21.5945 34.1759 -24 21.8973
3 16 45.8605 -24 21.875 45.9508 -28.6526 21.5945 46.1607 -24 20
3 16 46.1607 -24 20 45.9508 -28.6526 21.5945 46.1607 -28.6526 20
3 16 45.8605 -24 21.875 45.3354 -28.6526 23.0803 45.9508 -28.6526 21.5945
3 16 36.9197 -7.6804 25.3353 36.4963 -5.4594 27.5 35.6437 -7.684 24.3563
3 16 41.5945 -8.8208 27.5 41.5945 -8.8208 25.9508 43.0804 -10.6168 27.5
3 16 43.0804 -10.6168 27.5 41.5945 -8.8208 25.9508 43.0804 -10.6168 25.3353
3 16 43.0804 -10.6168 27.5 43.0804 -10.6168 25.3353 44.3563 -12.858 27.5
3 16 44.3563 -12.858 27.5 43.0804 -10.6168 25.3353 44.3563 -12.858 24.3563
3 16 44.3563 -12.858 27.5 44.3563 -12.858 24.3563 45.3354 -14.9286 27.5
3 16 45.3354 -14.9286 27.5 44.3563 -12.858 24.3563 45.3354 -14.9286 23.0803
3 16 45.3354 -14.9286 27.5 45.3354 -14.9286 23.0803 45.8302 -16.6942 27.5
3 16 45.8302 -16.6942 27.5 45.3354 -14.9286 23.0803 45.8302 -16.6942 21.875
3 16 36.4963 -5.4594 27.5 34.6196 -4.5072 27.5 35.6437 -7.684 24.3563
3 16 35.6437 -7.684 24.3563 34.6196 -4.5072 27.5 32.3848 -3.9917 26.0812
3 16 31.0636 -3.7972 24.4715 34.6647 -7.6868 23.0803 32.3848 -3.9917 26.0812
3 16 32.3848 -3.9917 26.0812 34.6647 -7.6868 23.0803 35.6437 -7.684 24.3563
3 16 30.1829 -3.7428 21.875 34.1749 -7.6881 21.8949 31.0636 -3.7972 24.4715
3 16 31.0636 -3.7972 24.4715 34.1749 -7.6881 21.8949 34.6647 -7.6868 23.0803
3 16 46.25 -24 27.5 30 -24 27.5 46.25 -19.2974 27.5
3 16 30 -3.7428 18.125 30 -24 18.125 30 -3.7428 10
3 16 30 -3.7428 10 30 -24 18.125 30 -24 1.8751
3 16 46.25 -18.4414 18.125 45.8605 -24 18.1249 45.8302 -16.6942 18.125
3 16 45.8605 -24 18.1249 46.25 -18.4414 18.125 46.25 -24 18.1249
3 16 45.3354 -28.6526 16.9196 45.8605 -24 18.1249 45.9508 -28.6526 18.4055
3 16 37.8543 -6.0473 27.5 40.2844 -7.6124 26.1607 41.5945 -8.8208 27.5
3 16 41.5945 -8.8208 27.5 40.2844 -7.6124 26.1607 41.5945 -8.8208 25.9508
3 16 38.4055 -7.7205 25.9508 37.8543 -6.0473 27.5 36.9197 -7.6804 25.3353
3 16 36.9197 -7.6804 25.3353 37.8543 -6.0473 27.5 36.4963 -5.4594 27.5
3 16 40.2844 -7.6124 26.1607 37.8543 -6.0473 27.5 38.4055 -7.7205 25.9508
3 16 30 -3.7428 21.875 30.1829 -3.7428 21.875 30 -3.7428 27.5
3 16 30 -3.7428 27.5 30.1829 -3.7428 21.875 31.0636 -3.7972 24.4715
3 16 32.3848 -3.9917 26.0812 34.6196 -4.5072 27.5 30 -3.7428 27.5
3 16 30 -3.7428 27.5 31.0636 -3.7972 24.4715 32.3848 -3.9917 26.0812
3 16 34.6647 -28.6526 23.0803 34.1759 -24 21.8973 34.0492 -28.6526 21.5945
3 16 -10 -24 27.5 -30 -24 30 -26.25 -24 27.5
3 16 -11.8519 -0.093 30 31.8519 -0.093 30 -10 0.0126 30
3 16 -10 0.0126 30 31.8519 -0.093 30 30 0.0126 30
3 16 46.25 -19.2974 27.5 46.25 -19.3312 21.875 46.25 -24 27.5
3 16 46.25 -24 27.5 46.25 -19.3312 21.875 46.25 -24 21.875
3 16 45.8302 -16.6942 21.875 45.8605 -24 21.875 46.25 -19.3312 21.875
3 16 46.25 -19.3312 21.875 45.8605 -24 21.875 46.25 -24 21.875
3 16 45.8302 -16.6942 27.5 45.8302 -16.6942 21.875 46.25 -19.2974 27.5
3 16 46.25 -19.2974 27.5 45.8302 -16.6942 21.875 46.25 -19.3312 21.875
3 16 45.3354 -28.6526 16.9196 45.3354 -14.9286 16.9196 45.8605 -24 18.1249
3 16 45.8605 -24 18.1249 45.3354 -14.9286 16.9196 45.8302 -16.6942 18.125
3 16 44.3563 -12.7046 15.6437 45.3354 -14.9286 16.9196 44.3563 -28.6526 15.6437
3 16 44.3563 -28.6526 15.6437 45.3354 -14.9286 16.9196 45.3354 -28.6526 16.9196
3 16 34.1749 -7.6881 18.105 34.6647 -7.6868 16.9196 34.1759 -24 18.1026
3 16 34.1759 -24 18.1026 34.6647 -7.6868 16.9196 34.6647 -28.6526 16.9196
3 16 30.1829 -3.7428 18.125 34.1749 -7.6881 18.105 30 -24 18.125
3 16 30 -24 18.125 34.1749 -7.6881 18.105 34.1759 -24 18.1026
3 16 38.4055 -28.6526 14.0492 36.9197 -28.6526 14.6646 38.4055 -7.7205 14.0492
3 16 38.4055 -7.7205 14.0492 36.9197 -28.6526 14.6646 36.9197 -7.6804 14.6646
3 16 45.3354 -28.6526 23.0803 45.8605 -24 21.875 45.3354 -14.9286 23.0803
3 16 45.3354 -14.9286 23.0803 45.8605 -24 21.875 45.8302 -16.6942 21.875
3 16 44.3563 -12.858 24.3563 44.3563 -28.6526 24.3563 45.3354 -14.9286 23.0803
3 16 45.3354 -14.9286 23.0803 44.3563 -28.6526 24.3563 45.3354 -28.6526 23.0803
3 16 43.0804 -10.6168 25.3353 43.0804 -28.6526 25.3353 44.3563 -12.858 24.3563
3 16 44.3563 -12.858 24.3563 43.0804 -28.6526 25.3353 44.3563 -28.6526 24.3563
3 16 41.5945 -8.8208 25.9508 41.5945 -28.6526 25.9508 43.0804 -10.6168 25.3353
3 16 43.0804 -10.6168 25.3353 41.5945 -28.6526 25.9508 43.0804 -28.6526 25.3353
3 16 40.2844 -7.6124 26.1607 40 -28.6526 26.1607 41.5945 -8.8208 25.9508
3 16 41.5945 -8.8208 25.9508 40 -28.6526 26.1607 41.5945 -28.6526 25.9508
3 16 38.4055 -28.6526 25.9508 40 -28.6526 26.1607 38.4055 -7.7205 25.9508
3 16 38.4055 -7.7205 25.9508 40 -28.6526 26.1607 40.2844 -7.6124 26.1607
3 16 36.9197 -7.6804 25.3353 36.9197 -28.6526 25.3353 38.4055 -7.7205 25.9508
3 16 38.4055 -7.7205 25.9508 36.9197 -28.6526 25.3353 38.4055 -28.6526 25.9508
3 16 35.6437 -7.684 24.3563 35.6437 -28.6526 24.3563 36.9197 -7.6804 25.3353
3 16 36.9197 -7.6804 25.3353 35.6437 -28.6526 24.3563 36.9197 -28.6526 25.3353
3 16 34.6647 -7.6868 23.0803 34.6647 -28.6526 23.0803 35.6437 -7.684 24.3563
3 16 35.6437 -7.684 24.3563 34.6647 -28.6526 23.0803 35.6437 -28.6526 24.3563
3 16 34.1749 -7.6881 21.8949 34.1759 -24 21.8973 34.6647 -7.6868 23.0803
3 16 34.6647 -7.6868 23.0803 34.1759 -24 21.8973 34.6647 -28.6526 23.0803
3 16 34.1749 -7.6881 21.8949 30 -24 21.875 34.1759 -24 21.8973
3 16 30 -24 21.875 34.1749 -7.6881 21.8949 30.1829 -3.7428 21.875
3 16 30 -24 21.875 30.1829 -3.7428 21.875 30 -3.7428 21.875
3 16 30 -3.7428 27.5 30 -24 21.875 30 -3.7428 21.875
3 16 30 -3.7428 27.5 30 -24 27.5 30 -24 21.875
3 16 34.5873 -5.25 23.125 33.75 -5.25 20 34.5874 -0.5528 23.125
3 16 34.5874 -0.5528 23.125 33.75 -5.25 20 33.75 -0.3947 20
3 16 34.5874 -0.5528 23.125 36.875 -1.2952 25.4127 34.5873 -5.25 23.125
3 16 34.5873 -5.25 23.125 36.875 -1.2952 25.4127 36.875 -5.25 25.4127
3 16 36.875 -1.2952 25.4127 40 -2.8295 26.25 36.875 -5.25 25.4127
3 16 36.875 -5.25 25.4127 40 -2.8295 26.25 40 -5.25 26.25
3 16 33.8393 -28.6526 20 35.9245 -28.4374 20 34.0492 -28.6526 21.5945
3 16 34.0492 -28.6526 21.5945 35.9245 -28.4374 20 36.4705 -28.4374 22.0378
3 16 33.8393 -28.6526 20 34.0492 -28.6526 18.4055 35.9245 -28.4374 20
3 16 35.9245 -28.4374 20 34.0492 -28.6526 18.4055 36.4705 -28.4374 17.9622
3 16 34.6647 -28.6526 16.9196 35.6437 -28.6526 15.6437 36.4705 -28.4374 17.9622
3 16 36.4705 -28.4374 17.9622 35.6437 -28.6526 15.6437 37.9623 -28.4374 16.4705
3 16 36.9197 -28.6526 14.6646 38.4055 -28.6526 14.0492 37.9623 -28.4374 16.4705
3 16 37.9623 -28.4374 16.4705 38.4055 -28.6526 14.0492 40 -28.4374 15.9245
3 16 40 -28.6526 13.8392 41.5945 -28.6526 14.0492 40 -28.4374 15.9245
3 16 40 -28.4374 15.9245 41.5945 -28.6526 14.0492 42.0377 -28.4374 16.4705
3 16 45.3354 -28.6526 16.9196 43.5295 -28.4374 17.9622 44.3563 -28.6526 15.6437
3 16 44.3563 -28.6526 15.6437 43.5295 -28.4374 17.9622 42.0377 -28.4374 16.4705
3 16 46.1607 -28.6526 20 44.0755 -28.4374 20 45.9508 -28.6526 18.4055
3 16 45.9508 -28.6526 18.4055 44.0755 -28.4374 20 43.5295 -28.4374 17.9622
3 16 45.3354 -28.6526 23.0803 43.5295 -28.4374 22.0378 45.9508 -28.6526 21.5945
3 16 45.9508 -28.6526 21.5945 43.5295 -28.4374 22.0378 44.0755 -28.4374 20
3 16 43.0804 -28.6526 25.3353 42.0377 -28.4374 23.5295 44.3563 -28.6526 24.3563
3 16 44.3563 -28.6526 24.3563 42.0377 -28.4374 23.5295 43.5295 -28.4374 22.0378
3 16 40 -28.6526 26.1607 40 -28.4374 24.0755 41.5945 -28.6526 25.9508
3 16 41.5945 -28.6526 25.9508 40 -28.4374 24.0755 42.0377 -28.4374 23.5295
3 16 36.9197 -28.6526 25.3353 37.9623 -28.4374 23.5295 38.4055 -28.6526 25.9508
3 16 38.4055 -28.6526 25.9508 37.9623 -28.4374 23.5295 40 -28.4374 24.0755
3 16 34.6647 -28.6526 23.0803 36.4705 -28.4374 22.0378 35.6437 -28.6526 24.3563
3 16 35.6437 -28.6526 24.3563 36.4705 -28.4374 22.0378 37.9623 -28.4374 23.5295
3 16 34.0492 -28.6526 18.4055 34.6647 -28.6526 16.9196 36.4705 -28.4374 17.9622
3 16 35.6437 -28.6526 15.6437 36.9197 -28.6526 14.6646 37.9623 -28.4374 16.4705
3 16 38.4055 -28.6526 14.0492 40 -28.6526 13.8392 40 -28.4374 15.9245
3 16 34.6647 -28.6526 23.0803 34.0492 -28.6526 21.5945 36.4705 -28.4374 22.0378
3 16 36.9197 -28.6526 25.3353 35.6437 -28.6526 24.3563 37.9623 -28.4374 23.5295
3 16 40 -28.6526 26.1607 38.4055 -28.6526 25.9508 40 -28.4374 24.0755
3 16 43.0804 -28.6526 25.3353 41.5945 -28.6526 25.9508 42.0377 -28.4374 23.5295
3 16 45.3354 -28.6526 23.0803 44.3563 -28.6526 24.3563 43.5295 -28.4374 22.0378
3 16 46.1607 -28.6526 20 45.9508 -28.6526 21.5945 44.0755 -28.4374 20
3 16 41.5945 -28.6526 14.0492 43.0804 -28.6526 14.6646 42.0377 -28.4374 16.4705
3 16 45.3354 -28.6526 16.9196 45.9508 -28.6526 18.4055 43.5295 -28.4374 17.9622
3 16 43.0804 -28.6526 14.6646 44.3563 -28.6526 15.6437 42.0377 -28.4374 16.4705
3 16 46.25 -18.4414 18.125 45.8302 -16.6942 18.125 46.25 -18.4414 1.8751
3 16 46.25 -18.4414 1.8751 45.8302 -16.6942 18.125 45.8302 -16.6942 1.875
3 16 46.1607 -24 20 45.8605 -24 18.1249 46.25 -24 18.1249
3 16 46.25 -24 21.875 45.8605 -24 21.875 46.1607 -24 20
3 16 31.176 -3.8075 15.4024 30 -3.7428 10 31.176 -3.8075 4.5976
3 16 35.9245 -24 0 35.9245 -28.4374 0 36.4705 -24 -2.0378
3 16 36.4705 -24 -2.0378 35.9245 -28.4374 0 36.4705 -28.4374 -2.0378
3 16 40 -24 -4.0755 40 -28.4374 -4.0755 42.0377 -24 -3.5295
3 16 42.0377 -24 -3.5295 40 -28.4374 -4.0755 42.0377 -28.4374 -3.5295
3 16 44.0755 -24 0 44.0755 -28.4374 0 43.5295 -24 2.0378
3 16 43.5295 -24 2.0378 44.0755 -28.4374 0 43.5295 -28.4374 2.0378
3 16 40 -24 4.0755 40 -28.4374 4.0755 37.9623 -24 3.5295
3 16 37.9623 -24 3.5295 40 -28.4374 4.0755 37.9623 -28.4374 3.5295
3 16 37.9623 -24 3.5295 37.9623 -28.4374 3.5295 36.4705 -24 2.0378
3 16 36.4705 -24 2.0378 37.9623 -28.4374 3.5295 36.4705 -28.4374 2.0378
3 16 42.0377 -24 3.5295 42.0377 -28.4374 3.5295 40 -24 4.0755
3 16 40 -24 4.0755 42.0377 -28.4374 3.5295 40 -28.4374 4.0755
3 16 43.5295 -24 2.0378 43.5295 -28.4374 2.0378 42.0377 -24 3.5295
3 16 42.0377 -24 3.5295 43.5295 -28.4374 2.0378 42.0377 -28.4374 3.5295
3 16 43.5295 -24 -2.0378 43.5295 -28.4374 -2.0378 44.0755 -24 0
3 16 44.0755 -24 0 43.5295 -28.4374 -2.0378 44.0755 -28.4374 0
3 16 42.0377 -24 -3.5295 42.0377 -28.4374 -3.5295 43.5295 -24 -2.0378
3 16 43.5295 -24 -2.0378 42.0377 -28.4374 -3.5295 43.5295 -28.4374 -2.0378
3 16 37.9623 -24 -3.5295 37.9623 -28.4374 -3.5295 40 -24 -4.0755
3 16 40 -24 -4.0755 37.9623 -28.4374 -3.5295 40 -28.4374 -4.0755
3 16 36.4705 -24 -2.0378 36.4705 -28.4374 -2.0378 37.9623 -24 -3.5295
3 16 37.9623 -24 -3.5295 36.4705 -28.4374 -2.0378 37.9623 -28.4374 -3.5295
3 16 42.9835 -12.4458 -1.7225 43.445 -14.0245 0 41.7225 -10.3903 0
3 16 38.2775 -8.1196 0 37.0165 -8.1062 -1.7225 38.2775 -8.1196 -2.9835
3 16 38.2775 -8.1196 0 37.0165 -8.1062 1.7225 36.555 -8.1062 0
3 16 41.7225 -10.3903 0 42.9835 -12.4458 1.7225 41.7225 -10.3903 2.9835
3 16 41.7225 -10.3903 -2.9835 41.7225 -24 -2.9835 42.9835 -12.4458 -1.7225
3 16 42.9835 -12.4458 -1.7225 41.7225 -24 -2.9835 42.9835 -24 -1.7225
3 16 40 -8.8928 -3.445 40 -24 -3.445 41.7225 -10.3903 -2.9835
3 16 41.7225 -10.3903 -2.9835 40 -24 -3.445 41.7225 -24 -2.9835
3 16 38.2775 -8.1196 -2.9835 38.2775 -24 -2.9835 40 -8.8928 -3.445
3 16 40 -8.8928 -3.445 38.2775 -24 -2.9835 40 -24 -3.445
3 16 37.0165 -8.1062 -1.7225 37.0165 -24 -1.7225 38.2775 -8.1196 -2.9835
3 16 38.2775 -8.1196 -2.9835 37.0165 -24 -1.7225 38.2775 -24 -2.9835
3 16 36.555 -8.1062 0 36.555 -24 0 37.0165 -8.1062 -1.7225
3 16 37.0165 -8.1062 -1.7225 36.555 -24 0 37.0165 -24 -1.7225
3 16 37.0165 -8.1062 1.7225 37.0165 -24 1.7225 36.555 -8.1062 0
3 16 36.555 -8.1062 0 37.0165 -24 1.7225 36.555 -24 0
3 16 38.2775 -24 2.9835 37.0165 -24 1.7225 38.2775 -8.1196 2.9835
3 16 38.2775 -8.1196 2.9835 37.0165 -24 1.7225 37.0165 -8.1062 1.7225
3 16 40 -24 3.445 38.2775 -24 2.9835 40 -8.8928 3.445
3 16 40 -8.8928 3.445 38.2775 -24 2.9835 38.2775 -8.1196 2.9835
3 16 41.7225 -24 2.9835 40 -24 3.445 41.7225 -10.3903 2.9835
3 16 41.7225 -10.3903 2.9835 40 -24 3.445 40 -8.8928 3.445
3 16 42.9835 -24 1.7225 41.7225 -24 2.9835 42.9835 -12.4458 1.7225
3 16 42.9835 -12.4458 1.7225 41.7225 -24 2.9835 41.7225 -10.3903 2.9835
3 16 43.445 -24 0 42.9835 -24 1.7225 43.445 -14.0245 0
3 16 43.445 -14.0245 0 42.9835 -24 1.7225 42.9835 -12.4458 1.7225
3 16 42.9835 -12.4458 -1.7225 42.9835 -24 -1.7225 43.445 -14.0245 0
3 16 43.445 -14.0245 0 42.9835 -24 -1.7225 43.445 -24 0
3 16 36.4705 -24 2.0378 36.4705 -28.4374 2.0378 35.9245 -24 0
3 16 35.9245 -24 0 36.4705 -28.4374 2.0378 35.9245 -28.4374 0
3 16 41.7225 -10.3903 0 41.7225 -10.3903 -2.9835 42.9835 -12.4458 -1.7225
3 16 41.7225 -10.3903 0 40 -8.8928 0 41.7225 -10.3903 -2.9835
3 16 41.7225 -10.3903 -2.9835 40 -8.8928 0 40 -8.8928 -3.445
3 16 38.2775 -8.1196 0 38.2775 -8.1196 -2.9835 40 -8.8928 0
3 16 40 -8.8928 0 38.2775 -8.1196 -2.9835 40 -8.8928 -3.445
3 16 38.2775 -8.1196 0 36.555 -8.1062 0 37.0165 -8.1062 -1.7225
3 16 38.2775 -8.1196 0 38.2775 -8.1196 2.9835 37.0165 -8.1062 1.7225
3 16 38.2775 -8.1196 0 40 -8.8928 0 38.2775 -8.1196 2.9835
3 16 38.2775 -8.1196 2.9835 40 -8.8928 0 40 -8.8928 3.445
3 16 41.7225 -10.3903 0 41.7225 -10.3903 2.9835 40 -8.8928 0
3 16 40 -8.8928 0 41.7225 -10.3903 2.9835 40 -8.8928 3.445
3 16 41.7225 -10.3903 0 43.445 -14.0245 0 42.9835 -12.4458 1.7225
3 16 43.5295 -24 -2.0378 44.0755 -24 0 42.9835 -24 -1.7225
3 16 42.9835 -24 -1.7225 44.0755 -24 0 43.445 -24 0
3 16 42.0377 -24 -3.5295 43.5295 -24 -2.0378 41.7225 -24 -2.9835
3 16 41.7225 -24 -2.9835 43.5295 -24 -2.0378 42.9835 -24 -1.7225
3 16 40 -24 -4.0755 42.0377 -24 -3.5295 40 -24 -3.445
3 16 40 -24 -3.445 42.0377 -24 -3.5295 41.7225 -24 -2.9835
3 16 37.9623 -24 -3.5295 40 -24 -4.0755 38.2775 -24 -2.9835
3 16 38.2775 -24 -2.9835 40 -24 -4.0755 40 -24 -3.445
3 16 36.4705 -24 -2.0378 37.9623 -24 -3.5295 37.0165 -24 -1.7225
3 16 37.0165 -24 -1.7225 37.9623 -24 -3.5295 38.2775 -24 -2.9835
3 16 35.9245 -24 0 36.4705 -24 -2.0378 36.555 -24 0
3 16 36.555 -24 0 36.4705 -24 -2.0378 37.0165 -24 -1.7225
3 16 36.4705 -24 2.0378 35.9245 -24 0 37.0165 -24 1.7225
3 16 37.0165 -24 1.7225 35.9245 -24 0 36.555 -24 0
3 16 37.9623 -24 3.5295 36.4705 -24 2.0378 38.2775 -24 2.9835
3 16 38.2775 -24 2.9835 36.4705 -24 2.0378 37.0165 -24 1.7225
3 16 40 -24 4.0755 37.9623 -24 3.5295 40 -24 3.445
3 16 40 -24 3.445 37.9623 -24 3.5295 38.2775 -24 2.9835
3 16 42.0377 -24 3.5295 40 -24 4.0755 41.7225 -24 2.9835
3 16 41.7225 -24 2.9835 40 -24 4.0755 40 -24 3.445
3 16 43.5295 -24 2.0378 42.0377 -24 3.5295 42.9835 -24 1.7225
3 16 42.9835 -24 1.7225 42.0377 -24 3.5295 41.7225 -24 2.9835
3 16 43.445 -24 0 44.0755 -24 0 42.9835 -24 1.7225
3 16 42.9835 -24 1.7225 44.0755 -24 0 43.5295 -24 2.0378
3 16 40 -2.8295 13.75 40 -2.8295 6.25 36.875 -1.2952 14.5873
3 16 36.875 -1.2952 14.5873 40 -2.8295 6.25 36.875 -1.2952 5.4127
3 16 36.875 -1.2952 14.5873 36.875 -1.2952 5.4127 34.5874 -0.5528 16.875
3 16 34.5874 -0.5528 16.875 36.875 -1.2952 5.4127 34.5874 -0.5528 3.125
3 16 47.009 -9.7631 30 47.009 -9.7631 -10 44.5933 -6.4962 10
3 16 44.5933 -6.4962 10 47.009 -9.7631 -10 44.5933 -6.4962 -10
3 16 36.875 -1.2952 5.4127 40 -2.8295 6.25 36.875 -5.25 5.4127
3 16 36.875 -5.25 5.4127 40 -2.8295 6.25 40 -5.25 6.25
3 16 43.3545 -5.2374 5.421 40 -5.25 6.25 40 -2.8295 6.25
3 16 36.875 -5.25 5.4127 34.5873 -5.25 3.125 36.875 -1.2952 5.4127
3 16 36.875 -1.2952 5.4127 34.5873 -5.25 3.125 34.5874 -0.5528 3.125
3 16 43.3545 -5.2374 0 34.5873 -5.25 3.125 36.875 -5.25 5.4127
3 16 34.5873 -5.25 3.125 33.75 -5.25 0 34.5874 -0.5528 3.125
3 16 34.5874 -0.5528 3.125 33.75 -5.25 0 33.75 -0.3947 0
3 16 43.3545 -5.2374 5.421 44.5933 -6.4962 10 43.3545 -5.2374 0
3 16 43.3545 -5.2374 0 44.5933 -6.4962 10 44.5933 -6.4962 -10
3 16 44.5933 -6.4962 10 43.3545 -5.2374 5.421 43.3545 -5.2374 14.579
3 16 43.3545 -5.2374 0 40 -5.25 6.25 43.3545 -5.2374 5.421
3 16 43.3545 -5.2374 0 36.875 -5.25 5.4127 40 -5.25 6.25
3 16 33.75 -5.25 0 34.5873 -5.25 3.125 43.3545 -5.2374 0
3 16 43.3545 -5.2374 0 40 -5.25 -6.25 36.875 -5.25 -5.4127
3 16 43.3545 -5.2374 0 43.3545 -5.2374 -5.421 40 -5.25 -6.25
3 16 43.3545 -5.2374 0 44.5933 -6.4962 -10 43.3545 -5.2374 -5.421
3 16 40 -2.8295 -6.25 43.3545 -5.2374 -5.421 40.9115 -3.3403 -10
3 16 40.9115 -3.3403 -10 43.3545 -5.2374 -5.421 44.5933 -6.4962 -10
3 16 43.3545 -5.2374 0 36.875 -5.25 -5.4127 34.5873 -5.25 -3.125
3 16 33.75 -5.25 0 43.3545 -5.2374 0 34.5873 -5.25 -3.125
3 16 43.3545 -5.2374 -5.421 40 -2.8295 -6.25 40 -5.25 -6.25
3 16 50 -18.6658 30 50 -18.6658 -10 49.0243 -14.0272 30
3 16 49.0243 -14.0272 30 50 -18.6658 -10 49.0243 -14.0272 -10
3 16 49.0243 -14.0272 30 49.0243 -14.0272 -10 47.009 -9.7631 30
3 16 47.009 -9.7631 30 49.0243 -14.0272 -10 47.009 -9.7631 -10
3 16 44.3563 -28.6526 4.3563 44.3563 -12.7046 4.3563 43.0804 -28.6526 5.3354
3 16 43.0804 -28.6526 5.3354 44.3563 -12.7046 4.3563 43.0804 -10.6168 5.3354
3 16 43.0804 -28.6526 5.3354 43.0804 -10.6168 5.3354 41.5945 -28.6526 5.9508
3 16 41.5945 -28.6526 5.9508 43.0804 -10.6168 5.3354 41.5945 -8.8334 5.9508
3 16 41.5945 -28.6526 5.9508 41.5945 -8.8334 5.9508 40 -28.6526 6.1608
3 16 40 -28.6526 6.1608 41.5945 -8.8334 5.9508 40 -7.6124 6.1608
3 16 38.4055 -28.6526 5.9508 40 -28.6526 6.1608 38.4055 -7.7205 5.9508
3 16 38.4055 -7.7205 5.9508 40 -28.6526 6.1608 40 -7.6124 6.1608
3 16 35.6437 -28.6526 4.3563 36.9197 -28.6526 5.3354 35.6437 -7.684 4.3563
3 16 35.6437 -7.684 4.3563 36.9197 -28.6526 5.3354 36.9197 -7.6804 5.3354
3 16 34.6647 -28.6526 3.0804 35.6437 -28.6526 4.3563 34.6647 -7.6868 3.0804
3 16 34.6647 -7.6868 3.0804 35.6437 -28.6526 4.3563 35.6437 -7.684 4.3563
3 16 45.8302 -16.6942 -7.5 30 -24 -7.5 46.25 -19.2974 -7.5
3 16 37.8543 -6.0473 -7.5 36.4963 -5.4594 -7.5 30 -24 -7.5
3 16 30 -24 -7.5 36.4963 -5.4594 -7.5 34.6196 -4.5072 -7.5
3 16 30 -24 -7.5 34.6196 -4.5072 -7.5 30 -3.7428 -7.5
3 16 45.3354 -14.9286 -7.5 30 -24 -7.5 45.8302 -16.6942 -7.5
3 16 44.3563 -12.858 -7.5 30 -24 -7.5 45.3354 -14.9286 -7.5
3 16 43.0804 -10.6168 -7.5 30 -24 -7.5 44.3563 -12.858 -7.5
3 16 41.5945 -8.8208 -7.5 30 -24 -7.5 43.0804 -10.6168 -7.5
3 16 37.8543 -6.0473 -7.5 30 -24 -7.5 41.5945 -8.8208 -7.5
3 16 30 0.0126 30 30 0.0126 -10 26.25 0 26.25
3 16 26.25 0 26.25 30 0.0126 -10 26.25 0 -6.25
3 16 36.875 -1.2952 -5.4127 40 -2.8295 -6.25 36.6398 -1.2017 -10
3 16 36.6398 -1.2017 -10 40 -2.8295 -6.25 40.9115 -3.3403 -10
3 16 34.5874 -0.5528 -3.125 36.875 -1.2952 -5.4127 31.8519 -0.093 -10
3 16 31.8519 -0.093 -10 36.875 -1.2952 -5.4127 36.6398 -1.2017 -10
3 16 26.25 0 26.25 26.25 0 -6.25 26.25 -21.25 26.25
3 16 26.25 -21.25 26.25 26.25 0 -6.25 26.25 -21.25 -6.25
3 16 30 -24 1.8751 30.1829 -3.7428 1.875 30 -3.7428 1.875
3 16 33.8393 -28.6526 0 34.0492 -28.6526 1.5945 33.8393 -24 0
3 16 33.8393 -24 0 34.0492 -28.6526 1.5945 34.1759 -24 1.8974
3 16 45.8605 -24 1.8751 45.9508 -28.6526 1.5945 46.1607 -24 0
3 16 46.1607 -24 0 45.9508 -28.6526 1.5945 46.1607 -28.6526 0
3 16 34.1759 -24 1.8974 34.0492 -28.6526 1.5945 34.6647 -28.6526 3.0804
3 16 35.6437 -7.684 4.3563 33.1634 -4.1399 6.7299 34.6647 -7.6868 3.0804
3 16 34.6647 -7.6868 3.0804 33.1634 -4.1399 6.7299 31.176 -3.8075 4.5976
3 16 36.9197 -7.6804 5.3354 35.4771 -4.8046 7.7341 35.6437 -7.684 4.3563
3 16 35.6437 -7.684 4.3563 35.4771 -4.8046 7.7341 33.1634 -4.1399 6.7299
3 16 38.4055 -7.7205 5.9508 38.3973 -6.2467 7.4083 36.9197 -7.6804 5.3354
3 16 36.9197 -7.6804 5.3354 38.3973 -6.2467 7.4083 35.4771 -4.8046 7.7341
3 16 34.6647 -7.6868 3.0804 31.176 -3.8075 4.5976 34.1749 -7.6881 1.895
3 16 34.1749 -7.6881 1.895 31.176 -3.8075 4.5976 30.1829 -3.7428 1.875
3 16 40 -7.6124 6.1608 38.3973 -6.2467 7.4083 38.4055 -7.7205 5.9508
3 16 40 -7.625 13.8392 40 -7.6124 6.1608 41.5945 -8.8208 14.0492
3 16 41.5945 -8.8208 14.0492 40 -7.6124 6.1608 41.5945 -8.8334 5.9508
3 16 33.1634 -4.1399 13.2701 33.1634 -4.1399 6.7299 35.4771 -4.8046 12.2659
3 16 35.4771 -4.8046 12.2659 33.1634 -4.1399 6.7299 35.4771 -4.8046 7.7341
3 16 31.176 -3.8075 15.4024 31.176 -3.8075 4.5976 33.1634 -4.1399 13.2701
3 16 33.1634 -4.1399 13.2701 31.176 -3.8075 4.5976 33.1634 -4.1399 6.7299
3 16 30 -3.7428 1.875 30.1829 -3.7428 1.875 30 -3.7428 10
3 16 30.1829 -3.7428 1.875 31.176 -3.8075 4.5976 30 -3.7428 10
3 16 34.1759 -24 -1.8973 34.0492 -28.6526 -1.5945 33.8393 -24 0
3 16 33.8393 -24 0 34.0492 -28.6526 -1.5945 33.8393 -28.6526 0
3 16 45.8605 -24 -1.875 46.1607 -24 0 45.9508 -28.6526 -1.5945
3 16 45.9508 -28.6526 -1.5945 46.1607 -24 0 46.1607 -28.6526 0
3 16 45.8605 -24 -1.875 45.9508 -28.6526 -1.5945 45.3354 -28.6526 -3.0803
3 16 30 -24 1.8751 30 -24 -1.875 33.8393 -24 0
3 16 33.8393 -24 0 30 -24 -1.875 34.1759 -24 -1.8973
3 16 36.9197 -7.6804 -5.3353 35.6437 -7.684 -4.3563 36.4963 -5.4594 -7.5
3 16 43.0804 -10.6168 -5.3353 41.5945 -8.8208 -5.9508 43.0804 -10.6168 -7.5
3 16 43.0804 -10.6168 -7.5 41.5945 -8.8208 -5.9508 41.5945 -8.8208 -7.5
3 16 44.3563 -12.858 -4.3563 43.0804 -10.6168 -5.3353 44.3563 -12.858 -7.5
3 16 44.3563 -12.858 -7.5 43.0804 -10.6168 -5.3353 43.0804 -10.6168 -7.5
3 16 45.3354 -14.9286 -3.0803 44.3563 -12.858 -4.3563 45.3354 -14.9286 -7.5
3 16 45.3354 -14.9286 -7.5 44.3563 -12.858 -4.3563 44.3563 -12.858 -7.5
3 16 45.8302 -16.6942 -1.875 45.3354 -14.9286 -3.0803 45.8302 -16.6942 -7.5
3 16 45.8302 -16.6942 -7.5 45.3354 -14.9286 -3.0803 45.3354 -14.9286 -7.5
3 16 36.4963 -5.4594 -7.5 35.6437 -7.684 -4.3563 34.6196 -4.5072 -7.5
3 16 34.6196 -4.5072 -7.5 35.6437 -7.684 -4.3563 32.3848 -3.9917 -6.0812
3 16 35.6437 -7.684 -4.3563 34.6647 -7.6868 -3.0803 32.3848 -3.9917 -6.0812
3 16 32.3848 -3.9917 -6.0812 34.6647 -7.6868 -3.0803 31.0636 -3.7972 -4.4715
3 16 34.6647 -7.6868 -3.0803 34.1749 -7.6881 -1.8949 31.0636 -3.7972 -4.4715
3 16 31.0636 -3.7972 -4.4715 34.1749 -7.6881 -1.8949 30.1829 -3.7428 -1.875
3 16 46.25 -24 -7.5 46.25 -19.2974 -7.5 30 -24 -7.5
3 16 30 -3.7428 10 30 -24 1.8751 30 -3.7428 1.875
3 16 46.25 -18.4414 1.8751 45.8302 -16.6942 1.875 45.8605 -24 1.8751
3 16 45.8605 -24 1.8751 46.25 -24 1.8751 46.25 -18.4414 1.8751
3 16 45.3354 -28.6526 3.0804 45.9508 -28.6526 1.5945 45.8605 -24 1.8751
3 16 41.5945 -8.8208 -5.9508 40.2844 -7.6124 -6.1607 41.5945 -8.8208 -7.5
3 16 41.5945 -8.8208 -7.5 40.2844 -7.6124 -6.1607 37.8543 -6.0473 -7.5
3 16 38.4055 -7.7205 -5.9508 36.9197 -7.6804 -5.3353 37.8543 -6.0473 -7.5
3 16 37.8543 -6.0473 -7.5 36.9197 -7.6804 -5.3353 36.4963 -5.4594 -7.5
3 16 40.2844 -7.6124 -6.1607 38.4055 -7.7205 -5.9508 37.8543 -6.0473 -7.5
3 16 30 -3.7428 -1.875 30 -3.7428 -7.5 30.1829 -3.7428 -1.875
3 16 30 -3.7428 -7.5 31.0636 -3.7972 -4.4715 30.1829 -3.7428 -1.875
3 16 32.3848 -3.9917 -6.0812 30 -3.7428 -7.5 34.6196 -4.5072 -7.5
3 16 30 -3.7428 -7.5 32.3848 -3.9917 -6.0812 31.0636 -3.7972 -4.4715
3 16 34.6647 -28.6526 -3.0803 34.0492 -28.6526 -1.5945 34.1759 -24 -1.8973
3 16 -30 -24 -10 -30 -18.6658 -10 50 -24 -10
3 16 50 -24 -10 -30 -18.6658 -10 50 -18.6658 -10
3 16 46.25 -24 -1.875 46.25 -19.3312 -1.875 46.25 -24 -7.5
3 16 46.25 -24 -7.5 46.25 -19.3312 -1.875 46.25 -19.2974 -7.5
3 16 45.8302 -16.6942 -1.875 46.25 -19.3312 -1.875 45.8605 -24 -1.875
3 16 46.25 -19.3312 -1.875 46.25 -24 -1.875 45.8605 -24 -1.875
3 16 46.25 -19.3312 -1.875 45.8302 -16.6942 -1.875 46.25 -19.2974 -7.5
3 16 46.25 -19.2974 -7.5 45.8302 -16.6942 -1.875 45.8302 -16.6942 -7.5
3 16 45.3354 -28.6526 3.0804 45.8605 -24 1.8751 45.3354 -14.9286 3.0804
3 16 45.3354 -14.9286 3.0804 45.8605 -24 1.8751 45.8302 -16.6942 1.875
3 16 45.3354 -28.6526 3.0804 45.3354 -14.9286 3.0804 44.3563 -28.6526 4.3563
3 16 44.3563 -28.6526 4.3563 45.3354 -14.9286 3.0804 44.3563 -12.7046 4.3563
3 16 34.6647 -28.6526 3.0804 34.6647 -7.6868 3.0804 34.1759 -24 1.8974
3 16 34.1759 -24 1.8974 34.6647 -7.6868 3.0804 34.1749 -7.6881 1.895
3 16 34.1759 -24 1.8974 34.1749 -7.6881 1.895 30 -24 1.8751
3 16 30 -24 1.8751 34.1749 -7.6881 1.895 30.1829 -3.7428 1.875
3 16 38.4055 -28.6526 5.9508 38.4055 -7.7205 5.9508 36.9197 -28.6526 5.3354
3 16 36.9197 -28.6526 5.3354 38.4055 -7.7205 5.9508 36.9197 -7.6804 5.3354
3 16 45.8302 -16.6942 -1.875 45.8605 -24 -1.875 45.3354 -14.9286 -3.0803
3 16 45.3354 -14.9286 -3.0803 45.8605 -24 -1.875 45.3354 -28.6526 -3.0803
3 16 44.3563 -12.858 -4.3563 45.3354 -14.9286 -3.0803 44.3563 -28.6526 -4.3563
3 16 44.3563 -28.6526 -4.3563 45.3354 -14.9286 -3.0803 45.3354 -28.6526 -3.0803
3 16 43.0804 -10.6168 -5.3353 44.3563 -12.858 -4.3563 43.0804 -28.6526 -5.3353
3 16 43.0804 -28.6526 -5.3353 44.3563 -12.858 -4.3563 44.3563 -28.6526 -4.3563
3 16 41.5945 -8.8208 -5.9508 43.0804 -10.6168 -5.3353 41.5945 -28.6526 -5.9508
3 16 41.5945 -28.6526 -5.9508 43.0804 -10.6168 -5.3353 43.0804 -28.6526 -5.3353
3 16 40.2844 -7.6124 -6.1607 41.5945 -8.8208 -5.9508 40 -28.6526 -6.1607
3 16 40 -28.6526 -6.1607 41.5945 -8.8208 -5.9508 41.5945 -28.6526 -5.9508
3 16 40.2844 -7.6124 -6.1607 40 -28.6526 -6.1607 38.4055 -7.7205 -5.9508
3 16 38.4055 -7.7205 -5.9508 40 -28.6526 -6.1607 38.4055 -28.6526 -5.9508
3 16 36.9197 -7.6804 -5.3353 38.4055 -7.7205 -5.9508 36.9197 -28.6526 -5.3353
3 16 36.9197 -28.6526 -5.3353 38.4055 -7.7205 -5.9508 38.4055 -28.6526 -5.9508
3 16 35.6437 -7.684 -4.3563 36.9197 -7.6804 -5.3353 35.6437 -28.6526 -4.3563
3 16 35.6437 -28.6526 -4.3563 36.9197 -7.6804 -5.3353 36.9197 -28.6526 -5.3353
3 16 34.6647 -7.6868 -3.0803 35.6437 -7.684 -4.3563 34.6647 -28.6526 -3.0803
3 16 34.6647 -28.6526 -3.0803 35.6437 -7.684 -4.3563 35.6437 -28.6526 -4.3563
3 16 34.1749 -7.6881 -1.8949 34.6647 -7.6868 -3.0803 34.1759 -24 -1.8973
3 16 34.1759 -24 -1.8973 34.6647 -7.6868 -3.0803 34.6647 -28.6526 -3.0803
3 16 34.1749 -7.6881 -1.8949 34.1759 -24 -1.8973 30 -24 -1.875
3 16 30 -24 -1.875 30.1829 -3.7428 -1.875 34.1749 -7.6881 -1.8949
3 16 30 -24 -1.875 30 -3.7428 -1.875 30.1829 -3.7428 -1.875
3 16 30 -3.7428 -7.5 30 -3.7428 -1.875 30 -24 -1.875
3 16 30 -3.7428 -7.5 30 -24 -1.875 30 -24 -7.5
3 16 33.75 -0.3947 0 33.75 -5.25 0 34.5874 -0.5528 -3.125
3 16 34.5874 -0.5528 -3.125 33.75 -5.25 0 34.5873 -5.25 -3.125
3 16 34.5874 -0.5528 -3.125 34.5873 -5.25 -3.125 36.875 -1.2952 -5.4127
3 16 36.875 -1.2952 -5.4127 34.5873 -5.25 -3.125 36.875 -5.25 -5.4127
3 16 40 -5.25 -6.25 40 -2.8295 -6.25 36.875 -5.25 -5.4127
3 16 36.875 -5.25 -5.4127 40 -2.8295 -6.25 36.875 -1.2952 -5.4127
3 16 36.4705 -28.4374 -2.0378 35.9245 -28.4374 0 34.0492 -28.6526 -1.5945
3 16 34.0492 -28.6526 -1.5945 35.9245 -28.4374 0 33.8393 -28.6526 0
3 16 33.8393 -28.6526 0 35.9245 -28.4374 0 34.0492 -28.6526 1.5945
3 16 34.0492 -28.6526 1.5945 35.9245 -28.4374 0 36.4705 -28.4374 2.0378
3 16 34.6647 -28.6526 3.0804 36.4705 -28.4374 2.0378 35.6437 -28.6526 4.3563
3 16 35.6437 -28.6526 4.3563 36.4705 -28.4374 2.0378 37.9623 -28.4374 3.5295
3 16 36.9197 -28.6526 5.3354 37.9623 -28.4374 3.5295 38.4055 -28.6526 5.9508
3 16 38.4055 -28.6526 5.9508 37.9623 -28.4374 3.5295 40 -28.4374 4.0755
3 16 40 -28.6526 6.1608 40 -28.4374 4.0755 41.5945 -28.6526 5.9508
3 16 41.5945 -28.6526 5.9508 40 -28.4374 4.0755 42.0377 -28.4374 3.5295
3 16 42.0377 -28.4374 3.5295 43.5295 -28.4374 2.0378 44.3563 -28.6526 4.3563
3 16 44.3563 -28.6526 4.3563 43.5295 -28.4374 2.0378 45.3354 -28.6526 3.0804
3 16 43.5295 -28.4374 2.0378 44.0755 -28.4374 0 45.9508 -28.6526 1.5945
3 16 45.9508 -28.6526 1.5945 44.0755 -28.4374 0 46.1607 -28.6526 0
3 16 44.0755 -28.4374 0 43.5295 -28.4374 -2.0378 45.9508 -28.6526 -1.5945
3 16 45.9508 -28.6526 -1.5945 43.5295 -28.4374 -2.0378 45.3354 -28.6526 -3.0803
3 16 43.5295 -28.4374 -2.0378 42.0377 -28.4374 -3.5295 44.3563 -28.6526 -4.3563
3 16 44.3563 -28.6526 -4.3563 42.0377 -28.4374 -3.5295 43.0804 -28.6526 -5.3353
3 16 42.0377 -28.4374 -3.5295 40 -28.4374 -4.0755 41.5945 -28.6526 -5.9508
3 16 41.5945 -28.6526 -5.9508 40 -28.4374 -4.0755 40 -28.6526 -6.1607
3 16 40 -28.4374 -4.0755 37.9623 -28.4374 -3.5295 38.4055 -28.6526 -5.9508
3 16 38.4055 -28.6526 -5.9508 37.9623 -28.4374 -3.5295 36.9197 -28.6526 -5.3353
3 16 37.9623 -28.4374 -3.5295 36.4705 -28.4374 -2.0378 35.6437 -28.6526 -4.3563
3 16 35.6437 -28.6526 -4.3563 36.4705 -28.4374 -2.0378 34.6647 -28.6526 -3.0803
3 16 34.0492 -28.6526 1.5945 36.4705 -28.4374 2.0378 34.6647 -28.6526 3.0804
3 16 35.6437 -28.6526 4.3563 37.9623 -28.4374 3.5295 36.9197 -28.6526 5.3354
3 16 38.4055 -28.6526 5.9508 40 -28.4374 4.0755 40 -28.6526 6.1608
3 16 34.6647 -28.6526 -3.0803 36.4705 -28.4374 -2.0378 34.0492 -28.6526 -1.5945
3 16 36.9197 -28.6526 -5.3353 37.9623 -28.4374 -3.5295 35.6437 -28.6526 -4.3563
3 16 40 -28.6526 -6.1607 40 -28.4374 -4.0755 38.4055 -28.6526 -5.9508
3 16 43.0804 -28.6526 -5.3353 42.0377 -28.4374 -3.5295 41.5945 -28.6526 -5.9508
3 16 45.3354 -28.6526 -3.0803 43.5295 -28.4374 -2.0378 44.3563 -28.6526 -4.3563
3 16 46.1607 -28.6526 0 44.0755 -28.4374 0 45.9508 -28.6526 -1.5945
3 16 41.5945 -28.6526 5.9508 42.0377 -28.4374 3.5295 43.0804 -28.6526 5.3354
3 16 45.3354 -28.6526 3.0804 43.5295 -28.4374 2.0378 45.9508 -28.6526 1.5945
3 16 43.0804 -28.6526 5.3354 42.0377 -28.4374 3.5295 44.3563 -28.6526 4.3563
3 16 38.3973 -6.2467 12.5918 38.3973 -6.2467 7.4083 40 -7.625 13.8392
3 16 40 -7.625 13.8392 38.3973 -6.2467 7.4083 40 -7.6124 6.1608
3 16 30 -24 21.875 30 -24 18.125 33.8393 -24 20
3 16 33.8393 -24 20 30 -24 18.125 34.1759 -24 18.1026
3 16 30 -24 21.875 33.8393 -24 20 34.1759 -24 21.8973
3 16 30 -24 1.8751 33.8393 -24 0 34.1759 -24 1.8974
3 16 43.3545 -5.2374 14.579 43.3545 -5.2374 5.421 40 -2.8295 13.75
3 16 40 -2.8295 13.75 43.3545 -5.2374 5.421 40 -2.8295 6.25
3 16 47.009 -9.7631 30 44.5933 -6.4962 10 44.5933 -6.4962 30
3 16 -24.5933 -6.4962 10 -23.3545 -5.2374 14.579 -23.3545 -5.2374 5.421
3 16 -16.875 -1.2952 14.5873 -14.5873 -0.5528 16.875 -16.875 -1.2952 5.4127
3 16 -16.875 -1.2952 5.4127 -14.5873 -0.5528 16.875 -14.5873 -0.5528 3.125
3 16 -26.25 -24 -1.875 -30 -24 -10 -26.25 -24 -7.5
3 16 46.25 -24 21.875 50 -24 30 46.25 -24 27.5
3 16 -30 -24 30 -26.25 -24 21.875 -26.25 -24 27.5
3 16 -26.1607 -24 20 -30 -24 30 -26.25 -24 18.1249
3 16 46.25 -24 1.8751 50 -24 -10 46.25 -24 18.1249
3 16 46.25 -24 18.1249 50 -24 -10 50 -24 30
3 16 -30 -24 -10 -26.25 -24 1.8751 -30 -24 30
3 16 -30 -24 30 -26.25 -24 1.8751 -26.25 -24 18.1249
3 16 46.25 -24 -1.875 50 -24 -10 46.1607 -24 0
3 16 46.25 -24 -1.875 46.25 -24 -7.5 50 -24 -10
3 16 46.1607 -24 0 50 -24 -10 46.25 -24 1.8751
3 16 -26.1607 -24 20 -26.25 -24 18.1249 -25.8605 -24 18.1249
3 16 -26.25 -24 21.875 -26.1607 -24 20 -25.8605 -24 21.875
3 16 46.1607 -24 20 46.25 -24 18.1249 50 -24 30
3 16 46.25 -24 21.875 46.1607 -24 20 50 -24 30
3 16 -26.1607 -24 0 -26.25 -24 1.8751 -30 -24 -10
3 16 -26.25 -24 -1.875 -26.1607 -24 0 -30 -24 -10
3 16 46.1607 -24 0 46.25 -24 1.8751 45.8605 -24 1.8751
3 16 46.25 -24 -1.875 46.1607 -24 0 45.8605 -24 -1.875
3 16 -10 -24 18.125 30 -24 18.125 -10 -24 21.875
3 16 -10 -24 21.875 30 -24 18.125 30 -24 21.875
3 16 -10 -24 1.8751 30 -24 1.8751 -10 -24 18.125
3 16 -10 -24 18.125 30 -24 1.8751 30 -24 18.125
3 16 30 -24 -1.875 30 -24 1.8751 -10 -24 -1.875
3 16 -10 -24 -1.875 30 -24 1.8751 -10 -24 1.8751
3 16 30 -24 -1.875 -10 -24 -1.875 30 -24 -7.5
3 16 30 -24 -7.5 -10 -24 -1.875 -10 -24 -7.5
3 16 -10 -24 21.875 30 -24 21.875 -10 -24 27.5
3 16 -10 -24 27.5 30 -24 21.875 30 -24 27.5
3 16 50 -18.6658 -10 -30 -18.6658 -10 49.0243 -14.0272 -10
3 16 49.0243 -14.0272 -10 -30 -18.6658 -10 -29.0243 -14.0272 -10
3 16 49.0243 -14.0272 -10 -29.0243 -14.0272 -10 47.009 -9.7631 -10
3 16 47.009 -9.7631 -10 -29.0243 -14.0272 -10 -27.009 -9.7631 -10
3 16 47.009 -9.7631 -10 -27.009 -9.7631 -10 44.5933 -6.4962 -10
3 16 44.5933 -6.4962 -10 -27.009 -9.7631 -10 -24.5933 -6.4962 -10
3 16 44.5933 -6.4962 -10 -24.5933 -6.4962 -10 40.9115 -3.3403 -10
3 16 40.9115 -3.3403 -10 -24.5933 -6.4962 -10 -20.9115 -3.3403 -10
3 16 40.9115 -3.3403 -10 -20.9115 -3.3403 -10 36.6398 -1.2017 -10
3 16 36.6398 -1.2017 -10 -20.9115 -3.3403 -10 -16.6398 -1.2017 -10
3 16 36.6398 -1.2017 -10 -16.6398 -1.2017 -10 31.8519 -0.093 -10
3 16 31.8519 -0.093 -10 -16.6398 -1.2017 -10 -11.8519 -0.093 -10
3 16 31.8519 -0.093 -10 -11.8519 -0.093 -10 30 0.0126 -10
3 16 30 0.0126 -10 -11.8519 -0.093 -10 -10 0.0126 -10
3 16 -30 -24 30 50 -24 30 -30 -18.6658 30
3 16 -30 -18.6658 30 50 -24 30 50 -18.6658 30
3 16 -30 -18.6658 30 50 -18.6658 30 -29.0243 -14.0272 30
3 16 -29.0243 -14.0272 30 50 -18.6658 30 49.0243 -14.0272 30
3 16 -29.0243 -14.0272 30 49.0243 -14.0272 30 -27.009 -9.7631 30
3 16 -27.009 -9.7631 30 49.0243 -14.0272 30 47.009 -9.7631 30
3 16 -27.009 -9.7631 30 47.009 -9.7631 30 -24.5933 -6.4962 30
3 16 -24.5933 -6.4962 30 47.009 -9.7631 30 44.5933 -6.4962 30
3 16 -24.5933 -6.4962 30 44.5933 -6.4962 30 -20.9115 -3.3403 30
3 16 -20.9115 -3.3403 30 44.5933 -6.4962 30 40.9115 -3.3403 30
3 16 -20.9115 -3.3403 30 40.9115 -3.3403 30 -16.6398 -1.2017 30
3 16 -16.6398 -1.2017 30 40.9115 -3.3403 30 36.6398 -1.2017 30
3 16 -16.6398 -1.2017 30 36.6398 -1.2017 30 -11.8519 -0.093 30
3 16 -11.8519 -0.093 30 36.6398 -1.2017 30 31.8519 -0.093 30
3 16 -30 -24 -10 -10 -24 -7.5 -26.25 -24 -7.5
3 16 30 -24 -7.5 50 -24 -10 46.25 -24 -7.5
3 16 30 -24 27.5 50 -24 30 -10 -24 27.5
3 16 -10 -24 27.5 50 -24 30 -30 -24 30
3 16 30 -24 27.5 46.25 -24 27.5 50 -24 30
3 16 -13.75 -0.3947 20 -13.75 -0.3947 0 -14.5873 -0.5528 16.875
3 16 -14.5873 -0.5528 16.875 -13.75 -0.3947 0 -14.5873 -0.5528 3.125
3 16 31.8519 -0.093 -10 33.75 -0.3947 0 34.5874 -0.5528 -3.125
3 16 -11.8519 -0.093 30 -11.8519 -0.093 -10 -13.75 -0.3947 20
3 16 -13.75 -0.3947 20 -11.8519 -0.093 -10 -13.75 -0.3947 0
3 16 -11.8519 -0.093 30 -13.75 -0.3947 20 -14.5873 -0.5528 23.125
3 16 31.8519 -0.093 30 33.75 -0.3947 20 31.8519 -0.093 -10
3 16 31.8519 -0.093 -10 33.75 -0.3947 20 33.75 -0.3947 0
3 16 33.75 -0.3947 0 33.75 -0.3947 20 34.5874 -0.5528 3.125
3 16 34.5874 -0.5528 3.125 33.75 -0.3947 20 34.5874 -0.5528 16.875
3 16 15.5396 0 13.1983 13.1983 0 15.5396 17.3124 0 14.2218
3 16 17.3124 0 14.2218 13.1983 0 15.5396 14.2218 0 17.3123
3 16 14.2218 0 17.3123 13.1983 0 15.5396 10 0 18.4436
3 16 10 0 18.4436 13.1983 0 15.5396 10 0 16.3966
3 16 10 0 16.3966 6.8017 0 15.5396 10 0 18.4436
3 16 10 0 18.4436 6.8017 0 15.5396 5.7782 0 17.3123
3 16 6.8017 0 15.5396 4.4604 0 13.1983 5.7782 0 17.3123
3 16 5.7782 0 17.3123 4.4604 0 13.1983 2.6876 0 14.2218
3 16 4.4604 0 13.1983 3.6034 0 10 2.6876 0 14.2218
3 16 2.6876 0 14.2218 3.6034 0 10 1.5564 0 10
3 16 3.6034 0 10 4.4604 0 6.8017 1.5564 0 10
3 16 1.5564 0 10 4.4604 0 6.8017 2.6876 0 5.7782
3 16 4.4604 0 6.8017 6.8017 0 4.4604 2.6876 0 5.7782
3 16 2.6876 0 5.7782 6.8017 0 4.4604 5.7782 0 2.6877
3 16 6.8017 0 4.4604 10 0 3.6034 5.7782 0 2.6877
3 16 5.7782 0 2.6877 10 0 3.6034 10 0 1.5564
3 16 10 0 3.6034 13.1983 0 4.4604 10 0 1.5564
3 16 10 0 1.5564 13.1983 0 4.4604 14.2218 0 2.6877
3 16 13.1983 0 4.4604 15.5396 0 6.8017 14.2218 0 2.6877
3 16 14.2218 0 2.6877 15.5396 0 6.8017 17.3124 0 5.7782
3 16 15.5396 0 6.8017 16.3966 0 10 17.3124 0 5.7782
3 16 17.3124 0 5.7782 16.3966 0 10 18.4436 0 10
3 16 16.3966 0 10 15.5396 0 13.1983 18.4436 0 10
3 16 18.4436 0 10 15.5396 0 13.1983 17.3124 0 14.2218
3 16 10 -21.25 18.4436 14.2218 -21.25 17.3123 10 0 18.4436
3 16 10 0 18.4436 14.2218 -21.25 17.3123 14.2218 0 17.3123
3 16 5.7782 -21.25 17.3123 10 -21.25 18.4436 5.7782 0 17.3123
3 16 5.7782 0 17.3123 10 -21.25 18.4436 10 0 18.4436
3 16 2.6876 -21.25 14.2218 5.7782 -21.25 17.3123 2.6876 0 14.2218
3 16 2.6876 0 14.2218 5.7782 -21.25 17.3123 5.7782 0 17.3123
3 16 1.5564 -21.25 10 2.6876 -21.25 14.2218 1.5564 0 10
3 16 1.5564 0 10 2.6876 -21.25 14.2218 2.6876 0 14.2218
3 16 2.6876 -21.25 5.7782 1.5564 -21.25 10 2.6876 0 5.7782
3 16 2.6876 0 5.7782 1.5564 -21.25 10 1.5564 0 10
3 16 5.7782 -21.25 2.6877 2.6876 -21.25 5.7782 5.7782 0 2.6877
3 16 5.7782 0 2.6877 2.6876 -21.25 5.7782 2.6876 0 5.7782
3 16 10 -21.25 1.5564 5.7782 -21.25 2.6877 10 0 1.5564
3 16 10 0 1.5564 5.7782 -21.25 2.6877 5.7782 0 2.6877
3 16 14.2218 -21.25 2.6877 10 -21.25 1.5564 14.2218 0 2.6877
3 16 14.2218 0 2.6877 10 -21.25 1.5564 10 0 1.5564
3 16 17.3123 -21.25 5.7782 14.2218 -21.25 2.6877 17.3124 0 5.7782
3 16 17.3124 0 5.7782 14.2218 -21.25 2.6877 14.2218 0 2.6877
3 16 18.4436 -21.25 10 17.3123 -21.25 5.7782 18.4436 0 10
3 16 18.4436 0 10 17.3123 -21.25 5.7782 17.3124 0 5.7782
3 16 17.3124 -21.25 14.2218 18.4436 -21.25 10 17.3124 0 14.2218
3 16 17.3124 0 14.2218 18.4436 -21.25 10 18.4436 0 10
3 16 13.1983 0 15.5396 15.5396 0 13.1983 13.1983 -21.0063 15.5396
3 16 13.1983 -21.0063 15.5396 15.5396 0 13.1983 15.5396 -21.0063 13.1983
3 16 10 0 16.3966 13.1983 0 15.5396 10 -21.0063 16.3966
3 16 10 -21.0063 16.3966 13.1983 0 15.5396 13.1983 -21.0063 15.5396
3 16 6.8017 0 15.5396 10 0 16.3966 6.8017 -21.0063 15.5396
3 16 6.8017 -21.0063 15.5396 10 0 16.3966 10 -21.0063 16.3966
3 16 4.4604 0 13.1983 6.8017 0 15.5396 4.4604 -21.0063 13.1983
3 16 4.4604 -21.0063 13.1983 6.8017 0 15.5396 6.8017 -21.0063 15.5396
3 16 3.6034 0 10 4.4604 0 13.1983 3.6034 -21.0063 10
3 16 3.6034 -21.0063 10 4.4604 0 13.1983 4.4604 -21.0063 13.1983
3 16 4.4604 0 6.8017 3.6034 0 10 4.4604 -21.0063 6.8017
3 16 4.4604 -21.0063 6.8017 3.6034 0 10 3.6034 -21.0063 10
3 16 6.8017 0 4.4604 4.4604 0 6.8017 6.8017 -21.0063 4.4604
3 16 6.8017 -21.0063 4.4604 4.4604 0 6.8017 4.4604 -21.0063 6.8017
3 16 10 0 3.6034 6.8017 0 4.4604 10 -21.0063 3.6034
3 16 10 -21.0063 3.6034 6.8017 0 4.4604 6.8017 -21.0063 4.4604
3 16 13.1983 0 4.4604 10 0 3.6034 13.1983 -21.0063 4.4604
3 16 13.1983 -21.0063 4.4604 10 0 3.6034 10 -21.0063 3.6034
3 16 15.5396 0 6.8017 13.1983 0 4.4604 15.5396 -21.0063 6.8017
3 16 15.5396 -21.0063 6.8017 13.1983 0 4.4604 13.1983 -21.0063 4.4604
3 16 16.3966 0 10 15.5396 0 6.8017 16.3966 -21.0063 10
3 16 16.3966 -21.0063 10 15.5396 0 6.8017 15.5396 -21.0063 6.8017
3 16 15.5396 0 13.1983 16.3966 0 10 15.5396 -21.0063 13.1983
3 16 15.5396 -21.0063 13.1983 16.3966 0 10 16.3966 -21.0063 10
3 16 17.3124 0 14.2218 14.2218 0 17.3123 17.3124 -21.25 14.2218
3 16 17.3124 -21.25 14.2218 14.2218 0 17.3123 14.2218 -21.25 17.3123
3 16 20 -28.45 20 25.4144 -28.45 23.126 23.126 -28.45 25.4144
3 16 23.126 -28.45 25.4144 20 -28.45 26.252 20 -28.45 20
3 16 20 -28.45 26.252 16.874 -28.45 25.4144 20 -28.45 20
3 16 16.874 -28.45 25.4144 14.5856 -28.45 23.126 20 -28.45 20
3 16 14.5856 -28.45 23.126 13.748 -28.45 20 20 -28.45 20
3 16 13.748 -28.45 20 14.5856 -28.45 16.874 20 -28.45 20
3 16 14.5856 -28.45 16.874 16.874 -28.45 14.5856 20 -28.45 20
3 16 16.874 -28.45 14.5856 20 -28.45 13.748 20 -28.45 20
3 16 20 -28.45 13.748 23.126 -28.45 14.5856 20 -28.45 20
3 16 23.126 -28.45 14.5856 25.4144 -28.45 16.874 20 -28.45 20
3 16 25.4144 -28.45 16.874 26.252 -28.45 20 20 -28.45 20
3 16 26.252 -28.45 20 25.4144 -28.45 23.126 20 -28.45 20
3 16 25.4144 -24 23.126 23.126 -24 25.4144 25.4144 -28.45 23.126
3 16 25.4144 -28.45 23.126 23.126 -24 25.4144 23.126 -28.45 25.4144
3 16 23.126 -24 25.4144 20 -24 26.252 23.126 -28.45 25.4144
3 16 23.126 -28.45 25.4144 20 -24 26.252 20 -28.45 26.252
3 16 20 -24 26.252 16.874 -24 25.4144 20 -28.45 26.252
3 16 20 -28.45 26.252 16.874 -24 25.4144 16.874 -28.45 25.4144
3 16 16.874 -24 25.4144 14.5856 -24 23.126 16.874 -28.45 25.4144
3 16 16.874 -28.45 25.4144 14.5856 -24 23.126 14.5856 -28.45 23.126
3 16 14.5856 -24 23.126 13.748 -24 20 14.5856 -28.45 23.126
3 16 14.5856 -28.45 23.126 13.748 -24 20 13.748 -28.45 20
3 16 13.748 -24 20 14.5856 -24 16.874 13.748 -28.45 20
3 16 13.748 -28.45 20 14.5856 -24 16.874 14.5856 -28.45 16.874
3 16 14.5856 -24 16.874 16.874 -24 14.5856 14.5856 -28.45 16.874
3 16 14.5856 -28.45 16.874 16.874 -24 14.5856 16.874 -28.45 14.5856
3 16 16.874 -24 14.5856 20 -24 13.748 16.874 -28.45 14.5856
3 16 16.874 -28.45 14.5856 20 -24 13.748 20 -28.45 13.748
3 16 20 -24 13.748 23.126 -24 14.5856 20 -28.45 13.748
3 16 20 -28.45 13.748 23.126 -24 14.5856 23.126 -28.45 14.5856
3 16 23.126 -24 14.5856 25.4144 -24 16.874 23.126 -28.45 14.5856
3 16 23.126 -28.45 14.5856 25.4144 -24 16.874 25.4144 -28.45 16.874
3 16 25.4144 -24 16.874 26.252 -24 20 25.4144 -28.45 16.874
3 16 25.4144 -28.45 16.874 26.252 -24 20 26.252 -28.45 20
3 16 26.252 -24 20 25.4144 -24 23.126 26.252 -28.45 20
3 16 26.252 -28.45 20 25.4144 -24 23.126 25.4144 -28.45 23.126
3 16 0 -28.45 20 5.4144 -28.45 23.126 3.126 -28.45 25.4144
3 16 3.126 -28.45 25.4144 0 -28.45 26.252 0 -28.45 20
3 16 0 -28.45 26.252 -3.126 -28.45 25.4144 0 -28.45 20
3 16 -3.126 -28.45 25.4144 -5.4144 -28.45 23.126 0 -28.45 20
3 16 -5.4144 -28.45 23.126 -6.252 -28.45 20 0 -28.45 20
3 16 -6.252 -28.45 20 -5.4144 -28.45 16.874 0 -28.45 20
3 16 -5.4144 -28.45 16.874 -3.126 -28.45 14.5856 0 -28.45 20
3 16 -3.126 -28.45 14.5856 0 -28.45 13.748 0 -28.45 20
3 16 0 -28.45 13.748 3.126 -28.45 14.5856 0 -28.45 20
3 16 3.126 -28.45 14.5856 5.4144 -28.45 16.874 0 -28.45 20
3 16 5.4144 -28.45 16.874 6.252 -28.45 20 0 -28.45 20
3 16 6.252 -28.45 20 5.4144 -28.45 23.126 0 -28.45 20
3 16 5.4144 -24 23.126 3.126 -24 25.4144 5.4144 -28.45 23.126
3 16 5.4144 -28.45 23.126 3.126 -24 25.4144 3.126 -28.45 25.4144
3 16 3.126 -24 25.4144 0 -24 26.252 3.126 -28.45 25.4144
3 16 3.126 -28.45 25.4144 0 -24 26.252 0 -28.45 26.252
3 16 0 -24 26.252 -3.126 -24 25.4144 0 -28.45 26.252
3 16 0 -28.45 26.252 -3.126 -24 25.4144 -3.126 -28.45 25.4144
3 16 -3.126 -24 25.4144 -5.4144 -24 23.126 -3.126 -28.45 25.4144
3 16 -3.126 -28.45 25.4144 -5.4144 -24 23.126 -5.4144 -28.45 23.126
3 16 -5.4144 -24 23.126 -6.252 -24 20 -5.4144 -28.45 23.126
3 16 -5.4144 -28.45 23.126 -6.252 -24 20 -6.252 -28.45 20
3 16 -6.252 -24 20 -5.4144 -24 16.874 -6.252 -28.45 20
3 16 -6.252 -28.45 20 -5.4144 -24 16.874 -5.4144 -28.45 16.874
3 16 -5.4144 -24 16.874 -3.126 -24 14.5856 -5.4144 -28.45 16.874
3 16 -5.4144 -28.45 16.874 -3.126 -24 14.5856 -3.126 -28.45 14.5856
3 16 -3.126 -24 14.5856 0 -24 13.748 -3.126 -28.45 14.5856
3 16 -3.126 -28.45 14.5856 0 -24 13.748 0 -28.45 13.748
3 16 0 -24 13.748 3.126 -24 14.5856 0 -28.45 13.748
3 16 0 -28.45 13.748 3.126 -24 14.5856 3.126 -28.45 14.5856
3 16 3.126 -24 14.5856 5.4144 -24 16.874 3.126 -28.45 14.5856
3 16 3.126 -28.45 14.5856 5.4144 -24 16.874 5.4144 -28.45 16.874
3 16 5.4144 -24 16.874 6.252 -24 20 5.4144 -28.45 16.874
3 16 5.4144 -28.45 16.874 6.252 -24 20 6.252 -28.45 20
3 16 6.252 -24 20 5.4144 -24 23.126 6.252 -28.45 20
3 16 6.252 -28.45 20 5.4144 -24 23.126 5.4144 -28.45 23.126
3 16 0 -28.45 0 5.4144 -28.45 3.126 3.126 -28.45 5.4144
3 16 3.126 -28.45 5.4144 0 -28.45 6.252 0 -28.45 0
3 16 0 -28.45 6.252 -3.126 -28.45 5.4144 0 -28.45 0
3 16 -3.126 -28.45 5.4144 -5.4144 -28.45 3.126 0 -28.45 0
3 16 -5.4144 -28.45 3.126 -6.252 -28.45 0 0 -28.45 0
3 16 -6.252 -28.45 0 -5.4144 -28.45 -3.126 0 -28.45 0
3 16 -5.4144 -28.45 -3.126 -3.126 -28.45 -5.4144 0 -28.45 0
3 16 -3.126 -28.45 -5.4144 0 -28.45 -6.252 0 -28.45 0
3 16 0 -28.45 -6.252 3.126 -28.45 -5.4144 0 -28.45 0
3 16 3.126 -28.45 -5.4144 5.4144 -28.45 -3.126 0 -28.45 0
3 16 5.4144 -28.45 -3.126 6.252 -28.45 0 0 -28.45 0
3 16 6.252 -28.45 0 5.4144 -28.45 3.126 0 -28.45 0
3 16 5.4144 -24 3.126 3.126 -24 5.4144 5.4144 -28.45 3.126
3 16 5.4144 -28.45 3.126 3.126 -24 5.4144 3.126 -28.45 5.4144
3 16 3.126 -24 5.4144 0 -24 6.252 3.126 -28.45 5.4144
3 16 3.126 -28.45 5.4144 0 -24 6.252 0 -28.45 6.252
3 16 0 -24 6.252 -3.126 -24 5.4144 0 -28.45 6.252
3 16 0 -28.45 6.252 -3.126 -24 5.4144 -3.126 -28.45 5.4144
3 16 -3.126 -24 5.4144 -5.4144 -24 3.126 -3.126 -28.45 5.4144
3 16 -3.126 -28.45 5.4144 -5.4144 -24 3.126 -5.4144 -28.45 3.126
3 16 -5.4144 -24 3.126 -6.252 -24 0 -5.4144 -28.45 3.126
3 16 -5.4144 -28.45 3.126 -6.252 -24 0 -6.252 -28.45 0
3 16 -6.252 -24 0 -5.4144 -24 -3.126 -6.252 -28.45 0
3 16 -6.252 -28.45 0 -5.4144 -24 -3.126 -5.4144 -28.45 -3.126
3 16 -5.4144 -24 -3.126 -3.126 -24 -5.4144 -5.4144 -28.45 -3.126
3 16 -5.4144 -28.45 -3.126 -3.126 -24 -5.4144 -3.126 -28.45 -5.4144
3 16 -3.126 -24 -5.4144 0 -24 -6.252 -3.126 -28.45 -5.4144
3 16 -3.126 -28.45 -5.4144 0 -24 -6.252 0 -28.45 -6.252
3 16 0 -24 -6.252 3.126 -24 -5.4144 0 -28.45 -6.252
3 16 0 -28.45 -6.252 3.126 -24 -5.4144 3.126 -28.45 -5.4144
3 16 3.126 -24 -5.4144 5.4144 -24 -3.126 3.126 -28.45 -5.4144
3 16 3.126 -28.45 -5.4144 5.4144 -24 -3.126 5.4144 -28.45 -3.126
3 16 5.4144 -24 -3.126 6.252 -24 0 5.4144 -28.45 -3.126
3 16 5.4144 -28.45 -3.126 6.252 -24 0 6.252 -28.45 0
3 16 6.252 -24 0 5.4144 -24 3.126 6.252 -28.45 0
3 16 6.252 -28.45 0 5.4144 -24 3.126 5.4144 -28.45 3.126
3 16 20 -28.45 0 25.4144 -28.45 3.126 23.126 -28.45 5.4144
3 16 23.126 -28.45 5.4144 20 -28.45 6.252 20 -28.45 0
3 16 20 -28.45 6.252 16.874 -28.45 5.4144 20 -28.45 0
3 16 16.874 -28.45 5.4144 14.5856 -28.45 3.126 20 -28.45 0
3 16 14.5856 -28.45 3.126 13.748 -28.45 0 20 -28.45 0
3 16 13.748 -28.45 0 14.5856 -28.45 -3.126 20 -28.45 0
3 16 14.5856 -28.45 -3.126 16.874 -28.45 -5.4144 20 -28.45 0
3 16 16.874 -28.45 -5.4144 20 -28.45 -6.252 20 -28.45 0
3 16 20 -28.45 -6.252 23.126 -28.45 -5.4144 20 -28.45 0
3 16 23.126 -28.45 -5.4144 25.4144 -28.45 -3.126 20 -28.45 0
3 16 25.4144 -28.45 -3.126 26.252 -28.45 0 20 -28.45 0
3 16 26.252 -28.45 0 25.4144 -28.45 3.126 20 -28.45 0
3 16 25.4144 -24 3.126 23.126 -24 5.4144 25.4144 -28.45 3.126
3 16 25.4144 -28.45 3.126 23.126 -24 5.4144 23.126 -28.45 5.4144
3 16 23.126 -24 5.4144 20 -24 6.252 23.126 -28.45 5.4144
3 16 23.126 -28.45 5.4144 20 -24 6.252 20 -28.45 6.252
3 16 20 -24 6.252 16.874 -24 5.4144 20 -28.45 6.252
3 16 20 -28.45 6.252 16.874 -24 5.4144 16.874 -28.45 5.4144
3 16 16.874 -24 5.4144 14.5856 -24 3.126 16.874 -28.45 5.4144
3 16 16.874 -28.45 5.4144 14.5856 -24 3.126 14.5856 -28.45 3.126
3 16 14.5856 -24 3.126 13.748 -24 0 14.5856 -28.45 3.126
3 16 14.5856 -28.45 3.126 13.748 -24 0 13.748 -28.45 0
3 16 13.748 -24 0 14.5856 -24 -3.126 13.748 -28.45 0
3 16 13.748 -28.45 0 14.5856 -24 -3.126 14.5856 -28.45 -3.126
3 16 14.5856 -24 -3.126 16.874 -24 -5.4144 14.5856 -28.45 -3.126
3 16 14.5856 -28.45 -3.126 16.874 -24 -5.4144 16.874 -28.45 -5.4144
3 16 16.874 -24 -5.4144 20 -24 -6.252 16.874 -28.45 -5.4144
3 16 16.874 -28.45 -5.4144 20 -24 -6.252 20 -28.45 -6.252
3 16 20 -24 -6.252 23.126 -24 -5.4144 20 -28.45 -6.252
3 16 20 -28.45 -6.252 23.126 -24 -5.4144 23.126 -28.45 -5.4144
3 16 23.126 -24 -5.4144 25.4144 -24 -3.126 23.126 -28.45 -5.4144
3 16 23.126 -28.45 -5.4144 25.4144 -24 -3.126 25.4144 -28.45 -3.126
3 16 25.4144 -24 -3.126 26.252 -24 0 25.4144 -28.45 -3.126
3 16 25.4144 -28.45 -3.126 26.252 -24 0 26.252 -28.45 0
3 16 26.252 -24 0 25.4144 -24 3.126 26.252 -28.45 0
3 16 26.252 -28.45 0 25.4144 -24 3.126 25.4144 -28.45 3.126
2 24 -15.9245 -24 20 -16.4705 -24 22.0378
2 24 -15.9245 -28.4374 20 -16.4705 -28.4374 22.0378
2 24 -20 -24 24.0755 -22.0377 -24 23.5295
2 24 -20 -28.4374 24.0755 -22.0377 -28.4374 23.5295
2 24 -24.0755 -24 20 -23.5295 -24 17.9622
2 24 -24.0755 -28.4374 20 -23.5295 -28.4374 17.9622
2 24 -20 -24 15.9245 -17.9622 -24 16.4705
2 24 -20 -28.4374 15.9245 -17.9622 -28.4374 16.4705
2 24 -17.9622 -24 16.4705 -16.4705 -24 17.9622
2 24 -17.9622 -28.4374 16.4705 -16.4705 -28.4374 17.9622
2 24 -20 -24 15.9245 -22.0377 -24 16.4705
2 24 -20 -28.4374 15.9245 -22.0377 -28.4374 16.4705
2 24 -23.5295 -24 17.9622 -22.0377 -24 16.4705
2 24 -23.5295 -28.4374 17.9622 -22.0377 -28.4374 16.4705
2 24 -24.0755 -24 20 -23.5295 -24 22.0378
2 24 -24.0755 -28.4374 20 -23.5295 -28.4374 22.0378
2 24 -22.0377 -24 23.5295 -23.5295 -24 22.0378
2 24 -22.0377 -28.4374 23.5295 -23.5295 -28.4374 22.0378
2 24 -20 -24 24.0755 -17.9622 -24 23.5295
2 24 -20 -28.4374 24.0755 -17.9622 -28.4374 23.5295
2 24 -16.4705 -24 22.0378 -17.9622 -24 23.5295
2 24 -16.4705 -28.4374 22.0378 -17.9622 -28.4374 23.5295
2 24 -22.9835 -12.4458 21.7225 -23.445 -14.0245 20
2 24 -17.0165 -8.1062 21.7225 -18.2775 -8.1196 22.9835
2 24 -17.0165 -8.1062 18.2775 -16.555 -8.1062 20
2 24 -22.9835 -12.4458 18.2775 -21.7225 -10.3903 17.0165
2 24 -21.7225 -10.3903 22.9835 -22.9835 -12.4458 21.7225
2 24 -21.7225 -24 22.9835 -22.9835 -24 21.7225
2 24 -21.7225 -10.3903 22.9835 -20 -8.8928 23.445
2 24 -21.7225 -24 22.9835 -20 -24 23.445
2 24 -20 -8.8928 23.445 -18.2775 -8.1196 22.9835
2 24 -20 -24 23.445 -18.2775 -24 22.9835
2 24 -18.2775 -8.1196 22.9835 -17.0165 -8.1062 21.7225
2 24 -18.2775 -24 22.9835 -17.0165 -24 21.7225
2 24 -17.0165 -8.1062 21.7225 -16.555 -8.1062 20
2 24 -17.0165 -24 21.7225 -16.555 -24 20
2 24 -16.555 -8.1062 20 -17.0165 -8.1062 18.2775
2 24 -16.555 -24 20 -17.0165 -24 18.2775
2 24 -17.0165 -24 18.2775 -18.2775 -24 17.0165
2 24 -17.0165 -8.1062 18.2775 -18.2775 -8.1196 17.0165
2 24 -18.2775 -24 17.0165 -20 -24 16.555
2 24 -18.2775 -8.1196 17.0165 -20 -8.8928 16.555
2 24 -20 -24 16.555 -21.7225 -24 17.0165
2 24 -20 -8.8928 16.555 -21.7225 -10.3903 17.0165
2 24 -21.7225 -24 17.0165 -22.9835 -24 18.2775
2 24 -21.7225 -10.3903 17.0165 -22.9835 -12.4458 18.2775
2 24 -22.9835 -24 18.2775 -23.445 -24 20
2 24 -22.9835 -12.4458 18.2775 -23.445 -14.0245 20
2 24 -22.9835 -12.4458 21.7225 -23.445 -14.0245 20
2 24 -22.9835 -24 21.7225 -23.445 -24 20
2 24 -15.9245 -24 20 -16.4705 -24 17.9622
2 24 -15.9245 -28.4374 20 -16.4705 -28.4374 17.9622
2 24 -22.9835 -12.4458 21.7225 -21.7225 -10.3903 22.9835
2 24 -21.7225 -10.3903 22.9835 -20 -8.8928 23.445
2 24 -18.2775 -8.1196 22.9835 -20 -8.8928 23.445
2 24 -17.0165 -8.1062 21.7225 -16.555 -8.1062 20
2 24 -17.0165 -8.1062 18.2775 -18.2775 -8.1196 17.0165
2 24 -18.2775 -8.1196 17.0165 -20 -8.8928 16.555
2 24 -21.7225 -10.3903 17.0165 -20 -8.8928 16.555
2 24 -23.445 -14.0245 20 -22.9835 -12.4458 18.2775
2 24 -23.5295 -24 22.0378 -24.0755 -24 20
2 24 -22.9835 -24 21.7225 -23.445 -24 20
2 24 -23.5295 -24 22.0378 -22.0377 -24 23.5295
2 24 -22.9835 -24 21.7225 -21.7225 -24 22.9835
2 24 -22.0377 -24 23.5295 -20 -24 24.0755
2 24 -21.7225 -24 22.9835 -20 -24 23.445
2 24 -20 -24 24.0755 -17.9622 -24 23.5295
2 24 -20 -24 23.445 -18.2775 -24 22.9835
2 24 -17.9622 -24 23.5295 -16.4705 -24 22.0378
2 24 -18.2775 -24 22.9835 -17.0165 -24 21.7225
2 24 -16.4705 -24 22.0378 -15.9245 -24 20
2 24 -17.0165 -24 21.7225 -16.555 -24 20
2 24 -15.9245 -24 20 -16.4705 -24 17.9622
2 24 -16.555 -24 20 -17.0165 -24 18.2775
2 24 -16.4705 -24 17.9622 -17.9622 -24 16.4705
2 24 -17.0165 -24 18.2775 -18.2775 -24 17.0165
2 24 -17.9622 -24 16.4705 -20 -24 15.9245
2 24 -18.2775 -24 17.0165 -20 -24 16.555
2 24 -20 -24 15.9245 -22.0377 -24 16.4705
2 24 -20 -24 16.555 -21.7225 -24 17.0165
2 24 -22.0377 -24 16.4705 -23.5295 -24 17.9622
2 24 -21.7225 -24 17.0165 -22.9835 -24 18.2775
2 24 -23.445 -24 20 -22.9835 -24 18.2775
2 24 -24.0755 -24 20 -23.5295 -24 17.9622
2 24 -20 -2.8295 13.75 -16.875 -1.2952 14.5873
2 24 -20 -2.8295 6.25 -16.875 -1.2952 5.4127
2 24 -27.009 -9.7631 30 -24.5933 -6.4962 30
2 24 -16.875 -1.2952 14.5873 -20 -2.8295 13.75
2 24 -16.875 -5.25 14.5873 -20 -5.25 13.75
2 24 -20 -5.25 13.75 -23.3545 -5.2374 14.579
2 24 -20 -2.8295 13.75 -23.3545 -5.2374 14.579
2 24 -16.875 -5.25 14.5873 -14.5873 -5.2374 16.875
2 24 -16.875 -1.2952 14.5873 -14.5873 -0.5528 16.875
2 24 -14.5873 -5.2374 16.875 -16.875 -5.25 14.5873
2 24 -14.5873 -5.2374 16.875 -13.75 -5.2374 20
2 24 -14.5873 -0.5528 16.875 -13.75 -0.3947 20
2 24 -23.3545 -5.2374 14.579 -23.3545 -5.2374 20
2 24 -20 -2.8295 6.25 -23.3545 -5.2374 5.421
2 24 -20 -2.8295 13.75 -23.3545 -5.2374 14.579
2 24 -20 -5.25 13.75 -23.3545 -5.2374 14.579
2 24 -23.3545 -5.2374 20 -23.3545 -5.2374 14.579
2 24 -16.875 -5.25 14.5873 -20 -5.25 13.75
2 24 -14.5873 -5.2374 16.875 -13.75 -5.2374 20
2 24 -20 -5.25 26.25 -16.875 -5.25 25.4127
2 24 -20 -5.25 26.25 -23.3545 -5.2374 25.421
2 24 -23.3545 -5.2374 20 -23.3545 -5.2374 25.421
2 24 -23.3545 -5.2374 20 -23.3545 -5.2374 25.421
2 24 -23.3545 -5.2374 25.421 -20 -2.8295 26.25
2 24 -24.5933 -6.4962 30 -20.9115 -3.3403 30
2 24 -16.875 -5.25 25.4127 -14.5873 -5.2374 23.125
2 24 -13.75 -5.2374 20 -14.5873 -5.2374 23.125
2 24 -23.3545 -5.2374 25.421 -20 -2.8295 26.25
2 24 -23.3545 -5.2374 25.421 -20 -5.25 26.25
2 24 -30 -18.6658 30 -29.0243 -14.0272 30
2 24 -30 -18.6658 -10 -29.0243 -14.0272 -10
2 24 -29.0243 -14.0272 -10 -27.009 -9.7631 -10
2 24 -27.009 -9.7631 30 -29.0243 -14.0272 30
2 24 -24.3563 -28.6526 15.6437 -23.0804 -28.6526 14.6646
2 24 -24.3563 -12.7046 15.6437 -23.0804 -10.6168 14.6646
2 24 -23.0804 -28.6526 14.6646 -21.5945 -28.6526 14.0492
2 24 -23.0804 -10.6168 14.6646 -21.5945 -8.8334 14.0492
2 24 -21.5945 -28.6526 14.0492 -20 -28.6526 13.8392
2 24 -21.5945 -8.8334 14.0492 -20 -7.625 13.8392
2 24 -20 -28.6526 13.8392 -18.4055 -28.6526 14.0492
2 24 -20 -7.625 13.8392 -18.4055 -7.7205 14.0492
2 24 -15.6437 -28.6526 15.6437 -16.9196 -28.6526 14.6646
2 24 -15.6437 -7.684 15.6437 -16.9196 -7.6804 14.6646
2 24 -15.6437 -28.6526 15.6437 -14.6647 -28.6526 16.9196
2 24 -15.6437 -7.684 15.6437 -14.6647 -7.6868 16.9196
2 24 -25.8302 -16.6942 27.5 -26.25 -19.2974 27.5
2 24 -17.8543 -6.0473 27.5 -16.4963 -5.4594 27.5
2 24 -16.4963 -5.4594 27.5 -14.6196 -4.5072 27.5
2 24 -14.6196 -4.5072 27.5 -10 -3.7428 27.5
2 24 -10 -24 27.5 -10 -3.7428 27.5
2 24 -25.8302 -16.6942 27.5 -25.3353 -14.9286 27.5
2 24 -25.3353 -14.9286 27.5 -24.3563 -12.858 27.5
2 24 -24.3563 -12.858 27.5 -23.0804 -10.6168 27.5
2 24 -23.0804 -10.6168 27.5 -21.5945 -8.8208 27.5
2 24 -17.8543 -6.0473 27.5 -21.5945 -8.8208 27.5
2 24 -6.25 0 26.25 -6.25 0 -6.25
2 24 -20 -2.8295 26.25 -16.875 -1.2952 25.4127
2 24 -20.9115 -3.3403 30 -16.6398 -1.2017 30
2 24 -16.875 -1.2952 25.4127 -14.5873 -0.5528 23.125
2 24 -16.6398 -1.2017 30 -11.8519 -0.093 30
2 24 -6.25 0 26.25 -6.25 -21.25 26.25
2 24 -6.25 0 26.25 -6.25 0 -6.25
2 24 -6.25 -21.25 26.25 -6.25 -21.25 -6.25
2 24 -6.25 0 -6.25 -6.25 -21.25 -6.25
2 24 -10.1829 -3.7428 18.125 -10 -3.7428 18.125
2 24 -10 -24 18.125 -10 -3.7428 18.125
2 24 -13.8393 -28.6526 20 -14.0492 -28.6526 18.4055
2 24 -13.8393 -24 20 -14.1759 -24 18.1026
2 24 -25.8605 -24 18.1249 -26.1607 -24 20
2 24 -25.9508 -28.6526 18.4055 -26.1607 -28.6526 20
2 24 -14.6647 -28.6526 16.9196 -14.0492 -28.6526 18.4055
2 24 -15.6437 -7.684 15.6437 -14.6647 -7.6868 16.9196
2 24 -13.1634 -4.1399 13.2701 -11.176 -3.8075 15.4024
2 24 -15.6437 -7.684 15.6437 -16.9196 -7.6804 14.6646
2 24 -13.1634 -4.1399 13.2701 -15.4771 -4.8046 12.2659
2 24 -16.9196 -7.6804 14.6646 -18.4055 -7.7205 14.0492
2 24 -15.4771 -4.8046 12.2659 -18.3973 -6.2467 12.5918
2 24 -14.6647 -7.6868 16.9196 -14.1749 -7.6881 18.105
2 24 -11.176 -3.8075 15.4024 -10.1829 -3.7428 18.125
2 24 -14.1749 -7.6881 18.105 -10.1829 -3.7428 18.125
2 24 -18.3973 -6.2467 12.5918 -20 -7.625 13.8392
2 24 -18.4055 -7.7205 14.0492 -20 -7.625 13.8392
2 24 -20 -7.625 13.8392 -21.5945 -8.8334 14.0492
2 24 -20 -7.6124 6.1608 -21.5945 -8.8334 5.9508
2 24 -13.1634 -4.1399 13.2701 -15.4771 -4.8046 12.2659
2 24 -13.1634 -4.1399 6.7299 -15.4771 -4.8046 7.7341
2 24 -13.1634 -4.1399 13.2701 -11.176 -3.8075 15.4024
2 24 -13.1634 -4.1399 6.7299 -11.176 -3.8075 4.5976
2 24 -10 -3.7428 18.125 -10.1829 -3.7428 18.125
2 24 -10 -3.7428 18.125 -10 -3.7428 10
2 24 -11.176 -3.8075 15.4024 -10.1829 -3.7428 18.125
2 24 -13.8393 -24 20 -14.1759 -24 21.8973
2 24 -13.8393 -28.6526 20 -14.0492 -28.6526 21.5945
2 24 -26.1607 -24 20 -25.8605 -24 21.875
2 24 -26.1607 -28.6526 20 -25.9508 -28.6526 21.5945
2 24 -25.9508 -28.6526 21.5945 -25.3353 -28.6526 23.0803
2 24 -16.9196 -7.6804 25.3353 -15.6437 -7.684 24.3563
2 24 -23.0804 -10.6168 25.3353 -21.5945 -8.8208 25.9508
2 24 -23.0804 -10.6168 27.5 -21.5945 -8.8208 27.5
2 24 -23.0804 -10.6168 25.3353 -24.3563 -12.858 24.3563
2 24 -23.0804 -10.6168 27.5 -24.3563 -12.858 27.5
2 24 -24.3563 -12.858 24.3563 -25.3353 -14.9286 23.0803
2 24 -24.3563 -12.858 27.5 -25.3353 -14.9286 27.5
2 24 -25.3353 -14.9286 23.0803 -25.8302 -16.6942 21.875
2 24 -25.3353 -14.9286 27.5 -25.8302 -16.6942 27.5
2 24 -16.4963 -5.4594 27.5 -14.6196 -4.5072 27.5
2 24 -14.6196 -4.5072 27.5 -12.3848 -3.9917 26.0812
2 24 -15.6437 -7.684 24.3563 -14.6647 -7.6868 23.0803
2 24 -12.3848 -3.9917 26.0812 -11.0636 -3.7972 24.4715
2 24 -14.6647 -7.6868 23.0803 -14.1749 -7.6881 21.8949
2 24 -14.1749 -7.6881 21.8949 -10.1829 -3.7428 21.875
2 24 -11.0636 -3.7972 24.4715 -10.1829 -3.7428 21.875
2 24 -26.25 -19.2974 27.5 -26.25 -24 27.5
2 24 -10 -24 27.5 -26.25 -24 27.5
2 24 -10 -24 18.125 -10 -3.7428 18.125
2 24 -10 -3.7428 10 -10 -3.7428 18.125
2 24 -25.8302 -16.6942 18.125 -25.8605 -24 18.1249
2 24 -26.25 -18.4414 18.125 -25.8302 -16.6942 18.125
2 24 -26.25 -18.4414 18.125 -26.25 -24 18.1249
2 24 -25.8605 -24 18.1249 -26.25 -24 18.1249
2 24 -25.9508 -28.6526 18.4055 -25.3353 -28.6526 16.9196
2 24 -21.5945 -8.8208 25.9508 -20.2844 -7.6124 26.1607
2 24 -20.2844 -7.6124 26.1607 -17.8543 -6.0473 27.5
2 24 -21.5945 -8.8208 27.5 -17.8543 -6.0473 27.5
2 24 -16.9196 -7.6804 25.3353 -18.4055 -7.7205 25.9508
2 24 -16.4963 -5.4594 27.5 -17.8543 -6.0473 27.5
2 24 -18.4055 -7.7205 25.9508 -20.2844 -7.6124 26.1607
2 24 -17.8543 -6.0473 27.5 -20.2844 -7.6124 26.1607
2 24 -10 -3.7428 21.875 -10 -3.7428 27.5
2 24 -10 -3.7428 21.875 -10.1829 -3.7428 21.875
2 24 -10.1829 -3.7428 21.875 -11.0636 -3.7972 24.4715
2 24 -10 -3.7428 27.5 -14.6196 -4.5072 27.5
2 24 -12.3848 -3.9917 26.0812 -14.6196 -4.5072 27.5
2 24 -11.0636 -3.7972 24.4715 -12.3848 -3.9917 26.0812
2 24 -14.0492 -28.6526 21.5945 -14.6647 -28.6526 23.0803
2 24 -26.25 -24 21.875 -26.25 -19.3312 21.875
2 24 -26.25 -24 21.875 -26.25 -24 27.5
2 24 -26.25 -24 27.5 -26.25 -19.2974 27.5
2 24 -25.8302 -16.6942 21.875 -26.25 -19.3312 21.875
2 24 -25.8302 -16.6942 21.875 -25.8605 -24 21.875
2 24 -25.8605 -24 21.875 -26.25 -24 21.875
2 24 -26.25 -19.3312 21.875 -26.25 -24 21.875
2 24 -25.8302 -16.6942 21.875 -26.25 -19.3312 21.875
2 24 -25.8302 -16.6942 27.5 -26.25 -19.2974 27.5
2 24 -25.8605 -24 18.1249 -25.8302 -16.6942 18.125
2 24 -25.3353 -14.9286 16.9196 -25.8302 -16.6942 18.125
2 24 -24.3563 -28.6526 15.6437 -25.3353 -28.6526 16.9196
2 24 -24.3563 -12.7046 15.6437 -25.3353 -14.9286 16.9196
2 24 -14.6647 -7.6868 16.9196 -14.1749 -7.6881 18.105
2 24 -14.1759 -24 18.1026 -14.1749 -7.6881 18.105
2 24 -14.1759 -24 18.1026 -14.1749 -7.6881 18.105
2 24 -10 -24 18.125 -14.1759 -24 18.1026
2 24 -10.1829 -3.7428 18.125 -14.1749 -7.6881 18.105
2 24 -18.4055 -28.6526 14.0492 -16.9196 -28.6526 14.6646
2 24 -18.4055 -7.7205 14.0492 -16.9196 -7.6804 14.6646
2 24 -25.8605 -24 21.875 -25.8302 -16.6942 21.875
2 24 -25.8302 -16.6942 21.875 -25.3353 -14.9286 23.0803
2 24 -25.3353 -14.9286 23.0803 -24.3563 -12.858 24.3563
2 24 -25.3353 -28.6526 23.0803 -24.3563 -28.6526 24.3563
2 24 -24.3563 -12.858 24.3563 -23.0804 -10.6168 25.3353
2 24 -24.3563 -28.6526 24.3563 -23.0804 -28.6526 25.3353
2 24 -23.0804 -10.6168 25.3353 -21.5945 -8.8208 25.9508
2 24 -23.0804 -28.6526 25.3353 -21.5945 -28.6526 25.9508
2 24 -21.5945 -8.8208 25.9508 -20.2844 -7.6124 26.1607
2 24 -21.5945 -28.6526 25.9508 -20 -28.6526 26.1607
2 24 -20.2844 -7.6124 26.1607 -18.4055 -7.7205 25.9508
2 24 -20 -28.6526 26.1607 -18.4055 -28.6526 25.9508
2 24 -18.4055 -7.7205 25.9508 -16.9196 -7.6804 25.3353
2 24 -18.4055 -28.6526 25.9508 -16.9196 -28.6526 25.3353
2 24 -16.9196 -7.6804 25.3353 -15.6437 -7.684 24.3563
2 24 -16.9196 -28.6526 25.3353 -15.6437 -28.6526 24.3563
2 24 -15.6437 -7.684 24.3563 -14.6647 -7.6868 23.0803
2 24 -14.6647 -28.6526 23.0803 -15.6437 -28.6526 24.3563
2 24 -14.6647 -7.6868 23.0803 -14.1749 -7.6881 21.8949
2 24 -14.1759 -24 21.8973 -14.1749 -7.6881 21.8949
2 24 -14.1759 -24 21.8973 -10 -24 21.875
2 24 -14.1749 -7.6881 21.8949 -14.1759 -24 21.8973
2 24 -14.1749 -7.6881 21.8949 -10.1829 -3.7428 21.875
2 24 -10.1829 -3.7428 21.875 -10 -3.7428 21.875
2 24 -10 -24 21.875 -10 -3.7428 21.875
2 24 -10 -3.7428 21.875 -10 -24 21.875
2 24 -10 -3.7428 27.5 -10 -3.7428 21.875
2 24 -10 -24 21.875 -10 -24 27.5
2 24 -10 -3.7428 27.5 -10 -24 27.5
2 24 -13.75 -0.3947 20 -14.5873 -0.5528 23.125
2 24 -13.75 -5.2374 20 -14.5873 -5.2374 23.125
2 24 -14.5873 -0.5528 23.125 -16.875 -1.2952 25.4127
2 24 -14.5873 -5.2374 23.125 -16.875 -5.25 25.4127
2 24 -20 -5.25 26.25 -16.875 -5.25 25.4127
2 24 -20 -2.8295 26.25 -16.875 -1.2952 25.4127
2 24 -16.4705 -28.4374 22.0378 -15.9245 -28.4374 20
2 24 -14.0492 -28.6526 21.5945 -13.8393 -28.6526 20
2 24 -13.8393 -28.6526 20 -14.0492 -28.6526 18.4055
2 24 -15.9245 -28.4374 20 -16.4705 -28.4374 17.9622
2 24 -14.6647 -28.6526 16.9196 -15.6437 -28.6526 15.6437
2 24 -16.4705 -28.4374 17.9622 -17.9622 -28.4374 16.4705
2 24 -16.9196 -28.6526 14.6646 -18.4055 -28.6526 14.0492
2 24 -17.9622 -28.4374 16.4705 -20 -28.4374 15.9245
2 24 -20 -28.6526 13.8392 -21.5945 -28.6526 14.0492
2 24 -20 -28.4374 15.9245 -22.0377 -28.4374 16.4705
2 24 -22.0377 -28.4374 16.4705 -23.5295 -28.4374 17.9622
2 24 -24.3563 -28.6526 15.6437 -25.3353 -28.6526 16.9196
2 24 -23.5295 -28.4374 17.9622 -24.0755 -28.4374 20
2 24 -25.9508 -28.6526 18.4055 -26.1607 -28.6526 20
2 24 -24.0755 -28.4374 20 -23.5295 -28.4374 22.0378
2 24 -25.9508 -28.6526 21.5945 -25.3353 -28.6526 23.0803
2 24 -23.5295 -28.4374 22.0378 -22.0377 -28.4374 23.5295
2 24 -24.3563 -28.6526 24.3563 -23.0804 -28.6526 25.3353
2 24 -22.0377 -28.4374 23.5295 -20 -28.4374 24.0755
2 24 -21.5945 -28.6526 25.9508 -20 -28.6526 26.1607
2 24 -20 -28.4374 24.0755 -17.9622 -28.4374 23.5295
2 24 -18.4055 -28.6526 25.9508 -16.9196 -28.6526 25.3353
2 24 -16.4705 -28.4374 22.0378 -17.9622 -28.4374 23.5295
2 24 -15.6437 -28.6526 24.3563 -14.6647 -28.6526 23.0803
2 24 -14.0492 -28.6526 18.4055 -14.6647 -28.6526 16.9196
2 24 -15.6437 -28.6526 15.6437 -16.9196 -28.6526 14.6646
2 24 -18.4055 -28.6526 14.0492 -20 -28.6526 13.8392
2 24 -14.0492 -28.6526 21.5945 -14.6647 -28.6526 23.0803
2 24 -16.9196 -28.6526 25.3353 -15.6437 -28.6526 24.3563
2 24 -20 -28.6526 26.1607 -18.4055 -28.6526 25.9508
2 24 -23.0804 -28.6526 25.3353 -21.5945 -28.6526 25.9508
2 24 -25.3353 -28.6526 23.0803 -24.3563 -28.6526 24.3563
2 24 -26.1607 -28.6526 20 -25.9508 -28.6526 21.5945
2 24 -21.5945 -28.6526 14.0492 -23.0804 -28.6526 14.6646
2 24 -25.3353 -28.6526 16.9196 -25.9508 -28.6526 18.4055
2 24 -24.3563 -28.6526 15.6437 -23.0804 -28.6526 14.6646
2 24 -20 -7.625 13.8392 -18.3973 -6.2467 12.5918
2 24 -20 -7.6124 6.1608 -18.3973 -6.2467 7.4083
2 24 -15.9245 -24 0 -16.4705 -24 -2.0378
2 24 -15.9245 -28.4374 0 -16.4705 -28.4374 -2.0378
2 24 -20 -24 -4.0755 -22.0377 -24 -3.5295
2 24 -20 -28.4374 -4.0755 -22.0377 -28.4374 -3.5295
2 24 -24.0755 -24 0 -23.5295 -24 2.0378
2 24 -24.0755 -28.4374 0 -23.5295 -28.4374 2.0378
2 24 -20 -24 4.0755 -17.9622 -24 3.5295
2 24 -20 -28.4374 4.0755 -17.9622 -28.4374 3.5295
2 24 -17.9622 -24 3.5295 -16.4705 -24 2.0378
2 24 -17.9622 -28.4374 3.5295 -16.4705 -28.4374 2.0378
2 24 -20 -24 4.0755 -22.0377 -24 3.5295
2 24 -20 -28.4374 4.0755 -22.0377 -28.4374 3.5295
2 24 -23.5295 -24 2.0378 -22.0377 -24 3.5295
2 24 -23.5295 -28.4374 2.0378 -22.0377 -28.4374 3.5295
2 24 -24.0755 -24 0 -23.5295 -24 -2.0378
2 24 -24.0755 -28.4374 0 -23.5295 -28.4374 -2.0378
2 24 -22.0377 -24 -3.5295 -23.5295 -24 -2.0378
2 24 -22.0377 -28.4374 -3.5295 -23.5295 -28.4374 -2.0378
2 24 -20 -24 -4.0755 -17.9622 -24 -3.5295
2 24 -20 -28.4374 -4.0755 -17.9622 -28.4374 -3.5295
2 24 -16.4705 -24 -2.0378 -17.9622 -24 -3.5295
2 24 -16.4705 -28.4374 -2.0378 -17.9622 -28.4374 -3.5295
2 24 -22.9835 -12.4458 -1.7225 -23.445 -14.0245 0
2 24 -18.2775 -8.1196 -2.9835 -17.0165 -8.1062 -1.7225
2 24 -16.555 -8.1062 0 -17.0165 -8.1062 1.7225
2 24 -21.7225 -10.3903 2.9835 -22.9835 -12.4458 1.7225
2 24 -21.7225 -10.3903 -2.9835 -22.9835 -12.4458 -1.7225
2 24 -21.7225 -24 -2.9835 -22.9835 -24 -1.7225
2 24 -21.7225 -10.3903 -2.9835 -20 -8.8928 -3.445
2 24 -21.7225 -24 -2.9835 -20 -24 -3.445
2 24 -20 -8.8928 -3.445 -18.2775 -8.1196 -2.9835
2 24 -20 -24 -3.445 -18.2775 -24 -2.9835
2 24 -18.2775 -8.1196 -2.9835 -17.0165 -8.1062 -1.7225
2 24 -18.2775 -24 -2.9835 -17.0165 -24 -1.7225
2 24 -17.0165 -8.1062 -1.7225 -16.555 -8.1062 0
2 24 -17.0165 -24 -1.7225 -16.555 -24 0
2 24 -16.555 -8.1062 0 -17.0165 -8.1062 1.7225
2 24 -16.555 -24 0 -17.0165 -24 1.7225
2 24 -17.0165 -8.1062 1.7225 -18.2775 -8.1196 2.9835
2 24 -17.0165 -24 1.7225 -18.2775 -24 2.9835
2 24 -18.2775 -8.1196 2.9835 -20 -8.8928 3.445
2 24 -18.2775 -24 2.9835 -20 -24 3.445
2 24 -20 -8.8928 3.445 -21.7225 -10.3903 2.9835
2 24 -20 -24 3.445 -21.7225 -24 2.9835
2 24 -21.7225 -10.3903 2.9835 -22.9835 -12.4458 1.7225
2 24 -21.7225 -24 2.9835 -22.9835 -24 1.7225
2 24 -22.9835 -12.4458 1.7225 -23.445 -14.0245 0
2 24 -22.9835 -24 1.7225 -23.445 -24 0
2 24 -22.9835 -12.4458 -1.7225 -23.445 -14.0245 0
2 24 -22.9835 -24 -1.7225 -23.445 -24 0
2 24 -15.9245 -24 0 -16.4705 -24 2.0378
2 24 -15.9245 -28.4374 0 -16.4705 -28.4374 2.0378
2 24 -22.9835 -12.4458 -1.7225 -21.7225 -10.3903 -2.9835
2 24 -21.7225 -10.3903 -2.9835 -20 -8.8928 -3.445
2 24 -18.2775 -8.1196 -2.9835 -20 -8.8928 -3.445
2 24 -17.0165 -8.1062 -1.7225 -16.555 -8.1062 0
2 24 -17.0165 -8.1062 1.7225 -18.2775 -8.1196 2.9835
2 24 -18.2775 -8.1196 2.9835 -20 -8.8928 3.445
2 24 -21.7225 -10.3903 2.9835 -20 -8.8928 3.445
2 24 -23.445 -14.0245 0 -22.9835 -12.4458 1.7225
2 24 -23.5295 -24 -2.0378 -24.0755 -24 0
2 24 -22.9835 -24 -1.7225 -23.445 -24 0
2 24 -23.5295 -24 -2.0378 -22.0377 -24 -3.5295
2 24 -22.9835 -24 -1.7225 -21.7225 -24 -2.9835
2 24 -22.0377 -24 -3.5295 -20 -24 -4.0755
2 24 -21.7225 -24 -2.9835 -20 -24 -3.445
2 24 -20 -24 -4.0755 -17.9622 -24 -3.5295
2 24 -20 -24 -3.445 -18.2775 -24 -2.9835
2 24 -17.9622 -24 -3.5295 -16.4705 -24 -2.0378
2 24 -18.2775 -24 -2.9835 -17.0165 -24 -1.7225
2 24 -16.4705 -24 -2.0378 -15.9245 -24 0
2 24 -17.0165 -24 -1.7225 -16.555 -24 0
2 24 -15.9245 -24 0 -16.4705 -24 2.0378
2 24 -16.555 -24 0 -17.0165 -24 1.7225
2 24 -16.4705 -24 2.0378 -17.9622 -24 3.5295
2 24 -17.0165 -24 1.7225 -18.2775 -24 2.9835
2 24 -17.9622 -24 3.5295 -20 -24 4.0755
2 24 -18.2775 -24 2.9835 -20 -24 3.445
2 24 -20 -24 4.0755 -22.0377 -24 3.5295
2 24 -20 -24 3.445 -21.7225 -24 2.9835
2 24 -22.0377 -24 3.5295 -23.5295 -24 2.0378
2 24 -21.7225 -24 2.9835 -22.9835 -24 1.7225
2 24 -23.445 -24 0 -22.9835 -24 1.7225
2 24 -24.0755 -24 0 -23.5295 -24 2.0378
2 24 -27.009 -9.7631 -10 -24.5933 -6.4962 -10
2 24 -20 -5.25 6.25 -16.875 -5.25 5.4127
2 24 -20 -2.8295 6.25 -16.875 -1.2952 5.4127
2 24 -20 -2.8295 6.25 -23.3545 -5.2374 5.421
2 24 -20 -5.25 6.25 -23.3545 -5.2374 5.421
2 24 -16.875 -1.2952 5.4127 -14.5873 -0.5528 3.125
2 24 -16.875 -5.25 5.4127 -14.5873 -5.25 3.125
2 24 -16.875 -5.25 5.4127 -14.5873 -5.25 3.125
2 24 -14.5873 -0.5528 3.125 -13.75 -0.3947 0
2 24 -14.5873 -5.25 3.125 -13.75 -5.25 0
2 24 -23.3545 -5.2374 5.421 -23.3545 -5.2374 0
2 24 -23.3545 -5.2374 5.421 -20 -5.25 6.25
2 24 -23.3545 -5.2374 0 -23.3545 -5.2374 5.421
2 24 -16.875 -5.25 5.4127 -20 -5.25 6.25
2 24 -14.5873 -5.25 3.125 -13.75 -5.25 0
2 24 -10 0.0126 30 -11.8519 -0.093 30
2 24 -10 0.0126 -10 -11.8519 -0.093 -10
2 24 -16.875 -5.25 -5.4127 -20 -5.25 -6.25
2 24 -20 -5.25 -6.25 -23.3545 -5.2374 -5.421
2 24 -23.3545 -5.2374 0 -23.3545 -5.2374 -5.421
2 24 -23.3545 -5.2374 0 -23.3545 -5.2374 -5.421
2 24 -24.5933 -6.4962 -10 -20.9115 -3.3403 -10
2 24 -23.3545 -5.2374 -5.421 -20 -2.8295 -6.25
2 24 -13.75 -0.3947 0 -14.5873 -0.5528 -3.125
2 24 -16.875 -5.25 -5.4127 -14.5873 -5.25 -3.125
2 24 -13.75 -5.25 0 -14.5873 -5.25 -3.125
2 24 -23.3545 -5.2374 -5.421 -20 -5.25 -6.25
2 24 -23.3545 -5.2374 -5.421 -20 -2.8295 -6.25
2 24 -23.0804 -10.6293 5.3354 -24.3563 -12.7046 4.3563
2 24 -23.0804 -28.6526 5.3354 -24.3563 -28.6526 4.3563
2 24 -23.0804 -10.6293 5.3354 -21.5945 -8.8334 5.9508
2 24 -23.0804 -28.6526 5.3354 -21.5945 -28.6526 5.9508
2 24 -21.5945 -8.8334 5.9508 -20 -7.6124 6.1608
2 24 -21.5945 -28.6526 5.9508 -20 -28.6526 6.1608
2 24 -20 -28.6526 6.1608 -18.4055 -28.6526 5.9508
2 24 -20 -7.6124 6.1608 -18.4055 -7.7205 5.9508
2 24 -15.6437 -28.6526 4.3563 -16.9196 -28.6526 5.3354
2 24 -15.6437 -7.684 4.3563 -16.9196 -7.6804 5.3354
2 24 -15.6437 -28.6526 4.3563 -14.6647 -28.6526 3.0804
2 24 -15.6437 -7.684 4.3563 -14.6647 -7.6868 3.0804
2 24 -25.8302 -16.6942 -7.5 -26.25 -19.2974 -7.5
2 24 -17.8543 -6.0473 -7.5 -16.4963 -5.4594 -7.5
2 24 -16.4963 -5.4594 -7.5 -14.6196 -4.5072 -7.5
2 24 -14.6196 -4.5072 -7.5 -10 -3.7428 -7.5
2 24 -10 -24 -7.5 -10 -3.7428 -7.5
2 24 -25.8302 -16.6942 -7.5 -25.3353 -14.9286 -7.5
2 24 -25.3353 -14.9286 -7.5 -24.3563 -12.858 -7.5
2 24 -24.3563 -12.858 -7.5 -23.0804 -10.6168 -7.5
2 24 -23.0804 -10.6168 -7.5 -21.5945 -8.8208 -7.5
2 24 -17.8543 -6.0473 -7.5 -21.5945 -8.8208 -7.5
2 24 -20.9115 -3.3403 -10 -16.6398 -1.2017 -10
2 24 -20 -2.8295 -6.25 -16.875 -1.2952 -5.4127
2 24 -11.8519 -0.093 -10 -16.6398 -1.2017 -10
2 24 -14.5873 -0.5528 -3.125 -16.875 -1.2952 -5.4127
2 24 -30 -24 -10 -30 -24 30
2 24 -30 -18.6658 -10 -30 -24 -10
2 24 -30 -18.6658 30 -30 -24 30
2 24 -10 0.0126 -10 30 0.0126 -10
2 24 -6.25 0 -6.25 26.25 0 -6.25
2 24 -6.25 0 -6.25 -6.25 -21.25 -6.25
2 24 -6.25 0 -6.25 26.25 0 -6.25
2 24 -6.25 -21.25 -6.25 26.25 -21.25 -6.25
2 24 26.25 0 -6.25 26.25 -21.25 -6.25
2 24 -10 -3.7428 1.875 -10.1829 -3.7428 1.875
2 24 -10 -24 1.8751 -10 -3.7428 1.875
2 24 -14.1759 -24 1.8974 -13.8393 -24 0
2 24 -14.0492 -28.6526 1.5945 -13.8393 -28.6526 0
2 24 -25.8605 -24 1.8751 -26.1607 -24 0
2 24 -25.9508 -28.6526 1.5945 -26.1607 -28.6526 0
2 24 -14.6647 -28.6526 3.0804 -14.0492 -28.6526 1.5945
2 24 -15.6437 -7.684 4.3563 -14.6647 -7.6868 3.0804
2 24 -13.1634 -4.1399 6.7299 -11.176 -3.8075 4.5976
2 24 -15.6437 -7.684 4.3563 -16.9196 -7.6804 5.3354
2 24 -13.1634 -4.1399 6.7299 -15.4771 -4.8046 7.7341
2 24 -16.9196 -7.6804 5.3354 -18.4055 -7.7205 5.9508
2 24 -15.4771 -4.8046 7.7341 -18.3973 -6.2467 7.4083
2 24 -21.5945 -8.8334 14.0492 -23.0804 -10.6168 14.6646
2 24 -21.5945 -8.8334 5.9508 -23.0804 -10.6293 5.3354
2 24 -23.0804 -10.6168 14.6646 -24.3563 -12.7046 15.6437
2 24 -23.0804 -10.6293 5.3354 -24.3563 -12.7046 4.3563
2 24 -24.3563 -12.7046 15.6437 -25.3353 -14.9286 16.9196
2 24 -24.3563 -12.7046 4.3563 -25.3353 -14.9286 3.0804
2 24 -25.3353 -14.9286 16.9196 -25.8302 -16.6942 18.125
2 24 -25.3353 -14.9286 3.0804 -25.8302 -16.6942 1.875
2 24 -14.6647 -7.6868 3.0804 -14.1749 -7.6881 1.895
2 24 -14.1749 -7.6881 1.895 -10.1829 -3.7428 1.875
2 24 -11.176 -3.8075 4.5976 -10.1829 -3.7428 1.875
2 24 -18.4055 -7.7205 5.9508 -20 -7.6124 6.1608
2 24 -18.3973 -6.2467 7.4083 -20 -7.6124 6.1608
2 24 -26.25 -24 18.1249 -26.25 -24 1.8751
2 24 -26.25 -24 18.1249 -26.25 -18.4414 18.125
2 24 -26.25 -24 1.8751 -26.25 -18.4414 1.8751
2 24 -15.4771 -4.8046 12.2659 -18.3973 -6.2467 12.5918
2 24 -15.4771 -4.8046 7.7341 -18.3973 -6.2467 7.4083
2 24 -10 -3.7428 10 -10 -3.7428 1.875
2 24 -10 -3.7428 1.875 -10.1829 -3.7428 1.875
2 24 -11.176 -3.8075 4.5976 -10.1829 -3.7428 1.875
2 24 -13.8393 -28.6526 0 -14.0492 -28.6526 -1.5945
2 24 -13.8393 -24 0 -14.1759 -24 -1.8973
2 24 -26.1607 -24 0 -25.8605 -24 -1.875
2 24 -26.1607 -28.6526 0 -25.9508 -28.6526 -1.5945
2 24 -25.9508 -28.6526 -1.5945 -25.3353 -28.6526 -3.0803
2 24 -13.8393 -24 0 -14.1759 -24 -1.8973
2 24 -10 -24 -1.875 -14.1759 -24 -1.8973
2 24 -16.9196 -7.6804 -5.3353 -15.6437 -7.684 -4.3563
2 24 -21.5945 -8.8208 -7.5 -23.0804 -10.6168 -7.5
2 24 -21.5945 -8.8208 -5.9508 -23.0804 -10.6168 -5.3353
2 24 -23.0804 -10.6168 -7.5 -24.3563 -12.858 -7.5
2 24 -23.0804 -10.6168 -5.3353 -24.3563 -12.858 -4.3563
2 24 -24.3563 -12.858 -7.5 -25.3353 -14.9286 -7.5
2 24 -24.3563 -12.858 -4.3563 -25.3353 -14.9286 -3.0803
2 24 -25.3353 -14.9286 -7.5 -25.8302 -16.6942 -7.5
2 24 -25.3353 -14.9286 -3.0803 -25.8302 -16.6942 -1.875
2 24 -16.4963 -5.4594 -7.5 -14.6196 -4.5072 -7.5
2 24 -14.6196 -4.5072 -7.5 -12.3848 -3.9917 -6.0812
2 24 -12.3848 -3.9917 -6.0812 -11.0636 -3.7972 -4.4715
2 24 -15.6437 -7.684 -4.3563 -14.6647 -7.6868 -3.0803
2 24 -10.1829 -3.7428 -1.875 -14.1749 -7.6881 -1.8949
2 24 -11.0636 -3.7972 -4.4715 -10.1829 -3.7428 -1.875
2 24 -14.6647 -7.6868 -3.0803 -14.1749 -7.6881 -1.8949
2 24 -10 -24 -7.5 -26.25 -24 -7.5
2 24 -26.25 -19.2974 -7.5 -26.25 -24 -7.5
2 24 -10 -3.7428 1.875 -10 -24 1.8751
2 24 -10 -3.7428 10 -10 -3.7428 1.875
2 24 -10 -24 18.125 -10 -24 1.8751
2 24 -25.8605 -24 1.8751 -25.8302 -16.6942 1.875
2 24 -26.25 -18.4414 1.8751 -25.8302 -16.6942 1.875
2 24 -26.25 -18.4414 1.8751 -26.25 -24 1.8751
2 24 -25.8605 -24 1.8751 -26.25 -24 1.8751
2 24 -25.9508 -28.6526 1.5945 -25.3353 -28.6526 3.0804
2 24 -17.8543 -6.0473 -7.5 -20.2844 -7.6124 -6.1607
2 24 -21.5945 -8.8208 -7.5 -17.8543 -6.0473 -7.5
2 24 -21.5945 -8.8208 -5.9508 -20.2844 -7.6124 -6.1607
2 24 -16.9196 -7.6804 -5.3353 -18.4055 -7.7205 -5.9508
2 24 -16.4963 -5.4594 -7.5 -17.8543 -6.0473 -7.5
2 24 -17.8543 -6.0473 -7.5 -20.2844 -7.6124 -6.1607
2 24 -18.4055 -7.7205 -5.9508 -20.2844 -7.6124 -6.1607
2 24 -10 -3.7428 -1.875 -10.1829 -3.7428 -1.875
2 24 -10 -3.7428 -1.875 -10 -3.7428 -7.5
2 24 -10.1829 -3.7428 -1.875 -11.0636 -3.7972 -4.4715
2 24 -10 -3.7428 -7.5 -14.6196 -4.5072 -7.5
2 24 -12.3848 -3.9917 -6.0812 -14.6196 -4.5072 -7.5
2 24 -11.0636 -3.7972 -4.4715 -12.3848 -3.9917 -6.0812
2 24 -14.0492 -28.6526 -1.5945 -14.6647 -28.6526 -3.0803
2 24 50 -24 -10 -30 -24 -10
2 24 -26.25 -19.2974 -7.5 -26.25 -24 -7.5
2 24 -26.25 -19.3312 -1.875 -26.25 -24 -1.875
2 24 -26.25 -24 -7.5 -26.25 -24 -1.875
2 24 -25.8302 -16.6942 -1.875 -25.8605 -24 -1.875
2 24 -25.8302 -16.6942 -1.875 -26.25 -19.3312 -1.875
2 24 -25.8605 -24 -1.875 -26.25 -24 -1.875
2 24 -26.25 -19.3312 -1.875 -26.25 -24 -1.875
2 24 -25.8302 -16.6942 -7.5 -26.25 -19.2974 -7.5
2 24 -25.8302 -16.6942 -1.875 -26.25 -19.3312 -1.875
2 24 -25.3353 -14.9286 3.0804 -25.8302 -16.6942 1.875
2 24 -25.8605 -24 1.8751 -25.8302 -16.6942 1.875
2 24 -24.3563 -12.7046 4.3563 -25.3353 -14.9286 3.0804
2 24 -24.3563 -28.6526 4.3563 -25.3353 -28.6526 3.0804
2 24 -14.6647 -7.6868 3.0804 -14.1749 -7.6881 1.895
2 24 -14.1759 -24 1.8974 -14.1749 -7.6881 1.895
2 24 -10.1829 -3.7428 1.875 -14.1749 -7.6881 1.895
2 24 -14.1749 -7.6881 1.895 -14.1759 -24 1.8974
2 24 -10 -24 1.8751 -14.1759 -24 1.8974
2 24 -18.4055 -28.6526 5.9508 -16.9196 -28.6526 5.3354
2 24 -18.4055 -7.7205 5.9508 -16.9196 -7.6804 5.3354
2 24 -25.8605 -24 -1.875 -25.8302 -16.6942 -1.875
2 24 -25.3353 -14.9286 -3.0803 -25.8302 -16.6942 -1.875
2 24 -25.3353 -14.9286 -3.0803 -24.3563 -12.858 -4.3563
2 24 -25.3353 -28.6526 -3.0803 -24.3563 -28.6526 -4.3563
2 24 -24.3563 -12.858 -4.3563 -23.0804 -10.6168 -5.3353
2 24 -24.3563 -28.6526 -4.3563 -23.0804 -28.6526 -5.3353
2 24 -23.0804 -10.6168 -5.3353 -21.5945 -8.8208 -5.9508
2 24 -23.0804 -28.6526 -5.3353 -21.5945 -28.6526 -5.9508
2 24 -21.5945 -8.8208 -5.9508 -20.2844 -7.6124 -6.1607
2 24 -21.5945 -28.6526 -5.9508 -20 -28.6526 -6.1607
2 24 -20 -28.6526 -6.1607 -18.4055 -28.6526 -5.9508
2 24 -20.2844 -7.6124 -6.1607 -18.4055 -7.7205 -5.9508
2 24 -18.4055 -7.7205 -5.9508 -16.9196 -7.6804 -5.3353
2 24 -18.4055 -28.6526 -5.9508 -16.9196 -28.6526 -5.3353
2 24 -16.9196 -7.6804 -5.3353 -15.6437 -7.684 -4.3563
2 24 -16.9196 -28.6526 -5.3353 -15.6437 -28.6526 -4.3563
2 24 -15.6437 -7.684 -4.3563 -14.6647 -7.6868 -3.0803
2 24 -14.6647 -28.6526 -3.0803 -15.6437 -28.6526 -4.3563
2 24 -14.1759 -24 -1.8973 -14.1749 -7.6881 -1.8949
2 24 -14.6647 -7.6868 -3.0803 -14.1749 -7.6881 -1.8949
2 24 -10 -24 -1.875 -14.1759 -24 -1.8973
2 24 -14.1749 -7.6881 -1.8949 -14.1759 -24 -1.8973
2 24 -14.1749 -7.6881 -1.8949 -10.1829 -3.7428 -1.875
2 24 -10.1829 -3.7428 -1.875 -10 -3.7428 -1.875
2 24 -10 -24 -1.875 -10 -3.7428 -1.875
2 24 -10 -24 -1.875 -10 -3.7428 -1.875
2 24 -10 -3.7428 -7.5 -10 -3.7428 -1.875
2 24 -10 -24 -1.875 -10 -24 -7.5
2 24 -10 -3.7428 -7.5 -10 -24 -7.5
2 24 -13.75 -5.25 0 -14.5873 -5.25 -3.125
2 24 -13.75 -0.3947 0 -14.5873 -0.5528 -3.125
2 24 -14.5873 -0.5528 -3.125 -16.875 -1.2952 -5.4127
2 24 -14.5873 -5.25 -3.125 -16.875 -5.25 -5.4127
2 24 -20 -2.8295 -6.25 -16.875 -1.2952 -5.4127
2 24 -20 -5.25 -6.25 -16.875 -5.25 -5.4127
2 24 -13.8393 -28.6526 0 -14.0492 -28.6526 -1.5945
2 24 -15.9245 -28.4374 0 -16.4705 -28.4374 -2.0378
2 24 -13.8393 -28.6526 0 -14.0492 -28.6526 1.5945
2 24 -15.9245 -28.4374 0 -16.4705 -28.4374 2.0378
2 24 -14.6647 -28.6526 3.0804 -15.6437 -28.6526 4.3563
2 24 -16.4705 -28.4374 2.0378 -17.9622 -28.4374 3.5295
2 24 -16.9196 -28.6526 5.3354 -18.4055 -28.6526 5.9508
2 24 -17.9622 -28.4374 3.5295 -20 -28.4374 4.0755
2 24 -20 -28.6526 6.1608 -21.5945 -28.6526 5.9508
2 24 -20 -28.4374 4.0755 -22.0377 -28.4374 3.5295
2 24 -25.3353 -28.6526 3.0804 -24.3563 -28.6526 4.3563
2 24 -22.0377 -28.4374 3.5295 -23.5295 -28.4374 2.0378
2 24 -26.1607 -28.6526 0 -25.9508 -28.6526 1.5945
2 24 -23.5295 -28.4374 2.0378 -24.0755 -28.4374 0
2 24 -25.3353 -28.6526 -3.0803 -25.9508 -28.6526 -1.5945
2 24 -24.0755 -28.4374 0 -23.5295 -28.4374 -2.0378
2 24 -23.0804 -28.6526 -5.3353 -24.3563 -28.6526 -4.3563
2 24 -23.5295 -28.4374 -2.0378 -22.0377 -28.4374 -3.5295
2 24 -20 -28.6526 -6.1607 -21.5945 -28.6526 -5.9508
2 24 -22.0377 -28.4374 -3.5295 -20 -28.4374 -4.0755
2 24 -16.9196 -28.6526 -5.3353 -18.4055 -28.6526 -5.9508
2 24 -20 -28.4374 -4.0755 -17.9622 -28.4374 -3.5295
2 24 -14.6647 -28.6526 -3.0803 -15.6437 -28.6526 -4.3563
2 24 -16.4705 -28.4374 -2.0378 -17.9622 -28.4374 -3.5295
2 24 -14.0492 -28.6526 1.5945 -14.6647 -28.6526 3.0804
2 24 -15.6437 -28.6526 4.3563 -16.9196 -28.6526 5.3354
2 24 -18.4055 -28.6526 5.9508 -20 -28.6526 6.1608
2 24 -14.0492 -28.6526 -1.5945 -14.6647 -28.6526 -3.0803
2 24 -16.9196 -28.6526 -5.3353 -15.6437 -28.6526 -4.3563
2 24 -20 -28.6526 -6.1607 -18.4055 -28.6526 -5.9508
2 24 -23.0804 -28.6526 -5.3353 -21.5945 -28.6526 -5.9508
2 24 -25.3353 -28.6526 -3.0803 -24.3563 -28.6526 -4.3563
2 24 -26.1607 -28.6526 0 -25.9508 -28.6526 -1.5945
2 24 -21.5945 -28.6526 5.9508 -23.0804 -28.6526 5.3354
2 24 -25.3353 -28.6526 3.0804 -25.9508 -28.6526 1.5945
2 24 -24.3563 -28.6526 4.3563 -23.0804 -28.6526 5.3354
2 24 -25.8302 -16.6942 18.125 -26.25 -18.4414 18.125
2 24 -25.8302 -16.6942 1.875 -26.25 -18.4414 1.8751
2 24 -25.8605 -24 1.8751 -26.25 -24 1.8751
2 24 -26.1607 -24 0 -25.8605 -24 1.8751
2 24 -26.1607 -24 0 -25.8605 -24 -1.875
2 24 -26.25 -24 -1.875 -25.8605 -24 -1.875
2 24 -13.8393 -24 20 -14.1759 -24 18.1026
2 24 -10 -24 18.125 -14.1759 -24 18.1026
2 24 -13.8393 -24 20 -14.1759 -24 21.8973
2 24 -10 -24 21.875 -14.1759 -24 21.8973
2 24 -13.8393 -24 0 -14.1759 -24 1.8974
2 24 -10 -24 1.8751 -14.1759 -24 1.8974
2 24 35.9245 -24 20 36.4705 -24 22.0378
2 24 35.9245 -28.4374 20 36.4705 -28.4374 22.0378
2 24 40 -24 24.0755 42.0377 -24 23.5295
2 24 40 -28.4374 24.0755 42.0377 -28.4374 23.5295
2 24 44.0755 -24 20 43.5295 -24 17.9622
2 24 44.0755 -28.4374 20 43.5295 -28.4374 17.9622
2 24 40 -24 15.9245 37.9623 -24 16.4705
2 24 40 -28.4374 15.9245 37.9623 -28.4374 16.4705
2 24 37.9623 -24 16.4705 36.4705 -24 17.9622
2 24 37.9623 -28.4374 16.4705 36.4705 -28.4374 17.9622
2 24 40 -24 15.9245 42.0377 -24 16.4705
2 24 40 -28.4374 15.9245 42.0377 -28.4374 16.4705
2 24 43.5295 -24 17.9622 42.0377 -24 16.4705
2 24 43.5295 -28.4374 17.9622 42.0377 -28.4374 16.4705
2 24 44.0755 -24 20 43.5295 -24 22.0378
2 24 44.0755 -28.4374 20 43.5295 -28.4374 22.0378
2 24 42.0377 -24 23.5295 43.5295 -24 22.0378
2 24 42.0377 -28.4374 23.5295 43.5295 -28.4374 22.0378
2 24 40 -24 24.0755 37.9623 -24 23.5295
2 24 40 -28.4374 24.0755 37.9623 -28.4374 23.5295
2 24 36.4705 -24 22.0378 37.9623 -24 23.5295
2 24 36.4705 -28.4374 22.0378 37.9623 -28.4374 23.5295
2 24 42.9835 -12.4458 21.7225 43.445 -14.0245 20
2 24 38.2775 -8.1196 22.9835 37.0165 -8.1062 21.7225
2 24 36.555 -8.1062 20 37.0165 -8.1062 18.2775
2 24 41.7225 -10.3903 17.0165 42.9835 -12.4458 18.2775
2 24 41.7225 -10.3903 22.9835 42.9835 -12.4458 21.7225
2 24 41.7225 -24 22.9835 42.9835 -24 21.7225
2 24 41.7225 -10.3903 22.9835 40 -8.8928 23.445
2 24 41.7225 -24 22.9835 40 -24 23.445
2 24 40 -8.8928 23.445 38.2775 -8.1196 22.9835
2 24 40 -24 23.445 38.2775 -24 22.9835
2 24 38.2775 -8.1196 22.9835 37.0165 -8.1062 21.7225
2 24 38.2775 -24 22.9835 37.0165 -24 21.7225
2 24 37.0165 -8.1062 21.7225 36.555 -8.1062 20
2 24 37.0165 -24 21.7225 36.555 -24 20
2 24 36.555 -8.1062 20 37.0165 -8.1062 18.2775
2 24 36.555 -24 20 37.0165 -24 18.2775
2 24 37.0165 -8.1062 18.2775 38.2775 -8.1196 17.0165
2 24 37.0165 -24 18.2775 38.2775 -24 17.0165
2 24 38.2775 -8.1196 17.0165 40 -8.8928 16.555
2 24 38.2775 -24 17.0165 40 -24 16.555
2 24 40 -8.8928 16.555 41.7225 -10.3903 17.0165
2 24 40 -24 16.555 41.7225 -24 17.0165
2 24 41.7225 -10.3903 17.0165 42.9835 -12.4458 18.2775
2 24 41.7225 -24 17.0165 42.9835 -24 18.2775
2 24 42.9835 -12.4458 18.2775 43.445 -14.0245 20
2 24 42.9835 -24 18.2775 43.445 -24 20
2 24 42.9835 -12.4458 21.7225 43.445 -14.0245 20
2 24 42.9835 -24 21.7225 43.445 -24 20
2 24 35.9245 -24 20 36.4705 -24 17.9622
2 24 35.9245 -28.4374 20 36.4705 -28.4374 17.9622
2 24 42.9835 -12.4458 21.7225 41.7225 -10.3903 22.9835
2 24 41.7225 -10.3903 22.9835 40 -8.8928 23.445
2 24 38.2775 -8.1196 22.9835 40 -8.8928 23.445
2 24 37.0165 -8.1062 21.7225 36.555 -8.1062 20
2 24 37.0165 -8.1062 18.2775 38.2775 -8.1196 17.0165
2 24 38.2775 -8.1196 17.0165 40 -8.8928 16.555
2 24 41.7225 -10.3903 17.0165 40 -8.8928 16.555
2 24 43.445 -14.0245 20 42.9835 -12.4458 18.2775
2 24 43.5295 -24 22.0378 44.0755 -24 20
2 24 42.9835 -24 21.7225 43.445 -24 20
2 24 43.5295 -24 22.0378 42.0377 -24 23.5295
2 24 42.9835 -24 21.7225 41.7225 -24 22.9835
2 24 42.0377 -24 23.5295 40 -24 24.0755
2 24 41.7225 -24 22.9835 40 -24 23.445
2 24 40 -24 24.0755 37.9623 -24 23.5295
2 24 40 -24 23.445 38.2775 -24 22.9835
2 24 37.9623 -24 23.5295 36.4705 -24 22.0378
2 24 38.2775 -24 22.9835 37.0165 -24 21.7225
2 24 36.4705 -24 22.0378 35.9245 -24 20
2 24 37.0165 -24 21.7225 36.555 -24 20
2 24 35.9245 -24 20 36.4705 -24 17.9622
2 24 36.555 -24 20 37.0165 -24 18.2775
2 24 36.4705 -24 17.9622 37.9623 -24 16.4705
2 24 37.0165 -24 18.2775 38.2775 -24 17.0165
2 24 37.9623 -24 16.4705 40 -24 15.9245
2 24 38.2775 -24 17.0165 40 -24 16.555
2 24 40 -24 15.9245 42.0377 -24 16.4705
2 24 40 -24 16.555 41.7225 -24 17.0165
2 24 42.0377 -24 16.4705 43.5295 -24 17.9622
2 24 41.7225 -24 17.0165 42.9835 -24 18.2775
2 24 43.445 -24 20 42.9835 -24 18.2775
2 24 44.0755 -24 20 43.5295 -24 17.9622
2 24 40 -5.25 13.75 36.875 -5.25 14.5873
2 24 40 -2.8295 13.75 36.875 -1.2952 14.5873
2 24 40 -2.8295 13.75 43.3545 -5.2374 14.579
2 24 40 -5.25 13.75 43.3545 -5.2374 14.579
2 24 36.875 -1.2952 14.5873 34.5874 -0.5528 16.875
2 24 36.875 -5.25 14.5873 34.5873 -5.25 16.875
2 24 36.875 -5.25 14.5873 34.5873 -5.25 16.875
2 24 34.5874 -0.5528 16.875 33.75 -0.3947 20
2 24 34.5873 -5.25 16.875 33.75 -5.25 20
2 24 43.3545 -5.2374 20 43.3545 -5.2374 14.579
2 24 43.3545 -5.2374 14.579 40 -5.25 13.75
2 24 43.3545 -5.2374 20 43.3545 -5.2374 14.579
2 24 36.875 -5.25 14.5873 40 -5.25 13.75
2 24 34.5873 -5.25 16.875 33.75 -5.25 20
2 24 30 0.0126 -10 31.8519 -0.093 -10
2 24 30 0.0126 30 31.8519 -0.093 30
2 24 36.875 -5.25 25.4127 40 -5.25 26.25
2 24 40 -5.25 26.25 43.3545 -5.2374 25.421
2 24 43.3545 -5.2374 20 43.3545 -5.2374 25.421
2 24 43.3545 -5.2374 20 43.3545 -5.2374 25.421
2 24 44.5933 -6.4962 30 40.9115 -3.3403 30
2 24 43.3545 -5.2374 25.421 40 -2.8295 26.25
2 24 33.75 -0.3947 20 34.5874 -0.5528 23.125
2 24 36.875 -5.25 25.4127 34.5873 -5.25 23.125
2 24 33.75 -5.25 20 34.5873 -5.25 23.125
2 24 43.3545 -5.2374 25.421 40 -5.25 26.25
2 24 43.3545 -5.2374 25.421 40 -2.8295 26.25
2 24 43.0804 -10.6293 14.6646 44.3563 -12.7046 15.6437
2 24 43.0804 -28.6526 14.6646 44.3563 -28.6526 15.6437
2 24 43.0804 -10.6293 14.6646 41.5945 -8.8208 14.0492
2 24 43.0804 -28.6526 14.6646 41.5945 -28.6526 14.0492
2 24 41.5945 -8.8208 14.0492 40 -7.625 13.8392
2 24 41.5945 -28.6526 14.0492 40 -28.6526 13.8392
2 24 40 -28.6526 13.8392 38.4055 -28.6526 14.0492
2 24 40 -7.625 13.8392 38.4055 -7.7205 14.0492
2 24 35.6437 -28.6526 15.6437 36.9197 -28.6526 14.6646
2 24 35.6437 -7.684 15.6437 36.9197 -7.6804 14.6646
2 24 35.6437 -28.6526 15.6437 34.6647 -28.6526 16.9196
2 24 35.6437 -7.684 15.6437 34.6647 -7.6868 16.9196
2 24 45.8302 -16.6942 27.5 46.25 -19.2974 27.5
2 24 37.8543 -6.0473 27.5 36.4963 -5.4594 27.5
2 24 36.4963 -5.4594 27.5 34.6196 -4.5072 27.5
2 24 34.6196 -4.5072 27.5 30 -3.7428 27.5
2 24 30 -24 27.5 30 -3.7428 27.5
2 24 45.8302 -16.6942 27.5 45.3354 -14.9286 27.5
2 24 45.3354 -14.9286 27.5 44.3563 -12.858 27.5
2 24 44.3563 -12.858 27.5 43.0804 -10.6168 27.5
2 24 43.0804 -10.6168 27.5 41.5945 -8.8208 27.5
2 24 37.8543 -6.0473 27.5 41.5945 -8.8208 27.5
2 24 40.9115 -3.3403 30 36.6398 -1.2017 30
2 24 40 -2.8295 26.25 36.875 -1.2952 25.4127
2 24 31.8519 -0.093 30 36.6398 -1.2017 30
2 24 34.5874 -0.5528 23.125 36.875 -1.2952 25.4127
2 24 50 -18.6658 30 50 -24 30
2 24 50 -24 30 50 -24 -10
2 24 50 -18.6658 -10 50 -24 -10
2 24 -6.25 -21.25 26.25 26.25 -21.25 26.25
2 24 -6.25 -21.25 26.25 -6.25 -21.25 -6.25
2 24 26.25 -21.25 26.25 26.25 -21.25 -6.25
2 24 -6.25 -21.25 -6.25 26.25 -21.25 -6.25
2 24 -10 0.0126 30 30 0.0126 30
2 24 -6.25 0 26.25 26.25 0 26.25
2 24 -6.25 0 26.25 26.25 0 26.25
2 24 -6.25 0 26.25 -6.25 -21.25 26.25
2 24 26.25 0 26.25 26.25 -21.25 26.25
2 24 -6.25 -21.25 26.25 26.25 -21.25 26.25
2 24 30 -3.7428 18.125 30.1829 -3.7428 18.125
2 24 30 -24 18.125 30 -3.7428 18.125
2 24 34.1759 -24 18.1026 33.8393 -24 20
2 24 34.0492 -28.6526 18.4055 33.8393 -28.6526 20
2 24 45.8605 -24 18.1249 46.1607 -24 20
2 24 45.9508 -28.6526 18.4055 46.1607 -28.6526 20
2 24 34.6647 -28.6526 16.9196 34.0492 -28.6526 18.4055
2 24 35.6437 -7.684 15.6437 34.6647 -7.6868 16.9196
2 24 33.1634 -4.1399 13.2701 31.176 -3.8075 15.4024
2 24 35.6437 -7.684 15.6437 36.9197 -7.6804 14.6646
2 24 33.1634 -4.1399 13.2701 35.4771 -4.8046 12.2659
2 24 36.9197 -7.6804 14.6646 38.4055 -7.7205 14.0492
2 24 35.4771 -4.8046 12.2659 38.3973 -6.2467 12.5918
2 24 43.0804 -10.6293 14.6646 41.5945 -8.8208 14.0492
2 24 43.0804 -10.6168 5.3354 41.5945 -8.8334 5.9508
2 24 43.0804 -10.6293 14.6646 44.3563 -12.7046 15.6437
2 24 43.0804 -10.6168 5.3354 44.3563 -12.7046 4.3563
2 24 44.3563 -12.7046 15.6437 45.3354 -14.9286 16.9196
2 24 44.3563 -12.7046 4.3563 45.3354 -14.9286 3.0804
2 24 45.3354 -14.9286 16.9196 45.8302 -16.6942 18.125
2 24 45.3354 -14.9286 3.0804 45.8302 -16.6942 1.875
2 24 34.6647 -7.6868 16.9196 34.1749 -7.6881 18.105
2 24 34.1749 -7.6881 18.105 30.1829 -3.7428 18.125
2 24 31.176 -3.8075 15.4024 30.1829 -3.7428 18.125
2 24 38.4055 -7.7205 14.0492 40 -7.625 13.8392
2 24 38.3973 -6.2467 12.5918 40 -7.625 13.8392
2 24 46.25 -24 18.1249 46.25 -18.4414 18.125
2 24 46.25 -24 18.1249 46.25 -24 1.8751
2 24 46.25 -24 1.8751 46.25 -18.4414 1.8751
2 24 38.3973 -6.2467 12.5918 35.4771 -4.8046 12.2659
2 24 38.3973 -6.2467 7.4083 35.4771 -4.8046 7.7341
2 24 30 -3.7428 18.125 30 -3.7428 10
2 24 30 -3.7428 18.125 30.1829 -3.7428 18.125
2 24 30.1829 -3.7428 18.125 31.176 -3.8075 15.4024
2 24 33.8393 -28.6526 20 34.0492 -28.6526 21.5945
2 24 33.8393 -24 20 34.1759 -24 21.8973
2 24 46.1607 -24 20 45.8605 -24 21.875
2 24 46.1607 -28.6526 20 45.9508 -28.6526 21.5945
2 24 45.9508 -28.6526 21.5945 45.3354 -28.6526 23.0803
2 24 36.9197 -7.6804 25.3353 35.6437 -7.684 24.3563
2 24 41.5945 -8.8208 27.5 43.0804 -10.6168 27.5
2 24 41.5945 -8.8208 25.9508 43.0804 -10.6168 25.3353
2 24 43.0804 -10.6168 27.5 44.3563 -12.858 27.5
2 24 43.0804 -10.6168 25.3353 44.3563 -12.858 24.3563
2 24 44.3563 -12.858 27.5 45.3354 -14.9286 27.5
2 24 44.3563 -12.858 24.3563 45.3354 -14.9286 23.0803
2 24 45.3354 -14.9286 27.5 45.8302 -16.6942 27.5
2 24 45.3354 -14.9286 23.0803 45.8302 -16.6942 21.875
2 24 36.4963 -5.4594 27.5 34.6196 -4.5072 27.5
2 24 34.6196 -4.5072 27.5 32.3848 -3.9917 26.0812
2 24 32.3848 -3.9917 26.0812 31.0636 -3.7972 24.4715
2 24 35.6437 -7.684 24.3563 34.6647 -7.6868 23.0803
2 24 30.1829 -3.7428 21.875 34.1749 -7.6881 21.8949
2 24 31.0636 -3.7972 24.4715 30.1829 -3.7428 21.875
2 24 34.6647 -7.6868 23.0803 34.1749 -7.6881 21.8949
2 24 30 -24 27.5 46.25 -24 27.5
2 24 46.25 -19.2974 27.5 46.25 -24 27.5
2 24 30 -3.7428 18.125 30 -24 18.125
2 24 30 -3.7428 18.125 30 -3.7428 10
2 24 30 -24 18.125 30 -24 1.8751
2 24 45.8605 -24 18.1249 45.8302 -16.6942 18.125
2 24 46.25 -18.4414 18.125 45.8302 -16.6942 18.125
2 24 46.25 -18.4414 18.125 46.25 -24 18.1249
2 24 45.8605 -24 18.1249 46.25 -24 18.1249
2 24 45.9508 -28.6526 18.4055 45.3354 -28.6526 16.9196
2 24 37.8543 -6.0473 27.5 40.2844 -7.6124 26.1607
2 24 41.5945 -8.8208 27.5 37.8543 -6.0473 27.5
2 24 41.5945 -8.8208 25.9508 40.2844 -7.6124 26.1607
2 24 36.9197 -7.6804 25.3353 38.4055 -7.7205 25.9508
2 24 36.4963 -5.4594 27.5 37.8543 -6.0473 27.5
2 24 37.8543 -6.0473 27.5 40.2844 -7.6124 26.1607
2 24 38.4055 -7.7205 25.9508 40.2844 -7.6124 26.1607
2 24 30 -3.7428 21.875 30.1829 -3.7428 21.875
2 24 30 -3.7428 21.875 30 -3.7428 27.5
2 24 30.1829 -3.7428 21.875 31.0636 -3.7972 24.4715
2 24 30 -3.7428 27.5 34.6196 -4.5072 27.5
2 24 32.3848 -3.9917 26.0812 34.6196 -4.5072 27.5
2 24 31.0636 -3.7972 24.4715 32.3848 -3.9917 26.0812
2 24 34.0492 -28.6526 21.5945 34.6647 -28.6526 23.0803
2 24 -10 -24 27.5 -26.25 -24 27.5
2 24 -11.8519 -0.093 30 -10 0.0126 30
2 24 31.8519 -0.093 30 30 0.0126 30
2 24 -10 0.0126 30 30 0.0126 30
2 24 46.25 -19.2974 27.5 46.25 -24 27.5
2 24 46.25 -19.3312 21.875 46.25 -24 21.875
2 24 46.25 -24 27.5 46.25 -24 21.875
2 24 45.8302 -16.6942 21.875 45.8605 -24 21.875
2 24 45.8302 -16.6942 21.875 46.25 -19.3312 21.875
2 24 45.8605 -24 21.875 46.25 -24 21.875
2 24 46.25 -19.3312 21.875 46.25 -24 21.875
2 24 45.8302 -16.6942 27.5 46.25 -19.2974 27.5
2 24 45.8302 -16.6942 21.875 46.25 -19.3312 21.875
2 24 45.3354 -14.9286 16.9196 45.8302 -16.6942 18.125
2 24 45.8605 -24 18.1249 45.8302 -16.6942 18.125
2 24 44.3563 -12.7046 15.6437 45.3354 -14.9286 16.9196
2 24 44.3563 -28.6526 15.6437 45.3354 -28.6526 16.9196
2 24 34.6647 -7.6868 16.9196 34.1749 -7.6881 18.105
2 24 34.1759 -24 18.1026 34.1749 -7.6881 18.105
2 24 30.1829 -3.7428 18.125 34.1749 -7.6881 18.105
2 24 34.1749 -7.6881 18.105 34.1759 -24 18.1026
2 24 30 -24 18.125 34.1759 -24 18.1026
2 24 38.4055 -28.6526 14.0492 36.9197 -28.6526 14.6646
2 24 38.4055 -7.7205 14.0492 36.9197 -7.6804 14.6646
2 24 45.8605 -24 21.875 45.8302 -16.6942 21.875
2 24 45.3354 -14.9286 23.0803 45.8302 -16.6942 21.875
2 24 45.3354 -14.9286 23.0803 44.3563 -12.858 24.3563
2 24 45.3354 -28.6526 23.0803 44.3563 -28.6526 24.3563
2 24 44.3563 -12.858 24.3563 43.0804 -10.6168 25.3353
2 24 44.3563 -28.6526 24.3563 43.0804 -28.6526 25.3353
2 24 43.0804 -10.6168 25.3353 41.5945 -8.8208 25.9508
2 24 43.0804 -28.6526 25.3353 41.5945 -28.6526 25.9508
2 24 41.5945 -8.8208 25.9508 40.2844 -7.6124 26.1607
2 24 41.5945 -28.6526 25.9508 40 -28.6526 26.1607
2 24 40 -28.6526 26.1607 38.4055 -28.6526 25.9508
2 24 40.2844 -7.6124 26.1607 38.4055 -7.7205 25.9508
2 24 38.4055 -7.7205 25.9508 36.9197 -7.6804 25.3353
2 24 38.4055 -28.6526 25.9508 36.9197 -28.6526 25.3353
2 24 36.9197 -7.6804 25.3353 35.6437 -7.684 24.3563
2 24 36.9197 -28.6526 25.3353 35.6437 -28.6526 24.3563
2 24 35.6437 -7.684 24.3563 34.6647 -7.6868 23.0803
2 24 34.6647 -28.6526 23.0803 35.6437 -28.6526 24.3563
2 24 34.1759 -24 21.8973 34.1749 -7.6881 21.8949
2 24 34.6647 -7.6868 23.0803 34.1749 -7.6881 21.8949
2 24 30 -24 21.875 34.1759 -24 21.8973
2 24 34.1749 -7.6881 21.8949 34.1759 -24 21.8973
2 24 34.1749 -7.6881 21.8949 30.1829 -3.7428 21.875
2 24 30.1829 -3.7428 21.875 30 -3.7428 21.875
2 24 30 -24 21.875 30 -3.7428 21.875
2 24 30 -24 21.875 30 -3.7428 21.875
2 24 30 -3.7428 27.5 30 -3.7428 21.875
2 24 30 -24 21.875 30 -24 27.5
2 24 30 -3.7428 27.5 30 -24 27.5
2 24 33.75 -5.25 20 34.5873 -5.25 23.125
2 24 33.75 -0.3947 20 34.5874 -0.5528 23.125
2 24 34.5874 -0.5528 23.125 36.875 -1.2952 25.4127
2 24 34.5873 -5.25 23.125 36.875 -5.25 25.4127
2 24 40 -2.8295 26.25 36.875 -1.2952 25.4127
2 24 40 -5.25 26.25 36.875 -5.25 25.4127
2 24 33.8393 -28.6526 20 34.0492 -28.6526 21.5945
2 24 35.9245 -28.4374 20 36.4705 -28.4374 22.0378
2 24 33.8393 -28.6526 20 34.0492 -28.6526 18.4055
2 24 35.9245 -28.4374 20 36.4705 -28.4374 17.9622
2 24 34.6647 -28.6526 16.9196 35.6437 -28.6526 15.6437
2 24 36.4705 -28.4374 17.9622 37.9623 -28.4374 16.4705
2 24 36.9197 -28.6526 14.6646 38.4055 -28.6526 14.0492
2 24 37.9623 -28.4374 16.4705 40 -28.4374 15.9245
2 24 40 -28.6526 13.8392 41.5945 -28.6526 14.0492
2 24 40 -28.4374 15.9245 42.0377 -28.4374 16.4705
2 24 45.3354 -28.6526 16.9196 44.3563 -28.6526 15.6437
2 24 42.0377 -28.4374 16.4705 43.5295 -28.4374 17.9622
2 24 46.1607 -28.6526 20 45.9508 -28.6526 18.4055
2 24 43.5295 -28.4374 17.9622 44.0755 -28.4374 20
2 24 45.3354 -28.6526 23.0803 45.9508 -28.6526 21.5945
2 24 44.0755 -28.4374 20 43.5295 -28.4374 22.0378
2 24 43.0804 -28.6526 25.3353 44.3563 -28.6526 24.3563
2 24 43.5295 -28.4374 22.0378 42.0377 -28.4374 23.5295
2 24 40 -28.6526 26.1607 41.5945 -28.6526 25.9508
2 24 42.0377 -28.4374 23.5295 40 -28.4374 24.0755
2 24 36.9197 -28.6526 25.3353 38.4055 -28.6526 25.9508
2 24 40 -28.4374 24.0755 37.9623 -28.4374 23.5295
2 24 34.6647 -28.6526 23.0803 35.6437 -28.6526 24.3563
2 24 36.4705 -28.4374 22.0378 37.9623 -28.4374 23.5295
2 24 34.0492 -28.6526 18.4055 34.6647 -28.6526 16.9196
2 24 35.6437 -28.6526 15.6437 36.9197 -28.6526 14.6646
2 24 38.4055 -28.6526 14.0492 40 -28.6526 13.8392
2 24 34.0492 -28.6526 21.5945 34.6647 -28.6526 23.0803
2 24 36.9197 -28.6526 25.3353 35.6437 -28.6526 24.3563
2 24 40 -28.6526 26.1607 38.4055 -28.6526 25.9508
2 24 43.0804 -28.6526 25.3353 41.5945 -28.6526 25.9508
2 24 45.3354 -28.6526 23.0803 44.3563 -28.6526 24.3563
2 24 46.1607 -28.6526 20 45.9508 -28.6526 21.5945
2 24 41.5945 -28.6526 14.0492 43.0804 -28.6526 14.6646
2 24 45.3354 -28.6526 16.9196 45.9508 -28.6526 18.4055
2 24 44.3563 -28.6526 15.6437 43.0804 -28.6526 14.6646
2 24 45.8302 -16.6942 18.125 46.25 -18.4414 18.125
2 24 45.8302 -16.6942 1.875 46.25 -18.4414 1.8751
2 24 45.8605 -24 18.1249 46.25 -24 18.1249
2 24 46.1607 -24 20 45.8605 -24 18.1249
2 24 46.1607 -24 20 45.8605 -24 21.875
2 24 46.25 -24 21.875 45.8605 -24 21.875
2 24 35.9245 -24 0 36.4705 -24 -2.0378
2 24 35.9245 -28.4374 0 36.4705 -28.4374 -2.0378
2 24 40 -24 -4.0755 42.0377 -24 -3.5295
2 24 40 -28.4374 -4.0755 42.0377 -28.4374 -3.5295
2 24 44.0755 -24 0 43.5295 -24 2.0378
2 24 44.0755 -28.4374 0 43.5295 -28.4374 2.0378
2 24 40 -24 4.0755 37.9623 -24 3.5295
2 24 40 -28.4374 4.0755 37.9623 -28.4374 3.5295
2 24 37.9623 -24 3.5295 36.4705 -24 2.0378
2 24 37.9623 -28.4374 3.5295 36.4705 -28.4374 2.0378
2 24 40 -24 4.0755 42.0377 -24 3.5295
2 24 40 -28.4374 4.0755 42.0377 -28.4374 3.5295
2 24 43.5295 -24 2.0378 42.0377 -24 3.5295
2 24 43.5295 -28.4374 2.0378 42.0377 -28.4374 3.5295
2 24 44.0755 -24 0 43.5295 -24 -2.0378
2 24 44.0755 -28.4374 0 43.5295 -28.4374 -2.0378
2 24 42.0377 -24 -3.5295 43.5295 -24 -2.0378
2 24 42.0377 -28.4374 -3.5295 43.5295 -28.4374 -2.0378
2 24 40 -24 -4.0755 37.9623 -24 -3.5295
2 24 40 -28.4374 -4.0755 37.9623 -28.4374 -3.5295
2 24 36.4705 -24 -2.0378 37.9623 -24 -3.5295
2 24 36.4705 -28.4374 -2.0378 37.9623 -28.4374 -3.5295
2 24 42.9835 -12.4458 -1.7225 43.445 -14.0245 0
2 24 37.0165 -8.1062 -1.7225 38.2775 -8.1196 -2.9835
2 24 37.0165 -8.1062 1.7225 36.555 -8.1062 0
2 24 42.9835 -12.4458 1.7225 41.7225 -10.3903 2.9835
2 24 41.7225 -10.3903 -2.9835 42.9835 -12.4458 -1.7225
2 24 41.7225 -24 -2.9835 42.9835 -24 -1.7225
2 24 41.7225 -10.3903 -2.9835 40 -8.8928 -3.445
2 24 41.7225 -24 -2.9835 40 -24 -3.445
2 24 40 -8.8928 -3.445 38.2775 -8.1196 -2.9835
2 24 40 -24 -3.445 38.2775 -24 -2.9835
2 24 38.2775 -8.1196 -2.9835 37.0165 -8.1062 -1.7225
2 24 38.2775 -24 -2.9835 37.0165 -24 -1.7225
2 24 37.0165 -8.1062 -1.7225 36.555 -8.1062 0
2 24 37.0165 -24 -1.7225 36.555 -24 0
2 24 36.555 -8.1062 0 37.0165 -8.1062 1.7225
2 24 36.555 -24 0 37.0165 -24 1.7225
2 24 37.0165 -24 1.7225 38.2775 -24 2.9835
2 24 37.0165 -8.1062 1.7225 38.2775 -8.1196 2.9835
2 24 38.2775 -24 2.9835 40 -24 3.445
2 24 38.2775 -8.1196 2.9835 40 -8.8928 3.445
2 24 40 -24 3.445 41.7225 -24 2.9835
2 24 40 -8.8928 3.445 41.7225 -10.3903 2.9835
2 24 41.7225 -24 2.9835 42.9835 -24 1.7225
2 24 41.7225 -10.3903 2.9835 42.9835 -12.4458 1.7225
2 24 42.9835 -24 1.7225 43.445 -24 0
2 24 42.9835 -12.4458 1.7225 43.445 -14.0245 0
2 24 42.9835 -12.4458 -1.7225 43.445 -14.0245 0
2 24 42.9835 -24 -1.7225 43.445 -24 0
2 24 35.9245 -24 0 36.4705 -24 2.0378
2 24 35.9245 -28.4374 0 36.4705 -28.4374 2.0378
2 24 42.9835 -12.4458 -1.7225 41.7225 -10.3903 -2.9835
2 24 41.7225 -10.3903 -2.9835 40 -8.8928 -3.445
2 24 38.2775 -8.1196 -2.9835 40 -8.8928 -3.445
2 24 37.0165 -8.1062 -1.7225 36.555 -8.1062 0
2 24 37.0165 -8.1062 1.7225 38.2775 -8.1196 2.9835
2 24 38.2775 -8.1196 2.9835 40 -8.8928 3.445
2 24 41.7225 -10.3903 2.9835 40 -8.8928 3.445
2 24 43.445 -14.0245 0 42.9835 -12.4458 1.7225
2 24 43.5295 -24 -2.0378 44.0755 -24 0
2 24 42.9835 -24 -1.7225 43.445 -24 0
2 24 43.5295 -24 -2.0378 42.0377 -24 -3.5295
2 24 42.9835 -24 -1.7225 41.7225 -24 -2.9835
2 24 42.0377 -24 -3.5295 40 -24 -4.0755
2 24 41.7225 -24 -2.9835 40 -24 -3.445
2 24 40 -24 -4.0755 37.9623 -24 -3.5295
2 24 40 -24 -3.445 38.2775 -24 -2.9835
2 24 37.9623 -24 -3.5295 36.4705 -24 -2.0378
2 24 38.2775 -24 -2.9835 37.0165 -24 -1.7225
2 24 36.4705 -24 -2.0378 35.9245 -24 0
2 24 37.0165 -24 -1.7225 36.555 -24 0
2 24 35.9245 -24 0 36.4705 -24 2.0378
2 24 36.555 -24 0 37.0165 -24 1.7225
2 24 36.4705 -24 2.0378 37.9623 -24 3.5295
2 24 37.0165 -24 1.7225 38.2775 -24 2.9835
2 24 37.9623 -24 3.5295 40 -24 4.0755
2 24 38.2775 -24 2.9835 40 -24 3.445
2 24 40 -24 4.0755 42.0377 -24 3.5295
2 24 40 -24 3.445 41.7225 -24 2.9835
2 24 42.0377 -24 3.5295 43.5295 -24 2.0378
2 24 41.7225 -24 2.9835 42.9835 -24 1.7225
2 24 43.445 -24 0 42.9835 -24 1.7225
2 24 44.0755 -24 0 43.5295 -24 2.0378
2 24 40 -2.8295 13.75 36.875 -1.2952 14.5873
2 24 40 -2.8295 6.25 36.875 -1.2952 5.4127
2 24 36.875 -1.2952 14.5873 34.5874 -0.5528 16.875
2 24 36.875 -1.2952 5.4127 34.5874 -0.5528 3.125
2 24 47.009 -9.7631 -10 44.5933 -6.4962 -10
2 24 36.875 -1.2952 5.4127 40 -2.8295 6.25
2 24 36.875 -5.25 5.4127 40 -5.25 6.25
2 24 40 -5.25 6.25 43.3545 -5.2374 5.421
2 24 40 -2.8295 6.25 43.3545 -5.2374 5.421
2 24 36.875 -5.25 5.4127 34.5873 -5.25 3.125
2 24 36.875 -1.2952 5.4127 34.5874 -0.5528 3.125
2 24 34.5873 -5.25 3.125 36.875 -5.25 5.4127
2 24 34.5873 -5.25 3.125 33.75 -5.25 0
2 24 34.5874 -0.5528 3.125 33.75 -0.3947 0
2 24 43.3545 -5.2374 5.421 43.3545 -5.2374 0
2 24 40 -5.25 6.25 43.3545 -5.2374 5.421
2 24 43.3545 -5.2374 0 43.3545 -5.2374 5.421
2 24 36.875 -5.25 5.4127 40 -5.25 6.25
2 24 34.5873 -5.25 3.125 33.75 -5.25 0
2 24 40 -5.25 -6.25 36.875 -5.25 -5.4127
2 24 40 -5.25 -6.25 43.3545 -5.2374 -5.421
2 24 43.3545 -5.2374 0 43.3545 -5.2374 -5.421
2 24 43.3545 -5.2374 0 43.3545 -5.2374 -5.421
2 24 43.3545 -5.2374 -5.421 40 -2.8295 -6.25
2 24 44.5933 -6.4962 -10 40.9115 -3.3403 -10
2 24 36.875 -5.25 -5.4127 34.5873 -5.25 -3.125
2 24 33.75 -5.25 0 34.5873 -5.25 -3.125
2 24 43.3545 -5.2374 -5.421 40 -2.8295 -6.25
2 24 43.3545 -5.2374 -5.421 40 -5.25 -6.25
2 24 50 -18.6658 30 49.0243 -14.0272 30
2 24 50 -18.6658 -10 49.0243 -14.0272 -10
2 24 47.009 -9.7631 30 49.0243 -14.0272 30
2 24 47.009 -9.7631 -10 49.0243 -14.0272 -10
2 24 44.3563 -28.6526 4.3563 43.0804 -28.6526 5.3354
2 24 44.3563 -12.7046 4.3563 43.0804 -10.6168 5.3354
2 24 43.0804 -28.6526 5.3354 41.5945 -28.6526 5.9508
2 24 43.0804 -10.6168 5.3354 41.5945 -8.8334 5.9508
2 24 41.5945 -28.6526 5.9508 40 -28.6526 6.1608
2 24 41.5945 -8.8334 5.9508 40 -7.6124 6.1608
2 24 40 -28.6526 6.1608 38.4055 -28.6526 5.9508
2 24 40 -7.6124 6.1608 38.4055 -7.7205 5.9508
2 24 35.6437 -28.6526 4.3563 36.9197 -28.6526 5.3354
2 24 35.6437 -7.684 4.3563 36.9197 -7.6804 5.3354
2 24 35.6437 -28.6526 4.3563 34.6647 -28.6526 3.0804
2 24 35.6437 -7.684 4.3563 34.6647 -7.6868 3.0804
2 24 45.8302 -16.6942 -7.5 46.25 -19.2974 -7.5
2 24 37.8543 -6.0473 -7.5 36.4963 -5.4594 -7.5
2 24 36.4963 -5.4594 -7.5 34.6196 -4.5072 -7.5
2 24 34.6196 -4.5072 -7.5 30 -3.7428 -7.5
2 24 30 -24 -7.5 30 -3.7428 -7.5
2 24 45.8302 -16.6942 -7.5 45.3354 -14.9286 -7.5
2 24 45.3354 -14.9286 -7.5 44.3563 -12.858 -7.5
2 24 44.3563 -12.858 -7.5 43.0804 -10.6168 -7.5
2 24 43.0804 -10.6168 -7.5 41.5945 -8.8208 -7.5
2 24 37.8543 -6.0473 -7.5 41.5945 -8.8208 -7.5
2 24 26.25 0 -6.25 26.25 0 26.25
2 24 40 -2.8295 -6.25 36.875 -1.2952 -5.4127
2 24 40.9115 -3.3403 -10 36.6398 -1.2017 -10
2 24 36.875 -1.2952 -5.4127 34.5874 -0.5528 -3.125
2 24 31.8519 -0.093 -10 36.6398 -1.2017 -10
2 24 26.25 0 26.25 26.25 0 -6.25
2 24 26.25 0 26.25 26.25 -21.25 26.25
2 24 26.25 0 -6.25 26.25 -21.25 -6.25
2 24 26.25 -21.25 26.25 26.25 -21.25 -6.25
2 24 30.1829 -3.7428 1.875 30 -3.7428 1.875
2 24 30 -24 1.8751 30 -3.7428 1.875
2 24 33.8393 -28.6526 0 34.0492 -28.6526 1.5945
2 24 33.8393 -24 0 34.1759 -24 1.8974
2 24 45.8605 -24 1.8751 46.1607 -24 0
2 24 45.9508 -28.6526 1.5945 46.1607 -28.6526 0
2 24 34.6647 -28.6526 3.0804 34.0492 -28.6526 1.5945
2 24 35.6437 -7.684 4.3563 34.6647 -7.6868 3.0804
2 24 33.1634 -4.1399 6.7299 31.176 -3.8075 4.5976
2 24 35.6437 -7.684 4.3563 36.9197 -7.6804 5.3354
2 24 33.1634 -4.1399 6.7299 35.4771 -4.8046 7.7341
2 24 36.9197 -7.6804 5.3354 38.4055 -7.7205 5.9508
2 24 35.4771 -4.8046 7.7341 38.3973 -6.2467 7.4083
2 24 34.6647 -7.6868 3.0804 34.1749 -7.6881 1.895
2 24 31.176 -3.8075 4.5976 30.1829 -3.7428 1.875
2 24 34.1749 -7.6881 1.895 30.1829 -3.7428 1.875
2 24 38.3973 -6.2467 7.4083 40 -7.6124 6.1608
2 24 38.4055 -7.7205 5.9508 40 -7.6124 6.1608
2 24 41.5945 -8.8208 14.0492 40 -7.625 13.8392
2 24 41.5945 -8.8334 5.9508 40 -7.6124 6.1608
2 24 35.4771 -4.8046 12.2659 33.1634 -4.1399 13.2701
2 24 35.4771 -4.8046 7.7341 33.1634 -4.1399 6.7299
2 24 31.176 -3.8075 15.4024 33.1634 -4.1399 13.2701
2 24 31.176 -3.8075 4.5976 33.1634 -4.1399 6.7299
2 24 30 -3.7428 1.875 30.1829 -3.7428 1.875
2 24 30 -3.7428 10 30 -3.7428 1.875
2 24 31.176 -3.8075 4.5976 30.1829 -3.7428 1.875
2 24 33.8393 -24 0 34.1759 -24 -1.8973
2 24 33.8393 -28.6526 0 34.0492 -28.6526 -1.5945
2 24 46.1607 -24 0 45.8605 -24 -1.875
2 24 46.1607 -28.6526 0 45.9508 -28.6526 -1.5945
2 24 45.9508 -28.6526 -1.5945 45.3354 -28.6526 -3.0803
2 24 30 -24 -1.875 34.1759 -24 -1.8973
2 24 33.8393 -24 0 34.1759 -24 -1.8973
2 24 36.9197 -7.6804 -5.3353 35.6437 -7.684 -4.3563
2 24 43.0804 -10.6168 -5.3353 41.5945 -8.8208 -5.9508
2 24 43.0804 -10.6168 -7.5 41.5945 -8.8208 -7.5
2 24 43.0804 -10.6168 -5.3353 44.3563 -12.858 -4.3563
2 24 43.0804 -10.6168 -7.5 44.3563 -12.858 -7.5
2 24 44.3563 -12.858 -4.3563 45.3354 -14.9286 -3.0803
2 24 44.3563 -12.858 -7.5 45.3354 -14.9286 -7.5
2 24 45.3354 -14.9286 -3.0803 45.8302 -16.6942 -1.875
2 24 45.3354 -14.9286 -7.5 45.8302 -16.6942 -7.5
2 24 36.4963 -5.4594 -7.5 34.6196 -4.5072 -7.5
2 24 34.6196 -4.5072 -7.5 32.3848 -3.9917 -6.0812
2 24 35.6437 -7.684 -4.3563 34.6647 -7.6868 -3.0803
2 24 32.3848 -3.9917 -6.0812 31.0636 -3.7972 -4.4715
2 24 34.6647 -7.6868 -3.0803 34.1749 -7.6881 -1.8949
2 24 34.1749 -7.6881 -1.8949 30.1829 -3.7428 -1.875
2 24 31.0636 -3.7972 -4.4715 30.1829 -3.7428 -1.875
2 24 46.25 -19.2974 -7.5 46.25 -24 -7.5
2 24 30 -24 -7.5 46.25 -24 -7.5
2 24 30 -24 1.8751 30 -3.7428 1.875
2 24 30 -3.7428 10 30 -3.7428 1.875
2 24 45.8302 -16.6942 1.875 45.8605 -24 1.8751
2 24 46.25 -18.4414 1.8751 45.8302 -16.6942 1.875
2 24 46.25 -18.4414 1.8751 46.25 -24 1.8751
2 24 45.8605 -24 1.8751 46.25 -24 1.8751
2 24 45.9508 -28.6526 1.5945 45.3354 -28.6526 3.0804
2 24 41.5945 -8.8208 -5.9508 40.2844 -7.6124 -6.1607
2 24 40.2844 -7.6124 -6.1607 37.8543 -6.0473 -7.5
2 24 41.5945 -8.8208 -7.5 37.8543 -6.0473 -7.5
2 24 36.9197 -7.6804 -5.3353 38.4055 -7.7205 -5.9508
2 24 36.4963 -5.4594 -7.5 37.8543 -6.0473 -7.5
2 24 38.4055 -7.7205 -5.9508 40.2844 -7.6124 -6.1607
2 24 37.8543 -6.0473 -7.5 40.2844 -7.6124 -6.1607
2 24 30 -3.7428 -1.875 30 -3.7428 -7.5
2 24 30 -3.7428 -1.875 30.1829 -3.7428 -1.875
2 24 30.1829 -3.7428 -1.875 31.0636 -3.7972 -4.4715
2 24 30 -3.7428 -7.5 34.6196 -4.5072 -7.5
2 24 32.3848 -3.9917 -6.0812 34.6196 -4.5072 -7.5
2 24 31.0636 -3.7972 -4.4715 32.3848 -3.9917 -6.0812
2 24 34.0492 -28.6526 -1.5945 34.6647 -28.6526 -3.0803
2 24 -30 -24 -10 -30 -18.6658 -10
2 24 -30 -24 -10 50 -24 -10
2 24 50 -24 -10 50 -18.6658 -10
2 24 46.25 -24 -1.875 46.25 -19.3312 -1.875
2 24 46.25 -24 -1.875 46.25 -24 -7.5
2 24 46.25 -24 -7.5 46.25 -19.2974 -7.5
2 24 45.8302 -16.6942 -1.875 46.25 -19.3312 -1.875
2 24 45.8302 -16.6942 -1.875 45.8605 -24 -1.875
2 24 45.8605 -24 -1.875 46.25 -24 -1.875
2 24 46.25 -19.3312 -1.875 46.25 -24 -1.875
2 24 45.8302 -16.6942 -1.875 46.25 -19.3312 -1.875
2 24 45.8302 -16.6942 -7.5 46.25 -19.2974 -7.5
2 24 45.8605 -24 1.8751 45.8302 -16.6942 1.875
2 24 45.3354 -14.9286 3.0804 45.8302 -16.6942 1.875
2 24 44.3563 -28.6526 4.3563 45.3354 -28.6526 3.0804
2 24 44.3563 -12.7046 4.3563 45.3354 -14.9286 3.0804
2 24 34.6647 -7.6868 3.0804 34.1749 -7.6881 1.895
2 24 34.1759 -24 1.8974 34.1749 -7.6881 1.895
2 24 34.1759 -24 1.8974 34.1749 -7.6881 1.895
2 24 30 -24 1.8751 34.1759 -24 1.8974
2 24 30.1829 -3.7428 1.875 34.1749 -7.6881 1.895
2 24 38.4055 -28.6526 5.9508 36.9197 -28.6526 5.3354
2 24 38.4055 -7.7205 5.9508 36.9197 -7.6804 5.3354
2 24 45.8605 -24 -1.875 45.8302 -16.6942 -1.875
2 24 45.8302 -16.6942 -1.875 45.3354 -14.9286 -3.0803
2 24 45.3354 -14.9286 -3.0803 44.3563 -12.858 -4.3563
2 24 45.3354 -28.6526 -3.0803 44.3563 -28.6526 -4.3563
2 24 44.3563 -12.858 -4.3563 43.0804 -10.6168 -5.3353
2 24 44.3563 -28.6526 -4.3563 43.0804 -28.6526 -5.3353
2 24 43.0804 -10.6168 -5.3353 41.5945 -8.8208 -5.9508
2 24 43.0804 -28.6526 -5.3353 41.5945 -28.6526 -5.9508
2 24 41.5945 -8.8208 -5.9508 40.2844 -7.6124 -6.1607
2 24 41.5945 -28.6526 -5.9508 40 -28.6526 -6.1607
2 24 40.2844 -7.6124 -6.1607 38.4055 -7.7205 -5.9508
2 24 40 -28.6526 -6.1607 38.4055 -28.6526 -5.9508
2 24 38.4055 -7.7205 -5.9508 36.9197 -7.6804 -5.3353
2 24 38.4055 -28.6526 -5.9508 36.9197 -28.6526 -5.3353
2 24 36.9197 -7.6804 -5.3353 35.6437 -7.684 -4.3563
2 24 36.9197 -28.6526 -5.3353 35.6437 -28.6526 -4.3563
2 24 35.6437 -7.684 -4.3563 34.6647 -7.6868 -3.0803
2 24 34.6647 -28.6526 -3.0803 35.6437 -28.6526 -4.3563
2 24 34.6647 -7.6868 -3.0803 34.1749 -7.6881 -1.8949
2 24 34.1759 -24 -1.8973 34.1749 -7.6881 -1.8949
2 24 34.1759 -24 -1.8973 30 -24 -1.875
2 24 34.1749 -7.6881 -1.8949 34.1759 -24 -1.8973
2 24 34.1749 -7.6881 -1.8949 30.1829 -3.7428 -1.875
2 24 30.1829 -3.7428 -1.875 30 -3.7428 -1.875
2 24 30 -24 -1.875 30 -3.7428 -1.875
2 24 30 -3.7428 -1.875 30 -24 -1.875
2 24 30 -3.7428 -7.5 30 -3.7428 -1.875
2 24 30 -24 -1.875 30 -24 -7.5
2 24 30 -3.7428 -7.5 30 -24 -7.5
2 24 33.75 -0.3947 0 34.5874 -0.5528 -3.125
2 24 33.75 -5.25 0 34.5873 -5.25 -3.125
2 24 34.5874 -0.5528 -3.125 36.875 -1.2952 -5.4127
2 24 34.5873 -5.25 -3.125 36.875 -5.25 -5.4127
2 24 40 -5.25 -6.25 36.875 -5.25 -5.4127
2 24 40 -2.8295 -6.25 36.875 -1.2952 -5.4127
2 24 36.4705 -28.4374 -2.0378 35.9245 -28.4374 0
2 24 34.0492 -28.6526 -1.5945 33.8393 -28.6526 0
2 24 33.8393 -28.6526 0 34.0492 -28.6526 1.5945
2 24 35.9245 -28.4374 0 36.4705 -28.4374 2.0378
2 24 34.6647 -28.6526 3.0804 35.6437 -28.6526 4.3563
2 24 36.4705 -28.4374 2.0378 37.9623 -28.4374 3.5295
2 24 36.9197 -28.6526 5.3354 38.4055 -28.6526 5.9508
2 24 37.9623 -28.4374 3.5295 40 -28.4374 4.0755
2 24 40 -28.6526 6.1608 41.5945 -28.6526 5.9508
2 24 40 -28.4374 4.0755 42.0377 -28.4374 3.5295
2 24 42.0377 -28.4374 3.5295 43.5295 -28.4374 2.0378
2 24 44.3563 -28.6526 4.3563 45.3354 -28.6526 3.0804
2 24 43.5295 -28.4374 2.0378 44.0755 -28.4374 0
2 24 45.9508 -28.6526 1.5945 46.1607 -28.6526 0
2 24 44.0755 -28.4374 0 43.5295 -28.4374 -2.0378
2 24 45.9508 -28.6526 -1.5945 45.3354 -28.6526 -3.0803
2 24 43.5295 -28.4374 -2.0378 42.0377 -28.4374 -3.5295
2 24 44.3563 -28.6526 -4.3563 43.0804 -28.6526 -5.3353
2 24 42.0377 -28.4374 -3.5295 40 -28.4374 -4.0755
2 24 41.5945 -28.6526 -5.9508 40 -28.6526 -6.1607
2 24 40 -28.4374 -4.0755 37.9623 -28.4374 -3.5295
2 24 38.4055 -28.6526 -5.9508 36.9197 -28.6526 -5.3353
2 24 36.4705 -28.4374 -2.0378 37.9623 -28.4374 -3.5295
2 24 35.6437 -28.6526 -4.3563 34.6647 -28.6526 -3.0803
2 24 34.0492 -28.6526 1.5945 34.6647 -28.6526 3.0804
2 24 35.6437 -28.6526 4.3563 36.9197 -28.6526 5.3354
2 24 38.4055 -28.6526 5.9508 40 -28.6526 6.1608
2 24 34.0492 -28.6526 -1.5945 34.6647 -28.6526 -3.0803
2 24 36.9197 -28.6526 -5.3353 35.6437 -28.6526 -4.3563
2 24 40 -28.6526 -6.1607 38.4055 -28.6526 -5.9508
2 24 43.0804 -28.6526 -5.3353 41.5945 -28.6526 -5.9508
2 24 45.3354 -28.6526 -3.0803 44.3563 -28.6526 -4.3563
2 24 46.1607 -28.6526 0 45.9508 -28.6526 -1.5945
2 24 41.5945 -28.6526 5.9508 43.0804 -28.6526 5.3354
2 24 45.3354 -28.6526 3.0804 45.9508 -28.6526 1.5945
2 24 44.3563 -28.6526 4.3563 43.0804 -28.6526 5.3354
2 24 38.3973 -6.2467 12.5918 40 -7.625 13.8392
2 24 38.3973 -6.2467 7.4083 40 -7.6124 6.1608
2 24 30 -24 18.125 34.1759 -24 18.1026
2 24 33.8393 -24 20 34.1759 -24 18.1026
2 24 33.8393 -24 20 34.1759 -24 21.8973
2 24 30 -24 21.875 34.1759 -24 21.8973
2 24 33.8393 -24 0 34.1759 -24 1.8974
2 24 30 -24 1.8751 34.1759 -24 1.8974
2 24 43.3545 -5.2374 14.579 40 -2.8295 13.75
2 24 40 -2.8295 6.25 43.3545 -5.2374 5.421
2 24 44.5933 -6.4962 30 47.009 -9.7631 30
2 24 -16.875 -1.2952 14.5873 -14.5873 -0.5528 16.875
2 24 -16.875 -1.2952 5.4127 -14.5873 -0.5528 3.125
2 24 -26.25 -24 -1.875 -26.25 -24 -7.5
2 24 46.25 -24 21.875 46.25 -24 27.5
2 24 -26.25 -24 21.875 -26.25 -24 27.5
2 24 46.25 -24 18.1249 46.25 -24 1.8751
2 24 50 -24 -10 50 -24 30
2 24 -30 -24 -10 -30 -24 30
2 24 -26.25 -24 1.8751 -26.25 -24 18.1249
2 24 46.25 -24 -1.875 46.25 -24 -7.5
2 24 -26.25 -24 18.1249 -25.8605 -24 18.1249
2 24 -26.1607 -24 20 -25.8605 -24 18.1249
2 24 -26.1607 -24 20 -25.8605 -24 21.875
2 24 -26.25 -24 21.875 -25.8605 -24 21.875
2 24 46.25 -24 1.8751 45.8605 -24 1.8751
2 24 46.1607 -24 0 45.8605 -24 1.8751
2 24 46.1607 -24 0 45.8605 -24 -1.875
2 24 46.25 -24 -1.875 45.8605 -24 -1.875
2 24 -10 -24 1.8751 -10 -24 18.125
2 24 30 -24 1.8751 30 -24 18.125
2 24 30 -24 -7.5 30 -24 -1.875
2 24 -10 -24 -1.875 -10 -24 -7.5
2 24 -10 -24 21.875 -10 -24 27.5
2 24 30 -24 21.875 30 -24 27.5
2 24 50 -18.6658 -10 49.0243 -14.0272 -10
2 24 -30 -18.6658 -10 -29.0243 -14.0272 -10
2 24 49.0243 -14.0272 -10 47.009 -9.7631 -10
2 24 -29.0243 -14.0272 -10 -27.009 -9.7631 -10
2 24 47.009 -9.7631 -10 44.5933 -6.4962 -10
2 24 -27.009 -9.7631 -10 -24.5933 -6.4962 -10
2 24 44.5933 -6.4962 -10 40.9115 -3.3403 -10
2 24 -24.5933 -6.4962 -10 -20.9115 -3.3403 -10
2 24 40.9115 -3.3403 -10 36.6398 -1.2017 -10
2 24 -20.9115 -3.3403 -10 -16.6398 -1.2017 -10
2 24 36.6398 -1.2017 -10 31.8519 -0.093 -10
2 24 -16.6398 -1.2017 -10 -11.8519 -0.093 -10
2 24 31.8519 -0.093 -10 30 0.0126 -10
2 24 -11.8519 -0.093 -10 -10 0.0126 -10
2 24 30 0.0126 -10 -10 0.0126 -10
2 24 -30 -24 30 50 -24 30
2 24 -30 -24 30 -30 -18.6658 30
2 24 50 -24 30 50 -18.6658 30
2 24 -30 -18.6658 30 -29.0243 -14.0272 30
2 24 50 -18.6658 30 49.0243 -14.0272 30
2 24 -29.0243 -14.0272 30 -27.009 -9.7631 30
2 24 49.0243 -14.0272 30 47.009 -9.7631 30
2 24 -27.009 -9.7631 30 -24.5933 -6.4962 30
2 24 47.009 -9.7631 30 44.5933 -6.4962 30
2 24 -24.5933 -6.4962 30 -20.9115 -3.3403 30
2 24 44.5933 -6.4962 30 40.9115 -3.3403 30
2 24 -20.9115 -3.3403 30 -16.6398 -1.2017 30
2 24 40.9115 -3.3403 30 36.6398 -1.2017 30
2 24 -11.8519 -0.093 30 -16.6398 -1.2017 30
2 24 31.8519 -0.093 30 36.6398 -1.2017 30
2 24 -10 -24 -7.5 -26.25 -24 -7.5
2 24 30 -24 -7.5 46.25 -24 -7.5
2 24 -30 -24 30 50 -24 30
2 24 46.25 -24 27.5 30 -24 27.5
2 24 -14.5873 -0.5528 16.875 -13.75 -0.3947 20
2 24 -13.75 -0.3947 0 -14.5873 -0.5528 3.125
2 24 34.5874 -0.5528 -3.125 33.75 -0.3947 0
2 24 -14.5873 -0.5528 23.125 -13.75 -0.3947 20
2 24 34.5874 -0.5528 3.125 33.75 -0.3947 0
2 24 33.75 -0.3947 20 34.5874 -0.5528 16.875
2 24 15.5396 0 13.1983 13.1983 0 15.5396
2 24 17.3124 0 14.2218 14.2218 0 17.3123
2 24 14.2218 0 17.3123 10 0 18.4436
2 24 13.1983 0 15.5396 10 0 16.3966
2 24 10 0 16.3966 6.8017 0 15.5396
2 24 10 0 18.4436 5.7782 0 17.3123
2 24 6.8017 0 15.5396 4.4604 0 13.1983
2 24 5.7782 0 17.3123 2.6876 0 14.2218
2 24 4.4604 0 13.1983 3.6034 0 10
2 24 2.6876 0 14.2218 1.5564 0 10
2 24 3.6034 0 10 4.4604 0 6.8017
2 24 1.5564 0 10 2.6876 0 5.7782
2 24 4.4604 0 6.8017 6.8017 0 4.4604
2 24 2.6876 0 5.7782 5.7782 0 2.6877
2 24 6.8017 0 4.4604 10 0 3.6034
2 24 5.7782 0 2.6877 10 0 1.5564
2 24 10 0 3.6034 13.1983 0 4.4604
2 24 10 0 1.5564 14.2218 0 2.6877
2 24 13.1983 0 4.4604 15.5396 0 6.8017
2 24 14.2218 0 2.6877 17.3124 0 5.7782
2 24 15.5396 0 6.8017 16.3966 0 10
2 24 17.3124 0 5.7782 18.4436 0 10
2 24 15.5396 0 13.1983 16.3966 0 10
2 24 17.3124 0 14.2218 18.4436 0 10
2 24 10 -21.25 18.4436 14.2218 -21.25 17.3123
2 24 10 0 18.4436 14.2218 0 17.3123
2 24 10 -21.25 18.4436 5.7782 -21.25 17.3123
2 24 10 0 18.4436 5.7782 0 17.3123
2 24 5.7782 -21.25 17.3123 2.6876 -21.25 14.2218
2 24 5.7782 0 17.3123 2.6876 0 14.2218
2 24 2.6876 -21.25 14.2218 1.5564 -21.25 10
2 24 2.6876 0 14.2218 1.5564 0 10
2 24 1.5564 -21.25 10 2.6876 -21.25 5.7782
2 24 1.5564 0 10 2.6876 0 5.7782
2 24 2.6876 -21.25 5.7782 5.7782 -21.25 2.6877
2 24 2.6876 0 5.7782 5.7782 0 2.6877
2 24 5.7782 -21.25 2.6877 10 -21.25 1.5564
2 24 5.7782 0 2.6877 10 0 1.5564
2 24 10 -21.25 1.5564 14.2218 -21.25 2.6877
2 24 10 0 1.5564 14.2218 0 2.6877
2 24 14.2218 -21.25 2.6877 17.3123 -21.25 5.7782
2 24 14.2218 0 2.6877 17.3124 0 5.7782
2 24 17.3123 -21.25 5.7782 18.4436 -21.25 10
2 24 17.3124 0 5.7782 18.4436 0 10
2 24 18.4436 -21.25 10 17.3124 -21.25 14.2218
2 24 18.4436 0 10 17.3124 0 14.2218
2 24 13.1983 0 15.5396 15.5396 0 13.1983
2 24 13.1983 -21.0063 15.5396 15.5396 -21.0063 13.1983
2 24 13.1983 0 15.5396 10 0 16.3966
2 24 13.1983 -21.0063 15.5396 10 -21.0063 16.3966
2 24 10 0 16.3966 6.8017 0 15.5396
2 24 10 -21.0063 16.3966 6.8017 -21.0063 15.5396
2 24 6.8017 0 15.5396 4.4604 0 13.1983
2 24 6.8017 -21.0063 15.5396 4.4604 -21.0063 13.1983
2 24 4.4604 0 13.1983 3.6034 0 10
2 24 4.4604 -21.0063 13.1983 3.6034 -21.0063 10
2 24 3.6034 0 10 4.4604 0 6.8017
2 24 3.6034 -21.0063 10 4.4604 -21.0063 6.8017
2 24 4.4604 0 6.8017 6.8017 0 4.4604
2 24 4.4604 -21.0063 6.8017 6.8017 -21.0063 4.4604
2 24 6.8017 0 4.4604 10 0 3.6034
2 24 6.8017 -21.0063 4.4604 10 -21.0063 3.6034
2 24 10 0 3.6034 13.1983 0 4.4604
2 24 10 -21.0063 3.6034 13.1983 -21.0063 4.4604
2 24 13.1983 0 4.4604 15.5396 0 6.8017
2 24 13.1983 -21.0063 4.4604 15.5396 -21.0063 6.8017
2 24 15.5396 0 6.8017 16.3966 0 10
2 24 15.5396 -21.0063 6.8017 16.3966 -21.0063 10
2 24 15.5396 0 13.1983 16.3966 0 10
2 24 15.5396 -21.0063 13.1983 16.3966 -21.0063 10
2 24 14.2218 0 17.3123 17.3124 0 14.2218
2 24 14.2218 -21.25 17.3123 17.3124 -21.25 14.2218
2 24 25.4144 -28.45 23.126 23.126 -28.45 25.4144
2 24 23.126 -28.45 25.4144 20 -28.45 26.252
2 24 20 -28.45 26.252 16.874 -28.45 25.4144
2 24 16.874 -28.45 25.4144 14.5856 -28.45 23.126
2 24 14.5856 -28.45 23.126 13.748 -28.45 20
2 24 13.748 -28.45 20 14.5856 -28.45 16.874
2 24 14.5856 -28.45 16.874 16.874 -28.45 14.5856
2 24 16.874 -28.45 14.5856 20 -28.45 13.748
2 24 20 -28.45 13.748 23.126 -28.45 14.5856
2 24 23.126 -28.45 14.5856 25.4144 -28.45 16.874
2 24 25.4144 -28.45 16.874 26.252 -28.45 20
2 24 25.4144 -28.45 23.126 26.252 -28.45 20
2 24 25.4144 -24 23.126 23.126 -24 25.4144
2 24 25.4144 -28.45 23.126 23.126 -28.45 25.4144
2 24 23.126 -24 25.4144 20 -24 26.252
2 24 23.126 -28.45 25.4144 20 -28.45 26.252
2 24 20 -24 26.252 16.874 -24 25.4144
2 24 20 -28.45 26.252 16.874 -28.45 25.4144
2 24 16.874 -24 25.4144 14.5856 -24 23.126
2 24 16.874 -28.45 25.4144 14.5856 -28.45 23.126
2 24 14.5856 -24 23.126 13.748 -24 20
2 24 14.5856 -28.45 23.126 13.748 -28.45 20
2 24 13.748 -24 20 14.5856 -24 16.874
2 24 13.748 -28.45 20 14.5856 -28.45 16.874
2 24 14.5856 -24 16.874 16.874 -24 14.5856
2 24 14.5856 -28.45 16.874 16.874 -28.45 14.5856
2 24 16.874 -24 14.5856 20 -24 13.748
2 24 16.874 -28.45 14.5856 20 -28.45 13.748
2 24 20 -24 13.748 23.126 -24 14.5856
2 24 20 -28.45 13.748 23.126 -28.45 14.5856
2 24 23.126 -24 14.5856 25.4144 -24 16.874
2 24 23.126 -28.45 14.5856 25.4144 -28.45 16.874
2 24 25.4144 -24 16.874 26.252 -24 20
2 24 25.4144 -28.45 16.874 26.252 -28.45 20
2 24 25.4144 -24 23.126 26.252 -24 20
2 24 25.4144 -28.45 23.126 26.252 -28.45 20
2 24 5.4144 -28.45 23.126 3.126 -28.45 25.4144
2 24 3.126 -28.45 25.4144 0 -28.45 26.252
2 24 0 -28.45 26.252 -3.126 -28.45 25.4144
2 24 -3.126 -28.45 25.4144 -5.4144 -28.45 23.126
2 24 -5.4144 -28.45 23.126 -6.252 -28.45 20
2 24 -6.252 -28.45 20 -5.4144 -28.45 16.874
2 24 -5.4144 -28.45 16.874 -3.126 -28.45 14.5856
2 24 -3.126 -28.45 14.5856 0 -28.45 13.748
2 24 0 -28.45 13.748 3.126 -28.45 14.5856
2 24 3.126 -28.45 14.5856 5.4144 -28.45 16.874
2 24 5.4144 -28.45 16.874 6.252 -28.45 20
2 24 5.4144 -28.45 23.126 6.252 -28.45 20
2 24 5.4144 -24 23.126 3.126 -24 25.4144
2 24 5.4144 -28.45 23.126 3.126 -28.45 25.4144
2 24 3.126 -24 25.4144 0 -24 26.252
2 24 3.126 -28.45 25.4144 0 -28.45 26.252
2 24 0 -24 26.252 -3.126 -24 25.4144
2 24 0 -28.45 26.252 -3.126 -28.45 25.4144
2 24 -3.126 -24 25.4144 -5.4144 -24 23.126
2 24 -3.126 -28.45 25.4144 -5.4144 -28.45 23.126
2 24 -5.4144 -24 23.126 -6.252 -24 20
2 24 -5.4144 -28.45 23.126 -6.252 -28.45 20
2 24 -6.252 -24 20 -5.4144 -24 16.874
2 24 -6.252 -28.45 20 -5.4144 -28.45 16.874
2 24 -5.4144 -24 16.874 -3.126 -24 14.5856
2 24 -5.4144 -28.45 16.874 -3.126 -28.45 14.5856
2 24 -3.126 -24 14.5856 0 -24 13.748
2 24 -3.126 -28.45 14.5856 0 -28.45 13.748
2 24 0 -24 13.748 3.126 -24 14.5856
2 24 0 -28.45 13.748 3.126 -28.45 14.5856
2 24 3.126 -24 14.5856 5.4144 -24 16.874
2 24 3.126 -28.45 14.5856 5.4144 -28.45 16.874
2 24 5.4144 -24 16.874 6.252 -24 20
2 24 5.4144 -28.45 16.874 6.252 -28.45 20
2 24 5.4144 -24 23.126 6.252 -24 20
2 24 5.4144 -28.45 23.126 6.252 -28.45 20
2 24 5.4144 -28.45 3.126 3.126 -28.45 5.4144
2 24 3.126 -28.45 5.4144 0 -28.45 6.252
2 24 0 -28.45 6.252 -3.126 -28.45 5.4144
2 24 -3.126 -28.45 5.4144 -5.4144 -28.45 3.126
2 24 -5.4144 -28.45 3.126 -6.252 -28.45 0
2 24 -6.252 -28.45 0 -5.4144 -28.45 -3.126
2 24 -5.4144 -28.45 -3.126 -3.126 -28.45 -5.4144
2 24 -3.126 -28.45 -5.4144 0 -28.45 -6.252
2 24 0 -28.45 -6.252 3.126 -28.45 -5.4144
2 24 3.126 -28.45 -5.4144 5.4144 -28.45 -3.126
2 24 5.4144 -28.45 -3.126 6.252 -28.45 0
2 24 5.4144 -28.45 3.126 6.252 -28.45 0
2 24 5.4144 -24 3.126 3.126 -24 5.4144
2 24 5.4144 -28.45 3.126 3.126 -28.45 5.4144
2 24 3.126 -24 5.4144 0 -24 6.252
2 24 3.126 -28.45 5.4144 0 -28.45 6.252
2 24 0 -24 6.252 -3.126 -24 5.4144
2 24 0 -28.45 6.252 -3.126 -28.45 5.4144
2 24 -3.126 -24 5.4144 -5.4144 -24 3.126
2 24 -3.126 -28.45 5.4144 -5.4144 -28.45 3.126
2 24 -5.4144 -24 3.126 -6.252 -24 0
2 24 -5.4144 -28.45 3.126 -6.252 -28.45 0
2 24 -6.252 -24 0 -5.4144 -24 -3.126
2 24 -6.252 -28.45 0 -5.4144 -28.45 -3.126
2 24 -5.4144 -24 -3.126 -3.126 -24 -5.4144
2 24 -5.4144 -28.45 -3.126 -3.126 -28.45 -5.4144
2 24 -3.126 -24 -5.4144 0 -24 -6.252
2 24 -3.126 -28.45 -5.4144 0 -28.45 -6.252
2 24 0 -24 -6.252 3.126 -24 -5.4144
2 24 0 -28.45 -6.252 3.126 -28.45 -5.4144
2 24 3.126 -24 -5.4144 5.4144 -24 -3.126
2 24 3.126 -28.45 -5.4144 5.4144 -28.45 -3.126
2 24 5.4144 -24 -3.126 6.252 -24 0
2 24 5.4144 -28.45 -3.126 6.252 -28.45 0
2 24 5.4144 -24 3.126 6.252 -24 0
2 24 5.4144 -28.45 3.126 6.252 -28.45 0
2 24 25.4144 -28.45 3.126 23.126 -28.45 5.4144
2 24 23.126 -28.45 5.4144 20 -28.45 6.252
2 24 20 -28.45 6.252 16.874 -28.45 5.4144
2 24 16.874 -28.45 5.4144 14.5856 -28.45 3.126
2 24 14.5856 -28.45 3.126 13.748 -28.45 0
2 24 13.748 -28.45 0 14.5856 -28.45 -3.126
2 24 14.5856 -28.45 -3.126 16.874 -28.45 -5.4144
2 24 16.874 -28.45 -5.4144 20 -28.45 -6.252
2 24 20 -28.45 -6.252 23.126 -28.45 -5.4144
2 24 23.126 -28.45 -5.4144 25.4144 -28.45 -3.126
2 24 25.4144 -28.45 -3.126 26.252 -28.45 0
2 24 25.4144 -28.45 3.126 26.252 -28.45 0
2 24 25.4144 -24 3.126 23.126 -24 5.4144
2 24 25.4144 -28.45 3.126 23.126 -28.45 5.4144
2 24 23.126 -24 5.4144 20 -24 6.252
2 24 23.126 -28.45 5.4144 20 -28.45 6.252
2 24 20 -24 6.252 16.874 -24 5.4144
2 24 20 -28.45 6.252 16.874 -28.45 5.4144
2 24 16.874 -24 5.4144 14.5856 -24 3.126
2 24 16.874 -28.45 5.4144 14.5856 -28.45 3.126
2 24 14.5856 -24 3.126 13.748 -24 0
2 24 14.5856 -28.45 3.126 13.748 -28.45 0
2 24 13.748 -24 0 14.5856 -24 -3.126
2 24 13.748 -28.45 0 14.5856 -28.45 -3.126
2 24 14.5856 -24 -3.126 16.874 -24 -5.4144
2 24 14.5856 -28.45 -3.126 16.874 -28.45 -5.4144
2 24 16.874 -24 -5.4144 20 -24 -6.252
2 24 16.874 -28.45 -5.4144 20 -28.45 -6.252
2 24 20 -24 -6.252 23.126 -24 -5.4144
2 24 20 -28.45 -6.252 23.126 -28.45 -5.4144
2 24 23.126 -24 -5.4144 25.4144 -24 -3.126
2 24 23.126 -28.45 -5.4144 25.4144 -28.45 -3.126
2 24 25.4144 -24 -3.126 26.252 -24 0
2 24 25.4144 -28.45 -3.126 26.252 -28.45 0
2 24 25.4144 -24 3.126 26.252 -24 0
2 24 25.4144 -28.45 3.126 26.252 -28.45 0
2 24 -30 -24 -10.025 -30 -18.6658 -10.025
2 24 -30 -24 -10.025 50 -24 -10.025
2 24 50 -24 -10.025 50 -18.6658 -10.025
2 24 50 -18.6658 -10.025 49.0243 -14.0272 -10.025
2 24 -30 -18.6658 -10.025 -29.0243 -14.0272 -10.025
2 24 49.0243 -14.0272 -10.025 47.009 -9.7631 -10.025
2 24 -29.0243 -14.0272 -10.025 -27.009 -9.7631 -10.025
2 24 47.009 -9.7631 -10.025 44.5933 -6.4962 -10.025
2 24 -27.009 -9.7631 -10.025 -24.5933 -6.4962 -10.025
2 24 44.5933 -6.4962 -10.025 40.9115 -3.3403 -10.025
2 24 -24.5933 -6.4962 -10.025 -20.9115 -3.3403 -10.025
2 24 40.9115 -3.3403 -10.025 36.6398 -1.2017 -10.025
2 24 -20.9115 -3.3403 -10.025 -16.6398 -1.2017 -10.025
2 24 36.6398 -1.2017 -10.025 31.8519 -0.093 -10.025
2 24 -16.6398 -1.2017 -10.025 -11.8519 -0.093 -10.025
2 24 31.8519 -0.093 -10.025 30 0.0126 -10.025
2 24 -11.8519 -0.093 -10.025 -10 0.0126 -10.025
2 24 30 0.0126 -10.025 -10 0.0126 -10.025
0 STEP
