0 Untitled Model
0 Name: Untitled Model
0 Author: 
0 BFC CERTIFY CCW
3 16 -8.517 -56.7674 1.0599 -9.8403 -55.1779 1.0085 -7.7298 -53.364 -5.5113
3 16 -7.7298 -53.364 -5.5113 -9.8403 -55.1779 1.0085 -9.515 -51.7323 -3.9366
3 16 3.8912 0 34.9632 2.5743 0 34.2272 3.8912 -5.1946 34.9632
3 16 3.8912 -5.1946 34.9632 2.5743 0 34.2272 2.5743 -5.1946 34.211
3 16 5.034 0 36.222 3.8912 0 34.9632 5.034 -5.1946 36.222
3 16 5.034 -5.1946 36.222 3.8912 0 34.9632 3.8912 -5.1946 34.9632
3 16 5.9284 0 37.9322 5.034 0 36.222 5.9284 -5.1946 37.9322
3 16 5.9284 -5.1946 37.9322 5.034 0 36.222 5.034 -5.1946 36.222
3 16 6.12 0 40 5.9284 0 37.9322 6.12 -5.1946 40
3 16 6.12 -5.1946 40 5.9284 0 37.9322 5.9284 -5.1946 37.9322
3 16 5.8378 -72.5742 -20.3872 4.517 -73.1935 -21.2046 5.4633 -69.5934 -21.4593
3 16 5.4633 -69.5934 -21.4593 4.517 -73.1935 -21.2046 3.1481 -70.9252 -22.8799
3 16 6.8334 -76.7465 -16.1747 5.4873 -77.5521 -17.4681 6.4798 -74.9679 -17.9866
3 16 6.4798 -74.9679 -17.9866 5.4873 -77.5521 -17.4681 5.193 -75.7966 -18.8448
3 16 5.0602 -65.9876 -22.4617 5.4633 -69.5934 -21.4593 2.4874 -67.4319 -23.7627
3 16 2.4874 -67.4319 -23.7627 5.4633 -69.5934 -21.4593 3.1481 -70.9252 -22.8799
3 16 2.4874 -67.4319 -23.7627 2.3391 -63.761 -25.3784 5.0602 -65.9876 -22.4617
3 16 5.0602 -65.9876 -22.4617 2.3391 -63.761 -25.3784 4.41 -62.9294 -24.4913
3 16 3.9747 -60.2634 -26.459 4.41 -62.9294 -24.4913 2.6154 -61.0727 -27.1573
3 16 2.6154 -61.0727 -27.1573 4.41 -62.9294 -24.4913 2.3391 -63.761 -25.3784
3 16 2.4662 -59.12 -28.6477 3.8061 -58.6956 -27.9558 2.6154 -61.0727 -27.1573
3 16 2.6154 -61.0727 -27.1573 3.8061 -58.6956 -27.9558 3.9747 -60.2634 -26.459
3 16 3.7087 -57.2132 -28.5199 2.3083 -57.189 -29.3004 3.8156 -55.9076 -28.3108
3 16 3.8156 -55.9076 -28.3108 2.3083 -57.189 -29.3004 2.4691 -54.9831 -29.0895
3 16 2.3083 -57.189 -29.3004 3.7087 -57.2132 -28.5199 2.4662 -59.12 -28.6477
3 16 2.4662 -59.12 -28.6477 3.7087 -57.2132 -28.5199 3.8061 -58.6956 -27.9558
3 16 3.8156 -55.9076 -28.3108 2.4691 -54.9831 -29.0895 4.0129 -53.9424 -27.3831
3 16 4.0129 -53.9424 -27.3831 2.4691 -54.9831 -29.0895 2.4738 -52.5476 -27.967
3 16 2.2804 -51.0062 -26.1935 4.1867 -52.3011 -25.6744 2.4738 -52.5476 -27.967
3 16 2.4738 -52.5476 -27.967 4.1867 -52.3011 -25.6744 4.0129 -53.9424 -27.3831
3 16 2.2804 -51.0062 -26.1935 2.7057 -50.9226 -21.3702 4.1867 -52.3011 -25.6744
3 16 4.1867 -52.3011 -25.6744 2.7057 -50.9226 -21.3702 4.7191 -52.331 -22.0914
3 16 2.7057 -50.9226 -21.3702 3.6569 -53.5013 -18.6436 4.7191 -52.331 -22.0914
3 16 4.7191 -52.331 -22.0914 3.6569 -53.5013 -18.6436 5.1567 -54.0415 -19.7406
3 16 5.1567 -54.0415 -19.7406 3.6569 -53.5013 -18.6436 5.779 -56.7347 -17.346
3 16 5.779 -56.7347 -17.346 3.6569 -53.5013 -18.6436 4.2122 -55.6804 -16.1174
3 16 4.5808 -56.9014 -13.5966 6.4693 -58.3485 -15.2816 4.2122 -55.6804 -16.1174
3 16 4.2122 -55.6804 -16.1174 6.4693 -58.3485 -15.2816 5.779 -56.7347 -17.346
3 16 4.3894 -58.145 -10.4987 7.0497 -59.5324 -12.3207 4.5808 -56.9014 -13.5966
3 16 4.5808 -56.9014 -13.5966 7.0497 -59.5324 -12.3207 6.4693 -58.3485 -15.2816
3 16 3.9729 -58.5283 -27.4707 3.4278 -58.0897 -26.8808 4.2177 -58.898 -26.211
3 16 4.2177 -58.898 -26.211 3.4278 -58.0897 -26.8808 3.6677 -58.4291 -26.0954
3 16 3.8384 -57.9946 -25.3779 4.4741 -58.3608 -25.118 3.6677 -58.4291 -26.0954
3 16 3.6677 -58.4291 -26.0954 4.4741 -58.3608 -25.118 4.2177 -58.898 -26.211
3 16 3.8734 -57.0988 -25.2552 4.4974 -56.9603 -24.9707 3.8384 -57.9946 -25.3779
3 16 3.8384 -57.9946 -25.3779 4.4974 -56.9603 -24.9707 4.4741 -58.3608 -25.118
3 16 3.8529 -56.5518 -25.6372 3.7856 -56.2543 -26.4128 4.3951 -56.0943 -25.5816
3 16 4.3951 -56.0943 -25.5816 3.7856 -56.2543 -26.4128 4.1812 -55.8202 -26.7113
3 16 3.8882 -57.3411 -27.887 3.3443 -57.5225 -27.1309 3.9729 -58.5283 -27.4707
3 16 3.9729 -58.5283 -27.4707 3.3443 -57.5225 -27.1309 3.4278 -58.0897 -26.8808
3 16 3.3443 -57.5225 -27.1309 3.8882 -57.3411 -27.887 3.4876 -56.675 -27.012
3 16 3.4876 -56.675 -27.012 3.8882 -57.3411 -27.887 3.974 -56.4585 -27.6744
3 16 3.8734 -57.0988 -25.2552 3.8529 -56.5518 -25.6372 4.4974 -56.9603 -24.9707
3 16 4.4974 -56.9603 -24.9707 3.8529 -56.5518 -25.6372 4.3951 -56.0943 -25.5816
3 16 3.7856 -56.2543 -26.4128 3.4876 -56.675 -27.012 4.1812 -55.8202 -26.7113
3 16 4.1812 -55.8202 -26.7113 3.4876 -56.675 -27.012 3.974 -56.4585 -27.6744
3 16 3.9729 -58.5283 -27.4707 4.2177 -58.898 -26.211 3.8061 -58.6956 -27.9558
3 16 3.8061 -58.6956 -27.9558 4.2177 -58.898 -26.211 3.9747 -60.2634 -26.459
3 16 3.7087 -57.2132 -28.5199 3.8882 -57.3411 -27.887 3.8061 -58.6956 -27.9558
3 16 3.8061 -58.6956 -27.9558 3.8882 -57.3411 -27.887 3.9729 -58.5283 -27.4707
3 16 3.8156 -55.9076 -28.3108 3.974 -56.4585 -27.6744 3.7087 -57.2132 -28.5199
3 16 3.7087 -57.2132 -28.5199 3.974 -56.4585 -27.6744 3.8882 -57.3411 -27.887
3 16 4.0129 -53.9424 -27.3831 4.1812 -55.8202 -26.7113 3.8156 -55.9076 -28.3108
3 16 3.8156 -55.9076 -28.3108 4.1812 -55.8202 -26.7113 3.974 -56.4585 -27.6744
3 16 5.5148 -60.0221 -20.829 6.0766 -62.5563 -18.867 4.41 -62.9294 -24.4913
3 16 4.41 -62.9294 -24.4913 6.0766 -62.5563 -18.867 5.0602 -65.9876 -22.4617
3 16 6.0766 -62.5563 -18.867 6.7092 -65.1485 -16.7076 5.0602 -65.9876 -22.4617
3 16 5.0602 -65.9876 -22.4617 6.7092 -65.1485 -16.7076 5.4633 -69.5934 -21.4593
3 16 3.9747 -60.2634 -26.459 5.0047 -58.6761 -22.8922 4.41 -62.9294 -24.4913
3 16 4.41 -62.9294 -24.4913 5.0047 -58.6761 -22.8922 5.5148 -60.0221 -20.829
3 16 5.779 -56.7347 -17.346 5.5148 -60.0221 -20.829 5.1567 -54.0415 -19.7406
3 16 5.1567 -54.0415 -19.7406 5.5148 -60.0221 -20.829 4.9893 -55.6704 -22.6884
3 16 5.5148 -60.0221 -20.829 5.0047 -58.6761 -22.8922 4.9893 -55.6704 -22.6884
3 16 6.0766 -62.5563 -18.867 5.5148 -60.0221 -20.829 6.4693 -58.3485 -15.2816
3 16 6.4693 -58.3485 -15.2816 5.5148 -60.0221 -20.829 5.779 -56.7347 -17.346
3 16 7.0497 -59.5324 -12.3207 6.7092 -65.1485 -16.7076 6.4693 -58.3485 -15.2816
3 16 6.4693 -58.3485 -15.2816 6.7092 -65.1485 -16.7076 6.0766 -62.5563 -18.867
3 16 6.7092 -65.1485 -16.7076 7.2628 -68.0161 -14.5079 5.4633 -69.5934 -21.4593
3 16 5.4633 -69.5934 -21.4593 7.2628 -68.0161 -14.5079 5.8378 -72.5742 -20.3872
3 16 7.4779 -71.1061 -13.0016 7.6134 -73.4588 -12.0104 6.4798 -74.9679 -17.9866
3 16 6.4798 -74.9679 -17.9866 7.6134 -73.4588 -12.0104 6.8334 -76.7465 -16.1747
3 16 7.6134 -73.4588 -12.0104 7.4779 -71.1061 -13.0016 7.8261 -74.0889 -8.0879
3 16 7.8261 -74.0889 -8.0879 7.4779 -71.1061 -13.0016 7.7282 -70.0825 -6.612
3 16 0 -67.144 -24.0087 2.4874 -67.4319 -23.7627 0 -71.1 -22.9338
3 16 0 -71.1 -22.9338 2.4874 -67.4319 -23.7627 3.1481 -70.9252 -22.8799
3 16 0 -63.654 -25.6163 2.3391 -63.761 -25.3784 0 -67.144 -24.0087
3 16 0 -67.144 -24.0087 2.3391 -63.761 -25.3784 2.4874 -67.4319 -23.7627
3 16 0 -63.654 -25.6163 0 -61.214 -27.2486 2.3391 -63.761 -25.3784
3 16 2.3391 -63.761 -25.3784 0 -61.214 -27.2486 2.6154 -61.0727 -27.1573
3 16 0 -61.214 -27.2486 0 -59.3559 -28.4807 2.6154 -61.0727 -27.1573
3 16 2.6154 -61.0727 -27.1573 0 -59.3559 -28.4807 2.4662 -59.12 -28.6477
3 16 0 -59.3559 -28.4807 0 -57.1153 -29.3495 2.4662 -59.12 -28.6477
3 16 2.4662 -59.12 -28.6477 0 -57.1153 -29.3495 2.3083 -57.189 -29.3004
3 16 0 -54.7509 -29.2316 2.4691 -54.9831 -29.0895 0 -57.1153 -29.3495
3 16 0 -57.1153 -29.3495 2.4691 -54.9831 -29.0895 2.3083 -57.189 -29.3004
3 16 0 -52.4711 -28.0903 2.4738 -52.5476 -27.967 0 -54.7509 -29.2316
3 16 0 -54.7509 -29.2316 2.4738 -52.5476 -27.967 2.4691 -54.9831 -29.0895
3 16 0 -50.9078 -26.255 2.2804 -51.0062 -26.1935 0 -52.4711 -28.0903
3 16 0 -52.4711 -28.0903 2.2804 -51.0062 -26.1935 2.4738 -52.5476 -27.967
3 16 0 -50.9078 -26.255 0 -50.7662 -21.2884 2.2804 -51.0062 -26.1935
3 16 2.2804 -51.0062 -26.1935 0 -50.7662 -21.2884 2.7057 -50.9226 -21.3702
3 16 0 -50.7662 -21.2884 0 -53.5002 -18.4573 2.7057 -50.9226 -21.3702
3 16 2.7057 -50.9226 -21.3702 0 -53.5002 -18.4573 3.6569 -53.5013 -18.6436
3 16 4.2122 -55.6804 -16.1174 3.6569 -53.5013 -18.6436 0 -55.6647 -15.6756
3 16 0 -55.6647 -15.6756 3.6569 -53.5013 -18.6436 0 -53.5002 -18.4573
3 16 0 -55.6647 -15.6756 0 -56.5622 -13.8586 4.2122 -55.6804 -16.1174
3 16 4.2122 -55.6804 -16.1174 0 -56.5622 -13.8586 4.5808 -56.9014 -13.5966
3 16 0 -56.5622 -13.8586 0 -57.225 -11.1703 4.5808 -56.9014 -13.5966
3 16 4.5808 -56.9014 -13.5966 0 -57.225 -11.1703 4.3894 -58.145 -10.4987
3 16 7.0497 -59.5324 -12.3207 4.3894 -58.145 -10.4987 7.508 -61.3971 -9.4536
3 16 7.508 -61.3971 -9.4536 4.3894 -58.145 -10.4987 5.5225 -60.1042 -7.8677
3 16 6.4798 -74.9679 -17.9866 5.193 -75.7966 -18.8448 5.8378 -72.5742 -20.3872
3 16 5.8378 -72.5742 -20.3872 5.193 -75.7966 -18.8448 4.517 -73.1935 -21.2046
3 16 7.2628 -68.0161 -14.5079 7.4779 -71.1061 -13.0016 5.8378 -72.5742 -20.3872
3 16 5.8378 -72.5742 -20.3872 7.4779 -71.1061 -13.0016 6.4798 -74.9679 -17.9866
3 16 7.8669 -66.2979 -6.661 6.222 -66.6647 -4.5479 7.7282 -70.0825 -6.612
3 16 7.7282 -70.0825 -6.612 6.222 -66.6647 -4.5479 6.041 -71.0599 -4.9636
3 16 5.9985 -74.7612 -6.4163 7.8261 -74.0889 -8.0879 6.041 -71.0599 -4.9636
3 16 6.041 -71.0599 -4.9636 7.8261 -74.0889 -8.0879 7.7282 -70.0825 -6.612
3 16 7.6134 -73.4588 -12.0104 7.8261 -74.0889 -8.0879 7.8053 -76.5128 -11.7864
3 16 7.8053 -76.5128 -11.7864 7.8261 -74.0889 -8.0879 7.8794 -77.8648 -10.2346
3 16 7.8053 -76.5128 -11.7864 7.8794 -77.8648 -10.2346 7.6473 -78.7921 -13.9394
3 16 7.6473 -78.7921 -13.9394 7.8794 -77.8648 -10.2346 7.869 -81.0471 -12.3034
3 16 4.9223 -78.4772 -9.0253 7.8794 -77.8648 -10.2346 5.9985 -74.7612 -6.4163
3 16 5.9985 -74.7612 -6.4163 7.8794 -77.8648 -10.2346 7.8261 -74.0889 -8.0879
3 16 7.6473 -78.7921 -13.9394 6.8334 -76.7465 -16.1747 7.8053 -76.5128 -11.7864
3 16 7.8053 -76.5128 -11.7864 6.8334 -76.7465 -16.1747 7.6134 -73.4588 -12.0104
3 16 6.8959 -80.4848 -17.4784 7.3722 -81.9203 -16.0114 6.6993 -83.6027 -18.8975
3 16 6.6993 -83.6027 -18.8975 7.3722 -81.9203 -16.0114 7.0107 -84.7465 -18.0107
3 16 6.6993 -83.6027 -18.8975 7.0107 -84.7465 -18.0107 6.1339 -85.9534 -20.1073
3 16 6.1339 -85.9534 -20.1073 7.0107 -84.7465 -18.0107 6.1514 -86.6886 -19.7509
3 16 7.1653 -85.81 -17.0242 6.4285 -86.8633 -18.9773 7.0107 -84.7465 -18.0107
3 16 7.0107 -84.7465 -18.0107 6.4285 -86.8633 -18.9773 6.1514 -86.6886 -19.7509
3 16 7.1653 -85.81 -17.0242 7.0107 -84.7465 -18.0107 7.5567 -83.5941 -14.4976
3 16 7.5567 -83.5941 -14.4976 7.0107 -84.7465 -18.0107 7.3722 -81.9203 -16.0114
3 16 4.8808 -86.9824 -20.1113 3.7439 -86.887 -20.0419 4.6645 -86.3625 -20.5704
3 16 4.6645 -86.3625 -20.5704 3.7439 -86.887 -20.0419 3.5976 -86.2377 -20.578
3 16 4.8808 -86.9824 -20.1113 4.9018 -87.1584 -19.156 3.7439 -86.887 -20.0419
3 16 3.7439 -86.887 -20.0419 4.9018 -87.1584 -19.156 3.5707 -87.0196 -19.2991
3 16 1.8611 -83.3024 -19.6655 2.5625 -80.8895 -18.6408 5.1425 -82.7013 -19.2122
3 16 5.1425 -82.7013 -19.2122 2.5625 -80.8895 -18.6408 5.3102 -80.3865 -18.129
3 16 6.6993 -83.6027 -18.8975 5.1425 -82.7013 -19.2122 6.8959 -80.4848 -17.4784
3 16 6.8959 -80.4848 -17.4784 5.1425 -82.7013 -19.2122 5.3102 -80.3865 -18.129
3 16 5.193 -75.7966 -18.8448 5.4873 -77.5521 -17.4681 2.3947 -76.7188 -19.467
3 16 2.3947 -76.7188 -19.467 5.4873 -77.5521 -17.4681 2.4941 -78.6524 -18.229
3 16 0 -74.1355 -21.422 0 -72.7836 -22.0618 1.7859 -74.8438 -21.2736
3 16 1.7859 -74.8438 -21.2736 0 -72.7836 -22.0618 4.517 -73.1935 -21.2046
3 16 0 -71.1 -22.9338 3.1481 -70.9252 -22.8799 0 -72.7836 -22.0618
3 16 0 -72.7836 -22.0618 3.1481 -70.9252 -22.8799 4.517 -73.1935 -21.2046
3 16 4.6645 -86.3625 -20.5704 3.5976 -86.2377 -20.578 5.1425 -82.7013 -19.2122
3 16 5.1425 -82.7013 -19.2122 3.5976 -86.2377 -20.578 2.7162 -85.0717 -20.3653
3 16 5.062 -44.5766 -8.4243 12.1789 -44.4771 -3.7203 9.258 -50.4698 -4.5921
3 16 9.258 -50.4698 -4.5921 12.1789 -44.4771 -3.7203 12.1789 -48.5019 -2.3005
3 16 12.1789 -36.3729 -0.8867 12.1789 -40.006 -2.8339 10.2072 -35.6128 -3.5333
3 16 10.2072 -35.6128 -3.5333 12.1789 -40.006 -2.8339 8.9816 -40.5108 -5.8234
3 16 12.1789 -31.6331 0.6134 12.1789 -36.3729 -0.8867 10.3201 -30.6205 -1.5192
3 16 10.3201 -30.6205 -1.5192 12.1789 -36.3729 -0.8867 10.2072 -35.6128 -3.5333
3 16 12.1789 -27.3459 0.6776 10.389 -27.0785 -1.3825 12.1789 -24.0674 0.1933
3 16 12.1789 -24.0674 0.1933 10.389 -27.0785 -1.3825 10.2967 -23.7227 -1.4828
3 16 10.389 -27.0785 -1.3825 12.1789 -27.3459 0.6776 10.3201 -30.6205 -1.5192
3 16 10.3201 -30.6205 -1.5192 12.1789 -27.3459 0.6776 12.1789 -31.6331 0.6134
3 16 9.9824 -19.9148 -0.3505 12.1789 -20.4269 1.2072 10.2967 -23.7227 -1.4828
3 16 10.2967 -23.7227 -1.4828 12.1789 -20.4269 1.2072 12.1789 -24.0674 0.1933
3 16 12.1789 -16.1126 2.6144 12.1789 -20.4269 1.2072 9.9304 -15.8281 0.2649
3 16 9.9304 -15.8281 0.2649 12.1789 -20.4269 1.2072 9.9824 -19.9148 -0.3505
3 16 12.3093 -6.8505 -0.0553 12.1789 -11.5063 2.0582 10.3085 -7.9132 -1.6241
3 16 10.3085 -7.9132 -1.6241 12.1789 -11.5063 2.0582 9.7874 -12.2575 0.094
3 16 13.4392 -4.9574 -1.7009 12.3093 -6.8505 -0.0553 10.6782 -5.5868 -3.6846
3 16 10.6782 -5.5868 -3.6846 12.3093 -6.8505 -0.0553 10.3085 -7.9132 -1.6241
3 16 10.6782 -5.5868 -3.6846 10.7943 0 -3.6802 13.4392 -4.9574 -1.7009
3 16 13.4392 -4.9574 -1.7009 10.7943 0 -3.6802 13.2874 0 -1.9948
3 16 13.4392 -4.9574 -1.7009 13.2874 0 -1.9948 13.4151 -2.9885 7.7499
3 16 13.4151 -2.9885 7.7499 13.2874 0 -1.9948 13.7604 0 7.9779
3 16 12.1789 -4.5286 8.4898 12.3093 -6.8505 -0.0553 13.4151 -2.9885 7.7499
3 16 13.4151 -2.9885 7.7499 12.3093 -6.8505 -0.0553 13.4392 -4.9574 -1.7009
3 16 9.7874 -12.2575 0.094 12.1789 -11.5063 2.0582 9.9304 -15.8281 0.2649
3 16 9.9304 -15.8281 0.2649 12.1789 -11.5063 2.0582 12.1789 -16.1126 2.6144
3 16 12.1789 -26.2293 7.4279 12.1789 -17.4887 7.6147 10.2431 -25.1279 8.9145
3 16 10.2431 -25.1279 8.9145 12.1789 -17.4887 7.6147 9.9626 -16.8868 9.0952
3 16 9.9072 -9.1739 9.4623 9.9626 -16.8868 9.0952 12.0485 -9.396 8.005
3 16 12.0485 -9.396 8.005 9.9626 -16.8868 9.0952 12.1789 -17.4887 7.6147
3 16 10.277 -3.9851 9.6679 9.9072 -9.1739 9.4623 12.1789 -4.5286 8.4898
3 16 12.1789 -4.5286 8.4898 9.9072 -9.1739 9.4623 12.0485 -9.396 8.005
3 16 12.1789 -4.5286 8.4898 13.4151 -2.9885 7.7499 12.2782 0 9.0244
3 16 12.2782 0 9.0244 13.4151 -2.9885 7.7499 13.7604 0 7.9779
3 16 12.1789 -4.5286 8.4898 12.2782 0 9.0244 10.277 -3.9851 9.6679
3 16 10.277 -3.9851 9.6679 12.2782 0 9.0244 10.3968 0 9.6434
3 16 10.7216 -33.1282 13.1769 10.5181 -33.6198 21.4605 12.1789 -36.4437 12.8509
3 16 12.1789 -36.4437 12.8509 10.5181 -33.6198 21.4605 12.3478 -36.4627 21.8001
3 16 10.5181 -33.6198 21.4605 10.4452 -35.3738 30.854 12.3478 -36.4627 21.8001
3 16 12.3478 -36.4627 21.8001 10.4452 -35.3738 30.854 12.1789 -38.284 29.6939
3 16 10.2431 -25.1279 8.9145 9.9626 -16.8868 9.0952 2.5743 -23.6603 9.2504
3 16 2.5743 -23.6603 9.2504 9.9626 -16.8868 9.0952 2.5743 -15.5205 9.5064
3 16 9.9626 -16.8868 9.0952 9.9072 -9.1739 9.4623 2.5743 -15.5205 9.5064
3 16 2.5743 -15.5205 9.5064 9.9072 -9.1739 9.4623 2.5743 -8.7822 9.7183
3 16 10.277 -3.9851 9.6679 2.5743 -4.4645 9.8541 9.9072 -9.1739 9.4623
3 16 9.9072 -9.1739 9.4623 2.5743 -4.4645 9.8541 2.5743 -8.7822 9.7183
3 16 2.5743 -4.4645 9.8541 10.277 -3.9851 9.6679 2.5743 0 9.9943
3 16 2.5743 0 9.9943 10.277 -3.9851 9.6679 10.3968 0 9.6434
3 16 12.1789 -16.1126 2.6144 12.1789 -11.5063 2.0582 12.1789 -17.4887 7.6147
3 16 12.1789 -17.4887 7.6147 12.1789 -11.5063 2.0582 12.0485 -9.396 8.005
3 16 12.1789 -16.1126 2.6144 12.1789 -17.4887 7.6147 12.1789 -20.4269 1.2072
3 16 12.1789 -20.4269 1.2072 12.1789 -17.4887 7.6147 12.1789 -26.2293 7.4279
3 16 12.1789 -31.6331 0.6134 12.1789 -27.3459 0.6776 12.1789 -30.4245 7.4492
3 16 12.1789 -30.4245 7.4492 12.1789 -27.3459 0.6776 12.1789 -26.2293 7.4279
3 16 12.1789 -36.3729 -0.8867 12.1789 -31.6331 0.6134 12.1789 -36.354 7.659
3 16 12.1789 -36.354 7.659 12.1789 -31.6331 0.6134 12.1789 -30.4245 7.4492
3 16 0 -53.809 -10.5215 3.4721 -54.4409 -10.1865 0 -57.225 -11.1703
3 16 0 -57.225 -11.1703 3.4721 -54.4409 -10.1865 4.3894 -58.145 -10.4987
3 16 3.4721 -54.4409 -10.1865 0 -53.809 -10.5215 3.9718 -49.0674 -9.6369
3 16 3.9718 -49.0674 -9.6369 0 -53.809 -10.5215 0 -47.5942 -9.6635
3 16 0 -43.1042 -8.6118 5.062 -44.5766 -8.4243 0 -47.5942 -9.6635
3 16 0 -47.5942 -9.6635 5.062 -44.5766 -8.4243 3.9718 -49.0674 -9.6369
3 16 10.2072 -35.6128 -3.5333 2.5743 -33.2471 -3.8984 10.3201 -30.6205 -1.5192
3 16 10.3201 -30.6205 -1.5192 2.5743 -33.2471 -3.8984 2.5743 -30.2881 -2.0763
3 16 10.3201 -30.6205 -1.5192 2.5743 -30.2881 -2.0763 10.389 -27.0785 -1.3825
3 16 10.389 -27.0785 -1.3825 2.5743 -30.2881 -2.0763 2.5743 -26.6006 -1.8541
3 16 10.389 -27.0785 -1.3825 2.5743 -26.6006 -1.8541 10.2967 -23.7227 -1.4828
3 16 10.2967 -23.7227 -1.4828 2.5743 -26.6006 -1.8541 2.5743 -23.6346 -1.7994
3 16 10.2967 -23.7227 -1.4828 2.5743 -23.6346 -1.7994 9.9824 -19.9148 -0.3505
3 16 9.9824 -19.9148 -0.3505 2.5743 -23.6346 -1.7994 2.5743 -20.0388 -0.5618
3 16 2.5743 -20.0388 -0.5618 2.5743 -15.7963 0.1376 9.9824 -19.9148 -0.3505
3 16 9.9824 -19.9148 -0.3505 2.5743 -15.7963 0.1376 9.9304 -15.8281 0.2649
3 16 9.9304 -15.8281 0.2649 2.5743 -15.7963 0.1376 9.7874 -12.2575 0.094
3 16 9.7874 -12.2575 0.094 2.5743 -15.7963 0.1376 2.5743 -12.1876 -0.0102
3 16 2.5743 -12.1876 -0.0102 2.5743 -8.3989 -1.5722 9.7874 -12.2575 0.094
3 16 9.7874 -12.2575 0.094 2.5743 -8.3989 -1.5722 10.3085 -7.9132 -1.6241
3 16 2.5743 -8.3989 -1.5722 2.5816 -5.9444 -3.9925 10.3085 -7.9132 -1.6241
3 16 10.3085 -7.9132 -1.6241 2.5816 -5.9444 -3.9925 10.6782 -5.5868 -3.6846
3 16 10.6782 -5.5868 -3.6846 2.5816 -5.9444 -3.9925 6.2468 -5.1466 -3.8531
3 16 6.2468 -5.1466 -3.8531 2.5816 -5.9444 -3.9925 2.5816 -5.1466 -3.9925
3 16 2.5743 0 9.9943 2.5743 0 5.4111 2.5743 -4.4645 9.8541
3 16 2.5743 -4.4645 9.8541 2.5743 0 5.4111 2.5743 -5.1466 5.4789
3 16 2.5743 -4.4645 9.8541 2.5743 -5.1466 5.4789 2.5743 -8.7822 9.7183
3 16 2.5743 -8.7822 9.7183 2.5743 -5.1466 5.4789 2.5743 -12.1876 -0.0102
3 16 2.5743 -8.3989 -1.5722 2.5743 -12.1876 -0.0102 2.5743 -5.1466 5.4789
3 16 2.5743 -8.7822 9.7183 2.5743 -12.1876 -0.0102 2.5743 -15.5205 9.5064
3 16 2.5743 -15.5205 9.5064 2.5743 -12.1876 -0.0102 2.5743 -15.7963 0.1376
3 16 12.3478 -36.4627 21.8001 12.1789 -52.6726 20.6059 12.1789 -36.4437 12.8509
3 16 12.1789 -36.4437 12.8509 12.1789 -52.6726 20.6059 12.1789 -53.7253 11.5258
3 16 12.3478 -36.4627 21.8001 12.1789 -38.284 29.6939 12.1789 -52.6726 20.6059
3 16 12.1789 -52.6726 20.6059 12.1789 -38.284 29.6939 12.1789 -52.2218 30.623
3 16 9.3517 -30.4042 13.2659 8.5505 -31.5996 21.4655 10.7216 -33.1282 13.1769
3 16 10.7216 -33.1282 13.1769 8.5505 -31.5996 21.4655 10.5181 -33.6198 21.4605
3 16 10.5181 -33.6198 21.4605 8.5505 -31.5996 21.4655 10.4452 -35.3738 30.854
3 16 10.4452 -35.3738 30.854 8.5505 -31.5996 21.4655 9.1322 -33.9334 31.7113
3 16 12.1789 -38.284 29.6939 10.4452 -35.3738 30.854 12.1789 -32.5339 34.8395
3 16 12.1789 -32.5339 34.8395 10.4452 -35.3738 30.854 10.2831 -31.3218 33.7538
3 16 12.1789 -32.5339 34.8395 10.2831 -31.3218 33.7538 12.1789 -28.31 37.6824
3 16 12.1789 -28.31 37.6824 10.2831 -31.3218 33.7538 9.9039 -27.466 35.9708
3 16 12.2148 -24.0852 39.709 12.1789 -28.31 37.6824 9.9318 -23.9274 37.3094
3 16 9.9318 -23.9274 37.3094 12.1789 -28.31 37.6824 9.9039 -27.466 35.9708
3 16 11.1416 -33.175 8.9179 10.1005 -30.5937 8.9343 10.7216 -33.1282 13.1769
3 16 10.7216 -33.1282 13.1769 10.1005 -30.5937 8.9343 9.3517 -30.4042 13.2659
3 16 12.1789 -36.354 7.659 11.1416 -33.175 8.9179 12.1789 -36.4437 12.8509
3 16 12.1789 -36.4437 12.8509 11.1416 -33.175 8.9179 10.7216 -33.1282 13.1769
3 16 8.5994 -55.7873 20.2922 12.1789 -52.6726 20.6059 8.7223 -55.7873 30.9757
3 16 8.7223 -55.7873 30.9757 12.1789 -52.6726 20.6059 12.1789 -52.2218 30.623
3 16 8.6514 -55.4586 36.8455 8.7223 -55.7873 30.9757 12.1789 -53.2122 36.3551
3 16 12.1789 -53.2122 36.3551 8.7223 -55.7873 30.9757 12.1789 -52.2218 30.623
3 16 9.0826 -53.2999 41.2458 8.6514 -55.4586 36.8455 12.1789 -51.9699 39.268
3 16 12.1789 -51.9699 39.268 8.6514 -55.4586 36.8455 12.1789 -53.2122 36.3551
3 16 12.2046 -20.2058 39.5395 12.2148 -24.0852 39.709 9.8711 -20.5424 37.4183
3 16 9.8711 -20.5424 37.4183 12.2148 -24.0852 39.709 9.9318 -23.9274 37.3094
3 16 12.2413 -15.1144 38.4669 12.2046 -20.2058 39.5395 10.1223 -15.5841 36.5197
3 16 10.1223 -15.5841 36.5197 12.2046 -20.2058 39.5395 9.8711 -20.5424 37.4183
3 16 12.3212 -9.9704 36.8039 12.2413 -15.1144 38.4669 10.4161 -10.9582 34.8624
3 16 10.4161 -10.9582 34.8624 12.2413 -15.1144 38.4669 10.1223 -15.5841 36.5197
3 16 12.3212 -9.9704 36.8039 10.4161 -10.9582 34.8624 12.4072 -7.011 35.3782
3 16 12.4072 -7.011 35.3782 10.4161 -10.9582 34.8624 10.7294 -8.1624 33.042
3 16 10.7305 -6.1552 30.5434 13.4303 -4.8336 32.5874 10.7294 -8.1624 33.042
3 16 10.7294 -8.1624 33.042 13.4303 -4.8336 32.5874 12.4072 -7.011 35.3782
3 16 10.7305 -6.1552 30.5434 10.2786 0 29.9954 13.4303 -4.8336 32.5874
3 16 13.4303 -4.8336 32.5874 10.2786 0 29.9954 13.7914 0 32.4544
3 16 13.4303 -4.8336 32.5874 13.0634 -3.298 42.3717 12.4072 -7.011 35.3782
3 16 12.4072 -7.011 35.3782 13.0634 -3.298 42.3717 12.1789 -4.4099 42.9781
3 16 13.1819 0 42.2986 13.0634 -3.298 42.3717 13.7914 0 32.4544
3 16 13.7914 0 32.4544 13.0634 -3.298 42.3717 13.4303 -4.8336 32.5874
3 16 12.1789 -4.4099 42.9781 11.9952 -7.8808 43.0744 12.4072 -7.011 35.3782
3 16 12.4072 -7.011 35.3782 11.9952 -7.8808 43.0744 12.3212 -9.9704 36.8039
3 16 11.9952 -7.8808 43.0744 12.0218 -14.0673 43.8515 12.3212 -9.9704 36.8039
3 16 12.3212 -9.9704 36.8039 12.0218 -14.0673 43.8515 12.2413 -15.1144 38.4669
3 16 12.0163 -18.9452 45.5241 12.2046 -20.2058 39.5395 12.0218 -14.0673 43.8515
3 16 12.0218 -14.0673 43.8515 12.2046 -20.2058 39.5395 12.2413 -15.1144 38.4669
3 16 11.975 -22.2599 47.1842 12.2148 -24.0852 39.709 12.0163 -18.9452 45.5241
3 16 12.0163 -18.9452 45.5241 12.2148 -24.0852 39.709 12.2046 -20.2058 39.5395
3 16 12.1789 -28.31 37.6824 12.2148 -24.0852 39.709 12.1789 -30.3576 44.6777
3 16 12.1789 -30.3576 44.6777 12.2148 -24.0852 39.709 12.1041 -26.8377 46.9469
3 16 12.1789 -32.5339 34.8395 12.1789 -28.31 37.6824 12.1789 -34.3469 43.5473
3 16 12.1789 -34.3469 43.5473 12.1789 -28.31 37.6824 12.1789 -30.3576 44.6777
3 16 10.6223 -24.489 49.58 10.0819 -27.6403 48.5592 11.9936 -24.6009 48.09
3 16 11.9936 -24.6009 48.09 10.0819 -27.6403 48.5592 12.1041 -26.8377 46.9469
3 16 10.4118 -21.422 48.3319 10.6223 -24.489 49.58 11.975 -22.2599 47.1842
3 16 11.975 -22.2599 47.1842 10.6223 -24.489 49.58 11.9936 -24.6009 48.09
3 16 10.6223 -24.489 49.58 2.5743 -24.5091 49.9456 10.0819 -27.6403 48.5592
3 16 10.0819 -27.6403 48.5592 2.5743 -24.5091 49.9456 2.5743 -26.675 49.2608
3 16 2.5743 -21.175 48.3833 2.5743 -24.5091 49.9456 10.4118 -21.422 48.3319
3 16 10.4118 -21.422 48.3319 2.5743 -24.5091 49.9456 10.6223 -24.489 49.58
3 16 12.0163 -18.9452 45.5241 10.4306 -18.7168 46.7768 11.975 -22.2599 47.1842
3 16 11.975 -22.2599 47.1842 10.4306 -18.7168 46.7768 10.4118 -21.422 48.3319
3 16 12.0218 -14.0673 43.8515 10.4215 -13.7765 45.0717 12.0163 -18.9452 45.5241
3 16 12.0163 -18.9452 45.5241 10.4215 -13.7765 45.0717 10.4306 -18.7168 46.7768
3 16 10.4215 -13.7765 45.0717 12.0218 -14.0673 43.8515 10.513 -8.5598 44.3921
3 16 10.513 -8.5598 44.3921 12.0218 -14.0673 43.8515 11.9952 -7.8808 43.0744
3 16 10.3974 -4.1389 44.4193 12.1789 -4.4099 42.9781 10.373 -2.3638 44.3791
3 16 10.373 -2.3638 44.3791 12.1789 -4.4099 42.9781 13.0634 -3.298 42.3717
3 16 13.0634 -3.298 42.3717 13.1819 0 42.2986 10.373 -2.3638 44.3791
3 16 10.373 -2.3638 44.3791 13.1819 0 42.2986 10.2658 0 44.3165
3 16 10.513 -8.5598 44.3921 2.5743 -9.2977 44.5815 10.4215 -13.7765 45.0717
3 16 10.4215 -13.7765 45.0717 2.5743 -9.2977 44.5815 2.5743 -13.6597 45.2041
3 16 10.4118 -21.422 48.3319 10.4306 -18.7168 46.7768 2.5743 -21.175 48.3833
3 16 2.5743 -21.175 48.3833 10.4306 -18.7168 46.7768 2.5743 -18.5445 46.9793
3 16 10.4306 -18.7168 46.7768 10.4215 -13.7765 45.0717 2.5743 -18.5445 46.9793
3 16 2.5743 -18.5445 46.9793 10.4215 -13.7765 45.0717 2.5743 -13.6597 45.2041
3 16 12.1789 -30.3576 44.6777 12.1041 -26.8377 46.9469 9.8435 -31.058 47.0778
3 16 9.8435 -31.058 47.0778 12.1041 -26.8377 46.9469 10.0819 -27.6403 48.5592
3 16 9.8435 -31.058 47.0778 9.7218 -34.8589 46.2398 12.1789 -30.3576 44.6777
3 16 12.1789 -30.3576 44.6777 9.7218 -34.8589 46.2398 12.1789 -34.3469 43.5473
3 16 12.1789 -34.3469 43.5473 9.7218 -34.8589 46.2398 12.1789 -37.8825 43.5348
3 16 12.1789 -37.8825 43.5348 9.7218 -34.8589 46.2398 9.2278 -38.2866 46.5532
3 16 9.2739 -44.4148 47.5587 12.1789 -43.4498 44.4477 9.2519 -41.0125 47.1098
3 16 9.2519 -41.0125 47.1098 12.1789 -43.4498 44.4477 12.1789 -40.813 44.1913
3 16 9.3973 -47.4248 46.8866 12.1789 -46.3815 44.6433 9.2739 -44.4148 47.5587
3 16 9.2739 -44.4148 47.5587 12.1789 -46.3815 44.6433 12.1789 -43.4498 44.4477
3 16 12.1789 -51.9699 39.268 12.1789 -49.1023 42.52 9.0826 -53.2999 41.2458
3 16 9.0826 -53.2999 41.2458 12.1789 -49.1023 42.52 9.235 -50.8805 44.1804
3 16 12.1789 -49.1023 42.52 12.1789 -46.3815 44.6433 9.235 -50.8805 44.1804
3 16 9.235 -50.8805 44.1804 12.1789 -46.3815 44.6433 9.3973 -47.4248 46.8866
3 16 9.2739 -44.4148 47.5587 4.5959 -45.4599 47.8184 9.3973 -47.4248 46.8866
3 16 9.3973 -47.4248 46.8866 4.5959 -45.4599 47.8184 4.7643 -47.2637 47.2661
3 16 9.2519 -41.0125 47.1098 4.3027 -41.3864 47.4616 9.2739 -44.4148 47.5587
3 16 9.2739 -44.4148 47.5587 4.3027 -41.3864 47.4616 4.5959 -45.4599 47.8184
3 16 9.2519 -41.0125 47.1098 12.1789 -40.813 44.1913 9.2278 -38.2866 46.5532
3 16 9.2278 -38.2866 46.5532 12.1789 -40.813 44.1913 12.1789 -37.8825 43.5348
3 16 9.2278 -38.2866 46.5532 4.0609 -38.9989 46.5125 9.2519 -41.0125 47.1098
3 16 9.2519 -41.0125 47.1098 4.0609 -38.9989 46.5125 4.3027 -41.3864 47.4616
3 16 9.8435 -31.058 47.0778 3.3266 -32.4279 46.9894 9.7218 -34.8589 46.2398
3 16 9.7218 -34.8589 46.2398 3.3266 -32.4279 46.9894 3.9135 -35.6199 46.5335
3 16 2.5743 -26.675 49.2608 2.657 -29.9658 47.8475 10.0819 -27.6403 48.5592
3 16 10.0819 -27.6403 48.5592 2.657 -29.9658 47.8475 9.8435 -31.058 47.0778
3 16 3.3266 -32.4279 46.9894 9.8435 -31.058 47.0778 2.657 -29.9658 47.8475
3 16 9.3973 -47.4248 46.8866 4.8713 -48.6458 46.5734 9.235 -50.8805 44.1804
3 16 9.235 -50.8805 44.1804 4.8713 -48.6458 46.5734 5.0828 -50.5454 44.7174
3 16 8.6514 -55.4586 36.8455 -9.0851 -55.3028 37.4447 8.7223 -55.7873 30.9757
3 16 8.7223 -55.7873 30.9757 -9.0851 -55.3028 37.4447 -9.2121 -55.7873 30.148
3 16 10.7294 -8.1624 33.042 2.5743 -7.9811 32.3542 10.7305 -6.1552 30.5434
3 16 10.7305 -6.1552 30.5434 2.5743 -7.9811 32.3542 2.5743 -6.2344 30.2968
3 16 10.4161 -10.9582 34.8624 2.5743 -10.6606 34.4076 10.7294 -8.1624 33.042
3 16 10.7294 -8.1624 33.042 2.5743 -10.6606 34.4076 2.5743 -7.9811 32.3542
3 16 10.1223 -15.5841 36.5197 2.5743 -15.2425 36.0373 10.4161 -10.9582 34.8624
3 16 10.4161 -10.9582 34.8624 2.5743 -15.2425 36.0373 2.5743 -10.6606 34.4076
3 16 9.8711 -20.5424 37.4183 2.5743 -20.0237 36.9876 10.1223 -15.5841 36.5197
3 16 10.1223 -15.5841 36.5197 2.5743 -20.0237 36.9876 2.5743 -15.2425 36.0373
3 16 9.9318 -23.9274 37.3094 2.5743 -23.4685 36.8766 9.8711 -20.5424 37.4183
3 16 9.8711 -20.5424 37.4183 2.5743 -23.4685 36.8766 2.5743 -20.0237 36.9876
3 16 9.9039 -27.466 35.9708 2.5743 -26.8326 35.8899 9.9318 -23.9274 37.3094
3 16 9.9318 -23.9274 37.3094 2.5743 -26.8326 35.8899 2.5743 -23.4685 36.8766
3 16 10.2831 -31.3218 33.7538 2.5743 -30.0667 34.3288 9.9039 -27.466 35.9708
3 16 9.9039 -27.466 35.9708 2.5743 -30.0667 34.3288 2.5743 -26.8326 35.8899
3 16 10.2831 -31.3218 33.7538 10.4452 -35.3738 30.854 9.1322 -33.9334 31.7113
3 16 2.5743 0 29.9149 10.2786 0 29.9954 2.5743 -6.2344 30.2968
3 16 2.5743 -6.2344 30.2968 10.2786 0 29.9954 10.7305 -6.1552 30.5434
3 16 2.5743 0 34.2272 2.5743 0 29.9149 2.5743 -5.1946 34.211
3 16 2.5743 -5.1946 34.211 2.5743 0 29.9149 2.5743 -6.2344 30.2968
3 16 2.5743 -5.1946 44.7163 2.5743 -5.1946 34.211 2.5743 -9.2977 44.5815
3 16 2.5743 -5.1946 34.211 2.5743 -7.9811 32.3542 2.5743 -9.2977 44.5815
3 16 2.5743 -7.9811 32.3542 2.5743 -10.6606 34.4076 2.5743 -9.2977 44.5815
3 16 2.5743 -15.2425 36.0373 2.5743 -20.0237 36.9876 2.5743 -13.6597 45.2041
3 16 2.5743 -13.6597 45.2041 2.5743 -20.0237 36.9876 2.5743 -18.5445 46.9793
3 16 2.5743 -20.0237 36.9876 2.5743 -23.4685 36.8766 2.5743 -18.5445 46.9793
3 16 2.5743 -18.5445 46.9793 2.5743 -23.4685 36.8766 2.5743 -21.175 48.3833
3 16 2.5743 -26.8326 35.8899 2.5743 -30.0667 34.3288 2.3498 -36.9488 45.6539
3 16 12.1789 -38.284 29.6939 12.1789 -32.5339 34.8395 12.1789 -37.8825 43.5348
3 16 12.1789 -37.8825 43.5348 12.1789 -32.5339 34.8395 12.1789 -34.3469 43.5473
3 16 12.1041 -26.8377 46.9469 12.2148 -24.0852 39.709 11.9936 -24.6009 48.09
3 16 12.2148 -24.0852 39.709 11.975 -22.2599 47.1842 11.9936 -24.6009 48.09
3 16 12.1789 -38.284 29.6939 12.1789 -53.2122 36.3551 12.1789 -52.2218 30.623
3 16 12.1789 -20.4269 1.2072 12.1789 -26.2293 7.4279 12.1789 -24.0674 0.1933
3 16 12.1789 -24.0674 0.1933 12.1789 -26.2293 7.4279 12.1789 -27.3459 0.6776
3 16 8.9816 -40.5108 -5.8234 1.9075 -34.2434 -4.7387 10.2072 -35.6128 -3.5333
3 16 10.2072 -35.6128 -3.5333 1.9075 -34.2434 -4.7387 2.5743 -33.2471 -3.8984
3 16 0.1677 -34.772 -5.4042 1.9075 -34.2434 -4.7387 -0.0145 -40.8046 -7.867
3 16 -0.0145 -40.8046 -7.867 1.9075 -34.2434 -4.7387 8.9816 -40.5108 -5.8234
3 16 12.1789 -48.5019 -2.3005 12.1789 -51.4696 0.2024 9.258 -50.4698 -4.5921
3 16 9.258 -50.4698 -4.5921 12.1789 -51.4696 0.2024 10.1989 -53.8389 -0.1684
3 16 5.062 -44.5766 -8.4243 9.258 -50.4698 -4.5921 3.9718 -49.0674 -9.6369
3 16 3.9718 -49.0674 -9.6369 9.258 -50.4698 -4.5921 7.3754 -52.7516 -5.8432
3 16 7.3754 -52.7516 -5.8432 9.258 -50.4698 -4.5921 8.3799 -55.5337 -1.3448
3 16 8.3799 -55.5337 -1.3448 9.258 -50.4698 -4.5921 10.1989 -53.8389 -0.1684
3 16 4.3789 -56.5244 8.3219 2.4055 -60.9673 7.3389 6.4605 -57.6079 6.8825
3 16 6.4605 -57.6079 6.8825 2.4055 -60.9673 7.3389 5.3872 -62.5247 5.1642
3 16 -9.0851 -55.3028 37.4447 -12.2241 -52.7708 37.3612 -9.2121 -55.7873 30.148
3 16 -9.2121 -55.7873 30.148 -12.2241 -52.7708 37.3612 -12.3234 -52.5321 29.0731
3 16 -12.3234 -52.5321 29.0731 -12.1444 -52.8213 21.6502 -9.2121 -55.7873 30.148
3 16 -9.2121 -55.7873 30.148 -12.1444 -52.8213 21.6502 -8.6892 -55.6873 19.3623
3 16 -8.6736 -55.7873 12.6168 -8.6892 -55.6873 19.3623 -12.4357 -53.3732 12.5352
3 16 -12.4357 -53.3732 12.5352 -8.6892 -55.6873 19.3623 -12.1444 -52.8213 21.6502
3 16 6.041 -71.0599 -4.9636 4.4825 -73.8386 -1.8916 5.9985 -74.7612 -6.4163
3 16 5.9985 -74.7612 -6.4163 4.4825 -73.8386 -1.8916 4.2684 -76.6296 -4.9077
3 16 5.5225 -60.1042 -7.8677 4.3894 -58.145 -10.4987 5.9878 -56.7141 -7.0598
3 16 5.9878 -56.7141 -7.0598 4.3894 -58.145 -10.4987 3.4721 -54.4409 -10.1865
3 16 7.7467 -63.8154 -7.4524 5.9518 -63.015 -5.4693 7.8669 -66.2979 -6.661
3 16 7.8669 -66.2979 -6.661 5.9518 -63.015 -5.4693 6.222 -66.6647 -4.5479
3 16 5.9518 -63.015 -5.4693 7.7467 -63.8154 -7.4524 5.5225 -60.1042 -7.8677
3 16 5.5225 -60.1042 -7.8677 7.7467 -63.8154 -7.4524 7.508 -61.3971 -9.4536
3 16 5.9878 -56.7141 -7.0598 3.4721 -54.4409 -10.1865 7.3754 -52.7516 -5.8432
3 16 7.3754 -52.7516 -5.8432 3.4721 -54.4409 -10.1865 3.9718 -49.0674 -9.6369
3 16 7.7282 -70.0825 -6.612 7.4779 -71.1061 -13.0016 7.8669 -66.2979 -6.661
3 16 7.8669 -66.2979 -6.661 7.4779 -71.1061 -13.0016 7.2628 -68.0161 -14.5079
3 16 7.508 -61.3971 -9.4536 7.7467 -63.8154 -7.4524 7.2628 -68.0161 -14.5079
3 16 7.7467 -63.8154 -7.4524 7.8669 -66.2979 -6.661 7.2628 -68.0161 -14.5079
3 16 7.2628 -68.0161 -14.5079 6.7092 -65.1485 -16.7076 7.508 -61.3971 -9.4536
3 16 7.508 -61.3971 -9.4536 6.7092 -65.1485 -16.7076 7.0497 -59.5324 -12.3207
3 16 5.9878 -56.7141 -7.0598 6.8252 -59.0758 -3.0816 5.5225 -60.1042 -7.8677
3 16 5.5225 -60.1042 -7.8677 6.8252 -59.0758 -3.0816 5.9518 -63.015 -5.4693
3 16 6.222 -66.6647 -4.5479 4.8503 -70.7246 0.8155 6.041 -71.0599 -4.9636
3 16 6.041 -71.0599 -4.9636 4.8503 -70.7246 0.8155 4.4825 -73.8386 -1.8916
3 16 6.8252 -59.0758 -3.0816 5.9878 -56.7141 -7.0598 8.3799 -55.5337 -1.3448
3 16 8.3799 -55.5337 -1.3448 5.9878 -56.7141 -7.0598 7.3754 -52.7516 -5.8432
3 16 4.1867 -52.3011 -25.6744 4.3951 -56.0943 -25.5816 4.0129 -53.9424 -27.3831
3 16 4.0129 -53.9424 -27.3831 4.3951 -56.0943 -25.5816 4.1812 -55.8202 -26.7113
3 16 4.1867 -52.3011 -25.6744 4.7191 -52.331 -22.0914 4.9893 -55.6704 -22.6884
3 16 4.9893 -55.6704 -22.6884 4.7191 -52.331 -22.0914 5.1567 -54.0415 -19.7406
3 16 2.4055 -60.9673 7.3389 2.6025 -65.0047 5.8759 5.3872 -62.5247 5.1642
3 16 5.9518 -63.015 -5.4693 5.0805 -67.6166 2.6782 6.222 -66.6647 -4.5479
3 16 6.222 -66.6647 -4.5479 5.0805 -67.6166 2.6782 4.8503 -70.7246 0.8155
3 16 5.3872 -62.5247 5.1642 5.0805 -67.6166 2.6782 6.8252 -59.0758 -3.0816
3 16 6.8252 -59.0758 -3.0816 5.0805 -67.6166 2.6782 5.9518 -63.015 -5.4693
3 16 2.6713 -85.6057 -19.4885 1.9 -84.1226 -18.9323 2.7162 -85.0717 -20.3653
3 16 2.7162 -85.0717 -20.3653 1.9 -84.1226 -18.9323 1.8611 -83.3024 -19.6655
3 16 2.7162 -85.0717 -20.3653 3.5976 -86.2377 -20.578 2.6713 -85.6057 -19.4885
3 16 2.6713 -85.6057 -19.4885 3.5976 -86.2377 -20.578 3.7439 -86.887 -20.0419
3 16 3.1751 -86.6263 -18.3071 2.6713 -85.6057 -19.4885 3.5707 -87.0196 -19.2991
3 16 3.5707 -87.0196 -19.2991 2.6713 -85.6057 -19.4885 3.7439 -86.887 -20.0419
3 16 3.1751 -86.6263 -18.3071 1.9347 -84.4729 -17.8787 2.6713 -85.6057 -19.4885
3 16 2.6713 -85.6057 -19.4885 1.9347 -84.4729 -17.8787 1.9 -84.1226 -18.9323
3 16 6.1514 -86.6886 -19.7509 4.8808 -86.9824 -20.1113 6.1339 -85.9534 -20.1073
3 16 6.1339 -85.9534 -20.1073 4.8808 -86.9824 -20.1113 4.6645 -86.3625 -20.5704
3 16 4.8808 -86.9824 -20.1113 6.1514 -86.6886 -19.7509 4.9018 -87.1584 -19.156
3 16 4.9018 -87.1584 -19.156 6.1514 -86.6886 -19.7509 6.4285 -86.8633 -18.9773
3 16 3.5707 -87.0196 -19.2991 4.9018 -87.1584 -19.156 3.1751 -86.6263 -18.3071
3 16 3.1751 -86.6263 -18.3071 4.9018 -87.1584 -19.156 4.9812 -86.2828 -17.3587
3 16 7.1653 -85.81 -17.0242 4.9812 -86.2828 -17.3587 6.4285 -86.8633 -18.9773
3 16 6.4285 -86.8633 -18.9773 4.9812 -86.2828 -17.3587 4.9018 -87.1584 -19.156
3 16 4.9812 -86.2828 -17.3587 7.1653 -85.81 -17.0242 4.8698 -84.2282 -14.6297
3 16 4.8698 -84.2282 -14.6297 7.1653 -85.81 -17.0242 7.5567 -83.5941 -14.4976
3 16 6.8334 -76.7465 -16.1747 6.8959 -80.4848 -17.4784 5.4873 -77.5521 -17.4681
3 16 5.4873 -77.5521 -17.4681 6.8959 -80.4848 -17.4784 5.3102 -80.3865 -18.129
3 16 7.3722 -81.9203 -16.0114 6.8959 -80.4848 -17.4784 7.6473 -78.7921 -13.9394
3 16 7.6473 -78.7921 -13.9394 6.8959 -80.4848 -17.4784 6.8334 -76.7465 -16.1747
3 16 7.5567 -83.5941 -14.4976 7.3722 -81.9203 -16.0114 7.869 -81.0471 -12.3034
3 16 7.869 -81.0471 -12.3034 7.3722 -81.9203 -16.0114 7.6473 -78.7921 -13.9394
3 16 7.869 -81.0471 -12.3034 7.8794 -77.8648 -10.2346 5.1416 -81.2229 -11.3883
3 16 5.1416 -81.2229 -11.3883 7.8794 -77.8648 -10.2346 4.9223 -78.4772 -9.0253
3 16 4.9223 -78.4772 -9.0253 2.5434 -81.3036 -10.0489 5.1416 -81.2229 -11.3883
3 16 5.1416 -81.2229 -11.3883 2.5434 -81.3036 -10.0489 2.4803 -81.7935 -10.9432
3 16 2.4803 -81.7935 -10.9432 2.4144 -83.3538 -12.9341 5.1416 -81.2229 -11.3883
3 16 5.1416 -81.2229 -11.3883 2.4144 -83.3538 -12.9341 4.8698 -84.2282 -14.6297
3 16 7.869 -81.0471 -12.3034 5.1416 -81.2229 -11.3883 7.5567 -83.5941 -14.4976
3 16 7.5567 -83.5941 -14.4976 5.1416 -81.2229 -11.3883 4.8698 -84.2282 -14.6297
3 16 2.0034 -84.6539 -16.1042 1.9347 -84.4729 -17.8787 2.7277 -85.2459 -16.1025
3 16 2.7277 -85.2459 -16.1025 1.9347 -84.4729 -17.8787 3.1751 -86.6263 -18.3071
3 16 3.1751 -86.6263 -18.3071 4.9812 -86.2828 -17.3587 2.7277 -85.2459 -16.1025
3 16 2.7277 -85.2459 -16.1025 4.9812 -86.2828 -17.3587 4.8698 -84.2282 -14.6297
3 16 2.7277 -85.2459 -16.1025 4.8698 -84.2282 -14.6297 2.4738 -84.8307 -15.1633
3 16 2.0674 -79.7543 -5.9309 3.5715 -78.215 -6.2044 2.1031 -79.4081 -5.5277
3 16 2.2589 -78.7496 -4.6952 2.1031 -79.4081 -5.5277 3.5715 -78.215 -6.2044
3 16 2.329 -76.6874 -2.1273 2.2589 -78.7496 -4.6952 4.2684 -76.6296 -4.9077
3 16 4.2684 -76.6296 -4.9077 2.2589 -78.7496 -4.6952 3.5715 -78.215 -6.2044
3 16 2.1099 -72.1096 2.6984 2.3357 -72.5667 1.7498 2.3132 -71.3395 2.8113
3 16 2.3132 -71.3395 2.8113 2.3357 -72.5667 1.7498 4.8503 -70.7246 0.8155
3 16 2.3357 -72.5667 1.7498 2.2938 -74.2328 0.8268 4.8503 -70.7246 0.8155
3 16 4.8503 -70.7246 0.8155 2.2938 -74.2328 0.8268 4.4825 -73.8386 -1.8916
3 16 2.1459 -76.0059 -1.2497 2.329 -76.6874 -2.1273 4.4825 -73.8386 -1.8916
3 16 4.4825 -73.8386 -1.8916 2.329 -76.6874 -2.1273 4.2684 -76.6296 -4.9077
3 16 2.1459 -76.0059 -1.2497 4.4825 -73.8386 -1.8916 2.1772 -75.715 -0.8176
3 16 2.2938 -74.2328 0.8268 2.1772 -75.715 -0.8176 4.4825 -73.8386 -1.8916
3 16 -9.0851 -55.3028 37.4447 -8.8758 -53.1694 41.3735 -12.2241 -52.7708 37.3612
3 16 -12.2241 -52.7708 37.3612 -8.8758 -53.1694 41.3735 -11.8884 -51.363 40.6336
3 16 -12.3122 -49.1183 42.6071 -11.8884 -51.363 40.6336 -9.1519 -50.9902 43.8379
3 16 -9.1519 -50.9902 43.8379 -11.8884 -51.363 40.6336 -8.8758 -53.1694 41.3735
3 16 -9.1519 -50.9902 43.8379 -9.4313 -48.0951 46.1952 -12.3122 -49.1183 42.6071
3 16 -12.3122 -49.1183 42.6071 -9.4313 -48.0951 46.1952 -12.2763 -46.5767 44.4262
3 16 -9.4313 -48.0951 46.1952 -9.8285 -44.3027 47.5455 -12.2763 -46.5767 44.4262
3 16 -12.2763 -46.5767 44.4262 -9.8285 -44.3027 47.5455 -12.1753 -43.8993 45.3767
3 16 -10 -39.4558 47.7282 -12.1951 -39.9427 45.5166 -9.8285 -44.3027 47.5455
3 16 -9.8285 -44.3027 47.5455 -12.1951 -39.9427 45.5166 -12.1753 -43.8993 45.3767
3 16 -12.1951 -39.9427 45.5166 -10 -39.4558 47.7282 -12.2199 -35.5991 45.5113
3 16 -12.2199 -35.5991 45.5113 -10 -39.4558 47.7282 -9.9442 -35.8611 48.1116
3 16 -4.3586 -49.257 45.9341 -9.1519 -50.9902 43.8379 -4.0171 -50.9721 44.3684
3 16 -9.1519 -50.9902 43.8379 -3.8579 -52.2126 43.0168 -4.0171 -50.9721 44.3684
3 16 -3.8579 -52.2126 43.0168 -8.8758 -53.1694 41.3735 -1.7823 -54.4175 40.3103
3 16 -1.7823 -54.4175 40.3103 -8.8758 -53.1694 41.3735 -9.0851 -55.3028 37.4447
3 16 8.6514 -55.4586 36.8455 9.0826 -53.2999 41.2458 1.4542 -54.5194 40.1571
3 16 1.4542 -54.5194 40.1571 9.0826 -53.2999 41.2458 3.7314 -52.876 42.3385
3 16 -12.309 -23.5407 54.1493 -12.2201 -25.3488 53.9026 -10.9029 -24.3022 55.5183
3 16 -10.9029 -24.3022 55.5183 -12.2201 -25.3488 53.9026 -10.8964 -26.0218 55.2076
3 16 -12.4357 -26.5415 52.2572 -10.4009 -27.8014 53.8167 -12.2201 -25.3488 53.9026
3 16 -12.2201 -25.3488 53.9026 -10.4009 -27.8014 53.8167 -10.8964 -26.0218 55.2076
3 16 -12.2747 -20.8345 53.7638 -12.309 -23.5407 54.1493 -10.7348 -21.5988 55.1778
3 16 -10.7348 -21.5988 55.1778 -12.309 -23.5407 54.1493 -10.9029 -24.3022 55.5183
3 16 -10.7348 -21.5988 55.1778 -10.6812 -18.1513 55.1449 -12.2747 -20.8345 53.7638
3 16 -12.2747 -20.8345 53.7638 -10.6812 -18.1513 55.1449 -12.1906 -17.7068 53.7743
3 16 -12.1906 -17.7068 53.7743 -10.6812 -18.1513 55.1449 -12.2384 -11.4789 55.1475
3 16 -12.2384 -11.4789 55.1475 -10.6812 -18.1513 55.1449 -10.3432 -11.4607 56.7905
3 16 -10.4421 -7.801 58.0027 -12.4357 -8.3099 56.2247 -10.3432 -11.4607 56.7905
3 16 -10.3432 -11.4607 56.7905 -12.4357 -8.3099 56.2247 -12.2384 -11.4789 55.1475
3 16 -12.4357 -8.3099 56.2247 -10.4421 -7.801 58.0027 -12.4357 -4.6739 57.426
3 16 -12.4357 -4.6739 57.426 -10.4421 -7.801 58.0027 -10.6128 -4.1271 59.1948
3 16 -10.6128 -4.1271 59.1948 -10.595 -3.3186 59.5137 -12.4357 -4.6739 57.426
3 16 -12.4357 -4.6739 57.426 -10.595 -3.3186 59.5137 -13.6452 -3.1023 56.9202
3 16 -13.6452 -3.1023 56.9202 -10.595 -3.3186 59.5137 -13.7449 0 57.1937
3 16 -13.7449 0 57.1937 -10.595 -3.3186 59.5137 -10.509 0 59.5595
3 16 -13.5128 -4.4008 47.03 -13.6452 -3.1023 56.9202 -13.7702 0 47.1555
3 16 -13.7702 0 47.1555 -13.6452 -3.1023 56.9202 -13.7449 0 57.1937
3 16 -13.5128 -4.4008 47.03 -12.3056 -6.1221 47.2754 -13.6452 -3.1023 56.9202
3 16 -13.6452 -3.1023 56.9202 -12.3056 -6.1221 47.2754 -12.4357 -4.6739 57.426
3 16 -12.2323 -8.6295 48.6686 -12.4357 -8.3099 56.2247 -12.3056 -6.1221 47.2754
3 16 -12.3056 -6.1221 47.2754 -12.4357 -8.3099 56.2247 -12.4357 -4.6739 57.426
3 16 -12.2321 -10.9669 49.2127 -12.2384 -11.4789 55.1475 -12.2323 -8.6295 48.6686
3 16 -12.2323 -8.6295 48.6686 -12.2384 -11.4789 55.1475 -12.4357 -8.3099 56.2247
3 16 -12.2384 -11.4789 55.1475 -12.2321 -10.9669 49.2127 -12.1906 -17.7068 53.7743
3 16 -12.1906 -17.7068 53.7743 -12.2321 -10.9669 49.2127 -12.2162 -16.7231 48.1049
3 16 -11.1986 -6.9987 46.3175 -12.3056 -6.1221 47.2754 -11.0032 -4.9582 45.4802
3 16 -11.0032 -4.9582 45.4802 -12.3056 -6.1221 47.2754 -13.5128 -4.4008 47.03
3 16 -11.0032 -4.9582 45.4802 -13.5128 -4.4008 47.03 -11.0702 0 45.3983
3 16 -11.0702 0 45.3983 -13.5128 -4.4008 47.03 -13.7702 0 47.1555
3 16 -12.2323 -8.6295 48.6686 -12.3056 -6.1221 47.2754 -11.2992 -8.9439 47.3338
3 16 -11.2992 -8.9439 47.3338 -12.3056 -6.1221 47.2754 -11.1986 -6.9987 46.3175
3 16 -12.2321 -10.9669 49.2127 -12.2323 -8.6295 48.6686 -10.9887 -10.6805 47.4801
3 16 -10.9887 -10.6805 47.4801 -12.2323 -8.6295 48.6686 -11.2992 -8.9439 47.3338
3 16 -12.2321 -10.9669 49.2127 -10.9887 -10.6805 47.4801 -12.2162 -16.7231 48.1049
3 16 -12.2162 -16.7231 48.1049 -10.9887 -10.6805 47.4801 -10.6556 -16.4064 45.9754
3 16 -12.2421 -20.1074 47.1948 -12.2747 -20.8345 53.7638 -12.2162 -16.7231 48.1049
3 16 -12.2162 -16.7231 48.1049 -12.2747 -20.8345 53.7638 -12.1906 -17.7068 53.7743
3 16 -10.6556 -16.4064 45.9754 -10.6416 -19.1224 45.1268 -12.2162 -16.7231 48.1049
3 16 -12.2162 -16.7231 48.1049 -10.6416 -19.1224 45.1268 -12.2421 -20.1074 47.1948
3 16 -12.2747 -20.8345 53.7638 -12.2574 -22.8052 45.7807 -12.309 -23.5407 54.1493
3 16 -12.309 -23.5407 54.1493 -12.2574 -22.8052 45.7807 -12.2201 -25.3488 53.9026
3 16 -12.2574 -22.8052 45.7807 -12.4357 -26.5415 52.2572 -12.2201 -25.3488 53.9026
3 16 -12.2685 -26.9622 41.9947 -12.275 -29.9149 48.5806 -12.2574 -22.8052 45.7807
3 16 -12.2574 -22.8052 45.7807 -12.275 -29.9149 48.5806 -12.4357 -26.5415 52.2572
3 16 -10.4009 -27.8014 53.8167 -12.4357 -26.5415 52.2572 -10.0081 -31.0068 50.7224
3 16 -10.0081 -31.0068 50.7224 -12.4357 -26.5415 52.2572 -12.275 -29.9149 48.5806
3 16 -12.2199 -35.5991 45.5113 -9.9442 -35.8611 48.1116 -12.275 -29.9149 48.5806
3 16 -12.275 -29.9149 48.5806 -9.9442 -35.8611 48.1116 -10.0081 -31.0068 50.7224
3 16 -12.2612 -31.4538 37.4783 -12.2199 -35.5991 45.5113 -12.2685 -26.9622 41.9947
3 16 -12.2685 -26.9622 41.9947 -12.2199 -35.5991 45.5113 -12.275 -29.9149 48.5806
3 16 -10.5644 -21.9827 43.7882 -12.2574 -22.8052 45.7807 -10.6416 -19.1224 45.1268
3 16 -10.6416 -19.1224 45.1268 -12.2574 -22.8052 45.7807 -12.2421 -20.1074 47.1948
3 16 -12.2574 -22.8052 45.7807 -10.5644 -21.9827 43.7882 -12.2685 -26.9622 41.9947
3 16 -12.2685 -26.9622 41.9947 -10.5644 -21.9827 43.7882 -10.7033 -26.2078 40.4333
3 16 -12.2685 -26.9622 41.9947 -10.7033 -26.2078 40.4333 -12.2612 -31.4538 37.4783
3 16 -12.2612 -31.4538 37.4783 -10.7033 -26.2078 40.4333 -10.5458 -30.4066 36.6504
3 16 -10.6448 -33.1146 34.5383 -10.4041 -36.1095 31.9727 -12.3262 -34.4851 35.5077
3 16 -12.3262 -34.4851 35.5077 -10.4041 -36.1095 31.9727 -12.3528 -40.4144 31.8684
3 16 -10.7361 -35.237 28.0052 -10.4041 -36.1095 31.9727 -8.8984 -33.2929 28.2505
3 16 -8.8984 -33.2929 28.2505 -10.4041 -36.1095 31.9727 -8.0739 -33.983 33.4897
3 16 -12.3528 -40.4144 31.8684 -10.4041 -36.1095 31.9727 -12.3042 -37.732 27.5901
3 16 -12.3042 -37.732 27.5901 -10.4041 -36.1095 31.9727 -10.7361 -35.237 28.0052
3 16 -12.3042 -37.732 27.5901 -10.7361 -35.237 28.0052 -12.2026 -35.8438 19.9913
3 16 -12.2026 -35.8438 19.9913 -10.7361 -35.237 28.0052 -10.7832 -33.6276 20.2236
3 16 -10.7361 -35.237 28.0052 -8.8984 -33.2929 28.2505 -10.7832 -33.6276 20.2236
3 16 -10.7832 -33.6276 20.2236 -8.8984 -33.2929 28.2505 -8.4618 -31.6034 20.6562
3 16 -10.7832 -33.6276 20.2236 -10.4718 -33.2365 13.898 -12.2026 -35.8438 19.9913
3 16 -12.2026 -35.8438 19.9913 -10.4718 -33.2365 13.898 -11.9789 -35.7513 13.8072
3 16 -10.7832 -33.6276 20.2236 -8.4618 -31.6034 20.6562 -10.4718 -33.2365 13.898
3 16 -10.4718 -33.2365 13.898 -8.4618 -31.6034 20.6562 -8.2781 -31.0001 13.6278
3 16 -8.2781 -31.0001 13.6278 -8.6727 -30.7911 7.7689 -10.4718 -33.2365 13.898
3 16 -10.4718 -33.2365 13.898 -8.6727 -30.7911 7.7689 -11.0823 -33.9119 6.9767
3 16 -10.4718 -33.2365 13.898 -11.0823 -33.9119 6.9767 -11.9789 -35.7513 13.8072
3 16 -11.9789 -35.7513 13.8072 -11.0823 -33.9119 6.9767 -12.2661 -37.5215 6.6171
3 16 -12.3042 -37.732 27.5901 -12.3234 -52.5321 29.0731 -12.3528 -40.4144 31.8684
3 16 -12.3528 -40.4144 31.8684 -12.3234 -52.5321 29.0731 -12.2241 -52.7708 37.3612
3 16 -12.3234 -52.5321 29.0731 -12.3042 -37.732 27.5901 -12.1444 -52.8213 21.6502
3 16 -12.1444 -52.8213 21.6502 -12.3042 -37.732 27.5901 -12.2026 -35.8438 19.9913
3 16 -12.4357 -53.3732 12.5352 -12.1444 -52.8213 21.6502 -11.9789 -35.7513 13.8072
3 16 -11.9789 -35.7513 13.8072 -12.1444 -52.8213 21.6502 -12.2026 -35.8438 19.9913
3 16 -12.1998 -52.8838 1.7333 -12.261 -54.2743 5.6686 -12.2661 -37.5215 6.6171
3 16 -12.1772 -36.0006 -2.788 -12.1873 -41.0196 -3.5932 -12.2661 -37.5215 6.6171
3 16 -12.1822 -31.104 -1.1303 -12.1772 -36.0006 -2.788 -12.245 -30.9934 5.2482
3 16 -12.245 -30.9934 5.2482 -12.1772 -36.0006 -2.788 -12.2661 -37.5215 6.6171
3 16 -12.261 -54.2743 5.6686 -12.4357 -53.3732 12.5352 -12.2661 -37.5215 6.6171
3 16 -12.2661 -37.5215 6.6171 -12.4357 -53.3732 12.5352 -11.9789 -35.7513 13.8072
3 16 5.4873 -77.5521 -17.4681 5.3102 -80.3865 -18.129 2.4941 -78.6524 -18.229
3 16 2.4941 -78.6524 -18.229 5.3102 -80.3865 -18.129 2.5625 -80.8895 -18.6408
3 16 4.517 -73.1935 -21.2046 5.193 -75.7966 -18.8448 1.7859 -74.8438 -21.2736
3 16 1.7859 -74.8438 -21.2736 5.193 -75.7966 -18.8448 2.3947 -76.7188 -19.467
3 16 -12.261 -54.2743 5.6686 -8.7696 -56.3572 8.1334 -12.4357 -53.3732 12.5352
3 16 -12.4357 -53.3732 12.5352 -8.7696 -56.3572 8.1334 -8.6736 -55.7873 12.6168
3 16 -8.7696 -56.3572 8.1334 -12.261 -54.2743 5.6686 -9.8403 -55.1779 1.0085
3 16 -9.8403 -55.1779 1.0085 -12.261 -54.2743 5.6686 -12.1998 -52.8838 1.7333
3 16 -12.1925 -49.209 -2.0126 -12.1998 -52.8838 1.7333 -12.2661 -37.5215 6.6171
3 16 -9.8403 -55.1779 1.0085 -12.1998 -52.8838 1.7333 -9.515 -51.7323 -3.9366
3 16 -9.515 -51.7323 -3.9366 -12.1998 -52.8838 1.7333 -12.1925 -49.209 -2.0126
3 16 -9.9843 -25.4444 6.7926 -2.2362 -23.1776 7.0753 -9.945 -20.0165 6.3516
3 16 -9.945 -20.0165 6.3516 -2.2362 -23.1776 7.0753 -2.2362 -18.5346 6.5613
3 16 -9.945 -20.0165 6.3516 -2.2362 -18.5346 6.5613 -10.2496 -14.8803 5.8454
3 16 -10.2496 -14.8803 5.8454 -2.2362 -18.5346 6.5613 -2.2362 -13.7603 6.21
3 16 -13.6171 0 2.5587 -12.274 -4.5337 3.4573 -11.3013 0 4.8383
3 16 -11.3013 0 4.8383 -12.274 -4.5337 3.4573 -11.0374 -4.3411 4.7331
3 16 -12.274 -4.5337 3.4573 -13.6171 0 2.5587 -12.5464 -6.5572 -5.8189
3 16 -12.5464 -6.5572 -5.8189 -13.6171 0 2.5587 -13.7013 0 -7.3591
3 16 -11.0374 -4.3411 4.7331 -12.274 -4.5337 3.4573 -10.5602 -9.697 5.3652
3 16 -10.5602 -9.697 5.3652 -12.274 -4.5337 3.4573 -12.2995 -10.329 3.4433
3 16 -10.2496 -14.8803 5.8454 -12.4357 -15.7119 3.9163 -9.945 -20.0165 6.3516
3 16 -9.945 -20.0165 6.3516 -12.4357 -15.7119 3.9163 -12.4357 -20.9902 4.5471
3 16 -12.4357 -25.6599 4.8014 -9.9843 -25.4444 6.7926 -12.4357 -20.9902 4.5471
3 16 -12.4357 -20.9902 4.5471 -9.9843 -25.4444 6.7926 -9.945 -20.0165 6.3516
3 16 -12.245 -30.9934 5.2482 -9.1184 -28.9496 7.1867 -12.4357 -25.6599 4.8014
3 16 -12.4357 -25.6599 4.8014 -9.1184 -28.9496 7.1867 -9.9843 -25.4444 6.7926
3 16 -10.2496 -14.8803 5.8454 -2.2362 -13.7603 6.21 -10.5602 -9.697 5.3652
3 16 -10.5602 -9.697 5.3652 -2.2362 -13.7603 6.21 -2.2362 -9.0435 5.863
3 16 -12.4357 -15.7119 3.9163 -10.2496 -14.8803 5.8454 -12.2995 -10.329 3.4433
3 16 -12.2995 -10.329 3.4433 -10.2496 -14.8803 5.8454 -10.5602 -9.697 5.3652
3 16 -12.2995 -10.329 3.4433 -12.274 -4.5337 3.4573 -12.2097 -10.8991 -3.0003
3 16 -12.2097 -10.8991 -3.0003 -12.274 -4.5337 3.4573 -12.5464 -6.5572 -5.8189
3 16 -12.4357 -15.7119 3.9163 -12.2995 -10.329 3.4433 -12.1507 -16.421 -1.5554
3 16 -12.1507 -16.421 -1.5554 -12.2995 -10.329 3.4433 -12.2097 -10.8991 -3.0003
3 16 -12.1225 -21.2183 -1.6842 -12.4357 -20.9902 4.5471 -12.1507 -16.421 -1.5554
3 16 -12.1507 -16.421 -1.5554 -12.4357 -20.9902 4.5471 -12.4357 -15.7119 3.9163
3 16 -12.0956 -25.6293 -1.861 -12.4357 -25.6599 4.8014 -12.1225 -21.2183 -1.6842
3 16 -12.1225 -21.2183 -1.6842 -12.4357 -25.6599 4.8014 -12.4357 -20.9902 4.5471
3 16 -12.245 -30.9934 5.2482 -12.4357 -25.6599 4.8014 -12.1822 -31.104 -1.1303
3 16 -12.1822 -31.104 -1.1303 -12.4357 -25.6599 4.8014 -12.0956 -25.6293 -1.861
3 16 -10.439 -25.3216 -4.0087 -9.9232 -30.5865 -3.4098 -12.0956 -25.6293 -1.861
3 16 -12.0956 -25.6293 -1.861 -9.9232 -30.5865 -3.4098 -12.1822 -31.104 -1.1303
3 16 -12.0956 -25.6293 -1.861 -12.1225 -21.2183 -1.6842 -10.439 -25.3216 -4.0087
3 16 -10.439 -25.3216 -4.0087 -12.1225 -21.2183 -1.6842 -10.1627 -20.5654 -3.362
3 16 -10.2541 -16.2794 -3.3627 -10.1627 -20.5654 -3.362 -12.1507 -16.421 -1.5554
3 16 -12.1507 -16.421 -1.5554 -10.1627 -20.5654 -3.362 -12.1225 -21.2183 -1.6842
3 16 -10.2397 -11.1067 -4.965 -10.2541 -16.2794 -3.3627 -12.2097 -10.8991 -3.0003
3 16 -12.2097 -10.8991 -3.0003 -10.2541 -16.2794 -3.3627 -12.1507 -16.421 -1.5554
3 16 -10.7045 -7.9491 -7.1865 -10.2397 -11.1067 -4.965 -12.5464 -6.5572 -5.8189
3 16 -12.5464 -6.5572 -5.8189 -10.2397 -11.1067 -4.965 -12.2097 -10.8991 -3.0003
3 16 -10.7045 -7.9491 -7.1865 -12.5464 -6.5572 -5.8189 -10.8589 0 -9.3199
3 16 -10.8589 0 -9.3199 -12.5464 -6.5572 -5.8189 -13.7013 0 -7.3591
3 16 -2.2362 0 -9.9114 -2.2362 -7.8968 -7.8303 -10.8589 0 -9.3199
3 16 -10.8589 0 -9.3199 -2.2362 -7.8968 -7.8303 -10.7045 -7.9491 -7.1865
3 16 -2.2362 -7.8968 -7.8303 -2.3125 -10.1062 -5.8294 -10.7045 -7.9491 -7.1865
3 16 -10.7045 -7.9491 -7.1865 -2.3125 -10.1062 -5.8294 -10.2397 -11.1067 -4.965
3 16 -2.3125 -10.1062 -5.8294 -2.2865 -15.083 -3.9616 -10.2397 -11.1067 -4.965
3 16 -10.2397 -11.1067 -4.965 -2.2865 -15.083 -3.9616 -10.2541 -16.2794 -3.3627
3 16 -2.2865 -15.083 -3.9616 -2.2362 -20.0404 -3.4462 -10.2541 -16.2794 -3.3627
3 16 -10.2541 -16.2794 -3.3627 -2.2362 -20.0404 -3.4462 -10.1627 -20.5654 -3.362
3 16 -2.2362 -20.0404 -3.4462 -2.2362 -25.1201 -4.3411 -10.1627 -20.5654 -3.362
3 16 -10.1627 -20.5654 -3.362 -2.2362 -25.1201 -4.3411 -10.439 -25.3216 -4.0087
3 16 -10.439 -25.3216 -4.0087 -2.2362 -25.1201 -4.3411 -9.9232 -30.5865 -3.4098
3 16 -9.9232 -30.5865 -3.4098 -2.2362 -25.1201 -4.3411 -2.2362 -30.2187 -3.7927
3 16 -12.1822 -31.104 -1.1303 -9.9232 -30.5865 -3.4098 -12.1772 -36.0006 -2.788
3 16 -12.1772 -36.0006 -2.788 -9.9232 -30.5865 -3.4098 -9.5742 -36.0621 -5.2336
3 16 -12.1772 -36.0006 -2.788 -9.5742 -36.0621 -5.2336 -12.1873 -41.0196 -3.5932
3 16 -12.1873 -41.0196 -3.5932 -9.5742 -36.0621 -5.2336 -8.2967 -39.9135 -6.3058
3 16 -2.2362 -9.0435 5.863 -2.3125 -10.1062 -5.8294 -2.2362 -5.1858 5.5822
3 16 -2.2362 -7.8968 -7.8303 -2.2362 -5.1858 -5.6079 -2.3125 -10.1062 -5.8294
3 16 -2.2362 -5.1858 5.5822 -2.3125 -10.1062 -5.8294 -2.2362 -5.1858 -5.6079
3 16 -12.3122 -49.1183 42.6071 -12.3528 -40.4144 31.8684 -11.8884 -51.363 40.6336
3 16 -12.2241 -52.7708 37.3612 -11.8884 -51.363 40.6336 -12.3528 -40.4144 31.8684
3 16 12.1789 -36.354 7.659 12.1789 -30.4245 7.4492 11.1416 -33.175 8.9179
3 16 11.1416 -33.175 8.9179 12.1789 -30.4245 7.4492 10.1005 -30.5937 8.9343
3 16 10.2431 -25.1279 8.9145 10.1005 -30.5937 8.9343 12.1789 -26.2293 7.4279
3 16 12.1789 -30.4245 7.4492 12.1789 -26.2293 7.4279 10.1005 -30.5937 8.9343
3 16 -10.8964 -26.0218 55.2076 -10.4009 -27.8014 53.8167 -2.2362 -26.6073 55.2664
3 16 -10.4009 -27.8014 53.8167 -6.3095 -27.8545 53.9765 -2.2362 -26.6073 55.2664
3 16 -6.3095 -27.8545 53.9765 -2.2362 -27.9159 54.1176 -2.2362 -26.6073 55.2664
3 16 -2.2362 -26.6073 55.2664 -2.2362 -24.463 55.8333 -10.8964 -26.0218 55.2076
3 16 -10.8964 -26.0218 55.2076 -2.2362 -24.463 55.8333 -10.9029 -24.3022 55.5183
3 16 -2.2362 -24.463 55.8333 -2.2362 -22.3666 55.6509 -10.9029 -24.3022 55.5183
3 16 -10.9029 -24.3022 55.5183 -2.2362 -22.3666 55.6509 -10.7348 -21.5988 55.1778
3 16 -2.2362 -22.3666 55.6509 -2.2362 -18.6793 55.3588 -10.7348 -21.5988 55.1778
3 16 -10.7348 -21.5988 55.1778 -2.2362 -18.6793 55.3588 -10.6812 -18.1513 55.1449
3 16 -2.2362 -18.6793 55.3588 -2.2362 -11.9006 57.0355 -10.6812 -18.1513 55.1449
3 16 -10.6812 -18.1513 55.1449 -2.2362 -11.9006 57.0355 -10.3432 -11.4607 56.7905
3 16 -2.2362 -11.9006 57.0355 -2.2362 -8.7021 58.1205 -10.3432 -11.4607 56.7905
3 16 -10.3432 -11.4607 56.7905 -2.2362 -8.7021 58.1205 -10.4421 -7.801 58.0027
3 16 -6.1433 -3.7564 59.6859 -6.1425 0 59.7674 -10.595 -3.3186 59.5137
3 16 -10.595 -3.3186 59.5137 -6.1425 0 59.7674 -10.509 0 59.5595
3 16 -6.1433 -4.5521 59.5725 -10.6128 -4.1271 59.1948 -6.1532 -5.1789 59.3271
3 16 -6.1532 -5.1789 59.3271 -10.6128 -4.1271 59.1948 -10.4421 -7.801 58.0027
3 16 -8.1544 -10.5978 47.166 -8.1931 -8.9048 47.0068 -2.2362 -10.5788 46.9279
3 16 -2.2362 -10.5788 46.9279 -8.1931 -8.9048 47.0068 -2.2362 -8.8354 46.6431
3 16 -8.1544 -10.5978 47.166 -2.2362 -10.5788 46.9279 -7.8641 -16.389 45.8429
3 16 -7.8641 -16.389 45.8429 -2.2362 -10.5788 46.9279 -2.2362 -16.4948 45.9767
3 16 -2.2362 -20.0577 44.34 -7.8165 -19.5312 44.7718 -2.2362 -16.4948 45.9767
3 16 -2.2362 -16.4948 45.9767 -7.8165 -19.5312 44.7718 -7.8641 -16.389 45.8429
3 16 -2.2362 -22.5348 42.749 -7.8883 -22.0808 43.501 -2.2362 -20.0577 44.34
3 16 -2.2362 -20.0577 44.34 -7.8883 -22.0808 43.501 -7.8165 -19.5312 44.7718
3 16 -2.2362 -26.1086 39.9389 -7.8028 -26.2193 40.1713 -2.2362 -22.5348 42.749
3 16 -2.2362 -22.5348 42.749 -7.8028 -26.2193 40.1713 -7.8883 -22.0808 43.501
3 16 -4.6371 -35.9997 48.2851 -4.2174 -32.8482 49.6302 -9.9442 -35.8611 48.1116
3 16 -9.9442 -35.8611 48.1116 -4.2174 -32.8482 49.6302 -10.0081 -31.0068 50.7224
3 16 8.3799 -55.5337 -1.3448 10.1989 -53.8389 -0.1684 6.4605 -57.6079 6.8825
3 16 6.4605 -57.6079 6.8825 10.1989 -53.8389 -0.1684 8.6414 -56.3558 7.9309
3 16 6.8252 -59.0758 -3.0816 8.3799 -55.5337 -1.3448 5.3872 -62.5247 5.1642
3 16 5.3872 -62.5247 5.1642 8.3799 -55.5337 -1.3448 6.4605 -57.6079 6.8825
3 16 8.19 -55.9191 11.1303 4.3789 -56.5244 8.3219 8.6414 -56.3558 7.9309
3 16 8.6414 -56.3558 7.9309 4.3789 -56.5244 8.3219 6.4605 -57.6079 6.8825
3 16 8.19 -55.9191 11.1303 12.1789 -53.7253 11.5258 8.5994 -55.7873 20.2922
3 16 8.5994 -55.7873 20.2922 12.1789 -53.7253 11.5258 12.1789 -52.6726 20.6059
3 16 8.19 -55.9191 11.1303 0 -55.7873 12.6132 4.3789 -56.5244 8.3219
3 16 4.3789 -56.5244 8.3219 0 -55.7873 12.6132 0 -56.4215 9.007
3 16 5.7111 -55.7873 22.3656 8.7223 -55.7873 30.9757 4.3711 -55.7873 24.3711
3 16 2.3656 -55.7873 25.7111 8.7223 -55.7873 30.9757 0 -55.7873 26.1816
3 16 8.19 -55.9191 11.1303 8.5994 -55.7873 20.2922 5.7111 -55.7873 17.6344
3 16 5.7111 -55.7873 17.6344 8.5994 -55.7873 20.2922 6.1816 -55.7873 20
3 16 0 -55.7873 12.6132 8.19 -55.9191 11.1303 2.3656 -55.7873 14.2889
3 16 8.19 -55.9191 11.1303 4.3711 -55.7873 15.6289 2.3656 -55.7873 14.2889
3 16 10.1989 -53.8389 -0.1684 12.1789 -51.4696 0.2024 12.1789 -53.9826 4.462
3 16 8.6414 -56.3558 7.9309 12.1789 -54.0195 7.7482 8.19 -55.9191 11.1303
3 16 8.19 -55.9191 11.1303 12.1789 -54.0195 7.7482 12.1789 -53.7253 11.5258
3 16 -2.2362 -30.2187 -3.7927 -2.2362 -33.1334 -4.5738 -9.9232 -30.5865 -3.4098
3 16 -9.9232 -30.5865 -3.4098 -2.2362 -33.1334 -4.5738 -9.5742 -36.0621 -5.2336
3 16 -8.2967 -39.9135 -6.3058 -9.5742 -36.0621 -5.2336 -1.6915 -33.9776 -5.1033
3 16 -1.6915 -33.9776 -5.1033 -9.5742 -36.0621 -5.2336 -2.2362 -33.1334 -4.5738
3 16 -10.5602 -9.697 5.3652 -6.546 -5.1858 5.5717 -11.0374 -4.3411 4.7331
3 16 -6.546 -5.1858 5.5717 -6.5844 0 5.1627 -11.0374 -4.3411 4.7331
3 16 -6.5844 0 5.1627 -11.3013 0 4.8383 -11.0374 -4.3411 4.7331
3 16 4.2684 -76.6296 -4.9077 3.5715 -78.215 -6.2044 5.9985 -74.7612 -6.4163
3 16 5.9985 -74.7612 -6.4163 3.5715 -78.215 -6.2044 4.9223 -78.4772 -9.0253
3 16 3.3443 -57.5225 -27.1309 3.7281 -57.3155 -26.2579 3.4278 -58.0897 -26.8808
3 16 3.4278 -58.0897 -26.8808 3.7281 -57.3155 -26.2579 3.6677 -58.4291 -26.0954
3 16 -6.109 0 -1.8324 -6.3154 0 2.5137 -5.8204 -5.1858 -1.8912
3 16 -5.8204 -5.1858 -1.8912 -6.3154 0 2.5137 -6.2297 -5.1858 2.6134
3 16 -6.109 0 -1.8324 -5.8204 -5.1858 -1.8912 -5.0593 0 -3.798
3 16 -5.0593 0 -3.798 -5.8204 -5.1858 -1.8912 -4.9512 -5.1858 -3.5972
3 16 -4.9512 -5.1858 -3.5972 -2.2362 -5.1858 -5.6079 -5.0593 0 -3.798
3 16 -5.0593 0 -3.798 -2.2362 -5.1858 -5.6079 -2.2362 0 -5.7753
3 16 6.2468 0 -3.8531 5.9598 0 -1.7467 10.7943 0 -3.6802
3 16 10.7943 0 -3.6802 5.9598 0 -1.7467 13.2874 0 -1.9948
3 16 12.1789 -11.5063 2.0582 12.3093 -6.8505 -0.0553 12.0485 -9.396 8.005
3 16 12.0485 -9.396 8.005 12.3093 -6.8505 -0.0553 12.1789 -4.5286 8.4898
3 16 -2.2362 -30.2187 -3.7927 -2.2362 -25.1201 -4.3411 -2.2362 -27.0029 6.9325
3 16 -2.2362 -23.1776 7.0753 -2.2362 -26.8135 7.3914 -2.2362 -25.1201 -4.3411
3 16 -2.2362 -25.1201 -4.3411 -2.2362 -26.8135 7.3914 -2.2362 -27.0029 6.9325
3 16 -3.5972 0 54.5616 -3.5972 -5.2057 54.5616 -2.2362 0 53.9469
3 16 -2.2362 0 53.9469 -3.5972 -5.2057 54.5616 -2.2362 -5.2057 53.9178
3 16 -5.2819 0 56.175 -5.2819 -5.2057 56.175 -3.5972 0 54.5616
3 16 -3.5972 0 54.5616 -5.2819 -5.2057 56.175 -3.5972 -5.2057 54.5616
3 16 -6.1169 0 57.881 -6.1233 -5.1983 57.6984 -5.2819 0 56.175
3 16 -5.2819 0 56.175 -6.1233 -5.1983 57.6984 -5.2819 -5.2057 56.175
3 16 -6.1433 -3.7564 59.6859 -6.1433 -4.5521 59.5725 -6.1233 -5.1983 57.6984
3 16 -6.1433 -4.5521 59.5725 -6.1532 -5.1789 59.3271 -6.1233 -5.1983 57.6984
3 16 -5.2819 -5.2057 56.175 -6.1233 -5.1983 57.6984 -2.2362 -5.2057 59.3854
3 16 -2.2362 -5.2057 59.3854 -6.1233 -5.1983 57.6984 -6.1532 -5.1789 59.3271
3 16 -2.2362 -5.2057 53.9178 -3.5972 -5.2057 54.5616 -2.2362 -5.2057 59.3854
3 16 -2.2362 -5.2057 59.3854 -3.5972 -5.2057 54.5616 -5.2819 -5.2057 56.175
3 16 -2.2362 -10.5788 46.9279 -2.2362 -8.8354 46.6431 -2.2362 -11.9006 57.0355
3 16 -2.2362 -11.9006 57.0355 -2.2362 -8.8354 46.6431 -2.2362 -8.7021 58.1205
3 16 5.034 0 36.222 5.9284 0 37.9322 10.2786 0 29.9954
3 16 10.2786 0 29.9954 5.9284 0 37.9322 13.7914 0 32.4544
3 16 6.0759 0 41.9679 10.2658 0 44.3165 6.12 0 40
3 16 6.12 0 40 10.2658 0 44.3165 13.1819 0 42.2986
3 16 6.12 0 40 13.1819 0 42.2986 5.9284 0 37.9322
3 16 5.9284 0 37.9322 13.1819 0 42.2986 13.7914 0 32.4544
3 16 5.9598 0 -1.7467 5.9598 0 1.8912 13.2874 0 -1.9948
3 16 13.2874 0 -1.9948 5.9598 0 1.8912 13.7604 0 7.9779
3 16 4.9512 0 3.5972 12.2782 0 9.0244 5.9598 0 1.8912
3 16 5.9598 0 1.8912 12.2782 0 9.0244 13.7604 0 7.9779
3 16 2.5743 0 5.4111 2.5743 0 9.9943 3.5972 0 4.9512
3 16 2.5743 0 9.9943 10.3968 0 9.6434 3.5972 0 4.9512
3 16 3.5972 0 4.9512 10.3968 0 9.6434 4.9512 0 3.5972
3 16 4.9512 0 3.5972 10.3968 0 9.6434 12.2782 0 9.0244
3 16 -10.8589 0 -9.3199 -5.0593 0 -3.798 -2.2362 0 -9.9114
3 16 -2.2362 0 -9.9114 -5.0593 0 -3.798 -2.2362 0 -5.7753
3 16 -13.7013 0 -7.3591 -6.109 0 -1.8324 -10.8589 0 -9.3199
3 16 -10.8589 0 -9.3199 -6.109 0 -1.8324 -5.0593 0 -3.798
3 16 -13.7702 0 47.1555 -13.7449 0 57.1937 -5.2819 0 56.175
3 16 -5.2819 0 56.175 -13.7449 0 57.1937 -6.1169 0 57.881
3 16 -3.5972 0 54.5616 -11.0702 0 45.3983 -5.2819 0 56.175
3 16 -5.2819 0 56.175 -11.0702 0 45.3983 -13.7702 0 47.1555
3 16 -2.2362 -16.4948 45.9767 -2.2362 -10.5788 46.9279 -2.2362 -18.6793 55.3588
3 16 -2.2362 -18.6793 55.3588 -2.2362 -10.5788 46.9279 -2.2362 -11.9006 57.0355
3 16 -2.2362 -16.4948 45.9767 -2.2362 -18.6793 55.3588 -2.2362 -20.0577 44.34
3 16 -2.2362 -20.0577 44.34 -2.2362 -18.6793 55.3588 -2.2362 -22.3666 55.6509
3 16 -2.2362 -22.5348 42.749 -2.2362 -20.0577 44.34 -2.2362 -24.463 55.8333
3 16 -2.2362 -24.463 55.8333 -2.2362 -20.0577 44.34 -2.2362 -22.3666 55.6509
3 16 2.5743 -10.6606 34.4076 2.5743 -15.2425 36.0373 2.5743 -9.2977 44.5815
3 16 2.5743 -9.2977 44.5815 2.5743 -15.2425 36.0373 2.5743 -13.6597 45.2041
3 16 2.5743 -26.675 49.2608 2.5743 -24.5091 49.9456 2.5743 -23.4685 36.8766
3 16 2.5743 -23.4685 36.8766 2.5743 -24.5091 49.9456 2.5743 -21.175 48.3833
3 16 2.5743 -26.8326 35.8899 2.657 -29.9658 47.8475 2.5743 -23.4685 36.8766
3 16 2.5743 -23.4685 36.8766 2.657 -29.9658 47.8475 2.5743 -26.675 49.2608
3 16 -2.3125 -10.1062 -5.8294 -2.2362 -9.0435 5.863 -2.2865 -15.083 -3.9616
3 16 -2.2865 -15.083 -3.9616 -2.2362 -9.0435 5.863 -2.2362 -13.7603 6.21
3 16 -2.2362 -13.7603 6.21 -2.2362 -18.5346 6.5613 -2.2865 -15.083 -3.9616
3 16 -2.2865 -15.083 -3.9616 -2.2362 -18.5346 6.5613 -2.2362 -20.0404 -3.4462
3 16 -2.2362 -18.5346 6.5613 -2.2362 -23.1776 7.0753 -2.2362 -20.0404 -3.4462
3 16 -2.2362 -20.0404 -3.4462 -2.2362 -23.1776 7.0753 -2.2362 -25.1201 -4.3411
3 16 2.5743 -26.6006 -1.8541 2.5743 -23.6603 9.2504 2.5743 -23.6346 -1.7994
3 16 2.5743 -23.6603 9.2504 2.5743 -20.0388 -0.5618 2.5743 -23.6346 -1.7994
3 16 2.5743 -23.6603 9.2504 2.5743 -15.5205 9.5064 2.5743 -20.0388 -0.5618
3 16 2.5743 -20.0388 -0.5618 2.5743 -15.5205 9.5064 2.5743 -15.7963 0.1376
3 16 -9.2121 -55.7873 30.148 -8.6892 -55.6873 19.3623 -5.7111 -55.7873 22.3656
3 16 -5.7111 -55.7873 22.3656 -8.6892 -55.6873 19.3623 -6.1816 -55.7873 20
3 16 -5.7111 -55.7873 22.3656 -4.3711 -55.7873 24.3711 -9.2121 -55.7873 30.148
3 16 8.7223 -55.7873 30.9757 -9.2121 -55.7873 30.148 -2.3656 -55.7873 25.7111
3 16 -2.3656 -55.7873 25.7111 -9.2121 -55.7873 30.148 -4.3711 -55.7873 24.3711
3 16 -2.3656 -55.7873 25.7111 0 -55.7873 26.1816 8.7223 -55.7873 30.9757
3 16 -8.6892 -55.6873 19.3623 -8.6736 -55.7873 12.6168 -5.7111 -55.7873 17.6344
3 16 -4.3711 -55.7873 15.6289 -5.7111 -55.7873 17.6344 -8.6736 -55.7873 12.6168
3 16 0 -55.7873 12.6132 -2.3656 -55.7873 14.2889 -8.6736 -55.7873 12.6168
3 16 -2.3656 -55.7873 14.2889 -4.3711 -55.7873 15.6289 -8.6736 -55.7873 12.6168
3 16 -8.2967 -39.9135 -6.3058 -0.0145 -40.8046 -7.867 -4.9454 -44.5517 -7.7294
3 16 -4.9454 -44.5517 -7.7294 -0.0145 -40.8046 -7.867 0 -43.1042 -8.6118
3 16 -4.2186 -49.1578 -9.6121 -4.9454 -44.5517 -7.7294 0 -47.5942 -9.6635
3 16 0 -47.5942 -9.6635 -4.9454 -44.5517 -7.7294 0 -43.1042 -8.6118
3 16 2.5743 -5.1946 44.7163 3.8912 -5.1946 34.9632 2.5743 -5.1946 34.211
3 16 -2.2362 0 53.9469 -2.2362 0 45.8409 -3.5972 0 54.5616
3 16 -3.5972 0 54.5616 -2.2362 0 45.8409 -4.1299 0 44.7952
3 16 -6.1425 0 59.7674 -6.1169 0 57.881 -10.509 0 59.5595
3 16 -10.509 0 59.5595 -6.1169 0 57.881 -13.7449 0 57.1937
3 16 10.2786 0 29.9954 3.8912 0 34.9632 5.034 0 36.222
3 16 2.5743 -7.9811 32.3542 2.5743 -5.1946 34.211 2.5743 -6.2344 30.2968
3 16 3.5972 -5.1466 4.9512 2.5816 -5.1466 -3.9925 2.5743 -5.1466 5.4789
3 16 2.5816 -5.1466 -3.9925 3.5972 -5.1466 4.9512 4.9512 -5.1466 3.5972
3 16 2.5816 -5.1466 -3.9925 4.9512 -5.1466 3.5972 5.9598 -5.1466 1.8912
3 16 2.5816 -5.1466 -3.9925 5.9598 -5.1466 1.8912 5.9598 -5.1466 -1.7293
3 16 10.6782 -5.5868 -3.6846 6.2468 -5.1466 -3.8531 10.7943 0 -3.6802
3 16 10.7943 0 -3.6802 6.2468 -5.1466 -3.8531 6.2468 0 -3.8531
3 16 -2.2362 -30.878 35.7828 -6.7359 -30.7381 36.0613 -2.2362 -26.1086 39.9389
3 16 -2.2362 -26.1086 39.9389 -6.7359 -30.7381 36.0613 -7.8028 -26.2193 40.1713
3 16 -3.7172 -55.9053 21.5397 -4.0234 -55.9053 20 0.0001 -55.9054 20.0001
3 16 0.0001 -55.9054 24.0235 0.0001 -55.9054 20.0001 1.5397 -55.9054 23.7172
3 16 -2.845 -55.9053 17.155 0.0001 -55.9054 20.0001 -3.7172 -55.9053 18.4603
3 16 2.845 -55.9053 17.155 0.0001 -55.9054 20.0001 1.5397 -55.9053 16.2829
3 16 0 -55.9053 15.9766 0.0001 -55.9054 20.0001 -1.5397 -55.9053 16.2828
3 16 -3.7172 -55.9053 18.4603 0.0001 -55.9054 20.0001 -4.0234 -55.9053 20
3 16 -1.5397 -55.9053 16.2828 0.0001 -55.9054 20.0001 -2.845 -55.9053 17.155
3 16 -2.845 -55.9053 22.845 0.0001 -55.9054 20.0001 -1.5396 -55.9053 23.7172
3 16 -3.7172 -55.9053 21.5397 0.0001 -55.9054 20.0001 -2.845 -55.9053 22.845
3 16 -1.5396 -55.9053 23.7172 0.0001 -55.9054 20.0001 0.0001 -55.9054 24.0235
3 16 2.845 -55.9054 22.845 0.0001 -55.9054 20.0001 3.7171 -55.9054 21.5398
3 16 1.5397 -55.9054 23.7172 0.0001 -55.9054 20.0001 2.845 -55.9054 22.845
3 16 3.7171 -55.9054 21.5398 0.0001 -55.9054 20.0001 4.0234 -55.9053 20.0001
3 16 3.7172 -55.9053 18.4603 4.0234 -55.9053 20.0001 0.0001 -55.9054 20.0001
3 16 1.5397 -55.9053 16.2829 0.0001 -55.9054 20.0001 0 -55.9053 15.9766
3 16 3.7172 -55.9053 18.4603 0.0001 -55.9054 20.0001 2.845 -55.9053 17.155
3 16 4.0525 -60.2956 20 3.744 -60.2956 21.5508 4.0234 -55.9053 20.0001
3 16 4.0234 -55.9053 20.0001 3.744 -60.2956 21.5508 3.7171 -55.9054 21.5398
3 16 3.744 -60.2956 21.5508 2.8656 -60.2956 22.8656 3.7171 -55.9054 21.5398
3 16 3.7171 -55.9054 21.5398 2.8656 -60.2956 22.8656 2.845 -55.9054 22.845
3 16 2.8656 -60.2956 22.8656 1.5508 -60.2956 23.744 2.845 -55.9054 22.845
3 16 2.845 -55.9054 22.845 1.5508 -60.2956 23.744 1.5397 -55.9054 23.7172
3 16 1.5508 -60.2956 23.744 0 -60.2956 24.0525 1.5397 -55.9054 23.7172
3 16 1.5397 -55.9054 23.7172 0 -60.2956 24.0525 0.0001 -55.9054 24.0235
3 16 0 -60.2956 24.0525 -1.5508 -60.2956 23.744 0.0001 -55.9054 24.0235
3 16 0.0001 -55.9054 24.0235 -1.5508 -60.2956 23.744 -1.5396 -55.9053 23.7172
3 16 -1.5508 -60.2956 23.744 -2.8656 -60.2956 22.8656 -1.5396 -55.9053 23.7172
3 16 -1.5396 -55.9053 23.7172 -2.8656 -60.2956 22.8656 -2.845 -55.9053 22.845
3 16 -2.8656 -60.2956 22.8656 -3.744 -60.2956 21.5508 -2.845 -55.9053 22.845
3 16 -2.845 -55.9053 22.845 -3.744 -60.2956 21.5508 -3.7172 -55.9053 21.5397
3 16 -3.744 -60.2956 21.5508 -4.0525 -60.2956 20 -3.7172 -55.9053 21.5397
3 16 -3.7172 -55.9053 21.5397 -4.0525 -60.2956 20 -4.0234 -55.9053 20
3 16 -4.0525 -60.2956 20 -3.744 -60.2956 18.4492 -4.0234 -55.9053 20
3 16 -4.0234 -55.9053 20 -3.744 -60.2956 18.4492 -3.7172 -55.9053 18.4603
3 16 -3.744 -60.2956 18.4492 -2.8656 -60.2956 17.1344 -3.7172 -55.9053 18.4603
3 16 -3.7172 -55.9053 18.4603 -2.8656 -60.2956 17.1344 -2.845 -55.9053 17.155
3 16 -2.8656 -60.2956 17.1344 -1.5508 -60.2956 16.256 -2.845 -55.9053 17.155
3 16 -2.845 -55.9053 17.155 -1.5508 -60.2956 16.256 -1.5397 -55.9053 16.2828
3 16 -1.5508 -60.2956 16.256 0 -60.2956 15.9475 -1.5397 -55.9053 16.2828
3 16 -1.5397 -55.9053 16.2828 0 -60.2956 15.9475 0 -55.9053 15.9766
3 16 0 -60.2956 15.9475 1.5508 -60.2956 16.256 0 -55.9053 15.9766
3 16 0 -55.9053 15.9766 1.5508 -60.2956 16.256 1.5397 -55.9053 16.2829
3 16 1.5508 -60.2956 16.256 2.8656 -60.2956 17.1344 1.5397 -55.9053 16.2829
3 16 1.5397 -55.9053 16.2829 2.8656 -60.2956 17.1344 2.845 -55.9053 17.155
3 16 2.8656 -60.2956 17.1344 3.744 -60.2956 18.4492 2.845 -55.9053 17.155
3 16 2.845 -55.9053 17.155 3.744 -60.2956 18.4492 3.7172 -55.9053 18.4603
3 16 3.744 -60.2956 18.4492 4.0525 -60.2956 20 3.7172 -55.9053 18.4603
3 16 3.7172 -55.9053 18.4603 4.0525 -60.2956 20 4.0234 -55.9053 20.0001
3 16 5.7075 -60.2956 22.3641 6.1777 -60.2956 20 5.7111 -55.7873 22.3656
3 16 5.7111 -55.7873 22.3656 6.1777 -60.2956 20 6.1816 -55.7873 20
3 16 6.1777 -60.2956 20 5.7075 -60.2956 22.3641 4.0525 -60.2956 20
3 16 4.0525 -60.2956 20 5.7075 -60.2956 22.3641 3.744 -60.2956 21.5508
3 16 5.7075 -60.2956 22.3641 4.3683 -60.2956 24.3683 3.744 -60.2956 21.5508
3 16 3.744 -60.2956 21.5508 4.3683 -60.2956 24.3683 2.8656 -60.2956 22.8656
3 16 4.3683 -60.2956 24.3683 5.7075 -60.2956 22.3641 4.3711 -55.7873 24.3711
3 16 4.3711 -55.7873 24.3711 5.7075 -60.2956 22.3641 5.7111 -55.7873 22.3656
3 16 4.3683 -60.2956 24.3683 2.3641 -60.2956 25.7075 2.8656 -60.2956 22.8656
3 16 2.8656 -60.2956 22.8656 2.3641 -60.2956 25.7075 1.5508 -60.2956 23.744
3 16 2.3641 -60.2956 25.7075 4.3683 -60.2956 24.3683 2.3656 -55.7873 25.7111
3 16 2.3656 -55.7873 25.7111 4.3683 -60.2956 24.3683 4.3711 -55.7873 24.3711
3 16 2.3641 -60.2956 25.7075 0 -60.2956 26.1777 1.5508 -60.2956 23.744
3 16 1.5508 -60.2956 23.744 0 -60.2956 26.1777 0 -60.2956 24.0525
3 16 0 -60.2956 26.1777 2.3641 -60.2956 25.7075 0 -55.7873 26.1816
3 16 0 -55.7873 26.1816 2.3641 -60.2956 25.7075 2.3656 -55.7873 25.7111
3 16 0 -60.2956 26.1777 -2.3641 -60.2956 25.7075 0 -60.2956 24.0525
3 16 0 -60.2956 24.0525 -2.3641 -60.2956 25.7075 -1.5508 -60.2956 23.744
3 16 -2.3641 -60.2956 25.7075 0 -60.2956 26.1777 -2.3656 -55.7873 25.7111
3 16 -2.3656 -55.7873 25.7111 0 -60.2956 26.1777 0 -55.7873 26.1816
3 16 -2.3641 -60.2956 25.7075 -4.3683 -60.2956 24.3683 -1.5508 -60.2956 23.744
3 16 -1.5508 -60.2956 23.744 -4.3683 -60.2956 24.3683 -2.8656 -60.2956 22.8656
3 16 -4.3683 -60.2956 24.3683 -2.3641 -60.2956 25.7075 -4.3711 -55.7873 24.3711
3 16 -4.3711 -55.7873 24.3711 -2.3641 -60.2956 25.7075 -2.3656 -55.7873 25.7111
3 16 -4.3683 -60.2956 24.3683 -5.7074 -60.2956 22.3641 -2.8656 -60.2956 22.8656
3 16 -2.8656 -60.2956 22.8656 -5.7074 -60.2956 22.3641 -3.744 -60.2956 21.5508
3 16 -5.7074 -60.2956 22.3641 -4.3683 -60.2956 24.3683 -5.7111 -55.7873 22.3656
3 16 -5.7111 -55.7873 22.3656 -4.3683 -60.2956 24.3683 -4.3711 -55.7873 24.3711
3 16 -5.7074 -60.2956 22.3641 -6.1777 -60.2956 20 -3.744 -60.2956 21.5508
3 16 -3.744 -60.2956 21.5508 -6.1777 -60.2956 20 -4.0525 -60.2956 20
3 16 -6.1777 -60.2956 20 -5.7074 -60.2956 22.3641 -6.1816 -55.7873 20
3 16 -6.1816 -55.7873 20 -5.7074 -60.2956 22.3641 -5.7111 -55.7873 22.3656
3 16 -6.1777 -60.2956 20 -5.7074 -60.2956 17.6359 -4.0525 -60.2956 20
3 16 -4.0525 -60.2956 20 -5.7074 -60.2956 17.6359 -3.744 -60.2956 18.4492
3 16 -5.7074 -60.2956 17.6359 -6.1777 -60.2956 20 -5.7111 -55.7873 17.6344
3 16 -5.7111 -55.7873 17.6344 -6.1777 -60.2956 20 -6.1816 -55.7873 20
3 16 -5.7074 -60.2956 17.6359 -4.3683 -60.2956 15.6317 -3.744 -60.2956 18.4492
3 16 -3.744 -60.2956 18.4492 -4.3683 -60.2956 15.6317 -2.8656 -60.2956 17.1344
3 16 -4.3683 -60.2956 15.6317 -5.7074 -60.2956 17.6359 -4.3711 -55.7873 15.6289
3 16 -4.3711 -55.7873 15.6289 -5.7074 -60.2956 17.6359 -5.7111 -55.7873 17.6344
3 16 -4.3683 -60.2956 15.6317 -2.3641 -60.2956 14.2926 -2.8656 -60.2956 17.1344
3 16 -2.8656 -60.2956 17.1344 -2.3641 -60.2956 14.2926 -1.5508 -60.2956 16.256
3 16 -2.3641 -60.2956 14.2926 -4.3683 -60.2956 15.6317 -2.3656 -55.7873 14.2889
3 16 -2.3656 -55.7873 14.2889 -4.3683 -60.2956 15.6317 -4.3711 -55.7873 15.6289
3 16 -2.3641 -60.2956 14.2926 0 -60.2956 13.8223 -1.5508 -60.2956 16.256
3 16 -1.5508 -60.2956 16.256 0 -60.2956 13.8223 0 -60.2956 15.9475
3 16 0 -60.2956 13.8223 -2.3641 -60.2956 14.2926 0 -55.7873 13.8184
3 16 0 -55.7873 13.8184 -2.3641 -60.2956 14.2926 -2.3656 -55.7873 14.2889
3 16 0 -60.2956 13.8223 2.3641 -60.2956 14.2926 0 -60.2956 15.9475
3 16 0 -60.2956 15.9475 2.3641 -60.2956 14.2926 1.5508 -60.2956 16.256
3 16 2.3641 -60.2956 14.2926 0 -60.2956 13.8223 2.3656 -55.7873 14.2889
3 16 2.3656 -55.7873 14.2889 0 -60.2956 13.8223 0 -55.7873 13.8184
3 16 2.3641 -60.2956 14.2926 4.3683 -60.2956 15.6317 1.5508 -60.2956 16.256
3 16 1.5508 -60.2956 16.256 4.3683 -60.2956 15.6317 2.8656 -60.2956 17.1344
3 16 4.3683 -60.2956 15.6317 2.3641 -60.2956 14.2926 4.3711 -55.7873 15.6289
3 16 4.3711 -55.7873 15.6289 2.3641 -60.2956 14.2926 2.3656 -55.7873 14.2889
3 16 4.3683 -60.2956 15.6317 5.7074 -60.2956 17.6359 2.8656 -60.2956 17.1344
3 16 2.8656 -60.2956 17.1344 5.7074 -60.2956 17.6359 3.744 -60.2956 18.4492
3 16 5.7074 -60.2956 17.6359 4.3683 -60.2956 15.6317 5.7111 -55.7873 17.6344
3 16 5.7111 -55.7873 17.6344 4.3683 -60.2956 15.6317 4.3711 -55.7873 15.6289
3 16 5.7074 -60.2956 17.6359 6.1777 -60.2956 20 3.744 -60.2956 18.4492
3 16 3.744 -60.2956 18.4492 6.1777 -60.2956 20 4.0525 -60.2956 20
3 16 6.1777 -60.2956 20 5.7074 -60.2956 17.6359 6.1816 -55.7873 20
3 16 6.1816 -55.7873 20 5.7074 -60.2956 17.6359 5.7111 -55.7873 17.6344
3 16 -10.595 -3.3186 59.5137 -10.6128 -4.1271 59.1948 -6.1433 -3.7564 59.6859
3 16 -6.1433 -3.7564 59.6859 -10.6128 -4.1271 59.1948 -6.1433 -4.5521 59.5725
3 16 -5.9521 -31.1978 21.07 -8.4618 -31.6034 20.6562 -5.9004 -32.7476 27.8458
3 16 -5.9004 -32.7476 27.8458 -8.4618 -31.6034 20.6562 -8.8984 -33.2929 28.2505
3 16 -5.9004 -30.5252 12.9443 -8.2781 -31.0001 13.6278 -5.9521 -31.1978 21.07
3 16 -5.9521 -31.1978 21.07 -8.2781 -31.0001 13.6278 -8.4618 -31.6034 20.6562
3 16 -5.9004 -45.7541 12.5406 -5.9004 -30.5252 12.9443 -5.8346 -45.4911 19.1788
3 16 -5.8346 -45.4911 19.1788 -5.9004 -30.5252 12.9443 -5.9521 -31.1978 21.07
3 16 -5.9521 -31.1978 21.07 -5.9004 -32.7476 27.8458 -5.8346 -45.4911 19.1788
3 16 -5.8346 -45.4911 19.1788 -5.9004 -32.7476 27.8458 -5.9004 -45.7541 27.8202
3 16 -4.8178 -45.7541 30.949 -4.9212 -33.3444 31.4625 -3.4068 -45.7541 31.7128
3 16 -3.4068 -45.7541 31.7128 -4.9212 -33.3444 31.4625 -3.5495 -33.268 32.1927
3 16 -5.6531 -45.7541 29.5155 -5.9004 -45.7541 27.8202 -5.868 -33.0364 29.9196
3 16 -5.868 -33.0364 29.9196 -5.9004 -45.7541 27.8202 -5.9004 -32.7476 27.8458
3 16 -2.1171 -45.7541 32.2564 -3.4068 -45.7541 31.7128 -2.364 -33.4486 32.5124
3 16 -2.364 -33.4486 32.5124 -3.4068 -45.7541 31.7128 -3.5495 -33.268 32.1927
3 16 -2.1171 -45.7541 32.2564 -2.364 -33.4486 32.5124 -2.2362 -45.7541 33.9492
3 16 -2.2362 -45.7541 33.9492 -2.364 -33.4486 32.5124 -2.2362 -33.3822 33.6696
3 16 -10.7033 -26.2078 40.4333 -7.8028 -26.2193 40.1713 -10.5458 -30.4066 36.6504
3 16 -10.5458 -30.4066 36.6504 -7.8028 -26.2193 40.1713 -6.7359 -30.7381 36.0613
3 16 -10.5644 -21.9827 43.7882 -7.8883 -22.0808 43.501 -10.7033 -26.2078 40.4333
3 16 -10.7033 -26.2078 40.4333 -7.8883 -22.0808 43.501 -7.8028 -26.2193 40.1713
3 16 -10.6416 -19.1224 45.1268 -7.8165 -19.5312 44.7718 -10.5644 -21.9827 43.7882
3 16 -10.5644 -21.9827 43.7882 -7.8165 -19.5312 44.7718 -7.8883 -22.0808 43.501
3 16 -10.6556 -16.4064 45.9754 -7.8641 -16.389 45.8429 -10.6416 -19.1224 45.1268
3 16 -10.6416 -19.1224 45.1268 -7.8641 -16.389 45.8429 -7.8165 -19.5312 44.7718
3 16 -10.9887 -10.6805 47.4801 -8.1544 -10.5978 47.166 -10.6556 -16.4064 45.9754
3 16 -10.6556 -16.4064 45.9754 -8.1544 -10.5978 47.166 -7.8641 -16.389 45.8429
3 16 -11.2992 -8.9439 47.3338 -8.1931 -8.9048 47.0068 -10.9887 -10.6805 47.4801
3 16 -10.9887 -10.6805 47.4801 -8.1931 -8.9048 47.0068 -8.1544 -10.5978 47.166
3 16 -8.1232 -6.964 46.0391 -8.1931 -8.9048 47.0068 -11.1986 -6.9987 46.3175
3 16 -11.1986 -6.9987 46.3175 -8.1931 -8.9048 47.0068 -11.2992 -8.9439 47.3338
3 16 -8.0367 -4.9734 45.2162 -8.1232 -6.964 46.0391 -11.0032 -4.9582 45.4802
3 16 -11.0032 -4.9582 45.4802 -8.1232 -6.964 46.0391 -11.1986 -6.9987 46.3175
3 16 -8.0367 -4.9734 45.2162 -11.0032 -4.9582 45.4802 -8.5347 0 45.2157
3 16 -8.5347 0 45.2157 -11.0032 -4.9582 45.4802 -11.0702 0 45.3983
3 16 -10.4041 -36.1095 31.9727 -10.6448 -33.1146 34.5383 -8.0739 -33.983 33.4897
3 16 -8.0739 -33.983 33.4897 -10.6448 -33.1146 34.5383 -8.4372 -32.5886 34.712
3 16 -10.5458 -30.4066 36.6504 -10.6448 -33.1146 34.5383 -12.2612 -31.4538 37.4783
3 16 -12.2612 -31.4538 37.4783 -10.6448 -33.1146 34.5383 -12.3262 -34.4851 35.5077
3 16 -10.6448 -33.1146 34.5383 -10.5458 -30.4066 36.6504 -8.4372 -32.5886 34.712
3 16 -8.4372 -32.5886 34.712 -10.5458 -30.4066 36.6504 -6.7359 -30.7381 36.0613
3 16 -12.1951 -39.9427 45.5166 -12.3262 -34.4851 35.5077 -12.1753 -43.8993 45.3767
3 16 -5.1404 -33.6555 33.5542 -2.2362 -33.3822 33.6696 -3.5495 -33.268 32.1927
3 16 -3.5495 -33.268 32.1927 -2.2362 -33.3822 33.6696 -2.364 -33.4486 32.5124
3 16 -3.9727 -4.3029 44.8034 -2.3438 -4.1334 45.7704 -2.2362 -5.2317 44.8293
3 16 -2.2362 -5.2057 53.9178 -2.3438 -4.1334 45.7704 -2.2362 0 53.9469
3 16 -2.2362 0 53.9469 -2.3438 -4.1334 45.7704 -2.2362 0 45.8409
3 16 -2.2362 0 45.8409 -2.3438 -4.1334 45.7704 -4.1299 0 44.7952
3 16 -4.1299 0 44.7952 -2.3438 -4.1334 45.7704 -3.9727 -4.3029 44.8034
3 16 -4.1299 0 44.7952 -3.9727 -4.3029 44.8034 -8.5347 0 45.2157
3 16 -8.5347 0 45.2157 -3.9727 -4.3029 44.8034 -8.0367 -4.9734 45.2162
3 16 -2.2362 -7.0817 45.7078 -8.1232 -6.964 46.0391 -2.2362 -5.2317 44.8293
3 16 -2.2362 -5.2317 44.8293 -8.1232 -6.964 46.0391 -3.9727 -4.3029 44.8034
3 16 -8.1232 -6.964 46.0391 -8.0367 -4.9734 45.2162 -3.9727 -4.3029 44.8034
3 16 -8.1931 -8.9048 47.0068 -8.1232 -6.964 46.0391 -2.2362 -8.8354 46.6431
3 16 -2.2362 -8.8354 46.6431 -8.1232 -6.964 46.0391 -2.2362 -7.0817 45.7078
3 16 -8.8984 -33.2929 28.2505 -8.0739 -33.983 33.4897 -5.868 -33.0364 29.9196
3 16 -5.868 -33.0364 29.9196 -8.0739 -33.983 33.4897 -4.9212 -33.3444 31.4625
3 16 -4.8178 -45.7541 30.949 -5.6531 -45.7541 29.5155 -4.9212 -33.3444 31.4625
3 16 -4.9212 -33.3444 31.4625 -5.6531 -45.7541 29.5155 -5.868 -33.0364 29.9196
3 16 -12.3262 -34.4851 35.5077 -12.2763 -46.5767 44.4262 -12.1753 -43.8993 45.3767
3 16 -2.2362 -33.3822 33.6696 -5.1404 -33.6555 33.5542 -2.2362 -30.878 35.7828
3 16 -2.2362 -30.878 35.7828 -5.1404 -33.6555 33.5542 -6.7359 -30.7381 36.0613
3 16 2.5743 -45.7541 28.2263 2.5743 -32.5222 27.9253 2.7477 -45.7541 26.9603
3 16 2.7477 -45.7541 26.9603 2.5743 -32.5222 27.9253 2.813 -32.164 27.1039
3 16 3.5439 -45.7541 26.3285 3.3174 -32.0643 26.5668 4.779 -45.7541 25.825
3 16 4.779 -45.7541 25.825 3.3174 -32.0643 26.5668 4.9673 -31.998 25.8843
3 16 4.779 -45.7541 25.825 4.9673 -31.998 25.8843 5.832 -45.7541 24.8235
3 16 5.832 -45.7541 24.8235 4.9673 -31.998 25.8843 6.0826 -31.9059 25.0181
3 16 5.832 -45.7541 24.8235 6.0826 -31.9059 25.0181 6.0906 -45.8696 20.8065
3 16 6.0906 -45.8696 20.8065 6.0826 -31.9059 25.0181 6.3351 -31.2658 21.4705
3 16 2.7477 -45.7541 26.9603 2.813 -32.164 27.1039 3.5439 -45.7541 26.3285
3 16 3.5439 -45.7541 26.3285 2.813 -32.164 27.1039 3.3174 -32.0643 26.5668
3 16 2.9651 -29.9134 13.0937 2.642 -29.9238 12.4924 2.6267 -45.7541 12.8923
3 16 2.6267 -45.7541 12.8923 2.642 -29.9238 12.4924 2.5743 -45.7541 12.1857
3 16 6.2129 -45.7541 16.5575 6.3777 -30.5787 16.4249 5.7441 -45.7541 15.3625
3 16 5.7441 -45.7541 15.3625 6.3777 -30.5787 16.4249 5.897 -30.4682 14.9832
3 16 5.7441 -45.7541 15.3625 5.897 -30.4682 14.9832 4.7656 -45.7541 14.3073
3 16 4.7656 -45.7541 14.3073 5.897 -30.4682 14.9832 4.8978 -30.1601 14.052
3 16 4.7656 -45.7541 14.3073 4.8978 -30.1601 14.052 2.6267 -45.7541 12.8923
3 16 2.6267 -45.7541 12.8923 4.8978 -30.1601 14.052 2.9651 -29.9134 13.0937
3 16 6.0906 -45.8696 20.8065 6.3351 -31.2658 21.4705 6.2129 -45.7541 16.5575
3 16 6.2129 -45.7541 16.5575 6.3351 -31.2658 21.4705 6.3777 -30.5787 16.4249
3 16 -5.9004 -45.7541 12.5406 -4.9293 -45.7541 10.9855 -5.9004 -30.5252 12.9443
3 16 -5.9004 -30.5252 12.9443 -4.9293 -45.7541 10.9855 -5.4412 -30.2096 11.0144
3 16 -4.9293 -45.7541 10.9855 -3.8305 -45.7541 10.4504 -5.4412 -30.2096 11.0144
3 16 -5.4412 -30.2096 11.0144 -3.8305 -45.7541 10.4504 -4.023 -30.0401 10.0054
3 16 -2.6302 -45.7541 9.6151 -2.2362 -45.7541 8.3889 -2.8509 -29.7279 9.5183
3 16 -2.8509 -29.7279 9.5183 -2.2362 -45.7541 8.3889 -2.2362 -29.6946 8.805
3 16 -3.8305 -45.7541 10.4504 -2.6302 -45.7541 9.6151 -4.023 -30.0401 10.0054
3 16 -4.023 -30.0401 10.0054 -2.6302 -45.7541 9.6151 -2.8509 -29.7279 9.5183
3 16 -2.2362 -45.7541 4.3494 -2.2362 -38.0398 4.3494 -2.2362 -45.7541 8.3889
3 16 -2.2362 -29.482 7.7532 -2.2362 -29.6946 8.805 -2.2362 -38.0398 4.3494
3 16 -2.2362 -38.0398 4.3494 -2.2362 -29.6946 8.805 -2.2362 -45.7541 8.3889
3 16 -2.2362 -23.1776 7.0753 -9.9843 -25.4444 6.7926 -2.2362 -26.8135 7.3914
3 16 -2.2362 -26.8135 7.3914 -9.9843 -25.4444 6.7926 -9.1184 -28.9496 7.1867
3 16 10.1005 -30.5937 8.9343 5.897 -30.4682 14.9832 9.3517 -30.4042 13.2659
3 16 9.3517 -30.4042 13.2659 5.897 -30.4682 14.9832 6.3777 -30.5787 16.4249
3 16 2.5743 -23.6603 9.2504 2.5743 -29.5045 9.3793 10.2431 -25.1279 8.9145
3 16 10.2431 -25.1279 8.9145 2.5743 -29.5045 9.3793 10.1005 -30.5937 8.9343
3 16 2.5743 -45.7541 4.2906 2.5743 -45.7541 12.1857 2.5743 -38.1051 4.2906
3 16 2.642 -29.9238 12.4924 2.5743 -29.5045 9.3793 2.5743 -45.7541 12.1857
3 16 2.5743 -45.7541 12.1857 2.5743 -29.5045 9.3793 2.5743 -38.1051 4.2906
3 16 2.5743 -45.7541 4.2906 2.5743 -38.1051 4.2906 -0.1059 -45.7541 4.3218
3 16 -0.1059 -45.7541 4.3218 2.5743 -38.1051 4.2906 0.0058 -38.07 4.3222
3 16 2.5743 -38.1051 4.2906 1.9075 -34.2434 -4.7387 0.0058 -38.07 4.3222
3 16 0.0058 -38.07 4.3222 1.9075 -34.2434 -4.7387 0.1677 -34.772 -5.4042
3 16 2.5743 -32.5222 27.9253 2.5743 -45.7541 28.2263 2.5743 -33.2638 31.8667
3 16 2.5743 -33.2638 31.8667 2.5743 -45.7541 28.2263 2.5743 -37.9347 32.6154
3 16 2.5743 -45.7541 28.2263 2.5743 -45.7541 33.0381 2.5743 -37.9347 32.6154
3 16 -9.1519 -50.9902 43.8379 -4.3586 -49.257 45.9341 -9.4313 -48.0951 46.1952
3 16 -9.4313 -48.0951 46.1952 -4.3586 -49.257 45.9341 -4.5085 -47.1408 47.2535
3 16 -4.5085 -47.1408 47.2535 -4.7929 -45.357 47.7145 -9.4313 -48.0951 46.1952
3 16 -9.4313 -48.0951 46.1952 -4.7929 -45.357 47.7145 -9.8285 -44.3027 47.5455
3 16 9.7218 -34.8589 46.2398 3.9135 -35.6199 46.5335 9.2278 -38.2866 46.5532
3 16 9.2278 -38.2866 46.5532 3.9135 -35.6199 46.5335 4.0609 -38.9989 46.5125
3 16 0.1985 -30.9432 46.6525 0.1759 -36.9619 46.4423 -2.2362 -31.7209 46.3186
3 16 -2.2362 -31.7209 46.3186 0.1759 -36.9619 46.4423 -1.9442 -37.9714 45.361
3 16 2.3498 -36.9488 45.6539 0.1759 -36.9619 46.4423 2.5743 -31.5538 46.3216
3 16 2.5743 -31.5538 46.3216 0.1759 -36.9619 46.4423 0.1985 -30.9432 46.6525
3 16 -4.2174 -32.8482 49.6302 -3.4883 -30.3141 51.6907 -10.0081 -31.0068 50.7224
3 16 -3.4883 -30.3141 51.6907 -6.3095 -27.8545 53.9765 -10.0081 -31.0068 50.7224
3 16 -10.0081 -31.0068 50.7224 -6.3095 -27.8545 53.9765 -10.4009 -27.8014 53.8167
3 16 -10 -39.4558 47.7282 -4.9251 -37.9197 48.1166 -9.9442 -35.8611 48.1116
3 16 -9.9442 -35.8611 48.1116 -4.9251 -37.9197 48.1166 -4.6371 -35.9997 48.2851
3 16 -9.8285 -44.3027 47.5455 -4.9343 -40.0503 48.1057 -10 -39.4558 47.7282
3 16 -10 -39.4558 47.7282 -4.9343 -40.0503 48.1057 -4.9251 -37.9197 48.1166
3 16 -4.7929 -45.357 47.7145 -4.8937 -43.0111 48.0759 -9.8285 -44.3027 47.5455
3 16 -9.8285 -44.3027 47.5455 -4.8937 -43.0111 48.0759 -4.9343 -40.0503 48.1057
3 16 2.3358 -45.7541 44.8853 2.3498 -36.9488 45.6539 2.5743 -37.9347 32.6154
3 16 2.5743 -37.9347 32.6154 2.3498 -36.9488 45.6539 2.5743 -33.2638 31.8667
3 16 2.3498 -36.9488 45.6539 2.5743 -30.0667 34.3288 2.5743 -33.2638 31.8667
3 16 -2.2362 -45.7541 33.9492 -2.2362 -33.3822 33.6696 -2.2362 -45.7541 38.6426
3 16 -2.2362 -45.7541 38.6426 -2.2362 -33.3822 33.6696 -2.2362 -30.878 35.7828
3 16 0.1759 -36.9619 46.4423 2.3498 -36.9488 45.6539 0.1405 -45.7541 45.626
3 16 0.1405 -45.7541 45.626 2.3498 -36.9488 45.6539 2.3358 -45.7541 44.8853
3 16 0.1759 -36.9619 46.4423 0.1405 -45.7541 45.626 -1.9442 -37.9714 45.361
3 16 -1.9442 -37.9714 45.361 0.1405 -45.7541 45.626 -1.8064 -45.7541 44.883
3 16 6.3351 -31.2658 21.4705 6.0826 -31.9059 25.0181 8.5505 -31.5996 21.4655
3 16 8.5505 -31.5996 21.4655 6.0826 -31.9059 25.0181 9.1322 -33.9334 31.7113
3 16 2.657 -29.9658 47.8475 2.5743 -26.8326 35.8899 2.5743 -31.5538 46.3216
3 16 2.5743 -26.8326 35.8899 2.3498 -36.9488 45.6539 2.5743 -31.5538 46.3216
3 16 -2.2362 -26.6073 55.2664 -2.2362 -27.9159 54.1176 -2.2362 -22.5348 42.749
3 16 -2.2362 -27.9159 54.1176 -2.2362 -29.584 52.5309 -2.2362 -22.5348 42.749
3 16 -2.2362 -29.584 52.5309 -2.2362 -29.4131 50.3638 -2.2362 -22.5348 42.749
3 16 -2.2362 -29.4131 50.3638 -2.2362 -30.1006 47.5719 -2.2362 -22.5348 42.749
3 16 -2.2362 -22.5348 42.749 -2.2362 -31.7209 46.3186 -2.2362 -26.1086 39.9389
3 16 -2.2362 -26.1086 39.9389 -2.2362 -31.7209 46.3186 -1.9442 -37.9714 45.361
3 16 -2.2362 -26.1086 39.9389 -1.9442 -37.9714 45.361 -2.2362 -30.878 35.7828
3 16 -2.2362 -30.878 35.7828 -1.9442 -37.9714 45.361 -2.2362 -45.7541 38.6426
3 16 -1.9442 -37.9714 45.361 -1.8064 -45.7541 44.883 -2.2362 -45.7541 38.6426
3 16 2.3358 -45.7541 44.8853 2.5743 -37.9347 32.6154 2.5743 -45.7541 33.0381
3 16 0.1677 -34.772 -5.4042 -1.6915 -33.9776 -5.1033 0.0058 -38.07 4.3222
3 16 0.0058 -38.07 4.3222 -1.6915 -33.9776 -5.1033 -2.2362 -38.0398 4.3494
3 16 -0.1059 -45.7541 4.3218 0.0058 -38.07 4.3222 -2.2362 -45.7541 4.3494
3 16 -2.2362 -45.7541 4.3494 0.0058 -38.07 4.3222 -2.2362 -38.0398 4.3494
3 16 -2.2362 -38.0398 4.3494 -1.6915 -33.9776 -5.1033 -2.2362 -33.1334 -4.5738
3 16 0.4015 -45.7541 23.1617 6.0906 -45.8696 20.8065 0.2177 -45.7541 16.3383
3 16 0.2177 -45.7541 16.3383 6.0906 -45.8696 20.8065 6.2129 -45.7541 16.5575
3 16 -0.1059 -45.7541 4.3218 0.0504 -45.7541 10.1259 2.5743 -45.7541 4.2906
3 16 2.5743 -45.7541 4.2906 0.0504 -45.7541 10.1259 2.5743 -45.7541 12.1857
3 16 0.1238 -45.7541 12.8518 0.0504 -45.7541 10.1259 -2.6302 -45.7541 9.6151
3 16 -2.6302 -45.7541 9.6151 0.0504 -45.7541 10.1259 -2.2362 -45.7541 8.3889
3 16 -5.8346 -45.4911 19.1788 -5.9004 -45.7541 27.8202 0.4015 -45.7541 23.1617
3 16 0.4015 -45.7541 23.1617 -5.9004 -45.7541 27.8202 0.3545 -45.7541 27.2072
3 16 0.0504 -45.7541 10.1259 -0.1059 -45.7541 4.3218 -2.2362 -45.7541 8.3889
3 16 -2.2362 -45.7541 8.3889 -0.1059 -45.7541 4.3218 -2.2362 -45.7541 4.3494
3 16 -5.9004 -45.7541 12.5406 0.2177 -45.7541 16.3383 -4.9293 -45.7541 10.9855
3 16 0.2177 -45.7541 16.3383 -3.8305 -45.7541 10.4504 -4.9293 -45.7541 10.9855
3 16 5.7441 -45.7541 15.3625 0.2177 -45.7541 16.3383 6.2129 -45.7541 16.5575
3 16 0.2177 -45.7541 16.3383 0.1238 -45.7541 12.8518 -3.8305 -45.7541 10.4504
3 16 -3.8305 -45.7541 10.4504 0.1238 -45.7541 12.8518 -2.6302 -45.7541 9.6151
3 16 -5.9004 -45.7541 12.5406 -5.8346 -45.4911 19.1788 0.2177 -45.7541 16.3383
3 16 4.7656 -45.7541 14.3073 2.6267 -45.7541 12.8923 0.2177 -45.7541 16.3383
3 16 0.2177 -45.7541 16.3383 2.6267 -45.7541 12.8923 0.1238 -45.7541 12.8518
3 16 4.7656 -45.7541 14.3073 0.2177 -45.7541 16.3383 5.7441 -45.7541 15.3625
3 16 0.1405 -45.7541 45.626 0.2815 -45.7541 33.4895 -1.8064 -45.7541 44.883
3 16 -1.8064 -45.7541 44.883 0.2815 -45.7541 33.4895 -2.2362 -45.7541 38.6426
3 16 0.2815 -45.7541 33.4895 -2.2362 -45.7541 33.9492 -2.2362 -45.7541 38.6426
3 16 2.5743 -45.7541 33.0381 0.2815 -45.7541 33.4895 2.3358 -45.7541 44.8853
3 16 2.3358 -45.7541 44.8853 0.2815 -45.7541 33.4895 0.1405 -45.7541 45.626
3 16 2.5743 -45.7541 28.2263 0.3183 -45.7541 30.3174 2.5743 -45.7541 33.0381
3 16 2.5743 -45.7541 33.0381 0.3183 -45.7541 30.3174 0.2815 -45.7541 33.4895
3 16 0.3183 -45.7541 30.3174 -2.1171 -45.7541 32.2564 0.2815 -45.7541 33.4895
3 16 0.2815 -45.7541 33.4895 -2.1171 -45.7541 32.2564 -2.2362 -45.7541 33.9492
3 16 2.7477 -45.7541 26.9603 0.3545 -45.7541 27.2072 2.5743 -45.7541 28.2263
3 16 2.5743 -45.7541 28.2263 0.3545 -45.7541 27.2072 0.3183 -45.7541 30.3174
3 16 0.3183 -45.7541 30.3174 -3.4068 -45.7541 31.7128 -2.1171 -45.7541 32.2564
3 16 0.3183 -45.7541 30.3174 -4.8178 -45.7541 30.949 -3.4068 -45.7541 31.7128
3 16 -5.9004 -45.7541 27.8202 -5.6531 -45.7541 29.5155 0.3545 -45.7541 27.2072
3 16 0.3545 -45.7541 27.2072 -5.6531 -45.7541 29.5155 0.3183 -45.7541 30.3174
3 16 0.3183 -45.7541 30.3174 -5.6531 -45.7541 29.5155 -4.8178 -45.7541 30.949
3 16 0.4015 -45.7541 23.1617 5.832 -45.7541 24.8235 6.0906 -45.8696 20.8065
3 16 0.3545 -45.7541 27.2072 2.7477 -45.7541 26.9603 0.4015 -45.7541 23.1617
3 16 0.4015 -45.7541 23.1617 2.7477 -45.7541 26.9603 3.5439 -45.7541 26.3285
3 16 0.4015 -45.7541 23.1617 4.779 -45.7541 25.825 5.832 -45.7541 24.8235
3 16 0.4015 -45.7541 23.1617 3.5439 -45.7541 26.3285 4.779 -45.7541 25.825
3 16 6.0759 0 41.9679 6.12 0 40 5.9212 -5.1946 41.9245
3 16 5.9212 -5.1946 41.9245 6.12 0 40 6.12 -5.1946 40
3 16 6.0169 0 44.5499 5.9088 -5.1946 44.6127 10.373 -2.3638 44.3791
3 16 10.373 -2.3638 44.3791 5.9088 -5.1946 44.6127 10.3974 -4.1389 44.4193
3 16 6.0759 0 41.9679 5.9212 -5.1946 41.9245 6.0169 0 44.5499
3 16 6.0169 0 44.5499 5.9212 -5.1946 41.9245 5.9088 -5.1946 44.6127
3 16 -6.3154 0 2.5137 -6.109 0 -1.8324 -13.6171 0 2.5587
3 16 -13.6171 0 2.5587 -6.109 0 -1.8324 -13.7013 0 -7.3591
3 16 -6.3154 0 2.5137 -6.5844 0 5.1627 -6.2297 -5.1858 2.6134
3 16 -6.2297 -5.1858 2.6134 -6.5844 0 5.1627 -6.546 -5.1858 5.5717
3 16 -4.9512 -5.1858 -3.5972 -5.8204 -5.1858 -1.8912 -2.2362 -5.1858 5.5822
3 16 -5.8204 -5.1858 -1.8912 -6.2297 -5.1858 2.6134 -2.2362 -5.1858 5.5822
3 16 -13.6171 0 2.5587 -11.3013 0 4.8383 -6.3154 0 2.5137
3 16 -6.3154 0 2.5137 -11.3013 0 4.8383 -6.5844 0 5.1627
3 16 9.235 -50.8805 44.1804 4.0582 -52.0707 43.2985 9.0826 -53.2999 41.2458
3 16 9.0826 -53.2999 41.2458 4.0582 -52.0707 43.2985 3.7314 -52.876 42.3385
3 16 5.9088 -5.1946 44.6127 5.9212 -5.1946 41.9245 2.5743 -5.1946 44.7163
3 16 5.9212 -5.1946 41.9245 6.12 -5.1946 40 2.5743 -5.1946 44.7163
3 16 2.5743 -5.1946 44.7163 6.12 -5.1946 40 5.9284 -5.1946 37.9322
3 16 2.5743 -5.1946 44.7163 5.9284 -5.1946 37.9322 5.034 -5.1946 36.222
3 16 5.034 -5.1946 36.222 3.8912 -5.1946 34.9632 2.5743 -5.1946 44.7163
3 16 5.9088 -5.1946 44.6127 10.513 -8.5598 44.3921 10.3974 -4.1389 44.4193
3 16 -2.2362 0 -5.7753 -2.2362 -5.1858 -5.6079 -2.2362 0 -9.9114
3 16 -2.2362 0 -9.9114 -2.2362 -5.1858 -5.6079 -2.2362 -7.8968 -7.8303
3 16 -10.5602 -9.697 5.3652 -2.2362 -9.0435 5.863 -6.546 -5.1858 5.5717
3 16 -6.546 -5.1858 5.5717 -2.2362 -9.0435 5.863 -2.2362 -5.1858 5.5822
3 16 -2.2362 -5.1858 5.5822 -6.2297 -5.1858 2.6134 -6.546 -5.1858 5.5717
3 16 -2.2362 -5.1858 5.5822 -2.2362 -5.1858 -5.6079 -4.9512 -5.1858 -3.5972
3 16 6.0169 0 44.5499 10.2658 0 44.3165 6.0759 0 41.9679
3 16 6.2468 0 -3.8531 6.2468 -5.1466 -3.8531 5.9598 0 -1.7467
3 16 5.9598 0 -1.7467 6.2468 -5.1466 -3.8531 5.9598 -5.1466 -1.7293
3 16 5.9598 0 -1.7467 5.9598 -5.1466 -1.7293 5.9598 0 1.8912
3 16 5.9598 0 1.8912 5.9598 -5.1466 -1.7293 5.9598 -5.1466 1.8912
3 16 5.9598 0 1.8912 5.9598 -5.1466 1.8912 4.9512 0 3.5972
3 16 4.9512 0 3.5972 5.9598 -5.1466 1.8912 4.9512 -5.1466 3.5972
3 16 4.9512 0 3.5972 4.9512 -5.1466 3.5972 3.5972 0 4.9512
3 16 3.5972 0 4.9512 4.9512 -5.1466 3.5972 3.5972 -5.1466 4.9512
3 16 3.5972 0 4.9512 3.5972 -5.1466 4.9512 2.5743 0 5.4111
3 16 2.5743 0 5.4111 3.5972 -5.1466 4.9512 2.5743 -5.1466 5.4789
3 16 -8.0739 -33.983 33.4897 -5.1404 -33.6555 33.5542 -4.9212 -33.3444 31.4625
3 16 -4.9212 -33.3444 31.4625 -5.1404 -33.6555 33.5542 -3.5495 -33.268 32.1927
3 16 -6.7359 -30.7381 36.0613 -5.1404 -33.6555 33.5542 -8.4372 -32.5886 34.712
3 16 -8.4372 -32.5886 34.712 -5.1404 -33.6555 33.5542 -8.0739 -33.983 33.4897
3 16 -2.2362 -26.8135 7.3914 -2.2362 -29.482 7.7532 -2.2362 -27.0029 6.9325
3 16 -2.2362 -38.0398 4.3494 -2.2362 -27.0029 6.9325 -2.2362 -29.482 7.7532
3 16 -2.2362 -29.584 52.5309 -2.2362 -27.9159 54.1176 -3.4883 -30.3141 51.6907
3 16 -3.4883 -30.3141 51.6907 -2.2362 -27.9159 54.1176 -6.3095 -27.8545 53.9765
3 16 8.9816 -40.5108 -5.8234 5.062 -44.5766 -8.4243 -0.0145 -40.8046 -7.867
3 16 -0.0145 -40.8046 -7.867 5.062 -44.5766 -8.4243 0 -43.1042 -8.6118
3 16 0.1677 -34.772 -5.4042 -0.0145 -40.8046 -7.867 -1.6915 -33.9776 -5.1033
3 16 -1.6915 -33.9776 -5.1033 -0.0145 -40.8046 -7.867 -8.2967 -39.9135 -6.3058
3 16 -4.9454 -44.5517 -7.7294 -4.2186 -49.1578 -9.6121 -9.515 -51.7323 -3.9366
3 16 -9.515 -51.7323 -3.9366 -4.2186 -49.1578 -9.6121 -7.7298 -53.364 -5.5113
3 16 5.062 -44.5766 -8.4243 8.9816 -40.5108 -5.8234 12.1789 -44.4771 -3.7203
3 16 12.1789 -44.4771 -3.7203 8.9816 -40.5108 -5.8234 12.1789 -40.006 -2.8339
3 16 -2.2362 -5.2057 59.3854 -6.1532 -5.1789 59.3271 -2.2362 -8.7021 58.1205
3 16 -2.2362 -8.7021 58.1205 -6.1532 -5.1789 59.3271 -10.4421 -7.801 58.0027
3 16 3.8734 -57.0988 -25.2552 3.8384 -57.9946 -25.3779 3.7281 -57.3155 -26.2579
3 16 3.7281 -57.3155 -26.2579 3.8384 -57.9946 -25.3779 3.6677 -58.4291 -26.0954
3 16 3.7856 -56.2543 -26.4128 3.7281 -57.3155 -26.2579 3.4876 -56.675 -27.012
3 16 3.4876 -56.675 -27.012 3.7281 -57.3155 -26.2579 3.3443 -57.5225 -27.1309
3 16 3.8734 -57.0988 -25.2552 3.7281 -57.3155 -26.2579 3.8529 -56.5518 -25.6372
3 16 3.8529 -56.5518 -25.6372 3.7281 -57.3155 -26.2579 3.7856 -56.2543 -26.4128
3 16 12.1789 -4.4099 42.9781 10.3974 -4.1389 44.4193 11.9952 -7.8808 43.0744
3 16 11.9952 -7.8808 43.0744 10.3974 -4.1389 44.4193 10.513 -8.5598 44.3921
3 16 6.2468 -5.1466 -3.8531 2.5816 -5.1466 -3.9925 5.9598 -5.1466 -1.7293
3 16 -9.1184 -28.9496 7.1867 -12.245 -30.9934 5.2482 -8.6727 -30.7911 7.7689
3 16 -8.6727 -30.7911 7.7689 -12.245 -30.9934 5.2482 -11.0823 -33.9119 6.9767
3 16 -12.2661 -37.5215 6.6171 -11.0823 -33.9119 6.9767 -12.245 -30.9934 5.2482
3 16 -2.2362 -26.8135 7.3914 -9.1184 -28.9496 7.1867 -2.2362 -29.482 7.7532
3 16 -2.2362 -29.482 7.7532 -9.1184 -28.9496 7.1867 -8.6727 -30.7911 7.7689
3 16 -8.6727 -30.7911 7.7689 -8.2781 -31.0001 13.6278 -5.4412 -30.2096 11.0144
3 16 -5.4412 -30.2096 11.0144 -8.2781 -31.0001 13.6278 -5.9004 -30.5252 12.9443
3 16 -4.023 -30.0401 10.0054 -8.6727 -30.7911 7.7689 -5.4412 -30.2096 11.0144
3 16 2.5607 -68.0956 4.452 2.3132 -71.3395 2.8113 5.0805 -67.6166 2.6782
3 16 5.0805 -67.6166 2.6782 2.3132 -71.3395 2.8113 4.8503 -70.7246 0.8155
3 16 5.3872 -62.5247 5.1642 2.5294 -65.9548 5.4807 5.0805 -67.6166 2.6782
3 16 5.0805 -67.6166 2.6782 2.5294 -65.9548 5.4807 2.5607 -68.0956 4.452
3 16 5.3872 -62.5247 5.1642 2.6025 -65.0047 5.8759 2.5294 -65.9548 5.4807
3 16 2.0674 -79.7543 -5.9309 2.3421 -80.5838 -8.0548 3.5715 -78.215 -6.2044
3 16 2.5434 -81.3036 -10.0489 4.9223 -78.4772 -9.0253 2.3421 -80.5838 -8.0548
3 16 3.5715 -78.215 -6.2044 2.3421 -80.5838 -8.0548 4.9223 -78.4772 -9.0253
3 16 2.7277 -85.2459 -16.1025 2.4738 -84.8307 -15.1633 2.0034 -84.6539 -16.1042
3 16 2.0034 -84.6539 -16.1042 2.4738 -84.8307 -15.1633 2.1595 -84.6784 -14.5985
3 16 4.8698 -84.2282 -14.6297 2.4144 -83.3538 -12.9341 2.4738 -84.8307 -15.1633
3 16 2.4738 -84.8307 -15.1633 2.4144 -83.3538 -12.9341 2.1595 -84.6784 -14.5985
3 16 -8.8984 -33.2929 28.2505 -5.868 -33.0364 29.9196 -5.9004 -32.7476 27.8458
3 16 8.6514 -55.4586 36.8455 1.4542 -54.5194 40.1571 -9.0851 -55.3028 37.4447
3 16 -9.0851 -55.3028 37.4447 1.4542 -54.5194 40.1571 -1.7823 -54.4175 40.3103
3 16 8.7223 -55.7873 30.9757 2.3656 -55.7873 25.7111 4.3711 -55.7873 24.3711
3 16 6.1816 -55.7873 20 8.5994 -55.7873 20.2922 5.7111 -55.7873 22.3656
3 16 5.7111 -55.7873 22.3656 8.5994 -55.7873 20.2922 8.7223 -55.7873 30.9757
3 16 5.7111 -55.7873 17.6344 4.3711 -55.7873 15.6289 8.19 -55.9191 11.1303
3 16 -2.2362 -29.482 7.7532 -8.6727 -30.7911 7.7689 -2.2362 -29.6946 8.805
3 16 -8.6727 -30.7911 7.7689 -2.8509 -29.7279 9.5183 -2.2362 -29.6946 8.805
3 16 -8.6727 -30.7911 7.7689 -4.023 -30.0401 10.0054 -2.8509 -29.7279 9.5183
3 16 10.1005 -30.5937 8.9343 2.642 -29.9238 12.4924 2.9651 -29.9134 13.0937
3 16 9.3517 -30.4042 13.2659 6.3777 -30.5787 16.4249 8.5505 -31.5996 21.4655
3 16 8.5505 -31.5996 21.4655 6.3777 -30.5787 16.4249 6.3351 -31.2658 21.4705
3 16 10.1005 -30.5937 8.9343 4.8978 -30.1601 14.052 5.897 -30.4682 14.9832
3 16 10.1005 -30.5937 8.9343 2.9651 -29.9134 13.0937 4.8978 -30.1601 14.052
3 16 10.1005 -30.5937 8.9343 2.5743 -29.5045 9.3793 2.642 -29.9238 12.4924
3 16 9.1322 -33.9334 31.7113 2.5743 -32.5222 27.9253 2.5743 -33.2638 31.8667
3 16 9.1322 -33.9334 31.7113 6.0826 -31.9059 25.0181 4.9673 -31.998 25.8843
3 16 9.1322 -33.9334 31.7113 3.3174 -32.0643 26.5668 2.813 -32.164 27.1039
3 16 9.1322 -33.9334 31.7113 2.813 -32.164 27.1039 2.5743 -32.5222 27.9253
3 16 9.1322 -33.9334 31.7113 4.9673 -31.998 25.8843 3.3174 -32.0643 26.5668
3 16 10.2831 -31.3218 33.7538 9.1322 -33.9334 31.7113 2.5743 -30.0667 34.3288
3 16 2.5743 -30.0667 34.3288 9.1322 -33.9334 31.7113 2.5743 -33.2638 31.8667
3 16 -2.2362 -7.0817 45.7078 -2.2362 -5.2057 53.9178 -2.2362 -8.8354 46.6431
3 16 -2.2362 -5.2057 53.9178 -2.2362 -5.2317 44.8293 -2.3438 -4.1334 45.7704
3 16 -2.2362 -8.8354 46.6431 -2.2362 -5.2057 53.9178 -2.2362 -8.7021 58.1205
3 16 -2.2362 -8.7021 58.1205 -2.2362 -5.2057 53.9178 -2.2362 -5.2057 59.3854
3 16 -2.2362 -7.0817 45.7078 -2.2362 -5.2317 44.8293 -2.2362 -5.2057 53.9178
3 16 4.6645 -86.3625 -20.5704 5.1425 -82.7013 -19.2122 6.1339 -85.9534 -20.1073
3 16 6.1339 -85.9534 -20.1073 5.1425 -82.7013 -19.2122 6.6993 -83.6027 -18.8975
3 16 5.1425 -82.7013 -19.2122 2.7162 -85.0717 -20.3653 1.8611 -83.3024 -19.6655
3 16 -12.2421 -20.1074 47.1948 -12.2574 -22.8052 45.7807 -12.2747 -20.8345 53.7638
3 16 -6.1233 -5.1983 57.6984 -6.1169 0 57.881 -6.1433 -3.7564 59.6859
3 16 -6.1433 -3.7564 59.6859 -6.1169 0 57.881 -6.1425 0 59.7674
3 16 -2.2362 -22.5348 42.749 -2.2362 -30.1006 47.5719 -2.2362 -31.7209 46.3186
3 16 -2.2362 -22.5348 42.749 -2.2362 -24.463 55.8333 -2.2362 -26.6073 55.2664
3 16 -12.3122 -49.1183 42.6071 -12.2763 -46.5767 44.4262 -12.3528 -40.4144 31.8684
3 16 -12.3528 -40.4144 31.8684 -12.2763 -46.5767 44.4262 -12.3262 -34.4851 35.5077
3 16 -12.2612 -31.4538 37.4783 -12.3262 -34.4851 35.5077 -12.2199 -35.5991 45.5113
3 16 -12.2199 -35.5991 45.5113 -12.3262 -34.4851 35.5077 -12.1951 -39.9427 45.5166
3 16 12.1789 -38.284 29.6939 12.1789 -51.9699 39.268 12.1789 -53.2122 36.3551
3 16 12.1789 -38.284 29.6939 12.1789 -46.3815 44.6433 12.1789 -49.1023 42.52
3 16 12.1789 -38.284 29.6939 12.1789 -49.1023 42.52 12.1789 -51.9699 39.268
3 16 12.1789 -43.4498 44.4477 12.1789 -46.3815 44.6433 12.1789 -38.284 29.6939
3 16 12.1789 -40.813 44.1913 12.1789 -38.284 29.6939 12.1789 -37.8825 43.5348
3 16 12.1789 -43.4498 44.4477 12.1789 -38.284 29.6939 12.1789 -40.813 44.1913
3 16 0.0504 -45.7541 10.1259 0.1238 -45.7541 12.8518 2.5743 -45.7541 12.1857
3 16 2.5743 -45.7541 12.1857 0.1238 -45.7541 12.8518 2.6267 -45.7541 12.8923
3 16 -2.2362 -33.1334 -4.5738 -2.2362 -30.2187 -3.7927 -2.2362 -38.0398 4.3494
3 16 -2.2362 -38.0398 4.3494 -2.2362 -30.2187 -3.7927 -2.2362 -27.0029 6.9325
3 16 2.5816 -5.1466 -3.9925 2.5816 -5.9444 -3.9925 2.5743 -5.1466 5.4789
3 16 2.5743 -8.3989 -1.5722 2.5743 -5.1466 5.4789 2.5816 -5.9444 -3.9925
3 16 2.5743 -5.1946 44.7163 2.5743 -9.2977 44.5815 5.9088 -5.1946 44.6127
3 16 5.9088 -5.1946 44.6127 2.5743 -9.2977 44.5815 10.513 -8.5598 44.3921
3 16 6.0169 0 44.5499 10.373 -2.3638 44.3791 10.2658 0 44.3165
3 16 4.2177 -58.898 -26.211 4.4741 -58.3608 -25.118 3.9747 -60.2634 -26.459
3 16 3.9747 -60.2634 -26.459 4.4741 -58.3608 -25.118 5.0047 -58.6761 -22.8922
3 16 4.9893 -55.6704 -22.6884 5.0047 -58.6761 -22.8922 4.4974 -56.9603 -24.9707
3 16 4.4974 -56.9603 -24.9707 5.0047 -58.6761 -22.8922 4.4741 -58.3608 -25.118
3 16 4.4974 -56.9603 -24.9707 4.3951 -56.0943 -25.5816 4.9893 -55.6704 -22.6884
3 16 4.9893 -55.6704 -22.6884 4.3951 -56.0943 -25.5816 4.1867 -52.3011 -25.6744
3 16 -6.1158 -72.5742 -20.3872 -5.7412 -69.5934 -21.4593 -4.795 -73.1935 -21.2046
3 16 -4.795 -73.1935 -21.2046 -5.7412 -69.5934 -21.4593 -3.426 -70.9252 -22.8799
3 16 -7.1113 -76.7465 -16.1747 -6.7577 -74.9679 -17.9866 -5.7653 -77.5521 -17.4681
3 16 -5.7653 -77.5521 -17.4681 -6.7577 -74.9679 -17.9866 -5.471 -75.7966 -18.8448
3 16 -5.3382 -65.9876 -22.4617 -2.7654 -67.4319 -23.7627 -5.7412 -69.5934 -21.4593
3 16 -5.7412 -69.5934 -21.4593 -2.7654 -67.4319 -23.7627 -3.426 -70.9252 -22.8799
3 16 -2.7654 -67.4319 -23.7627 -5.3382 -65.9876 -22.4617 -2.6171 -63.761 -25.3784
3 16 -2.6171 -63.761 -25.3784 -5.3382 -65.9876 -22.4617 -4.6879 -62.9294 -24.4913
3 16 -4.2526 -60.2634 -26.459 -2.8933 -61.0727 -27.1573 -4.6879 -62.9294 -24.4913
3 16 -4.6879 -62.9294 -24.4913 -2.8933 -61.0727 -27.1573 -2.6171 -63.761 -25.3784
3 16 -4.2526 -60.2634 -26.459 -4.0841 -58.6956 -27.9558 -2.8933 -61.0727 -27.1573
3 16 -2.8933 -61.0727 -27.1573 -4.0841 -58.6956 -27.9558 -2.7442 -59.12 -28.6477
3 16 -2.747 -54.9831 -29.0895 -2.5862 -57.189 -29.3004 -4.0936 -55.9076 -28.3108
3 16 -4.0936 -55.9076 -28.3108 -2.5862 -57.189 -29.3004 -3.9867 -57.2132 -28.5199
3 16 -2.5862 -57.189 -29.3004 -2.7442 -59.12 -28.6477 -3.9867 -57.2132 -28.5199
3 16 -3.9867 -57.2132 -28.5199 -2.7442 -59.12 -28.6477 -4.0841 -58.6956 -27.9558
3 16 -2.7517 -52.5476 -27.967 -2.747 -54.9831 -29.0895 -4.2909 -53.9424 -27.3831
3 16 -4.2909 -53.9424 -27.3831 -2.747 -54.9831 -29.0895 -4.0936 -55.9076 -28.3108
3 16 -4.2909 -53.9424 -27.3831 -4.4647 -52.3011 -25.6744 -2.7517 -52.5476 -27.967
3 16 -2.7517 -52.5476 -27.967 -4.4647 -52.3011 -25.6744 -2.5583 -51.0062 -26.1935
3 16 -2.5583 -51.0062 -26.1935 -4.4647 -52.3011 -25.6744 -2.9837 -50.9226 -21.3702
3 16 -2.9837 -50.9226 -21.3702 -4.4647 -52.3011 -25.6744 -4.9971 -52.331 -22.0914
3 16 -2.9837 -50.9226 -21.3702 -4.9971 -52.331 -22.0914 -3.9348 -53.5013 -18.6436
3 16 -3.9348 -53.5013 -18.6436 -4.9971 -52.331 -22.0914 -5.4346 -54.0415 -19.7406
3 16 -5.4346 -54.0415 -19.7406 -6.0569 -56.7347 -17.346 -3.9348 -53.5013 -18.6436
3 16 -3.9348 -53.5013 -18.6436 -6.0569 -56.7347 -17.346 -4.4902 -55.6804 -16.1174
3 16 -6.0569 -56.7347 -17.346 -6.7472 -58.3485 -15.2816 -4.4902 -55.6804 -16.1174
3 16 -4.4902 -55.6804 -16.1174 -6.7472 -58.3485 -15.2816 -4.8587 -56.9014 -13.5966
3 16 -6.7472 -58.3485 -15.2816 -7.3276 -59.5324 -12.3207 -4.8587 -56.9014 -13.5966
3 16 -4.8587 -56.9014 -13.5966 -7.3276 -59.5324 -12.3207 -4.6674 -58.145 -10.4987
3 16 -4.2509 -58.5283 -27.4707 -4.4957 -58.898 -26.211 -3.7058 -58.0897 -26.8808
3 16 -3.7058 -58.0897 -26.8808 -4.4957 -58.898 -26.211 -3.9456 -58.4291 -26.0954
3 16 -4.4957 -58.898 -26.211 -4.752 -58.3608 -25.118 -3.9456 -58.4291 -26.0954
3 16 -3.9456 -58.4291 -26.0954 -4.752 -58.3608 -25.118 -4.1164 -57.9946 -25.3779
3 16 -4.752 -58.3608 -25.118 -4.7753 -56.9603 -24.9707 -4.1164 -57.9946 -25.3779
3 16 -4.1164 -57.9946 -25.3779 -4.7753 -56.9603 -24.9707 -4.1514 -57.0988 -25.2552
3 16 -4.1308 -56.5518 -25.6372 -4.673 -56.0943 -25.5816 -4.0636 -56.2543 -26.4128
3 16 -4.0636 -56.2543 -26.4128 -4.673 -56.0943 -25.5816 -4.4591 -55.8202 -26.7113
3 16 -4.1661 -57.3411 -27.887 -4.2509 -58.5283 -27.4707 -3.6223 -57.5225 -27.1309
3 16 -3.6223 -57.5225 -27.1309 -4.2509 -58.5283 -27.4707 -3.7058 -58.0897 -26.8808
3 16 -4.252 -56.4585 -27.6744 -4.1661 -57.3411 -27.887 -3.7655 -56.675 -27.012
3 16 -3.7655 -56.675 -27.012 -4.1661 -57.3411 -27.887 -3.6223 -57.5225 -27.1309
3 16 -4.1514 -57.0988 -25.2552 -4.7753 -56.9603 -24.9707 -4.1308 -56.5518 -25.6372
3 16 -4.1308 -56.5518 -25.6372 -4.7753 -56.9603 -24.9707 -4.673 -56.0943 -25.5816
3 16 -4.0636 -56.2543 -26.4128 -4.4591 -55.8202 -26.7113 -3.7655 -56.675 -27.012
3 16 -3.7655 -56.675 -27.012 -4.4591 -55.8202 -26.7113 -4.252 -56.4585 -27.6744
3 16 -4.2526 -60.2634 -26.459 -4.4957 -58.898 -26.211 -4.0841 -58.6956 -27.9558
3 16 -4.0841 -58.6956 -27.9558 -4.4957 -58.898 -26.211 -4.2509 -58.5283 -27.4707
3 16 -3.9867 -57.2132 -28.5199 -4.0841 -58.6956 -27.9558 -4.1661 -57.3411 -27.887
3 16 -4.1661 -57.3411 -27.887 -4.0841 -58.6956 -27.9558 -4.2509 -58.5283 -27.4707
3 16 -4.0936 -55.9076 -28.3108 -3.9867 -57.2132 -28.5199 -4.252 -56.4585 -27.6744
3 16 -4.252 -56.4585 -27.6744 -3.9867 -57.2132 -28.5199 -4.1661 -57.3411 -27.887
3 16 -4.2909 -53.9424 -27.3831 -4.0936 -55.9076 -28.3108 -4.4591 -55.8202 -26.7113
3 16 -4.4591 -55.8202 -26.7113 -4.0936 -55.9076 -28.3108 -4.252 -56.4585 -27.6744
3 16 -5.3382 -65.9876 -22.4617 -6.3545 -62.5563 -18.867 -4.6879 -62.9294 -24.4913
3 16 -4.6879 -62.9294 -24.4913 -6.3545 -62.5563 -18.867 -5.7928 -60.0221 -20.829
3 16 -6.3545 -62.5563 -18.867 -5.3382 -65.9876 -22.4617 -6.9871 -65.1485 -16.7076
3 16 -6.9871 -65.1485 -16.7076 -5.3382 -65.9876 -22.4617 -5.7412 -69.5934 -21.4593
3 16 -4.2526 -60.2634 -26.459 -4.6879 -62.9294 -24.4913 -5.2827 -58.6761 -22.8922
3 16 -5.2827 -58.6761 -22.8922 -4.6879 -62.9294 -24.4913 -5.7928 -60.0221 -20.829
3 16 -6.0569 -56.7347 -17.346 -5.4346 -54.0415 -19.7406 -5.7928 -60.0221 -20.829
3 16 -5.4346 -54.0415 -19.7406 -5.2673 -55.6704 -22.6884 -5.7928 -60.0221 -20.829
3 16 -5.7928 -60.0221 -20.829 -5.2673 -55.6704 -22.6884 -5.2827 -58.6761 -22.8922
3 16 -6.3545 -62.5563 -18.867 -6.7472 -58.3485 -15.2816 -5.7928 -60.0221 -20.829
3 16 -5.7928 -60.0221 -20.829 -6.7472 -58.3485 -15.2816 -6.0569 -56.7347 -17.346
3 16 -7.3276 -59.5324 -12.3207 -6.7472 -58.3485 -15.2816 -6.9871 -65.1485 -16.7076
3 16 -6.9871 -65.1485 -16.7076 -6.7472 -58.3485 -15.2816 -6.3545 -62.5563 -18.867
3 16 -6.9871 -65.1485 -16.7076 -5.7412 -69.5934 -21.4593 -7.5407 -68.0161 -14.5079
3 16 -7.5407 -68.0161 -14.5079 -5.7412 -69.5934 -21.4593 -6.1158 -72.5742 -20.3872
3 16 -7.1113 -76.7465 -16.1747 -7.8914 -73.4588 -12.0104 -6.7577 -74.9679 -17.9866
3 16 -6.7577 -74.9679 -17.9866 -7.8914 -73.4588 -12.0104 -7.7558 -71.1061 -13.0016
3 16 -7.8914 -73.4588 -12.0104 -8.104 -74.0889 -8.0879 -7.7558 -71.1061 -13.0016
3 16 -7.7558 -71.1061 -13.0016 -8.104 -74.0889 -8.0879 -8.0061 -70.0825 -6.612
3 16 -3.426 -70.9252 -22.8799 -2.7654 -67.4319 -23.7627 0 -71.1 -22.9338
3 16 0 -71.1 -22.9338 -2.7654 -67.4319 -23.7627 0 -67.144 -24.0087
3 16 -2.7654 -67.4319 -23.7627 -2.6171 -63.761 -25.3784 0 -67.144 -24.0087
3 16 0 -67.144 -24.0087 -2.6171 -63.761 -25.3784 0 -63.654 -25.6163
3 16 0 -63.654 -25.6163 -2.6171 -63.761 -25.3784 0 -61.214 -27.2486
3 16 0 -61.214 -27.2486 -2.6171 -63.761 -25.3784 -2.8933 -61.0727 -27.1573
3 16 0 -61.214 -27.2486 -2.8933 -61.0727 -27.1573 0 -59.3559 -28.4807
3 16 0 -59.3559 -28.4807 -2.8933 -61.0727 -27.1573 -2.7442 -59.12 -28.6477
3 16 0 -59.3559 -28.4807 -2.7442 -59.12 -28.6477 0 -57.1153 -29.3495
3 16 0 -57.1153 -29.3495 -2.7442 -59.12 -28.6477 -2.5862 -57.189 -29.3004
3 16 -2.5862 -57.189 -29.3004 -2.747 -54.9831 -29.0895 0 -57.1153 -29.3495
3 16 0 -57.1153 -29.3495 -2.747 -54.9831 -29.0895 0 -54.7509 -29.2316
3 16 -2.747 -54.9831 -29.0895 -2.7517 -52.5476 -27.967 0 -54.7509 -29.2316
3 16 0 -54.7509 -29.2316 -2.7517 -52.5476 -27.967 0 -52.4711 -28.0903
3 16 -2.7517 -52.5476 -27.967 -2.5583 -51.0062 -26.1935 0 -52.4711 -28.0903
3 16 0 -52.4711 -28.0903 -2.5583 -51.0062 -26.1935 0 -50.9078 -26.255
3 16 0 -50.9078 -26.255 -2.5583 -51.0062 -26.1935 0 -50.7662 -21.2884
3 16 0 -50.7662 -21.2884 -2.5583 -51.0062 -26.1935 -2.9837 -50.9226 -21.3702
3 16 0 -50.7662 -21.2884 -2.9837 -50.9226 -21.3702 0 -53.5002 -18.4573
3 16 0 -53.5002 -18.4573 -2.9837 -50.9226 -21.3702 -3.9348 -53.5013 -18.6436
3 16 -4.4902 -55.6804 -16.1174 0 -55.6647 -15.6756 -3.9348 -53.5013 -18.6436
3 16 -3.9348 -53.5013 -18.6436 0 -55.6647 -15.6756 0 -53.5002 -18.4573
3 16 0 -55.6647 -15.6756 -4.4902 -55.6804 -16.1174 0 -56.5622 -13.8586
3 16 0 -56.5622 -13.8586 -4.4902 -55.6804 -16.1174 -4.8587 -56.9014 -13.5966
3 16 0 -56.5622 -13.8586 -4.8587 -56.9014 -13.5966 0 -57.225 -11.1703
3 16 0 -57.225 -11.1703 -4.8587 -56.9014 -13.5966 -4.6674 -58.145 -10.4987
3 16 -5.8005 -60.1042 -7.8677 -4.6674 -58.145 -10.4987 -7.786 -61.3971 -9.4536
3 16 -7.786 -61.3971 -9.4536 -4.6674 -58.145 -10.4987 -7.3276 -59.5324 -12.3207
3 16 -6.7577 -74.9679 -17.9866 -6.1158 -72.5742 -20.3872 -5.471 -75.7966 -18.8448
3 16 -5.471 -75.7966 -18.8448 -6.1158 -72.5742 -20.3872 -4.795 -73.1935 -21.2046
3 16 -7.5407 -68.0161 -14.5079 -6.1158 -72.5742 -20.3872 -7.7558 -71.1061 -13.0016
3 16 -7.7558 -71.1061 -13.0016 -6.1158 -72.5742 -20.3872 -6.7577 -74.9679 -17.9866
3 16 -8.1449 -66.2979 -6.661 -8.0061 -70.0825 -6.612 -6.4999 -66.6647 -4.5479
3 16 -6.4999 -66.6647 -4.5479 -8.0061 -70.0825 -6.612 -6.3189 -71.0599 -4.9636
3 16 -8.0061 -70.0825 -6.612 -8.104 -74.0889 -8.0879 -6.3189 -71.0599 -4.9636
3 16 -6.3189 -71.0599 -4.9636 -8.104 -74.0889 -8.0879 -6.2764 -74.7612 -6.4163
3 16 -8.1574 -77.8648 -10.2346 -8.104 -74.0889 -8.0879 -8.0833 -76.5128 -11.7864
3 16 -8.0833 -76.5128 -11.7864 -8.104 -74.0889 -8.0879 -7.8914 -73.4588 -12.0104
3 16 -8.1469 -81.0471 -12.3034 -8.1574 -77.8648 -10.2346 -7.9252 -78.7921 -13.9394
3 16 -7.9252 -78.7921 -13.9394 -8.1574 -77.8648 -10.2346 -8.0833 -76.5128 -11.7864
3 16 -8.104 -74.0889 -8.0879 -8.1574 -77.8648 -10.2346 -6.2764 -74.7612 -6.4163
3 16 -6.2764 -74.7612 -6.4163 -8.1574 -77.8648 -10.2346 -5.2002 -78.4772 -9.0253
3 16 -7.9252 -78.7921 -13.9394 -8.0833 -76.5128 -11.7864 -7.1113 -76.7465 -16.1747
3 16 -7.1113 -76.7465 -16.1747 -8.0833 -76.5128 -11.7864 -7.8914 -73.4588 -12.0104
3 16 -7.2886 -84.7465 -18.0107 -7.6501 -81.9203 -16.0114 -6.9772 -83.6027 -18.8975
3 16 -6.9772 -83.6027 -18.8975 -7.6501 -81.9203 -16.0114 -7.1739 -80.4848 -17.4784
3 16 -6.4293 -86.6886 -19.7509 -7.2886 -84.7465 -18.0107 -6.4118 -85.9534 -20.1073
3 16 -6.4118 -85.9534 -20.1073 -7.2886 -84.7465 -18.0107 -6.9772 -83.6027 -18.8975
3 16 -7.4433 -85.81 -17.0242 -7.2886 -84.7465 -18.0107 -6.7064 -86.8633 -18.9773
3 16 -6.7064 -86.8633 -18.9773 -7.2886 -84.7465 -18.0107 -6.4293 -86.6886 -19.7509
3 16 -7.6501 -81.9203 -16.0114 -7.2886 -84.7465 -18.0107 -7.8346 -83.5941 -14.4976
3 16 -7.8346 -83.5941 -14.4976 -7.2886 -84.7465 -18.0107 -7.4433 -85.81 -17.0242
3 16 -3.8755 -86.2377 -20.578 -4.0219 -86.887 -20.0419 -4.9425 -86.3625 -20.5704
3 16 -4.9425 -86.3625 -20.5704 -4.0219 -86.887 -20.0419 -5.1587 -86.9824 -20.1113
3 16 -3.8486 -87.0196 -19.2991 -5.1798 -87.1584 -19.156 -4.0219 -86.887 -20.0419
3 16 -4.0219 -86.887 -20.0419 -5.1798 -87.1584 -19.156 -5.1587 -86.9824 -20.1113
3 16 -2.1391 -83.3024 -19.6655 -5.4204 -82.7013 -19.2122 -2.8405 -80.8895 -18.6408
3 16 -2.8405 -80.8895 -18.6408 -5.4204 -82.7013 -19.2122 -5.5881 -80.3865 -18.129
3 16 -6.9772 -83.6027 -18.8975 -7.1739 -80.4848 -17.4784 -5.4204 -82.7013 -19.2122
3 16 -5.4204 -82.7013 -19.2122 -7.1739 -80.4848 -17.4784 -5.5881 -80.3865 -18.129
3 16 -2.7721 -78.6524 -18.229 -5.7653 -77.5521 -17.4681 -2.6726 -76.7188 -19.467
3 16 -2.6726 -76.7188 -19.467 -5.7653 -77.5521 -17.4681 -5.471 -75.7966 -18.8448
3 16 0 -74.1355 -21.422 -2.0638 -74.8438 -21.2736 0 -72.7836 -22.0618
3 16 0 -72.7836 -22.0618 -2.0638 -74.8438 -21.2736 -4.795 -73.1935 -21.2046
3 16 -4.795 -73.1935 -21.2046 -3.426 -70.9252 -22.8799 0 -72.7836 -22.0618
3 16 0 -72.7836 -22.0618 -3.426 -70.9252 -22.8799 0 -71.1 -22.9338
3 16 -4.9425 -86.3625 -20.5704 -5.4204 -82.7013 -19.2122 -3.8755 -86.2377 -20.578
3 16 -5.4204 -82.7013 -19.2122 -2.9941 -85.0717 -20.3653 -3.8755 -86.2377 -20.578
3 16 -4.6674 -58.145 -10.4987 -3.7501 -54.4409 -10.1865 0 -57.225 -11.1703
3 16 0 -57.225 -11.1703 -3.7501 -54.4409 -10.1865 0 -53.809 -10.5215
3 16 -3.7501 -54.4409 -10.1865 -4.2186 -49.1578 -9.6121 0 -53.809 -10.5215
3 16 0 -53.809 -10.5215 -4.2186 -49.1578 -9.6121 0 -47.5942 -9.6635
3 16 -3.5812 -56.7506 8.2539 -6.6161 -57.4872 7.0083 -2.6834 -60.9673 7.3389
3 16 -2.6834 -60.9673 7.3389 -6.6161 -57.4872 7.0083 -5.6651 -62.5247 5.1642
3 16 -6.3189 -71.0599 -4.9636 -6.2764 -74.7612 -6.4163 -4.7604 -73.8386 -1.8916
3 16 -4.7604 -73.8386 -1.8916 -6.2764 -74.7612 -6.4163 -4.5464 -76.6296 -4.9077
3 16 -5.8005 -60.1042 -7.8677 -6.2657 -56.7141 -7.0598 -4.6674 -58.145 -10.4987
3 16 -4.6674 -58.145 -10.4987 -6.2657 -56.7141 -7.0598 -3.7501 -54.4409 -10.1865
3 16 -8.0246 -63.8154 -7.4524 -8.1449 -66.2979 -6.661 -6.2297 -63.015 -5.4693
3 16 -6.2297 -63.015 -5.4693 -8.1449 -66.2979 -6.661 -6.4999 -66.6647 -4.5479
3 16 -7.786 -61.3971 -9.4536 -8.0246 -63.8154 -7.4524 -5.8005 -60.1042 -7.8677
3 16 -5.8005 -60.1042 -7.8677 -8.0246 -63.8154 -7.4524 -6.2297 -63.015 -5.4693
3 16 -6.2657 -56.7141 -7.0598 -7.7298 -53.364 -5.5113 -3.7501 -54.4409 -10.1865
3 16 -3.7501 -54.4409 -10.1865 -7.7298 -53.364 -5.5113 -4.2186 -49.1578 -9.6121
3 16 -8.0061 -70.0825 -6.612 -8.1449 -66.2979 -6.661 -7.7558 -71.1061 -13.0016
3 16 -7.7558 -71.1061 -13.0016 -8.1449 -66.2979 -6.661 -7.5407 -68.0161 -14.5079
3 16 -7.786 -61.3971 -9.4536 -7.5407 -68.0161 -14.5079 -8.0246 -63.8154 -7.4524
3 16 -7.5407 -68.0161 -14.5079 -8.1449 -66.2979 -6.661 -8.0246 -63.8154 -7.4524
3 16 -7.3276 -59.5324 -12.3207 -6.9871 -65.1485 -16.7076 -7.786 -61.3971 -9.4536
3 16 -7.786 -61.3971 -9.4536 -6.9871 -65.1485 -16.7076 -7.5407 -68.0161 -14.5079
3 16 -5.8005 -60.1042 -7.8677 -6.2297 -63.015 -5.4693 -6.2657 -56.7141 -7.0598
3 16 -6.2657 -56.7141 -7.0598 -6.2297 -63.015 -5.4693 -6.8908 -61.1755 -0.5521
3 16 -6.4999 -66.6647 -4.5479 -6.3189 -71.0599 -4.9636 -5.1282 -70.7246 0.8155
3 16 -5.1282 -70.7246 0.8155 -6.3189 -71.0599 -4.9636 -4.7604 -73.8386 -1.8916
3 16 -6.8908 -61.1755 -0.5521 -8.517 -56.7674 1.0599 -6.2657 -56.7141 -7.0598
3 16 -6.2657 -56.7141 -7.0598 -8.517 -56.7674 1.0599 -7.7298 -53.364 -5.5113
3 16 -4.4647 -52.3011 -25.6744 -4.2909 -53.9424 -27.3831 -4.673 -56.0943 -25.5816
3 16 -4.673 -56.0943 -25.5816 -4.2909 -53.9424 -27.3831 -4.4591 -55.8202 -26.7113
3 16 -5.4346 -54.0415 -19.7406 -4.9971 -52.331 -22.0914 -5.2673 -55.6704 -22.6884
3 16 -5.2673 -55.6704 -22.6884 -4.9971 -52.331 -22.0914 -4.4647 -52.3011 -25.6744
3 16 -2.6834 -60.9673 7.3389 -5.6651 -62.5247 5.1642 -2.8804 -65.0047 5.8759
3 16 -6.2297 -63.015 -5.4693 -6.4999 -66.6647 -4.5479 -5.3584 -67.6166 2.6782
3 16 -5.3584 -67.6166 2.6782 -6.4999 -66.6647 -4.5479 -5.1282 -70.7246 0.8155
3 16 -6.2297 -63.015 -5.4693 -5.3584 -67.6166 2.6782 -6.8908 -61.1755 -0.5521
3 16 -6.8908 -61.1755 -0.5521 -5.3584 -67.6166 2.6782 -5.6651 -62.5247 5.1642
3 16 -2.9492 -85.6057 -19.4885 -2.9941 -85.0717 -20.3653 -2.1779 -84.1226 -18.9323
3 16 -2.1779 -84.1226 -18.9323 -2.9941 -85.0717 -20.3653 -2.1391 -83.3024 -19.6655
3 16 -2.9941 -85.0717 -20.3653 -2.9492 -85.6057 -19.4885 -3.8755 -86.2377 -20.578
3 16 -3.8755 -86.2377 -20.578 -2.9492 -85.6057 -19.4885 -4.0219 -86.887 -20.0419
3 16 -4.0219 -86.887 -20.0419 -2.9492 -85.6057 -19.4885 -3.8486 -87.0196 -19.2991
3 16 -3.8486 -87.0196 -19.2991 -2.9492 -85.6057 -19.4885 -3.453 -86.6263 -18.3071
3 16 -2.1779 -84.1226 -18.9323 -2.2126 -84.4729 -17.8787 -2.9492 -85.6057 -19.4885
3 16 -2.9492 -85.6057 -19.4885 -2.2126 -84.4729 -17.8787 -3.453 -86.6263 -18.3071
3 16 -6.4293 -86.6886 -19.7509 -6.4118 -85.9534 -20.1073 -5.1587 -86.9824 -20.1113
3 16 -5.1587 -86.9824 -20.1113 -6.4118 -85.9534 -20.1073 -4.9425 -86.3625 -20.5704
3 16 -6.7064 -86.8633 -18.9773 -6.4293 -86.6886 -19.7509 -5.1798 -87.1584 -19.156
3 16 -5.1798 -87.1584 -19.156 -6.4293 -86.6886 -19.7509 -5.1587 -86.9824 -20.1113
3 16 -3.8486 -87.0196 -19.2991 -3.453 -86.6263 -18.3071 -5.1798 -87.1584 -19.156
3 16 -5.1798 -87.1584 -19.156 -3.453 -86.6263 -18.3071 -5.2591 -86.2828 -17.3587
3 16 -5.1798 -87.1584 -19.156 -5.2591 -86.2828 -17.3587 -6.7064 -86.8633 -18.9773
3 16 -6.7064 -86.8633 -18.9773 -5.2591 -86.2828 -17.3587 -7.4433 -85.81 -17.0242
3 16 -7.8346 -83.5941 -14.4976 -7.4433 -85.81 -17.0242 -5.1478 -84.2282 -14.6297
3 16 -5.1478 -84.2282 -14.6297 -7.4433 -85.81 -17.0242 -5.2591 -86.2828 -17.3587
3 16 -7.1113 -76.7465 -16.1747 -5.7653 -77.5521 -17.4681 -7.1739 -80.4848 -17.4784
3 16 -7.1739 -80.4848 -17.4784 -5.7653 -77.5521 -17.4681 -5.5881 -80.3865 -18.129
3 16 -7.1113 -76.7465 -16.1747 -7.1739 -80.4848 -17.4784 -7.9252 -78.7921 -13.9394
3 16 -7.9252 -78.7921 -13.9394 -7.1739 -80.4848 -17.4784 -7.6501 -81.9203 -16.0114
3 16 -7.9252 -78.7921 -13.9394 -7.6501 -81.9203 -16.0114 -8.1469 -81.0471 -12.3034
3 16 -8.1469 -81.0471 -12.3034 -7.6501 -81.9203 -16.0114 -7.8346 -83.5941 -14.4976
3 16 -8.1469 -81.0471 -12.3034 -5.4196 -81.2229 -11.3883 -8.1574 -77.8648 -10.2346
3 16 -8.1574 -77.8648 -10.2346 -5.4196 -81.2229 -11.3883 -5.2002 -78.4772 -9.0253
3 16 -5.2002 -78.4772 -9.0253 -5.4196 -81.2229 -11.3883 -2.8214 -81.3036 -10.0489
3 16 -2.8214 -81.3036 -10.0489 -5.4196 -81.2229 -11.3883 -2.7582 -81.7935 -10.9432
3 16 -2.7582 -81.7935 -10.9432 -5.4196 -81.2229 -11.3883 -2.6924 -83.3538 -12.9341
3 16 -2.6924 -83.3538 -12.9341 -5.4196 -81.2229 -11.3883 -5.1478 -84.2282 -14.6297
3 16 -8.1469 -81.0471 -12.3034 -7.8346 -83.5941 -14.4976 -5.4196 -81.2229 -11.3883
3 16 -5.4196 -81.2229 -11.3883 -7.8346 -83.5941 -14.4976 -5.1478 -84.2282 -14.6297
3 16 -2.2814 -84.6539 -16.1042 -3.0057 -85.2459 -16.1025 -2.2126 -84.4729 -17.8787
3 16 -2.2126 -84.4729 -17.8787 -3.0057 -85.2459 -16.1025 -3.453 -86.6263 -18.3071
3 16 -3.453 -86.6263 -18.3071 -3.0057 -85.2459 -16.1025 -5.2591 -86.2828 -17.3587
3 16 -5.2591 -86.2828 -17.3587 -3.0057 -85.2459 -16.1025 -5.1478 -84.2282 -14.6297
3 16 -3.0057 -85.2459 -16.1025 -2.7518 -84.8307 -15.1633 -5.1478 -84.2282 -14.6297
3 16 -2.3454 -79.7543 -5.9309 -2.381 -79.4081 -5.5277 -3.8494 -78.215 -6.2044
3 16 -2.5368 -78.7496 -4.6952 -3.8494 -78.215 -6.2044 -2.381 -79.4081 -5.5277
3 16 -3.8494 -78.215 -6.2044 -2.5368 -78.7496 -4.6952 -4.5464 -76.6296 -4.9077
3 16 -4.5464 -76.6296 -4.9077 -2.5368 -78.7496 -4.6952 -2.6069 -76.6874 -2.1273
3 16 -5.1282 -70.7246 0.8155 -2.6136 -72.5667 1.7498 -2.5912 -71.3395 2.8113
3 16 -2.5912 -71.3395 2.8113 -2.6136 -72.5667 1.7498 -2.3878 -72.1096 2.6984
3 16 -4.7604 -73.8386 -1.8916 -2.5717 -74.2328 0.8268 -5.1282 -70.7246 0.8155
3 16 -5.1282 -70.7246 0.8155 -2.5717 -74.2328 0.8268 -2.6136 -72.5667 1.7498
3 16 -4.5464 -76.6296 -4.9077 -2.6069 -76.6874 -2.1273 -4.7604 -73.8386 -1.8916
3 16 -4.7604 -73.8386 -1.8916 -2.6069 -76.6874 -2.1273 -2.4238 -76.0059 -1.2497
3 16 -2.4238 -76.0059 -1.2497 -2.4551 -75.715 -0.8176 -4.7604 -73.8386 -1.8916
3 16 -2.5717 -74.2328 0.8268 -4.7604 -73.8386 -1.8916 -2.4551 -75.715 -0.8176
3 16 -2.6834 -60.9673 7.3389 0 -60.5225 7.9321 -3.5812 -56.7506 8.2539
3 16 -3.5812 -56.7506 8.2539 0 -60.5225 7.9321 0 -56.4215 9.007
3 16 -2.8405 -80.8895 -18.6408 -5.5881 -80.3865 -18.129 -2.7721 -78.6524 -18.229
3 16 -2.7721 -78.6524 -18.229 -5.5881 -80.3865 -18.129 -5.7653 -77.5521 -17.4681
3 16 -4.795 -73.1935 -21.2046 -2.0638 -74.8438 -21.2736 -5.471 -75.7966 -18.8448
3 16 -5.471 -75.7966 -18.8448 -2.0638 -74.8438 -21.2736 -2.6726 -76.7188 -19.467
3 16 -6.8908 -61.1755 -0.5521 -5.6651 -62.5247 5.1642 -8.517 -56.7674 1.0599
3 16 -8.517 -56.7674 1.0599 -5.6651 -62.5247 5.1642 -6.6161 -57.4872 7.0083
3 16 -5.2002 -78.4772 -9.0253 -3.8494 -78.215 -6.2044 -6.2764 -74.7612 -6.4163
3 16 -6.2764 -74.7612 -6.4163 -3.8494 -78.215 -6.2044 -4.5464 -76.6296 -4.9077
3 16 -3.6223 -57.5225 -27.1309 -3.7058 -58.0897 -26.8808 -4.006 -57.3155 -26.2579
3 16 -4.006 -57.3155 -26.2579 -3.7058 -58.0897 -26.8808 -3.9456 -58.4291 -26.0954
3 16 -3.9456 -58.4291 -26.0954 -4.1164 -57.9946 -25.3779 -4.006 -57.3155 -26.2579
3 16 -4.006 -57.3155 -26.2579 -4.1164 -57.9946 -25.3779 -4.1514 -57.0988 -25.2552
3 16 -4.0636 -56.2543 -26.4128 -3.7655 -56.675 -27.012 -4.006 -57.3155 -26.2579
3 16 -4.006 -57.3155 -26.2579 -3.7655 -56.675 -27.012 -3.6223 -57.5225 -27.1309
3 16 -4.0636 -56.2543 -26.4128 -4.006 -57.3155 -26.2579 -4.1308 -56.5518 -25.6372
3 16 -4.1308 -56.5518 -25.6372 -4.006 -57.3155 -26.2579 -4.1514 -57.0988 -25.2552
3 16 -5.1282 -70.7246 0.8155 -2.5912 -71.3395 2.8113 -5.3584 -67.6166 2.6782
3 16 -5.3584 -67.6166 2.6782 -2.5912 -71.3395 2.8113 -2.8386 -68.0956 4.452
3 16 -5.6651 -62.5247 5.1642 -5.3584 -67.6166 2.6782 -2.8073 -65.9548 5.4807
3 16 -2.8073 -65.9548 5.4807 -5.3584 -67.6166 2.6782 -2.8386 -68.0956 4.452
3 16 -5.6651 -62.5247 5.1642 -2.8073 -65.9548 5.4807 -2.8804 -65.0047 5.8759
3 16 -2.3454 -79.7543 -5.9309 -3.8494 -78.215 -6.2044 -2.62 -80.5838 -8.0548
3 16 -2.8214 -81.3036 -10.0489 -2.62 -80.5838 -8.0548 -5.2002 -78.4772 -9.0253
3 16 -3.8494 -78.215 -6.2044 -5.2002 -78.4772 -9.0253 -2.62 -80.5838 -8.0548
3 16 -2.4374 -84.6784 -14.5985 -2.7518 -84.8307 -15.1633 -2.2814 -84.6539 -16.1042
3 16 -2.2814 -84.6539 -16.1042 -2.7518 -84.8307 -15.1633 -3.0057 -85.2459 -16.1025
3 16 -2.4374 -84.6784 -14.5985 -2.6924 -83.3538 -12.9341 -2.7518 -84.8307 -15.1633
3 16 -2.7518 -84.8307 -15.1633 -2.6924 -83.3538 -12.9341 -5.1478 -84.2282 -14.6297
3 16 -6.9772 -83.6027 -18.8975 -5.4204 -82.7013 -19.2122 -6.4118 -85.9534 -20.1073
3 16 -6.4118 -85.9534 -20.1073 -5.4204 -82.7013 -19.2122 -4.9425 -86.3625 -20.5704
3 16 -5.4204 -82.7013 -19.2122 -2.1391 -83.3024 -19.6655 -2.9941 -85.0717 -20.3653
3 16 -5.2827 -58.6761 -22.8922 -4.752 -58.3608 -25.118 -4.2526 -60.2634 -26.459
3 16 -4.2526 -60.2634 -26.459 -4.752 -58.3608 -25.118 -4.4957 -58.898 -26.211
3 16 -5.2673 -55.6704 -22.6884 -4.7753 -56.9603 -24.9707 -5.2827 -58.6761 -22.8922
3 16 -5.2827 -58.6761 -22.8922 -4.7753 -56.9603 -24.9707 -4.752 -58.3608 -25.118
3 16 -4.7753 -56.9603 -24.9707 -5.2673 -55.6704 -22.6884 -4.673 -56.0943 -25.5816
3 16 -4.673 -56.0943 -25.5816 -5.2673 -55.6704 -22.6884 -4.4647 -52.3011 -25.6744
3 16 -12.2715 -45.7512 -3.298 -12.2661 -37.5215 6.6171 -12.1873 -41.0196 -3.5932
3 16 -12.1873 -41.0196 -3.5932 -8.2967 -39.9135 -6.3058 -12.2715 -45.7512 -3.298
3 16 -12.2715 -45.7512 -3.298 -8.2967 -39.9135 -6.3058 -4.9454 -44.5517 -7.7294
3 16 -12.1925 -49.209 -2.0126 -12.2715 -45.7512 -3.298 -9.515 -51.7323 -3.9366
3 16 -9.515 -51.7323 -3.9366 -12.2715 -45.7512 -3.298 -4.9454 -44.5517 -7.7294
3 16 -12.1925 -49.209 -2.0126 -12.2661 -37.5215 6.6171 -12.2715 -45.7512 -3.298
3 16 4.7062 -51.426 44.1138 9.235 -50.8805 44.1804 5.0828 -50.5454 44.7174
3 16 4.7062 -51.426 44.1138 4.0582 -52.0707 43.2985 9.235 -50.8805 44.1804
3 16 4.8713 -48.6458 46.5734 9.3973 -47.4248 46.8866 4.7643 -47.2637 47.2661
3 16 -9.8403 -55.1779 1.0085 -8.517 -56.7674 1.0599 -8.7696 -56.3572 8.1334
3 16 -8.7696 -56.3572 8.1334 -8.517 -56.7674 1.0599 -6.6161 -57.4872 7.0083
3 16 -6.6161 -57.4872 7.0083 -3.5812 -56.7506 8.2539 -8.7696 -56.3572 8.1334
3 16 -8.7696 -56.3572 8.1334 -3.5812 -56.7506 8.2539 -8.6736 -55.7873 12.6168
3 16 -8.6736 -55.7873 12.6168 -3.5812 -56.7506 8.2539 0 -55.7873 12.6132
3 16 0 -55.7873 12.6132 -3.5812 -56.7506 8.2539 0 -56.4215 9.007
3 16 4.3789 -56.5244 8.3219 0 -56.4215 9.007 2.4055 -60.9673 7.3389
3 16 2.4055 -60.9673 7.3389 0 -56.4215 9.007 0 -60.5225 7.9321
3 16 0 -55.7873 12.6132 2.3656 -55.7873 14.2889 0 -55.7873 13.8184
3 16 -2.3656 -55.7873 14.2889 0 -55.7873 12.6132 0 -55.7873 13.8184
3 16 2.5743 -38.1051 4.2906 2.5743 -33.2471 -3.8984 1.9075 -34.2434 -4.7387
3 16 -3.5972 0 54.5616 -8.5347 0 45.2157 -11.0702 0 45.3983
3 16 -3.5972 0 54.5616 -4.1299 0 44.7952 -8.5347 0 45.2157
3 16 10.2786 0 29.9954 2.5743 0 29.9149 3.8912 0 34.9632
3 16 3.8912 0 34.9632 2.5743 0 29.9149 2.5743 0 34.2272
3 16 -3.8579 -52.2126 43.0168 -9.1519 -50.9902 43.8379 -8.8758 -53.1694 41.3735
3 16 -6.1816 -55.7873 20 -8.6892 -55.6873 19.3623 -5.7111 -55.7873 17.6344
3 16 2.5743 -23.6603 9.2504 2.5743 -26.6006 -1.8541 2.5743 -29.5045 9.3793
3 16 2.5743 -29.5045 9.3793 2.5743 -26.6006 -1.8541 2.5743 -30.2881 -2.0763
3 16 2.5743 -33.2471 -3.8984 2.5743 -38.1051 4.2906 2.5743 -30.2881 -2.0763
3 16 2.5743 -30.2881 -2.0763 2.5743 -38.1051 4.2906 2.5743 -29.5045 9.3793
3 16 0.4015 -45.7541 23.1617 0.2177 -45.7541 16.3383 -5.8346 -45.4911 19.1788
3 16 12.1789 -54.0195 7.7482 12.1789 -36.4437 12.8509 12.1789 -53.7253 11.5258
3 16 12.1789 -36.354 7.659 12.1789 -40.006 -2.8339 12.1789 -36.3729 -0.8867
3 16 12.1789 -53.9826 4.462 12.1789 -36.4437 12.8509 12.1789 -54.0195 7.7482
3 16 12.1789 -44.4771 -3.7203 12.1789 -36.354 7.659 12.1789 -48.5019 -2.3005
3 16 12.1789 -44.4771 -3.7203 12.1789 -40.006 -2.8339 12.1789 -36.354 7.659
3 16 12.1789 -51.4696 0.2024 12.1789 -36.354 7.659 12.1789 -53.9826 4.462
3 16 12.1789 -53.9826 4.462 12.1789 -36.354 7.659 12.1789 -36.4437 12.8509
3 16 12.1789 -48.5019 -2.3005 12.1789 -36.354 7.659 12.1789 -51.4696 0.2024
3 16 10.1989 -53.8389 -0.1684 12.1789 -53.9826 4.462 8.6414 -56.3558 7.9309
3 16 8.6414 -56.3558 7.9309 12.1789 -53.9826 4.462 12.1789 -54.0195 7.7482
3 191 1.0875 -77.6873 -23.4711 1.7859 -74.8438 -21.2736 1.1818 -78.9049 -22.1937
3 191 1.1818 -78.9049 -22.1937 1.7859 -74.8438 -21.2736 2.3947 -76.7188 -19.467
3 191 0 -77.8884 -23.93 0 -74.1355 -21.422 1.0875 -77.6873 -23.4711
3 191 1.0875 -77.6873 -23.4711 0 -74.1355 -21.422 1.7859 -74.8438 -21.2736
3 191 3.5433 -53.1262 45.2878 1.3337 -54.5039 44.8488 3.7314 -52.876 42.3385
3 191 3.7314 -52.876 42.3385 1.3337 -54.5039 44.8488 1.4542 -54.5194 40.1571
3 191 3.7317 -52.0963 48.1123 1.0318 -53.4062 48.2923 3.5433 -53.1262 45.2878
3 191 3.5433 -53.1262 45.2878 1.0318 -53.4062 48.2923 1.3337 -54.5039 44.8488
3 191 3.8508 -49.9062 50.2532 0.7648 -51.0556 51.0122 3.7317 -52.0963 48.1123
3 191 3.7317 -52.0963 48.1123 0.7648 -51.0556 51.0122 1.0318 -53.4062 48.2923
3 191 -0.6221 -48.7358 52.5778 0.7648 -51.0556 51.0122 3.5022 -47.3836 51.6748
3 191 3.5022 -47.3836 51.6748 0.7648 -51.0556 51.0122 3.8508 -49.9062 50.2532
3 191 -1.0792 -46.4144 53.7597 -0.6221 -48.7358 52.5778 2.7607 -44.9185 52.7765
3 191 2.7607 -44.9185 52.7765 -0.6221 -48.7358 52.5778 3.5022 -47.3836 51.6748
3 191 -1.3786 -44.1597 55.0168 -1.0792 -46.4144 53.7597 1.2653 -42.7118 54.9296
3 191 1.2653 -42.7118 54.9296 -1.0792 -46.4144 53.7597 2.7607 -44.9185 52.7765
3 191 1.2653 -42.7118 54.9296 0.0569 -42.2976 56.1517 -1.3786 -44.1597 55.0168
3 191 -1.3786 -44.1597 55.0168 0.0569 -42.2976 56.1517 -1.4756 -42.9336 56.0505
3 191 0.7648 -51.0556 51.0122 -1.0047 -51.2626 50.6637 1.0318 -53.4062 48.2923
3 191 1.0318 -53.4062 48.2923 -1.0047 -51.2626 50.6637 -1.5256 -53.4979 48.0154
3 191 -2.0332 -54.4449 44.5995 1.3337 -54.5039 44.8488 -1.5256 -53.4979 48.0154
3 191 -1.5256 -53.4979 48.0154 1.3337 -54.5039 44.8488 1.0318 -53.4062 48.2923
3 191 -2.0332 -54.4449 44.5995 -1.7823 -54.4175 40.3103 1.3337 -54.5039 44.8488
3 191 1.3337 -54.5039 44.8488 -1.7823 -54.4175 40.3103 1.4542 -54.5194 40.1571
3 191 0.7648 -51.0556 51.0122 -0.6221 -48.7358 52.5778 -1.0047 -51.2626 50.6637
3 191 -3.605 -52.4709 44.8673 -3.8579 -52.2126 43.0168 -2.0332 -54.4449 44.5995
3 191 -2.0332 -54.4449 44.5995 -3.8579 -52.2126 43.0168 -1.7823 -54.4175 40.3103
3 191 -1.5256 -53.4979 48.0154 -3.6772 -51.8368 46.9523 -2.0332 -54.4449 44.5995
3 191 -2.0332 -54.4449 44.5995 -3.6772 -51.8368 46.9523 -3.605 -52.4709 44.8673
3 191 -1.0047 -51.2626 50.6637 -3.7028 -50.36 48.7282 -1.5256 -53.4979 48.0154
3 191 -1.5256 -53.4979 48.0154 -3.7028 -50.36 48.7282 -3.6772 -51.8368 46.9523
3 191 -2.449 -46.307 52.7935 -1.0792 -46.4144 53.7597 -2.7036 -44.4348 53.723
3 191 -2.7036 -44.4348 53.723 -1.0792 -46.4144 53.7597 -1.3786 -44.1597 55.0168
3 191 -1.4756 -42.9336 56.0505 -2.6372 -42.79 54.8075 -1.3786 -44.1597 55.0168
3 191 -1.3786 -44.1597 55.0168 -2.6372 -42.79 54.8075 -2.7036 -44.4348 53.723
3 191 -1.4582 -42.3789 56.5128 -2.2403 -41.6971 55.5275 -1.4756 -42.9336 56.0505
3 191 -1.4756 -42.9336 56.0505 -2.2403 -41.6971 55.5275 -2.6372 -42.79 54.8075
3 191 -2.2403 -41.6971 55.5275 -2.1195 -41.1724 54.0688 -2.6372 -42.79 54.8075
3 191 -2.6372 -42.79 54.8075 -2.1195 -41.1724 54.0688 -2.6981 -42.4823 53.5634
3 191 -2.6372 -42.79 54.8075 -2.6981 -42.4823 53.5634 -2.7036 -44.4348 53.723
3 191 -2.7036 -44.4348 53.723 -2.6981 -42.4823 53.5634 -3.0573 -44.4267 52.7602
3 191 -3.1395 -46.2976 51.7956 -2.449 -46.307 52.7935 -3.0573 -44.4267 52.7602
3 191 -3.0573 -44.4267 52.7602 -2.449 -46.307 52.7935 -2.7036 -44.4348 53.723
3 191 -3.8977 -50.9564 45.3316 -4.0171 -50.9721 44.3684 -3.605 -52.4709 44.8673
3 191 -3.605 -52.4709 44.8673 -4.0171 -50.9721 44.3684 -3.8579 -52.2126 43.0168
3 191 -3.605 -52.4709 44.8673 -3.6772 -51.8368 46.9523 -3.8977 -50.9564 45.3316
3 191 -3.8977 -50.9564 45.3316 -3.6772 -51.8368 46.9523 -3.8815 -50.6546 46.3983
3 191 -3.8815 -50.6546 46.3983 -3.6772 -51.8368 46.9523 -3.876 -49.7457 47.2827
3 191 -3.876 -49.7457 47.2827 -3.6772 -51.8368 46.9523 -3.7028 -50.36 48.7282
3 191 -3.7905 -48.1204 50.0866 -3.7983 -47.3517 48.6221 -3.7028 -50.36 48.7282
3 191 -3.7028 -50.36 48.7282 -3.7983 -47.3517 48.6221 -3.876 -49.7457 47.2827
3 191 -3.7905 -48.1204 50.0866 -3.8996 -46.1667 50.8576 -3.7983 -47.3517 48.6221
3 191 -3.7983 -47.3517 48.6221 -3.8996 -46.1667 50.8576 -3.8707 -45.6902 49.1079
3 191 -0.6221 -48.7358 52.5778 -3.7905 -48.1204 50.0866 -1.0047 -51.2626 50.6637
3 191 -1.0047 -51.2626 50.6637 -3.7905 -48.1204 50.0866 -3.7028 -50.36 48.7282
3 191 -4.1614 -44.1741 51.6152 -3.0573 -44.4267 52.7602 -4.3637 -42.179 52.4133
3 191 -4.3637 -42.179 52.4133 -3.0573 -44.4267 52.7602 -2.6981 -42.4823 53.5634
3 191 -4.1614 -44.1741 51.6152 -4.3637 -42.179 52.4133 -4.0223 -43.5778 49.6908
3 191 -4.0223 -43.5778 49.6908 -4.3637 -42.179 52.4133 -4.1505 -41.0916 50.4877
3 191 -4.3637 -42.179 52.4133 -4.0234 -40.0988 53.4952 -4.1505 -41.0916 50.4877
3 191 -4.1505 -41.0916 50.4877 -4.0234 -40.0988 53.4952 -4.0162 -39.0762 51.6225
3 191 -3.4031 -37.8099 55.0866 -3.5484 -36.5414 53.4526 -4.0234 -40.0988 53.4952
3 191 -4.0234 -40.0988 53.4952 -3.5484 -36.5414 53.4526 -4.0162 -39.0762 51.6225
3 191 -2.5147 -36.9007 56.3711 -2.6009 -34.8951 55.3301 -3.4031 -37.8099 55.0866
3 191 -3.4031 -37.8099 55.0866 -2.6009 -34.8951 55.3301 -3.5484 -36.5414 53.4526
3 191 -4.1614 -44.1741 51.6152 -4.0223 -43.5778 49.6908 -3.8996 -46.1667 50.8576
3 191 -3.8996 -46.1667 50.8576 -4.0223 -43.5778 49.6908 -3.8707 -45.6902 49.1079
3 191 -3.0573 -44.4267 52.7602 -4.1614 -44.1741 51.6152 -3.1395 -46.2976 51.7956
3 191 -3.1395 -46.2976 51.7956 -4.1614 -44.1741 51.6152 -3.8996 -46.1667 50.8576
3 191 -1.4 -34.1533 56.4278 -2.6009 -34.8951 55.3301 -1.4026 -36.6076 57.3303
3 191 -1.4026 -36.6076 57.3303 -2.6009 -34.8951 55.3301 -2.5147 -36.9007 56.3711
3 191 3.7146 -46.7223 51.1255 3.5022 -47.3836 51.6748 4.119 -49.3962 49.7829
3 191 4.119 -49.3962 49.7829 3.5022 -47.3836 51.6748 3.8508 -49.9062 50.2532
3 191 4.119 -49.3962 49.7829 3.8508 -49.9062 50.2532 4.1194 -51.201 47.8992
3 191 4.1194 -51.201 47.8992 3.8508 -49.9062 50.2532 3.7317 -52.0963 48.1123
3 191 4.1194 -51.201 47.8992 3.7317 -52.0963 48.1123 4.108 -52.1184 45.632
3 191 4.108 -52.1184 45.632 3.7317 -52.0963 48.1123 3.5433 -53.1262 45.2878
3 191 4.108 -52.1184 45.632 3.5433 -53.1262 45.2878 4.0582 -52.0707 43.2985
3 191 4.0582 -52.0707 43.2985 3.5433 -53.1262 45.2878 3.7314 -52.876 42.3385
3 191 4.7633 -51.2951 45.83 4.108 -52.1184 45.632 4.7062 -51.426 44.1138
3 191 4.7062 -51.426 44.1138 4.108 -52.1184 45.632 4.0582 -52.0707 43.2985
3 191 4.7916 -50.7346 47.602 4.1194 -51.201 47.8992 4.7633 -51.2951 45.83
3 191 4.7633 -51.2951 45.83 4.1194 -51.201 47.8992 4.108 -52.1184 45.632
3 191 4.9082 -48.9378 49.3942 4.119 -49.3962 49.7829 4.7916 -50.7346 47.602
3 191 4.7916 -50.7346 47.602 4.119 -49.3962 49.7829 4.1194 -51.201 47.8992
3 191 4.119 -49.3962 49.7829 4.9082 -48.9378 49.3942 3.7146 -46.7223 51.1255
3 191 3.7146 -46.7223 51.1255 4.9082 -48.9378 49.3942 4.8444 -46.2528 50.6719
3 191 3.5022 -47.3836 51.6748 3.7146 -46.7223 51.1255 2.7607 -44.9185 52.7765
3 191 2.7607 -44.9185 52.7765 3.7146 -46.7223 51.1255 2.9439 -44.1321 51.8566
3 191 4.5124 -43.7337 51.1315 2.9439 -44.1321 51.8566 4.8444 -46.2528 50.6719
3 191 4.8444 -46.2528 50.6719 2.9439 -44.1321 51.8566 3.7146 -46.7223 51.1255
3 191 4.7042 -42.3816 49.7449 4.5124 -43.7337 51.1315 4.8675 -45.4859 49.4044
3 191 4.8675 -45.4859 49.4044 4.5124 -43.7337 51.1315 4.8444 -46.2528 50.6719
3 191 2.9439 -44.1321 51.8566 1.4295 -42.2355 52.8918 2.7607 -44.9185 52.7765
3 191 2.7607 -44.9185 52.7765 1.4295 -42.2355 52.8918 1.2653 -42.7118 54.9296
3 191 4.8675 -45.4859 49.4044 4.8444 -46.2528 50.6719 4.9737 -48.0919 48.473
3 191 4.9737 -48.0919 48.473 4.8444 -46.2528 50.6719 4.9082 -48.9378 49.3942
3 191 4.7916 -50.7346 47.602 4.9934 -49.2759 47.2425 4.9082 -48.9378 49.3942
3 191 4.9082 -48.9378 49.3942 4.9934 -49.2759 47.2425 4.9737 -48.0919 48.473
3 191 4.7633 -51.2951 45.83 5.0053 -49.8711 46.1661 4.7916 -50.7346 47.602
3 191 4.7916 -50.7346 47.602 5.0053 -49.8711 46.1661 4.9934 -49.2759 47.2425
3 191 4.7062 -51.426 44.1138 5.0828 -50.5454 44.7174 4.7633 -51.2951 45.83
3 191 4.7633 -51.2951 45.83 5.0828 -50.5454 44.7174 5.0053 -49.8711 46.1661
3 191 4.8675 -45.4859 49.4044 4.4377 -45.0341 48.5077 4.7042 -42.3816 49.7449
3 191 4.7042 -42.3816 49.7449 4.4377 -45.0341 48.5077 4.2009 -42.2365 48.872
3 191 4.4486 -40.0968 50.2343 3.7461 -39.7311 49.3394 4.2103 -38.1355 50.9232
3 191 4.2103 -38.1355 50.9232 3.7461 -39.7311 49.3394 3.3422 -37.9151 49.7371
3 191 3.962 -36.5598 52.0249 4.2103 -38.1355 50.9232 3.2322 -36.0704 51.2397
3 191 3.2322 -36.0704 51.2397 4.2103 -38.1355 50.9232 3.3422 -37.9151 49.7371
3 191 3.1468 -35.1334 55.0425 3.962 -36.5598 52.0249 3.1537 -34.4974 53.1967
3 191 3.1537 -34.4974 53.1967 3.962 -36.5598 52.0249 3.2322 -36.0704 51.2397
3 191 3.1537 -34.4974 53.1967 2.8046 -33.7262 55.6544 3.1468 -35.1334 55.0425
3 191 3.875 -41.21 51.7865 4.4486 -40.0968 50.2343 3.2846 -39.5325 52.8451
3 191 3.2846 -39.5325 52.8451 4.4486 -40.0968 50.2343 4.2103 -38.1355 50.9232
3 191 4.2103 -38.1355 50.9232 3.962 -36.5598 52.0249 3.2846 -39.5325 52.8451
3 191 3.2846 -39.5325 52.8451 3.962 -36.5598 52.0249 2.8132 -38.4211 53.9169
3 191 2.1879 -36.8319 56.0506 2.8132 -38.4211 53.9169 3.1468 -35.1334 55.0425
3 191 3.1468 -35.1334 55.0425 2.8132 -38.4211 53.9169 3.962 -36.5598 52.0249
3 191 1.4262 -35.9273 57.8191 2.1879 -36.8319 56.0506 1.8627 -34.7795 57.7096
3 191 1.8627 -34.7795 57.7096 2.1879 -36.8319 56.0506 3.1468 -35.1334 55.0425
3 191 2.0867 -33.639 56.9973 1.8627 -34.7795 57.7096 2.8046 -33.7262 55.6544
3 191 2.8046 -33.7262 55.6544 1.8627 -34.7795 57.7096 3.1468 -35.1334 55.0425
3 191 1.4262 -35.9273 57.8191 0.2698 -36.4237 58.2349 2.1879 -36.8319 56.0506
3 191 2.1879 -36.8319 56.0506 0.2698 -36.4237 58.2349 -0.5523 -37.982 56.1655
3 191 4.5124 -43.7337 51.1315 4.7042 -42.3816 49.7449 3.875 -41.21 51.7865
3 191 3.875 -41.21 51.7865 4.7042 -42.3816 49.7449 4.4486 -40.0968 50.2343
3 191 1.1818 -78.9049 -22.1937 0 -79.3473 -22.8876 1.0875 -77.6873 -23.4711
3 191 1.0875 -77.6873 -23.4711 0 -79.3473 -22.8876 0 -77.8884 -23.93
3 191 0 -82.8104 -20.9581 0 -81.2632 -20.4329 0.8797 -82.8922 -20.7169
3 191 0.8797 -82.8922 -20.7169 0 -81.2632 -20.4329 0.8527 -81.2251 -20.3932
3 191 0.8797 -82.8922 -20.7169 0.639 -83.9156 -20.6662 0 -82.8104 -20.9581
3 191 0 -82.8104 -20.9581 0.639 -83.9156 -20.6662 0 -83.9738 -20.9008
3 191 0.6901 -84.6911 -19.7611 0 -84.7143 -19.7903 0.639 -83.9156 -20.6662
3 191 0.639 -83.9156 -20.6662 0 -84.7143 -19.7903 0 -83.9738 -20.9008
3 191 0.8797 -82.8922 -20.7169 1.8611 -83.3024 -19.6655 0.639 -83.9156 -20.6662
3 191 1.8611 -83.3024 -19.6655 1.9 -84.1226 -18.9323 0.639 -83.9156 -20.6662
3 191 0.6901 -84.6911 -19.7611 0.639 -83.9156 -20.6662 1.9 -84.1226 -18.9323
3 191 0.8797 -82.8922 -20.7169 0.8527 -81.2251 -20.3932 1.8611 -83.3024 -19.6655
3 191 1.8611 -83.3024 -19.6655 0.8527 -81.2251 -20.3932 2.5625 -80.8895 -18.6408
3 191 0.8956 -80.0802 -20.3232 0 -80.0783 -20.3902 1.1818 -78.9049 -22.1937
3 191 1.1818 -78.9049 -22.1937 0 -80.0783 -20.3902 0 -79.3473 -22.8876
3 191 1.1818 -78.9049 -22.1937 2.3947 -76.7188 -19.467 0.8956 -80.0802 -20.3232
3 191 0.8956 -80.0802 -20.3232 2.3947 -76.7188 -19.467 2.4941 -78.6524 -18.229
3 191 0.9196 -84.965 -18.0835 0 -84.9014 -18.1405 0.6901 -84.6911 -19.7611
3 191 0.6901 -84.6911 -19.7611 0 -84.9014 -18.1405 0 -84.7143 -19.7903
3 191 0 -84.9014 -18.1405 0.9196 -84.965 -18.0835 0 -84.524 -16.0911
3 191 0 -84.524 -16.0911 0.9196 -84.965 -18.0835 1.3115 -84.4736 -16.0193
3 191 2.0034 -84.6539 -16.1042 1.3115 -84.4736 -16.0193 1.9347 -84.4729 -17.8787
3 191 1.9347 -84.4729 -17.8787 1.3115 -84.4736 -16.0193 0.9196 -84.965 -18.0835
3 191 0.6901 -84.6911 -19.7611 1.9 -84.1226 -18.9323 0.9196 -84.965 -18.0835
3 191 0.9196 -84.965 -18.0835 1.9 -84.1226 -18.9323 1.9347 -84.4729 -17.8787
3 191 0 -81.2632 -20.4329 0 -80.0783 -20.3902 0.8527 -81.2251 -20.3932
3 191 0.8527 -81.2251 -20.3932 0 -80.0783 -20.3902 0.8956 -80.0802 -20.3232
3 191 0.8527 -81.2251 -20.3932 0.8956 -80.0802 -20.3232 2.5625 -80.8895 -18.6408
3 191 2.5625 -80.8895 -18.6408 0.8956 -80.0802 -20.3232 2.4941 -78.6524 -18.229
3 191 1.6874 -85.0561 -15.0167 0 -84.8605 -15.6733 1.3115 -84.4736 -16.0193
3 191 1.3115 -84.4736 -16.0193 0 -84.8605 -15.6733 0 -84.524 -16.0911
3 191 1.4295 -42.2355 52.8918 2.9439 -44.1321 51.8566 3.875 -41.21 51.7865
3 191 3.875 -41.21 51.7865 2.9439 -44.1321 51.8566 4.5124 -43.7337 51.1315
3 191 3.7461 -39.7311 49.3394 4.4486 -40.0968 50.2343 4.2009 -42.2365 48.872
3 191 4.2009 -42.2365 48.872 4.4486 -40.0968 50.2343 4.7042 -42.3816 49.7449
3 191 2.1879 -36.8319 56.0506 -0.5523 -37.982 56.1655 2.8132 -38.4211 53.9169
3 191 2.8132 -38.4211 53.9169 -0.5523 -37.982 56.1655 -0.9206 -40.1132 54.79
3 191 0.3862 -40.8071 53.9191 1.4295 -42.2355 52.8918 3.2846 -39.5325 52.8451
3 191 3.2846 -39.5325 52.8451 1.4295 -42.2355 52.8918 3.875 -41.21 51.7865
3 191 3.2846 -39.5325 52.8451 2.8132 -38.4211 53.9169 0.3862 -40.8071 53.9191
3 191 0.3862 -40.8071 53.9191 2.8132 -38.4211 53.9169 -0.9206 -40.1132 54.79
3 191 -1.4026 -36.6076 57.3303 -0.5713 -36.0647 58.1045 -1.4 -34.1533 56.4278
3 191 -0.5713 -36.0647 58.1045 -0.8364 -34.9878 58.0151 -1.4 -34.1533 56.4278
3 191 -1.4 -34.1533 56.4278 -0.8364 -34.9878 58.0151 -0.5503 -33.9513 56.979
3 191 -0.5713 -36.0647 58.1045 -1.4026 -36.6076 57.3303 0.2698 -36.4237 58.2349
3 191 0.2698 -36.4237 58.2349 -1.4026 -36.6076 57.3303 -0.5523 -37.982 56.1655
3 191 -2.5147 -36.9007 56.3711 -3.4031 -37.8099 55.0866 -0.5523 -37.982 56.1655
3 191 -0.5523 -37.982 56.1655 -3.4031 -37.8099 55.0866 -0.9206 -40.1132 54.79
3 191 -0.9206 -40.1132 54.79 -3.4031 -37.8099 55.0866 -4.0234 -40.0988 53.4952
3 191 0.5782 -35.8425 58.6873 0.0262 -35.5172 58.5747 0.2698 -36.4237 58.2349
3 191 0.2698 -36.4237 58.2349 0.0262 -35.5172 58.5747 -0.5713 -36.0647 58.1045
3 191 -0.5713 -36.0647 58.1045 0.0262 -35.5172 58.5747 -0.8364 -34.9878 58.0151
3 191 0.3923 -34.4333 58.2231 -0.8364 -34.9878 58.0151 0.1764 -34.8983 58.4828
3 191 -0.8364 -34.9878 58.0151 0.0262 -35.5172 58.5747 0.1764 -34.8983 58.4828
3 191 -3.1395 -46.2976 51.7956 -3.7905 -48.1204 50.0866 -2.449 -46.307 52.7935
3 191 -2.449 -46.307 52.7935 -3.7905 -48.1204 50.0866 -0.6221 -48.7358 52.5778
3 191 -2.2403 -41.6971 55.5275 -1.4582 -42.3789 56.5128 -1.2087 -41.0391 56.3541
3 191 -1.2087 -41.0391 56.3541 -1.4582 -42.3789 56.5128 -1.1932 -42.0317 56.7711
3 191 -2.1195 -41.1724 54.0688 -2.2403 -41.6971 55.5275 -0.9206 -40.1132 54.79
3 191 -0.9206 -40.1132 54.79 -2.2403 -41.6971 55.5275 -1.2087 -41.0391 56.3541
3 191 -4.3637 -42.179 52.4133 -2.6981 -42.4823 53.5634 -4.0234 -40.0988 53.4952
3 191 -4.0234 -40.0988 53.4952 -2.6981 -42.4823 53.5634 -2.1195 -41.1724 54.0688
3 191 -4.0234 -40.0988 53.4952 -2.1195 -41.1724 54.0688 -0.9206 -40.1132 54.79
3 191 -1.4756 -42.9336 56.0505 0.0569 -42.2976 56.1517 -1.4582 -42.3789 56.5128
3 191 -1.1932 -42.0317 56.7711 -1.4582 -42.3789 56.5128 0.0569 -42.2976 56.1517
3 191 0.3862 -40.8071 53.9191 -0.9206 -40.1132 54.79 0.1049 -41.5472 55.3215
3 191 0.1049 -41.5472 55.3215 -0.9206 -40.1132 54.79 -1.2087 -41.0391 56.3541
3 191 0.1049 -41.5472 55.3215 1.2653 -42.7118 54.9296 0.3862 -40.8071 53.9191
3 191 0.3862 -40.8071 53.9191 1.2653 -42.7118 54.9296 1.4295 -42.2355 52.8918
3 191 0.0569 -42.2976 56.1517 1.2653 -42.7118 54.9296 0.1049 -41.5472 55.3215
3 191 0.1049 -41.5472 55.3215 -1.2087 -41.0391 56.3541 0.0569 -42.2976 56.1517
3 191 0.0569 -42.2976 56.1517 -1.2087 -41.0391 56.3541 -1.1932 -42.0317 56.7711
3 191 -2.449 -46.307 52.7935 -0.6221 -48.7358 52.5778 -1.0792 -46.4144 53.7597
3 191 -0.5523 -37.982 56.1655 -1.4026 -36.6076 57.3303 -2.5147 -36.9007 56.3711
3 191 4.9737 -48.0919 48.473 4.5871 -47.1882 48.0742 4.8675 -45.4859 49.4044
3 191 4.8675 -45.4859 49.4044 4.5871 -47.1882 48.0742 4.4377 -45.0341 48.5077
3 191 4.4377 -45.0341 48.5077 4.5871 -47.1882 48.0742 4.5959 -45.4599 47.8184
3 191 4.5959 -45.4599 47.8184 4.5871 -47.1882 48.0742 4.7643 -47.2637 47.2661
3 191 4.9934 -49.2759 47.2425 4.7859 -48.6083 47.0676 4.9737 -48.0919 48.473
3 191 4.9737 -48.0919 48.473 4.7859 -48.6083 47.0676 4.5871 -47.1882 48.0742
3 191 4.5871 -47.1882 48.0742 4.7859 -48.6083 47.0676 4.7643 -47.2637 47.2661
3 191 4.7643 -47.2637 47.2661 4.7859 -48.6083 47.0676 4.8713 -48.6458 46.5734
3 191 -4.3586 -49.257 45.9341 -3.876 -49.7457 47.2827 -4.5085 -47.1408 47.2535
3 191 -4.5085 -47.1408 47.2535 -3.876 -49.7457 47.2827 -3.7983 -47.3517 48.6221
3 191 -4.5085 -47.1408 47.2535 -3.7983 -47.3517 48.6221 -4.5038 -45.3657 48.1609
3 191 -4.5038 -45.3657 48.1609 -3.7983 -47.3517 48.6221 -3.8707 -45.6902 49.1079
3 191 -3.8707 -45.6902 49.1079 -4.0223 -43.5778 49.6908 -4.5038 -45.3657 48.1609
3 191 -4.5038 -45.3657 48.1609 -4.0223 -43.5778 49.6908 -4.7529 -43.1083 48.7337
3 191 -4.7929 -45.357 47.7145 -4.5038 -45.3657 48.1609 -4.8937 -43.0111 48.0759
3 191 -4.8937 -43.0111 48.0759 -4.5038 -45.3657 48.1609 -4.7529 -43.1083 48.7337
3 191 -4.7929 -45.357 47.7145 -4.5085 -47.1408 47.2535 -4.5038 -45.3657 48.1609
3 191 -4.7529 -43.1083 48.7337 -4.8313 -40.3188 49.4177 -4.8937 -43.0111 48.0759
3 191 -4.8937 -43.0111 48.0759 -4.8313 -40.3188 49.4177 -4.9343 -40.0503 48.1057
3 191 -4.8313 -40.3188 49.4177 -4.6655 -38.2767 50.07 -4.9343 -40.0503 48.1057
3 191 -4.9343 -40.0503 48.1057 -4.6655 -38.2767 50.07 -4.9251 -37.9197 48.1166
3 191 -4.0223 -43.5778 49.6908 -4.1505 -41.0916 50.4877 -4.7529 -43.1083 48.7337
3 191 -4.7529 -43.1083 48.7337 -4.1505 -41.0916 50.4877 -4.8313 -40.3188 49.4177
3 191 -4.8313 -40.3188 49.4177 -4.1505 -41.0916 50.4877 -4.4121 -39.3479 50.4295
3 191 -4.4121 -39.3479 50.4295 -4.1505 -41.0916 50.4877 -4.0162 -39.0762 51.6225
3 191 -4.2583 -36.7398 51.0364 -4.6655 -38.2767 50.07 -4.4121 -39.3479 50.4295
3 191 -4.4121 -39.3479 50.4295 -4.6655 -38.2767 50.07 -4.8313 -40.3188 49.4177
3 191 -4.4121 -39.3479 50.4295 -4.1906 -36.9449 51.8521 -4.2583 -36.7398 51.0364
3 191 -4.2583 -36.7398 51.0364 -4.1906 -36.9449 51.8521 -3.6403 -33.6887 52.3821
3 191 -3.6403 -33.6887 52.3821 -4.1906 -36.9449 51.8521 -3.8396 -34.5707 53.7403
3 191 4.0609 -38.9989 46.5125 4.0231 -35.6508 47.3307 4.0093 -38.1724 48.8526
3 191 4.0093 -38.1724 48.8526 4.0231 -35.6508 47.3307 3.9739 -35.6667 49.3946
3 191 3.2322 -36.0704 51.2397 3.3422 -37.9151 49.7371 3.1429 -35.4293 50.501
3 191 3.247 -33.028 51.7886 3.1537 -34.4974 53.1967 3.1429 -35.4293 50.501
3 191 3.1429 -35.4293 50.501 3.1537 -34.4974 53.1967 3.2322 -36.0704 51.2397
3 191 3.1537 -34.4974 53.1967 3.3327 -32.5658 54.5195 2.8046 -33.7262 55.6544
3 191 2.8046 -33.7262 55.6544 3.3327 -32.5658 54.5195 3.2279 -31.796 56.5087
3 191 2.5364 -31.1942 58.1979 2.0867 -33.639 56.9973 3.2279 -31.796 56.5087
3 191 3.2279 -31.796 56.5087 2.0867 -33.639 56.9973 2.8046 -33.7262 55.6544
3 191 3.2279 -31.796 56.5087 2.6151 -29.9745 56.4667 2.5364 -31.1942 58.1979
3 191 2.5364 -31.1942 58.1979 2.6151 -29.9745 56.4667 2.3995 -30.3799 58.0403
3 191 2.6151 -29.9745 56.4667 3.2279 -31.796 56.5087 3.0536 -30.5981 54.0607
3 191 3.0536 -30.5981 54.0607 3.2279 -31.796 56.5087 3.3327 -32.5658 54.5195
3 191 3.0536 -30.5981 54.0607 3.3327 -32.5658 54.5195 3.247 -33.028 51.7886
3 191 3.247 -33.028 51.7886 3.3327 -32.5658 54.5195 3.1537 -34.4974 53.1967
3 191 4.1102 -31.821 51.2622 3.3189 -30.2484 52.5706 3.247 -33.028 51.7886
3 191 3.247 -33.028 51.7886 3.3189 -30.2484 52.5706 3.0536 -30.5981 54.0607
3 191 3.1429 -35.4293 50.501 3.9739 -35.6667 49.3946 3.247 -33.028 51.7886
3 191 3.247 -33.028 51.7886 3.9739 -35.6667 49.3946 4.1102 -31.821 51.2622
3 191 3.1429 -35.4293 50.501 3.3422 -37.9151 49.7371 3.9739 -35.6667 49.3946
3 191 3.9739 -35.6667 49.3946 3.3422 -37.9151 49.7371 4.0093 -38.1724 48.8526
3 191 4.1102 -31.821 51.2622 3.9739 -35.6667 49.3946 4.1613 -31.9714 49.4176
3 191 4.1613 -31.9714 49.4176 3.9739 -35.6667 49.3946 4.0231 -35.6508 47.3307
3 191 3.9135 -35.6199 46.5335 3.3266 -32.4279 46.9894 4.0231 -35.6508 47.3307
3 191 4.0231 -35.6508 47.3307 3.3266 -32.4279 46.9894 4.1613 -31.9714 49.4176
3 191 4.0231 -35.6508 47.3307 4.0609 -38.9989 46.5125 3.9135 -35.6199 46.5335
3 191 3.3422 -37.9151 49.7371 3.7461 -39.7311 49.3394 4.0093 -38.1724 48.8526
3 191 4.0093 -38.1724 48.8526 3.7461 -39.7311 49.3394 4.0521 -39.9044 48.6181
3 191 4.3027 -41.3864 47.4616 4.0521 -39.9044 48.6181 4.2009 -42.2365 48.872
3 191 4.2009 -42.2365 48.872 4.0521 -39.9044 48.6181 3.7461 -39.7311 49.3394
3 191 4.4377 -45.0341 48.5077 4.5959 -45.4599 47.8184 4.2009 -42.2365 48.872
3 191 4.2009 -42.2365 48.872 4.5959 -45.4599 47.8184 4.3027 -41.3864 47.4616
3 191 4.0093 -38.1724 48.8526 4.0521 -39.9044 48.6181 4.0609 -38.9989 46.5125
3 191 4.0609 -38.9989 46.5125 4.0521 -39.9044 48.6181 4.3027 -41.3864 47.4616
3 191 -2.844 -31.4801 56.6821 -3.8396 -34.5707 53.7403 -1.4 -34.1533 56.4278
3 191 -1.4 -34.1533 56.4278 -3.8396 -34.5707 53.7403 -2.6009 -34.8951 55.3301
3 191 -2.2362 -31.7209 46.3186 -2.2362 -30.1006 47.5719 0.1985 -30.9432 46.6525
3 191 0.1985 -30.9432 46.6525 -2.2362 -30.1006 47.5719 0.4172 -29.7601 48.2639
3 191 3.3189 -30.2484 52.5706 0.0047 -29.7005 53.1355 3.0536 -30.5981 54.0607
3 191 3.0536 -30.5981 54.0607 0.0047 -29.7005 53.1355 -0.0112 -30.2225 54.3681
3 191 3.0536 -30.5981 54.0607 -0.0112 -30.2225 54.3681 2.6151 -29.9745 56.4667
3 191 2.6151 -29.9745 56.4667 -0.0112 -30.2225 54.3681 0.1277 -29.7989 56.7438
3 191 2.6151 -29.9745 56.4667 0.1277 -29.7989 56.7438 2.3995 -30.3799 58.0403
3 191 2.3995 -30.3799 58.0403 0.1277 -29.7989 56.7438 0.2562 -30.0906 57.8774
3 191 0.2562 -30.0906 57.8774 0.1366 -30.7114 58.284 2.3995 -30.3799 58.0403
3 191 2.3995 -30.3799 58.0403 0.1366 -30.7114 58.284 2.5364 -31.1942 58.1979
3 191 2.0867 -33.639 56.9973 2.5364 -31.1942 58.1979 1.2785 -33.5992 57.3337
3 191 0.1366 -30.7114 58.284 0.48 -33.702 57.3498 2.5364 -31.1942 58.1979
3 191 1.2785 -33.5992 57.3337 2.5364 -31.1942 58.1979 0.48 -33.702 57.3498
3 191 0.1764 -34.8983 58.4828 0.0262 -35.5172 58.5747 0.8981 -35.4986 58.6906
3 191 0.8981 -35.4986 58.6906 0.0262 -35.5172 58.5747 0.5782 -35.8425 58.6873
3 191 0.5782 -35.8425 58.6873 0.2698 -36.4237 58.2349 0.8981 -35.4986 58.6906
3 191 0.8981 -35.4986 58.6906 0.2698 -36.4237 58.2349 1.4262 -35.9273 57.8191
3 191 0.8981 -35.4986 58.6906 1.4262 -35.9273 57.8191 1.1115 -34.7385 58.4343
3 191 1.1115 -34.7385 58.4343 1.4262 -35.9273 57.8191 1.8627 -34.7795 57.7096
3 191 1.1115 -34.7385 58.4343 1.8627 -34.7795 57.7096 1.2785 -33.5992 57.3337
3 191 1.2785 -33.5992 57.3337 1.8627 -34.7795 57.7096 2.0867 -33.639 56.9973
3 191 0.3923 -34.4333 58.2231 0.1764 -34.8983 58.4828 1.1115 -34.7385 58.4343
3 191 1.1115 -34.7385 58.4343 0.1764 -34.8983 58.4828 0.8981 -35.4986 58.6906
3 191 0.48 -33.702 57.3498 0.3923 -34.4333 58.2231 1.2785 -33.5992 57.3337
3 191 1.2785 -33.5992 57.3337 0.3923 -34.4333 58.2231 1.1115 -34.7385 58.4343
3 191 0.48 -33.702 57.3498 -0.5503 -33.9513 56.979 0.3923 -34.4333 58.2231
3 191 0.3923 -34.4333 58.2231 -0.5503 -33.9513 56.979 -0.8364 -34.9878 58.0151
3 191 0.2562 -30.0906 57.8774 -1.914 -30.2012 57.4393 0.1366 -30.7114 58.284
3 191 0.1366 -30.7114 58.284 -1.914 -30.2012 57.4393 -1.9467 -30.8599 57.6777
3 191 0.48 -33.702 57.3498 0.1366 -30.7114 58.284 -0.5503 -33.9513 56.979
3 191 -0.5503 -33.9513 56.979 0.1366 -30.7114 58.284 -1.9467 -30.8599 57.6777
3 191 -1.4 -34.1533 56.4278 -0.5503 -33.9513 56.979 -2.844 -31.4801 56.6821
3 191 -2.844 -31.4801 56.6821 -0.5503 -33.9513 56.979 -1.9467 -30.8599 57.6777
3 191 -1.914 -30.2012 57.4393 -2.2943 -30.1085 56.3198 -1.9467 -30.8599 57.6777
3 191 -1.9467 -30.8599 57.6777 -2.2943 -30.1085 56.3198 -2.844 -31.4801 56.6821
3 191 -2.2943 -30.1085 56.3198 -2.117 -30.4124 54.5716 -2.844 -31.4801 56.6821
3 191 -2.844 -31.4801 56.6821 -2.117 -30.4124 54.5716 -2.9178 -31.2401 53.7147
3 191 -3.6403 -33.6887 52.3821 -3.8396 -34.5707 53.7403 -2.9178 -31.2401 53.7147
3 191 -2.9178 -31.2401 53.7147 -3.8396 -34.5707 53.7403 -2.844 -31.4801 56.6821
3 191 -4.9251 -37.9197 48.1166 -4.6655 -38.2767 50.07 -4.763 -35.9415 49.0393
3 191 -4.763 -35.9415 49.0393 -4.6655 -38.2767 50.07 -4.2583 -36.7398 51.0364
3 191 -4.763 -35.9415 49.0393 -4.2583 -36.7398 51.0364 -4.3613 -32.9397 50.6195
3 191 -4.3613 -32.9397 50.6195 -4.2583 -36.7398 51.0364 -3.6403 -33.6887 52.3821
3 191 -4.3613 -32.9397 50.6195 -4.2174 -32.8482 49.6302 -4.763 -35.9415 49.0393
3 191 -4.763 -35.9415 49.0393 -4.2174 -32.8482 49.6302 -4.6371 -35.9997 48.2851
3 191 -4.2174 -32.8482 49.6302 -4.3613 -32.9397 50.6195 -3.4883 -30.3141 51.6907
3 191 -3.4883 -30.3141 51.6907 -4.3613 -32.9397 50.6195 -3.321 -30.2516 52.5663
3 191 -2.9178 -31.2401 53.7147 -3.321 -30.2516 52.5663 -3.6403 -33.6887 52.3821
3 191 -3.6403 -33.6887 52.3821 -3.321 -30.2516 52.5663 -4.3613 -32.9397 50.6195
3 191 -3.321 -30.2516 52.5663 -2.9178 -31.2401 53.7147 -2.43 -29.7228 53.0464
3 191 -2.43 -29.7228 53.0464 -2.9178 -31.2401 53.7147 -2.117 -30.4124 54.5716
3 191 -2.43 -29.7228 53.0464 -2.2362 -29.584 52.5309 -3.321 -30.2516 52.5663
3 191 -3.321 -30.2516 52.5663 -2.2362 -29.584 52.5309 -3.4883 -30.3141 51.6907
3 191 -2.6009 -34.8951 55.3301 -3.8396 -34.5707 53.7403 -3.5484 -36.5414 53.4526
3 191 -2.2943 -30.1085 56.3198 -1.914 -30.2012 57.4393 0.1277 -29.7989 56.7438
3 191 0.1277 -29.7989 56.7438 -1.914 -30.2012 57.4393 0.2562 -30.0906 57.8774
3 191 0.1277 -29.7989 56.7438 -0.0112 -30.2225 54.3681 -2.2943 -30.1085 56.3198
3 191 -2.2943 -30.1085 56.3198 -0.0112 -30.2225 54.3681 -2.117 -30.4124 54.5716
3 191 -2.43 -29.7228 53.0464 -2.117 -30.4124 54.5716 0.0047 -29.7005 53.1355
3 191 0.0047 -29.7005 53.1355 -2.117 -30.4124 54.5716 -0.0112 -30.2225 54.3681
3 191 0.0047 -29.7005 53.1355 3.3189 -30.2484 52.5706 0.1922 -29.4139 50.9334
3 191 0.1922 -29.4139 50.9334 3.3189 -30.2484 52.5706 3.2214 -29.8358 50.4257
3 191 4.1613 -31.9714 49.4176 3.2214 -29.8358 50.4257 4.1102 -31.821 51.2622
3 191 4.1102 -31.821 51.2622 3.2214 -29.8358 50.4257 3.3189 -30.2484 52.5706
3 191 3.3266 -32.4279 46.9894 2.657 -29.9658 47.8475 4.1613 -31.9714 49.4176
3 191 4.1613 -31.9714 49.4176 2.657 -29.9658 47.8475 3.2214 -29.8358 50.4257
3 191 2.657 -29.9658 47.8475 0.4172 -29.7601 48.2639 3.2214 -29.8358 50.4257
3 191 3.2214 -29.8358 50.4257 0.4172 -29.7601 48.2639 0.1922 -29.4139 50.9334
3 191 0.1922 -29.4139 50.9334 0.4172 -29.7601 48.2639 -2.2362 -29.4131 50.3638
3 191 -2.2362 -29.4131 50.3638 0.4172 -29.7601 48.2639 -2.2362 -30.1006 47.5719
3 191 -2.2362 -29.4131 50.3638 -2.2362 -29.584 52.5309 0.1922 -29.4139 50.9334
3 191 0.1922 -29.4139 50.9334 -2.2362 -29.584 52.5309 0.0047 -29.7005 53.1355
3 191 0.0047 -29.7005 53.1355 -2.2362 -29.584 52.5309 -2.43 -29.7228 53.0464
3 191 -3.8396 -34.5707 53.7403 -4.1906 -36.9449 51.8521 -3.5484 -36.5414 53.4526
3 191 -3.5484 -36.5414 53.4526 -4.1906 -36.9449 51.8521 -4.0162 -39.0762 51.6225
3 191 -4.0162 -39.0762 51.6225 -4.1906 -36.9449 51.8521 -4.4121 -39.3479 50.4295
3 191 -4.3586 -49.257 45.9341 -3.8815 -50.6546 46.3983 -3.876 -49.7457 47.2827
3 191 1.488 -83.8519 -10.4503 2.4803 -81.7935 -10.9432 1.8531 -83.8467 -9.3386
3 191 1.8531 -83.8467 -9.3386 2.4803 -81.7935 -10.9432 2.5434 -81.3036 -10.0489
3 191 0.9514 -86.2939 -11.6388 0 -86.6012 -11.6279 0.9677 -87.1079 -13.0979
3 191 0.9677 -87.1079 -13.0979 0 -86.6012 -11.6279 0 -87.3974 -13.0743
3 191 0 -87.3468 -13.9473 0.8118 -87.1183 -13.8676 0 -87.3974 -13.0743
3 191 0 -87.3974 -13.0743 0.8118 -87.1183 -13.8676 0.9677 -87.1079 -13.0979
3 191 0 -87.3468 -13.9473 0 -86.1353 -15.0684 0.8118 -87.1183 -13.8676
3 191 0.8118 -87.1183 -13.8676 0 -86.1353 -15.0684 1.2985 -86.1631 -14.3673
3 191 0 -85.8548 -6.1179 0 -85.7263 -7.2517 1.2103 -85.2762 -6.1348
3 191 1.2103 -85.2762 -6.1348 0 -85.7263 -7.2517 1.3537 -85.2464 -7.1551
3 191 1.2368 -84.3938 -5.2798 0 -84.7618 -4.8904 1.2103 -85.2762 -6.1348
3 191 1.2103 -85.2762 -6.1348 0 -84.7618 -4.8904 0 -85.8548 -6.1179
3 191 1.2368 -84.3938 -5.2798 1.233 -82.9206 -4.8225 0 -84.7618 -4.8904
3 191 0 -84.7618 -4.8904 1.233 -82.9206 -4.8225 0 -82.5155 -3.9666
3 191 1.6518 -81.0687 -5.3071 1.5476 -80.8058 -4.6559 1.4044 -82.0659 -4.9337
3 191 1.4044 -82.0659 -4.9337 1.5476 -80.8058 -4.6559 0.9102 -81.9389 -4.1077
3 191 1.8531 -83.8467 -9.3386 2.5434 -81.3036 -10.0489 1.9438 -82.822 -7.6443
3 191 1.9438 -82.822 -7.6443 2.5434 -81.3036 -10.0489 2.3421 -80.5838 -8.0548
3 191 0.8118 -87.1183 -13.8676 1.2985 -86.1631 -14.3673 0.9677 -87.1079 -13.0979
3 191 0.9677 -87.1079 -13.0979 1.2985 -86.1631 -14.3673 1.6407 -85.7086 -13.4609
3 191 1.686 -84.8654 -12.0154 0.9514 -86.2939 -11.6388 1.6407 -85.7086 -13.4609
3 191 1.6407 -85.7086 -13.4609 0.9514 -86.2939 -11.6388 0.9677 -87.1079 -13.0979
3 191 2.4803 -81.7935 -10.9432 1.488 -83.8519 -10.4503 2.4144 -83.3538 -12.9341
3 191 2.4144 -83.3538 -12.9341 1.488 -83.8519 -10.4503 1.686 -84.8654 -12.0154
3 191 0 -82.5155 -3.9666 1.233 -82.9206 -4.8225 0.9102 -81.9389 -4.1077
3 191 0.9102 -81.9389 -4.1077 1.233 -82.9206 -4.8225 1.4044 -82.0659 -4.9337
3 191 1.6518 -81.0687 -5.3071 2.0674 -79.7543 -5.9309 1.5476 -80.8058 -4.6559
3 191 1.5476 -80.8058 -4.6559 2.0674 -79.7543 -5.9309 2.1031 -79.4081 -5.5277
3 191 2.2589 -78.7496 -4.6952 1.8768 -80.3676 -3.7717 2.1031 -79.4081 -5.5277
3 191 2.1031 -79.4081 -5.5277 1.8768 -80.3676 -3.7717 1.5476 -80.8058 -4.6559
3 191 1.5476 -80.8058 -4.6559 1.8768 -80.3676 -3.7717 0.9102 -81.9389 -4.1077
3 191 0.9102 -81.9389 -4.1077 1.8768 -80.3676 -3.7717 1.531 -81.6402 -2.9071
3 191 1.53 -81.2654 -1.2187 1.0416 -82.6684 -1.5116 1.531 -81.6402 -2.9071
3 191 1.531 -81.6402 -2.9071 1.0416 -82.6684 -1.5116 1.0815 -82.8882 -2.0516
3 191 1.9465 -79.1536 -1.306 1.53 -81.2654 -1.2187 1.8768 -80.3676 -3.7717
3 191 1.8768 -80.3676 -3.7717 1.53 -81.2654 -1.2187 1.531 -81.6402 -2.9071
3 191 1.8768 -80.3676 -3.7717 2.2589 -78.7496 -4.6952 1.9465 -79.1536 -1.306
3 191 1.9465 -79.1536 -1.306 2.2589 -78.7496 -4.6952 2.329 -76.6874 -2.1273
3 191 2.1459 -76.0059 -1.2497 1.527 -78.3335 -0.4041 2.329 -76.6874 -2.1273
3 191 2.329 -76.6874 -2.1273 1.527 -78.3335 -0.4041 1.9465 -79.1536 -1.306
3 191 2.1459 -76.0059 -1.2497 2.1772 -75.715 -0.8176 1.527 -78.3335 -0.4041
3 191 1.527 -78.3335 -0.4041 2.1772 -75.715 -0.8176 1.5441 -78.8737 0.4893
3 191 1.527 -78.3335 -0.4041 1.5441 -78.8737 0.4893 1.0452 -79.6773 -0.0579
3 191 1.0452 -79.6773 -0.0579 1.5441 -78.8737 0.4893 0.9169 -80.2517 1.0448
3 191 2.3357 -72.5667 1.7498 1.9833 -74.7636 2.5571 2.2938 -74.2328 0.8268
3 191 2.2938 -74.2328 0.8268 1.9833 -74.7636 2.5571 1.9298 -76.571 1.9286
3 191 1.9833 -74.7636 2.5571 1.7042 -76.8933 2.8568 1.9298 -76.571 1.9286
3 191 1.7042 -76.8933 2.8568 1.4002 -78.4044 2.6915 1.9298 -76.571 1.9286
3 191 0 -76.7074 3.3308 0 -78.11 3.0076 1.7042 -76.8933 2.8568
3 191 1.7042 -76.8933 2.8568 0 -78.11 3.0076 1.4002 -78.4044 2.6915
3 191 1.9833 -74.7636 2.5571 0 -75.1824 3.4375 1.7042 -76.8933 2.8568
3 191 1.7042 -76.8933 2.8568 0 -75.1824 3.4375 0 -76.7074 3.3308
3 191 1.9833 -74.7636 2.5571 2.3357 -72.5667 1.7498 1.3881 -73.5504 3.3191
3 191 1.3881 -73.5504 3.3191 2.3357 -72.5667 1.7498 2.1099 -72.1096 2.6984
3 191 2.3132 -71.3395 2.8113 1.8119 -72.735 4.4889 2.1099 -72.1096 2.6984
3 191 2.1099 -72.1096 2.6984 1.8119 -72.735 4.4889 1.3881 -73.5504 3.3191
3 191 0 -68.8236 6.6765 0 -71.0303 6.7076 1.8935 -69.0737 6.1164
3 191 1.8935 -69.0737 6.1164 0 -71.0303 6.7076 1.8241 -71.1169 6.2499
3 191 0 -73.5863 5.8156 1.2753 -73.417 5.5885 0 -72.94 6.3142
3 191 0 -72.94 6.3142 1.2753 -73.417 5.5885 1.3902 -72.8066 6.1274
3 191 0 -73.9683 3.9152 0 -75.1824 3.4375 1.3881 -73.5504 3.3191
3 191 1.3881 -73.5504 3.3191 0 -75.1824 3.4375 1.9833 -74.7636 2.5571
3 191 1.2025 -79.3061 2.3261 1.064 -79.8667 1.8751 1.5441 -78.8737 0.4893
3 191 1.5441 -78.8737 0.4893 1.064 -79.8667 1.8751 0.9169 -80.2517 1.0448
3 191 0.9102 -81.9389 -4.1077 0.6825 -83.1655 -2.1183 0 -82.5155 -3.9666
3 191 0 -82.5155 -3.9666 0.6825 -83.1655 -2.1183 0 -83.3779 -2.0648
3 191 1.0815 -82.8882 -2.0516 0.6825 -83.1655 -2.1183 1.531 -81.6402 -2.9071
3 191 1.531 -81.6402 -2.9071 0.6825 -83.1655 -2.1183 0.9102 -81.9389 -4.1077
3 191 1.0815 -82.8882 -2.0516 1.0416 -82.6684 -1.5116 0.6825 -83.1655 -2.1183
3 191 0 -82.8021 -1.3297 0 -83.3779 -2.0648 1.0416 -82.6684 -1.5116
3 191 0 -83.3779 -2.0648 0.6825 -83.1655 -2.1183 1.0416 -82.6684 -1.5116
3 191 0 -80.9878 -0.3645 0 -82.8021 -1.3297 1.53 -81.2654 -1.2187
3 191 1.53 -81.2654 -1.2187 0 -82.8021 -1.3297 1.0416 -82.6684 -1.5116
3 191 1.064 -79.8667 1.8751 0 -79.9746 1.9896 0.9169 -80.2517 1.0448
3 191 0.9169 -80.2517 1.0448 0 -79.9746 1.9896 0 -80.432 1.2178
3 191 1.2025 -79.3061 2.3261 1.5441 -78.8737 0.4893 1.4002 -78.4044 2.6915
3 191 1.4002 -78.4044 2.6915 1.5441 -78.8737 0.4893 1.9298 -76.571 1.9286
3 191 0 -79.1373 2.563 0 -79.9746 1.9896 1.2025 -79.3061 2.3261
3 191 1.2025 -79.3061 2.3261 0 -79.9746 1.9896 1.064 -79.8667 1.8751
3 191 0 -78.11 3.0076 0 -79.1373 2.563 1.4002 -78.4044 2.6915
3 191 1.4002 -78.4044 2.6915 0 -79.1373 2.563 1.2025 -79.3061 2.3261
3 191 0 -73.9235 5.3864 0 -73.9683 3.9152 1.1096 -73.5166 4.6357
3 191 1.1096 -73.5166 4.6357 0 -73.9683 3.9152 1.3881 -73.5504 3.3191
3 191 0 -73.5863 5.8156 0 -73.9235 5.3864 1.2753 -73.417 5.5885
3 191 1.2753 -73.417 5.5885 0 -73.9235 5.3864 1.1096 -73.5166 4.6357
3 191 1.3881 -73.5504 3.3191 1.8119 -72.735 4.4889 1.1096 -73.5166 4.6357
3 191 1.1096 -73.5166 4.6357 1.8119 -72.735 4.4889 1.2753 -73.417 5.5885
3 191 0 -80.0807 0.1497 0 -80.9878 -0.3645 1.0452 -79.6773 -0.0579
3 191 1.0452 -79.6773 -0.0579 0 -80.9878 -0.3645 1.53 -81.2654 -1.2187
3 191 1.53 -81.2654 -1.2187 1.9465 -79.1536 -1.306 1.0452 -79.6773 -0.0579
3 191 1.0452 -79.6773 -0.0579 1.9465 -79.1536 -1.306 1.527 -78.3335 -0.4041
3 191 1.2876 -85.8441 -8.3019 0 -86.2311 -8.304 1.2108 -85.9372 -9.448
3 191 1.2108 -85.9372 -9.448 0 -86.2311 -8.304 0 -86.3964 -9.2941
3 191 1.3537 -85.2464 -7.1551 0 -85.7263 -7.2517 1.2876 -85.8441 -8.3019
3 191 1.2876 -85.8441 -8.3019 0 -85.7263 -7.2517 0 -86.2311 -8.304
3 191 1.2108 -85.9372 -9.448 0.8609 -85.2674 -10.3812 1.8531 -83.8467 -9.3386
3 191 1.8531 -83.8467 -9.3386 0.8609 -85.2674 -10.3812 1.488 -83.8519 -10.4503
3 191 1.2985 -86.1631 -14.3673 0 -86.1353 -15.0684 1.6874 -85.0561 -15.0167
3 191 1.6874 -85.0561 -15.0167 0 -86.1353 -15.0684 0 -84.8605 -15.6733
3 191 2.1595 -84.6784 -14.5985 1.6407 -85.7086 -13.4609 1.6874 -85.0561 -15.0167
3 191 1.6874 -85.0561 -15.0167 1.6407 -85.7086 -13.4609 1.2985 -86.1631 -14.3673
3 191 1.686 -84.8654 -12.0154 1.6407 -85.7086 -13.4609 2.4144 -83.3538 -12.9341
3 191 2.4144 -83.3538 -12.9341 1.6407 -85.7086 -13.4609 2.1595 -84.6784 -14.5985
3 191 0.8609 -85.2674 -10.3812 0 -85.5405 -10.3691 0.9514 -86.2939 -11.6388
3 191 0.9514 -86.2939 -11.6388 0 -85.5405 -10.3691 0 -86.6012 -11.6279
3 191 0 -86.3964 -9.2941 0 -85.5405 -10.3691 1.2108 -85.9372 -9.448
3 191 1.2108 -85.9372 -9.448 0 -85.5405 -10.3691 0.8609 -85.2674 -10.3812
3 191 0.9514 -86.2939 -11.6388 1.686 -84.8654 -12.0154 0.8609 -85.2674 -10.3812
3 191 0.8609 -85.2674 -10.3812 1.686 -84.8654 -12.0154 1.488 -83.8519 -10.4503
3 191 2.2938 -74.2328 0.8268 1.9298 -76.571 1.9286 2.1772 -75.715 -0.8176
3 191 2.1772 -75.715 -0.8176 1.9298 -76.571 1.9286 1.5441 -78.8737 0.4893
3 191 0 -80.432 1.2178 0 -80.0807 0.1497 0.9169 -80.2517 1.0448
3 191 0.9169 -80.2517 1.0448 0 -80.0807 0.1497 1.0452 -79.6773 -0.0579
3 191 1.8119 -72.735 4.4889 2.3132 -71.3395 2.8113 2.0675 -71.1591 5.3665
3 191 2.0675 -71.1591 5.3665 2.3132 -71.3395 2.8113 2.5607 -68.0956 4.452
3 191 2.0675 -71.1591 5.3665 1.3902 -72.8066 6.1274 1.8119 -72.735 4.4889
3 191 1.8119 -72.735 4.4889 1.3902 -72.8066 6.1274 1.2753 -73.417 5.5885
3 191 2.5294 -65.9548 5.4807 1.8935 -69.0737 6.1164 2.5607 -68.0956 4.452
3 191 2.5607 -68.0956 4.452 1.8935 -69.0737 6.1164 2.0675 -71.1591 5.3665
3 191 0 -72.94 6.3142 1.3902 -72.8066 6.1274 0 -71.0303 6.7076
3 191 0 -71.0303 6.7076 1.3902 -72.8066 6.1274 1.8241 -71.1169 6.2499
3 191 0 -60.5225 7.9321 0 -64.428 8.3293 2.4055 -60.9673 7.3389
3 191 2.4055 -60.9673 7.3389 0 -64.428 8.3293 1.604 -64.6045 7.9666
3 191 2.4055 -60.9673 7.3389 1.604 -64.6045 7.9666 2.6025 -65.0047 5.8759
3 191 2.6025 -65.0047 5.8759 1.604 -64.6045 7.9666 1.387 -65.9912 7.6236
3 191 0 -66.0318 8.1006 0 -67.0179 6.7589 1.387 -65.9912 7.6236
3 191 1.387 -65.9912 7.6236 0 -67.0179 6.7589 1.4832 -66.5506 6.2006
3 191 1.387 -65.9912 7.6236 1.4832 -66.5506 6.2006 2.6025 -65.0047 5.8759
3 191 2.6025 -65.0047 5.8759 1.4832 -66.5506 6.2006 2.5294 -65.9548 5.4807
3 191 2.5294 -65.9548 5.4807 1.4832 -66.5506 6.2006 1.8935 -69.0737 6.1164
3 191 1.4832 -66.5506 6.2006 0 -67.0179 6.7589 1.8935 -69.0737 6.1164
3 191 0 -68.8236 6.6765 1.8935 -69.0737 6.1164 0 -67.0179 6.7589
3 191 0 -64.428 8.3293 0 -66.0318 8.1006 1.604 -64.6045 7.9666
3 191 1.604 -64.6045 7.9666 0 -66.0318 8.1006 1.387 -65.9912 7.6236
3 191 -4.9251 -37.9197 48.1166 -4.763 -35.9415 49.0393 -4.6371 -35.9997 48.2851
3 191 1.3902 -72.8066 6.1274 2.0675 -71.1591 5.3665 1.8241 -71.1169 6.2499
3 191 1.8241 -71.1169 6.2499 2.0675 -71.1591 5.3665 1.8935 -69.0737 6.1164
3 191 1.2108 -85.9372 -9.448 1.8531 -83.8467 -9.3386 1.2876 -85.8441 -8.3019
3 191 1.2876 -85.8441 -8.3019 1.8531 -83.8467 -9.3386 1.9438 -82.822 -7.6443
3 191 1.9438 -82.822 -7.6443 1.3537 -85.2464 -7.1551 1.2876 -85.8441 -8.3019
3 191 1.9438 -82.822 -7.6443 1.2103 -85.2762 -6.1348 1.3537 -85.2464 -7.1551
3 191 1.2368 -84.3938 -5.2798 1.2103 -85.2762 -6.1348 1.9438 -82.822 -7.6443
3 191 1.9438 -82.822 -7.6443 2.3421 -80.5838 -8.0548 1.6518 -81.0687 -5.3071
3 191 1.6518 -81.0687 -5.3071 2.3421 -80.5838 -8.0548 2.0674 -79.7543 -5.9309
3 191 1.2368 -84.3938 -5.2798 1.9438 -82.822 -7.6443 1.233 -82.9206 -4.8225
3 191 1.6518 -81.0687 -5.3071 1.4044 -82.0659 -4.9337 1.9438 -82.822 -7.6443
3 191 1.233 -82.9206 -4.8225 1.9438 -82.822 -7.6443 1.4044 -82.0659 -4.9337
3 191 2.1595 -84.6784 -14.5985 1.6874 -85.0561 -15.0167 2.0034 -84.6539 -16.1042
3 191 2.0034 -84.6539 -16.1042 1.6874 -85.0561 -15.0167 1.3115 -84.4736 -16.0193
3 191 -3.1395 -46.2976 51.7956 -3.8996 -46.1667 50.8576 -3.7905 -48.1204 50.0866
3 191 -2.6726 -76.7188 -19.467 -2.0638 -74.8438 -21.2736 -1.4597 -78.9049 -22.1937
3 191 -1.4597 -78.9049 -22.1937 -2.0638 -74.8438 -21.2736 -1.3655 -77.6873 -23.4711
3 191 -2.0638 -74.8438 -21.2736 0 -74.1355 -21.422 -1.3655 -77.6873 -23.4711
3 191 -1.3655 -77.6873 -23.4711 0 -74.1355 -21.422 0 -77.8884 -23.93
3 191 0 -77.8884 -23.93 0 -79.3473 -22.8876 -1.3655 -77.6873 -23.4711
3 191 -1.3655 -77.6873 -23.4711 0 -79.3473 -22.8876 -1.4597 -78.9049 -22.1937
3 191 0 -82.8104 -20.9581 -1.1577 -82.8922 -20.7169 0 -81.2632 -20.4329
3 191 0 -81.2632 -20.4329 -1.1577 -82.8922 -20.7169 -1.1306 -81.2251 -20.3932
3 191 -1.1577 -82.8922 -20.7169 0 -82.8104 -20.9581 -0.9169 -83.9156 -20.6662
3 191 -0.9169 -83.9156 -20.6662 0 -82.8104 -20.9581 0 -83.9738 -20.9008
3 191 0 -83.9738 -20.9008 0 -84.7143 -19.7903 -0.9169 -83.9156 -20.6662
3 191 -0.9169 -83.9156 -20.6662 0 -84.7143 -19.7903 -0.9681 -84.6911 -19.7611
3 191 -1.1577 -82.8922 -20.7169 -0.9169 -83.9156 -20.6662 -2.1391 -83.3024 -19.6655
3 191 -2.1391 -83.3024 -19.6655 -0.9169 -83.9156 -20.6662 -2.1779 -84.1226 -18.9323
3 191 -0.9681 -84.6911 -19.7611 -2.1779 -84.1226 -18.9323 -0.9169 -83.9156 -20.6662
3 191 -1.1577 -82.8922 -20.7169 -2.1391 -83.3024 -19.6655 -1.1306 -81.2251 -20.3932
3 191 -1.1306 -81.2251 -20.3932 -2.1391 -83.3024 -19.6655 -2.8405 -80.8895 -18.6408
3 191 -1.1736 -80.0802 -20.3232 -1.4597 -78.9049 -22.1937 0 -80.0783 -20.3902
3 191 0 -80.0783 -20.3902 -1.4597 -78.9049 -22.1937 0 -79.3473 -22.8876
3 191 -2.7721 -78.6524 -18.229 -2.6726 -76.7188 -19.467 -1.1736 -80.0802 -20.3232
3 191 -1.1736 -80.0802 -20.3232 -2.6726 -76.7188 -19.467 -1.4597 -78.9049 -22.1937
3 191 0 -84.7143 -19.7903 0 -84.9014 -18.1405 -0.9681 -84.6911 -19.7611
3 191 -0.9681 -84.6911 -19.7611 0 -84.9014 -18.1405 -1.1975 -84.965 -18.0835
3 191 -1.5894 -84.4736 -16.0193 -1.1975 -84.965 -18.0835 0 -84.524 -16.0911
3 191 0 -84.524 -16.0911 -1.1975 -84.965 -18.0835 0 -84.9014 -18.1405
3 191 -1.1975 -84.965 -18.0835 -1.5894 -84.4736 -16.0193 -2.2126 -84.4729 -17.8787
3 191 -2.2126 -84.4729 -17.8787 -1.5894 -84.4736 -16.0193 -2.2814 -84.6539 -16.1042
3 191 -2.2126 -84.4729 -17.8787 -2.1779 -84.1226 -18.9323 -1.1975 -84.965 -18.0835
3 191 -1.1975 -84.965 -18.0835 -2.1779 -84.1226 -18.9323 -0.9681 -84.6911 -19.7611
3 191 -1.1736 -80.0802 -20.3232 0 -80.0783 -20.3902 -1.1306 -81.2251 -20.3932
3 191 -1.1306 -81.2251 -20.3932 0 -80.0783 -20.3902 0 -81.2632 -20.4329
3 191 -1.1306 -81.2251 -20.3932 -2.8405 -80.8895 -18.6408 -1.1736 -80.0802 -20.3232
3 191 -1.1736 -80.0802 -20.3232 -2.8405 -80.8895 -18.6408 -2.7721 -78.6524 -18.229
3 191 -1.9653 -85.0561 -15.0167 -1.5894 -84.4736 -16.0193 0 -84.8605 -15.6733
3 191 0 -84.8605 -15.6733 -1.5894 -84.4736 -16.0193 0 -84.524 -16.0911
3 191 -2.8214 -81.3036 -10.0489 -2.7582 -81.7935 -10.9432 -2.131 -83.8467 -9.3386
3 191 -2.131 -83.8467 -9.3386 -2.7582 -81.7935 -10.9432 -1.7659 -83.8519 -10.4503
3 191 0 -87.3974 -13.0743 0 -86.6012 -11.6279 -1.2456 -87.1079 -13.0979
3 191 -1.2456 -87.1079 -13.0979 0 -86.6012 -11.6279 -1.2293 -86.2939 -11.6388
3 191 0 -87.3468 -13.9473 0 -87.3974 -13.0743 -1.0897 -87.1183 -13.8676
3 191 -1.0897 -87.1183 -13.8676 0 -87.3974 -13.0743 -1.2456 -87.1079 -13.0979
3 191 0 -87.3468 -13.9473 -1.0897 -87.1183 -13.8676 0 -86.1353 -15.0684
3 191 0 -86.1353 -15.0684 -1.0897 -87.1183 -13.8676 -1.5764 -86.1631 -14.3673
3 191 0 -85.8548 -6.1179 -1.4882 -85.2762 -6.1348 0 -85.7263 -7.2517
3 191 0 -85.7263 -7.2517 -1.4882 -85.2762 -6.1348 -1.6317 -85.2464 -7.1551
3 191 0 -85.8548 -6.1179 0 -84.7618 -4.8904 -1.4882 -85.2762 -6.1348
3 191 -1.4882 -85.2762 -6.1348 0 -84.7618 -4.8904 -1.5147 -84.3938 -5.2798
3 191 -1.5147 -84.3938 -5.2798 0 -84.7618 -4.8904 -1.511 -82.9206 -4.8225
3 191 -1.511 -82.9206 -4.8225 0 -84.7618 -4.8904 0 -82.5155 -3.9666
3 191 -1.1882 -81.9389 -4.1077 -1.8255 -80.8058 -4.6559 -1.6823 -82.0659 -4.9337
3 191 -1.6823 -82.0659 -4.9337 -1.8255 -80.8058 -4.6559 -1.9298 -81.0687 -5.3071
3 191 -2.62 -80.5838 -8.0548 -2.8214 -81.3036 -10.0489 -2.2218 -82.822 -7.6443
3 191 -2.2218 -82.822 -7.6443 -2.8214 -81.3036 -10.0489 -2.131 -83.8467 -9.3386
3 191 -1.9187 -85.7086 -13.4609 -1.5764 -86.1631 -14.3673 -1.2456 -87.1079 -13.0979
3 191 -1.2456 -87.1079 -13.0979 -1.5764 -86.1631 -14.3673 -1.0897 -87.1183 -13.8676
3 191 -1.9639 -84.8654 -12.0154 -1.9187 -85.7086 -13.4609 -1.2293 -86.2939 -11.6388
3 191 -1.2293 -86.2939 -11.6388 -1.9187 -85.7086 -13.4609 -1.2456 -87.1079 -13.0979
3 191 -1.9639 -84.8654 -12.0154 -1.7659 -83.8519 -10.4503 -2.6924 -83.3538 -12.9341
3 191 -2.6924 -83.3538 -12.9341 -1.7659 -83.8519 -10.4503 -2.7582 -81.7935 -10.9432
3 191 0 -82.5155 -3.9666 -1.1882 -81.9389 -4.1077 -1.511 -82.9206 -4.8225
3 191 -1.511 -82.9206 -4.8225 -1.1882 -81.9389 -4.1077 -1.6823 -82.0659 -4.9337
3 191 -2.381 -79.4081 -5.5277 -2.3454 -79.7543 -5.9309 -1.8255 -80.8058 -4.6559
3 191 -1.8255 -80.8058 -4.6559 -2.3454 -79.7543 -5.9309 -1.9298 -81.0687 -5.3071
3 191 -2.5368 -78.7496 -4.6952 -2.381 -79.4081 -5.5277 -2.1548 -80.3676 -3.7717
3 191 -2.1548 -80.3676 -3.7717 -2.381 -79.4081 -5.5277 -1.8255 -80.8058 -4.6559
3 191 -1.8089 -81.6402 -2.9071 -2.1548 -80.3676 -3.7717 -1.1882 -81.9389 -4.1077
3 191 -1.1882 -81.9389 -4.1077 -2.1548 -80.3676 -3.7717 -1.8255 -80.8058 -4.6559
3 191 -1.808 -81.2654 -1.2187 -1.8089 -81.6402 -2.9071 -1.3195 -82.6684 -1.5116
3 191 -1.3195 -82.6684 -1.5116 -1.8089 -81.6402 -2.9071 -1.3594 -82.8882 -2.0516
3 191 -1.8089 -81.6402 -2.9071 -1.808 -81.2654 -1.2187 -2.1548 -80.3676 -3.7717
3 191 -2.1548 -80.3676 -3.7717 -1.808 -81.2654 -1.2187 -2.2244 -79.1536 -1.306
3 191 -2.6069 -76.6874 -2.1273 -2.5368 -78.7496 -4.6952 -2.2244 -79.1536 -1.306
3 191 -2.2244 -79.1536 -1.306 -2.5368 -78.7496 -4.6952 -2.1548 -80.3676 -3.7717
3 191 -2.4238 -76.0059 -1.2497 -2.6069 -76.6874 -2.1273 -1.8049 -78.3335 -0.4041
3 191 -1.8049 -78.3335 -0.4041 -2.6069 -76.6874 -2.1273 -2.2244 -79.1536 -1.306
3 191 -1.822 -78.8737 0.4893 -2.4551 -75.715 -0.8176 -1.8049 -78.3335 -0.4041
3 191 -1.8049 -78.3335 -0.4041 -2.4551 -75.715 -0.8176 -2.4238 -76.0059 -1.2497
3 191 -2.6136 -72.5667 1.7498 -2.5717 -74.2328 0.8268 -2.2612 -74.7636 2.5571
3 191 -2.2612 -74.7636 2.5571 -2.5717 -74.2328 0.8268 -2.2078 -76.571 1.9286
3 191 -2.2612 -74.7636 2.5571 -2.2078 -76.571 1.9286 -1.9821 -76.8933 2.8568
3 191 -1.9821 -76.8933 2.8568 -2.2078 -76.571 1.9286 -1.6781 -78.4044 2.6915
3 191 -1.6781 -78.4044 2.6915 0 -78.11 3.0076 -1.9821 -76.8933 2.8568
3 191 -1.9821 -76.8933 2.8568 0 -78.11 3.0076 0 -76.7074 3.3308
3 191 -2.2612 -74.7636 2.5571 -1.9821 -76.8933 2.8568 0 -75.1824 3.4375
3 191 0 -75.1824 3.4375 -1.9821 -76.8933 2.8568 0 -76.7074 3.3308
3 191 -2.3878 -72.1096 2.6984 -2.6136 -72.5667 1.7498 -1.6661 -73.5504 3.3191
3 191 -1.6661 -73.5504 3.3191 -2.6136 -72.5667 1.7498 -2.2612 -74.7636 2.5571
3 191 -2.5912 -71.3395 2.8113 -2.3878 -72.1096 2.6984 -2.0899 -72.735 4.4889
3 191 -2.0899 -72.735 4.4889 -2.3878 -72.1096 2.6984 -1.6661 -73.5504 3.3191
3 191 0 -68.8236 6.6765 -2.1714 -69.0737 6.1164 0 -71.0303 6.7076
3 191 0 -71.0303 6.7076 -2.1714 -69.0737 6.1164 -2.102 -71.1169 6.2499
3 191 -1.6681 -72.8066 6.1274 -1.5532 -73.417 5.5885 0 -72.94 6.3142
3 191 0 -72.94 6.3142 -1.5532 -73.417 5.5885 0 -73.5863 5.8156
3 191 -2.2612 -74.7636 2.5571 0 -75.1824 3.4375 -1.6661 -73.5504 3.3191
3 191 -1.6661 -73.5504 3.3191 0 -75.1824 3.4375 0 -73.9683 3.9152
3 191 -1.4804 -79.3061 2.3261 -1.822 -78.8737 0.4893 -1.342 -79.8667 1.8751
3 191 -1.822 -78.8737 0.4893 -1.1948 -80.2517 1.0448 -1.342 -79.8667 1.8751
3 191 -1.1882 -81.9389 -4.1077 0 -82.5155 -3.9666 -0.9605 -83.1655 -2.1183
3 191 -0.9605 -83.1655 -2.1183 0 -82.5155 -3.9666 0 -83.3779 -2.0648
3 191 -1.3594 -82.8882 -2.0516 -1.8089 -81.6402 -2.9071 -0.9605 -83.1655 -2.1183
3 191 -0.9605 -83.1655 -2.1183 -1.8089 -81.6402 -2.9071 -1.1882 -81.9389 -4.1077
3 191 -1.3594 -82.8882 -2.0516 -0.9605 -83.1655 -2.1183 -1.3195 -82.6684 -1.5116
3 191 0 -82.8021 -1.3297 -1.3195 -82.6684 -1.5116 0 -83.3779 -2.0648
3 191 -1.3195 -82.6684 -1.5116 -0.9605 -83.1655 -2.1183 0 -83.3779 -2.0648
3 191 0 -80.9878 -0.3645 -1.808 -81.2654 -1.2187 0 -82.8021 -1.3297
3 191 0 -82.8021 -1.3297 -1.808 -81.2654 -1.2187 -1.3195 -82.6684 -1.5116
3 191 -1.342 -79.8667 1.8751 -1.1948 -80.2517 1.0448 0 -79.9746 1.9896
3 191 0 -79.9746 1.9896 -1.1948 -80.2517 1.0448 0 -80.432 1.2178
3 191 -2.2078 -76.571 1.9286 -1.822 -78.8737 0.4893 -1.6781 -78.4044 2.6915
3 191 -1.6781 -78.4044 2.6915 -1.822 -78.8737 0.4893 -1.4804 -79.3061 2.3261
3 191 -1.342 -79.8667 1.8751 0 -79.9746 1.9896 -1.4804 -79.3061 2.3261
3 191 -1.4804 -79.3061 2.3261 0 -79.9746 1.9896 0 -79.1373 2.563
3 191 -1.4804 -79.3061 2.3261 0 -79.1373 2.563 -1.6781 -78.4044 2.6915
3 191 -1.6781 -78.4044 2.6915 0 -79.1373 2.563 0 -78.11 3.0076
3 191 -1.6661 -73.5504 3.3191 0 -73.9683 3.9152 -1.3876 -73.5166 4.6357
3 191 -1.3876 -73.5166 4.6357 0 -73.9683 3.9152 0 -73.9235 5.3864
3 191 0 -73.5863 5.8156 -1.5532 -73.417 5.5885 0 -73.9235 5.3864
3 191 0 -73.9235 5.3864 -1.5532 -73.417 5.5885 -1.3876 -73.5166 4.6357
3 191 -1.5532 -73.417 5.5885 -2.0899 -72.735 4.4889 -1.3876 -73.5166 4.6357
3 191 -1.3876 -73.5166 4.6357 -2.0899 -72.735 4.4889 -1.6661 -73.5504 3.3191
3 191 0 -80.0807 0.1497 -1.3231 -79.6773 -0.0579 0 -80.9878 -0.3645
3 191 0 -80.9878 -0.3645 -1.3231 -79.6773 -0.0579 -1.808 -81.2654 -1.2187
3 191 -1.8049 -78.3335 -0.4041 -2.2244 -79.1536 -1.306 -1.3231 -79.6773 -0.0579
3 191 -1.3231 -79.6773 -0.0579 -2.2244 -79.1536 -1.306 -1.808 -81.2654 -1.2187
3 191 -1.5656 -85.8441 -8.3019 -1.4888 -85.9372 -9.448 0 -86.2311 -8.304
3 191 0 -86.2311 -8.304 -1.4888 -85.9372 -9.448 0 -86.3964 -9.2941
3 191 -1.6317 -85.2464 -7.1551 -1.5656 -85.8441 -8.3019 0 -85.7263 -7.2517
3 191 0 -85.7263 -7.2517 -1.5656 -85.8441 -8.3019 0 -86.2311 -8.304
3 191 -1.7659 -83.8519 -10.4503 -1.1389 -85.2674 -10.3812 -2.131 -83.8467 -9.3386
3 191 -2.131 -83.8467 -9.3386 -1.1389 -85.2674 -10.3812 -1.4888 -85.9372 -9.448
3 191 0 -84.8605 -15.6733 0 -86.1353 -15.0684 -1.9653 -85.0561 -15.0167
3 191 -1.9653 -85.0561 -15.0167 0 -86.1353 -15.0684 -1.5764 -86.1631 -14.3673
3 191 -2.4374 -84.6784 -14.5985 -1.9653 -85.0561 -15.0167 -1.9187 -85.7086 -13.4609
3 191 -1.9187 -85.7086 -13.4609 -1.9653 -85.0561 -15.0167 -1.5764 -86.1631 -14.3673
3 191 -1.9639 -84.8654 -12.0154 -2.6924 -83.3538 -12.9341 -1.9187 -85.7086 -13.4609
3 191 -1.9187 -85.7086 -13.4609 -2.6924 -83.3538 -12.9341 -2.4374 -84.6784 -14.5985
3 191 -1.1389 -85.2674 -10.3812 -1.2293 -86.2939 -11.6388 0 -85.5405 -10.3691
3 191 0 -85.5405 -10.3691 -1.2293 -86.2939 -11.6388 0 -86.6012 -11.6279
3 191 0 -86.3964 -9.2941 -1.4888 -85.9372 -9.448 0 -85.5405 -10.3691
3 191 0 -85.5405 -10.3691 -1.4888 -85.9372 -9.448 -1.1389 -85.2674 -10.3812
3 191 -1.7659 -83.8519 -10.4503 -1.9639 -84.8654 -12.0154 -1.1389 -85.2674 -10.3812
3 191 -1.1389 -85.2674 -10.3812 -1.9639 -84.8654 -12.0154 -1.2293 -86.2939 -11.6388
3 191 -1.822 -78.8737 0.4893 -2.2078 -76.571 1.9286 -2.4551 -75.715 -0.8176
3 191 -2.4551 -75.715 -0.8176 -2.2078 -76.571 1.9286 -2.5717 -74.2328 0.8268
3 191 0 -80.432 1.2178 -1.1948 -80.2517 1.0448 0 -80.0807 0.1497
3 191 0 -80.0807 0.1497 -1.1948 -80.2517 1.0448 -1.3231 -79.6773 -0.0579
3 191 -1.1948 -80.2517 1.0448 -1.822 -78.8737 0.4893 -1.3231 -79.6773 -0.0579
3 191 -1.3231 -79.6773 -0.0579 -1.822 -78.8737 0.4893 -1.8049 -78.3335 -0.4041
3 191 -2.8386 -68.0956 4.452 -2.5912 -71.3395 2.8113 -2.3455 -71.1591 5.3665
3 191 -2.3455 -71.1591 5.3665 -2.5912 -71.3395 2.8113 -2.0899 -72.735 4.4889
3 191 -2.3455 -71.1591 5.3665 -2.0899 -72.735 4.4889 -1.6681 -72.8066 6.1274
3 191 -1.6681 -72.8066 6.1274 -2.0899 -72.735 4.4889 -1.5532 -73.417 5.5885
3 191 -2.8073 -65.9548 5.4807 -2.8386 -68.0956 4.452 -2.1714 -69.0737 6.1164
3 191 -2.1714 -69.0737 6.1164 -2.8386 -68.0956 4.452 -2.3455 -71.1591 5.3665
3 191 -2.102 -71.1169 6.2499 -1.6681 -72.8066 6.1274 0 -71.0303 6.7076
3 191 0 -71.0303 6.7076 -1.6681 -72.8066 6.1274 0 -72.94 6.3142
3 191 0 -60.5225 7.9321 -2.6834 -60.9673 7.3389 0 -64.428 8.3293
3 191 0 -64.428 8.3293 -2.6834 -60.9673 7.3389 -1.8819 -64.6045 7.9666
3 191 -2.6834 -60.9673 7.3389 -2.8804 -65.0047 5.8759 -1.8819 -64.6045 7.9666
3 191 -1.8819 -64.6045 7.9666 -2.8804 -65.0047 5.8759 -1.6649 -65.9912 7.6236
3 191 0 -66.0318 8.1006 -1.6649 -65.9912 7.6236 0 -67.0179 6.7589
3 191 0 -67.0179 6.7589 -1.6649 -65.9912 7.6236 -1.7612 -66.5506 6.2006
3 191 -2.8073 -65.9548 5.4807 -1.7612 -66.5506 6.2006 -2.8804 -65.0047 5.8759
3 191 -2.8804 -65.0047 5.8759 -1.7612 -66.5506 6.2006 -1.6649 -65.9912 7.6236
3 191 -2.8073 -65.9548 5.4807 -2.1714 -69.0737 6.1164 -1.7612 -66.5506 6.2006
3 191 -1.7612 -66.5506 6.2006 -2.1714 -69.0737 6.1164 0 -67.0179 6.7589
3 191 0 -68.8236 6.6765 0 -67.0179 6.7589 -2.1714 -69.0737 6.1164
3 191 -1.6649 -65.9912 7.6236 0 -66.0318 8.1006 -1.8819 -64.6045 7.9666
3 191 -1.8819 -64.6045 7.9666 0 -66.0318 8.1006 0 -64.428 8.3293
3 191 -1.6681 -72.8066 6.1274 -2.102 -71.1169 6.2499 -2.3455 -71.1591 5.3665
3 191 -2.3455 -71.1591 5.3665 -2.102 -71.1169 6.2499 -2.1714 -69.0737 6.1164
3 191 -1.4888 -85.9372 -9.448 -1.5656 -85.8441 -8.3019 -2.131 -83.8467 -9.3386
3 191 -2.131 -83.8467 -9.3386 -1.5656 -85.8441 -8.3019 -2.2218 -82.822 -7.6443
3 191 -2.2218 -82.822 -7.6443 -1.5656 -85.8441 -8.3019 -1.6317 -85.2464 -7.1551
3 191 -2.2218 -82.822 -7.6443 -1.6317 -85.2464 -7.1551 -1.4882 -85.2762 -6.1348
3 191 -1.5147 -84.3938 -5.2798 -2.2218 -82.822 -7.6443 -1.4882 -85.2762 -6.1348
3 191 -2.2218 -82.822 -7.6443 -1.9298 -81.0687 -5.3071 -2.62 -80.5838 -8.0548
3 191 -2.62 -80.5838 -8.0548 -1.9298 -81.0687 -5.3071 -2.3454 -79.7543 -5.9309
3 191 -1.5147 -84.3938 -5.2798 -1.511 -82.9206 -4.8225 -2.2218 -82.822 -7.6443
3 191 -1.9298 -81.0687 -5.3071 -2.2218 -82.822 -7.6443 -1.6823 -82.0659 -4.9337
3 191 -1.511 -82.9206 -4.8225 -1.6823 -82.0659 -4.9337 -2.2218 -82.822 -7.6443
3 191 -1.5894 -84.4736 -16.0193 -1.9653 -85.0561 -15.0167 -2.2814 -84.6539 -16.1042
3 191 -2.2814 -84.6539 -16.1042 -1.9653 -85.0561 -15.0167 -2.4374 -84.6784 -14.5985
3 191 5.0828 -50.5454 44.7174 4.8713 -48.6458 46.5734 5.0053 -49.8711 46.1661
3 191 4.7859 -48.6083 47.0676 4.9934 -49.2759 47.2425 4.8713 -48.6458 46.5734
3 191 4.9934 -49.2759 47.2425 5.0053 -49.8711 46.1661 4.8713 -48.6458 46.5734
3 191 -4.0171 -50.9721 44.3684 -3.8977 -50.9564 45.3316 -4.3586 -49.257 45.9341
3 191 -4.3586 -49.257 45.9341 -3.8977 -50.9564 45.3316 -3.8815 -50.6546 46.3983
3 191 0.4172 -29.7601 48.2639 2.657 -29.9658 47.8475 0.1985 -30.9432 46.6525
3 191 0.1985 -30.9432 46.6525 2.657 -29.9658 47.8475 2.5743 -31.5538 46.3216
2 24 3.8912 0 34.9632 2.5743 0 34.2272
2 24 2.5743 0 34.2272 2.5743 -5.1946 34.211
2 24 3.8912 -5.1946 34.9632 2.5743 -5.1946 34.211
2 24 3.8912 0 34.9632 5.034 0 36.222
2 24 3.8912 -5.1946 34.9632 5.034 -5.1946 36.222
2 24 5.034 0 36.222 5.9284 0 37.9322
2 24 5.034 -5.1946 36.222 5.9284 -5.1946 37.9322
2 24 5.9284 0 37.9322 6.12 0 40
2 24 5.9284 -5.1946 37.9322 6.12 -5.1946 40
2 24 5.8378 -72.5742 -20.3872 5.4633 -69.5934 -21.4593
2 24 4.517 -73.1935 -21.2046 3.1481 -70.9252 -22.8799
2 24 6.8334 -76.7465 -16.1747 5.4873 -77.5521 -17.4681
2 24 6.8334 -76.7465 -16.1747 6.4798 -74.9679 -17.9866
2 24 5.4873 -77.5521 -17.4681 5.193 -75.7966 -18.8448
2 24 5.4633 -69.5934 -21.4593 5.0602 -65.9876 -22.4617
2 24 3.1481 -70.9252 -22.8799 2.4874 -67.4319 -23.7627
2 24 2.4874 -67.4319 -23.7627 2.3391 -63.761 -25.3784
2 24 5.0602 -65.9876 -22.4617 4.41 -62.9294 -24.4913
2 24 4.41 -62.9294 -24.4913 3.9747 -60.2634 -26.459
2 24 2.3391 -63.761 -25.3784 2.6154 -61.0727 -27.1573
2 24 2.6154 -61.0727 -27.1573 2.4662 -59.12 -28.6477
2 24 3.9747 -60.2634 -26.459 3.8061 -58.6956 -27.9558
2 24 3.7087 -57.2132 -28.5199 3.8156 -55.9076 -28.3108
2 24 2.3083 -57.189 -29.3004 2.4691 -54.9831 -29.0895
2 24 2.4662 -59.12 -28.6477 2.3083 -57.189 -29.3004
2 24 3.8061 -58.6956 -27.9558 3.7087 -57.2132 -28.5199
2 24 3.8156 -55.9076 -28.3108 4.0129 -53.9424 -27.3831
2 24 2.4691 -54.9831 -29.0895 2.4738 -52.5476 -27.967
2 24 2.4738 -52.5476 -27.967 2.2804 -51.0062 -26.1935
2 24 4.0129 -53.9424 -27.3831 4.1867 -52.3011 -25.6744
2 24 2.2804 -51.0062 -26.1935 2.7057 -50.9226 -21.3702
2 24 4.1867 -52.3011 -25.6744 4.7191 -52.331 -22.0914
2 24 2.7057 -50.9226 -21.3702 3.6569 -53.5013 -18.6436
2 24 4.7191 -52.331 -22.0914 5.1567 -54.0415 -19.7406
2 24 5.1567 -54.0415 -19.7406 5.779 -56.7347 -17.346
2 24 3.6569 -53.5013 -18.6436 4.2122 -55.6804 -16.1174
2 24 4.2122 -55.6804 -16.1174 4.5808 -56.9014 -13.5966
2 24 5.779 -56.7347 -17.346 6.4693 -58.3485 -15.2816
2 24 4.5808 -56.9014 -13.5966 4.3894 -58.145 -10.4987
2 24 6.4693 -58.3485 -15.2816 7.0497 -59.5324 -12.3207
2 24 3.9729 -58.5283 -27.4707 4.2177 -58.898 -26.211
2 24 3.4278 -58.0897 -26.8808 3.6677 -58.4291 -26.0954
2 24 3.6677 -58.4291 -26.0954 3.8384 -57.9946 -25.3779
2 24 4.2177 -58.898 -26.211 4.4741 -58.3608 -25.118
2 24 3.8384 -57.9946 -25.3779 3.8734 -57.0988 -25.2552
2 24 4.4741 -58.3608 -25.118 4.4974 -56.9603 -24.9707
2 24 3.8529 -56.5518 -25.6372 3.7856 -56.2543 -26.4128
2 24 4.3951 -56.0943 -25.5816 4.1812 -55.8202 -26.7113
2 24 3.9729 -58.5283 -27.4707 3.8882 -57.3411 -27.887
2 24 3.4278 -58.0897 -26.8808 3.3443 -57.5225 -27.1309
2 24 3.3443 -57.5225 -27.1309 3.4876 -56.675 -27.012
2 24 3.8882 -57.3411 -27.887 3.974 -56.4585 -27.6744
2 24 3.8734 -57.0988 -25.2552 3.8529 -56.5518 -25.6372
2 24 4.4974 -56.9603 -24.9707 4.3951 -56.0943 -25.5816
2 24 4.1812 -55.8202 -26.7113 3.974 -56.4585 -27.6744
2 24 3.9729 -58.5283 -27.4707 4.2177 -58.898 -26.211
2 24 3.8061 -58.6956 -27.9558 3.9747 -60.2634 -26.459
2 24 3.8061 -58.6956 -27.9558 3.7087 -57.2132 -28.5199
2 24 3.9729 -58.5283 -27.4707 3.8882 -57.3411 -27.887
2 24 3.7087 -57.2132 -28.5199 3.8156 -55.9076 -28.3108
2 24 3.8882 -57.3411 -27.887 3.974 -56.4585 -27.6744
2 24 3.8156 -55.9076 -28.3108 4.0129 -53.9424 -27.3831
2 24 3.974 -56.4585 -27.6744 4.1812 -55.8202 -26.7113
2 24 4.41 -62.9294 -24.4913 5.0602 -65.9876 -22.4617
2 24 5.0602 -65.9876 -22.4617 5.4633 -69.5934 -21.4593
2 24 3.9747 -60.2634 -26.459 4.41 -62.9294 -24.4913
2 24 5.779 -56.7347 -17.346 5.1567 -54.0415 -19.7406
2 24 5.779 -56.7347 -17.346 6.4693 -58.3485 -15.2816
2 24 6.4693 -58.3485 -15.2816 7.0497 -59.5324 -12.3207
2 24 5.4633 -69.5934 -21.4593 5.8378 -72.5742 -20.3872
2 24 6.4798 -74.9679 -17.9866 6.8334 -76.7465 -16.1747
2 24 7.8261 -74.0889 -8.0879 7.7282 -70.0825 -6.612
2 24 2.4874 -67.4319 -23.7627 3.1481 -70.9252 -22.8799
2 24 2.4874 -67.4319 -23.7627 2.3391 -63.761 -25.3784
2 24 2.3391 -63.761 -25.3784 2.6154 -61.0727 -27.1573
2 24 2.6154 -61.0727 -27.1573 2.4662 -59.12 -28.6477
2 24 2.4662 -59.12 -28.6477 2.3083 -57.189 -29.3004
2 24 2.3083 -57.189 -29.3004 2.4691 -54.9831 -29.0895
2 24 2.4691 -54.9831 -29.0895 2.4738 -52.5476 -27.967
2 24 2.4738 -52.5476 -27.967 2.2804 -51.0062 -26.1935
2 24 0 -50.7662 -21.2884 2.7057 -50.9226 -21.3702
2 24 2.2804 -51.0062 -26.1935 2.7057 -50.9226 -21.3702
2 24 2.7057 -50.9226 -21.3702 3.6569 -53.5013 -18.6436
2 24 3.6569 -53.5013 -18.6436 4.2122 -55.6804 -16.1174
2 24 4.2122 -55.6804 -16.1174 4.5808 -56.9014 -13.5966
2 24 0 -57.225 -11.1703 4.3894 -58.145 -10.4987
2 24 4.5808 -56.9014 -13.5966 4.3894 -58.145 -10.4987
2 24 7.0497 -59.5324 -12.3207 7.508 -61.3971 -9.4536
2 24 4.3894 -58.145 -10.4987 5.5225 -60.1042 -7.8677
2 24 5.8378 -72.5742 -20.3872 6.4798 -74.9679 -17.9866
2 24 4.517 -73.1935 -21.2046 5.193 -75.7966 -18.8448
2 24 5.8378 -72.5742 -20.3872 6.4798 -74.9679 -17.9866
2 24 7.8669 -66.2979 -6.661 7.7282 -70.0825 -6.612
2 24 6.222 -66.6647 -4.5479 6.041 -71.0599 -4.9636
2 24 6.041 -71.0599 -4.9636 5.9985 -74.7612 -6.4163
2 24 7.7282 -70.0825 -6.612 7.8261 -74.0889 -8.0879
2 24 7.8261 -74.0889 -8.0879 7.8794 -77.8648 -10.2346
2 24 7.8794 -77.8648 -10.2346 7.869 -81.0471 -12.3034
2 24 5.9985 -74.7612 -6.4163 4.9223 -78.4772 -9.0253
2 24 7.8261 -74.0889 -8.0879 7.8794 -77.8648 -10.2346
2 24 6.8959 -80.4848 -17.4784 6.6993 -83.6027 -18.8975
2 24 6.6993 -83.6027 -18.8975 6.1339 -85.9534 -20.1073
2 24 6.1339 -85.9534 -20.1073 6.1514 -86.6886 -19.7509
2 24 7.1653 -85.81 -17.0242 6.4285 -86.8633 -18.9773
2 24 6.1514 -86.6886 -19.7509 6.4285 -86.8633 -18.9773
2 24 7.1653 -85.81 -17.0242 7.5567 -83.5941 -14.4976
2 24 4.8808 -86.9824 -20.1113 3.7439 -86.887 -20.0419
2 24 3.7439 -86.887 -20.0419 3.5976 -86.2377 -20.578
2 24 4.6645 -86.3625 -20.5704 3.5976 -86.2377 -20.578
2 24 4.8808 -86.9824 -20.1113 3.7439 -86.887 -20.0419
2 24 4.9018 -87.1584 -19.156 3.5707 -87.0196 -19.2991
2 24 3.7439 -86.887 -20.0419 3.5707 -87.0196 -19.2991
2 24 1.8611 -83.3024 -19.6655 2.5625 -80.8895 -18.6408
2 24 6.6993 -83.6027 -18.8975 6.8959 -80.4848 -17.4784
2 24 5.193 -75.7966 -18.8448 5.4873 -77.5521 -17.4681
2 24 5.4873 -77.5521 -17.4681 2.4941 -78.6524 -18.229
2 24 2.3947 -76.7188 -19.467 2.4941 -78.6524 -18.229
2 24 0 -74.1355 -21.422 1.7859 -74.8438 -21.2736
2 24 3.1481 -70.9252 -22.8799 4.517 -73.1935 -21.2046
2 24 4.6645 -86.3625 -20.5704 3.5976 -86.2377 -20.578
2 24 3.5976 -86.2377 -20.578 2.7162 -85.0717 -20.3653
2 24 12.1789 -44.4771 -3.7203 12.1789 -48.5019 -2.3005
2 24 12.1789 -36.3729 -0.8867 12.1789 -40.006 -2.8339
2 24 10.2072 -35.6128 -3.5333 8.9816 -40.5108 -5.8234
2 24 12.1789 -36.3729 -0.8867 12.1789 -31.6331 0.6134
2 24 10.2072 -35.6128 -3.5333 10.3201 -30.6205 -1.5192
2 24 12.1789 -27.3459 0.6776 12.1789 -24.0674 0.1933
2 24 10.389 -27.0785 -1.3825 10.2967 -23.7227 -1.4828
2 24 10.3201 -30.6205 -1.5192 10.389 -27.0785 -1.3825
2 24 12.1789 -31.6331 0.6134 12.1789 -27.3459 0.6776
2 24 10.2967 -23.7227 -1.4828 9.9824 -19.9148 -0.3505
2 24 12.1789 -24.0674 0.1933 12.1789 -20.4269 1.2072
2 24 12.1789 -20.4269 1.2072 12.1789 -16.1126 2.6144
2 24 9.9824 -19.9148 -0.3505 9.9304 -15.8281 0.2649
2 24 12.3093 -6.8505 -0.0553 12.1789 -11.5063 2.0582
2 24 10.3085 -7.9132 -1.6241 9.7874 -12.2575 0.094
2 24 12.3093 -6.8505 -0.0553 13.4392 -4.9574 -1.7009
2 24 13.4392 -4.9574 -1.7009 10.6782 -5.5868 -3.6846
2 24 10.3085 -7.9132 -1.6241 10.6782 -5.5868 -3.6846
2 24 10.6782 -5.5868 -3.6846 10.7943 0 -3.6802
2 24 10.6782 -5.5868 -3.6846 13.4392 -4.9574 -1.7009
2 24 10.7943 0 -3.6802 13.2874 0 -1.9948
2 24 13.4392 -4.9574 -1.7009 13.2874 0 -1.9948
2 24 13.4392 -4.9574 -1.7009 13.2874 0 -1.9948
2 24 13.2874 0 -1.9948 13.7604 0 7.9779
2 24 13.4151 -2.9885 7.7499 13.7604 0 7.9779
2 24 13.4151 -2.9885 7.7499 12.1789 -4.5286 8.4898
2 24 13.4392 -4.9574 -1.7009 12.3093 -6.8505 -0.0553
2 24 9.9304 -15.8281 0.2649 9.7874 -12.2575 0.094
2 24 12.1789 -16.1126 2.6144 12.1789 -11.5063 2.0582
2 24 12.1789 -26.2293 7.4279 12.1789 -17.4887 7.6147
2 24 10.2431 -25.1279 8.9145 9.9626 -16.8868 9.0952
2 24 9.9626 -16.8868 9.0952 9.9072 -9.1739 9.4623
2 24 12.1789 -17.4887 7.6147 12.0485 -9.396 8.005
2 24 9.9072 -9.1739 9.4623 10.277 -3.9851 9.6679
2 24 12.0485 -9.396 8.005 12.1789 -4.5286 8.4898
2 24 12.1789 -4.5286 8.4898 13.4151 -2.9885 7.7499
2 24 13.4151 -2.9885 7.7499 13.7604 0 7.9779
2 24 12.2782 0 9.0244 13.7604 0 7.9779
2 24 12.2782 0 9.0244 10.3968 0 9.6434
2 24 10.277 -3.9851 9.6679 10.3968 0 9.6434
2 24 12.1789 -36.4437 12.8509 12.3478 -36.4627 21.8001
2 24 10.4452 -35.3738 30.854 12.1789 -38.284 29.6939
2 24 12.3478 -36.4627 21.8001 12.1789 -38.284 29.6939
2 24 10.2431 -25.1279 8.9145 9.9626 -16.8868 9.0952
2 24 2.5743 -23.6603 9.2504 2.5743 -15.5205 9.5064
2 24 9.9626 -16.8868 9.0952 9.9072 -9.1739 9.4623
2 24 2.5743 -15.5205 9.5064 2.5743 -8.7822 9.7183
2 24 9.9072 -9.1739 9.4623 10.277 -3.9851 9.6679
2 24 2.5743 -8.7822 9.7183 2.5743 -4.4645 9.8541
2 24 2.5743 -4.4645 9.8541 2.5743 0 9.9943
2 24 10.277 -3.9851 9.6679 10.3968 0 9.6434
2 24 2.5743 0 9.9943 10.3968 0 9.6434
2 24 12.1789 -16.1126 2.6144 12.1789 -11.5063 2.0582
2 24 12.1789 -17.4887 7.6147 12.0485 -9.396 8.005
2 24 12.1789 -16.1126 2.6144 12.1789 -20.4269 1.2072
2 24 12.1789 -17.4887 7.6147 12.1789 -26.2293 7.4279
2 24 12.1789 -31.6331 0.6134 12.1789 -27.3459 0.6776
2 24 12.1789 -26.2293 7.4279 12.1789 -30.4245 7.4492
2 24 12.1789 -31.6331 0.6134 12.1789 -36.3729 -0.8867
2 24 12.1789 -30.4245 7.4492 12.1789 -36.354 7.659
2 24 3.4721 -54.4409 -10.1865 4.3894 -58.145 -10.4987
2 24 0 -57.225 -11.1703 4.3894 -58.145 -10.4987
2 24 3.4721 -54.4409 -10.1865 3.9718 -49.0674 -9.6369
2 24 3.9718 -49.0674 -9.6369 5.062 -44.5766 -8.4243
2 24 10.2072 -35.6128 -3.5333 10.3201 -30.6205 -1.5192
2 24 2.5743 -33.2471 -3.8984 2.5743 -30.2881 -2.0763
2 24 10.3201 -30.6205 -1.5192 10.389 -27.0785 -1.3825
2 24 2.5743 -30.2881 -2.0763 2.5743 -26.6006 -1.8541
2 24 10.389 -27.0785 -1.3825 10.2967 -23.7227 -1.4828
2 24 2.5743 -26.6006 -1.8541 2.5743 -23.6346 -1.7994
2 24 10.2967 -23.7227 -1.4828 9.9824 -19.9148 -0.3505
2 24 2.5743 -23.6346 -1.7994 2.5743 -20.0388 -0.5618
2 24 2.5743 -20.0388 -0.5618 2.5743 -15.7963 0.1376
2 24 9.9824 -19.9148 -0.3505 9.9304 -15.8281 0.2649
2 24 9.9304 -15.8281 0.2649 9.7874 -12.2575 0.094
2 24 2.5743 -15.7963 0.1376 2.5743 -12.1876 -0.0102
2 24 2.5743 -12.1876 -0.0102 2.5743 -8.3989 -1.5722
2 24 9.7874 -12.2575 0.094 10.3085 -7.9132 -1.6241
2 24 2.5743 -8.3989 -1.5722 2.5816 -5.9444 -3.9925
2 24 2.5816 -5.9444 -3.9925 10.6782 -5.5868 -3.6846
2 24 10.3085 -7.9132 -1.6241 10.6782 -5.5868 -3.6846
2 24 10.6782 -5.5868 -3.6846 2.5816 -5.9444 -3.9925
2 24 2.5816 -5.9444 -3.9925 2.5816 -5.1466 -3.9925
2 24 6.2468 -5.1466 -3.8531 2.5816 -5.1466 -3.9925
2 24 2.5743 0 9.9943 2.5743 0 5.4111
2 24 2.5743 0 9.9943 2.5743 -4.4645 9.8541
2 24 2.5743 0 5.4111 2.5743 -5.1466 5.4789
2 24 2.5743 -4.4645 9.8541 2.5743 -8.7822 9.7183
2 24 2.5743 -12.1876 -0.0102 2.5743 -8.3989 -1.5722
2 24 2.5743 -8.7822 9.7183 2.5743 -15.5205 9.5064
2 24 2.5743 -12.1876 -0.0102 2.5743 -15.7963 0.1376
2 24 12.3478 -36.4627 21.8001 12.1789 -36.4437 12.8509
2 24 12.1789 -52.6726 20.6059 12.1789 -53.7253 11.5258
2 24 12.3478 -36.4627 21.8001 12.1789 -38.284 29.6939
2 24 12.1789 -52.6726 20.6059 12.1789 -52.2218 30.623
2 24 9.3517 -30.4042 13.2659 8.5505 -31.5996 21.4655
2 24 8.5505 -31.5996 21.4655 9.1322 -33.9334 31.7113
2 24 10.4452 -35.3738 30.854 9.1322 -33.9334 31.7113
2 24 12.1789 -38.284 29.6939 10.4452 -35.3738 30.854
2 24 12.1789 -38.284 29.6939 12.1789 -32.5339 34.8395
2 24 10.4452 -35.3738 30.854 10.2831 -31.3218 33.7538
2 24 12.1789 -32.5339 34.8395 12.1789 -28.31 37.6824
2 24 10.2831 -31.3218 33.7538 9.9039 -27.466 35.9708
2 24 12.1789 -28.31 37.6824 12.2148 -24.0852 39.709
2 24 9.9039 -27.466 35.9708 9.9318 -23.9274 37.3094
2 24 11.1416 -33.175 8.9179 10.1005 -30.5937 8.9343
2 24 9.3517 -30.4042 13.2659 10.1005 -30.5937 8.9343
2 24 11.1416 -33.175 8.9179 12.1789 -36.354 7.659
2 24 12.1789 -36.4437 12.8509 12.1789 -36.354 7.659
2 24 8.5994 -55.7873 20.2922 8.7223 -55.7873 30.9757
2 24 12.1789 -52.6726 20.6059 12.1789 -52.2218 30.623
2 24 8.7223 -55.7873 30.9757 8.6514 -55.4586 36.8455
2 24 12.1789 -52.2218 30.623 12.1789 -53.2122 36.3551
2 24 8.6514 -55.4586 36.8455 9.0826 -53.2999 41.2458
2 24 12.1789 -53.2122 36.3551 12.1789 -51.9699 39.268
2 24 12.2148 -24.0852 39.709 12.2046 -20.2058 39.5395
2 24 9.9318 -23.9274 37.3094 9.8711 -20.5424 37.4183
2 24 12.2046 -20.2058 39.5395 12.2413 -15.1144 38.4669
2 24 9.8711 -20.5424 37.4183 10.1223 -15.5841 36.5197
2 24 12.2413 -15.1144 38.4669 12.3212 -9.9704 36.8039
2 24 10.1223 -15.5841 36.5197 10.4161 -10.9582 34.8624
2 24 12.3212 -9.9704 36.8039 12.4072 -7.011 35.3782
2 24 10.4161 -10.9582 34.8624 10.7294 -8.1624 33.042
2 24 10.7305 -6.1552 30.5434 13.4303 -4.8336 32.5874
2 24 10.7294 -8.1624 33.042 10.7305 -6.1552 30.5434
2 24 12.4072 -7.011 35.3782 13.4303 -4.8336 32.5874
2 24 10.7305 -6.1552 30.5434 10.2786 0 29.9954
2 24 10.7305 -6.1552 30.5434 13.4303 -4.8336 32.5874
2 24 10.2786 0 29.9954 13.7914 0 32.4544
2 24 13.4303 -4.8336 32.5874 13.7914 0 32.4544
2 24 13.4303 -4.8336 32.5874 12.4072 -7.011 35.3782
2 24 13.0634 -3.298 42.3717 12.1789 -4.4099 42.9781
2 24 13.0634 -3.298 42.3717 13.1819 0 42.2986
2 24 13.1819 0 42.2986 13.7914 0 32.4544
2 24 13.4303 -4.8336 32.5874 13.7914 0 32.4544
2 24 12.1789 -4.4099 42.9781 11.9952 -7.8808 43.0744
2 24 12.4072 -7.011 35.3782 12.3212 -9.9704 36.8039
2 24 11.9952 -7.8808 43.0744 12.0218 -14.0673 43.8515
2 24 12.3212 -9.9704 36.8039 12.2413 -15.1144 38.4669
2 24 12.0218 -14.0673 43.8515 12.0163 -18.9452 45.5241
2 24 12.2413 -15.1144 38.4669 12.2046 -20.2058 39.5395
2 24 12.0163 -18.9452 45.5241 11.975 -22.2599 47.1842
2 24 12.2046 -20.2058 39.5395 12.2148 -24.0852 39.709
2 24 12.2148 -24.0852 39.709 12.1789 -28.31 37.6824
2 24 12.1789 -30.3576 44.6777 12.1041 -26.8377 46.9469
2 24 12.1789 -28.31 37.6824 12.1789 -32.5339 34.8395
2 24 12.1789 -30.3576 44.6777 12.1789 -34.3469 43.5473
2 24 10.6223 -24.489 49.58 10.0819 -27.6403 48.5592
2 24 11.9936 -24.6009 48.09 12.1041 -26.8377 46.9469
2 24 10.6223 -24.489 49.58 10.4118 -21.422 48.3319
2 24 11.9936 -24.6009 48.09 11.975 -22.2599 47.1842
2 24 10.6223 -24.489 49.58 10.0819 -27.6403 48.5592
2 24 2.5743 -24.5091 49.9456 2.5743 -26.675 49.2608
2 24 2.5743 -24.5091 49.9456 2.5743 -21.175 48.3833
2 24 10.6223 -24.489 49.58 10.4118 -21.422 48.3319
2 24 11.975 -22.2599 47.1842 12.0163 -18.9452 45.5241
2 24 10.4118 -21.422 48.3319 10.4306 -18.7168 46.7768
2 24 12.0163 -18.9452 45.5241 12.0218 -14.0673 43.8515
2 24 10.4306 -18.7168 46.7768 10.4215 -13.7765 45.0717
2 24 10.4215 -13.7765 45.0717 10.513 -8.5598 44.3921
2 24 12.0218 -14.0673 43.8515 11.9952 -7.8808 43.0744
2 24 10.3974 -4.1389 44.4193 10.373 -2.3638 44.3791
2 24 12.1789 -4.4099 42.9781 13.0634 -3.298 42.3717
2 24 13.0634 -3.298 42.3717 13.1819 0 42.2986
2 24 13.1819 0 42.2986 10.2658 0 44.3165
2 24 10.373 -2.3638 44.3791 10.2658 0 44.3165
2 24 10.513 -8.5598 44.3921 10.4215 -13.7765 45.0717
2 24 2.5743 -9.2977 44.5815 2.5743 -13.6597 45.2041
2 24 10.4118 -21.422 48.3319 10.4306 -18.7168 46.7768
2 24 2.5743 -21.175 48.3833 2.5743 -18.5445 46.9793
2 24 10.4215 -13.7765 45.0717 10.4306 -18.7168 46.7768
2 24 2.5743 -13.6597 45.2041 2.5743 -18.5445 46.9793
2 24 12.1041 -26.8377 46.9469 12.1789 -30.3576 44.6777
2 24 10.0819 -27.6403 48.5592 9.8435 -31.058 47.0778
2 24 9.8435 -31.058 47.0778 9.7218 -34.8589 46.2398
2 24 12.1789 -30.3576 44.6777 12.1789 -34.3469 43.5473
2 24 12.1789 -34.3469 43.5473 12.1789 -37.8825 43.5348
2 24 9.7218 -34.8589 46.2398 9.2278 -38.2866 46.5532
2 24 9.2739 -44.4148 47.5587 9.2519 -41.0125 47.1098
2 24 12.1789 -43.4498 44.4477 12.1789 -40.813 44.1913
2 24 9.2739 -44.4148 47.5587 9.3973 -47.4248 46.8866
2 24 12.1789 -43.4498 44.4477 12.1789 -46.3815 44.6433
2 24 12.1789 -51.9699 39.268 12.1789 -49.1023 42.52
2 24 9.0826 -53.2999 41.2458 9.235 -50.8805 44.1804
2 24 12.1789 -46.3815 44.6433 12.1789 -49.1023 42.52
2 24 9.3973 -47.4248 46.8866 9.235 -50.8805 44.1804
2 24 9.2739 -44.4148 47.5587 9.3973 -47.4248 46.8866
2 24 4.5959 -45.4599 47.8184 4.7643 -47.2637 47.2661
2 24 9.2739 -44.4148 47.5587 9.2519 -41.0125 47.1098
2 24 4.5959 -45.4599 47.8184 4.3027 -41.3864 47.4616
2 24 9.2278 -38.2866 46.5532 9.2519 -41.0125 47.1098
2 24 12.1789 -37.8825 43.5348 12.1789 -40.813 44.1913
2 24 9.2519 -41.0125 47.1098 9.2278 -38.2866 46.5532
2 24 4.3027 -41.3864 47.4616 4.0609 -38.9989 46.5125
2 24 9.8435 -31.058 47.0778 9.7218 -34.8589 46.2398
2 24 3.3266 -32.4279 46.9894 3.9135 -35.6199 46.5335
2 24 2.5743 -26.675 49.2608 2.657 -29.9658 47.8475
2 24 10.0819 -27.6403 48.5592 9.8435 -31.058 47.0778
2 24 3.3266 -32.4279 46.9894 2.657 -29.9658 47.8475
2 24 9.3973 -47.4248 46.8866 9.235 -50.8805 44.1804
2 24 4.8713 -48.6458 46.5734 5.0828 -50.5454 44.7174
2 24 8.6514 -55.4586 36.8455 8.7223 -55.7873 30.9757
2 24 -9.0851 -55.3028 37.4447 -9.2121 -55.7873 30.148
2 24 10.7294 -8.1624 33.042 10.7305 -6.1552 30.5434
2 24 2.5743 -7.9811 32.3542 2.5743 -6.2344 30.2968
2 24 10.7305 -6.1552 30.5434 2.5743 -6.2344 30.2968
2 24 10.7294 -8.1624 33.042 10.4161 -10.9582 34.8624
2 24 2.5743 -7.9811 32.3542 2.5743 -10.6606 34.4076
2 24 10.4161 -10.9582 34.8624 10.1223 -15.5841 36.5197
2 24 2.5743 -10.6606 34.4076 2.5743 -15.2425 36.0373
2 24 10.1223 -15.5841 36.5197 9.8711 -20.5424 37.4183
2 24 2.5743 -15.2425 36.0373 2.5743 -20.0237 36.9876
2 24 9.8711 -20.5424 37.4183 9.9318 -23.9274 37.3094
2 24 2.5743 -20.0237 36.9876 2.5743 -23.4685 36.8766
2 24 9.9318 -23.9274 37.3094 9.9039 -27.466 35.9708
2 24 2.5743 -23.4685 36.8766 2.5743 -26.8326 35.8899
2 24 9.9039 -27.466 35.9708 10.2831 -31.3218 33.7538
2 24 2.5743 -26.8326 35.8899 2.5743 -30.0667 34.3288
2 24 10.4452 -35.3738 30.854 9.1322 -33.9334 31.7113
2 24 10.2831 -31.3218 33.7538 10.4452 -35.3738 30.854
2 24 2.5743 0 29.9149 10.2786 0 29.9954
2 24 2.5743 0 29.9149 2.5743 -6.2344 30.2968
2 24 10.2786 0 29.9954 10.7305 -6.1552 30.5434
2 24 2.5743 -6.2344 30.2968 10.7305 -6.1552 30.5434
2 24 2.5743 0 34.2272 2.5743 0 29.9149
2 24 2.5743 0 34.2272 2.5743 -5.1946 34.211
2 24 2.5743 0 29.9149 2.5743 -6.2344 30.2968
2 24 2.5743 -5.1946 34.211 2.5743 -5.1946 44.7163
2 24 2.5743 -5.1946 44.7163 2.5743 -9.2977 44.5815
2 24 2.5743 -7.9811 32.3542 2.5743 -10.6606 34.4076
2 24 2.5743 -15.2425 36.0373 2.5743 -20.0237 36.9876
2 24 2.5743 -13.6597 45.2041 2.5743 -18.5445 46.9793
2 24 2.5743 -20.0237 36.9876 2.5743 -23.4685 36.8766
2 24 2.5743 -18.5445 46.9793 2.5743 -21.175 48.3833
2 24 2.5743 -26.8326 35.8899 2.5743 -30.0667 34.3288
2 24 12.1789 -38.284 29.6939 12.1789 -32.5339 34.8395
2 24 12.1789 -34.3469 43.5473 12.1789 -37.8825 43.5348
2 24 12.1041 -26.8377 46.9469 11.9936 -24.6009 48.09
2 24 11.975 -22.2599 47.1842 11.9936 -24.6009 48.09
2 24 12.1789 -52.2218 30.623 12.1789 -53.2122 36.3551
2 24 12.1789 -20.4269 1.2072 12.1789 -24.0674 0.1933
2 24 12.1789 -27.3459 0.6776 12.1789 -24.0674 0.1933
2 24 10.2072 -35.6128 -3.5333 8.9816 -40.5108 -5.8234
2 24 2.5743 -33.2471 -3.8984 1.9075 -34.2434 -4.7387
2 24 1.9075 -34.2434 -4.7387 0.1677 -34.772 -5.4042
2 24 12.1789 -48.5019 -2.3005 12.1789 -51.4696 0.2024
2 24 5.062 -44.5766 -8.4243 3.9718 -49.0674 -9.6369
2 24 4.3789 -56.5244 8.3219 6.4605 -57.6079 6.8825
2 24 6.4605 -57.6079 6.8825 5.3872 -62.5247 5.1642
2 24 -9.0851 -55.3028 37.4447 -9.2121 -55.7873 30.148
2 24 -12.2241 -52.7708 37.3612 -12.3234 -52.5321 29.0731
2 24 -12.3234 -52.5321 29.0731 -12.1444 -52.8213 21.6502
2 24 -9.2121 -55.7873 30.148 -8.6892 -55.6873 19.3623
2 24 -8.6892 -55.6873 19.3623 -8.6736 -55.7873 12.6168
2 24 -12.1444 -52.8213 21.6502 -12.4357 -53.3732 12.5352
2 24 6.041 -71.0599 -4.9636 5.9985 -74.7612 -6.4163
2 24 4.4825 -73.8386 -1.8916 4.2684 -76.6296 -4.9077
2 24 5.5225 -60.1042 -7.8677 4.3894 -58.145 -10.4987
2 24 4.3894 -58.145 -10.4987 3.4721 -54.4409 -10.1865
2 24 7.8669 -66.2979 -6.661 7.7467 -63.8154 -7.4524
2 24 6.222 -66.6647 -4.5479 5.9518 -63.015 -5.4693
2 24 5.5225 -60.1042 -7.8677 5.9518 -63.015 -5.4693
2 24 7.508 -61.3971 -9.4536 7.7467 -63.8154 -7.4524
2 24 3.9718 -49.0674 -9.6369 3.4721 -54.4409 -10.1865
2 24 7.7282 -70.0825 -6.612 7.8669 -66.2979 -6.661
2 24 7.508 -61.3971 -9.4536 7.7467 -63.8154 -7.4524
2 24 7.8669 -66.2979 -6.661 7.7467 -63.8154 -7.4524
2 24 7.0497 -59.5324 -12.3207 7.508 -61.3971 -9.4536
2 24 5.5225 -60.1042 -7.8677 5.9518 -63.015 -5.4693
2 24 6.041 -71.0599 -4.9636 6.222 -66.6647 -4.5479
2 24 4.4825 -73.8386 -1.8916 4.8503 -70.7246 0.8155
2 24 4.0129 -53.9424 -27.3831 4.1867 -52.3011 -25.6744
2 24 4.1812 -55.8202 -26.7113 4.3951 -56.0943 -25.5816
2 24 4.1867 -52.3011 -25.6744 4.7191 -52.331 -22.0914
2 24 5.1567 -54.0415 -19.7406 4.7191 -52.331 -22.0914
2 24 2.4055 -60.9673 7.3389 2.6025 -65.0047 5.8759
2 24 5.9518 -63.015 -5.4693 6.222 -66.6647 -4.5479
2 24 4.8503 -70.7246 0.8155 5.0805 -67.6166 2.6782
2 24 5.0805 -67.6166 2.6782 5.3872 -62.5247 5.1642
2 24 1.9 -84.1226 -18.9323 1.8611 -83.3024 -19.6655
2 24 2.7162 -85.0717 -20.3653 1.8611 -83.3024 -19.6655
2 24 2.7162 -85.0717 -20.3653 3.5976 -86.2377 -20.578
2 24 3.5976 -86.2377 -20.578 3.7439 -86.887 -20.0419
2 24 3.1751 -86.6263 -18.3071 3.5707 -87.0196 -19.2991
2 24 3.7439 -86.887 -20.0419 3.5707 -87.0196 -19.2991
2 24 1.9 -84.1226 -18.9323 1.9347 -84.4729 -17.8787
2 24 4.8808 -86.9824 -20.1113 6.1514 -86.6886 -19.7509
2 24 6.1514 -86.6886 -19.7509 6.1339 -85.9534 -20.1073
2 24 4.6645 -86.3625 -20.5704 6.1339 -85.9534 -20.1073
2 24 4.8808 -86.9824 -20.1113 6.1514 -86.6886 -19.7509
2 24 6.1514 -86.6886 -19.7509 6.4285 -86.8633 -18.9773
2 24 4.9018 -87.1584 -19.156 6.4285 -86.8633 -18.9773
2 24 3.5707 -87.0196 -19.2991 4.9018 -87.1584 -19.156
2 24 3.5707 -87.0196 -19.2991 3.1751 -86.6263 -18.3071
2 24 7.1653 -85.81 -17.0242 6.4285 -86.8633 -18.9773
2 24 4.9018 -87.1584 -19.156 6.4285 -86.8633 -18.9773
2 24 7.1653 -85.81 -17.0242 7.5567 -83.5941 -14.4976
2 24 6.8959 -80.4848 -17.4784 6.8334 -76.7465 -16.1747
2 24 6.8334 -76.7465 -16.1747 5.4873 -77.5521 -17.4681
2 24 6.8334 -76.7465 -16.1747 6.8959 -80.4848 -17.4784
2 24 7.869 -81.0471 -12.3034 7.5567 -83.5941 -14.4976
2 24 7.8794 -77.8648 -10.2346 7.869 -81.0471 -12.3034
2 24 2.5434 -81.3036 -10.0489 2.4803 -81.7935 -10.9432
2 24 2.4803 -81.7935 -10.9432 2.4144 -83.3538 -12.9341
2 24 7.5567 -83.5941 -14.4976 7.869 -81.0471 -12.3034
2 24 1.9347 -84.4729 -17.8787 2.0034 -84.6539 -16.1042
2 24 3.1751 -86.6263 -18.3071 2.7277 -85.2459 -16.1025
2 24 3.1751 -86.6263 -18.3071 2.7277 -85.2459 -16.1025
2 24 2.7277 -85.2459 -16.1025 2.4738 -84.8307 -15.1633
2 24 2.0674 -79.7543 -5.9309 2.1031 -79.4081 -5.5277
2 24 2.1031 -79.4081 -5.5277 2.2589 -78.7496 -4.6952
2 24 2.2589 -78.7496 -4.6952 2.329 -76.6874 -2.1273
2 24 3.5715 -78.215 -6.2044 4.2684 -76.6296 -4.9077
2 24 2.1099 -72.1096 2.6984 2.3357 -72.5667 1.7498
2 24 2.1099 -72.1096 2.6984 2.3132 -71.3395 2.8113
2 24 2.3357 -72.5667 1.7498 2.2938 -74.2328 0.8268
2 24 4.8503 -70.7246 0.8155 4.4825 -73.8386 -1.8916
2 24 2.329 -76.6874 -2.1273 2.1459 -76.0059 -1.2497
2 24 4.2684 -76.6296 -4.9077 4.4825 -73.8386 -1.8916
2 24 2.1459 -76.0059 -1.2497 2.1772 -75.715 -0.8176
2 24 2.2938 -74.2328 0.8268 2.1772 -75.715 -0.8176
2 24 -9.0851 -55.3028 37.4447 -8.8758 -53.1694 41.3735
2 24 -12.2241 -52.7708 37.3612 -11.8884 -51.363 40.6336
2 24 -11.8884 -51.363 40.6336 -12.3122 -49.1183 42.6071
2 24 -8.8758 -53.1694 41.3735 -9.1519 -50.9902 43.8379
2 24 -9.1519 -50.9902 43.8379 -9.4313 -48.0951 46.1952
2 24 -12.3122 -49.1183 42.6071 -12.2763 -46.5767 44.4262
2 24 -9.4313 -48.0951 46.1952 -9.8285 -44.3027 47.5455
2 24 -12.2763 -46.5767 44.4262 -12.1753 -43.8993 45.3767
2 24 -9.8285 -44.3027 47.5455 -10 -39.4558 47.7282
2 24 -12.1753 -43.8993 45.3767 -12.1951 -39.9427 45.5166
2 24 -12.1951 -39.9427 45.5166 -12.2199 -35.5991 45.5113
2 24 -10 -39.4558 47.7282 -9.9442 -35.8611 48.1116
2 24 -4.3586 -49.257 45.9341 -4.0171 -50.9721 44.3684
2 24 -4.0171 -50.9721 44.3684 -3.8579 -52.2126 43.0168
2 24 -3.8579 -52.2126 43.0168 -1.7823 -54.4175 40.3103
2 24 -9.0851 -55.3028 37.4447 -8.8758 -53.1694 41.3735
2 24 8.6514 -55.4586 36.8455 9.0826 -53.2999 41.2458
2 24 1.4542 -54.5194 40.1571 3.7314 -52.876 42.3385
2 24 -12.309 -23.5407 54.1493 -12.2201 -25.3488 53.9026
2 24 -10.9029 -24.3022 55.5183 -10.8964 -26.0218 55.2076
2 24 -12.2201 -25.3488 53.9026 -12.4357 -26.5415 52.2572
2 24 -10.8964 -26.0218 55.2076 -10.4009 -27.8014 53.8167
2 24 -12.309 -23.5407 54.1493 -12.2747 -20.8345 53.7638
2 24 -10.9029 -24.3022 55.5183 -10.7348 -21.5988 55.1778
2 24 -10.7348 -21.5988 55.1778 -10.6812 -18.1513 55.1449
2 24 -12.2747 -20.8345 53.7638 -12.1906 -17.7068 53.7743
2 24 -12.1906 -17.7068 53.7743 -12.2384 -11.4789 55.1475
2 24 -10.6812 -18.1513 55.1449 -10.3432 -11.4607 56.7905
2 24 -10.3432 -11.4607 56.7905 -10.4421 -7.801 58.0027
2 24 -12.2384 -11.4789 55.1475 -12.4357 -8.3099 56.2247
2 24 -12.4357 -8.3099 56.2247 -12.4357 -4.6739 57.426
2 24 -10.4421 -7.801 58.0027 -10.6128 -4.1271 59.1948
2 24 -10.6128 -4.1271 59.1948 -10.595 -3.3186 59.5137
2 24 -12.4357 -4.6739 57.426 -13.6452 -3.1023 56.9202
2 24 -13.6452 -3.1023 56.9202 -13.7449 0 57.1937
2 24 -10.595 -3.3186 59.5137 -10.509 0 59.5595
2 24 -13.7449 0 57.1937 -10.509 0 59.5595
2 24 -13.5128 -4.4008 47.03 -13.6452 -3.1023 56.9202
2 24 -13.5128 -4.4008 47.03 -13.7702 0 47.1555
2 24 -13.6452 -3.1023 56.9202 -13.7449 0 57.1937
2 24 -13.7702 0 47.1555 -13.7449 0 57.1937
2 24 -13.5128 -4.4008 47.03 -12.3056 -6.1221 47.2754
2 24 -13.5128 -4.4008 47.03 -13.6452 -3.1023 56.9202
2 24 -12.3056 -6.1221 47.2754 -12.4357 -4.6739 57.426
2 24 -13.6452 -3.1023 56.9202 -12.4357 -4.6739 57.426
2 24 -12.2323 -8.6295 48.6686 -12.3056 -6.1221 47.2754
2 24 -12.4357 -8.3099 56.2247 -12.4357 -4.6739 57.426
2 24 -12.3056 -6.1221 47.2754 -12.4357 -4.6739 57.426
2 24 -12.2323 -8.6295 48.6686 -12.2321 -10.9669 49.2127
2 24 -12.4357 -8.3099 56.2247 -12.2384 -11.4789 55.1475
2 24 -12.2384 -11.4789 55.1475 -12.1906 -17.7068 53.7743
2 24 -12.2321 -10.9669 49.2127 -12.2162 -16.7231 48.1049
2 24 -11.1986 -6.9987 46.3175 -11.0032 -4.9582 45.4802
2 24 -12.3056 -6.1221 47.2754 -13.5128 -4.4008 47.03
2 24 -13.5128 -4.4008 47.03 -13.7702 0 47.1555
2 24 -11.0702 0 45.3983 -13.7702 0 47.1555
2 24 -12.3056 -6.1221 47.2754 -12.2323 -8.6295 48.6686
2 24 -11.1986 -6.9987 46.3175 -11.2992 -8.9439 47.3338
2 24 -12.2323 -8.6295 48.6686 -12.2321 -10.9669 49.2127
2 24 -11.2992 -8.9439 47.3338 -10.9887 -10.6805 47.4801
2 24 -12.2321 -10.9669 49.2127 -12.2162 -16.7231 48.1049
2 24 -10.9887 -10.6805 47.4801 -10.6556 -16.4064 45.9754
2 24 -12.2162 -16.7231 48.1049 -12.2421 -20.1074 47.1948
2 24 -12.1906 -17.7068 53.7743 -12.2747 -20.8345 53.7638
2 24 -10.6556 -16.4064 45.9754 -10.6416 -19.1224 45.1268
2 24 -12.2162 -16.7231 48.1049 -12.2421 -20.1074 47.1948
2 24 -12.2747 -20.8345 53.7638 -12.309 -23.5407 54.1493
2 24 -12.309 -23.5407 54.1493 -12.2201 -25.3488 53.9026
2 24 -12.2201 -25.3488 53.9026 -12.4357 -26.5415 52.2572
2 24 -12.2574 -22.8052 45.7807 -12.2685 -26.9622 41.9947
2 24 -12.4357 -26.5415 52.2572 -12.275 -29.9149 48.5806
2 24 -10.4009 -27.8014 53.8167 -10.0081 -31.0068 50.7224
2 24 -12.4357 -26.5415 52.2572 -12.275 -29.9149 48.5806
2 24 -12.2199 -35.5991 45.5113 -12.275 -29.9149 48.5806
2 24 -9.9442 -35.8611 48.1116 -10.0081 -31.0068 50.7224
2 24 -12.2685 -26.9622 41.9947 -12.2612 -31.4538 37.4783
2 24 -12.275 -29.9149 48.5806 -12.2199 -35.5991 45.5113
2 24 -10.6416 -19.1224 45.1268 -10.5644 -21.9827 43.7882
2 24 -12.2421 -20.1074 47.1948 -12.2574 -22.8052 45.7807
2 24 -12.2574 -22.8052 45.7807 -12.2685 -26.9622 41.9947
2 24 -10.5644 -21.9827 43.7882 -10.7033 -26.2078 40.4333
2 24 -12.2685 -26.9622 41.9947 -12.2612 -31.4538 37.4783
2 24 -10.7033 -26.2078 40.4333 -10.5458 -30.4066 36.6504
2 24 -10.6448 -33.1146 34.5383 -10.4041 -36.1095 31.9727
2 24 -10.4041 -36.1095 31.9727 -12.3528 -40.4144 31.8684
2 24 -12.3262 -34.4851 35.5077 -12.3528 -40.4144 31.8684
2 24 -10.4041 -36.1095 31.9727 -8.0739 -33.983 33.4897
2 24 -8.8984 -33.2929 28.2505 -8.0739 -33.983 33.4897
2 24 -10.4041 -36.1095 31.9727 -12.3528 -40.4144 31.8684
2 24 -12.3528 -40.4144 31.8684 -12.3042 -37.732 27.5901
2 24 -12.3042 -37.732 27.5901 -12.2026 -35.8438 19.9913
2 24 -8.8984 -33.2929 28.2505 -8.4618 -31.6034 20.6562
2 24 -12.2026 -35.8438 19.9913 -11.9789 -35.7513 13.8072
2 24 -8.4618 -31.6034 20.6562 -8.2781 -31.0001 13.6278
2 24 -8.2781 -31.0001 13.6278 -8.6727 -30.7911 7.7689
2 24 -8.6727 -30.7911 7.7689 -11.0823 -33.9119 6.9767
2 24 -11.0823 -33.9119 6.9767 -12.2661 -37.5215 6.6171
2 24 -11.9789 -35.7513 13.8072 -12.2661 -37.5215 6.6171
2 24 -12.3042 -37.732 27.5901 -12.3528 -40.4144 31.8684
2 24 -12.3234 -52.5321 29.0731 -12.2241 -52.7708 37.3612
2 24 -12.3234 -52.5321 29.0731 -12.1444 -52.8213 21.6502
2 24 -12.3042 -37.732 27.5901 -12.2026 -35.8438 19.9913
2 24 -12.1444 -52.8213 21.6502 -12.4357 -53.3732 12.5352
2 24 -12.2026 -35.8438 19.9913 -11.9789 -35.7513 13.8072
2 24 -12.1998 -52.8838 1.7333 -12.261 -54.2743 5.6686
2 24 -12.1772 -36.0006 -2.788 -12.1873 -41.0196 -3.5932
2 24 -12.1772 -36.0006 -2.788 -12.1822 -31.104 -1.1303
2 24 -12.2661 -37.5215 6.6171 -12.245 -30.9934 5.2482
2 24 -12.4357 -53.3732 12.5352 -12.261 -54.2743 5.6686
2 24 -11.9789 -35.7513 13.8072 -12.2661 -37.5215 6.6171
2 24 5.4873 -77.5521 -17.4681 2.4941 -78.6524 -18.229
2 24 2.5625 -80.8895 -18.6408 2.4941 -78.6524 -18.229
2 24 5.193 -75.7966 -18.8448 4.517 -73.1935 -21.2046
2 24 2.3947 -76.7188 -19.467 1.7859 -74.8438 -21.2736
2 24 -12.4357 -53.3732 12.5352 -12.261 -54.2743 5.6686
2 24 -8.6736 -55.7873 12.6168 -8.7696 -56.3572 8.1334
2 24 -12.261 -54.2743 5.6686 -12.1998 -52.8838 1.7333
2 24 -12.1998 -52.8838 1.7333 -12.1925 -49.209 -2.0126
2 24 -12.1998 -52.8838 1.7333 -12.1925 -49.209 -2.0126
2 24 -9.9843 -25.4444 6.7926 -9.945 -20.0165 6.3516
2 24 -2.2362 -23.1776 7.0753 -2.2362 -18.5346 6.5613
2 24 -9.945 -20.0165 6.3516 -10.2496 -14.8803 5.8454
2 24 -2.2362 -18.5346 6.5613 -2.2362 -13.7603 6.21
2 24 -13.6171 0 2.5587 -12.274 -4.5337 3.4573
2 24 -13.6171 0 2.5587 -11.3013 0 4.8383
2 24 -11.3013 0 4.8383 -11.0374 -4.3411 4.7331
2 24 -12.274 -4.5337 3.4573 -13.6171 0 2.5587
2 24 -13.6171 0 2.5587 -13.7013 0 -7.3591
2 24 -12.5464 -6.5572 -5.8189 -13.7013 0 -7.3591
2 24 -11.0374 -4.3411 4.7331 -10.5602 -9.697 5.3652
2 24 -12.274 -4.5337 3.4573 -12.2995 -10.329 3.4433
2 24 -10.2496 -14.8803 5.8454 -9.945 -20.0165 6.3516
2 24 -12.4357 -15.7119 3.9163 -12.4357 -20.9902 4.5471
2 24 -12.4357 -20.9902 4.5471 -12.4357 -25.6599 4.8014
2 24 -9.945 -20.0165 6.3516 -9.9843 -25.4444 6.7926
2 24 -12.4357 -25.6599 4.8014 -12.245 -30.9934 5.2482
2 24 -9.9843 -25.4444 6.7926 -9.1184 -28.9496 7.1867
2 24 -10.2496 -14.8803 5.8454 -10.5602 -9.697 5.3652
2 24 -2.2362 -13.7603 6.21 -2.2362 -9.0435 5.863
2 24 -12.2995 -10.329 3.4433 -12.4357 -15.7119 3.9163
2 24 -10.5602 -9.697 5.3652 -10.2496 -14.8803 5.8454
2 24 -12.274 -4.5337 3.4573 -12.2995 -10.329 3.4433
2 24 -12.5464 -6.5572 -5.8189 -12.2097 -10.8991 -3.0003
2 24 -12.2995 -10.329 3.4433 -12.4357 -15.7119 3.9163
2 24 -12.2097 -10.8991 -3.0003 -12.1507 -16.421 -1.5554
2 24 -12.1507 -16.421 -1.5554 -12.1225 -21.2183 -1.6842
2 24 -12.4357 -15.7119 3.9163 -12.4357 -20.9902 4.5471
2 24 -12.1225 -21.2183 -1.6842 -12.0956 -25.6293 -1.861
2 24 -12.4357 -20.9902 4.5471 -12.4357 -25.6599 4.8014
2 24 -12.245 -30.9934 5.2482 -12.4357 -25.6599 4.8014
2 24 -12.1822 -31.104 -1.1303 -12.0956 -25.6293 -1.861
2 24 -10.439 -25.3216 -4.0087 -9.9232 -30.5865 -3.4098
2 24 -12.0956 -25.6293 -1.861 -12.1822 -31.104 -1.1303
2 24 -12.0956 -25.6293 -1.861 -12.1225 -21.2183 -1.6842
2 24 -10.439 -25.3216 -4.0087 -10.1627 -20.5654 -3.362
2 24 -10.1627 -20.5654 -3.362 -10.2541 -16.2794 -3.3627
2 24 -12.1225 -21.2183 -1.6842 -12.1507 -16.421 -1.5554
2 24 -10.2541 -16.2794 -3.3627 -10.2397 -11.1067 -4.965
2 24 -12.1507 -16.421 -1.5554 -12.2097 -10.8991 -3.0003
2 24 -10.2397 -11.1067 -4.965 -10.7045 -7.9491 -7.1865
2 24 -12.2097 -10.8991 -3.0003 -12.5464 -6.5572 -5.8189
2 24 -10.7045 -7.9491 -7.1865 -10.8589 0 -9.3199
2 24 -12.5464 -6.5572 -5.8189 -13.7013 0 -7.3591
2 24 -10.8589 0 -9.3199 -13.7013 0 -7.3591
2 24 -2.2362 0 -9.9114 -2.2362 -7.8968 -7.8303
2 24 -2.2362 0 -9.9114 -10.8589 0 -9.3199
2 24 -10.8589 0 -9.3199 -10.7045 -7.9491 -7.1865
2 24 -2.2362 -7.8968 -7.8303 -2.3125 -10.1062 -5.8294
2 24 -10.7045 -7.9491 -7.1865 -10.2397 -11.1067 -4.965
2 24 -2.3125 -10.1062 -5.8294 -2.2865 -15.083 -3.9616
2 24 -10.2397 -11.1067 -4.965 -10.2541 -16.2794 -3.3627
2 24 -2.2865 -15.083 -3.9616 -2.2362 -20.0404 -3.4462
2 24 -10.2541 -16.2794 -3.3627 -10.1627 -20.5654 -3.362
2 24 -2.2362 -20.0404 -3.4462 -2.2362 -25.1201 -4.3411
2 24 -10.1627 -20.5654 -3.362 -10.439 -25.3216 -4.0087
2 24 -10.439 -25.3216 -4.0087 -9.9232 -30.5865 -3.4098
2 24 -2.2362 -25.1201 -4.3411 -2.2362 -30.2187 -3.7927
2 24 -12.1822 -31.104 -1.1303 -12.1772 -36.0006 -2.788
2 24 -9.9232 -30.5865 -3.4098 -9.5742 -36.0621 -5.2336
2 24 -12.1772 -36.0006 -2.788 -12.1873 -41.0196 -3.5932
2 24 -9.5742 -36.0621 -5.2336 -8.2967 -39.9135 -6.3058
2 24 -2.2362 -9.0435 5.863 -2.2362 -5.1858 5.5822
2 24 -2.3125 -10.1062 -5.8294 -2.2362 -7.8968 -7.8303
2 24 -2.2362 -5.1858 5.5822 -2.2362 -5.1858 -5.6079
2 24 -12.3122 -49.1183 42.6071 -11.8884 -51.363 40.6336
2 24 -12.2241 -52.7708 37.3612 -11.8884 -51.363 40.6336
2 24 12.1789 -36.354 7.659 12.1789 -30.4245 7.4492
2 24 12.1789 -36.354 7.659 11.1416 -33.175 8.9179
2 24 11.1416 -33.175 8.9179 10.1005 -30.5937 8.9343
2 24 10.2431 -25.1279 8.9145 10.1005 -30.5937 8.9343
2 24 12.1789 -26.2293 7.4279 12.1789 -30.4245 7.4492
2 24 -10.8964 -26.0218 55.2076 -10.4009 -27.8014 53.8167
2 24 -2.2362 -26.6073 55.2664 -2.2362 -27.9159 54.1176
2 24 -2.2362 -26.6073 55.2664 -2.2362 -24.463 55.8333
2 24 -10.8964 -26.0218 55.2076 -10.9029 -24.3022 55.5183
2 24 -2.2362 -24.463 55.8333 -2.2362 -22.3666 55.6509
2 24 -10.9029 -24.3022 55.5183 -10.7348 -21.5988 55.1778
2 24 -2.2362 -22.3666 55.6509 -2.2362 -18.6793 55.3588
2 24 -10.7348 -21.5988 55.1778 -10.6812 -18.1513 55.1449
2 24 -2.2362 -18.6793 55.3588 -2.2362 -11.9006 57.0355
2 24 -10.6812 -18.1513 55.1449 -10.3432 -11.4607 56.7905
2 24 -2.2362 -11.9006 57.0355 -2.2362 -8.7021 58.1205
2 24 -10.3432 -11.4607 56.7905 -10.4421 -7.801 58.0027
2 24 -6.1433 -3.7564 59.6859 -6.1425 0 59.7674
2 24 -6.1425 0 59.7674 -10.509 0 59.5595
2 24 -10.595 -3.3186 59.5137 -10.509 0 59.5595
2 24 -6.1433 -4.5521 59.5725 -6.1532 -5.1789 59.3271
2 24 -10.4421 -7.801 58.0027 -10.6128 -4.1271 59.1948
2 24 -2.2362 -10.5788 46.9279 -2.2362 -8.8354 46.6431
2 24 -2.2362 -10.5788 46.9279 -2.2362 -16.4948 45.9767
2 24 -2.2362 -16.4948 45.9767 -2.2362 -20.0577 44.34
2 24 -2.2362 -20.0577 44.34 -2.2362 -22.5348 42.749
2 24 -2.2362 -22.5348 42.749 -2.2362 -26.1086 39.9389
2 24 -4.6371 -35.9997 48.2851 -4.2174 -32.8482 49.6302
2 24 -9.9442 -35.8611 48.1116 -10.0081 -31.0068 50.7224
2 24 6.4605 -57.6079 6.8825 8.6414 -56.3558 7.9309
2 24 5.3872 -62.5247 5.1642 6.4605 -57.6079 6.8825
2 24 8.19 -55.9191 11.1303 8.6414 -56.3558 7.9309
2 24 4.3789 -56.5244 8.3219 6.4605 -57.6079 6.8825
2 24 8.6414 -56.3558 7.9309 6.4605 -57.6079 6.8825
2 24 8.5994 -55.7873 20.2922 8.19 -55.9191 11.1303
2 24 12.1789 -52.6726 20.6059 12.1789 -53.7253 11.5258
2 24 4.3789 -56.5244 8.3219 0 -56.4215 9.007
2 24 5.7111 -55.7873 22.3656 4.3711 -55.7873 24.3711
2 24 2.3656 -55.7873 25.7111 0 -55.7873 26.1816
2 24 8.19 -55.9191 11.1303 8.5994 -55.7873 20.2922
2 24 5.7111 -55.7873 17.6344 6.1816 -55.7873 20
2 24 2.3656 -55.7873 14.2889 4.3711 -55.7873 15.6289
2 24 12.1789 -51.4696 0.2024 12.1789 -53.9826 4.462
2 24 8.6414 -56.3558 7.9309 8.19 -55.9191 11.1303
2 24 12.1789 -53.7253 11.5258 12.1789 -54.0195 7.7482
2 24 -2.2362 -30.2187 -3.7927 -2.2362 -33.1334 -4.5738
2 24 -9.9232 -30.5865 -3.4098 -9.5742 -36.0621 -5.2336
2 24 -9.5742 -36.0621 -5.2336 -8.2967 -39.9135 -6.3058
2 24 -2.2362 -33.1334 -4.5738 -1.6915 -33.9776 -5.1033
2 24 -10.5602 -9.697 5.3652 -11.0374 -4.3411 4.7331
2 24 -6.546 -5.1858 5.5717 -6.5844 0 5.1627
2 24 -11.0374 -4.3411 4.7331 -11.3013 0 4.8383
2 24 -6.5844 0 5.1627 -11.3013 0 4.8383
2 24 4.2684 -76.6296 -4.9077 3.5715 -78.215 -6.2044
2 24 4.9223 -78.4772 -9.0253 5.9985 -74.7612 -6.4163
2 24 -6.109 0 -1.8324 -6.3154 0 2.5137
2 24 -5.8204 -5.1858 -1.8912 -6.2297 -5.1858 2.6134
2 24 -6.109 0 -1.8324 -5.0593 0 -3.798
2 24 -5.8204 -5.1858 -1.8912 -4.9512 -5.1858 -3.5972
2 24 -4.9512 -5.1858 -3.5972 -2.2362 -5.1858 -5.6079
2 24 -2.2362 -5.1858 -5.6079 -2.2362 0 -5.7753
2 24 -5.0593 0 -3.798 -2.2362 0 -5.7753
2 24 6.2468 0 -3.8531 5.9598 0 -1.7467
2 24 6.2468 0 -3.8531 10.7943 0 -3.6802
2 24 10.7943 0 -3.6802 13.2874 0 -1.9948
2 24 12.3093 -6.8505 -0.0553 12.1789 -11.5063 2.0582
2 24 12.1789 -4.5286 8.4898 12.0485 -9.396 8.005
2 24 -2.2362 -30.2187 -3.7927 -2.2362 -25.1201 -4.3411
2 24 -2.2362 -23.1776 7.0753 -2.2362 -26.8135 7.3914
2 24 -3.5972 0 54.5616 -2.2362 0 53.9469
2 24 -3.5972 -5.2057 54.5616 -2.2362 -5.2057 53.9178
2 24 -2.2362 0 53.9469 -2.2362 -5.2057 53.9178
2 24 -3.5972 0 54.5616 -5.2819 0 56.175
2 24 -3.5972 -5.2057 54.5616 -5.2819 -5.2057 56.175
2 24 -5.2819 0 56.175 -6.1169 0 57.881
2 24 -5.2819 -5.2057 56.175 -6.1233 -5.1983 57.6984
2 24 -6.1433 -3.7564 59.6859 -6.1433 -4.5521 59.5725
2 24 -6.1233 -5.1983 57.6984 -6.1532 -5.1789 59.3271
2 24 -6.1433 -4.5521 59.5725 -6.1532 -5.1789 59.3271
2 24 -5.2819 -5.2057 56.175 -6.1233 -5.1983 57.6984
2 24 -6.1233 -5.1983 57.6984 -6.1532 -5.1789 59.3271
2 24 -2.2362 -5.2057 59.3854 -6.1532 -5.1789 59.3271
2 24 -2.2362 -5.2057 53.9178 -3.5972 -5.2057 54.5616
2 24 -2.2362 -5.2057 59.3854 -2.2362 -5.2057 53.9178
2 24 -5.2819 -5.2057 56.175 -3.5972 -5.2057 54.5616
2 24 -2.2362 -10.5788 46.9279 -2.2362 -8.8354 46.6431
2 24 -2.2362 -11.9006 57.0355 -2.2362 -8.7021 58.1205
2 24 5.034 0 36.222 5.9284 0 37.9322
2 24 10.2786 0 29.9954 13.7914 0 32.4544
2 24 6.0759 0 41.9679 6.12 0 40
2 24 10.2658 0 44.3165 13.1819 0 42.2986
2 24 5.9284 0 37.9322 6.12 0 40
2 24 13.7914 0 32.4544 13.1819 0 42.2986
2 24 5.9598 0 -1.7467 5.9598 0 1.8912
2 24 13.2874 0 -1.9948 13.7604 0 7.9779
2 24 5.9598 0 1.8912 4.9512 0 3.5972
2 24 13.7604 0 7.9779 12.2782 0 9.0244
2 24 2.5743 0 5.4111 2.5743 0 9.9943
2 24 2.5743 0 5.4111 3.5972 0 4.9512
2 24 2.5743 0 9.9943 10.3968 0 9.6434
2 24 4.9512 0 3.5972 3.5972 0 4.9512
2 24 12.2782 0 9.0244 10.3968 0 9.6434
2 24 -10.8589 0 -9.3199 -2.2362 0 -9.9114
2 24 -5.0593 0 -3.798 -2.2362 0 -5.7753
2 24 -2.2362 0 -9.9114 -2.2362 0 -5.7753
2 24 -10.8589 0 -9.3199 -13.7013 0 -7.3591
2 24 -5.0593 0 -3.798 -6.109 0 -1.8324
2 24 -13.7702 0 47.1555 -13.7449 0 57.1937
2 24 -5.2819 0 56.175 -6.1169 0 57.881
2 24 -5.2819 0 56.175 -3.5972 0 54.5616
2 24 -13.7702 0 47.1555 -11.0702 0 45.3983
2 24 -2.2362 -10.5788 46.9279 -2.2362 -16.4948 45.9767
2 24 -2.2362 -11.9006 57.0355 -2.2362 -18.6793 55.3588
2 24 -2.2362 -16.4948 45.9767 -2.2362 -20.0577 44.34
2 24 -2.2362 -18.6793 55.3588 -2.2362 -22.3666 55.6509
2 24 -2.2362 -20.0577 44.34 -2.2362 -22.5348 42.749
2 24 -2.2362 -22.3666 55.6509 -2.2362 -24.463 55.8333
2 24 2.5743 -10.6606 34.4076 2.5743 -15.2425 36.0373
2 24 2.5743 -9.2977 44.5815 2.5743 -13.6597 45.2041
2 24 2.5743 -26.675 49.2608 2.5743 -24.5091 49.9456
2 24 2.5743 -21.175 48.3833 2.5743 -24.5091 49.9456
2 24 2.5743 -23.4685 36.8766 2.5743 -26.8326 35.8899
2 24 2.5743 -26.675 49.2608 2.657 -29.9658 47.8475
2 24 -2.3125 -10.1062 -5.8294 -2.2865 -15.083 -3.9616
2 24 -2.2362 -9.0435 5.863 -2.2362 -13.7603 6.21
2 24 -2.2362 -13.7603 6.21 -2.2362 -18.5346 6.5613
2 24 -2.2865 -15.083 -3.9616 -2.2362 -20.0404 -3.4462
2 24 -2.2362 -23.1776 7.0753 -2.2362 -18.5346 6.5613
2 24 -2.2362 -25.1201 -4.3411 -2.2362 -20.0404 -3.4462
2 24 2.5743 -26.6006 -1.8541 2.5743 -23.6346 -1.7994
2 24 2.5743 -23.6346 -1.7994 2.5743 -20.0388 -0.5618
2 24 2.5743 -15.5205 9.5064 2.5743 -23.6603 9.2504
2 24 2.5743 -15.7963 0.1376 2.5743 -20.0388 -0.5618
2 24 -9.2121 -55.7873 30.148 -8.6892 -55.6873 19.3623
2 24 -5.7111 -55.7873 22.3656 -6.1816 -55.7873 20
2 24 -5.7111 -55.7873 22.3656 -4.3711 -55.7873 24.3711
2 24 -4.3711 -55.7873 24.3711 -2.3656 -55.7873 25.7111
2 24 0 -55.7873 26.1816 -2.3656 -55.7873 25.7111
2 24 -8.6892 -55.6873 19.3623 -8.6736 -55.7873 12.6168
2 24 -5.7111 -55.7873 17.6344 -4.3711 -55.7873 15.6289
2 24 -4.3711 -55.7873 15.6289 -2.3656 -55.7873 14.2889
2 24 -8.2967 -39.9135 -6.3058 -4.9454 -44.5517 -7.7294
2 24 -4.9454 -44.5517 -7.7294 -4.2186 -49.1578 -9.6121
2 24 3.8912 -5.1946 34.9632 2.5743 -5.1946 34.211
2 24 2.5743 -5.1946 44.7163 2.5743 -5.1946 34.211
2 24 -2.2362 0 53.9469 -2.2362 0 45.8409
2 24 -3.5972 0 54.5616 -2.2362 0 53.9469
2 24 -2.2362 0 45.8409 -4.1299 0 44.7952
2 24 -6.1169 0 57.881 -6.1425 0 59.7674
2 24 -6.1425 0 59.7674 -10.509 0 59.5595
2 24 -13.7449 0 57.1937 -10.509 0 59.5595
2 24 5.034 0 36.222 3.8912 0 34.9632
2 24 2.5743 -6.2344 30.2968 2.5743 -7.9811 32.3542
2 24 2.5816 -5.1466 -3.9925 2.5743 -5.1466 5.4789
2 24 3.5972 -5.1466 4.9512 2.5743 -5.1466 5.4789
2 24 3.5972 -5.1466 4.9512 4.9512 -5.1466 3.5972
2 24 4.9512 -5.1466 3.5972 5.9598 -5.1466 1.8912
2 24 5.9598 -5.1466 1.8912 5.9598 -5.1466 -1.7293
2 24 10.6782 -5.5868 -3.6846 10.7943 0 -3.6802
2 24 6.2468 -5.1466 -3.8531 6.2468 0 -3.8531
2 24 10.7943 0 -3.6802 6.2468 0 -3.8531
2 24 -2.2362 -26.1086 39.9389 -2.2362 -30.878 35.7828
2 24 -3.7172 -55.9053 21.5397 -4.0234 -55.9053 20
2 24 0.0001 -55.9054 24.0235 1.5397 -55.9054 23.7172
2 24 -2.845 -55.9053 17.155 -3.7172 -55.9053 18.4603
2 24 2.845 -55.9053 17.155 1.5397 -55.9053 16.2829
2 24 0 -55.9053 15.9766 -1.5397 -55.9053 16.2828
2 24 -4.0234 -55.9053 20 -3.7172 -55.9053 18.4603
2 24 -2.845 -55.9053 17.155 -1.5397 -55.9053 16.2828
2 24 -2.845 -55.9053 22.845 -1.5396 -55.9053 23.7172
2 24 -3.7172 -55.9053 21.5397 -2.845 -55.9053 22.845
2 24 0.0001 -55.9054 24.0235 -1.5396 -55.9053 23.7172
2 24 2.845 -55.9054 22.845 3.7171 -55.9054 21.5398
2 24 1.5397 -55.9054 23.7172 2.845 -55.9054 22.845
2 24 3.7171 -55.9054 21.5398 4.0234 -55.9053 20.0001
2 24 4.0234 -55.9053 20.0001 3.7172 -55.9053 18.4603
2 24 1.5397 -55.9053 16.2829 0 -55.9053 15.9766
2 24 2.845 -55.9053 17.155 3.7172 -55.9053 18.4603
2 24 4.0525 -60.2956 20 3.744 -60.2956 21.5508
2 24 4.0234 -55.9053 20.0001 3.7171 -55.9054 21.5398
2 24 3.744 -60.2956 21.5508 2.8656 -60.2956 22.8656
2 24 3.7171 -55.9054 21.5398 2.845 -55.9054 22.845
2 24 2.8656 -60.2956 22.8656 1.5508 -60.2956 23.744
2 24 2.845 -55.9054 22.845 1.5397 -55.9054 23.7172
2 24 1.5508 -60.2956 23.744 0 -60.2956 24.0525
2 24 1.5397 -55.9054 23.7172 0.0001 -55.9054 24.0235
2 24 0 -60.2956 24.0525 -1.5508 -60.2956 23.744
2 24 0.0001 -55.9054 24.0235 -1.5396 -55.9053 23.7172
2 24 -1.5508 -60.2956 23.744 -2.8656 -60.2956 22.8656
2 24 -1.5396 -55.9053 23.7172 -2.845 -55.9053 22.845
2 24 -2.8656 -60.2956 22.8656 -3.744 -60.2956 21.5508
2 24 -2.845 -55.9053 22.845 -3.7172 -55.9053 21.5397
2 24 -3.744 -60.2956 21.5508 -4.0525 -60.2956 20
2 24 -3.7172 -55.9053 21.5397 -4.0234 -55.9053 20
2 24 -4.0525 -60.2956 20 -3.744 -60.2956 18.4492
2 24 -4.0234 -55.9053 20 -3.7172 -55.9053 18.4603
2 24 -3.744 -60.2956 18.4492 -2.8656 -60.2956 17.1344
2 24 -3.7172 -55.9053 18.4603 -2.845 -55.9053 17.155
2 24 -2.8656 -60.2956 17.1344 -1.5508 -60.2956 16.256
2 24 -2.845 -55.9053 17.155 -1.5397 -55.9053 16.2828
2 24 -1.5508 -60.2956 16.256 0 -60.2956 15.9475
2 24 -1.5397 -55.9053 16.2828 0 -55.9053 15.9766
2 24 0 -60.2956 15.9475 1.5508 -60.2956 16.256
2 24 0 -55.9053 15.9766 1.5397 -55.9053 16.2829
2 24 1.5508 -60.2956 16.256 2.8656 -60.2956 17.1344
2 24 1.5397 -55.9053 16.2829 2.845 -55.9053 17.155
2 24 2.8656 -60.2956 17.1344 3.744 -60.2956 18.4492
2 24 2.845 -55.9053 17.155 3.7172 -55.9053 18.4603
2 24 4.0525 -60.2956 20 3.744 -60.2956 18.4492
2 24 4.0234 -55.9053 20.0001 3.7172 -55.9053 18.4603
2 24 5.7075 -60.2956 22.3641 6.1777 -60.2956 20
2 24 5.7111 -55.7873 22.3656 6.1816 -55.7873 20
2 24 6.1777 -60.2956 20 5.7075 -60.2956 22.3641
2 24 4.0525 -60.2956 20 3.744 -60.2956 21.5508
2 24 5.7075 -60.2956 22.3641 4.3683 -60.2956 24.3683
2 24 3.744 -60.2956 21.5508 2.8656 -60.2956 22.8656
2 24 5.7075 -60.2956 22.3641 4.3683 -60.2956 24.3683
2 24 5.7111 -55.7873 22.3656 4.3711 -55.7873 24.3711
2 24 4.3683 -60.2956 24.3683 2.3641 -60.2956 25.7075
2 24 2.8656 -60.2956 22.8656 1.5508 -60.2956 23.744
2 24 4.3683 -60.2956 24.3683 2.3641 -60.2956 25.7075
2 24 4.3711 -55.7873 24.3711 2.3656 -55.7873 25.7111
2 24 2.3641 -60.2956 25.7075 0 -60.2956 26.1777
2 24 1.5508 -60.2956 23.744 0 -60.2956 24.0525
2 24 2.3641 -60.2956 25.7075 0 -60.2956 26.1777
2 24 2.3656 -55.7873 25.7111 0 -55.7873 26.1816
2 24 0 -60.2956 26.1777 -2.3641 -60.2956 25.7075
2 24 0 -60.2956 24.0525 -1.5508 -60.2956 23.744
2 24 0 -60.2956 26.1777 -2.3641 -60.2956 25.7075
2 24 0 -55.7873 26.1816 -2.3656 -55.7873 25.7111
2 24 -2.3641 -60.2956 25.7075 -4.3683 -60.2956 24.3683
2 24 -1.5508 -60.2956 23.744 -2.8656 -60.2956 22.8656
2 24 -2.3641 -60.2956 25.7075 -4.3683 -60.2956 24.3683
2 24 -2.3656 -55.7873 25.7111 -4.3711 -55.7873 24.3711
2 24 -4.3683 -60.2956 24.3683 -5.7074 -60.2956 22.3641
2 24 -2.8656 -60.2956 22.8656 -3.744 -60.2956 21.5508
2 24 -4.3683 -60.2956 24.3683 -5.7074 -60.2956 22.3641
2 24 -4.3711 -55.7873 24.3711 -5.7111 -55.7873 22.3656
2 24 -5.7074 -60.2956 22.3641 -6.1777 -60.2956 20
2 24 -3.744 -60.2956 21.5508 -4.0525 -60.2956 20
2 24 -5.7074 -60.2956 22.3641 -6.1777 -60.2956 20
2 24 -5.7111 -55.7873 22.3656 -6.1816 -55.7873 20
2 24 -6.1777 -60.2956 20 -5.7074 -60.2956 17.6359
2 24 -4.0525 -60.2956 20 -3.744 -60.2956 18.4492
2 24 -6.1777 -60.2956 20 -5.7074 -60.2956 17.6359
2 24 -6.1816 -55.7873 20 -5.7111 -55.7873 17.6344
2 24 -5.7074 -60.2956 17.6359 -4.3683 -60.2956 15.6317
2 24 -3.744 -60.2956 18.4492 -2.8656 -60.2956 17.1344
2 24 -5.7074 -60.2956 17.6359 -4.3683 -60.2956 15.6317
2 24 -5.7111 -55.7873 17.6344 -4.3711 -55.7873 15.6289
2 24 -4.3683 -60.2956 15.6317 -2.3641 -60.2956 14.2926
2 24 -2.8656 -60.2956 17.1344 -1.5508 -60.2956 16.256
2 24 -4.3683 -60.2956 15.6317 -2.3641 -60.2956 14.2926
2 24 -4.3711 -55.7873 15.6289 -2.3656 -55.7873 14.2889
2 24 -2.3641 -60.2956 14.2926 0 -60.2956 13.8223
2 24 -1.5508 -60.2956 16.256 0 -60.2956 15.9475
2 24 -2.3641 -60.2956 14.2926 0 -60.2956 13.8223
2 24 -2.3656 -55.7873 14.2889 0 -55.7873 13.8184
2 24 0 -60.2956 13.8223 2.3641 -60.2956 14.2926
2 24 0 -60.2956 15.9475 1.5508 -60.2956 16.256
2 24 0 -60.2956 13.8223 2.3641 -60.2956 14.2926
2 24 0 -55.7873 13.8184 2.3656 -55.7873 14.2889
2 24 2.3641 -60.2956 14.2926 4.3683 -60.2956 15.6317
2 24 1.5508 -60.2956 16.256 2.8656 -60.2956 17.1344
2 24 2.3641 -60.2956 14.2926 4.3683 -60.2956 15.6317
2 24 2.3656 -55.7873 14.2889 4.3711 -55.7873 15.6289
2 24 4.3683 -60.2956 15.6317 5.7074 -60.2956 17.6359
2 24 2.8656 -60.2956 17.1344 3.744 -60.2956 18.4492
2 24 4.3683 -60.2956 15.6317 5.7074 -60.2956 17.6359
2 24 4.3711 -55.7873 15.6289 5.7111 -55.7873 17.6344
2 24 6.1777 -60.2956 20 5.7074 -60.2956 17.6359
2 24 4.0525 -60.2956 20 3.744 -60.2956 18.4492
2 24 6.1777 -60.2956 20 5.7074 -60.2956 17.6359
2 24 6.1816 -55.7873 20 5.7111 -55.7873 17.6344
2 24 -10.595 -3.3186 59.5137 -10.6128 -4.1271 59.1948
2 24 -6.1433 -3.7564 59.6859 -6.1433 -4.5521 59.5725
2 24 -5.9521 -31.1978 21.07 -5.9004 -32.7476 27.8458
2 24 -8.4618 -31.6034 20.6562 -8.8984 -33.2929 28.2505
2 24 -5.9521 -31.1978 21.07 -5.9004 -30.5252 12.9443
2 24 -8.4618 -31.6034 20.6562 -8.2781 -31.0001 13.6278
2 24 -5.9004 -45.7541 12.5406 -5.8346 -45.4911 19.1788
2 24 -5.9004 -30.5252 12.9443 -5.9521 -31.1978 21.07
2 24 -5.9521 -31.1978 21.07 -5.9004 -32.7476 27.8458
2 24 -5.8346 -45.4911 19.1788 -5.9004 -45.7541 27.8202
2 24 -4.8178 -45.7541 30.949 -3.4068 -45.7541 31.7128
2 24 -4.9212 -33.3444 31.4625 -3.5495 -33.268 32.1927
2 24 -5.9004 -45.7541 27.8202 -5.6531 -45.7541 29.5155
2 24 -5.9004 -32.7476 27.8458 -5.868 -33.0364 29.9196
2 24 -3.4068 -45.7541 31.7128 -2.1171 -45.7541 32.2564
2 24 -2.1171 -45.7541 32.2564 -2.364 -33.4486 32.5124
2 24 -3.5495 -33.268 32.1927 -2.364 -33.4486 32.5124
2 24 -2.1171 -45.7541 32.2564 -2.2362 -45.7541 33.9492
2 24 -2.364 -33.4486 32.5124 -2.2362 -33.3822 33.6696
2 24 -10.7033 -26.2078 40.4333 -10.5458 -30.4066 36.6504
2 24 -10.7033 -26.2078 40.4333 -10.5644 -21.9827 43.7882
2 24 -10.5644 -21.9827 43.7882 -10.6416 -19.1224 45.1268
2 24 -10.6416 -19.1224 45.1268 -10.6556 -16.4064 45.9754
2 24 -10.6556 -16.4064 45.9754 -10.9887 -10.6805 47.4801
2 24 -10.9887 -10.6805 47.4801 -11.2992 -8.9439 47.3338
2 24 -11.2992 -8.9439 47.3338 -11.1986 -6.9987 46.3175
2 24 -11.0032 -4.9582 45.4802 -11.1986 -6.9987 46.3175
2 24 -11.0702 0 45.3983 -8.5347 0 45.2157
2 24 -10.4041 -36.1095 31.9727 -10.6448 -33.1146 34.5383
2 24 -10.4041 -36.1095 31.9727 -8.0739 -33.983 33.4897
2 24 -10.5458 -30.4066 36.6504 -10.6448 -33.1146 34.5383
2 24 -12.2612 -31.4538 37.4783 -12.3262 -34.4851 35.5077
2 24 -10.5458 -30.4066 36.6504 -10.6448 -33.1146 34.5383
2 24 -12.1951 -39.9427 45.5166 -12.1753 -43.8993 45.3767
2 24 -5.1404 -33.6555 33.5542 -2.2362 -33.3822 33.6696
2 24 -2.2362 -33.3822 33.6696 -2.364 -33.4486 32.5124
2 24 -3.5495 -33.268 32.1927 -2.364 -33.4486 32.5124
2 24 -2.3438 -4.1334 45.7704 -2.2362 -5.2317 44.8293
2 24 -3.9727 -4.3029 44.8034 -2.3438 -4.1334 45.7704
2 24 -3.9727 -4.3029 44.8034 -2.2362 -5.2317 44.8293
2 24 -2.2362 -5.2057 53.9178 -2.2362 0 53.9469
2 24 -2.3438 -4.1334 45.7704 -2.2362 0 45.8409
2 24 -2.2362 0 53.9469 -2.2362 0 45.8409
2 24 -2.2362 0 45.8409 -2.3438 -4.1334 45.7704
2 24 -2.2362 0 45.8409 -4.1299 0 44.7952
2 24 -2.3438 -4.1334 45.7704 -3.9727 -4.3029 44.8034
2 24 -4.1299 0 44.7952 -3.9727 -4.3029 44.8034
2 24 -4.1299 0 44.7952 -3.9727 -4.3029 44.8034
2 24 -8.5347 0 45.2157 -4.1299 0 44.7952
2 24 -2.2362 -7.0817 45.7078 -2.2362 -5.2317 44.8293
2 24 -3.9727 -4.3029 44.8034 -2.2362 -5.2317 44.8293
2 24 -2.2362 -8.8354 46.6431 -2.2362 -7.0817 45.7078
2 24 -8.8984 -33.2929 28.2505 -8.0739 -33.983 33.4897
2 24 -5.868 -33.0364 29.9196 -4.9212 -33.3444 31.4625
2 24 -4.8178 -45.7541 30.949 -5.6531 -45.7541 29.5155
2 24 -4.9212 -33.3444 31.4625 -5.868 -33.0364 29.9196
2 24 -12.1753 -43.8993 45.3767 -12.2763 -46.5767 44.4262
2 24 -2.2362 -33.3822 33.6696 -5.1404 -33.6555 33.5542
2 24 -2.2362 -30.878 35.7828 -2.2362 -33.3822 33.6696
2 24 2.5743 -45.7541 28.2263 2.7477 -45.7541 26.9603
2 24 2.5743 -32.5222 27.9253 2.813 -32.164 27.1039
2 24 3.5439 -45.7541 26.3285 4.779 -45.7541 25.825
2 24 3.3174 -32.0643 26.5668 4.9673 -31.998 25.8843
2 24 4.779 -45.7541 25.825 5.832 -45.7541 24.8235
2 24 4.9673 -31.998 25.8843 6.0826 -31.9059 25.0181
2 24 5.832 -45.7541 24.8235 6.0826 -31.9059 25.0181
2 24 5.832 -45.7541 24.8235 6.0906 -45.8696 20.8065
2 24 6.0826 -31.9059 25.0181 6.3351 -31.2658 21.4705
2 24 2.7477 -45.7541 26.9603 3.5439 -45.7541 26.3285
2 24 2.813 -32.164 27.1039 3.3174 -32.0643 26.5668
2 24 2.9651 -29.9134 13.0937 2.642 -29.9238 12.4924
2 24 2.9651 -29.9134 13.0937 2.6267 -45.7541 12.8923
2 24 2.6267 -45.7541 12.8923 2.5743 -45.7541 12.1857
2 24 6.2129 -45.7541 16.5575 5.7441 -45.7541 15.3625
2 24 6.3777 -30.5787 16.4249 5.897 -30.4682 14.9832
2 24 5.7441 -45.7541 15.3625 4.7656 -45.7541 14.3073
2 24 5.897 -30.4682 14.9832 4.8978 -30.1601 14.052
2 24 4.7656 -45.7541 14.3073 2.6267 -45.7541 12.8923
2 24 4.8978 -30.1601 14.052 2.9651 -29.9134 13.0937
2 24 2.6267 -45.7541 12.8923 2.9651 -29.9134 13.0937
2 24 6.0906 -45.8696 20.8065 6.2129 -45.7541 16.5575
2 24 6.3351 -31.2658 21.4705 6.3777 -30.5787 16.4249
2 24 -5.9004 -45.7541 12.5406 -4.9293 -45.7541 10.9855
2 24 -4.9293 -45.7541 10.9855 -5.4412 -30.2096 11.0144
2 24 -5.9004 -30.5252 12.9443 -5.4412 -30.2096 11.0144
2 24 -4.9293 -45.7541 10.9855 -3.8305 -45.7541 10.4504
2 24 -5.4412 -30.2096 11.0144 -4.023 -30.0401 10.0054
2 24 -2.6302 -45.7541 9.6151 -2.2362 -45.7541 8.3889
2 24 -2.6302 -45.7541 9.6151 -2.8509 -29.7279 9.5183
2 24 -2.8509 -29.7279 9.5183 -2.2362 -29.6946 8.805
2 24 -3.8305 -45.7541 10.4504 -2.6302 -45.7541 9.6151
2 24 -4.023 -30.0401 10.0054 -2.8509 -29.7279 9.5183
2 24 -2.2362 -45.7541 4.3494 -2.2362 -38.0398 4.3494
2 24 -2.2362 -45.7541 8.3889 -2.2362 -45.7541 4.3494
2 24 -2.2362 -29.6946 8.805 -2.2362 -29.482 7.7532
2 24 -2.2362 -23.1776 7.0753 -2.2362 -26.8135 7.3914
2 24 -9.9843 -25.4444 6.7926 -9.1184 -28.9496 7.1867
2 24 10.1005 -30.5937 8.9343 9.3517 -30.4042 13.2659
2 24 5.897 -30.4682 14.9832 6.3777 -30.5787 16.4249
2 24 2.5743 -23.6603 9.2504 2.5743 -29.5045 9.3793
2 24 2.5743 -29.5045 9.3793 10.1005 -30.5937 8.9343
2 24 10.2431 -25.1279 8.9145 10.1005 -30.5937 8.9343
2 24 2.5743 -45.7541 12.1857 2.5743 -45.7541 4.2906
2 24 2.5743 -45.7541 4.2906 2.5743 -38.1051 4.2906
2 24 2.642 -29.9238 12.4924 2.5743 -29.5045 9.3793
2 24 2.5743 -45.7541 4.2906 2.5743 -38.1051 4.2906
2 24 2.5743 -45.7541 4.2906 -0.1059 -45.7541 4.3218
2 24 2.5743 -38.1051 4.2906 0.0058 -38.07 4.3222
2 24 2.5743 -38.1051 4.2906 1.9075 -34.2434 -4.7387
2 24 2.5743 -38.1051 4.2906 0.0058 -38.07 4.3222
2 24 1.9075 -34.2434 -4.7387 0.1677 -34.772 -5.4042
2 24 0.0058 -38.07 4.3222 0.1677 -34.772 -5.4042
2 24 2.5743 -32.5222 27.9253 2.5743 -33.2638 31.8667
2 24 2.5743 -45.7541 28.2263 2.5743 -45.7541 33.0381
2 24 -9.1519 -50.9902 43.8379 -9.4313 -48.0951 46.1952
2 24 -4.3586 -49.257 45.9341 -4.5085 -47.1408 47.2535
2 24 -4.5085 -47.1408 47.2535 -4.7929 -45.357 47.7145
2 24 -9.4313 -48.0951 46.1952 -9.8285 -44.3027 47.5455
2 24 9.2278 -38.2866 46.5532 9.7218 -34.8589 46.2398
2 24 4.0609 -38.9989 46.5125 3.9135 -35.6199 46.5335
2 24 0.1985 -30.9432 46.6525 -2.2362 -31.7209 46.3186
2 24 -2.2362 -31.7209 46.3186 -1.9442 -37.9714 45.361
2 24 2.3498 -36.9488 45.6539 2.5743 -31.5538 46.3216
2 24 0.1985 -30.9432 46.6525 2.5743 -31.5538 46.3216
2 24 -4.2174 -32.8482 49.6302 -3.4883 -30.3141 51.6907
2 24 -10.4009 -27.8014 53.8167 -10.0081 -31.0068 50.7224
2 24 -9.9442 -35.8611 48.1116 -10 -39.4558 47.7282
2 24 -4.6371 -35.9997 48.2851 -4.9251 -37.9197 48.1166
2 24 -9.8285 -44.3027 47.5455 -10 -39.4558 47.7282
2 24 -4.9251 -37.9197 48.1166 -4.9343 -40.0503 48.1057
2 24 -4.7929 -45.357 47.7145 -4.8937 -43.0111 48.0759
2 24 -4.9343 -40.0503 48.1057 -4.8937 -43.0111 48.0759
2 24 2.3498 -36.9488 45.6539 2.3358 -45.7541 44.8853
2 24 2.5743 -30.0667 34.3288 2.5743 -33.2638 31.8667
2 24 -2.2362 -45.7541 33.9492 -2.2362 -45.7541 38.6426
2 24 -2.2362 -33.3822 33.6696 -2.2362 -30.878 35.7828
2 24 0.1759 -36.9619 46.4423 0.1405 -45.7541 45.626
2 24 2.3498 -36.9488 45.6539 2.3358 -45.7541 44.8853
2 24 0.1405 -45.7541 45.626 2.3358 -45.7541 44.8853
2 24 0.1405 -45.7541 45.626 -1.8064 -45.7541 44.883
2 24 -1.9442 -37.9714 45.361 -1.8064 -45.7541 44.883
2 24 6.3351 -31.2658 21.4705 6.0826 -31.9059 25.0181
2 24 8.5505 -31.5996 21.4655 9.1322 -33.9334 31.7113
2 24 2.657 -29.9658 47.8475 2.5743 -31.5538 46.3216
2 24 2.3498 -36.9488 45.6539 2.5743 -31.5538 46.3216
2 24 -2.2362 -26.6073 55.2664 -2.2362 -27.9159 54.1176
2 24 -2.2362 -27.9159 54.1176 -2.2362 -29.584 52.5309
2 24 -2.2362 -29.584 52.5309 -2.2362 -29.4131 50.3638
2 24 -2.2362 -29.4131 50.3638 -2.2362 -30.1006 47.5719
2 24 -2.2362 -22.5348 42.749 -2.2362 -26.1086 39.9389
2 24 -2.2362 -31.7209 46.3186 -1.9442 -37.9714 45.361
2 24 -2.2362 -30.878 35.7828 -2.2362 -26.1086 39.9389
2 24 -2.2362 -45.7541 38.6426 -1.8064 -45.7541 44.883
2 24 -1.9442 -37.9714 45.361 -1.8064 -45.7541 44.883
2 24 2.5743 -45.7541 33.0381 2.3358 -45.7541 44.8853
2 24 0.1677 -34.772 -5.4042 -1.6915 -33.9776 -5.1033
2 24 -2.2362 -38.0398 4.3494 -1.6915 -33.9776 -5.1033
2 24 -2.2362 -38.0398 4.3494 0.0058 -38.07 4.3222
2 24 -0.1059 -45.7541 4.3218 -2.2362 -45.7541 4.3494
2 24 0.0058 -38.07 4.3222 -2.2362 -38.0398 4.3494
2 24 -2.2362 -45.7541 4.3494 -2.2362 -38.0398 4.3494
2 24 -1.6915 -33.9776 -5.1033 -2.2362 -33.1334 -4.5738
2 24 6.0906 -45.8696 20.8065 6.2129 -45.7541 16.5575
2 24 -0.1059 -45.7541 4.3218 2.5743 -45.7541 4.2906
2 24 2.5743 -45.7541 4.2906 2.5743 -45.7541 12.1857
2 24 -2.6302 -45.7541 9.6151 -2.2362 -45.7541 8.3889
2 24 -5.8346 -45.4911 19.1788 -5.9004 -45.7541 27.8202
2 24 -0.1059 -45.7541 4.3218 -2.2362 -45.7541 4.3494
2 24 -2.2362 -45.7541 8.3889 -2.2362 -45.7541 4.3494
2 24 -5.9004 -45.7541 12.5406 -4.9293 -45.7541 10.9855
2 24 -4.9293 -45.7541 10.9855 -3.8305 -45.7541 10.4504
2 24 6.2129 -45.7541 16.5575 5.7441 -45.7541 15.3625
2 24 -2.6302 -45.7541 9.6151 -3.8305 -45.7541 10.4504
2 24 -5.8346 -45.4911 19.1788 -5.9004 -45.7541 12.5406
2 24 4.7656 -45.7541 14.3073 2.6267 -45.7541 12.8923
2 24 5.7441 -45.7541 15.3625 4.7656 -45.7541 14.3073
2 24 0.1405 -45.7541 45.626 -1.8064 -45.7541 44.883
2 24 -1.8064 -45.7541 44.883 -2.2362 -45.7541 38.6426
2 24 -2.2362 -45.7541 38.6426 -2.2362 -45.7541 33.9492
2 24 2.5743 -45.7541 33.0381 2.3358 -45.7541 44.8853
2 24 0.1405 -45.7541 45.626 2.3358 -45.7541 44.8853
2 24 2.5743 -45.7541 33.0381 2.5743 -45.7541 28.2263
2 24 -2.2362 -45.7541 33.9492 -2.1171 -45.7541 32.2564
2 24 2.5743 -45.7541 28.2263 2.7477 -45.7541 26.9603
2 24 -2.1171 -45.7541 32.2564 -3.4068 -45.7541 31.7128
2 24 -3.4068 -45.7541 31.7128 -4.8178 -45.7541 30.949
2 24 -5.9004 -45.7541 27.8202 -5.6531 -45.7541 29.5155
2 24 -4.8178 -45.7541 30.949 -5.6531 -45.7541 29.5155
2 24 6.0906 -45.8696 20.8065 5.832 -45.7541 24.8235
2 24 2.7477 -45.7541 26.9603 3.5439 -45.7541 26.3285
2 24 5.832 -45.7541 24.8235 4.779 -45.7541 25.825
2 24 3.5439 -45.7541 26.3285 4.779 -45.7541 25.825
2 24 6.12 0 40 6.0759 0 41.9679
2 24 6.12 -5.1946 40 5.9212 -5.1946 41.9245
2 24 6.0169 0 44.5499 5.9088 -5.1946 44.6127
2 24 10.373 -2.3638 44.3791 10.3974 -4.1389 44.4193
2 24 6.0759 0 41.9679 6.0169 0 44.5499
2 24 5.9212 -5.1946 41.9245 5.9088 -5.1946 44.6127
2 24 6.0169 0 44.5499 5.9088 -5.1946 44.6127
2 24 -6.109 0 -1.8324 -6.3154 0 2.5137
2 24 -13.7013 0 -7.3591 -13.6171 0 2.5587
2 24 -6.3154 0 2.5137 -6.5844 0 5.1627
2 24 -6.5844 0 5.1627 -6.546 -5.1858 5.5717
2 24 -6.2297 -5.1858 2.6134 -6.546 -5.1858 5.5717
2 24 -4.9512 -5.1858 -3.5972 -5.8204 -5.1858 -1.8912
2 24 -5.8204 -5.1858 -1.8912 -6.2297 -5.1858 2.6134
2 24 -13.6171 0 2.5587 -11.3013 0 4.8383
2 24 -11.3013 0 4.8383 -6.5844 0 5.1627
2 24 -6.3154 0 2.5137 -6.5844 0 5.1627
2 24 9.235 -50.8805 44.1804 9.0826 -53.2999 41.2458
2 24 3.7314 -52.876 42.3385 4.0582 -52.0707 43.2985
2 24 5.9088 -5.1946 44.6127 5.9212 -5.1946 41.9245
2 24 2.5743 -5.1946 44.7163 5.9088 -5.1946 44.6127
2 24 5.9212 -5.1946 41.9245 6.12 -5.1946 40
2 24 6.12 -5.1946 40 5.9284 -5.1946 37.9322
2 24 5.9284 -5.1946 37.9322 5.034 -5.1946 36.222
2 24 3.8912 -5.1946 34.9632 5.034 -5.1946 36.222
2 24 10.513 -8.5598 44.3921 10.3974 -4.1389 44.4193
2 24 -2.2362 -5.1858 -5.6079 -2.2362 0 -5.7753
2 24 -2.2362 0 -5.7753 -2.2362 0 -9.9114
2 24 -2.2362 -7.8968 -7.8303 -2.2362 0 -9.9114
2 24 -2.2362 -9.0435 5.863 -2.2362 -5.1858 5.5822
2 24 -6.546 -5.1858 5.5717 -2.2362 -5.1858 5.5822
2 24 -6.2297 -5.1858 2.6134 -6.546 -5.1858 5.5717
2 24 -2.2362 -5.1858 5.5822 -6.546 -5.1858 5.5717
2 24 -4.9512 -5.1858 -3.5972 -2.2362 -5.1858 -5.6079
2 24 -2.2362 -5.1858 5.5822 -2.2362 -5.1858 -5.6079
2 24 10.2658 0 44.3165 6.0169 0 44.5499
2 24 6.0759 0 41.9679 6.0169 0 44.5499
2 24 6.2468 0 -3.8531 6.2468 -5.1466 -3.8531
2 24 6.2468 0 -3.8531 5.9598 0 -1.7467
2 24 6.2468 -5.1466 -3.8531 5.9598 -5.1466 -1.7293
2 24 5.9598 0 -1.7467 5.9598 0 1.8912
2 24 5.9598 -5.1466 -1.7293 5.9598 -5.1466 1.8912
2 24 5.9598 0 1.8912 4.9512 0 3.5972
2 24 5.9598 -5.1466 1.8912 4.9512 -5.1466 3.5972
2 24 4.9512 0 3.5972 3.5972 0 4.9512
2 24 4.9512 -5.1466 3.5972 3.5972 -5.1466 4.9512
2 24 3.5972 0 4.9512 2.5743 0 5.4111
2 24 3.5972 -5.1466 4.9512 2.5743 -5.1466 5.4789
2 24 2.5743 0 5.4111 2.5743 -5.1466 5.4789
2 24 -5.1404 -33.6555 33.5542 -8.0739 -33.983 33.4897
2 24 -3.5495 -33.268 32.1927 -4.9212 -33.3444 31.4625
2 24 -8.0739 -33.983 33.4897 -5.1404 -33.6555 33.5542
2 24 -2.2362 -26.8135 7.3914 -2.2362 -29.482 7.7532
2 24 -2.2362 -27.9159 54.1176 -2.2362 -29.584 52.5309
2 24 -3.4883 -30.3141 51.6907 -2.2362 -29.584 52.5309
2 24 5.062 -44.5766 -8.4243 8.9816 -40.5108 -5.8234
2 24 0.1677 -34.772 -5.4042 -1.6915 -33.9776 -5.1033
2 24 -4.9454 -44.5517 -7.7294 -4.2186 -49.1578 -9.6121
2 24 5.062 -44.5766 -8.4243 8.9816 -40.5108 -5.8234
2 24 12.1789 -44.4771 -3.7203 12.1789 -40.006 -2.8339
2 24 -6.1532 -5.1789 59.3271 -2.2362 -5.2057 59.3854
2 24 -2.2362 -8.7021 58.1205 -2.2362 -5.2057 59.3854
2 24 11.9952 -7.8808 43.0744 12.1789 -4.4099 42.9781
2 24 10.513 -8.5598 44.3921 10.3974 -4.1389 44.4193
2 24 2.5816 -5.1466 -3.9925 6.2468 -5.1466 -3.8531
2 24 5.9598 -5.1466 -1.7293 6.2468 -5.1466 -3.8531
2 24 -9.1184 -28.9496 7.1867 -8.6727 -30.7911 7.7689
2 24 -8.6727 -30.7911 7.7689 -11.0823 -33.9119 6.9767
2 24 -11.0823 -33.9119 6.9767 -12.2661 -37.5215 6.6171
2 24 -12.245 -30.9934 5.2482 -12.2661 -37.5215 6.6171
2 24 -2.2362 -26.8135 7.3914 -2.2362 -29.482 7.7532
2 24 -9.1184 -28.9496 7.1867 -8.6727 -30.7911 7.7689
2 24 -2.2362 -29.482 7.7532 -8.6727 -30.7911 7.7689
2 24 -8.2781 -31.0001 13.6278 -8.6727 -30.7911 7.7689
2 24 -5.9004 -30.5252 12.9443 -5.4412 -30.2096 11.0144
2 24 -5.4412 -30.2096 11.0144 -4.023 -30.0401 10.0054
2 24 2.3132 -71.3395 2.8113 2.5607 -68.0956 4.452
2 24 4.8503 -70.7246 0.8155 5.0805 -67.6166 2.6782
2 24 5.3872 -62.5247 5.1642 5.0805 -67.6166 2.6782
2 24 2.5607 -68.0956 4.452 2.5294 -65.9548 5.4807
2 24 2.6025 -65.0047 5.8759 2.5294 -65.9548 5.4807
2 24 2.0674 -79.7543 -5.9309 2.3421 -80.5838 -8.0548
2 24 2.5434 -81.3036 -10.0489 2.3421 -80.5838 -8.0548
2 24 2.7277 -85.2459 -16.1025 2.4738 -84.8307 -15.1633
2 24 2.4738 -84.8307 -15.1633 2.1595 -84.6784 -14.5985
2 24 2.0034 -84.6539 -16.1042 2.1595 -84.6784 -14.5985
2 24 2.4144 -83.3538 -12.9341 2.1595 -84.6784 -14.5985
2 24 2.4738 -84.8307 -15.1633 2.1595 -84.6784 -14.5985
2 24 -5.9004 -32.7476 27.8458 -5.868 -33.0364 29.9196
2 24 -1.7823 -54.4175 40.3103 1.4542 -54.5194 40.1571
2 24 4.3711 -55.7873 24.3711 2.3656 -55.7873 25.7111
2 24 5.7111 -55.7873 22.3656 6.1816 -55.7873 20
2 24 8.7223 -55.7873 30.9757 8.5994 -55.7873 20.2922
2 24 5.7111 -55.7873 17.6344 4.3711 -55.7873 15.6289
2 24 -8.6727 -30.7911 7.7689 -2.2362 -29.482 7.7532
2 24 -2.2362 -29.482 7.7532 -2.2362 -29.6946 8.805
2 24 -2.2362 -29.6946 8.805 -2.8509 -29.7279 9.5183
2 24 -4.023 -30.0401 10.0054 -2.8509 -29.7279 9.5183
2 24 2.642 -29.9238 12.4924 2.9651 -29.9134 13.0937
2 24 9.3517 -30.4042 13.2659 8.5505 -31.5996 21.4655
2 24 6.3777 -30.5787 16.4249 6.3351 -31.2658 21.4705
2 24 5.897 -30.4682 14.9832 4.8978 -30.1601 14.052
2 24 2.9651 -29.9134 13.0937 4.8978 -30.1601 14.052
2 24 2.642 -29.9238 12.4924 2.5743 -29.5045 9.3793
2 24 10.1005 -30.5937 8.9343 2.5743 -29.5045 9.3793
2 24 2.5743 -32.5222 27.9253 2.5743 -33.2638 31.8667
2 24 9.1322 -33.9334 31.7113 2.5743 -33.2638 31.8667
2 24 6.0826 -31.9059 25.0181 4.9673 -31.998 25.8843
2 24 3.3174 -32.0643 26.5668 2.813 -32.164 27.1039
2 24 2.5743 -32.5222 27.9253 2.813 -32.164 27.1039
2 24 4.9673 -31.998 25.8843 3.3174 -32.0643 26.5668
2 24 9.1322 -33.9334 31.7113 2.5743 -33.2638 31.8667
2 24 2.5743 -30.0667 34.3288 2.5743 -33.2638 31.8667
2 24 -2.2362 -8.8354 46.6431 -2.2362 -7.0817 45.7078
2 24 -2.3438 -4.1334 45.7704 -2.2362 -5.2317 44.8293
2 24 -2.2362 -5.2057 53.9178 -2.2362 -5.2057 59.3854
2 24 -2.2362 -8.7021 58.1205 -2.2362 -5.2057 59.3854
2 24 -2.2362 -7.0817 45.7078 -2.2362 -5.2317 44.8293
2 24 4.6645 -86.3625 -20.5704 6.1339 -85.9534 -20.1073
2 24 6.6993 -83.6027 -18.8975 6.1339 -85.9534 -20.1073
2 24 1.8611 -83.3024 -19.6655 2.7162 -85.0717 -20.3653
2 24 -12.2421 -20.1074 47.1948 -12.2574 -22.8052 45.7807
2 24 -6.1169 0 57.881 -6.1425 0 59.7674
2 24 -6.1433 -3.7564 59.6859 -6.1425 0 59.7674
2 24 -2.2362 -30.1006 47.5719 -2.2362 -31.7209 46.3186
2 24 -2.2362 -24.463 55.8333 -2.2362 -26.6073 55.2664
2 24 -12.3122 -49.1183 42.6071 -12.2763 -46.5767 44.4262
2 24 -12.3528 -40.4144 31.8684 -12.3262 -34.4851 35.5077
2 24 -12.2612 -31.4538 37.4783 -12.3262 -34.4851 35.5077
2 24 -12.2199 -35.5991 45.5113 -12.1951 -39.9427 45.5166
2 24 12.1789 -53.2122 36.3551 12.1789 -51.9699 39.268
2 24 12.1789 -46.3815 44.6433 12.1789 -49.1023 42.52
2 24 12.1789 -51.9699 39.268 12.1789 -49.1023 42.52
2 24 12.1789 -46.3815 44.6433 12.1789 -43.4498 44.4477
2 24 12.1789 -37.8825 43.5348 12.1789 -40.813 44.1913
2 24 12.1789 -43.4498 44.4477 12.1789 -40.813 44.1913
2 24 2.5743 -45.7541 12.1857 2.6267 -45.7541 12.8923
2 24 -2.2362 -30.2187 -3.7927 -2.2362 -33.1334 -4.5738
2 24 2.5816 -5.1466 -3.9925 2.5816 -5.9444 -3.9925
2 24 2.5743 -5.1466 5.4789 2.5816 -5.1466 -3.9925
2 24 2.5743 -8.3989 -1.5722 2.5816 -5.9444 -3.9925
2 24 2.5743 -9.2977 44.5815 2.5743 -5.1946 44.7163
2 24 5.9088 -5.1946 44.6127 2.5743 -5.1946 44.7163
2 24 10.373 -2.3638 44.3791 10.2658 0 44.3165
2 24 6.0169 0 44.5499 10.2658 0 44.3165
2 24 4.2177 -58.898 -26.211 4.4741 -58.3608 -25.118
2 24 4.4741 -58.3608 -25.118 4.4974 -56.9603 -24.9707
2 24 4.3951 -56.0943 -25.5816 4.4974 -56.9603 -24.9707
2 24 -6.1158 -72.5742 -20.3872 -5.7412 -69.5934 -21.4593
2 24 -4.795 -73.1935 -21.2046 -3.426 -70.9252 -22.8799
2 24 -7.1113 -76.7465 -16.1747 -6.7577 -74.9679 -17.9866
2 24 -7.1113 -76.7465 -16.1747 -5.7653 -77.5521 -17.4681
2 24 -5.7653 -77.5521 -17.4681 -5.471 -75.7966 -18.8448
2 24 -5.7412 -69.5934 -21.4593 -5.3382 -65.9876 -22.4617
2 24 -3.426 -70.9252 -22.8799 -2.7654 -67.4319 -23.7627
2 24 -2.7654 -67.4319 -23.7627 -2.6171 -63.761 -25.3784
2 24 -5.3382 -65.9876 -22.4617 -4.6879 -62.9294 -24.4913
2 24 -4.6879 -62.9294 -24.4913 -4.2526 -60.2634 -26.459
2 24 -2.6171 -63.761 -25.3784 -2.8933 -61.0727 -27.1573
2 24 -4.2526 -60.2634 -26.459 -4.0841 -58.6956 -27.9558
2 24 -2.8933 -61.0727 -27.1573 -2.7442 -59.12 -28.6477
2 24 -2.747 -54.9831 -29.0895 -2.5862 -57.189 -29.3004
2 24 -4.0936 -55.9076 -28.3108 -3.9867 -57.2132 -28.5199
2 24 -2.7442 -59.12 -28.6477 -2.5862 -57.189 -29.3004
2 24 -4.0841 -58.6956 -27.9558 -3.9867 -57.2132 -28.5199
2 24 -2.747 -54.9831 -29.0895 -2.7517 -52.5476 -27.967
2 24 -4.0936 -55.9076 -28.3108 -4.2909 -53.9424 -27.3831
2 24 -4.2909 -53.9424 -27.3831 -4.4647 -52.3011 -25.6744
2 24 -2.7517 -52.5476 -27.967 -2.5583 -51.0062 -26.1935
2 24 -2.5583 -51.0062 -26.1935 -2.9837 -50.9226 -21.3702
2 24 -4.4647 -52.3011 -25.6744 -4.9971 -52.331 -22.0914
2 24 -2.9837 -50.9226 -21.3702 -3.9348 -53.5013 -18.6436
2 24 -4.9971 -52.331 -22.0914 -5.4346 -54.0415 -19.7406
2 24 -5.4346 -54.0415 -19.7406 -6.0569 -56.7347 -17.346
2 24 -3.9348 -53.5013 -18.6436 -4.4902 -55.6804 -16.1174
2 24 -6.0569 -56.7347 -17.346 -6.7472 -58.3485 -15.2816
2 24 -4.4902 -55.6804 -16.1174 -4.8587 -56.9014 -13.5966
2 24 -6.7472 -58.3485 -15.2816 -7.3276 -59.5324 -12.3207
2 24 -4.8587 -56.9014 -13.5966 -4.6674 -58.145 -10.4987
2 24 -4.2509 -58.5283 -27.4707 -4.4957 -58.898 -26.211
2 24 -3.7058 -58.0897 -26.8808 -3.9456 -58.4291 -26.0954
2 24 -4.4957 -58.898 -26.211 -4.752 -58.3608 -25.118
2 24 -3.9456 -58.4291 -26.0954 -4.1164 -57.9946 -25.3779
2 24 -4.752 -58.3608 -25.118 -4.7753 -56.9603 -24.9707
2 24 -4.1164 -57.9946 -25.3779 -4.1514 -57.0988 -25.2552
2 24 -4.1308 -56.5518 -25.6372 -4.0636 -56.2543 -26.4128
2 24 -4.673 -56.0943 -25.5816 -4.4591 -55.8202 -26.7113
2 24 -4.2509 -58.5283 -27.4707 -4.1661 -57.3411 -27.887
2 24 -3.7058 -58.0897 -26.8808 -3.6223 -57.5225 -27.1309
2 24 -4.1661 -57.3411 -27.887 -4.252 -56.4585 -27.6744
2 24 -3.6223 -57.5225 -27.1309 -3.7655 -56.675 -27.012
2 24 -4.1514 -57.0988 -25.2552 -4.1308 -56.5518 -25.6372
2 24 -4.7753 -56.9603 -24.9707 -4.673 -56.0943 -25.5816
2 24 -4.4591 -55.8202 -26.7113 -4.252 -56.4585 -27.6744
2 24 -4.2526 -60.2634 -26.459 -4.0841 -58.6956 -27.9558
2 24 -4.4957 -58.898 -26.211 -4.2509 -58.5283 -27.4707
2 24 -4.0841 -58.6956 -27.9558 -3.9867 -57.2132 -28.5199
2 24 -4.2509 -58.5283 -27.4707 -4.1661 -57.3411 -27.887
2 24 -3.9867 -57.2132 -28.5199 -4.0936 -55.9076 -28.3108
2 24 -4.1661 -57.3411 -27.887 -4.252 -56.4585 -27.6744
2 24 -4.0936 -55.9076 -28.3108 -4.2909 -53.9424 -27.3831
2 24 -4.252 -56.4585 -27.6744 -4.4591 -55.8202 -26.7113
2 24 -5.3382 -65.9876 -22.4617 -4.6879 -62.9294 -24.4913
2 24 -5.3382 -65.9876 -22.4617 -5.7412 -69.5934 -21.4593
2 24 -4.2526 -60.2634 -26.459 -4.6879 -62.9294 -24.4913
2 24 -6.0569 -56.7347 -17.346 -5.4346 -54.0415 -19.7406
2 24 -6.0569 -56.7347 -17.346 -6.7472 -58.3485 -15.2816
2 24 -6.7472 -58.3485 -15.2816 -7.3276 -59.5324 -12.3207
2 24 -5.7412 -69.5934 -21.4593 -6.1158 -72.5742 -20.3872
2 24 -7.1113 -76.7465 -16.1747 -6.7577 -74.9679 -17.9866
2 24 -8.104 -74.0889 -8.0879 -8.0061 -70.0825 -6.612
2 24 -3.426 -70.9252 -22.8799 -2.7654 -67.4319 -23.7627
2 24 -2.7654 -67.4319 -23.7627 -2.6171 -63.761 -25.3784
2 24 -2.6171 -63.761 -25.3784 -2.8933 -61.0727 -27.1573
2 24 -2.8933 -61.0727 -27.1573 -2.7442 -59.12 -28.6477
2 24 -2.7442 -59.12 -28.6477 -2.5862 -57.189 -29.3004
2 24 -2.5862 -57.189 -29.3004 -2.747 -54.9831 -29.0895
2 24 -2.747 -54.9831 -29.0895 -2.7517 -52.5476 -27.967
2 24 -2.7517 -52.5476 -27.967 -2.5583 -51.0062 -26.1935
2 24 -2.5583 -51.0062 -26.1935 -2.9837 -50.9226 -21.3702
2 24 0 -50.7662 -21.2884 -2.9837 -50.9226 -21.3702
2 24 -2.9837 -50.9226 -21.3702 -3.9348 -53.5013 -18.6436
2 24 -3.9348 -53.5013 -18.6436 -4.4902 -55.6804 -16.1174
2 24 -4.4902 -55.6804 -16.1174 -4.8587 -56.9014 -13.5966
2 24 -4.8587 -56.9014 -13.5966 -4.6674 -58.145 -10.4987
2 24 0 -57.225 -11.1703 -4.6674 -58.145 -10.4987
2 24 -4.6674 -58.145 -10.4987 -5.8005 -60.1042 -7.8677
2 24 -7.3276 -59.5324 -12.3207 -7.786 -61.3971 -9.4536
2 24 -6.1158 -72.5742 -20.3872 -6.7577 -74.9679 -17.9866
2 24 -4.795 -73.1935 -21.2046 -5.471 -75.7966 -18.8448
2 24 -6.1158 -72.5742 -20.3872 -6.7577 -74.9679 -17.9866
2 24 -8.1449 -66.2979 -6.661 -8.0061 -70.0825 -6.612
2 24 -6.4999 -66.6647 -4.5479 -6.3189 -71.0599 -4.9636
2 24 -8.0061 -70.0825 -6.612 -8.104 -74.0889 -8.0879
2 24 -6.3189 -71.0599 -4.9636 -6.2764 -74.7612 -6.4163
2 24 -8.104 -74.0889 -8.0879 -8.1574 -77.8648 -10.2346
2 24 -8.1574 -77.8648 -10.2346 -8.1469 -81.0471 -12.3034
2 24 -8.104 -74.0889 -8.0879 -8.1574 -77.8648 -10.2346
2 24 -6.2764 -74.7612 -6.4163 -5.2002 -78.4772 -9.0253
2 24 -6.9772 -83.6027 -18.8975 -7.1739 -80.4848 -17.4784
2 24 -6.4293 -86.6886 -19.7509 -6.4118 -85.9534 -20.1073
2 24 -6.9772 -83.6027 -18.8975 -6.4118 -85.9534 -20.1073
2 24 -7.4433 -85.81 -17.0242 -6.7064 -86.8633 -18.9773
2 24 -6.4293 -86.6886 -19.7509 -6.7064 -86.8633 -18.9773
2 24 -7.4433 -85.81 -17.0242 -7.8346 -83.5941 -14.4976
2 24 -3.8755 -86.2377 -20.578 -4.0219 -86.887 -20.0419
2 24 -3.8755 -86.2377 -20.578 -4.9425 -86.3625 -20.5704
2 24 -4.0219 -86.887 -20.0419 -5.1587 -86.9824 -20.1113
2 24 -3.8486 -87.0196 -19.2991 -5.1798 -87.1584 -19.156
2 24 -3.8486 -87.0196 -19.2991 -4.0219 -86.887 -20.0419
2 24 -4.0219 -86.887 -20.0419 -5.1587 -86.9824 -20.1113
2 24 -2.1391 -83.3024 -19.6655 -2.8405 -80.8895 -18.6408
2 24 -6.9772 -83.6027 -18.8975 -7.1739 -80.4848 -17.4784
2 24 -2.7721 -78.6524 -18.229 -2.6726 -76.7188 -19.467
2 24 -5.7653 -77.5521 -17.4681 -5.471 -75.7966 -18.8448
2 24 0 -74.1355 -21.422 -2.0638 -74.8438 -21.2736
2 24 -3.426 -70.9252 -22.8799 -4.795 -73.1935 -21.2046
2 24 -4.9425 -86.3625 -20.5704 -3.8755 -86.2377 -20.578
2 24 -3.8755 -86.2377 -20.578 -2.9941 -85.0717 -20.3653
2 24 -4.6674 -58.145 -10.4987 -3.7501 -54.4409 -10.1865
2 24 0 -57.225 -11.1703 -4.6674 -58.145 -10.4987
2 24 -4.2186 -49.1578 -9.6121 -3.7501 -54.4409 -10.1865
2 24 -3.5812 -56.7506 8.2539 -6.6161 -57.4872 7.0083
2 24 -6.6161 -57.4872 7.0083 -5.6651 -62.5247 5.1642
2 24 -6.3189 -71.0599 -4.9636 -6.2764 -74.7612 -6.4163
2 24 -4.7604 -73.8386 -1.8916 -4.5464 -76.6296 -4.9077
2 24 -5.8005 -60.1042 -7.8677 -4.6674 -58.145 -10.4987
2 24 -4.6674 -58.145 -10.4987 -3.7501 -54.4409 -10.1865
2 24 -8.1449 -66.2979 -6.661 -8.0246 -63.8154 -7.4524
2 24 -6.4999 -66.6647 -4.5479 -6.2297 -63.015 -5.4693
2 24 -7.786 -61.3971 -9.4536 -8.0246 -63.8154 -7.4524
2 24 -5.8005 -60.1042 -7.8677 -6.2297 -63.015 -5.4693
2 24 -4.2186 -49.1578 -9.6121 -3.7501 -54.4409 -10.1865
2 24 -8.0061 -70.0825 -6.612 -8.1449 -66.2979 -6.661
2 24 -7.786 -61.3971 -9.4536 -8.0246 -63.8154 -7.4524
2 24 -8.1449 -66.2979 -6.661 -8.0246 -63.8154 -7.4524
2 24 -7.3276 -59.5324 -12.3207 -7.786 -61.3971 -9.4536
2 24 -5.8005 -60.1042 -7.8677 -6.2297 -63.015 -5.4693
2 24 -6.3189 -71.0599 -4.9636 -6.4999 -66.6647 -4.5479
2 24 -4.7604 -73.8386 -1.8916 -5.1282 -70.7246 0.8155
2 24 -4.2909 -53.9424 -27.3831 -4.4647 -52.3011 -25.6744
2 24 -4.4591 -55.8202 -26.7113 -4.673 -56.0943 -25.5816
2 24 -5.4346 -54.0415 -19.7406 -4.9971 -52.331 -22.0914
2 24 -4.4647 -52.3011 -25.6744 -4.9971 -52.331 -22.0914
2 24 -2.6834 -60.9673 7.3389 -2.8804 -65.0047 5.8759
2 24 -6.2297 -63.015 -5.4693 -6.4999 -66.6647 -4.5479
2 24 -5.1282 -70.7246 0.8155 -5.3584 -67.6166 2.6782
2 24 -5.3584 -67.6166 2.6782 -5.6651 -62.5247 5.1642
2 24 -2.9941 -85.0717 -20.3653 -2.1391 -83.3024 -19.6655
2 24 -2.1779 -84.1226 -18.9323 -2.1391 -83.3024 -19.6655
2 24 -2.9941 -85.0717 -20.3653 -3.8755 -86.2377 -20.578
2 24 -3.8755 -86.2377 -20.578 -4.0219 -86.887 -20.0419
2 24 -4.0219 -86.887 -20.0419 -3.8486 -87.0196 -19.2991
2 24 -3.8486 -87.0196 -19.2991 -3.453 -86.6263 -18.3071
2 24 -2.1779 -84.1226 -18.9323 -2.2126 -84.4729 -17.8787
2 24 -6.4293 -86.6886 -19.7509 -6.4118 -85.9534 -20.1073
2 24 -5.1587 -86.9824 -20.1113 -6.4293 -86.6886 -19.7509
2 24 -4.9425 -86.3625 -20.5704 -6.4118 -85.9534 -20.1073
2 24 -6.7064 -86.8633 -18.9773 -6.4293 -86.6886 -19.7509
2 24 -5.1798 -87.1584 -19.156 -6.7064 -86.8633 -18.9773
2 24 -5.1587 -86.9824 -20.1113 -6.4293 -86.6886 -19.7509
2 24 -3.8486 -87.0196 -19.2991 -3.453 -86.6263 -18.3071
2 24 -3.8486 -87.0196 -19.2991 -5.1798 -87.1584 -19.156
2 24 -5.1798 -87.1584 -19.156 -6.7064 -86.8633 -18.9773
2 24 -6.7064 -86.8633 -18.9773 -7.4433 -85.81 -17.0242
2 24 -7.4433 -85.81 -17.0242 -7.8346 -83.5941 -14.4976
2 24 -5.7653 -77.5521 -17.4681 -7.1113 -76.7465 -16.1747
2 24 -7.1739 -80.4848 -17.4784 -7.1113 -76.7465 -16.1747
2 24 -7.1113 -76.7465 -16.1747 -7.1739 -80.4848 -17.4784
2 24 -8.1469 -81.0471 -12.3034 -7.8346 -83.5941 -14.4976
2 24 -8.1574 -77.8648 -10.2346 -8.1469 -81.0471 -12.3034
2 24 -2.8214 -81.3036 -10.0489 -2.7582 -81.7935 -10.9432
2 24 -2.7582 -81.7935 -10.9432 -2.6924 -83.3538 -12.9341
2 24 -7.8346 -83.5941 -14.4976 -8.1469 -81.0471 -12.3034
2 24 -2.2126 -84.4729 -17.8787 -2.2814 -84.6539 -16.1042
2 24 -3.453 -86.6263 -18.3071 -3.0057 -85.2459 -16.1025
2 24 -3.453 -86.6263 -18.3071 -3.0057 -85.2459 -16.1025
2 24 -3.0057 -85.2459 -16.1025 -2.7518 -84.8307 -15.1633
2 24 -2.3454 -79.7543 -5.9309 -2.381 -79.4081 -5.5277
2 24 -2.381 -79.4081 -5.5277 -2.5368 -78.7496 -4.6952
2 24 -3.8494 -78.215 -6.2044 -4.5464 -76.6296 -4.9077
2 24 -2.5368 -78.7496 -4.6952 -2.6069 -76.6874 -2.1273
2 24 -2.6136 -72.5667 1.7498 -2.3878 -72.1096 2.6984
2 24 -2.5912 -71.3395 2.8113 -2.3878 -72.1096 2.6984
2 24 -5.1282 -70.7246 0.8155 -4.7604 -73.8386 -1.8916
2 24 -2.6136 -72.5667 1.7498 -2.5717 -74.2328 0.8268
2 24 -4.5464 -76.6296 -4.9077 -4.7604 -73.8386 -1.8916
2 24 -2.6069 -76.6874 -2.1273 -2.4238 -76.0059 -1.2497
2 24 -2.4238 -76.0059 -1.2497 -2.4551 -75.715 -0.8176
2 24 -2.5717 -74.2328 0.8268 -2.4551 -75.715 -0.8176
2 24 -2.6834 -60.9673 7.3389 0 -60.5225 7.9321
2 24 -3.5812 -56.7506 8.2539 0 -56.4215 9.007
2 24 -2.8405 -80.8895 -18.6408 -2.7721 -78.6524 -18.229
2 24 -5.471 -75.7966 -18.8448 -4.795 -73.1935 -21.2046
2 24 -2.6726 -76.7188 -19.467 -2.0638 -74.8438 -21.2736
2 24 -5.6651 -62.5247 5.1642 -6.6161 -57.4872 7.0083
2 24 -8.517 -56.7674 1.0599 -6.6161 -57.4872 7.0083
2 24 -5.2002 -78.4772 -9.0253 -6.2764 -74.7612 -6.4163
2 24 -4.5464 -76.6296 -4.9077 -3.8494 -78.215 -6.2044
2 24 -5.1282 -70.7246 0.8155 -5.3584 -67.6166 2.6782
2 24 -2.5912 -71.3395 2.8113 -2.8386 -68.0956 4.452
2 24 -5.6651 -62.5247 5.1642 -5.3584 -67.6166 2.6782
2 24 -2.8386 -68.0956 4.452 -2.8073 -65.9548 5.4807
2 24 -2.8804 -65.0047 5.8759 -2.8073 -65.9548 5.4807
2 24 -2.3454 -79.7543 -5.9309 -2.62 -80.5838 -8.0548
2 24 -2.8214 -81.3036 -10.0489 -2.62 -80.5838 -8.0548
2 24 -2.4374 -84.6784 -14.5985 -2.7518 -84.8307 -15.1633
2 24 -2.2814 -84.6539 -16.1042 -2.4374 -84.6784 -14.5985
2 24 -3.0057 -85.2459 -16.1025 -2.7518 -84.8307 -15.1633
2 24 -2.6924 -83.3538 -12.9341 -2.4374 -84.6784 -14.5985
2 24 -2.7518 -84.8307 -15.1633 -2.4374 -84.6784 -14.5985
2 24 -6.9772 -83.6027 -18.8975 -6.4118 -85.9534 -20.1073
2 24 -4.9425 -86.3625 -20.5704 -6.4118 -85.9534 -20.1073
2 24 -2.1391 -83.3024 -19.6655 -2.9941 -85.0717 -20.3653
2 24 -4.4957 -58.898 -26.211 -4.752 -58.3608 -25.118
2 24 -4.752 -58.3608 -25.118 -4.7753 -56.9603 -24.9707
2 24 -4.673 -56.0943 -25.5816 -4.7753 -56.9603 -24.9707
2 24 -12.1873 -41.0196 -3.5932 -12.2715 -45.7512 -3.298
2 24 -12.1873 -41.0196 -3.5932 -12.2715 -45.7512 -3.298
2 24 -8.2967 -39.9135 -6.3058 -4.9454 -44.5517 -7.7294
2 24 -12.1925 -49.209 -2.0126 -12.2715 -45.7512 -3.298
2 24 -12.1925 -49.209 -2.0126 -12.2715 -45.7512 -3.298
2 24 5.0828 -50.5454 44.7174 4.7062 -51.426 44.1138
2 24 4.0582 -52.0707 43.2985 4.7062 -51.426 44.1138
2 24 4.7643 -47.2637 47.2661 4.8713 -48.6458 46.5734
2 24 -8.7696 -56.3572 8.1334 -6.6161 -57.4872 7.0083
2 24 -6.6161 -57.4872 7.0083 -3.5812 -56.7506 8.2539
2 24 -6.6161 -57.4872 7.0083 -8.7696 -56.3572 8.1334
2 24 -8.6736 -55.7873 12.6168 -8.7696 -56.3572 8.1334
2 24 0 -56.4215 9.007 -3.5812 -56.7506 8.2539
2 24 4.3789 -56.5244 8.3219 0 -56.4215 9.007
2 24 2.4055 -60.9673 7.3389 0 -60.5225 7.9321
2 24 2.3656 -55.7873 14.2889 0 -55.7873 13.8184
2 24 -2.3656 -55.7873 14.2889 0 -55.7873 13.8184
2 24 1.9075 -34.2434 -4.7387 2.5743 -33.2471 -3.8984
2 24 2.5743 -38.1051 4.2906 2.5743 -33.2471 -3.8984
2 24 -11.0702 0 45.3983 -8.5347 0 45.2157
2 24 -4.1299 0 44.7952 -8.5347 0 45.2157
2 24 10.2786 0 29.9954 2.5743 0 29.9149
2 24 2.5743 0 29.9149 2.5743 0 34.2272
2 24 3.8912 0 34.9632 2.5743 0 34.2272
2 24 -9.1519 -50.9902 43.8379 -8.8758 -53.1694 41.3735
2 24 -6.1816 -55.7873 20 -5.7111 -55.7873 17.6344
2 24 2.5743 -23.6603 9.2504 2.5743 -29.5045 9.3793
2 24 2.5743 -26.6006 -1.8541 2.5743 -30.2881 -2.0763
2 24 2.5743 -38.1051 4.2906 2.5743 -33.2471 -3.8984
2 24 2.5743 -30.2881 -2.0763 2.5743 -33.2471 -3.8984
2 24 12.1789 -53.7253 11.5258 12.1789 -54.0195 7.7482
2 24 12.1789 -36.3729 -0.8867 12.1789 -40.006 -2.8339
2 24 12.1789 -54.0195 7.7482 12.1789 -53.9826 4.462
2 24 12.1789 -44.4771 -3.7203 12.1789 -48.5019 -2.3005
2 24 12.1789 -40.006 -2.8339 12.1789 -44.4771 -3.7203
2 24 12.1789 -53.9826 4.462 12.1789 -51.4696 0.2024
2 24 12.1789 -36.354 7.659 12.1789 -36.4437 12.8509
2 24 12.1789 -48.5019 -2.3005 12.1789 -51.4696 0.2024
2 24 12.1789 -53.9826 4.462 12.1789 -54.0195 7.7482
2 24 3.8801 0.0177 34.9769 2.5557 0.0125 34.2381
2 24 2.5557 0.0125 34.2381 2.5556 -5.1821 34.2218
2 24 3.88 -5.1769 34.9769 2.5556 -5.1821 34.2218
2 24 3.8801 0.0177 34.9769 5.0194 0.0177 36.232
2 24 3.88 -5.1769 34.9769 5.0194 -5.1769 36.232
2 24 5.0194 0.0177 36.232 5.9114 0.0177 37.9371
2 24 5.0194 -5.1769 36.232 5.9114 -5.1769 37.9371
2 24 5.9114 0.0177 37.9371 6.1024 0.0178 40.0005
2 24 5.9114 -5.1769 37.9371 6.1023 -5.1769 40
2 24 5.859 -72.5784 -20.3999 5.4837 -69.5953 -21.4737
2 24 4.5279 -73.2038 -21.2246 3.1565 -70.9325 -22.9023
2 24 6.8542 -76.747 -16.1885 5.5007 -77.5581 -17.4883
2 24 6.8542 -76.747 -16.1885 6.5018 -74.973 -17.9972
2 24 5.5007 -77.5581 -17.4883 5.206 -75.809 -18.8622
2 24 5.4837 -69.5953 -21.4737 5.0803 -65.9908 -22.4763
2 24 3.1565 -70.9325 -22.9023 2.4952 -67.4388 -23.7854
2 24 2.4952 -67.4388 -23.7854 2.3466 -63.7725 -25.3993
2 24 5.0803 -65.9908 -22.4763 4.4299 -62.9356 -24.505
2 24 4.4299 -62.9356 -24.505 3.9955 -60.2701 -26.471
2 24 2.3466 -63.7725 -25.3993 2.6233 -61.0862 -27.1768
2 24 2.6233 -61.0862 -27.1768 2.4728 -59.1314 -28.669
2 24 3.9955 -60.2701 -26.471 3.8262 -58.7025 -27.9691
2 24 3.7283 -57.2152 -28.5353 3.8363 -55.9054 -28.3247
2 24 2.3149 -57.1917 -29.3244 2.4776 -54.9768 -29.1121
2 24 2.4728 -59.1314 -28.669 2.3149 -57.1917 -29.3244
2 24 3.8262 -58.7025 -27.9691 3.7283 -57.2152 -28.5353
2 24 3.8363 -55.9054 -28.3247 4.0346 -53.9365 -27.3941
2 24 2.4776 -54.9768 -29.1121 2.4827 -52.5334 -27.9855
2 24 2.4827 -52.5334 -27.9855 2.2888 -50.9834 -26.1994
2 24 4.0346 -53.9365 -27.3941 4.2083 -52.2896 -25.6796
2 24 2.2888 -50.9834 -26.1994 2.7145 -50.9003 -21.3631
2 24 4.2083 -52.2896 -25.6796 4.741 -52.3187 -22.0909
2 24 2.7145 -50.9003 -21.3631 3.6656 -53.4828 -18.6292
2 24 4.741 -52.3187 -22.0909 5.1788 -54.031 -19.7356
2 24 5.1788 -54.031 -19.7356 5.8016 -56.7244 -17.3435
2 24 3.6656 -53.4828 -18.6292 4.2224 -55.6607 -16.1059
2 24 4.2224 -55.6607 -16.1059 4.5906 -56.8799 -13.5884
2 24 5.8016 -56.7244 -17.3435 6.4919 -58.3379 -15.2814
2 24 4.5906 -56.8799 -13.5884 4.406 -58.1275 -10.5056
2 24 6.4919 -58.3379 -15.2814 7.0721 -59.5217 -12.3185
2 24 3.9972 -58.5223 -27.4701 4.2404 -58.8891 -26.2166
2 24 3.451 -58.0802 -26.8806 3.6891 -58.4183 -26.1022
2 24 3.6891 -58.4183 -26.1022 3.8581 -57.99 -25.3926
2 24 4.2404 -58.8891 -26.2166 4.4945 -58.3562 -25.1317
2 24 3.8581 -57.99 -25.3926 3.8937 -57.1013 -25.2697
2 24 4.4945 -58.3562 -25.1317 4.5172 -56.9625 -24.9859
2 24 3.8737 -56.5612 -25.6474 3.8069 -56.2663 -26.4181
2 24 4.4165 -56.1025 -25.5916 4.2041 -55.8299 -26.714
2 24 3.9972 -58.5223 -27.4701 3.9128 -57.3412 -27.8828
2 24 3.451 -58.0802 -26.8806 3.3686 -57.5217 -27.1248
2 24 3.3686 -57.5217 -27.1248 3.5109 -56.6837 -27.0094
2 24 3.9128 -57.3412 -27.8828 3.9981 -56.4647 -27.6719
2 24 3.8937 -57.1013 -25.2697 3.8737 -56.5612 -25.6474
2 24 4.5172 -56.9625 -24.9859 4.4165 -56.1025 -25.5916
2 24 4.2041 -55.8299 -26.714 3.9981 -56.4647 -27.6719
2 24 3.9972 -58.5223 -27.4701 4.2404 -58.8891 -26.2166
2 24 3.8262 -58.7025 -27.9691 3.9955 -60.2701 -26.471
2 24 3.8262 -58.7025 -27.9691 3.7283 -57.2152 -28.5353
2 24 3.9972 -58.5223 -27.4701 3.9128 -57.3412 -27.8828
2 24 3.7283 -57.2152 -28.5353 3.8363 -55.9054 -28.3247
2 24 3.9128 -57.3412 -27.8828 3.9981 -56.4647 -27.6719
2 24 3.8363 -55.9054 -28.3247 4.0346 -53.9365 -27.3941
2 24 3.9981 -56.4647 -27.6719 4.2041 -55.8299 -26.714
2 24 4.4299 -62.9356 -24.505 5.0803 -65.9908 -22.4763
2 24 5.0803 -65.9908 -22.4763 5.4837 -69.5953 -21.4737
2 24 3.9955 -60.2701 -26.471 4.4299 -62.9356 -24.505
2 24 5.8016 -56.7244 -17.3435 5.1788 -54.031 -19.7356
2 24 5.8016 -56.7244 -17.3435 6.4919 -58.3379 -15.2814
2 24 6.4919 -58.3379 -15.2814 7.0721 -59.5217 -12.3185
2 24 5.4837 -69.5953 -21.4737 5.859 -72.5784 -20.3999
2 24 6.5018 -74.973 -17.9972 6.8542 -76.747 -16.1885
2 24 7.8494 -74.0924 -8.0797 7.7517 -70.0844 -6.6037
2 24 2.4952 -67.4388 -23.7854 3.1565 -70.9325 -22.9023
2 24 2.4952 -67.4388 -23.7854 2.3466 -63.7725 -25.3993
2 24 2.3466 -63.7725 -25.3993 2.6233 -61.0862 -27.1768
2 24 2.6233 -61.0862 -27.1768 2.4728 -59.1314 -28.669
2 24 2.4728 -59.1314 -28.669 2.3149 -57.1917 -29.3244
2 24 2.3149 -57.1917 -29.3244 2.4776 -54.9768 -29.1121
2 24 2.4776 -54.9768 -29.1121 2.4827 -52.5334 -27.9855
2 24 2.4827 -52.5334 -27.9855 2.2888 -50.9834 -26.1994
2 24 0 -50.7426 -21.2801 2.7145 -50.9003 -21.3631
2 24 2.2888 -50.9834 -26.1994 2.7145 -50.9003 -21.3631
2 24 2.7145 -50.9003 -21.3631 3.6656 -53.4828 -18.6292
2 24 3.6656 -53.4828 -18.6292 4.2224 -55.6607 -16.1059
2 24 4.2224 -55.6607 -16.1059 4.5906 -56.8799 -13.5884
2 24 0 -57.2038 -11.1835 4.406 -58.1275 -10.5056
2 24 4.5906 -56.8799 -13.5884 4.406 -58.1275 -10.5056
2 24 7.0721 -59.5217 -12.3185 7.531 -61.388 -9.4497
2 24 4.406 -58.1275 -10.5056 5.5462 -60.0962 -7.8668
2 24 5.859 -72.5784 -20.3999 6.5018 -74.973 -17.9972
2 24 4.5279 -73.2038 -21.2246 5.206 -75.809 -18.8622
2 24 5.859 -72.5784 -20.3999 6.5018 -74.973 -17.9972
2 24 7.8908 -66.2964 -6.6536 7.7517 -70.0844 -6.6037
2 24 6.2446 -66.6635 -4.5374 6.0627 -71.0639 -4.9519
2 24 6.0627 -71.0639 -4.9519 6.0175 -74.7706 -6.4031
2 24 7.7517 -70.0844 -6.6037 7.8494 -74.0924 -8.0797
2 24 7.8494 -74.0924 -8.0797 7.9009 -77.8727 -10.2246
2 24 7.9009 -77.8727 -10.2246 7.8897 -81.0562 -12.2929
2 24 6.0175 -74.7706 -6.4031 4.9356 -78.4922 -9.0104
2 24 7.8494 -74.0924 -8.0797 7.9009 -77.8727 -10.2246
2 24 6.9151 -80.4798 -17.4936 6.7178 -83.5973 -18.9134
2 24 6.7178 -83.5973 -18.9134 6.1486 -85.9553 -20.1274
2 24 6.1486 -85.9553 -20.1274 6.1662 -86.7029 -19.765
2 24 7.1843 -85.8248 -17.0176 6.4422 -86.8841 -18.9793
2 24 6.1662 -86.7029 -19.765 6.4422 -86.8841 -18.9793
2 24 7.1843 -85.8248 -17.0176 7.5764 -83.6066 -14.4887
2 24 4.885 -87.0028 -20.1251 3.735 -86.907 -20.054
2 24 3.735 -86.907 -20.054 3.5897 -86.2465 -20.6001
2 24 4.6683 -86.3658 -20.5949 3.5897 -86.2465 -20.6001
2 24 4.885 -87.0028 -20.1251 3.735 -86.907 -20.054
2 24 4.9035 -87.1832 -19.153 3.561 -87.0427 -19.2997
2 24 3.735 -86.907 -20.054 3.561 -87.0427 -19.2997
2 24 1.8597 -83.3025 -19.6905 2.5735 -80.8837 -18.6625
2 24 6.7178 -83.5973 -18.9134 6.9151 -80.4798 -17.4936
2 24 5.206 -75.809 -18.8622 5.5007 -77.5581 -17.4883
2 24 5.5007 -77.5581 -17.4883 2.5067 -78.6562 -18.2503
2 24 2.4122 -76.7286 -19.482 2.5067 -78.6562 -18.2503
2 24 1.1055 -77.6886 -23.4884 1.8008 -74.8432 -21.2937
2 24 1.1055 -77.6886 -23.4884 1.2012 -78.9182 -22.202
2 24 1.8008 -74.8432 -21.2937 2.4122 -76.7286 -19.482
2 24 -0.0001 -77.8888 -23.955 1.1055 -77.6886 -23.4884
2 24 0 -74.1335 -21.4469 1.8008 -74.8432 -21.2937
2 24 1.1055 -77.6886 -23.4884 1.8008 -74.8432 -21.2937
2 24 0 -74.1335 -21.4469 1.8008 -74.8432 -21.2937
2 24 3.1565 -70.9325 -22.9023 4.5279 -73.2038 -21.2246
2 24 4.6683 -86.3658 -20.5949 3.5897 -86.2465 -20.6001
2 24 3.5897 -86.2465 -20.6001 2.7034 -85.073 -20.3867
2 24 12.2012 -44.4782 -3.7316 12.202 -48.5064 -2.3089
2 24 12.2027 -36.3698 -0.8939 12.2019 -40.0035 -2.8435
2 24 10.2198 -35.605 -3.5534 8.9919 -40.505 -5.8454
2 24 12.2027 -36.3698 -0.8939 12.2025 -31.6314 0.6052
2 24 10.2198 -35.605 -3.5534 10.3323 -30.6157 -1.5405
2 24 12.2023 -27.3463 0.6688 12.2019 -24.0664 0.1836
2 24 10.3998 -27.0787 -1.405 10.306 -23.719 -1.5057
2 24 10.3323 -30.6157 -1.5405 10.3998 -27.0787 -1.405
2 24 12.2025 -31.6314 0.6052 12.2023 -27.3463 0.6688
2 24 10.306 -23.719 -1.5057 9.9906 -19.9092 -0.3734
2 24 12.2019 -24.0664 0.1836 12.2016 -20.4241 1.197
2 24 12.2016 -20.4241 1.197 12.2021 -16.1117 2.6052
2 24 9.9906 -19.9092 -0.3734 9.94 -15.8264 0.2419
2 24 12.3312 -6.8601 -0.0624 12.2019 -11.5092 2.0488
2 24 10.3181 -7.9256 -1.6436 9.7964 -12.2632 0.0713
2 24 12.3312 -6.8601 -0.0624 13.4593 -4.9655 -1.7132
2 24 13.4593 -4.9655 -1.7132 10.6872 -5.596 -3.706
2 24 10.3181 -7.9256 -1.6436 10.6872 -5.596 -3.706
2 24 10.6872 -5.596 -3.706 10.8014 0.0113 -3.7013
2 24 10.6872 -5.596 -3.706 13.4593 -4.9655 -1.7132
2 24 10.8014 0.0113 -3.7013 13.3066 0.0121 -2.0052
2 24 13.4593 -4.9655 -1.7132 13.3066 0.0121 -2.0052
2 24 13.4593 -4.9655 -1.7132 13.3066 0.0121 -2.0052
2 24 13.3066 0.0121 -2.0052 13.781 0.01 7.988
2 24 13.4368 -2.9933 7.7613 13.781 0.01 7.988
2 24 13.4368 -2.9933 7.7613 12.1999 -4.533 8.5027
2 24 13.4593 -4.9655 -1.7132 12.3312 -6.8601 -0.0624
2 24 9.94 -15.8264 0.2419 9.7964 -12.2632 0.0713
2 24 12.2021 -16.1117 2.6052 12.2019 -11.5092 2.0488
2 24 12.2013 -26.2294 7.439 12.2009 -17.4888 7.6265
2 24 10.2515 -25.1282 8.9381 9.9704 -16.8875 9.119
2 24 9.9704 -16.8875 9.119 9.9149 -9.1752 9.4861
2 24 12.2009 -17.4888 7.6265 12.0704 -9.3969 8.017
2 24 9.9149 -9.1752 9.4861 10.2837 -3.9865 9.692
2 24 12.0704 -9.3969 8.017 12.1999 -4.533 8.5027
2 24 12.1999 -4.533 8.5027 13.4368 -2.9933 7.7613
2 24 13.4368 -2.9933 7.7613 13.781 0.01 7.988
2 24 12.2867 0.017 9.0406 13.781 0.01 7.988
2 24 12.2867 0.017 9.0406 10.4008 0.0113 9.6653
2 24 10.2837 -3.9865 9.692 10.4008 0.0113 9.6653
2 24 12.2034 -36.4385 12.8513 12.3724 -36.4583 21.8006
2 24 10.4593 -35.3574 30.8413 12.2015 -38.2743 29.6892
2 24 12.3724 -36.4583 21.8006 12.2015 -38.2743 29.6892
2 24 10.2515 -25.1282 8.9381 9.9704 -16.8875 9.119
2 24 2.5571 -23.6605 9.2685 2.5571 -15.5211 9.5244
2 24 9.9704 -16.8875 9.119 9.9149 -9.1752 9.4861
2 24 2.5571 -15.5211 9.5244 2.5569 -8.7828 9.7363
2 24 9.9149 -9.1752 9.4861 10.2837 -3.9865 9.692
2 24 2.5569 -8.7828 9.7363 2.5569 -4.4651 9.872
2 24 2.5569 -4.4651 9.872 2.5601 0.0144 10.0089
2 24 10.2837 -3.9865 9.692 10.4008 0.0113 9.6653
2 24 2.5601 0.0144 10.0089 10.4008 0.0113 9.6653
2 24 12.2021 -16.1117 2.6052 12.2019 -11.5092 2.0488
2 24 12.2009 -17.4888 7.6265 12.0704 -9.3969 8.017
2 24 12.2021 -16.1117 2.6052 12.2016 -20.4241 1.197
2 24 12.2009 -17.4888 7.6265 12.2013 -26.2294 7.439
2 24 12.2025 -31.6314 0.6052 12.2023 -27.3463 0.6688
2 24 12.2013 -26.2294 7.439 12.2014 -30.4238 7.46
2 24 12.2025 -31.6314 0.6052 12.2027 -36.3698 -0.8939
2 24 12.2014 -30.4238 7.46 12.2031 -36.3511 7.6643
2 24 3.4843 -54.4387 -10.2082 4.406 -58.1275 -10.5056
2 24 0 -57.2038 -11.1835 4.406 -58.1275 -10.5056
2 24 3.4843 -54.4387 -10.2082 3.9824 -49.0652 -9.6594
2 24 3.9824 -49.0652 -9.6594 5.072 -44.5729 -8.4469
2 24 10.2198 -35.605 -3.5534 10.3323 -30.6157 -1.5405
2 24 2.5531 -33.2365 -3.9061 2.5573 -30.2828 -2.0938
2 24 10.3323 -30.6157 -1.5405 10.3998 -27.0787 -1.405
2 24 2.5573 -30.2828 -2.0938 2.5571 -26.5999 -1.8722
2 24 10.3998 -27.0787 -1.405 10.306 -23.719 -1.5057
2 24 2.5571 -26.5999 -1.8722 2.557 -23.6313 -1.8171
2 24 10.306 -23.719 -1.5057 9.9906 -19.9092 -0.3734
2 24 2.557 -23.6313 -1.8171 2.5569 -20.0345 -0.5792
2 24 2.5569 -20.0345 -0.5792 2.5568 -15.7951 0.1198
2 24 9.9906 -19.9092 -0.3734 9.94 -15.8264 0.2419
2 24 9.94 -15.8264 0.2419 9.7964 -12.2632 0.0713
2 24 2.5568 -15.7951 0.1198 2.5568 -12.1917 -0.0275
2 24 2.5568 -12.1917 -0.0275 2.5569 -8.4083 -1.5874
2 24 9.7964 -12.2632 0.0713 10.3181 -7.9256 -1.6436
2 24 2.5569 -8.4083 -1.5874 2.5705 -5.9527 -4.0133
2 24 2.5705 -5.9527 -4.0133 10.6872 -5.596 -3.706
2 24 10.3181 -7.9256 -1.6436 10.6872 -5.596 -3.706
2 24 10.6872 -5.596 -3.706 2.5705 -5.9527 -4.0133
2 24 2.5705 -5.9527 -4.0133 2.5675 -5.132 -4.0071
2 24 6.2335 -5.1326 -3.869 2.5675 -5.132 -4.0071
2 24 2.5601 0.0144 10.0089 2.5562 0.0128 5.3995
2 24 2.5601 0.0144 10.0089 2.5569 -4.4651 9.872
2 24 2.5562 0.0128 5.3995 2.5559 -5.1341 5.4677
2 24 2.5569 -4.4651 9.872 2.5569 -8.7828 9.7363
2 24 2.5568 -12.1917 -0.0275 2.5569 -8.4083 -1.5874
2 24 2.5569 -8.7828 9.7363 2.5571 -15.5211 9.5244
2 24 2.5568 -12.1917 -0.0275 2.5568 -15.7951 0.1198
2 24 12.3724 -36.4583 21.8006 12.2034 -36.4385 12.8513
2 24 12.203 -52.6794 20.6063 12.2007 -53.7375 11.5263
2 24 12.3724 -36.4583 21.8006 12.2015 -38.2743 29.6892
2 24 12.203 -52.6794 20.6063 12.2021 -52.2312 30.6227
2 24 9.3648 -30.383 13.2683 8.5624 -31.5779 21.4692
2 24 8.5624 -31.5779 21.4692 9.1418 -33.9109 31.7063
2 24 10.4593 -35.3574 30.8413 9.1418 -33.9109 31.7063
2 24 12.2015 -38.2743 29.6892 10.4593 -35.3574 30.8413
2 24 12.2015 -38.2743 29.6892 12.2014 -32.5274 34.8308
2 24 10.4593 -35.3574 30.8413 10.2919 -31.3086 33.7345
2 24 12.2014 -32.5274 34.8308 12.2017 -28.3052 37.6732
2 24 10.2919 -31.3086 33.7345 9.9128 -27.4557 35.9499
2 24 12.2017 -28.3052 37.6732 12.238 -24.0829 39.6999
2 24 9.9128 -27.4557 35.9499 9.942 -23.9222 37.2872
2 24 11.1641 -33.1695 8.9273 10.1143 -30.5813 8.9509
2 24 9.3648 -30.383 13.2683 10.1143 -30.5813 8.9509
2 24 11.1641 -33.1695 8.9273 12.2031 -36.3511 7.6643
2 24 12.2034 -36.4385 12.8513 12.2031 -36.3511 7.6643
2 24 8.6078 -55.8108 20.2926 8.7314 -55.8105 30.9762
2 24 12.203 -52.6794 20.6063 12.2021 -52.2312 30.6227
2 24 8.7314 -55.8105 30.9762 8.6586 -55.4822 36.8496
2 24 12.2021 -52.2312 30.6227 12.2013 -53.2232 36.3563
2 24 8.6586 -55.4822 36.8496 9.0912 -53.32 41.2579
2 24 12.2013 -53.2232 36.3563 12.201 -51.9798 39.274
2 24 12.238 -24.0829 39.6999 12.2276 -20.2072 39.5299
2 24 9.942 -23.9222 37.2872 9.8809 -20.5449 37.3955
2 24 12.2276 -20.2072 39.5299 12.2645 -15.1173 38.4581
2 24 9.8809 -20.5449 37.3955 10.132 -15.5905 36.4976
2 24 12.2645 -15.1173 38.4581 12.3448 -9.9738 36.7964
2 24 10.132 -15.5905 36.4976 10.4269 -10.9678 34.842
2 24 12.3448 -9.9738 36.7964 12.4301 -7.0203 35.3745
2 24 10.4269 -10.9678 34.842 10.7403 -8.1788 33.0266
2 24 10.7399 -6.1657 30.5228 13.4518 -4.8411 32.5771
2 24 10.7403 -8.1788 33.0266 10.7399 -6.1657 30.5228
2 24 12.4301 -7.0203 35.3745 13.4518 -4.8411 32.5771
2 24 10.7399 -6.1657 30.5228 10.2858 0.0104 29.9739
2 24 10.7399 -6.1657 30.5228 13.4518 -4.8411 32.5771
2 24 10.2858 0.0104 29.9739 13.8115 0.0111 32.4445
2 24 13.4518 -4.8411 32.5771 13.8115 0.0111 32.4445
2 24 13.4518 -4.8411 32.5771 12.4301 -7.0203 35.3745
2 24 13.085 -3.3006 42.384 12.2005 -4.4132 42.9903
2 24 13.085 -3.3006 42.384 13.2011 0.0119 42.3091
2 24 13.2011 0.0119 42.3091 13.8115 0.0111 32.4445
2 24 13.4518 -4.8411 32.5771 13.8115 0.0111 32.4445
2 24 12.2005 -4.4132 42.9903 12.0176 -7.8803 43.0855
2 24 12.4301 -7.0203 35.3745 12.3448 -9.9738 36.7964
2 24 12.0176 -7.8803 43.0855 12.0441 -14.0649 43.8626
2 24 12.3448 -9.9738 36.7964 12.2645 -15.1173 38.4581
2 24 12.0441 -14.0649 43.8626 12.0386 -18.9411 45.5346
2 24 12.2645 -15.1173 38.4581 12.2276 -20.2072 39.5299
2 24 12.0386 -18.9411 45.5346 11.9976 -22.2553 47.1937
2 24 12.2276 -20.2072 39.5299 12.238 -24.0829 39.6999
2 24 12.238 -24.0829 39.6999 12.2017 -28.3052 37.6732
2 24 12.2021 -30.3611 44.6862 12.127 -26.8421 46.956
2 24 12.2017 -28.3052 37.6732 12.2014 -32.5274 34.8308
2 24 12.2021 -30.3611 44.6862 12.2022 -34.3483 43.5561
2 24 10.6327 -24.489 49.6028 10.0913 -27.6494 48.5805
2 24 12.0167 -24.6018 48.0995 12.127 -26.8421 46.956
2 24 10.6327 -24.489 49.6028 10.4211 -21.4115 48.3526
2 24 12.0167 -24.6018 48.0995 11.9976 -22.2553 47.1937
2 24 10.6327 -24.489 49.6028 10.0913 -27.6494 48.5805
2 24 2.557 -24.5068 49.9635 2.557 -26.6816 49.2776
2 24 2.557 -24.5068 49.9635 2.5569 -21.167 48.3993
2 24 10.6327 -24.489 49.6028 10.4211 -21.4115 48.3526
2 24 11.9976 -22.2553 47.1937 12.0386 -18.9411 45.5346
2 24 10.4211 -21.4115 48.3526 10.4392 -18.7077 46.7984
2 24 12.0386 -18.9411 45.5346 12.0441 -14.0649 43.8626
2 24 10.4392 -18.7077 46.7984 10.4299 -13.7711 45.0946
2 24 10.4299 -13.7711 45.0946 10.5217 -8.558 44.4155
2 24 12.0441 -14.0649 43.8626 12.0176 -7.8803 43.0855
2 24 10.4064 -4.1387 44.4426 10.3814 -2.3633 44.4026
2 24 12.2005 -4.4132 42.9903 13.085 -3.3006 42.384
2 24 13.085 -3.3006 42.384 13.2011 0.0119 42.3091
2 24 13.2011 0.0119 42.3091 10.2729 0.0122 44.3371
2 24 10.3814 -2.3633 44.4026 10.2729 0.0122 44.3371
2 24 10.5217 -8.558 44.4155 10.4299 -13.7711 45.0946
2 24 2.5568 -9.2963 44.5993 2.5568 -13.6553 45.2214
2 24 10.4211 -21.4115 48.3526 10.4392 -18.7077 46.7984
2 24 2.5569 -21.167 48.3993 2.5569 -18.5376 46.9958
2 24 10.4299 -13.7711 45.0946 10.4392 -18.7077 46.7984
2 24 2.5568 -13.6553 45.2214 2.5569 -18.5376 46.9958
2 24 12.127 -26.8421 46.956 12.2021 -30.3611 44.6862
2 24 10.0913 -27.6494 48.5805 9.8537 -31.0658 47.0992
2 24 9.8537 -31.0658 47.0992 9.7323 -34.8614 46.2623
2 24 12.2021 -30.3611 44.6862 12.2022 -34.3483 43.5561
2 24 12.2022 -34.3483 43.5561 12.2021 -37.8817 43.5441
2 24 9.7323 -34.8614 46.2623 9.2374 -38.2843 46.5761
2 24 9.2842 -44.4148 47.5815 9.2616 -41.0085 47.1325
2 24 12.202 -43.4489 44.4572 12.2019 -40.8114 44.2009
2 24 9.2842 -44.4148 47.5815 9.4074 -47.4353 46.9069
2 24 12.202 -43.4489 44.4572 12.2019 -46.3852 44.6524
2 24 12.201 -51.9798 39.274 12.2014 -49.1099 42.5278
2 24 9.0912 -53.32 41.2579 9.2445 -50.897 44.1966
2 24 12.2019 -46.3852 44.6524 12.2014 -49.1099 42.5278
2 24 9.4074 -47.4353 46.9069 9.2445 -50.897 44.1966
2 24 1.3426 -54.5271 44.852 1.4591 -54.5438 40.1601
2 24 3.7428 -52.8976 42.3438 1.4591 -54.5438 40.1601
2 24 3.5579 -53.1462 45.2914 3.7493 -52.1114 48.1217
2 24 1.3426 -54.5271 44.852 1.0369 -53.4274 48.3045
2 24 3.7493 -52.1114 48.1217 3.8685 -49.9162 50.2678
2 24 1.0369 -53.4274 48.3045 0.7686 -51.0711 51.0314
2 24 0.7686 -51.0711 51.0314 -0.6286 -48.7486 52.5982
2 24 3.8685 -49.9162 50.2678 3.5195 -47.3884 51.6922
2 24 -0.6286 -48.7486 52.5982 -1.0819 -46.4267 53.7813
2 24 3.5195 -47.3884 51.6922 2.7811 -44.9165 52.7909
2 24 -1.0819 -46.4267 53.7813 -1.3829 -44.1731 55.0374
2 24 2.7811 -44.9165 52.7909 1.2845 -42.7125 54.9456
2 24 1.2845 -42.7125 54.9456 0.0724 -42.3001 56.1711
2 24 -1.3829 -44.1731 55.0374 -1.483 -42.948 56.0695
2 24 0.7686 -51.0711 51.0314 1.0369 -53.4274 48.3045
2 24 -1.0135 -51.2781 50.6812 -1.5347 -53.5181 48.027
2 24 -1.5347 -53.5181 48.027 -2.0437 -54.4674 44.6021
2 24 1.0369 -53.4274 48.3045 1.3426 -54.5271 44.852
2 24 -2.0437 -54.4674 44.6021 -1.7899 -54.441 40.314
2 24 -1.7899 -54.441 40.314 1.4591 -54.5438 40.1601
2 24 1.3426 -54.5271 44.852 1.4591 -54.5438 40.1601
2 24 -1.0135 -51.2781 50.6812 -0.6286 -48.7486 52.5982
2 24 0.7686 -51.0711 51.0314 -0.6286 -48.7486 52.5982
2 24 -3.8734 -52.2314 43.0224 -1.7899 -54.441 40.314
2 24 -2.0437 -54.4674 44.6021 -1.7899 -54.441 40.314
2 24 -2.0437 -54.4674 44.6021 -1.5347 -53.5181 48.027
2 24 -3.6261 -52.484 44.8696 -3.6994 -51.8471 46.9578
2 24 -1.5347 -53.5181 48.027 -1.0135 -51.2781 50.6812
2 24 -3.6994 -51.8471 46.9578 -3.7248 -50.3675 48.7372
2 24 -1.0819 -46.4267 53.7813 -1.3829 -44.1731 55.0374
2 24 -1.3829 -44.1731 55.0374 -1.483 -42.948 56.0695
2 24 -2.7226 -44.4429 53.7372 -2.6612 -42.7899 54.8147
2 24 -1.483 -42.948 56.0695 -1.4674 -42.389 56.5337
2 24 -2.6612 -42.7899 54.8147 -2.2614 -41.69 55.5389
2 24 -2.2614 -41.69 55.5389 -2.6612 -42.7899 54.8147
2 24 -2.1379 -41.167 54.0848 -2.721 -42.4816 53.5733
2 24 -2.7226 -44.4429 53.7372 -2.6612 -42.7899 54.8147
2 24 -2.721 -42.4816 53.5733 -3.0766 -44.4328 52.7748
2 24 -3.8734 -52.2314 43.0224 -4.037 -50.9841 44.3777
2 24 -3.6261 -52.484 44.8696 -3.6994 -51.8471 46.9578
2 24 -3.9219 -50.9624 45.3336 -3.9057 -50.6596 46.4015
2 24 -3.9057 -50.6596 46.4015 -3.9002 -49.7494 47.2877
2 24 -3.6994 -51.8471 46.9578 -3.7248 -50.3675 48.7372
2 24 -3.7248 -50.3675 48.7372 -3.811 -48.1288 50.0984
2 24 -3.9002 -49.7494 47.2877 -3.8224 -47.3548 48.6278
2 24 -3.811 -48.1288 50.0984 -3.9231 -46.1714 50.8647
2 24 -3.8224 -47.3548 48.6278 -3.8948 -45.6933 49.114
2 24 -1.0135 -51.2781 50.6812 -0.6286 -48.7486 52.5982
2 24 -3.7248 -50.3675 48.7372 -3.811 -48.1288 50.0984
2 24 -4.1848 -44.1794 51.6223 -4.3866 -42.1821 52.423
2 24 -3.0766 -44.4328 52.7748 -2.721 -42.4816 53.5733
2 24 -4.1848 -44.1794 51.6223 -4.3866 -42.1821 52.423
2 24 -4.0464 -43.5814 49.6964 -4.1749 -41.0928 50.493
2 24 -4.3866 -42.1821 52.423 -4.0442 -40.1026 53.5085
2 24 -4.1749 -41.0928 50.493 -4.0407 -39.0765 51.6275
2 24 -4.0442 -40.1026 53.5085 -3.422 -37.8148 55.1022
2 24 -4.0407 -39.0765 51.6275 -3.572 -36.5414 53.4609
2 24 -3.422 -37.8148 55.1022 -2.5308 -36.907 56.3892
2 24 -3.572 -36.5414 53.4609 -2.6211 -34.8909 55.3444
2 24 -3.9231 -46.1714 50.8647 -4.1848 -44.1794 51.6223
2 24 -3.8948 -45.6933 49.114 -4.0464 -43.5814 49.6964
2 24 -4.1848 -44.1794 51.6223 -3.9231 -46.1714 50.8647
2 24 -2.6211 -34.8909 55.3444 -1.4179 -34.1546 56.4453
2 24 -2.5308 -36.907 56.3892 -1.4176 -36.6142 57.3492
2 24 3.7331 -46.7249 51.1421 4.1384 -49.4043 49.7963
2 24 3.5195 -47.3884 51.6922 3.8685 -49.9162 50.2678
2 24 3.8685 -49.9162 50.2678 3.7493 -52.1114 48.1217
2 24 3.5579 -53.1462 45.2914 3.7493 -52.1114 48.1217
2 24 3.7428 -52.8976 42.3438 4.0758 -52.0874 43.3046
2 24 4.0758 -52.0874 43.3046 4.7218 -51.4446 44.1198
2 24 4.7852 -51.3068 45.8333 4.8133 -50.7451 47.6084
2 24 4.8133 -50.7451 47.6084 4.93 -48.9444 49.4047
2 24 4.1384 -49.4043 49.7963 3.7331 -46.7249 51.1421
2 24 4.93 -48.9444 49.4047 4.8653 -46.2553 50.6852
2 24 3.5195 -47.3884 51.6922 2.7811 -44.9165 52.7909
2 24 3.7331 -46.7249 51.1421 2.9631 -44.1279 51.872
2 24 4.8653 -46.2553 50.6852 4.5322 -43.734 51.1467
2 24 3.7331 -46.7249 51.1421 2.9631 -44.1279 51.872
2 24 4.7288 -42.3784 49.7423 4.8924 -45.4838 49.4021
2 24 4.5322 -43.734 51.1467 4.8653 -46.2553 50.6852
2 24 2.9631 -44.1279 51.872 1.4489 -42.2324 52.9073
2 24 2.7811 -44.9165 52.7909 1.2845 -42.7125 54.9456
2 24 4.8653 -46.2553 50.6852 4.93 -48.9444 49.4047
2 24 4.93 -48.9444 49.4047 4.8133 -50.7451 47.6084
2 24 4.7852 -51.3068 45.8333 4.8133 -50.7451 47.6084
2 24 4.7218 -51.4446 44.1198 5.1029 -50.5575 44.7262
2 24 4.8924 -45.4838 49.4021 4.7288 -42.3784 49.7423
2 24 4.4624 -45.032 48.5051 4.2253 -42.2332 48.8674
2 24 9.2842 -44.4148 47.5815 9.4074 -47.4353 46.9069
2 24 4.6124 -45.4598 47.8371 4.7807 -47.2692 47.2842
2 24 9.2842 -44.4148 47.5815 9.2616 -41.0085 47.1325
2 24 4.6124 -45.4598 47.8371 4.324 -41.3822 47.474
2 24 9.2374 -38.2843 46.5761 9.2616 -41.0085 47.1325
2 24 12.2021 -37.8817 43.5441 12.2019 -40.8114 44.2009
2 24 9.2616 -41.0085 47.1325 9.2374 -38.2843 46.5761
2 24 4.324 -41.3822 47.474 4.0836 -38.9963 46.5226
2 24 9.8537 -31.0658 47.0992 9.7323 -34.8614 46.2623
2 24 3.3476 -32.428 47.003 3.9326 -35.6186 46.5497
2 24 2.557 -26.6816 49.2776 2.656 -29.9417 47.8541
2 24 10.0913 -27.6494 48.5805 9.8537 -31.0658 47.0992
2 24 3.3476 -32.428 47.003 2.656 -29.9417 47.8541
2 24 4.4732 -40.0929 50.2325 4.2348 -38.1311 50.9216
2 24 3.7707 -39.7267 49.338 3.367 -37.9115 49.7378
2 24 4.2348 -38.1311 50.9216 3.986 -36.5531 52.0231
2 24 3.367 -37.9115 49.7378 3.2542 -36.0613 51.2319
2 24 3.986 -36.5531 52.0231 3.1704 -35.135 55.0507
2 24 3.2542 -36.0613 51.2319 3.1785 -34.4944 53.1977
2 24 3.1785 -34.4944 53.1977 2.8282 -33.7289 55.6623
2 24 3.8938 -41.2118 51.8028 3.303 -39.5382 52.861
2 24 4.4732 -40.0929 50.2325 4.2348 -38.1311 50.9216
2 24 4.2348 -38.1311 50.9216 3.986 -36.5531 52.0231
2 24 3.303 -39.5382 52.861 2.8307 -38.4309 53.9319
2 24 2.8307 -38.4309 53.9319 2.2042 -36.8451 56.0642
2 24 3.1704 -35.135 55.0507 3.986 -36.5531 52.0231
2 24 2.2042 -36.8451 56.0642 1.443 -35.939 57.8334
2 24 2.8282 -33.7289 55.6623 2.104 -33.6447 57.0144
2 24 1.443 -35.939 57.8334 2.2042 -36.8451 56.0642
2 24 0.2711 -36.4425 58.2512 -0.5514 -37.9987 56.1841
2 24 4.5322 -43.734 51.1467 3.8938 -41.2118 51.8028
2 24 4.7288 -42.3784 49.7423 4.4732 -40.0929 50.2325
2 24 9.4074 -47.4353 46.9069 9.2445 -50.897 44.1966
2 24 4.8941 -48.6499 46.5829 5.1029 -50.5575 44.7262
2 24 8.6586 -55.4822 36.8496 8.7314 -55.8105 30.9762
2 24 -9.0935 -55.326 37.4489 -9.2215 -55.8104 30.1486
2 24 10.7403 -8.1788 33.0266 10.7399 -6.1657 30.5228
2 24 2.557 -7.9935 32.3411 2.5628 -6.2444 30.277
2 24 10.7399 -6.1657 30.5228 2.5628 -6.2444 30.277
2 24 10.7403 -8.1788 33.0266 10.4269 -10.9678 34.842
2 24 2.557 -7.9935 32.3411 2.5571 -10.6688 34.3915
2 24 10.4269 -10.9678 34.842 10.132 -15.5905 36.4976
2 24 2.5571 -10.6688 34.3915 2.5571 -15.2473 36.0199
2 24 10.132 -15.5905 36.4976 9.8809 -20.5449 37.3955
2 24 2.5571 -15.2473 36.0199 2.5571 -20.0256 36.9696
2 24 9.8809 -20.5449 37.3955 9.942 -23.9222 37.2872
2 24 2.5571 -20.0256 36.9696 2.5572 -23.4657 36.8586
2 24 9.942 -23.9222 37.2872 9.9128 -27.4557 35.9499
2 24 2.5572 -23.4657 36.8586 2.5572 -26.8258 35.873
2 24 9.9128 -27.4557 35.9499 10.2919 -31.3086 33.7345
2 24 2.5572 -26.8258 35.873 2.5571 -30.0571 34.3134
2 24 10.4593 -35.3574 30.8413 9.1418 -33.9109 31.7063
2 24 10.2919 -31.3086 33.7345 10.4593 -35.3574 30.8413
2 24 2.5597 0.0139 29.9001 10.2858 0.0104 29.9739
2 24 2.5597 0.0139 29.9001 2.5628 -6.2444 30.277
2 24 10.2858 0.0104 29.9739 10.7399 -6.1657 30.5228
2 24 2.5628 -6.2444 30.277 10.7399 -6.1657 30.5228
2 24 2.5557 0.0125 34.2381 2.5597 0.0139 29.9001
2 24 2.5557 0.0125 34.2381 2.5556 -5.1821 34.2218
2 24 2.5597 0.0139 29.9001 2.5628 -6.2444 30.277
2 24 2.5556 -5.1821 34.2218 2.56 -5.1803 44.731
2 24 2.56 -5.1803 44.731 2.5568 -9.2963 44.5993
2 24 2.557 -7.9935 32.3411 2.5571 -10.6688 34.3915
2 24 2.5571 -15.2473 36.0199 2.5571 -20.0256 36.9696
2 24 2.5568 -13.6553 45.2214 2.5569 -18.5376 46.9958
2 24 2.5571 -20.0256 36.9696 2.5572 -23.4657 36.8586
2 24 2.5569 -18.5376 46.9958 2.5569 -21.167 48.3993
2 24 2.5572 -26.8258 35.873 2.5571 -30.0571 34.3134
2 24 12.2015 -38.2743 29.6892 12.2014 -32.5274 34.8308
2 24 12.2022 -34.3483 43.5561 12.2021 -37.8817 43.5441
2 24 12.127 -26.8421 46.956 12.0167 -24.6018 48.0995
2 24 11.9976 -22.2553 47.1937 12.0167 -24.6018 48.0995
2 24 12.2021 -52.2312 30.6227 12.2013 -53.2232 36.3563
2 24 12.2016 -20.4241 1.197 12.2019 -24.0664 0.1836
2 24 12.2023 -27.3463 0.6688 12.2019 -24.0664 0.1836
2 24 10.2198 -35.605 -3.5534 8.9919 -40.505 -5.8454
2 24 2.5531 -33.2365 -3.9061 1.9013 -34.2217 -4.7495
2 24 1.9013 -34.2217 -4.7495 0.1709 -34.7494 -5.4145
2 24 12.202 -48.5064 -2.3089 12.2021 -51.4765 0.1962
2 24 5.072 -44.5729 -8.4469 3.9824 -49.0652 -9.6594
2 24 4.3829 -56.543 8.3382 6.4736 -57.623 6.8976
2 24 6.4736 -57.623 6.8976 5.4071 -62.5324 5.1771
2 24 -9.0935 -55.326 37.4489 -9.2215 -55.8104 30.1486
2 24 -12.2467 -52.781 37.364 -12.3466 -52.5414 29.073
2 24 -12.3466 -52.5414 29.073 -12.1672 -52.8316 21.6503
2 24 -9.2215 -55.8104 30.1486 -8.6977 -55.7108 19.3625
2 24 -8.6977 -55.7108 19.3625 -8.681 -55.8111 12.6191
2 24 -12.1672 -52.8316 21.6503 -12.4578 -53.3846 12.5363
2 24 6.0627 -71.0639 -4.9519 6.0175 -74.7706 -6.4031
2 24 4.5031 -73.849 -1.882 4.2872 -76.643 -4.898
2 24 5.5462 -60.0962 -7.8668 4.406 -58.1275 -10.5056
2 24 4.406 -58.1275 -10.5056 3.4843 -54.4387 -10.2082
2 24 7.8908 -66.2964 -6.6536 7.7703 -63.8099 -7.4463
2 24 6.2446 -66.6635 -4.5374 5.9756 -63.0115 -5.4623
2 24 5.5462 -60.0962 -7.8668 5.9756 -63.0115 -5.4623
2 24 7.531 -61.388 -9.4497 7.7703 -63.8099 -7.4463
2 24 3.9824 -49.0652 -9.6594 3.4843 -54.4387 -10.2082
2 24 7.7517 -70.0844 -6.6037 7.8908 -66.2964 -6.6536
2 24 7.531 -61.388 -9.4497 7.7703 -63.8099 -7.4463
2 24 7.8908 -66.2964 -6.6536 7.7703 -63.8099 -7.4463
2 24 7.0721 -59.5217 -12.3185 7.531 -61.388 -9.4497
2 24 5.5462 -60.0962 -7.8668 5.9756 -63.0115 -5.4623
2 24 6.0627 -71.0639 -4.9519 6.2446 -66.6635 -4.5374
2 24 4.5031 -73.849 -1.882 4.8716 -70.7329 0.8256
2 24 4.0346 -53.9365 -27.3941 4.2083 -52.2896 -25.6796
2 24 4.2041 -55.8299 -26.714 4.4165 -56.1025 -25.5916
2 24 4.2083 -52.2896 -25.6796 4.741 -52.3187 -22.0909
2 24 5.1788 -54.031 -19.7356 4.741 -52.3187 -22.0909
2 24 2.4188 -60.9703 7.3598 2.6201 -65.0115 5.8923
2 24 5.9756 -63.0115 -5.4623 6.2446 -66.6635 -4.5374
2 24 4.8716 -70.7329 0.8256 5.1017 -67.6237 2.6893
2 24 5.1017 -67.6237 2.6893 5.4071 -62.5324 5.1771
2 24 1.2012 -78.9182 -22.202 1.1055 -77.6886 -23.4884
2 24 1.1055 -77.6886 -23.4884 -0.0001 -77.8888 -23.955
2 24 0.8924 -82.8901 -20.7383 0.8629 -81.2224 -20.4159
2 24 0.8924 -82.8901 -20.7383 0.6498 -83.9271 -20.6856
2 24 0.6498 -83.9271 -20.6856 -0.0001 -83.9861 -20.9225
2 24 0.6983 -84.7126 -19.7708 0.6498 -83.9271 -20.6856
2 24 0.6498 -83.9271 -20.6856 -0.0001 -83.9861 -20.9225
2 24 0.8924 -82.8901 -20.7383 0.6498 -83.9271 -20.6856
2 24 1.8597 -83.3025 -19.6905 1.8939 -84.1438 -18.9439
2 24 0.6498 -83.9271 -20.6856 0.6983 -84.7126 -19.7708
2 24 0.8924 -82.8901 -20.7383 0.8629 -81.2224 -20.4159
2 24 1.8597 -83.3025 -19.6905 2.5735 -80.8837 -18.6625
2 24 0.9051 -80.094 -20.3417 -0.0003 -80.0966 -20.4072
2 24 1.2012 -78.9182 -22.202 0.9051 -80.094 -20.3417
2 24 -0.0001 -79.3686 -22.9006 -0.0003 -80.0966 -20.4072
2 24 1.2012 -78.9182 -22.202 0.9051 -80.094 -20.3417
2 24 2.4122 -76.7286 -19.482 2.5067 -78.6562 -18.2503
2 24 0.6983 -84.7126 -19.7708 0.925 -84.9894 -18.0834
2 24 0.0001 -84.5489 -16.09 1.3121 -84.4984 -16.0222
2 24 1.9933 -84.6766 -16.1066 1.9338 -84.4979 -17.8788
2 24 0.6983 -84.7126 -19.7708 0.925 -84.9894 -18.0834
2 24 1.8939 -84.1438 -18.9439 1.9338 -84.4979 -17.8788
2 24 1.8939 -84.1438 -18.9439 1.8597 -83.3025 -19.6905
2 24 2.7034 -85.073 -20.3867 1.8597 -83.3025 -19.6905
2 24 2.7034 -85.073 -20.3867 3.5897 -86.2465 -20.6001
2 24 3.5897 -86.2465 -20.6001 3.735 -86.907 -20.054
2 24 3.1616 -86.6462 -18.3002 3.561 -87.0427 -19.2997
2 24 3.735 -86.907 -20.054 3.561 -87.0427 -19.2997
2 24 1.8939 -84.1438 -18.9439 1.9338 -84.4979 -17.8788
2 24 4.885 -87.0028 -20.1251 6.1662 -86.7029 -19.765
2 24 6.1662 -86.7029 -19.765 6.1486 -85.9553 -20.1274
2 24 4.6683 -86.3658 -20.5949 6.1486 -85.9553 -20.1274
2 24 4.885 -87.0028 -20.1251 6.1662 -86.7029 -19.765
2 24 6.1662 -86.7029 -19.765 6.4422 -86.8841 -18.9793
2 24 4.9035 -87.1832 -19.153 6.4422 -86.8841 -18.9793
2 24 3.561 -87.0427 -19.2997 4.9035 -87.1832 -19.153
2 24 3.561 -87.0427 -19.2997 3.1616 -86.6462 -18.3002
2 24 7.1843 -85.8248 -17.0176 6.4422 -86.8841 -18.9793
2 24 4.9035 -87.1832 -19.153 6.4422 -86.8841 -18.9793
2 24 7.1843 -85.8248 -17.0176 7.5764 -83.6066 -14.4887
2 24 0.8629 -81.2224 -20.4159 0.9051 -80.094 -20.3417
2 24 0.8629 -81.2224 -20.4159 0.9051 -80.094 -20.3417
2 24 2.5735 -80.8837 -18.6625 2.5067 -78.6562 -18.2503
2 24 6.9151 -80.4798 -17.4936 6.8542 -76.747 -16.1885
2 24 6.8542 -76.747 -16.1885 5.5007 -77.5581 -17.4883
2 24 6.8542 -76.747 -16.1885 6.9151 -80.4798 -17.4936
2 24 7.8897 -81.0562 -12.2929 7.5764 -83.6066 -14.4887
2 24 7.9009 -77.8727 -10.2246 7.8897 -81.0562 -12.2929
2 24 2.561 -81.3178 -10.038 2.4999 -81.8071 -10.9359
2 24 2.4999 -81.8071 -10.9359 2.43 -83.3693 -12.9221
2 24 7.5764 -83.6066 -14.4887 7.8897 -81.0562 -12.2929
2 24 1.9338 -84.4979 -17.8788 1.9933 -84.6766 -16.1066
2 24 3.1616 -86.6462 -18.3002 2.7164 -85.2662 -16.0931
2 24 3.1616 -86.6462 -18.3002 2.7164 -85.2662 -16.0931
2 24 2.7164 -85.2662 -16.0931 2.4688 -84.8539 -15.1553
2 24 2.0888 -79.7653 -5.924 2.1255 -79.4184 -5.524
2 24 2.1255 -79.4184 -5.524 2.2819 -78.7583 -4.6908
2 24 2.2819 -78.7583 -4.6908 2.3517 -76.6943 -2.1195
2 24 3.5896 -78.2294 -6.195 4.2872 -76.643 -4.898
2 24 2.1328 -72.1173 2.7049 2.3572 -72.5724 1.7611
2 24 2.1328 -72.1173 2.7049 2.3345 -71.3477 2.8215
2 24 2.3572 -72.5724 1.7611 2.3159 -74.2411 0.8351
2 24 4.8716 -70.7329 0.8256 4.5031 -73.849 -1.882
2 24 2.3517 -76.6943 -2.1195 2.167 -76.0155 -1.2403
2 24 4.2872 -76.643 -4.898 4.5031 -73.849 -1.882
2 24 2.167 -76.0155 -1.2403 2.1992 -75.7249 -0.8112
2 24 2.3159 -74.2411 0.8351 2.1992 -75.7249 -0.8112
2 24 -9.0935 -55.326 37.4489 -8.8839 -53.1892 41.3864
2 24 -12.2467 -52.781 37.364 -11.9102 -51.3733 40.6403
2 24 -11.9102 -51.3733 40.6403 -12.3344 -49.1266 42.6149
2 24 -8.8839 -53.1892 41.3864 -9.1602 -51.0068 43.8546
2 24 -9.1602 -51.0068 43.8546 -9.4406 -48.1071 46.2151
2 24 -12.3344 -49.1266 42.6149 -12.2989 -46.5816 44.4357
2 24 -9.4406 -48.1071 46.2151 -9.8386 -44.3072 47.568
2 24 -12.2989 -46.5816 44.4357 -12.1981 -43.9006 45.3869
2 24 -9.8386 -44.3072 47.568 -10.0105 -39.4571 47.7509
2 24 -12.1981 -43.9006 45.3869 -12.2181 -39.9431 45.5264
2 24 -12.2181 -39.9431 45.5264 -12.2432 -35.6019 45.5199
2 24 -10.0105 -39.4571 47.7509 -9.9545 -35.8689 48.133
2 24 -4.374 -49.2697 45.9492 -4.037 -50.9841 44.3777
2 24 -4.037 -50.9841 44.3777 -3.8734 -52.2314 43.0224
2 24 -3.8734 -52.2314 43.0224 -1.7899 -54.441 40.314
2 24 -9.0935 -55.326 37.4489 -8.8839 -53.1892 41.3864
2 24 8.6586 -55.4822 36.8496 9.0912 -53.32 41.2579
2 24 1.4591 -54.5438 40.1601 3.7428 -52.8976 42.3438
2 24 -12.3319 -23.5402 54.1593 -12.2433 -25.3538 53.9103
2 24 -10.9128 -24.3021 55.5412 -10.907 -26.0328 55.2274
2 24 -12.2433 -25.3538 53.9103 -12.4588 -26.5483 52.2635
2 24 -10.907 -26.0328 55.2274 -10.4109 -27.8175 53.8331
2 24 -12.3319 -23.5402 54.1593 -12.2975 -20.8337 53.774
2 24 -10.9128 -24.3021 55.5412 -10.744 -21.5969 55.2009
2 24 -10.744 -21.5969 55.2009 -10.6907 -18.1547 55.1678
2 24 -12.2975 -20.8337 53.774 -12.2135 -17.7082 53.7841
2 24 -12.2135 -17.7082 53.7841 -12.2611 -11.4819 55.1575
2 24 -10.6907 -18.1547 55.1678 -10.3522 -11.4669 56.813
2 24 -10.3522 -11.4669 56.813 -10.4509 -7.8087 58.0248
2 24 -12.2611 -11.4819 55.1575 -12.4581 -8.3138 56.2349
2 24 -12.4581 -8.3138 56.2349 -12.4582 -4.6817 57.4333
2 24 -10.4509 -7.8087 58.0248 -10.6223 -4.1347 59.2166
2 24 -10.6223 -4.1347 59.2166 -10.6038 -3.3207 59.537
2 24 -12.4582 -4.6817 57.4333 -13.668 -3.1093 56.9279
2 24 -13.668 -3.1093 56.9279 -13.765 0.0114 57.2034
2 24 -10.6038 -3.3207 59.537 -10.5164 0.0115 59.5804
2 24 -13.765 0.0114 57.2034 -10.5164 0.0115 59.5804
2 24 -13.534 -4.4067 47.0182 -13.668 -3.1093 56.9279
2 24 -13.534 -4.4067 47.0182 -13.7895 0.0118 47.1449
2 24 -13.668 -3.1093 56.9279 -13.765 0.0114 57.2034
2 24 -13.7895 0.0118 47.1449 -13.765 0.0114 57.2034
2 24 -13.534 -4.4067 47.0182 -12.3284 -6.1308 47.2699
2 24 -13.534 -4.4067 47.0182 -13.668 -3.1093 56.9279
2 24 -12.3284 -6.1308 47.2699 -12.4582 -4.6817 57.4333
2 24 -13.668 -3.1093 56.9279 -12.4582 -4.6817 57.4333
2 24 -12.256 -8.633 48.6613 -12.3284 -6.1308 47.2699
2 24 -12.4581 -8.3138 56.2349 -12.4582 -4.6817 57.4333
2 24 -12.3284 -6.1308 47.2699 -12.4582 -4.6817 57.4333
2 24 -12.256 -8.633 48.6613 -12.2559 -10.9663 49.2052
2 24 -12.4581 -8.3138 56.2349 -12.2611 -11.4819 55.1575
2 24 -12.2611 -11.4819 55.1575 -12.2135 -17.7082 53.7841
2 24 -12.2559 -10.9663 49.2052 -12.24 -16.7214 48.0974
2 24 -11.2096 -7.0075 46.2968 -11.0109 -4.9614 45.4566
2 24 -12.3284 -6.1308 47.2699 -13.534 -4.4067 47.0182
2 24 -13.534 -4.4067 47.0182 -13.7895 0.0118 47.1449
2 24 -11.0761 0.0175 45.3815 -13.7895 0.0118 47.1449
2 24 -12.3284 -6.1308 47.2699 -12.256 -8.633 48.6613
2 24 -11.2096 -7.0075 46.2968 -11.3116 -8.9516 47.3135
2 24 -12.256 -8.633 48.6613 -12.2559 -10.9663 49.2052
2 24 -11.3116 -8.9516 47.3135 -11.0015 -10.6777 47.4587
2 24 -12.2559 -10.9663 49.2052 -12.24 -16.7214 48.0974
2 24 -11.0015 -10.6777 47.4587 -10.6676 -16.4012 45.9541
2 24 -12.24 -16.7214 48.0974 -12.2659 -20.1045 47.1878
2 24 -12.2135 -17.7082 53.7841 -12.2975 -20.8337 53.774
2 24 -10.6676 -16.4012 45.9541 -10.6536 -19.1145 45.1063
2 24 -12.24 -16.7214 48.0974 -12.2659 -20.1045 47.1878
2 24 -12.2975 -20.8337 53.774 -12.3319 -23.5402 54.1593
2 24 -12.3319 -23.5402 54.1593 -12.2433 -25.3538 53.9103
2 24 -12.2433 -25.3538 53.9103 -12.4588 -26.5483 52.2635
2 24 -12.281 -22.8004 45.7739 -12.2918 -26.9561 41.988
2 24 -12.4588 -26.5483 52.2635 -12.2982 -29.9207 48.5879
2 24 -10.4109 -27.8175 53.8331 -10.0181 -31.0207 50.7407
2 24 -12.4588 -26.5483 52.2635 -12.2982 -29.9207 48.5879
2 24 -12.2432 -35.6019 45.5199 -12.2982 -29.9207 48.5879
2 24 -9.9545 -35.8689 48.133 -10.0181 -31.0207 50.7407
2 24 -12.2918 -26.9561 41.988 -12.2838 -31.4469 37.4703
2 24 -12.2982 -29.9207 48.5879 -12.2432 -35.6019 45.5199
2 24 -10.6536 -19.1145 45.1063 -10.5758 -21.9701 43.7699
2 24 -12.2659 -20.1045 47.1878 -12.281 -22.8004 45.7739
2 24 -12.281 -22.8004 45.7739 -12.2918 -26.9561 41.988
2 24 -10.5758 -21.9701 43.7699 -10.7137 -26.1928 40.4162
2 24 -12.2918 -26.9561 41.988 -12.2838 -31.4469 37.4703
2 24 -10.7137 -26.1928 40.4162 -10.5545 -30.3914 36.6327
2 24 -10.6549 -33.1005 34.5203 -10.4204 -36.0941 31.9617
2 24 -10.4204 -36.0941 31.9617 -12.3767 -40.4077 31.8654
2 24 -12.3494 -34.4797 35.4999 -12.3767 -40.4077 31.8654
2 24 -10.4204 -36.0941 31.9617 -8.0834 -33.9602 33.4858
2 24 -8.9099 -33.2712 28.2551 -8.0834 -33.9602 33.4858
2 24 -10.4204 -36.0941 31.9617 -12.3767 -40.4077 31.8654
2 24 -12.3767 -40.4077 31.8654 -12.3284 -37.7259 27.5921
2 24 -12.3284 -37.7259 27.5921 -12.2266 -35.837 19.9918
2 24 -8.9099 -33.2712 28.2551 -8.4728 -31.5812 20.6591
2 24 -12.2266 -35.837 19.9918 -12.0031 -35.745 13.8073
2 24 -8.4728 -31.5812 20.6591 -8.2898 -30.978 13.6295
2 24 -8.2898 -30.978 13.6295 -8.6853 -30.7749 7.7831
2 24 -8.6853 -30.7749 7.7831 -11.1033 -33.9028 6.9869
2 24 -11.1033 -33.9028 6.9869 -12.2899 -37.5172 6.6233
2 24 -12.0031 -35.745 13.8073 -12.2899 -37.5172 6.6233
2 24 -12.3284 -37.7259 27.5921 -12.3767 -40.4077 31.8654
2 24 -12.3466 -52.5414 29.073 -12.2467 -52.781 37.364
2 24 -12.3466 -52.5414 29.073 -12.1672 -52.8316 21.6503
2 24 -12.3284 -37.7259 27.5921 -12.2266 -35.837 19.9918
2 24 -12.1672 -52.8316 21.6503 -12.4578 -53.3846 12.5363
2 24 -12.2266 -35.837 19.9918 -12.0031 -35.745 13.8073
2 24 -12.223 -52.8916 1.728 -12.2804 -54.29 5.6679
2 24 -12.2 -35.9983 -2.7978 -12.2095 -41.0194 -3.6047
2 24 -12.2 -35.9983 -2.7978 -12.2052 -31.103 -1.1399
2 24 -12.2899 -37.5172 6.6233 -12.2672 -30.9918 5.2595
2 24 -12.4578 -53.3846 12.5363 -12.2804 -54.29 5.6679
2 24 -12.0031 -35.745 13.8073 -12.2899 -37.5172 6.6233
2 24 5.5007 -77.5581 -17.4883 2.5067 -78.6562 -18.2503
2 24 2.5735 -80.8837 -18.6625 2.5067 -78.6562 -18.2503
2 24 5.206 -75.809 -18.8622 4.5279 -73.2038 -21.2246
2 24 2.4122 -76.7286 -19.482 1.8008 -74.8432 -21.2937
2 24 -12.4578 -53.3846 12.5363 -12.2804 -54.29 5.6679
2 24 -8.681 -55.8111 12.6191 -8.7793 -56.3801 8.1358
2 24 -12.2804 -54.29 5.6679 -12.223 -52.8916 1.728
2 24 -12.223 -52.8916 1.728 -12.2159 -49.214 -2.02
2 24 -12.223 -52.8916 1.728 -12.2159 -49.214 -2.02
2 24 -9.9933 -25.4433 6.8159 -9.9538 -20.0143 6.3749
2 24 -2.219 -23.1759 7.0934 -2.2189 -18.5329 6.5793
2 24 -9.9538 -20.0143 6.3749 -10.2594 -14.8784 5.8683
2 24 -2.2189 -18.5329 6.5793 -2.219 -13.759 6.2281
2 24 -13.6383 0.009 2.5683 -12.2967 -4.5362 3.4674
2 24 -13.6383 0.009 2.5683 -11.3105 0.0109 4.8588
2 24 -11.3105 0.0109 4.8588 -11.0488 -4.3406 4.7554
2 24 -12.2967 -4.5362 3.4674 -13.6383 0.009 2.5683
2 24 -13.6383 0.009 2.5683 -13.7225 0.0076 -7.3699
2 24 -12.569 -6.563 -5.8279 -13.7225 0.0076 -7.3699
2 24 -11.0488 -4.3406 4.7554 -10.5712 -9.696 5.3876
2 24 -12.2967 -4.5362 3.4674 -12.3229 -10.3287 3.4522
2 24 -10.2594 -14.8784 5.8683 -9.9538 -20.0143 6.3749
2 24 -12.4587 -15.7108 3.9259 -12.4584 -20.9892 4.5575
2 24 -12.4584 -20.9892 4.5575 -12.4582 -25.6596 4.8121
2 24 -9.9538 -20.0143 6.3749 -9.9933 -25.4433 6.8159
2 24 -12.4582 -25.6596 4.8121 -12.2672 -30.9918 5.2595
2 24 -9.9933 -25.4433 6.8159 -9.1266 -28.947 7.2102
2 24 -10.2594 -14.8784 5.8683 -10.5712 -9.696 5.3876
2 24 -2.219 -13.759 6.2281 -2.2189 -9.0425 5.8811
2 24 -12.3229 -10.3287 3.4522 -12.4587 -15.7108 3.9259
2 24 -10.5712 -9.696 5.3876 -10.2594 -14.8784 5.8683
2 24 -12.2967 -4.5362 3.4674 -12.3229 -10.3287 3.4522
2 24 -12.569 -6.563 -5.8279 -12.2326 -10.9037 -3.0091
2 24 -12.3229 -10.3287 3.4522 -12.4587 -15.7108 3.9259
2 24 -12.2326 -10.9037 -3.0091 -12.1734 -16.4224 -1.5659
2 24 -12.1734 -16.4224 -1.5659 -12.1452 -21.2175 -1.6946
2 24 -12.4587 -15.7108 3.9259 -12.4584 -20.9892 4.5575
2 24 -12.1452 -21.2175 -1.6946 -12.1189 -25.6301 -1.8701
2 24 -12.4584 -20.9892 4.5575 -12.4582 -25.6596 4.8121
2 24 -12.2672 -30.9918 5.2595 -12.4582 -25.6596 4.8121
2 24 -12.2052 -31.103 -1.1399 -12.1189 -25.6301 -1.8701
2 24 -10.4501 -25.3221 -4.0311 -9.9334 -30.5845 -3.4325
2 24 -12.1189 -25.6301 -1.8701 -12.2052 -31.103 -1.1399
2 24 -12.1189 -25.6301 -1.8701 -12.1452 -21.2175 -1.6946
2 24 -10.4501 -25.3221 -4.0311 -10.1719 -20.5634 -3.3852
2 24 -10.1719 -20.5634 -3.3852 -10.2637 -16.2833 -3.3854
2 24 -12.1452 -21.2175 -1.6946 -12.1734 -16.4224 -1.5659
2 24 -10.2637 -16.2833 -3.3854 -10.2494 -11.1169 -4.9857
2 24 -12.1734 -16.4224 -1.5659 -12.2326 -10.9037 -3.0091
2 24 -10.2494 -11.1169 -4.9857 -10.7148 -7.9583 -7.2074
2 24 -12.2326 -10.9037 -3.0091 -12.569 -6.563 -5.8279
2 24 -10.7148 -7.9583 -7.2074 -10.8673 0.0062 -9.3426
2 24 -12.569 -6.563 -5.8279 -13.7225 0.0076 -7.3699
2 24 -10.8673 0.0062 -9.3426 -13.7225 0.0076 -7.3699
2 24 -2.221 0.0121 -9.9271 -2.219 -7.9037 -7.8472
2 24 -2.221 0.0121 -9.9271 -10.8673 0.0062 -9.3426
2 24 -10.8673 0.0062 -9.3426 -10.7148 -7.9583 -7.2074
2 24 -2.219 -7.9037 -7.8472 -2.2953 -10.1151 -5.8453
2 24 -10.7148 -7.9583 -7.2074 -10.2494 -11.1169 -4.9857
2 24 -2.2953 -10.1151 -5.8453 -2.2693 -15.0871 -3.9792
2 24 -10.2494 -11.1169 -4.9857 -10.2637 -16.2833 -3.3854
2 24 -2.2693 -15.0871 -3.9792 -2.2188 -20.0394 -3.4641
2 24 -10.2637 -16.2833 -3.3854 -10.1719 -20.5634 -3.3852
2 24 -2.2188 -20.0394 -3.4641 -2.2188 -25.1196 -4.3591
2 24 -10.1719 -20.5634 -3.3852 -10.4501 -25.3221 -4.0311
2 24 -10.4501 -25.3221 -4.0311 -9.9334 -30.5845 -3.4325
2 24 -2.2188 -25.1196 -4.3591 -2.2189 -30.2183 -3.8108
2 24 -12.2052 -31.103 -1.1399 -12.2 -35.9983 -2.7978
2 24 -9.9334 -30.5845 -3.4325 -9.5833 -36.0567 -5.2562
2 24 -12.2 -35.9983 -2.7978 -12.2095 -41.0194 -3.6047
2 24 -9.5833 -36.0567 -5.2562 -8.3051 -39.9106 -6.3291
2 24 -2.2189 -9.0425 5.8811 -2.222 -5.1707 5.5963
2 24 -2.2953 -10.1151 -5.8453 -2.219 -7.9037 -7.8472
2 24 -2.222 -5.1707 5.5963 -2.2169 -5.1733 -5.5981
2 24 -12.3344 -49.1266 42.6149 -11.9102 -51.3733 40.6403
2 24 -12.2467 -52.781 37.364 -11.9102 -51.3733 40.6403
2 24 12.2031 -36.3511 7.6643 12.2014 -30.4238 7.46
2 24 12.2031 -36.3511 7.6643 11.1641 -33.1695 8.9273
2 24 11.1641 -33.1695 8.9273 10.1143 -30.5813 8.9509
2 24 10.2515 -25.1282 8.9381 10.1143 -30.5813 8.9509
2 24 12.2013 -26.2294 7.439 12.2014 -30.4238 7.46
2 24 -10.907 -26.0328 55.2274 -10.4109 -27.8175 53.8331
2 24 -2.2188 -26.6144 55.2829 -2.2188 -27.9282 54.1307
2 24 -2.2188 -26.6144 55.2829 -2.2188 -24.4645 55.8511
2 24 -10.907 -26.0328 55.2274 -10.9128 -24.3021 55.5412
2 24 -2.2188 -24.4645 55.8511 -2.2189 -22.365 55.6689
2 24 -10.9128 -24.3021 55.5412 -10.744 -21.5969 55.2009
2 24 -2.2189 -22.365 55.6689 -2.2189 -18.6817 55.3767
2 24 -10.744 -21.5969 55.2009 -10.6907 -18.1547 55.1678
2 24 -2.2189 -18.6817 55.3767 -2.2189 -11.9054 57.0529
2 24 -10.6907 -18.1547 55.1678 -10.3522 -11.4669 56.813
2 24 -2.2189 -11.9054 57.0529 -2.2189 -8.7082 58.1375
2 24 -10.3522 -11.4669 56.813 -10.4509 -7.8087 58.0248
2 24 -6.1262 -3.7573 59.7041 -6.1285 0.0144 59.7823
2 24 -6.1285 0.0144 59.7823 -10.5164 0.0115 59.5804
2 24 -10.6038 -3.3207 59.537 -10.5164 0.0115 59.5804
2 24 -6.1267 -4.5568 59.5906 -6.1371 -5.1684 59.3431
2 24 -10.4509 -7.8087 58.0248 -10.6223 -4.1347 59.2166
2 24 -2.2187 -10.5768 46.9102 -2.219 -8.8414 46.6259
2 24 -2.2187 -10.5768 46.9102 -2.2184 -16.4904 45.9597
2 24 -2.2184 -16.4904 45.9597 -2.2189 -20.0494 44.324
2 24 -2.2189 -20.0494 44.324 -2.219 -22.524 42.7344
2 24 -2.219 -22.524 42.7344 -2.219 -26.0969 39.9251
2 24 2.9631 -44.1279 51.872 1.4489 -42.2324 52.9073
2 24 4.5322 -43.734 51.1467 3.8938 -41.2118 51.8028
2 24 4.2253 -42.2332 48.8674 3.7707 -39.7267 49.338
2 24 4.7288 -42.3784 49.7423 4.4732 -40.0929 50.2325
2 24 2.2042 -36.8451 56.0642 2.8307 -38.4309 53.9319
2 24 -0.5514 -37.9987 56.1841 -0.9207 -40.1091 54.8147
2 24 1.4489 -42.2324 52.9073 0.4037 -40.8041 53.9367
2 24 3.8938 -41.2118 51.8028 3.303 -39.5382 52.861
2 24 2.8307 -38.4309 53.9319 3.303 -39.5382 52.861
2 24 -0.9207 -40.1091 54.8147 0.4037 -40.8041 53.9367
2 24 -1.4176 -36.6142 57.3492 -0.5865 -36.0701 58.1237
2 24 -1.4179 -34.1546 56.4453 -0.8566 -34.9822 58.0288
2 24 -1.4179 -34.1546 56.4453 -0.5622 -33.946 57.0004
2 24 -0.5865 -36.0701 58.1237 -1.4176 -36.6142 57.3492
2 24 0.2711 -36.4425 58.2512 -0.5514 -37.9987 56.1841
2 24 -2.5308 -36.907 56.3892 -3.422 -37.8148 55.1022
2 24 -0.5514 -37.9987 56.1841 -0.9207 -40.1091 54.8147
2 24 -3.422 -37.8148 55.1022 -4.0442 -40.1026 53.5085
2 24 0.5797 -35.8525 58.7102 0.0163 -35.519 58.5976
2 24 0.2711 -36.4425 58.2512 0.5797 -35.8525 58.7102
2 24 -0.5865 -36.0701 58.1237 0.0163 -35.519 58.5976
2 24 -0.5865 -36.0701 58.1237 0.0163 -35.519 58.5976
2 24 -4.6568 -36.0018 48.3003 -4.237 -32.8535 49.6449
2 24 -9.9545 -35.8689 48.133 -10.0181 -31.0207 50.7407
2 24 -2.2614 -41.69 55.5389 -1.2172 -41.023 56.3712
2 24 -1.4674 -42.389 56.5337 -1.1949 -42.0331 56.796
2 24 -1.2172 -41.023 56.3712 -1.1949 -42.0331 56.796
2 24 -2.1379 -41.167 54.0848 -0.9207 -40.1091 54.8147
2 24 -2.2614 -41.69 55.5389 -1.2172 -41.023 56.3712
2 24 -0.9207 -40.1091 54.8147 -1.2172 -41.023 56.3712
2 24 -4.3866 -42.1821 52.423 -4.0442 -40.1026 53.5085
2 24 -2.721 -42.4816 53.5733 -2.1379 -41.167 54.0848
2 24 -0.9207 -40.1091 54.8147 -2.1379 -41.167 54.0848
2 24 -1.483 -42.948 56.0695 -1.4674 -42.389 56.5337
2 24 -1.4674 -42.389 56.5337 -1.1949 -42.0331 56.796
2 24 0.0724 -42.3001 56.1711 -1.1949 -42.0331 56.796
2 24 0.4037 -40.8041 53.9367 -0.9207 -40.1091 54.8147
2 24 -0.9207 -40.1091 54.8147 -1.2172 -41.023 56.3712
2 24 1.4489 -42.2324 52.9073 0.4037 -40.8041 53.9367
2 24 1.2845 -42.7125 54.9456 0.0724 -42.3001 56.1711
2 24 -1.2172 -41.023 56.3712 -1.1949 -42.0331 56.796
2 24 0.0724 -42.3001 56.1711 -1.1949 -42.0331 56.796
2 24 6.4736 -57.623 6.8976 8.6511 -56.3788 7.9323
2 24 5.4071 -62.5324 5.1771 6.4736 -57.623 6.8976
2 24 8.1965 -55.9432 11.1321 8.6511 -56.3788 7.9323
2 24 4.3829 -56.543 8.3382 6.4736 -57.623 6.8976
2 24 8.6511 -56.3788 7.9323 6.4736 -57.623 6.8976
2 24 8.6078 -55.8108 20.2926 8.1965 -55.9432 11.1321
2 24 12.203 -52.6794 20.6063 12.2007 -53.7375 11.5263
2 24 4.3829 -56.543 8.3382 0.0003 -56.436 9.0273
2 24 5.7274 -55.805 22.3724 4.3836 -55.805 24.3836
2 24 2.3742 -55.7985 25.7317 0 -55.805 26.1993
2 24 8.1965 -55.9432 11.1321 8.6078 -55.8108 20.2926
2 24 5.7273 -55.8051 17.6278 6.204 -55.7985 20
2 24 2.3722 -55.8051 14.2727 4.3834 -55.8052 15.6166
2 24 12.2021 -51.4765 0.1962 12.2004 -53.995 4.4593
2 24 8.6511 -56.3788 7.9323 8.1965 -55.9432 11.1321
2 24 12.2007 -53.7375 11.5263 12.1981 -54.0354 7.7492
2 24 -2.2189 -30.2183 -3.8108 -2.219 -33.1253 -4.5901
2 24 -9.9334 -30.5845 -3.4325 -9.5833 -36.0567 -5.2562
2 24 -9.5833 -36.0567 -5.2562 -8.3051 -39.9106 -6.3291
2 24 -2.219 -33.1253 -4.5901 -1.6831 -33.9571 -5.1148
2 24 -1.0819 -46.4267 53.7813 -0.6286 -48.7486 52.5982
2 24 -10.5712 -9.696 5.3876 -11.0488 -4.3406 4.7554
2 24 -6.5334 -5.1707 5.5873 -6.5719 0.015 5.1783
2 24 -11.0488 -4.3406 4.7554 -11.3105 0.0109 4.8588
2 24 -6.5719 0.015 5.1783 -11.3105 0.0109 4.8588
2 24 4.2872 -76.643 -4.898 3.5896 -78.2294 -6.195
2 24 4.9356 -78.4922 -9.0104 6.0175 -74.7706 -6.4031
2 24 -1.4176 -36.6142 57.3492 -2.5308 -36.907 56.3892
2 24 -6.0921 0.0181 -1.8291 -6.2981 0.0179 2.5151
2 24 -5.8034 -5.1678 -1.8877 -6.2122 -5.168 2.6151
2 24 -6.0921 0.0181 -1.8291 -5.0469 0.018 -3.7859
2 24 -5.8034 -5.1678 -1.8877 -4.9387 -5.1677 -3.5852
2 24 -4.9387 -5.1677 -3.5852 -2.2169 -5.1733 -5.5981
2 24 -2.2169 -5.1733 -5.5981 -2.217 0.0125 -5.7653
2 24 -5.0469 0.018 -3.7859 -2.217 0.0125 -5.7653
2 24 6.2335 0.014 -3.869 5.9421 0.0177 -1.7476
2 24 6.2335 0.014 -3.869 10.8014 0.0113 -3.7013
2 24 10.8014 0.0113 -3.7013 13.3066 0.0121 -2.0052
2 24 12.3312 -6.8601 -0.0624 12.2019 -11.5092 2.0488
2 24 12.1999 -4.533 8.5027 12.0704 -9.3969 8.017
2 24 -2.2189 -30.2183 -3.8108 -2.2188 -25.1196 -4.3591
2 24 -2.219 -23.1759 7.0934 -2.2191 -26.8116 7.4095
2 24 -3.5868 0.0177 54.5758 -2.218 0.0127 53.9585
2 24 -3.5867 -5.1881 54.5758 -2.2179 -5.193 53.9293
2 24 -2.218 0.0127 53.9585 -2.2179 -5.193 53.9293
2 24 -3.5868 0.0177 54.5758 -5.2678 0.0176 56.1858
2 24 -3.5867 -5.1881 54.5758 -5.2681 -5.1881 56.186
2 24 -5.2678 0.0176 56.1858 -6.0997 0.0176 57.8855
2 24 -5.2681 -5.1881 56.186 -6.1063 -5.1807 57.7035
2 24 -6.1262 -3.7573 59.7041 -6.1267 -4.5568 59.5906
2 24 -6.1063 -5.1807 57.7035 -6.1371 -5.1684 59.3431
2 24 -6.1267 -4.5568 59.5906 -6.1371 -5.1684 59.3431
2 24 -5.2681 -5.1881 56.186 -6.1063 -5.1807 57.7035
2 24 -6.1063 -5.1807 57.7035 -6.1371 -5.1684 59.3431
2 24 -2.2199 -5.1948 59.4009 -6.1371 -5.1684 59.3431
2 24 -2.2179 -5.193 53.9293 -3.5867 -5.1881 54.5758
2 24 -2.2199 -5.1948 59.4009 -2.2179 -5.193 53.9293
2 24 -5.2681 -5.1881 56.186 -3.5867 -5.1881 54.5758
2 24 -2.2187 -10.5768 46.9102 -2.219 -8.8414 46.6259
2 24 -2.2189 -11.9054 57.0529 -2.2189 -8.7082 58.1375
2 24 5.0194 0.0177 36.232 5.9114 0.0177 37.9371
2 24 10.2858 0.0104 29.9739 13.8115 0.0111 32.4445
2 24 6.0585 0.0179 41.9675 6.1024 0.0178 40.0005
2 24 10.2729 0.0122 44.3371 13.2011 0.0119 42.3091
2 24 5.9114 0.0177 37.9371 6.1024 0.0178 40.0005
2 24 13.8115 0.0111 32.4445 13.2011 0.0119 42.3091
2 24 5.9421 0.0177 -1.7476 5.9424 0.0177 1.8879
2 24 13.3066 0.0121 -2.0052 13.781 0.01 7.988
2 24 5.9424 0.0177 1.8879 4.9372 0.0177 3.5864
2 24 13.781 0.01 7.988 12.2867 0.017 9.0406
2 24 2.5562 0.0128 5.3995 2.5601 0.0144 10.0089
2 24 2.5562 0.0128 5.3995 3.5837 0.0112 4.9334
2 24 2.5601 0.0144 10.0089 10.4008 0.0113 9.6653
2 24 4.9372 0.0177 3.5864 3.5837 0.0112 4.9334
2 24 12.2867 0.017 9.0406 10.4008 0.0113 9.6653
2 24 -10.8673 0.0062 -9.3426 -2.221 0.0121 -9.9271
2 24 -5.0469 0.018 -3.7859 -2.217 0.0125 -5.7653
2 24 -2.221 0.0121 -9.9271 -2.217 0.0125 -5.7653
2 24 -10.8673 0.0062 -9.3426 -13.7225 0.0076 -7.3699
2 24 -5.0469 0.018 -3.7859 -6.0921 0.0181 -1.8291
2 24 -13.7895 0.0118 47.1449 -13.765 0.0114 57.2034
2 24 -5.2678 0.0176 56.1858 -6.0997 0.0176 57.8855
2 24 -5.2678 0.0176 56.1858 -3.5868 0.0177 54.5758
2 24 -13.7895 0.0118 47.1449 -11.0761 0.0175 45.3815
2 24 -2.2187 -10.5768 46.9102 -2.2184 -16.4904 45.9597
2 24 -2.2189 -11.9054 57.0529 -2.2189 -18.6817 55.3767
2 24 -2.2184 -16.4904 45.9597 -2.2189 -20.0494 44.324
2 24 -2.2189 -18.6817 55.3767 -2.2189 -22.365 55.6689
2 24 -2.2189 -20.0494 44.324 -2.219 -22.524 42.7344
2 24 -2.2189 -22.365 55.6689 -2.2188 -24.4645 55.8511
2 24 2.5571 -10.6688 34.3915 2.5571 -15.2473 36.0199
2 24 2.5568 -9.2963 44.5993 2.5568 -13.6553 45.2214
2 24 2.557 -26.6816 49.2776 2.557 -24.5068 49.9635
2 24 2.5569 -21.167 48.3993 2.557 -24.5068 49.9635
2 24 2.5572 -23.4657 36.8586 2.5572 -26.8258 35.873
2 24 2.557 -26.6816 49.2776 2.656 -29.9417 47.8541
2 24 -2.2953 -10.1151 -5.8453 -2.2693 -15.0871 -3.9792
2 24 -2.2189 -9.0425 5.8811 -2.219 -13.759 6.2281
2 24 -2.219 -13.759 6.2281 -2.2189 -18.5329 6.5793
2 24 -2.2693 -15.0871 -3.9792 -2.2188 -20.0394 -3.4641
2 24 -2.219 -23.1759 7.0934 -2.2189 -18.5329 6.5793
2 24 -2.2188 -25.1196 -4.3591 -2.2188 -20.0394 -3.4641
2 24 2.5571 -26.5999 -1.8722 2.557 -23.6313 -1.8171
2 24 2.557 -23.6313 -1.8171 2.5569 -20.0345 -0.5792
2 24 2.5571 -15.5211 9.5244 2.5571 -23.6605 9.2685
2 24 2.5568 -15.7951 0.1198 2.5569 -20.0345 -0.5792
2 24 -9.2215 -55.8104 30.1486 -8.6977 -55.7108 19.3625
2 24 -5.7318 -55.7984 22.374 -6.1997 -55.8046 20
2 24 -5.7318 -55.7984 22.374 -4.3836 -55.8049 24.3836
2 24 -4.3836 -55.8049 24.3836 -2.3724 -55.8049 25.7274
2 24 0 -55.805 26.1993 -2.3724 -55.8049 25.7274
2 24 -8.6977 -55.7108 19.3625 -8.681 -55.8111 12.6191
2 24 -5.7276 -55.8048 17.6278 -4.3836 -55.8049 15.6164
2 24 -4.3836 -55.8049 15.6164 -2.3724 -55.8049 14.2726
2 24 -8.3051 -39.9106 -6.3291 -4.9554 -44.5492 -7.7522
2 24 -4.9554 -44.5492 -7.7522 -4.2302 -49.1537 -9.6339
2 24 3.88 -5.1769 34.9769 2.5556 -5.1821 34.2218
2 24 2.56 -5.1803 44.731 2.5556 -5.1821 34.2218
2 24 -2.218 0.0127 53.9585 -2.2174 0.0123 45.8299
2 24 -3.5868 0.0177 54.5758 -2.218 0.0127 53.9585
2 24 -2.2174 0.0123 45.8299 -4.1253 0.0116 44.7735
2 24 -6.0997 0.0176 57.8855 -6.1285 0.0144 59.7823
2 24 -6.1285 0.0144 59.7823 -10.5164 0.0115 59.5804
2 24 -13.765 0.0114 57.2034 -10.5164 0.0115 59.5804
2 24 5.0194 0.0177 36.232 3.8801 0.0177 34.9769
2 24 2.5628 -6.2444 30.277 2.557 -7.9935 32.3411
2 24 2.5675 -5.132 -4.0071 2.5559 -5.1341 5.4677
2 24 3.5834 -5.1355 4.9336 2.5559 -5.1341 5.4677
2 24 3.5834 -5.1355 4.9336 4.9372 -5.1289 3.5864
2 24 4.9372 -5.1289 3.5864 5.9424 -5.1289 1.8879
2 24 5.9424 -5.1289 1.8879 5.9421 -5.1289 -1.7301
2 24 10.6872 -5.596 -3.706 10.8014 0.0113 -3.7013
2 24 6.2335 -5.1326 -3.869 6.2335 0.014 -3.869
2 24 10.8014 0.0113 -3.7013 6.2335 0.014 -3.869
2 24 -2.219 -26.0969 39.9251 -2.2189 -30.8663 35.769
2 24 -3.7009 -55.9231 21.533 -4.0011 -55.9166 20
2 24 0.0001 -55.9231 24.0058 1.533 -55.9231 23.7009
2 24 -2.8292 -55.9166 17.1708 -3.7009 -55.9231 18.4671
2 24 2.8325 -55.9231 17.1675 1.5312 -55.9166 16.3035
2 24 0 -55.9231 15.9942 -1.533 -55.9231 16.2991
2 24 -4.0011 -55.9166 20 -3.7009 -55.9231 18.4671
2 24 -2.8292 -55.9166 17.1708 -1.533 -55.9231 16.2991
2 24 -2.8325 -55.9231 22.8325 -1.531 -55.9166 23.6966
2 24 -3.7009 -55.9231 21.533 -2.8325 -55.9231 22.8325
2 24 0.0001 -55.9231 24.0058 -1.531 -55.9166 23.6966
2 24 2.8292 -55.9167 22.8292 3.7009 -55.9231 21.5331
2 24 1.533 -55.9231 23.7009 2.8292 -55.9167 22.8292
2 24 3.7009 -55.9231 21.5331 4.0058 -55.9231 20.0001
2 24 4.0058 -55.9231 20.0001 3.7009 -55.9231 18.467
2 24 1.5312 -55.9166 16.3035 0 -55.9231 15.9942
2 24 2.8325 -55.9231 17.1675 3.7009 -55.9231 18.467
2 24 4.0349 -60.3134 20 3.7278 -60.3134 21.5441
2 24 4.0058 -55.9231 20.0001 3.7009 -55.9231 21.5331
2 24 3.7278 -60.3134 21.5441 2.8498 -60.3069 22.8498
2 24 3.7009 -55.9231 21.5331 2.8292 -55.9167 22.8292
2 24 2.8498 -60.3069 22.8498 1.5441 -60.3134 23.7278
2 24 2.8292 -55.9167 22.8292 1.533 -55.9231 23.7009
2 24 1.5441 -60.3134 23.7278 0 -60.3134 24.0349
2 24 1.533 -55.9231 23.7009 0.0001 -55.9231 24.0058
2 24 0 -60.3134 24.0349 -1.5423 -60.3069 23.7234
2 24 0.0001 -55.9231 24.0058 -1.531 -55.9166 23.6966
2 24 -1.5423 -60.3069 23.7234 -2.8531 -60.3134 22.8531
2 24 -1.531 -55.9166 23.6966 -2.8325 -55.9231 22.8325
2 24 -2.8531 -60.3134 22.8531 -3.7278 -60.3134 21.5441
2 24 -2.8325 -55.9231 22.8325 -3.7009 -55.9231 21.533
2 24 -3.7278 -60.3134 21.5441 -4.0302 -60.3069 20
2 24 -3.7009 -55.9231 21.533 -4.0011 -55.9166 20
2 24 -4.0302 -60.3069 20 -3.7278 -60.3134 18.4559
2 24 -4.0011 -55.9166 20 -3.7009 -55.9231 18.4671
2 24 -3.7278 -60.3134 18.4559 -2.8498 -60.3069 17.1502
2 24 -3.7009 -55.9231 18.4671 -2.8292 -55.9166 17.1708
2 24 -2.8498 -60.3069 17.1502 -1.5441 -60.3134 16.2723
2 24 -2.8292 -55.9166 17.1708 -1.533 -55.9231 16.2991
2 24 -1.5441 -60.3134 16.2723 0 -60.3134 15.9651
2 24 -1.533 -55.9231 16.2991 0 -55.9231 15.9942
2 24 0 -60.3134 15.9651 1.5423 -60.3069 16.2766
2 24 0 -55.9231 15.9942 1.5312 -55.9166 16.3035
2 24 1.5423 -60.3069 16.2766 2.8531 -60.3134 17.1469
2 24 1.5312 -55.9166 16.3035 2.8325 -55.9231 17.1675
2 24 2.8531 -60.3134 17.1469 3.7278 -60.3134 18.4559
2 24 2.8325 -55.9231 17.1675 3.7009 -55.9231 18.467
2 24 4.0349 -60.3134 20 3.7278 -60.3134 18.4559
2 24 4.0058 -55.9231 20.0001 3.7009 -55.9231 18.467
2 24 5.7238 -60.3133 22.3709 6.2001 -60.3068 20
2 24 5.7274 -55.805 22.3724 6.204 -55.7985 20
2 24 6.2001 -60.3068 20 5.7238 -60.3133 22.3709
2 24 4.0349 -60.3134 20 3.7278 -60.3134 21.5441
2 24 5.7238 -60.3133 22.3709 4.3808 -60.3133 24.3808
2 24 3.7278 -60.3134 21.5441 2.8498 -60.3069 22.8498
2 24 5.7238 -60.3133 22.3709 4.3808 -60.3133 24.3808
2 24 5.7274 -55.805 22.3724 4.3836 -55.805 24.3836
2 24 4.3808 -60.3133 24.3808 2.3727 -60.3068 25.7281
2 24 2.8498 -60.3069 22.8498 1.5441 -60.3134 23.7278
2 24 4.3808 -60.3133 24.3808 2.3727 -60.3068 25.7281
2 24 4.3836 -55.805 24.3836 2.3742 -55.7985 25.7317
2 24 2.3727 -60.3068 25.7281 0 -60.3133 26.1954
2 24 1.5441 -60.3134 23.7278 0 -60.3134 24.0349
2 24 2.3727 -60.3068 25.7281 0 -60.3133 26.1954
2 24 2.3742 -55.7985 25.7317 0 -55.805 26.1993
2 24 0 -60.3133 26.1954 -2.3709 -60.3133 25.7238
2 24 0 -60.3134 24.0349 -1.5423 -60.3069 23.7234
2 24 0 -60.3133 26.1954 -2.3709 -60.3133 25.7238
2 24 0 -55.805 26.1993 -2.3724 -55.8049 25.7274
2 24 -2.3709 -60.3133 25.7238 -4.3808 -60.3133 24.3808
2 24 -1.5423 -60.3069 23.7234 -2.8531 -60.3134 22.8531
2 24 -2.3709 -60.3133 25.7238 -4.3808 -60.3133 24.3808
2 24 -2.3724 -55.8049 25.7274 -4.3836 -55.8049 24.3836
2 24 -4.3808 -60.3133 24.3808 -5.7281 -60.3068 22.3727
2 24 -2.8531 -60.3134 22.8531 -3.7278 -60.3134 21.5441
2 24 -4.3808 -60.3133 24.3808 -5.7281 -60.3068 22.3727
2 24 -4.3836 -55.8049 24.3836 -5.7318 -55.7984 22.374
2 24 -5.7281 -60.3068 22.3727 -6.1954 -60.3133 20
2 24 -3.7278 -60.3134 21.5441 -4.0302 -60.3069 20
2 24 -5.7281 -60.3068 22.3727 -6.1954 -60.3133 20
2 24 -5.7318 -55.7984 22.374 -6.1997 -55.8046 20
2 24 -6.1954 -60.3133 20 -5.7238 -60.3133 17.6291
2 24 -4.0302 -60.3069 20 -3.7278 -60.3134 18.4559
2 24 -6.1954 -60.3133 20 -5.7238 -60.3133 17.6291
2 24 -6.1997 -55.8046 20 -5.7276 -55.8048 17.6278
2 24 -5.7238 -60.3133 17.6291 -4.3808 -60.3133 15.6192
2 24 -3.7278 -60.3134 18.4559 -2.8498 -60.3069 17.1502
2 24 -5.7238 -60.3133 17.6291 -4.3808 -60.3133 15.6192
2 24 -5.7276 -55.8048 17.6278 -4.3836 -55.8049 15.6164
2 24 -4.3808 -60.3133 15.6192 -2.3709 -60.3133 14.2762
2 24 -2.8498 -60.3069 17.1502 -1.5441 -60.3134 16.2723
2 24 -4.3808 -60.3133 15.6192 -2.3709 -60.3133 14.2762
2 24 -4.3836 -55.8049 15.6164 -2.3724 -55.8049 14.2726
2 24 -2.3709 -60.3133 14.2762 0 -60.3068 13.8
2 24 -1.5441 -60.3134 16.2723 0 -60.3134 15.9651
2 24 -2.3709 -60.3133 14.2762 0 -60.3068 13.8
2 24 -2.3724 -55.8049 14.2726 0 -55.7985 13.796
2 24 0 -60.3068 13.8 2.3709 -60.3133 14.2762
2 24 0 -60.3134 15.9651 1.5423 -60.3069 16.2766
2 24 0 -60.3068 13.8 2.3709 -60.3133 14.2762
2 24 0 -55.7985 13.796 2.3722 -55.8051 14.2727
2 24 2.3709 -60.3133 14.2762 4.3808 -60.3133 15.6192
2 24 1.5423 -60.3069 16.2766 2.8531 -60.3134 17.1469
2 24 2.3709 -60.3133 14.2762 4.3808 -60.3133 15.6192
2 24 2.3722 -55.8051 14.2727 4.3834 -55.8052 15.6166
2 24 4.3808 -60.3133 15.6192 5.7238 -60.3133 17.6291
2 24 2.8531 -60.3134 17.1469 3.7278 -60.3134 18.4559
2 24 4.3808 -60.3133 15.6192 5.7238 -60.3133 17.6291
2 24 4.3834 -55.8052 15.6166 5.7273 -55.8051 17.6278
2 24 6.2001 -60.3068 20 5.7238 -60.3133 17.6291
2 24 4.0349 -60.3134 20 3.7278 -60.3134 18.4559
2 24 6.2001 -60.3068 20 5.7238 -60.3133 17.6291
2 24 6.204 -55.7985 20 5.7273 -55.8051 17.6278
2 24 -10.6038 -3.3207 59.537 -10.6223 -4.1347 59.2166
2 24 -6.1262 -3.7573 59.7041 -6.1267 -4.5568 59.5906
2 24 4.4624 -45.032 48.5051 4.6114 -47.1845 48.0696
2 24 4.6114 -47.1845 48.0696 4.4624 -45.032 48.5051
2 24 4.6124 -45.4598 47.8371 4.7807 -47.2692 47.2842
2 24 4.7807 -47.2692 47.2842 4.8941 -48.6499 46.5829
2 24 -5.9362 -31.1787 21.073 -5.8842 -32.7289 27.8495
2 24 -8.4728 -31.5812 20.6591 -8.9099 -33.2712 28.2551
2 24 -5.9362 -31.1787 21.073 -5.8845 -30.5061 12.9472
2 24 -8.4728 -31.5812 20.6591 -8.2898 -30.978 13.6295
2 24 -5.8826 -45.7366 12.5422 -5.8167 -45.4737 19.1787
2 24 -5.8845 -30.5061 12.9472 -5.9362 -31.1787 21.073
2 24 -5.9362 -31.1787 21.073 -5.8842 -32.7289 27.8495
2 24 -5.8167 -45.4737 19.1787 -5.8826 -45.7365 27.8202
2 24 -4.8056 -45.7361 30.9366 -3.3993 -45.7361 31.6972
2 24 -4.9091 -33.3249 31.4525 -3.544 -33.2487 32.1779
2 24 -5.8826 -45.7365 27.8202 -5.6366 -45.7362 29.5099
2 24 -5.8842 -32.7289 27.8495 -5.852 -33.0172 29.9181
2 24 -3.3993 -45.7361 31.6972 -2.1016 -45.7362 32.2483
2 24 -2.1016 -45.7362 32.2483 -2.3492 -33.4324 32.5006
2 24 -3.544 -33.2487 32.1779 -2.3492 -33.4324 32.5006
2 24 -2.1016 -45.7362 32.2483 -2.2185 -45.7364 33.9495
2 24 -2.3492 -33.4324 32.5006 -2.2246 -33.3617 33.6612
2 24 -10.7137 -26.1928 40.4162 -10.5545 -30.3914 36.6327
2 24 -10.7137 -26.1928 40.4162 -10.5758 -21.9701 43.7699
2 24 -10.5758 -21.9701 43.7699 -10.6536 -19.1145 45.1063
2 24 -10.6536 -19.1145 45.1063 -10.6676 -16.4012 45.9541
2 24 -10.6676 -16.4012 45.9541 -11.0015 -10.6777 47.4587
2 24 -11.0015 -10.6777 47.4587 -11.3116 -8.9516 47.3135
2 24 -11.3116 -8.9516 47.3135 -11.2096 -7.0075 46.2968
2 24 -11.0109 -4.9614 45.4566 -11.2096 -7.0075 46.2968
2 24 -11.0761 0.0175 45.3815 -8.5362 0.0176 45.198
2 24 -10.4204 -36.0941 31.9617 -10.6549 -33.1005 34.5203
2 24 -10.4204 -36.0941 31.9617 -8.0834 -33.9602 33.4858
2 24 -10.5545 -30.3914 36.6327 -10.6549 -33.1005 34.5203
2 24 -12.2838 -31.4469 37.4703 -12.3494 -34.4797 35.4999
2 24 -10.5545 -30.3914 36.6327 -10.6549 -33.1005 34.5203
2 24 -12.2181 -39.9431 45.5264 -12.1981 -43.9006 45.3869
2 24 -5.1426 -33.6322 33.5452 -2.2246 -33.3617 33.6612
2 24 -2.2246 -33.3617 33.6612 -2.3492 -33.4324 32.5006
2 24 -3.544 -33.2487 32.1779 -2.3492 -33.4324 32.5006
2 24 -2.3254 -4.1269 45.7548 -2.2209 -5.2282 44.8098
2 24 -3.9657 -4.298 44.7799 -2.3254 -4.1269 45.7548
2 24 -3.9657 -4.298 44.7799 -2.2209 -5.2282 44.8098
2 24 -2.2179 -5.193 53.9293 -2.218 0.0127 53.9585
2 24 -2.3254 -4.1269 45.7548 -2.2174 0.0123 45.8299
2 24 -2.218 0.0127 53.9585 -2.2174 0.0123 45.8299
2 24 -2.2174 0.0123 45.8299 -2.3254 -4.1269 45.7548
2 24 -2.2174 0.0123 45.8299 -4.1253 0.0116 44.7735
2 24 -2.3254 -4.1269 45.7548 -3.9657 -4.298 44.7799
2 24 -4.1253 0.0116 44.7735 -3.9657 -4.298 44.7799
2 24 -4.1253 0.0116 44.7735 -3.9657 -4.298 44.7799
2 24 -8.5362 0.0176 45.198 -4.1253 0.0116 44.7735
2 24 -2.219 -7.0898 45.6916 -2.2209 -5.2282 44.8098
2 24 -3.9657 -4.298 44.7799 -2.2209 -5.2282 44.8098
2 24 -2.219 -8.8414 46.6259 -2.219 -7.0898 45.6916
2 24 -8.9099 -33.2712 28.2551 -8.0834 -33.9602 33.4858
2 24 -5.852 -33.0172 29.9181 -4.9091 -33.3249 31.4525
2 24 -4.8056 -45.7361 30.9366 -5.6366 -45.7362 29.5099
2 24 -4.9091 -33.3249 31.4525 -5.852 -33.0172 29.9181
2 24 -12.1981 -43.9006 45.3869 -12.2989 -46.5816 44.4357
2 24 -2.2246 -33.3617 33.6612 -5.1426 -33.6322 33.5452
2 24 -2.2189 -30.8663 35.769 -2.2246 -33.3617 33.6612
2 24 2.5567 -45.7364 28.2256 2.7321 -45.7364 26.9521
2 24 2.5571 -32.5044 27.9287 2.7968 -32.1454 27.1
2 24 3.5353 -45.7363 26.3131 4.7694 -45.7363 25.8103
2 24 3.309 -32.0444 26.5542 4.9589 -31.9781 25.8718
2 24 4.7694 -45.7363 25.8103 5.8152 -45.7363 24.8187
2 24 4.9589 -31.9781 25.8718 6.0668 -31.8865 25.0172
2 24 5.8152 -45.7363 24.8187 6.0668 -31.8865 25.0172
2 24 5.8152 -45.7363 24.8187 6.0732 -45.8517 20.8057
2 24 6.0668 -31.8865 25.0172 6.3189 -31.2469 21.4729
2 24 2.7321 -45.7364 26.9521 3.5353 -45.7363 26.3131
2 24 2.7968 -32.1454 27.1 3.309 -32.0444 26.5542
2 24 2.9504 -29.9014 13.11 2.6258 -29.9052 12.4959
2 24 2.9504 -29.9014 13.11 2.6081 -45.7418 12.9035
2 24 2.6081 -45.7418 12.9035 2.5567 -45.7364 12.1859
2 24 6.1954 -45.7363 16.559 5.7293 -45.7363 15.3719
2 24 6.3612 -30.5604 16.429 5.8837 -30.4501 14.9943
2 24 5.7293 -45.7363 15.3719 4.7548 -45.7363 14.321
2 24 5.8837 -30.4501 14.9943 4.8908 -30.1424 14.0681
2 24 4.7548 -45.7363 14.321 2.6081 -45.7418 12.9035
2 24 4.8908 -30.1424 14.0681 2.9504 -29.9014 13.11
2 24 2.6081 -45.7418 12.9035 2.9504 -29.9014 13.11
2 24 6.0732 -45.8517 20.8057 6.1954 -45.7363 16.559
2 24 6.3189 -31.2469 21.4729 6.3612 -30.5604 16.429
2 24 -5.8826 -45.7366 12.5422 -4.9166 -45.7364 10.9978
2 24 -4.9166 -45.7364 10.9978 -5.4294 -30.1906 11.0255
2 24 -5.8845 -30.5061 12.9472 -5.4294 -30.1906 11.0255
2 24 -4.9166 -45.7364 10.9978 -3.8214 -45.7362 10.4653
2 24 -5.4294 -30.1906 11.0255 -4.0174 -30.0222 10.0219
2 24 -2.6164 -45.7362 9.6258 -2.2186 -45.7364 8.3906
2 24 -2.6164 -45.7362 9.6258 -2.843 -29.7092 9.533
2 24 -2.843 -29.7092 9.533 -2.221 -29.6758 8.8115
2 24 -3.8214 -45.7362 10.4653 -2.6164 -45.7362 9.6258
2 24 -4.0174 -30.0222 10.0219 -2.843 -29.7092 9.533
2 24 -2.2216 -45.7397 4.3638 -2.2189 -38.0379 4.3674
2 24 -2.2186 -45.7364 8.3906 -2.2216 -45.7397 4.3638
2 24 -2.221 -29.6758 8.8115 -2.2258 -29.4664 7.7697
2 24 -2.219 -23.1759 7.0934 -2.2191 -26.8116 7.4095
2 24 -9.9933 -25.4433 6.8159 -9.1266 -28.947 7.2102
2 24 10.1143 -30.5813 8.9509 9.3648 -30.383 13.2683
2 24 5.8837 -30.4501 14.9943 6.3612 -30.5604 16.429
2 24 2.5571 -23.6605 9.2685 2.5626 -29.4899 9.3959
2 24 2.5626 -29.4899 9.3959 10.1143 -30.5813 8.9509
2 24 10.2515 -25.1282 8.9381 10.1143 -30.5813 8.9509
2 24 2.5567 -45.7364 12.1859 2.56 -45.7396 4.3051
2 24 2.56 -45.7396 4.3051 2.5613 -38.0934 4.3084
2 24 2.6258 -29.9052 12.4959 2.5626 -29.4899 9.3959
2 24 2.56 -45.7396 4.3051 2.5613 -38.0934 4.3084
2 24 2.56 -45.7396 4.3051 -0.1057 -45.7364 4.3395
2 24 2.5613 -38.0934 4.3084 0.0063 -38.0562 4.343
2 24 2.5613 -38.0934 4.3084 1.9013 -34.2217 -4.7495
2 24 2.5613 -38.0934 4.3084 0.0063 -38.0562 4.343
2 24 1.9013 -34.2217 -4.7495 0.1709 -34.7494 -5.4145
2 24 0.0063 -38.0562 4.343 0.1709 -34.7494 -5.4145
2 24 2.5571 -32.5044 27.9287 2.5631 -33.2429 31.8586
2 24 2.5567 -45.7364 28.2256 2.5566 -45.7364 33.0379
2 24 -4.374 -49.2697 45.9492 -4.5252 -47.149 47.2702
2 24 -3.9002 -49.7494 47.2877 -3.8224 -47.3548 48.6278
2 24 -4.5252 -47.149 47.2702 -4.5251 -45.3704 48.1731
2 24 -3.8224 -47.3548 48.6278 -3.8948 -45.6933 49.114
2 24 -3.8948 -45.6933 49.114 -4.0464 -43.5814 49.6964
2 24 -4.5251 -45.3704 48.1731 -4.7759 -43.1123 48.7426
2 24 -4.8057 -45.3631 47.7351 -4.9104 -43.0135 48.0943
2 24 -4.5251 -45.3704 48.1731 -4.7759 -43.1123 48.7426
2 24 -9.1602 -51.0068 43.8546 -9.4406 -48.1071 46.2151
2 24 -4.374 -49.2697 45.9492 -4.5252 -47.149 47.2702
2 24 -4.5252 -47.149 47.2702 -4.8057 -45.3631 47.7351
2 24 -9.4406 -48.1071 46.2151 -9.8386 -44.3072 47.568
2 24 -4.5251 -45.3704 48.1731 -4.5252 -47.149 47.2702
2 24 -4.8057 -45.3631 47.7351 -4.5252 -47.149 47.2702
2 24 -4.7759 -43.1123 48.7426 -4.8552 -40.3202 49.4247
2 24 -4.9104 -43.0135 48.0943 -4.9519 -40.0506 48.1235
2 24 -4.8552 -40.3202 49.4247 -4.6892 -38.2769 50.0779
2 24 -4.9519 -40.0506 48.1235 -4.9476 -37.9185 48.1273
2 24 -4.0464 -43.5814 49.6964 -4.1749 -41.0928 50.493
2 24 -4.7759 -43.1123 48.7426 -4.8552 -40.3202 49.4247
2 24 -4.1749 -41.0928 50.493 -4.0407 -39.0765 51.6275
2 24 -4.2822 -36.7392 51.0436 -4.6892 -38.2769 50.0779
2 24 -4.4363 -39.3487 50.4357 -4.2822 -36.7392 51.0436
2 24 -4.8552 -40.3202 49.4247 -4.6892 -38.2769 50.0779
2 24 -4.4363 -39.3487 50.4357 -4.2149 -36.945 51.858
2 24 -4.4363 -39.3487 50.4357 -4.2822 -36.7392 51.0436
2 24 -4.2822 -36.7392 51.0436 -3.6645 -33.6853 52.3872
2 24 -4.2149 -36.945 51.858 -3.8631 -34.5715 53.7487
2 24 9.2374 -38.2843 46.5761 9.7323 -34.8614 46.2623
2 24 4.0836 -38.9963 46.5226 3.9326 -35.6186 46.5497
2 24 4.0836 -38.9963 46.5226 4.0479 -35.6492 47.3281
2 24 4.033 -38.1728 48.8606 3.9973 -35.67 49.4029
2 24 3.367 -37.9115 49.7378 3.1663 -35.4326 50.5091
2 24 3.2542 -36.0613 51.2319 3.367 -37.9115 49.7378
2 24 3.1663 -35.4326 50.5091 3.2707 -33.0317 51.7956
2 24 3.2542 -36.0613 51.2319 3.1785 -34.4944 53.1977
2 24 3.1785 -34.4944 53.1977 2.8282 -33.7289 55.6623
2 24 2.5459 -31.1988 58.2206 2.104 -33.6447 57.0144
2 24 2.8282 -33.7289 55.6623 2.104 -33.6447 57.0144
2 24 2.6305 -29.9548 56.4678 2.4109 -30.3623 58.054
2 24 2.5459 -31.1988 58.2206 2.4109 -30.3623 58.054
2 24 2.6305 -29.9548 56.4678 3.0722 -30.5815 54.0624
2 24 3.2707 -33.0317 51.7956 3.0722 -30.5815 54.0624
2 24 4.1335 -31.8214 51.2711 3.3396 -30.2354 52.5758
2 24 3.3396 -30.2354 52.5758 3.0722 -30.5815 54.0624
2 24 3.2707 -33.0317 51.7956 3.0722 -30.5815 54.0624
2 24 3.2707 -33.0317 51.7956 3.1663 -35.4326 50.5091
2 24 4.1335 -31.8214 51.2711 3.9973 -35.67 49.4029
2 24 3.1663 -35.4326 50.5091 3.367 -37.9115 49.7378
2 24 3.9973 -35.67 49.4029 4.033 -38.1728 48.8606
2 24 3.9973 -35.67 49.4029 4.1335 -31.8214 51.2711
2 24 4.0479 -35.6492 47.3281 4.1855 -31.9664 49.4137
2 24 3.9326 -35.6186 46.5497 3.3476 -32.428 47.003
2 24 4.1855 -31.9664 49.4137 4.0479 -35.6492 47.3281
2 24 3.9326 -35.6186 46.5497 4.0836 -38.9963 46.5226
2 24 4.0479 -35.6492 47.3281 4.0836 -38.9963 46.5226
2 24 3.367 -37.9115 49.7378 3.7707 -39.7267 49.338
2 24 4.033 -38.1728 48.8606 4.0768 -39.9026 48.6216
2 24 3.7707 -39.7267 49.338 4.2253 -42.2332 48.8674
2 24 4.4624 -45.032 48.5051 4.2253 -42.2332 48.8674
2 24 4.6124 -45.4598 47.8371 4.324 -41.3822 47.474
2 24 4.033 -38.1728 48.8606 4.0768 -39.9026 48.6216
2 24 4.0836 -38.9963 46.5226 4.324 -41.3822 47.474
2 24 -2.8658 -31.4819 56.6942 -3.8631 -34.5715 53.7487
2 24 -1.4179 -34.1546 56.4453 -2.6211 -34.8909 55.3444
2 24 0.1986 -30.9326 46.6298 -2.2235 -31.7129 46.2985
2 24 -2.2235 -31.7129 46.2985 -1.9234 -37.9698 45.3472
2 24 2.3295 -36.947 45.6395 2.5617 -31.5447 46.3021
2 24 0.1986 -30.9326 46.6298 2.5617 -31.5447 46.3021
2 24 -2.2235 -31.7129 46.2985 -2.2189 -30.0848 47.563
2 24 -2.2235 -31.7129 46.2985 0.1986 -30.9326 46.6298
2 24 3.3396 -30.2354 52.5758 3.0722 -30.5815 54.0624
2 24 3.0722 -30.5815 54.0624 -0.0103 -30.1977 54.3707
2 24 3.0722 -30.5815 54.0624 -0.0103 -30.1977 54.3707
2 24 3.0722 -30.5815 54.0624 2.6305 -29.9548 56.4678
2 24 2.6305 -29.9548 56.4678 2.4109 -30.3623 58.054
2 24 2.4109 -30.3623 58.054 2.5459 -31.1988 58.2206
2 24 2.5459 -31.1988 58.2206 2.104 -33.6447 57.0144
2 24 2.104 -33.6447 57.0144 1.286 -33.5919 57.3564
2 24 1.286 -33.5919 57.3564 0.4737 -33.6903 57.371
2 24 0.0163 -35.519 58.5976 0.5797 -35.8525 58.7102
2 24 0.9108 -35.5023 58.7118 0.5797 -35.8525 58.7102
2 24 0.2711 -36.4425 58.2512 0.5797 -35.8525 58.7102
2 24 0.5797 -35.8525 58.7102 0.9108 -35.5023 58.7118
2 24 1.443 -35.939 57.8334 0.9108 -35.5023 58.7118
2 24 1.443 -35.939 57.8334 0.9108 -35.5023 58.7118
2 24 0.9108 -35.5023 58.7118 1.1235 -34.7299 58.4545
2 24 2.104 -33.6447 57.0144 1.286 -33.5919 57.3564
2 24 1.286 -33.5919 57.3564 0.4737 -33.6903 57.371
2 24 -0.5622 -33.946 57.0004 0.4737 -33.6903 57.371
2 24 -1.9228 -30.1807 57.4505 -1.958 -30.8649 57.6995
2 24 0.4737 -33.6903 57.371 -0.5622 -33.946 57.0004
2 24 -1.4179 -34.1546 56.4453 -0.5622 -33.946 57.0004
2 24 -2.8658 -31.4819 56.6942 -1.958 -30.8649 57.6995
2 24 -1.9228 -30.1807 57.4505 -2.3065 -30.0867 56.3186
2 24 -2.3065 -30.0867 56.3186 -2.1278 -30.3904 54.5763
2 24 -2.1278 -30.3904 54.5763 -2.9412 -31.2334 53.7206
2 24 -3.6645 -33.6853 52.3872 -2.9412 -31.2334 53.7206
2 24 -3.8631 -34.5715 53.7487 -2.8658 -31.4819 56.6942
2 24 -4.9476 -37.9185 48.1273 -4.7879 -35.9388 49.0401
2 24 -4.6892 -38.2769 50.0779 -4.2822 -36.7392 51.0436
2 24 -4.7879 -35.9388 49.0401 -4.3857 -32.9356 50.6229
2 24 -4.2822 -36.7392 51.0436 -3.6645 -33.6853 52.3872
2 24 -4.3857 -32.9356 50.6229 -4.7879 -35.9388 49.0401
2 24 -4.237 -32.8535 49.6449 -4.6568 -36.0018 48.3003
2 24 -4.237 -32.8535 49.6449 -3.5065 -30.32 51.7069
2 24 -4.3857 -32.9356 50.6229 -3.3427 -30.2415 52.5736
2 24 -3.6645 -33.6853 52.3872 -2.9412 -31.2334 53.7206
2 24 -4.3857 -32.9356 50.6229 -3.3427 -30.2415 52.5736
2 24 -3.3427 -30.2415 52.5736 -2.4396 -29.7012 53.0546
2 24 -2.9412 -31.2334 53.7206 -2.1278 -30.3904 54.5763
2 24 -2.4396 -29.7012 53.0546 -2.1278 -30.3904 54.5763
2 24 -2.4396 -29.7012 53.0546 -2.2297 -29.5649 52.5456
2 24 -3.3427 -30.2415 52.5736 -2.4396 -29.7012 53.0546
2 24 -3.5065 -30.32 51.7069 -2.2297 -29.5649 52.5456
2 24 -4.237 -32.8535 49.6449 -3.5065 -30.32 51.7069
2 24 -10.4109 -27.8175 53.8331 -10.0181 -31.0207 50.7407
2 24 -9.9545 -35.8689 48.133 -10.0105 -39.4571 47.7509
2 24 -4.6568 -36.0018 48.3003 -4.9476 -37.9185 48.1273
2 24 -9.8386 -44.3072 47.568 -10.0105 -39.4571 47.7509
2 24 -4.9476 -37.9185 48.1273 -4.9519 -40.0506 48.1235
2 24 -4.8057 -45.3631 47.7351 -4.9104 -43.0135 48.0943
2 24 -4.9519 -40.0506 48.1235 -4.9104 -43.0135 48.0943
2 24 -2.6211 -34.8909 55.3444 -3.572 -36.5414 53.4609
2 24 -0.0103 -30.1977 54.3707 -2.1278 -30.3904 54.5763
2 24 -0.0103 -30.1977 54.3707 -2.1278 -30.3904 54.5763
2 24 3.3396 -30.2354 52.5758 3.2358 -29.8154 50.4248
2 24 3.2358 -29.8154 50.4248 3.3396 -30.2354 52.5758
2 24 4.1335 -31.8214 51.2711 3.3396 -30.2354 52.5758
2 24 3.3476 -32.428 47.003 2.656 -29.9417 47.8541
2 24 3.2358 -29.8154 50.4248 2.656 -29.9417 47.8541
2 24 3.2358 -29.8154 50.4248 2.656 -29.9417 47.8541
2 24 -2.2189 -30.0848 47.563 -2.2187 -29.3953 50.3621
2 24 -2.2187 -29.3953 50.3621 -2.2297 -29.5649 52.5456
2 24 -2.4396 -29.7012 53.0546 -2.2297 -29.5649 52.5456
2 24 2.3295 -36.947 45.6395 2.319 -45.7403 44.873
2 24 2.5571 -30.0571 34.3134 2.5631 -33.2429 31.8586
2 24 -2.2185 -45.7364 33.9495 -2.2185 -45.7364 38.6421
2 24 -2.2246 -33.3617 33.6612 -2.2189 -30.8663 35.769
2 24 2.3295 -36.947 45.6395 2.319 -45.7403 44.873
2 24 0.1404 -45.7357 45.6091 2.319 -45.7403 44.873
2 24 0.1404 -45.7357 45.6091 -1.7895 -45.7406 44.8705
2 24 -1.9234 -37.9698 45.3472 -1.7895 -45.7406 44.8705
2 24 6.3189 -31.2469 21.4729 6.0668 -31.8865 25.0172
2 24 8.5624 -31.5779 21.4692 9.1418 -33.9109 31.7063
2 24 -3.8631 -34.5715 53.7487 -4.2149 -36.945 51.858
2 24 -4.0407 -39.0765 51.6275 -3.572 -36.5414 53.4609
2 24 -4.4363 -39.3487 50.4357 -4.2149 -36.945 51.858
2 24 2.656 -29.9417 47.8541 2.5617 -31.5447 46.3021
2 24 2.3295 -36.947 45.6395 2.5617 -31.5447 46.3021
2 24 -2.2188 -26.6144 55.2829 -2.2188 -27.9282 54.1307
2 24 -2.2188 -27.9282 54.1307 -2.2297 -29.5649 52.5456
2 24 -2.2297 -29.5649 52.5456 -2.2187 -29.3953 50.3621
2 24 -2.2187 -29.3953 50.3621 -2.2189 -30.0848 47.563
2 24 -2.219 -22.524 42.7344 -2.219 -26.0969 39.9251
2 24 -2.2235 -31.7129 46.2985 -1.9234 -37.9698 45.3472
2 24 -2.2189 -30.8663 35.769 -2.219 -26.0969 39.9251
2 24 -2.2185 -45.7364 38.6421 -1.7895 -45.7406 44.8705
2 24 -1.9234 -37.9698 45.3472 -1.7895 -45.7406 44.8705
2 24 2.5566 -45.7364 33.0379 2.319 -45.7403 44.873
2 24 0.1709 -34.7494 -5.4145 -1.6831 -33.9571 -5.1148
2 24 -2.2189 -38.0379 4.3674 -1.6831 -33.9571 -5.1148
2 24 -2.2189 -38.0379 4.3674 0.0063 -38.0562 4.343
2 24 -0.1057 -45.7364 4.3395 -2.2216 -45.7397 4.3638
2 24 0.0063 -38.0562 4.343 -2.2189 -38.0379 4.3674
2 24 -2.2216 -45.7397 4.3638 -2.2189 -38.0379 4.3674
2 24 -1.6831 -33.9571 -5.1148 -2.219 -33.1253 -4.5901
2 24 6.0732 -45.8517 20.8057 6.1954 -45.7363 16.559
2 24 -0.1057 -45.7364 4.3395 2.56 -45.7396 4.3051
2 24 2.56 -45.7396 4.3051 2.5567 -45.7364 12.1859
2 24 -2.6164 -45.7362 9.6258 -2.2186 -45.7364 8.3906
2 24 -5.8167 -45.4737 19.1787 -5.8826 -45.7365 27.8202
2 24 -0.1057 -45.7364 4.3395 -2.2216 -45.7397 4.3638
2 24 -2.2186 -45.7364 8.3906 -2.2216 -45.7397 4.3638
2 24 -5.8826 -45.7366 12.5422 -4.9166 -45.7364 10.9978
2 24 -4.9166 -45.7364 10.9978 -3.8214 -45.7362 10.4653
2 24 6.1954 -45.7363 16.559 5.7293 -45.7363 15.3719
2 24 -2.6164 -45.7362 9.6258 -3.8214 -45.7362 10.4653
2 24 -5.8167 -45.4737 19.1787 -5.8826 -45.7366 12.5422
2 24 4.7548 -45.7363 14.321 2.6081 -45.7418 12.9035
2 24 5.7293 -45.7363 15.3719 4.7548 -45.7363 14.321
2 24 0.1404 -45.7357 45.6091 -1.7895 -45.7406 44.8705
2 24 -1.7895 -45.7406 44.8705 -2.2185 -45.7364 38.6421
2 24 -2.2185 -45.7364 38.6421 -2.2185 -45.7364 33.9495
2 24 2.5566 -45.7364 33.0379 2.319 -45.7403 44.873
2 24 0.1404 -45.7357 45.6091 2.319 -45.7403 44.873
2 24 2.5566 -45.7364 33.0379 2.5567 -45.7364 28.2256
2 24 -2.2185 -45.7364 33.9495 -2.1016 -45.7362 32.2483
2 24 2.5567 -45.7364 28.2256 2.7321 -45.7364 26.9521
2 24 -2.1016 -45.7362 32.2483 -3.3993 -45.7361 31.6972
2 24 -3.3993 -45.7361 31.6972 -4.8056 -45.7361 30.9366
2 24 -5.8826 -45.7365 27.8202 -5.6366 -45.7362 29.5099
2 24 -4.8056 -45.7361 30.9366 -5.6366 -45.7362 29.5099
2 24 6.0732 -45.8517 20.8057 5.8152 -45.7363 24.8187
2 24 2.7321 -45.7364 26.9521 3.5353 -45.7363 26.3131
2 24 5.8152 -45.7363 24.8187 4.7694 -45.7363 25.8103
2 24 3.5353 -45.7363 26.3131 4.7694 -45.7363 25.8103
2 24 6.1024 0.0178 40.0005 6.0585 0.0179 41.9675
2 24 6.1023 -5.1769 40 5.9037 -5.1768 41.9237
2 24 6.003 0.0151 44.5642 5.8947 -5.1799 44.6272
2 24 10.3814 -2.3633 44.4026 10.4064 -4.1387 44.4426
2 24 6.0585 0.0179 41.9675 6.003 0.0151 44.5642
2 24 5.9037 -5.1768 41.9237 5.8947 -5.1799 44.6272
2 24 6.003 0.0151 44.5642 5.8947 -5.1799 44.6272
2 24 -6.0921 0.0181 -1.8291 -6.2981 0.0179 2.5151
2 24 -13.7225 0.0076 -7.3699 -13.6383 0.009 2.5683
2 24 -6.2981 0.0179 2.5151 -6.5719 0.015 5.1783
2 24 -6.5719 0.015 5.1783 -6.5334 -5.1707 5.5873
2 24 -6.2122 -5.168 2.6151 -6.5334 -5.1707 5.5873
2 24 -4.9387 -5.1677 -3.5852 -5.8034 -5.1678 -1.8877
2 24 -5.8034 -5.1678 -1.8877 -6.2122 -5.168 2.6151
2 24 -13.6383 0.009 2.5683 -11.3105 0.0109 4.8588
2 24 -11.3105 0.0109 4.8588 -6.5719 0.015 5.1783
2 24 -6.2981 0.0179 2.5151 -6.5719 0.015 5.1783
2 24 9.2445 -50.897 44.1966 9.0912 -53.32 41.2579
2 24 3.7428 -52.8976 42.3438 4.0758 -52.0874 43.3046
2 24 5.8947 -5.1799 44.6272 5.9037 -5.1768 41.9237
2 24 2.56 -5.1803 44.731 5.8947 -5.1799 44.6272
2 24 5.9037 -5.1768 41.9237 6.1023 -5.1769 40
2 24 6.1023 -5.1769 40 5.9114 -5.1769 37.9371
2 24 5.9114 -5.1769 37.9371 5.0194 -5.1769 36.232
2 24 3.88 -5.1769 34.9769 5.0194 -5.1769 36.232
2 24 10.5217 -8.558 44.4155 10.4064 -4.1387 44.4426
2 24 -2.2169 -5.1733 -5.5981 -2.217 0.0125 -5.7653
2 24 -2.217 0.0125 -5.7653 -2.221 0.0121 -9.9271
2 24 -2.219 -7.9037 -7.8472 -2.221 0.0121 -9.9271
2 24 -2.2189 -9.0425 5.8811 -2.222 -5.1707 5.5963
2 24 -6.5334 -5.1707 5.5873 -2.222 -5.1707 5.5963
2 24 -6.2122 -5.168 2.6151 -6.5334 -5.1707 5.5873
2 24 -2.222 -5.1707 5.5963 -6.5334 -5.1707 5.5873
2 24 -4.9387 -5.1677 -3.5852 -2.2169 -5.1733 -5.5981
2 24 -2.222 -5.1707 5.5963 -2.2169 -5.1733 -5.5981
2 24 10.2729 0.0122 44.3371 6.003 0.0151 44.5642
2 24 6.0585 0.0179 41.9675 6.003 0.0151 44.5642
2 24 6.2335 0.014 -3.869 6.2335 -5.1326 -3.869
2 24 6.2335 0.014 -3.869 5.9421 0.0177 -1.7476
2 24 6.2335 -5.1326 -3.869 5.9421 -5.1289 -1.7301
2 24 5.9421 0.0177 -1.7476 5.9424 0.0177 1.8879
2 24 5.9421 -5.1289 -1.7301 5.9424 -5.1289 1.8879
2 24 5.9424 0.0177 1.8879 4.9372 0.0177 3.5864
2 24 5.9424 -5.1289 1.8879 4.9372 -5.1289 3.5864
2 24 4.9372 0.0177 3.5864 3.5837 0.0112 4.9334
2 24 4.9372 -5.1289 3.5864 3.5834 -5.1355 4.9336
2 24 3.5837 0.0112 4.9334 2.5562 0.0128 5.3995
2 24 3.5834 -5.1355 4.9336 2.5559 -5.1341 5.4677
2 24 2.5562 0.0128 5.3995 2.5559 -5.1341 5.4677
2 24 -5.1426 -33.6322 33.5452 -8.0834 -33.9602 33.4858
2 24 -3.544 -33.2487 32.1779 -4.9091 -33.3249 31.4525
2 24 -8.0834 -33.9602 33.4858 -5.1426 -33.6322 33.5452
2 24 -2.2191 -26.8116 7.4095 -2.2258 -29.4664 7.7697
2 24 -2.2188 -27.9282 54.1307 -2.2297 -29.5649 52.5456
2 24 -3.5065 -30.32 51.7069 -2.2297 -29.5649 52.5456
2 24 -3.9002 -49.7494 47.2877 -3.9057 -50.6596 46.4015
2 24 1.5108 -83.8622 -10.4501 2.4999 -81.8071 -10.9359
2 24 2.4999 -81.8071 -10.9359 2.561 -81.3178 -10.038
2 24 0.967 -86.3098 -11.6275 0.9839 -87.1259 -13.0919
2 24 0.9839 -87.1259 -13.0919 0.825 -87.1363 -13.8789
2 24 0.825 -87.1363 -13.8789 1.3158 -86.1767 -14.379
2 24 -0.0001 -85.8782 -6.1091 0 -85.7506 -7.2459
2 24 1.2293 -85.2905 -6.1273 1.3721 -85.2627 -7.1504
2 24 1.2293 -85.2905 -6.1273 1.2557 -84.4017 -5.2656
2 24 1.2557 -84.4017 -5.2656 1.2527 -82.9264 -4.8081
2 24 -0.0002 -84.775 -4.8692 0.0002 -82.5384 -3.9564
2 24 1.6758 -81.0729 -5.3015 1.4273 -82.0699 -4.9246
2 24 2.561 -81.3178 -10.038 2.3636 -80.5943 -8.0479
2 24 0.825 -87.1363 -13.8789 1.3158 -86.1767 -14.379
2 24 0.825 -87.1363 -13.8789 0.9839 -87.1259 -13.0919
2 24 0.9839 -87.1259 -13.0919 0.967 -86.3098 -11.6275
2 24 2.4999 -81.8071 -10.9359 1.5108 -83.8622 -10.4501
2 24 2.4999 -81.8071 -10.9359 2.43 -83.3693 -12.9221
2 24 0.0002 -82.5384 -3.9564 0.9302 -81.9538 -4.1073
2 24 1.2527 -82.9264 -4.8081 1.4273 -82.0699 -4.9246
2 24 2.0888 -79.7653 -5.924 2.1255 -79.4184 -5.524
2 24 2.2819 -78.7583 -4.6908 1.9006 -80.3754 -3.7727
2 24 2.1255 -79.4184 -5.524 2.2819 -78.7583 -4.6908
2 24 1.9006 -80.3754 -3.7727 1.5537 -81.6503 -2.9101
2 24 1.5499 -81.2729 -1.2055 1.0589 -82.6794 -1.4972
2 24 1.0589 -82.6794 -1.4972 1.1025 -82.9014 -2.0546
2 24 1.5537 -81.6503 -2.9101 1.1025 -82.9014 -2.0546
2 24 1.5499 -81.2729 -1.2055 1.9702 -79.1568 -1.2988
2 24 1.5537 -81.6503 -2.9101 1.9006 -80.3754 -3.7727
2 24 2.2819 -78.7583 -4.6908 1.9006 -80.3754 -3.7727
2 24 2.2819 -78.7583 -4.6908 2.3517 -76.6943 -2.1195
2 24 1.9702 -79.1568 -1.2988 2.3517 -76.6943 -2.1195
2 24 2.167 -76.0155 -1.2403 2.3517 -76.6943 -2.1195
2 24 2.3517 -76.6943 -2.1195 1.9702 -79.1568 -1.2988
2 24 2.167 -76.0155 -1.2403 2.1992 -75.7249 -0.8112
2 24 1.5512 -78.3378 -0.3997 1.0628 -79.6907 -0.0464
2 24 1.0628 -79.6907 -0.0464 0.9324 -80.2712 1.0438
2 24 2.3572 -72.5724 1.7611 2.0036 -74.7645 2.5716
2 24 2.3572 -72.5724 1.7611 2.3159 -74.2411 0.8351
2 24 2.0036 -74.7645 2.5716 1.7228 -76.8963 2.8732
2 24 1.7228 -76.8963 2.8732 1.4175 -78.4118 2.708
2 24 1.7228 -76.8963 2.8732 1.4175 -78.4118 2.708
2 24 1.7228 -76.8963 2.8732 2.0036 -74.7645 2.5716
2 24 2.0036 -74.7645 2.5716 2.3572 -72.5724 1.7611
2 24 2.0036 -74.7645 2.5716 1.4063 -73.5604 3.333
2 24 2.1328 -72.1173 2.7049 2.3572 -72.5724 1.7611
2 24 2.1328 -72.1173 2.7049 2.3345 -71.3477 2.8215
2 24 1.911 -69.0744 6.1342 1.8414 -71.119 6.2678
2 24 1.2909 -73.4348 5.5967 1.4064 -72.8151 6.1445
2 24 0.0002 -75.1854 3.4623 0.0001 -73.9888 3.9294
2 24 0.0001 -73.9888 3.9294 1.4063 -73.5604 3.333
2 24 2.0036 -74.7645 2.5716 1.4063 -73.5604 3.333
2 24 1.2188 -79.3178 2.341 1.0798 -79.8836 1.8847
2 24 0.9324 -80.2712 1.0438 1.0798 -79.8836 1.8847
2 24 0.6949 -83.1865 -2.1242 -0.0001 -83.4029 -2.0662
2 24 0.6949 -83.1865 -2.1242 1.1025 -82.9014 -2.0546
2 24 1.5537 -81.6503 -2.9101 1.1025 -82.9014 -2.0546
2 24 1.1025 -82.9014 -2.0546 1.0589 -82.6794 -1.4972
2 24 1.0589 -82.6794 -1.4972 1.5499 -81.2729 -1.2055
2 24 1.0798 -79.8836 1.8847 0.9324 -80.2712 1.0438
2 24 0.9324 -80.2712 1.0438 0 -80.4569 1.2202
2 24 1.4175 -78.4118 2.708 1.2188 -79.3178 2.341
2 24 1.0798 -79.8836 1.8847 1.2188 -79.3178 2.341
2 24 1.4175 -78.4118 2.708 1.2188 -79.3178 2.341
2 24 1.4063 -73.5604 3.333 1.1237 -73.5372 4.6372
2 24 1.2909 -73.4348 5.5967 1.1237 -73.5372 4.6372
2 24 1.4063 -73.5604 3.333 1.1237 -73.5372 4.6372
2 24 1.1237 -73.5372 4.6372 1.2909 -73.4348 5.5967
2 24 0.0002 -80.1047 0.1567 1.0628 -79.6907 -0.0464
2 24 1.5499 -81.2729 -1.2055 1.0628 -79.6907 -0.0464
2 24 1.9702 -79.1568 -1.2988 1.5499 -81.2729 -1.2055
2 24 1.0628 -79.6907 -0.0464 1.5499 -81.2729 -1.2055
2 24 1.3056 -85.8609 -8.2974 1.2279 -85.9538 -9.4554
2 24 1.2279 -85.9538 -9.4554 0 -86.4205 -9.3008
2 24 1.3721 -85.2627 -7.1504 1.3056 -85.8609 -8.2974
2 24 1.2279 -85.9538 -9.4554 0.8789 -85.2848 -10.382
2 24 1.5108 -83.8622 -10.4501 0.8789 -85.2848 -10.382
2 24 1.7005 -85.0733 -15.0293 1.3158 -86.1767 -14.379
2 24 2.1724 -84.6995 -14.595 1.7005 -85.0733 -15.0293
2 24 1.3158 -86.1767 -14.379 1.7005 -85.0733 -15.0293
2 24 2.43 -83.3693 -12.9221 2.1724 -84.6995 -14.595
2 24 0.8789 -85.2848 -10.382 0 -85.5655 -10.3688
2 24 0.967 -86.3098 -11.6275 0.8789 -85.2848 -10.382
2 24 0 -85.5655 -10.3688 0.8789 -85.2848 -10.382
2 24 1.2279 -85.9538 -9.4554 0.8789 -85.2848 -10.382
2 24 0.967 -86.3098 -11.6275 0.8789 -85.2848 -10.382
2 24 1.5108 -83.8622 -10.4501 0.8789 -85.2848 -10.382
2 24 2.1992 -75.7249 -0.8112 2.3159 -74.2411 0.8351
2 24 0.9324 -80.2712 1.0438 1.0628 -79.6907 -0.0464
2 24 5.072 -44.5729 -8.4469 8.9919 -40.505 -5.8454
2 24 0.1709 -34.7494 -5.4145 -1.6831 -33.9571 -5.1148
2 24 -4.9554 -44.5492 -7.7522 -4.2302 -49.1537 -9.6339
2 24 5.072 -44.5729 -8.4469 8.9919 -40.505 -5.8454
2 24 12.2012 -44.4782 -3.7316 12.2019 -40.0035 -2.8435
2 24 -6.1371 -5.1684 59.3431 -2.2199 -5.1948 59.4009
2 24 -2.2189 -8.7082 58.1375 -2.2199 -5.1948 59.4009
2 24 12.0176 -7.8803 43.0855 12.2005 -4.4132 42.9903
2 24 10.5217 -8.558 44.4155 10.4064 -4.1387 44.4426
2 24 2.5675 -5.132 -4.0071 6.2335 -5.1326 -3.869
2 24 5.9421 -5.1289 -1.7301 6.2335 -5.1326 -3.869
2 24 -9.1266 -28.947 7.2102 -8.6853 -30.7749 7.7831
2 24 -8.6853 -30.7749 7.7831 -11.1033 -33.9028 6.9869
2 24 -11.1033 -33.9028 6.9869 -12.2899 -37.5172 6.6233
2 24 -12.2672 -30.9918 5.2595 -12.2899 -37.5172 6.6233
2 24 -2.2191 -26.8116 7.4095 -2.2258 -29.4664 7.7697
2 24 -9.1266 -28.947 7.2102 -8.6853 -30.7749 7.7831
2 24 -2.2258 -29.4664 7.7697 -8.6853 -30.7749 7.7831
2 24 -8.2898 -30.978 13.6295 -8.6853 -30.7749 7.7831
2 24 -5.8845 -30.5061 12.9472 -5.4294 -30.1906 11.0255
2 24 -5.4294 -30.1906 11.0255 -4.0174 -30.0222 10.0219
2 24 2.3345 -71.3477 2.8215 2.5811 -68.1022 4.4648
2 24 4.8716 -70.7329 0.8256 5.1017 -67.6237 2.6893
2 24 2.3345 -71.3477 2.8215 2.5811 -68.1022 4.4648
2 24 1.2909 -73.4348 5.5967 1.4064 -72.8151 6.1445
2 24 2.5472 -65.9599 5.4975 1.911 -69.0744 6.1342
2 24 2.5811 -68.1022 4.4648 2.5472 -65.9599 5.4975
2 24 1.8414 -71.119 6.2678 1.4064 -72.8151 6.1445
2 24 -0.0003 -60.5259 7.9568 2.4188 -60.9703 7.3598
2 24 2.4188 -60.9703 7.3598 1.6194 -64.6061 7.9862
2 24 2.4188 -60.9703 7.3598 1.6194 -64.6061 7.9862
2 24 2.4188 -60.9703 7.3598 2.6201 -65.0115 5.8923
2 24 1.6194 -64.6061 7.9862 1.4006 -66.0046 7.6397
2 24 0 -66.0453 8.1216 1.4006 -66.0046 7.6397
2 24 0.0002 -67.0304 6.7805 1.4989 -66.563 6.2156
2 24 1.4006 -66.0046 7.6397 1.4989 -66.563 6.2156
2 24 1.4006 -66.0046 7.6397 1.4989 -66.563 6.2156
2 24 1.4989 -66.563 6.2156 2.5472 -65.9599 5.4975
2 24 2.6201 -65.0115 5.8923 2.5472 -65.9599 5.4975
2 24 2.5472 -65.9599 5.4975 1.4989 -66.563 6.2156
2 24 1.911 -69.0744 6.1342 2.5472 -65.9599 5.4975
2 24 1.4989 -66.563 6.2156 0.0002 -67.0304 6.7805
2 24 0 -66.0453 8.1216 1.4006 -66.0046 7.6397
2 24 1.6194 -64.6061 7.9862 1.4006 -66.0046 7.6397
2 24 5.4071 -62.5324 5.1771 5.1017 -67.6237 2.6893
2 24 2.5811 -68.1022 4.4648 2.5472 -65.9599 5.4975
2 24 2.6201 -65.0115 5.8923 2.5472 -65.9599 5.4975
2 24 -4.7879 -35.9388 49.0401 -4.9476 -37.9185 48.1273
2 24 -4.6568 -36.0018 48.3003 -4.9476 -37.9185 48.1273
2 24 1.4064 -72.8151 6.1445 1.8414 -71.119 6.2678
2 24 1.911 -69.0744 6.1342 1.8414 -71.119 6.2678
2 24 1.2279 -85.9538 -9.4554 1.3056 -85.8609 -8.2974
2 24 1.3056 -85.8609 -8.2974 1.3721 -85.2627 -7.1504
2 24 1.3721 -85.2627 -7.1504 1.2293 -85.2905 -6.1273
2 24 1.2293 -85.2905 -6.1273 1.2557 -84.4017 -5.2656
2 24 2.3636 -80.5943 -8.0479 2.0888 -79.7653 -5.924
2 24 1.2557 -84.4017 -5.2656 1.2527 -82.9264 -4.8081
2 24 1.6758 -81.0729 -5.3015 1.4273 -82.0699 -4.9246
2 24 1.2527 -82.9264 -4.8081 1.4273 -82.0699 -4.9246
2 24 2.0888 -79.7653 -5.924 2.3636 -80.5943 -8.0479
2 24 2.561 -81.3178 -10.038 2.3636 -80.5943 -8.0479
2 24 2.7164 -85.2662 -16.0931 2.4688 -84.8539 -15.1553
2 24 2.4688 -84.8539 -15.1553 2.1724 -84.6995 -14.595
2 24 1.9933 -84.6766 -16.1066 2.1724 -84.6995 -14.595
2 24 1.9933 -84.6766 -16.1066 1.7005 -85.0733 -15.0293
2 24 1.7005 -85.0733 -15.0293 2.1724 -84.6995 -14.595
2 24 1.9933 -84.6766 -16.1066 2.1724 -84.6995 -14.595
2 24 2.43 -83.3693 -12.9221 2.1724 -84.6995 -14.595
2 24 2.4688 -84.8539 -15.1553 2.1724 -84.6995 -14.595
2 24 -5.8842 -32.7289 27.8495 -5.852 -33.0172 29.9181
2 24 -1.7899 -54.441 40.314 1.4591 -54.5438 40.1601
2 24 4.3836 -55.805 24.3836 2.3742 -55.7985 25.7317
2 24 5.7274 -55.805 22.3724 6.204 -55.7985 20
2 24 8.7314 -55.8105 30.9762 8.6078 -55.8108 20.2926
2 24 5.7273 -55.8051 17.6278 4.3834 -55.8052 15.6166
2 24 -8.6853 -30.7749 7.7831 -2.2258 -29.4664 7.7697
2 24 -2.2258 -29.4664 7.7697 -2.221 -29.6758 8.8115
2 24 -2.221 -29.6758 8.8115 -2.843 -29.7092 9.533
2 24 -4.0174 -30.0222 10.0219 -2.843 -29.7092 9.533
2 24 2.6258 -29.9052 12.4959 2.9504 -29.9014 13.11
2 24 9.3648 -30.383 13.2683 8.5624 -31.5779 21.4692
2 24 6.3612 -30.5604 16.429 6.3189 -31.2469 21.4729
2 24 5.8837 -30.4501 14.9943 4.8908 -30.1424 14.0681
2 24 2.9504 -29.9014 13.11 4.8908 -30.1424 14.0681
2 24 2.6258 -29.9052 12.4959 2.5626 -29.4899 9.3959
2 24 10.1143 -30.5813 8.9509 2.5626 -29.4899 9.3959
2 24 2.5571 -32.5044 27.9287 2.5631 -33.2429 31.8586
2 24 9.1418 -33.9109 31.7063 2.5631 -33.2429 31.8586
2 24 6.0668 -31.8865 25.0172 4.9589 -31.9781 25.8718
2 24 3.309 -32.0444 26.5542 2.7968 -32.1454 27.1
2 24 2.5571 -32.5044 27.9287 2.7968 -32.1454 27.1
2 24 4.9589 -31.9781 25.8718 3.309 -32.0444 26.5542
2 24 9.1418 -33.9109 31.7063 2.5631 -33.2429 31.8586
2 24 2.5571 -30.0571 34.3134 2.5631 -33.2429 31.8586
2 24 -2.219 -8.8414 46.6259 -2.219 -7.0898 45.6916
2 24 -2.3254 -4.1269 45.7548 -2.2209 -5.2282 44.8098
2 24 -2.2179 -5.193 53.9293 -2.2199 -5.1948 59.4009
2 24 -2.2189 -8.7082 58.1375 -2.2199 -5.1948 59.4009
2 24 -2.219 -7.0898 45.6916 -2.2209 -5.2282 44.8098
2 24 4.6683 -86.3658 -20.5949 6.1486 -85.9553 -20.1274
2 24 6.7178 -83.5973 -18.9134 6.1486 -85.9553 -20.1274
2 24 1.8597 -83.3025 -19.6905 2.7034 -85.073 -20.3867
2 24 -3.811 -48.1288 50.0984 -3.9231 -46.1714 50.8647
2 24 -12.2659 -20.1045 47.1878 -12.281 -22.8004 45.7739
2 24 -6.0997 0.0176 57.8855 -6.1285 0.0144 59.7823
2 24 -6.1262 -3.7573 59.7041 -6.1285 0.0144 59.7823
2 24 -2.2189 -30.0848 47.563 -2.2235 -31.7129 46.2985
2 24 -2.2188 -24.4645 55.8511 -2.2188 -26.6144 55.2829
2 24 -12.3344 -49.1266 42.6149 -12.2989 -46.5816 44.4357
2 24 -12.3767 -40.4077 31.8654 -12.3494 -34.4797 35.4999
2 24 -12.2838 -31.4469 37.4703 -12.3494 -34.4797 35.4999
2 24 -12.2432 -35.6019 45.5199 -12.2181 -39.9431 45.5264
2 24 12.2013 -53.2232 36.3563 12.201 -51.9798 39.274
2 24 12.2019 -46.3852 44.6524 12.2014 -49.1099 42.5278
2 24 12.201 -51.9798 39.274 12.2014 -49.1099 42.5278
2 24 12.2019 -46.3852 44.6524 12.202 -43.4489 44.4572
2 24 12.2021 -37.8817 43.5441 12.2019 -40.8114 44.2009
2 24 12.202 -43.4489 44.4572 12.2019 -40.8114 44.2009
2 24 2.5567 -45.7364 12.1859 2.6081 -45.7418 12.9035
2 24 -2.2189 -30.2183 -3.8108 -2.219 -33.1253 -4.5901
2 24 2.5675 -5.132 -4.0071 2.5705 -5.9527 -4.0133
2 24 2.5559 -5.1341 5.4677 2.5675 -5.132 -4.0071
2 24 2.5569 -8.4083 -1.5874 2.5705 -5.9527 -4.0133
2 24 2.5568 -9.2963 44.5993 2.56 -5.1803 44.731
2 24 5.8947 -5.1799 44.6272 2.56 -5.1803 44.731
2 24 10.3814 -2.3633 44.4026 10.2729 0.0122 44.3371
2 24 6.003 0.0151 44.5642 10.2729 0.0122 44.3371
2 24 4.2404 -58.8891 -26.2166 4.4945 -58.3562 -25.1317
2 24 4.4945 -58.3562 -25.1317 4.5172 -56.9625 -24.9859
2 24 4.4165 -56.1025 -25.5916 4.5172 -56.9625 -24.9859
2 24 -6.1369 -72.5784 -20.3999 -5.7616 -69.5953 -21.4737
2 24 -4.8057 -73.2038 -21.2246 -3.4344 -70.9325 -22.9023
2 24 -7.1321 -76.747 -16.1885 -6.7798 -74.973 -17.9972
2 24 -7.1321 -76.747 -16.1885 -5.7801 -77.5573 -17.4875
2 24 -5.7801 -77.5573 -17.4875 -5.4839 -75.809 -18.8622
2 24 -5.7616 -69.5953 -21.4737 -5.3582 -65.9908 -22.4763
2 24 -3.4344 -70.9325 -22.9023 -2.7731 -67.4388 -23.7854
2 24 -2.7731 -67.4388 -23.7854 -2.6245 -63.7725 -25.3993
2 24 -5.3582 -65.9908 -22.4763 -4.7079 -62.9356 -24.505
2 24 -4.7079 -62.9356 -24.505 -4.2735 -60.2701 -26.471
2 24 -2.6245 -63.7725 -25.3993 -2.9012 -61.0862 -27.1768
2 24 -4.2735 -60.2701 -26.471 -4.1041 -58.7025 -27.9691
2 24 -2.9012 -61.0862 -27.1768 -2.7507 -59.1314 -28.669
2 24 -2.7554 -54.9768 -29.1122 -2.5929 -57.1917 -29.3244
2 24 -4.1142 -55.9054 -28.3247 -4.0063 -57.2152 -28.5353
2 24 -2.7507 -59.1314 -28.669 -2.5929 -57.1917 -29.3244
2 24 -4.1041 -58.7025 -27.9691 -4.0063 -57.2152 -28.5353
2 24 -2.7554 -54.9768 -29.1122 -2.7606 -52.5333 -27.9855
2 24 -4.1142 -55.9054 -28.3247 -4.3125 -53.9365 -27.3941
2 24 -4.3125 -53.9365 -27.3941 -4.4863 -52.2896 -25.6796
2 24 -2.7606 -52.5333 -27.9855 -2.5666 -50.9834 -26.1994
2 24 -2.5666 -50.9834 -26.1994 -2.9923 -50.9003 -21.3631
2 24 -4.4863 -52.2896 -25.6796 -5.0189 -52.3187 -22.0909
2 24 -2.9923 -50.9003 -21.3631 -3.9435 -53.4828 -18.6291
2 24 -5.0189 -52.3187 -22.0909 -5.4567 -54.031 -19.7356
2 24 -5.4567 -54.031 -19.7356 -6.0795 -56.7244 -17.3435
2 24 -3.9435 -53.4828 -18.6291 -4.5003 -55.6606 -16.1059
2 24 -6.0795 -56.7244 -17.3435 -6.7699 -58.3379 -15.2814
2 24 -4.5003 -55.6606 -16.1059 -4.8685 -56.8799 -13.5884
2 24 -6.7699 -58.3379 -15.2814 -7.3501 -59.5217 -12.3185
2 24 -4.8685 -56.8799 -13.5884 -4.6838 -58.1274 -10.5056
2 24 -4.2751 -58.5223 -27.4701 -4.5184 -58.8891 -26.2166
2 24 -3.7289 -58.0802 -26.8806 -3.9671 -58.4183 -26.1022
2 24 -4.5184 -58.8891 -26.2166 -4.7724 -58.3562 -25.1317
2 24 -3.9671 -58.4183 -26.1022 -4.136 -57.99 -25.3926
2 24 -4.7724 -58.3562 -25.1317 -4.7951 -56.9625 -24.9859
2 24 -4.136 -57.99 -25.3926 -4.1716 -57.1013 -25.2697
2 24 -4.1516 -56.5612 -25.6474 -4.0848 -56.2663 -26.4181
2 24 -4.6944 -56.1025 -25.5916 -4.4821 -55.8299 -26.714
2 24 -4.2751 -58.5223 -27.4701 -4.1908 -57.3412 -27.8828
2 24 -3.7289 -58.0802 -26.8806 -3.6465 -57.5217 -27.1248
2 24 -4.1908 -57.3412 -27.8828 -4.2761 -56.4647 -27.6719
2 24 -3.6465 -57.5217 -27.1248 -3.7888 -56.6837 -27.0094
2 24 -4.1716 -57.1013 -25.2697 -4.1516 -56.5612 -25.6474
2 24 -4.7951 -56.9625 -24.9859 -4.6944 -56.1025 -25.5916
2 24 -4.4821 -55.8299 -26.714 -4.2761 -56.4647 -27.6719
2 24 -4.2735 -60.2701 -26.471 -4.1041 -58.7025 -27.9691
2 24 -4.5184 -58.8891 -26.2166 -4.2751 -58.5223 -27.4701
2 24 -4.1041 -58.7025 -27.9691 -4.0063 -57.2152 -28.5353
2 24 -4.2751 -58.5223 -27.4701 -4.1908 -57.3412 -27.8828
2 24 -4.0063 -57.2152 -28.5353 -4.1142 -55.9054 -28.3247
2 24 -4.1908 -57.3412 -27.8828 -4.2761 -56.4647 -27.6719
2 24 -4.1142 -55.9054 -28.3247 -4.3125 -53.9365 -27.3941
2 24 -4.2761 -56.4647 -27.6719 -4.4821 -55.8299 -26.714
2 24 -5.3582 -65.9908 -22.4763 -4.7079 -62.9356 -24.505
2 24 -5.3582 -65.9908 -22.4763 -5.7616 -69.5953 -21.4737
2 24 -4.2735 -60.2701 -26.471 -4.7079 -62.9356 -24.505
2 24 -6.0795 -56.7244 -17.3435 -5.4567 -54.031 -19.7356
2 24 -6.0795 -56.7244 -17.3435 -6.7699 -58.3379 -15.2814
2 24 -6.7699 -58.3379 -15.2814 -7.3501 -59.5217 -12.3185
2 24 -5.7616 -69.5953 -21.4737 -6.1369 -72.5784 -20.3999
2 24 -7.1321 -76.747 -16.1885 -6.7798 -74.973 -17.9972
2 24 -8.1274 -74.0924 -8.0797 -8.0296 -70.0844 -6.6037
2 24 -3.4344 -70.9325 -22.9023 -2.7731 -67.4388 -23.7854
2 24 -2.7731 -67.4388 -23.7854 -2.6245 -63.7725 -25.3993
2 24 -2.6245 -63.7725 -25.3993 -2.9012 -61.0862 -27.1768
2 24 -2.9012 -61.0862 -27.1768 -2.7507 -59.1314 -28.669
2 24 -2.7507 -59.1314 -28.669 -2.5929 -57.1917 -29.3244
2 24 -2.5929 -57.1917 -29.3244 -2.7554 -54.9768 -29.1122
2 24 -2.7554 -54.9768 -29.1122 -2.7606 -52.5333 -27.9855
2 24 -2.7606 -52.5333 -27.9855 -2.5666 -50.9834 -26.1994
2 24 -2.5666 -50.9834 -26.1994 -2.9923 -50.9003 -21.3631
2 24 0 -50.7426 -21.2801 -2.9923 -50.9003 -21.3631
2 24 -2.9923 -50.9003 -21.3631 -3.9435 -53.4828 -18.6291
2 24 -3.9435 -53.4828 -18.6291 -4.5003 -55.6606 -16.1059
2 24 -4.5003 -55.6606 -16.1059 -4.8685 -56.8799 -13.5884
2 24 -4.8685 -56.8799 -13.5884 -4.6838 -58.1274 -10.5056
2 24 0 -57.2038 -11.1835 -4.6838 -58.1274 -10.5056
2 24 -4.6838 -58.1274 -10.5056 -5.8241 -60.0962 -7.8671
2 24 -7.3501 -59.5217 -12.3185 -7.8089 -61.388 -9.4497
2 24 -6.1369 -72.5784 -20.3999 -6.7798 -74.973 -17.9972
2 24 -4.8057 -73.2038 -21.2246 -5.4839 -75.809 -18.8622
2 24 -6.1369 -72.5784 -20.3999 -6.7798 -74.973 -17.9972
2 24 -8.1687 -66.2964 -6.6536 -8.0296 -70.0844 -6.6037
2 24 -6.5226 -66.6635 -4.5374 -6.3406 -71.0639 -4.9519
2 24 -8.0296 -70.0844 -6.6037 -8.1274 -74.0924 -8.0797
2 24 -6.3406 -71.0639 -4.9519 -6.2955 -74.7706 -6.4031
2 24 -8.1274 -74.0924 -8.0797 -8.1788 -77.8727 -10.2246
2 24 -8.1788 -77.8727 -10.2246 -8.1677 -81.0562 -12.2929
2 24 -8.1274 -74.0924 -8.0797 -8.1788 -77.8727 -10.2246
2 24 -6.2955 -74.7706 -6.4031 -5.2136 -78.4922 -9.0104
2 24 -6.9958 -83.5973 -18.9134 -7.193 -80.4798 -17.4936
2 24 -6.4441 -86.7029 -19.765 -6.4265 -85.9553 -20.1274
2 24 -6.9958 -83.5973 -18.9134 -6.4265 -85.9553 -20.1274
2 24 -7.4623 -85.8248 -17.0176 -6.7201 -86.8841 -18.9793
2 24 -6.4441 -86.7029 -19.765 -6.7201 -86.8841 -18.9793
2 24 -7.4623 -85.8248 -17.0176 -7.8543 -83.6066 -14.4887
2 24 -3.8676 -86.2465 -20.6001 -4.0129 -86.907 -20.054
2 24 -3.8676 -86.2465 -20.6001 -4.9463 -86.3658 -20.5949
2 24 -4.0129 -86.907 -20.054 -5.1629 -87.0028 -20.1251
2 24 -3.839 -87.0427 -19.2997 -5.1814 -87.1832 -19.153
2 24 -3.839 -87.0427 -19.2997 -4.0129 -86.907 -20.054
2 24 -4.0129 -86.907 -20.054 -5.1629 -87.0028 -20.1251
2 24 -2.1376 -83.3025 -19.6905 -2.8515 -80.8837 -18.6625
2 24 -6.9958 -83.5973 -18.9134 -7.193 -80.4798 -17.4936
2 24 -2.7867 -78.6555 -18.249 -2.6901 -76.7286 -19.482
2 24 -5.7801 -77.5573 -17.4875 -5.4839 -75.809 -18.8622
2 24 -2.6901 -76.7286 -19.482 -2.0784 -74.843 -21.2939
2 24 -2.0784 -74.843 -21.2939 -1.3827 -77.6888 -23.4892
2 24 -1.4784 -78.9189 -22.2026 -1.3827 -77.6888 -23.4892
2 24 0 -74.1335 -21.4469 -2.0784 -74.843 -21.2939
2 24 -2.0784 -74.843 -21.2939 -1.3827 -77.6888 -23.4892
2 24 -0.0001 -77.8888 -23.955 -1.3827 -77.6888 -23.4892
2 24 0 -74.1335 -21.4469 -2.0784 -74.843 -21.2939
2 24 -3.4344 -70.9325 -22.9023 -4.8057 -73.2038 -21.2246
2 24 -4.9463 -86.3658 -20.5949 -3.8676 -86.2465 -20.6001
2 24 -3.8676 -86.2465 -20.6001 -2.9813 -85.073 -20.3867
2 24 -4.6838 -58.1274 -10.5056 -3.7624 -54.4386 -10.2082
2 24 0 -57.2038 -11.1835 -4.6838 -58.1274 -10.5056
2 24 -4.2302 -49.1537 -9.6339 -3.7624 -54.4386 -10.2082
2 24 -3.585 -56.7686 8.2707 -6.6278 -57.5025 7.0242
2 24 -6.6278 -57.5025 7.0242 -5.6844 -62.5327 5.1779
2 24 -6.3406 -71.0639 -4.9519 -6.2955 -74.7706 -6.4031
2 24 -4.781 -73.849 -1.882 -4.5651 -76.643 -4.898
2 24 -5.8241 -60.0962 -7.8671 -4.6838 -58.1274 -10.5056
2 24 -4.6838 -58.1274 -10.5056 -3.7624 -54.4386 -10.2082
2 24 -8.1687 -66.2964 -6.6536 -8.0482 -63.8099 -7.4463
2 24 -6.5226 -66.6635 -4.5374 -6.2535 -63.0109 -5.4626
2 24 -7.8089 -61.388 -9.4497 -8.0482 -63.8099 -7.4463
2 24 -5.8241 -60.0962 -7.8671 -6.2535 -63.0109 -5.4626
2 24 -4.2302 -49.1537 -9.6339 -3.7624 -54.4386 -10.2082
2 24 -8.0296 -70.0844 -6.6037 -8.1687 -66.2964 -6.6536
2 24 -7.8089 -61.388 -9.4497 -8.0482 -63.8099 -7.4463
2 24 -8.1687 -66.2964 -6.6536 -8.0482 -63.8099 -7.4463
2 24 -7.3501 -59.5217 -12.3185 -7.8089 -61.388 -9.4497
2 24 -5.8241 -60.0962 -7.8671 -6.2535 -63.0109 -5.4626
2 24 -6.3406 -71.0639 -4.9519 -6.5226 -66.6635 -4.5374
2 24 -4.781 -73.849 -1.882 -5.1495 -70.7329 0.8256
2 24 -4.3125 -53.9365 -27.3941 -4.4863 -52.2896 -25.6796
2 24 -4.4821 -55.8299 -26.714 -4.6944 -56.1025 -25.5916
2 24 -5.4567 -54.031 -19.7356 -5.0189 -52.3187 -22.0909
2 24 -4.4863 -52.2896 -25.6796 -5.0189 -52.3187 -22.0909
2 24 -2.6966 -60.9702 7.3599 -2.898 -65.0115 5.8923
2 24 -6.2535 -63.0109 -5.4626 -6.5226 -66.6635 -4.5374
2 24 -5.1495 -70.7329 0.8256 -5.3796 -67.624 2.6893
2 24 -5.3796 -67.624 2.6893 -5.6844 -62.5327 5.1779
2 24 -0.0001 -77.8888 -23.955 -1.3827 -77.6888 -23.4892
2 24 -1.3827 -77.6888 -23.4892 -1.4784 -78.9189 -22.2026
2 24 -1.1696 -82.8901 -20.7387 -1.1407 -81.2224 -20.4159
2 24 -1.1696 -82.8901 -20.7387 -0.9264 -83.9273 -20.6862
2 24 -0.0001 -83.9861 -20.9225 -0.9264 -83.9273 -20.6862
2 24 -0.0001 -83.9861 -20.9225 -0.9264 -83.9273 -20.6862
2 24 -0.9264 -83.9273 -20.6862 -0.9762 -84.7126 -19.7709
2 24 -1.1696 -82.8901 -20.7387 -0.9264 -83.9273 -20.6862
2 24 -2.1376 -83.3025 -19.6905 -2.1718 -84.1438 -18.9439
2 24 -0.9264 -83.9273 -20.6862 -0.9762 -84.7126 -19.7709
2 24 -1.1696 -82.8901 -20.7387 -1.1407 -81.2224 -20.4159
2 24 -2.1376 -83.3025 -19.6905 -2.8515 -80.8837 -18.6625
2 24 -1.4784 -78.9189 -22.2026 -1.1828 -80.094 -20.3418
2 24 -0.0003 -80.0966 -20.4072 -1.1828 -80.094 -20.3418
2 24 -2.6901 -76.7286 -19.482 -2.7867 -78.6555 -18.249
2 24 -1.4784 -78.9189 -22.2026 -1.1828 -80.094 -20.3418
2 24 -0.9762 -84.7126 -19.7709 -1.2022 -84.9895 -18.0832
2 24 0.0001 -84.5489 -16.09 -1.59 -84.4984 -16.0221
2 24 -2.2118 -84.4979 -17.8788 -2.2712 -84.6766 -16.1066
2 24 -2.1718 -84.1438 -18.9439 -2.2118 -84.4979 -17.8788
2 24 -0.9762 -84.7126 -19.7709 -1.2022 -84.9895 -18.0832
2 24 -2.9813 -85.073 -20.3867 -2.1376 -83.3025 -19.6905
2 24 -2.1718 -84.1438 -18.9439 -2.1376 -83.3025 -19.6905
2 24 -2.9813 -85.073 -20.3867 -3.8676 -86.2465 -20.6001
2 24 -3.8676 -86.2465 -20.6001 -4.0129 -86.907 -20.054
2 24 -4.0129 -86.907 -20.054 -3.839 -87.0427 -19.2997
2 24 -3.839 -87.0427 -19.2997 -3.4395 -86.6462 -18.3002
2 24 -2.1718 -84.1438 -18.9439 -2.2118 -84.4979 -17.8788
2 24 -6.4441 -86.7029 -19.765 -6.4265 -85.9553 -20.1274
2 24 -5.1629 -87.0028 -20.1251 -6.4441 -86.7029 -19.765
2 24 -4.9463 -86.3658 -20.5949 -6.4265 -85.9553 -20.1274
2 24 -6.7201 -86.8841 -18.9793 -6.4441 -86.7029 -19.765
2 24 -5.1814 -87.1832 -19.153 -6.7201 -86.8841 -18.9793
2 24 -5.1629 -87.0028 -20.1251 -6.4441 -86.7029 -19.765
2 24 -3.839 -87.0427 -19.2997 -3.4395 -86.6462 -18.3002
2 24 -3.839 -87.0427 -19.2997 -5.1814 -87.1832 -19.153
2 24 -5.1814 -87.1832 -19.153 -6.7201 -86.8841 -18.9793
2 24 -6.7201 -86.8841 -18.9793 -7.4623 -85.8248 -17.0176
2 24 -7.4623 -85.8248 -17.0176 -7.8543 -83.6066 -14.4887
2 24 -1.1407 -81.2224 -20.4159 -1.1828 -80.094 -20.3418
2 24 -1.1407 -81.2224 -20.4159 -1.1828 -80.094 -20.3418
2 24 -2.8515 -80.8837 -18.6625 -2.7867 -78.6555 -18.249
2 24 -5.7801 -77.5573 -17.4875 -7.1321 -76.747 -16.1885
2 24 -7.193 -80.4798 -17.4936 -7.1321 -76.747 -16.1885
2 24 -7.1321 -76.747 -16.1885 -7.193 -80.4798 -17.4936
2 24 -8.1677 -81.0562 -12.2929 -7.8543 -83.6066 -14.4887
2 24 -8.1788 -77.8727 -10.2246 -8.1677 -81.0562 -12.2929
2 24 -2.8389 -81.3178 -10.038 -2.7778 -81.8071 -10.9359
2 24 -2.7778 -81.8071 -10.9359 -2.708 -83.3693 -12.9221
2 24 -7.8543 -83.6066 -14.4887 -8.1677 -81.0562 -12.2929
2 24 -2.2118 -84.4979 -17.8788 -2.2712 -84.6766 -16.1066
2 24 -3.4395 -86.6462 -18.3002 -2.9943 -85.2662 -16.0931
2 24 -3.4395 -86.6462 -18.3002 -2.9943 -85.2662 -16.0931
2 24 -2.9943 -85.2662 -16.0931 -2.7467 -84.8539 -15.1553
2 24 -2.3667 -79.7653 -5.924 -2.4035 -79.4184 -5.524
2 24 -2.4035 -79.4184 -5.524 -2.5599 -78.7583 -4.6908
2 24 -3.8676 -78.2294 -6.195 -4.5651 -76.643 -4.898
2 24 -2.5599 -78.7583 -4.6908 -2.6296 -76.6943 -2.1195
2 24 -2.6352 -72.5724 1.7611 -2.4107 -72.1173 2.7049
2 24 -2.6125 -71.3477 2.8215 -2.4107 -72.1173 2.7049
2 24 -5.1495 -70.7329 0.8256 -4.781 -73.849 -1.882
2 24 -2.6352 -72.5724 1.7611 -2.5938 -74.2411 0.8351
2 24 -4.5651 -76.643 -4.898 -4.781 -73.849 -1.882
2 24 -2.6296 -76.6943 -2.1195 -2.4449 -76.0155 -1.2403
2 24 -2.4449 -76.0155 -1.2403 -2.4771 -75.7249 -0.8112
2 24 -2.5938 -74.2411 0.8351 -2.4771 -75.7249 -0.8112
2 24 -2.6966 -60.9702 7.3599 -0.0003 -60.5259 7.9568
2 24 -3.585 -56.7686 8.2707 0.0003 -56.436 9.0273
2 24 -2.8515 -80.8837 -18.6625 -2.7867 -78.6555 -18.249
2 24 -5.4839 -75.809 -18.8622 -4.8057 -73.2038 -21.2246
2 24 -2.6901 -76.7286 -19.482 -2.0784 -74.843 -21.2939
2 24 -5.6844 -62.5327 5.1779 -6.6278 -57.5025 7.0242
2 24 -8.5396 -56.7779 1.0579 -6.6278 -57.5025 7.0242
2 24 -5.2136 -78.4922 -9.0104 -6.2955 -74.7706 -6.4031
2 24 -4.5651 -76.643 -4.898 -3.8676 -78.2294 -6.195
2 24 -2.8389 -81.3178 -10.038 -2.7778 -81.8071 -10.9359
2 24 -2.7778 -81.8071 -10.9359 -1.7887 -83.8622 -10.4501
2 24 -1.258 -87.1284 -13.0907 -1.2444 -86.3102 -11.6273
2 24 -1.258 -87.1284 -13.0907 -1.1047 -87.1357 -13.8775
2 24 -1.1047 -87.1357 -13.8775 -1.5933 -86.1769 -14.3796
2 24 -0.0001 -85.8782 -6.1091 -1.5067 -85.2911 -6.127
2 24 -1.5067 -85.2911 -6.127 -1.6496 -85.2631 -7.1503
2 24 -1.5067 -85.2911 -6.127 -1.5331 -84.402 -5.265
2 24 -1.5331 -84.402 -5.265 -1.53 -82.9268 -4.8074
2 24 -1.7052 -82.0699 -4.9246 -1.9538 -81.0729 -5.3015
2 24 -2.8389 -81.3178 -10.038 -2.6416 -80.5943 -8.0479
2 24 -1.5933 -86.1769 -14.3796 -1.1047 -87.1357 -13.8775
2 24 -1.258 -87.1284 -13.0907 -1.1047 -87.1357 -13.8775
2 24 -1.258 -87.1284 -13.0907 -1.2444 -86.3102 -11.6273
2 24 -1.7887 -83.8622 -10.4501 -2.7778 -81.8071 -10.9359
2 24 -2.708 -83.3693 -12.9221 -2.7778 -81.8071 -10.9359
2 24 0.0002 -82.5384 -3.9564 -1.207 -81.9553 -4.1073
2 24 -1.53 -82.9268 -4.8074 -1.7052 -82.0699 -4.9246
2 24 -2.4035 -79.4184 -5.524 -2.3667 -79.7653 -5.924
2 24 -2.4035 -79.4184 -5.524 -2.5599 -78.7583 -4.6908
2 24 -2.5599 -78.7583 -4.6908 -2.1785 -80.3754 -3.7727
2 24 -2.1785 -80.3754 -3.7727 -1.8316 -81.6503 -2.9101
2 24 -1.8275 -81.2731 -1.2051 -1.3364 -82.6794 -1.4967
2 24 -1.8316 -81.6503 -2.9101 -1.3804 -82.9014 -2.0546
2 24 -1.3364 -82.6794 -1.4967 -1.3804 -82.9014 -2.0546
2 24 -1.8316 -81.6503 -2.9101 -2.1785 -80.3754 -3.7727
2 24 -1.8275 -81.2731 -1.2051 -2.2481 -79.1568 -1.2988
2 24 -2.5599 -78.7583 -4.6908 -2.6296 -76.6943 -2.1195
2 24 -2.2481 -79.1568 -1.2988 -2.6296 -76.6943 -2.1195
2 24 -2.5599 -78.7583 -4.6908 -2.1785 -80.3754 -3.7727
2 24 -2.4449 -76.0155 -1.2403 -2.6296 -76.6943 -2.1195
2 24 -2.6296 -76.6943 -2.1195 -2.2481 -79.1568 -1.2988
2 24 -2.4449 -76.0155 -1.2403 -2.4771 -75.7249 -0.8112
2 24 -2.6352 -72.5724 1.7611 -2.5938 -74.2411 0.8351
2 24 -2.6352 -72.5724 1.7611 -2.2813 -74.7646 2.5719
2 24 -2.2813 -74.7646 2.5719 -2.0004 -76.8962 2.8736
2 24 -2.0004 -76.8962 2.8736 -1.6952 -78.4117 2.7082
2 24 -1.6952 -78.4117 2.7082 -2.0004 -76.8962 2.8736
2 24 -2.0004 -76.8962 2.8736 -2.2813 -74.7646 2.5719
2 24 -2.4107 -72.1173 2.7049 -2.6352 -72.5724 1.7611
2 24 -2.6352 -72.5724 1.7611 -2.2813 -74.7646 2.5719
2 24 -1.6838 -73.5611 3.3332 -2.2813 -74.7646 2.5719
2 24 -2.4107 -72.1173 2.7049 -2.6125 -71.3477 2.8215
2 24 -2.1886 -69.0744 6.1345 -2.119 -71.119 6.2681
2 24 -1.6841 -72.8151 6.1447 -1.5683 -73.4351 5.5969
2 24 -2.2813 -74.7646 2.5719 -1.6838 -73.5611 3.3332
2 24 0.0001 -73.9888 3.9294 -1.6838 -73.5611 3.3332
2 24 -1.4965 -79.3179 2.3411 -1.3574 -79.8837 1.8849
2 24 -1.3574 -79.8837 1.8849 -1.2099 -80.2715 1.0437
2 24 -0.0001 -83.4029 -2.0662 -0.9709 -83.1875 -2.124
2 24 -1.8316 -81.6503 -2.9101 -1.3804 -82.9014 -2.0546
2 24 -0.9709 -83.1875 -2.124 -1.3804 -82.9014 -2.0546
2 24 -1.3804 -82.9014 -2.0546 -1.3364 -82.6794 -1.4967
2 24 -1.3364 -82.6794 -1.4967 -1.8275 -81.2731 -1.2051
2 24 -1.3574 -79.8837 1.8849 -1.2099 -80.2715 1.0437
2 24 0 -80.4569 1.2202 -1.2099 -80.2715 1.0437
2 24 -1.6952 -78.4117 2.7082 -1.4965 -79.3179 2.3411
2 24 -1.3574 -79.8837 1.8849 -1.4965 -79.3179 2.3411
2 24 -1.6952 -78.4117 2.7082 -1.4965 -79.3179 2.3411
2 24 -1.6838 -73.5611 3.3332 -1.401 -73.5376 4.6373
2 24 -1.5683 -73.4351 5.5969 -1.401 -73.5376 4.6373
2 24 -1.5683 -73.4351 5.5969 -1.401 -73.5376 4.6373
2 24 -1.6838 -73.5611 3.3332 -1.401 -73.5376 4.6373
2 24 0.0002 -80.1047 0.1567 -1.3401 -79.6914 -0.0463
2 24 -1.8275 -81.2731 -1.2051 -1.3401 -79.6914 -0.0463
2 24 -1.8292 -78.3378 -0.3997 -1.3401 -79.6914 -0.0463
2 24 -2.2481 -79.1568 -1.2988 -1.8275 -81.2731 -1.2051
2 24 -1.3401 -79.6914 -0.0463 -1.8275 -81.2731 -1.2051
2 24 -1.5831 -85.8613 -8.2973 -1.5054 -85.9543 -9.4554
2 24 0 -86.4205 -9.3008 -1.5054 -85.9543 -9.4554
2 24 -1.6496 -85.2631 -7.1503 -1.5831 -85.8613 -8.2973
2 24 -1.7887 -83.8622 -10.4501 -1.1562 -85.2853 -10.3819
2 24 -1.1562 -85.2853 -10.3819 -1.5054 -85.9543 -9.4554
2 24 -1.9778 -85.0735 -15.0296 -1.5933 -86.1769 -14.3796
2 24 -2.4503 -84.6995 -14.595 -1.9778 -85.0735 -15.0296
2 24 -1.5933 -86.1769 -14.3796 -1.9778 -85.0735 -15.0296
2 24 -2.708 -83.3693 -12.9221 -2.4503 -84.6995 -14.595
2 24 -1.2444 -86.3102 -11.6273 -1.1562 -85.2853 -10.3819
2 24 0 -85.5655 -10.3688 -1.1562 -85.2853 -10.3819
2 24 -1.5054 -85.9543 -9.4554 -1.1562 -85.2853 -10.3819
2 24 0 -85.5655 -10.3688 -1.1562 -85.2853 -10.3819
2 24 -1.7887 -83.8622 -10.4501 -1.1562 -85.2853 -10.3819
2 24 -1.2444 -86.3102 -11.6273 -1.1562 -85.2853 -10.3819
2 24 -2.4771 -75.7249 -0.8112 -2.5938 -74.2411 0.8351
2 24 -1.2099 -80.2715 1.0437 -1.3401 -79.6914 -0.0463
2 24 -1.2099 -80.2715 1.0437 -1.3401 -79.6914 -0.0463
2 24 -5.1495 -70.7329 0.8256 -5.3796 -67.624 2.6893
2 24 -2.6125 -71.3477 2.8215 -2.859 -68.1022 4.4648
2 24 -2.6125 -71.3477 2.8215 -2.859 -68.1022 4.4648
2 24 -1.5683 -73.4351 5.5969 -1.6841 -72.8151 6.1447
2 24 -2.859 -68.1022 4.4648 -2.8251 -65.9599 5.4975
2 24 -2.8251 -65.9599 5.4975 -2.1886 -69.0744 6.1345
2 24 -2.119 -71.119 6.2681 -1.6841 -72.8151 6.1447
2 24 -0.0003 -60.5259 7.9568 -2.6966 -60.9702 7.3599
2 24 -2.6966 -60.9702 7.3599 -1.897 -64.606 7.9865
2 24 -2.6966 -60.9702 7.3599 -2.898 -65.0115 5.8923
2 24 -2.6966 -60.9702 7.3599 -1.897 -64.606 7.9865
2 24 -1.897 -64.606 7.9865 -1.6778 -66.0049 7.64
2 24 0 -66.0453 8.1216 -1.6778 -66.0049 7.64
2 24 -1.6778 -66.0049 7.64 -1.7761 -66.5634 6.216
2 24 0.0002 -67.0304 6.7805 -1.7761 -66.5634 6.216
2 24 -2.8251 -65.9599 5.4975 -1.7761 -66.5634 6.216
2 24 -2.898 -65.0115 5.8923 -2.8251 -65.9599 5.4975
2 24 -1.6778 -66.0049 7.64 -1.7761 -66.5634 6.216
2 24 -2.1886 -69.0744 6.1345 -2.8251 -65.9599 5.4975
2 24 -2.8251 -65.9599 5.4975 -1.7761 -66.5634 6.216
2 24 0.0002 -67.0304 6.7805 -1.7761 -66.5634 6.216
2 24 0 -66.0453 8.1216 -1.6778 -66.0049 7.64
2 24 -1.897 -64.606 7.9865 -1.6778 -66.0049 7.64
2 24 -5.6844 -62.5327 5.1779 -5.3796 -67.624 2.6893
2 24 -2.859 -68.1022 4.4648 -2.8251 -65.9599 5.4975
2 24 -2.898 -65.0115 5.8923 -2.8251 -65.9599 5.4975
2 24 -1.6841 -72.8151 6.1447 -2.119 -71.119 6.2681
2 24 -2.1886 -69.0744 6.1345 -2.119 -71.119 6.2681
2 24 -1.5054 -85.9543 -9.4554 -1.5831 -85.8613 -8.2973
2 24 -1.5831 -85.8613 -8.2973 -1.6496 -85.2631 -7.1503
2 24 -1.6496 -85.2631 -7.1503 -1.5067 -85.2911 -6.127
2 24 -1.5067 -85.2911 -6.127 -1.5331 -84.402 -5.265
2 24 -2.6416 -80.5943 -8.0479 -2.3667 -79.7653 -5.924
2 24 -1.5331 -84.402 -5.265 -1.53 -82.9268 -4.8074
2 24 -1.9538 -81.0729 -5.3015 -1.7052 -82.0699 -4.9246
2 24 -1.53 -82.9268 -4.8074 -1.7052 -82.0699 -4.9246
2 24 -2.3667 -79.7653 -5.924 -2.6416 -80.5943 -8.0479
2 24 -2.8389 -81.3178 -10.038 -2.6416 -80.5943 -8.0479
2 24 -2.4503 -84.6995 -14.595 -2.7467 -84.8539 -15.1553
2 24 -2.2712 -84.6766 -16.1066 -2.4503 -84.6995 -14.595
2 24 -2.9943 -85.2662 -16.0931 -2.7467 -84.8539 -15.1553
2 24 -2.2712 -84.6766 -16.1066 -1.9778 -85.0735 -15.0296
2 24 -1.9778 -85.0735 -15.0296 -2.4503 -84.6995 -14.595
2 24 -2.2712 -84.6766 -16.1066 -2.4503 -84.6995 -14.595
2 24 -2.708 -83.3693 -12.9221 -2.4503 -84.6995 -14.595
2 24 -2.7467 -84.8539 -15.1553 -2.4503 -84.6995 -14.595
2 24 -6.9958 -83.5973 -18.9134 -6.4265 -85.9553 -20.1274
2 24 -4.9463 -86.3658 -20.5949 -6.4265 -85.9553 -20.1274
2 24 -2.1376 -83.3025 -19.6905 -2.9813 -85.073 -20.3867
2 24 -4.5184 -58.8891 -26.2166 -4.7724 -58.3562 -25.1317
2 24 -4.7724 -58.3562 -25.1317 -4.7951 -56.9625 -24.9859
2 24 -4.6944 -56.1025 -25.5916 -4.7951 -56.9625 -24.9859
2 24 -12.2095 -41.0194 -3.6047 -12.2933 -45.7531 -3.31
2 24 -12.2095 -41.0194 -3.6047 -12.2933 -45.7531 -3.31
2 24 -8.3051 -39.9106 -6.3291 -4.9554 -44.5492 -7.7522
2 24 -12.2159 -49.214 -2.02 -12.2933 -45.7531 -3.31
2 24 -12.2159 -49.214 -2.02 -12.2933 -45.7531 -3.31
2 24 5.1029 -50.5575 44.7262 4.7218 -51.4446 44.1198
2 24 4.0758 -52.0874 43.3046 4.7218 -51.4446 44.1198
2 24 5.1029 -50.5575 44.7262 4.8941 -48.6499 46.5829
2 24 4.7807 -47.2692 47.2842 4.8941 -48.6499 46.5829
2 24 -4.037 -50.9841 44.3777 -4.374 -49.2697 45.9492
2 24 -3.9219 -50.9624 45.3336 -3.9057 -50.6596 46.4015
2 24 2.656 -29.9417 47.8541 2.5617 -31.5447 46.3021
2 24 0.1986 -30.9326 46.6298 2.5617 -31.5447 46.3021
2 24 -8.7793 -56.3801 8.1358 -6.6278 -57.5025 7.0242
2 24 -6.6278 -57.5025 7.0242 -3.585 -56.7686 8.2707
2 24 -6.6278 -57.5025 7.0242 -8.7793 -56.3801 8.1358
2 24 -8.681 -55.8111 12.6191 -8.7793 -56.3801 8.1358
2 24 0.0003 -56.436 9.0273 -3.585 -56.7686 8.2707
2 24 4.3829 -56.543 8.3382 0.0003 -56.436 9.0273
2 24 2.4188 -60.9703 7.3598 -0.0003 -60.5259 7.9568
2 24 2.3722 -55.8051 14.2727 0 -55.7985 13.796
2 24 -2.3724 -55.8049 14.2726 0 -55.7985 13.796
2 24 1.9013 -34.2217 -4.7495 2.5531 -33.2365 -3.9061
2 24 2.5613 -38.0934 4.3084 2.5531 -33.2365 -3.9061
2 24 -11.0761 0.0175 45.3815 -8.5362 0.0176 45.198
2 24 -4.1253 0.0116 44.7735 -8.5362 0.0176 45.198
2 24 10.2858 0.0104 29.9739 2.5597 0.0139 29.9001
2 24 2.5597 0.0139 29.9001 2.5557 0.0125 34.2381
2 24 3.8801 0.0177 34.9769 2.5557 0.0125 34.2381
2 24 -9.1602 -51.0068 43.8546 -8.8839 -53.1892 41.3864
2 24 -6.1997 -55.8046 20 -5.7276 -55.8048 17.6278
2 24 2.5571 -23.6605 9.2685 2.5626 -29.4899 9.3959
2 24 2.5571 -26.5999 -1.8722 2.5573 -30.2828 -2.0938
2 24 2.5613 -38.0934 4.3084 2.5531 -33.2365 -3.9061
2 24 2.5573 -30.2828 -2.0938 2.5531 -33.2365 -3.9061
2 24 12.2007 -53.7375 11.5263 12.1981 -54.0354 7.7492
2 24 12.2027 -36.3698 -0.8939 12.2019 -40.0035 -2.8435
2 24 12.1981 -54.0354 7.7492 12.2004 -53.995 4.4593
2 24 12.2012 -44.4782 -3.7316 12.202 -48.5064 -2.3089
2 24 12.2019 -40.0035 -2.8435 12.2012 -44.4782 -3.7316
2 24 12.2004 -53.995 4.4593 12.2021 -51.4765 0.1962
2 24 12.2031 -36.3511 7.6643 12.2034 -36.4385 12.8513
2 24 12.202 -48.5064 -2.3089 12.2021 -51.4765 0.1962
2 24 12.2004 -53.995 4.4593 12.1981 -54.0354 7.7492
2 24 1.0875 -77.6873 -23.4711 1.7859 -74.8438 -21.2736
2 24 1.0875 -77.6873 -23.4711 1.1818 -78.9049 -22.1937
2 24 1.7859 -74.8438 -21.2736 2.3947 -76.7188 -19.467
2 24 0 -77.8884 -23.93 1.0875 -77.6873 -23.4711
2 24 0 -74.1355 -21.422 1.7859 -74.8438 -21.2736
2 24 1.0875 -77.6873 -23.4711 1.7859 -74.8438 -21.2736
2 24 1.3337 -54.5039 44.8488 1.4542 -54.5194 40.1571
2 24 3.7314 -52.876 42.3385 1.4542 -54.5194 40.1571
2 24 3.5433 -53.1262 45.2878 3.7317 -52.0963 48.1123
2 24 1.3337 -54.5039 44.8488 1.0318 -53.4062 48.2923
2 24 3.7317 -52.0963 48.1123 3.8508 -49.9062 50.2532
2 24 1.0318 -53.4062 48.2923 0.7648 -51.0556 51.0122
2 24 0.7648 -51.0556 51.0122 -0.6221 -48.7358 52.5778
2 24 3.8508 -49.9062 50.2532 3.5022 -47.3836 51.6748
2 24 -0.6221 -48.7358 52.5778 -1.0792 -46.4144 53.7597
2 24 3.5022 -47.3836 51.6748 2.7607 -44.9185 52.7765
2 24 -1.0792 -46.4144 53.7597 -1.3786 -44.1597 55.0168
2 24 2.7607 -44.9185 52.7765 1.2653 -42.7118 54.9296
2 24 1.2653 -42.7118 54.9296 0.0569 -42.2976 56.1517
2 24 -1.3786 -44.1597 55.0168 -1.4756 -42.9336 56.0505
2 24 0.7648 -51.0556 51.0122 1.0318 -53.4062 48.2923
2 24 -1.0047 -51.2626 50.6637 -1.5256 -53.4979 48.0154
2 24 -1.5256 -53.4979 48.0154 -2.0332 -54.4449 44.5995
2 24 1.0318 -53.4062 48.2923 1.3337 -54.5039 44.8488
2 24 -2.0332 -54.4449 44.5995 -1.7823 -54.4175 40.3103
2 24 -1.7823 -54.4175 40.3103 1.4542 -54.5194 40.1571
2 24 1.3337 -54.5039 44.8488 1.4542 -54.5194 40.1571
2 24 -1.0047 -51.2626 50.6637 -0.6221 -48.7358 52.5778
2 24 0.7648 -51.0556 51.0122 -0.6221 -48.7358 52.5778
2 24 -3.8579 -52.2126 43.0168 -1.7823 -54.4175 40.3103
2 24 -2.0332 -54.4449 44.5995 -1.7823 -54.4175 40.3103
2 24 -2.0332 -54.4449 44.5995 -1.5256 -53.4979 48.0154
2 24 -3.605 -52.4709 44.8673 -3.6772 -51.8368 46.9523
2 24 -1.5256 -53.4979 48.0154 -1.0047 -51.2626 50.6637
2 24 -3.6772 -51.8368 46.9523 -3.7028 -50.36 48.7282
2 24 -1.0792 -46.4144 53.7597 -1.3786 -44.1597 55.0168
2 24 -1.3786 -44.1597 55.0168 -1.4756 -42.9336 56.0505
2 24 -2.7036 -44.4348 53.723 -2.6372 -42.79 54.8075
2 24 -1.4756 -42.9336 56.0505 -1.4582 -42.3789 56.5128
2 24 -2.6372 -42.79 54.8075 -2.2403 -41.6971 55.5275
2 24 -2.2403 -41.6971 55.5275 -2.6372 -42.79 54.8075
2 24 -2.1195 -41.1724 54.0688 -2.6981 -42.4823 53.5634
2 24 -2.7036 -44.4348 53.723 -2.6372 -42.79 54.8075
2 24 -2.6981 -42.4823 53.5634 -3.0573 -44.4267 52.7602
2 24 -3.8579 -52.2126 43.0168 -4.0171 -50.9721 44.3684
2 24 -3.605 -52.4709 44.8673 -3.6772 -51.8368 46.9523
2 24 -3.8977 -50.9564 45.3316 -3.8815 -50.6546 46.3983
2 24 -3.8815 -50.6546 46.3983 -3.876 -49.7457 47.2827
2 24 -3.6772 -51.8368 46.9523 -3.7028 -50.36 48.7282
2 24 -3.7028 -50.36 48.7282 -3.7905 -48.1204 50.0866
2 24 -3.876 -49.7457 47.2827 -3.7983 -47.3517 48.6221
2 24 -3.7905 -48.1204 50.0866 -3.8996 -46.1667 50.8576
2 24 -3.7983 -47.3517 48.6221 -3.8707 -45.6902 49.1079
2 24 -1.0047 -51.2626 50.6637 -0.6221 -48.7358 52.5778
2 24 -3.7028 -50.36 48.7282 -3.7905 -48.1204 50.0866
2 24 -4.1614 -44.1741 51.6152 -4.3637 -42.179 52.4133
2 24 -3.0573 -44.4267 52.7602 -2.6981 -42.4823 53.5634
2 24 -4.1614 -44.1741 51.6152 -4.3637 -42.179 52.4133
2 24 -4.0223 -43.5778 49.6908 -4.1505 -41.0916 50.4877
2 24 -4.3637 -42.179 52.4133 -4.0234 -40.0988 53.4952
2 24 -4.1505 -41.0916 50.4877 -4.0162 -39.0762 51.6225
2 24 -4.0234 -40.0988 53.4952 -3.4031 -37.8099 55.0866
2 24 -4.0162 -39.0762 51.6225 -3.5484 -36.5414 53.4526
2 24 -3.4031 -37.8099 55.0866 -2.5147 -36.9007 56.3711
2 24 -3.5484 -36.5414 53.4526 -2.6009 -34.8951 55.3301
2 24 -3.8996 -46.1667 50.8576 -4.1614 -44.1741 51.6152
2 24 -3.8707 -45.6902 49.1079 -4.0223 -43.5778 49.6908
2 24 -4.1614 -44.1741 51.6152 -3.8996 -46.1667 50.8576
2 24 -2.6009 -34.8951 55.3301 -1.4 -34.1533 56.4278
2 24 -2.5147 -36.9007 56.3711 -1.4026 -36.6076 57.3303
2 24 3.7146 -46.7223 51.1255 4.119 -49.3962 49.7829
2 24 3.5022 -47.3836 51.6748 3.8508 -49.9062 50.2532
2 24 3.8508 -49.9062 50.2532 3.7317 -52.0963 48.1123
2 24 3.5433 -53.1262 45.2878 3.7317 -52.0963 48.1123
2 24 3.7314 -52.876 42.3385 4.0582 -52.0707 43.2985
2 24 4.0582 -52.0707 43.2985 4.7062 -51.426 44.1138
2 24 4.7633 -51.2951 45.83 4.7916 -50.7346 47.602
2 24 4.7916 -50.7346 47.602 4.9082 -48.9378 49.3942
2 24 4.119 -49.3962 49.7829 3.7146 -46.7223 51.1255
2 24 4.9082 -48.9378 49.3942 4.8444 -46.2528 50.6719
2 24 3.5022 -47.3836 51.6748 2.7607 -44.9185 52.7765
2 24 3.7146 -46.7223 51.1255 2.9439 -44.1321 51.8566
2 24 4.8444 -46.2528 50.6719 4.5124 -43.7337 51.1315
2 24 3.7146 -46.7223 51.1255 2.9439 -44.1321 51.8566
2 24 4.7042 -42.3816 49.7449 4.8675 -45.4859 49.4044
2 24 4.5124 -43.7337 51.1315 4.8444 -46.2528 50.6719
2 24 2.9439 -44.1321 51.8566 1.4295 -42.2355 52.8918
2 24 2.7607 -44.9185 52.7765 1.2653 -42.7118 54.9296
2 24 4.8444 -46.2528 50.6719 4.9082 -48.9378 49.3942
2 24 4.9082 -48.9378 49.3942 4.7916 -50.7346 47.602
2 24 4.7633 -51.2951 45.83 4.7916 -50.7346 47.602
2 24 4.7062 -51.426 44.1138 5.0828 -50.5454 44.7174
2 24 4.8675 -45.4859 49.4044 4.7042 -42.3816 49.7449
2 24 4.4377 -45.0341 48.5077 4.2009 -42.2365 48.872
2 24 4.4486 -40.0968 50.2343 4.2103 -38.1355 50.9232
2 24 3.7461 -39.7311 49.3394 3.3422 -37.9151 49.7371
2 24 4.2103 -38.1355 50.9232 3.962 -36.5598 52.0249
2 24 3.3422 -37.9151 49.7371 3.2322 -36.0704 51.2397
2 24 3.962 -36.5598 52.0249 3.1468 -35.1334 55.0425
2 24 3.2322 -36.0704 51.2397 3.1537 -34.4974 53.1967
2 24 3.1537 -34.4974 53.1967 2.8046 -33.7262 55.6544
2 24 3.875 -41.21 51.7865 3.2846 -39.5325 52.8451
2 24 4.4486 -40.0968 50.2343 4.2103 -38.1355 50.9232
2 24 4.2103 -38.1355 50.9232 3.962 -36.5598 52.0249
2 24 3.2846 -39.5325 52.8451 2.8132 -38.4211 53.9169
2 24 2.8132 -38.4211 53.9169 2.1879 -36.8319 56.0506
2 24 3.1468 -35.1334 55.0425 3.962 -36.5598 52.0249
2 24 2.1879 -36.8319 56.0506 1.4262 -35.9273 57.8191
2 24 2.8046 -33.7262 55.6544 2.0867 -33.639 56.9973
2 24 1.4262 -35.9273 57.8191 2.1879 -36.8319 56.0506
2 24 0.2698 -36.4237 58.2349 -0.5523 -37.982 56.1655
2 24 4.5124 -43.7337 51.1315 3.875 -41.21 51.7865
2 24 4.7042 -42.3816 49.7449 4.4486 -40.0968 50.2343
2 24 1.1818 -78.9049 -22.1937 1.0875 -77.6873 -23.4711
2 24 1.0875 -77.6873 -23.4711 0 -77.8884 -23.93
2 24 0.8797 -82.8922 -20.7169 0.8527 -81.2251 -20.3932
2 24 0.8797 -82.8922 -20.7169 0.639 -83.9156 -20.6662
2 24 0.639 -83.9156 -20.6662 0 -83.9738 -20.9008
2 24 0.6901 -84.6911 -19.7611 0.639 -83.9156 -20.6662
2 24 0.639 -83.9156 -20.6662 0 -83.9738 -20.9008
2 24 0.8797 -82.8922 -20.7169 0.639 -83.9156 -20.6662
2 24 1.8611 -83.3024 -19.6655 1.9 -84.1226 -18.9323
2 24 0.639 -83.9156 -20.6662 0.6901 -84.6911 -19.7611
2 24 0.8797 -82.8922 -20.7169 0.8527 -81.2251 -20.3932
2 24 1.8611 -83.3024 -19.6655 2.5625 -80.8895 -18.6408
2 24 0.8956 -80.0802 -20.3232 0 -80.0783 -20.3902
2 24 1.1818 -78.9049 -22.1937 0.8956 -80.0802 -20.3232
2 24 0 -79.3473 -22.8876 0 -80.0783 -20.3902
2 24 1.1818 -78.9049 -22.1937 0.8956 -80.0802 -20.3232
2 24 2.3947 -76.7188 -19.467 2.4941 -78.6524 -18.229
2 24 0.6901 -84.6911 -19.7611 0.9196 -84.965 -18.0835
2 24 0 -84.524 -16.0911 1.3115 -84.4736 -16.0193
2 24 2.0034 -84.6539 -16.1042 1.9347 -84.4729 -17.8787
2 24 0.6901 -84.6911 -19.7611 0.9196 -84.965 -18.0835
2 24 1.9 -84.1226 -18.9323 1.9347 -84.4729 -17.8787
2 24 0.8527 -81.2251 -20.3932 0.8956 -80.0802 -20.3232
2 24 0.8527 -81.2251 -20.3932 0.8956 -80.0802 -20.3232
2 24 2.5625 -80.8895 -18.6408 2.4941 -78.6524 -18.229
2 24 2.9439 -44.1321 51.8566 1.4295 -42.2355 52.8918
2 24 4.5124 -43.7337 51.1315 3.875 -41.21 51.7865
2 24 4.2009 -42.2365 48.872 3.7461 -39.7311 49.3394
2 24 4.7042 -42.3816 49.7449 4.4486 -40.0968 50.2343
2 24 2.1879 -36.8319 56.0506 2.8132 -38.4211 53.9169
2 24 -0.5523 -37.982 56.1655 -0.9206 -40.1132 54.79
2 24 1.4295 -42.2355 52.8918 0.3862 -40.8071 53.9191
2 24 3.875 -41.21 51.7865 3.2846 -39.5325 52.8451
2 24 2.8132 -38.4211 53.9169 3.2846 -39.5325 52.8451
2 24 -0.9206 -40.1132 54.79 0.3862 -40.8071 53.9191
2 24 -1.4026 -36.6076 57.3303 -0.5713 -36.0647 58.1045
2 24 -1.4 -34.1533 56.4278 -0.8364 -34.9878 58.0151
2 24 -1.4 -34.1533 56.4278 -0.5503 -33.9513 56.979
2 24 -0.5713 -36.0647 58.1045 -1.4026 -36.6076 57.3303
2 24 0.2698 -36.4237 58.2349 -0.5523 -37.982 56.1655
2 24 -2.5147 -36.9007 56.3711 -3.4031 -37.8099 55.0866
2 24 -0.5523 -37.982 56.1655 -0.9206 -40.1132 54.79
2 24 -3.4031 -37.8099 55.0866 -4.0234 -40.0988 53.4952
2 24 0.5782 -35.8425 58.6873 0.0262 -35.5172 58.5747
2 24 0.2698 -36.4237 58.2349 0.5782 -35.8425 58.6873
2 24 -0.5713 -36.0647 58.1045 0.0262 -35.5172 58.5747
2 24 -0.5713 -36.0647 58.1045 0.0262 -35.5172 58.5747
2 24 -2.2403 -41.6971 55.5275 -1.2087 -41.0391 56.3541
2 24 -1.4582 -42.3789 56.5128 -1.1932 -42.0317 56.7711
2 24 -1.2087 -41.0391 56.3541 -1.1932 -42.0317 56.7711
2 24 -2.1195 -41.1724 54.0688 -0.9206 -40.1132 54.79
2 24 -2.2403 -41.6971 55.5275 -1.2087 -41.0391 56.3541
2 24 -0.9206 -40.1132 54.79 -1.2087 -41.0391 56.3541
2 24 -4.3637 -42.179 52.4133 -4.0234 -40.0988 53.4952
2 24 -2.6981 -42.4823 53.5634 -2.1195 -41.1724 54.0688
2 24 -0.9206 -40.1132 54.79 -2.1195 -41.1724 54.0688
2 24 -1.4756 -42.9336 56.0505 -1.4582 -42.3789 56.5128
2 24 -1.4582 -42.3789 56.5128 -1.1932 -42.0317 56.7711
2 24 0.0569 -42.2976 56.1517 -1.1932 -42.0317 56.7711
2 24 0.3862 -40.8071 53.9191 -0.9206 -40.1132 54.79
2 24 -0.9206 -40.1132 54.79 -1.2087 -41.0391 56.3541
2 24 1.4295 -42.2355 52.8918 0.3862 -40.8071 53.9191
2 24 1.2653 -42.7118 54.9296 0.0569 -42.2976 56.1517
2 24 -1.2087 -41.0391 56.3541 -1.1932 -42.0317 56.7711
2 24 0.0569 -42.2976 56.1517 -1.1932 -42.0317 56.7711
2 24 -1.0792 -46.4144 53.7597 -0.6221 -48.7358 52.5778
2 24 -1.4026 -36.6076 57.3303 -2.5147 -36.9007 56.3711
2 24 4.4377 -45.0341 48.5077 4.5871 -47.1882 48.0742
2 24 4.5871 -47.1882 48.0742 4.4377 -45.0341 48.5077
2 24 4.5959 -45.4599 47.8184 4.7643 -47.2637 47.2661
2 24 4.7643 -47.2637 47.2661 4.8713 -48.6458 46.5734
2 24 -4.3586 -49.257 45.9341 -4.5085 -47.1408 47.2535
2 24 -3.876 -49.7457 47.2827 -3.7983 -47.3517 48.6221
2 24 -4.5085 -47.1408 47.2535 -4.5038 -45.3657 48.1609
2 24 -3.7983 -47.3517 48.6221 -3.8707 -45.6902 49.1079
2 24 -3.8707 -45.6902 49.1079 -4.0223 -43.5778 49.6908
2 24 -4.5038 -45.3657 48.1609 -4.7529 -43.1083 48.7337
2 24 -4.7929 -45.357 47.7145 -4.8937 -43.0111 48.0759
2 24 -4.5038 -45.3657 48.1609 -4.7529 -43.1083 48.7337
2 24 -4.5038 -45.3657 48.1609 -4.5085 -47.1408 47.2535
2 24 -4.7929 -45.357 47.7145 -4.5085 -47.1408 47.2535
2 24 -4.7529 -43.1083 48.7337 -4.8313 -40.3188 49.4177
2 24 -4.8937 -43.0111 48.0759 -4.9343 -40.0503 48.1057
2 24 -4.8313 -40.3188 49.4177 -4.6655 -38.2767 50.07
2 24 -4.9343 -40.0503 48.1057 -4.9251 -37.9197 48.1166
2 24 -4.0223 -43.5778 49.6908 -4.1505 -41.0916 50.4877
2 24 -4.7529 -43.1083 48.7337 -4.8313 -40.3188 49.4177
2 24 -4.1505 -41.0916 50.4877 -4.0162 -39.0762 51.6225
2 24 -4.2583 -36.7398 51.0364 -4.6655 -38.2767 50.07
2 24 -4.4121 -39.3479 50.4295 -4.2583 -36.7398 51.0364
2 24 -4.8313 -40.3188 49.4177 -4.6655 -38.2767 50.07
2 24 -4.4121 -39.3479 50.4295 -4.1906 -36.9449 51.8521
2 24 -4.4121 -39.3479 50.4295 -4.2583 -36.7398 51.0364
2 24 -4.2583 -36.7398 51.0364 -3.6403 -33.6887 52.3821
2 24 -4.1906 -36.9449 51.8521 -3.8396 -34.5707 53.7403
2 24 4.0609 -38.9989 46.5125 4.0231 -35.6508 47.3307
2 24 4.0093 -38.1724 48.8526 3.9739 -35.6667 49.3946
2 24 3.3422 -37.9151 49.7371 3.1429 -35.4293 50.501
2 24 3.2322 -36.0704 51.2397 3.3422 -37.9151 49.7371
2 24 3.1429 -35.4293 50.501 3.247 -33.028 51.7886
2 24 3.2322 -36.0704 51.2397 3.1537 -34.4974 53.1967
2 24 3.1537 -34.4974 53.1967 2.8046 -33.7262 55.6544
2 24 2.5364 -31.1942 58.1979 2.0867 -33.639 56.9973
2 24 2.8046 -33.7262 55.6544 2.0867 -33.639 56.9973
2 24 2.6151 -29.9745 56.4667 2.3995 -30.3799 58.0403
2 24 2.5364 -31.1942 58.1979 2.3995 -30.3799 58.0403
2 24 2.6151 -29.9745 56.4667 3.0536 -30.5981 54.0607
2 24 3.247 -33.028 51.7886 3.0536 -30.5981 54.0607
2 24 4.1102 -31.821 51.2622 3.3189 -30.2484 52.5706
2 24 3.3189 -30.2484 52.5706 3.0536 -30.5981 54.0607
2 24 3.247 -33.028 51.7886 3.0536 -30.5981 54.0607
2 24 3.247 -33.028 51.7886 3.1429 -35.4293 50.501
2 24 4.1102 -31.821 51.2622 3.9739 -35.6667 49.3946
2 24 3.1429 -35.4293 50.501 3.3422 -37.9151 49.7371
2 24 3.9739 -35.6667 49.3946 4.0093 -38.1724 48.8526
2 24 3.9739 -35.6667 49.3946 4.1102 -31.821 51.2622
2 24 4.0231 -35.6508 47.3307 4.1613 -31.9714 49.4176
2 24 3.9135 -35.6199 46.5335 3.3266 -32.4279 46.9894
2 24 4.1613 -31.9714 49.4176 4.0231 -35.6508 47.3307
2 24 3.9135 -35.6199 46.5335 4.0609 -38.9989 46.5125
2 24 4.0231 -35.6508 47.3307 4.0609 -38.9989 46.5125
2 24 3.3422 -37.9151 49.7371 3.7461 -39.7311 49.3394
2 24 4.0093 -38.1724 48.8526 4.0521 -39.9044 48.6181
2 24 3.7461 -39.7311 49.3394 4.2009 -42.2365 48.872
2 24 4.4377 -45.0341 48.5077 4.2009 -42.2365 48.872
2 24 4.5959 -45.4599 47.8184 4.3027 -41.3864 47.4616
2 24 4.0093 -38.1724 48.8526 4.0521 -39.9044 48.6181
2 24 4.0609 -38.9989 46.5125 4.3027 -41.3864 47.4616
2 24 -2.844 -31.4801 56.6821 -3.8396 -34.5707 53.7403
2 24 -1.4 -34.1533 56.4278 -2.6009 -34.8951 55.3301
2 24 -2.2362 -31.7209 46.3186 -2.2362 -30.1006 47.5719
2 24 -2.2362 -31.7209 46.3186 0.1985 -30.9432 46.6525
2 24 3.3189 -30.2484 52.5706 3.0536 -30.5981 54.0607
2 24 3.0536 -30.5981 54.0607 -0.0112 -30.2225 54.3681
2 24 3.0536 -30.5981 54.0607 -0.0112 -30.2225 54.3681
2 24 3.0536 -30.5981 54.0607 2.6151 -29.9745 56.4667
2 24 2.6151 -29.9745 56.4667 2.3995 -30.3799 58.0403
2 24 2.3995 -30.3799 58.0403 2.5364 -31.1942 58.1979
2 24 2.5364 -31.1942 58.1979 2.0867 -33.639 56.9973
2 24 2.0867 -33.639 56.9973 1.2785 -33.5992 57.3337
2 24 1.2785 -33.5992 57.3337 0.48 -33.702 57.3498
2 24 0.0262 -35.5172 58.5747 0.5782 -35.8425 58.6873
2 24 0.8981 -35.4986 58.6906 0.5782 -35.8425 58.6873
2 24 0.2698 -36.4237 58.2349 0.5782 -35.8425 58.6873
2 24 0.5782 -35.8425 58.6873 0.8981 -35.4986 58.6906
2 24 1.4262 -35.9273 57.8191 0.8981 -35.4986 58.6906
2 24 1.4262 -35.9273 57.8191 0.8981 -35.4986 58.6906
2 24 0.8981 -35.4986 58.6906 1.1115 -34.7385 58.4343
2 24 2.0867 -33.639 56.9973 1.2785 -33.5992 57.3337
2 24 1.2785 -33.5992 57.3337 0.48 -33.702 57.3498
2 24 -0.5503 -33.9513 56.979 0.48 -33.702 57.3498
2 24 -1.914 -30.2012 57.4393 -1.9467 -30.8599 57.6777
2 24 0.48 -33.702 57.3498 -0.5503 -33.9513 56.979
2 24 -1.4 -34.1533 56.4278 -0.5503 -33.9513 56.979
2 24 -2.844 -31.4801 56.6821 -1.9467 -30.8599 57.6777
2 24 -1.914 -30.2012 57.4393 -2.2943 -30.1085 56.3198
2 24 -2.2943 -30.1085 56.3198 -2.117 -30.4124 54.5716
2 24 -2.117 -30.4124 54.5716 -2.9178 -31.2401 53.7147
2 24 -3.6403 -33.6887 52.3821 -2.9178 -31.2401 53.7147
2 24 -3.8396 -34.5707 53.7403 -2.844 -31.4801 56.6821
2 24 -4.9251 -37.9197 48.1166 -4.763 -35.9415 49.0393
2 24 -4.6655 -38.2767 50.07 -4.2583 -36.7398 51.0364
2 24 -4.763 -35.9415 49.0393 -4.3613 -32.9397 50.6195
2 24 -4.2583 -36.7398 51.0364 -3.6403 -33.6887 52.3821
2 24 -4.3613 -32.9397 50.6195 -4.763 -35.9415 49.0393
2 24 -4.2174 -32.8482 49.6302 -4.6371 -35.9997 48.2851
2 24 -4.2174 -32.8482 49.6302 -3.4883 -30.3141 51.6907
2 24 -4.3613 -32.9397 50.6195 -3.321 -30.2516 52.5663
2 24 -3.6403 -33.6887 52.3821 -2.9178 -31.2401 53.7147
2 24 -4.3613 -32.9397 50.6195 -3.321 -30.2516 52.5663
2 24 -3.321 -30.2516 52.5663 -2.43 -29.7228 53.0464
2 24 -2.9178 -31.2401 53.7147 -2.117 -30.4124 54.5716
2 24 -2.43 -29.7228 53.0464 -2.117 -30.4124 54.5716
2 24 -2.43 -29.7228 53.0464 -2.2362 -29.584 52.5309
2 24 -3.321 -30.2516 52.5663 -2.43 -29.7228 53.0464
2 24 -3.4883 -30.3141 51.6907 -2.2362 -29.584 52.5309
2 24 -2.6009 -34.8951 55.3301 -3.5484 -36.5414 53.4526
2 24 -0.0112 -30.2225 54.3681 -2.117 -30.4124 54.5716
2 24 -0.0112 -30.2225 54.3681 -2.117 -30.4124 54.5716
2 24 3.3189 -30.2484 52.5706 3.2214 -29.8358 50.4257
2 24 3.2214 -29.8358 50.4257 3.3189 -30.2484 52.5706
2 24 4.1102 -31.821 51.2622 3.3189 -30.2484 52.5706
2 24 3.3266 -32.4279 46.9894 2.657 -29.9658 47.8475
2 24 3.2214 -29.8358 50.4257 2.657 -29.9658 47.8475
2 24 3.2214 -29.8358 50.4257 2.657 -29.9658 47.8475
2 24 -2.2362 -30.1006 47.5719 -2.2362 -29.4131 50.3638
2 24 -2.2362 -29.4131 50.3638 -2.2362 -29.584 52.5309
2 24 -2.43 -29.7228 53.0464 -2.2362 -29.584 52.5309
2 24 -3.8396 -34.5707 53.7403 -4.1906 -36.9449 51.8521
2 24 -4.0162 -39.0762 51.6225 -3.5484 -36.5414 53.4526
2 24 -4.4121 -39.3479 50.4295 -4.1906 -36.9449 51.8521
2 24 -3.876 -49.7457 47.2827 -3.8815 -50.6546 46.3983
2 24 1.488 -83.8519 -10.4503 2.4803 -81.7935 -10.9432
2 24 2.4803 -81.7935 -10.9432 2.5434 -81.3036 -10.0489
2 24 0.9514 -86.2939 -11.6388 0.9677 -87.1079 -13.0979
2 24 0.9677 -87.1079 -13.0979 0.8118 -87.1183 -13.8676
2 24 0.8118 -87.1183 -13.8676 1.2985 -86.1631 -14.3673
2 24 0 -85.8548 -6.1179 0 -85.7263 -7.2517
2 24 1.2103 -85.2762 -6.1348 1.3537 -85.2464 -7.1551
2 24 1.2103 -85.2762 -6.1348 1.2368 -84.3938 -5.2798
2 24 1.2368 -84.3938 -5.2798 1.233 -82.9206 -4.8225
2 24 0 -84.7618 -4.8904 0 -82.5155 -3.9666
2 24 1.6518 -81.0687 -5.3071 1.4044 -82.0659 -4.9337
2 24 2.5434 -81.3036 -10.0489 2.3421 -80.5838 -8.0548
2 24 0.8118 -87.1183 -13.8676 1.2985 -86.1631 -14.3673
2 24 0.8118 -87.1183 -13.8676 0.9677 -87.1079 -13.0979
2 24 0.9677 -87.1079 -13.0979 0.9514 -86.2939 -11.6388
2 24 2.4803 -81.7935 -10.9432 1.488 -83.8519 -10.4503
2 24 2.4803 -81.7935 -10.9432 2.4144 -83.3538 -12.9341
2 24 0 -82.5155 -3.9666 0.9102 -81.9389 -4.1077
2 24 1.233 -82.9206 -4.8225 1.4044 -82.0659 -4.9337
2 24 2.0674 -79.7543 -5.9309 2.1031 -79.4081 -5.5277
2 24 2.2589 -78.7496 -4.6952 1.8768 -80.3676 -3.7717
2 24 2.1031 -79.4081 -5.5277 2.2589 -78.7496 -4.6952
2 24 1.8768 -80.3676 -3.7717 1.531 -81.6402 -2.9071
2 24 1.53 -81.2654 -1.2187 1.0416 -82.6684 -1.5116
2 24 1.0416 -82.6684 -1.5116 1.0815 -82.8882 -2.0516
2 24 1.531 -81.6402 -2.9071 1.0815 -82.8882 -2.0516
2 24 1.53 -81.2654 -1.2187 1.9465 -79.1536 -1.306
2 24 1.531 -81.6402 -2.9071 1.8768 -80.3676 -3.7717
2 24 2.2589 -78.7496 -4.6952 1.8768 -80.3676 -3.7717
2 24 2.2589 -78.7496 -4.6952 2.329 -76.6874 -2.1273
2 24 1.9465 -79.1536 -1.306 2.329 -76.6874 -2.1273
2 24 2.1459 -76.0059 -1.2497 2.329 -76.6874 -2.1273
2 24 2.329 -76.6874 -2.1273 1.9465 -79.1536 -1.306
2 24 2.1459 -76.0059 -1.2497 2.1772 -75.715 -0.8176
2 24 1.527 -78.3335 -0.4041 1.0452 -79.6773 -0.0579
2 24 1.0452 -79.6773 -0.0579 0.9169 -80.2517 1.0448
2 24 2.3357 -72.5667 1.7498 1.9833 -74.7636 2.5571
2 24 2.3357 -72.5667 1.7498 2.2938 -74.2328 0.8268
2 24 1.9833 -74.7636 2.5571 1.7042 -76.8933 2.8568
2 24 1.7042 -76.8933 2.8568 1.4002 -78.4044 2.6915
2 24 1.7042 -76.8933 2.8568 1.4002 -78.4044 2.6915
2 24 1.7042 -76.8933 2.8568 1.9833 -74.7636 2.5571
2 24 1.9833 -74.7636 2.5571 2.3357 -72.5667 1.7498
2 24 1.9833 -74.7636 2.5571 1.3881 -73.5504 3.3191
2 24 2.1099 -72.1096 2.6984 2.3357 -72.5667 1.7498
2 24 2.1099 -72.1096 2.6984 2.3132 -71.3395 2.8113
2 24 1.8935 -69.0737 6.1164 1.8241 -71.1169 6.2499
2 24 1.2753 -73.417 5.5885 1.3902 -72.8066 6.1274
2 24 0 -75.1824 3.4375 0 -73.9683 3.9152
2 24 0 -73.9683 3.9152 1.3881 -73.5504 3.3191
2 24 1.9833 -74.7636 2.5571 1.3881 -73.5504 3.3191
2 24 1.2025 -79.3061 2.3261 1.064 -79.8667 1.8751
2 24 0.9169 -80.2517 1.0448 1.064 -79.8667 1.8751
2 24 0.6825 -83.1655 -2.1183 0 -83.3779 -2.0648
2 24 0.6825 -83.1655 -2.1183 1.0815 -82.8882 -2.0516
2 24 1.531 -81.6402 -2.9071 1.0815 -82.8882 -2.0516
2 24 1.0815 -82.8882 -2.0516 1.0416 -82.6684 -1.5116
2 24 1.0416 -82.6684 -1.5116 1.53 -81.2654 -1.2187
2 24 1.064 -79.8667 1.8751 0.9169 -80.2517 1.0448
2 24 0.9169 -80.2517 1.0448 0 -80.432 1.2178
2 24 1.4002 -78.4044 2.6915 1.2025 -79.3061 2.3261
2 24 1.064 -79.8667 1.8751 1.2025 -79.3061 2.3261
2 24 1.4002 -78.4044 2.6915 1.2025 -79.3061 2.3261
2 24 1.3881 -73.5504 3.3191 1.1096 -73.5166 4.6357
2 24 1.2753 -73.417 5.5885 1.1096 -73.5166 4.6357
2 24 1.3881 -73.5504 3.3191 1.1096 -73.5166 4.6357
2 24 1.1096 -73.5166 4.6357 1.2753 -73.417 5.5885
2 24 0 -80.0807 0.1497 1.0452 -79.6773 -0.0579
2 24 1.53 -81.2654 -1.2187 1.0452 -79.6773 -0.0579
2 24 1.9465 -79.1536 -1.306 1.53 -81.2654 -1.2187
2 24 1.0452 -79.6773 -0.0579 1.53 -81.2654 -1.2187
2 24 1.2876 -85.8441 -8.3019 1.2108 -85.9372 -9.448
2 24 1.2108 -85.9372 -9.448 0 -86.3964 -9.2941
2 24 1.3537 -85.2464 -7.1551 1.2876 -85.8441 -8.3019
2 24 1.2108 -85.9372 -9.448 0.8609 -85.2674 -10.3812
2 24 1.488 -83.8519 -10.4503 0.8609 -85.2674 -10.3812
2 24 1.6874 -85.0561 -15.0167 1.2985 -86.1631 -14.3673
2 24 2.1595 -84.6784 -14.5985 1.6874 -85.0561 -15.0167
2 24 1.2985 -86.1631 -14.3673 1.6874 -85.0561 -15.0167
2 24 2.4144 -83.3538 -12.9341 2.1595 -84.6784 -14.5985
2 24 0.8609 -85.2674 -10.3812 0 -85.5405 -10.3691
2 24 0.9514 -86.2939 -11.6388 0.8609 -85.2674 -10.3812
2 24 0 -85.5405 -10.3691 0.8609 -85.2674 -10.3812
2 24 1.2108 -85.9372 -9.448 0.8609 -85.2674 -10.3812
2 24 0.9514 -86.2939 -11.6388 0.8609 -85.2674 -10.3812
2 24 1.488 -83.8519 -10.4503 0.8609 -85.2674 -10.3812
2 24 2.1772 -75.715 -0.8176 2.2938 -74.2328 0.8268
2 24 0.9169 -80.2517 1.0448 1.0452 -79.6773 -0.0579
2 24 2.3132 -71.3395 2.8113 2.5607 -68.0956 4.452
2 24 1.2753 -73.417 5.5885 1.3902 -72.8066 6.1274
2 24 2.5294 -65.9548 5.4807 1.8935 -69.0737 6.1164
2 24 2.5607 -68.0956 4.452 2.5294 -65.9548 5.4807
2 24 1.8241 -71.1169 6.2499 1.3902 -72.8066 6.1274
2 24 0 -60.5225 7.9321 2.4055 -60.9673 7.3389
2 24 2.4055 -60.9673 7.3389 1.604 -64.6045 7.9666
2 24 2.4055 -60.9673 7.3389 1.604 -64.6045 7.9666
2 24 2.4055 -60.9673 7.3389 2.6025 -65.0047 5.8759
2 24 1.604 -64.6045 7.9666 1.387 -65.9912 7.6236
2 24 0 -66.0318 8.1006 1.387 -65.9912 7.6236
2 24 0 -67.0179 6.7589 1.4832 -66.5506 6.2006
2 24 1.387 -65.9912 7.6236 1.4832 -66.5506 6.2006
2 24 1.387 -65.9912 7.6236 1.4832 -66.5506 6.2006
2 24 1.4832 -66.5506 6.2006 2.5294 -65.9548 5.4807
2 24 2.6025 -65.0047 5.8759 2.5294 -65.9548 5.4807
2 24 2.5294 -65.9548 5.4807 1.4832 -66.5506 6.2006
2 24 1.8935 -69.0737 6.1164 2.5294 -65.9548 5.4807
2 24 1.4832 -66.5506 6.2006 0 -67.0179 6.7589
2 24 0 -66.0318 8.1006 1.387 -65.9912 7.6236
2 24 1.604 -64.6045 7.9666 1.387 -65.9912 7.6236
2 24 -4.763 -35.9415 49.0393 -4.9251 -37.9197 48.1166
2 24 -4.6371 -35.9997 48.2851 -4.9251 -37.9197 48.1166
2 24 1.3902 -72.8066 6.1274 1.8241 -71.1169 6.2499
2 24 1.8935 -69.0737 6.1164 1.8241 -71.1169 6.2499
2 24 1.2108 -85.9372 -9.448 1.2876 -85.8441 -8.3019
2 24 1.2876 -85.8441 -8.3019 1.3537 -85.2464 -7.1551
2 24 1.3537 -85.2464 -7.1551 1.2103 -85.2762 -6.1348
2 24 1.2103 -85.2762 -6.1348 1.2368 -84.3938 -5.2798
2 24 2.3421 -80.5838 -8.0548 2.0674 -79.7543 -5.9309
2 24 1.2368 -84.3938 -5.2798 1.233 -82.9206 -4.8225
2 24 1.6518 -81.0687 -5.3071 1.4044 -82.0659 -4.9337
2 24 1.233 -82.9206 -4.8225 1.4044 -82.0659 -4.9337
2 24 2.0034 -84.6539 -16.1042 1.6874 -85.0561 -15.0167
2 24 1.6874 -85.0561 -15.0167 2.1595 -84.6784 -14.5985
2 24 2.0034 -84.6539 -16.1042 2.1595 -84.6784 -14.5985
2 24 -3.7905 -48.1204 50.0866 -3.8996 -46.1667 50.8576
2 24 -2.6726 -76.7188 -19.467 -2.0638 -74.8438 -21.2736
2 24 -2.0638 -74.8438 -21.2736 -1.3655 -77.6873 -23.4711
2 24 -1.4597 -78.9049 -22.1937 -1.3655 -77.6873 -23.4711
2 24 0 -74.1355 -21.422 -2.0638 -74.8438 -21.2736
2 24 -2.0638 -74.8438 -21.2736 -1.3655 -77.6873 -23.4711
2 24 0 -77.8884 -23.93 -1.3655 -77.6873 -23.4711
2 24 0 -77.8884 -23.93 -1.3655 -77.6873 -23.4711
2 24 -1.3655 -77.6873 -23.4711 -1.4597 -78.9049 -22.1937
2 24 -1.1577 -82.8922 -20.7169 -1.1306 -81.2251 -20.3932
2 24 -1.1577 -82.8922 -20.7169 -0.9169 -83.9156 -20.6662
2 24 0 -83.9738 -20.9008 -0.9169 -83.9156 -20.6662
2 24 0 -83.9738 -20.9008 -0.9169 -83.9156 -20.6662
2 24 -0.9169 -83.9156 -20.6662 -0.9681 -84.6911 -19.7611
2 24 -1.1577 -82.8922 -20.7169 -0.9169 -83.9156 -20.6662
2 24 -2.1391 -83.3024 -19.6655 -2.1779 -84.1226 -18.9323
2 24 -0.9169 -83.9156 -20.6662 -0.9681 -84.6911 -19.7611
2 24 -1.1577 -82.8922 -20.7169 -1.1306 -81.2251 -20.3932
2 24 -2.1391 -83.3024 -19.6655 -2.8405 -80.8895 -18.6408
2 24 -1.4597 -78.9049 -22.1937 -1.1736 -80.0802 -20.3232
2 24 0 -80.0783 -20.3902 -1.1736 -80.0802 -20.3232
2 24 -2.6726 -76.7188 -19.467 -2.7721 -78.6524 -18.229
2 24 -1.4597 -78.9049 -22.1937 -1.1736 -80.0802 -20.3232
2 24 -0.9681 -84.6911 -19.7611 -1.1975 -84.965 -18.0835
2 24 0 -84.524 -16.0911 -1.5894 -84.4736 -16.0193
2 24 -2.2126 -84.4729 -17.8787 -2.2814 -84.6539 -16.1042
2 24 -2.1779 -84.1226 -18.9323 -2.2126 -84.4729 -17.8787
2 24 -0.9681 -84.6911 -19.7611 -1.1975 -84.965 -18.0835
2 24 -1.1306 -81.2251 -20.3932 -1.1736 -80.0802 -20.3232
2 24 -1.1306 -81.2251 -20.3932 -1.1736 -80.0802 -20.3232
2 24 -2.8405 -80.8895 -18.6408 -2.7721 -78.6524 -18.229
2 24 -2.8214 -81.3036 -10.0489 -2.7582 -81.7935 -10.9432
2 24 -2.7582 -81.7935 -10.9432 -1.7659 -83.8519 -10.4503
2 24 -1.2456 -87.1079 -13.0979 -1.2293 -86.2939 -11.6388
2 24 -1.2456 -87.1079 -13.0979 -1.0897 -87.1183 -13.8676
2 24 -1.0897 -87.1183 -13.8676 -1.5764 -86.1631 -14.3673
2 24 0 -85.8548 -6.1179 -1.4882 -85.2762 -6.1348
2 24 -1.4882 -85.2762 -6.1348 -1.6317 -85.2464 -7.1551
2 24 -1.4882 -85.2762 -6.1348 -1.5147 -84.3938 -5.2798
2 24 -1.5147 -84.3938 -5.2798 -1.511 -82.9206 -4.8225
2 24 -1.6823 -82.0659 -4.9337 -1.9298 -81.0687 -5.3071
2 24 -2.8214 -81.3036 -10.0489 -2.62 -80.5838 -8.0548
2 24 -1.5764 -86.1631 -14.3673 -1.0897 -87.1183 -13.8676
2 24 -1.2456 -87.1079 -13.0979 -1.0897 -87.1183 -13.8676
2 24 -1.2456 -87.1079 -13.0979 -1.2293 -86.2939 -11.6388
2 24 -1.7659 -83.8519 -10.4503 -2.7582 -81.7935 -10.9432
2 24 -2.6924 -83.3538 -12.9341 -2.7582 -81.7935 -10.9432
2 24 0 -82.5155 -3.9666 -1.1882 -81.9389 -4.1077
2 24 -1.511 -82.9206 -4.8225 -1.6823 -82.0659 -4.9337
2 24 -2.381 -79.4081 -5.5277 -2.3454 -79.7543 -5.9309
2 24 -2.381 -79.4081 -5.5277 -2.5368 -78.7496 -4.6952
2 24 -2.5368 -78.7496 -4.6952 -2.1548 -80.3676 -3.7717
2 24 -2.1548 -80.3676 -3.7717 -1.8089 -81.6402 -2.9071
2 24 -1.808 -81.2654 -1.2187 -1.3195 -82.6684 -1.5116
2 24 -1.8089 -81.6402 -2.9071 -1.3594 -82.8882 -2.0516
2 24 -1.3195 -82.6684 -1.5116 -1.3594 -82.8882 -2.0516
2 24 -1.8089 -81.6402 -2.9071 -2.1548 -80.3676 -3.7717
2 24 -1.808 -81.2654 -1.2187 -2.2244 -79.1536 -1.306
2 24 -2.5368 -78.7496 -4.6952 -2.6069 -76.6874 -2.1273
2 24 -2.2244 -79.1536 -1.306 -2.6069 -76.6874 -2.1273
2 24 -2.5368 -78.7496 -4.6952 -2.1548 -80.3676 -3.7717
2 24 -2.4238 -76.0059 -1.2497 -2.6069 -76.6874 -2.1273
2 24 -2.6069 -76.6874 -2.1273 -2.2244 -79.1536 -1.306
2 24 -2.4238 -76.0059 -1.2497 -2.4551 -75.715 -0.8176
2 24 -2.6136 -72.5667 1.7498 -2.5717 -74.2328 0.8268
2 24 -2.6136 -72.5667 1.7498 -2.2612 -74.7636 2.5571
2 24 -2.2612 -74.7636 2.5571 -1.9821 -76.8933 2.8568
2 24 -1.9821 -76.8933 2.8568 -1.6781 -78.4044 2.6915
2 24 -1.6781 -78.4044 2.6915 -1.9821 -76.8933 2.8568
2 24 -1.9821 -76.8933 2.8568 -2.2612 -74.7636 2.5571
2 24 -2.3878 -72.1096 2.6984 -2.6136 -72.5667 1.7498
2 24 -2.6136 -72.5667 1.7498 -2.2612 -74.7636 2.5571
2 24 -1.6661 -73.5504 3.3191 -2.2612 -74.7636 2.5571
2 24 -2.3878 -72.1096 2.6984 -2.5912 -71.3395 2.8113
2 24 -2.1714 -69.0737 6.1164 -2.102 -71.1169 6.2499
2 24 -1.6681 -72.8066 6.1274 -1.5532 -73.417 5.5885
2 24 -2.2612 -74.7636 2.5571 -1.6661 -73.5504 3.3191
2 24 0 -73.9683 3.9152 -1.6661 -73.5504 3.3191
2 24 -1.4804 -79.3061 2.3261 -1.342 -79.8667 1.8751
2 24 -1.342 -79.8667 1.8751 -1.1948 -80.2517 1.0448
2 24 0 -83.3779 -2.0648 -0.9605 -83.1655 -2.1183
2 24 -1.8089 -81.6402 -2.9071 -1.3594 -82.8882 -2.0516
2 24 -0.9605 -83.1655 -2.1183 -1.3594 -82.8882 -2.0516
2 24 -1.3594 -82.8882 -2.0516 -1.3195 -82.6684 -1.5116
2 24 -1.3195 -82.6684 -1.5116 -1.808 -81.2654 -1.2187
2 24 -1.342 -79.8667 1.8751 -1.1948 -80.2517 1.0448
2 24 0 -80.432 1.2178 -1.1948 -80.2517 1.0448
2 24 -1.6781 -78.4044 2.6915 -1.4804 -79.3061 2.3261
2 24 -1.342 -79.8667 1.8751 -1.4804 -79.3061 2.3261
2 24 -1.6781 -78.4044 2.6915 -1.4804 -79.3061 2.3261
2 24 -1.6661 -73.5504 3.3191 -1.3876 -73.5166 4.6357
2 24 -1.5532 -73.417 5.5885 -1.3876 -73.5166 4.6357
2 24 -1.5532 -73.417 5.5885 -1.3876 -73.5166 4.6357
2 24 -1.6661 -73.5504 3.3191 -1.3876 -73.5166 4.6357
2 24 0 -80.0807 0.1497 -1.3231 -79.6773 -0.0579
2 24 -1.808 -81.2654 -1.2187 -1.3231 -79.6773 -0.0579
2 24 -1.8049 -78.3335 -0.4041 -1.3231 -79.6773 -0.0579
2 24 -2.2244 -79.1536 -1.306 -1.808 -81.2654 -1.2187
2 24 -1.3231 -79.6773 -0.0579 -1.808 -81.2654 -1.2187
2 24 -1.5656 -85.8441 -8.3019 -1.4888 -85.9372 -9.448
2 24 0 -86.3964 -9.2941 -1.4888 -85.9372 -9.448
2 24 -1.6317 -85.2464 -7.1551 -1.5656 -85.8441 -8.3019
2 24 -1.7659 -83.8519 -10.4503 -1.1389 -85.2674 -10.3812
2 24 -1.1389 -85.2674 -10.3812 -1.4888 -85.9372 -9.448
2 24 -1.9653 -85.0561 -15.0167 -1.5764 -86.1631 -14.3673
2 24 -2.4374 -84.6784 -14.5985 -1.9653 -85.0561 -15.0167
2 24 -1.5764 -86.1631 -14.3673 -1.9653 -85.0561 -15.0167
2 24 -2.6924 -83.3538 -12.9341 -2.4374 -84.6784 -14.5985
2 24 -1.2293 -86.2939 -11.6388 -1.1389 -85.2674 -10.3812
2 24 0 -85.5405 -10.3691 -1.1389 -85.2674 -10.3812
2 24 -1.4888 -85.9372 -9.448 -1.1389 -85.2674 -10.3812
2 24 0 -85.5405 -10.3691 -1.1389 -85.2674 -10.3812
2 24 -1.7659 -83.8519 -10.4503 -1.1389 -85.2674 -10.3812
2 24 -1.2293 -86.2939 -11.6388 -1.1389 -85.2674 -10.3812
2 24 -2.4551 -75.715 -0.8176 -2.5717 -74.2328 0.8268
2 24 -1.1948 -80.2517 1.0448 -1.3231 -79.6773 -0.0579
2 24 -1.1948 -80.2517 1.0448 -1.3231 -79.6773 -0.0579
2 24 -2.5912 -71.3395 2.8113 -2.8386 -68.0956 4.452
2 24 -1.5532 -73.417 5.5885 -1.6681 -72.8066 6.1274
2 24 -2.8386 -68.0956 4.452 -2.8073 -65.9548 5.4807
2 24 -2.8073 -65.9548 5.4807 -2.1714 -69.0737 6.1164
2 24 -2.102 -71.1169 6.2499 -1.6681 -72.8066 6.1274
2 24 0 -60.5225 7.9321 -2.6834 -60.9673 7.3389
2 24 -2.6834 -60.9673 7.3389 -1.8819 -64.6045 7.9666
2 24 -2.6834 -60.9673 7.3389 -2.8804 -65.0047 5.8759
2 24 -2.6834 -60.9673 7.3389 -1.8819 -64.6045 7.9666
2 24 -1.8819 -64.6045 7.9666 -1.6649 -65.9912 7.6236
2 24 0 -66.0318 8.1006 -1.6649 -65.9912 7.6236
2 24 -1.6649 -65.9912 7.6236 -1.7612 -66.5506 6.2006
2 24 0 -67.0179 6.7589 -1.7612 -66.5506 6.2006
2 24 -2.8073 -65.9548 5.4807 -1.7612 -66.5506 6.2006
2 24 -2.8804 -65.0047 5.8759 -2.8073 -65.9548 5.4807
2 24 -1.6649 -65.9912 7.6236 -1.7612 -66.5506 6.2006
2 24 -2.1714 -69.0737 6.1164 -2.8073 -65.9548 5.4807
2 24 -2.8073 -65.9548 5.4807 -1.7612 -66.5506 6.2006
2 24 0 -67.0179 6.7589 -1.7612 -66.5506 6.2006
2 24 0 -66.0318 8.1006 -1.6649 -65.9912 7.6236
2 24 -1.8819 -64.6045 7.9666 -1.6649 -65.9912 7.6236
2 24 -1.6681 -72.8066 6.1274 -2.102 -71.1169 6.2499
2 24 -2.1714 -69.0737 6.1164 -2.102 -71.1169 6.2499
2 24 -1.4888 -85.9372 -9.448 -1.5656 -85.8441 -8.3019
2 24 -1.5656 -85.8441 -8.3019 -1.6317 -85.2464 -7.1551
2 24 -1.6317 -85.2464 -7.1551 -1.4882 -85.2762 -6.1348
2 24 -1.4882 -85.2762 -6.1348 -1.5147 -84.3938 -5.2798
2 24 -2.62 -80.5838 -8.0548 -2.3454 -79.7543 -5.9309
2 24 -1.5147 -84.3938 -5.2798 -1.511 -82.9206 -4.8225
2 24 -1.9298 -81.0687 -5.3071 -1.6823 -82.0659 -4.9337
2 24 -1.511 -82.9206 -4.8225 -1.6823 -82.0659 -4.9337
2 24 -2.2814 -84.6539 -16.1042 -1.9653 -85.0561 -15.0167
2 24 -1.9653 -85.0561 -15.0167 -2.4374 -84.6784 -14.5985
2 24 -2.2814 -84.6539 -16.1042 -2.4374 -84.6784 -14.5985
2 24 5.0828 -50.5454 44.7174 4.8713 -48.6458 46.5734
2 24 -4.0171 -50.9721 44.3684 -4.3586 -49.257 45.9341
2 24 -3.8977 -50.9564 45.3316 -3.8815 -50.6546 46.3983
2 24 2.657 -29.9658 47.8475 2.5743 -31.5538 46.3216
2 24 0.1985 -30.9432 46.6525 2.5743 -31.5538 46.3216
0 STEP
