0 Untitled Model
0 Name: Untitled Model
0 Author: 
0 BFC CERTIFY CCW
3 16 -13.1663 -8.9925 -1.25 -11.0421 -8.5873 -1.3701 -13.229 -9.0111 -1.7801
3 16 -13.229 -9.0111 -1.7801 -11.0421 -8.5873 -1.3701 -10.8909 -8.5784 -3.7529
3 16 -11.3634 -8.648 0.779 -11.0421 -8.5873 -1.3701 -13.6078 -9.1097 -0.8349
3 16 -13.6078 -9.1097 -0.8349 -11.0421 -8.5873 -1.3701 -13.1663 -8.9925 -1.25
3 16 -17.0844 -10.4431 10.4505 -15.5839 -9.818 11.3615 -16.1653 -10.0402 8.6218
3 16 -16.1653 -10.0402 8.6218 -15.5839 -9.818 11.3615 -14.074 -9.3106 9.9701
3 16 -10.5038 -8.5452 13.5935 -12.2353 -8.8278 11.4699 -14.0252 -9.3217 14.6473
3 16 -14.0252 -9.3217 14.6473 -12.2353 -8.8278 11.4699 -14.4379 -9.4294 12.4836
3 16 -16.1653 -10.0402 8.6218 -14.074 -9.3106 9.9701 -14.9727 -9.618 6.5653
3 16 -14.9727 -9.618 6.5653 -14.074 -9.3106 9.9701 -12.2544 -8.8447 8.1934
3 16 -7.5272 -8.2636 12.2301 -9.7595 -8.4192 10.2684 -10.5038 -8.5452 13.5935
3 16 -10.5038 -8.5452 13.5935 -9.7595 -8.4192 10.2684 -12.2353 -8.8278 11.4699
3 16 -14.9727 -9.618 6.5653 -12.2544 -8.8447 8.1934 -13.7532 -9.2082 4.2615
3 16 -13.7532 -9.2082 4.2615 -12.2544 -8.8447 8.1934 -10.0127 -8.4569 6.0809
3 16 -9.7595 -8.4192 10.2684 -7.5272 -8.2636 12.2301 -6.9535 -8.2506 8.7077
3 16 -6.9535 -8.2506 8.7077 -7.5272 -8.2636 12.2301 -4.4445 -8.3868 10.3192
3 16 -1.9088 -8.7961 7.8812 -4.0625 -8.1949 7.0365 -4.4445 -8.3868 10.3192
3 16 -4.4445 -8.3868 10.3192 -4.0625 -8.1949 7.0365 -6.9535 -8.2506 8.7077
3 16 -15.5839 -9.818 11.3615 -14.4379 -9.4294 12.4836 -14.074 -9.3106 9.9701
3 16 -14.074 -9.3106 9.9701 -14.4379 -9.4294 12.4836 -12.2353 -8.8278 11.4699
3 16 -19.2629 -11.5125 10.5643 -17.0844 -10.4431 10.4505 -18.7191 -11.1583 7.5242
3 16 -18.7191 -11.1583 7.5242 -17.0844 -10.4431 10.4505 -16.1653 -10.0402 8.6218
3 16 -16.1653 -10.0402 8.6218 -14.9727 -9.618 6.5653 -18.7191 -11.1583 7.5242
3 16 -18.7191 -11.1583 7.5242 -14.9727 -9.618 6.5653 -18.0874 -10.7802 4.8737
3 16 -14.9727 -9.618 6.5653 -13.7532 -9.2082 4.2615 -18.0874 -10.7802 4.8737
3 16 -18.0874 -10.7802 4.8737 -13.7532 -9.2082 4.2615 -17.3189 -10.4091 2.3095
3 16 -17.3189 -10.4091 2.3095 -13.7532 -9.2082 4.2615 -15.8088 -9.8459 0.1929
3 16 -15.8088 -9.8459 0.1929 -13.7532 -9.2082 4.2615 -12.8693 -8.9948 2.053
3 16 -19.2327 -11.477 12.6404 -17.3645 -10.5465 11.8395 -19.2629 -11.5125 10.5643
3 16 -19.2629 -11.5125 10.5643 -17.3645 -10.5465 11.8395 -17.0844 -10.4431 10.4505
3 16 -17.0844 -10.4431 10.4505 -17.3645 -10.5465 11.8395 -15.5839 -9.818 11.3615
3 16 -15.5839 -9.818 11.3615 -17.3645 -10.5465 11.8395 -16.7286 -10.2754 12.5674
3 16 -14.4379 -9.4294 12.4836 -15.5839 -9.818 11.3615 -15.9162 -9.9436 13.0707
3 16 -15.9162 -9.9436 13.0707 -15.5839 -9.818 11.3615 -16.7286 -10.2754 12.5674
3 16 -14.4379 -9.4294 12.4836 -15.9162 -9.9436 13.0707 -14.0252 -9.3217 14.6473
3 16 -14.0252 -9.3217 14.6473 -15.9162 -9.9436 13.0707 -17.2811 -10.4634 14.7686
3 16 -15.9162 -9.9436 13.0707 -16.7286 -10.2754 12.5674 -17.2811 -10.4634 14.7686
3 16 -17.2811 -10.4634 14.7686 -16.7286 -10.2754 12.5674 -18.6699 -11.1718 13.9581
3 16 -16.7286 -10.2754 12.5674 -17.3645 -10.5465 11.8395 -18.6699 -11.1718 13.9581
3 16 -18.6699 -11.1718 13.9581 -17.3645 -10.5465 11.8395 -19.2327 -11.477 12.6404
3 16 -15.8088 -9.8459 0.1929 -12.8693 -8.9948 2.053 -13.6078 -9.1097 -0.8349
3 16 -13.6078 -9.1097 -0.8349 -12.8693 -8.9948 2.053 -11.3634 -8.648 0.779
3 16 -16.0644 -10.0127 -10.069 -13.1065 -9.0344 -8.7317 -13.7802 -9.2005 -12.7852
3 16 -13.7802 -9.2005 -12.7852 -13.1065 -9.0344 -8.7317 -12.0675 -8.7925 -9.9194
3 16 -13.7371 -9.2025 -7.1445 -13.1065 -9.0344 -8.7317 -16.2717 -10.077 -6.953
3 16 -16.2717 -10.077 -6.953 -13.1065 -9.0344 -8.7317 -16.0644 -10.0127 -10.069
3 16 -12.6323 -8.9202 -5.7198 -13.7371 -9.2025 -7.1445 -14.9919 -9.4793 -3.8155
3 16 -14.9919 -9.4793 -3.8155 -13.7371 -9.2025 -7.1445 -16.2717 -10.077 -6.953
3 16 -12.6323 -8.9202 -5.7198 -11.4341 -8.6575 -7.6461 -13.7371 -9.2025 -7.1445
3 16 -13.7371 -9.2025 -7.1445 -11.4341 -8.6575 -7.6461 -13.1065 -9.0344 -8.7317
3 16 -13.1065 -9.0344 -8.7317 -11.4341 -8.6575 -7.6461 -12.0675 -8.7925 -9.9194
3 16 -12.0675 -8.7925 -9.9194 -11.4341 -8.6575 -7.6461 -10.4673 -8.5095 -9.9067
3 16 -13.7802 -9.2005 -12.7852 -12.0675 -8.7925 -9.9194 -10.2218 -8.4424 -13.83
3 16 -10.2218 -8.4424 -13.83 -12.0675 -8.7925 -9.9194 -10.4673 -8.5095 -9.9067
3 16 -10.2218 -8.4424 -13.83 -10.4673 -8.5095 -9.9067 -6.5695 -8.2401 -13.1755
3 16 -6.5695 -8.2401 -13.1755 -10.4673 -8.5095 -9.9067 -8.223 -8.2773 -8.7473
3 16 -10.4673 -8.5095 -9.9067 -11.4341 -8.6575 -7.6461 -8.223 -8.2773 -8.7473
3 16 -8.223 -8.2773 -8.7473 -11.4341 -8.6575 -7.6461 -9.4951 -8.3748 -6.2181
3 16 -10.8909 -8.5784 -3.7529 -9.4951 -8.3748 -6.2181 -12.6323 -8.9202 -5.7198
3 16 -12.6323 -8.9202 -5.7198 -9.4951 -8.3748 -6.2181 -11.4341 -8.6575 -7.6461
3 16 -10.8909 -8.5784 -3.7529 -12.6323 -8.9202 -5.7198 -13.229 -9.0111 -1.7801
3 16 -13.229 -9.0111 -1.7801 -12.6323 -8.9202 -5.7198 -14.9919 -9.4793 -3.8155
3 16 -13.1663 -13.051 -1.25 -13.229 -13.0695 -1.7801 -10.0309 -12.4476 -1.1872
3 16 -10.0309 -12.4476 -1.1872 -13.229 -13.0695 -1.7801 -10.0567 -12.4461 -3.7882
3 16 -13.6078 -13.1681 -0.8349 -13.1663 -13.051 -1.25 -10.7228 -12.5606 0.7431
3 16 -10.7228 -12.5606 0.7431 -13.1663 -13.051 -1.25 -10.0309 -12.4476 -1.1872
3 16 -14.9919 -13.5377 -3.8155 -12.3157 -12.859 -5.774 -13.229 -13.0695 -1.7801
3 16 -13.229 -13.0695 -1.7801 -12.3157 -12.859 -5.774 -10.0567 -12.4461 -3.7882
3 16 -16.2717 -14.1354 -6.953 -13.7615 -13.2618 -7.146 -14.9919 -13.5377 -3.8155
3 16 -14.9919 -13.5377 -3.8155 -13.7615 -13.2618 -7.146 -12.3157 -12.859 -5.774
3 16 -16.2717 -14.1354 -6.953 -16.0644 -14.0711 -10.069 -13.7615 -13.2618 -7.146
3 16 -13.7615 -13.2618 -7.146 -16.0644 -14.0711 -10.069 -13.1062 -13.0536 -8.7947
3 16 -16.0644 -14.0711 -10.069 -13.7802 -13.259 -12.7852 -13.1062 -13.0536 -8.7947
3 16 -13.1062 -13.0536 -8.7947 -13.7802 -13.259 -12.7852 -12.1196 -12.8139 -9.9206
3 16 -13.7802 -13.259 -12.7852 -10.2218 -12.5009 -13.83 -12.1196 -12.8139 -9.9206
3 16 -12.1196 -12.8139 -9.9206 -10.2218 -12.5009 -13.83 -10.3991 -12.4977 -9.6756
3 16 -10.2218 -12.5009 -13.83 -6.5695 -12.2139 -13.1755 -10.3991 -12.4977 -9.6756
3 16 -10.3991 -12.4977 -9.6756 -6.5695 -12.2139 -13.1755 -7.7808 -12.2222 -9.0359
3 16 -6.5695 -12.2139 -13.1755 -3.9459 -12.2563 -11.6971 -7.7808 -12.2222 -9.0359
3 16 -7.7808 -12.2222 -9.0359 -3.9459 -12.2563 -11.6971 -5.091 -12.1632 -8.048
3 16 -3.9459 -12.2563 -11.6971 -1.5837 -12.3314 -8.7635 -5.091 -12.1632 -8.048
3 16 -5.091 -12.1632 -8.048 -1.5837 -12.3314 -8.7635 -2.4347 -12.2839 -7.5246
3 16 -15.8088 -13.9044 0.1929 -13.6078 -13.1681 -0.8349 -12.0549 -12.8179 2.4831
3 16 -12.0549 -12.8179 2.4831 -13.6078 -13.1681 -0.8349 -10.7228 -12.5606 0.7431
3 16 -17.3189 -14.4676 2.3095 -15.8088 -13.9044 0.1929 -13.5188 -13.1939 4.4327
3 16 -13.5188 -13.1939 4.4327 -15.8088 -13.9044 0.1929 -12.0549 -12.8179 2.4831
3 16 -17.3189 -14.4676 2.3095 -13.5188 -13.1939 4.4327 -18.0874 -14.8387 4.8737
3 16 -18.0874 -14.8387 4.8737 -13.5188 -13.1939 4.4327 -14.764 -13.5635 6.6285
3 16 -18.0874 -14.8387 4.8737 -14.764 -13.5635 6.6285 -18.7191 -15.2167 7.5242
3 16 -18.7191 -15.2167 7.5242 -14.764 -13.5635 6.6285 -15.8352 -13.9797 8.7368
3 16 -19.2629 -15.5709 10.5643 -18.7191 -15.2167 7.5242 -16.7588 -14.3935 10.6448
3 16 -16.7588 -14.3935 10.6448 -18.7191 -15.2167 7.5242 -15.8352 -13.9797 8.7368
3 16 -19.2327 -15.5354 12.6404 -19.2629 -15.5709 10.5643 -17.2658 -14.6473 11.8167
3 16 -17.2658 -14.6473 11.8167 -19.2629 -15.5709 10.5643 -16.7588 -14.3935 10.6448
3 16 -19.2327 -15.5354 12.6404 -17.2658 -14.6473 11.8167 -18.6699 -15.2303 13.9581
3 16 -18.6699 -15.2303 13.9581 -17.2658 -14.6473 11.8167 -16.5351 -14.2915 12.3257
3 16 -18.6699 -15.2303 13.9581 -16.5351 -14.2915 12.3257 -17.2811 -14.5218 14.7686
3 16 -17.2811 -14.5218 14.7686 -16.5351 -14.2915 12.3257 -15.9178 -14.012 12.9907
3 16 -17.2811 -14.5218 14.7686 -15.9178 -14.012 12.9907 -14.0252 -13.3802 14.6473
3 16 -14.0252 -13.3802 14.6473 -15.9178 -14.012 12.9907 -14.5638 -13.4959 12.3363
3 16 -10.5038 -12.6037 13.5935 -14.0252 -13.3802 14.6473 -12.4835 -12.8945 11.1473
3 16 -12.4835 -12.8945 11.1473 -14.0252 -13.3802 14.6473 -14.5638 -13.4959 12.3363
3 16 -7.5272 -12.322 12.2301 -10.5038 -12.6037 13.5935 -10.3471 -12.4881 9.5813
3 16 -10.3471 -12.4881 9.5813 -10.5038 -12.6037 13.5935 -12.4835 -12.8945 11.1473
3 16 -4.4445 -12.1823 10.3192 -7.5272 -12.322 12.2301 -8.0795 -12.2524 7.68
3 16 -8.0795 -12.2524 7.68 -7.5272 -12.322 12.2301 -10.3471 -12.4881 9.5813
3 16 -1.8447 -12.2961 7.6353 -4.4445 -12.1823 10.3192 -5.5041 -12.1716 5.2109
3 16 -5.5041 -12.1716 5.2109 -4.4445 -12.1823 10.3192 -8.0795 -12.2524 7.68
3 16 0 -12.2719 -7.7169 -0.4947 -12.1451 -7.6517 0 -11.9661 -9.1563
3 16 0 -11.9661 -9.1563 -0.4947 -12.1451 -7.6517 -0.653 -11.5933 -9.0992
3 16 -0.7625 -10.5953 -9.4268 0 -10.5574 -9.6996 -0.653 -11.5933 -9.0992
3 16 -0.653 -11.5933 -9.0992 0 -10.5574 -9.6996 0 -11.9661 -9.1563
3 16 0 -10.5574 -9.6996 -0.7625 -10.5953 -9.4268 0 -9.5044 -9.3387
3 16 0 -9.5044 -9.3387 -0.7625 -10.5953 -9.4268 -0.7036 -9.5574 -9.0787
3 16 0 -9.5044 -9.3387 -0.7036 -9.5574 -9.0787 0 -9.0989 -8.3046
3 16 0 -9.0989 -8.3046 -0.7036 -9.5574 -9.0787 -0.629 -9.1362 -8.2799
3 16 -0.5854 -12.4183 -5.6841 -0.4947 -12.1451 -7.6517 0 -12.5653 -5.7353
3 16 0 -12.5653 -5.7353 -0.4947 -12.1451 -7.6517 0 -12.2719 -7.7169
3 16 0 -12.5653 -5.7353 0 -12.8667 -3.7579 -0.5854 -12.4183 -5.6841
3 16 -0.5854 -12.4183 -5.6841 0 -12.8667 -3.7579 -0.6859 -12.6777 -3.7313
3 16 -1.9513 -12.3499 0.4258 -1.6754 -12.381 -1.6092 -1.0029 -13.015 0.2972
3 16 -1.0029 -13.015 0.2972 -1.6754 -12.381 -1.6092 -0.8718 -12.9 -1.7031
3 16 -2.0072 -12.363 2.5919 -1.9513 -12.3499 0.4258 -1.0857 -13.0522 2.5612
3 16 -1.0857 -13.0522 2.5612 -1.9513 -12.3499 0.4258 -1.0029 -13.015 0.2972
3 16 -2.0072 -12.363 2.5919 -1.0857 -13.0522 2.5612 -1.8466 -12.4011 4.6739
3 16 -1.8466 -12.4011 4.6739 -1.0857 -13.0522 2.5612 -0.9408 -13.0271 4.6716
3 16 -0.9408 -13.0271 4.6716 -0.9012 -12.7734 6.614 -1.8466 -12.4011 4.6739
3 16 -1.8466 -12.4011 4.6739 -0.9012 -12.7734 6.614 -1.5605 -12.3319 6.9938
3 16 0 -13.2357 4.7331 0 -13.01 6.5089 -0.9408 -13.0271 4.6716
3 16 -0.9408 -13.0271 4.6716 0 -13.01 6.5089 -0.9012 -12.7734 6.614
3 16 0 -13.2357 4.7331 -0.9408 -13.0271 4.6716 0 -13.3205 2.5565
3 16 0 -13.3205 2.5565 -0.9408 -13.0271 4.6716 -1.0857 -13.0522 2.5612
3 16 0 -13.2537 0.2949 0 -13.3205 2.5565 -1.0029 -13.015 0.2972
3 16 -1.0029 -13.015 0.2972 0 -13.3205 2.5565 -1.0857 -13.0522 2.5612
3 16 -1.0029 -13.015 0.2972 -0.8718 -12.9 -1.7031 0 -13.2537 0.2949
3 16 0 -13.2537 0.2949 -0.8718 -12.9 -1.7031 0 -13.0949 -1.6995
3 16 -1.5837 -12.3314 -8.7635 -1.2682 -11.5956 -8.7664 -1.3168 -12.3623 -7.6282
3 16 -1.3168 -12.3623 -7.6282 -1.2682 -11.5956 -8.7664 -0.9473 -12.0567 -7.566
3 16 -1.1102 -12.3727 -5.6412 -1.3168 -12.3623 -7.6282 -0.9473 -12.0567 -7.566
3 16 -3.6403 -12.2213 -4.5248 -1.2811 -12.3894 -3.769 -4.2217 -12.1951 -2.347
3 16 -4.2217 -12.1951 -2.347 -1.2811 -12.3894 -3.769 -1.6754 -12.381 -1.6092
3 16 -4.2217 -12.1951 -2.347 -1.6754 -12.381 -1.6092 -4.6575 -12.1767 -0.0941
3 16 -4.6575 -12.1767 -0.0941 -1.6754 -12.381 -1.6092 -1.9513 -12.3499 0.4258
3 16 -2.0072 -12.363 2.5919 -5.0902 -12.1631 2.243 -1.9513 -12.3499 0.4258
3 16 -1.9513 -12.3499 0.4258 -5.0902 -12.1631 2.243 -4.6575 -12.1767 -0.0941
3 16 -4.2217 -12.1951 -2.347 -6.9456 -12.2008 -3.0997 -3.6403 -12.2213 -4.5248
3 16 -3.6403 -12.2213 -4.5248 -6.9456 -12.2008 -3.0997 -6.0539 -12.183 -5.5354
3 16 -4.6575 -12.1767 -0.0941 -7.4251 -12.2112 -0.7166 -4.2217 -12.1951 -2.347
3 16 -4.2217 -12.1951 -2.347 -7.4251 -12.2112 -0.7166 -6.9456 -12.2008 -3.0997
3 16 -8.0968 -12.2541 1.5237 -7.4251 -12.2112 -0.7166 -5.0902 -12.1631 2.243
3 16 -5.0902 -12.1631 2.243 -7.4251 -12.2112 -0.7166 -4.6575 -12.1767 -0.0941
3 16 -16.7588 -14.3935 10.6448 -15.8352 -13.9797 8.7368 -15.512 -13.8507 11.3055
3 16 -15.512 -13.8507 11.3055 -15.8352 -13.9797 8.7368 -14.1025 -13.3509 9.8138
3 16 -15.8352 -13.9797 8.7368 -14.764 -13.5635 6.6285 -14.1025 -13.3509 9.8138
3 16 -14.1025 -13.3509 9.8138 -14.764 -13.5635 6.6285 -12.5307 -12.9056 8.004
3 16 -13.5188 -13.1939 4.4327 -12.0549 -12.8179 2.4831 -10.8334 -12.582 5.9868
3 16 -10.8334 -12.582 5.9868 -12.0549 -12.8179 2.4831 -9.1305 -12.3587 3.8022
3 16 -14.764 -13.5635 6.6285 -13.5188 -13.1939 4.4327 -12.5307 -12.9056 8.004
3 16 -12.5307 -12.9056 8.004 -13.5188 -13.1939 4.4327 -10.8334 -12.582 5.9868
3 16 -1.8447 -12.2961 7.6353 -2.0525 -11.3616 8.5153 -4.4445 -12.1823 10.3192
3 16 -12.4835 -12.8945 11.1473 -14.5638 -13.4959 12.3363 -14.1025 -13.3509 9.8138
3 16 -14.1025 -13.3509 9.8138 -14.5638 -13.4959 12.3363 -15.512 -13.8507 11.3055
3 16 -10.3471 -12.4881 9.5813 -12.4835 -12.8945 11.1473 -12.5307 -12.9056 8.004
3 16 -12.5307 -12.9056 8.004 -12.4835 -12.8945 11.1473 -14.1025 -13.3509 9.8138
3 16 -8.0795 -12.2524 7.68 -10.3471 -12.4881 9.5813 -10.8334 -12.582 5.9868
3 16 -10.8334 -12.582 5.9868 -10.3471 -12.4881 9.5813 -12.5307 -12.9056 8.004
3 16 -5.5041 -12.1716 5.2109 -8.0795 -12.2524 7.68 -9.1305 -12.3587 3.8022
3 16 -9.1305 -12.3587 3.8022 -8.0795 -12.2524 7.68 -10.8334 -12.582 5.9868
3 16 -5.5041 -12.1716 5.2109 -9.1305 -12.3587 3.8022 -5.0902 -12.1631 2.243
3 16 -5.0902 -12.1631 2.243 -9.1305 -12.3587 3.8022 -8.0968 -12.2541 1.5237
3 16 -15.512 -13.8507 11.3055 -16.5351 -14.2915 12.3257 -16.7588 -14.3935 10.6448
3 16 -16.7588 -14.3935 10.6448 -16.5351 -14.2915 12.3257 -17.2658 -14.6473 11.8167
3 16 -14.5638 -13.4959 12.3363 -15.9178 -14.012 12.9907 -15.512 -13.8507 11.3055
3 16 -15.512 -13.8507 11.3055 -15.9178 -14.012 12.9907 -16.5351 -14.2915 12.3257
3 16 -5.5041 -12.1716 5.2109 -5.0902 -12.1631 2.243 -1.8466 -12.4011 4.6739
3 16 -1.8466 -12.4011 4.6739 -5.0902 -12.1631 2.243 -2.0072 -12.363 2.5919
3 16 -10.0567 -12.4461 -3.7882 -6.9456 -12.2008 -3.0997 -10.0309 -12.4476 -1.1872
3 16 -10.0309 -12.4476 -1.1872 -6.9456 -12.2008 -3.0997 -7.4251 -12.2112 -0.7166
3 16 -10.7228 -12.5606 0.7431 -10.0309 -12.4476 -1.1872 -8.0968 -12.2541 1.5237
3 16 -8.0968 -12.2541 1.5237 -10.0309 -12.4476 -1.1872 -7.4251 -12.2112 -0.7166
3 16 -8.0968 -12.2541 1.5237 -9.1305 -12.3587 3.8022 -10.7228 -12.5606 0.7431
3 16 -10.7228 -12.5606 0.7431 -9.1305 -12.3587 3.8022 -12.0549 -12.8179 2.4831
3 16 -12.3157 -12.859 -5.774 -13.7615 -13.2618 -7.146 -11.1798 -12.6465 -7.6997
3 16 -11.1798 -12.6465 -7.6997 -13.7615 -13.2618 -7.146 -13.1062 -13.0536 -8.7947
3 16 -10.3991 -12.4977 -9.6756 -11.1798 -12.6465 -7.6997 -12.1196 -12.8139 -9.9206
3 16 -12.1196 -12.8139 -9.9206 -11.1798 -12.6465 -7.6997 -13.1062 -13.0536 -8.7947
3 16 -8.774 -12.3226 -6.5151 -7.7808 -12.2222 -9.0359 -6.0539 -12.183 -5.5354
3 16 -6.0539 -12.183 -5.5354 -7.7808 -12.2222 -9.0359 -5.091 -12.1632 -8.048
3 16 -7.7808 -12.2222 -9.0359 -8.774 -12.3226 -6.5151 -10.3991 -12.4977 -9.6756
3 16 -10.3991 -12.4977 -9.6756 -8.774 -12.3226 -6.5151 -11.1798 -12.6465 -7.6997
3 16 -11.1798 -12.6465 -7.6997 -8.774 -12.3226 -6.5151 -12.3157 -12.859 -5.774
3 16 -12.3157 -12.859 -5.774 -8.774 -12.3226 -6.5151 -10.0567 -12.4461 -3.7882
3 16 -10.0567 -12.4461 -3.7882 -8.774 -12.3226 -6.5151 -6.9456 -12.2008 -3.0997
3 16 -6.9456 -12.2008 -3.0997 -8.774 -12.3226 -6.5151 -6.0539 -12.183 -5.5354
3 16 -1.1102 -12.3727 -5.6412 -2.4347 -12.2839 -7.5246 -1.3168 -12.3623 -7.6282
3 16 -13.229 -13.0695 -1.7801 -13.1663 -13.051 -1.25 -13.229 -11.2706 -1.7801
3 16 -13.229 -11.2706 -1.7801 -13.1663 -13.051 -1.25 -13.1663 -11.2521 -1.25
3 16 -13.6078 -13.1681 -0.8349 -13.6078 -11.3692 -0.8349 -13.1663 -13.051 -1.25
3 16 -13.1663 -13.051 -1.25 -13.6078 -11.3692 -0.8349 -13.1663 -11.2521 -1.25
3 16 -14.9919 -13.5377 -3.8155 -13.229 -13.0695 -1.7801 -14.9919 -11.7388 -3.8155
3 16 -14.9919 -11.7388 -3.8155 -13.229 -13.0695 -1.7801 -13.229 -11.2706 -1.7801
3 16 -16.2717 -14.1354 -6.953 -14.9919 -13.5377 -3.8155 -16.2717 -12.1778 -6.953
3 16 -16.2717 -12.1778 -6.953 -14.9919 -13.5377 -3.8155 -14.9919 -11.7388 -3.8155
3 16 -16.2717 -14.1354 -6.953 -16.2717 -12.1778 -6.953 -16.0644 -14.0711 -10.069
3 16 -16.0644 -14.0711 -10.069 -16.2717 -12.1778 -6.953 -16.0644 -12.1135 -10.069
3 16 -16.0644 -14.0711 -10.069 -16.0644 -12.1135 -10.069 -13.7802 -13.259 -12.7852
3 16 -13.7802 -13.259 -12.7852 -16.0644 -12.1135 -10.069 -13.7802 -11.3821 -12.7852
3 16 -13.7802 -13.259 -12.7852 -13.7802 -11.3821 -12.7852 -10.2218 -12.5009 -13.83
3 16 -10.2218 -12.5009 -13.83 -13.7802 -11.3821 -12.7852 -10.2218 -10.702 -13.83
3 16 -10.2218 -12.5009 -13.83 -10.2218 -10.702 -13.83 -6.5695 -12.2139 -13.1755
3 16 -6.5695 -12.2139 -13.1755 -10.2218 -10.702 -13.83 -6.5695 -10.415 -13.1755
3 16 -3.9459 -12.2563 -11.6971 -6.5695 -12.2139 -13.1755 -3.9459 -10.4887 -11.6971
3 16 -3.9459 -10.4887 -11.6971 -6.5695 -12.2139 -13.1755 -6.5695 -10.415 -13.1755
3 16 -1.5837 -12.3314 -8.7635 -3.9459 -12.2563 -11.6971 -1.2682 -11.5956 -8.7664
3 16 -3.9459 -12.2563 -11.6971 -3.9459 -10.4887 -11.6971 -1.2682 -11.5956 -8.7664
3 16 -1.2682 -11.5956 -8.7664 -3.9459 -10.4887 -11.6971 -1.3208 -10.6435 -9.1011
3 16 -15.8088 -13.9044 0.1929 -15.8088 -12.1055 0.1929 -13.6078 -13.1681 -0.8349
3 16 -13.6078 -13.1681 -0.8349 -15.8088 -12.1055 0.1929 -13.6078 -11.3692 -0.8349
3 16 -17.3189 -14.4676 2.3095 -17.3189 -12.6687 2.3095 -15.8088 -13.9044 0.1929
3 16 -15.8088 -13.9044 0.1929 -17.3189 -12.6687 2.3095 -15.8088 -12.1055 0.1929
3 16 -18.0874 -14.8387 4.8737 -18.0874 -13.0398 4.8737 -17.3189 -14.4676 2.3095
3 16 -17.3189 -14.4676 2.3095 -18.0874 -13.0398 4.8737 -17.3189 -12.6687 2.3095
3 16 -18.7191 -15.2167 7.5242 -18.7191 -13.4178 7.5242 -18.0874 -14.8387 4.8737
3 16 -18.0874 -14.8387 4.8737 -18.7191 -13.4178 7.5242 -18.0874 -13.0398 4.8737
3 16 -19.2629 -15.5709 10.5643 -19.2629 -13.6992 10.5643 -18.7191 -15.2167 7.5242
3 16 -18.7191 -15.2167 7.5242 -19.2629 -13.6992 10.5643 -18.7191 -13.4178 7.5242
3 16 -19.2629 -15.5709 10.5643 -19.2327 -15.5354 12.6404 -19.2629 -13.6992 10.5643
3 16 -19.2629 -13.6992 10.5643 -19.2327 -15.5354 12.6404 -19.2327 -13.6637 12.6404
3 16 -19.2327 -15.5354 12.6404 -18.6699 -15.2303 13.9581 -19.2327 -13.6637 12.6404
3 16 -19.2327 -13.6637 12.6404 -18.6699 -15.2303 13.9581 -18.6681 -13.3585 13.9936
3 16 -18.6699 -15.2303 13.9581 -17.2811 -14.5218 14.7686 -18.6681 -13.3585 13.9936
3 16 -18.6681 -13.3585 13.9936 -17.2811 -14.5218 14.7686 -17.1872 -12.7229 14.8041
3 16 -17.2811 -14.5218 14.7686 -14.0252 -13.3802 14.6473 -17.1872 -12.7229 14.8041
3 16 -17.1872 -12.7229 14.8041 -14.0252 -13.3802 14.6473 -13.9314 -11.5813 14.6828
3 16 -14.0252 -13.3802 14.6473 -10.5038 -12.6037 13.5935 -13.9314 -11.5813 14.6828
3 16 -13.9314 -11.5813 14.6828 -10.5038 -12.6037 13.5935 -10.41 -10.8048 13.6289
3 16 -10.5038 -12.6037 13.5935 -7.5272 -12.322 12.2301 -10.41 -10.8048 13.6289
3 16 -10.41 -10.8048 13.6289 -7.5272 -12.322 12.2301 -7.4334 -10.5231 12.2655
3 16 -7.5272 -12.322 12.2301 -4.4445 -12.1823 10.3192 -7.4334 -10.5231 12.2655
3 16 -7.4334 -10.5231 12.2655 -4.4445 -12.1823 10.3192 -4.3963 -10.2789 10.4049
3 16 -2.0011 -10.1145 8.5827 -4.3963 -10.2789 10.4049 -2.0525 -11.3616 8.5153
3 16 -2.0525 -11.3616 8.5153 -4.3963 -10.2789 10.4049 -4.4445 -12.1823 10.3192
3 16 -13.229 -11.2706 -1.7801 -13.1663 -11.2521 -1.25 -13.229 -9.0111 -1.7801
3 16 -13.229 -9.0111 -1.7801 -13.1663 -11.2521 -1.25 -13.1663 -8.9925 -1.25
3 16 -13.6078 -11.3692 -0.8349 -13.6078 -9.1097 -0.8349 -13.1663 -11.2521 -1.25
3 16 -13.1663 -11.2521 -1.25 -13.6078 -9.1097 -0.8349 -13.1663 -8.9925 -1.25
3 16 -14.9919 -11.7388 -3.8155 -13.229 -11.2706 -1.7801 -14.9919 -9.4793 -3.8155
3 16 -14.9919 -9.4793 -3.8155 -13.229 -11.2706 -1.7801 -13.229 -9.0111 -1.7801
3 16 -16.2717 -12.1778 -6.953 -14.9919 -11.7388 -3.8155 -16.2717 -10.077 -6.953
3 16 -16.2717 -10.077 -6.953 -14.9919 -11.7388 -3.8155 -14.9919 -9.4793 -3.8155
3 16 -16.2717 -12.1778 -6.953 -16.2717 -10.077 -6.953 -16.0644 -12.1135 -10.069
3 16 -16.0644 -12.1135 -10.069 -16.2717 -10.077 -6.953 -16.0644 -10.0127 -10.069
3 16 -16.0644 -12.1135 -10.069 -16.0644 -10.0127 -10.069 -13.7802 -11.3821 -12.7852
3 16 -13.7802 -11.3821 -12.7852 -16.0644 -10.0127 -10.069 -13.7802 -9.2005 -12.7852
3 16 -13.7802 -11.3821 -12.7852 -13.7802 -9.2005 -12.7852 -10.2218 -10.702 -13.83
3 16 -10.2218 -10.702 -13.83 -13.7802 -9.2005 -12.7852 -10.2218 -8.4424 -13.83
3 16 -10.2218 -10.702 -13.83 -10.2218 -8.4424 -13.83 -6.5695 -10.415 -13.1755
3 16 -6.5695 -10.415 -13.1755 -10.2218 -8.4424 -13.83 -6.5695 -8.2401 -13.1755
3 16 -3.9459 -10.4887 -11.6971 -6.5695 -10.415 -13.1755 -3.9459 -8.4034 -11.6971
3 16 -3.9459 -8.4034 -11.6971 -6.5695 -10.415 -13.1755 -6.5695 -8.2401 -13.1755
3 16 -3.9459 -10.4887 -11.6971 -3.9459 -8.4034 -11.6971 -1.3208 -10.6435 -9.1011
3 16 -1.4283 -8.8243 -8.006 -1.1452 -9.5694 -8.8372 -3.9459 -8.4034 -11.6971
3 16 -1.1452 -9.5694 -8.8372 -1.3208 -10.6435 -9.1011 -3.9459 -8.4034 -11.6971
3 16 -15.8088 -12.1055 0.1929 -15.8088 -9.8459 0.1929 -13.6078 -11.3692 -0.8349
3 16 -13.6078 -11.3692 -0.8349 -15.8088 -9.8459 0.1929 -13.6078 -9.1097 -0.8349
3 16 -17.3189 -12.6687 2.3095 -17.3189 -10.4091 2.3095 -15.8088 -12.1055 0.1929
3 16 -15.8088 -12.1055 0.1929 -17.3189 -10.4091 2.3095 -15.8088 -9.8459 0.1929
3 16 -18.0874 -13.0398 4.8737 -18.0874 -10.7802 4.8737 -17.3189 -12.6687 2.3095
3 16 -17.3189 -12.6687 2.3095 -18.0874 -10.7802 4.8737 -17.3189 -10.4091 2.3095
3 16 -18.7191 -13.4178 7.5242 -18.7191 -11.1583 7.5242 -18.0874 -13.0398 4.8737
3 16 -18.0874 -13.0398 4.8737 -18.7191 -11.1583 7.5242 -18.0874 -10.7802 4.8737
3 16 -19.2629 -13.6992 10.5643 -19.2629 -11.5125 10.5643 -18.7191 -13.4178 7.5242
3 16 -18.7191 -13.4178 7.5242 -19.2629 -11.5125 10.5643 -18.7191 -11.1583 7.5242
3 16 -19.2629 -13.6992 10.5643 -19.2327 -13.6637 12.6404 -19.2629 -11.5125 10.5643
3 16 -19.2629 -11.5125 10.5643 -19.2327 -13.6637 12.6404 -19.2327 -11.477 12.6404
3 16 -19.2327 -13.6637 12.6404 -18.6681 -13.3585 13.9936 -19.2327 -11.477 12.6404
3 16 -19.2327 -11.477 12.6404 -18.6681 -13.3585 13.9936 -18.6699 -11.1718 13.9581
3 16 -18.6681 -13.3585 13.9936 -17.1872 -12.7229 14.8041 -18.6699 -11.1718 13.9581
3 16 -18.6699 -11.1718 13.9581 -17.1872 -12.7229 14.8041 -17.2811 -10.4634 14.7686
3 16 -17.1872 -12.7229 14.8041 -13.9314 -11.5813 14.6828 -17.2811 -10.4634 14.7686
3 16 -17.2811 -10.4634 14.7686 -13.9314 -11.5813 14.6828 -14.0252 -9.3217 14.6473
3 16 -13.9314 -11.5813 14.6828 -10.41 -10.8048 13.6289 -14.0252 -9.3217 14.6473
3 16 -14.0252 -9.3217 14.6473 -10.41 -10.8048 13.6289 -10.5038 -8.5452 13.5935
3 16 -10.41 -10.8048 13.6289 -7.4334 -10.5231 12.2655 -10.5038 -8.5452 13.5935
3 16 -10.5038 -8.5452 13.5935 -7.4334 -10.5231 12.2655 -7.5272 -8.2636 12.2301
3 16 -7.4334 -10.5231 12.2655 -4.3963 -10.2789 10.4049 -7.5272 -8.2636 12.2301
3 16 -7.5272 -8.2636 12.2301 -4.3963 -10.2789 10.4049 -4.4445 -8.3868 10.3192
3 16 -2.4347 -12.2839 -7.5246 -1.5837 -12.3314 -8.7635 -1.3168 -12.3623 -7.6282
3 16 -2.4347 -12.2839 -7.5246 -1.1102 -12.3727 -5.6412 -3.6403 -12.2213 -4.5248
3 16 -3.6403 -12.2213 -4.5248 -1.1102 -12.3727 -5.6412 -1.2811 -12.3894 -3.769
3 16 -2.4347 -12.2839 -7.5246 -3.6403 -12.2213 -4.5248 -5.091 -12.1632 -8.048
3 16 -5.091 -12.1632 -8.048 -3.6403 -12.2213 -4.5248 -6.0539 -12.183 -5.5354
3 16 -1.6903 -11.3436 8.5552 -1.4537 -11.9808 8.0387 -1.06 -11.6914 9.1079
3 16 -1.06 -11.6914 9.1079 -1.4537 -11.9808 8.0387 -0.9365 -12.2417 8.3341
3 16 -1.1163 -8.838 8.4518 -1.0903 -9.5345 9.256 -0.0001 -8.6048 8.6159
3 16 -0.0001 -8.6048 8.6159 -1.0903 -9.5345 9.256 -0.0014 -9.503 9.5638
3 16 -1.0903 -9.5345 9.256 -1.1163 -8.838 8.4518 -1.6575 -10.1438 8.6778
3 16 -1.6575 -10.1438 8.6778 -1.1163 -8.838 8.4518 -1.4204 -9.0004 7.9511
3 16 -1.6575 -10.1438 8.6778 -1.1323 -10.6559 9.4753 -1.0903 -9.5345 9.256
3 16 -1.0903 -9.5345 9.256 -1.1323 -10.6559 9.4753 -0.0014 -9.503 9.5638
3 16 -0.0014 -9.503 9.5638 -1.1323 -10.6559 9.4753 -0.0012 -10.7229 9.8457
3 16 0 -11.8911 9.2824 -0.0012 -10.7229 9.8457 -1.06 -11.6914 9.1079
3 16 -1.06 -11.6914 9.1079 -0.0012 -10.7229 9.8457 -1.1323 -10.6559 9.4753
3 16 0 -12.5772 8.38 0 -11.8911 9.2824 -0.9365 -12.2417 8.3341
3 16 -0.9365 -12.2417 8.3341 0 -11.8911 9.2824 -1.06 -11.6914 9.1079
3 16 -0.8775 -12.5637 7.4971 -0.9012 -12.7734 6.614 0 -12.7881 7.4937
3 16 0 -12.7881 7.4937 -0.9012 -12.7734 6.614 0 -13.01 6.5089
3 16 0 -12.7881 7.4937 0 -12.5772 8.38 -0.8775 -12.5637 7.4971
3 16 -0.8775 -12.5637 7.4971 0 -12.5772 8.38 -0.9365 -12.2417 8.3341
3 16 -0.8775 -12.5637 7.4971 -0.9365 -12.2417 8.3341 -1.3862 -12.2257 7.5395
3 16 -1.3862 -12.2257 7.5395 -0.9365 -12.2417 8.3341 -1.4537 -11.9808 8.0387
3 16 -0.9012 -12.7734 6.614 -0.8775 -12.5637 7.4971 -1.5605 -12.3319 6.9938
3 16 -1.5605 -12.3319 6.9938 -0.8775 -12.5637 7.4971 -1.3862 -12.2257 7.5395
3 16 -1.06 -11.6914 9.1079 -1.1323 -10.6559 9.4753 -1.6903 -11.3436 8.5552
3 16 -1.6903 -11.3436 8.5552 -1.1323 -10.6559 9.4753 -1.6575 -10.1438 8.6778
3 16 -8.223 -8.2773 -8.7473 -5.7452 -8.1949 -5.7452 -5.3433 -8.345 -9.6151
3 16 -5.3433 -8.345 -9.6151 -5.7452 -8.1949 -5.7452 -4.0625 -8.4301 -7.0365
3 16 -7.8481 -8.1949 -2.1029 -7.0364 -8.1949 -4.0625 -10.8909 -8.5784 -3.7529
3 16 -10.8909 -8.5784 -3.7529 -7.0364 -8.1949 -4.0625 -9.4951 -8.3748 -6.2181
3 16 -8.125 -8.1949 0 -7.8481 -8.1949 -2.1029 -11.0421 -8.5873 -1.3701
3 16 -11.0421 -8.5873 -1.3701 -7.8481 -8.1949 -2.1029 -10.8909 -8.5784 -3.7529
3 16 -7.8481 -8.1949 2.1029 -8.125 -8.1949 0 -11.3634 -8.648 0.779
3 16 -11.3634 -8.648 0.779 -8.125 -8.1949 0 -11.0421 -8.5873 -1.3701
3 16 -7.0364 -8.1949 4.0625 -7.8481 -8.1949 2.1029 -10.5098 -8.5272 3.274
3 16 -10.5098 -8.5272 3.274 -7.8481 -8.1949 2.1029 -11.3634 -8.648 0.779
3 16 -5.7452 -8.1949 5.7452 -7.0364 -8.1949 4.0625 -10.0127 -8.4569 6.0809
3 16 -10.0127 -8.4569 6.0809 -7.0364 -8.1949 4.0625 -10.5098 -8.5272 3.274
3 16 -1.8447 -12.2961 7.6353 -5.5041 -12.1716 5.2109 -1.5605 -12.3319 6.9938
3 16 -1.5605 -12.3319 6.9938 -5.5041 -12.1716 5.2109 -1.8466 -12.4011 4.6739
3 16 -0.5854 -12.4183 -5.6841 -0.6859 -12.6777 -3.7313 -1.1102 -12.3727 -5.6412
3 16 -1.1102 -12.3727 -5.6412 -0.6859 -12.6777 -3.7313 -1.2811 -12.3894 -3.769
3 16 -1.1102 -12.3727 -5.6412 -0.9473 -12.0567 -7.566 -0.5854 -12.4183 -5.6841
3 16 -0.5854 -12.4183 -5.6841 -0.9473 -12.0567 -7.566 -0.4947 -12.1451 -7.6517
3 16 -0.653 -11.5933 -9.0992 -0.4947 -12.1451 -7.6517 -1.2682 -11.5956 -8.7664
3 16 -1.2682 -11.5956 -8.7664 -0.4947 -12.1451 -7.6517 -0.9473 -12.0567 -7.566
3 16 -0.7625 -10.5953 -9.4268 -0.653 -11.5933 -9.0992 -1.3208 -10.6435 -9.1011
3 16 -1.3208 -10.6435 -9.1011 -0.653 -11.5933 -9.0992 -1.2682 -11.5956 -8.7664
3 16 -0.7036 -9.5574 -9.0787 -0.7625 -10.5953 -9.4268 -1.1452 -9.5694 -8.8372
3 16 -1.1452 -9.5694 -8.8372 -0.7625 -10.5953 -9.4268 -1.3208 -10.6435 -9.1011
3 16 -0.7036 -9.5574 -9.0787 -1.1452 -9.5694 -8.8372 -0.629 -9.1362 -8.2799
3 16 -0.629 -9.1362 -8.2799 -1.1452 -9.5694 -8.8372 -1.1732 -9.0471 -8.027
3 16 -3.9459 -8.4034 -11.6971 -5.3433 -8.345 -9.6151 -1.4283 -8.8243 -8.006
3 16 -1.4283 -8.8243 -8.006 -5.3433 -8.345 -9.6151 -4.0625 -8.4301 -7.0365
3 16 -1.4283 -8.8243 -8.006 -1.1732 -9.0471 -8.027 -1.1452 -9.5694 -8.8372
3 16 -8.223 -8.2773 -8.7473 -9.4951 -8.3748 -6.2181 -5.7452 -8.1949 -5.7452
3 16 -5.7452 -8.1949 -5.7452 -9.4951 -8.3748 -6.2181 -7.0364 -8.1949 -4.0625
3 16 -0.6859 -12.6777 -3.7313 -0.8718 -12.9 -1.7031 -1.2811 -12.3894 -3.769
3 16 -1.2811 -12.3894 -3.769 -0.8718 -12.9 -1.7031 -1.6754 -12.381 -1.6092
3 16 -0.8718 -12.9 -1.7031 -0.6859 -12.6777 -3.7313 0 -13.0949 -1.6995
3 16 0 -13.0949 -1.6995 -0.6859 -12.6777 -3.7313 0 -12.8667 -3.7579
3 16 -1.4283 -8.8243 -8.006 0 -8.5565 -8.125 -1.1732 -9.0471 -8.027
3 16 -1.1732 -9.0471 -8.027 0 -8.5565 -8.125 0 -8.8785 -8.1194
3 16 -4.0625 -8.1949 7.0365 -5.7452 -8.1949 5.7452 -6.9535 -8.2506 8.7077
3 16 -6.9535 -8.2506 8.7077 -5.7452 -8.1949 5.7452 -10.0127 -8.4569 6.0809
3 16 -4.0625 0 7.0365 -4.0625 -7.3754 7.0365 -2.1029 0 7.8481
3 16 -2.1029 0 7.8481 -4.0625 -7.3754 7.0365 -1.9282 -7.9165 7.8779
3 16 -1.4537 -11.9808 8.0387 -1.8447 -12.2961 7.6353 -1.3862 -12.2257 7.5395
3 16 -1.3862 -12.2257 7.5395 -1.8447 -12.2961 7.6353 -1.5605 -12.3319 6.9938
3 16 -1.8447 -12.2961 7.6353 -1.4537 -11.9808 8.0387 -2.0525 -11.3616 8.5153
3 16 -2.0525 -11.3616 8.5153 -1.4537 -11.9808 8.0387 -1.6903 -11.3436 8.5552
3 16 -2.0525 -11.3616 8.5153 -1.6903 -11.3436 8.5552 -2.0011 -10.1145 8.5827
3 16 -2.0011 -10.1145 8.5827 -1.6903 -11.3436 8.5552 -1.6575 -10.1438 8.6778
3 16 -3.0585 0 5.506 -5.506 0 3.0585 -5.7452 0 5.7452
3 16 -5.7452 0 5.7452 -5.506 0 3.0585 -7.0364 0 4.0625
3 16 -7.0364 0 4.0625 -5.506 0 3.0585 -7.8481 0 2.1029
3 16 -7.8481 0 2.1029 -5.506 0 3.0585 -6.3966 0 0
3 16 -6.3966 0 0 -5.4844 0 -3.0801 -7.8481 0 -2.1029
3 16 -7.8481 0 -2.1029 -5.4844 0 -3.0801 -7.0364 0 -4.0625
3 16 -7.0364 0 -4.0625 -5.4844 0 -3.0801 -5.7452 0 -5.7452
3 16 -5.7452 0 -5.7452 -5.4844 0 -3.0801 -3.0801 0 -5.4844
3 16 -3.0801 0 -5.4844 0 0 -6.3966 -2.1029 0 -7.8481
3 16 -2.1029 0 -7.8481 0 0 -6.3966 0 0 -8.125
3 16 -3.0585 0 5.506 -2.1029 0 7.8481 0 0 6.3966
3 16 0 0 6.3966 -2.1029 0 7.8481 0 0 8.125
3 16 -4.0625 0 -7.0365 -3.0801 0 -5.4844 -2.1029 0 -7.8481
3 16 -8.125 0 0 -6.3966 0 0 -7.8481 0 -2.1029
3 16 -4.0625 0 7.0365 -3.0585 0 5.506 -5.7452 0 5.7452
3 16 0 0 8.125 -2.1029 0 7.8481 0 -7.282 8.125
3 16 0 -7.282 8.125 -2.1029 0 7.8481 -1.9282 -7.9165 7.8779
3 16 -4.0625 0 7.0365 -5.7452 0 5.7452 -4.0625 -7.3754 7.0365
3 16 -4.0625 -7.3754 7.0365 -5.7452 0 5.7452 -5.7452 -7.3754 5.7452
3 16 -7.0364 0 4.0625 -7.8481 0 2.1029 -7.0364 -7.3754 4.0625
3 16 -7.0364 -7.3754 4.0625 -7.8481 0 2.1029 -7.8481 -7.3754 2.1029
3 16 -8.125 0 0 -7.8481 0 -2.1029 -8.125 -7.3754 0
3 16 -8.125 -7.3754 0 -7.8481 0 -2.1029 -7.8481 -7.3754 -2.1029
3 16 -7.0364 0 -4.0625 -5.7452 0 -5.7452 -7.0364 -7.3754 -4.0625
3 16 -7.0364 -7.3754 -4.0625 -5.7452 0 -5.7452 -5.7452 -7.3754 -5.7452
3 16 -4.0625 0 -7.0365 -2.1029 0 -7.8481 -4.0625 -7.5871 -7.0365
3 16 -4.0625 -7.5871 -7.0365 -2.1029 0 -7.8481 -1.4958 -7.9419 -7.9902
3 16 0 -9.7498 6.3966 -3.0585 -9.7498 5.506 0 0 6.3966
3 16 0 0 6.3966 -3.0585 -9.7498 5.506 -3.0585 0 5.506
3 16 -3.0585 -9.7498 5.506 -5.506 -9.7498 3.0585 -3.0585 0 5.506
3 16 -3.0585 0 5.506 -5.506 -9.7498 3.0585 -5.506 0 3.0585
3 16 -5.506 -9.7498 3.0585 -6.3967 -9.7498 0 -5.506 0 3.0585
3 16 -5.506 0 3.0585 -6.3967 -9.7498 0 -6.3966 0 0
3 16 -6.3967 -9.7498 0 -5.4844 -9.7498 -3.0801 -6.3966 0 0
3 16 -6.3966 0 0 -5.4844 -9.7498 -3.0801 -5.4844 0 -3.0801
3 16 -5.4844 0 -3.0801 -5.4844 -9.7498 -3.0801 -3.0801 0 -5.4844
3 16 -3.0801 0 -5.4844 -5.4844 -9.7498 -3.0801 -3.0801 -9.7498 -5.4844
3 16 -3.0801 -9.7498 -5.4844 0 -9.7498 -6.3966 -3.0801 0 -5.4844
3 16 -3.0801 0 -5.4844 0 -9.7498 -6.3966 0 0 -6.3966
3 16 0 -9.7498 6.3966 0 -9.7498 4.1313 -3.0585 -9.7498 5.506
3 16 -3.0585 -9.7498 5.506 0 -9.7498 4.1313 -1.9754 -9.7498 3.5561
3 16 -3.0585 -9.7498 5.506 -1.9754 -9.7498 3.5561 -5.506 -9.7498 3.0585
3 16 -5.506 -9.7498 3.0585 -1.9754 -9.7498 3.5561 -3.5561 -9.7498 1.9754
3 16 -3.5561 -9.7498 1.9754 -4.1313 -9.7498 0 -5.506 -9.7498 3.0585
3 16 -5.506 -9.7498 3.0585 -4.1313 -9.7498 0 -6.3967 -9.7498 0
3 16 -6.3967 -9.7498 0 -4.1313 -9.7498 0 -5.4844 -9.7498 -3.0801
3 16 -5.4844 -9.7498 -3.0801 -4.1313 -9.7498 0 -3.5422 -9.7498 -1.9893
3 16 -5.4844 -9.7498 -3.0801 -3.5422 -9.7498 -1.9893 -3.0801 -9.7498 -5.4844
3 16 -3.0801 -9.7498 -5.4844 -3.5422 -9.7498 -1.9893 -1.9893 -9.7498 -3.5422
3 16 -1.9893 -9.7498 -3.5422 0 -9.7498 -4.1313 -3.0801 -9.7498 -5.4844
3 16 -3.0801 -9.7498 -5.4844 0 -9.7498 -4.1313 0 -9.7498 -6.3966
3 16 -3.0585 0 5.506 -4.0625 0 7.0365 -2.1029 0 7.8481
3 16 -5.7452 0 5.7452 -7.0364 0 4.0625 -5.7452 -7.3754 5.7452
3 16 -5.7452 -7.3754 5.7452 -7.0364 0 4.0625 -7.0364 -7.3754 4.0625
3 16 -6.3966 0 0 -8.125 0 0 -7.8481 0 2.1029
3 16 -7.8481 0 2.1029 -8.125 0 0 -7.8481 -7.3754 2.1029
3 16 -7.8481 -7.3754 2.1029 -8.125 0 0 -8.125 -7.3754 0
3 16 -7.8481 0 -2.1029 -7.0364 0 -4.0625 -7.8481 -7.3754 -2.1029
3 16 -7.8481 -7.3754 -2.1029 -7.0364 0 -4.0625 -7.0364 -7.3754 -4.0625
3 16 -3.0801 0 -5.4844 -4.0625 0 -7.0365 -5.7452 0 -5.7452
3 16 -5.7452 0 -5.7452 -4.0625 0 -7.0365 -5.7452 -7.3754 -5.7452
3 16 -5.7452 -7.3754 -5.7452 -4.0625 0 -7.0365 -4.0625 -7.5871 -7.0365
3 16 0 0 -8.125 0 -7.7009 -8.125 -2.1029 0 -7.8481
3 16 -2.1029 0 -7.8481 0 -7.7009 -8.125 -1.4958 -7.9419 -7.9902
3 16 -1.0186 -8.773 8.0021 -1.1163 -8.838 8.4518 0 -8.5339 8.1377
3 16 0 -8.5339 8.1377 -1.1163 -8.838 8.4518 -0.0001 -8.6048 8.6159
3 16 -1.4204 -9.0004 7.9511 -1.1163 -8.838 8.4518 -1.0186 -8.773 8.0021
3 16 -1.9088 -8.7961 7.8812 -2.0011 -10.1145 8.5827 -1.4204 -9.0004 7.9511
3 16 -1.4204 -9.0004 7.9511 -2.0011 -10.1145 8.5827 -1.6575 -10.1438 8.6778
3 16 -4.3963 -10.2789 10.4049 -2.0011 -10.1145 8.5827 -4.4445 -8.3868 10.3192
3 16 -4.4445 -8.3868 10.3192 -2.0011 -10.1145 8.5827 -1.9088 -8.7961 7.8812
3 16 0 -8.5339 8.1377 0 -8.0911 8.125 -1.0186 -8.773 8.0021
3 16 -1.1732 -9.0471 -8.027 0 -8.8785 -8.1194 -0.629 -9.1362 -8.2799
3 16 -0.629 -9.1362 -8.2799 0 -8.8785 -8.1194 0 -9.0989 -8.3046
3 16 -6.9535 -8.2506 8.7077 -10.0127 -8.4569 6.0809 -9.7595 -8.4192 10.2684
3 16 -9.7595 -8.4192 10.2684 -10.0127 -8.4569 6.0809 -12.2544 -8.8447 8.1934
3 16 -9.7595 -8.4192 10.2684 -12.2544 -8.8447 8.1934 -12.2353 -8.8278 11.4699
3 16 -12.2353 -8.8278 11.4699 -12.2544 -8.8447 8.1934 -14.074 -9.3106 9.9701
3 16 -10.0127 -8.4569 6.0809 -10.5098 -8.5272 3.274 -13.7532 -9.2082 4.2615
3 16 -13.7532 -9.2082 4.2615 -10.5098 -8.5272 3.274 -12.8693 -8.9948 2.053
3 16 -11.3634 -8.648 0.779 -12.8693 -8.9948 2.053 -10.5098 -8.5272 3.274
3 16 -8.223 -8.2773 -8.7473 -5.3433 -8.345 -9.6151 -6.5695 -8.2401 -13.1755
3 16 -6.5695 -8.2401 -13.1755 -5.3433 -8.345 -9.6151 -3.9459 -8.4034 -11.6971
3 16 -0.75 -10.5 -1.8307 0 -10.5 -1.9677 -0.75 -5.325 -1.8307
3 16 -0.75 -5.325 -1.8307 0 -10.5 -1.9677 0 -5.325 -1.9677
3 16 -1.8307 -10.5 -0.75 -0.75 -10.5 -1.8307 -1.8307 -5.325 -0.75
3 16 -1.8307 -5.325 -0.75 -0.75 -10.5 -1.8307 -0.75 -5.325 -1.8307
3 16 -1.9677 -10.5 0 -1.8307 -10.5 -0.75 -1.9677 -5.325 0
3 16 -1.9677 -5.325 0 -1.8307 -10.5 -0.75 -1.8307 -5.325 -0.75
3 16 -1.8467 -10.5 0.734 -1.9677 -10.5 0 -1.8467 -5.325 0.734
3 16 -1.8467 -5.325 0.734 -1.9677 -10.5 0 -1.9677 -5.325 0
3 16 -0.734 -10.5 1.8467 -1.8467 -10.5 0.734 -0.734 -5.325 1.8467
3 16 -0.734 -5.325 1.8467 -1.8467 -10.5 0.734 -1.8467 -5.325 0.734
3 16 0 -10.5 1.9677 -0.734 -10.5 1.8467 0 -5.325 1.9677
3 16 0 -5.325 1.9677 -0.734 -10.5 1.8467 -0.734 -5.325 1.8467
3 16 0 -5.325 -1.9677 0 -5.325 -4.1313 -0.75 -5.325 -1.8307
3 16 -0.75 -5.325 -1.8307 0 -5.325 -4.1313 -1.9893 -5.325 -3.5422
3 16 -1.8307 -5.325 -0.75 -0.75 -5.325 -1.8307 -3.5422 -5.325 -1.9893
3 16 -3.5422 -5.325 -1.9893 -0.75 -5.325 -1.8307 -1.9893 -5.325 -3.5422
3 16 -1.9677 -5.325 0 -1.8307 -5.325 -0.75 -4.1313 -5.325 0
3 16 -4.1313 -5.325 0 -1.8307 -5.325 -0.75 -3.5422 -5.325 -1.9893
3 16 -1.9677 -5.325 0 -4.1313 -5.325 0 -1.8467 -5.325 0.734
3 16 -1.8467 -5.325 0.734 -4.1313 -5.325 0 -3.5561 -5.325 1.9754
3 16 -0.734 -5.325 1.8467 -1.8467 -5.325 0.734 -1.9754 -5.325 3.5561
3 16 -1.9754 -5.325 3.5561 -1.8467 -5.325 0.734 -3.5561 -5.325 1.9754
3 16 0 -5.325 1.9677 -0.734 -5.325 1.8467 0 -5.325 4.1313
3 16 0 -5.325 4.1313 -0.734 -5.325 1.8467 -1.9754 -5.325 3.5561
3 16 -1.9893 -5.325 -3.5422 0 -5.325 -4.1313 -1.9893 -9.7498 -3.5422
3 16 -1.9893 -9.7498 -3.5422 0 -5.325 -4.1313 0 -9.7498 -4.1313
3 16 -3.5422 -5.325 -1.9893 -1.9893 -5.325 -3.5422 -3.5422 -9.7498 -1.9893
3 16 -3.5422 -9.7498 -1.9893 -1.9893 -5.325 -3.5422 -1.9893 -9.7498 -3.5422
3 16 -4.1313 -5.325 0 -3.5422 -5.325 -1.9893 -4.1313 -9.7498 0
3 16 -4.1313 -9.7498 0 -3.5422 -5.325 -1.9893 -3.5422 -9.7498 -1.9893
3 16 -3.5561 -5.325 1.9754 -4.1313 -5.325 0 -3.5561 -9.7498 1.9754
3 16 -3.5561 -9.7498 1.9754 -4.1313 -5.325 0 -4.1313 -9.7498 0
3 16 -1.9754 -5.325 3.5561 -3.5561 -5.325 1.9754 -1.9754 -9.7498 3.5561
3 16 -1.9754 -9.7498 3.5561 -3.5561 -5.325 1.9754 -3.5561 -9.7498 1.9754
3 16 0 -5.325 4.1313 -1.9754 -5.325 3.5561 0 -9.7498 4.1313
3 16 0 -9.7498 4.1313 -1.9754 -5.325 3.5561 -1.9754 -9.7498 3.5561
3 16 0 -10.5 1.9677 0 -10.5 0.0004 -0.734 -10.5 1.8467
3 16 -0.734 -10.5 1.8467 0 -10.5 0.0004 -1.8467 -10.5 0.734
3 16 -1.8467 -10.5 0.734 0 -10.5 0.0004 -1.9677 -10.5 0
3 16 -1.9677 -10.5 0 0 -10.5 0.0004 -1.8307 -10.5 -0.75
3 16 -1.8307 -10.5 -0.75 0 -10.5 0.0004 -0.75 -10.5 -1.8307
3 16 -0.75 -10.5 -1.8307 0 -10.5 0.0004 0 -10.5 -1.9677
3 16 13.1663 -8.9925 -1.25 13.229 -9.0111 -1.7801 11.0421 -8.5873 -1.3701
3 16 11.0421 -8.5873 -1.3701 13.229 -9.0111 -1.7801 10.8909 -8.5784 -3.7529
3 16 13.1663 -8.9925 -1.25 11.0421 -8.5873 -1.3701 13.6078 -9.1097 -0.8349
3 16 13.6078 -9.1097 -0.8349 11.0421 -8.5873 -1.3701 11.3634 -8.648 0.779
3 16 14.9919 -9.4793 -3.8155 12.6323 -8.9202 -5.7198 13.229 -9.0111 -1.7801
3 16 13.229 -9.0111 -1.7801 12.6323 -8.9202 -5.7198 10.8909 -8.5784 -3.7529
3 16 16.2717 -10.077 -6.953 13.7371 -9.2025 -7.1445 14.9919 -9.4793 -3.8155
3 16 14.9919 -9.4793 -3.8155 13.7371 -9.2025 -7.1445 12.6323 -8.9202 -5.7198
3 16 16.0644 -10.0127 -10.069 13.1065 -9.0344 -8.7317 16.2717 -10.077 -6.953
3 16 16.2717 -10.077 -6.953 13.1065 -9.0344 -8.7317 13.7371 -9.2025 -7.1445
3 16 16.0644 -10.0127 -10.069 13.7802 -9.2005 -12.7852 13.1065 -9.0344 -8.7317
3 16 13.1065 -9.0344 -8.7317 13.7802 -9.2005 -12.7852 12.0675 -8.7925 -9.9194
3 16 13.7802 -9.2005 -12.7852 10.2218 -8.4424 -13.83 12.0675 -8.7925 -9.9194
3 16 12.0675 -8.7925 -9.9194 10.2218 -8.4424 -13.83 10.4673 -8.5095 -9.9067
3 16 10.2218 -8.4424 -13.83 6.5695 -8.2401 -13.1755 10.4673 -8.5095 -9.9067
3 16 10.4673 -8.5095 -9.9067 6.5695 -8.2401 -13.1755 8.223 -8.2773 -8.7473
3 16 3.9459 -8.4034 -11.6971 5.3433 -8.345 -9.6151 6.5695 -8.2401 -13.1755
3 16 6.5695 -8.2401 -13.1755 5.3433 -8.345 -9.6151 8.223 -8.2773 -8.7473
3 16 15.8088 -9.8459 0.1929 13.6078 -9.1097 -0.8349 12.8693 -8.9948 2.053
3 16 12.8693 -8.9948 2.053 13.6078 -9.1097 -0.8349 11.3634 -8.648 0.779
3 16 17.3189 -10.4091 2.3095 15.8088 -9.8459 0.1929 13.7532 -9.2082 4.2615
3 16 13.7532 -9.2082 4.2615 15.8088 -9.8459 0.1929 12.8693 -8.9948 2.053
3 16 17.3189 -10.4091 2.3095 13.7532 -9.2082 4.2615 18.0874 -10.7802 4.8737
3 16 18.0874 -10.7802 4.8737 13.7532 -9.2082 4.2615 14.9727 -9.618 6.5653
3 16 18.0874 -10.7802 4.8737 14.9727 -9.618 6.5653 18.7191 -11.1583 7.5242
3 16 18.7191 -11.1583 7.5242 14.9727 -9.618 6.5653 16.1653 -10.0402 8.6218
3 16 19.2629 -11.5125 10.5643 18.7191 -11.1583 7.5242 17.0844 -10.4431 10.4505
3 16 17.0844 -10.4431 10.4505 18.7191 -11.1583 7.5242 16.1653 -10.0402 8.6218
3 16 19.2327 -11.477 12.6404 19.2629 -11.5125 10.5643 17.3645 -10.5465 11.8395
3 16 17.3645 -10.5465 11.8395 19.2629 -11.5125 10.5643 17.0844 -10.4431 10.4505
3 16 19.2327 -11.477 12.6404 17.3645 -10.5465 11.8395 18.6699 -11.1718 13.9581
3 16 18.6699 -11.1718 13.9581 17.3645 -10.5465 11.8395 16.7286 -10.2754 12.5674
3 16 18.6699 -11.1718 13.9581 16.7286 -10.2754 12.5674 17.2811 -10.4634 14.7686
3 16 17.2811 -10.4634 14.7686 16.7286 -10.2754 12.5674 15.9162 -9.9436 13.0707
3 16 17.2811 -10.4634 14.7686 15.9162 -9.9436 13.0707 14.0252 -9.3217 14.6473
3 16 14.0252 -9.3217 14.6473 15.9162 -9.9436 13.0707 14.4379 -9.4294 12.4836
3 16 10.5038 -8.5452 13.5935 14.0252 -9.3217 14.6473 12.2353 -8.8278 11.4699
3 16 12.2353 -8.8278 11.4699 14.0252 -9.3217 14.6473 14.4379 -9.4294 12.4836
3 16 7.5272 -8.2636 12.2301 10.5038 -8.5452 13.5935 9.7595 -8.4192 10.2684
3 16 9.7595 -8.4192 10.2684 10.5038 -8.5452 13.5935 12.2353 -8.8278 11.4699
3 16 4.4445 -8.3868 10.3192 7.5272 -8.2636 12.2301 6.9535 -8.2506 8.7077
3 16 6.9535 -8.2506 8.7077 7.5272 -8.2636 12.2301 9.7595 -8.4192 10.2684
3 16 4.0625 -8.4301 -7.0365 5.3433 -8.345 -9.6151 1.4283 -8.8243 -8.006
3 16 1.4283 -8.8243 -8.006 5.3433 -8.345 -9.6151 3.9459 -8.4034 -11.6971
3 16 17.0844 -10.4431 10.4505 16.1653 -10.0402 8.6218 15.5839 -9.818 11.3615
3 16 15.5839 -9.818 11.3615 16.1653 -10.0402 8.6218 14.074 -9.3106 9.9701
3 16 16.1653 -10.0402 8.6218 14.9727 -9.618 6.5653 14.074 -9.3106 9.9701
3 16 14.074 -9.3106 9.9701 14.9727 -9.618 6.5653 12.2544 -8.8447 8.1934
3 16 5.7452 -8.1949 5.7452 10.0127 -8.4569 6.0809 7.0364 -8.1949 4.0625
3 16 7.0364 -8.1949 4.0625 10.0127 -8.4569 6.0809 10.5098 -8.5272 3.274
3 16 14.9727 -9.618 6.5653 13.7532 -9.2082 4.2615 12.2544 -8.8447 8.1934
3 16 12.2544 -8.8447 8.1934 13.7532 -9.2082 4.2615 10.0127 -8.4569 6.0809
3 16 12.2353 -8.8278 11.4699 14.4379 -9.4294 12.4836 14.074 -9.3106 9.9701
3 16 14.074 -9.3106 9.9701 14.4379 -9.4294 12.4836 15.5839 -9.818 11.3615
3 16 16.7286 -10.2754 12.5674 17.3645 -10.5465 11.8395 15.5839 -9.818 11.3615
3 16 15.5839 -9.818 11.3615 17.3645 -10.5465 11.8395 17.0844 -10.4431 10.4505
3 16 14.4379 -9.4294 12.4836 15.9162 -9.9436 13.0707 15.5839 -9.818 11.3615
3 16 15.5839 -9.818 11.3615 15.9162 -9.9436 13.0707 16.7286 -10.2754 12.5674
3 16 12.6323 -8.9202 -5.7198 13.7371 -9.2025 -7.1445 11.4341 -8.6575 -7.6461
3 16 11.4341 -8.6575 -7.6461 13.7371 -9.2025 -7.1445 13.1065 -9.0344 -8.7317
3 16 10.4673 -8.5095 -9.9067 11.4341 -8.6575 -7.6461 12.0675 -8.7925 -9.9194
3 16 12.0675 -8.7925 -9.9194 11.4341 -8.6575 -7.6461 13.1065 -9.0344 -8.7317
3 16 10.4673 -8.5095 -9.9067 8.223 -8.2773 -8.7473 11.4341 -8.6575 -7.6461
3 16 11.4341 -8.6575 -7.6461 8.223 -8.2773 -8.7473 9.4951 -8.3748 -6.2181
3 16 11.4341 -8.6575 -7.6461 9.4951 -8.3748 -6.2181 12.6323 -8.9202 -5.7198
3 16 12.6323 -8.9202 -5.7198 9.4951 -8.3748 -6.2181 10.8909 -8.5784 -3.7529
3 16 8.223 -8.2773 -8.7473 5.3433 -8.345 -9.6151 5.7452 -8.1949 -5.7452
3 16 5.7452 -8.1949 -5.7452 5.3433 -8.345 -9.6151 4.0625 -8.4301 -7.0365
3 16 0 -12.2719 -7.7169 0 -11.9661 -9.1563 0.4947 -12.1451 -7.6517
3 16 0.4947 -12.1451 -7.6517 0 -11.9661 -9.1563 0.653 -11.5933 -9.0992
3 16 0 -11.9661 -9.1563 0 -10.5574 -9.6996 0.653 -11.5933 -9.0992
3 16 0.653 -11.5933 -9.0992 0 -10.5574 -9.6996 0.7625 -10.5953 -9.4268
3 16 0 -10.5574 -9.6996 0 -9.5044 -9.3387 0.7625 -10.5953 -9.4268
3 16 0.7625 -10.5953 -9.4268 0 -9.5044 -9.3387 0.7036 -9.5574 -9.0787
3 16 0 -9.5044 -9.3387 0 -9.0989 -8.3046 0.7036 -9.5574 -9.0787
3 16 0.7036 -9.5574 -9.0787 0 -9.0989 -8.3046 0.629 -9.1362 -8.2799
3 16 0.5854 -12.4183 -5.6841 0 -12.5653 -5.7353 0.4947 -12.1451 -7.6517
3 16 0.4947 -12.1451 -7.6517 0 -12.5653 -5.7353 0 -12.2719 -7.7169
3 16 0 -12.5653 -5.7353 0.5854 -12.4183 -5.6841 0 -12.8667 -3.7579
3 16 0 -12.8667 -3.7579 0.5854 -12.4183 -5.6841 0.6859 -12.6777 -3.7313
3 16 1.9513 -12.3499 0.4258 1.0029 -13.015 0.2972 1.6754 -12.381 -1.6092
3 16 1.6754 -12.381 -1.6092 1.0029 -13.015 0.2972 0.8718 -12.9 -1.7031
3 16 2.0072 -12.363 2.5919 1.0857 -13.0522 2.5612 1.9513 -12.3499 0.4258
3 16 1.9513 -12.3499 0.4258 1.0857 -13.0522 2.5612 1.0029 -13.015 0.2972
3 16 0.9408 -13.0271 4.6716 1.0857 -13.0522 2.5612 1.8466 -12.4011 4.6739
3 16 1.8466 -12.4011 4.6739 1.0857 -13.0522 2.5612 2.0072 -12.363 2.5919
3 16 0.9408 -13.0271 4.6716 1.8466 -12.4011 4.6739 0.9012 -12.7734 6.614
3 16 0.9012 -12.7734 6.614 1.8466 -12.4011 4.6739 1.5605 -12.3319 6.9938
3 16 0 -13.2357 4.7331 0.9408 -13.0271 4.6716 0 -13.01 6.5089
3 16 0 -13.01 6.5089 0.9408 -13.0271 4.6716 0.9012 -12.7734 6.614
3 16 1.0857 -13.0522 2.5612 0.9408 -13.0271 4.6716 0 -13.3205 2.5565
3 16 0 -13.3205 2.5565 0.9408 -13.0271 4.6716 0 -13.2357 4.7331
3 16 0 -13.2537 0.2949 1.0029 -13.015 0.2972 0 -13.3205 2.5565
3 16 0 -13.3205 2.5565 1.0029 -13.015 0.2972 1.0857 -13.0522 2.5612
3 16 1.0029 -13.015 0.2972 0 -13.2537 0.2949 0.8718 -12.9 -1.7031
3 16 0.8718 -12.9 -1.7031 0 -13.2537 0.2949 0 -13.0949 -1.6995
3 16 0.9473 -12.0567 -7.566 1.2682 -11.5956 -8.7664 1.3168 -12.3623 -7.6282
3 16 1.3168 -12.3623 -7.6282 1.2682 -11.5956 -8.7664 1.5837 -12.3314 -8.7635
3 16 1.1102 -12.3727 -5.6412 0.9473 -12.0567 -7.566 1.3168 -12.3623 -7.6282
3 16 1.6754 -12.381 -1.6092 1.2811 -12.3894 -3.769 4.2217 -12.1951 -2.347
3 16 4.2217 -12.1951 -2.347 1.2811 -12.3894 -3.769 3.6403 -12.2213 -4.5248
3 16 4.2217 -12.1951 -2.347 4.6575 -12.1767 -0.0941 1.6754 -12.381 -1.6092
3 16 1.6754 -12.381 -1.6092 4.6575 -12.1767 -0.0941 1.9513 -12.3499 0.4258
3 16 2.0072 -12.363 2.5919 1.9513 -12.3499 0.4258 5.0902 -12.1631 2.243
3 16 5.0902 -12.1631 2.243 1.9513 -12.3499 0.4258 4.6575 -12.1767 -0.0941
3 16 6.5695 -12.2139 -13.1755 7.7808 -12.2222 -9.0359 3.9459 -12.2563 -11.6971
3 16 3.9459 -12.2563 -11.6971 7.7808 -12.2222 -9.0359 5.091 -12.1632 -8.048
3 16 4.2217 -12.1951 -2.347 3.6403 -12.2213 -4.5248 6.9456 -12.2008 -3.0997
3 16 6.9456 -12.2008 -3.0997 3.6403 -12.2213 -4.5248 6.0539 -12.183 -5.5354
3 16 13.1663 -13.051 -1.25 10.0309 -12.4476 -1.1872 13.229 -13.0695 -1.7801
3 16 13.229 -13.0695 -1.7801 10.0309 -12.4476 -1.1872 10.0567 -12.4461 -3.7882
3 16 4.6575 -12.1767 -0.0941 4.2217 -12.1951 -2.347 7.4251 -12.2112 -0.7166
3 16 7.4251 -12.2112 -0.7166 4.2217 -12.1951 -2.347 6.9456 -12.2008 -3.0997
3 16 13.6078 -13.1681 -0.8349 10.7228 -12.5606 0.7431 13.1663 -13.051 -1.25
3 16 13.1663 -13.051 -1.25 10.7228 -12.5606 0.7431 10.0309 -12.4476 -1.1872
3 16 4.6575 -12.1767 -0.0941 7.4251 -12.2112 -0.7166 5.0902 -12.1631 2.243
3 16 5.0902 -12.1631 2.243 7.4251 -12.2112 -0.7166 8.0968 -12.2541 1.5237
3 16 16.7588 -14.3935 10.6448 15.512 -13.8507 11.3055 15.8352 -13.9797 8.7368
3 16 15.8352 -13.9797 8.7368 15.512 -13.8507 11.3055 14.1025 -13.3509 9.8138
3 16 10.5038 -12.6037 13.5935 12.4835 -12.8945 11.1473 14.0252 -13.3802 14.6473
3 16 14.0252 -13.3802 14.6473 12.4835 -12.8945 11.1473 14.5638 -13.4959 12.3363
3 16 15.8352 -13.9797 8.7368 14.1025 -13.3509 9.8138 14.764 -13.5635 6.6285
3 16 14.764 -13.5635 6.6285 14.1025 -13.3509 9.8138 12.5307 -12.9056 8.004
3 16 7.5272 -12.322 12.2301 10.3471 -12.4881 9.5813 10.5038 -12.6037 13.5935
3 16 10.5038 -12.6037 13.5935 10.3471 -12.4881 9.5813 12.4835 -12.8945 11.1473
3 16 13.5188 -13.1939 4.4327 10.8334 -12.582 5.9868 12.0549 -12.8179 2.4831
3 16 12.0549 -12.8179 2.4831 10.8334 -12.582 5.9868 9.1305 -12.3587 3.8022
3 16 14.764 -13.5635 6.6285 12.5307 -12.9056 8.004 13.5188 -13.1939 4.4327
3 16 13.5188 -13.1939 4.4327 12.5307 -12.9056 8.004 10.8334 -12.582 5.9868
3 16 4.4445 -12.1823 10.3192 8.0795 -12.2524 7.68 7.5272 -12.322 12.2301
3 16 7.5272 -12.322 12.2301 8.0795 -12.2524 7.68 10.3471 -12.4881 9.5813
3 16 8.0795 -12.2524 7.68 4.4445 -12.1823 10.3192 5.5041 -12.1716 5.2109
3 16 5.5041 -12.1716 5.2109 4.4445 -12.1823 10.3192 1.8447 -12.2961 7.6353
3 16 15.512 -13.8507 11.3055 14.5638 -13.4959 12.3363 14.1025 -13.3509 9.8138
3 16 14.1025 -13.3509 9.8138 14.5638 -13.4959 12.3363 12.4835 -12.8945 11.1473
3 16 10.3471 -12.4881 9.5813 12.5307 -12.9056 8.004 12.4835 -12.8945 11.1473
3 16 12.4835 -12.8945 11.1473 12.5307 -12.9056 8.004 14.1025 -13.3509 9.8138
3 16 8.0795 -12.2524 7.68 10.8334 -12.582 5.9868 10.3471 -12.4881 9.5813
3 16 10.3471 -12.4881 9.5813 10.8334 -12.582 5.9868 12.5307 -12.9056 8.004
3 16 5.5041 -12.1716 5.2109 9.1305 -12.3587 3.8022 8.0795 -12.2524 7.68
3 16 8.0795 -12.2524 7.68 9.1305 -12.3587 3.8022 10.8334 -12.582 5.9868
3 16 5.5041 -12.1716 5.2109 5.0902 -12.1631 2.243 9.1305 -12.3587 3.8022
3 16 9.1305 -12.3587 3.8022 5.0902 -12.1631 2.243 8.0968 -12.2541 1.5237
3 16 19.2629 -15.5709 10.5643 16.7588 -14.3935 10.6448 18.7191 -15.2167 7.5242
3 16 18.7191 -15.2167 7.5242 16.7588 -14.3935 10.6448 15.8352 -13.9797 8.7368
3 16 15.8352 -13.9797 8.7368 14.764 -13.5635 6.6285 18.7191 -15.2167 7.5242
3 16 18.7191 -15.2167 7.5242 14.764 -13.5635 6.6285 18.0874 -14.8387 4.8737
3 16 14.764 -13.5635 6.6285 13.5188 -13.1939 4.4327 18.0874 -14.8387 4.8737
3 16 18.0874 -14.8387 4.8737 13.5188 -13.1939 4.4327 17.3189 -14.4676 2.3095
3 16 17.3189 -14.4676 2.3095 13.5188 -13.1939 4.4327 15.8088 -13.9044 0.1929
3 16 15.8088 -13.9044 0.1929 13.5188 -13.1939 4.4327 12.0549 -12.8179 2.4831
3 16 19.2327 -15.5354 12.6404 17.2658 -14.6473 11.8167 19.2629 -15.5709 10.5643
3 16 19.2629 -15.5709 10.5643 17.2658 -14.6473 11.8167 16.7588 -14.3935 10.6448
3 16 15.512 -13.8507 11.3055 16.7588 -14.3935 10.6448 16.5351 -14.2915 12.3257
3 16 16.5351 -14.2915 12.3257 16.7588 -14.3935 10.6448 17.2658 -14.6473 11.8167
3 16 14.5638 -13.4959 12.3363 15.512 -13.8507 11.3055 15.9178 -14.012 12.9907
3 16 15.9178 -14.012 12.9907 15.512 -13.8507 11.3055 16.5351 -14.2915 12.3257
3 16 14.5638 -13.4959 12.3363 15.9178 -14.012 12.9907 14.0252 -13.3802 14.6473
3 16 14.0252 -13.3802 14.6473 15.9178 -14.012 12.9907 17.2811 -14.5218 14.7686
3 16 15.9178 -14.012 12.9907 16.5351 -14.2915 12.3257 17.2811 -14.5218 14.7686
3 16 17.2811 -14.5218 14.7686 16.5351 -14.2915 12.3257 18.6699 -15.2303 13.9581
3 16 16.5351 -14.2915 12.3257 17.2658 -14.6473 11.8167 18.6699 -15.2303 13.9581
3 16 18.6699 -15.2303 13.9581 17.2658 -14.6473 11.8167 19.2327 -15.5354 12.6404
3 16 2.0072 -12.363 2.5919 5.0902 -12.1631 2.243 1.8466 -12.4011 4.6739
3 16 1.8466 -12.4011 4.6739 5.0902 -12.1631 2.243 5.5041 -12.1716 5.2109
3 16 1.8447 -12.2961 7.6353 1.5605 -12.3319 6.9938 5.5041 -12.1716 5.2109
3 16 1.5605 -12.3319 6.9938 1.8466 -12.4011 4.6739 5.5041 -12.1716 5.2109
3 16 7.4251 -12.2112 -0.7166 6.9456 -12.2008 -3.0997 10.0309 -12.4476 -1.1872
3 16 10.0309 -12.4476 -1.1872 6.9456 -12.2008 -3.0997 10.0567 -12.4461 -3.7882
3 16 7.4251 -12.2112 -0.7166 10.0309 -12.4476 -1.1872 8.0968 -12.2541 1.5237
3 16 8.0968 -12.2541 1.5237 10.0309 -12.4476 -1.1872 10.7228 -12.5606 0.7431
3 16 12.0549 -12.8179 2.4831 9.1305 -12.3587 3.8022 10.7228 -12.5606 0.7431
3 16 10.7228 -12.5606 0.7431 9.1305 -12.3587 3.8022 8.0968 -12.2541 1.5237
3 16 15.8088 -13.9044 0.1929 12.0549 -12.8179 2.4831 13.6078 -13.1681 -0.8349
3 16 13.6078 -13.1681 -0.8349 12.0549 -12.8179 2.4831 10.7228 -12.5606 0.7431
3 16 16.0644 -14.0711 -10.069 13.1062 -13.0536 -8.7947 13.7802 -13.259 -12.7852
3 16 13.7802 -13.259 -12.7852 13.1062 -13.0536 -8.7947 12.1196 -12.8139 -9.9206
3 16 16.2717 -14.1354 -6.953 13.7615 -13.2618 -7.146 16.0644 -14.0711 -10.069
3 16 16.0644 -14.0711 -10.069 13.7615 -13.2618 -7.146 13.1062 -13.0536 -8.7947
3 16 12.3157 -12.859 -5.774 13.7615 -13.2618 -7.146 14.9919 -13.5377 -3.8155
3 16 14.9919 -13.5377 -3.8155 13.7615 -13.2618 -7.146 16.2717 -14.1354 -6.953
3 16 12.3157 -12.859 -5.774 11.1798 -12.6465 -7.6997 13.7615 -13.2618 -7.146
3 16 13.7615 -13.2618 -7.146 11.1798 -12.6465 -7.6997 13.1062 -13.0536 -8.7947
3 16 13.1062 -13.0536 -8.7947 11.1798 -12.6465 -7.6997 12.1196 -12.8139 -9.9206
3 16 12.1196 -12.8139 -9.9206 11.1798 -12.6465 -7.6997 10.3991 -12.4977 -9.6756
3 16 13.7802 -13.259 -12.7852 12.1196 -12.8139 -9.9206 10.2218 -12.5009 -13.83
3 16 10.2218 -12.5009 -13.83 12.1196 -12.8139 -9.9206 10.3991 -12.4977 -9.6756
3 16 8.774 -12.3226 -6.5151 6.0539 -12.183 -5.5354 7.7808 -12.2222 -9.0359
3 16 7.7808 -12.2222 -9.0359 6.0539 -12.183 -5.5354 5.091 -12.1632 -8.048
3 16 10.2218 -12.5009 -13.83 10.3991 -12.4977 -9.6756 6.5695 -12.2139 -13.1755
3 16 6.5695 -12.2139 -13.1755 10.3991 -12.4977 -9.6756 7.7808 -12.2222 -9.0359
3 16 11.1798 -12.6465 -7.6997 8.774 -12.3226 -6.5151 10.3991 -12.4977 -9.6756
3 16 10.3991 -12.4977 -9.6756 8.774 -12.3226 -6.5151 7.7808 -12.2222 -9.0359
3 16 10.0567 -12.4461 -3.7882 8.774 -12.3226 -6.5151 12.3157 -12.859 -5.774
3 16 12.3157 -12.859 -5.774 8.774 -12.3226 -6.5151 11.1798 -12.6465 -7.6997
3 16 10.0567 -12.4461 -3.7882 12.3157 -12.859 -5.774 13.229 -13.0695 -1.7801
3 16 13.229 -13.0695 -1.7801 12.3157 -12.859 -5.774 14.9919 -13.5377 -3.8155
3 16 6.0539 -12.183 -5.5354 8.774 -12.3226 -6.5151 6.9456 -12.2008 -3.0997
3 16 6.9456 -12.2008 -3.0997 8.774 -12.3226 -6.5151 10.0567 -12.4461 -3.7882
3 16 3.9459 -12.2563 -11.6971 5.091 -12.1632 -8.048 1.5837 -12.3314 -8.7635
3 16 1.5837 -12.3314 -8.7635 5.091 -12.1632 -8.048 2.4347 -12.2839 -7.5246
3 16 1.1102 -12.3727 -5.6412 1.3168 -12.3623 -7.6282 2.4347 -12.2839 -7.5246
3 16 13.229 -13.0695 -1.7801 13.229 -11.2706 -1.7801 13.1663 -13.051 -1.25
3 16 13.1663 -13.051 -1.25 13.229 -11.2706 -1.7801 13.1663 -11.2521 -1.25
3 16 13.1663 -11.2521 -1.25 13.6078 -11.3692 -0.8349 13.1663 -13.051 -1.25
3 16 13.1663 -13.051 -1.25 13.6078 -11.3692 -0.8349 13.6078 -13.1681 -0.8349
3 16 14.9919 -13.5377 -3.8155 14.9919 -11.7388 -3.8155 13.229 -13.0695 -1.7801
3 16 13.229 -13.0695 -1.7801 14.9919 -11.7388 -3.8155 13.229 -11.2706 -1.7801
3 16 16.2717 -14.1354 -6.953 16.2717 -12.1778 -6.953 14.9919 -13.5377 -3.8155
3 16 14.9919 -13.5377 -3.8155 16.2717 -12.1778 -6.953 14.9919 -11.7388 -3.8155
3 16 16.0644 -12.1135 -10.069 16.2717 -12.1778 -6.953 16.0644 -14.0711 -10.069
3 16 16.0644 -14.0711 -10.069 16.2717 -12.1778 -6.953 16.2717 -14.1354 -6.953
3 16 13.7802 -11.3821 -12.7852 16.0644 -12.1135 -10.069 13.7802 -13.259 -12.7852
3 16 13.7802 -13.259 -12.7852 16.0644 -12.1135 -10.069 16.0644 -14.0711 -10.069
3 16 10.2218 -10.702 -13.83 13.7802 -11.3821 -12.7852 10.2218 -12.5009 -13.83
3 16 10.2218 -12.5009 -13.83 13.7802 -11.3821 -12.7852 13.7802 -13.259 -12.7852
3 16 6.5695 -10.415 -13.1755 10.2218 -10.702 -13.83 6.5695 -12.2139 -13.1755
3 16 6.5695 -12.2139 -13.1755 10.2218 -10.702 -13.83 10.2218 -12.5009 -13.83
3 16 3.9459 -12.2563 -11.6971 3.9459 -10.4887 -11.6971 6.5695 -12.2139 -13.1755
3 16 6.5695 -12.2139 -13.1755 3.9459 -10.4887 -11.6971 6.5695 -10.415 -13.1755
3 16 1.5837 -12.3314 -8.7635 1.2682 -11.5956 -8.7664 3.9459 -12.2563 -11.6971
3 16 3.9459 -12.2563 -11.6971 1.2682 -11.5956 -8.7664 3.9459 -10.4887 -11.6971
3 16 1.2682 -11.5956 -8.7664 1.3208 -10.6435 -9.1011 3.9459 -10.4887 -11.6971
3 16 13.6078 -11.3692 -0.8349 15.8088 -12.1055 0.1929 13.6078 -13.1681 -0.8349
3 16 13.6078 -13.1681 -0.8349 15.8088 -12.1055 0.1929 15.8088 -13.9044 0.1929
3 16 15.8088 -12.1055 0.1929 17.3189 -12.6687 2.3095 15.8088 -13.9044 0.1929
3 16 15.8088 -13.9044 0.1929 17.3189 -12.6687 2.3095 17.3189 -14.4676 2.3095
3 16 17.3189 -12.6687 2.3095 18.0874 -13.0398 4.8737 17.3189 -14.4676 2.3095
3 16 17.3189 -14.4676 2.3095 18.0874 -13.0398 4.8737 18.0874 -14.8387 4.8737
3 16 18.0874 -13.0398 4.8737 18.7191 -13.4178 7.5242 18.0874 -14.8387 4.8737
3 16 18.0874 -14.8387 4.8737 18.7191 -13.4178 7.5242 18.7191 -15.2167 7.5242
3 16 18.7191 -13.4178 7.5242 19.2629 -13.6992 10.5643 18.7191 -15.2167 7.5242
3 16 18.7191 -15.2167 7.5242 19.2629 -13.6992 10.5643 19.2629 -15.5709 10.5643
3 16 19.2629 -15.5709 10.5643 19.2629 -13.6992 10.5643 19.2327 -15.5354 12.6404
3 16 19.2327 -15.5354 12.6404 19.2629 -13.6992 10.5643 19.2327 -13.6637 12.6404
3 16 19.2327 -15.5354 12.6404 19.2327 -13.6637 12.6404 18.6699 -15.2303 13.9581
3 16 18.6699 -15.2303 13.9581 19.2327 -13.6637 12.6404 18.6681 -13.3585 13.9936
3 16 18.6699 -15.2303 13.9581 18.6681 -13.3585 13.9936 17.2811 -14.5218 14.7686
3 16 17.2811 -14.5218 14.7686 18.6681 -13.3585 13.9936 17.1872 -12.7229 14.8041
3 16 17.2811 -14.5218 14.7686 17.1872 -12.7229 14.8041 14.0252 -13.3802 14.6473
3 16 14.0252 -13.3802 14.6473 17.1872 -12.7229 14.8041 13.9314 -11.5813 14.6828
3 16 14.0252 -13.3802 14.6473 13.9314 -11.5813 14.6828 10.5038 -12.6037 13.5935
3 16 10.5038 -12.6037 13.5935 13.9314 -11.5813 14.6828 10.41 -10.8048 13.6289
3 16 10.5038 -12.6037 13.5935 10.41 -10.8048 13.6289 7.5272 -12.322 12.2301
3 16 7.5272 -12.322 12.2301 10.41 -10.8048 13.6289 7.4334 -10.5231 12.2655
3 16 7.5272 -12.322 12.2301 7.4334 -10.5231 12.2655 4.4445 -12.1823 10.3192
3 16 4.4445 -12.1823 10.3192 7.4334 -10.5231 12.2655 4.3963 -10.2789 10.4049
3 16 7.4334 -10.5231 12.2655 7.5272 -8.2636 12.2301 4.3963 -10.2789 10.4049
3 16 4.3963 -10.2789 10.4049 7.5272 -8.2636 12.2301 4.4445 -8.3868 10.3192
3 16 10.41 -10.8048 13.6289 10.5038 -8.5452 13.5935 7.4334 -10.5231 12.2655
3 16 7.4334 -10.5231 12.2655 10.5038 -8.5452 13.5935 7.5272 -8.2636 12.2301
3 16 13.9314 -11.5813 14.6828 14.0252 -9.3217 14.6473 10.41 -10.8048 13.6289
3 16 10.41 -10.8048 13.6289 14.0252 -9.3217 14.6473 10.5038 -8.5452 13.5935
3 16 17.1872 -12.7229 14.8041 17.2811 -10.4634 14.7686 13.9314 -11.5813 14.6828
3 16 13.9314 -11.5813 14.6828 17.2811 -10.4634 14.7686 14.0252 -9.3217 14.6473
3 16 18.6681 -13.3585 13.9936 18.6699 -11.1718 13.9581 17.1872 -12.7229 14.8041
3 16 17.1872 -12.7229 14.8041 18.6699 -11.1718 13.9581 17.2811 -10.4634 14.7686
3 16 19.2327 -13.6637 12.6404 19.2327 -11.477 12.6404 18.6681 -13.3585 13.9936
3 16 18.6681 -13.3585 13.9936 19.2327 -11.477 12.6404 18.6699 -11.1718 13.9581
3 16 19.2629 -13.6992 10.5643 19.2629 -11.5125 10.5643 19.2327 -13.6637 12.6404
3 16 19.2327 -13.6637 12.6404 19.2629 -11.5125 10.5643 19.2327 -11.477 12.6404
3 16 18.7191 -11.1583 7.5242 19.2629 -11.5125 10.5643 18.7191 -13.4178 7.5242
3 16 18.7191 -13.4178 7.5242 19.2629 -11.5125 10.5643 19.2629 -13.6992 10.5643
3 16 18.0874 -10.7802 4.8737 18.7191 -11.1583 7.5242 18.0874 -13.0398 4.8737
3 16 18.0874 -13.0398 4.8737 18.7191 -11.1583 7.5242 18.7191 -13.4178 7.5242
3 16 17.3189 -10.4091 2.3095 18.0874 -10.7802 4.8737 17.3189 -12.6687 2.3095
3 16 17.3189 -12.6687 2.3095 18.0874 -10.7802 4.8737 18.0874 -13.0398 4.8737
3 16 15.8088 -9.8459 0.1929 17.3189 -10.4091 2.3095 15.8088 -12.1055 0.1929
3 16 15.8088 -12.1055 0.1929 17.3189 -10.4091 2.3095 17.3189 -12.6687 2.3095
3 16 13.6078 -9.1097 -0.8349 15.8088 -9.8459 0.1929 13.6078 -11.3692 -0.8349
3 16 13.6078 -11.3692 -0.8349 15.8088 -9.8459 0.1929 15.8088 -12.1055 0.1929
3 16 13.1663 -8.9925 -1.25 13.6078 -9.1097 -0.8349 13.1663 -11.2521 -1.25
3 16 13.1663 -11.2521 -1.25 13.6078 -9.1097 -0.8349 13.6078 -11.3692 -0.8349
3 16 13.229 -11.2706 -1.7801 13.229 -9.0111 -1.7801 13.1663 -11.2521 -1.25
3 16 13.1663 -11.2521 -1.25 13.229 -9.0111 -1.7801 13.1663 -8.9925 -1.25
3 16 14.9919 -11.7388 -3.8155 14.9919 -9.4793 -3.8155 13.229 -11.2706 -1.7801
3 16 13.229 -11.2706 -1.7801 14.9919 -9.4793 -3.8155 13.229 -9.0111 -1.7801
3 16 16.2717 -12.1778 -6.953 16.2717 -10.077 -6.953 14.9919 -11.7388 -3.8155
3 16 14.9919 -11.7388 -3.8155 16.2717 -10.077 -6.953 14.9919 -9.4793 -3.8155
3 16 16.0644 -10.0127 -10.069 16.2717 -10.077 -6.953 16.0644 -12.1135 -10.069
3 16 16.0644 -12.1135 -10.069 16.2717 -10.077 -6.953 16.2717 -12.1778 -6.953
3 16 13.7802 -9.2005 -12.7852 16.0644 -10.0127 -10.069 13.7802 -11.3821 -12.7852
3 16 13.7802 -11.3821 -12.7852 16.0644 -10.0127 -10.069 16.0644 -12.1135 -10.069
3 16 10.2218 -8.4424 -13.83 13.7802 -9.2005 -12.7852 10.2218 -10.702 -13.83
3 16 10.2218 -10.702 -13.83 13.7802 -9.2005 -12.7852 13.7802 -11.3821 -12.7852
3 16 6.5695 -8.2401 -13.1755 10.2218 -8.4424 -13.83 6.5695 -10.415 -13.1755
3 16 6.5695 -10.415 -13.1755 10.2218 -8.4424 -13.83 10.2218 -10.702 -13.83
3 16 3.9459 -10.4887 -11.6971 3.9459 -8.4034 -11.6971 6.5695 -10.415 -13.1755
3 16 6.5695 -10.415 -13.1755 3.9459 -8.4034 -11.6971 6.5695 -8.2401 -13.1755
3 16 3.9459 -10.4887 -11.6971 1.3208 -10.6435 -9.1011 3.9459 -8.4034 -11.6971
3 16 1.4283 -8.8243 -8.006 3.9459 -8.4034 -11.6971 1.1452 -9.5694 -8.8372
3 16 1.1452 -9.5694 -8.8372 3.9459 -8.4034 -11.6971 1.3208 -10.6435 -9.1011
3 16 2.4347 -12.2839 -7.5246 1.3168 -12.3623 -7.6282 1.5837 -12.3314 -8.7635
3 16 1.2811 -12.3894 -3.769 1.1102 -12.3727 -5.6412 3.6403 -12.2213 -4.5248
3 16 3.6403 -12.2213 -4.5248 1.1102 -12.3727 -5.6412 2.4347 -12.2839 -7.5246
3 16 6.0539 -12.183 -5.5354 3.6403 -12.2213 -4.5248 5.091 -12.1632 -8.048
3 16 5.091 -12.1632 -8.048 3.6403 -12.2213 -4.5248 2.4347 -12.2839 -7.5246
3 16 0.9365 -12.2417 8.3341 1.4537 -11.9808 8.0387 1.0601 -11.6909 9.1081
3 16 1.0601 -11.6909 9.1081 1.4537 -11.9808 8.0387 1.6903 -11.3436 8.5552
3 16 -0.0014 -9.503 9.5638 1.0945 -9.5258 9.2479 -0.0001 -8.6048 8.6159
3 16 -0.0001 -8.6048 8.6159 1.0945 -9.5258 9.2479 1.1166 -8.838 8.4517
3 16 1.4204 -9.0004 7.9511 1.1166 -8.838 8.4517 1.6428 -10.1446 8.6852
3 16 1.6428 -10.1446 8.6852 1.1166 -8.838 8.4517 1.0945 -9.5258 9.2479
3 16 1.6428 -10.1446 8.6852 1.0945 -9.5258 9.2479 1.1101 -10.6533 9.4802
3 16 -0.0012 -10.7229 9.8457 1.1101 -10.6533 9.4802 -0.0014 -9.503 9.5638
3 16 -0.0014 -9.503 9.5638 1.1101 -10.6533 9.4802 1.0945 -9.5258 9.2479
3 16 0 -11.8911 9.2824 1.0601 -11.6909 9.1081 -0.0012 -10.7229 9.8457
3 16 -0.0012 -10.7229 9.8457 1.0601 -11.6909 9.1081 1.1101 -10.6533 9.4802
3 16 0 -12.5772 8.38 0.9365 -12.2417 8.3341 0 -11.8911 9.2824
3 16 0 -11.8911 9.2824 0.9365 -12.2417 8.3341 1.0601 -11.6909 9.1081
3 16 0.8775 -12.5637 7.4971 0 -12.7881 7.4937 0.9012 -12.7734 6.614
3 16 0.9012 -12.7734 6.614 0 -12.7881 7.4937 0 -13.01 6.5089
3 16 0 -12.7881 7.4937 0.8775 -12.5637 7.4971 0 -12.5772 8.38
3 16 0 -12.5772 8.38 0.8775 -12.5637 7.4971 0.9365 -12.2417 8.3341
3 16 1.4537 -11.9808 8.0387 0.9365 -12.2417 8.3341 1.3862 -12.2257 7.5395
3 16 1.3862 -12.2257 7.5395 0.9365 -12.2417 8.3341 0.8775 -12.5637 7.4971
3 16 1.3862 -12.2257 7.5395 0.8775 -12.5637 7.4971 1.5605 -12.3319 6.9938
3 16 1.5605 -12.3319 6.9938 0.8775 -12.5637 7.4971 0.9012 -12.7734 6.614
3 16 1.0601 -11.6909 9.1081 1.6903 -11.3436 8.5552 1.1101 -10.6533 9.4802
3 16 1.1101 -10.6533 9.4802 1.6903 -11.3436 8.5552 1.6428 -10.1446 8.6852
3 16 1.5605 -12.3319 6.9938 1.8447 -12.2961 7.6353 1.3862 -12.2257 7.5395
3 16 1.3862 -12.2257 7.5395 1.8447 -12.2961 7.6353 1.4537 -11.9808 8.0387
3 16 8.223 -8.2773 -8.7473 5.7452 -8.1949 -5.7452 9.4951 -8.3748 -6.2181
3 16 9.4951 -8.3748 -6.2181 5.7452 -8.1949 -5.7452 7.0364 -8.1949 -4.0625
3 16 1.4204 -9.0004 7.9511 1.9088 -8.7961 7.8812 1.0186 -8.773 8.0021
3 16 1.0186 -8.773 8.0021 1.9088 -8.7961 7.8812 0 -8.0911 8.125
3 16 1.9088 -8.7961 7.8812 4.4445 -8.3868 10.3192 4.0625 -8.1949 7.0365
3 16 4.0625 -8.1949 7.0365 4.4445 -8.3868 10.3192 6.9535 -8.2506 8.7077
3 16 4.3963 -10.2789 10.4049 4.4445 -8.3868 10.3192 1.9773 -10.145 8.5896
3 16 1.9773 -10.145 8.5896 4.4445 -8.3868 10.3192 1.9088 -8.7961 7.8812
3 16 4.4445 -12.1823 10.3192 4.3963 -10.2789 10.4049 2.0525 -11.3616 8.5153
3 16 2.0525 -11.3616 8.5153 4.3963 -10.2789 10.4049 1.9773 -10.145 8.5896
3 16 4.4445 -12.1823 10.3192 2.0525 -11.3616 8.5153 1.8447 -12.2961 7.6353
3 16 0.5854 -12.4183 -5.6841 1.1102 -12.3727 -5.6412 0.6859 -12.6777 -3.7313
3 16 0.6859 -12.6777 -3.7313 1.1102 -12.3727 -5.6412 1.2811 -12.3894 -3.769
3 16 1.1102 -12.3727 -5.6412 0.5854 -12.4183 -5.6841 0.9473 -12.0567 -7.566
3 16 0.9473 -12.0567 -7.566 0.5854 -12.4183 -5.6841 0.4947 -12.1451 -7.6517
3 16 0.653 -11.5933 -9.0992 1.2682 -11.5956 -8.7664 0.4947 -12.1451 -7.6517
3 16 0.4947 -12.1451 -7.6517 1.2682 -11.5956 -8.7664 0.9473 -12.0567 -7.566
3 16 1.2682 -11.5956 -8.7664 0.653 -11.5933 -9.0992 1.3208 -10.6435 -9.1011
3 16 1.3208 -10.6435 -9.1011 0.653 -11.5933 -9.0992 0.7625 -10.5953 -9.4268
3 16 0.7036 -9.5574 -9.0787 1.1452 -9.5694 -8.8372 0.7625 -10.5953 -9.4268
3 16 0.7625 -10.5953 -9.4268 1.1452 -9.5694 -8.8372 1.3208 -10.6435 -9.1011
3 16 1.1732 -9.0471 -8.027 1.1452 -9.5694 -8.8372 0.629 -9.1362 -8.2799
3 16 0.629 -9.1362 -8.2799 1.1452 -9.5694 -8.8372 0.7036 -9.5574 -9.0787
3 16 1.4283 -8.8243 -8.006 1.1452 -9.5694 -8.8372 1.1732 -9.0471 -8.027
3 16 11.3634 -8.648 0.779 7.8481 -8.1949 2.1029 10.5098 -8.5272 3.274
3 16 10.5098 -8.5272 3.274 7.8481 -8.1949 2.1029 7.0364 -8.1949 4.0625
3 16 11.0421 -8.5873 -1.3701 8.125 -8.1949 0 11.3634 -8.648 0.779
3 16 11.3634 -8.648 0.779 8.125 -8.1949 0 7.8481 -8.1949 2.1029
3 16 10.8909 -8.5784 -3.7529 7.8481 -8.1949 -2.1029 11.0421 -8.5873 -1.3701
3 16 11.0421 -8.5873 -1.3701 7.8481 -8.1949 -2.1029 8.125 -8.1949 0
3 16 9.4951 -8.3748 -6.2181 7.0364 -8.1949 -4.0625 10.8909 -8.5784 -3.7529
3 16 10.8909 -8.5784 -3.7529 7.0364 -8.1949 -4.0625 7.8481 -8.1949 -2.1029
3 16 0.6859 -12.6777 -3.7313 1.2811 -12.3894 -3.769 0.8718 -12.9 -1.7031
3 16 0.8718 -12.9 -1.7031 1.2811 -12.3894 -3.769 1.6754 -12.381 -1.6092
3 16 0.8718 -12.9 -1.7031 0 -13.0949 -1.6995 0.6859 -12.6777 -3.7313
3 16 0.6859 -12.6777 -3.7313 0 -13.0949 -1.6995 0 -12.8667 -3.7579
3 16 1.4283 -8.8243 -8.006 1.1732 -9.0471 -8.027 0 -8.5565 -8.125
3 16 0 -8.5565 -8.125 1.1732 -9.0471 -8.027 0 -8.8785 -8.1194
3 16 1.4958 -7.9419 -7.9902 2.1029 0 -7.8481 4.0625 -7.5871 -7.0365
3 16 4.0625 -7.5871 -7.0365 2.1029 0 -7.8481 4.0625 0 -7.0365
3 16 1.6903 -11.3436 8.5552 1.4537 -11.9808 8.0387 2.0525 -11.3616 8.5153
3 16 2.0525 -11.3616 8.5153 1.4537 -11.9808 8.0387 1.8447 -12.2961 7.6353
3 16 1.6428 -10.1446 8.6852 1.6903 -11.3436 8.5552 1.9773 -10.145 8.5896
3 16 1.9773 -10.145 8.5896 1.6903 -11.3436 8.5552 2.0525 -11.3616 8.5153
3 16 0 0 8.125 2.1029 0 7.8481 0 0 6.3966
3 16 0 0 6.3966 2.1029 0 7.8481 3.0585 0 5.506
3 16 3.0801 0 -5.4844 4.0625 0 -7.0365 2.1029 0 -7.8481
3 16 7.0364 0 -4.0625 5.7452 0 -5.7452 5.4844 0 -3.0801
3 16 5.4844 0 -3.0801 5.7452 0 -5.7452 3.0801 0 -5.4844
3 16 6.3966 0 0 8.125 0 0 7.8481 0 -2.1029
3 16 7.0364 0 4.0625 7.8481 0 2.1029 5.506 0 3.0585
3 16 5.506 0 3.0585 7.8481 0 2.1029 6.3966 0 0
3 16 3.0585 0 5.506 4.0625 0 7.0365 5.7452 0 5.7452
3 16 3.0585 -9.7498 5.506 0 -9.7498 6.3966 3.0585 0 5.506
3 16 3.0585 0 5.506 0 -9.7498 6.3966 0 0 6.3966
3 16 5.506 -9.7498 3.0585 3.0585 -9.7498 5.506 5.506 0 3.0585
3 16 5.506 0 3.0585 3.0585 -9.7498 5.506 3.0585 0 5.506
3 16 6.3967 -9.7498 0 5.506 -9.7498 3.0585 6.3966 0 0
3 16 6.3966 0 0 5.506 -9.7498 3.0585 5.506 0 3.0585
3 16 5.4844 -9.7498 -3.0801 6.3967 -9.7498 0 5.4844 0 -3.0801
3 16 5.4844 0 -3.0801 6.3967 -9.7498 0 6.3966 0 0
3 16 3.0801 -9.7498 -5.4844 5.4844 -9.7498 -3.0801 3.0801 0 -5.4844
3 16 3.0801 0 -5.4844 5.4844 -9.7498 -3.0801 5.4844 0 -3.0801
3 16 0 -9.7498 -6.3966 3.0801 -9.7498 -5.4844 0 0 -6.3966
3 16 0 0 -6.3966 3.0801 -9.7498 -5.4844 3.0801 0 -5.4844
3 16 0 -9.7498 6.3966 3.0585 -9.7498 5.506 0 -9.7498 4.1313
3 16 0 -9.7498 4.1313 3.0585 -9.7498 5.506 1.9754 -9.7498 3.5561
3 16 3.0585 -9.7498 5.506 5.506 -9.7498 3.0585 1.9754 -9.7498 3.5561
3 16 1.9754 -9.7498 3.5561 5.506 -9.7498 3.0585 3.5561 -9.7498 1.9754
3 16 6.3967 -9.7498 0 4.1313 -9.7498 0 5.506 -9.7498 3.0585
3 16 5.506 -9.7498 3.0585 4.1313 -9.7498 0 3.5561 -9.7498 1.9754
3 16 6.3967 -9.7498 0 5.4844 -9.7498 -3.0801 4.1313 -9.7498 0
3 16 4.1313 -9.7498 0 5.4844 -9.7498 -3.0801 3.5422 -9.7498 -1.9893
3 16 5.4844 -9.7498 -3.0801 3.0801 -9.7498 -5.4844 3.5422 -9.7498 -1.9893
3 16 3.5422 -9.7498 -1.9893 3.0801 -9.7498 -5.4844 1.9893 -9.7498 -3.5422
3 16 0 -9.7498 -6.3966 0 -9.7498 -4.1313 3.0801 -9.7498 -5.4844
3 16 3.0801 -9.7498 -5.4844 0 -9.7498 -4.1313 1.9893 -9.7498 -3.5422
3 16 0 -5.325 4.1313 0 -9.7498 4.1313 1.9754 -5.325 3.5561
3 16 1.9754 -5.325 3.5561 0 -9.7498 4.1313 1.9754 -9.7498 3.5561
3 16 1.9754 -9.7498 3.5561 3.5561 -9.7498 1.9754 1.9754 -5.325 3.5561
3 16 1.9754 -5.325 3.5561 3.5561 -9.7498 1.9754 3.5561 -5.325 1.9754
3 16 3.5561 -9.7498 1.9754 4.1313 -9.7498 0 3.5561 -5.325 1.9754
3 16 3.5561 -5.325 1.9754 4.1313 -9.7498 0 4.1313 -5.325 0
3 16 4.1313 -9.7498 0 3.5422 -9.7498 -1.9893 4.1313 -5.325 0
3 16 4.1313 -5.325 0 3.5422 -9.7498 -1.9893 3.5422 -5.325 -1.9893
3 16 3.5422 -9.7498 -1.9893 1.9893 -9.7498 -3.5422 3.5422 -5.325 -1.9893
3 16 3.5422 -5.325 -1.9893 1.9893 -9.7498 -3.5422 1.9893 -5.325 -3.5422
3 16 1.9893 -9.7498 -3.5422 0 -9.7498 -4.1313 1.9893 -5.325 -3.5422
3 16 1.9893 -5.325 -3.5422 0 -9.7498 -4.1313 0 -5.325 -4.1313
3 16 0 -5.325 1.9677 0 -5.325 4.1313 0.734 -5.325 1.8467
3 16 0.734 -5.325 1.8467 0 -5.325 4.1313 1.9754 -5.325 3.5561
3 16 1.9754 -5.325 3.5561 3.5561 -5.325 1.9754 0.734 -5.325 1.8467
3 16 0.734 -5.325 1.8467 3.5561 -5.325 1.9754 1.8467 -5.325 0.734
3 16 3.5561 -5.325 1.9754 4.1313 -5.325 0 1.8467 -5.325 0.734
3 16 1.8467 -5.325 0.734 4.1313 -5.325 0 1.9677 -5.325 0
3 16 3.5422 -5.325 -1.9893 1.8307 -5.325 -0.75 4.1313 -5.325 0
3 16 4.1313 -5.325 0 1.8307 -5.325 -0.75 1.9677 -5.325 0
3 16 3.5422 -5.325 -1.9893 1.9893 -5.325 -3.5422 1.8307 -5.325 -0.75
3 16 1.8307 -5.325 -0.75 1.9893 -5.325 -3.5422 0.75 -5.325 -1.8307
3 16 1.9893 -5.325 -3.5422 0 -5.325 -4.1313 0.75 -5.325 -1.8307
3 16 0.75 -5.325 -1.8307 0 -5.325 -4.1313 0 -5.325 -1.9677
3 16 0 -10.5 1.9677 0 -5.325 1.9677 0.734 -10.5 1.8467
3 16 0.734 -10.5 1.8467 0 -5.325 1.9677 0.734 -5.325 1.8467
3 16 0.734 -5.325 1.8467 1.8467 -5.325 0.734 0.734 -10.5 1.8467
3 16 0.734 -10.5 1.8467 1.8467 -5.325 0.734 1.8467 -10.5 0.734
3 16 1.8467 -5.325 0.734 1.9677 -5.325 0 1.8467 -10.5 0.734
3 16 1.8467 -10.5 0.734 1.9677 -5.325 0 1.9677 -10.5 0
3 16 1.9677 -5.325 0 1.8307 -5.325 -0.75 1.9677 -10.5 0
3 16 1.9677 -10.5 0 1.8307 -5.325 -0.75 1.8307 -10.5 -0.75
3 16 1.8307 -5.325 -0.75 0.75 -5.325 -1.8307 1.8307 -10.5 -0.75
3 16 1.8307 -10.5 -0.75 0.75 -5.325 -1.8307 0.75 -10.5 -1.8307
3 16 0.75 -5.325 -1.8307 0 -5.325 -1.9677 0.75 -10.5 -1.8307
3 16 0.75 -10.5 -1.8307 0 -5.325 -1.9677 0 -10.5 -1.9677
3 16 3.0585 0 5.506 2.1029 0 7.8481 4.0625 0 7.0365
3 16 3.0585 0 5.506 5.7452 0 5.7452 5.506 0 3.0585
3 16 5.506 0 3.0585 5.7452 0 5.7452 7.0364 0 4.0625
3 16 6.3966 0 0 7.8481 0 2.1029 8.125 0 0
3 16 6.3966 0 0 7.8481 0 -2.1029 5.4844 0 -3.0801
3 16 5.4844 0 -3.0801 7.8481 0 -2.1029 7.0364 0 -4.0625
3 16 3.0801 0 -5.4844 5.7452 0 -5.7452 4.0625 0 -7.0365
3 16 3.0801 0 -5.4844 2.1029 0 -7.8481 0 0 -6.3966
3 16 0 0 -6.3966 2.1029 0 -7.8481 0 0 -8.125
3 16 4.0625 0 7.0365 2.1029 0 7.8481 4.0625 -7.3754 7.0365
3 16 4.0625 -7.3754 7.0365 2.1029 0 7.8481 1.9282 -7.9165 7.8779
3 16 0 0 8.125 0 -7.282 8.125 2.1029 0 7.8481
3 16 2.1029 0 7.8481 0 -7.282 8.125 1.9282 -7.9165 7.8779
3 16 4.0625 -7.5871 -7.0365 4.0625 0 -7.0365 5.7452 -7.3754 -5.7452
3 16 5.7452 -7.3754 -5.7452 4.0625 0 -7.0365 5.7452 0 -5.7452
3 16 7.0364 -7.3754 -4.0625 5.7452 -7.3754 -5.7452 7.0364 0 -4.0625
3 16 7.0364 0 -4.0625 5.7452 -7.3754 -5.7452 5.7452 0 -5.7452
3 16 7.8481 -7.3754 -2.1029 7.0364 -7.3754 -4.0625 7.8481 0 -2.1029
3 16 7.8481 0 -2.1029 7.0364 -7.3754 -4.0625 7.0364 0 -4.0625
3 16 8.125 -7.3754 0 7.8481 -7.3754 -2.1029 8.125 0 0
3 16 8.125 0 0 7.8481 -7.3754 -2.1029 7.8481 0 -2.1029
3 16 7.8481 -7.3754 2.1029 8.125 -7.3754 0 7.8481 0 2.1029
3 16 7.8481 0 2.1029 8.125 -7.3754 0 8.125 0 0
3 16 7.0364 -7.3754 4.0625 7.8481 -7.3754 2.1029 7.0364 0 4.0625
3 16 7.0364 0 4.0625 7.8481 -7.3754 2.1029 7.8481 0 2.1029
3 16 5.7452 -7.3754 5.7452 7.0364 -7.3754 4.0625 5.7452 0 5.7452
3 16 5.7452 0 5.7452 7.0364 -7.3754 4.0625 7.0364 0 4.0625
3 16 4.0625 0 7.0365 4.0625 -7.3754 7.0365 5.7452 0 5.7452
3 16 5.7452 0 5.7452 4.0625 -7.3754 7.0365 5.7452 -7.3754 5.7452
3 16 1.0186 -8.773 8.0021 0 -8.5339 8.1377 1.1166 -8.838 8.4517
3 16 1.1166 -8.838 8.4517 0 -8.5339 8.1377 -0.0001 -8.6048 8.6159
3 16 1.4204 -9.0004 7.9511 1.0186 -8.773 8.0021 1.1166 -8.838 8.4517
3 16 1.9088 -8.7961 7.8812 1.4204 -9.0004 7.9511 1.9773 -10.145 8.5896
3 16 1.9773 -10.145 8.5896 1.4204 -9.0004 7.9511 1.6428 -10.1446 8.6852
3 16 0 -8.5339 8.1377 1.0186 -8.773 8.0021 0 -8.0911 8.125
3 16 1.1732 -9.0471 -8.027 0.629 -9.1362 -8.2799 0 -8.8785 -8.1194
3 16 0 -8.8785 -8.1194 0.629 -9.1362 -8.2799 0 -9.0989 -8.3046
3 16 1.4958 -7.9419 -7.9902 0 -7.7009 -8.125 2.1029 0 -7.8481
3 16 2.1029 0 -7.8481 0 -7.7009 -8.125 0 0 -8.125
3 16 4.0625 -8.1949 7.0365 6.9535 -8.2506 8.7077 5.7452 -8.1949 5.7452
3 16 5.7452 -8.1949 5.7452 6.9535 -8.2506 8.7077 10.0127 -8.4569 6.0809
3 16 6.9535 -8.2506 8.7077 9.7595 -8.4192 10.2684 10.0127 -8.4569 6.0809
3 16 10.0127 -8.4569 6.0809 9.7595 -8.4192 10.2684 12.2544 -8.8447 8.1934
3 16 9.7595 -8.4192 10.2684 12.2353 -8.8278 11.4699 12.2544 -8.8447 8.1934
3 16 12.2544 -8.8447 8.1934 12.2353 -8.8278 11.4699 14.074 -9.3106 9.9701
3 16 12.8693 -8.9948 2.053 10.5098 -8.5272 3.274 13.7532 -9.2082 4.2615
3 16 13.7532 -9.2082 4.2615 10.5098 -8.5272 3.274 10.0127 -8.4569 6.0809
3 16 11.3634 -8.648 0.779 10.5098 -8.5272 3.274 12.8693 -8.9948 2.053
3 16 0 -10.5 1.9677 0.734 -10.5 1.8467 0 -10.5 0.0004
3 16 0.734 -10.5 1.8467 1.8467 -10.5 0.734 0 -10.5 0.0004
3 16 1.8467 -10.5 0.734 1.9677 -10.5 0 0 -10.5 0.0004
3 16 1.9677 -10.5 0 1.8307 -10.5 -0.75 0 -10.5 0.0004
3 16 1.8307 -10.5 -0.75 0.75 -10.5 -1.8307 0 -10.5 0.0004
3 16 0.75 -10.5 -1.8307 0 -10.5 -1.9677 0 -10.5 0.0004
3 16 0 -8.0911 8.125 -1.9088 -8.7961 7.8812 -1.0186 -8.773 8.0021
3 16 -1.0186 -8.773 8.0021 -1.9088 -8.7961 7.8812 -1.4204 -9.0004 7.9511
3 16 -4.0625 -7.5871 -7.0365 -1.4958 -7.9419 -7.9902 -4.0625 -8.4301 -7.0365
3 16 -4.0625 -8.4301 -7.0365 -1.4958 -7.9419 -7.9902 -1.4283 -8.8243 -8.006
3 16 -5.7452 -7.3754 -5.7452 -4.0625 -7.5871 -7.0365 -5.7452 -8.1949 -5.7452
3 16 -5.7452 -8.1949 -5.7452 -4.0625 -7.5871 -7.0365 -4.0625 -8.4301 -7.0365
3 16 -7.0364 -7.3754 -4.0625 -5.7452 -7.3754 -5.7452 -7.0364 -8.1949 -4.0625
3 16 -7.0364 -8.1949 -4.0625 -5.7452 -7.3754 -5.7452 -5.7452 -8.1949 -5.7452
3 16 -7.8481 -7.3754 -2.1029 -7.0364 -7.3754 -4.0625 -7.8481 -8.1949 -2.1029
3 16 -7.8481 -8.1949 -2.1029 -7.0364 -7.3754 -4.0625 -7.0364 -8.1949 -4.0625
3 16 -8.125 -7.3754 0 -7.8481 -7.3754 -2.1029 -8.125 -8.1949 0
3 16 -8.125 -8.1949 0 -7.8481 -7.3754 -2.1029 -7.8481 -8.1949 -2.1029
3 16 -7.8481 -7.3754 2.1029 -8.125 -7.3754 0 -7.8481 -8.1949 2.1029
3 16 -7.8481 -8.1949 2.1029 -8.125 -7.3754 0 -8.125 -8.1949 0
3 16 -7.0364 -7.3754 4.0625 -7.8481 -7.3754 2.1029 -7.0364 -8.1949 4.0625
3 16 -7.0364 -8.1949 4.0625 -7.8481 -7.3754 2.1029 -7.8481 -8.1949 2.1029
3 16 -5.7452 -7.3754 5.7452 -7.0364 -7.3754 4.0625 -5.7452 -8.1949 5.7452
3 16 -5.7452 -8.1949 5.7452 -7.0364 -7.3754 4.0625 -7.0364 -8.1949 4.0625
3 16 -4.0625 -7.3754 7.0365 -5.7452 -7.3754 5.7452 -4.0625 -8.1949 7.0365
3 16 -4.0625 -8.1949 7.0365 -5.7452 -7.3754 5.7452 -5.7452 -8.1949 5.7452
3 16 -4.0625 -7.3754 7.0365 -4.0625 -8.1949 7.0365 -1.9282 -7.9165 7.8779
3 16 -1.9282 -7.9165 7.8779 -4.0625 -8.1949 7.0365 -1.9088 -8.7961 7.8812
3 16 0 -7.282 8.125 -1.9282 -7.9165 7.8779 0 -8.0911 8.125
3 16 0 -8.0911 8.125 -1.9282 -7.9165 7.8779 -1.9088 -8.7961 7.8812
3 16 0 -7.282 8.125 0 -8.0911 8.125 1.9282 -7.9165 7.8779
3 16 1.9282 -7.9165 7.8779 0 -8.0911 8.125 1.9088 -8.7961 7.8812
3 16 4.0625 -7.3754 7.0365 1.9282 -7.9165 7.8779 4.0625 -8.1949 7.0365
3 16 4.0625 -8.1949 7.0365 1.9282 -7.9165 7.8779 1.9088 -8.7961 7.8812
3 16 5.7452 -7.3754 5.7452 4.0625 -7.3754 7.0365 5.7452 -8.1949 5.7452
3 16 5.7452 -8.1949 5.7452 4.0625 -7.3754 7.0365 4.0625 -8.1949 7.0365
3 16 5.7452 -8.1949 5.7452 7.0364 -8.1949 4.0625 5.7452 -7.3754 5.7452
3 16 5.7452 -7.3754 5.7452 7.0364 -8.1949 4.0625 7.0364 -7.3754 4.0625
3 16 7.0364 -8.1949 4.0625 7.8481 -8.1949 2.1029 7.0364 -7.3754 4.0625
3 16 7.0364 -7.3754 4.0625 7.8481 -8.1949 2.1029 7.8481 -7.3754 2.1029
3 16 7.8481 -8.1949 2.1029 8.125 -8.1949 0 7.8481 -7.3754 2.1029
3 16 7.8481 -7.3754 2.1029 8.125 -8.1949 0 8.125 -7.3754 0
3 16 8.125 -8.1949 0 7.8481 -8.1949 -2.1029 8.125 -7.3754 0
3 16 8.125 -7.3754 0 7.8481 -8.1949 -2.1029 7.8481 -7.3754 -2.1029
3 16 7.8481 -8.1949 -2.1029 7.0364 -8.1949 -4.0625 7.8481 -7.3754 -2.1029
3 16 7.8481 -7.3754 -2.1029 7.0364 -8.1949 -4.0625 7.0364 -7.3754 -4.0625
3 16 7.0364 -8.1949 -4.0625 5.7452 -8.1949 -5.7452 7.0364 -7.3754 -4.0625
3 16 7.0364 -7.3754 -4.0625 5.7452 -8.1949 -5.7452 5.7452 -7.3754 -5.7452
3 16 4.0625 -8.4301 -7.0365 4.0625 -7.5871 -7.0365 5.7452 -8.1949 -5.7452
3 16 5.7452 -8.1949 -5.7452 4.0625 -7.5871 -7.0365 5.7452 -7.3754 -5.7452
3 16 1.4283 -8.8243 -8.006 1.4958 -7.9419 -7.9902 4.0625 -8.4301 -7.0365
3 16 4.0625 -8.4301 -7.0365 1.4958 -7.9419 -7.9902 4.0625 -7.5871 -7.0365
3 16 0 -7.7009 -8.125 1.4958 -7.9419 -7.9902 0 -8.5565 -8.125
3 16 0 -8.5565 -8.125 1.4958 -7.9419 -7.9902 1.4283 -8.8243 -8.006
3 16 0 -7.7009 -8.125 0 -8.5565 -8.125 -1.4958 -7.9419 -7.9902
3 16 -1.4958 -7.9419 -7.9902 0 -8.5565 -8.125 -1.4283 -8.8243 -8.006
2 24 -13.1663 -8.9925 -1.25 -13.229 -9.0111 -1.7801
2 24 -13.1663 -8.9925 -1.25 -13.6078 -9.1097 -0.8349
2 24 -10.5038 -8.5452 13.5935 -14.0252 -9.3217 14.6473
2 24 -10.5038 -8.5452 13.5935 -7.5272 -8.2636 12.2301
2 24 -7.5272 -8.2636 12.2301 -4.4445 -8.3868 10.3192
2 24 -1.9088 -8.7961 7.8812 -4.0625 -8.1949 7.0365
2 24 -4.4445 -8.3868 10.3192 -1.9088 -8.7961 7.8812
2 24 -19.2629 -11.5125 10.5643 -18.7191 -11.1583 7.5242
2 24 -18.7191 -11.1583 7.5242 -18.0874 -10.7802 4.8737
2 24 -18.0874 -10.7802 4.8737 -17.3189 -10.4091 2.3095
2 24 -17.3189 -10.4091 2.3095 -15.8088 -9.8459 0.1929
2 24 -19.2629 -11.5125 10.5643 -19.2327 -11.477 12.6404
2 24 -14.0252 -9.3217 14.6473 -17.2811 -10.4634 14.7686
2 24 -17.2811 -10.4634 14.7686 -18.6699 -11.1718 13.9581
2 24 -19.2327 -11.477 12.6404 -18.6699 -11.1718 13.9581
2 24 -13.6078 -9.1097 -0.8349 -15.8088 -9.8459 0.1929
2 24 -16.0644 -10.0127 -10.069 -13.7802 -9.2005 -12.7852
2 24 -16.0644 -10.0127 -10.069 -16.2717 -10.077 -6.953
2 24 -16.2717 -10.077 -6.953 -14.9919 -9.4793 -3.8155
2 24 -13.7802 -9.2005 -12.7852 -10.2218 -8.4424 -13.83
2 24 -10.2218 -8.4424 -13.83 -6.5695 -8.2401 -13.1755
2 24 -13.229 -9.0111 -1.7801 -14.9919 -9.4793 -3.8155
2 24 -13.1663 -13.051 -1.25 -13.229 -13.0695 -1.7801
2 24 -13.1663 -13.051 -1.25 -13.6078 -13.1681 -0.8349
2 24 -13.229 -13.0695 -1.7801 -14.9919 -13.5377 -3.8155
2 24 -14.9919 -13.5377 -3.8155 -16.2717 -14.1354 -6.953
2 24 -16.2717 -14.1354 -6.953 -16.0644 -14.0711 -10.069
2 24 -16.0644 -14.0711 -10.069 -13.7802 -13.259 -12.7852
2 24 -13.7802 -13.259 -12.7852 -10.2218 -12.5009 -13.83
2 24 -10.2218 -12.5009 -13.83 -6.5695 -12.2139 -13.1755
2 24 -6.5695 -12.2139 -13.1755 -3.9459 -12.2563 -11.6971
2 24 -3.9459 -12.2563 -11.6971 -1.5837 -12.3314 -8.7635
2 24 -13.6078 -13.1681 -0.8349 -15.8088 -13.9044 0.1929
2 24 -15.8088 -13.9044 0.1929 -17.3189 -14.4676 2.3095
2 24 -17.3189 -14.4676 2.3095 -18.0874 -14.8387 4.8737
2 24 -18.0874 -14.8387 4.8737 -18.7191 -15.2167 7.5242
2 24 -18.7191 -15.2167 7.5242 -19.2629 -15.5709 10.5643
2 24 -19.2629 -15.5709 10.5643 -19.2327 -15.5354 12.6404
2 24 -19.2327 -15.5354 12.6404 -18.6699 -15.2303 13.9581
2 24 -18.6699 -15.2303 13.9581 -17.2811 -14.5218 14.7686
2 24 -17.2811 -14.5218 14.7686 -14.0252 -13.3802 14.6473
2 24 -14.0252 -13.3802 14.6473 -10.5038 -12.6037 13.5935
2 24 -10.5038 -12.6037 13.5935 -7.5272 -12.322 12.2301
2 24 -7.5272 -12.322 12.2301 -4.4445 -12.1823 10.3192
2 24 -4.4445 -12.1823 10.3192 -1.8447 -12.2961 7.6353
2 24 0 -11.9661 -9.1563 -0.653 -11.5933 -9.0992
2 24 0 -9.5044 -9.3387 -0.7036 -9.5574 -9.0787
2 24 -1.9513 -12.3499 0.4258 -1.6754 -12.381 -1.6092
2 24 -1.9513 -12.3499 0.4258 -2.0072 -12.363 2.5919
2 24 -2.0072 -12.363 2.5919 -1.8466 -12.4011 4.6739
2 24 -1.8466 -12.4011 4.6739 -1.5605 -12.3319 6.9938
2 24 -1.5837 -12.3314 -8.7635 -1.3168 -12.3623 -7.6282
2 24 -1.2682 -11.5956 -8.7664 -0.9473 -12.0567 -7.566
2 24 -1.3168 -12.3623 -7.6282 -1.1102 -12.3727 -5.6412
2 24 -0.9473 -12.0567 -7.566 -1.1102 -12.3727 -5.6412
2 24 -1.2811 -12.3894 -3.769 -1.6754 -12.381 -1.6092
2 24 -1.6754 -12.381 -1.6092 -1.9513 -12.3499 0.4258
2 24 -1.9513 -12.3499 0.4258 -2.0072 -12.363 2.5919
2 24 -1.8447 -12.2961 7.6353 -2.0525 -11.3616 8.5153
2 24 -1.8447 -12.2961 7.6353 -4.4445 -12.1823 10.3192
2 24 -2.0072 -12.363 2.5919 -1.8466 -12.4011 4.6739
2 24 -1.1102 -12.3727 -5.6412 -1.3168 -12.3623 -7.6282
2 24 -13.229 -13.0695 -1.7801 -13.1663 -13.051 -1.25
2 24 -13.1663 -13.051 -1.25 -13.1663 -11.2521 -1.25
2 24 -13.6078 -13.1681 -0.8349 -13.1663 -13.051 -1.25
2 24 -13.1663 -13.051 -1.25 -13.1663 -11.2521 -1.25
2 24 -13.229 -13.0695 -1.7801 -14.9919 -13.5377 -3.8155
2 24 -14.9919 -13.5377 -3.8155 -16.2717 -14.1354 -6.953
2 24 -16.2717 -14.1354 -6.953 -16.0644 -14.0711 -10.069
2 24 -16.0644 -14.0711 -10.069 -13.7802 -13.259 -12.7852
2 24 -13.7802 -13.259 -12.7852 -10.2218 -12.5009 -13.83
2 24 -10.2218 -12.5009 -13.83 -6.5695 -12.2139 -13.1755
2 24 -6.5695 -12.2139 -13.1755 -3.9459 -12.2563 -11.6971
2 24 -1.5837 -12.3314 -8.7635 -3.9459 -12.2563 -11.6971
2 24 -1.2682 -11.5956 -8.7664 -1.3208 -10.6435 -9.1011
2 24 -13.6078 -13.1681 -0.8349 -15.8088 -13.9044 0.1929
2 24 -15.8088 -13.9044 0.1929 -17.3189 -14.4676 2.3095
2 24 -17.3189 -14.4676 2.3095 -18.0874 -14.8387 4.8737
2 24 -18.0874 -14.8387 4.8737 -18.7191 -15.2167 7.5242
2 24 -18.7191 -15.2167 7.5242 -19.2629 -15.5709 10.5643
2 24 -19.2629 -15.5709 10.5643 -19.2327 -15.5354 12.6404
2 24 -19.2327 -15.5354 12.6404 -18.6699 -15.2303 13.9581
2 24 -18.6699 -15.2303 13.9581 -17.2811 -14.5218 14.7686
2 24 -17.2811 -14.5218 14.7686 -14.0252 -13.3802 14.6473
2 24 -14.0252 -13.3802 14.6473 -10.5038 -12.6037 13.5935
2 24 -10.5038 -12.6037 13.5935 -7.5272 -12.322 12.2301
2 24 -4.4445 -12.1823 10.3192 -7.5272 -12.322 12.2301
2 24 -13.1663 -11.2521 -1.25 -13.1663 -8.9925 -1.25
2 24 -13.229 -9.0111 -1.7801 -13.1663 -8.9925 -1.25
2 24 -13.6078 -9.1097 -0.8349 -13.1663 -8.9925 -1.25
2 24 -13.1663 -11.2521 -1.25 -13.1663 -8.9925 -1.25
2 24 -13.229 -9.0111 -1.7801 -14.9919 -9.4793 -3.8155
2 24 -14.9919 -9.4793 -3.8155 -16.2717 -10.077 -6.953
2 24 -16.2717 -10.077 -6.953 -16.0644 -10.0127 -10.069
2 24 -16.0644 -10.0127 -10.069 -13.7802 -9.2005 -12.7852
2 24 -13.7802 -9.2005 -12.7852 -10.2218 -8.4424 -13.83
2 24 -10.2218 -8.4424 -13.83 -6.5695 -8.2401 -13.1755
2 24 -6.5695 -8.2401 -13.1755 -3.9459 -8.4034 -11.6971
2 24 -3.9459 -8.4034 -11.6971 -1.4283 -8.8243 -8.006
2 24 -1.3208 -10.6435 -9.1011 -1.1452 -9.5694 -8.8372
2 24 -13.6078 -9.1097 -0.8349 -15.8088 -9.8459 0.1929
2 24 -15.8088 -9.8459 0.1929 -17.3189 -10.4091 2.3095
2 24 -17.3189 -10.4091 2.3095 -18.0874 -10.7802 4.8737
2 24 -18.0874 -10.7802 4.8737 -18.7191 -11.1583 7.5242
2 24 -18.7191 -11.1583 7.5242 -19.2629 -11.5125 10.5643
2 24 -19.2629 -11.5125 10.5643 -19.2327 -11.477 12.6404
2 24 -19.2327 -11.477 12.6404 -18.6699 -11.1718 13.9581
2 24 -18.6699 -11.1718 13.9581 -17.2811 -10.4634 14.7686
2 24 -17.2811 -10.4634 14.7686 -14.0252 -9.3217 14.6473
2 24 -14.0252 -9.3217 14.6473 -10.5038 -8.5452 13.5935
2 24 -10.5038 -8.5452 13.5935 -7.5272 -8.2636 12.2301
2 24 -7.5272 -8.2636 12.2301 -4.4445 -8.3868 10.3192
2 24 -1.5837 -12.3314 -8.7635 -1.3168 -12.3623 -7.6282
2 24 -1.2811 -12.3894 -3.769 -1.1102 -12.3727 -5.6412
2 24 -1.6903 -11.3436 8.5552 -1.4537 -11.9808 8.0387
2 24 -1.6575 -10.1438 8.6778 -1.4204 -9.0004 7.9511
2 24 -1.4537 -11.9808 8.0387 -1.3862 -12.2257 7.5395
2 24 -1.5605 -12.3319 6.9938 -1.3862 -12.2257 7.5395
2 24 -1.6903 -11.3436 8.5552 -1.6575 -10.1438 8.6778
2 24 -5.7452 -8.1949 -5.7452 -4.0625 -8.4301 -7.0365
2 24 -7.8481 -8.1949 -2.1029 -7.0364 -8.1949 -4.0625
2 24 -7.8481 -8.1949 -2.1029 -8.125 -8.1949 0
2 24 -8.125 -8.1949 0 -7.8481 -8.1949 2.1029
2 24 -7.8481 -8.1949 2.1029 -7.0364 -8.1949 4.0625
2 24 -7.0364 -8.1949 4.0625 -5.7452 -8.1949 5.7452
2 24 -1.8447 -12.2961 7.6353 -1.5605 -12.3319 6.9938
2 24 -1.8466 -12.4011 4.6739 -1.5605 -12.3319 6.9938
2 24 -1.1102 -12.3727 -5.6412 -1.2811 -12.3894 -3.769
2 24 -1.1102 -12.3727 -5.6412 -0.9473 -12.0567 -7.566
2 24 -0.653 -11.5933 -9.0992 -1.2682 -11.5956 -8.7664
2 24 -0.9473 -12.0567 -7.566 -1.2682 -11.5956 -8.7664
2 24 -1.2682 -11.5956 -8.7664 -1.3208 -10.6435 -9.1011
2 24 -1.3208 -10.6435 -9.1011 -1.1452 -9.5694 -8.8372
2 24 -1.1452 -9.5694 -8.8372 -1.1732 -9.0471 -8.027
2 24 -3.9459 -8.4034 -11.6971 -1.4283 -8.8243 -8.006
2 24 -4.0625 -8.4301 -7.0365 -1.4283 -8.8243 -8.006
2 24 -1.1452 -9.5694 -8.8372 -1.1732 -9.0471 -8.027
2 24 -1.4283 -8.8243 -8.006 -1.1732 -9.0471 -8.027
2 24 -5.7452 -8.1949 -5.7452 -7.0364 -8.1949 -4.0625
2 24 -1.6754 -12.381 -1.6092 -1.2811 -12.3894 -3.769
2 24 -1.4283 -8.8243 -8.006 -1.1732 -9.0471 -8.027
2 24 -1.1732 -9.0471 -8.027 0 -8.8785 -8.1194
2 24 -4.0625 -8.1949 7.0365 -5.7452 -8.1949 5.7452
2 24 -4.0625 0 7.0365 -2.1029 0 7.8481
2 24 -1.4537 -11.9808 8.0387 -1.3862 -12.2257 7.5395
2 24 -1.8447 -12.2961 7.6353 -1.5605 -12.3319 6.9938
2 24 -1.3862 -12.2257 7.5395 -1.5605 -12.3319 6.9938
2 24 -1.4537 -11.9808 8.0387 -1.6903 -11.3436 8.5552
2 24 -1.6903 -11.3436 8.5552 -1.6575 -10.1438 8.6778
2 24 -3.0585 0 5.506 -5.506 0 3.0585
2 24 -5.7452 0 5.7452 -7.0364 0 4.0625
2 24 -7.0364 0 4.0625 -7.8481 0 2.1029
2 24 -5.506 0 3.0585 -6.3966 0 0
2 24 -6.3966 0 0 -5.4844 0 -3.0801
2 24 -7.8481 0 -2.1029 -7.0364 0 -4.0625
2 24 -7.0364 0 -4.0625 -5.7452 0 -5.7452
2 24 -5.4844 0 -3.0801 -3.0801 0 -5.4844
2 24 -3.0801 0 -5.4844 0 0 -6.3966
2 24 -2.1029 0 -7.8481 0 0 -8.125
2 24 -3.0585 0 5.506 0 0 6.3966
2 24 -2.1029 0 7.8481 0 0 8.125
2 24 -2.1029 0 -7.8481 -4.0625 0 -7.0365
2 24 -7.8481 0 -2.1029 -8.125 0 0
2 24 -5.7452 0 5.7452 -4.0625 0 7.0365
2 24 -2.1029 0 7.8481 0 0 8.125
2 24 -4.0625 0 7.0365 -5.7452 0 5.7452
2 24 -7.0364 0 4.0625 -7.8481 0 2.1029
2 24 -8.125 0 0 -7.8481 0 -2.1029
2 24 -7.0364 0 -4.0625 -5.7452 0 -5.7452
2 24 -4.0625 0 -7.0365 -2.1029 0 -7.8481
2 24 0 -9.7498 6.3966 -3.0585 -9.7498 5.506
2 24 0 0 6.3966 -3.0585 0 5.506
2 24 -3.0585 -9.7498 5.506 -5.506 -9.7498 3.0585
2 24 -3.0585 0 5.506 -5.506 0 3.0585
2 24 -5.506 -9.7498 3.0585 -6.3967 -9.7498 0
2 24 -5.506 0 3.0585 -6.3966 0 0
2 24 -6.3967 -9.7498 0 -5.4844 -9.7498 -3.0801
2 24 -6.3966 0 0 -5.4844 0 -3.0801
2 24 -5.4844 0 -3.0801 -3.0801 0 -5.4844
2 24 -5.4844 -9.7498 -3.0801 -3.0801 -9.7498 -5.4844
2 24 -3.0801 -9.7498 -5.4844 0 -9.7498 -6.3966
2 24 -3.0801 0 -5.4844 0 0 -6.3966
2 24 0 -9.7498 6.3966 -3.0585 -9.7498 5.506
2 24 0 -9.7498 4.1313 -1.9754 -9.7498 3.5561
2 24 -3.0585 -9.7498 5.506 -5.506 -9.7498 3.0585
2 24 -1.9754 -9.7498 3.5561 -3.5561 -9.7498 1.9754
2 24 -3.5561 -9.7498 1.9754 -4.1313 -9.7498 0
2 24 -5.506 -9.7498 3.0585 -6.3967 -9.7498 0
2 24 -6.3967 -9.7498 0 -5.4844 -9.7498 -3.0801
2 24 -4.1313 -9.7498 0 -3.5422 -9.7498 -1.9893
2 24 -5.4844 -9.7498 -3.0801 -3.0801 -9.7498 -5.4844
2 24 -3.5422 -9.7498 -1.9893 -1.9893 -9.7498 -3.5422
2 24 -1.9893 -9.7498 -3.5422 0 -9.7498 -4.1313
2 24 -3.0801 -9.7498 -5.4844 0 -9.7498 -6.3966
2 24 -2.1029 0 7.8481 -4.0625 0 7.0365
2 24 -5.7452 0 5.7452 -7.0364 0 4.0625
2 24 -7.8481 0 2.1029 -8.125 0 0
2 24 -7.8481 0 2.1029 -8.125 0 0
2 24 -7.8481 0 -2.1029 -7.0364 0 -4.0625
2 24 -5.7452 0 -5.7452 -4.0625 0 -7.0365
2 24 -5.7452 0 -5.7452 -4.0625 0 -7.0365
2 24 -2.1029 0 -7.8481 0 0 -8.125
2 24 -1.0186 -8.773 8.0021 0 -8.5339 8.1377
2 24 -1.4204 -9.0004 7.9511 -1.0186 -8.773 8.0021
2 24 -1.9088 -8.7961 7.8812 -1.4204 -9.0004 7.9511
2 24 -1.6575 -10.1438 8.6778 -1.4204 -9.0004 7.9511
2 24 -4.4445 -8.3868 10.3192 -1.9088 -8.7961 7.8812
2 24 0 -8.5339 8.1377 -1.0186 -8.773 8.0021
2 24 -1.1732 -9.0471 -8.027 0 -8.8785 -8.1194
2 24 -6.5695 -8.2401 -13.1755 -3.9459 -8.4034 -11.6971
2 24 -0.75 -10.5 -1.8307 0 -10.5 -1.9677
2 24 -0.75 -5.325 -1.8307 0 -5.325 -1.9677
2 24 -0.75 -10.5 -1.8307 -1.8307 -10.5 -0.75
2 24 -0.75 -5.325 -1.8307 -1.8307 -5.325 -0.75
2 24 -1.8307 -10.5 -0.75 -1.9677 -10.5 0
2 24 -1.8307 -5.325 -0.75 -1.9677 -5.325 0
2 24 -1.9677 -10.5 0 -1.8467 -10.5 0.734
2 24 -1.9677 -5.325 0 -1.8467 -5.325 0.734
2 24 -1.8467 -10.5 0.734 -0.734 -10.5 1.8467
2 24 -1.8467 -5.325 0.734 -0.734 -5.325 1.8467
2 24 -0.734 -10.5 1.8467 0 -10.5 1.9677
2 24 -0.734 -5.325 1.8467 0 -5.325 1.9677
2 24 0 -5.325 -1.9677 -0.75 -5.325 -1.8307
2 24 0 -5.325 -4.1313 -1.9893 -5.325 -3.5422
2 24 -0.75 -5.325 -1.8307 -1.8307 -5.325 -0.75
2 24 -1.9893 -5.325 -3.5422 -3.5422 -5.325 -1.9893
2 24 -1.8307 -5.325 -0.75 -1.9677 -5.325 0
2 24 -3.5422 -5.325 -1.9893 -4.1313 -5.325 0
2 24 -1.9677 -5.325 0 -1.8467 -5.325 0.734
2 24 -4.1313 -5.325 0 -3.5561 -5.325 1.9754
2 24 -1.8467 -5.325 0.734 -0.734 -5.325 1.8467
2 24 -3.5561 -5.325 1.9754 -1.9754 -5.325 3.5561
2 24 -0.734 -5.325 1.8467 0 -5.325 1.9677
2 24 -1.9754 -5.325 3.5561 0 -5.325 4.1313
2 24 -1.9893 -5.325 -3.5422 0 -5.325 -4.1313
2 24 -1.9893 -9.7498 -3.5422 0 -9.7498 -4.1313
2 24 -1.9893 -5.325 -3.5422 -3.5422 -5.325 -1.9893
2 24 -1.9893 -9.7498 -3.5422 -3.5422 -9.7498 -1.9893
2 24 -3.5422 -5.325 -1.9893 -4.1313 -5.325 0
2 24 -3.5422 -9.7498 -1.9893 -4.1313 -9.7498 0
2 24 -4.1313 -5.325 0 -3.5561 -5.325 1.9754
2 24 -4.1313 -9.7498 0 -3.5561 -9.7498 1.9754
2 24 -3.5561 -5.325 1.9754 -1.9754 -5.325 3.5561
2 24 -3.5561 -9.7498 1.9754 -1.9754 -9.7498 3.5561
2 24 -1.9754 -5.325 3.5561 0 -5.325 4.1313
2 24 -1.9754 -9.7498 3.5561 0 -9.7498 4.1313
2 24 0 -10.5 1.9677 -0.734 -10.5 1.8467
2 24 -0.734 -10.5 1.8467 -1.8467 -10.5 0.734
2 24 -1.8467 -10.5 0.734 -1.9677 -10.5 0
2 24 -1.9677 -10.5 0 -1.8307 -10.5 -0.75
2 24 -1.8307 -10.5 -0.75 -0.75 -10.5 -1.8307
2 24 -0.75 -10.5 -1.8307 0 -10.5 -1.9677
2 24 13.1663 -8.9925 -1.25 13.229 -9.0111 -1.7801
2 24 13.1663 -8.9925 -1.25 13.6078 -9.1097 -0.8349
2 24 13.229 -9.0111 -1.7801 14.9919 -9.4793 -3.8155
2 24 14.9919 -9.4793 -3.8155 16.2717 -10.077 -6.953
2 24 16.2717 -10.077 -6.953 16.0644 -10.0127 -10.069
2 24 16.0644 -10.0127 -10.069 13.7802 -9.2005 -12.7852
2 24 13.7802 -9.2005 -12.7852 10.2218 -8.4424 -13.83
2 24 10.2218 -8.4424 -13.83 6.5695 -8.2401 -13.1755
2 24 6.5695 -8.2401 -13.1755 3.9459 -8.4034 -11.6971
2 24 13.6078 -9.1097 -0.8349 15.8088 -9.8459 0.1929
2 24 15.8088 -9.8459 0.1929 17.3189 -10.4091 2.3095
2 24 17.3189 -10.4091 2.3095 18.0874 -10.7802 4.8737
2 24 18.0874 -10.7802 4.8737 18.7191 -11.1583 7.5242
2 24 18.7191 -11.1583 7.5242 19.2629 -11.5125 10.5643
2 24 19.2629 -11.5125 10.5643 19.2327 -11.477 12.6404
2 24 19.2327 -11.477 12.6404 18.6699 -11.1718 13.9581
2 24 18.6699 -11.1718 13.9581 17.2811 -10.4634 14.7686
2 24 17.2811 -10.4634 14.7686 14.0252 -9.3217 14.6473
2 24 14.0252 -9.3217 14.6473 10.5038 -8.5452 13.5935
2 24 10.5038 -8.5452 13.5935 7.5272 -8.2636 12.2301
2 24 7.5272 -8.2636 12.2301 4.4445 -8.3868 10.3192
2 24 4.0625 -8.4301 -7.0365 1.4283 -8.8243 -8.006
2 24 3.9459 -8.4034 -11.6971 1.4283 -8.8243 -8.006
2 24 5.7452 -8.1949 5.7452 7.0364 -8.1949 4.0625
2 24 4.0625 -8.4301 -7.0365 5.7452 -8.1949 -5.7452
2 24 0 -11.9661 -9.1563 0.653 -11.5933 -9.0992
2 24 0 -9.5044 -9.3387 0.7036 -9.5574 -9.0787
2 24 1.9513 -12.3499 0.4258 1.6754 -12.381 -1.6092
2 24 1.9513 -12.3499 0.4258 2.0072 -12.363 2.5919
2 24 2.0072 -12.363 2.5919 1.8466 -12.4011 4.6739
2 24 1.8466 -12.4011 4.6739 1.5605 -12.3319 6.9938
2 24 0.9473 -12.0567 -7.566 1.2682 -11.5956 -8.7664
2 24 1.3168 -12.3623 -7.6282 1.5837 -12.3314 -8.7635
2 24 0.9473 -12.0567 -7.566 1.1102 -12.3727 -5.6412
2 24 1.3168 -12.3623 -7.6282 1.1102 -12.3727 -5.6412
2 24 1.6754 -12.381 -1.6092 1.2811 -12.3894 -3.769
2 24 1.6754 -12.381 -1.6092 1.9513 -12.3499 0.4258
2 24 1.9513 -12.3499 0.4258 2.0072 -12.363 2.5919
2 24 6.5695 -12.2139 -13.1755 3.9459 -12.2563 -11.6971
2 24 13.1663 -13.051 -1.25 13.229 -13.0695 -1.7801
2 24 13.1663 -13.051 -1.25 13.6078 -13.1681 -0.8349
2 24 10.5038 -12.6037 13.5935 14.0252 -13.3802 14.6473
2 24 10.5038 -12.6037 13.5935 7.5272 -12.322 12.2301
2 24 7.5272 -12.322 12.2301 4.4445 -12.1823 10.3192
2 24 4.4445 -12.1823 10.3192 1.8447 -12.2961 7.6353
2 24 19.2629 -15.5709 10.5643 18.7191 -15.2167 7.5242
2 24 18.7191 -15.2167 7.5242 18.0874 -14.8387 4.8737
2 24 18.0874 -14.8387 4.8737 17.3189 -14.4676 2.3095
2 24 17.3189 -14.4676 2.3095 15.8088 -13.9044 0.1929
2 24 19.2629 -15.5709 10.5643 19.2327 -15.5354 12.6404
2 24 14.0252 -13.3802 14.6473 17.2811 -14.5218 14.7686
2 24 17.2811 -14.5218 14.7686 18.6699 -15.2303 13.9581
2 24 19.2327 -15.5354 12.6404 18.6699 -15.2303 13.9581
2 24 2.0072 -12.363 2.5919 1.8466 -12.4011 4.6739
2 24 1.8447 -12.2961 7.6353 1.5605 -12.3319 6.9938
2 24 1.8466 -12.4011 4.6739 1.5605 -12.3319 6.9938
2 24 13.6078 -13.1681 -0.8349 15.8088 -13.9044 0.1929
2 24 16.0644 -14.0711 -10.069 13.7802 -13.259 -12.7852
2 24 16.0644 -14.0711 -10.069 16.2717 -14.1354 -6.953
2 24 16.2717 -14.1354 -6.953 14.9919 -13.5377 -3.8155
2 24 13.7802 -13.259 -12.7852 10.2218 -12.5009 -13.83
2 24 6.5695 -12.2139 -13.1755 10.2218 -12.5009 -13.83
2 24 13.229 -13.0695 -1.7801 14.9919 -13.5377 -3.8155
2 24 3.9459 -12.2563 -11.6971 1.5837 -12.3314 -8.7635
2 24 1.1102 -12.3727 -5.6412 1.3168 -12.3623 -7.6282
2 24 13.229 -13.0695 -1.7801 13.1663 -13.051 -1.25
2 24 13.1663 -13.051 -1.25 13.1663 -11.2521 -1.25
2 24 13.1663 -11.2521 -1.25 13.1663 -13.051 -1.25
2 24 13.1663 -13.051 -1.25 13.6078 -13.1681 -0.8349
2 24 13.229 -13.0695 -1.7801 14.9919 -13.5377 -3.8155
2 24 14.9919 -13.5377 -3.8155 16.2717 -14.1354 -6.953
2 24 16.2717 -14.1354 -6.953 16.0644 -14.0711 -10.069
2 24 16.0644 -14.0711 -10.069 13.7802 -13.259 -12.7852
2 24 13.7802 -13.259 -12.7852 10.2218 -12.5009 -13.83
2 24 10.2218 -12.5009 -13.83 6.5695 -12.2139 -13.1755
2 24 6.5695 -12.2139 -13.1755 3.9459 -12.2563 -11.6971
2 24 1.5837 -12.3314 -8.7635 3.9459 -12.2563 -11.6971
2 24 1.2682 -11.5956 -8.7664 1.3208 -10.6435 -9.1011
2 24 13.6078 -13.1681 -0.8349 15.8088 -13.9044 0.1929
2 24 15.8088 -13.9044 0.1929 17.3189 -14.4676 2.3095
2 24 17.3189 -14.4676 2.3095 18.0874 -14.8387 4.8737
2 24 18.0874 -14.8387 4.8737 18.7191 -15.2167 7.5242
2 24 18.7191 -15.2167 7.5242 19.2629 -15.5709 10.5643
2 24 19.2629 -15.5709 10.5643 19.2327 -15.5354 12.6404
2 24 19.2327 -15.5354 12.6404 18.6699 -15.2303 13.9581
2 24 18.6699 -15.2303 13.9581 17.2811 -14.5218 14.7686
2 24 17.2811 -14.5218 14.7686 14.0252 -13.3802 14.6473
2 24 14.0252 -13.3802 14.6473 10.5038 -12.6037 13.5935
2 24 10.5038 -12.6037 13.5935 7.5272 -12.322 12.2301
2 24 7.5272 -12.322 12.2301 4.4445 -12.1823 10.3192
2 24 7.5272 -8.2636 12.2301 4.4445 -8.3868 10.3192
2 24 7.5272 -8.2636 12.2301 10.5038 -8.5452 13.5935
2 24 10.5038 -8.5452 13.5935 14.0252 -9.3217 14.6473
2 24 14.0252 -9.3217 14.6473 17.2811 -10.4634 14.7686
2 24 17.2811 -10.4634 14.7686 18.6699 -11.1718 13.9581
2 24 18.6699 -11.1718 13.9581 19.2327 -11.477 12.6404
2 24 19.2327 -11.477 12.6404 19.2629 -11.5125 10.5643
2 24 19.2629 -11.5125 10.5643 18.7191 -11.1583 7.5242
2 24 18.7191 -11.1583 7.5242 18.0874 -10.7802 4.8737
2 24 18.0874 -10.7802 4.8737 17.3189 -10.4091 2.3095
2 24 17.3189 -10.4091 2.3095 15.8088 -9.8459 0.1929
2 24 15.8088 -9.8459 0.1929 13.6078 -9.1097 -0.8349
2 24 13.6078 -9.1097 -0.8349 13.1663 -8.9925 -1.25
2 24 13.1663 -11.2521 -1.25 13.1663 -8.9925 -1.25
2 24 13.229 -9.0111 -1.7801 13.1663 -8.9925 -1.25
2 24 13.1663 -11.2521 -1.25 13.1663 -8.9925 -1.25
2 24 13.229 -9.0111 -1.7801 14.9919 -9.4793 -3.8155
2 24 14.9919 -9.4793 -3.8155 16.2717 -10.077 -6.953
2 24 16.2717 -10.077 -6.953 16.0644 -10.0127 -10.069
2 24 16.0644 -10.0127 -10.069 13.7802 -9.2005 -12.7852
2 24 13.7802 -9.2005 -12.7852 10.2218 -8.4424 -13.83
2 24 10.2218 -8.4424 -13.83 6.5695 -8.2401 -13.1755
2 24 6.5695 -8.2401 -13.1755 3.9459 -8.4034 -11.6971
2 24 3.9459 -8.4034 -11.6971 1.4283 -8.8243 -8.006
2 24 1.3208 -10.6435 -9.1011 1.1452 -9.5694 -8.8372
2 24 1.5837 -12.3314 -8.7635 1.3168 -12.3623 -7.6282
2 24 1.2811 -12.3894 -3.769 1.1102 -12.3727 -5.6412
2 24 1.4537 -11.9808 8.0387 1.6903 -11.3436 8.5552
2 24 1.4204 -9.0004 7.9511 1.6428 -10.1446 8.6852
2 24 1.4537 -11.9808 8.0387 1.3862 -12.2257 7.5395
2 24 1.5605 -12.3319 6.9938 1.3862 -12.2257 7.5395
2 24 1.6903 -11.3436 8.5552 1.6428 -10.1446 8.6852
2 24 1.5605 -12.3319 6.9938 1.8447 -12.2961 7.6353
2 24 1.5605 -12.3319 6.9938 1.3862 -12.2257 7.5395
2 24 1.3862 -12.2257 7.5395 1.4537 -11.9808 8.0387
2 24 5.7452 -8.1949 -5.7452 7.0364 -8.1949 -4.0625
2 24 1.4204 -9.0004 7.9511 1.9088 -8.7961 7.8812
2 24 1.4204 -9.0004 7.9511 1.0186 -8.773 8.0021
2 24 4.4445 -8.3868 10.3192 1.9088 -8.7961 7.8812
2 24 1.9088 -8.7961 7.8812 4.0625 -8.1949 7.0365
2 24 4.4445 -8.3868 10.3192 1.9088 -8.7961 7.8812
2 24 1.8447 -12.2961 7.6353 2.0525 -11.3616 8.5153
2 24 4.4445 -12.1823 10.3192 1.8447 -12.2961 7.6353
2 24 1.1102 -12.3727 -5.6412 1.2811 -12.3894 -3.769
2 24 1.1102 -12.3727 -5.6412 0.9473 -12.0567 -7.566
2 24 0.653 -11.5933 -9.0992 1.2682 -11.5956 -8.7664
2 24 0.9473 -12.0567 -7.566 1.2682 -11.5956 -8.7664
2 24 1.2682 -11.5956 -8.7664 1.3208 -10.6435 -9.1011
2 24 1.3208 -10.6435 -9.1011 1.1452 -9.5694 -8.8372
2 24 1.1452 -9.5694 -8.8372 1.1732 -9.0471 -8.027
2 24 1.1452 -9.5694 -8.8372 1.1732 -9.0471 -8.027
2 24 1.4283 -8.8243 -8.006 1.1732 -9.0471 -8.027
2 24 7.0364 -8.1949 4.0625 7.8481 -8.1949 2.1029
2 24 7.8481 -8.1949 2.1029 8.125 -8.1949 0
2 24 8.125 -8.1949 0 7.8481 -8.1949 -2.1029
2 24 7.0364 -8.1949 -4.0625 7.8481 -8.1949 -2.1029
2 24 1.6754 -12.381 -1.6092 1.2811 -12.3894 -3.769
2 24 1.4283 -8.8243 -8.006 1.1732 -9.0471 -8.027
2 24 0 -8.8785 -8.1194 1.1732 -9.0471 -8.027
2 24 2.1029 0 -7.8481 4.0625 0 -7.0365
2 24 1.4537 -11.9808 8.0387 1.6903 -11.3436 8.5552
2 24 1.6903 -11.3436 8.5552 1.6428 -10.1446 8.6852
2 24 0 0 8.125 2.1029 0 7.8481
2 24 0 0 6.3966 3.0585 0 5.506
2 24 4.0625 0 -7.0365 2.1029 0 -7.8481
2 24 7.0364 0 -4.0625 5.7452 0 -5.7452
2 24 3.0801 0 -5.4844 5.4844 0 -3.0801
2 24 8.125 0 0 7.8481 0 -2.1029
2 24 7.0364 0 4.0625 7.8481 0 2.1029
2 24 6.3966 0 0 5.506 0 3.0585
2 24 4.0625 0 7.0365 5.7452 0 5.7452
2 24 0 -9.7498 6.3966 3.0585 -9.7498 5.506
2 24 0 0 6.3966 3.0585 0 5.506
2 24 3.0585 -9.7498 5.506 5.506 -9.7498 3.0585
2 24 3.0585 0 5.506 5.506 0 3.0585
2 24 5.506 -9.7498 3.0585 6.3967 -9.7498 0
2 24 5.506 0 3.0585 6.3966 0 0
2 24 6.3967 -9.7498 0 5.4844 -9.7498 -3.0801
2 24 6.3966 0 0 5.4844 0 -3.0801
2 24 5.4844 -9.7498 -3.0801 3.0801 -9.7498 -5.4844
2 24 5.4844 0 -3.0801 3.0801 0 -5.4844
2 24 0 -9.7498 -6.3966 3.0801 -9.7498 -5.4844
2 24 0 0 -6.3966 3.0801 0 -5.4844
2 24 0 -9.7498 6.3966 3.0585 -9.7498 5.506
2 24 0 -9.7498 4.1313 1.9754 -9.7498 3.5561
2 24 3.0585 -9.7498 5.506 5.506 -9.7498 3.0585
2 24 1.9754 -9.7498 3.5561 3.5561 -9.7498 1.9754
2 24 5.506 -9.7498 3.0585 6.3967 -9.7498 0
2 24 3.5561 -9.7498 1.9754 4.1313 -9.7498 0
2 24 6.3967 -9.7498 0 5.4844 -9.7498 -3.0801
2 24 4.1313 -9.7498 0 3.5422 -9.7498 -1.9893
2 24 5.4844 -9.7498 -3.0801 3.0801 -9.7498 -5.4844
2 24 3.5422 -9.7498 -1.9893 1.9893 -9.7498 -3.5422
2 24 0 -9.7498 -6.3966 3.0801 -9.7498 -5.4844
2 24 0 -9.7498 -4.1313 1.9893 -9.7498 -3.5422
2 24 0 -5.325 4.1313 1.9754 -5.325 3.5561
2 24 0 -9.7498 4.1313 1.9754 -9.7498 3.5561
2 24 1.9754 -9.7498 3.5561 3.5561 -9.7498 1.9754
2 24 1.9754 -5.325 3.5561 3.5561 -5.325 1.9754
2 24 3.5561 -9.7498 1.9754 4.1313 -9.7498 0
2 24 3.5561 -5.325 1.9754 4.1313 -5.325 0
2 24 4.1313 -9.7498 0 3.5422 -9.7498 -1.9893
2 24 4.1313 -5.325 0 3.5422 -5.325 -1.9893
2 24 3.5422 -9.7498 -1.9893 1.9893 -9.7498 -3.5422
2 24 3.5422 -5.325 -1.9893 1.9893 -5.325 -3.5422
2 24 0 -9.7498 -4.1313 1.9893 -9.7498 -3.5422
2 24 0 -5.325 -4.1313 1.9893 -5.325 -3.5422
2 24 0 -5.325 1.9677 0.734 -5.325 1.8467
2 24 0 -5.325 4.1313 1.9754 -5.325 3.5561
2 24 1.9754 -5.325 3.5561 3.5561 -5.325 1.9754
2 24 0.734 -5.325 1.8467 1.8467 -5.325 0.734
2 24 3.5561 -5.325 1.9754 4.1313 -5.325 0
2 24 1.8467 -5.325 0.734 1.9677 -5.325 0
2 24 4.1313 -5.325 0 3.5422 -5.325 -1.9893
2 24 1.9677 -5.325 0 1.8307 -5.325 -0.75
2 24 3.5422 -5.325 -1.9893 1.9893 -5.325 -3.5422
2 24 1.8307 -5.325 -0.75 0.75 -5.325 -1.8307
2 24 0 -5.325 -4.1313 1.9893 -5.325 -3.5422
2 24 0 -5.325 -1.9677 0.75 -5.325 -1.8307
2 24 0 -10.5 1.9677 0.734 -10.5 1.8467
2 24 0 -5.325 1.9677 0.734 -5.325 1.8467
2 24 0.734 -5.325 1.8467 1.8467 -5.325 0.734
2 24 0.734 -10.5 1.8467 1.8467 -10.5 0.734
2 24 1.8467 -5.325 0.734 1.9677 -5.325 0
2 24 1.8467 -10.5 0.734 1.9677 -10.5 0
2 24 1.9677 -5.325 0 1.8307 -5.325 -0.75
2 24 1.9677 -10.5 0 1.8307 -10.5 -0.75
2 24 1.8307 -5.325 -0.75 0.75 -5.325 -1.8307
2 24 1.8307 -10.5 -0.75 0.75 -10.5 -1.8307
2 24 0 -5.325 -1.9677 0.75 -5.325 -1.8307
2 24 0 -10.5 -1.9677 0.75 -10.5 -1.8307
2 24 2.1029 0 7.8481 4.0625 0 7.0365
2 24 3.0585 0 5.506 5.506 0 3.0585
2 24 7.0364 0 4.0625 5.7452 0 5.7452
2 24 8.125 0 0 7.8481 0 2.1029
2 24 5.4844 0 -3.0801 6.3966 0 0
2 24 7.0364 0 -4.0625 7.8481 0 -2.1029
2 24 4.0625 0 -7.0365 5.7452 0 -5.7452
2 24 0 0 -6.3966 3.0801 0 -5.4844
2 24 0 0 -8.125 2.1029 0 -7.8481
2 24 4.0625 0 7.0365 2.1029 0 7.8481
2 24 0 0 8.125 2.1029 0 7.8481
2 24 4.0625 0 -7.0365 5.7452 0 -5.7452
2 24 5.7452 0 -5.7452 7.0364 0 -4.0625
2 24 7.0364 0 -4.0625 7.8481 0 -2.1029
2 24 7.8481 0 -2.1029 8.125 0 0
2 24 8.125 0 0 7.8481 0 2.1029
2 24 7.8481 0 2.1029 7.0364 0 4.0625
2 24 7.0364 0 4.0625 5.7452 0 5.7452
2 24 4.0625 0 7.0365 5.7452 0 5.7452
2 24 0 -8.5339 8.1377 1.0186 -8.773 8.0021
2 24 1.4204 -9.0004 7.9511 1.0186 -8.773 8.0021
2 24 1.9088 -8.7961 7.8812 1.4204 -9.0004 7.9511
2 24 1.6428 -10.1446 8.6852 1.4204 -9.0004 7.9511
2 24 0 -8.5339 8.1377 1.0186 -8.773 8.0021
2 24 0 -8.8785 -8.1194 1.1732 -9.0471 -8.027
2 24 0 0 -8.125 2.1029 0 -7.8481
2 24 5.7452 -8.1949 5.7452 4.0625 -8.1949 7.0365
2 24 0 -10.5 1.9677 0.734 -10.5 1.8467
2 24 0.734 -10.5 1.8467 1.8467 -10.5 0.734
2 24 1.8467 -10.5 0.734 1.9677 -10.5 0
2 24 1.9677 -10.5 0 1.8307 -10.5 -0.75
2 24 1.8307 -10.5 -0.75 0.75 -10.5 -1.8307
2 24 0 -10.5 -1.9677 0.75 -10.5 -1.8307
2 24 -1.9088 -8.7961 7.8812 -1.4204 -9.0004 7.9511
2 24 -1.0186 -8.773 8.0021 -1.4204 -9.0004 7.9511
2 24 -1.4283 -8.8243 -8.006 -4.0625 -8.4301 -7.0365
2 24 -4.0625 -8.4301 -7.0365 -5.7452 -8.1949 -5.7452
2 24 -5.7452 -8.1949 -5.7452 -7.0364 -8.1949 -4.0625
2 24 -7.0364 -8.1949 -4.0625 -7.8481 -8.1949 -2.1029
2 24 -7.8481 -8.1949 -2.1029 -8.125 -8.1949 0
2 24 -8.125 -8.1949 0 -7.8481 -8.1949 2.1029
2 24 -7.8481 -8.1949 2.1029 -7.0364 -8.1949 4.0625
2 24 -7.0364 -8.1949 4.0625 -5.7452 -8.1949 5.7452
2 24 -5.7452 -8.1949 5.7452 -4.0625 -8.1949 7.0365
2 24 -1.9088 -8.7961 7.8812 -4.0625 -8.1949 7.0365
2 24 1.9088 -8.7961 7.8812 4.0625 -8.1949 7.0365
2 24 4.0625 -8.1949 7.0365 5.7452 -8.1949 5.7452
2 24 5.7452 -8.1949 5.7452 7.0364 -8.1949 4.0625
2 24 7.0364 -8.1949 4.0625 7.8481 -8.1949 2.1029
2 24 7.8481 -8.1949 2.1029 8.125 -8.1949 0
2 24 8.125 -8.1949 0 7.8481 -8.1949 -2.1029
2 24 7.8481 -8.1949 -2.1029 7.0364 -8.1949 -4.0625
2 24 7.0364 -8.1949 -4.0625 5.7452 -8.1949 -5.7452
2 24 5.7452 -8.1949 -5.7452 4.0625 -8.4301 -7.0365
2 24 1.4283 -8.8243 -8.006 4.0625 -8.4301 -7.0365
2 24 -13.2303 -8.9588 -1.2697 -13.2796 -8.963 -1.7526
2 24 -13.2303 -8.9588 -1.2697 -13.6457 -9.0609 -0.8775
2 24 -10.4935 -8.4912 13.6444 -14.0295 -9.2692 14.7007
2 24 -10.4935 -8.4912 13.6444 -7.5046 -8.2094 12.2767
2 24 -7.5046 -8.2094 12.2767 -4.4126 -8.3338 10.3615
2 24 -1.8886 -8.7532 7.9393 -4.0828 -8.1423 7.0859
2 24 -4.4126 -8.3338 10.3615 -1.8886 -8.7532 7.9393
2 24 -19.3265 -11.4728 10.5602 -18.781 -11.1168 7.5158
2 24 -18.781 -11.1168 7.5158 -18.1479 -10.7373 4.8631
2 24 -18.1479 -10.7373 4.8631 -17.3761 -10.365 2.2895
2 24 -17.3761 -10.365 2.2895 -15.854 -9.7994 0.1552
2 24 -19.3265 -11.4728 10.5602 -19.296 -11.4374 12.648
2 24 -14.0295 -9.2692 14.7007 -17.3064 -10.4149 14.82
2 24 -17.3064 -10.4149 14.82 -18.7225 -11.1297 13.9912
2 24 -19.296 -11.4374 12.648 -18.7225 -11.1297 13.9912
2 24 -13.6457 -9.0609 -0.8775 -15.854 -9.7994 0.1552
2 24 -16.1218 -9.9683 -10.0882 -13.818 -9.1522 -12.8284
2 24 -16.1218 -9.9683 -10.0882 -16.3321 -10.0332 -6.9457
2 24 -16.3321 -10.0332 -6.9457 -15.0458 -9.4329 -3.7914
2 24 -13.818 -9.1522 -12.8284 -10.2297 -8.3897 -13.8827
2 24 -10.2297 -8.3897 -13.8827 -6.5536 -8.1867 -13.2257
2 24 -13.2796 -8.963 -1.7526 -15.0458 -9.4329 -3.7914
2 24 -13.2253 -13.0902 -1.2746 -13.2638 -13.1265 -1.7459
2 24 -13.2253 -13.0902 -1.2746 -13.6187 -13.2219 -0.886
2 24 -13.2638 -13.1265 -1.7459 -15.028 -13.5958 -3.7848
2 24 -15.028 -13.5958 -3.7848 -16.3141 -14.1962 -6.9415
2 24 -16.3141 -14.1962 -6.9415 -16.1027 -14.1312 -10.0925
2 24 -16.1027 -14.1312 -10.0925 -13.7986 -13.3149 -12.8317
2 24 -13.7986 -13.3149 -12.8317 -10.2191 -12.5541 -13.8828
2 24 -10.2191 -12.5541 -13.8828 -6.5506 -12.2667 -13.2254
2 24 -6.5506 -12.2667 -13.2254 -3.9129 -12.31 -11.7377
2 24 -3.9129 -12.31 -11.7377 -1.5496 -12.3937 -8.7876
2 24 -13.6187 -13.2219 -0.886 -15.8308 -13.9606 0.1484
2 24 -15.8308 -13.9606 0.1484 -17.3551 -14.5269 2.2814
2 24 -17.3551 -14.5269 2.2814 -18.1272 -14.8995 4.8553
2 24 -18.1272 -14.8995 4.8553 -18.7586 -15.2787 7.5091
2 24 -18.7586 -15.2787 7.5091 -19.3028 -15.634 10.5564
2 24 -19.3028 -15.634 10.5564 -19.272 -15.5981 12.6526
2 24 -19.272 -15.5981 12.6526 -18.6927 -15.2882 13.9999
2 24 -18.6927 -15.2882 13.9999 -17.2718 -14.5728 14.8229
2 24 -17.2718 -14.5728 14.8229 -14.0036 -13.4319 14.6971
2 24 -14.0036 -13.4319 14.6971 -10.4783 -12.6566 13.6401
2 24 -10.4783 -12.6566 13.6401 -7.4996 -12.3758 12.2744
2 24 -7.4996 -12.3758 12.2744 -4.415 -12.2374 10.3606
2 24 -4.415 -12.2374 10.3606 -1.8242 -12.3628 7.6628
2 24 0 -12.0249 -9.2029 -0.6818 -11.6415 -9.1489
2 24 0 -9.4558 -9.3957 -0.7285 -9.5107 -9.1319
2 24 -1.9765 -12.4205 0.424 -1.6996 -12.4519 -1.6127
2 24 -1.9765 -12.4205 0.424 -2.0332 -12.4334 2.5917
2 24 -2.0332 -12.4334 2.5917 -1.8711 -12.4719 4.6772
2 24 -1.8711 -12.4719 4.6772 -1.5706 -12.4058 7.0018
2 24 -1.5496 -12.3937 -8.7876 -1.2901 -12.4319 -7.6373
2 24 -1.2479 -11.6412 -8.8224 -0.9293 -12.1274 -7.5835
2 24 -1.2901 -12.4319 -7.6373 -1.0984 -12.4465 -5.647
2 24 -0.9293 -12.1274 -7.5835 -1.0984 -12.4465 -5.647
2 24 -1.3011 -12.4616 -3.7729 -1.6996 -12.4519 -1.6127
2 24 -1.6996 -12.4519 -1.6127 -1.9765 -12.4205 0.424
2 24 -1.9765 -12.4205 0.424 -2.0332 -12.4334 2.5917
2 24 -1.8242 -12.3628 7.6628 -2.0083 -11.3816 8.5725
2 24 -1.8242 -12.3628 7.6628 -4.415 -12.2374 10.3606
2 24 -2.0332 -12.4334 2.5917 -1.8711 -12.4719 4.6772
2 24 -1.0984 -12.4465 -5.647 -1.2901 -12.4319 -7.6373
2 24 -13.2638 -13.1265 -1.7459 -13.2253 -13.0902 -1.2746
2 24 -13.2253 -13.0902 -1.2746 -13.2367 -11.2521 -1.2757
2 24 -13.6187 -13.2219 -0.886 -13.2253 -13.0902 -1.2746
2 24 -13.2253 -13.0902 -1.2746 -13.2367 -11.2521 -1.2757
2 24 -13.2638 -13.1265 -1.7459 -15.028 -13.5958 -3.7848
2 24 -15.028 -13.5958 -3.7848 -16.3141 -14.1962 -6.9415
2 24 -16.3141 -14.1962 -6.9415 -16.1027 -14.1312 -10.0925
2 24 -16.1027 -14.1312 -10.0925 -13.7986 -13.3149 -12.8317
2 24 -13.7986 -13.3149 -12.8317 -10.2191 -12.5541 -13.8828
2 24 -10.2191 -12.5541 -13.8828 -6.5506 -12.2667 -13.2254
2 24 -6.5506 -12.2667 -13.2254 -3.9129 -12.31 -11.7377
2 24 -1.5496 -12.3937 -8.7876 -3.9129 -12.31 -11.7377
2 24 -1.2479 -11.6412 -8.8224 -1.311 -10.6484 -9.1753
2 24 -13.6187 -13.2219 -0.886 -15.8308 -13.9606 0.1484
2 24 -15.8308 -13.9606 0.1484 -17.3551 -14.5269 2.2814
2 24 -17.3551 -14.5269 2.2814 -18.1272 -14.8995 4.8553
2 24 -18.1272 -14.8995 4.8553 -18.7586 -15.2787 7.5091
2 24 -18.7586 -15.2787 7.5091 -19.3028 -15.634 10.5564
2 24 -19.3028 -15.634 10.5564 -19.272 -15.5981 12.6526
2 24 -19.272 -15.5981 12.6526 -18.6927 -15.2882 13.9999
2 24 -18.6927 -15.2882 13.9999 -17.2718 -14.5728 14.8229
2 24 -17.2718 -14.5728 14.8229 -14.0036 -13.4319 14.6971
2 24 -14.0036 -13.4319 14.6971 -10.4783 -12.6566 13.6401
2 24 -10.4783 -12.6566 13.6401 -7.4996 -12.3758 12.2744
2 24 -4.415 -12.2374 10.3606 -7.4996 -12.3758 12.2744
2 24 -2.0083 -11.3816 8.5725 -1.9563 -10.1038 8.6418
2 24 -13.2367 -11.2521 -1.2757 -13.2303 -8.9588 -1.2697
2 24 -13.2796 -8.963 -1.7526 -13.2303 -8.9588 -1.2697
2 24 -13.6457 -9.0609 -0.8775 -13.2303 -8.9588 -1.2697
2 24 -13.2367 -11.2521 -1.2757 -13.2303 -8.9588 -1.2697
2 24 -13.2796 -8.963 -1.7526 -15.0458 -9.4329 -3.7914
2 24 -15.0458 -9.4329 -3.7914 -16.3321 -10.0332 -6.9457
2 24 -16.3321 -10.0332 -6.9457 -16.1218 -9.9683 -10.0882
2 24 -16.1218 -9.9683 -10.0882 -13.818 -9.1522 -12.8284
2 24 -13.818 -9.1522 -12.8284 -10.2297 -8.3897 -13.8827
2 24 -10.2297 -8.3897 -13.8827 -6.5536 -8.1867 -13.2257
2 24 -6.5536 -8.1867 -13.2257 -3.9104 -8.3502 -11.7362
2 24 -3.9104 -8.3502 -11.7362 -1.4103 -8.7677 -8.0518
2 24 -1.311 -10.6484 -9.1753 -1.1288 -9.5237 -8.8944
2 24 -13.6457 -9.0609 -0.8775 -15.854 -9.7994 0.1552
2 24 -15.854 -9.7994 0.1552 -17.3761 -10.365 2.2895
2 24 -17.3761 -10.365 2.2895 -18.1479 -10.7373 4.8631
2 24 -18.1479 -10.7373 4.8631 -18.781 -11.1168 7.5158
2 24 -18.781 -11.1168 7.5158 -19.3265 -11.4728 10.5602
2 24 -19.3265 -11.4728 10.5602 -19.296 -11.4374 12.648
2 24 -19.296 -11.4374 12.648 -18.7225 -11.1297 13.9912
2 24 -18.7225 -11.1297 13.9912 -17.3064 -10.4149 14.82
2 24 -17.3064 -10.4149 14.82 -14.0295 -9.2692 14.7007
2 24 -14.0295 -9.2692 14.7007 -10.4935 -8.4912 13.6444
2 24 -10.4935 -8.4912 13.6444 -7.5046 -8.2094 12.2767
2 24 -7.5046 -8.2094 12.2767 -4.4126 -8.3338 10.3615
2 24 -1.5496 -12.3937 -8.7876 -1.2901 -12.4319 -7.6373
2 24 -1.3011 -12.4616 -3.7729 -1.0984 -12.4465 -5.647
2 24 -1.7262 -11.3693 8.6158 -1.4819 -12.0364 8.0803
2 24 -1.7009 -10.1263 8.7365 -1.4466 -8.972 8.0154
2 24 -1.4819 -12.0364 8.0803 -1.399 -12.2958 7.5631
2 24 -1.5706 -12.4058 7.0018 -1.399 -12.2958 7.5631
2 24 -1.7262 -11.3693 8.6158 -1.7009 -10.1263 8.7365
2 24 -5.7823 -8.1422 -5.7837 -4.0802 -8.3767 -7.0861
2 24 -7.9024 -8.1451 -2.1172 -7.0847 -8.1439 -4.089
2 24 -7.9024 -8.1451 -2.1172 -8.1814 -8.1455 0.0002
2 24 -8.1814 -8.1455 0.0002 -7.9025 -8.1452 2.117
2 24 -7.9025 -8.1452 2.117 -7.0846 -8.1441 4.0894
2 24 -7.0846 -8.1441 4.0894 -5.7844 -8.143 5.7826
2 24 -1.8242 -12.3628 7.6628 -1.5706 -12.4058 7.0018
2 24 -1.8711 -12.4719 4.6772 -1.5706 -12.4058 7.0018
2 24 -1.0984 -12.4465 -5.647 -1.3011 -12.4616 -3.7729
2 24 -1.0984 -12.4465 -5.647 -0.9293 -12.1274 -7.5835
2 24 -0.6818 -11.6415 -9.1489 -1.2479 -11.6412 -8.8224
2 24 -0.9293 -12.1274 -7.5835 -1.2479 -11.6412 -8.8224
2 24 -1.2479 -11.6412 -8.8224 -1.311 -10.6484 -9.1753
2 24 -1.311 -10.6484 -9.1753 -1.1288 -9.5237 -8.8944
2 24 -1.1288 -9.5237 -8.8944 -1.1623 -9.002 -8.0859
2 24 -3.9104 -8.3502 -11.7362 -1.4103 -8.7677 -8.0518
2 24 -4.0802 -8.3767 -7.0861 -1.4103 -8.7677 -8.0518
2 24 -1.1288 -9.5237 -8.8944 -1.1623 -9.002 -8.0859
2 24 -1.4103 -8.7677 -8.0518 -1.1623 -9.002 -8.0859
2 24 -5.7823 -8.1422 -5.7837 -7.0847 -8.1439 -4.089
2 24 -1.6996 -12.4519 -1.6127 -1.3011 -12.4616 -3.7729
2 24 -1.4103 -8.7677 -8.0518 -1.1623 -9.002 -8.0859
2 24 -1.1623 -9.002 -8.0859 0 -8.8607 -8.1923
2 24 -4.0828 -8.1423 7.0859 -5.7844 -8.143 5.7826
2 24 -4.089 0.053 7.0824 -2.1168 0.053 7.8993
2 24 -1.4819 -12.0364 8.0803 -1.399 -12.2958 7.5631
2 24 -1.8242 -12.3628 7.6628 -1.5706 -12.4058 7.0018
2 24 -1.399 -12.2958 7.5631 -1.5706 -12.4058 7.0018
2 24 -1.4819 -12.0364 8.0803 -1.7262 -11.3693 8.6158
2 24 -1.7262 -11.3693 8.6158 -1.7009 -10.1263 8.7365
2 24 -3.031 0.053 5.4606 -5.4606 0.053 3.031
2 24 -5.7827 0.053 5.7827 -7.0824 0.053 4.089
2 24 -7.0824 0.053 4.089 -7.8994 0.053 2.1166
2 24 -5.4606 0.053 3.031 -6.3436 0.053 0.0002
2 24 -6.3436 0.053 0.0002 -5.4391 0.053 -3.0526
2 24 -7.8994 0.053 -2.1166 -7.0824 0.053 -4.089
2 24 -7.0824 0.053 -4.089 -5.7827 0.053 -5.7827
2 24 -5.4391 0.053 -3.0526 -3.0526 0.053 -5.439
2 24 -3.0526 0.053 -5.439 0 0.053 -6.3436
2 24 -2.1169 0.053 -7.8993 0 0.0335 -8.1921
2 24 -3.031 0.053 5.4606 0 0.0335 6.3296
2 24 -2.1168 0.053 7.8993 0 0.053 8.178
2 24 -2.1169 0.053 -7.8993 -4.089 0.053 -7.0824
2 24 -7.8994 0.053 -2.1166 -8.178 0.053 0
2 24 -5.7827 0.053 5.7827 -4.089 0.053 7.0824
2 24 -2.1168 0.053 7.8993 0 0.053 8.178
2 24 -4.089 0.053 7.0824 -5.7827 0.053 5.7827
2 24 -7.0824 0.053 4.089 -7.8994 0.053 2.1166
2 24 -8.178 0.053 0 -7.8994 0.053 -2.1166
2 24 -7.0824 0.053 -4.089 -5.7827 0.053 -5.7827
2 24 -4.089 0.053 -7.0824 -2.1169 0.053 -7.8993
2 24 0 -9.7163 6.3296 -3.031 -9.6968 5.4606
2 24 0 0.0335 6.3296 -3.031 0.053 5.4606
2 24 -3.031 -9.6968 5.4606 -5.4606 -9.6968 3.031
2 24 -3.031 0.053 5.4606 -5.4606 0.053 3.031
2 24 -5.4606 -9.6968 3.031 -6.3436 -9.6968 0.0002
2 24 -5.4606 0.053 3.031 -6.3436 0.053 0.0002
2 24 -6.3436 -9.6968 0.0002 -5.4391 -9.6968 -3.0526
2 24 -6.3436 0.053 0.0002 -5.4391 0.053 -3.0526
2 24 -5.4391 0.053 -3.0526 -3.0526 0.053 -5.439
2 24 -5.4391 -9.6968 -3.0526 -3.0526 -9.6968 -5.439
2 24 -3.0526 -9.6968 -5.439 0 -9.6968 -6.3436
2 24 -3.0526 0.053 -5.439 0 0.053 -6.3436
2 24 0 -9.7163 6.3296 -3.031 -9.6968 5.4606
2 24 0 -9.7163 4.1984 -2.0029 -9.6968 3.6014
2 24 -3.031 -9.6968 5.4606 -5.4606 -9.6968 3.031
2 24 -2.0029 -9.6968 3.6014 -3.6015 -9.6968 2.0029
2 24 -3.6015 -9.6968 2.0029 -4.1844 -9.6968 -0.0002
2 24 -5.4606 -9.6968 3.031 -6.3436 -9.6968 0.0002
2 24 -6.3436 -9.6968 0.0002 -5.4391 -9.6968 -3.0526
2 24 -4.1844 -9.6968 -0.0002 -3.5876 -9.6968 -2.0167
2 24 -5.4391 -9.6968 -3.0526 -3.0526 -9.6968 -5.439
2 24 -3.5876 -9.6968 -2.0167 -2.0167 -9.6968 -3.5876
2 24 -2.0167 -9.6968 -3.5876 0 -9.6968 -4.1844
2 24 -3.0526 -9.6968 -5.439 0 -9.6968 -6.3436
2 24 -2.1168 0.053 7.8993 -4.089 0.053 7.0824
2 24 -5.7827 0.053 5.7827 -7.0824 0.053 4.089
2 24 -7.8994 0.053 2.1166 -8.178 0.053 0
2 24 -7.8994 0.053 2.1166 -8.178 0.053 0
2 24 -7.8994 0.053 -2.1166 -7.0824 0.053 -4.089
2 24 -5.7827 0.053 -5.7827 -4.089 0.053 -7.0824
2 24 -5.7827 0.053 -5.7827 -4.089 0.053 -7.0824
2 24 -2.1169 0.053 -7.8993 0 0.0335 -8.1921
2 24 -1.0409 -8.7246 8.0549 0 -8.4838 8.1935
2 24 -1.4466 -8.972 8.0154 -1.0409 -8.7246 8.0549
2 24 -1.8886 -8.7532 7.9393 -1.4466 -8.972 8.0154
2 24 -1.7009 -10.1263 8.7365 -1.4466 -8.972 8.0154
2 24 -4.4126 -8.3338 10.3615 -1.8886 -8.7532 7.9393
2 24 0 -8.4838 8.1935 -1.0409 -8.7246 8.0549
2 24 -1.1623 -9.002 -8.0859 0 -8.8607 -8.1923
2 24 -6.5536 -8.1867 -13.2257 -3.9104 -8.3502 -11.7362
2 24 -0.7207 -10.447 -1.7865 0 -10.4665 -1.9006
2 24 -0.7207 -5.272 -1.7865 0 -5.2915 -1.9006
2 24 -0.7207 -10.447 -1.7865 -1.7865 -10.447 -0.7207
2 24 -0.7207 -5.272 -1.7865 -1.7865 -5.272 -0.7207
2 24 -1.7865 -10.447 -0.7207 -1.9147 -10.447 0.0006
2 24 -1.7865 -5.272 -0.7207 -1.9147 -5.272 0.0006
2 24 -1.9147 -10.447 0.0006 -1.8026 -10.447 0.7046
2 24 -1.9147 -5.272 0.0006 -1.8026 -5.272 0.7046
2 24 -1.8026 -10.447 0.7046 -0.7046 -10.447 1.8026
2 24 -1.8026 -5.272 0.7046 -0.7046 -5.272 1.8026
2 24 -0.7046 -10.447 1.8026 0 -10.447 1.9147
2 24 -0.7046 -5.272 1.8026 0 -5.272 1.9147
2 24 0 -5.2915 -1.9006 -0.7207 -5.272 -1.7865
2 24 0 -5.272 -4.1844 -2.0167 -5.272 -3.5876
2 24 -0.7207 -5.272 -1.7865 -1.7865 -5.272 -0.7207
2 24 -2.0167 -5.272 -3.5876 -3.5876 -5.272 -2.0167
2 24 -1.7865 -5.272 -0.7207 -1.9147 -5.272 0.0006
2 24 -3.5876 -5.272 -2.0167 -4.1844 -5.272 -0.0002
2 24 -1.9147 -5.272 0.0006 -1.8026 -5.272 0.7046
2 24 -4.1844 -5.272 -0.0002 -3.6015 -5.272 2.0029
2 24 -1.8026 -5.272 0.7046 -0.7046 -5.272 1.8026
2 24 -3.6015 -5.272 2.0029 -2.0029 -5.272 3.6014
2 24 -0.7046 -5.272 1.8026 0 -5.272 1.9147
2 24 -2.0029 -5.272 3.6014 0 -5.2915 4.1984
2 24 -2.0167 -5.272 -3.5876 0 -5.272 -4.1844
2 24 -2.0167 -9.6968 -3.5876 0 -9.6968 -4.1844
2 24 -2.0167 -5.272 -3.5876 -3.5876 -5.272 -2.0167
2 24 -2.0167 -9.6968 -3.5876 -3.5876 -9.6968 -2.0167
2 24 -3.5876 -5.272 -2.0167 -4.1844 -5.272 -0.0002
2 24 -3.5876 -9.6968 -2.0167 -4.1844 -9.6968 -0.0002
2 24 -4.1844 -5.272 -0.0002 -3.6015 -5.272 2.0029
2 24 -4.1844 -9.6968 -0.0002 -3.6015 -9.6968 2.0029
2 24 -3.6015 -5.272 2.0029 -2.0029 -5.272 3.6014
2 24 -3.6015 -9.6968 2.0029 -2.0029 -9.6968 3.6014
2 24 -2.0029 -5.272 3.6014 0 -5.2915 4.1984
2 24 -2.0029 -9.6968 3.6014 0 -9.7163 4.1984
2 24 0 -10.447 1.9147 -0.7046 -10.447 1.8026
2 24 -0.7046 -10.447 1.8026 -1.8026 -10.447 0.7046
2 24 -1.8026 -10.447 0.7046 -1.9147 -10.447 0.0006
2 24 -1.9147 -10.447 0.0006 -1.7865 -10.447 -0.7207
2 24 -1.7865 -10.447 -0.7207 -0.7207 -10.447 -1.7865
2 24 -0.7207 -10.447 -1.7865 0 -10.4665 -1.9006
2 24 13.2303 -8.9588 -1.2697 13.2796 -8.963 -1.7526
2 24 13.2303 -8.9588 -1.2697 13.6457 -9.0609 -0.8775
2 24 13.2796 -8.963 -1.7526 15.0458 -9.4329 -3.7914
2 24 15.0458 -9.4329 -3.7914 16.3321 -10.0332 -6.9457
2 24 16.3321 -10.0332 -6.9457 16.1218 -9.9683 -10.0882
2 24 16.1218 -9.9683 -10.0882 13.818 -9.1522 -12.8284
2 24 13.818 -9.1522 -12.8284 10.2297 -8.3897 -13.8827
2 24 10.2297 -8.3897 -13.8827 6.5536 -8.1867 -13.2257
2 24 6.5536 -8.1867 -13.2257 3.9104 -8.3502 -11.7362
2 24 13.6457 -9.0609 -0.8775 15.854 -9.7994 0.1552
2 24 15.854 -9.7994 0.1552 17.3761 -10.365 2.2895
2 24 17.3761 -10.365 2.2895 18.1479 -10.7373 4.8631
2 24 18.1479 -10.7373 4.8631 18.781 -11.1168 7.5158
2 24 18.781 -11.1168 7.5158 19.3265 -11.4728 10.5602
2 24 19.3265 -11.4728 10.5602 19.296 -11.4374 12.648
2 24 19.296 -11.4374 12.648 18.7225 -11.1297 13.9912
2 24 18.7225 -11.1297 13.9912 17.3064 -10.4149 14.82
2 24 17.3064 -10.4149 14.82 14.0295 -9.2692 14.7007
2 24 14.0295 -9.2692 14.7007 10.4935 -8.4912 13.6444
2 24 10.4935 -8.4912 13.6444 7.5046 -8.2094 12.2767
2 24 7.5046 -8.2094 12.2767 4.4127 -8.3337 10.3615
2 24 4.0802 -8.3767 -7.0861 1.4103 -8.7677 -8.0518
2 24 3.9104 -8.3502 -11.7362 1.4103 -8.7677 -8.0518
2 24 5.7844 -8.143 5.7826 7.0846 -8.1441 4.0894
2 24 4.0802 -8.3767 -7.0861 5.7823 -8.1422 -5.7837
2 24 0 -12.0249 -9.2029 0.6818 -11.6415 -9.1489
2 24 0 -9.4558 -9.3957 0.7285 -9.5107 -9.1319
2 24 1.9765 -12.4205 0.424 1.6996 -12.4519 -1.6127
2 24 1.9765 -12.4205 0.424 2.0332 -12.4334 2.5917
2 24 2.0332 -12.4334 2.5917 1.8711 -12.4719 4.6772
2 24 1.8711 -12.4719 4.6772 1.5706 -12.4058 7.0018
2 24 0.9293 -12.1274 -7.5835 1.2479 -11.6412 -8.8224
2 24 1.2901 -12.4319 -7.6373 1.5496 -12.3937 -8.7876
2 24 0.9293 -12.1274 -7.5835 1.0984 -12.4465 -5.647
2 24 1.2901 -12.4319 -7.6373 1.0984 -12.4465 -5.647
2 24 1.6996 -12.4519 -1.6127 1.3011 -12.4616 -3.7729
2 24 1.6996 -12.4519 -1.6127 1.9765 -12.4205 0.424
2 24 1.9765 -12.4205 0.424 2.0332 -12.4334 2.5917
2 24 6.5506 -12.2667 -13.2254 3.9129 -12.31 -11.7377
2 24 13.2253 -13.0902 -1.2746 13.2638 -13.1265 -1.7459
2 24 13.2253 -13.0902 -1.2746 13.6187 -13.2219 -0.886
2 24 10.4783 -12.6566 13.6401 14.0036 -13.4319 14.6971
2 24 10.4783 -12.6566 13.6401 7.4996 -12.3758 12.2744
2 24 7.4996 -12.3758 12.2744 4.415 -12.2374 10.3606
2 24 4.415 -12.2374 10.3606 1.8242 -12.3628 7.6628
2 24 19.3028 -15.634 10.5564 18.7586 -15.2787 7.5091
2 24 18.7586 -15.2787 7.5091 18.1272 -14.8995 4.8553
2 24 18.1272 -14.8995 4.8553 17.3551 -14.5269 2.2814
2 24 17.3551 -14.5269 2.2814 15.8308 -13.9606 0.1484
2 24 19.3028 -15.634 10.5564 19.272 -15.5981 12.6526
2 24 14.0036 -13.4319 14.6971 17.2718 -14.5728 14.8229
2 24 17.2718 -14.5728 14.8229 18.6927 -15.2882 13.9999
2 24 19.272 -15.5981 12.6526 18.6927 -15.2882 13.9999
2 24 2.0332 -12.4334 2.5917 1.8711 -12.4719 4.6772
2 24 1.8242 -12.3628 7.6628 1.5706 -12.4058 7.0018
2 24 1.8711 -12.4719 4.6772 1.5706 -12.4058 7.0018
2 24 13.6187 -13.2219 -0.886 15.8308 -13.9606 0.1484
2 24 16.1027 -14.1312 -10.0925 13.7986 -13.3149 -12.8317
2 24 16.1027 -14.1312 -10.0925 16.3141 -14.1962 -6.9415
2 24 16.3141 -14.1962 -6.9415 15.028 -13.5958 -3.7848
2 24 13.7986 -13.3149 -12.8317 10.2191 -12.5541 -13.8828
2 24 6.5506 -12.2667 -13.2254 10.2191 -12.5541 -13.8828
2 24 13.2638 -13.1265 -1.7459 15.028 -13.5958 -3.7848
2 24 3.9129 -12.31 -11.7377 1.5496 -12.3937 -8.7876
2 24 1.0984 -12.4465 -5.647 1.2901 -12.4319 -7.6373
2 24 13.2638 -13.1265 -1.7459 13.2253 -13.0902 -1.2746
2 24 13.2253 -13.0902 -1.2746 13.2367 -11.2521 -1.2757
2 24 13.2367 -11.2521 -1.2757 13.2253 -13.0902 -1.2746
2 24 13.2253 -13.0902 -1.2746 13.6187 -13.2219 -0.886
2 24 13.2638 -13.1265 -1.7459 15.028 -13.5958 -3.7848
2 24 15.028 -13.5958 -3.7848 16.3141 -14.1962 -6.9415
2 24 16.3141 -14.1962 -6.9415 16.1027 -14.1312 -10.0925
2 24 16.1027 -14.1312 -10.0925 13.7986 -13.3149 -12.8317
2 24 13.7986 -13.3149 -12.8317 10.2191 -12.5541 -13.8828
2 24 10.2191 -12.5541 -13.8828 6.5506 -12.2667 -13.2254
2 24 6.5506 -12.2667 -13.2254 3.9129 -12.31 -11.7377
2 24 1.5496 -12.3937 -8.7876 3.9129 -12.31 -11.7377
2 24 1.2479 -11.6412 -8.8224 1.311 -10.6484 -9.1753
2 24 13.6187 -13.2219 -0.886 15.8308 -13.9606 0.1484
2 24 15.8308 -13.9606 0.1484 17.3551 -14.5269 2.2814
2 24 17.3551 -14.5269 2.2814 18.1272 -14.8995 4.8553
2 24 18.1272 -14.8995 4.8553 18.7586 -15.2787 7.5091
2 24 18.7586 -15.2787 7.5091 19.3028 -15.634 10.5564
2 24 19.3028 -15.634 10.5564 19.272 -15.5981 12.6526
2 24 19.272 -15.5981 12.6526 18.6927 -15.2882 13.9999
2 24 18.6927 -15.2882 13.9999 17.2718 -14.5728 14.8229
2 24 17.2718 -14.5728 14.8229 14.0036 -13.4319 14.6971
2 24 14.0036 -13.4319 14.6971 10.4783 -12.6566 13.6401
2 24 10.4783 -12.6566 13.6401 7.4996 -12.3758 12.2744
2 24 7.4996 -12.3758 12.2744 4.415 -12.2374 10.3606
2 24 7.5046 -8.2094 12.2767 4.4127 -8.3337 10.3615
2 24 7.5046 -8.2094 12.2767 10.4935 -8.4912 13.6444
2 24 10.4935 -8.4912 13.6444 14.0295 -9.2692 14.7007
2 24 14.0295 -9.2692 14.7007 17.3064 -10.4149 14.82
2 24 17.3064 -10.4149 14.82 18.7225 -11.1297 13.9912
2 24 18.7225 -11.1297 13.9912 19.296 -11.4374 12.648
2 24 19.296 -11.4374 12.648 19.3265 -11.4728 10.5602
2 24 19.3265 -11.4728 10.5602 18.781 -11.1168 7.5158
2 24 18.781 -11.1168 7.5158 18.1479 -10.7373 4.8631
2 24 18.1479 -10.7373 4.8631 17.3761 -10.365 2.2895
2 24 17.3761 -10.365 2.2895 15.854 -9.7994 0.1552
2 24 15.854 -9.7994 0.1552 13.6457 -9.0609 -0.8775
2 24 13.6457 -9.0609 -0.8775 13.2303 -8.9588 -1.2697
2 24 13.2367 -11.2521 -1.2757 13.2303 -8.9588 -1.2697
2 24 13.2796 -8.963 -1.7526 13.2303 -8.9588 -1.2697
2 24 13.2367 -11.2521 -1.2757 13.2303 -8.9588 -1.2697
2 24 13.2796 -8.963 -1.7526 15.0458 -9.4329 -3.7914
2 24 15.0458 -9.4329 -3.7914 16.3321 -10.0332 -6.9457
2 24 16.3321 -10.0332 -6.9457 16.1218 -9.9683 -10.0882
2 24 16.1218 -9.9683 -10.0882 13.818 -9.1522 -12.8284
2 24 13.818 -9.1522 -12.8284 10.2297 -8.3897 -13.8827
2 24 10.2297 -8.3897 -13.8827 6.5536 -8.1867 -13.2257
2 24 6.5536 -8.1867 -13.2257 3.9104 -8.3502 -11.7362
2 24 3.9104 -8.3502 -11.7362 1.4103 -8.7677 -8.0518
2 24 1.311 -10.6484 -9.1753 1.1288 -9.5237 -8.8944
2 24 1.5496 -12.3937 -8.7876 1.2901 -12.4319 -7.6373
2 24 1.3011 -12.4616 -3.7729 1.0984 -12.4465 -5.647
2 24 1.4819 -12.0364 8.0803 1.7261 -11.3693 8.6158
2 24 1.4467 -8.9723 8.0154 1.687 -10.1268 8.7431
2 24 1.4819 -12.0364 8.0803 1.399 -12.2958 7.5631
2 24 1.5706 -12.4058 7.0018 1.399 -12.2958 7.5631
2 24 1.7261 -11.3693 8.6158 1.687 -10.1268 8.7431
2 24 1.5706 -12.4058 7.0018 1.8242 -12.3628 7.6628
2 24 1.5706 -12.4058 7.0018 1.399 -12.2958 7.5631
2 24 1.399 -12.2958 7.5631 1.4819 -12.0364 8.0803
2 24 5.7823 -8.1422 -5.7837 7.0847 -8.1439 -4.089
2 24 1.4467 -8.9723 8.0154 1.8886 -8.753 7.9392
2 24 1.4467 -8.9723 8.0154 1.0409 -8.7246 8.0549
2 24 4.4127 -8.3337 10.3615 1.8886 -8.753 7.9392
2 24 1.8886 -8.753 7.9392 4.0828 -8.1423 7.0859
2 24 4.4127 -8.3337 10.3615 1.8886 -8.753 7.9392
2 24 1.9326 -10.1344 8.6489 2.0084 -11.382 8.5724
2 24 1.8242 -12.3628 7.6628 2.0084 -11.382 8.5724
2 24 4.415 -12.2374 10.3606 1.8242 -12.3628 7.6628
2 24 1.0984 -12.4465 -5.647 1.3011 -12.4616 -3.7729
2 24 1.0984 -12.4465 -5.647 0.9293 -12.1274 -7.5835
2 24 0.6818 -11.6415 -9.1489 1.2479 -11.6412 -8.8224
2 24 0.9293 -12.1274 -7.5835 1.2479 -11.6412 -8.8224
2 24 1.2479 -11.6412 -8.8224 1.311 -10.6484 -9.1753
2 24 1.311 -10.6484 -9.1753 1.1288 -9.5237 -8.8944
2 24 1.1288 -9.5237 -8.8944 1.1623 -9.002 -8.0859
2 24 1.1288 -9.5237 -8.8944 1.1623 -9.002 -8.0859
2 24 1.4103 -8.7677 -8.0518 1.1623 -9.002 -8.0859
2 24 7.0846 -8.1441 4.0894 7.9025 -8.1452 2.117
2 24 7.9025 -8.1452 2.117 8.1814 -8.1455 0.0002
2 24 8.1814 -8.1455 0.0002 7.9024 -8.1451 -2.1172
2 24 7.0847 -8.1439 -4.089 7.9024 -8.1451 -2.1172
2 24 1.6996 -12.4519 -1.6127 1.3011 -12.4616 -3.7729
2 24 1.4103 -8.7677 -8.0518 1.1623 -9.002 -8.0859
2 24 0 -8.8607 -8.1923 1.1623 -9.002 -8.0859
2 24 2.1169 0.053 -7.8993 4.089 0.053 -7.0824
2 24 1.4819 -12.0364 8.0803 1.7261 -11.3693 8.6158
2 24 1.7261 -11.3693 8.6158 1.687 -10.1268 8.7431
2 24 0 0.053 8.178 2.1168 0.053 7.8993
2 24 0 0.0335 6.3296 3.031 0.053 5.4606
2 24 4.089 0.053 -7.0824 2.1169 0.053 -7.8993
2 24 7.0824 0.053 -4.089 5.7827 0.053 -5.7827
2 24 3.0526 0.053 -5.439 5.4391 0.053 -3.0526
2 24 8.178 0.053 0 7.8994 0.053 -2.1166
2 24 7.0824 0.053 4.089 7.8994 0.053 2.1166
2 24 6.3436 0.053 0.0002 5.4606 0.053 3.031
2 24 4.089 0.053 7.0824 5.7827 0.053 5.7827
2 24 0 -9.7163 6.3296 3.031 -9.6968 5.4606
2 24 0 0.0335 6.3296 3.031 0.053 5.4606
2 24 3.031 -9.6968 5.4606 5.4606 -9.6968 3.031
2 24 3.031 0.053 5.4606 5.4606 0.053 3.031
2 24 5.4606 -9.6968 3.031 6.3436 -9.6968 0.0002
2 24 5.4606 0.053 3.031 6.3436 0.053 0.0002
2 24 6.3436 -9.6968 0.0002 5.4391 -9.6968 -3.0526
2 24 6.3436 0.053 0.0002 5.4391 0.053 -3.0526
2 24 5.4391 -9.6968 -3.0526 3.0526 -9.6968 -5.439
2 24 5.4391 0.053 -3.0526 3.0526 0.053 -5.439
2 24 0 -9.6968 -6.3436 3.0526 -9.6968 -5.439
2 24 0 0.053 -6.3436 3.0526 0.053 -5.439
2 24 0 -9.7163 6.3296 3.031 -9.6968 5.4606
2 24 0 -9.7163 4.1984 2.0029 -9.6968 3.6014
2 24 3.031 -9.6968 5.4606 5.4606 -9.6968 3.031
2 24 2.0029 -9.6968 3.6014 3.6015 -9.6968 2.0029
2 24 5.4606 -9.6968 3.031 6.3436 -9.6968 0.0002
2 24 3.6015 -9.6968 2.0029 4.1844 -9.6968 -0.0002
2 24 6.3436 -9.6968 0.0002 5.4391 -9.6968 -3.0526
2 24 4.1844 -9.6968 -0.0002 3.5876 -9.6968 -2.0167
2 24 5.4391 -9.6968 -3.0526 3.0526 -9.6968 -5.439
2 24 3.5876 -9.6968 -2.0167 2.0167 -9.6968 -3.5876
2 24 0 -9.6968 -6.3436 3.0526 -9.6968 -5.439
2 24 0 -9.6968 -4.1844 2.0167 -9.6968 -3.5876
2 24 0 -5.2915 4.1984 2.0029 -5.272 3.6014
2 24 0 -9.7163 4.1984 2.0029 -9.6968 3.6014
2 24 2.0029 -9.6968 3.6014 3.6015 -9.6968 2.0029
2 24 2.0029 -5.272 3.6014 3.6015 -5.272 2.0029
2 24 3.6015 -9.6968 2.0029 4.1844 -9.6968 -0.0002
2 24 3.6015 -5.272 2.0029 4.1844 -5.272 -0.0002
2 24 4.1844 -9.6968 -0.0002 3.5876 -9.6968 -2.0167
2 24 4.1844 -5.272 -0.0002 3.5876 -5.272 -2.0167
2 24 3.5876 -9.6968 -2.0167 2.0167 -9.6968 -3.5876
2 24 3.5876 -5.272 -2.0167 2.0167 -5.272 -3.5876
2 24 0 -9.6968 -4.1844 2.0167 -9.6968 -3.5876
2 24 0 -5.272 -4.1844 2.0167 -5.272 -3.5876
2 24 0 -5.272 1.9147 0.7046 -5.272 1.8026
2 24 0 -5.2915 4.1984 2.0029 -5.272 3.6014
2 24 2.0029 -5.272 3.6014 3.6015 -5.272 2.0029
2 24 0.7046 -5.272 1.8026 1.8026 -5.272 0.7046
2 24 3.6015 -5.272 2.0029 4.1844 -5.272 -0.0002
2 24 1.8026 -5.272 0.7046 1.9147 -5.272 0.0006
2 24 4.1844 -5.272 -0.0002 3.5876 -5.272 -2.0167
2 24 1.9147 -5.272 0.0006 1.7865 -5.272 -0.7207
2 24 3.5876 -5.272 -2.0167 2.0167 -5.272 -3.5876
2 24 1.7865 -5.272 -0.7207 0.7207 -5.272 -1.7865
2 24 0 -5.272 -4.1844 2.0167 -5.272 -3.5876
2 24 0 -5.2915 -1.9006 0.7207 -5.272 -1.7865
2 24 0 -10.447 1.9147 0.7046 -10.447 1.8026
2 24 0 -5.272 1.9147 0.7046 -5.272 1.8026
2 24 0.7046 -5.272 1.8026 1.8026 -5.272 0.7046
2 24 0.7046 -10.447 1.8026 1.8026 -10.447 0.7046
2 24 1.8026 -5.272 0.7046 1.9147 -5.272 0.0006
2 24 1.8026 -10.447 0.7046 1.9147 -10.447 0.0006
2 24 1.9147 -5.272 0.0006 1.7865 -5.272 -0.7207
2 24 1.9147 -10.447 0.0006 1.7865 -10.447 -0.7207
2 24 1.7865 -5.272 -0.7207 0.7207 -5.272 -1.7865
2 24 1.7865 -10.447 -0.7207 0.7207 -10.447 -1.7865
2 24 0 -5.2915 -1.9006 0.7207 -5.272 -1.7865
2 24 0 -10.4665 -1.9006 0.7207 -10.447 -1.7865
2 24 2.1168 0.053 7.8993 4.089 0.053 7.0824
2 24 3.031 0.053 5.4606 5.4606 0.053 3.031
2 24 7.0824 0.053 4.089 5.7827 0.053 5.7827
2 24 8.178 0.053 0 7.8994 0.053 2.1166
2 24 5.4391 0.053 -3.0526 6.3436 0.053 0.0002
2 24 7.0824 0.053 -4.089 7.8994 0.053 -2.1166
2 24 4.089 0.053 -7.0824 5.7827 0.053 -5.7827
2 24 0 0.053 -6.3436 3.0526 0.053 -5.439
2 24 0 0.0335 -8.1921 2.1169 0.053 -7.8993
2 24 4.089 0.053 7.0824 2.1168 0.053 7.8993
2 24 0 0.053 8.178 2.1168 0.053 7.8993
2 24 4.089 0.053 -7.0824 5.7827 0.053 -5.7827
2 24 5.7827 0.053 -5.7827 7.0824 0.053 -4.089
2 24 7.0824 0.053 -4.089 7.8994 0.053 -2.1166
2 24 7.8994 0.053 -2.1166 8.178 0.053 0
2 24 8.178 0.053 0 7.8994 0.053 2.1166
2 24 7.8994 0.053 2.1166 7.0824 0.053 4.089
2 24 7.0824 0.053 4.089 5.7827 0.053 5.7827
2 24 4.089 0.053 7.0824 5.7827 0.053 5.7827
2 24 0 -8.4838 8.1935 1.0409 -8.7246 8.0549
2 24 1.4467 -8.9723 8.0154 1.0409 -8.7246 8.0549
2 24 1.8886 -8.753 7.9392 1.4467 -8.9723 8.0154
2 24 1.687 -10.1268 8.7431 1.4467 -8.9723 8.0154
2 24 0 -8.4838 8.1935 1.0409 -8.7246 8.0549
2 24 0 -8.8607 -8.1923 1.1623 -9.002 -8.0859
2 24 0 0.0335 -8.1921 2.1169 0.053 -7.8993
2 24 5.7844 -8.143 5.7826 4.0828 -8.1423 7.0859
2 24 0 -10.447 1.9147 0.7046 -10.447 1.8026
2 24 0.7046 -10.447 1.8026 1.8026 -10.447 0.7046
2 24 1.8026 -10.447 0.7046 1.9147 -10.447 0.0006
2 24 1.9147 -10.447 0.0006 1.7865 -10.447 -0.7207
2 24 1.7865 -10.447 -0.7207 0.7207 -10.447 -1.7865
2 24 0 -10.4665 -1.9006 0.7207 -10.447 -1.7865
2 24 -1.8886 -8.7532 7.9393 -1.4466 -8.972 8.0154
2 24 -1.0409 -8.7246 8.0549 -1.4466 -8.972 8.0154
2 24 -1.4103 -8.7677 -8.0518 -4.0802 -8.3767 -7.0861
2 24 -4.0802 -8.3767 -7.0861 -5.7823 -8.1422 -5.7837
2 24 -5.7823 -8.1422 -5.7837 -7.0847 -8.1439 -4.089
2 24 -7.0847 -8.1439 -4.089 -7.9024 -8.1451 -2.1172
2 24 -7.9024 -8.1451 -2.1172 -8.1814 -8.1455 0.0002
2 24 -8.1814 -8.1455 0.0002 -7.9025 -8.1452 2.117
2 24 -7.9025 -8.1452 2.117 -7.0846 -8.1441 4.0894
2 24 -7.0846 -8.1441 4.0894 -5.7844 -8.143 5.7826
2 24 -5.7844 -8.143 5.7826 -4.0828 -8.1423 7.0859
2 24 -1.8886 -8.7532 7.9393 -4.0828 -8.1423 7.0859
2 24 1.8886 -8.753 7.9392 4.0828 -8.1423 7.0859
2 24 4.0828 -8.1423 7.0859 5.7844 -8.143 5.7826
2 24 5.7844 -8.143 5.7826 7.0846 -8.1441 4.0894
2 24 7.0846 -8.1441 4.0894 7.9025 -8.1452 2.117
2 24 7.9025 -8.1452 2.117 8.1814 -8.1455 0.0002
2 24 8.1814 -8.1455 0.0002 7.9024 -8.1451 -2.1172
2 24 7.9024 -8.1451 -2.1172 7.0847 -8.1439 -4.089
2 24 7.0847 -8.1439 -4.089 5.7823 -8.1422 -5.7837
2 24 5.7823 -8.1422 -5.7837 4.0802 -8.3767 -7.0861
2 24 1.4103 -8.7677 -8.0518 4.0802 -8.3767 -7.0861
0 STEP
