0 Untitled Model
0 Name: Untitled Model
0 Author: 
0 BFC CERTIFY CCW
3 16 -13.1663 -8.9925 -1.25 -11.0421 -8.5873 -1.3701 -13.229 -9.0111 -1.7801
3 16 -13.229 -9.0111 -1.7801 -11.0421 -8.5873 -1.3701 -10.8909 -8.5784 -3.7529
3 16 -11.3634 -8.648 0.779 -11.0421 -8.5873 -1.3701 -13.6078 -9.1097 -0.8349
3 16 -13.6078 -9.1097 -0.8349 -11.0421 -8.5873 -1.3701 -13.1663 -8.9925 -1.25
3 16 -17.0844 -10.4431 10.4505 -15.5839 -9.818 11.3615 -16.1653 -10.0402 8.6218
3 16 -16.1653 -10.0402 8.6218 -15.5839 -9.818 11.3615 -14.074 -9.3106 9.9701
3 16 -10.5038 -8.5452 13.5935 -12.2353 -8.8278 11.4699 -14.0252 -9.3217 14.6473
3 16 -14.0252 -9.3217 14.6473 -12.2353 -8.8278 11.4699 -14.4379 -9.4294 12.4836
3 16 -16.1653 -10.0402 8.6218 -14.074 -9.3106 9.9701 -14.9727 -9.618 6.5653
3 16 -14.9727 -9.618 6.5653 -14.074 -9.3106 9.9701 -12.2544 -8.8447 8.1934
3 16 -7.5272 -8.2636 12.2301 -9.7595 -8.4192 10.2684 -10.5038 -8.5452 13.5935
3 16 -10.5038 -8.5452 13.5935 -9.7595 -8.4192 10.2684 -12.2353 -8.8278 11.4699
3 16 -14.9727 -9.618 6.5653 -12.2544 -8.8447 8.1934 -13.7532 -9.2082 4.2615
3 16 -13.7532 -9.2082 4.2615 -12.2544 -8.8447 8.1934 -10.0127 -8.4569 6.0809
3 16 -9.7595 -8.4192 10.2684 -7.5272 -8.2636 12.2301 -6.9535 -8.2506 8.7077
3 16 -6.9535 -8.2506 8.7077 -7.5272 -8.2636 12.2301 -4.4445 -8.3868 10.3192
3 16 -1.9088 -8.7961 7.8812 -4.0625 -8.1949 7.0365 -4.4445 -8.3868 10.3192
3 16 -4.4445 -8.3868 10.3192 -4.0625 -8.1949 7.0365 -6.9535 -8.2506 8.7077
3 16 -15.5839 -9.818 11.3615 -14.4379 -9.4294 12.4836 -14.074 -9.3106 9.9701
3 16 -14.074 -9.3106 9.9701 -14.4379 -9.4294 12.4836 -12.2353 -8.8278 11.4699
3 16 -19.2629 -11.5125 10.5643 -17.0844 -10.4431 10.4505 -18.7191 -11.1583 7.5242
3 16 -18.7191 -11.1583 7.5242 -17.0844 -10.4431 10.4505 -16.1653 -10.0402 8.6218
3 16 -16.1653 -10.0402 8.6218 -14.9727 -9.618 6.5653 -18.7191 -11.1583 7.5242
3 16 -18.7191 -11.1583 7.5242 -14.9727 -9.618 6.5653 -18.0874 -10.7802 4.8737
3 16 -14.9727 -9.618 6.5653 -13.7532 -9.2082 4.2615 -18.0874 -10.7802 4.8737
3 16 -18.0874 -10.7802 4.8737 -13.7532 -9.2082 4.2615 -17.3189 -10.4091 2.3095
3 16 -17.3189 -10.4091 2.3095 -13.7532 -9.2082 4.2615 -15.8088 -9.8459 0.1929
3 16 -15.8088 -9.8459 0.1929 -13.7532 -9.2082 4.2615 -12.8693 -8.9948 2.053
3 16 -19.2327 -11.477 12.6404 -17.3645 -10.5465 11.8395 -19.2629 -11.5125 10.5643
3 16 -19.2629 -11.5125 10.5643 -17.3645 -10.5465 11.8395 -17.0844 -10.4431 10.4505
3 16 -17.0844 -10.4431 10.4505 -17.3645 -10.5465 11.8395 -15.5839 -9.818 11.3615
3 16 -15.5839 -9.818 11.3615 -17.3645 -10.5465 11.8395 -16.7286 -10.2754 12.5674
3 16 -14.4379 -9.4294 12.4836 -15.5839 -9.818 11.3615 -15.9162 -9.9436 13.0707
3 16 -15.9162 -9.9436 13.0707 -15.5839 -9.818 11.3615 -16.7286 -10.2754 12.5674
3 16 -14.4379 -9.4294 12.4836 -15.9162 -9.9436 13.0707 -14.0252 -9.3217 14.6473
3 16 -14.0252 -9.3217 14.6473 -15.9162 -9.9436 13.0707 -17.2811 -10.4634 14.7686
3 16 -15.9162 -9.9436 13.0707 -16.7286 -10.2754 12.5674 -17.2811 -10.4634 14.7686
3 16 -17.2811 -10.4634 14.7686 -16.7286 -10.2754 12.5674 -18.6699 -11.1718 13.9581
3 16 -16.7286 -10.2754 12.5674 -17.3645 -10.5465 11.8395 -18.6699 -11.1718 13.9581
3 16 -18.6699 -11.1718 13.9581 -17.3645 -10.5465 11.8395 -19.2327 -11.477 12.6404
3 16 -15.8088 -9.8459 0.1929 -12.8693 -8.9948 2.053 -13.6078 -9.1097 -0.8349
3 16 -13.6078 -9.1097 -0.8349 -12.8693 -8.9948 2.053 -11.3634 -8.648 0.779
3 16 -16.0644 -10.0127 -10.069 -13.1065 -9.0344 -8.7317 -13.7802 -9.2005 -12.7852
3 16 -13.7802 -9.2005 -12.7852 -13.1065 -9.0344 -8.7317 -12.0675 -8.7925 -9.9194
3 16 -13.7371 -9.2025 -7.1445 -13.1065 -9.0344 -8.7317 -16.2717 -10.077 -6.953
3 16 -16.2717 -10.077 -6.953 -13.1065 -9.0344 -8.7317 -16.0644 -10.0127 -10.069
3 16 -12.6323 -8.9202 -5.7198 -13.7371 -9.2025 -7.1445 -14.9919 -9.4793 -3.8155
3 16 -14.9919 -9.4793 -3.8155 -13.7371 -9.2025 -7.1445 -16.2717 -10.077 -6.953
3 16 -12.6323 -8.9202 -5.7198 -11.4341 -8.6575 -7.6461 -13.7371 -9.2025 -7.1445
3 16 -13.7371 -9.2025 -7.1445 -11.4341 -8.6575 -7.6461 -13.1065 -9.0344 -8.7317
3 16 -13.1065 -9.0344 -8.7317 -11.4341 -8.6575 -7.6461 -12.0675 -8.7925 -9.9194
3 16 -12.0675 -8.7925 -9.9194 -11.4341 -8.6575 -7.6461 -10.4673 -8.5095 -9.9067
3 16 -13.7802 -9.2005 -12.7852 -12.0675 -8.7925 -9.9194 -10.2218 -8.4424 -13.83
3 16 -10.2218 -8.4424 -13.83 -12.0675 -8.7925 -9.9194 -10.4673 -8.5095 -9.9067
3 16 -10.2218 -8.4424 -13.83 -10.4673 -8.5095 -9.9067 -6.5695 -8.2401 -13.1755
3 16 -6.5695 -8.2401 -13.1755 -10.4673 -8.5095 -9.9067 -8.223 -8.2773 -8.7473
3 16 -10.4673 -8.5095 -9.9067 -11.4341 -8.6575 -7.6461 -8.223 -8.2773 -8.7473
3 16 -8.223 -8.2773 -8.7473 -11.4341 -8.6575 -7.6461 -9.4951 -8.3748 -6.2181
3 16 -10.8909 -8.5784 -3.7529 -9.4951 -8.3748 -6.2181 -12.6323 -8.9202 -5.7198
3 16 -12.6323 -8.9202 -5.7198 -9.4951 -8.3748 -6.2181 -11.4341 -8.6575 -7.6461
3 16 -10.8909 -8.5784 -3.7529 -12.6323 -8.9202 -5.7198 -13.229 -9.0111 -1.7801
3 16 -13.229 -9.0111 -1.7801 -12.6323 -8.9202 -5.7198 -14.9919 -9.4793 -3.8155
3 16 -13.1663 -13.051 -1.25 -13.229 -13.0695 -1.7801 -10.0309 -12.4476 -1.1872
3 16 -10.0309 -12.4476 -1.1872 -13.229 -13.0695 -1.7801 -10.0567 -12.4461 -3.7882
3 16 -13.6078 -13.1681 -0.8349 -13.1663 -13.051 -1.25 -10.7228 -12.5606 0.7431
3 16 -10.7228 -12.5606 0.7431 -13.1663 -13.051 -1.25 -10.0309 -12.4476 -1.1872
3 16 -14.9919 -13.5377 -3.8155 -12.3157 -12.859 -5.774 -13.229 -13.0695 -1.7801
3 16 -13.229 -13.0695 -1.7801 -12.3157 -12.859 -5.774 -10.0567 -12.4461 -3.7882
3 16 -16.2717 -14.1354 -6.953 -13.7615 -13.2618 -7.146 -14.9919 -13.5377 -3.8155
3 16 -14.9919 -13.5377 -3.8155 -13.7615 -13.2618 -7.146 -12.3157 -12.859 -5.774
3 16 -16.2717 -14.1354 -6.953 -16.0644 -14.0711 -10.069 -13.7615 -13.2618 -7.146
3 16 -13.7615 -13.2618 -7.146 -16.0644 -14.0711 -10.069 -13.1062 -13.0536 -8.7947
3 16 -16.0644 -14.0711 -10.069 -13.7802 -13.259 -12.7852 -13.1062 -13.0536 -8.7947
3 16 -13.1062 -13.0536 -8.7947 -13.7802 -13.259 -12.7852 -12.1196 -12.8139 -9.9206
3 16 -13.7802 -13.259 -12.7852 -10.2218 -12.5009 -13.83 -12.1196 -12.8139 -9.9206
3 16 -12.1196 -12.8139 -9.9206 -10.2218 -12.5009 -13.83 -10.3991 -12.4977 -9.6756
3 16 -10.2218 -12.5009 -13.83 -6.5695 -12.2139 -13.1755 -10.3991 -12.4977 -9.6756
3 16 -10.3991 -12.4977 -9.6756 -6.5695 -12.2139 -13.1755 -7.7808 -12.2222 -9.0359
3 16 -6.5695 -12.2139 -13.1755 -3.9459 -12.2563 -11.6971 -7.7808 -12.2222 -9.0359
3 16 -7.7808 -12.2222 -9.0359 -3.9459 -12.2563 -11.6971 -5.091 -12.1632 -8.048
3 16 -3.9459 -12.2563 -11.6971 -1.5837 -12.3314 -8.7635 -5.091 -12.1632 -8.048
3 16 -5.091 -12.1632 -8.048 -1.5837 -12.3314 -8.7635 -2.4347 -12.2839 -7.5246
3 16 -15.8088 -13.9044 0.1929 -13.6078 -13.1681 -0.8349 -12.0549 -12.8179 2.4831
3 16 -12.0549 -12.8179 2.4831 -13.6078 -13.1681 -0.8349 -10.7228 -12.5606 0.7431
3 16 -17.3189 -14.4676 2.3095 -15.8088 -13.9044 0.1929 -13.5188 -13.1939 4.4327
3 16 -13.5188 -13.1939 4.4327 -15.8088 -13.9044 0.1929 -12.0549 -12.8179 2.4831
3 16 -17.3189 -14.4676 2.3095 -13.5188 -13.1939 4.4327 -18.0874 -14.8387 4.8737
3 16 -18.0874 -14.8387 4.8737 -13.5188 -13.1939 4.4327 -14.764 -13.5635 6.6285
3 16 -18.0874 -14.8387 4.8737 -14.764 -13.5635 6.6285 -18.7191 -15.2167 7.5242
3 16 -18.7191 -15.2167 7.5242 -14.764 -13.5635 6.6285 -15.8352 -13.9797 8.7368
3 16 -19.2629 -15.5709 10.5643 -18.7191 -15.2167 7.5242 -16.7588 -14.3935 10.6448
3 16 -16.7588 -14.3935 10.6448 -18.7191 -15.2167 7.5242 -15.8352 -13.9797 8.7368
3 16 -19.2327 -15.5354 12.6404 -19.2629 -15.5709 10.5643 -17.2658 -14.6473 11.8167
3 16 -17.2658 -14.6473 11.8167 -19.2629 -15.5709 10.5643 -16.7588 -14.3935 10.6448
3 16 -19.2327 -15.5354 12.6404 -17.2658 -14.6473 11.8167 -18.6699 -15.2303 13.9581
3 16 -18.6699 -15.2303 13.9581 -17.2658 -14.6473 11.8167 -16.5351 -14.2915 12.3257
3 16 -18.6699 -15.2303 13.9581 -16.5351 -14.2915 12.3257 -17.2811 -14.5218 14.7686
3 16 -17.2811 -14.5218 14.7686 -16.5351 -14.2915 12.3257 -15.9178 -14.012 12.9907
3 16 -17.2811 -14.5218 14.7686 -15.9178 -14.012 12.9907 -14.0252 -13.3802 14.6473
3 16 -14.0252 -13.3802 14.6473 -15.9178 -14.012 12.9907 -14.5638 -13.4959 12.3363
3 16 -10.5038 -12.6037 13.5935 -14.0252 -13.3802 14.6473 -12.4835 -12.8945 11.1473
3 16 -12.4835 -12.8945 11.1473 -14.0252 -13.3802 14.6473 -14.5638 -13.4959 12.3363
3 16 -7.5272 -12.322 12.2301 -10.5038 -12.6037 13.5935 -10.3471 -12.4881 9.5813
3 16 -10.3471 -12.4881 9.5813 -10.5038 -12.6037 13.5935 -12.4835 -12.8945 11.1473
3 16 -4.4445 -12.1823 10.3192 -7.5272 -12.322 12.2301 -8.0795 -12.2524 7.68
3 16 -8.0795 -12.2524 7.68 -7.5272 -12.322 12.2301 -10.3471 -12.4881 9.5813
3 16 -1.8447 -12.2961 7.6353 -4.4445 -12.1823 10.3192 -5.5041 -12.1716 5.2109
3 16 -5.5041 -12.1716 5.2109 -4.4445 -12.1823 10.3192 -8.0795 -12.2524 7.68
3 16 0 -12.2719 -7.7169 -0.4947 -12.1451 -7.6517 0 -11.9661 -9.1563
3 16 0 -11.9661 -9.1563 -0.4947 -12.1451 -7.6517 -0.653 -11.5933 -9.0992
3 16 -0.7625 -10.5953 -9.4268 0 -10.5574 -9.6996 -0.653 -11.5933 -9.0992
3 16 -0.653 -11.5933 -9.0992 0 -10.5574 -9.6996 0 -11.9661 -9.1563
3 16 0 -10.5574 -9.6996 -0.7625 -10.5953 -9.4268 0 -9.5044 -9.3387
3 16 0 -9.5044 -9.3387 -0.7625 -10.5953 -9.4268 -0.7036 -9.5574 -9.0787
3 16 0 -9.5044 -9.3387 -0.7036 -9.5574 -9.0787 0 -9.0989 -8.3046
3 16 0 -9.0989 -8.3046 -0.7036 -9.5574 -9.0787 -0.629 -9.1362 -8.2799
3 16 -0.5854 -12.4183 -5.6841 -0.4947 -12.1451 -7.6517 0 -12.5653 -5.7353
3 16 0 -12.5653 -5.7353 -0.4947 -12.1451 -7.6517 0 -12.2719 -7.7169
3 16 0 -12.5653 -5.7353 0 -12.8667 -3.7579 -0.5854 -12.4183 -5.6841
3 16 -0.5854 -12.4183 -5.6841 0 -12.8667 -3.7579 -0.6859 -12.6777 -3.7313
3 16 -1.9513 -12.3499 0.4258 -1.6754 -12.381 -1.6092 -1.0029 -13.015 0.2972
3 16 -1.0029 -13.015 0.2972 -1.6754 -12.381 -1.6092 -0.8718 -12.9 -1.7031
3 16 -2.0072 -12.363 2.5919 -1.9513 -12.3499 0.4258 -1.0857 -13.0522 2.5612
3 16 -1.0857 -13.0522 2.5612 -1.9513 -12.3499 0.4258 -1.0029 -13.015 0.2972
3 16 -2.0072 -12.363 2.5919 -1.0857 -13.0522 2.5612 -1.8466 -12.4011 4.6739
3 16 -1.8466 -12.4011 4.6739 -1.0857 -13.0522 2.5612 -0.9408 -13.0271 4.6716
3 16 -0.9408 -13.0271 4.6716 -0.9012 -12.7734 6.614 -1.8466 -12.4011 4.6739
3 16 -1.8466 -12.4011 4.6739 -0.9012 -12.7734 6.614 -1.5605 -12.3319 6.9938
3 16 0 -13.2357 4.7331 0 -13.01 6.5089 -0.9408 -13.0271 4.6716
3 16 -0.9408 -13.0271 4.6716 0 -13.01 6.5089 -0.9012 -12.7734 6.614
3 16 0 -13.2357 4.7331 -0.9408 -13.0271 4.6716 0 -13.3205 2.5565
3 16 0 -13.3205 2.5565 -0.9408 -13.0271 4.6716 -1.0857 -13.0522 2.5612
3 16 0 -13.2537 0.2949 0 -13.3205 2.5565 -1.0029 -13.015 0.2972
3 16 -1.0029 -13.015 0.2972 0 -13.3205 2.5565 -1.0857 -13.0522 2.5612
3 16 -1.0029 -13.015 0.2972 -0.8718 -12.9 -1.7031 0 -13.2537 0.2949
3 16 0 -13.2537 0.2949 -0.8718 -12.9 -1.7031 0 -13.0949 -1.6995
3 16 -1.5837 -12.3314 -8.7635 -1.2682 -11.5956 -8.7664 -1.3168 -12.3623 -7.6282
3 16 -1.3168 -12.3623 -7.6282 -1.2682 -11.5956 -8.7664 -0.9473 -12.0567 -7.566
3 16 -1.1102 -12.3727 -5.6412 -1.3168 -12.3623 -7.6282 -0.9473 -12.0567 -7.566
3 16 -3.6403 -12.2213 -4.5248 -1.2811 -12.3894 -3.769 -4.2217 -12.1951 -2.347
3 16 -4.2217 -12.1951 -2.347 -1.2811 -12.3894 -3.769 -1.6754 -12.381 -1.6092
3 16 -4.2217 -12.1951 -2.347 -1.6754 -12.381 -1.6092 -4.6575 -12.1767 -0.0941
3 16 -4.6575 -12.1767 -0.0941 -1.6754 -12.381 -1.6092 -1.9513 -12.3499 0.4258
3 16 -2.0072 -12.363 2.5919 -5.0902 -12.1631 2.243 -1.9513 -12.3499 0.4258
3 16 -1.9513 -12.3499 0.4258 -5.0902 -12.1631 2.243 -4.6575 -12.1767 -0.0941
3 16 -4.2217 -12.1951 -2.347 -6.9456 -12.2008 -3.0997 -3.6403 -12.2213 -4.5248
3 16 -3.6403 -12.2213 -4.5248 -6.9456 -12.2008 -3.0997 -6.0539 -12.183 -5.5354
3 16 -4.6575 -12.1767 -0.0941 -7.4251 -12.2112 -0.7166 -4.2217 -12.1951 -2.347
3 16 -4.2217 -12.1951 -2.347 -7.4251 -12.2112 -0.7166 -6.9456 -12.2008 -3.0997
3 16 -8.0968 -12.2541 1.5237 -7.4251 -12.2112 -0.7166 -5.0902 -12.1631 2.243
3 16 -5.0902 -12.1631 2.243 -7.4251 -12.2112 -0.7166 -4.6575 -12.1767 -0.0941
3 16 -16.7588 -14.3935 10.6448 -15.8352 -13.9797 8.7368 -15.512 -13.8507 11.3055
3 16 -15.512 -13.8507 11.3055 -15.8352 -13.9797 8.7368 -14.1025 -13.3509 9.8138
3 16 -15.8352 -13.9797 8.7368 -14.764 -13.5635 6.6285 -14.1025 -13.3509 9.8138
3 16 -14.1025 -13.3509 9.8138 -14.764 -13.5635 6.6285 -12.5307 -12.9056 8.004
3 16 -13.5188 -13.1939 4.4327 -12.0549 -12.8179 2.4831 -10.8334 -12.582 5.9868
3 16 -10.8334 -12.582 5.9868 -12.0549 -12.8179 2.4831 -9.1305 -12.3587 3.8022
3 16 -14.764 -13.5635 6.6285 -13.5188 -13.1939 4.4327 -12.5307 -12.9056 8.004
3 16 -12.5307 -12.9056 8.004 -13.5188 -13.1939 4.4327 -10.8334 -12.582 5.9868
3 16 -1.8447 -12.2961 7.6353 -2.0525 -11.3616 8.5153 -4.4445 -12.1823 10.3192
3 16 -12.4835 -12.8945 11.1473 -14.5638 -13.4959 12.3363 -14.1025 -13.3509 9.8138
3 16 -14.1025 -13.3509 9.8138 -14.5638 -13.4959 12.3363 -15.512 -13.8507 11.3055
3 16 -10.3471 -12.4881 9.5813 -12.4835 -12.8945 11.1473 -12.5307 -12.9056 8.004
3 16 -12.5307 -12.9056 8.004 -12.4835 -12.8945 11.1473 -14.1025 -13.3509 9.8138
3 16 -8.0795 -12.2524 7.68 -10.3471 -12.4881 9.5813 -10.8334 -12.582 5.9868
3 16 -10.8334 -12.582 5.9868 -10.3471 -12.4881 9.5813 -12.5307 -12.9056 8.004
3 16 -5.5041 -12.1716 5.2109 -8.0795 -12.2524 7.68 -9.1305 -12.3587 3.8022
3 16 -9.1305 -12.3587 3.8022 -8.0795 -12.2524 7.68 -10.8334 -12.582 5.9868
3 16 -5.5041 -12.1716 5.2109 -9.1305 -12.3587 3.8022 -5.0902 -12.1631 2.243
3 16 -5.0902 -12.1631 2.243 -9.1305 -12.3587 3.8022 -8.0968 -12.2541 1.5237
3 16 -15.512 -13.8507 11.3055 -16.5351 -14.2915 12.3257 -16.7588 -14.3935 10.6448
3 16 -16.7588 -14.3935 10.6448 -16.5351 -14.2915 12.3257 -17.2658 -14.6473 11.8167
3 16 -14.5638 -13.4959 12.3363 -15.9178 -14.012 12.9907 -15.512 -13.8507 11.3055
3 16 -15.512 -13.8507 11.3055 -15.9178 -14.012 12.9907 -16.5351 -14.2915 12.3257
3 16 -5.5041 -12.1716 5.2109 -5.0902 -12.1631 2.243 -1.8466 -12.4011 4.6739
3 16 -1.8466 -12.4011 4.6739 -5.0902 -12.1631 2.243 -2.0072 -12.363 2.5919
3 16 -10.0567 -12.4461 -3.7882 -6.9456 -12.2008 -3.0997 -10.0309 -12.4476 -1.1872
3 16 -10.0309 -12.4476 -1.1872 -6.9456 -12.2008 -3.0997 -7.4251 -12.2112 -0.7166
3 16 -10.7228 -12.5606 0.7431 -10.0309 -12.4476 -1.1872 -8.0968 -12.2541 1.5237
3 16 -8.0968 -12.2541 1.5237 -10.0309 -12.4476 -1.1872 -7.4251 -12.2112 -0.7166
3 16 -8.0968 -12.2541 1.5237 -9.1305 -12.3587 3.8022 -10.7228 -12.5606 0.7431
3 16 -10.7228 -12.5606 0.7431 -9.1305 -12.3587 3.8022 -12.0549 -12.8179 2.4831
3 16 -12.3157 -12.859 -5.774 -13.7615 -13.2618 -7.146 -11.1798 -12.6465 -7.6997
3 16 -11.1798 -12.6465 -7.6997 -13.7615 -13.2618 -7.146 -13.1062 -13.0536 -8.7947
3 16 -10.3991 -12.4977 -9.6756 -11.1798 -12.6465 -7.6997 -12.1196 -12.8139 -9.9206
3 16 -12.1196 -12.8139 -9.9206 -11.1798 -12.6465 -7.6997 -13.1062 -13.0536 -8.7947
3 16 -8.774 -12.3226 -6.5151 -7.7808 -12.2222 -9.0359 -6.0539 -12.183 -5.5354
3 16 -6.0539 -12.183 -5.5354 -7.7808 -12.2222 -9.0359 -5.091 -12.1632 -8.048
3 16 -7.7808 -12.2222 -9.0359 -8.774 -12.3226 -6.5151 -10.3991 -12.4977 -9.6756
3 16 -10.3991 -12.4977 -9.6756 -8.774 -12.3226 -6.5151 -11.1798 -12.6465 -7.6997
3 16 -11.1798 -12.6465 -7.6997 -8.774 -12.3226 -6.5151 -12.3157 -12.859 -5.774
3 16 -12.3157 -12.859 -5.774 -8.774 -12.3226 -6.5151 -10.0567 -12.4461 -3.7882
3 16 -10.0567 -12.4461 -3.7882 -8.774 -12.3226 -6.5151 -6.9456 -12.2008 -3.0997
3 16 -6.9456 -12.2008 -3.0997 -8.774 -12.3226 -6.5151 -6.0539 -12.183 -5.5354
3 16 -1.1102 -12.3727 -5.6412 -2.4347 -12.2839 -7.5246 -1.3168 -12.3623 -7.6282
3 16 -13.229 -13.0695 -1.7801 -13.1663 -13.051 -1.25 -13.229 -11.2706 -1.7801
3 16 -13.229 -11.2706 -1.7801 -13.1663 -13.051 -1.25 -13.1663 -11.2521 -1.25
3 16 -13.6078 -13.1681 -0.8349 -13.6078 -11.3692 -0.8349 -13.1663 -13.051 -1.25
3 16 -13.1663 -13.051 -1.25 -13.6078 -11.3692 -0.8349 -13.1663 -11.2521 -1.25
3 16 -14.9919 -13.5377 -3.8155 -13.229 -13.0695 -1.7801 -14.9919 -11.7388 -3.8155
3 16 -14.9919 -11.7388 -3.8155 -13.229 -13.0695 -1.7801 -13.229 -11.2706 -1.7801
3 16 -16.2717 -14.1354 -6.953 -14.9919 -13.5377 -3.8155 -16.2717 -12.1778 -6.953
3 16 -16.2717 -12.1778 -6.953 -14.9919 -13.5377 -3.8155 -14.9919 -11.7388 -3.8155
3 16 -16.2717 -14.1354 -6.953 -16.2717 -12.1778 -6.953 -16.0644 -14.0711 -10.069
3 16 -16.0644 -14.0711 -10.069 -16.2717 -12.1778 -6.953 -16.0644 -12.1135 -10.069
3 16 -16.0644 -14.0711 -10.069 -16.0644 -12.1135 -10.069 -13.7802 -13.259 -12.7852
3 16 -13.7802 -13.259 -12.7852 -16.0644 -12.1135 -10.069 -13.7802 -11.3821 -12.7852
3 16 -13.7802 -13.259 -12.7852 -13.7802 -11.3821 -12.7852 -10.2218 -12.5009 -13.83
3 16 -10.2218 -12.5009 -13.83 -13.7802 -11.3821 -12.7852 -10.2218 -10.702 -13.83
3 16 -10.2218 -12.5009 -13.83 -10.2218 -10.702 -13.83 -6.5695 -12.2139 -13.1755
3 16 -6.5695 -12.2139 -13.1755 -10.2218 -10.702 -13.83 -6.5695 -10.415 -13.1755
3 16 -3.9459 -12.2563 -11.6971 -6.5695 -12.2139 -13.1755 -3.9459 -10.4887 -11.6971
3 16 -3.9459 -10.4887 -11.6971 -6.5695 -12.2139 -13.1755 -6.5695 -10.415 -13.1755
3 16 -1.5837 -12.3314 -8.7635 -3.9459 -12.2563 -11.6971 -1.2682 -11.5956 -8.7664
3 16 -3.9459 -12.2563 -11.6971 -3.9459 -10.4887 -11.6971 -1.2682 -11.5956 -8.7664
3 16 -1.2682 -11.5956 -8.7664 -3.9459 -10.4887 -11.6971 -1.3208 -10.6435 -9.1011
3 16 -15.8088 -13.9044 0.1929 -15.8088 -12.1055 0.1929 -13.6078 -13.1681 -0.8349
3 16 -13.6078 -13.1681 -0.8349 -15.8088 -12.1055 0.1929 -13.6078 -11.3692 -0.8349
3 16 -17.3189 -14.4676 2.3095 -17.3189 -12.6687 2.3095 -15.8088 -13.9044 0.1929
3 16 -15.8088 -13.9044 0.1929 -17.3189 -12.6687 2.3095 -15.8088 -12.1055 0.1929
3 16 -18.0874 -14.8387 4.8737 -18.0874 -13.0398 4.8737 -17.3189 -14.4676 2.3095
3 16 -17.3189 -14.4676 2.3095 -18.0874 -13.0398 4.8737 -17.3189 -12.6687 2.3095
3 16 -18.7191 -15.2167 7.5242 -18.7191 -13.4178 7.5242 -18.0874 -14.8387 4.8737
3 16 -18.0874 -14.8387 4.8737 -18.7191 -13.4178 7.5242 -18.0874 -13.0398 4.8737
3 16 -19.2629 -15.5709 10.5643 -19.2629 -13.6992 10.5643 -18.7191 -15.2167 7.5242
3 16 -18.7191 -15.2167 7.5242 -19.2629 -13.6992 10.5643 -18.7191 -13.4178 7.5242
3 16 -19.2629 -15.5709 10.5643 -19.2327 -15.5354 12.6404 -19.2629 -13.6992 10.5643
3 16 -19.2629 -13.6992 10.5643 -19.2327 -15.5354 12.6404 -19.2327 -13.6637 12.6404
3 16 -19.2327 -15.5354 12.6404 -18.6699 -15.2303 13.9581 -19.2327 -13.6637 12.6404
3 16 -19.2327 -13.6637 12.6404 -18.6699 -15.2303 13.9581 -18.6681 -13.3585 13.9936
3 16 -18.6699 -15.2303 13.9581 -17.2811 -14.5218 14.7686 -18.6681 -13.3585 13.9936
3 16 -18.6681 -13.3585 13.9936 -17.2811 -14.5218 14.7686 -17.1872 -12.7229 14.8041
3 16 -17.2811 -14.5218 14.7686 -14.0252 -13.3802 14.6473 -17.1872 -12.7229 14.8041
3 16 -17.1872 -12.7229 14.8041 -14.0252 -13.3802 14.6473 -13.9314 -11.5813 14.6828
3 16 -14.0252 -13.3802 14.6473 -10.5038 -12.6037 13.5935 -13.9314 -11.5813 14.6828
3 16 -13.9314 -11.5813 14.6828 -10.5038 -12.6037 13.5935 -10.41 -10.8048 13.6289
3 16 -10.5038 -12.6037 13.5935 -7.5272 -12.322 12.2301 -10.41 -10.8048 13.6289
3 16 -10.41 -10.8048 13.6289 -7.5272 -12.322 12.2301 -7.4334 -10.5231 12.2655
3 16 -7.5272 -12.322 12.2301 -4.4445 -12.1823 10.3192 -7.4334 -10.5231 12.2655
3 16 -7.4334 -10.5231 12.2655 -4.4445 -12.1823 10.3192 -4.3963 -10.2789 10.4049
3 16 -2.0011 -10.1145 8.5827 -4.3963 -10.2789 10.4049 -2.0525 -11.3616 8.5153
3 16 -2.0525 -11.3616 8.5153 -4.3963 -10.2789 10.4049 -4.4445 -12.1823 10.3192
3 16 -13.229 -11.2706 -1.7801 -13.1663 -11.2521 -1.25 -13.229 -9.0111 -1.7801
3 16 -13.229 -9.0111 -1.7801 -13.1663 -11.2521 -1.25 -13.1663 -8.9925 -1.25
3 16 -13.6078 -11.3692 -0.8349 -13.6078 -9.1097 -0.8349 -13.1663 -11.2521 -1.25
3 16 -13.1663 -11.2521 -1.25 -13.6078 -9.1097 -0.8349 -13.1663 -8.9925 -1.25
3 16 -14.9919 -11.7388 -3.8155 -13.229 -11.2706 -1.7801 -14.9919 -9.4793 -3.8155
3 16 -14.9919 -9.4793 -3.8155 -13.229 -11.2706 -1.7801 -13.229 -9.0111 -1.7801
3 16 -16.2717 -12.1778 -6.953 -14.9919 -11.7388 -3.8155 -16.2717 -10.077 -6.953
3 16 -16.2717 -10.077 -6.953 -14.9919 -11.7388 -3.8155 -14.9919 -9.4793 -3.8155
3 16 -16.2717 -12.1778 -6.953 -16.2717 -10.077 -6.953 -16.0644 -12.1135 -10.069
3 16 -16.0644 -12.1135 -10.069 -16.2717 -10.077 -6.953 -16.0644 -10.0127 -10.069
3 16 -16.0644 -12.1135 -10.069 -16.0644 -10.0127 -10.069 -13.7802 -11.3821 -12.7852
3 16 -13.7802 -11.3821 -12.7852 -16.0644 -10.0127 -10.069 -13.7802 -9.2005 -12.7852
3 16 -13.7802 -11.3821 -12.7852 -13.7802 -9.2005 -12.7852 -10.2218 -10.702 -13.83
3 16 -10.2218 -10.702 -13.83 -13.7802 -9.2005 -12.7852 -10.2218 -8.4424 -13.83
3 16 -10.2218 -10.702 -13.83 -10.2218 -8.4424 -13.83 -6.5695 -10.415 -13.1755
3 16 -6.5695 -10.415 -13.1755 -10.2218 -8.4424 -13.83 -6.5695 -8.2401 -13.1755
3 16 -3.9459 -10.4887 -11.6971 -6.5695 -10.415 -13.1755 -3.9459 -8.4034 -11.6971
3 16 -3.9459 -8.4034 -11.6971 -6.5695 -10.415 -13.1755 -6.5695 -8.2401 -13.1755
3 16 -3.9459 -10.4887 -11.6971 -3.9459 -8.4034 -11.6971 -1.3208 -10.6435 -9.1011
3 16 -1.4283 -8.8243 -8.006 -1.1452 -9.5694 -8.8372 -3.9459 -8.4034 -11.6971
3 16 -1.1452 -9.5694 -8.8372 -1.3208 -10.6435 -9.1011 -3.9459 -8.4034 -11.6971
3 16 -15.8088 -12.1055 0.1929 -15.8088 -9.8459 0.1929 -13.6078 -11.3692 -0.8349
3 16 -13.6078 -11.3692 -0.8349 -15.8088 -9.8459 0.1929 -13.6078 -9.1097 -0.8349
3 16 -17.3189 -12.6687 2.3095 -17.3189 -10.4091 2.3095 -15.8088 -12.1055 0.1929
3 16 -15.8088 -12.1055 0.1929 -17.3189 -10.4091 2.3095 -15.8088 -9.8459 0.1929
3 16 -18.0874 -13.0398 4.8737 -18.0874 -10.7802 4.8737 -17.3189 -12.6687 2.3095
3 16 -17.3189 -12.6687 2.3095 -18.0874 -10.7802 4.8737 -17.3189 -10.4091 2.3095
3 16 -18.7191 -13.4178 7.5242 -18.7191 -11.1583 7.5242 -18.0874 -13.0398 4.8737
3 16 -18.0874 -13.0398 4.8737 -18.7191 -11.1583 7.5242 -18.0874 -10.7802 4.8737
3 16 -19.2629 -13.6992 10.5643 -19.2629 -11.5125 10.5643 -18.7191 -13.4178 7.5242
3 16 -18.7191 -13.4178 7.5242 -19.2629 -11.5125 10.5643 -18.7191 -11.1583 7.5242
3 16 -19.2629 -13.6992 10.5643 -19.2327 -13.6637 12.6404 -19.2629 -11.5125 10.5643
3 16 -19.2629 -11.5125 10.5643 -19.2327 -13.6637 12.6404 -19.2327 -11.477 12.6404
3 16 -19.2327 -13.6637 12.6404 -18.6681 -13.3585 13.9936 -19.2327 -11.477 12.6404
3 16 -19.2327 -11.477 12.6404 -18.6681 -13.3585 13.9936 -18.6699 -11.1718 13.9581
3 16 -18.6681 -13.3585 13.9936 -17.1872 -12.7229 14.8041 -18.6699 -11.1718 13.9581
3 16 -18.6699 -11.1718 13.9581 -17.1872 -12.7229 14.8041 -17.2811 -10.4634 14.7686
3 16 -17.1872 -12.7229 14.8041 -13.9314 -11.5813 14.6828 -17.2811 -10.4634 14.7686
3 16 -17.2811 -10.4634 14.7686 -13.9314 -11.5813 14.6828 -14.0252 -9.3217 14.6473
3 16 -13.9314 -11.5813 14.6828 -10.41 -10.8048 13.6289 -14.0252 -9.3217 14.6473
3 16 -14.0252 -9.3217 14.6473 -10.41 -10.8048 13.6289 -10.5038 -8.5452 13.5935
3 16 -10.41 -10.8048 13.6289 -7.4334 -10.5231 12.2655 -10.5038 -8.5452 13.5935
3 16 -10.5038 -8.5452 13.5935 -7.4334 -10.5231 12.2655 -7.5272 -8.2636 12.2301
3 16 -7.4334 -10.5231 12.2655 -4.3963 -10.2789 10.4049 -7.5272 -8.2636 12.2301
3 16 -7.5272 -8.2636 12.2301 -4.3963 -10.2789 10.4049 -4.4445 -8.3868 10.3192
3 16 -2.4347 -12.2839 -7.5246 -1.5837 -12.3314 -8.7635 -1.3168 -12.3623 -7.6282
3 16 -2.4347 -12.2839 -7.5246 -1.1102 -12.3727 -5.6412 -3.6403 -12.2213 -4.5248
3 16 -3.6403 -12.2213 -4.5248 -1.1102 -12.3727 -5.6412 -1.2811 -12.3894 -3.769
3 16 -2.4347 -12.2839 -7.5246 -3.6403 -12.2213 -4.5248 -5.091 -12.1632 -8.048
3 16 -5.091 -12.1632 -8.048 -3.6403 -12.2213 -4.5248 -6.0539 -12.183 -5.5354
3 16 -1.6903 -11.3436 8.5552 -1.4537 -11.9808 8.0387 -1.06 -11.6914 9.1079
3 16 -1.06 -11.6914 9.1079 -1.4537 -11.9808 8.0387 -0.9365 -12.2417 8.3341
3 16 -1.1163 -8.838 8.4518 -1.0903 -9.5345 9.256 -0.0001 -8.6048 8.6159
3 16 -0.0001 -8.6048 8.6159 -1.0903 -9.5345 9.256 -0.0014 -9.503 9.5638
3 16 -1.0903 -9.5345 9.256 -1.1163 -8.838 8.4518 -1.6575 -10.1438 8.6778
3 16 -1.6575 -10.1438 8.6778 -1.1163 -8.838 8.4518 -1.4204 -9.0004 7.9511
3 16 -1.6575 -10.1438 8.6778 -1.1323 -10.6559 9.4753 -1.0903 -9.5345 9.256
3 16 -1.0903 -9.5345 9.256 -1.1323 -10.6559 9.4753 -0.0014 -9.503 9.5638
3 16 -0.0014 -9.503 9.5638 -1.1323 -10.6559 9.4753 -0.0012 -10.7229 9.8457
3 16 0 -11.8911 9.2824 -0.0012 -10.7229 9.8457 -1.06 -11.6914 9.1079
3 16 -1.06 -11.6914 9.1079 -0.0012 -10.7229 9.8457 -1.1323 -10.6559 9.4753
3 16 0 -12.5772 8.38 0 -11.8911 9.2824 -0.9365 -12.2417 8.3341
3 16 -0.9365 -12.2417 8.3341 0 -11.8911 9.2824 -1.06 -11.6914 9.1079
3 16 -0.8775 -12.5637 7.4971 -0.9012 -12.7734 6.614 0 -12.7881 7.4937
3 16 0 -12.7881 7.4937 -0.9012 -12.7734 6.614 0 -13.01 6.5089
3 16 0 -12.7881 7.4937 0 -12.5772 8.38 -0.8775 -12.5637 7.4971
3 16 -0.8775 -12.5637 7.4971 0 -12.5772 8.38 -0.9365 -12.2417 8.3341
3 16 -0.8775 -12.5637 7.4971 -0.9365 -12.2417 8.3341 -1.3862 -12.2257 7.5395
3 16 -1.3862 -12.2257 7.5395 -0.9365 -12.2417 8.3341 -1.4537 -11.9808 8.0387
3 16 -0.9012 -12.7734 6.614 -0.8775 -12.5637 7.4971 -1.5605 -12.3319 6.9938
3 16 -1.5605 -12.3319 6.9938 -0.8775 -12.5637 7.4971 -1.3862 -12.2257 7.5395
3 16 -1.06 -11.6914 9.1079 -1.1323 -10.6559 9.4753 -1.6903 -11.3436 8.5552
3 16 -1.6903 -11.3436 8.5552 -1.1323 -10.6559 9.4753 -1.6575 -10.1438 8.6778
3 16 -8.223 -8.2773 -8.7473 -5.7452 -8.1949 -5.7452 -5.3433 -8.345 -9.6151
3 16 -5.3433 -8.345 -9.6151 -5.7452 -8.1949 -5.7452 -4.0625 -8.4301 -7.0365
3 16 -7.8481 -8.1949 -2.1029 -7.0364 -8.1949 -4.0625 -10.8909 -8.5784 -3.7529
3 16 -10.8909 -8.5784 -3.7529 -7.0364 -8.1949 -4.0625 -9.4951 -8.3748 -6.2181
3 16 -8.125 -8.1949 0 -7.8481 -8.1949 -2.1029 -11.0421 -8.5873 -1.3701
3 16 -11.0421 -8.5873 -1.3701 -7.8481 -8.1949 -2.1029 -10.8909 -8.5784 -3.7529
3 16 -7.8481 -8.1949 2.1029 -8.125 -8.1949 0 -11.3634 -8.648 0.779
3 16 -11.3634 -8.648 0.779 -8.125 -8.1949 0 -11.0421 -8.5873 -1.3701
3 16 -7.0364 -8.1949 4.0625 -7.8481 -8.1949 2.1029 -10.5098 -8.5272 3.274
3 16 -10.5098 -8.5272 3.274 -7.8481 -8.1949 2.1029 -11.3634 -8.648 0.779
3 16 -5.7452 -8.1949 5.7452 -7.0364 -8.1949 4.0625 -10.0127 -8.4569 6.0809
3 16 -10.0127 -8.4569 6.0809 -7.0364 -8.1949 4.0625 -10.5098 -8.5272 3.274
3 16 -1.8447 -12.2961 7.6353 -5.5041 -12.1716 5.2109 -1.5605 -12.3319 6.9938
3 16 -1.5605 -12.3319 6.9938 -5.5041 -12.1716 5.2109 -1.8466 -12.4011 4.6739
3 16 -0.5854 -12.4183 -5.6841 -0.6859 -12.6777 -3.7313 -1.1102 -12.3727 -5.6412
3 16 -1.1102 -12.3727 -5.6412 -0.6859 -12.6777 -3.7313 -1.2811 -12.3894 -3.769
3 16 -1.1102 -12.3727 -5.6412 -0.9473 -12.0567 -7.566 -0.5854 -12.4183 -5.6841
3 16 -0.5854 -12.4183 -5.6841 -0.9473 -12.0567 -7.566 -0.4947 -12.1451 -7.6517
3 16 -0.653 -11.5933 -9.0992 -0.4947 -12.1451 -7.6517 -1.2682 -11.5956 -8.7664
3 16 -1.2682 -11.5956 -8.7664 -0.4947 -12.1451 -7.6517 -0.9473 -12.0567 -7.566
3 16 -0.7625 -10.5953 -9.4268 -0.653 -11.5933 -9.0992 -1.3208 -10.6435 -9.1011
3 16 -1.3208 -10.6435 -9.1011 -0.653 -11.5933 -9.0992 -1.2682 -11.5956 -8.7664
3 16 -0.7036 -9.5574 -9.0787 -0.7625 -10.5953 -9.4268 -1.1452 -9.5694 -8.8372
3 16 -1.1452 -9.5694 -8.8372 -0.7625 -10.5953 -9.4268 -1.3208 -10.6435 -9.1011
3 16 -0.7036 -9.5574 -9.0787 -1.1452 -9.5694 -8.8372 -0.629 -9.1362 -8.2799
3 16 -0.629 -9.1362 -8.2799 -1.1452 -9.5694 -8.8372 -1.1732 -9.0471 -8.027
3 16 -3.9459 -8.4034 -11.6971 -5.3433 -8.345 -9.6151 -1.4283 -8.8243 -8.006
3 16 -1.4283 -8.8243 -8.006 -5.3433 -8.345 -9.6151 -4.0625 -8.4301 -7.0365
3 16 -1.4283 -8.8243 -8.006 -1.1732 -9.0471 -8.027 -1.1452 -9.5694 -8.8372
3 16 -8.223 -8.2773 -8.7473 -9.4951 -8.3748 -6.2181 -5.7452 -8.1949 -5.7452
3 16 -5.7452 -8.1949 -5.7452 -9.4951 -8.3748 -6.2181 -7.0364 -8.1949 -4.0625
3 16 -0.6859 -12.6777 -3.7313 -0.8718 -12.9 -1.7031 -1.2811 -12.3894 -3.769
3 16 -1.2811 -12.3894 -3.769 -0.8718 -12.9 -1.7031 -1.6754 -12.381 -1.6092
3 16 -0.8718 -12.9 -1.7031 -0.6859 -12.6777 -3.7313 0 -13.0949 -1.6995
3 16 0 -13.0949 -1.6995 -0.6859 -12.6777 -3.7313 0 -12.8667 -3.7579
3 16 -1.4283 -8.8243 -8.006 0 -8.5565 -8.125 -1.1732 -9.0471 -8.027
3 16 -1.1732 -9.0471 -8.027 0 -8.5565 -8.125 0 -8.8785 -8.1194
3 16 -4.0625 -8.1949 7.0365 -5.7452 -8.1949 5.7452 -6.9535 -8.2506 8.7077
3 16 -6.9535 -8.2506 8.7077 -5.7452 -8.1949 5.7452 -10.0127 -8.4569 6.0809
3 16 -4.0625 0 7.0365 -4.0625 -7.3754 7.0365 -2.1029 0 7.8481
3 16 -2.1029 0 7.8481 -4.0625 -7.3754 7.0365 -1.9282 -7.9165 7.8779
3 16 -1.4537 -11.9808 8.0387 -1.8447 -12.2961 7.6353 -1.3862 -12.2257 7.5395
3 16 -1.3862 -12.2257 7.5395 -1.8447 -12.2961 7.6353 -1.5605 -12.3319 6.9938
3 16 -1.8447 -12.2961 7.6353 -1.4537 -11.9808 8.0387 -2.0525 -11.3616 8.5153
3 16 -2.0525 -11.3616 8.5153 -1.4537 -11.9808 8.0387 -1.6903 -11.3436 8.5552
3 16 -2.0525 -11.3616 8.5153 -1.6903 -11.3436 8.5552 -2.0011 -10.1145 8.5827
3 16 -2.0011 -10.1145 8.5827 -1.6903 -11.3436 8.5552 -1.6575 -10.1438 8.6778
3 16 -3.0585 0 5.506 -5.506 0 3.0585 -5.7452 0 5.7452
3 16 -5.7452 0 5.7452 -5.506 0 3.0585 -7.0364 0 4.0625
3 16 -7.0364 0 4.0625 -5.506 0 3.0585 -7.8481 0 2.1029
3 16 -7.8481 0 2.1029 -5.506 0 3.0585 -6.3966 0 0
3 16 -6.3966 0 0 -5.4844 0 -3.0801 -7.8481 0 -2.1029
3 16 -7.8481 0 -2.1029 -5.4844 0 -3.0801 -7.0364 0 -4.0625
3 16 -7.0364 0 -4.0625 -5.4844 0 -3.0801 -5.7452 0 -5.7452
3 16 -5.7452 0 -5.7452 -5.4844 0 -3.0801 -3.0801 0 -5.4844
3 16 -3.0801 0 -5.4844 0 0 -6.3966 -2.1029 0 -7.8481
3 16 -2.1029 0 -7.8481 0 0 -6.3966 0 0 -8.125
3 16 -3.0585 0 5.506 -2.1029 0 7.8481 0 0 6.3966
3 16 0 0 6.3966 -2.1029 0 7.8481 0 0 8.125
3 16 -4.0625 0 -7.0365 -3.0801 0 -5.4844 -2.1029 0 -7.8481
3 16 -8.125 0 0 -6.3966 0 0 -7.8481 0 -2.1029
3 16 -4.0625 0 7.0365 -3.0585 0 5.506 -5.7452 0 5.7452
3 16 0 0 8.125 -2.1029 0 7.8481 0 -7.282 8.125
3 16 0 -7.282 8.125 -2.1029 0 7.8481 -1.9282 -7.9165 7.8779
3 16 -4.0625 0 7.0365 -5.7452 0 5.7452 -4.0625 -7.3754 7.0365
3 16 -4.0625 -7.3754 7.0365 -5.7452 0 5.7452 -5.7452 -7.3754 5.7452
3 16 -7.0364 0 4.0625 -7.8481 0 2.1029 -7.0364 -7.3754 4.0625
3 16 -7.0364 -7.3754 4.0625 -7.8481 0 2.1029 -7.8481 -7.3754 2.1029
3 16 -8.125 0 0 -7.8481 0 -2.1029 -8.125 -7.3754 0
3 16 -8.125 -7.3754 0 -7.8481 0 -2.1029 -7.8481 -7.3754 -2.1029
3 16 -7.0364 0 -4.0625 -5.7452 0 -5.7452 -7.0364 -7.3754 -4.0625
3 16 -7.0364 -7.3754 -4.0625 -5.7452 0 -5.7452 -5.7452 -7.3754 -5.7452
3 16 -4.0625 0 -7.0365 -2.1029 0 -7.8481 -4.0625 -7.5871 -7.0365
3 16 -4.0625 -7.5871 -7.0365 -2.1029 0 -7.8481 -1.4958 -7.9419 -7.9902
3 16 0 -9.7498 6.3966 -3.0585 -9.7498 5.506 0 0 6.3966
3 16 0 0 6.3966 -3.0585 -9.7498 5.506 -3.0585 0 5.506
3 16 -3.0585 -9.7498 5.506 -5.506 -9.7498 3.0585 -3.0585 0 5.506
3 16 -3.0585 0 5.506 -5.506 -9.7498 3.0585 -5.506 0 3.0585
3 16 -5.506 -9.7498 3.0585 -6.3967 -9.7498 0 -5.506 0 3.0585
3 16 -5.506 0 3.0585 -6.3967 -9.7498 0 -6.3966 0 0
3 16 -6.3967 -9.7498 0 -5.4844 -9.7498 -3.0801 -6.3966 0 0
3 16 -6.3966 0 0 -5.4844 -9.7498 -3.0801 -5.4844 0 -3.0801
3 16 -5.4844 0 -3.0801 -5.4844 -9.7498 -3.0801 -3.0801 0 -5.4844
3 16 -3.0801 0 -5.4844 -5.4844 -9.7498 -3.0801 -3.0801 -9.7498 -5.4844
3 16 -3.0801 -9.7498 -5.4844 0 -9.7498 -6.3966 -3.0801 0 -5.4844
3 16 -3.0801 0 -5.4844 0 -9.7498 -6.3966 0 0 -6.3966
3 16 0 -9.7498 6.3966 0 -9.7498 4.1313 -3.0585 -9.7498 5.506
3 16 -3.0585 -9.7498 5.506 0 -9.7498 4.1313 -1.9754 -9.7498 3.5561
3 16 -3.0585 -9.7498 5.506 -1.9754 -9.7498 3.5561 -5.506 -9.7498 3.0585
3 16 -5.506 -9.7498 3.0585 -1.9754 -9.7498 3.5561 -3.5561 -9.7498 1.9754
3 16 -3.5561 -9.7498 1.9754 -4.1313 -9.7498 0 -5.506 -9.7498 3.0585
3 16 -5.506 -9.7498 3.0585 -4.1313 -9.7498 0 -6.3967 -9.7498 0
3 16 -6.3967 -9.7498 0 -4.1313 -9.7498 0 -5.4844 -9.7498 -3.0801
3 16 -5.4844 -9.7498 -3.0801 -4.1313 -9.7498 0 -3.5422 -9.7498 -1.9893
3 16 -5.4844 -9.7498 -3.0801 -3.5422 -9.7498 -1.9893 -3.0801 -9.7498 -5.4844
3 16 -3.0801 -9.7498 -5.4844 -3.5422 -9.7498 -1.9893 -1.9893 -9.7498 -3.5422
3 16 -1.9893 -9.7498 -3.5422 0 -9.7498 -4.1313 -3.0801 -9.7498 -5.4844
3 16 -3.0801 -9.7498 -5.4844 0 -9.7498 -4.1313 0 -9.7498 -6.3966
3 16 -3.0585 0 5.506 -4.0625 0 7.0365 -2.1029 0 7.8481
3 16 -5.7452 0 5.7452 -7.0364 0 4.0625 -5.7452 -7.3754 5.7452
3 16 -5.7452 -7.3754 5.7452 -7.0364 0 4.0625 -7.0364 -7.3754 4.0625
3 16 -6.3966 0 0 -8.125 0 0 -7.8481 0 2.1029
3 16 -7.8481 0 2.1029 -8.125 0 0 -7.8481 -7.3754 2.1029
3 16 -7.8481 -7.3754 2.1029 -8.125 0 0 -8.125 -7.3754 0
3 16 -7.8481 0 -2.1029 -7.0364 0 -4.0625 -7.8481 -7.3754 -2.1029
3 16 -7.8481 -7.3754 -2.1029 -7.0364 0 -4.0625 -7.0364 -7.3754 -4.0625
3 16 -3.0801 0 -5.4844 -4.0625 0 -7.0365 -5.7452 0 -5.7452
3 16 -5.7452 0 -5.7452 -4.0625 0 -7.0365 -5.7452 -7.3754 -5.7452
3 16 -5.7452 -7.3754 -5.7452 -4.0625 0 -7.0365 -4.0625 -7.5871 -7.0365
3 16 0 0 -8.125 0 -7.7009 -8.125 -2.1029 0 -7.8481
3 16 -2.1029 0 -7.8481 0 -7.7009 -8.125 -1.4958 -7.9419 -7.9902
3 16 -1.0186 -8.773 8.0021 -1.1163 -8.838 8.4518 0 -8.5339 8.1377
3 16 0 -8.5339 8.1377 -1.1163 -8.838 8.4518 -0.0001 -8.6048 8.6159
3 16 -1.4204 -9.0004 7.9511 -1.1163 -8.838 8.4518 -1.0186 -8.773 8.0021
3 16 -1.9088 -8.7961 7.8812 -2.0011 -10.1145 8.5827 -1.4204 -9.0004 7.9511
3 16 -1.4204 -9.0004 7.9511 -2.0011 -10.1145 8.5827 -1.6575 -10.1438 8.6778
3 16 -4.3963 -10.2789 10.4049 -2.0011 -10.1145 8.5827 -4.4445 -8.3868 10.3192
3 16 -4.4445 -8.3868 10.3192 -2.0011 -10.1145 8.5827 -1.9088 -8.7961 7.8812
3 16 0 -8.5339 8.1377 0 -8.0911 8.125 -1.0186 -8.773 8.0021
3 16 -1.1732 -9.0471 -8.027 0 -8.8785 -8.1194 -0.629 -9.1362 -8.2799
3 16 -0.629 -9.1362 -8.2799 0 -8.8785 -8.1194 0 -9.0989 -8.3046
3 16 -6.9535 -8.2506 8.7077 -10.0127 -8.4569 6.0809 -9.7595 -8.4192 10.2684
3 16 -9.7595 -8.4192 10.2684 -10.0127 -8.4569 6.0809 -12.2544 -8.8447 8.1934
3 16 -9.7595 -8.4192 10.2684 -12.2544 -8.8447 8.1934 -12.2353 -8.8278 11.4699
3 16 -12.2353 -8.8278 11.4699 -12.2544 -8.8447 8.1934 -14.074 -9.3106 9.9701
3 16 -10.0127 -8.4569 6.0809 -10.5098 -8.5272 3.274 -13.7532 -9.2082 4.2615
3 16 -13.7532 -9.2082 4.2615 -10.5098 -8.5272 3.274 -12.8693 -8.9948 2.053
3 16 -11.3634 -8.648 0.779 -12.8693 -8.9948 2.053 -10.5098 -8.5272 3.274
3 16 -8.223 -8.2773 -8.7473 -5.3433 -8.345 -9.6151 -6.5695 -8.2401 -13.1755
3 16 -6.5695 -8.2401 -13.1755 -5.3433 -8.345 -9.6151 -3.9459 -8.4034 -11.6971
3 16 -0.75 -10.5 -1.8307 0 -10.5 -1.9677 -0.75 -5.325 -1.8307
3 16 -0.75 -5.325 -1.8307 0 -10.5 -1.9677 0 -5.325 -1.9677
3 16 -1.8307 -10.5 -0.75 -0.75 -10.5 -1.8307 -1.8307 -5.325 -0.75
3 16 -1.8307 -5.325 -0.75 -0.75 -10.5 -1.8307 -0.75 -5.325 -1.8307
3 16 -1.9677 -10.5 0 -1.8307 -10.5 -0.75 -1.9677 -5.325 0
3 16 -1.9677 -5.325 0 -1.8307 -10.5 -0.75 -1.8307 -5.325 -0.75
3 16 -1.8467 -10.5 0.734 -1.9677 -10.5 0 -1.8467 -5.325 0.734
3 16 -1.8467 -5.325 0.734 -1.9677 -10.5 0 -1.9677 -5.325 0
3 16 -0.734 -10.5 1.8467 -1.8467 -10.5 0.734 -0.734 -5.325 1.8467
3 16 -0.734 -5.325 1.8467 -1.8467 -10.5 0.734 -1.8467 -5.325 0.734
3 16 0 -10.5 1.9677 -0.734 -10.5 1.8467 0 -5.325 1.9677
3 16 0 -5.325 1.9677 -0.734 -10.5 1.8467 -0.734 -5.325 1.8467
3 16 0 -5.325 -1.9677 0 -5.325 -4.1313 -0.75 -5.325 -1.8307
3 16 -0.75 -5.325 -1.8307 0 -5.325 -4.1313 -1.9893 -5.325 -3.5422
3 16 -1.8307 -5.325 -0.75 -0.75 -5.325 -1.8307 -3.5422 -5.325 -1.9893
3 16 -3.5422 -5.325 -1.9893 -0.75 -5.325 -1.8307 -1.9893 -5.325 -3.5422
3 16 -1.9677 -5.325 0 -1.8307 -5.325 -0.75 -4.1313 -5.325 0
3 16 -4.1313 -5.325 0 -1.8307 -5.325 -0.75 -3.5422 -5.325 -1.9893
3 16 -1.9677 -5.325 0 -4.1313 -5.325 0 -1.8467 -5.325 0.734
3 16 -1.8467 -5.325 0.734 -4.1313 -5.325 0 -3.5561 -5.325 1.9754
3 16 -0.734 -5.325 1.8467 -1.8467 -5.325 0.734 -1.9754 -5.325 3.5561
3 16 -1.9754 -5.325 3.5561 -1.8467 -5.325 0.734 -3.5561 -5.325 1.9754
3 16 0 -5.325 1.9677 -0.734 -5.325 1.8467 0 -5.325 4.1313
3 16 0 -5.325 4.1313 -0.734 -5.325 1.8467 -1.9754 -5.325 3.5561
3 16 -1.9893 -5.325 -3.5422 0 -5.325 -4.1313 -1.9893 -9.7498 -3.5422
3 16 -1.9893 -9.7498 -3.5422 0 -5.325 -4.1313 0 -9.7498 -4.1313
3 16 -3.5422 -5.325 -1.9893 -1.9893 -5.325 -3.5422 -3.5422 -9.7498 -1.9893
3 16 -3.5422 -9.7498 -1.9893 -1.9893 -5.325 -3.5422 -1.9893 -9.7498 -3.5422
3 16 -4.1313 -5.325 0 -3.5422 -5.325 -1.9893 -4.1313 -9.7498 0
3 16 -4.1313 -9.7498 0 -3.5422 -5.325 -1.9893 -3.5422 -9.7498 -1.9893
3 16 -3.5561 -5.325 1.9754 -4.1313 -5.325 0 -3.5561 -9.7498 1.9754
3 16 -3.5561 -9.7498 1.9754 -4.1313 -5.325 0 -4.1313 -9.7498 0
3 16 -1.9754 -5.325 3.5561 -3.5561 -5.325 1.9754 -1.9754 -9.7498 3.5561
3 16 -1.9754 -9.7498 3.5561 -3.5561 -5.325 1.9754 -3.5561 -9.7498 1.9754
3 16 0 -5.325 4.1313 -1.9754 -5.325 3.5561 0 -9.7498 4.1313
3 16 0 -9.7498 4.1313 -1.9754 -5.325 3.5561 -1.9754 -9.7498 3.5561
3 16 0 -10.5 1.9677 0 -10.5 0.0004 -0.734 -10.5 1.8467
3 16 -0.734 -10.5 1.8467 0 -10.5 0.0004 -1.8467 -10.5 0.734
3 16 -1.8467 -10.5 0.734 0 -10.5 0.0004 -1.9677 -10.5 0
3 16 -1.9677 -10.5 0 0 -10.5 0.0004 -1.8307 -10.5 -0.75
3 16 -1.8307 -10.5 -0.75 0 -10.5 0.0004 -0.75 -10.5 -1.8307
3 16 -0.75 -10.5 -1.8307 0 -10.5 0.0004 0 -10.5 -1.9677
3 16 13.1663 -8.9925 -1.25 13.229 -9.0111 -1.7801 11.0421 -8.5873 -1.3701
3 16 11.0421 -8.5873 -1.3701 13.229 -9.0111 -1.7801 10.8909 -8.5784 -3.7529
3 16 13.1663 -8.9925 -1.25 11.0421 -8.5873 -1.3701 13.6078 -9.1097 -0.8349
3 16 13.6078 -9.1097 -0.8349 11.0421 -8.5873 -1.3701 11.3634 -8.648 0.779
3 16 14.9919 -9.4793 -3.8155 12.6323 -8.9202 -5.7198 13.229 -9.0111 -1.7801
3 16 13.229 -9.0111 -1.7801 12.6323 -8.9202 -5.7198 10.8909 -8.5784 -3.7529
3 16 16.2717 -10.077 -6.953 13.7371 -9.2025 -7.1445 14.9919 -9.4793 -3.8155
3 16 14.9919 -9.4793 -3.8155 13.7371 -9.2025 -7.1445 12.6323 -8.9202 -5.7198
3 16 16.0644 -10.0127 -10.069 13.1065 -9.0344 -8.7317 16.2717 -10.077 -6.953
3 16 16.2717 -10.077 -6.953 13.1065 -9.0344 -8.7317 13.7371 -9.2025 -7.1445
3 16 16.0644 -10.0127 -10.069 13.7802 -9.2005 -12.7852 13.1065 -9.0344 -8.7317
3 16 13.1065 -9.0344 -8.7317 13.7802 -9.2005 -12.7852 12.0675 -8.7925 -9.9194
3 16 13.7802 -9.2005 -12.7852 10.2218 -8.4424 -13.83 12.0675 -8.7925 -9.9194
3 16 12.0675 -8.7925 -9.9194 10.2218 -8.4424 -13.83 10.4673 -8.5095 -9.9067
3 16 10.2218 -8.4424 -13.83 6.5695 -8.2401 -13.1755 10.4673 -8.5095 -9.9067
3 16 10.4673 -8.5095 -9.9067 6.5695 -8.2401 -13.1755 8.223 -8.2773 -8.7473
3 16 3.9459 -8.4034 -11.6971 5.3433 -8.345 -9.6151 6.5695 -8.2401 -13.1755
3 16 6.5695 -8.2401 -13.1755 5.3433 -8.345 -9.6151 8.223 -8.2773 -8.7473
3 16 15.8088 -9.8459 0.1929 13.6078 -9.1097 -0.8349 12.8693 -8.9948 2.053
3 16 12.8693 -8.9948 2.053 13.6078 -9.1097 -0.8349 11.3634 -8.648 0.779
3 16 17.3189 -10.4091 2.3095 15.8088 -9.8459 0.1929 13.7532 -9.2082 4.2615
3 16 13.7532 -9.2082 4.2615 15.8088 -9.8459 0.1929 12.8693 -8.9948 2.053
3 16 17.3189 -10.4091 2.3095 13.7532 -9.2082 4.2615 18.0874 -10.7802 4.8737
3 16 18.0874 -10.7802 4.8737 13.7532 -9.2082 4.2615 14.9727 -9.618 6.5653
3 16 18.0874 -10.7802 4.8737 14.9727 -9.618 6.5653 18.7191 -11.1583 7.5242
3 16 18.7191 -11.1583 7.5242 14.9727 -9.618 6.5653 16.1653 -10.0402 8.6218
3 16 19.2629 -11.5125 10.5643 18.7191 -11.1583 7.5242 17.0844 -10.4431 10.4505
3 16 17.0844 -10.4431 10.4505 18.7191 -11.1583 7.5242 16.1653 -10.0402 8.6218
3 16 19.2327 -11.477 12.6404 19.2629 -11.5125 10.5643 17.3645 -10.5465 11.8395
3 16 17.3645 -10.5465 11.8395 19.2629 -11.5125 10.5643 17.0844 -10.4431 10.4505
3 16 19.2327 -11.477 12.6404 17.3645 -10.5465 11.8395 18.6699 -11.1718 13.9581
3 16 18.6699 -11.1718 13.9581 17.3645 -10.5465 11.8395 16.7286 -10.2754 12.5674
3 16 18.6699 -11.1718 13.9581 16.7286 -10.2754 12.5674 17.2811 -10.4634 14.7686
3 16 17.2811 -10.4634 14.7686 16.7286 -10.2754 12.5674 15.9162 -9.9436 13.0707
3 16 17.2811 -10.4634 14.7686 15.9162 -9.9436 13.0707 14.0252 -9.3217 14.6473
3 16 14.0252 -9.3217 14.6473 15.9162 -9.9436 13.0707 14.4379 -9.4294 12.4836
3 16 10.5038 -8.5452 13.5935 14.0252 -9.3217 14.6473 12.2353 -8.8278 11.4699
3 16 12.2353 -8.8278 11.4699 14.0252 -9.3217 14.6473 14.4379 -9.4294 12.4836
3 16 7.5272 -8.2636 12.2301 10.5038 -8.5452 13.5935 9.7595 -8.4192 10.2684
3 16 9.7595 -8.4192 10.2684 10.5038 -8.5452 13.5935 12.2353 -8.8278 11.4699
3 16 4.4445 -8.3868 10.3192 7.5272 -8.2636 12.2301 6.9535 -8.2506 8.7077
3 16 6.9535 -8.2506 8.7077 7.5272 -8.2636 12.2301 9.7595 -8.4192 10.2684
3 16 4.0625 -8.4301 -7.0365 5.3433 -8.345 -9.6151 1.4283 -8.8243 -8.006
3 16 1.4283 -8.8243 -8.006 5.3433 -8.345 -9.6151 3.9459 -8.4034 -11.6971
3 16 17.0844 -10.4431 10.4505 16.1653 -10.0402 8.6218 15.5839 -9.818 11.3615
3 16 15.5839 -9.818 11.3615 16.1653 -10.0402 8.6218 14.074 -9.3106 9.9701
3 16 16.1653 -10.0402 8.6218 14.9727 -9.618 6.5653 14.074 -9.3106 9.9701
3 16 14.074 -9.3106 9.9701 14.9727 -9.618 6.5653 12.2544 -8.8447 8.1934
3 16 5.7452 -8.1949 5.7452 10.0127 -8.4569 6.0809 7.0364 -8.1949 4.0625
3 16 7.0364 -8.1949 4.0625 10.0127 -8.4569 6.0809 10.5098 -8.5272 3.274
3 16 14.9727 -9.618 6.5653 13.7532 -9.2082 4.2615 12.2544 -8.8447 8.1934
3 16 12.2544 -8.8447 8.1934 13.7532 -9.2082 4.2615 10.0127 -8.4569 6.0809
3 16 12.2353 -8.8278 11.4699 14.4379 -9.4294 12.4836 14.074 -9.3106 9.9701
3 16 14.074 -9.3106 9.9701 14.4379 -9.4294 12.4836 15.5839 -9.818 11.3615
3 16 16.7286 -10.2754 12.5674 17.3645 -10.5465 11.8395 15.5839 -9.818 11.3615
3 16 15.5839 -9.818 11.3615 17.3645 -10.5465 11.8395 17.0844 -10.4431 10.4505
3 16 14.4379 -9.4294 12.4836 15.9162 -9.9436 13.0707 15.5839 -9.818 11.3615
3 16 15.5839 -9.818 11.3615 15.9162 -9.9436 13.0707 16.7286 -10.2754 12.5674
3 16 12.6323 -8.9202 -5.7198 13.7371 -9.2025 -7.1445 11.4341 -8.6575 -7.6461
3 16 11.4341 -8.6575 -7.6461 13.7371 -9.2025 -7.1445 13.1065 -9.0344 -8.7317
3 16 10.4673 -8.5095 -9.9067 11.4341 -8.6575 -7.6461 12.0675 -8.7925 -9.9194
3 16 12.0675 -8.7925 -9.9194 11.4341 -8.6575 -7.6461 13.1065 -9.0344 -8.7317
3 16 10.4673 -8.5095 -9.9067 8.223 -8.2773 -8.7473 11.4341 -8.6575 -7.6461
3 16 11.4341 -8.6575 -7.6461 8.223 -8.2773 -8.7473 9.4951 -8.3748 -6.2181
3 16 11.4341 -8.6575 -7.6461 9.4951 -8.3748 -6.2181 12.6323 -8.9202 -5.7198
3 16 12.6323 -8.9202 -5.7198 9.4951 -8.3748 -6.2181 10.8909 -8.5784 -3.7529
3 16 8.223 -8.2773 -8.7473 5.3433 -8.345 -9.6151 5.7452 -8.1949 -5.7452
3 16 5.7452 -8.1949 -5.7452 5.3433 -8.345 -9.6151 4.0625 -8.4301 -7.0365
3 16 0 -12.2719 -7.7169 0 -11.9661 -9.1563 0.4947 -12.1451 -7.6517
3 16 0.4947 -12.1451 -7.6517 0 -11.9661 -9.1563 0.653 -11.5933 -9.0992
3 16 0 -11.9661 -9.1563 0 -10.5574 -9.6996 0.653 -11.5933 -9.0992
3 16 0.653 -11.5933 -9.0992 0 -10.5574 -9.6996 0.7625 -10.5953 -9.4268
3 16 0 -10.5574 -9.6996 0 -9.5044 -9.3387 0.7625 -10.5953 -9.4268
3 16 0.7625 -10.5953 -9.4268 0 -9.5044 -9.3387 0.7036 -9.5574 -9.0787
3 16 0 -9.5044 -9.3387 0 -9.0989 -8.3046 0.7036 -9.5574 -9.0787
3 16 0.7036 -9.5574 -9.0787 0 -9.0989 -8.3046 0.629 -9.1362 -8.2799
3 16 0.5854 -12.4183 -5.6841 0 -12.5653 -5.7353 0.4947 -12.1451 -7.6517
3 16 0.4947 -12.1451 -7.6517 0 -12.5653 -5.7353 0 -12.2719 -7.7169
3 16 0 -12.5653 -5.7353 0.5854 -12.4183 -5.6841 0 -12.8667 -3.7579
3 16 0 -12.8667 -3.7579 0.5854 -12.4183 -5.6841 0.6859 -12.6777 -3.7313
3 16 1.9513 -12.3499 0.4258 1.0029 -13.015 0.2972 1.6754 -12.381 -1.6092
3 16 1.6754 -12.381 -1.6092 1.0029 -13.015 0.2972 0.8718 -12.9 -1.7031
3 16 2.0072 -12.363 2.5919 1.0857 -13.0522 2.5612 1.9513 -12.3499 0.4258
3 16 1.9513 -12.3499 0.4258 1.0857 -13.0522 2.5612 1.0029 -13.015 0.2972
3 16 0.9408 -13.0271 4.6716 1.0857 -13.0522 2.5612 1.8466 -12.4011 4.6739
3 16 1.8466 -12.4011 4.6739 1.0857 -13.0522 2.5612 2.0072 -12.363 2.5919
3 16 0.9408 -13.0271 4.6716 1.8466 -12.4011 4.6739 0.9012 -12.7734 6.614
3 16 0.9012 -12.7734 6.614 1.8466 -12.4011 4.6739 1.5605 -12.3319 6.9938
3 16 0 -13.2357 4.7331 0.9408 -13.0271 4.6716 0 -13.01 6.5089
3 16 0 -13.01 6.5089 0.9408 -13.0271 4.6716 0.9012 -12.7734 6.614
3 16 1.0857 -13.0522 2.5612 0.9408 -13.0271 4.6716 0 -13.3205 2.5565
3 16 0 -13.3205 2.5565 0.9408 -13.0271 4.6716 0 -13.2357 4.7331
3 16 0 -13.2537 0.2949 1.0029 -13.015 0.2972 0 -13.3205 2.5565
3 16 0 -13.3205 2.5565 1.0029 -13.015 0.2972 1.0857 -13.0522 2.5612
3 16 1.0029 -13.015 0.2972 0 -13.2537 0.2949 0.8718 -12.9 -1.7031
3 16 0.8718 -12.9 -1.7031 0 -13.2537 0.2949 0 -13.0949 -1.6995
3 16 0.9473 -12.0567 -7.566 1.2682 -11.5956 -8.7664 1.3168 -12.3623 -7.6282
3 16 1.3168 -12.3623 -7.6282 1.2682 -11.5956 -8.7664 1.5837 -12.3314 -8.7635
3 16 1.1102 -12.3727 -5.6412 0.9473 -12.0567 -7.566 1.3168 -12.3623 -7.6282
3 16 1.6754 -12.381 -1.6092 1.2811 -12.3894 -3.769 4.2217 -12.1951 -2.347
3 16 4.2217 -12.1951 -2.347 1.2811 -12.3894 -3.769 3.6403 -12.2213 -4.5248
3 16 4.2217 -12.1951 -2.347 4.6575 -12.1767 -0.0941 1.6754 -12.381 -1.6092
3 16 1.6754 -12.381 -1.6092 4.6575 -12.1767 -0.0941 1.9513 -12.3499 0.4258
3 16 2.0072 -12.363 2.5919 1.9513 -12.3499 0.4258 5.0902 -12.1631 2.243
3 16 5.0902 -12.1631 2.243 1.9513 -12.3499 0.4258 4.6575 -12.1767 -0.0941
3 16 6.5695 -12.2139 -13.1755 7.7808 -12.2222 -9.0359 3.9459 -12.2563 -11.6971
3 16 3.9459 -12.2563 -11.6971 7.7808 -12.2222 -9.0359 5.091 -12.1632 -8.048
3 16 4.2217 -12.1951 -2.347 3.6403 -12.2213 -4.5248 6.9456 -12.2008 -3.0997
3 16 6.9456 -12.2008 -3.0997 3.6403 -12.2213 -4.5248 6.0539 -12.183 -5.5354
3 16 13.1663 -13.051 -1.25 10.0309 -12.4476 -1.1872 13.229 -13.0695 -1.7801
3 16 13.229 -13.0695 -1.7801 10.0309 -12.4476 -1.1872 10.0567 -12.4461 -3.7882
3 16 4.6575 -12.1767 -0.0941 4.2217 -12.1951 -2.347 7.4251 -12.2112 -0.7166
3 16 7.4251 -12.2112 -0.7166 4.2217 -12.1951 -2.347 6.9456 -12.2008 -3.0997
3 16 13.6078 -13.1681 -0.8349 10.7228 -12.5606 0.7431 13.1663 -13.051 -1.25
3 16 13.1663 -13.051 -1.25 10.7228 -12.5606 0.7431 10.0309 -12.4476 -1.1872
3 16 4.6575 -12.1767 -0.0941 7.4251 -12.2112 -0.7166 5.0902 -12.1631 2.243
3 16 5.0902 -12.1631 2.243 7.4251 -12.2112 -0.7166 8.0968 -12.2541 1.5237
3 16 16.7588 -14.3935 10.6448 15.512 -13.8507 11.3055 15.8352 -13.9797 8.7368
3 16 15.8352 -13.9797 8.7368 15.512 -13.8507 11.3055 14.1025 -13.3509 9.8138
3 16 10.5038 -12.6037 13.5935 12.4835 -12.8945 11.1473 14.0252 -13.3802 14.6473
3 16 14.0252 -13.3802 14.6473 12.4835 -12.8945 11.1473 14.5638 -13.4959 12.3363
3 16 15.8352 -13.9797 8.7368 14.1025 -13.3509 9.8138 14.764 -13.5635 6.6285
3 16 14.764 -13.5635 6.6285 14.1025 -13.3509 9.8138 12.5307 -12.9056 8.004
3 16 7.5272 -12.322 12.2301 10.3471 -12.4881 9.5813 10.5038 -12.6037 13.5935
3 16 10.5038 -12.6037 13.5935 10.3471 -12.4881 9.5813 12.4835 -12.8945 11.1473
3 16 13.5188 -13.1939 4.4327 10.8334 -12.582 5.9868 12.0549 -12.8179 2.4831
3 16 12.0549 -12.8179 2.4831 10.8334 -12.582 5.9868 9.1305 -12.3587 3.8022
3 16 14.764 -13.5635 6.6285 12.5307 -12.9056 8.004 13.5188 -13.1939 4.4327
3 16 13.5188 -13.1939 4.4327 12.5307 -12.9056 8.004 10.8334 -12.582 5.9868
3 16 4.4445 -12.1823 10.3192 8.0795 -12.2524 7.68 7.5272 -12.322 12.2301
3 16 7.5272 -12.322 12.2301 8.0795 -12.2524 7.68 10.3471 -12.4881 9.5813
3 16 8.0795 -12.2524 7.68 4.4445 -12.1823 10.3192 5.5041 -12.1716 5.2109
3 16 5.5041 -12.1716 5.2109 4.4445 -12.1823 10.3192 1.8447 -12.2961 7.6353
3 16 15.512 -13.8507 11.3055 14.5638 -13.4959 12.3363 14.1025 -13.3509 9.8138
3 16 14.1025 -13.3509 9.8138 14.5638 -13.4959 12.3363 12.4835 -12.8945 11.1473
3 16 10.3471 -12.4881 9.5813 12.5307 -12.9056 8.004 12.4835 -12.8945 11.1473
3 16 12.4835 -12.8945 11.1473 12.5307 -12.9056 8.004 14.1025 -13.3509 9.8138
3 16 8.0795 -12.2524 7.68 10.8334 -12.582 5.9868 10.3471 -12.4881 9.5813
3 16 10.3471 -12.4881 9.5813 10.8334 -12.582 5.9868 12.5307 -12.9056 8.004
3 16 5.5041 -12.1716 5.2109 9.1305 -12.3587 3.8022 8.0795 -12.2524 7.68
3 16 8.0795 -12.2524 7.68 9.1305 -12.3587 3.8022 10.8334 -12.582 5.9868
3 16 5.5041 -12.1716 5.2109 5.0902 -12.1631 2.243 9.1305 -12.3587 3.8022
3 16 9.1305 -12.3587 3.8022 5.0902 -12.1631 2.243 8.0968 -12.2541 1.5237
3 16 19.2629 -15.5709 10.5643 16.7588 -14.3935 10.6448 18.7191 -15.2167 7.5242
3 16 18.7191 -15.2167 7.5242 16.7588 -14.3935 10.6448 15.8352 -13.9797 8.7368
3 16 15.8352 -13.9797 8.7368 14.764 -13.5635 6.6285 18.7191 -15.2167 7.5242
3 16 18.7191 -15.2167 7.5242 14.764 -13.5635 6.6285 18.0874 -14.8387 4.8737
3 16 14.764 -13.5635 6.6285 13.5188 -13.1939 4.4327 18.0874 -14.8387 4.8737
3 16 18.0874 -14.8387 4.8737 13.5188 -13.1939 4.4327 17.3189 -14.4676 2.3095
3 16 17.3189 -14.4676 2.3095 13.5188 -13.1939 4.4327 15.8088 -13.9044 0.1929
3 16 15.8088 -13.9044 0.1929 13.5188 -13.1939 4.4327 12.0549 -12.8179 2.4831
3 16 19.2327 -15.5354 12.6404 17.2658 -14.6473 11.8167 19.2629 -15.5709 10.5643
3 16 19.2629 -15.5709 10.5643 17.2658 -14.6473 11.8167 16.7588 -14.3935 10.6448
3 16 15.512 -13.8507 11.3055 16.7588 -14.3935 10.6448 16.5351 -14.2915 12.3257
3 16 16.5351 -14.2915 12.3257 16.7588 -14.3935 10.6448 17.2658 -14.6473 11.8167
3 16 14.5638 -13.4959 12.3363 15.512 -13.8507 11.3055 15.9178 -14.012 12.9907
3 16 15.9178 -14.012 12.9907 15.512 -13.8507 11.3055 16.5351 -14.2915 12.3257
3 16 14.5638 -13.4959 12.3363 15.9178 -14.012 12.9907 14.0252 -13.3802 14.6473
3 16 14.0252 -13.3802 14.6473 15.9178 -14.012 12.9907 17.2811 -14.5218 14.7686
3 16 15.9178 -14.012 12.9907 16.5351 -14.2915 12.3257 17.2811 -14.5218 14.7686
3 16 17.2811 -14.5218 14.7686 16.5351 -14.2915 12.3257 18.6699 -15.2303 13.9581
3 16 16.5351 -14.2915 12.3257 17.2658 -14.6473 11.8167 18.6699 -15.2303 13.9581
3 16 18.6699 -15.2303 13.9581 17.2658 -14.6473 11.8167 19.2327 -15.5354 12.6404
3 16 2.0072 -12.363 2.5919 5.0902 -12.1631 2.243 1.8466 -12.4011 4.6739
3 16 1.8466 -12.4011 4.6739 5.0902 -12.1631 2.243 5.5041 -12.1716 5.2109
3 16 1.8447 -12.2961 7.6353 1.5605 -12.3319 6.9938 5.5041 -12.1716 5.2109
3 16 1.5605 -12.3319 6.9938 1.8466 -12.4011 4.6739 5.5041 -12.1716 5.2109
3 16 7.4251 -12.2112 -0.7166 6.9456 -12.2008 -3.0997 10.0309 -12.4476 -1.1872
3 16 10.0309 -12.4476 -1.1872 6.9456 -12.2008 -3.0997 10.0567 -12.4461 -3.7882
3 16 7.4251 -12.2112 -0.7166 10.0309 -12.4476 -1.1872 8.0968 -12.2541 1.5237
3 16 8.0968 -12.2541 1.5237 10.0309 -12.4476 -1.1872 10.7228 -12.5606 0.7431
3 16 12.0549 -12.8179 2.4831 9.1305 -12.3587 3.8022 10.7228 -12.5606 0.7431
3 16 10.7228 -12.5606 0.7431 9.1305 -12.3587 3.8022 8.0968 -12.2541 1.5237
3 16 15.8088 -13.9044 0.1929 12.0549 -12.8179 2.4831 13.6078 -13.1681 -0.8349
3 16 13.6078 -13.1681 -0.8349 12.0549 -12.8179 2.4831 10.7228 -12.5606 0.7431
3 16 16.0644 -14.0711 -10.069 13.1062 -13.0536 -8.7947 13.7802 -13.259 -12.7852
3 16 13.7802 -13.259 -12.7852 13.1062 -13.0536 -8.7947 12.1196 -12.8139 -9.9206
3 16 16.2717 -14.1354 -6.953 13.7615 -13.2618 -7.146 16.0644 -14.0711 -10.069
3 16 16.0644 -14.0711 -10.069 13.7615 -13.2618 -7.146 13.1062 -13.0536 -8.7947
3 16 12.3157 -12.859 -5.774 13.7615 -13.2618 -7.146 14.9919 -13.5377 -3.8155
3 16 14.9919 -13.5377 -3.8155 13.7615 -13.2618 -7.146 16.2717 -14.1354 -6.953
3 16 12.3157 -12.859 -5.774 11.1798 -12.6465 -7.6997 13.7615 -13.2618 -7.146
3 16 13.7615 -13.2618 -7.146 11.1798 -12.6465 -7.6997 13.1062 -13.0536 -8.7947
3 16 13.1062 -13.0536 -8.7947 11.1798 -12.6465 -7.6997 12.1196 -12.8139 -9.9206
3 16 12.1196 -12.8139 -9.9206 11.1798 -12.6465 -7.6997 10.3991 -12.4977 -9.6756
3 16 13.7802 -13.259 -12.7852 12.1196 -12.8139 -9.9206 10.2218 -12.5009 -13.83
3 16 10.2218 -12.5009 -13.83 12.1196 -12.8139 -9.9206 10.3991 -12.4977 -9.6756
3 16 8.774 -12.3226 -6.5151 6.0539 -12.183 -5.5354 7.7808 -12.2222 -9.0359
3 16 7.7808 -12.2222 -9.0359 6.0539 -12.183 -5.5354 5.091 -12.1632 -8.048
3 16 10.2218 -12.5009 -13.83 10.3991 -12.4977 -9.6756 6.5695 -12.2139 -13.1755
3 16 6.5695 -12.2139 -13.1755 10.3991 -12.4977 -9.6756 7.7808 -12.2222 -9.0359
3 16 11.1798 -12.6465 -7.6997 8.774 -12.3226 -6.5151 10.3991 -12.4977 -9.6756
3 16 10.3991 -12.4977 -9.6756 8.774 -12.3226 -6.5151 7.7808 -12.2222 -9.0359
3 16 10.0567 -12.4461 -3.7882 8.774 -12.3226 -6.5151 12.3157 -12.859 -5.774
3 16 12.3157 -12.859 -5.774 8.774 -12.3226 -6.5151 11.1798 -12.6465 -7.6997
3 16 10.0567 -12.4461 -3.7882 12.3157 -12.859 -5.774 13.229 -13.0695 -1.7801
3 16 13.229 -13.0695 -1.7801 12.3157 -12.859 -5.774 14.9919 -13.5377 -3.8155
3 16 6.0539 -12.183 -5.5354 8.774 -12.3226 -6.5151 6.9456 -12.2008 -3.0997
3 16 6.9456 -12.2008 -3.0997 8.774 -12.3226 -6.5151 10.0567 -12.4461 -3.7882
3 16 3.9459 -12.2563 -11.6971 5.091 -12.1632 -8.048 1.5837 -12.3314 -8.7635
3 16 1.5837 -12.3314 -8.7635 5.091 -12.1632 -8.048 2.4347 -12.2839 -7.5246
3 16 1.1102 -12.3727 -5.6412 1.3168 -12.3623 -7.6282 2.4347 -12.2839 -7.5246
3 16 13.229 -13.0695 -1.7801 13.229 -11.2706 -1.7801 13.1663 -13.051 -1.25
3 16 13.1663 -13.051 -1.25 13.229 -11.2706 -1.7801 13.1663 -11.2521 -1.25
3 16 13.1663 -11.2521 -1.25 13.6078 -11.3692 -0.8349 13.1663 -13.051 -1.25
3 16 13.1663 -13.051 -1.25 13.6078 -11.3692 -0.8349 13.6078 -13.1681 -0.8349
3 16 14.9919 -13.5377 -3.8155 14.9919 -11.7388 -3.8155 13.229 -13.0695 -1.7801
3 16 13.229 -13.0695 -1.7801 14.9919 -11.7388 -3.8155 13.229 -11.2706 -1.7801
3 16 16.2717 -14.1354 -6.953 16.2717 -12.1778 -6.953 14.9919 -13.5377 -3.8155
3 16 14.9919 -13.5377 -3.8155 16.2717 -12.1778 -6.953 14.9919 -11.7388 -3.8155
3 16 16.0644 -12.1135 -10.069 16.2717 -12.1778 -6.953 16.0644 -14.0711 -10.069
3 16 16.0644 -14.0711 -10.069 16.2717 -12.1778 -6.953 16.2717 -14.1354 -6.953
3 16 13.7802 -11.3821 -12.7852 16.0644 -12.1135 -10.069 13.7802 -13.259 -12.7852
3 16 13.7802 -13.259 -12.7852 16.0644 -12.1135 -10.069 16.0644 -14.0711 -10.069
3 16 10.2218 -10.702 -13.83 13.7802 -11.3821 -12.7852 10.2218 -12.5009 -13.83
3 16 10.2218 -12.5009 -13.83 13.7802 -11.3821 -12.7852 13.7802 -13.259 -12.7852
3 16 6.5695 -10.415 -13.1755 10.2218 -10.702 -13.83 6.5695 -12.2139 -13.1755
3 16 6.5695 -12.2139 -13.1755 10.2218 -10.702 -13.83 10.2218 -12.5009 -13.83
3 16 3.9459 -12.2563 -11.6971 3.9459 -10.4887 -11.6971 6.5695 -12.2139 -13.1755
3 16 6.5695 -12.2139 -13.1755 3.9459 -10.4887 -11.6971 6.5695 -10.415 -13.1755
3 16 1.5837 -12.3314 -8.7635 1.2682 -11.5956 -8.7664 3.9459 -12.2563 -11.6971
3 16 3.9459 -12.2563 -11.6971 1.2682 -11.5956 -8.7664 3.9459 -10.4887 -11.6971
3 16 1.2682 -11.5956 -8.7664 1.3208 -10.6435 -9.1011 3.9459 -10.4887 -11.6971
3 16 13.6078 -11.3692 -0.8349 15.8088 -12.1055 0.1929 13.6078 -13.1681 -0.8349
3 16 13.6078 -13.1681 -0.8349 15.8088 -12.1055 0.1929 15.8088 -13.9044 0.1929
3 16 15.8088 -12.1055 0.1929 17.3189 -12.6687 2.3095 15.8088 -13.9044 0.1929
3 16 15.8088 -13.9044 0.1929 17.3189 -12.6687 2.3095 17.3189 -14.4676 2.3095
3 16 17.3189 -12.6687 2.3095 18.0874 -13.0398 4.8737 17.3189 -14.4676 2.3095
3 16 17.3189 -14.4676 2.3095 18.0874 -13.0398 4.8737 18.0874 -14.8387 4.8737
3 16 18.0874 -13.0398 4.8737 18.7191 -13.4178 7.5242 18.0874 -14.8387 4.8737
3 16 18.0874 -14.8387 4.8737 18.7191 -13.4178 7.5242 18.7191 -15.2167 7.5242
3 16 18.7191 -13.4178 7.5242 19.2629 -13.6992 10.5643 18.7191 -15.2167 7.5242
3 16 18.7191 -15.2167 7.5242 19.2629 -13.6992 10.5643 19.2629 -15.5709 10.5643
3 16 19.2629 -15.5709 10.5643 19.2629 -13.6992 10.5643 19.2327 -15.5354 12.6404
3 16 19.2327 -15.5354 12.6404 19.2629 -13.6992 10.5643 19.2327 -13.6637 12.6404
3 16 19.2327 -15.5354 12.6404 19.2327 -13.6637 12.6404 18.6699 -15.2303 13.9581
3 16 18.6699 -15.2303 13.9581 19.2327 -13.6637 12.6404 18.6681 -13.3585 13.9936
3 16 18.6699 -15.2303 13.9581 18.6681 -13.3585 13.9936 17.2811 -14.5218 14.7686
3 16 17.2811 -14.5218 14.7686 18.6681 -13.3585 13.9936 17.1872 -12.7229 14.8041
3 16 17.2811 -14.5218 14.7686 17.1872 -12.7229 14.8041 14.0252 -13.3802 14.6473
3 16 14.0252 -13.3802 14.6473 17.1872 -12.7229 14.8041 13.9314 -11.5813 14.6828
3 16 14.0252 -13.3802 14.6473 13.9314 -11.5813 14.6828 10.5038 -12.6037 13.5935
3 16 10.5038 -12.6037 13.5935 13.9314 -11.5813 14.6828 10.41 -10.8048 13.6289
3 16 10.5038 -12.6037 13.5935 10.41 -10.8048 13.6289 7.5272 -12.322 12.2301
3 16 7.5272 -12.322 12.2301 10.41 -10.8048 13.6289 7.4334 -10.5231 12.2655
3 16 7.5272 -12.322 12.2301 7.4334 -10.5231 12.2655 4.4445 -12.1823 10.3192
3 16 4.4445 -12.1823 10.3192 7.4334 -10.5231 12.2655 4.3963 -10.2789 10.4049
3 16 7.4334 -10.5231 12.2655 7.5272 -8.2636 12.2301 4.3963 -10.2789 10.4049
3 16 4.3963 -10.2789 10.4049 7.5272 -8.2636 12.2301 4.4445 -8.3868 10.3192
3 16 10.41 -10.8048 13.6289 10.5038 -8.5452 13.5935 7.4334 -10.5231 12.2655
3 16 7.4334 -10.5231 12.2655 10.5038 -8.5452 13.5935 7.5272 -8.2636 12.2301
3 16 13.9314 -11.5813 14.6828 14.0252 -9.3217 14.6473 10.41 -10.8048 13.6289
3 16 10.41 -10.8048 13.6289 14.0252 -9.3217 14.6473 10.5038 -8.5452 13.5935
3 16 17.1872 -12.7229 14.8041 17.2811 -10.4634 14.7686 13.9314 -11.5813 14.6828
3 16 13.9314 -11.5813 14.6828 17.2811 -10.4634 14.7686 14.0252 -9.3217 14.6473
3 16 18.6681 -13.3585 13.9936 18.6699 -11.1718 13.9581 17.1872 -12.7229 14.8041
3 16 17.1872 -12.7229 14.8041 18.6699 -11.1718 13.9581 17.2811 -10.4634 14.7686
3 16 19.2327 -13.6637 12.6404 19.2327 -11.477 12.6404 18.6681 -13.3585 13.9936
3 16 18.6681 -13.3585 13.9936 19.2327 -11.477 12.6404 18.6699 -11.1718 13.9581
3 16 19.2629 -13.6992 10.5643 19.2629 -11.5125 10.5643 19.2327 -13.6637 12.6404
3 16 19.2327 -13.6637 12.6404 19.2629 -11.5125 10.5643 19.2327 -11.477 12.6404
3 16 18.7191 -11.1583 7.5242 19.2629 -11.5125 10.5643 18.7191 -13.4178 7.5242
3 16 18.7191 -13.4178 7.5242 19.2629 -11.5125 10.5643 19.2629 -13.6992 10.5643
3 16 18.0874 -10.7802 4.8737 18.7191 -11.1583 7.5242 18.0874 -13.0398 4.8737
3 16 18.0874 -13.0398 4.8737 18.7191 -11.1583 7.5242 18.7191 -13.4178 7.5242
3 16 17.3189 -10.4091 2.3095 18.0874 -10.7802 4.8737 17.3189 -12.6687 2.3095
3 16 17.3189 -12.6687 2.3095 18.0874 -10.7802 4.8737 18.0874 -13.0398 4.8737
3 16 15.8088 -9.8459 0.1929 17.3189 -10.4091 2.3095 15.8088 -12.1055 0.1929
3 16 15.8088 -12.1055 0.1929 17.3189 -10.4091 2.3095 17.3189 -12.6687 2.3095
3 16 13.6078 -9.1097 -0.8349 15.8088 -9.8459 0.1929 13.6078 -11.3692 -0.8349
3 16 13.6078 -11.3692 -0.8349 15.8088 -9.8459 0.1929 15.8088 -12.1055 0.1929
3 16 13.1663 -8.9925 -1.25 13.6078 -9.1097 -0.8349 13.1663 -11.2521 -1.25
3 16 13.1663 -11.2521 -1.25 13.6078 -9.1097 -0.8349 13.6078 -11.3692 -0.8349
3 16 13.229 -11.2706 -1.7801 13.229 -9.0111 -1.7801 13.1663 -11.2521 -1.25
3 16 13.1663 -11.2521 -1.25 13.229 -9.0111 -1.7801 13.1663 -8.9925 -1.25
3 16 14.9919 -11.7388 -3.8155 14.9919 -9.4793 -3.8155 13.229 -11.2706 -1.7801
3 16 13.229 -11.2706 -1.7801 14.9919 -9.4793 -3.8155 13.229 -9.0111 -1.7801
3 16 16.2717 -12.1778 -6.953 16.2717 -10.077 -6.953 14.9919 -11.7388 -3.8155
3 16 14.9919 -11.7388 -3.8155 16.2717 -10.077 -6.953 14.9919 -9.4793 -3.8155
3 16 16.0644 -10.0127 -10.069 16.2717 -10.077 -6.953 16.0644 -12.1135 -10.069
3 16 16.0644 -12.1135 -10.069 16.2717 -10.077 -6.953 16.2717 -12.1778 -6.953
3 16 13.7802 -9.2005 -12.7852 16.0644 -10.0127 -10.069 13.7802 -11.3821 -12.7852
3 16 13.7802 -11.3821 -12.7852 16.0644 -10.0127 -10.069 16.0644 -12.1135 -10.069
3 16 10.2218 -8.4424 -13.83 13.7802 -9.2005 -12.7852 10.2218 -10.702 -13.83
3 16 10.2218 -10.702 -13.83 13.7802 -9.2005 -12.7852 13.7802 -11.3821 -12.7852
3 16 6.5695 -8.2401 -13.1755 10.2218 -8.4424 -13.83 6.5695 -10.415 -13.1755
3 16 6.5695 -10.415 -13.1755 10.2218 -8.4424 -13.83 10.2218 -10.702 -13.83
3 16 3.9459 -10.4887 -11.6971 3.9459 -8.4034 -11.6971 6.5695 -10.415 -13.1755
3 16 6.5695 -10.415 -13.1755 3.9459 -8.4034 -11.6971 6.5695 -8.2401 -13.1755
3 16 3.9459 -10.4887 -11.6971 1.3208 -10.6435 -9.1011 3.9459 -8.4034 -11.6971
3 16 1.4283 -8.8243 -8.006 3.9459 -8.4034 -11.6971 1.1452 -9.5694 -8.8372
3 16 1.1452 -9.5694 -8.8372 3.9459 -8.4034 -11.6971 1.3208 -10.6435 -9.1011
3 16 2.4347 -12.2839 -7.5246 1.3168 -12.3623 -7.6282 1.5837 -12.3314 -8.7635
3 16 1.2811 -12.3894 -3.769 1.1102 -12.3727 -5.6412 3.6403 -12.2213 -4.5248
3 16 3.6403 -12.2213 -4.5248 1.1102 -12.3727 -5.6412 2.4347 -12.2839 -7.5246
3 16 6.0539 -12.183 -5.5354 3.6403 -12.2213 -4.5248 5.091 -12.1632 -8.048
3 16 5.091 -12.1632 -8.048 3.6403 -12.2213 -4.5248 2.4347 -12.2839 -7.5246
3 16 0.9365 -12.2417 8.3341 1.4537 -11.9808 8.0387 1.0601 -11.6909 9.1081
3 16 1.0601 -11.6909 9.1081 1.4537 -11.9808 8.0387 1.6903 -11.3436 8.5552
3 16 -0.0014 -9.503 9.5638 1.0945 -9.5258 9.2479 -0.0001 -8.6048 8.6159
3 16 -0.0001 -8.6048 8.6159 1.0945 -9.5258 9.2479 1.1166 -8.838 8.4517
3 16 1.4204 -9.0004 7.9511 1.1166 -8.838 8.4517 1.6428 -10.1446 8.6852
3 16 1.6428 -10.1446 8.6852 1.1166 -8.838 8.4517 1.0945 -9.5258 9.2479
3 16 1.6428 -10.1446 8.6852 1.0945 -9.5258 9.2479 1.1101 -10.6533 9.4802
3 16 -0.0012 -10.7229 9.8457 1.1101 -10.6533 9.4802 -0.0014 -9.503 9.5638
3 16 -0.0014 -9.503 9.5638 1.1101 -10.6533 9.4802 1.0945 -9.5258 9.2479
3 16 0 -11.8911 9.2824 1.0601 -11.6909 9.1081 -0.0012 -10.7229 9.8457
3 16 -0.0012 -10.7229 9.8457 1.0601 -11.6909 9.1081 1.1101 -10.6533 9.4802
3 16 0 -12.5772 8.38 0.9365 -12.2417 8.3341 0 -11.8911 9.2824
3 16 0 -11.8911 9.2824 0.9365 -12.2417 8.3341 1.0601 -11.6909 9.1081
3 16 0.8775 -12.5637 7.4971 0 -12.7881 7.4937 0.9012 -12.7734 6.614
3 16 0.9012 -12.7734 6.614 0 -12.7881 7.4937 0 -13.01 6.5089
3 16 0 -12.7881 7.4937 0.8775 -12.5637 7.4971 0 -12.5772 8.38
3 16 0 -12.5772 8.38 0.8775 -12.5637 7.4971 0.9365 -12.2417 8.3341
3 16 1.4537 -11.9808 8.0387 0.9365 -12.2417 8.3341 1.3862 -12.2257 7.5395
3 16 1.3862 -12.2257 7.5395 0.9365 -12.2417 8.3341 0.8775 -12.5637 7.4971
3 16 1.3862 -12.2257 7.5395 0.8775 -12.5637 7.4971 1.5605 -12.3319 6.9938
3 16 1.5605 -12.3319 6.9938 0.8775 -12.5637 7.4971 0.9012 -12.7734 6.614
3 16 1.0601 -11.6909 9.1081 1.6903 -11.3436 8.5552 1.1101 -10.6533 9.4802
3 16 1.1101 -10.6533 9.4802 1.6903 -11.3436 8.5552 1.6428 -10.1446 8.6852
3 16 1.5605 -12.3319 6.9938 1.8447 -12.2961 7.6353 1.3862 -12.2257 7.5395
3 16 1.3862 -12.2257 7.5395 1.8447 -12.2961 7.6353 1.4537 -11.9808 8.0387
3 16 8.223 -8.2773 -8.7473 5.7452 -8.1949 -5.7452 9.4951 -8.3748 -6.2181
3 16 9.4951 -8.3748 -6.2181 5.7452 -8.1949 -5.7452 7.0364 -8.1949 -4.0625
3 16 1.4204 -9.0004 7.9511 1.9088 -8.7961 7.8812 1.0186 -8.773 8.0021
3 16 1.0186 -8.773 8.0021 1.9088 -8.7961 7.8812 0 -8.0911 8.125
3 16 1.9088 -8.7961 7.8812 4.4445 -8.3868 10.3192 4.0625 -8.1949 7.0365
3 16 4.0625 -8.1949 7.0365 4.4445 -8.3868 10.3192 6.9535 -8.2506 8.7077
3 16 4.3963 -10.2789 10.4049 4.4445 -8.3868 10.3192 1.9773 -10.145 8.5896
3 16 1.9773 -10.145 8.5896 4.4445 -8.3868 10.3192 1.9088 -8.7961 7.8812
3 16 4.4445 -12.1823 10.3192 4.3963 -10.2789 10.4049 2.0525 -11.3616 8.5153
3 16 2.0525 -11.3616 8.5153 4.3963 -10.2789 10.4049 1.9773 -10.145 8.5896
3 16 4.4445 -12.1823 10.3192 2.0525 -11.3616 8.5153 1.8447 -12.2961 7.6353
3 16 0.5854 -12.4183 -5.6841 1.1102 -12.3727 -5.6412 0.6859 -12.6777 -3.7313
3 16 0.6859 -12.6777 -3.7313 1.1102 -12.3727 -5.6412 1.2811 -12.3894 -3.769
3 16 1.1102 -12.3727 -5.6412 0.5854 -12.4183 -5.6841 0.9473 -12.0567 -7.566
3 16 0.9473 -12.0567 -7.566 0.5854 -12.4183 -5.6841 0.4947 -12.1451 -7.6517
3 16 0.653 -11.5933 -9.0992 1.2682 -11.5956 -8.7664 0.4947 -12.1451 -7.6517
3 16 0.4947 -12.1451 -7.6517 1.2682 -11.5956 -8.7664 0.9473 -12.0567 -7.566
3 16 1.2682 -11.5956 -8.7664 0.653 -11.5933 -9.0992 1.3208 -10.6435 -9.1011
3 16 1.3208 -10.6435 -9.1011 0.653 -11.5933 -9.0992 0.7625 -10.5953 -9.4268
3 16 0.7036 -9.5574 -9.0787 1.1452 -9.5694 -8.8372 0.7625 -10.5953 -9.4268
3 16 0.7625 -10.5953 -9.4268 1.1452 -9.5694 -8.8372 1.3208 -10.6435 -9.1011
3 16 1.1732 -9.0471 -8.027 1.1452 -9.5694 -8.8372 0.629 -9.1362 -8.2799
3 16 0.629 -9.1362 -8.2799 1.1452 -9.5694 -8.8372 0.7036 -9.5574 -9.0787
3 16 1.4283 -8.8243 -8.006 1.1452 -9.5694 -8.8372 1.1732 -9.0471 -8.027
3 16 11.3634 -8.648 0.779 7.8481 -8.1949 2.1029 10.5098 -8.5272 3.274
3 16 10.5098 -8.5272 3.274 7.8481 -8.1949 2.1029 7.0364 -8.1949 4.0625
3 16 11.0421 -8.5873 -1.3701 8.125 -8.1949 0 11.3634 -8.648 0.779
3 16 11.3634 -8.648 0.779 8.125 -8.1949 0 7.8481 -8.1949 2.1029
3 16 10.8909 -8.5784 -3.7529 7.8481 -8.1949 -2.1029 11.0421 -8.5873 -1.3701
3 16 11.0421 -8.5873 -1.3701 7.8481 -8.1949 -2.1029 8.125 -8.1949 0
3 16 9.4951 -8.3748 -6.2181 7.0364 -8.1949 -4.0625 10.8909 -8.5784 -3.7529
3 16 10.8909 -8.5784 -3.7529 7.0364 -8.1949 -4.0625 7.8481 -8.1949 -2.1029
3 16 0.6859 -12.6777 -3.7313 1.2811 -12.3894 -3.769 0.8718 -12.9 -1.7031
3 16 0.8718 -12.9 -1.7031 1.2811 -12.3894 -3.769 1.6754 -12.381 -1.6092
3 16 0.8718 -12.9 -1.7031 0 -13.0949 -1.6995 0.6859 -12.6777 -3.7313
3 16 0.6859 -12.6777 -3.7313 0 -13.0949 -1.6995 0 -12.8667 -3.7579
3 16 1.4283 -8.8243 -8.006 1.1732 -9.0471 -8.027 0 -8.5565 -8.125
3 16 0 -8.5565 -8.125 1.1732 -9.0471 -8.027 0 -8.8785 -8.1194
3 16 1.4958 -7.9419 -7.9902 2.1029 0 -7.8481 4.0625 -7.5871 -7.0365
3 16 4.0625 -7.5871 -7.0365 2.1029 0 -7.8481 4.0625 0 -7.0365
3 16 1.6903 -11.3436 8.5552 1.4537 -11.9808 8.0387 2.0525 -11.3616 8.5153
3 16 2.0525 -11.3616 8.5153 1.4537 -11.9808 8.0387 1.8447 -12.2961 7.6353
3 16 1.6428 -10.1446 8.6852 1.6903 -11.3436 8.5552 1.9773 -10.145 8.5896
3 16 1.9773 -10.145 8.5896 1.6903 -11.3436 8.5552 2.0525 -11.3616 8.5153
3 16 0 0 8.125 2.1029 0 7.8481 0 0 6.3966
3 16 0 0 6.3966 2.1029 0 7.8481 3.0585 0 5.506
3 16 3.0801 0 -5.4844 4.0625 0 -7.0365 2.1029 0 -7.8481
3 16 7.0364 0 -4.0625 5.7452 0 -5.7452 5.4844 0 -3.0801
3 16 5.4844 0 -3.0801 5.7452 0 -5.7452 3.0801 0 -5.4844
3 16 6.3966 0 0 8.125 0 0 7.8481 0 -2.1029
3 16 7.0364 0 4.0625 7.8481 0 2.1029 5.506 0 3.0585
3 16 5.506 0 3.0585 7.8481 0 2.1029 6.3966 0 0
3 16 3.0585 0 5.506 4.0625 0 7.0365 5.7452 0 5.7452
3 16 3.0585 -9.7498 5.506 0 -9.7498 6.3966 3.0585 0 5.506
3 16 3.0585 0 5.506 0 -9.7498 6.3966 0 0 6.3966
3 16 5.506 -9.7498 3.0585 3.0585 -9.7498 5.506 5.506 0 3.0585
3 16 5.506 0 3.0585 3.0585 -9.7498 5.506 3.0585 0 5.506
3 16 6.3967 -9.7498 0 5.506 -9.7498 3.0585 6.3966 0 0
3 16 6.3966 0 0 5.506 -9.7498 3.0585 5.506 0 3.0585
3 16 5.4844 -9.7498 -3.0801 6.3967 -9.7498 0 5.4844 0 -3.0801
3 16 5.4844 0 -3.0801 6.3967 -9.7498 0 6.3966 0 0
3 16 3.0801 -9.7498 -5.4844 5.4844 -9.7498 -3.0801 3.0801 0 -5.4844
3 16 3.0801 0 -5.4844 5.4844 -9.7498 -3.0801 5.4844 0 -3.0801
3 16 0 -9.7498 -6.3966 3.0801 -9.7498 -5.4844 0 0 -6.3966
3 16 0 0 -6.3966 3.0801 -9.7498 -5.4844 3.0801 0 -5.4844
3 16 0 -9.7498 6.3966 3.0585 -9.7498 5.506 0 -9.7498 4.1313
3 16 0 -9.7498 4.1313 3.0585 -9.7498 5.506 1.9754 -9.7498 3.5561
3 16 3.0585 -9.7498 5.506 5.506 -9.7498 3.0585 1.9754 -9.7498 3.5561
3 16 1.9754 -9.7498 3.5561 5.506 -9.7498 3.0585 3.5561 -9.7498 1.9754
3 16 6.3967 -9.7498 0 4.1313 -9.7498 0 5.506 -9.7498 3.0585
3 16 5.506 -9.7498 3.0585 4.1313 -9.7498 0 3.5561 -9.7498 1.9754
3 16 6.3967 -9.7498 0 5.4844 -9.7498 -3.0801 4.1313 -9.7498 0
3 16 4.1313 -9.7498 0 5.4844 -9.7498 -3.0801 3.5422 -9.7498 -1.9893
3 16 5.4844 -9.7498 -3.0801 3.0801 -9.7498 -5.4844 3.5422 -9.7498 -1.9893
3 16 3.5422 -9.7498 -1.9893 3.0801 -9.7498 -5.4844 1.9893 -9.7498 -3.5422
3 16 0 -9.7498 -6.3966 0 -9.7498 -4.1313 3.0801 -9.7498 -5.4844
3 16 3.0801 -9.7498 -5.4844 0 -9.7498 -4.1313 1.9893 -9.7498 -3.5422
3 16 0 -5.325 4.1313 0 -9.7498 4.1313 1.9754 -5.325 3.5561
3 16 1.9754 -5.325 3.5561 0 -9.7498 4.1313 1.9754 -9.7498 3.5561
3 16 1.9754 -9.7498 3.5561 3.5561 -9.7498 1.9754 1.9754 -5.325 3.5561
3 16 1.9754 -5.325 3.5561 3.5561 -9.7498 1.9754 3.5561 -5.325 1.9754
3 16 3.5561 -9.7498 1.9754 4.1313 -9.7498 0 3.5561 -5.325 1.9754
3 16 3.5561 -5.325 1.9754 4.1313 -9.7498 0 4.1313 -5.325 0
3 16 4.1313 -9.7498 0 3.5422 -9.7498 -1.9893 4.1313 -5.325 0
3 16 4.1313 -5.325 0 3.5422 -9.7498 -1.9893 3.5422 -5.325 -1.9893
3 16 3.5422 -9.7498 -1.9893 1.9893 -9.7498 -3.5422 3.5422 -5.325 -1.9893
3 16 3.5422 -5.325 -1.9893 1.9893 -9.7498 -3.5422 1.9893 -5.325 -3.5422
3 16 1.9893 -9.7498 -3.5422 0 -9.7498 -4.1313 1.9893 -5.325 -3.5422
3 16 1.9893 -5.325 -3.5422 0 -9.7498 -4.1313 0 -5.325 -4.1313
3 16 0 -5.325 1.9677 0 -5.325 4.1313 0.734 -5.325 1.8467
3 16 0.734 -5.325 1.8467 0 -5.325 4.1313 1.9754 -5.325 3.5561
3 16 1.9754 -5.325 3.5561 3.5561 -5.325 1.9754 0.734 -5.325 1.8467
3 16 0.734 -5.325 1.8467 3.5561 -5.325 1.9754 1.8467 -5.325 0.734
3 16 3.5561 -5.325 1.9754 4.1313 -5.325 0 1.8467 -5.325 0.734
3 16 1.8467 -5.325 0.734 4.1313 -5.325 0 1.9677 -5.325 0
3 16 3.5422 -5.325 -1.9893 1.8307 -5.325 -0.75 4.1313 -5.325 0
3 16 4.1313 -5.325 0 1.8307 -5.325 -0.75 1.9677 -5.325 0
3 16 3.5422 -5.325 -1.9893 1.9893 -5.325 -3.5422 1.8307 -5.325 -0.75
3 16 1.8307 -5.325 -0.75 1.9893 -5.325 -3.5422 0.75 -5.325 -1.8307
3 16 1.9893 -5.325 -3.5422 0 -5.325 -4.1313 0.75 -5.325 -1.8307
3 16 0.75 -5.325 -1.8307 0 -5.325 -4.1313 0 -5.325 -1.9677
3 16 0 -10.5 1.9677 0 -5.325 1.9677 0.734 -10.5 1.8467
3 16 0.734 -10.5 1.8467 0 -5.325 1.9677 0.734 -5.325 1.8467
3 16 0.734 -5.325 1.8467 1.8467 -5.325 0.734 0.734 -10.5 1.8467
3 16 0.734 -10.5 1.8467 1.8467 -5.325 0.734 1.8467 -10.5 0.734
3 16 1.8467 -5.325 0.734 1.9677 -5.325 0 1.8467 -10.5 0.734
3 16 1.8467 -10.5 0.734 1.9677 -5.325 0 1.9677 -10.5 0
3 16 1.9677 -5.325 0 1.8307 -5.325 -0.75 1.9677 -10.5 0
3 16 1.9677 -10.5 0 1.8307 -5.325 -0.75 1.8307 -10.5 -0.75
3 16 1.8307 -5.325 -0.75 0.75 -5.325 -1.8307 1.8307 -10.5 -0.75
3 16 1.8307 -10.5 -0.75 0.75 -5.325 -1.8307 0.75 -10.5 -1.8307
3 16 0.75 -5.325 -1.8307 0 -5.325 -1.9677 0.75 -10.5 -1.8307
3 16 0.75 -10.5 -1.8307 0 -5.325 -1.9677 0 -10.5 -1.9677
3 16 3.0585 0 5.506 2.1029 0 7.8481 4.0625 0 7.0365
3 16 3.0585 0 5.506 5.7452 0 5.7452 5.506 0 3.0585
3 16 5.506 0 3.0585 5.7452 0 5.7452 7.0364 0 4.0625
3 16 6.3966 0 0 7.8481 0 2.1029 8.125 0 0
3 16 6.3966 0 0 7.8481 0 -2.1029 5.4844 0 -3.0801
3 16 5.4844 0 -3.0801 7.8481 0 -2.1029 7.0364 0 -4.0625
3 16 3.0801 0 -5.4844 5.7452 0 -5.7452 4.0625 0 -7.0365
3 16 3.0801 0 -5.4844 2.1029 0 -7.8481 0 0 -6.3966
3 16 0 0 -6.3966 2.1029 0 -7.8481 0 0 -8.125
3 16 4.0625 0 7.0365 2.1029 0 7.8481 4.0625 -7.3754 7.0365
3 16 4.0625 -7.3754 7.0365 2.1029 0 7.8481 1.9282 -7.9165 7.8779
3 16 0 0 8.125 0 -7.282 8.125 2.1029 0 7.8481
3 16 2.1029 0 7.8481 0 -7.282 8.125 1.9282 -7.9165 7.8779
3 16 4.0625 -7.5871 -7.0365 4.0625 0 -7.0365 5.7452 -7.3754 -5.7452
3 16 5.7452 -7.3754 -5.7452 4.0625 0 -7.0365 5.7452 0 -5.7452
3 16 7.0364 -7.3754 -4.0625 5.7452 -7.3754 -5.7452 7.0364 0 -4.0625
3 16 7.0364 0 -4.0625 5.7452 -7.3754 -5.7452 5.7452 0 -5.7452
3 16 7.8481 -7.3754 -2.1029 7.0364 -7.3754 -4.0625 7.8481 0 -2.1029
3 16 7.8481 0 -2.1029 7.0364 -7.3754 -4.0625 7.0364 0 -4.0625
3 16 8.125 -7.3754 0 7.8481 -7.3754 -2.1029 8.125 0 0
3 16 8.125 0 0 7.8481 -7.3754 -2.1029 7.8481 0 -2.1029
3 16 7.8481 -7.3754 2.1029 8.125 -7.3754 0 7.8481 0 2.1029
3 16 7.8481 0 2.1029 8.125 -7.3754 0 8.125 0 0
3 16 7.0364 -7.3754 4.0625 7.8481 -7.3754 2.1029 7.0364 0 4.0625
3 16 7.0364 0 4.0625 7.8481 -7.3754 2.1029 7.8481 0 2.1029
3 16 5.7452 -7.3754 5.7452 7.0364 -7.3754 4.0625 5.7452 0 5.7452
3 16 5.7452 0 5.7452 7.0364 -7.3754 4.0625 7.0364 0 4.0625
3 16 4.0625 0 7.0365 4.0625 -7.3754 7.0365 5.7452 0 5.7452
3 16 5.7452 0 5.7452 4.0625 -7.3754 7.0365 5.7452 -7.3754 5.7452
3 16 1.0186 -8.773 8.0021 0 -8.5339 8.1377 1.1166 -8.838 8.4517
3 16 1.1166 -8.838 8.4517 0 -8.5339 8.1377 -0.0001 -8.6048 8.6159
3 16 1.4204 -9.0004 7.9511 1.0186 -8.773 8.0021 1.1166 -8.838 8.4517
3 16 1.9088 -8.7961 7.8812 1.4204 -9.0004 7.9511 1.9773 -10.145 8.5896
3 16 1.9773 -10.145 8.5896 1.4204 -9.0004 7.9511 1.6428 -10.1446 8.6852
3 16 0 -8.5339 8.1377 1.0186 -8.773 8.0021 0 -8.0911 8.125
3 16 1.1732 -9.0471 -8.027 0.629 -9.1362 -8.2799 0 -8.8785 -8.1194
3 16 0 -8.8785 -8.1194 0.629 -9.1362 -8.2799 0 -9.0989 -8.3046
3 16 1.4958 -7.9419 -7.9902 0 -7.7009 -8.125 2.1029 0 -7.8481
3 16 2.1029 0 -7.8481 0 -7.7009 -8.125 0 0 -8.125
3 16 4.0625 -8.1949 7.0365 6.9535 -8.2506 8.7077 5.7452 -8.1949 5.7452
3 16 5.7452 -8.1949 5.7452 6.9535 -8.2506 8.7077 10.0127 -8.4569 6.0809
3 16 6.9535 -8.2506 8.7077 9.7595 -8.4192 10.2684 10.0127 -8.4569 6.0809
3 16 10.0127 -8.4569 6.0809 9.7595 -8.4192 10.2684 12.2544 -8.8447 8.1934
3 16 9.7595 -8.4192 10.2684 12.2353 -8.8278 11.4699 12.2544 -8.8447 8.1934
3 16 12.2544 -8.8447 8.1934 12.2353 -8.8278 11.4699 14.074 -9.3106 9.9701
3 16 12.8693 -8.9948 2.053 10.5098 -8.5272 3.274 13.7532 -9.2082 4.2615
3 16 13.7532 -9.2082 4.2615 10.5098 -8.5272 3.274 10.0127 -8.4569 6.0809
3 16 11.3634 -8.648 0.779 10.5098 -8.5272 3.274 12.8693 -8.9948 2.053
3 16 0 -10.5 1.9677 0.734 -10.5 1.8467 0 -10.5 0.0004
3 16 0.734 -10.5 1.8467 1.8467 -10.5 0.734 0 -10.5 0.0004
3 16 1.8467 -10.5 0.734 1.9677 -10.5 0 0 -10.5 0.0004
3 16 1.9677 -10.5 0 1.8307 -10.5 -0.75 0 -10.5 0.0004
3 16 1.8307 -10.5 -0.75 0.75 -10.5 -1.8307 0 -10.5 0.0004
3 16 0.75 -10.5 -1.8307 0 -10.5 -1.9677 0 -10.5 0.0004
3 16 0 -8.0911 8.125 -1.9088 -8.7961 7.8812 -1.0186 -8.773 8.0021
3 16 -1.0186 -8.773 8.0021 -1.9088 -8.7961 7.8812 -1.4204 -9.0004 7.9511
3 16 -4.0625 -7.5871 -7.0365 -1.4958 -7.9419 -7.9902 -4.0625 -8.4301 -7.0365
3 16 -4.0625 -8.4301 -7.0365 -1.4958 -7.9419 -7.9902 -1.4283 -8.8243 -8.006
3 16 -5.7452 -7.3754 -5.7452 -4.0625 -7.5871 -7.0365 -5.7452 -8.1949 -5.7452
3 16 -5.7452 -8.1949 -5.7452 -4.0625 -7.5871 -7.0365 -4.0625 -8.4301 -7.0365
3 16 -7.0364 -7.3754 -4.0625 -5.7452 -7.3754 -5.7452 -7.0364 -8.1949 -4.0625
3 16 -7.0364 -8.1949 -4.0625 -5.7452 -7.3754 -5.7452 -5.7452 -8.1949 -5.7452
3 16 -7.8481 -7.3754 -2.1029 -7.0364 -7.3754 -4.0625 -7.8481 -8.1949 -2.1029
3 16 -7.8481 -8.1949 -2.1029 -7.0364 -7.3754 -4.0625 -7.0364 -8.1949 -4.0625
3 16 -8.125 -7.3754 0 -7.8481 -7.3754 -2.1029 -8.125 -8.1949 0
3 16 -8.125 -8.1949 0 -7.8481 -7.3754 -2.1029 -7.8481 -8.1949 -2.1029
3 16 -7.8481 -7.3754 2.1029 -8.125 -7.3754 0 -7.8481 -8.1949 2.1029
3 16 -7.8481 -8.1949 2.1029 -8.125 -7.3754 0 -8.125 -8.1949 0
3 16 -7.0364 -7.3754 4.0625 -7.8481 -7.3754 2.1029 -7.0364 -8.1949 4.0625
3 16 -7.0364 -8.1949 4.0625 -7.8481 -7.3754 2.1029 -7.8481 -8.1949 2.1029
3 16 -5.7452 -7.3754 5.7452 -7.0364 -7.3754 4.0625 -5.7452 -8.1949 5.7452
3 16 -5.7452 -8.1949 5.7452 -7.0364 -7.3754 4.0625 -7.0364 -8.1949 4.0625
3 16 -4.0625 -7.3754 7.0365 -5.7452 -7.3754 5.7452 -4.0625 -8.1949 7.0365
3 16 -4.0625 -8.1949 7.0365 -5.7452 -7.3754 5.7452 -5.7452 -8.1949 5.7452
3 16 -4.0625 -7.3754 7.0365 -4.0625 -8.1949 7.0365 -1.9282 -7.9165 7.8779
3 16 -1.9282 -7.9165 7.8779 -4.0625 -8.1949 7.0365 -1.9088 -8.7961 7.8812
3 16 0 -7.282 8.125 -1.9282 -7.9165 7.8779 0 -8.0911 8.125
3 16 0 -8.0911 8.125 -1.9282 -7.9165 7.8779 -1.9088 -8.7961 7.8812
3 16 0 -7.282 8.125 0 -8.0911 8.125 1.9282 -7.9165 7.8779
3 16 1.9282 -7.9165 7.8779 0 -8.0911 8.125 1.9088 -8.7961 7.8812
3 16 4.0625 -7.3754 7.0365 1.9282 -7.9165 7.8779 4.0625 -8.1949 7.0365
3 16 4.0625 -8.1949 7.0365 1.9282 -7.9165 7.8779 1.9088 -8.7961 7.8812
3 16 5.7452 -7.3754 5.7452 4.0625 -7.3754 7.0365 5.7452 -8.1949 5.7452
3 16 5.7452 -8.1949 5.7452 4.0625 -7.3754 7.0365 4.0625 -8.1949 7.0365
3 16 5.7452 -8.1949 5.7452 7.0364 -8.1949 4.0625 5.7452 -7.3754 5.7452
3 16 5.7452 -7.3754 5.7452 7.0364 -8.1949 4.0625 7.0364 -7.3754 4.0625
3 16 7.0364 -8.1949 4.0625 7.8481 -8.1949 2.1029 7.0364 -7.3754 4.0625
3 16 7.0364 -7.3754 4.0625 7.8481 -8.1949 2.1029 7.8481 -7.3754 2.1029
3 16 7.8481 -8.1949 2.1029 8.125 -8.1949 0 7.8481 -7.3754 2.1029
3 16 7.8481 -7.3754 2.1029 8.125 -8.1949 0 8.125 -7.3754 0
3 16 8.125 -8.1949 0 7.8481 -8.1949 -2.1029 8.125 -7.3754 0
3 16 8.125 -7.3754 0 7.8481 -8.1949 -2.1029 7.8481 -7.3754 -2.1029
3 16 7.8481 -8.1949 -2.1029 7.0364 -8.1949 -4.0625 7.8481 -7.3754 -2.1029
3 16 7.8481 -7.3754 -2.1029 7.0364 -8.1949 -4.0625 7.0364 -7.3754 -4.0625
3 16 7.0364 -8.1949 -4.0625 5.7452 -8.1949 -5.7452 7.0364 -7.3754 -4.0625
3 16 7.0364 -7.3754 -4.0625 5.7452 -8.1949 -5.7452 5.7452 -7.3754 -5.7452
3 16 4.0625 -8.4301 -7.0365 4.0625 -7.5871 -7.0365 5.7452 -8.1949 -5.7452
3 16 5.7452 -8.1949 -5.7452 4.0625 -7.5871 -7.0365 5.7452 -7.3754 -5.7452
3 16 1.4283 -8.8243 -8.006 1.4958 -7.9419 -7.9902 4.0625 -8.4301 -7.0365
3 16 4.0625 -8.4301 -7.0365 1.4958 -7.9419 -7.9902 4.0625 -7.5871 -7.0365
3 16 0 -7.7009 -8.125 1.4958 -7.9419 -7.9902 0 -8.5565 -8.125
3 16 0 -8.5565 -8.125 1.4958 -7.9419 -7.9902 1.4283 -8.8243 -8.006
3 16 0 -7.7009 -8.125 0 -8.5565 -8.125 -1.4958 -7.9419 -7.9902
3 16 -1.4958 -7.9419 -7.9902 0 -8.5565 -8.125 -1.4283 -8.8243 -8.006
2 24 -13.1663 -8.9925 -1.25 -13.229 -9.0111 -1.7801
2 24 -13.1663 -8.9925 -1.25 -13.6078 -9.1097 -0.8349
2 24 -10.5038 -8.5452 13.5935 -14.0252 -9.3217 14.6473
2 24 -10.5038 -8.5452 13.5935 -7.5272 -8.2636 12.2301
2 24 -7.5272 -8.2636 12.2301 -4.4445 -8.3868 10.3192
2 24 -1.9088 -8.7961 7.8812 -4.0625 -8.1949 7.0365
2 24 -4.4445 -8.3868 10.3192 -1.9088 -8.7961 7.8812
2 24 -19.2629 -11.5125 10.5643 -18.7191 -11.1583 7.5242
2 24 -18.7191 -11.1583 7.5242 -18.0874 -10.7802 4.8737
2 24 -18.0874 -10.7802 4.8737 -17.3189 -10.4091 2.3095
2 24 -17.3189 -10.4091 2.3095 -15.8088 -9.8459 0.1929
2 24 -19.2629 -11.5125 10.5643 -19.2327 -11.477 12.6404
2 24 -14.0252 -9.3217 14.6473 -17.2811 -10.4634 14.7686
2 24 -17.2811 -10.4634 14.7686 -18.6699 -11.1718 13.9581
2 24 -19.2327 -11.477 12.6404 -18.6699 -11.1718 13.9581
2 24 -13.6078 -9.1097 -0.8349 -15.8088 -9.8459 0.1929
2 24 -16.0644 -10.0127 -10.069 -13.7802 -9.2005 -12.7852
2 24 -16.0644 -10.0127 -10.069 -16.2717 -10.077 -6.953
2 24 -16.2717 -10.077 -6.953 -14.9919 -9.4793 -3.8155
2 24 -13.7802 -9.2005 -12.7852 -10.2218 -8.4424 -13.83
2 24 -10.2218 -8.4424 -13.83 -6.5695 -8.2401 -13.1755
2 24 -13.229 -9.0111 -1.7801 -14.9919 -9.4793 -3.8155
2 24 -13.1663 -13.051 -1.25 -13.229 -13.0695 -1.7801
2 24 -13.1663 -13.051 -1.25 -13.6078 -13.1681 -0.8349
2 24 -13.229 -13.0695 -1.7801 -14.9919 -13.5377 -3.8155
2 24 -14.9919 -13.5377 -3.8155 -16.2717 -14.1354 -6.953
2 24 -16.2717 -14.1354 -6.953 -16.0644 -14.0711 -10.069
2 24 -16.0644 -14.0711 -10.069 -13.7802 -13.259 -12.7852
2 24 -13.7802 -13.259 -12.7852 -10.2218 -12.5009 -13.83
2 24 -10.2218 -12.5009 -13.83 -6.5695 -12.2139 -13.1755
2 24 -6.5695 -12.2139 -13.1755 -3.9459 -12.2563 -11.6971
2 24 -3.9459 -12.2563 -11.6971 -1.5837 -12.3314 -8.7635
2 24 -13.6078 -13.1681 -0.8349 -15.8088 -13.9044 0.1929
2 24 -15.8088 -13.9044 0.1929 -17.3189 -14.4676 2.3095
2 24 -17.3189 -14.4676 2.3095 -18.0874 -14.8387 4.8737
2 24 -18.0874 -14.8387 4.8737 -18.7191 -15.2167 7.5242
2 24 -18.7191 -15.2167 7.5242 -19.2629 -15.5709 10.5643
2 24 -19.2629 -15.5709 10.5643 -19.2327 -15.5354 12.6404
2 24 -19.2327 -15.5354 12.6404 -18.6699 -15.2303 13.9581
2 24 -18.6699 -15.2303 13.9581 -17.2811 -14.5218 14.7686
2 24 -17.2811 -14.5218 14.7686 -14.0252 -13.3802 14.6473
2 24 -14.0252 -13.3802 14.6473 -10.5038 -12.6037 13.5935
2 24 -10.5038 -12.6037 13.5935 -7.5272 -12.322 12.2301
2 24 -7.5272 -12.322 12.2301 -4.4445 -12.1823 10.3192
2 24 -4.4445 -12.1823 10.3192 -1.8447 -12.2961 7.6353
2 24 0 -11.9661 -9.1563 -0.653 -11.5933 -9.0992
2 24 0 -9.5044 -9.3387 -0.7036 -9.5574 -9.0787
2 24 -1.9513 -12.3499 0.4258 -1.6754 -12.381 -1.6092
2 24 -1.9513 -12.3499 0.4258 -2.0072 -12.363 2.5919
2 24 -2.0072 -12.363 2.5919 -1.8466 -12.4011 4.6739
2 24 -1.8466 -12.4011 4.6739 -1.5605 -12.3319 6.9938
2 24 -1.5837 -12.3314 -8.7635 -1.3168 -12.3623 -7.6282
2 24 -1.2682 -11.5956 -8.7664 -0.9473 -12.0567 -7.566
2 24 -1.3168 -12.3623 -7.6282 -1.1102 -12.3727 -5.6412
2 24 -0.9473 -12.0567 -7.566 -1.1102 -12.3727 -5.6412
2 24 -1.2811 -12.3894 -3.769 -1.6754 -12.381 -1.6092
2 24 -1.6754 -12.381 -1.6092 -1.9513 -12.3499 0.4258
2 24 -1.9513 -12.3499 0.4258 -2.0072 -12.363 2.5919
2 24 -1.8447 -12.2961 7.6353 -2.0525 -11.3616 8.5153
2 24 -1.8447 -12.2961 7.6353 -4.4445 -12.1823 10.3192
2 24 -2.0072 -12.363 2.5919 -1.8466 -12.4011 4.6739
2 24 -1.1102 -12.3727 -5.6412 -1.3168 -12.3623 -7.6282
2 24 -13.229 -13.0695 -1.7801 -13.1663 -13.051 -1.25
2 24 -13.1663 -13.051 -1.25 -13.1663 -11.2521 -1.25
2 24 -13.6078 -13.1681 -0.8349 -13.1663 -13.051 -1.25
2 24 -13.1663 -13.051 -1.25 -13.1663 -11.2521 -1.25
2 24 -13.229 -13.0695 -1.7801 -14.9919 -13.5377 -3.8155
2 24 -14.9919 -13.5377 -3.8155 -16.2717 -14.1354 -6.953
2 24 -16.2717 -14.1354 -6.953 -16.0644 -14.0711 -10.069
2 24 -16.0644 -14.0711 -10.069 -13.7802 -13.259 -12.7852
2 24 -13.7802 -13.259 -12.7852 -10.2218 -12.5009 -13.83
2 24 -10.2218 -12.5009 -13.83 -6.5695 -12.2139 -13.1755
2 24 -6.5695 -12.2139 -13.1755 -3.9459 -12.2563 -11.6971
2 24 -1.5837 -12.3314 -8.7635 -3.9459 -12.2563 -11.6971
2 24 -1.2682 -11.5956 -8.7664 -1.3208 -10.6435 -9.1011
2 24 -13.6078 -13.1681 -0.8349 -15.8088 -13.9044 0.1929
2 24 -15.8088 -13.9044 0.1929 -17.3189 -14.4676 2.3095
2 24 -17.3189 -14.4676 2.3095 -18.0874 -14.8387 4.8737
2 24 -18.0874 -14.8387 4.8737 -18.7191 -15.2167 7.5242
2 24 -18.7191 -15.2167 7.5242 -19.2629 -15.5709 10.5643
2 24 -19.2629 -15.5709 10.5643 -19.2327 -15.5354 12.6404
2 24 -19.2327 -15.5354 12.6404 -18.6699 -15.2303 13.9581
2 24 -18.6699 -15.2303 13.9581 -17.2811 -14.5218 14.7686
2 24 -17.2811 -14.5218 14.7686 -14.0252 -13.3802 14.6473
2 24 -14.0252 -13.3802 14.6473 -10.5038 -12.6037 13.5935
2 24 -10.5038 -12.6037 13.5935 -7.5272 -12.322 12.2301
2 24 -4.4445 -12.1823 10.3192 -7.5272 -12.322 12.2301
2 24 -13.1663 -11.2521 -1.25 -13.1663 -8.9925 -1.25
2 24 -13.229 -9.0111 -1.7801 -13.1663 -8.9925 -1.25
2 24 -13.6078 -9.1097 -0.8349 -13.1663 -8.9925 -1.25
2 24 -13.1663 -11.2521 -1.25 -13.1663 -8.9925 -1.25
2 24 -13.229 -9.0111 -1.7801 -14.9919 -9.4793 -3.8155
2 24 -14.9919 -9.4793 -3.8155 -16.2717 -10.077 -6.953
2 24 -16.2717 -10.077 -6.953 -16.0644 -10.0127 -10.069
2 24 -16.0644 -10.0127 -10.069 -13.7802 -9.2005 -12.7852
2 24 -13.7802 -9.2005 -12.7852 -10.2218 -8.4424 -13.83
2 24 -10.2218 -8.4424 -13.83 -6.5695 -8.2401 -13.1755
2 24 -6.5695 -8.2401 -13.1755 -3.9459 -8.4034 -11.6971
2 24 -3.9459 -8.4034 -11.6971 -1.4283 -8.8243 -8.006
2 24 -1.3208 -10.6435 -9.1011 -1.1452 -9.5694 -8.8372
2 24 -13.6078 -9.1097 -0.8349 -15.8088 -9.8459 0.1929
2 24 -15.8088 -9.8459 0.1929 -17.3189 -10.4091 2.3095
2 24 -17.3189 -10.4091 2.3095 -18.0874 -10.7802 4.8737
2 24 -18.0874 -10.7802 4.8737 -18.7191 -11.1583 7.5242
2 24 -18.7191 -11.1583 7.5242 -19.2629 -11.5125 10.5643
2 24 -19.2629 -11.5125 10.5643 -19.2327 -11.477 12.6404
2 24 -19.2327 -11.477 12.6404 -18.6699 -11.1718 13.9581
2 24 -18.6699 -11.1718 13.9581 -17.2811 -10.4634 14.7686
2 24 -17.2811 -10.4634 14.7686 -14.0252 -9.3217 14.6473
2 24 -14.0252 -9.3217 14.6473 -10.5038 -8.5452 13.5935
2 24 -10.5038 -8.5452 13.5935 -7.5272 -8.2636 12.2301
2 24 -7.5272 -8.2636 12.2301 -4.4445 -8.3868 10.3192
2 24 -1.5837 -12.3314 -8.7635 -1.3168 -12.3623 -7.6282
2 24 -1.2811 -12.3894 -3.769 -1.1102 -12.3727 -5.6412
2 24 -1.6903 -11.3436 8.5552 -1.4537 -11.9808 8.0387
2 24 -1.6575 -10.1438 8.6778 -1.4204 -9.0004 7.9511
2 24 -1.4537 -11.9808 8.0387 -1.3862 -12.2257 7.5395
2 24 -1.5605 -12.3319 6.9938 -1.3862 -12.2257 7.5395
2 24 -1.6903 -11.3436 8.5552 -1.6575 -10.1438 8.6778
2 24 -5.7452 -8.1949 -5.7452 -4.0625 -8.4301 -7.0365
2 24 -7.8481 -8.1949 -2.1029 -7.0364 -8.1949 -4.0625
2 24 -7.8481 -8.1949 -2.1029 -8.125 -8.1949 0
2 24 -8.125 -8.1949 0 -7.8481 -8.1949 2.1029
2 24 -7.8481 -8.1949 2.1029 -7.0364 -8.1949 4.0625
2 24 -7.0364 -8.1949 4.0625 -5.7452 -8.1949 5.7452
2 24 -1.8447 -12.2961 7.6353 -1.5605 -12.3319 6.9938
2 24 -1.8466 -12.4011 4.6739 -1.5605 -12.3319 6.9938
2 24 -1.1102 -12.3727 -5.6412 -1.2811 -12.3894 -3.769
2 24 -1.1102 -12.3727 -5.6412 -0.9473 -12.0567 -7.566
2 24 -0.653 -11.5933 -9.0992 -1.2682 -11.5956 -8.7664
2 24 -0.9473 -12.0567 -7.566 -1.2682 -11.5956 -8.7664
2 24 -1.2682 -11.5956 -8.7664 -1.3208 -10.6435 -9.1011
2 24 -1.3208 -10.6435 -9.1011 -1.1452 -9.5694 -8.8372
2 24 -1.1452 -9.5694 -8.8372 -1.1732 -9.0471 -8.027
2 24 -3.9459 -8.4034 -11.6971 -1.4283 -8.8243 -8.006
2 24 -4.0625 -8.4301 -7.0365 -1.4283 -8.8243 -8.006
2 24 -1.1452 -9.5694 -8.8372 -1.1732 -9.0471 -8.027
2 24 -1.4283 -8.8243 -8.006 -1.1732 -9.0471 -8.027
2 24 -5.7452 -8.1949 -5.7452 -7.0364 -8.1949 -4.0625
2 24 -1.6754 -12.381 -1.6092 -1.2811 -12.3894 -3.769
2 24 -1.4283 -8.8243 -8.006 -1.1732 -9.0471 -8.027
2 24 -1.1732 -9.0471 -8.027 0 -8.8785 -8.1194
2 24 -4.0625 -8.1949 7.0365 -5.7452 -8.1949 5.7452
2 24 -4.0625 0 7.0365 -2.1029 0 7.8481
2 24 -1.4537 -11.9808 8.0387 -1.3862 -12.2257 7.5395
2 24 -1.8447 -12.2961 7.6353 -1.5605 -12.3319 6.9938
2 24 -1.3862 -12.2257 7.5395 -1.5605 -12.3319 6.9938
2 24 -1.4537 -11.9808 8.0387 -1.6903 -11.3436 8.5552
2 24 -1.6903 -11.3436 8.5552 -1.6575 -10.1438 8.6778
2 24 -3.0585 0 5.506 -5.506 0 3.0585
2 24 -5.7452 0 5.7452 -7.0364 0 4.0625
2 24 -7.0364 0 4.0625 -7.8481 0 2.1029
2 24 -5.506 0 3.0585 -6.3966 0 0
2 24 -6.3966 0 0 -5.4844 0 -3.0801
2 24 -7.8481 0 -2.1029 -7.0364 0 -4.0625
2 24 -7.0364 0 -4.0625 -5.7452 0 -5.7452
2 24 -5.4844 0 -3.0801 -3.0801 0 -5.4844
2 24 -3.0801 0 -5.4844 0 0 -6.3966
2 24 -2.1029 0 -7.8481 0 0 -8.125
2 24 -3.0585 0 5.506 0 0 6.3966
2 24 -2.1029 0 7.8481 0 0 8.125
2 24 -2.1029 0 -7.8481 -4.0625 0 -7.0365
2 24 -7.8481 0 -2.1029 -8.125 0 0
2 24 -5.7452 0 5.7452 -4.0625 0 7.0365
2 24 -2.1029 0 7.8481 0 0 8.125
2 24 -4.0625 0 7.0365 -5.7452 0 5.7452
2 24 -7.0364 0 4.0625 -7.8481 0 2.1029
2 24 -8.125 0 0 -7.8481 0 -2.1029
2 24 -7.0364 0 -4.0625 -5.7452 0 -5.7452
2 24 -4.0625 0 -7.0365 -2.1029 0 -7.8481
2 24 0 -9.7498 6.3966 -3.0585 -9.7498 5.506
2 24 0 0 6.3966 -3.0585 0 5.506
2 24 -3.0585 -9.7498 5.506 -5.506 -9.7498 3.0585
2 24 -3.0585 0 5.506 -5.506 0 3.0585
2 24 -5.506 -9.7498 3.0585 -6.3967 -9.7498 0
2 24 -5.506 0 3.0585 -6.3966 0 0
2 24 -6.3967 -9.7498 0 -5.4844 -9.7498 -3.0801
2 24 -6.3966 0 0 -5.4844 0 -3.0801
2 24 -5.4844 0 -3.0801 -3.0801 0 -5.4844
2 24 -5.4844 -9.7498 -3.0801 -3.0801 -9.7498 -5.4844
2 24 -3.0801 -9.7498 -5.4844 0 -9.7498 -6.3966
2 24 -3.0801 0 -5.4844 0 0 -6.3966
2 24 0 -9.7498 6.3966 -3.0585 -9.7498 5.506
2 24 0 -9.7498 4.1313 -1.9754 -9.7498 3.5561
2 24 -3.0585 -9.7498 5.506 -5.506 -9.7498 3.0585
2 24 -1.9754 -9.7498 3.5561 -3.5561 -9.7498 1.9754
2 24 -3.5561 -9.7498 1.9754 -4.1313 -9.7498 0
2 24 -5.506 -9.7498 3.0585 -6.3967 -9.7498 0
2 24 -6.3967 -9.7498 0 -5.4844 -9.7498 -3.0801
2 24 -4.1313 -9.7498 0 -3.5422 -9.7498 -1.9893
2 24 -5.4844 -9.7498 -3.0801 -3.0801 -9.7498 -5.4844
2 24 -3.5422 -9.7498 -1.9893 -1.9893 -9.7498 -3.5422
2 24 -1.9893 -9.7498 -3.5422 0 -9.7498 -4.1313
2 24 -3.0801 -9.7498 -5.4844 0 -9.7498 -6.3966
2 24 -2.1029 0 7.8481 -4.0625 0 7.0365
2 24 -5.7452 0 5.7452 -7.0364 0 4.0625
2 24 -7.8481 0 2.1029 -8.125 0 0
2 24 -7.8481 0 2.1029 -8.125 0 0
2 24 -7.8481 0 -2.1029 -7.0364 0 -4.0625
2 24 -5.7452 0 -5.7452 -4.0625 0 -7.0365
2 24 -5.7452 0 -5.7452 -4.0625 0 -7.0365
2 24 -2.1029 0 -7.8481 0 0 -8.125
2 24 -1.0186 -8.773 8.0021 0 -8.5339 8.1377
2 24 -1.4204 -9.0004 7.9511 -1.0186 -8.773 8.0021
2 24 -1.9088 -8.7961 7.8812 -1.4204 -9.0004 7.9511
2 24 -1.6575 -10.1438 8.6778 -1.4204 -9.0004 7.9511
2 24 -4.4445 -8.3868 10.3192 -1.9088 -8.7961 7.8812
2 24 0 -8.5339 8.1377 -1.0186 -8.773 8.0021
2 24 -1.1732 -9.0471 -8.027 0 -8.8785 -8.1194
2 24 -6.5695 -8.2401 -13.1755 -3.9459 -8.4034 -11.6971
2 24 -0.75 -10.5 -1.8307 0 -10.5 -1.9677
2 24 -0.75 -5.325 -1.8307 0 -5.325 -1.9677
2 24 -0.75 -10.5 -1.8307 -1.8307 -10.5 -0.75
2 24 -0.75 -5.325 -1.8307 -1.8307 -5.325 -0.75
2 24 -1.8307 -10.5 -0.75 -1.9677 -10.5 0
2 24 -1.8307 -5.325 -0.75 -1.9677 -5.325 0
2 24 -1.9677 -10.5 0 -1.8467 -10.5 0.734
2 24 -1.9677 -5.325 0 -1.8467 -5.325 0.734
2 24 -1.8467 -10.5 0.734 -0.734 -10.5 1.8467
2 24 -1.8467 -5.325 0.734 -0.734 -5.325 1.8467
2 24 -0.734 -10.5 1.8467 0 -10.5 1.9677
2 24 -0.734 -5.325 1.8467 0 -5.325 1.9677
2 24 0 -5.325 -1.9677 -0.75 -5.325 -1.8307
2 24 0 -5.325 -4.1313 -1.9893 -5.325 -3.5422
2 24 -0.75 -5.325 -1.8307 -1.8307 -5.325 -0.75
2 24 -1.9893 -5.325 -3.5422 -3.5422 -5.325 -1.9893
2 24 -1.8307 -5.325 -0.75 -1.9677 -5.325 0
2 24 -3.5422 -5.325 -1.9893 -4.1313 -5.325 0
2 24 -1.9677 -5.325 0 -1.8467 -5.325 0.734
2 24 -4.1313 -5.325 0 -3.5561 -5.325 1.9754
2 24 -1.8467 -5.325 0.734 -0.734 -5.325 1.8467
2 24 -3.5561 -5.325 1.9754 -1.9754 -5.325 3.5561
2 24 -0.734 -5.325 1.8467 0 -5.325 1.9677
2 24 -1.9754 -5.325 3.5561 0 -5.325 4.1313
2 24 -1.9893 -5.325 -3.5422 0 -5.325 -4.1313
2 24 -1.9893 -9.7498 -3.5422 0 -9.7498 -4.1313
2 24 -1.9893 -5.325 -3.5422 -3.5422 -5.325 -1.9893
2 24 -1.9893 -9.7498 -3.5422 -3.5422 -9.7498 -1.9893
2 24 -3.5422 -5.325 -1.9893 -4.1313 -5.325 0
2 24 -3.5422 -9.7498 -1.9893 -4.1313 -9.7498 0
2 24 -4.1313 -5.325 0 -3.5561 -5.325 1.9754
2 24 -4.1313 -9.7498 0 -3.5561 -9.7498 1.9754
2 24 -3.5561 -5.325 1.9754 -1.9754 -5.325 3.5561
2 24 -3.5561 -9.7498 1.9754 -1.9754 -9.7498 3.5561
2 24 -1.9754 -5.325 3.5561 0 -5.325 4.1313
2 24 -1.9754 -9.7498 3.5561 0 -9.7498 4.1313
2 24 0 -10.5 1.9677 -0.734 -10.5 1.8467
2 24 -0.734 -10.5 1.8467 -1.8467 -10.5 0.734
2 24 -1.8467 -10.5 0.734 -1.9677 -10.5 0
2 24 -1.9677 -10.5 0 -1.8307 -10.5 -0.75
2 24 -1.8307 -10.5 -0.75 -0.75 -10.5 -1.8307
2 24 -0.75 -10.5 -1.8307 0 -10.5 -1.9677
2 24 13.1663 -8.9925 -1.25 13.229 -9.0111 -1.7801
2 24 13.1663 -8.9925 -1.25 13.6078 -9.1097 -0.8349
2 24 13.229 -9.0111 -1.7801 14.9919 -9.4793 -3.8155
2 24 14.9919 -9.4793 -3.8155 16.2717 -10.077 -6.953
2 24 16.2717 -10.077 -6.953 16.0644 -10.0127 -10.069
2 24 16.0644 -10.0127 -10.069 13.7802 -9.2005 -12.7852
2 24 13.7802 -9.2005 -12.7852 10.2218 -8.4424 -13.83
2 24 10.2218 -8.4424 -13.83 6.5695 -8.2401 -13.1755
2 24 6.5695 -8.2401 -13.1755 3.9459 -8.4034 -11.6971
2 24 13.6078 -9.1097 -0.8349 15.8088 -9.8459 0.1929
2 24 15.8088 -9.8459 0.1929 17.3189 -10.4091 2.3095
2 24 17.3189 -10.4091 2.3095 18.0874 -10.7802 4.8737
2 24 18.0874 -10.7802 4.8737 18.7191 -11.1583 7.5242
2 24 18.7191 -11.1583 7.5242 19.2629 -11.5125 10.5643
2 24 19.2629 -11.5125 10.5643 19.2327 -11.477 12.6404
2 24 19.2327 -11.477 12.6404 18.6699 -11.1718 13.9581
2 24 18.6699 -11.1718 13.9581 17.2811 -10.4634 14.7686
2 24 17.2811 -10.4634 14.7686 14.0252 -9.3217 14.6473
2 24 14.0252 -9.3217 14.6473 10.5038 -8.5452 13.5935
2 24 10.5038 -8.5452 13.5935 7.5272 -8.2636 12.2301
2 24 7.5272 -8.2636 12.2301 4.4445 -8.3868 10.3192
2 24 4.0625 -8.4301 -7.0365 1.4283 -8.8243 -8.006
2 24 3.9459 -8.4034 -11.6971 1.4283 -8.8243 -8.006
2 24 5.7452 -8.1949 5.7452 7.0364 -8.1949 4.0625
2 24 4.0625 -8.4301 -7.0365 5.7452 -8.1949 -5.7452
2 24 0 -11.9661 -9.1563 0.653 -11.5933 -9.0992
2 24 0 -9.5044 -9.3387 0.7036 -9.5574 -9.0787
2 24 1.9513 -12.3499 0.4258 1.6754 -12.381 -1.6092
2 24 1.9513 -12.3499 0.4258 2.0072 -12.363 2.5919
2 24 2.0072 -12.363 2.5919 1.8466 -12.4011 4.6739
2 24 1.8466 -12.4011 4.6739 1.5605 -12.3319 6.9938
2 24 0.9473 -12.0567 -7.566 1.2682 -11.5956 -8.7664
2 24 1.3168 -12.3623 -7.6282 1.5837 -12.3314 -8.7635
2 24 0.9473 -12.0567 -7.566 1.1102 -12.3727 -5.6412
2 24 1.3168 -12.3623 -7.6282 1.1102 -12.3727 -5.6412
2 24 1.6754 -12.381 -1.6092 1.2811 -12.3894 -3.769
2 24 1.6754 -12.381 -1.6092 1.9513 -12.3499 0.4258
2 24 1.9513 -12.3499 0.4258 2.0072 -12.363 2.5919
2 24 6.5695 -12.2139 -13.1755 3.9459 -12.2563 -11.6971
2 24 13.1663 -13.051 -1.25 13.229 -13.0695 -1.7801
2 24 13.1663 -13.051 -1.25 13.6078 -13.1681 -0.8349
2 24 10.5038 -12.6037 13.5935 14.0252 -13.3802 14.6473
2 24 10.5038 -12.6037 13.5935 7.5272 -12.322 12.2301
2 24 7.5272 -12.322 12.2301 4.4445 -12.1823 10.3192
2 24 4.4445 -12.1823 10.3192 1.8447 -12.2961 7.6353
2 24 19.2629 -15.5709 10.5643 18.7191 -15.2167 7.5242
2 24 18.7191 -15.2167 7.5242 18.0874 -14.8387 4.8737
2 24 18.0874 -14.8387 4.8737 17.3189 -14.4676 2.3095
2 24 17.3189 -14.4676 2.3095 15.8088 -13.9044 0.1929
2 24 19.2629 -15.5709 10.5643 19.2327 -15.5354 12.6404
2 24 14.0252 -13.3802 14.6473 17.2811 -14.5218 14.7686
2 24 17.2811 -14.5218 14.7686 18.6699 -15.2303 13.9581
2 24 19.2327 -15.5354 12.6404 18.6699 -15.2303 13.9581
2 24 2.0072 -12.363 2.5919 1.8466 -12.4011 4.6739
2 24 1.8447 -12.2961 7.6353 1.5605 -12.3319 6.9938
2 24 1.8466 -12.4011 4.6739 1.5605 -12.3319 6.9938
2 24 13.6078 -13.1681 -0.8349 15.8088 -13.9044 0.1929
2 24 16.0644 -14.0711 -10.069 13.7802 -13.259 -12.7852
2 24 16.0644 -14.0711 -10.069 16.2717 -14.1354 -6.953
2 24 16.2717 -14.1354 -6.953 14.9919 -13.5377 -3.8155
2 24 13.7802 -13.259 -12.7852 10.2218 -12.5009 -13.83
2 24 6.5695 -12.2139 -13.1755 10.2218 -12.5009 -13.83
2 24 13.229 -13.0695 -1.7801 14.9919 -13.5377 -3.8155
2 24 3.9459 -12.2563 -11.6971 1.5837 -12.3314 -8.7635
2 24 1.1102 -12.3727 -5.6412 1.3168 -12.3623 -7.6282
2 24 13.229 -13.0695 -1.7801 13.1663 -13.051 -1.25
2 24 13.1663 -13.051 -1.25 13.1663 -11.2521 -1.25
2 24 13.1663 -11.2521 -1.25 13.1663 -13.051 -1.25
2 24 13.1663 -13.051 -1.25 13.6078 -13.1681 -0.8349
2 24 13.229 -13.0695 -1.7801 14.9919 -13.5377 -3.8155
2 24 14.9919 -13.5377 -3.8155 16.2717 -14.1354 -6.953
2 24 16.2717 -14.1354 -6.953 16.0644 -14.0711 -10.069
2 24 16.0644 -14.0711 -10.069 13.7802 -13.259 -12.7852
2 24 13.7802 -13.259 -12.7852 10.2218 -12.5009 -13.83
2 24 10.2218 -12.5009 -13.83 6.5695 -12.2139 -13.1755
2 24 6.5695 -12.2139 -13.1755 3.9459 -12.2563 -11.6971
2 24 1.5837 -12.3314 -8.7635 3.9459 -12.2563 -11.6971
2 24 1.2682 -11.5956 -8.7664 1.3208 -10.6435 -9.1011
2 24 13.6078 -13.1681 -0.8349 15.8088 -13.9044 0.1929
2 24 15.8088 -13.9044 0.1929 17.3189 -14.4676 2.3095
2 24 17.3189 -14.4676 2.3095 18.0874 -14.8387 4.8737
2 24 18.0874 -14.8387 4.8737 18.7191 -15.2167 7.5242
2 24 18.7191 -15.2167 7.5242 19.2629 -15.5709 10.5643
2 24 19.2629 -15.5709 10.5643 19.2327 -15.5354 12.6404
2 24 19.2327 -15.5354 12.6404 18.6699 -15.2303 13.9581
2 24 18.6699 -15.2303 13.9581 17.2811 -14.5218 14.7686
2 24 17.2811 -14.5218 14.7686 14.0252 -13.3802 14.6473
2 24 14.0252 -13.3802 14.6473 10.5038 -12.6037 13.5935
2 24 10.5038 -12.6037 13.5935 7.5272 -12.322 12.2301
2 24 7.5272 -12.322 12.2301 4.4445 -12.1823 10.3192
2 24 7.5272 -8.2636 12.2301 4.4445 -8.3868 10.3192
2 24 7.5272 -8.2636 12.2301 10.5038 -8.5452 13.5935
2 24 10.5038 -8.5452 13.5935 14.0252 -9.3217 14.6473
2 24 14.0252 -9.3217 14.6473 17.2811 -10.4634 14.7686
2 24 17.2811 -10.4634 14.7686 18.6699 -11.1718 13.9581
2 24 18.6699 -11.1718 13.9581 19.2327 -11.477 12.6404
2 24 19.2327 -11.477 12.6404 19.2629 -11.5125 10.5643
2 24 19.2629 -11.5125 10.5643 18.7191 -11.1583 7.5242
2 24 18.7191 -11.1583 7.5242 18.0874 -10.7802 4.8737
2 24 18.0874 -10.7802 4.8737 17.3189 -10.4091 2.3095
2 24 17.3189 -10.4091 2.3095 15.8088 -9.8459 0.1929
2 24 15.8088 -9.8459 0.1929 13.6078 -9.1097 -0.8349
2 24 13.6078 -9.1097 -0.8349 13.1663 -8.9925 -1.25
2 24 13.1663 -11.2521 -1.25 13.1663 -8.9925 -1.25
2 24 13.229 -9.0111 -1.7801 13.1663 -8.9925 -1.25
2 24 13.1663 -11.2521 -1.25 13.1663 -8.9925 -1.25
2 24 13.229 -9.0111 -1.7801 14.9919 -9.4793 -3.8155
2 24 14.9919 -9.4793 -3.8155 16.2717 -10.077 -6.953
2 24 16.2717 -10.077 -6.953 16.0644 -10.0127 -10.069
2 24 16.0644 -10.0127 -10.069 13.7802 -9.2005 -12.7852
2 24 13.7802 -9.2005 -12.7852 10.2218 -8.4424 -13.83
2 24 10.2218 -8.4424 -13.83 6.5695 -8.2401 -13.1755
2 24 6.5695 -8.2401 -13.1755 3.9459 -8.4034 -11.6971
2 24 3.9459 -8.4034 -11.6971 1.4283 -8.8243 -8.006
2 24 1.3208 -10.6435 -9.1011 1.1452 -9.5694 -8.8372
2 24 1.5837 -12.3314 -8.7635 1.3168 -12.3623 -7.6282
2 24 1.2811 -12.3894 -3.769 1.1102 -12.3727 -5.6412
2 24 1.4537 -11.9808 8.0387 1.6903 -11.3436 8.5552
2 24 1.4204 -9.0004 7.9511 1.6428 -10.1446 8.6852
2 24 1.4537 -11.9808 8.0387 1.3862 -12.2257 7.5395
2 24 1.5605 -12.3319 6.9938 1.3862 -12.2257 7.5395
2 24 1.6903 -11.3436 8.5552 1.6428 -10.1446 8.6852
2 24 1.5605 -12.3319 6.9938 1.8447 -12.2961 7.6353
2 24 1.5605 -12.3319 6.9938 1.3862 -12.2257 7.5395
2 24 1.3862 -12.2257 7.5395 1.4537 -11.9808 8.0387
2 24 5.7452 -8.1949 -5.7452 7.0364 -8.1949 -4.0625
2 24 1.4204 -9.0004 7.9511 1.9088 -8.7961 7.8812
2 24 1.4204 -9.0004 7.9511 1.0186 -8.773 8.0021
2 24 4.4445 -8.3868 10.3192 1.9088 -8.7961 7.8812
2 24 1.9088 -8.7961 7.8812 4.0625 -8.1949 7.0365
2 24 4.4445 -8.3868 10.3192 1.9088 -8.7961 7.8812
2 24 1.8447 -12.2961 7.6353 2.0525 -11.3616 8.5153
2 24 4.4445 -12.1823 10.3192 1.8447 -12.2961 7.6353
2 24 1.1102 -12.3727 -5.6412 1.2811 -12.3894 -3.769
2 24 1.1102 -12.3727 -5.6412 0.9473 -12.0567 -7.566
2 24 0.653 -11.5933 -9.0992 1.2682 -11.5956 -8.7664
2 24 0.9473 -12.0567 -7.566 1.2682 -11.5956 -8.7664
2 24 1.2682 -11.5956 -8.7664 1.3208 -10.6435 -9.1011
2 24 1.3208 -10.6435 -9.1011 1.1452 -9.5694 -8.8372
2 24 1.1452 -9.5694 -8.8372 1.1732 -9.0471 -8.027
2 24 1.1452 -9.5694 -8.8372 1.1732 -9.0471 -8.027
2 24 1.4283 -8.8243 -8.006 1.1732 -9.0471 -8.027
2 24 7.0364 -8.1949 4.0625 7.8481 -8.1949 2.1029
2 24 7.8481 -8.1949 2.1029 8.125 -8.1949 0
2 24 8.125 -8.1949 0 7.8481 -8.1949 -2.1029
2 24 7.0364 -8.1949 -4.0625 7.8481 -8.1949 -2.1029
2 24 1.6754 -12.381 -1.6092 1.2811 -12.3894 -3.769
2 24 1.4283 -8.8243 -8.006 1.1732 -9.0471 -8.027
2 24 0 -8.8785 -8.1194 1.1732 -9.0471 -8.027
2 24 2.1029 0 -7.8481 4.0625 0 -7.0365
2 24 1.4537 -11.9808 8.0387 1.6903 -11.3436 8.5552
2 24 1.6903 -11.3436 8.5552 1.6428 -10.1446 8.6852
2 24 0 0 8.125 2.1029 0 7.8481
2 24 0 0 6.3966 3.0585 0 5.506
2 24 4.0625 0 -7.0365 2.1029 0 -7.8481
2 24 7.0364 0 -4.0625 5.7452 0 -5.7452
2 24 3.0801 0 -5.4844 5.4844 0 -3.0801
2 24 8.125 0 0 7.8481 0 -2.1029
2 24 7.0364 0 4.0625 7.8481 0 2.1029
2 24 6.3966 0 0 5.506 0 3.0585
2 24 4.0625 0 7.0365 5.7452 0 5.7452
2 24 0 -9.7498 6.3966 3.0585 -9.7498 5.506
2 24 0 0 6.3966 3.0585 0 5.506
2 24 3.0585 -9.7498 5.506 5.506 -9.7498 3.0585
2 24 3.0585 0 5.506 5.506 0 3.0585
2 24 5.506 -9.7498 3.0585 6.3967 -9.7498 0
2 24 5.506 0 3.0585 6.3966 0 0
2 24 6.3967 -9.7498 0 5.4844 -9.7498 -3.0801
2 24 6.3966 0 0 5.4844 0 -3.0801
2 24 5.4844 -9.7498 -3.0801 3.0801 -9.7498 -5.4844
2 24 5.4844 0 -3.0801 3.0801 0 -5.4844
2 24 0 -9.7498 -6.3966 3.0801 -9.7498 -5.4844
2 24 0 0 -6.3966 3.0801 0 -5.4844
2 24 0 -9.7498 6.3966 3.0585 -9.7498 5.506
2 24 0 -9.7498 4.1313 1.9754 -9.7498 3.5561
2 24 3.0585 -9.7498 5.506 5.506 -9.7498 3.0585
2 24 1.9754 -9.7498 3.5561 3.5561 -9.7498 1.9754
2 24 5.506 -9.7498 3.0585 6.3967 -9.7498 0
2 24 3.5561 -9.7498 1.9754 4.1313 -9.7498 0
2 24 6.3967 -9.7498 0 5.4844 -9.7498 -3.0801
2 24 4.1313 -9.7498 0 3.5422 -9.7498 -1.9893
2 24 5.4844 -9.7498 -3.0801 3.0801 -9.7498 -5.4844
2 24 3.5422 -9.7498 -1.9893 1.9893 -9.7498 -3.5422
2 24 0 -9.7498 -6.3966 3.0801 -9.7498 -5.4844
2 24 0 -9.7498 -4.1313 1.9893 -9.7498 -3.5422
2 24 0 -5.325 4.1313 1.9754 -5.325 3.5561
2 24 0 -9.7498 4.1313 1.9754 -9.7498 3.5561
2 24 1.9754 -9.7498 3.5561 3.5561 -9.7498 1.9754
2 24 1.9754 -5.325 3.5561 3.5561 -5.325 1.9754
2 24 3.5561 -9.7498 1.9754 4.1313 -9.7498 0
2 24 3.5561 -5.325 1.9754 4.1313 -5.325 0
2 24 4.1313 -9.7498 0 3.5422 -9.7498 -1.9893
2 24 4.1313 -5.325 0 3.5422 -5.325 -1.9893
2 24 3.5422 -9.7498 -1.9893 1.9893 -9.7498 -3.5422
2 24 3.5422 -5.325 -1.9893 1.9893 -5.325 -3.5422
2 24 0 -9.7498 -4.1313 1.9893 -9.7498 -3.5422
2 24 0 -5.325 -4.1313 1.9893 -5.325 -3.5422
2 24 0 -5.325 1.9677 0.734 -5.325 1.8467
2 24 0 -5.325 4.1313 1.9754 -5.325 3.5561
2 24 1.9754 -5.325 3.5561 3.5561 -5.325 1.9754
2 24 0.734 -5.325 1.8467 1.8467 -5.325 0.734
2 24 3.5561 -5.325 1.9754 4.1313 -5.325 0
2 24 1.8467 -5.325 0.734 1.9677 -5.325 0
2 24 4.1313 -5.325 0 3.5422 -5.325 -1.9893
2 24 1.9677 -5.325 0 1.8307 -5.325 -0.75
2 24 3.5422 -5.325 -1.9893 1.9893 -5.325 -3.5422
2 24 1.8307 -5.325 -0.75 0.75 -5.325 -1.8307
2 24 0 -5.325 -4.1313 1.9893 -5.325 -3.5422
2 24 0 -5.325 -1.9677 0.75 -5.325 -1.8307
2 24 0 -10.5 1.9677 0.734 -10.5 1.8467
2 24 0 -5.325 1.9677 0.734 -5.325 1.8467
2 24 0.734 -5.325 1.8467 1.8467 -5.325 0.734
2 24 0.734 -10.5 1.8467 1.8467 -10.5 0.734
2 24 1.8467 -5.325 0.734 1.9677 -5.325 0
2 24 1.8467 -10.5 0.734 1.9677 -10.5 0
2 24 1.9677 -5.325 0 1.8307 -5.325 -0.75
2 24 1.9677 -10.5 0 1.8307 -10.5 -0.75
2 24 1.8307 -5.325 -0.75 0.75 -5.325 -1.8307
2 24 1.8307 -10.5 -0.75 0.75 -10.5 -1.8307
2 24 0 -5.325 -1.9677 0.75 -5.325 -1.8307
2 24 0 -10.5 -1.9677 0.75 -10.5 -1.8307
2 24 2.1029 0 7.8481 4.0625 0 7.0365
2 24 3.0585 0 5.506 5.506 0 3.0585
2 24 7.0364 0 4.0625 5.7452 0 5.7452
2 24 8.125 0 0 7.8481 0 2.1029
2 24 5.4844 0 -3.0801 6.3966 0 0
2 24 7.0364 0 -4.0625 7.8481 0 -2.1029
2 24 4.0625 0 -7.0365 5.7452 0 -5.7452
2 24 0 0 -6.3966 3.0801 0 -5.4844
2 24 0 0 -8.125 2.1029 0 -7.8481
2 24 4.0625 0 7.0365 2.1029 0 7.8481
2 24 0 0 8.125 2.1029 0 7.8481
2 24 4.0625 0 -7.0365 5.7452 0 -5.7452
2 24 5.7452 0 -5.7452 7.0364 0 -4.0625
2 24 7.0364 0 -4.0625 7.8481 0 -2.1029
2 24 7.8481 0 -2.1029 8.125 0 0
2 24 8.125 0 0 7.8481 0 2.1029
2 24 7.8481 0 2.1029 7.0364 0 4.0625
2 24 7.0364 0 4.0625 5.7452 0 5.7452
2 24 4.0625 0 7.0365 5.7452 0 5.7452
2 24 0 -8.5339 8.1377 1.0186 -8.773 8.0021
2 24 1.4204 -9.0004 7.9511 1.0186 -8.773 8.0021
2 24 1.9088 -8.7961 7.8812 1.4204 -9.0004 7.9511
2 24 1.6428 -10.1446 8.6852 1.4204 -9.0004 7.9511
2 24 0 -8.5339 8.1377 1.0186 -8.773 8.0021
2 24 0 -8.8785 -8.1194 1.1732 -9.0471 -8.027
2 24 0 0 -8.125 2.1029 0 -7.8481
2 24 5.7452 -8.1949 5.7452 4.0625 -8.1949 7.0365
2 24 0 -10.5 1.9677 0.734 -10.5 1.8467
2 24 0.734 -10.5 1.8467 1.8467 -10.5 0.734
2 24 1.8467 -10.5 0.734 1.9677 -10.5 0
2 24 1.9677 -10.5 0 1.8307 -10.5 -0.75
2 24 1.8307 -10.5 -0.75 0.75 -10.5 -1.8307
2 24 0 -10.5 -1.9677 0.75 -10.5 -1.8307
2 24 -1.9088 -8.7961 7.8812 -1.4204 -9.0004 7.9511
2 24 -1.0186 -8.773 8.0021 -1.4204 -9.0004 7.9511
2 24 -1.4283 -8.8243 -8.006 -4.0625 -8.4301 -7.0365
2 24 -4.0625 -8.4301 -7.0365 -5.7452 -8.1949 -5.7452
2 24 -5.7452 -8.1949 -5.7452 -7.0364 -8.1949 -4.0625
2 24 -7.0364 -8.1949 -4.0625 -7.8481 -8.1949 -2.1029
2 24 -7.8481 -8.1949 -2.1029 -8.125 -8.1949 0
2 24 -8.125 -8.1949 0 -7.8481 -8.1949 2.1029
2 24 -7.8481 -8.1949 2.1029 -7.0364 -8.1949 4.0625
2 24 -7.0364 -8.1949 4.0625 -5.7452 -8.1949 5.7452
2 24 -5.7452 -8.1949 5.7452 -4.0625 -8.1949 7.0365
2 24 -1.9088 -8.7961 7.8812 -4.0625 -8.1949 7.0365
2 24 1.9088 -8.7961 7.8812 4.0625 -8.1949 7.0365
2 24 4.0625 -8.1949 7.0365 5.7452 -8.1949 5.7452
2 24 5.7452 -8.1949 5.7452 7.0364 -8.1949 4.0625
2 24 7.0364 -8.1949 4.0625 7.8481 -8.1949 2.1029
2 24 7.8481 -8.1949 2.1029 8.125 -8.1949 0
2 24 8.125 -8.1949 0 7.8481 -8.1949 -2.1029
2 24 7.8481 -8.1949 -2.1029 7.0364 -8.1949 -4.0625
2 24 7.0364 -8.1949 -4.0625 5.7452 -8.1949 -5.7452
2 24 5.7452 -8.1949 -5.7452 4.0625 -8.4301 -7.0365
2 24 1.4283 -8.8243 -8.006 4.0625 -8.4301 -7.0365
2 24 -13.1876 -8.9813 -1.2566 -13.2458 -8.9951 -1.7709
2 24 -13.1876 -8.9813 -1.2566 -13.6204 -9.0934 -0.8491
2 24 -10.5004 -8.5272 13.6105 -14.0266 -9.3042 14.6651
2 24 -10.5004 -8.5272 13.6105 -7.5197 -8.2455 12.2456
2 24 -7.5197 -8.2455 12.2456 -4.4339 -8.3692 10.3333
2 24 -1.902 -8.7818 7.9005 -4.0693 -8.1774 7.0529
2 24 -4.4339 -8.3692 10.3333 -1.902 -8.7818 7.9005
2 24 -19.2841 -11.4993 10.563 -18.7398 -11.1444 7.5214
2 24 -18.7398 -11.1444 7.5214 -18.1076 -10.7659 4.8702
2 24 -18.1076 -10.7659 4.8702 -17.338 -10.3944 2.3029
2 24 -17.338 -10.3944 2.3029 -15.8239 -9.8304 0.1803
2 24 -19.2841 -11.4993 10.563 -19.2538 -11.4638 12.6429
2 24 -14.0266 -9.3042 14.6651 -17.2895 -10.4472 14.7858
2 24 -17.2895 -10.4472 14.7858 -18.6874 -11.1578 13.9691
2 24 -19.2538 -11.4638 12.6429 -18.6874 -11.1578 13.9691
2 24 -13.6204 -9.0934 -0.8491 -15.8239 -9.8304 0.1803
2 24 -16.0836 -9.9979 -10.0754 -13.7928 -9.1844 -12.7996
2 24 -16.0836 -9.9979 -10.0754 -16.2919 -10.0624 -6.9506
2 24 -16.2919 -10.0624 -6.9506 -15.0099 -9.4638 -3.8075
2 24 -13.7928 -9.1844 -12.7996 -10.2244 -8.4249 -13.8476
2 24 -10.2244 -8.4249 -13.8476 -6.5642 -8.2223 -13.1922
2 24 -13.2458 -8.9951 -1.7709 -15.0099 -9.4638 -3.8075
2 24 -13.186 -13.0641 -1.2582 -13.2406 -13.0885 -1.7687
2 24 -13.186 -13.0641 -1.2582 -13.6114 -13.1861 -0.8519
2 24 -13.2406 -13.0885 -1.7687 -15.004 -13.5571 -3.8052
2 24 -15.004 -13.5571 -3.8052 -16.2858 -14.1557 -6.9492
2 24 -16.2858 -14.1557 -6.9492 -16.0772 -14.0911 -10.0769
2 24 -16.0772 -14.0911 -10.0769 -13.7863 -13.2776 -12.8007
2 24 -13.7863 -13.2776 -12.8007 -10.2209 -12.5186 -13.8476
2 24 -10.2209 -12.5186 -13.8476 -6.5632 -12.2315 -13.1921
2 24 -6.5632 -12.2315 -13.1921 -3.9349 -12.2742 -11.7106
2 24 -3.9349 -12.2742 -11.7106 -1.5723 -12.3522 -8.7715
2 24 -13.6114 -13.1861 -0.8519 -15.8162 -13.9231 0.1781
2 24 -15.8162 -13.9231 0.1781 -17.331 -14.4874 2.3002
2 24 -17.331 -14.4874 2.3002 -18.1007 -14.859 4.8676
2 24 -18.1007 -14.859 4.8676 -18.7323 -15.2374 7.5192
2 24 -18.7323 -15.2374 7.5192 -19.2762 -15.592 10.5617
2 24 -19.2762 -15.592 10.5617 -19.2458 -15.5563 12.6445
2 24 -19.2458 -15.5563 12.6445 -18.6775 -15.2496 13.9721
2 24 -18.6775 -15.2496 13.9721 -17.278 -14.5388 14.7867
2 24 -17.278 -14.5388 14.7867 -14.018 -13.3974 14.6639
2 24 -14.018 -13.3974 14.6639 -10.4953 -12.6213 13.609
2 24 -10.4953 -12.6213 13.609 -7.518 -12.34 12.2448
2 24 -7.518 -12.34 12.2448 -4.4347 -12.2007 10.333
2 24 -4.4347 -12.2007 10.333 -1.8379 -12.3183 7.6444
2 24 0 -11.9857 -9.1718 -0.6626 -11.6093 -9.1158
2 24 0 -9.4882 -9.3577 -0.7119 -9.5418 -9.0965
2 24 -1.9597 -12.3734 0.4252 -1.6835 -12.4046 -1.6103
2 24 -1.9597 -12.3734 0.4252 -2.0159 -12.3864 2.5918
2 24 -2.0159 -12.3864 2.5918 -1.8548 -12.4247 4.675
2 24 -1.8548 -12.4247 4.675 -1.5639 -12.3565 6.9965
2 24 -1.5723 -12.3522 -8.7715 -1.3079 -12.3855 -7.6313
2 24 -1.2614 -11.6108 -8.7851 -0.9413 -12.0802 -7.5718
2 24 -1.3079 -12.3855 -7.6313 -1.1063 -12.3973 -5.6431
2 24 -0.9413 -12.0802 -7.5718 -1.1063 -12.3973 -5.6431
2 24 -1.2878 -12.4135 -3.7703 -1.6835 -12.4046 -1.6103
2 24 -1.6835 -12.4046 -1.6103 -1.9597 -12.3734 0.4252
2 24 -1.9597 -12.3734 0.4252 -2.0159 -12.3864 2.5918
2 24 -1.8379 -12.3183 7.6444 -2.0378 -11.3683 8.5344
2 24 -1.8379 -12.3183 7.6444 -4.4347 -12.2007 10.333
2 24 -2.0159 -12.3864 2.5918 -1.8548 -12.4247 4.675
2 24 -1.1063 -12.3973 -5.6431 -1.3079 -12.3855 -7.6313
2 24 -13.2406 -13.0885 -1.7687 -13.186 -13.0641 -1.2582
2 24 -13.186 -13.0641 -1.2582 -13.1898 -11.2521 -1.2586
2 24 -13.6114 -13.1861 -0.8519 -13.186 -13.0641 -1.2582
2 24 -13.186 -13.0641 -1.2582 -13.1898 -11.2521 -1.2586
2 24 -13.2406 -13.0885 -1.7687 -15.004 -13.5571 -3.8052
2 24 -15.004 -13.5571 -3.8052 -16.2858 -14.1557 -6.9492
2 24 -16.2858 -14.1557 -6.9492 -16.0772 -14.0911 -10.0769
2 24 -16.0772 -14.0911 -10.0769 -13.7863 -13.2776 -12.8007
2 24 -13.7863 -13.2776 -12.8007 -10.2209 -12.5186 -13.8476
2 24 -10.2209 -12.5186 -13.8476 -6.5632 -12.2315 -13.1921
2 24 -6.5632 -12.2315 -13.1921 -3.9349 -12.2742 -11.7106
2 24 -1.5723 -12.3522 -8.7715 -3.9349 -12.2742 -11.7106
2 24 -1.2614 -11.6108 -8.7851 -1.3176 -10.6451 -9.1258
2 24 -13.6114 -13.1861 -0.8519 -15.8162 -13.9231 0.1781
2 24 -15.8162 -13.9231 0.1781 -17.331 -14.4874 2.3002
2 24 -17.331 -14.4874 2.3002 -18.1007 -14.859 4.8676
2 24 -18.1007 -14.859 4.8676 -18.7323 -15.2374 7.5192
2 24 -18.7323 -15.2374 7.5192 -19.2762 -15.592 10.5617
2 24 -19.2762 -15.592 10.5617 -19.2458 -15.5563 12.6445
2 24 -19.2458 -15.5563 12.6445 -18.6775 -15.2496 13.9721
2 24 -18.6775 -15.2496 13.9721 -17.278 -14.5388 14.7867
2 24 -17.278 -14.5388 14.7867 -14.018 -13.3974 14.6639
2 24 -14.018 -13.3974 14.6639 -10.4953 -12.6213 13.609
2 24 -10.4953 -12.6213 13.609 -7.518 -12.34 12.2448
2 24 -4.4347 -12.2007 10.333 -7.518 -12.34 12.2448
2 24 -13.1898 -11.2521 -1.2586 -13.1876 -8.9813 -1.2566
2 24 -13.2458 -8.9951 -1.7709 -13.1876 -8.9813 -1.2566
2 24 -13.6204 -9.0934 -0.8491 -13.1876 -8.9813 -1.2566
2 24 -13.1898 -11.2521 -1.2586 -13.1876 -8.9813 -1.2566
2 24 -13.2458 -8.9951 -1.7709 -15.0099 -9.4638 -3.8075
2 24 -15.0099 -9.4638 -3.8075 -16.2919 -10.0624 -6.9506
2 24 -16.2919 -10.0624 -6.9506 -16.0836 -9.9979 -10.0754
2 24 -16.0836 -9.9979 -10.0754 -13.7928 -9.1844 -12.7996
2 24 -13.7928 -9.1844 -12.7996 -10.2244 -8.4249 -13.8476
2 24 -10.2244 -8.4249 -13.8476 -6.5642 -8.2223 -13.1922
2 24 -6.5642 -8.2223 -13.1922 -3.934 -8.3857 -11.7101
2 24 -3.934 -8.3857 -11.7101 -1.4223 -8.8055 -8.0213
2 24 -1.3176 -10.6451 -9.1258 -1.1397 -9.5542 -8.8563
2 24 -13.6204 -9.0934 -0.8491 -15.8239 -9.8304 0.1803
2 24 -15.8239 -9.8304 0.1803 -17.338 -10.3944 2.3029
2 24 -17.338 -10.3944 2.3029 -18.1076 -10.7659 4.8702
2 24 -18.1076 -10.7659 4.8702 -18.7398 -11.1444 7.5214
2 24 -18.7398 -11.1444 7.5214 -19.2841 -11.4993 10.563
2 24 -19.2841 -11.4993 10.563 -19.2538 -11.4638 12.6429
2 24 -19.2538 -11.4638 12.6429 -18.6874 -11.1578 13.9691
2 24 -18.6874 -11.1578 13.9691 -17.2895 -10.4472 14.7858
2 24 -17.2895 -10.4472 14.7858 -14.0266 -9.3042 14.6651
2 24 -14.0266 -9.3042 14.6651 -10.5004 -8.5272 13.6105
2 24 -10.5004 -8.5272 13.6105 -7.5197 -8.2455 12.2456
2 24 -7.5197 -8.2455 12.2456 -4.4339 -8.3692 10.3333
2 24 -1.5723 -12.3522 -8.7715 -1.3079 -12.3855 -7.6313
2 24 -1.2878 -12.4135 -3.7703 -1.1063 -12.3973 -5.6431
2 24 -1.7023 -11.3521 8.5754 -1.4631 -11.9993 8.0525
2 24 -1.672 -10.138 8.6974 -1.4291 -8.991 7.9725
2 24 -1.4631 -11.9993 8.0525 -1.3905 -12.2491 7.5474
2 24 -1.5639 -12.3565 6.9965 -1.3905 -12.2491 7.5474
2 24 -1.7023 -11.3521 8.5754 -1.672 -10.138 8.6974
2 24 -5.7576 -8.1773 -5.7581 -4.0684 -8.4123 -7.053
2 24 -7.8662 -8.1783 -2.1077 -7.0525 -8.1779 -4.0713
2 24 -7.8662 -8.1783 -2.1077 -8.1438 -8.1784 0.0001
2 24 -8.1438 -8.1784 0.0001 -7.8663 -8.1783 2.1076
2 24 -7.8663 -8.1783 2.1076 -7.0525 -8.178 4.0715
2 24 -7.0525 -8.178 4.0715 -5.7583 -8.1776 5.7577
2 24 -1.8379 -12.3183 7.6444 -1.5639 -12.3565 6.9965
2 24 -1.8548 -12.4247 4.675 -1.5639 -12.3565 6.9965
2 24 -1.1063 -12.3973 -5.6431 -1.2878 -12.4135 -3.7703
2 24 -1.1063 -12.3973 -5.6431 -0.9413 -12.0802 -7.5718
2 24 -0.6626 -11.6093 -9.1158 -1.2614 -11.6108 -8.7851
2 24 -0.9413 -12.0802 -7.5718 -1.2614 -11.6108 -8.7851
2 24 -1.2614 -11.6108 -8.7851 -1.3176 -10.6451 -9.1258
2 24 -1.3176 -10.6451 -9.1258 -1.1397 -9.5542 -8.8563
2 24 -1.1397 -9.5542 -8.8563 -1.1695 -9.0321 -8.0466
2 24 -3.934 -8.3857 -11.7101 -1.4223 -8.8055 -8.0213
2 24 -4.0684 -8.4123 -7.053 -1.4223 -8.8055 -8.0213
2 24 -1.1397 -9.5542 -8.8563 -1.1695 -9.0321 -8.0466
2 24 -1.4223 -8.8055 -8.0213 -1.1695 -9.0321 -8.0466
2 24 -5.7576 -8.1773 -5.7581 -7.0525 -8.1779 -4.0713
2 24 -1.6835 -12.4046 -1.6103 -1.2878 -12.4135 -3.7703
2 24 -1.4223 -8.8055 -8.0213 -1.1695 -9.0321 -8.0466
2 24 -1.1695 -9.0321 -8.0466 0 -8.8726 -8.1437
2 24 -4.0693 -8.1774 7.0529 -5.7583 -8.1776 5.7577
2 24 -4.0713 0.0177 7.0518 -2.1075 0.0177 7.8652
2 24 -1.4631 -11.9993 8.0525 -1.3905 -12.2491 7.5474
2 24 -1.8379 -12.3183 7.6444 -1.5639 -12.3565 6.9965
2 24 -1.3905 -12.2491 7.5474 -1.5639 -12.3565 6.9965
2 24 -1.4631 -11.9993 8.0525 -1.7023 -11.3521 8.5754
2 24 -1.7023 -11.3521 8.5754 -1.672 -10.138 8.6974
2 24 -3.0493 0.0177 5.4909 -5.4909 0.0177 3.0493
2 24 -5.7577 0.0177 5.7577 -7.0518 0.0177 4.0713
2 24 -7.0518 0.0177 4.0713 -7.8652 0.0177 2.1075
2 24 -5.4909 0.0177 3.0493 -6.379 0.0177 0.0001
2 24 -6.379 0.0177 0.0001 -5.4693 0.0177 -3.0709
2 24 -7.8652 0.0177 -2.1075 -7.0518 0.0177 -4.0713
2 24 -7.0518 0.0177 -4.0713 -5.7577 0.0177 -5.7577
2 24 -5.4693 0.0177 -3.0709 -3.0709 0.0177 -5.4693
2 24 -3.0709 0.0177 -5.4693 0 0.0177 -6.379
2 24 -2.1076 0.0177 -7.8652 0 0.0112 -8.1474
2 24 -3.0493 0.0177 5.4909 0 0.0112 6.3743
2 24 -2.1075 0.0177 7.8652 0 0.0177 8.1427
2 24 -2.1076 0.0177 -7.8652 -4.0713 0.0177 -7.0518
2 24 -7.8652 0.0177 -2.1075 -8.1427 0.0177 0
2 24 -5.7577 0.0177 5.7577 -4.0713 0.0177 7.0518
2 24 -2.1075 0.0177 7.8652 0 0.0177 8.1427
2 24 -4.0713 0.0177 7.0518 -5.7577 0.0177 5.7577
2 24 -7.0518 0.0177 4.0713 -7.8652 0.0177 2.1075
2 24 -8.1427 0.0177 0 -7.8652 0.0177 -2.1075
2 24 -7.0518 0.0177 -4.0713 -5.7577 0.0177 -5.7577
2 24 -4.0713 0.0177 -7.0518 -2.1076 0.0177 -7.8652
2 24 0 -9.7386 6.3743 -3.0494 -9.7321 5.4909
2 24 0 0.0112 6.3743 -3.0493 0.0177 5.4909
2 24 -3.0494 -9.7321 5.4909 -5.4909 -9.7321 3.0493
2 24 -3.0493 0.0177 5.4909 -5.4909 0.0177 3.0493
2 24 -5.4909 -9.7321 3.0493 -6.379 -9.7321 0.0001
2 24 -5.4909 0.0177 3.0493 -6.379 0.0177 0.0001
2 24 -6.379 -9.7321 0.0001 -5.4693 -9.7321 -3.0709
2 24 -6.379 0.0177 0.0001 -5.4693 0.0177 -3.0709
2 24 -5.4693 0.0177 -3.0709 -3.0709 0.0177 -5.4693
2 24 -5.4693 -9.7321 -3.0709 -3.0709 -9.7321 -5.4693
2 24 -3.0709 -9.7321 -5.4693 0 -9.7321 -6.379
2 24 -3.0709 0.0177 -5.4693 0 0.0177 -6.379
2 24 0 -9.7386 6.3743 -3.0494 -9.7321 5.4909
2 24 0 -9.7386 4.1537 -1.9845 -9.7321 3.5712
2 24 -3.0494 -9.7321 5.4909 -5.4909 -9.7321 3.0493
2 24 -1.9845 -9.7321 3.5712 -3.5712 -9.7321 1.9845
2 24 -3.5712 -9.7321 1.9845 -4.149 -9.7321 -0.0001
2 24 -5.4909 -9.7321 3.0493 -6.379 -9.7321 0.0001
2 24 -6.379 -9.7321 0.0001 -5.4693 -9.7321 -3.0709
2 24 -4.149 -9.7321 -0.0001 -3.5573 -9.7321 -1.9984
2 24 -5.4693 -9.7321 -3.0709 -3.0709 -9.7321 -5.4693
2 24 -3.5573 -9.7321 -1.9984 -1.9984 -9.7321 -3.5573
2 24 -1.9984 -9.7321 -3.5573 0 -9.7321 -4.149
2 24 -3.0709 -9.7321 -5.4693 0 -9.7321 -6.379
2 24 -2.1075 0.0177 7.8652 -4.0713 0.0177 7.0518
2 24 -5.7577 0.0177 5.7577 -7.0518 0.0177 4.0713
2 24 -7.8652 0.0177 2.1075 -8.1427 0.0177 0
2 24 -7.8652 0.0177 2.1075 -8.1427 0.0177 0
2 24 -7.8652 0.0177 -2.1075 -7.0518 0.0177 -4.0713
2 24 -5.7577 0.0177 -5.7577 -4.0713 0.0177 -7.0518
2 24 -5.7577 0.0177 -5.7577 -4.0713 0.0177 -7.0518
2 24 -2.1076 0.0177 -7.8652 0 0.0112 -8.1474
2 24 -1.026 -8.7569 8.0197 0 -8.5172 8.1563
2 24 -1.4291 -8.991 7.9725 -1.026 -8.7569 8.0197
2 24 -1.902 -8.7818 7.9005 -1.4291 -8.991 7.9725
2 24 -1.672 -10.138 8.6974 -1.4291 -8.991 7.9725
2 24 -4.4339 -8.3692 10.3333 -1.902 -8.7818 7.9005
2 24 0 -8.5172 8.1563 -1.026 -8.7569 8.0197
2 24 -1.1695 -9.0321 -8.0466 0 -8.8726 -8.1437
2 24 -6.5642 -8.2223 -13.1922 -3.934 -8.3857 -11.7101
2 24 -0.7403 -10.4823 -1.8159 0 -10.4888 -1.9454
2 24 -0.7403 -5.3073 -1.8159 0 -5.3138 -1.9454
2 24 -0.7403 -10.4823 -1.8159 -1.816 -10.4823 -0.7402
2 24 -0.7403 -5.3073 -1.8159 -1.816 -5.3073 -0.7402
2 24 -1.816 -10.4823 -0.7402 -1.9501 -10.4823 0.0002
2 24 -1.816 -5.3073 -0.7402 -1.9501 -5.3073 0.0002
2 24 -1.9501 -10.4823 0.0002 -1.832 -10.4823 0.7242
2 24 -1.9501 -5.3073 0.0002 -1.832 -5.3073 0.7242
2 24 -1.832 -10.4823 0.7242 -0.7242 -10.4823 1.832
2 24 -1.832 -5.3073 0.7242 -0.7242 -5.3073 1.832
2 24 -0.7242 -10.4823 1.832 0 -10.4823 1.9501
2 24 -0.7242 -5.3073 1.832 0 -5.3073 1.9501
2 24 0 -5.3138 -1.9454 -0.7403 -5.3073 -1.8159
2 24 0 -5.3073 -4.149 -1.9984 -5.3073 -3.5573
2 24 -0.7403 -5.3073 -1.8159 -1.816 -5.3073 -0.7402
2 24 -1.9984 -5.3073 -3.5573 -3.5573 -5.3073 -1.9984
2 24 -1.816 -5.3073 -0.7402 -1.9501 -5.3073 0.0002
2 24 -3.5573 -5.3073 -1.9984 -4.149 -5.3073 -0.0001
2 24 -1.9501 -5.3073 0.0002 -1.832 -5.3073 0.7242
2 24 -4.149 -5.3073 -0.0001 -3.5712 -5.3073 1.9845
2 24 -1.832 -5.3073 0.7242 -0.7242 -5.3073 1.832
2 24 -3.5712 -5.3073 1.9845 -1.9845 -5.3073 3.5712
2 24 -0.7242 -5.3073 1.832 0 -5.3073 1.9501
2 24 -1.9845 -5.3073 3.5712 0 -5.3138 4.1537
2 24 -1.9984 -5.3073 -3.5573 0 -5.3073 -4.149
2 24 -1.9984 -9.7321 -3.5573 0 -9.7321 -4.149
2 24 -1.9984 -5.3073 -3.5573 -3.5573 -5.3073 -1.9984
2 24 -1.9984 -9.7321 -3.5573 -3.5573 -9.7321 -1.9984
2 24 -3.5573 -5.3073 -1.9984 -4.149 -5.3073 -0.0001
2 24 -3.5573 -9.7321 -1.9984 -4.149 -9.7321 -0.0001
2 24 -4.149 -5.3073 -0.0001 -3.5712 -5.3073 1.9845
2 24 -4.149 -9.7321 -0.0001 -3.5712 -9.7321 1.9845
2 24 -3.5712 -5.3073 1.9845 -1.9845 -5.3073 3.5712
2 24 -3.5712 -9.7321 1.9845 -1.9845 -9.7321 3.5712
2 24 -1.9845 -5.3073 3.5712 0 -5.3138 4.1537
2 24 -1.9845 -9.7321 3.5712 0 -9.7386 4.1537
2 24 0 -10.4823 1.9501 -0.7242 -10.4823 1.832
2 24 -0.7242 -10.4823 1.832 -1.832 -10.4823 0.7242
2 24 -1.832 -10.4823 0.7242 -1.9501 -10.4823 0.0002
2 24 -1.9501 -10.4823 0.0002 -1.816 -10.4823 -0.7402
2 24 -1.816 -10.4823 -0.7402 -0.7403 -10.4823 -1.8159
2 24 -0.7403 -10.4823 -1.8159 0 -10.4888 -1.9454
2 24 13.1876 -8.9813 -1.2566 13.2458 -8.9951 -1.7709
2 24 13.1876 -8.9813 -1.2566 13.6204 -9.0934 -0.8491
2 24 13.2458 -8.9951 -1.7709 15.0099 -9.4638 -3.8075
2 24 15.0099 -9.4638 -3.8075 16.2919 -10.0624 -6.9506
2 24 16.2919 -10.0624 -6.9506 16.0836 -9.9979 -10.0754
2 24 16.0836 -9.9979 -10.0754 13.7928 -9.1844 -12.7996
2 24 13.7928 -9.1844 -12.7996 10.2244 -8.4249 -13.8476
2 24 10.2244 -8.4249 -13.8476 6.5642 -8.2223 -13.1922
2 24 6.5642 -8.2223 -13.1922 3.934 -8.3857 -11.7101
2 24 13.6204 -9.0934 -0.8491 15.8239 -9.8304 0.1803
2 24 15.8239 -9.8304 0.1803 17.338 -10.3944 2.3029
2 24 17.338 -10.3944 2.3029 18.1076 -10.7659 4.8702
2 24 18.1076 -10.7659 4.8702 18.7398 -11.1444 7.5214
2 24 18.7398 -11.1444 7.5214 19.2841 -11.4993 10.563
2 24 19.2841 -11.4993 10.563 19.2538 -11.4638 12.6429
2 24 19.2538 -11.4638 12.6429 18.6874 -11.1578 13.9691
2 24 18.6874 -11.1578 13.9691 17.2895 -10.4472 14.7858
2 24 17.2895 -10.4472 14.7858 14.0266 -9.3042 14.6651
2 24 14.0266 -9.3042 14.6651 10.5004 -8.5272 13.6105
2 24 10.5004 -8.5272 13.6105 7.5197 -8.2455 12.2456
2 24 7.5197 -8.2455 12.2456 4.4339 -8.3691 10.3333
2 24 4.0684 -8.4123 -7.053 1.4223 -8.8055 -8.0213
2 24 3.934 -8.3857 -11.7101 1.4223 -8.8055 -8.0213
2 24 5.7583 -8.1776 5.7577 7.0525 -8.178 4.0715
2 24 4.0684 -8.4123 -7.053 5.7576 -8.1773 -5.7581
2 24 0 -11.9857 -9.1718 0.6626 -11.6093 -9.1158
2 24 0 -9.4882 -9.3577 0.7119 -9.5418 -9.0965
2 24 1.9597 -12.3734 0.4252 1.6835 -12.4046 -1.6103
2 24 1.9597 -12.3734 0.4252 2.0159 -12.3864 2.5918
2 24 2.0159 -12.3864 2.5918 1.8548 -12.4247 4.675
2 24 1.8548 -12.4247 4.675 1.5639 -12.3565 6.9965
2 24 0.9413 -12.0802 -7.5718 1.2614 -11.6108 -8.7851
2 24 1.3079 -12.3855 -7.6313 1.5723 -12.3522 -8.7715
2 24 0.9413 -12.0802 -7.5718 1.1063 -12.3973 -5.6431
2 24 1.3079 -12.3855 -7.6313 1.1063 -12.3973 -5.6431
2 24 1.6835 -12.4046 -1.6103 1.2878 -12.4135 -3.7703
2 24 1.6835 -12.4046 -1.6103 1.9597 -12.3734 0.4252
2 24 1.9597 -12.3734 0.4252 2.0159 -12.3864 2.5918
2 24 6.5632 -12.2315 -13.1921 3.9349 -12.2742 -11.7106
2 24 13.186 -13.0641 -1.2582 13.2406 -13.0885 -1.7687
2 24 13.186 -13.0641 -1.2582 13.6114 -13.1861 -0.8519
2 24 10.4953 -12.6213 13.609 14.018 -13.3974 14.6639
2 24 10.4953 -12.6213 13.609 7.518 -12.34 12.2448
2 24 7.518 -12.34 12.2448 4.4347 -12.2007 10.333
2 24 4.4347 -12.2007 10.333 1.8379 -12.3183 7.6444
2 24 19.2762 -15.592 10.5617 18.7323 -15.2374 7.5192
2 24 18.7323 -15.2374 7.5192 18.1007 -14.859 4.8676
2 24 18.1007 -14.859 4.8676 17.331 -14.4874 2.3002
2 24 17.331 -14.4874 2.3002 15.8162 -13.9231 0.1781
2 24 19.2762 -15.592 10.5617 19.2458 -15.5563 12.6445
2 24 14.018 -13.3974 14.6639 17.278 -14.5388 14.7867
2 24 17.278 -14.5388 14.7867 18.6775 -15.2496 13.9721
2 24 19.2458 -15.5563 12.6445 18.6775 -15.2496 13.9721
2 24 2.0159 -12.3864 2.5918 1.8548 -12.4247 4.675
2 24 1.8379 -12.3183 7.6444 1.5639 -12.3565 6.9965
2 24 1.8548 -12.4247 4.675 1.5639 -12.3565 6.9965
2 24 13.6114 -13.1861 -0.8519 15.8162 -13.9231 0.1781
2 24 16.0772 -14.0911 -10.0769 13.7863 -13.2776 -12.8007
2 24 16.0772 -14.0911 -10.0769 16.2858 -14.1557 -6.9492
2 24 16.2858 -14.1557 -6.9492 15.004 -13.5571 -3.8052
2 24 13.7863 -13.2776 -12.8007 10.2209 -12.5186 -13.8476
2 24 6.5632 -12.2315 -13.1921 10.2209 -12.5186 -13.8476
2 24 13.2406 -13.0885 -1.7687 15.004 -13.5571 -3.8052
2 24 3.9349 -12.2742 -11.7106 1.5723 -12.3522 -8.7715
2 24 1.1063 -12.3973 -5.6431 1.3079 -12.3855 -7.6313
2 24 13.2406 -13.0885 -1.7687 13.186 -13.0641 -1.2582
2 24 13.186 -13.0641 -1.2582 13.1898 -11.2521 -1.2586
2 24 13.1898 -11.2521 -1.2586 13.186 -13.0641 -1.2582
2 24 13.186 -13.0641 -1.2582 13.6114 -13.1861 -0.8519
2 24 13.2406 -13.0885 -1.7687 15.004 -13.5571 -3.8052
2 24 15.004 -13.5571 -3.8052 16.2858 -14.1557 -6.9492
2 24 16.2858 -14.1557 -6.9492 16.0772 -14.0911 -10.0769
2 24 16.0772 -14.0911 -10.0769 13.7863 -13.2776 -12.8007
2 24 13.7863 -13.2776 -12.8007 10.2209 -12.5186 -13.8476
2 24 10.2209 -12.5186 -13.8476 6.5632 -12.2315 -13.1921
2 24 6.5632 -12.2315 -13.1921 3.9349 -12.2742 -11.7106
2 24 1.5723 -12.3522 -8.7715 3.9349 -12.2742 -11.7106
2 24 1.2614 -11.6108 -8.7851 1.3176 -10.6451 -9.1258
2 24 13.6114 -13.1861 -0.8519 15.8162 -13.9231 0.1781
2 24 15.8162 -13.9231 0.1781 17.331 -14.4874 2.3002
2 24 17.331 -14.4874 2.3002 18.1007 -14.859 4.8676
2 24 18.1007 -14.859 4.8676 18.7323 -15.2374 7.5192
2 24 18.7323 -15.2374 7.5192 19.2762 -15.592 10.5617
2 24 19.2762 -15.592 10.5617 19.2458 -15.5563 12.6445
2 24 19.2458 -15.5563 12.6445 18.6775 -15.2496 13.9721
2 24 18.6775 -15.2496 13.9721 17.278 -14.5388 14.7867
2 24 17.278 -14.5388 14.7867 14.018 -13.3974 14.6639
2 24 14.018 -13.3974 14.6639 10.4953 -12.6213 13.609
2 24 10.4953 -12.6213 13.609 7.518 -12.34 12.2448
2 24 7.518 -12.34 12.2448 4.4347 -12.2007 10.333
2 24 7.5197 -8.2455 12.2456 4.4339 -8.3691 10.3333
2 24 7.5197 -8.2455 12.2456 10.5004 -8.5272 13.6105
2 24 10.5004 -8.5272 13.6105 14.0266 -9.3042 14.6651
2 24 14.0266 -9.3042 14.6651 17.2895 -10.4472 14.7858
2 24 17.2895 -10.4472 14.7858 18.6874 -11.1578 13.9691
2 24 18.6874 -11.1578 13.9691 19.2538 -11.4638 12.6429
2 24 19.2538 -11.4638 12.6429 19.2841 -11.4993 10.563
2 24 19.2841 -11.4993 10.563 18.7398 -11.1444 7.5214
2 24 18.7398 -11.1444 7.5214 18.1076 -10.7659 4.8702
2 24 18.1076 -10.7659 4.8702 17.338 -10.3944 2.3029
2 24 17.338 -10.3944 2.3029 15.8239 -9.8304 0.1803
2 24 15.8239 -9.8304 0.1803 13.6204 -9.0934 -0.8491
2 24 13.6204 -9.0934 -0.8491 13.1876 -8.9813 -1.2566
2 24 13.1898 -11.2521 -1.2586 13.1876 -8.9813 -1.2566
2 24 13.2458 -8.9951 -1.7709 13.1876 -8.9813 -1.2566
2 24 13.1898 -11.2521 -1.2586 13.1876 -8.9813 -1.2566
2 24 13.2458 -8.9951 -1.7709 15.0099 -9.4638 -3.8075
2 24 15.0099 -9.4638 -3.8075 16.2919 -10.0624 -6.9506
2 24 16.2919 -10.0624 -6.9506 16.0836 -9.9979 -10.0754
2 24 16.0836 -9.9979 -10.0754 13.7928 -9.1844 -12.7996
2 24 13.7928 -9.1844 -12.7996 10.2244 -8.4249 -13.8476
2 24 10.2244 -8.4249 -13.8476 6.5642 -8.2223 -13.1922
2 24 6.5642 -8.2223 -13.1922 3.934 -8.3857 -11.7101
2 24 3.934 -8.3857 -11.7101 1.4223 -8.8055 -8.0213
2 24 1.3176 -10.6451 -9.1258 1.1397 -9.5542 -8.8563
2 24 1.5723 -12.3522 -8.7715 1.3079 -12.3855 -7.6313
2 24 1.2878 -12.4135 -3.7703 1.1063 -12.3973 -5.6431
2 24 1.4631 -11.9993 8.0525 1.7022 -11.3521 8.5754
2 24 1.4292 -8.9911 7.9725 1.6575 -10.1387 8.7045
2 24 1.4631 -11.9993 8.0525 1.3905 -12.2491 7.5474
2 24 1.5639 -12.3565 6.9965 1.3905 -12.2491 7.5474
2 24 1.7022 -11.3521 8.5754 1.6575 -10.1387 8.7045
2 24 1.5639 -12.3565 6.9965 1.8379 -12.3183 7.6444
2 24 1.5639 -12.3565 6.9965 1.3905 -12.2491 7.5474
2 24 1.3905 -12.2491 7.5474 1.4631 -11.9993 8.0525
2 24 5.7576 -8.1773 -5.7581 7.0525 -8.1779 -4.0713
2 24 1.4292 -8.9911 7.9725 1.902 -8.7818 7.9005
2 24 1.4292 -8.9911 7.9725 1.026 -8.7569 8.0197
2 24 4.4339 -8.3691 10.3333 1.902 -8.7818 7.9005
2 24 1.902 -8.7818 7.9005 4.0693 -8.1774 7.0529
2 24 4.4339 -8.3691 10.3333 1.902 -8.7818 7.9005
2 24 1.8379 -12.3183 7.6444 2.0378 -11.3684 8.5344
2 24 4.4347 -12.2007 10.333 1.8379 -12.3183 7.6444
2 24 1.1063 -12.3973 -5.6431 1.2878 -12.4135 -3.7703
2 24 1.1063 -12.3973 -5.6431 0.9413 -12.0802 -7.5718
2 24 0.6626 -11.6093 -9.1158 1.2614 -11.6108 -8.7851
2 24 0.9413 -12.0802 -7.5718 1.2614 -11.6108 -8.7851
2 24 1.2614 -11.6108 -8.7851 1.3176 -10.6451 -9.1258
2 24 1.3176 -10.6451 -9.1258 1.1397 -9.5542 -8.8563
2 24 1.1397 -9.5542 -8.8563 1.1695 -9.0321 -8.0466
2 24 1.1397 -9.5542 -8.8563 1.1695 -9.0321 -8.0466
2 24 1.4223 -8.8055 -8.0213 1.1695 -9.0321 -8.0466
2 24 7.0525 -8.178 4.0715 7.8663 -8.1783 2.1076
2 24 7.8663 -8.1783 2.1076 8.1438 -8.1784 0.0001
2 24 8.1438 -8.1784 0.0001 7.8662 -8.1783 -2.1077
2 24 7.0525 -8.1779 -4.0713 7.8662 -8.1783 -2.1077
2 24 1.6835 -12.4046 -1.6103 1.2878 -12.4135 -3.7703
2 24 1.4223 -8.8055 -8.0213 1.1695 -9.0321 -8.0466
2 24 0 -8.8726 -8.1437 1.1695 -9.0321 -8.0466
2 24 2.1076 0.0177 -7.8652 4.0713 0.0177 -7.0518
2 24 1.4631 -11.9993 8.0525 1.7022 -11.3521 8.5754
2 24 1.7022 -11.3521 8.5754 1.6575 -10.1387 8.7045
2 24 0 0.0177 8.1427 2.1075 0.0177 7.8652
2 24 0 0.0112 6.3743 3.0493 0.0177 5.4909
2 24 4.0713 0.0177 -7.0518 2.1076 0.0177 -7.8652
2 24 7.0518 0.0177 -4.0713 5.7577 0.0177 -5.7577
2 24 3.0709 0.0177 -5.4693 5.4693 0.0177 -3.0709
2 24 8.1427 0.0177 0 7.8652 0.0177 -2.1075
2 24 7.0518 0.0177 4.0713 7.8652 0.0177 2.1075
2 24 6.379 0.0177 0.0001 5.4909 0.0177 3.0493
2 24 4.0713 0.0177 7.0518 5.7577 0.0177 5.7577
2 24 0 -9.7386 6.3743 3.0494 -9.7321 5.4909
2 24 0 0.0112 6.3743 3.0493 0.0177 5.4909
2 24 3.0494 -9.7321 5.4909 5.4909 -9.7321 3.0493
2 24 3.0493 0.0177 5.4909 5.4909 0.0177 3.0493
2 24 5.4909 -9.7321 3.0493 6.379 -9.7321 0.0001
2 24 5.4909 0.0177 3.0493 6.379 0.0177 0.0001
2 24 6.379 -9.7321 0.0001 5.4693 -9.7321 -3.0709
2 24 6.379 0.0177 0.0001 5.4693 0.0177 -3.0709
2 24 5.4693 -9.7321 -3.0709 3.0709 -9.7321 -5.4693
2 24 5.4693 0.0177 -3.0709 3.0709 0.0177 -5.4693
2 24 0 -9.7321 -6.379 3.0709 -9.7321 -5.4693
2 24 0 0.0177 -6.379 3.0709 0.0177 -5.4693
2 24 0 -9.7386 6.3743 3.0494 -9.7321 5.4909
2 24 0 -9.7386 4.1537 1.9845 -9.7321 3.5712
2 24 3.0494 -9.7321 5.4909 5.4909 -9.7321 3.0493
2 24 1.9845 -9.7321 3.5712 3.5712 -9.7321 1.9845
2 24 5.4909 -9.7321 3.0493 6.379 -9.7321 0.0001
2 24 3.5712 -9.7321 1.9845 4.149 -9.7321 -0.0001
2 24 6.379 -9.7321 0.0001 5.4693 -9.7321 -3.0709
2 24 4.149 -9.7321 -0.0001 3.5573 -9.7321 -1.9984
2 24 5.4693 -9.7321 -3.0709 3.0709 -9.7321 -5.4693
2 24 3.5573 -9.7321 -1.9984 1.9984 -9.7321 -3.5573
2 24 0 -9.7321 -6.379 3.0709 -9.7321 -5.4693
2 24 0 -9.7321 -4.149 1.9984 -9.7321 -3.5573
2 24 0 -5.3138 4.1537 1.9845 -5.3073 3.5712
2 24 0 -9.7386 4.1537 1.9845 -9.7321 3.5712
2 24 1.9845 -9.7321 3.5712 3.5712 -9.7321 1.9845
2 24 1.9845 -5.3073 3.5712 3.5712 -5.3073 1.9845
2 24 3.5712 -9.7321 1.9845 4.149 -9.7321 -0.0001
2 24 3.5712 -5.3073 1.9845 4.149 -5.3073 -0.0001
2 24 4.149 -9.7321 -0.0001 3.5573 -9.7321 -1.9984
2 24 4.149 -5.3073 -0.0001 3.5573 -5.3073 -1.9984
2 24 3.5573 -9.7321 -1.9984 1.9984 -9.7321 -3.5573
2 24 3.5573 -5.3073 -1.9984 1.9984 -5.3073 -3.5573
2 24 0 -9.7321 -4.149 1.9984 -9.7321 -3.5573
2 24 0 -5.3073 -4.149 1.9984 -5.3073 -3.5573
2 24 0 -5.3073 1.9501 0.7242 -5.3073 1.832
2 24 0 -5.3138 4.1537 1.9845 -5.3073 3.5712
2 24 1.9845 -5.3073 3.5712 3.5712 -5.3073 1.9845
2 24 0.7242 -5.3073 1.832 1.832 -5.3073 0.7242
2 24 3.5712 -5.3073 1.9845 4.149 -5.3073 -0.0001
2 24 1.832 -5.3073 0.7242 1.9501 -5.3073 0.0002
2 24 4.149 -5.3073 -0.0001 3.5573 -5.3073 -1.9984
2 24 1.9501 -5.3073 0.0002 1.816 -5.3073 -0.7402
2 24 3.5573 -5.3073 -1.9984 1.9984 -5.3073 -3.5573
2 24 1.816 -5.3073 -0.7402 0.7403 -5.3073 -1.8159
2 24 0 -5.3073 -4.149 1.9984 -5.3073 -3.5573
2 24 0 -5.3138 -1.9454 0.7403 -5.3073 -1.8159
2 24 0 -10.4823 1.9501 0.7242 -10.4823 1.832
2 24 0 -5.3073 1.9501 0.7242 -5.3073 1.832
2 24 0.7242 -5.3073 1.832 1.832 -5.3073 0.7242
2 24 0.7242 -10.4823 1.832 1.832 -10.4823 0.7242
2 24 1.832 -5.3073 0.7242 1.9501 -5.3073 0.0002
2 24 1.832 -10.4823 0.7242 1.9501 -10.4823 0.0002
2 24 1.9501 -5.3073 0.0002 1.816 -5.3073 -0.7402
2 24 1.9501 -10.4823 0.0002 1.816 -10.4823 -0.7402
2 24 1.816 -5.3073 -0.7402 0.7403 -5.3073 -1.8159
2 24 1.816 -10.4823 -0.7402 0.7403 -10.4823 -1.8159
2 24 0 -5.3138 -1.9454 0.7403 -5.3073 -1.8159
2 24 0 -10.4888 -1.9454 0.7403 -10.4823 -1.8159
2 24 2.1075 0.0177 7.8652 4.0713 0.0177 7.0518
2 24 3.0493 0.0177 5.4909 5.4909 0.0177 3.0493
2 24 7.0518 0.0177 4.0713 5.7577 0.0177 5.7577
2 24 8.1427 0.0177 0 7.8652 0.0177 2.1075
2 24 5.4693 0.0177 -3.0709 6.379 0.0177 0.0001
2 24 7.0518 0.0177 -4.0713 7.8652 0.0177 -2.1075
2 24 4.0713 0.0177 -7.0518 5.7577 0.0177 -5.7577
2 24 0 0.0177 -6.379 3.0709 0.0177 -5.4693
2 24 0 0.0112 -8.1474 2.1076 0.0177 -7.8652
2 24 4.0713 0.0177 7.0518 2.1075 0.0177 7.8652
2 24 0 0.0177 8.1427 2.1075 0.0177 7.8652
2 24 4.0713 0.0177 -7.0518 5.7577 0.0177 -5.7577
2 24 5.7577 0.0177 -5.7577 7.0518 0.0177 -4.0713
2 24 7.0518 0.0177 -4.0713 7.8652 0.0177 -2.1075
2 24 7.8652 0.0177 -2.1075 8.1427 0.0177 0
2 24 8.1427 0.0177 0 7.8652 0.0177 2.1075
2 24 7.8652 0.0177 2.1075 7.0518 0.0177 4.0713
2 24 7.0518 0.0177 4.0713 5.7577 0.0177 5.7577
2 24 4.0713 0.0177 7.0518 5.7577 0.0177 5.7577
2 24 0 -8.5172 8.1563 1.026 -8.7569 8.0197
2 24 1.4292 -8.9911 7.9725 1.026 -8.7569 8.0197
2 24 1.902 -8.7818 7.9005 1.4292 -8.9911 7.9725
2 24 1.6575 -10.1387 8.7045 1.4292 -8.9911 7.9725
2 24 0 -8.5172 8.1563 1.026 -8.7569 8.0197
2 24 0 -8.8726 -8.1437 1.1695 -9.0321 -8.0466
2 24 0 0.0112 -8.1474 2.1076 0.0177 -7.8652
2 24 5.7583 -8.1776 5.7577 4.0693 -8.1774 7.0529
2 24 0 -10.4823 1.9501 0.7242 -10.4823 1.832
2 24 0.7242 -10.4823 1.832 1.832 -10.4823 0.7242
2 24 1.832 -10.4823 0.7242 1.9501 -10.4823 0.0002
2 24 1.9501 -10.4823 0.0002 1.816 -10.4823 -0.7402
2 24 1.816 -10.4823 -0.7402 0.7403 -10.4823 -1.8159
2 24 0 -10.4888 -1.9454 0.7403 -10.4823 -1.8159
2 24 -1.902 -8.7818 7.9005 -1.4291 -8.991 7.9725
2 24 -1.026 -8.7569 8.0197 -1.4291 -8.991 7.9725
2 24 -1.4223 -8.8055 -8.0213 -4.0684 -8.4123 -7.053
2 24 -4.0684 -8.4123 -7.053 -5.7576 -8.1773 -5.7581
2 24 -5.7576 -8.1773 -5.7581 -7.0525 -8.1779 -4.0713
2 24 -7.0525 -8.1779 -4.0713 -7.8662 -8.1783 -2.1077
2 24 -7.8662 -8.1783 -2.1077 -8.1438 -8.1784 0.0001
2 24 -8.1438 -8.1784 0.0001 -7.8663 -8.1783 2.1076
2 24 -7.8663 -8.1783 2.1076 -7.0525 -8.178 4.0715
2 24 -7.0525 -8.178 4.0715 -5.7583 -8.1776 5.7577
2 24 -5.7583 -8.1776 5.7577 -4.0693 -8.1774 7.0529
2 24 -1.902 -8.7818 7.9005 -4.0693 -8.1774 7.0529
2 24 1.902 -8.7818 7.9005 4.0693 -8.1774 7.0529
2 24 4.0693 -8.1774 7.0529 5.7583 -8.1776 5.7577
2 24 5.7583 -8.1776 5.7577 7.0525 -8.178 4.0715
2 24 7.0525 -8.178 4.0715 7.8663 -8.1783 2.1076
2 24 7.8663 -8.1783 2.1076 8.1438 -8.1784 0.0001
2 24 8.1438 -8.1784 0.0001 7.8662 -8.1783 -2.1077
2 24 7.8662 -8.1783 -2.1077 7.0525 -8.1779 -4.0713
2 24 7.0525 -8.1779 -4.0713 5.7576 -8.1773 -5.7581
2 24 5.7576 -8.1773 -5.7581 4.0684 -8.4123 -7.053
2 24 1.4223 -8.8055 -8.0213 4.0684 -8.4123 -7.053
0 STEP
