0 Untitled Model
0 Name: Untitled Model
0 Author: 
0 BFC CERTIFY CCW
3 16 0 -24.3783 -9.4792 4.7735 -22.2279 -8.2363 0.0065 -22.176 -8.5705
3 16 4.8812 -24.4648 -9.209 4.7735 -22.2279 -8.2363 0 -24.3783 -9.4792
3 16 4.725 -20.0509 -7.4082 6.7906 -22.2948 -7.8147 6.9052 -20.2398 -7.0973
3 16 4.7735 -22.2279 -8.2363 6.7906 -22.2948 -7.8147 4.725 -20.0509 -7.4082
3 16 6.9052 -20.2398 -7.0973 8.8054 -22.5924 -6.2123 8.7949 -20.4689 -5.6962
3 16 6.7906 -22.2948 -7.8147 8.8054 -22.5924 -6.2123 6.9052 -20.2398 -7.0973
3 16 8.8054 -22.5924 -6.2123 8.9863 -25.0497 -5.019 9.0044 -22.7405 -4.5385
3 16 8.7115 -24.9572 -6.9277 8.9863 -25.0497 -5.019 8.8054 -22.5924 -6.2123
3 16 7.5537 -19.0395 5.9284 5.1395 -19.2815 6.569 5.0754 -18.8905 6.1158
3 16 7.8981 -19.7863 5.9665 5.1395 -19.2815 6.569 7.5537 -19.0395 5.9284
3 16 8.7949 -20.4689 -5.6962 9.0044 -22.7405 -4.5385 9.0322 -19.5581 -3.9323
3 16 8.8054 -22.5924 -6.2123 9.0044 -22.7405 -4.5385 8.7949 -20.4689 -5.6962
3 16 9.0322 -19.5581 -3.9323 9.0912 -22.7625 -1.6987 9.1565 -19.5396 -1.1992
3 16 9.0044 -22.7405 -4.5385 9.0912 -22.7625 -1.6987 9.0322 -19.5581 -3.9323
3 16 9.1565 -19.5396 -1.1992 9.1278 -22.5966 1.1227 9.2335 -19.2169 1.8453
3 16 9.0912 -22.7625 -1.6987 9.1278 -22.5966 1.1227 9.1565 -19.5396 -1.1992
3 16 9.1389 -22.6717 2.7308 9.2335 -19.2169 1.8453 9.1278 -22.5966 1.1227
3 16 9.2913 -17.3957 4.9413 9.2335 -19.2169 1.8453 9.1389 -22.6717 2.7308
3 16 7.5537 -19.0395 5.9284 9.2913 -17.3957 4.9413 9.1389 -22.6717 2.7308
3 16 8.0815 -16.8318 6.0873 9.2913 -17.3957 4.9413 7.5537 -19.0395 5.9284
3 16 5.0686 -16.7529 6.2009 7.5537 -19.0395 5.9284 5.0754 -18.8905 6.1158
3 16 8.0815 -16.8318 6.0873 7.5537 -19.0395 5.9284 5.0686 -16.7529 6.2009
3 16 2.4616 -18.7239 6.218 5.0686 -16.7529 6.2009 5.0754 -18.8905 6.1158
3 16 2.4903 -16.6961 6.3108 5.0686 -16.7529 6.2009 2.4616 -18.7239 6.218
3 16 9.0322 -19.5581 -3.9323 8.7905 -18.4787 -5.3048 8.7949 -20.4689 -5.6962
3 16 6.8963 -18.2773 -6.6381 8.7949 -20.4689 -5.6962 8.7905 -18.4787 -5.3048
3 16 6.9052 -20.2398 -7.0973 8.7949 -20.4689 -5.6962 6.8963 -18.2773 -6.6381
3 16 4.725 -20.0509 -7.4082 6.8963 -18.2773 -6.6381 4.7018 -17.3517 -6.7394
3 16 6.9052 -20.2398 -7.0973 6.8963 -18.2773 -6.6381 4.725 -20.0509 -7.4082
3 16 2.4549 -19.388 -7.4333 4.7018 -17.3517 -6.7394 2.4952 -17.2474 -6.8908
3 16 4.725 -20.0509 -7.4082 4.7018 -17.3517 -6.7394 2.4549 -19.388 -7.4333
3 16 2.3776 -19.5171 -5.5549 2.4952 -17.2474 -6.8908 2.471 -17.6488 -3.4532
3 16 2.4549 -19.388 -7.4333 2.4952 -17.2474 -6.8908 2.3776 -19.5171 -5.5549
3 16 9.2913 -17.3957 4.9413 8.0266 -15.6035 4.8681 9.3215 -16.5973 2.8368
3 16 8.0815 -16.8318 6.0873 8.0266 -15.6035 4.8681 9.2913 -17.3957 4.9413
3 16 9.2335 -19.2169 1.8453 9.3215 -16.5973 2.8368 9.2952 -15.5065 1.715
3 16 9.2421 -15.7204 -0.9993 9.2335 -19.2169 1.8453 9.2952 -15.5065 1.715
3 16 9.1565 -19.5396 -1.1992 9.2335 -19.2169 1.8453 9.2421 -15.7204 -0.9993
3 16 9.093 -15.7567 -3.5469 9.1565 -19.5396 -1.1992 9.2421 -15.7204 -0.9993
3 16 9.0322 -19.5581 -3.9323 9.1565 -19.5396 -1.1992 9.093 -15.7567 -3.5469
3 16 8.7917 -16.5473 -5.1324 9.0322 -19.5581 -3.9323 9.093 -15.7567 -3.5469
3 16 8.7905 -18.4787 -5.3048 9.0322 -19.5581 -3.9323 8.7917 -16.5473 -5.1324
3 16 6.9271 -16.5067 -6.403 8.7905 -18.4787 -5.3048 8.7917 -16.5473 -5.1324
3 16 6.8963 -18.2773 -6.6381 8.7905 -18.4787 -5.3048 6.9271 -16.5067 -6.403
3 16 6.8963 -18.2773 -6.6381 6.9271 -16.5067 -6.403 4.7018 -17.3517 -6.7394
3 16 8.0815 -16.8318 6.0873 5.1663 -15.5035 5.0824 8.0266 -15.6035 4.8681
3 16 5.0686 -16.7529 6.2009 5.1663 -15.5035 5.0824 8.0815 -16.8318 6.0873
3 16 5.0686 -16.7529 6.2009 2.4905 -15.4088 5.1931 5.1663 -15.5035 5.0824
3 16 2.4903 -16.6961 6.3108 2.4905 -15.4088 5.1931 5.0686 -16.7529 6.2009
3 16 8.0266 -15.6035 4.8681 9.2858 -13.8835 4.347 9.3215 -16.5973 2.8368
3 16 8.1376 -13.3084 5.4714 9.2858 -13.8835 4.347 8.0266 -15.6035 4.8681
3 16 8.1376 -13.3084 5.4714 5.1663 -15.5035 5.0824 5.2031 -13.2468 5.6219
3 16 8.0266 -15.6035 4.8681 5.1663 -15.5035 5.0824 8.1376 -13.3084 5.4714
3 16 5.2031 -13.2468 5.6219 2.4905 -15.4088 5.1931 2.5095 -13.238 5.7235
3 16 5.1663 -15.5035 5.0824 2.4905 -15.4088 5.1931 5.2031 -13.2468 5.6219
3 16 9.2858 -13.8835 4.347 9.2952 -15.5065 1.715 9.3215 -16.5973 2.8368
3 16 9.2742 -13.363 2.5817 9.2952 -15.5065 1.715 9.2858 -13.8835 4.347
3 16 9.093 -15.7567 -3.5469 8.8886 -13.9902 -5.0069 8.7917 -16.5473 -5.1324
3 16 6.9962 -13.8982 -6.155 8.7917 -16.5473 -5.1324 8.8886 -13.9902 -5.0069
3 16 6.9271 -16.5067 -6.403 8.7917 -16.5473 -5.1324 6.9962 -13.8982 -6.155
3 16 4.7525 -13.9192 -6.3112 6.9271 -16.5067 -6.403 6.9962 -13.8982 -6.155
3 16 4.7018 -17.3517 -6.7394 6.9271 -16.5067 -6.403 4.7525 -13.9192 -6.3112
3 16 2.4952 -17.2474 -6.8908 4.7525 -13.9192 -6.3112 2.5036 -13.9048 -6.3928
3 16 4.7018 -17.3517 -6.7394 4.7525 -13.9192 -6.3112 2.4952 -17.2474 -6.8908
3 16 2.5036 -13.9048 -6.3928 2.471 -17.6488 -3.4532 2.4952 -17.2474 -6.8908
3 16 2.5 -14.3251 -2.8274 2.471 -17.6488 -3.4532 2.5036 -13.9048 -6.3928
3 16 8.8886 -13.9902 -5.0069 9.093 -15.7567 -3.5469 9.1998 -12.2698 -3.4557
3 16 9.3074 -12.3343 -1.1722 9.093 -15.7567 -3.5469 9.2421 -15.7204 -0.9993
3 16 9.1998 -12.2698 -3.4557 9.093 -15.7567 -3.5469 9.3074 -12.3343 -1.1722
3 16 9.2989 -12.3652 1.1304 9.2421 -15.7204 -0.9993 9.2952 -15.5065 1.715
3 16 9.3074 -12.3343 -1.1722 9.2421 -15.7204 -0.9993 9.2989 -12.3652 1.1304
3 16 9.2742 -13.363 2.5817 9.2989 -12.3652 1.1304 9.2952 -15.5065 1.715
3 16 9.2156 -11.8097 2.384 9.2989 -12.3652 1.1304 9.2742 -13.363 2.5817
3 16 9.2858 -13.8835 4.347 7.2842 -12.0001 3.7563 9.2742 -13.363 2.5817
3 16 8.1376 -13.3084 5.4714 7.2842 -12.0001 3.7563 9.2858 -13.8835 4.347
3 16 7.2842 -12.0001 3.7563 5.2031 -13.2468 5.6219 5.1182 -11.939 3.8946
3 16 8.1376 -13.3084 5.4714 5.2031 -13.2468 5.6219 7.2842 -12.0001 3.7563
3 16 5.1182 -11.939 3.8946 2.5095 -13.238 5.7235 2.5267 -11.8324 3.9631
3 16 5.2031 -13.2468 5.6219 2.5095 -13.238 5.7235 5.1182 -11.939 3.8946
3 16 7.0765 -11.3326 -5.8815 8.8886 -13.9902 -5.0069 8.9668 -11.3715 -4.903
3 16 6.9962 -13.8982 -6.155 8.8886 -13.9902 -5.0069 7.0765 -11.3326 -5.8815
3 16 9.1998 -12.2698 -3.4557 8.9668 -11.3715 -4.903 8.8886 -13.9902 -5.0069
3 16 9.2156 -11.8097 2.384 7.2842 -12.0001 3.7563 7.4664 -11.0022 3.4278
3 16 9.2742 -13.363 2.5817 7.2842 -12.0001 3.7563 9.2156 -11.8097 2.384
3 16 7.2842 -12.0001 3.7563 5.092 -10.7951 3.5492 7.4664 -11.0022 3.4278
3 16 5.1182 -11.939 3.8946 5.092 -10.7951 3.5492 7.2842 -12.0001 3.7563
3 16 5.092 -10.7951 3.5492 2.5267 -11.8324 3.9631 2.5318 -10.6763 3.5914
3 16 5.1182 -11.939 3.8946 2.5267 -11.8324 3.9631 5.092 -10.7951 3.5492
3 16 6.9962 -13.8982 -6.155 4.8059 -11.4046 -6.0408 4.7525 -13.9192 -6.3112
3 16 7.0765 -11.3326 -5.8815 4.8059 -11.4046 -6.0408 6.9962 -13.8982 -6.155
3 16 4.7525 -13.9192 -6.3112 2.5251 -11.4518 -6.1187 2.5036 -13.9048 -6.3928
3 16 4.8059 -11.4046 -6.0408 2.5251 -11.4518 -6.1187 4.7525 -13.9192 -6.3112
3 16 2.5 -14.3251 -2.8274 2.5251 -11.4518 -6.1187 2.5294 -10.9574 -2.4604
3 16 2.5036 -13.9048 -6.3928 2.5251 -11.4518 -6.1187 2.5 -14.3251 -2.8274
3 16 9.2156 -11.8097 2.384 9.4388 -9.1653 0.6854 9.2989 -12.3652 1.1304
3 16 9.3278 -9.1111 2.1346 9.4388 -9.1653 0.6854 9.2156 -11.8097 2.384
3 16 9.3074 -12.3343 -1.1722 9.4388 -9.1653 0.6854 9.4282 -9.1507 -1.5529
3 16 9.2989 -12.3652 1.1304 9.4388 -9.1653 0.6854 9.3074 -12.3343 -1.1722
3 16 9.4282 -9.1507 -1.5529 9.1998 -12.2698 -3.4557 9.3074 -12.3343 -1.1722
3 16 9.2734 -9.0769 -3.6554 9.1998 -12.2698 -3.4557 9.4282 -9.1507 -1.5529
3 16 9.2734 -9.0769 -3.6554 8.9668 -11.3715 -4.903 9.1998 -12.2698 -3.4557
3 16 9.0235 -9.7554 -4.7709 8.9668 -11.3715 -4.903 9.2734 -9.0769 -3.6554
3 16 7.0822 -9.7692 -5.7567 8.9668 -11.3715 -4.903 9.0235 -9.7554 -4.7709
3 16 7.0765 -11.3326 -5.8815 8.9668 -11.3715 -4.903 7.0822 -9.7692 -5.7567
3 16 4.8409 -9.787 -5.9033 7.0765 -11.3326 -5.8815 7.0822 -9.7692 -5.7567
3 16 4.8059 -11.4046 -6.0408 7.0765 -11.3326 -5.8815 4.8409 -9.787 -5.9033
3 16 2.5388 -9.8756 -5.919 4.8059 -11.4046 -6.0408 4.8409 -9.787 -5.9033
3 16 2.5251 -11.4518 -6.1187 4.8059 -11.4046 -6.0408 2.5388 -9.8756 -5.919
3 16 9.3278 -9.1111 2.1346 7.4664 -11.0022 3.4278 7.9038 -8.7062 2.9882
3 16 9.2156 -11.8097 2.384 7.4664 -11.0022 3.4278 9.3278 -9.1111 2.1346
3 16 7.4664 -11.0022 3.4278 5.2942 -8.3745 3.2089 7.9038 -8.7062 2.9882
3 16 5.092 -10.7951 3.5492 5.2942 -8.3745 3.2089 7.4664 -11.0022 3.4278
3 16 5.2942 -8.3745 3.2089 2.5318 -10.6763 3.5914 2.554 -8.2233 3.3107
3 16 5.092 -10.7951 3.5492 2.5318 -10.6763 3.5914 5.2942 -8.3745 3.2089
3 16 2.5251 -11.4518 -6.1187 2.5388 -9.8756 -5.919 2.5294 -10.9574 -2.4604
3 16 5.2942 -8.3745 3.2089 2.5772 -5.3697 2.9713 5.9018 -5.3697 2.9465
3 16 2.554 -8.2233 3.3107 2.5772 -5.3697 2.9713 5.2942 -8.3745 3.2089
3 16 8.4238 -6.2696 2.7721 5.2942 -8.3745 3.2089 5.9018 -5.3697 2.9465
3 16 7.9038 -8.7062 2.9882 5.2942 -8.3745 3.2089 8.4238 -6.2696 2.7721
3 16 7.9038 -8.7062 2.9882 9.5615 -6.5806 1.9242 9.3278 -9.1111 2.1346
3 16 8.4238 -6.2696 2.7721 9.5615 -6.5806 1.9242 7.9038 -8.7062 2.9882
3 16 9.0677 -8.0927 -4.8295 9.0235 -9.7554 -4.7709 9.2734 -9.0769 -3.6554
3 16 9.5615 -6.5806 1.9242 9.4388 -9.1653 0.6854 9.3278 -9.1111 2.1346
3 16 9.6404 -6.6779 0.4214 9.4388 -9.1653 0.6854 9.5615 -6.5806 1.9242
3 16 9.6404 -6.6779 0.4214 9.4282 -9.1507 -1.5529 9.4388 -9.1653 0.6854
3 16 9.6029 -6.7748 -2.0104 9.4282 -9.1507 -1.5529 9.6404 -6.6779 0.4214
3 16 9.6029 -6.7748 -2.0104 9.2734 -9.0769 -3.6554 9.4282 -9.1507 -1.5529
3 16 9.4265 -6.7253 -4.5373 9.2734 -9.0769 -3.6554 9.6029 -6.7748 -2.0104
3 16 9.4265 -6.7253 -4.5373 9.0677 -8.0927 -4.8295 9.2734 -9.0769 -3.6554
3 16 9.2334 -6.5615 -5.8052 9.0677 -8.0927 -4.8295 9.4265 -6.7253 -4.5373
3 16 9.0235 -9.7554 -4.7709 7.1743 -8.101 -5.8088 7.0822 -9.7692 -5.7567
3 16 9.0677 -8.0927 -4.8295 7.1743 -8.101 -5.8088 9.0235 -9.7554 -4.7709
3 16 9.2334 -6.5615 -5.8052 7.1743 -8.101 -5.8088 9.0677 -8.0927 -4.8295
3 16 7.6694 -6.558 -6.633 7.1743 -8.101 -5.8088 9.2334 -6.5615 -5.8052
3 16 7.0822 -9.7692 -5.7567 4.9397 -8.0129 -5.9962 4.8409 -9.787 -5.9033
3 16 7.1743 -8.101 -5.8088 4.9397 -8.0129 -5.9962 7.0822 -9.7692 -5.7567
3 16 7.1743 -8.101 -5.8088 5.1766 -6.566 -6.8572 4.9397 -8.0129 -5.9962
3 16 7.6694 -6.558 -6.633 5.1766 -6.566 -6.8572 7.1743 -8.101 -5.8088
3 16 4.8409 -9.787 -5.9033 2.5556 -7.9524 -6.0598 2.5388 -9.8756 -5.919
3 16 4.9397 -8.0129 -5.9962 2.5556 -7.9524 -6.0598 4.8409 -9.787 -5.9033
3 16 2.5575 -7.7315 -2.0517 2.5388 -9.8756 -5.919 2.5556 -7.9524 -6.0598
3 16 2.5294 -10.9574 -2.4604 2.5388 -9.8756 -5.919 2.5575 -7.7315 -2.0517
3 16 9.7341 -5.0738 -7.8561 7.6694 -6.558 -6.633 9.2334 -6.5615 -5.8052
3 16 8.6555 -5.2087 -8.4431 7.6694 -6.558 -6.633 9.7341 -5.0738 -7.8561
3 16 9.7997 -5.3353 -5.6992 9.2334 -6.5615 -5.8052 9.4265 -6.7253 -4.5373
3 16 9.7341 -5.0738 -7.8561 9.2334 -6.5615 -5.8052 9.7997 -5.3353 -5.6992
3 16 8.4238 -6.2696 2.7721 6.1812 -4.8677 2.8397 8.739 -4.7602 2.7519
3 16 5.9018 -5.3697 2.9465 6.1812 -4.8677 2.8397 8.4238 -6.2696 2.7721
3 16 8.4238 -6.2696 2.7721 9.7342 -4.8494 1.8902 9.5615 -6.5806 1.9242
3 16 8.739 -4.7602 2.7519 9.7342 -4.8494 1.8902 8.4238 -6.2696 2.7721
3 16 9.7942 -5.045 0.3301 9.5615 -6.5806 1.9242 9.7342 -4.8494 1.8902
3 16 9.6404 -6.6779 0.4214 9.5615 -6.5806 1.9242 9.7942 -5.045 0.3301
3 16 9.6029 -6.7748 -2.0104 9.7942 -5.045 0.3301 9.7996 -5.2772 -2.3007
3 16 9.6404 -6.6779 0.4214 9.7942 -5.045 0.3301 9.6029 -6.7748 -2.0104
3 16 9.4265 -6.7253 -4.5373 9.7996 -5.2772 -2.3007 9.7997 -5.3353 -5.6992
3 16 9.6029 -6.7748 -2.0104 9.7996 -5.2772 -2.3007 9.4265 -6.7253 -4.5373
3 16 5.7206 -5.2254 -8.641 7.6694 -6.558 -6.633 8.6555 -5.2087 -8.4431
3 16 5.1766 -6.566 -6.8572 7.6694 -6.558 -6.633 5.7206 -5.2254 -8.641
3 16 5.1766 -6.566 -6.8572 2.5797 -5.2534 -8.7843 2.5831 -6.5602 -7.0168
3 16 5.7206 -5.2254 -8.641 2.5797 -5.2534 -8.7843 5.1766 -6.566 -6.8572
3 16 9.84 -3.7377 -5.9977 9.7341 -5.0738 -7.8561 9.7997 -5.3353 -5.6992
3 16 9.7374 -3.9404 -8.4821 9.7341 -5.0738 -7.8561 9.84 -3.7377 -5.9977
3 16 8.6555 -5.2087 -8.4431 9.7374 -3.9404 -8.4821 8.8344 -4.0322 -8.9919
3 16 9.7341 -5.0738 -7.8561 9.7374 -3.9404 -8.4821 8.6555 -5.2087 -8.4431
3 16 5.8327 -3.9978 -9.1293 8.6555 -5.2087 -8.4431 8.8344 -4.0322 -8.9919
3 16 5.7206 -5.2254 -8.641 8.6555 -5.2087 -8.4431 5.8327 -3.9978 -9.1293
3 16 2.5902 -3.9881 -9.195 5.7206 -5.2254 -8.641 5.8327 -3.9978 -9.1293
3 16 2.5797 -5.2534 -8.7843 5.7206 -5.2254 -8.641 2.5902 -3.9881 -9.195
3 16 9.7997 -5.3353 -5.6992 9.8482 -3.5998 -2.6825 9.84 -3.7377 -5.9977
3 16 9.7996 -5.2772 -2.3007 9.8482 -3.5998 -2.6825 9.7997 -5.3353 -5.6992
3 16 9.7996 -5.2772 -2.3007 9.8423 -3.4661 0.1999 9.8482 -3.5998 -2.6825
3 16 9.7942 -5.045 0.3301 9.8423 -3.4661 0.1999 9.7996 -5.2772 -2.3007
3 16 9.8423 -3.4661 0.1999 9.7342 -4.8494 1.8902 9.7855 -3.4439 1.9421
3 16 9.7942 -5.045 0.3301 9.7342 -4.8494 1.8902 9.8423 -3.4661 0.1999
3 16 9.7342 -4.8494 1.8902 9.0217 -3.4741 2.7162 9.7855 -3.4439 1.9421
3 16 8.739 -4.7602 2.7519 9.0217 -3.4741 2.7162 9.7342 -4.8494 1.8902
3 16 6.1812 -4.8677 2.8397 9.0217 -3.4741 2.7162 8.739 -4.7602 2.7519
3 16 6.2138 -2.476 2.7895 9.0217 -3.4741 2.7162 6.1812 -4.8677 2.8397
3 16 9.1244 -1.7664 2.7062 9.0217 -3.4741 2.7162 6.2138 -2.476 2.7895
3 16 9.7855 -3.4439 1.9421 9.1244 -1.7664 2.7062 9.7901 -1.801 2.0107
3 16 9.0217 -3.4741 2.7162 9.1244 -1.7664 2.7062 9.7855 -3.4439 1.9421
3 16 9.1244 -1.7664 2.7062 6.2628 -0.0199 2.7247 9.0641 -0.0199 2.6838
3 16 6.2138 -2.476 2.7895 6.2628 -0.0199 2.7247 9.1244 -1.7664 2.7062
3 16 9.7603 -0.0199 1.9887 9.1244 -1.7664 2.7062 9.0641 -0.0199 2.6838
3 16 9.7901 -1.801 2.0107 9.1244 -1.7664 2.7062 9.7603 -0.0199 1.9887
3 16 9.7855 -3.4439 1.9421 9.8389 -1.8531 0.1247 9.8423 -3.4661 0.1999
3 16 9.7901 -1.801 2.0107 9.8389 -1.8531 0.1247 9.7855 -3.4439 1.9421
3 16 9.8389 -1.8531 0.1247 9.7603 -0.0199 1.9887 9.7603 -0.0199 0.0478
3 16 9.7901 -1.801 2.0107 9.7603 -0.0199 1.9887 9.8389 -1.8531 0.1247
3 16 9.8389 -1.8531 0.1247 9.8482 -3.5998 -2.6825 9.8423 -3.4661 0.1999
3 16 9.8419 -1.9139 -2.8601 9.8482 -3.5998 -2.6825 9.8389 -1.8531 0.1247
3 16 9.84 -3.7377 -5.9977 9.8419 -1.9139 -2.8601 9.8411 -2.0394 -6.1054
3 16 9.8482 -3.5998 -2.6825 9.8419 -1.9139 -2.8601 9.84 -3.7377 -5.9977
3 16 9.7797 -2.3032 -8.4597 9.84 -3.7377 -5.9977 9.8411 -2.0394 -6.1054
3 16 9.7374 -3.9404 -8.4821 9.84 -3.7377 -5.9977 9.7797 -2.3032 -8.4597
3 16 9.8411 -2.0394 -6.1054 9.7603 -0.0199 -8.3347 9.7797 -2.3032 -8.4597
3 16 9.7603 -0.0199 -6.1216 9.7603 -0.0199 -8.3347 9.8411 -2.0394 -6.1054
3 16 9.7603 -0.0199 -3.051 9.8411 -2.0394 -6.1054 9.8419 -1.9139 -2.8601
3 16 9.7603 -0.0199 -6.1216 9.8411 -2.0394 -6.1054 9.7603 -0.0199 -3.051
3 16 9.7603 -0.0199 0.0478 9.8419 -1.9139 -2.8601 9.8389 -1.8531 0.1247
3 16 9.7603 -0.0199 -3.051 9.8419 -1.9139 -2.8601 9.7603 -0.0199 0.0478
3 16 9.7374 -3.9404 -8.4821 8.9328 -2.3468 -8.9851 8.8344 -4.0322 -8.9919
3 16 9.7797 -2.3032 -8.4597 8.9328 -2.3468 -8.9851 9.7374 -3.9404 -8.4821
3 16 8.9682 -0.0199 -8.8752 9.7797 -2.3032 -8.4597 9.7603 -0.0199 -8.3347
3 16 8.9328 -2.3468 -8.9851 9.7797 -2.3032 -8.4597 8.9682 -0.0199 -8.8752
3 16 5.9458 -2.2156 -9.1682 8.8344 -4.0322 -8.9919 8.9328 -2.3468 -8.9851
3 16 5.8327 -3.9978 -9.1293 8.8344 -4.0322 -8.9919 5.9458 -2.2156 -9.1682
3 16 6.0388 -0.0199 -9.0394 8.9328 -2.3468 -8.9851 8.9682 -0.0199 -8.8752
3 16 5.9458 -2.2156 -9.1682 8.9328 -2.3468 -8.9851 6.0388 -0.0199 -9.0394
3 16 2.6353 -0.0199 -9.2573 5.9458 -2.2156 -9.1682 6.0388 -0.0199 -9.0394
3 16 2.6185 -2.2759 -9.2936 5.9458 -2.2156 -9.1682 2.6353 -0.0199 -9.2573
3 16 5.8327 -3.9978 -9.1293 2.6185 -2.2759 -9.2936 2.5902 -3.9881 -9.195
3 16 5.9458 -2.2156 -9.1682 2.6185 -2.2759 -9.2936 5.8327 -3.9978 -9.1293
3 16 5.7064 -5.3697 0.9533 6.1812 -4.8677 2.8397 5.9018 -5.3697 2.9465
3 16 6.0448 -4.8559 0.9376 6.1812 -4.8677 2.8397 5.7064 -5.3697 0.9533
3 16 5.878 -4.8355 -1.286 5.7064 -5.3697 0.9533 5.5481 -5.3697 -1.2741
3 16 6.0448 -4.8559 0.9376 5.7064 -5.3697 0.9533 5.878 -4.8355 -1.286
3 16 4.7576 -4.8168 -3.4871 5.5481 -5.3697 -1.2741 4.4468 -5.3697 -3.3725
3 16 5.878 -4.8355 -1.286 5.5481 -5.3697 -1.2741 4.7576 -4.8168 -3.4871
3 16 2.5786 -5.3697 -4.8531 4.7576 -4.8168 -3.4871 4.4468 -5.3697 -3.3725
3 16 2.5837 -4.7354 -5.1901 4.7576 -4.8168 -3.4871 2.5786 -5.3697 -4.8531
3 16 6.2138 -2.476 2.7895 6.0448 -4.8559 0.9376 6.0913 -2.4549 0.9531
3 16 6.1812 -4.8677 2.8397 6.0448 -4.8559 0.9376 6.2138 -2.476 2.7895
3 16 5.878 -4.8355 -1.286 6.0913 -2.4549 0.9531 6.0448 -4.8559 0.9376
3 16 5.9893 -2.4232 -1.2867 6.0913 -2.4549 0.9531 5.878 -4.8355 -1.286
3 16 5.878 -4.8355 -1.286 4.8074 -2.4387 -3.553 5.9893 -2.4232 -1.2867
3 16 4.7576 -4.8168 -3.4871 4.8074 -2.4387 -3.553 5.878 -4.8355 -1.286
3 16 2.5837 -4.7354 -5.1901 4.8074 -2.4387 -3.553 4.7576 -4.8168 -3.4871
3 16 2.6153 -2.5072 -5.2625 4.8074 -2.4387 -3.553 2.5837 -4.7354 -5.1901
3 16 6.2628 -0.0199 2.7247 6.0913 -2.4549 0.9531 6.1657 -0.0203 0.9673
3 16 6.2138 -2.476 2.7895 6.0913 -2.4549 0.9531 6.2628 -0.0199 2.7247
3 16 6.0913 -2.4549 0.9531 6.054 -0.02 -1.275 6.1657 -0.0203 0.9673
3 16 5.9893 -2.4232 -1.2867 6.054 -0.02 -1.275 6.0913 -2.4549 0.9531
3 16 6.054 -0.02 -1.275 4.8074 -2.4387 -3.553 4.9442 -0.0196 -3.6917
3 16 5.9893 -2.4232 -1.2867 4.8074 -2.4387 -3.553 6.054 -0.02 -1.275
3 16 4.8074 -2.4387 -3.553 2.6317 -0.0199 -5.2621 4.9442 -0.0196 -3.6917
3 16 2.6153 -2.5072 -5.2625 2.6317 -0.0199 -5.2621 4.8074 -2.4387 -3.553
3 16 9.0641 -0.0199 2.6838 9.7603 -0.0199 0.0478 9.7603 -0.0199 1.9887
3 16 8.1468 -0.0199 -0.5866 9.7603 -0.0199 0.0478 9.0641 -0.0199 2.6838
3 16 9.0641 -0.0199 2.6838 6.1657 -0.0203 0.9673 8.1468 -0.0199 -0.5866
3 16 6.2628 -0.0199 2.7247 6.1657 -0.0203 0.9673 9.0641 -0.0199 2.6838
3 16 9.7603 -0.0199 -3.051 9.7603 -0.0199 0.0478 8.1468 -0.0199 -0.5866
3 16 6.1657 -0.0203 0.9673 6.054 -0.02 -1.275 8.1468 -0.0199 -0.5866
3 16 7.004 -0.0199 -5.4601 6.054 -0.02 -1.275 4.9442 -0.0196 -3.6917
3 16 8.1468 -0.0199 -0.5866 6.054 -0.02 -1.275 7.004 -0.0199 -5.4601
3 16 8.1468 -0.0199 -0.5866 7.004 -0.0199 -5.4601 9.7603 -0.0199 -3.051
3 16 9.7603 -0.0199 -3.051 7.004 -0.0199 -5.4601 9.7603 -0.0199 -6.1216
3 16 8.9682 -0.0199 -8.8752 9.7603 -0.0199 -6.1216 7.004 -0.0199 -5.4601
3 16 9.7603 -0.0199 -8.3347 9.7603 -0.0199 -6.1216 8.9682 -0.0199 -8.8752
3 16 6.0388 -0.0199 -9.0394 8.9682 -0.0199 -8.8752 7.004 -0.0199 -5.4601
3 16 2.6185 -2.2759 -9.2936 2.6317 -0.0199 -5.2621 2.6153 -2.5072 -5.2625
3 16 2.6353 -0.0199 -9.2573 2.6317 -0.0199 -5.2621 2.6185 -2.2759 -9.2936
3 16 2.6185 -2.2759 -9.2936 2.6153 -2.5072 -5.2625 2.5902 -3.9881 -9.195
3 16 2.5902 -3.9881 -9.195 2.5837 -4.7354 -5.1901 2.5797 -5.2534 -8.7843
3 16 2.6153 -2.5072 -5.2625 2.5837 -4.7354 -5.1901 2.5902 -3.9881 -9.195
3 16 2.5831 -6.5602 -7.0168 2.5837 -4.7354 -5.1901 2.5786 -5.3697 -4.8531
3 16 2.5797 -5.2534 -8.7843 2.5837 -4.7354 -5.1901 2.5831 -6.5602 -7.0168
3 16 2.5779 -5.3697 -2.339 2.5778 -5.3697 -0.5129 2.5575 -7.7315 -2.0517
3 16 2.5556 -7.9554 1.2408 2.5778 -5.3697 -0.5129 2.5781 -5.3697 1.5266
3 16 2.5575 -7.7315 -2.0517 2.5778 -5.3697 -0.5129 2.5556 -7.9554 1.2408
3 16 2.5772 -5.3697 2.9713 2.5556 -7.9554 1.2408 2.5781 -5.3697 1.5266
3 16 2.554 -8.2233 3.3107 2.5556 -7.9554 1.2408 2.5772 -5.3697 2.9713
3 16 2.4649 -18.3502 1.6628 2.4903 -16.6961 6.3108 2.4616 -18.7239 6.218
3 16 2.4942 -14.9839 2.153 2.4903 -16.6961 6.3108 2.4649 -18.3502 1.6628
3 16 2.4649 -18.3502 1.6628 2.5 -14.3251 -2.8274 2.4942 -14.9839 2.153
3 16 2.471 -17.6488 -3.4532 2.5 -14.3251 -2.8274 2.4649 -18.3502 1.6628
3 16 2.4905 -15.4088 5.1931 2.4903 -16.6961 6.3108 2.4942 -14.9839 2.153
3 16 2.4905 -15.4088 5.1931 2.5267 -11.8324 3.9631 2.5095 -13.238 5.7235
3 16 2.4942 -14.9839 2.153 2.5267 -11.8324 3.9631 2.4905 -15.4088 5.1931
3 16 2.5267 -11.8324 3.9631 2.4942 -14.9839 2.153 2.5272 -11.2005 1.1802
3 16 2.5272 -11.2005 1.1802 2.5 -14.3251 -2.8274 2.5294 -10.9574 -2.4604
3 16 2.4942 -14.9839 2.153 2.5 -14.3251 -2.8274 2.5272 -11.2005 1.1802
3 16 2.5318 -10.6763 3.5914 2.5267 -11.8324 3.9631 2.5272 -11.2005 1.1802
3 16 2.5318 -10.6763 3.5914 2.5556 -7.9554 1.2408 2.554 -8.2233 3.3107
3 16 2.5272 -11.2005 1.1802 2.5556 -7.9554 1.2408 2.5318 -10.6763 3.5914
3 16 2.3776 -19.5171 -5.5549 2.471 -17.6488 -3.4532 2.41 -20.4276 -4.8384
3 16 2.5575 -7.7315 -2.0517 2.5272 -11.2005 1.1802 2.5294 -10.9574 -2.4604
3 16 2.5556 -7.9554 1.2408 2.5272 -11.2005 1.1802 2.5575 -7.7315 -2.0517
3 16 2.4183 -23.6813 3.7838 2.4649 -18.3502 1.6628 2.4616 -18.7239 6.218
3 16 2.4272 -22.6681 0.2547 2.4649 -18.3502 1.6628 2.4183 -23.6813 3.7838
3 16 2.4549 -19.388 -7.4333 1.7408 -19.8398 -5.8287 1.8319 -19.7385 -7.5738
3 16 2.3776 -19.5171 -5.5549 1.7408 -19.8398 -5.8287 2.4549 -19.388 -7.4333
3 16 2.5779 -5.3697 -2.339 5.5481 -5.3697 -1.2741 2.5778 -5.3697 -0.5129
3 16 4.4468 -5.3697 -3.3725 5.5481 -5.3697 -1.2741 2.5779 -5.3697 -2.339
3 16 2.5778 -5.3697 -0.5129 5.7064 -5.3697 0.9533 2.5781 -5.3697 1.5266
3 16 5.5481 -5.3697 -1.2741 5.7064 -5.3697 0.9533 2.5778 -5.3697 -0.5129
3 16 5.9018 -5.3697 2.9465 2.5781 -5.3697 1.5266 5.7064 -5.3697 0.9533
3 16 2.5772 -5.3697 2.9713 2.5781 -5.3697 1.5266 5.9018 -5.3697 2.9465
3 16 4.9442 -0.0196 -3.6917 2.6317 -0.0199 -5.2621 7.004 -0.0199 -5.4601
3 16 2.6317 -0.0199 -5.2621 6.0388 -0.0199 -9.0394 7.004 -0.0199 -5.4601
3 16 2.6353 -0.0199 -9.2573 6.0388 -0.0199 -9.0394 2.6317 -0.0199 -5.2621
3 16 2.5831 -6.5602 -7.0168 4.9397 -8.0129 -5.9962 5.1766 -6.566 -6.8572
3 16 2.5556 -7.9524 -6.0598 4.9397 -8.0129 -5.9962 2.5831 -6.5602 -7.0168
3 16 2.5831 -6.5602 -7.0168 2.5786 -5.3697 -4.8531 2.5556 -7.9524 -6.0598
3 16 2.5786 -5.3697 -4.8531 2.5575 -7.7315 -2.0517 2.5556 -7.9524 -6.0598
3 16 2.5779 -5.3697 -2.339 2.5575 -7.7315 -2.0517 2.5786 -5.3697 -4.8531
3 16 2.5779 -5.3697 -2.339 2.5786 -5.3697 -4.8531 4.4468 -5.3697 -3.3725
3 16 6.6764 -59.1353 -13.9337 6.4743 -60.148 -13.5149 7.6418 -59.7294 -13.117
3 16 5.6163 -60.1465 -14.2501 6.4743 -60.148 -13.5149 6.6764 -59.1353 -13.9337
3 16 8.6865 -58.8446 -13.0226 6.6764 -59.1353 -13.9337 7.6418 -59.7294 -13.117
3 16 7.3341 -57.4192 -13.8884 6.6764 -59.1353 -13.9337 8.6865 -58.8446 -13.0226
3 16 9.65 -56.902 -13.0394 7.3341 -57.4192 -13.8884 8.6865 -58.8446 -13.0226
3 16 7.7972 -55.5823 -13.9982 7.3341 -57.4192 -13.8884 9.65 -56.902 -13.0394
3 16 9.9729 -54.233 -13.6307 7.7972 -55.5823 -13.9982 9.65 -56.902 -13.0394
3 16 8.1063 -53.3783 -14.4979 7.7972 -55.5823 -13.9982 9.9729 -54.233 -13.6307
3 16 8.1063 -53.3783 -14.4979 9.8247 -51.6853 -14.0661 8.0531 -51.07 -14.8436
3 16 9.9729 -54.233 -13.6307 9.8247 -51.6853 -14.0661 8.1063 -53.3783 -14.4979
3 16 8.0531 -51.07 -14.8436 9.2932 -49.4957 -14.2534 7.7353 -48.7706 -14.933
3 16 9.8247 -51.6853 -14.0661 9.2932 -49.4957 -14.2534 8.0531 -51.07 -14.8436
3 16 8.825 -47.3579 -14.1029 7.7353 -48.7706 -14.933 9.2932 -49.4957 -14.2534
3 16 7.0174 -46.4697 -14.5778 7.7353 -48.7706 -14.933 8.825 -47.3579 -14.1029
3 16 8.676 -45.5805 -13.6103 7.0174 -46.4697 -14.5778 8.825 -47.3579 -14.1029
3 16 6.663 -44.6153 -13.5206 7.0174 -46.4697 -14.5778 8.676 -45.5805 -13.6103
3 16 8.676 -45.5805 -13.6103 7.7955 -43.8771 -12.3466 6.663 -44.6153 -13.5206
3 16 9.0698 -44.3359 -12.5164 7.7955 -43.8771 -12.3466 8.676 -45.5805 -13.6103
3 16 8.3952 -43.6708 -10.6306 9.0698 -44.3359 -12.5164 9.6365 -44.1977 -11.0431
3 16 7.7955 -43.8771 -12.3466 9.0698 -44.3359 -12.5164 8.3952 -43.6708 -10.6306
3 16 8.8933 -44.3536 -9.2039 9.6365 -44.1977 -11.0431 10.3705 -45.0768 -9.8037
3 16 8.3952 -43.6708 -10.6306 9.6365 -44.1977 -11.0431 8.8933 -44.3536 -9.2039
3 16 11.1713 -46.3144 -8.8518 10.8208 -47.013 -6.8745 9.8181 -45.5341 -8.0153
3 16 12.1171 -47.912 -7.868 10.8208 -47.013 -6.8745 11.1713 -46.3144 -8.8518
3 16 11.7631 -48.9929 -5.9396 12.1171 -47.912 -7.868 13.1282 -49.7291 -7.213
3 16 10.8208 -47.013 -6.8745 12.1171 -47.912 -7.868 11.7631 -48.9929 -5.9396
3 16 13.1282 -49.7291 -7.213 12.3366 -50.9833 -5.4255 11.7631 -48.9929 -5.9396
3 16 13.6389 -51.4891 -6.7565 12.3366 -50.9833 -5.4255 13.1282 -49.7291 -7.213
3 16 11.8924 -52.7702 -5.0558 13.6389 -51.4891 -6.7565 13.6195 -53.3009 -6.5054
3 16 12.3366 -50.9833 -5.4255 13.6389 -51.4891 -6.7565 11.8924 -52.7702 -5.0558
3 16 12.0832 -55.5336 -6.3161 11.8924 -52.7702 -5.0558 13.6195 -53.3009 -6.5054
3 16 10.2066 -54.2276 -4.7645 11.8924 -52.7702 -5.0558 12.0832 -55.5336 -6.3161
3 16 7.0472 -43.2761 -11.8099 6.663 -44.6153 -13.5206 7.7955 -43.8771 -12.3466
3 16 7.0472 -43.2761 -11.8099 8.3952 -43.6708 -10.6306 7.4903 -43.4431 -10.3003
3 16 7.7955 -43.8771 -12.3466 8.3952 -43.6708 -10.6306 7.0472 -43.2761 -11.8099
3 16 8.3952 -43.6708 -10.6306 7.8916 -44.1968 -8.8854 7.4903 -43.4431 -10.3003
3 16 8.8933 -44.3536 -9.2039 7.8916 -44.1968 -8.8854 8.3952 -43.6708 -10.6306
3 16 9.8181 -45.5341 -8.0153 8.0322 -46.5422 -6.6873 8.0454 -45.3288 -7.6992
3 16 10.8208 -47.013 -6.8745 8.0322 -46.5422 -6.6873 9.8181 -45.5341 -8.0153
3 16 10.8208 -47.013 -6.8745 7.7772 -48.2458 -5.5752 8.0322 -46.5422 -6.6873
3 16 11.7631 -48.9929 -5.9396 7.7772 -48.2458 -5.5752 10.8208 -47.013 -6.8745
3 16 11.7631 -48.9929 -5.9396 7.1593 -50.0136 -4.7162 7.7772 -48.2458 -5.5752
3 16 12.3366 -50.9833 -5.4255 7.1593 -50.0136 -4.7162 11.7631 -48.9929 -5.9396
3 16 7.1593 -50.0136 -4.7162 11.8924 -52.7702 -5.0558 6.6546 -51.5284 -4.3604
3 16 12.3366 -50.9833 -5.4255 11.8924 -52.7702 -5.0558 7.1593 -50.0136 -4.7162
3 16 10.2066 -54.2276 -4.7645 6.6546 -51.5284 -4.3604 11.8924 -52.7702 -5.0558
3 16 6.4475 -53.0116 -4.2884 6.6546 -51.5284 -4.3604 10.2066 -54.2276 -4.7645
3 16 6.2725 -54.5005 -4.4428 5.4918 -56.5879 -4.2124 5.1668 -55.2717 -3.3228
3 16 6.3304 -57.7682 -5.7038 5.4918 -56.5879 -4.2124 6.2725 -54.5005 -4.4428
3 16 4.8004 -53.743 -2.5213 6.2725 -54.5005 -4.4428 5.1668 -55.2717 -3.3228
3 16 6.4475 -53.0116 -4.2884 6.2725 -54.5005 -4.4428 4.8004 -53.743 -2.5213
3 16 6.6546 -51.5284 -4.3604 4.8004 -53.743 -2.5213 4.4184 -51.6621 -1.5285
3 16 6.4475 -53.0116 -4.2884 4.8004 -53.743 -2.5213 6.6546 -51.5284 -4.3604
3 16 7.0829 -48.0975 -3.2583 4.4184 -51.6621 -1.5285 4.3299 -49.6127 -0.4395
3 16 7.1593 -50.0136 -4.7162 4.4184 -51.6621 -1.5285 7.0829 -48.0975 -3.2583
3 16 7.0829 -48.0975 -3.2583 4.9148 -47.5778 1.1375 7.7639 -45.6701 -0.8589
3 16 4.3299 -49.6127 -0.4395 4.9148 -47.5778 1.1375 7.0829 -48.0975 -3.2583
3 16 5.7188 -46.0169 3.0585 7.7639 -45.6701 -0.8589 4.9148 -47.5778 1.1375
3 16 8.558 -44.0909 2.0705 7.7639 -45.6701 -0.8589 5.7188 -46.0169 3.0585
3 16 6.1849 -45.398 4.4789 8.558 -44.0909 2.0705 5.7188 -46.0169 3.0585
3 16 8.9085 -43.3689 4.2701 8.558 -44.0909 2.0705 6.1849 -45.398 4.4789
3 16 8.558 -44.0909 2.0705 9.1267 -40.7402 2.7626 8.9853 -41.1463 -0.334
3 16 8.9085 -43.3689 4.2701 9.1267 -40.7402 2.7626 8.558 -44.0909 2.0705
3 16 8.9853 -41.1463 -0.334 9.1267 -40.7402 2.7626 9.0426 -37.8922 0.9122
3 16 8.9624 -37.7805 -4.6534 9.0426 -37.8922 0.9122 9.023 -35.4009 -3.3057
3 16 8.9853 -41.1463 -0.334 9.0426 -37.8922 0.9122 8.9624 -37.7805 -4.6534
3 16 8.5126 -33.6766 -7.3978 8.9624 -37.7805 -4.6534 9.023 -35.4009 -3.3057
3 16 8.4165 -35.9693 -8.3315 8.9624 -37.7805 -4.6534 8.5126 -33.6766 -7.3978
3 16 7.4731 -34.8951 -10.8762 8.5126 -33.6766 -7.3978 7.5567 -32.5842 -10.0898
3 16 8.4165 -35.9693 -8.3315 8.5126 -33.6766 -7.3978 7.4731 -34.8951 -10.8762
3 16 7.7639 -45.6701 -0.8589 8.9853 -41.1463 -0.334 8.5106 -43.5709 -2.8919
3 16 8.558 -44.0909 2.0705 8.9853 -41.1463 -0.334 7.7639 -45.6701 -0.8589
3 16 8.6475 -40.8229 -6.3459 8.9853 -41.1463 -0.334 8.9624 -37.7805 -4.6534
3 16 8.5106 -43.5709 -2.8919 8.9853 -41.1463 -0.334 8.6475 -40.8229 -6.3459
3 16 8.0525 -39.1827 -9.3113 8.9624 -37.7805 -4.6534 8.4165 -35.9693 -8.3315
3 16 8.6475 -40.8229 -6.3459 8.9624 -37.7805 -4.6534 8.0525 -39.1827 -9.3113
3 16 7.3379 -38.2826 -11.3753 8.4165 -35.9693 -8.3315 7.4731 -34.8951 -10.8762
3 16 8.0525 -39.1827 -9.3113 8.4165 -35.9693 -8.3315 7.3379 -38.2826 -11.3753
3 16 6.9925 -41.3832 -11.5267 8.0525 -39.1827 -9.3113 7.3379 -38.2826 -11.3753
3 16 7.5009 -41.9655 -9.9405 8.0525 -39.1827 -9.3113 6.9925 -41.3832 -11.5267
3 16 7.5009 -41.9655 -9.9405 7.0472 -43.2761 -11.8099 7.4903 -43.4431 -10.3003
3 16 6.9925 -41.3832 -11.5267 7.0472 -43.2761 -11.8099 7.5009 -41.9655 -9.9405
3 16 7.9463 -45.8922 -4.9791 8.0454 -45.3288 -7.6992 8.0322 -46.5422 -6.6873
3 16 8.051 -43.3407 -7.6582 8.0454 -45.3288 -7.6992 7.9463 -45.8922 -4.9791
3 16 7.8916 -44.1968 -8.8854 7.5009 -41.9655 -9.9405 7.4903 -43.4431 -10.3003
3 16 8.051 -43.3407 -7.6582 7.5009 -41.9655 -9.9405 7.8916 -44.1968 -8.8854
3 16 7.5009 -41.9655 -9.9405 8.6475 -40.8229 -6.3459 8.0525 -39.1827 -9.3113
3 16 8.051 -43.3407 -7.6582 8.6475 -40.8229 -6.3459 7.5009 -41.9655 -9.9405
3 16 8.051 -43.3407 -7.6582 8.5106 -43.5709 -2.8919 8.6475 -40.8229 -6.3459
3 16 7.9463 -45.8922 -4.9791 8.5106 -43.5709 -2.8919 8.051 -43.3407 -7.6582
3 16 7.9463 -45.8922 -4.9791 8.0322 -46.5422 -6.6873 7.7772 -48.2458 -5.5752
3 16 7.9463 -45.8922 -4.9791 7.7639 -45.6701 -0.8589 8.5106 -43.5709 -2.8919
3 16 7.0829 -48.0975 -3.2583 7.7639 -45.6701 -0.8589 7.9463 -45.8922 -4.9791
3 16 7.1593 -50.0136 -4.7162 6.6546 -51.5284 -4.3604 4.4184 -51.6621 -1.5285
3 16 7.0829 -48.0975 -3.2583 7.7772 -48.2458 -5.5752 7.1593 -50.0136 -4.7162
3 16 7.9463 -45.8922 -4.9791 7.7772 -48.2458 -5.5752 7.0829 -48.0975 -3.2583
3 16 9.6365 -44.1977 -11.0431 9.0698 -44.3359 -12.5164 10.1255 -46.4562 -11.4525
3 16 9.4688 -46.9523 -12.9136 9.0698 -44.3359 -12.5164 8.676 -45.5805 -13.6103
3 16 10.1255 -46.4562 -11.4525 9.0698 -44.3359 -12.5164 9.4688 -46.9523 -12.9136
3 16 8.676 -45.5805 -13.6103 8.825 -47.3579 -14.1029 9.4688 -46.9523 -12.9136
3 16 10.3705 -45.0768 -9.8037 10.1255 -46.4562 -11.4525 10.7907 -46.4178 -9.927
3 16 9.6365 -44.1977 -11.0431 10.1255 -46.4562 -11.4525 10.3705 -45.0768 -9.8037
3 16 8.825 -47.3579 -14.1029 9.9875 -49.5679 -13.0676 9.4688 -46.9523 -12.9136
3 16 9.2932 -49.4957 -14.2534 9.9875 -49.5679 -13.0676 8.825 -47.3579 -14.1029
3 16 9.9875 -49.5679 -13.0676 9.8247 -51.6853 -14.0661 10.431 -51.7904 -12.8624
3 16 9.2932 -49.4957 -14.2534 9.8247 -51.6853 -14.0661 9.9875 -49.5679 -13.0676
3 16 11.9926 -48.5175 -9.0567 11.1713 -46.3144 -8.8518 10.7907 -46.4178 -9.927
3 16 12.1171 -47.912 -7.868 11.1713 -46.3144 -8.8518 11.9926 -48.5175 -9.0567
3 16 13.1282 -49.7291 -7.213 11.9926 -48.5175 -9.0567 12.8242 -50.3769 -8.5638
3 16 12.1171 -47.912 -7.868 11.9926 -48.5175 -9.0567 13.1282 -49.7291 -7.213
3 16 9.9729 -54.233 -13.6307 10.431 -51.7904 -12.8624 9.8247 -51.6853 -14.0661
3 16 10.5322 -54.1661 -12.4271 10.431 -51.7904 -12.8624 9.9729 -54.233 -13.6307
3 16 12.8242 -50.3769 -8.5638 13.6389 -51.4891 -6.7565 13.1282 -49.7291 -7.213
3 16 13.1983 -52.4865 -8.1986 13.6389 -51.4891 -6.7565 12.8242 -50.3769 -8.5638
3 16 9.9729 -54.233 -13.6307 10.0828 -56.6746 -12.135 10.5322 -54.1661 -12.4271
3 16 9.65 -56.902 -13.0394 10.0828 -56.6746 -12.135 9.9729 -54.233 -13.6307
3 16 9.1286 -58.5358 -11.9053 9.65 -56.902 -13.0394 8.6865 -58.8446 -13.0226
3 16 10.0828 -56.6746 -12.135 9.65 -56.902 -13.0394 9.1286 -58.5358 -11.9053
3 16 7.5894 -59.7173 -11.8975 8.6865 -58.8446 -13.0226 7.6418 -59.7294 -13.117
3 16 9.1286 -58.5358 -11.9053 8.6865 -58.8446 -13.0226 7.5894 -59.7173 -11.8975
3 16 6.4743 -60.148 -13.5149 7.5894 -59.7173 -11.8975 7.6418 -59.7294 -13.117
3 16 5.6812 -60.4076 -12.2363 7.5894 -59.7173 -11.8975 6.4743 -60.148 -13.5149
3 16 12.8394 -54.4617 -7.8291 11.6827 -53.5196 -10.4592 11.1926 -55.825 -10.0493
3 16 13.1983 -52.4865 -8.1986 11.6827 -53.5196 -10.4592 12.8394 -54.4617 -7.8291
3 16 13.6195 -53.3009 -6.5054 13.1983 -52.4865 -8.1986 12.8394 -54.4617 -7.8291
3 16 13.6389 -51.4891 -6.7565 13.1983 -52.4865 -8.1986 13.6195 -53.3009 -6.5054
3 16 12.8394 -54.4617 -7.8291 12.0832 -55.5336 -6.3161 13.6195 -53.3009 -6.5054
3 16 11.1305 -56.5083 -7.6279 12.0832 -55.5336 -6.3161 12.8394 -54.4617 -7.8291
3 16 9.2714 -57.0893 -6.1002 11.1305 -56.5083 -7.6279 8.7594 -57.8511 -7.3736
3 16 12.0832 -55.5336 -6.3161 11.1305 -56.5083 -7.6279 9.2714 -57.0893 -6.1002
3 16 6.3304 -57.7682 -5.7038 8.7594 -57.8511 -7.3736 6.2149 -58.7327 -7.1043
3 16 9.2714 -57.0893 -6.1002 8.7594 -57.8511 -7.3736 6.3304 -57.7682 -5.7038
3 16 11.1926 -55.825 -10.0493 11.1305 -56.5083 -7.6279 12.8394 -54.4617 -7.8291
3 16 9.9567 -57.6332 -9.8097 11.1305 -56.5083 -7.6279 11.1926 -55.825 -10.0493
3 16 8.1116 -58.8929 -9.6548 6.2149 -58.7327 -7.1043 8.7594 -57.8511 -7.3736
3 16 5.9821 -59.7653 -9.6499 6.2149 -58.7327 -7.1043 8.1116 -58.8929 -9.6548
3 16 9.9567 -57.6332 -9.8097 8.7594 -57.8511 -7.3736 11.1305 -56.5083 -7.6279
3 16 8.1116 -58.8929 -9.6548 8.7594 -57.8511 -7.3736 9.9567 -57.6332 -9.8097
3 16 5.9821 -59.7653 -9.6499 7.5894 -59.7173 -11.8975 5.6812 -60.4076 -12.2363
3 16 8.1116 -58.8929 -9.6548 7.5894 -59.7173 -11.8975 5.9821 -59.7653 -9.6499
3 16 8.1116 -58.8929 -9.6548 9.1286 -58.5358 -11.9053 7.5894 -59.7173 -11.8975
3 16 9.9567 -57.6332 -9.8097 9.1286 -58.5358 -11.9053 8.1116 -58.8929 -9.6548
3 16 10.0828 -56.6746 -12.135 9.9567 -57.6332 -9.8097 11.1926 -55.825 -10.0493
3 16 9.1286 -58.5358 -11.9053 9.9567 -57.6332 -9.8097 10.0828 -56.6746 -12.135
3 16 11.1926 -55.825 -10.0493 10.5322 -54.1661 -12.4271 10.0828 -56.6746 -12.135
3 16 11.6827 -53.5196 -10.4592 10.5322 -54.1661 -12.4271 11.1926 -55.825 -10.0493
3 16 11.556 -51.2841 -10.8008 13.1983 -52.4865 -8.1986 12.8242 -50.3769 -8.5638
3 16 11.6827 -53.5196 -10.4592 13.1983 -52.4865 -8.1986 11.556 -51.2841 -10.8008
3 16 10.431 -51.7904 -12.8624 11.6827 -53.5196 -10.4592 11.556 -51.2841 -10.8008
3 16 10.5322 -54.1661 -12.4271 11.6827 -53.5196 -10.4592 10.431 -51.7904 -12.8624
3 16 11.0274 -49.2274 -11.0822 12.8242 -50.3769 -8.5638 11.9926 -48.5175 -9.0567
3 16 11.556 -51.2841 -10.8008 12.8242 -50.3769 -8.5638 11.0274 -49.2274 -11.0822
3 16 11.0274 -49.2274 -11.0822 10.431 -51.7904 -12.8624 11.556 -51.2841 -10.8008
3 16 9.9875 -49.5679 -13.0676 10.431 -51.7904 -12.8624 11.0274 -49.2274 -11.0822
3 16 10.7907 -46.4178 -9.927 11.0274 -49.2274 -11.0822 11.9926 -48.5175 -9.0567
3 16 10.1255 -46.4562 -11.4525 11.0274 -49.2274 -11.0822 10.7907 -46.4178 -9.927
3 16 11.0274 -49.2274 -11.0822 9.4688 -46.9523 -12.9136 9.9875 -49.5679 -13.0676
3 16 10.1255 -46.4562 -11.4525 9.4688 -46.9523 -12.9136 11.0274 -49.2274 -11.0822
3 16 7.3379 -38.2826 -11.3753 5.8524 -40.5305 -13.4562 6.9925 -41.3832 -11.5267
3 16 6.1034 -37.5469 -12.9729 5.8524 -40.5305 -13.4562 7.3379 -38.2826 -11.3753
3 16 7.4731 -34.8951 -10.8762 6.1034 -37.5469 -12.9729 7.3379 -38.2826 -11.3753
3 16 6.2278 -34.3123 -12.1392 6.1034 -37.5469 -12.9729 7.4731 -34.8951 -10.8762
3 16 7.5567 -32.5842 -10.0898 6.2278 -34.3123 -12.1392 7.4731 -34.8951 -10.8762
3 16 6.3351 -32.0394 -11.2783 6.2278 -34.3123 -12.1392 7.5567 -32.5842 -10.0898
3 16 6.2278 -34.3123 -12.1392 4.7535 -31.5784 -12.2967 4.6063 -33.8537 -13.296
3 16 6.3351 -32.0394 -11.2783 4.7535 -31.5784 -12.2967 6.2278 -34.3123 -12.1392
3 16 6.2278 -34.3123 -12.1392 4.4179 -36.9726 -14.275 6.1034 -37.5469 -12.9729
3 16 4.6063 -33.8537 -13.296 4.4179 -36.9726 -14.275 6.2278 -34.3123 -12.1392
3 16 6.1034 -37.5469 -12.9729 4.2854 -39.8021 -14.9782 5.8524 -40.5305 -13.4562
3 16 4.4179 -36.9726 -14.275 4.2854 -39.8021 -14.9782 6.1034 -37.5469 -12.9729
3 16 4.3606 -43.1877 -16.0183 5.728 -42.3607 -13.8874 4.2923 -41.6369 -15.3519
3 16 5.6474 -43.957 -14.8755 5.728 -42.3607 -13.8874 4.3606 -43.1877 -16.0183
3 16 4.3606 -43.1877 -16.0183 6.1979 -45.6115 -15.9155 5.6474 -43.957 -14.8755
3 16 4.417 -43.7543 -17.8406 6.1979 -45.6115 -15.9155 4.3606 -43.1877 -16.0183
3 16 6.1979 -45.6115 -15.9155 6.663 -44.6153 -13.5206 5.6474 -43.957 -14.8755
3 16 7.0174 -46.4697 -14.5778 6.663 -44.6153 -13.5206 6.1979 -45.6115 -15.9155
3 16 7.0732 -47.7136 -16.3758 7.0174 -46.4697 -14.5778 6.1979 -45.6115 -15.9155
3 16 7.7353 -48.7706 -14.933 7.0174 -46.4697 -14.5778 7.0732 -47.7136 -16.3758
3 16 6.3547 -46.6172 -18.0784 6.1979 -45.6115 -15.9155 4.417 -43.7543 -17.8406
3 16 7.0732 -47.7136 -16.3758 6.1979 -45.6115 -15.9155 6.3547 -46.6172 -18.0784
3 16 3.7793 -59.4608 -17.4564 6.0275 -58.7245 -15.7933 5.4497 -58.0225 -17.7836
3 16 4.5738 -59.935 -15.6988 6.0275 -58.7245 -15.7933 3.7793 -59.4608 -17.4564
3 16 5.6163 -60.1465 -14.2501 6.0275 -58.7245 -15.7933 4.5738 -59.935 -15.6988
3 16 6.6764 -59.1353 -13.9337 6.0275 -58.7245 -15.7933 5.6163 -60.1465 -14.2501
3 16 7.3341 -57.4192 -13.8884 6.0275 -58.7245 -15.7933 6.6764 -59.1353 -13.9337
3 16 7.2327 -55.7383 -16.0358 6.0275 -58.7245 -15.7933 7.3341 -57.4192 -13.8884
3 16 7.2327 -55.7383 -16.0358 5.4497 -58.0225 -17.7836 6.0275 -58.7245 -15.7933
3 16 6.8649 -55.0102 -17.96 5.4497 -58.0225 -17.7836 7.2327 -55.7383 -16.0358
3 16 7.2327 -55.7383 -16.0358 7.3341 -57.4192 -13.8884 7.7972 -55.5823 -13.9982
3 16 7.7353 -48.7706 -14.933 7.6629 -51.2673 -16.376 8.0531 -51.07 -14.8436
3 16 7.0732 -47.7136 -16.3758 7.6629 -51.2673 -16.376 7.7353 -48.7706 -14.933
3 16 8.1063 -53.3783 -14.4979 8.0531 -51.07 -14.8436 7.6629 -51.2673 -16.376
3 16 8.1063 -53.3783 -14.4979 7.2327 -55.7383 -16.0358 7.7972 -55.5823 -13.9982
3 16 7.6629 -51.2673 -16.376 7.2327 -55.7383 -16.0358 8.1063 -53.3783 -14.4979
3 16 7.202 -50.4047 -18.1299 7.0732 -47.7136 -16.3758 6.3547 -46.6172 -18.0784
3 16 7.6629 -51.2673 -16.376 7.0732 -47.7136 -16.3758 7.202 -50.4047 -18.1299
3 16 6.8649 -55.0102 -17.96 7.6629 -51.2673 -16.376 7.202 -50.4047 -18.1299
3 16 7.2327 -55.7383 -16.0358 7.6629 -51.2673 -16.376 6.8649 -55.0102 -17.96
3 16 5.4497 -58.0225 -17.7836 2.9411 -58.7204 -19.0553 3.7793 -59.4608 -17.4564
3 16 4.6971 -57.0437 -19.3798 2.9411 -58.7204 -19.0553 5.4497 -58.0225 -17.7836
3 16 4.6971 -57.0437 -19.3798 6.8649 -55.0102 -17.96 6.1795 -54.1919 -19.6234
3 16 5.4497 -58.0225 -17.7836 6.8649 -55.0102 -17.96 4.6971 -57.0437 -19.3798
3 16 4.6971 -57.0437 -19.3798 2.3888 -57.079 -20.5043 2.9411 -58.7204 -19.0553
3 16 3.8721 -55.7019 -20.5416 2.3888 -57.079 -20.5043 4.6971 -57.0437 -19.3798
3 16 3.8721 -55.7019 -20.5416 6.1795 -54.1919 -19.6234 5.3584 -53.2713 -21.0339
3 16 4.6971 -57.0437 -19.3798 6.1795 -54.1919 -19.6234 3.8721 -55.7019 -20.5416
3 16 2.0808 -55.0951 -21.6132 3.8721 -55.7019 -20.5416 3.22 -54.2605 -21.8434
3 16 2.3888 -57.079 -20.5043 3.8721 -55.7019 -20.5416 2.0808 -55.0951 -21.6132
3 16 3.22 -54.2605 -21.8434 5.3584 -53.2713 -21.0339 4.6894 -52.4148 -22.4737
3 16 3.8721 -55.7019 -20.5416 5.3584 -53.2713 -21.0339 3.22 -54.2605 -21.8434
3 16 4.6894 -52.4148 -22.4737 2.9166 -53.2764 -23.6268 3.22 -54.2605 -21.8434
3 16 4.2036 -51.7767 -23.9909 2.9166 -53.2764 -23.6268 4.6894 -52.4148 -22.4737
3 16 1.8893 -53.8473 -23.5457 3.22 -54.2605 -21.8434 2.9166 -53.2764 -23.6268
3 16 2.0808 -55.0951 -21.6132 3.22 -54.2605 -21.8434 1.8893 -53.8473 -23.5457
3 16 2.9166 -53.2764 -23.6268 1.8431 -52.9978 -25.58 1.8893 -53.8473 -23.5457
3 16 2.7607 -52.525 -25.3988 1.8431 -52.9978 -25.58 2.9166 -53.2764 -23.6268
3 16 4.2036 -51.7767 -23.9909 2.7607 -52.525 -25.3988 2.9166 -53.2764 -23.6268
3 16 3.7851 -51.2762 -25.3879 2.7607 -52.525 -25.3988 4.2036 -51.7767 -23.9909
3 16 1.8431 -52.9978 -25.58 2.7501 -51.6618 -26.8944 1.9406 -52.0486 -27.4337
3 16 2.7607 -52.525 -25.3988 2.7501 -51.6618 -26.8944 1.8431 -52.9978 -25.58
3 16 3.7851 -51.2762 -25.3879 2.7501 -51.6618 -26.8944 2.7607 -52.525 -25.3988
3 16 3.4335 -50.9125 -26.4775 2.7501 -51.6618 -26.8944 3.7851 -51.2762 -25.3879
3 16 7.202 -50.4047 -18.1299 6.1795 -54.1919 -19.6234 6.8649 -55.0102 -17.96
3 16 6.6364 -49.7474 -19.8507 6.1795 -54.1919 -19.6234 7.202 -50.4047 -18.1299
3 16 6.6364 -49.7474 -19.8507 5.3584 -53.2713 -21.0339 6.1795 -54.1919 -19.6234
3 16 6.0259 -49.248 -21.4827 5.3584 -53.2713 -21.0339 6.6364 -49.7474 -19.8507
3 16 4.6894 -52.4148 -22.4737 6.0259 -49.248 -21.4827 5.4378 -48.9072 -23.0314
3 16 5.3584 -53.2713 -21.0339 6.0259 -49.248 -21.4827 4.6894 -52.4148 -22.4737
3 16 6.6364 -49.7474 -19.8507 6.3547 -46.6172 -18.0784 5.8518 -46.1132 -19.9104
3 16 7.202 -50.4047 -18.1299 6.3547 -46.6172 -18.0784 6.6364 -49.7474 -19.8507
3 16 4.417 -43.7543 -17.8406 5.8518 -46.1132 -19.9104 6.3547 -46.6172 -18.0784
3 16 4.3546 -43.776 -19.8494 5.8518 -46.1132 -19.9104 4.417 -43.7543 -17.8406
3 16 6.0259 -49.248 -21.4827 5.8518 -46.1132 -19.9104 5.4184 -45.8709 -21.7388
3 16 6.6364 -49.7474 -19.8507 5.8518 -46.1132 -19.9104 6.0259 -49.248 -21.4827
3 16 5.4378 -48.9072 -23.0314 5.4184 -45.8709 -21.7388 5.0065 -45.872 -23.5109
3 16 6.0259 -49.248 -21.4827 5.4184 -45.8709 -21.7388 5.4378 -48.9072 -23.0314
3 16 4.3546 -43.776 -19.8494 5.4184 -45.8709 -21.7388 5.8518 -46.1132 -19.9104
3 16 4.1493 -43.6437 -21.8561 5.4184 -45.8709 -21.7388 4.3546 -43.776 -19.8494
3 16 4.1493 -43.6437 -21.8561 5.0065 -45.872 -23.5109 5.4184 -45.8709 -21.7388
3 16 3.9466 -43.7729 -23.8715 5.0065 -45.872 -23.5109 4.1493 -43.6437 -21.8561
3 16 3.9466 -43.7729 -23.8715 4.5733 -46.1677 -25.191 5.0065 -45.872 -23.5109
3 16 3.5666 -44.2707 -25.8869 4.5733 -46.1677 -25.191 3.9466 -43.7729 -23.8715
3 16 5.0065 -45.872 -23.5109 4.8574 -48.784 -24.5445 5.4378 -48.9072 -23.0314
3 16 4.5733 -46.1677 -25.191 4.8574 -48.784 -24.5445 5.0065 -45.872 -23.5109
3 16 5.4378 -48.9072 -23.0314 4.2036 -51.7767 -23.9909 4.6894 -52.4148 -22.4737
3 16 4.8574 -48.784 -24.5445 4.2036 -51.7767 -23.9909 5.4378 -48.9072 -23.0314
3 16 4.8574 -48.784 -24.5445 3.7851 -51.2762 -25.3879 4.2036 -51.7767 -23.9909
3 16 4.3144 -48.7807 -25.8732 3.7851 -51.2762 -25.3879 4.8574 -48.784 -24.5445
3 16 4.5733 -46.1677 -25.191 4.3144 -48.7807 -25.8732 4.8574 -48.784 -24.5445
3 16 4.1108 -46.7813 -26.5838 4.3144 -48.7807 -25.8732 4.5733 -46.1677 -25.191
3 16 3.5666 -44.2707 -25.8869 4.1108 -46.7813 -26.5838 4.5733 -46.1677 -25.191
3 16 3.2009 -45.4036 -27.4306 4.1108 -46.7813 -26.5838 3.5666 -44.2707 -25.8869
3 16 4.3144 -48.7807 -25.8732 3.4335 -50.9125 -26.4775 3.7851 -51.2762 -25.3879
3 16 3.8458 -48.8286 -26.9075 3.4335 -50.9125 -26.4775 4.3144 -48.7807 -25.8732
3 16 4.1108 -46.7813 -26.5838 3.8458 -48.8286 -26.9075 4.3144 -48.7807 -25.8732
3 16 3.5554 -47.7977 -27.6726 3.8458 -48.8286 -26.9075 4.1108 -46.7813 -26.5838
3 16 2.8156 -47.0127 -28.4167 4.1108 -46.7813 -26.5838 3.2009 -45.4036 -27.4306
3 16 3.5554 -47.7977 -27.6726 4.1108 -46.7813 -26.5838 2.8156 -47.0127 -28.4167
3 16 2.4025 -48.7415 -28.8485 3.5554 -47.7977 -27.6726 2.8156 -47.0127 -28.4167
3 16 3.2469 -49.0914 -27.934 3.5554 -47.7977 -27.6726 2.4025 -48.7415 -28.8485
3 16 3.2469 -49.0914 -27.934 2.1163 -50.604 -28.8271 2.9879 -50.4467 -27.7286
3 16 2.4025 -48.7415 -28.8485 2.1163 -50.604 -28.8271 3.2469 -49.0914 -27.934
3 16 1.9406 -52.0486 -27.4337 2.9879 -50.4467 -27.7286 2.1163 -50.604 -28.8271
3 16 2.7501 -51.6618 -26.8944 2.9879 -50.4467 -27.7286 1.9406 -52.0486 -27.4337
3 16 3.2469 -49.0914 -27.934 3.8458 -48.8286 -26.9075 3.5554 -47.7977 -27.6726
3 16 2.9879 -50.4467 -27.7286 3.8458 -48.8286 -26.9075 3.2469 -49.0914 -27.934
3 16 3.4335 -50.9125 -26.4775 3.8458 -48.8286 -26.9075 2.9879 -50.4467 -27.7286
3 16 3.4335 -50.9125 -26.4775 2.9879 -50.4467 -27.7286 2.7501 -51.6618 -26.8944
3 16 -0.0009 -50.7169 -29.0896 1.9406 -52.0486 -27.4337 2.1163 -50.604 -28.8271
3 16 -0.0078 -52.0991 -27.5133 1.9406 -52.0486 -27.4337 -0.0009 -50.7169 -29.0896
3 16 1.8431 -52.9978 -25.58 -0.0078 -52.0991 -27.5133 0.0046 -53.0787 -25.5594
3 16 1.9406 -52.0486 -27.4337 -0.0078 -52.0991 -27.5133 1.8431 -52.9978 -25.58
3 16 0.0046 -53.0787 -25.5594 1.8893 -53.8473 -23.5457 1.8431 -52.9978 -25.58
3 16 0.017 -53.9354 -23.5511 1.8893 -53.8473 -23.5457 0.0046 -53.0787 -25.5594
3 16 0.0235 -55.1868 -21.7008 1.8893 -53.8473 -23.5457 0.017 -53.9354 -23.5511
3 16 2.0808 -55.0951 -21.6132 1.8893 -53.8473 -23.5457 0.0235 -55.1868 -21.7008
3 16 0.0307 -57.1108 -20.6378 2.0808 -55.0951 -21.6132 0.0235 -55.1868 -21.7008
3 16 2.3888 -57.079 -20.5043 2.0808 -55.0951 -21.6132 0.0307 -57.1108 -20.6378
3 16 0.0135 -58.7429 -19.2328 2.3888 -57.079 -20.5043 0.0307 -57.1108 -20.6378
3 16 2.9411 -58.7204 -19.0553 2.3888 -57.079 -20.5043 0.0135 -58.7429 -19.2328
3 16 -0.0007 -48.7397 -29.136 2.1163 -50.604 -28.8271 2.4025 -48.7415 -28.8485
3 16 -0.0009 -50.7169 -29.0896 2.1163 -50.604 -28.8271 -0.0007 -48.7397 -29.136
3 16 -0.0001 -46.8966 -28.6376 2.4025 -48.7415 -28.8485 2.8156 -47.0127 -28.4167
3 16 -0.0007 -48.7397 -29.136 2.4025 -48.7415 -28.8485 -0.0001 -46.8966 -28.6376
3 16 2.8156 -47.0127 -28.4167 0.0039 -45.2575 -27.5344 -0.0001 -46.8966 -28.6376
3 16 3.2009 -45.4036 -27.4306 0.0039 -45.2575 -27.5344 2.8156 -47.0127 -28.4167
3 16 0.0126 -44.0596 -25.9225 3.2009 -45.4036 -27.4306 3.5666 -44.2707 -25.8869
3 16 0.0039 -45.2575 -27.5344 3.2009 -45.4036 -27.4306 0.0126 -44.0596 -25.9225
3 16 3.5666 -44.2707 -25.8869 0.0199 -43.4902 -23.9464 0.0126 -44.0596 -25.9225
3 16 3.9466 -43.7729 -23.8715 0.0199 -43.4902 -23.9464 3.5666 -44.2707 -25.8869
3 16 3.9466 -43.7729 -23.8715 0.0441 -43.4486 -21.9234 0.0199 -43.4902 -23.9464
3 16 4.1493 -43.6437 -21.8561 0.0441 -43.4486 -21.9234 3.9466 -43.7729 -23.8715
3 16 4.1493 -43.6437 -21.8561 0.0359 -43.5772 -19.9705 0.0441 -43.4486 -21.9234
3 16 4.3546 -43.776 -19.8494 0.0359 -43.5772 -19.9705 4.1493 -43.6437 -21.8561
3 16 0.0395 -43.5403 -18.0893 4.3546 -43.776 -19.8494 4.417 -43.7543 -17.8406
3 16 0.0359 -43.5772 -19.9705 4.3546 -43.776 -19.8494 0.0395 -43.5403 -18.0893
3 16 4.417 -43.7543 -17.8406 0.0794 -42.8425 -16.4608 0.0395 -43.5403 -18.0893
3 16 4.3606 -43.1877 -16.0183 0.0794 -42.8425 -16.4608 4.417 -43.7543 -17.8406
3 16 0.0794 -42.8425 -16.4608 4.2923 -41.6369 -15.3519 0.0629 -41.3864 -15.622
3 16 4.3606 -43.1877 -16.0183 4.2923 -41.6369 -15.3519 0.0794 -42.8425 -16.4608
3 16 0.039 -39.6715 -15.192 4.4179 -36.9726 -14.275 0.0183 -36.77 -14.5355
3 16 4.2854 -39.8021 -14.9782 4.4179 -36.9726 -14.275 0.039 -39.6715 -15.192
3 16 0.0183 -36.77 -14.5355 4.6063 -33.8537 -13.296 0.0025 -33.6106 -13.7
3 16 4.4179 -36.9726 -14.275 4.6063 -33.8537 -13.296 0.0183 -36.77 -14.5355
3 16 4.6063 -33.8537 -13.296 -0.0332 -31.4313 -12.8301 0.0025 -33.6106 -13.7
3 16 4.7535 -31.5784 -12.2967 -0.0332 -31.4313 -12.8301 4.6063 -33.8537 -13.296
3 16 2.9411 -58.7204 -19.0553 -0.008 -59.7289 -17.4686 3.7793 -59.4608 -17.4564
3 16 0.0135 -58.7429 -19.2328 -0.008 -59.7289 -17.4686 2.9411 -58.7204 -19.0553
3 16 2.5342 -60.4122 -15.3644 3.7793 -59.4608 -17.4564 -0.008 -59.7289 -17.4686
3 16 4.5738 -59.935 -15.6988 3.7793 -59.4608 -17.4564 2.5342 -60.4122 -15.3644
3 16 2.9942 -60.7853 -13.0144 4.5738 -59.935 -15.6988 2.5342 -60.4122 -15.3644
3 16 5.6163 -60.1465 -14.2501 4.5738 -59.935 -15.6988 2.9942 -60.7853 -13.0144
3 16 5.6163 -60.1465 -14.2501 5.6812 -60.4076 -12.2363 6.4743 -60.148 -13.5149
3 16 2.9942 -60.7853 -13.0144 5.6812 -60.4076 -12.2363 5.6163 -60.1465 -14.2501
3 16 2.7713 -60.5891 -9.7254 5.6812 -60.4076 -12.2363 2.9942 -60.7853 -13.0144
3 16 5.9821 -59.7653 -9.6499 5.6812 -60.4076 -12.2363 2.7713 -60.5891 -9.7254
3 16 2.7955 -59.6211 -6.7683 5.9821 -59.7653 -9.6499 2.7713 -60.5891 -9.7254
3 16 6.2149 -58.7327 -7.1043 5.9821 -59.7653 -9.6499 2.7955 -59.6211 -6.7683
3 16 6.2149 -58.7327 -7.1043 2.7653 -58.5352 -5.1001 6.3304 -57.7682 -5.7038
3 16 2.7955 -59.6211 -6.7683 2.7653 -58.5352 -5.1001 6.2149 -58.7327 -7.1043
3 16 2.7653 -58.5352 -5.1001 5.4918 -56.5879 -4.2124 6.3304 -57.7682 -5.7038
3 16 2.5223 -57.2277 -3.6883 5.4918 -56.5879 -4.2124 2.7653 -58.5352 -5.1001
3 16 5.1668 -55.2717 -3.3228 2.5223 -57.2277 -3.6883 2.338 -55.769 -2.6397
3 16 5.4918 -56.5879 -4.2124 2.5223 -57.2277 -3.6883 5.1668 -55.2717 -3.3228
3 16 4.8004 -53.743 -2.5213 2.338 -55.769 -2.6397 2.1825 -54.2328 -1.8244
3 16 5.1668 -55.2717 -3.3228 2.338 -55.769 -2.6397 4.8004 -53.743 -2.5213
3 16 2.1825 -54.2328 -1.8244 4.4184 -51.6621 -1.5285 4.8004 -53.743 -2.5213
3 16 2.0365 -52.0836 -0.7442 4.4184 -51.6621 -1.5285 2.1825 -54.2328 -1.8244
3 16 2.0365 -52.0836 -0.7442 4.3299 -49.6127 -0.4395 4.4184 -51.6621 -1.5285
3 16 2.0204 -50.1049 0.435 4.3299 -49.6127 -0.4395 2.0365 -52.0836 -0.7442
3 16 2.1958 -48.2069 1.7564 4.3299 -49.6127 -0.4395 2.0204 -50.1049 0.435
3 16 4.9148 -47.5778 1.1375 4.3299 -49.6127 -0.4395 2.1958 -48.2069 1.7564
3 16 2.4171 -46.6294 3.3045 4.9148 -47.5778 1.1375 2.1958 -48.2069 1.7564
3 16 5.7188 -46.0169 3.0585 4.9148 -47.5778 1.1375 2.4171 -46.6294 3.3045
3 16 2.4544 -45.9493 4.4809 5.7188 -46.0169 3.0585 2.4171 -46.6294 3.3045
3 16 6.1849 -45.398 4.4789 5.7188 -46.0169 3.0585 2.4544 -45.9493 4.4809
3 16 8.051 -43.3407 -7.6582 7.8916 -44.1968 -8.8854 8.0454 -45.3288 -7.6992
3 16 8.8933 -44.3536 -9.2039 8.0454 -45.3288 -7.6992 7.8916 -44.1968 -8.8854
3 16 9.8181 -45.5341 -8.0153 8.0454 -45.3288 -7.6992 8.8933 -44.3536 -9.2039
3 16 9.8181 -45.5341 -8.0153 10.3705 -45.0768 -9.8037 11.1713 -46.3144 -8.8518
3 16 8.8933 -44.3536 -9.2039 10.3705 -45.0768 -9.8037 9.8181 -45.5341 -8.0153
3 16 11.1713 -46.3144 -8.8518 10.3705 -45.0768 -9.8037 10.7907 -46.4178 -9.927
3 16 10.2066 -54.2276 -4.7645 9.2714 -57.0893 -6.1002 8.0293 -54.8072 -4.6713
3 16 12.0832 -55.5336 -6.3161 9.2714 -57.0893 -6.1002 10.2066 -54.2276 -4.7645
3 16 6.3304 -57.7682 -5.7038 8.0293 -54.8072 -4.6713 9.2714 -57.0893 -6.1002
3 16 6.2725 -54.5005 -4.4428 8.0293 -54.8072 -4.6713 6.3304 -57.7682 -5.7038
3 16 6.4475 -53.0116 -4.2884 8.0293 -54.8072 -4.6713 6.2725 -54.5005 -4.4428
3 16 10.2066 -54.2276 -4.7645 8.0293 -54.8072 -4.6713 6.4475 -53.0116 -4.2884
3 16 8.7114 -41.38 34.1469 6.7164 -44.6636 33.9718 6.8216 -43.3499 35.8497
3 16 8.5539 -42.3313 32.4177 6.7164 -44.6636 33.9718 8.7114 -41.38 34.1469
3 16 7.0752 -38.0964 38.9597 9.1881 -39.484 35.8498 6.9524 -40.8437 37.67
3 16 9.4138 -37.346 37.0481 9.1881 -39.484 35.8498 7.0752 -38.0964 38.9597
3 16 7.3889 -35.0624 39.4209 9.4138 -37.346 37.0481 7.0752 -38.0964 38.9597
3 16 9.616 -34.7089 37.2485 9.4138 -37.346 37.0481 7.3889 -35.0624 39.4209
3 16 7.475 -32.3113 39.2119 9.616 -34.7089 37.2485 7.3889 -35.0624 39.4209
3 16 9.7113 -32.0183 36.8916 9.616 -34.7089 37.2485 7.475 -32.3113 39.2119
3 16 7.5049 -29.4902 38.9791 9.7113 -32.0183 36.8916 7.475 -32.3113 39.2119
3 16 9.7884 -29.6571 36.7797 9.7113 -32.0183 36.8916 7.5049 -29.4902 38.9791
3 16 9.7999 -26.7483 37.0722 7.5049 -29.4902 38.9791 7.5334 -26.2458 39.1534
3 16 9.7884 -29.6571 36.7797 7.5049 -29.4902 38.9791 9.7999 -26.7483 37.0722
3 16 8.8622 -39.0091 32.3687 8.5539 -42.3313 32.4177 8.7114 -41.38 34.1469
3 16 8.7463 -40.2142 30.3713 8.5539 -42.3313 32.4177 8.8622 -39.0091 32.3687
3 16 9.3314 -37.1348 34.7532 9.1881 -39.484 35.8498 9.4138 -37.346 37.0481
3 16 9.3314 -37.1348 34.7532 9.616 -34.7089 37.2485 9.491 -34.1734 33.6024
3 16 9.4138 -37.346 37.0481 9.616 -34.7089 37.2485 9.3314 -37.1348 34.7532
3 16 9.616 -34.7089 37.2485 9.7113 -32.0183 36.8916 9.491 -34.1734 33.6024
3 16 8.9954 -21.7935 23.1489 6.8697 -21.5 21.2225 8.8759 -23.8927 22.6575
3 16 7.0994 -19.1224 22.3435 8.9954 -21.7935 23.1489 9.1453 -20.0892 23.9712
3 16 6.8697 -21.5 21.2225 8.9954 -21.7935 23.1489 7.0994 -19.1224 22.3435
3 16 9.1453 -20.0892 23.9712 7.3039 -16.7725 24.0042 7.0994 -19.1224 22.3435
3 16 9.117 -17.3807 25.7392 7.3039 -16.7725 24.0042 9.1453 -20.0892 23.9712
3 16 9.117 -17.3807 25.7392 7.4999 -14.164 25.7587 7.3039 -16.7725 24.0042
3 16 8.95 -14.3602 27.441 7.4999 -14.164 25.7587 9.117 -17.3807 25.7392
3 16 8.95 -14.3602 27.441 7.4859 -12.443 26.5024 7.4999 -14.164 25.7587
3 16 8.9052 -12.5166 27.9187 7.4859 -12.443 26.5024 8.95 -14.3602 27.441
3 16 7.3527 -25.1566 37.6202 9.7999 -26.7483 37.0722 7.5334 -26.2458 39.1534
3 16 9.8278 -25.82 35.5537 9.7999 -26.7483 37.0722 7.3527 -25.1566 37.6202
3 16 9.7214 -23.2348 35.8239 7.3527 -25.1566 37.6202 7.4035 -22.9441 37.4516
3 16 9.8278 -25.82 35.5537 7.3527 -25.1566 37.6202 9.7214 -23.2348 35.8239
3 16 7.422 -21.4695 35.9886 9.7214 -23.2348 35.8239 7.4035 -22.9441 37.4516
3 16 9.8088 -21.909 33.8177 9.7214 -23.2348 35.8239 7.422 -21.4695 35.9886
3 16 9.5487 -19.8224 34.1078 7.422 -21.4695 35.9886 7.3641 -20.0425 36.0374
3 16 9.8088 -21.909 33.8177 7.422 -21.4695 35.9886 9.5487 -19.8224 34.1078
3 16 7.6342 -18.2918 35.2677 9.5487 -19.8224 34.1078 7.3641 -20.0425 36.0374
3 16 9.5282 -17.9475 33.2644 9.5487 -19.8224 34.1078 7.6342 -18.2918 35.2677
3 16 9.1231 -14.0043 35.7027 7.8386 -16.249 36.0047 7.9476 -13.7634 36.8112
3 16 9.3351 -16.1466 34.2733 7.8386 -16.249 36.0047 9.1231 -14.0043 35.7027
3 16 8.257 -11.8854 36.1338 9.1231 -14.0043 35.7027 7.9476 -13.7634 36.8112
3 16 9.2484 -12.135 35.0989 9.1231 -14.0043 35.7027 8.257 -11.8854 36.1338
3 16 9.2484 -12.135 35.0989 8.4876 -9.5961 35.186 9.3466 -9.7295 34.067
3 16 8.257 -11.8854 36.1338 8.4876 -9.5961 35.186 9.2484 -12.135 35.0989
3 16 8.8067 -6.8663 33.9702 9.3466 -9.7295 34.067 8.4876 -9.5961 35.186
3 16 9.5665 -7.03 32.8726 9.3466 -9.7295 34.067 8.8067 -6.8663 33.9702
3 16 9.7782 -5.1827 32.2008 9.0965 -3.6414 32.9414 9.8237 -3.6842 31.9213
3 16 8.9996 -4.9186 33.2918 9.0965 -3.6414 32.9414 9.7782 -5.1827 32.2008
3 16 9.0559 0.015 32.0533 9.8226 -1.8235 31.6732 9.0974 -1.846 32.516
3 16 9.8102 -0.0199 31.3355 9.8226 -1.8235 31.6732 9.0559 0.015 32.0533
3 16 9.3351 -16.1466 34.2733 7.6342 -18.2918 35.2677 7.8386 -16.249 36.0047
3 16 9.5282 -17.9475 33.2644 7.6342 -18.2918 35.2677 9.3351 -16.1466 34.2733
3 16 8.9052 -12.5166 27.9187 7.5718 -10.6611 26.5684 7.4859 -12.443 26.5024
3 16 8.9307 -10.7347 27.9527 7.5718 -10.6611 26.5684 8.9052 -12.5166 27.9187
3 16 9.0282 -8.9541 27.5325 7.5718 -10.6611 26.5684 8.9307 -10.7347 27.9527
3 16 7.7841 -9.0063 26.0937 7.5718 -10.6611 26.5684 9.0282 -8.9541 27.5325
3 16 9.1924 -7.4434 26.7162 7.7841 -9.0063 26.0937 9.0282 -8.9541 27.5325
3 16 8.0545 -7.2361 25.0339 7.7841 -9.0063 26.0937 9.1924 -7.4434 26.7162
3 16 9.4342 -6.3127 25.413 8.0545 -7.2361 25.0339 9.1924 -7.4434 26.7162
3 16 8.5517 -6.4469 23.3475 8.0545 -7.2361 25.0339 9.4342 -6.3127 25.413
3 16 9.719 -5.279 22.3244 8.5517 -6.4469 23.3475 9.4342 -6.3127 25.413
3 16 9.0513 -5.6477 21.6971 8.5517 -6.4469 23.3475 9.719 -5.279 22.3244
3 16 9.0513 -5.6477 21.6971 9.798 -4.2514 21.6436 9.2469 -4.3125 20.904
3 16 9.719 -5.279 22.3244 9.798 -4.2514 21.6436 9.0513 -5.6477 21.6971
3 16 9.012 -0.0199 20.8329 9.8174 -2.1535 21.4464 9.8375 -0.0199 21.3993
3 16 9.1648 -2.2186 20.7702 9.8174 -2.1535 21.4464 9.012 -0.0199 20.8329
3 16 9.719 -5.279 22.3244 9.8366 -4.0673 24.7034 9.798 -4.2514 21.6436
3 16 9.8049 -5.405 25.6387 9.8366 -4.0673 24.7034 9.719 -5.279 22.3244
3 16 9.8049 -5.405 25.6387 9.4342 -6.3127 25.413 9.3624 -7.0497 27.498
3 16 9.719 -5.279 22.3244 9.4342 -6.3127 25.413 9.8049 -5.405 25.6387
3 16 9.5665 -7.03 32.8726 8.9996 -4.9186 33.2918 9.7782 -5.1827 32.2008
3 16 8.8067 -6.8663 33.9702 8.9996 -4.9186 33.2918 9.5665 -7.03 32.8726
3 16 9.8174 -2.1535 21.4464 9.8375 -0.0199 24.0199 9.8375 -0.0199 21.3993
3 16 9.8402 -2.0793 24.1984 9.8375 -0.0199 24.0199 9.8174 -2.1535 21.4464
3 16 9.8407 -1.9613 28.0224 9.8102 -0.0199 31.3355 9.8375 -0.0199 27.7675
3 16 9.8226 -1.8235 31.6732 9.8102 -0.0199 31.3355 9.8407 -1.9613 28.0224
3 16 9.1924 -7.4434 26.7162 9.3624 -7.0497 27.498 9.4342 -6.3127 25.413
3 16 9.3624 -7.0497 27.498 9.0282 -8.9541 27.5325 9.0651 -9.9926 28.9354
3 16 9.1924 -7.4434 26.7162 9.0282 -8.9541 27.5325 9.3624 -7.0497 27.498
3 16 9.2227 -9.9888 31.3315 9.5665 -7.03 32.8726 9.4431 -7.1112 30.1135
3 16 9.3466 -9.7295 34.067 9.5665 -7.03 32.8726 9.2227 -9.9888 31.3315
3 16 9.0282 -8.9541 27.5325 8.9307 -10.7347 27.9527 9.0651 -9.9926 28.9354
3 16 9.2158 -13.4144 31.8039 9.3466 -9.7295 34.067 9.2227 -9.9888 31.3315
3 16 9.2484 -12.135 35.0989 9.3466 -9.7295 34.067 9.2158 -13.4144 31.8039
3 16 8.9052 -12.5166 27.9187 9.0651 -9.9926 28.9354 8.9307 -10.7347 27.9527
3 16 9.0596 -13.5151 29.0255 9.0651 -9.9926 28.9354 8.9052 -12.5166 27.9187
3 16 9.1231 -14.0043 35.7027 9.2484 -12.135 35.0989 9.2158 -13.4144 31.8039
3 16 8.95 -14.3602 27.441 9.0596 -13.5151 29.0255 8.9052 -12.5166 27.9187
3 16 9.3351 -16.1466 34.2733 9.2158 -13.4144 31.8039 9.4503 -17.2144 30.9627
3 16 9.1231 -14.0043 35.7027 9.2158 -13.4144 31.8039 9.3351 -16.1466 34.2733
3 16 8.95 -14.3602 27.441 9.3169 -17.3837 27.7814 9.0596 -13.5151 29.0255
3 16 9.117 -17.3807 25.7392 9.3169 -17.3837 27.7814 8.95 -14.3602 27.441
3 16 9.5282 -17.9475 33.2644 9.3351 -16.1466 34.2733 9.4503 -17.2144 30.9627
3 16 9.4503 -17.2144 30.9627 9.5487 -19.8224 34.1078 9.5282 -17.9475 33.2644
3 16 9.7694 -21.0175 30.5166 9.5487 -19.8224 34.1078 9.4503 -17.2144 30.9627
3 16 9.5035 -21.0931 26.5167 9.117 -17.3807 25.7392 9.1453 -20.0892 23.9712
3 16 9.3169 -17.3837 27.7814 9.117 -17.3807 25.7392 9.5035 -21.0931 26.5167
3 16 9.7694 -21.0175 30.5166 9.8088 -21.909 33.8177 9.5487 -19.8224 34.1078
3 16 8.9954 -21.7935 23.1489 9.5035 -21.0931 26.5167 9.1453 -20.0892 23.9712
3 16 9.3789 -25.2572 26.1482 8.9954 -21.7935 23.1489 8.8759 -23.8927 22.6575
3 16 9.5035 -21.0931 26.5167 8.9954 -21.7935 23.1489 9.3789 -25.2572 26.1482
3 16 9.8094 -25.0109 31.0592 9.8088 -21.909 33.8177 9.7694 -21.0175 30.5166
3 16 9.7214 -23.2348 35.8239 9.8088 -21.909 33.8177 9.8094 -25.0109 31.0592
3 16 8.841 -29.7885 23.4059 9.3789 -25.2572 26.1482 8.8292 -26.1242 21.9894
3 16 9.1317 -30.52 27.5717 9.3789 -25.2572 26.1482 8.841 -29.7885 23.4059
3 16 8.8545 -35.47 26.6436 8.7819 -38.0623 28.5276 8.9378 -35.5686 30.1032
3 16 6.9524 -40.8437 37.67 8.7114 -41.38 34.1469 6.8216 -43.3499 35.8497
3 16 9.1881 -39.484 35.8498 8.7114 -41.38 34.1469 6.9524 -40.8437 37.67
3 16 8.8622 -39.0091 32.3687 9.1881 -39.484 35.8498 9.3314 -37.1348 34.7532
3 16 8.7114 -41.38 34.1469 9.1881 -39.484 35.8498 8.8622 -39.0091 32.3687
3 16 8.8622 -39.0091 32.3687 8.7819 -38.0623 28.5276 8.7463 -40.2142 30.3713
3 16 8.9378 -35.5686 30.1032 8.7819 -38.0623 28.5276 8.8622 -39.0091 32.3687
3 16 9.3314 -37.1348 34.7532 8.9378 -35.5686 30.1032 8.8622 -39.0091 32.3687
3 16 9.491 -34.1734 33.6024 8.9378 -35.5686 30.1032 9.3314 -37.1348 34.7532
3 16 6.8216 -43.3499 35.8497 5.2211 -44.8577 34.0857 2.6128 -43.8968 36.0585
3 16 6.7164 -44.6636 33.9718 5.2211 -44.8577 34.0857 6.8216 -43.3499 35.8497
3 16 -0.0107 -44.2124 36.5678 1.2662 -42.337 39.0085 1.725 -44.1734 36.3334
3 16 -0.2601 -42.3834 39.1048 1.2662 -42.337 39.0085 -0.0107 -44.2124 36.5678
3 16 2.5672 -41.1733 38.1129 6.8216 -43.3499 35.8497 2.6128 -43.8968 36.0585
3 16 6.9524 -40.8437 37.67 6.8216 -43.3499 35.8497 2.5672 -41.1733 38.1129
3 16 1.725 -44.1734 36.3334 2.0811 -41.5947 38.5697 2.2038 -44.0728 36.1264
3 16 1.2662 -42.337 39.0085 2.0811 -41.5947 38.5697 1.725 -44.1734 36.3334
3 16 2.8813 -38.2173 39.3129 6.9524 -40.8437 37.67 2.5672 -41.1733 38.1129
3 16 7.0752 -38.0964 38.9597 6.9524 -40.8437 37.67 2.8813 -38.2173 39.3129
3 16 0.9579 -39.5002 41.1933 2.0811 -41.5947 38.5697 1.2662 -42.337 39.0085
3 16 2.2424 -38.6777 40.1958 2.0811 -41.5947 38.5697 0.9579 -39.5002 41.1933
3 16 3.303 -35.4105 39.8585 7.0752 -38.0964 38.9597 2.8813 -38.2173 39.3129
3 16 7.3889 -35.0624 39.4209 7.0752 -38.0964 38.9597 3.303 -35.4105 39.8585
3 16 2.2424 -38.6777 40.1958 1.135 -36.4923 42.4584 2.5956 -35.9704 41.0218
3 16 0.9579 -39.5002 41.1933 1.135 -36.4923 42.4584 2.2424 -38.6777 40.1958
3 16 3.9107 -32.5014 39.7501 7.3889 -35.0624 39.4209 3.303 -35.4105 39.8585
3 16 7.475 -32.3113 39.2119 7.3889 -35.0624 39.4209 3.9107 -32.5014 39.7501
3 16 2.5956 -35.9704 41.0218 1.7489 -33.3642 42.9851 3.0936 -32.9516 41.4303
3 16 1.135 -36.4923 42.4584 1.7489 -33.3642 42.9851 2.5956 -35.9704 41.0218
3 16 4.4392 -29.5021 39.6483 7.475 -32.3113 39.2119 3.9107 -32.5014 39.7501
3 16 7.5049 -29.4902 38.9791 7.475 -32.3113 39.2119 4.4392 -29.5021 39.6483
3 16 3.0936 -32.9516 41.4303 2.2257 -30.2228 43.3692 3.7167 -29.8305 41.7125
3 16 1.7489 -33.3642 42.9851 2.2257 -30.2228 43.3692 3.0936 -32.9516 41.4303
3 16 7.5334 -26.2458 39.1534 4.4392 -29.5021 39.6483 4.8038 -25.6927 39.9447
3 16 7.5049 -29.4902 38.9791 4.4392 -29.5021 39.6483 7.5334 -26.2458 39.1534
3 16 4.8925 -24.6218 38.2621 7.5334 -26.2458 39.1534 4.8038 -25.6927 39.9447
3 16 7.3527 -25.1566 37.6202 7.5334 -26.2458 39.1534 4.8925 -24.6218 38.2621
3 16 7.4035 -22.9441 37.4516 4.8925 -24.6218 38.2621 4.6809 -22.9451 38.0242
3 16 7.3527 -25.1566 37.6202 4.8925 -24.6218 38.2621 7.4035 -22.9441 37.4516
3 16 4.2314 -21.6799 37.0515 7.4035 -22.9441 37.4516 4.6809 -22.9451 38.0242
3 16 7.422 -21.4695 35.9886 7.4035 -22.9441 37.4516 4.2314 -21.6799 37.0515
3 16 7.3641 -20.0425 36.0374 4.2314 -21.6799 37.0515 3.4251 -20.3265 37.2619
3 16 7.422 -21.4695 35.9886 4.2314 -21.6799 37.0515 7.3641 -20.0425 36.0374
3 16 7.6342 -18.2918 35.2677 3.4251 -20.3265 37.2619 2.4637 -18.4802 35.7673
3 16 7.3641 -20.0425 36.0374 3.4251 -20.3265 37.2619 7.6342 -18.2918 35.2677
3 16 2.4836 -16.2005 36.522 7.6342 -18.2918 35.2677 2.4637 -18.4802 35.7673
3 16 7.8386 -16.249 36.0047 7.6342 -18.2918 35.2677 2.4836 -16.2005 36.522
3 16 7.9476 -13.7634 36.8112 2.4836 -16.2005 36.522 2.5059 -13.65 37.1486
3 16 7.8386 -16.249 36.0047 2.4836 -16.2005 36.522 7.9476 -13.7634 36.8112
3 16 2.525 -11.7987 36.7289 7.9476 -13.7634 36.8112 2.5059 -13.65 37.1486
3 16 8.257 -11.8854 36.1338 7.9476 -13.7634 36.8112 2.525 -11.7987 36.7289
3 16 8.257 -11.8854 36.1338 2.5503 -9.5384 35.7342 8.4876 -9.5961 35.186
3 16 2.525 -11.7987 36.7289 2.5503 -9.5384 35.7342 8.257 -11.8854 36.1338
3 16 2.5763 -6.6541 34.4025 8.4876 -9.5961 35.186 2.5503 -9.5384 35.7342
3 16 8.8067 -6.8663 33.9702 8.4876 -9.5961 35.186 2.5763 -6.6541 34.4025
3 16 8.8067 -6.8663 33.9702 2.6014 -4.6944 33.6564 8.9996 -4.9186 33.2918
3 16 2.5763 -6.6541 34.4025 2.6014 -4.6944 33.6564 8.8067 -6.8663 33.9702
3 16 2.6125 -3.4041 33.2869 8.9996 -4.9186 33.2918 2.6014 -4.6944 33.6564
3 16 9.0965 -3.6414 32.9414 8.9996 -4.9186 33.2918 2.6125 -3.4041 33.2869
3 16 9.0559 0.015 32.0533 2.612 -1.6988 32.8516 2.6331 0.015 32.3599
3 16 9.0974 -1.846 32.516 2.612 -1.6988 32.8516 9.0559 0.015 32.0533
3 16 -0.2601 -42.3834 39.1048 0.9579 -39.5002 41.1933 1.2662 -42.337 39.0085
3 16 -0.579 -39.7263 41.2482 0.9579 -39.5002 41.1933 -0.2601 -42.3834 39.1048
3 16 0.9579 -39.5002 41.1933 -0.7561 -36.6496 42.6835 1.135 -36.4923 42.4584
3 16 -0.579 -39.7263 41.2482 -0.7561 -36.6496 42.6835 0.9579 -39.5002 41.1933
3 16 -0.5149 -33.4953 43.4178 1.135 -36.4923 42.4584 -0.7561 -36.6496 42.6835
3 16 1.7489 -33.3642 42.9851 1.135 -36.4923 42.4584 -0.5149 -33.4953 43.4178
3 16 1.7489 -33.3642 42.9851 -0.1737 -30.4238 43.7043 2.2257 -30.2228 43.3692
3 16 -0.5149 -33.4953 43.4178 -0.1737 -30.4238 43.7043 1.7489 -33.3642 42.9851
3 16 0.1799 -27.6327 44.3629 2.2257 -30.2228 43.3692 -0.1737 -30.4238 43.7043
3 16 2.6578 -27.3637 44.0758 2.2257 -30.2228 43.3692 0.1799 -27.6327 44.3629
3 16 -1.99 -19.967 49.8756 1.4067 -20.0018 47.3212 1.1696 -21.4762 48.1409
3 16 -1.7877 -18.4617 49.2015 1.4067 -20.0018 47.3212 -1.99 -19.967 49.8756
3 16 -4.3244 -18.2624 49.0262 -1.99 -19.967 49.8756 -4.7461 -19.5096 49.8328
3 16 -1.7877 -18.4617 49.2015 -1.99 -19.967 49.8756 -4.3244 -18.2624 49.0262
3 16 0.1529 -25.1141 45.6869 2.6578 -27.3637 44.0758 0.1799 -27.6327 44.3629
3 16 2.4406 -24.0852 45.6878 2.6578 -27.3637 44.0758 0.1529 -25.1141 45.6869
3 16 -0.368 -23.0272 47.6391 2.4406 -24.0852 45.6878 0.1529 -25.1141 45.6869
3 16 1.1696 -21.4762 48.1409 2.4406 -24.0852 45.6878 -0.368 -23.0272 47.6391
3 16 -2.5746 -21.8815 49.2045 1.1696 -21.4762 48.1409 -0.368 -23.0272 47.6391
3 16 -1.99 -19.967 49.8756 1.1696 -21.4762 48.1409 -2.5746 -21.8815 49.2045
3 16 -4.8643 -21.3982 49.3637 -1.99 -19.967 49.8756 -2.5746 -21.8815 49.2045
3 16 -4.7461 -19.5096 49.8328 -1.99 -19.967 49.8756 -4.8643 -21.3982 49.3637
3 16 -4.8643 -21.3982 49.3637 -7.1063 -19.8523 48.5962 -4.7461 -19.5096 49.8328
3 16 -7.0292 -21.4214 48.3728 -7.1063 -19.8523 48.5962 -4.8643 -21.3982 49.3637
3 16 -7.0292 -21.4214 48.3728 -8.6341 -20.6246 46.8165 -7.1063 -19.8523 48.5962
3 16 -8.5077 -21.6524 46.7495 -8.6341 -20.6246 46.8165 -7.0292 -21.4214 48.3728
3 16 -6.5356 -18.5377 47.9732 -4.7461 -19.5096 49.8328 -7.1063 -19.8523 48.5962
3 16 -4.3244 -18.2624 49.0262 -4.7461 -19.5096 49.8328 -6.5356 -18.5377 47.9732
3 16 -8.1581 -19.3158 46.1445 -7.1063 -19.8523 48.5962 -8.6341 -20.6246 46.8165
3 16 -6.5356 -18.5377 47.9732 -7.1063 -19.8523 48.5962 -8.1581 -19.3158 46.1445
3 16 -6.5356 -18.5377 47.9732 -7.4931 -18.3063 45.829 -5.8841 -17.5721 47.2951
3 16 -8.1581 -19.3158 46.1445 -7.4931 -18.3063 45.829 -6.5356 -18.5377 47.9732
3 16 -4.3244 -18.2624 49.0262 -5.8841 -17.5721 47.2951 -3.9943 -17.3346 48.028
3 16 -6.5356 -18.5377 47.9732 -5.8841 -17.5721 47.2951 -4.3244 -18.2624 49.0262
3 16 -1.9257 -17.4591 48.2814 -4.3244 -18.2624 49.0262 -3.9943 -17.3346 48.028
3 16 -1.7877 -18.4617 49.2015 -4.3244 -18.2624 49.0262 -1.9257 -17.4591 48.2814
3 16 1.4067 -20.0018 47.3212 -1.9257 -17.4591 48.2814 1.434 -18.8109 45.7386
3 16 -1.7877 -18.4617 49.2015 -1.9257 -17.4591 48.2814 1.4067 -20.0018 47.3212
3 16 3.4347 -22.7828 44.21 1.434 -18.8109 45.7386 4.022 -21.879 41.7773
3 16 1.4067 -20.0018 47.3212 1.434 -18.8109 45.7386 3.4347 -22.7828 44.21
3 16 3.221 -19.8855 40.38 0.1491 -17.4893 41.9391 2.1618 -18.8074 39.4635
3 16 0.9231 -17.8896 43.7878 0.1491 -17.4893 41.9391 3.221 -19.8855 40.38
3 16 -2.2806 -16.4756 44.5539 0.9231 -17.8896 43.7878 -2.4473 -16.7295 47.3506
3 16 0.1491 -17.4893 41.9391 0.9231 -17.8896 43.7878 -2.2806 -16.4756 44.5539
3 16 -0.5143 -17.5743 40.1403 2.1618 -18.8074 39.4635 0.1491 -17.4893 41.9391
3 16 0.9806 -18.4029 38.3047 2.1618 -18.8074 39.4635 -0.5143 -17.5743 40.1403
3 16 6.3047 -2.1967 20.6541 9.012 -0.0199 20.8329 6.3529 -0.0199 20.7007
3 16 9.1648 -2.2186 20.7702 9.012 -0.0199 20.8329 6.3047 -2.1967 20.6541
3 16 6.1634 -4.2417 20.7795 9.0513 -5.6477 21.6971 9.2469 -4.3125 20.904
3 16 6.0171 -5.5861 21.4332 9.0513 -5.6477 21.6971 6.1634 -4.2417 20.7795
3 16 8.5517 -6.4469 23.3475 6.0171 -5.5861 21.4332 5.1501 -6.5013 23.2125
3 16 9.0513 -5.6477 21.6971 6.0171 -5.5861 21.4332 8.5517 -6.4469 23.3475
3 16 5.1501 -6.5013 23.2125 8.0545 -7.2361 25.0339 8.5517 -6.4469 23.3475
3 16 3.7089 -7.4147 24.8483 8.0545 -7.2361 25.0339 5.1501 -6.5013 23.2125
3 16 7.7841 -9.0063 26.0937 3.7089 -7.4147 24.8483 2.5797 -8.6982 25.5709
3 16 8.0545 -7.2361 25.0339 3.7089 -7.4147 24.8483 7.7841 -9.0063 26.0937
3 16 2.5349 -10.3253 26.0415 7.7841 -9.0063 26.0937 2.5797 -8.6982 25.5709
3 16 7.5718 -10.6611 26.5684 7.7841 -9.0063 26.0937 2.5349 -10.3253 26.0415
3 16 7.5718 -10.6611 26.5684 2.5726 -12.0415 26.2076 7.4859 -12.443 26.5024
3 16 2.5349 -10.3253 26.0415 2.5726 -12.0415 26.2076 7.5718 -10.6611 26.5684
3 16 2.5146 -13.7182 25.6117 7.4859 -12.443 26.5024 2.5726 -12.0415 26.2076
3 16 7.4999 -14.164 25.7587 7.4859 -12.443 26.5024 2.5146 -13.7182 25.6117
3 16 2.5062 -16.3185 24.0192 7.4999 -14.164 25.7587 2.5146 -13.7182 25.6117
3 16 7.3039 -16.7725 24.0042 7.4999 -14.164 25.7587 2.5062 -16.3185 24.0192
3 16 7.3039 -16.7725 24.0042 2.4612 -18.7682 22.3144 7.0994 -19.1224 22.3435
3 16 2.5062 -16.3185 24.0192 2.4612 -18.7682 22.3144 7.3039 -16.7725 24.0042
3 16 2.4493 -21.2449 21.0413 7.0994 -19.1224 22.3435 2.4612 -18.7682 22.3144
3 16 6.8697 -21.5 21.2225 7.0994 -19.1224 22.3435 2.4493 -21.2449 21.0413
3 16 6.0171 -5.5861 21.4332 5.6472 -2.9486 22.9504 5.1501 -6.5013 23.2125
3 16 6.1634 -4.2417 20.7795 5.6472 -2.9486 22.9504 6.0171 -5.5861 21.4332
3 16 2.5763 -6.6541 34.4025 2.5821 -4.9118 31.5889 2.6014 -4.6944 33.6564
3 16 2.556 -7.9017 32.3008 2.5821 -4.9118 31.5889 2.5763 -6.6541 34.4025
3 16 2.6014 -4.6944 33.6564 2.5821 -4.9118 31.5889 2.6125 -3.4041 33.2869
3 16 2.5797 -8.6982 25.5709 2.541 -9.6198 29.0956 2.5349 -10.3253 26.0415
3 16 2.5714 -6.1444 28.6971 2.541 -9.6198 29.0956 2.5797 -8.6982 25.5709
3 16 2.5349 -10.3253 26.0415 2.541 -9.6198 29.0956 2.5726 -12.0415 26.2076
3 16 2.6018 -2.6553 28.4178 2.625 -0.0199 30.6436 2.6067 -2.101 31.0459
3 16 2.6388 -0.0199 28.0052 2.625 -0.0199 30.6436 2.6018 -2.6553 28.4178
3 16 2.6266 -0.0199 26.2197 2.6018 -2.6553 28.4178 2.6181 -3.1303 25.9973
3 16 2.6388 -0.0199 28.0052 2.6018 -2.6553 28.4178 2.6266 -0.0199 26.2197
3 16 2.5726 -12.0415 26.2076 2.5106 -13.1045 29.2285 2.5146 -13.7182 25.6117
3 16 2.541 -9.6198 29.0956 2.5106 -13.1045 29.2285 2.5726 -12.0415 26.2076
3 16 2.5503 -9.5384 35.7342 2.556 -7.9017 32.3008 2.5763 -6.6541 34.4025
3 16 2.5282 -11.088 33.2659 2.556 -7.9017 32.3008 2.5503 -9.5384 35.7342
3 16 2.5062 -16.3185 24.0192 2.5146 -13.7182 25.6117 2.5106 -13.1045 29.2285
3 16 2.525 -11.7987 36.7289 2.5059 -13.65 37.1486 2.4985 -14.4949 34.6116
3 16 2.5059 -13.65 37.1486 2.4836 -16.2005 36.522 2.4985 -14.4949 34.6116
3 16 2.4836 -16.2005 36.522 2.464 -18.4435 34.4238 2.4985 -14.4949 34.6116
3 16 2.4637 -18.4802 35.7673 2.464 -18.4435 34.4238 2.4836 -16.2005 36.522
3 16 2.556 -7.9017 32.3008 2.5714 -6.1444 28.6971 2.5821 -4.9118 31.5889
3 16 2.541 -9.6198 29.0956 2.5714 -6.1444 28.6971 2.556 -7.9017 32.3008
3 16 2.6331 0.015 32.3599 2.6067 -2.101 31.0459 2.625 -0.0199 30.6436
3 16 2.612 -1.6988 32.8516 2.6067 -2.101 31.0459 2.6331 0.015 32.3599
3 16 2.5282 -11.088 33.2659 2.541 -9.6198 29.0956 2.556 -7.9017 32.3008
3 16 2.5106 -13.1045 29.2285 2.541 -9.6198 29.0956 2.5282 -11.088 33.2659
3 16 2.5282 -11.088 33.2659 2.525 -11.7987 36.7289 2.4985 -14.4949 34.6116
3 16 2.5503 -9.5384 35.7342 2.525 -11.7987 36.7289 2.5282 -11.088 33.2659
3 16 2.4985 -14.4949 34.6116 2.5106 -13.1045 29.2285 2.5282 -11.088 33.2659
3 16 2.475 -17.1854 29.0334 2.5106 -13.1045 29.2285 2.4985 -14.4949 34.6116
3 16 2.475 -17.1854 29.0334 2.4985 -14.4949 34.6116 2.464 -18.4435 34.4238
3 16 -7.3219 -38.1047 38.9336 -9.2056 -39.484 35.8498 -9.402 -37.2738 37.0252
3 16 -6.9624 -40.8153 37.6842 -9.2056 -39.484 35.8498 -7.3219 -38.1047 38.9336
3 16 -7.5113 -35.301 39.7075 -9.402 -37.2738 37.0252 -9.5639 -35.0431 37.7015
3 16 -7.3219 -38.1047 38.9336 -9.402 -37.2738 37.0252 -7.5113 -35.301 39.7075
3 16 -9.7089 -32.4671 38.2364 -7.5113 -35.301 39.7075 -9.5639 -35.0431 37.7015
3 16 -7.5272 -32.0426 40.2509 -7.5113 -35.301 39.7075 -9.7089 -32.4671 38.2364
3 16 -7.5272 -32.0426 40.2509 -9.8326 -29.3168 38.5817 -7.4502 -28.8089 40.6183
3 16 -9.7089 -32.4671 38.2364 -9.8326 -29.3168 38.5817 -7.5272 -32.0426 40.2509
3 16 -9.8332 -26.9655 39.9197 -7.4502 -28.8089 40.6183 -9.8326 -29.3168 38.5817
3 16 -7.4678 -26.2698 41.816 -7.4502 -28.8089 40.6183 -9.8332 -26.9655 39.9197
3 16 -8.76 -41.4267 34.1478 -8.7463 -40.2142 30.3713 -8.8696 -37.8036 31.4737
3 16 -8.5225 -42.4356 32.4535 -8.7463 -40.2142 30.3713 -8.76 -41.4267 34.1478
3 16 -9.402 -37.2738 37.0252 -9.254 -36.6442 33.6451 -9.4888 -35.7694 35.4114
3 16 -9.2056 -39.484 35.8498 -9.254 -36.6442 33.6451 -9.402 -37.2738 37.0252
3 16 -9.5639 -35.0431 37.7015 -9.402 -37.2738 37.0252 -9.4888 -35.7694 35.4114
3 16 -9.7392 -31.5552 35.2728 -9.5639 -35.0431 37.7015 -9.4888 -35.7694 35.4114
3 16 -9.7089 -32.4671 38.2364 -9.5639 -35.0431 37.7015 -9.7392 -31.5552 35.2728
3 16 -9.8326 -29.3168 38.5817 -9.7089 -32.4671 38.2364 -9.7392 -31.5552 35.2728
3 16 -9.8326 -29.3168 38.5817 -9.8559 -26.9143 35.3551 -9.8332 -26.9655 39.9197
3 16 -9.7392 -31.5552 35.2728 -9.8559 -26.9143 35.3551 -9.8326 -29.3168 38.5817
3 16 -9.7392 -31.5552 35.2728 -9.7575 -27.5882 30.8204 -9.8559 -26.9143 35.3551
3 16 -9.529 -32.3157 32.1046 -9.7575 -27.5882 30.8204 -9.7392 -31.5552 35.2728
3 16 -9.0233 -33.168 28.9076 -9.7575 -27.5882 30.8204 -9.529 -32.3157 32.1046
3 16 -8.8474 -27.5151 24.1073 -9.7575 -27.5882 30.8204 -9.0233 -33.168 28.9076
3 16 -8.8474 -27.5151 24.1073 -8.825 -33.0189 25.0498 -8.9589 -30.0614 23.5226
3 16 -9.0233 -33.168 28.9076 -8.825 -33.0189 25.0498 -8.8474 -27.5151 24.1073
3 16 -9.0233 -33.168 28.9076 -8.7893 -35.172 26.4949 -8.825 -33.0189 25.0498
3 16 -9.0233 -33.168 28.9076 -8.7748 -38.0115 28.5604 -8.7893 -35.172 26.4949
3 16 -8.8696 -37.8036 31.4737 -8.7748 -38.0115 28.5604 -9.0233 -33.168 28.9076
3 16 -9.529 -32.3157 32.1046 -8.8696 -37.8036 31.4737 -9.0233 -33.168 28.9076
3 16 -9.254 -36.6442 33.6451 -8.8696 -37.8036 31.4737 -9.529 -32.3157 32.1046
3 16 -9.529 -32.3157 32.1046 -9.4888 -35.7694 35.4114 -9.254 -36.6442 33.6451
3 16 -9.7392 -31.5552 35.2728 -9.4888 -35.7694 35.4114 -9.529 -32.3157 32.1046
3 16 -6.9624 -40.8153 37.6842 -8.76 -41.4267 34.1478 -9.2056 -39.484 35.8498
3 16 -6.6965 -43.3303 35.8239 -8.76 -41.4267 34.1478 -6.9624 -40.8153 37.6842
3 16 -9.2056 -39.484 35.8498 -8.8696 -37.8036 31.4737 -9.254 -36.6442 33.6451
3 16 -8.76 -41.4267 34.1478 -8.8696 -37.8036 31.4737 -9.2056 -39.484 35.8498
3 16 -8.7748 -38.0115 28.5604 -8.8696 -37.8036 31.4737 -8.7463 -40.2142 30.3713
3 16 -6.6965 -43.3303 35.8239 -4.9818 -44.8328 34.0916 -6.7164 -44.6636 33.9718
3 16 -2.4594 -43.9378 36.1479 -4.9818 -44.8328 34.0916 -6.6965 -43.3303 35.8239
3 16 -2.9035 -41.3344 37.9818 -6.6965 -43.3303 35.8239 -6.9624 -40.8153 37.6842
3 16 -2.4594 -43.9378 36.1479 -6.6965 -43.3303 35.8239 -2.9035 -41.3344 37.9818
3 16 -3.9883 -38.3934 39.2211 -6.9624 -40.8153 37.6842 -7.3219 -38.1047 38.9336
3 16 -2.9035 -41.3344 37.9818 -6.9624 -40.8153 37.6842 -3.9883 -38.3934 39.2211
3 16 -4.5179 -35.2021 40.0003 -7.3219 -38.1047 38.9336 -7.5113 -35.301 39.7075
3 16 -3.9883 -38.3934 39.2211 -7.3219 -38.1047 38.9336 -4.5179 -35.2021 40.0003
3 16 -7.5272 -32.0426 40.2509 -4.5179 -35.2021 40.0003 -7.5113 -35.301 39.7075
3 16 -4.7026 -31.808 40.4862 -4.5179 -35.2021 40.0003 -7.5272 -32.0426 40.2509
3 16 -7.4502 -28.8089 40.6183 -4.7026 -31.808 40.4862 -7.5272 -32.0426 40.2509
3 16 -4.2728 -28.4921 41.0786 -4.7026 -31.808 40.4862 -7.4502 -28.8089 40.6183
3 16 -6.8294 -24.9755 23.0384 -9.2887 -23.3904 26.6243 -8.8474 -27.5151 24.1073
3 16 -7.1718 -22.2185 24.7985 -9.2887 -23.3904 26.6243 -6.8294 -24.9755 23.0384
3 16 -7.4678 -26.2698 41.816 -4.2728 -28.4921 41.0786 -7.4502 -28.8089 40.6183
3 16 -3.4221 -26.0436 42.3147 -4.2728 -28.4921 41.0786 -7.4678 -26.2698 41.816
3 16 -9.8437 -25.6705 39.0878 -7.4678 -26.2698 41.816 -9.8332 -26.9655 39.9197
3 16 -7.0026 -24.9925 41.4549 -7.4678 -26.2698 41.816 -9.8437 -25.6705 39.0878
3 16 -3.4221 -26.0436 42.3147 -7.0026 -24.9925 41.4549 -3.536 -24.8294 41.9954
3 16 -7.4678 -26.2698 41.816 -7.0026 -24.9925 41.4549 -3.4221 -26.0436 42.3147
3 16 -9.677 -22.92 41.0952 -7.0026 -24.9925 41.4549 -9.8437 -25.6705 39.0878
3 16 -6.8667 -22.8402 42.7084 -7.0026 -24.9925 41.4549 -9.677 -22.92 41.0952
3 16 -9.8437 -25.6705 39.0878 -9.8414 -22.2616 36.5679 -9.677 -22.92 41.0952
3 16 -9.8559 -26.9143 35.3551 -9.8414 -22.2616 36.5679 -9.8437 -25.6705 39.0878
3 16 -9.8559 -26.9143 35.3551 -9.8283 -22.2452 32.2777 -9.8414 -22.2616 36.5679
3 16 -9.7575 -27.5882 30.8204 -9.8283 -22.2452 32.2777 -9.8559 -26.9143 35.3551
3 16 -9.677 -22.92 41.0952 -9.8414 -22.2616 36.5679 -9.7443 -21.1307 40.2162
3 16 -7.6594 -21.2576 41.9331 -9.677 -22.92 41.0952 -9.7443 -21.1307 40.2162
3 16 -6.8667 -22.8402 42.7084 -9.677 -22.92 41.0952 -7.6594 -21.2576 41.9331
3 16 -7.3306 -19.0978 26.9856 -9.2887 -23.3904 26.6243 -7.1718 -22.2185 24.7985
3 16 -9.5388 -20.4106 28.5533 -9.2887 -23.3904 26.6243 -7.3306 -19.0978 26.9856
3 16 -9.7575 -27.5882 30.8204 -9.2887 -23.3904 26.6243 -9.8283 -22.2452 32.2777
3 16 -8.8474 -27.5151 24.1073 -9.2887 -23.3904 26.6243 -9.7575 -27.5882 30.8204
3 16 -9.8283 -22.2452 32.2777 -9.2887 -23.3904 26.6243 -9.5388 -20.4106 28.5533
3 16 -7.248 -16.6358 29.4241 -9.5388 -20.4106 28.5533 -7.3306 -19.0978 26.9856
3 16 -9.5871 -18.146 31.3384 -9.5388 -20.4106 28.5533 -7.248 -16.6358 29.4241
3 16 -9.8283 -22.2452 32.2777 -9.5871 -18.146 31.3384 -9.6428 -17.7623 35.882
3 16 -9.5388 -20.4106 28.5533 -9.5871 -18.146 31.3384 -9.8283 -22.2452 32.2777
3 16 -9.8414 -22.2616 36.5679 -9.6428 -17.7623 35.882 -9.6592 -18.2126 39.0462
3 16 -9.8283 -22.2452 32.2777 -9.6428 -17.7623 35.882 -9.8414 -22.2616 36.5679
3 16 -9.6041 -19.205 41.9218 -7.6594 -21.2576 41.9331 -9.7443 -21.1307 40.2162
3 16 -8.0225 -19.488 43.2316 -7.6594 -21.2576 41.9331 -9.6041 -19.205 41.9218
3 16 -9.7443 -21.1307 40.2162 -9.6592 -18.2126 39.0462 -9.6041 -19.205 41.9218
3 16 -9.8414 -22.2616 36.5679 -9.6592 -18.2126 39.0462 -9.7443 -21.1307 40.2162
3 16 -9.5549 -18.0137 41.9274 -8.0225 -19.488 43.2316 -9.6041 -19.205 41.9218
3 16 -7.576 -18.4312 43.7085 -8.0225 -19.488 43.2316 -9.5549 -18.0137 41.9274
3 16 -9.5549 -18.0137 41.9274 -9.6041 -19.205 41.9218 -9.6592 -18.2126 39.0462
3 16 -9.3563 -16.2686 34.0223 -9.6428 -17.7623 35.882 -9.5871 -18.146 31.3384
3 16 -7.363 -14.9545 32.3407 -9.5871 -18.146 31.3384 -7.248 -16.6358 29.4241
3 16 -9.3563 -16.2686 34.0223 -9.5871 -18.146 31.3384 -7.363 -14.9545 32.3407
3 16 -7.5115 -13.2501 35.3915 -9.3563 -16.2686 34.0223 -7.363 -14.9545 32.3407
3 16 -9.2688 -14.2542 36.9883 -9.3563 -16.2686 34.0223 -7.5115 -13.2501 35.3915
3 16 -9.2688 -14.2542 36.9883 -7.6456 -11.4115 37.362 -9.2484 -12.1578 39.1
3 16 -7.5115 -13.2501 35.3915 -7.6456 -11.4115 37.362 -9.2688 -14.2542 36.9883
3 16 -9.6428 -17.7623 35.882 -9.2688 -14.2542 36.9883 -9.3283 -13.5879 39.9432
3 16 -9.3563 -16.2686 34.0223 -9.2688 -14.2542 36.9883 -9.6428 -17.7623 35.882
3 16 -9.6592 -18.2126 39.0462 -9.3283 -13.5879 39.9432 -9.3651 -13.9878 42.4502
3 16 -9.6428 -17.7623 35.882 -9.3283 -13.5879 39.9432 -9.6592 -18.2126 39.0462
3 16 -9.3651 -13.9878 42.4502 -9.5549 -18.0137 41.9274 -9.6592 -18.2126 39.0462
3 16 -9.2886 -15.3197 45.2632 -9.5549 -18.0137 41.9274 -9.3651 -13.9878 42.4502
3 16 -7.8189 -15.5679 46.9684 -9.3076 -13.329 45.9065 -8.0745 -13.3338 47.3739
3 16 -9.2886 -15.3197 45.2632 -9.3076 -13.329 45.9065 -7.8189 -15.5679 46.9684
3 16 -9.2886 -15.3197 45.2632 -9.3651 -13.9878 42.4502 -9.3076 -13.329 45.9065
3 16 -9.3283 -13.5879 39.9432 -9.2688 -14.2542 36.9883 -9.2484 -12.1578 39.1
3 16 -7.764 -9.2766 38.8833 -9.2484 -12.1578 39.1 -7.6456 -11.4115 37.362
3 16 -9.3211 -9.8172 40.6531 -9.2484 -12.1578 39.1 -7.764 -9.2766 38.8833
3 16 -8.0745 -13.3338 47.3739 -9.3962 -9.9996 46.5492 -8.2855 -10.0963 47.7504
3 16 -9.3076 -13.329 45.9065 -9.3962 -9.9996 46.5492 -8.0745 -13.3338 47.3739
3 16 -9.3076 -13.329 45.9065 -9.4366 -9.6708 44.1749 -9.3962 -9.9996 46.5492
3 16 -9.3651 -13.9878 42.4502 -9.4366 -9.6708 44.1749 -9.3076 -13.329 45.9065
3 16 -9.3651 -13.9878 42.4502 -9.4104 -9.2557 42.1554 -9.4366 -9.6708 44.1749
3 16 -9.3283 -13.5879 39.9432 -9.4104 -9.2557 42.1554 -9.3651 -13.9878 42.4502
3 16 -9.3283 -13.5879 39.9432 -9.3211 -9.8172 40.6531 -9.4104 -9.2557 42.1554
3 16 -9.2484 -12.1578 39.1 -9.3211 -9.8172 40.6531 -9.3283 -13.5879 39.9432
3 16 -9.3211 -9.8172 40.6531 -9.4394 -7.8242 41.0585 -9.4104 -9.2557 42.1554
3 16 -9.3211 -9.8172 40.6531 -7.9533 -7.6251 39.2292 -9.4394 -7.8242 41.0585
3 16 -7.764 -9.2766 38.8833 -7.9533 -7.6251 39.2292 -9.3211 -9.8172 40.6531
3 16 -7.9533 -7.6251 39.2292 -9.6697 -6.0125 40.1845 -9.4394 -7.8242 41.0585
3 16 -8.5419 -6.1549 38.5552 -9.6697 -6.0125 40.1845 -7.9533 -7.6251 39.2292
3 16 -9.6293 -6.4139 42.1852 -9.4394 -7.8242 41.0585 -9.6697 -6.0125 40.1845
3 16 -9.4104 -9.2557 42.1554 -9.4394 -7.8242 41.0585 -9.6293 -6.4139 42.1852
3 16 -9.633 -6.653 44.5951 -9.4104 -9.2557 42.1554 -9.6293 -6.4139 42.1852
3 16 -9.4366 -9.6708 44.1749 -9.4104 -9.2557 42.1554 -9.633 -6.653 44.5951
3 16 -9.3962 -9.9996 46.5492 -9.633 -6.653 44.5951 -9.5783 -6.9884 47.1304
3 16 -9.4366 -9.6708 44.1749 -9.633 -6.653 44.5951 -9.3962 -9.9996 46.5492
3 16 -8.7078 -7.1324 48.0753 -9.3962 -9.9996 46.5492 -9.5783 -6.9884 47.1304
3 16 -8.2855 -10.0963 47.7504 -9.3962 -9.9996 46.5492 -8.7078 -7.1324 48.0753
3 16 -9.0504 -3.3127 37.34 -9.7458 -4.4955 38.0691 -8.9496 -4.5932 37.5447
3 16 -9.793 -3.2184 37.9063 -9.7458 -4.4955 38.0691 -9.0504 -3.3127 37.34
3 16 -9.7458 -4.4955 38.0691 -9.8125 -2.5683 41.3336 -9.8125 -4.8405 41.5859
3 16 -9.793 -3.2184 37.9063 -9.8125 -2.5683 41.3336 -9.7458 -4.4955 38.0691
3 16 -9.8125 -2.6315 44.6001 -9.8125 -4.8405 41.5859 -9.8125 -2.5683 41.3336
3 16 -9.8125 -5.0148 44.5738 -9.8125 -4.8405 41.5859 -9.8125 -2.6315 44.6001
3 16 -9.8125 -5.1429 47.6015 -9.8125 -2.6315 44.6001 -9.8144 -2.8047 47.9619
3 16 -9.8125 -5.0148 44.5738 -9.8125 -2.6315 44.6001 -9.8125 -5.1429 47.6015
3 16 -9.8125 -5.1429 47.6015 -9.2439 -2.8474 48.4631 -9.1824 -5.2413 48.2916
3 16 -9.8144 -2.8047 47.9619 -9.2439 -2.8474 48.4631 -9.8125 -5.1429 47.6015
3 16 -9.793 -3.2184 37.9063 -9.7865 -1.7843 37.8437 -9.8125 -2.5683 41.3336
3 16 -9.0786 -1.7829 37.3252 -9.793 -3.2184 37.9063 -9.0504 -3.3127 37.34
3 16 -9.7865 -1.7843 37.8437 -9.793 -3.2184 37.9063 -9.0786 -1.7829 37.3252
3 16 -9.7475 -0.0199 37.8718 -9.0786 -1.7829 37.3252 -8.9697 -0.0199 37.3602
3 16 -9.7865 -1.7843 37.8437 -9.0786 -1.7829 37.3252 -9.7475 -0.0199 37.8718
3 16 -9.7152 -0.0199 41.2706 -9.7865 -1.7843 37.8437 -9.7475 -0.0199 37.8718
3 16 -9.8125 -2.5683 41.3336 -9.7865 -1.7843 37.8437 -9.7152 -0.0199 41.2706
3 16 -9.8125 -0.0199 44.5149 -9.8125 -2.5683 41.3336 -9.7152 -0.0199 41.2706
3 16 -9.8125 -2.6315 44.6001 -9.8125 -2.5683 41.3336 -9.8125 -0.0199 44.5149
3 16 -9.8125 -0.0199 48.0038 -9.8125 -2.6315 44.6001 -9.8125 -0.0199 44.5149
3 16 -9.8144 -2.8047 47.9619 -9.8125 -2.6315 44.6001 -9.8125 -0.0199 48.0038
3 16 -9.2439 -2.8474 48.4631 -9.8125 -0.0199 48.0038 -9.1843 -0.0199 48.6033
3 16 -9.8144 -2.8047 47.9619 -9.8125 -0.0199 48.0038 -9.2439 -2.8474 48.4631
3 16 6.663 -44.6153 -13.5206 5.728 -42.3607 -13.8874 5.6474 -43.957 -14.8755
3 16 7.0472 -43.2761 -11.8099 5.728 -42.3607 -13.8874 6.663 -44.6153 -13.5206
3 16 0.0629 -41.3864 -15.622 4.2854 -39.8021 -14.9782 0.039 -39.6715 -15.192
3 16 4.2923 -41.6369 -15.3519 4.2854 -39.8021 -14.9782 0.0629 -41.3864 -15.622
3 16 5.8524 -40.5305 -13.4562 4.2923 -41.6369 -15.3519 5.728 -42.3607 -13.8874
3 16 4.2854 -39.8021 -14.9782 4.2923 -41.6369 -15.3519 5.8524 -40.5305 -13.4562
3 16 5.728 -42.3607 -13.8874 6.9925 -41.3832 -11.5267 5.8524 -40.5305 -13.4562
3 16 7.0472 -43.2761 -11.8099 6.9925 -41.3832 -11.5267 5.728 -42.3607 -13.8874
3 16 -0.0107 -44.2124 36.5678 -1.5367 -42.413 38.8967 -0.2601 -42.3834 39.1048
3 16 -1.6504 -44.176 36.3548 -1.5367 -42.413 38.8967 -0.0107 -44.2124 36.5678
3 16 -2.4594 -43.9378 36.1479 -2.3175 -41.8341 38.3579 -2.0453 -44.0721 36.2583
3 16 -2.9035 -41.3344 37.9818 -2.3175 -41.8341 38.3579 -2.4594 -43.9378 36.1479
3 16 -1.5367 -42.413 38.8967 -0.579 -39.7263 41.2482 -0.2601 -42.3834 39.1048
3 16 -2.136 -39.7432 40.9356 -0.579 -39.7263 41.2482 -1.5367 -42.413 38.8967
3 16 -0.7561 -36.6496 42.6835 -2.136 -39.7432 40.9356 -2.6133 -36.6655 42.2898
3 16 -0.579 -39.7263 41.2482 -2.136 -39.7432 40.9356 -0.7561 -36.6496 42.6835
3 16 -2.848 -33.3692 43.0673 -0.7561 -36.6496 42.6835 -2.6133 -36.6655 42.2898
3 16 -0.5149 -33.4953 43.4178 -0.7561 -36.6496 42.6835 -2.848 -33.3692 43.0673
3 16 -2.6159 -30.2994 43.4594 -0.5149 -33.4953 43.4178 -2.848 -33.3692 43.0673
3 16 -0.1737 -30.4238 43.7043 -0.5149 -33.4953 43.4178 -2.6159 -30.2994 43.4594
3 16 -1.9423 -27.707 44.1991 -0.1737 -30.4238 43.7043 -2.6159 -30.2994 43.4594
3 16 0.1799 -27.6327 44.3629 -0.1737 -30.4238 43.7043 -1.9423 -27.707 44.1991
3 16 -1.682 -25.7717 45.3131 0.1799 -27.6327 44.3629 -1.9423 -27.707 44.1991
3 16 0.1529 -25.1141 45.6869 0.1799 -27.6327 44.3629 -1.682 -25.7717 45.3131
3 16 0.1529 -25.1141 45.6869 -2.1736 -24.2171 46.7343 -0.368 -23.0272 47.6391
3 16 -1.682 -25.7717 45.3131 -2.1736 -24.2171 46.7343 0.1529 -25.1141 45.6869
3 16 -0.368 -23.0272 47.6391 -3.6605 -23.282 47.9245 -2.5746 -21.8815 49.2045
3 16 -2.1736 -24.2171 46.7343 -3.6605 -23.282 47.9245 -0.368 -23.0272 47.6391
3 16 -4.8643 -21.3982 49.3637 -3.6605 -23.282 47.9245 -4.8431 -22.9499 48.1752
3 16 -2.5746 -21.8815 49.2045 -3.6605 -23.282 47.9245 -4.8643 -21.3982 49.3637
3 16 -7.0292 -21.4214 48.3728 -4.8431 -22.9499 48.1752 -6.6764 -22.6726 47.6646
3 16 -4.8643 -21.3982 49.3637 -4.8431 -22.9499 48.1752 -7.0292 -21.4214 48.3728
3 16 -2.9035 -41.3344 37.9818 -3.1384 -39.0447 39.9897 -2.3175 -41.8341 38.3579
3 16 -3.9883 -38.3934 39.2211 -3.1384 -39.0447 39.9897 -2.9035 -41.3344 37.9818
3 16 -3.659 -35.9436 41.1257 -3.9883 -38.3934 39.2211 -4.5179 -35.2021 40.0003
3 16 -3.1384 -39.0447 39.9897 -3.9883 -38.3934 39.2211 -3.659 -35.9436 41.1257
3 16 -4.5179 -35.2021 40.0003 -3.8316 -32.704 41.8729 -3.659 -35.9436 41.1257
3 16 -4.7026 -31.808 40.4862 -3.8316 -32.704 41.8729 -4.5179 -35.2021 40.0003
3 16 -4.7026 -31.808 40.4862 -3.4492 -29.6753 42.4149 -3.8316 -32.704 41.8729
3 16 -4.2728 -28.4921 41.0786 -3.4492 -29.6753 42.4149 -4.7026 -31.808 40.4862
3 16 -4.2728 -28.4921 41.0786 -2.8537 -27.2263 43.155 -3.4492 -29.6753 42.4149
3 16 -3.4221 -26.0436 42.3147 -2.8537 -27.2263 43.155 -4.2728 -28.4921 41.0786
3 16 -3.4221 -26.0436 42.3147 -2.8333 -25.4282 43.8236 -2.8537 -27.2263 43.155
3 16 -3.536 -24.8294 41.9954 -2.8333 -25.4282 43.8236 -3.4221 -26.0436 42.3147
3 16 -2.8333 -25.4282 43.8236 -4.3326 -23.4002 42.9934 -3.4925 -24.0411 45.0546
3 16 -3.536 -24.8294 41.9954 -4.3326 -23.4002 42.9934 -2.8333 -25.4282 43.8236
3 16 -4.3326 -23.4002 42.9934 -7.0026 -24.9925 41.4549 -6.8667 -22.8402 42.7084
3 16 -3.536 -24.8294 41.9954 -7.0026 -24.9925 41.4549 -4.3326 -23.4002 42.9934
3 16 -6.6764 -22.6726 47.6646 -8.5077 -21.6524 46.7495 -7.0292 -21.4214 48.3728
3 16 -7.9998 -22.6007 46.5163 -8.5077 -21.6524 46.7495 -6.6764 -22.6726 47.6646
3 16 -8.6907 -22.5935 44.913 -8.5077 -21.6524 46.7495 -7.9998 -22.6007 46.5163
3 16 -9.0648 -21.9429 44.3765 -8.5077 -21.6524 46.7495 -8.6907 -22.5935 44.913
3 16 -9.2983 -21.1634 44.7937 -8.5077 -21.6524 46.7495 -9.0648 -21.9429 44.3765
3 16 -8.6341 -20.6246 46.8165 -8.5077 -21.6524 46.7495 -9.2983 -21.1634 44.7937
3 16 1.4067 -20.0018 47.3212 2.4406 -24.0852 45.6878 1.1696 -21.4762 48.1409
3 16 3.4347 -22.7828 44.21 2.4406 -24.0852 45.6878 1.4067 -20.0018 47.3212
3 16 -4.2598 -13.6989 47.5151 -2.5358 -10.2168 47.9451 -2.5068 -13.5453 47.594
3 16 -4.4629 -10.1647 47.9073 -2.5358 -10.2168 47.9451 -4.2598 -13.6989 47.5151
3 16 -6.3879 -10.1488 47.854 -4.2598 -13.6989 47.5151 -6.0523 -13.986 47.3999
3 16 -4.4629 -10.1647 47.9073 -4.2598 -13.6989 47.5151 -6.3879 -10.1488 47.854
3 16 -8.0745 -13.3338 47.3739 -6.3879 -10.1488 47.854 -6.0523 -13.986 47.3999
3 16 -8.2855 -10.0963 47.7504 -6.3879 -10.1488 47.854 -8.0745 -13.3338 47.3739
3 16 -2.5676 -6.5777 48.3716 -4.4629 -10.1647 47.9073 -4.6616 -6.4889 48.3249
3 16 -2.5358 -10.2168 47.9451 -4.4629 -10.1647 47.9073 -2.5676 -6.5777 48.3716
3 16 -4.6616 -6.4889 48.3249 -6.3879 -10.1488 47.854 -6.7774 -6.3771 48.2788
3 16 -4.4629 -10.1647 47.9073 -6.3879 -10.1488 47.854 -4.6616 -6.4889 48.3249
3 16 -6.3879 -10.1488 47.854 -8.7078 -7.1324 48.0753 -6.7774 -6.3771 48.2788
3 16 -8.2855 -10.0963 47.7504 -8.7078 -7.1324 48.0753 -6.3879 -10.1488 47.854
3 16 -7.0118 -2.8154 48.5776 -9.1824 -5.2413 48.2916 -9.2439 -2.8474 48.4631
3 16 -6.7774 -6.3771 48.2788 -9.1824 -5.2413 48.2916 -7.0118 -2.8154 48.5776
3 16 -2.5995 -2.9159 48.6806 -4.6616 -6.4889 48.3249 -4.7945 -2.8434 48.642
3 16 -2.5676 -6.5777 48.3716 -4.6616 -6.4889 48.3249 -2.5995 -2.9159 48.6806
3 16 -4.7945 -2.8434 48.642 -6.7774 -6.3771 48.2788 -7.0118 -2.8154 48.5776
3 16 -4.6616 -6.4889 48.3249 -6.7774 -6.3771 48.2788 -4.7945 -2.8434 48.642
3 16 -7.0118 -2.8154 48.5776 -9.1843 -0.0199 48.6033 -7.1246 -0.0199 48.6872
3 16 -9.2439 -2.8474 48.4631 -9.1843 -0.0199 48.6033 -7.0118 -2.8154 48.5776
3 16 -4.8107 -0.0199 48.6872 -7.0118 -2.8154 48.5776 -7.1246 -0.0199 48.6872
3 16 -4.7945 -2.8434 48.642 -7.0118 -2.8154 48.5776 -4.8107 -0.0199 48.6872
3 16 -2.6234 -0.0199 48.6872 -4.7945 -2.8434 48.642 -4.8107 -0.0199 48.6872
3 16 -2.5995 -2.9159 48.6806 -4.7945 -2.8434 48.642 -2.6234 -0.0199 48.6872
3 16 -2.5068 -13.5453 47.594 -2.5363 -10.1599 45.3685 -2.5054 -13.7034 44.9234
3 16 -2.5358 -10.2168 47.9451 -2.5363 -10.1599 45.3685 -2.5068 -13.5453 47.594
3 16 -2.5363 -10.1599 45.3685 -2.5676 -6.5777 48.3716 -2.5782 -5.3668 45.6092
3 16 -2.5358 -10.2168 47.9451 -2.5676 -6.5777 48.3716 -2.5363 -10.1599 45.3685
3 16 -2.5676 -6.5777 48.3716 -2.6155 -4.9177 45.9218 -2.5782 -5.3668 45.6092
3 16 -2.5995 -2.9159 48.6806 -2.6155 -4.9177 45.9218 -2.5676 -6.5777 48.3716
3 16 -2.5995 -2.9159 48.6806 -2.6056 -2.2203 45.999 -2.6155 -4.9177 45.9218
3 16 -2.6056 -2.2203 45.999 -2.6234 -0.0199 48.6872 -2.6234 -0.0199 46.0495
3 16 -2.5995 -2.9159 48.6806 -2.6234 -0.0199 48.6872 -2.6056 -2.2203 45.999
3 16 -2.5363 -10.1599 45.3685 -2.5781 -5.3668 43.147 -2.5363 -10.1573 42.8337
3 16 -2.5782 -5.3668 45.6092 -2.5781 -5.3668 43.147 -2.5363 -10.1599 45.3685
3 16 -2.5363 -10.1573 42.8337 -2.5778 -5.3668 40.8245 -2.5364 -10.1487 40.3547
3 16 -2.5781 -5.3668 43.147 -2.5778 -5.3668 40.8245 -2.5363 -10.1573 42.8337
3 16 -2.5364 -10.1487 40.3547 -2.5753 -6.8696 38.6798 -2.5625 -8.9699 38.4955
3 16 -2.5778 -5.3668 40.8245 -2.5753 -6.8696 38.6798 -2.5364 -10.1487 40.3547
3 16 -2.5293 -10.9595 37.3353 -2.5364 -10.1487 40.3547 -2.5625 -8.9699 38.4955
3 16 -2.5363 -10.1573 42.8337 -2.5054 -13.7034 44.9234 -2.5363 -10.1599 45.3685
3 16 -2.5035 -13.9264 42.2624 -2.5054 -13.7034 44.9234 -2.5363 -10.1573 42.8337
3 16 -2.5035 -13.9264 42.2624 -2.5364 -10.1487 40.3547 -2.4991 -14.4274 39.5879
3 16 -2.5363 -10.1573 42.8337 -2.5364 -10.1487 40.3547 -2.5035 -13.9264 42.2624
3 16 -2.2641 -16.7695 41.8177 0.1491 -17.4893 41.9391 -2.2806 -16.4756 44.5539
3 16 -0.5143 -17.5743 40.1403 0.1491 -17.4893 41.9391 -2.2641 -16.7695 41.8177
3 16 -2.5054 -13.7034 44.9234 -2.4877 -15.7313 47.3519 -2.5068 -13.5453 47.594
3 16 -2.4863 -15.8939 44.6281 -2.4877 -15.7313 47.3519 -2.5054 -13.7034 44.9234
3 16 -2.5035 -13.9264 42.2624 -2.4863 -15.8939 44.6281 -2.5054 -13.7034 44.9234
3 16 -2.4842 -16.1287 41.9166 -2.4863 -15.8939 44.6281 -2.5035 -13.9264 42.2624
3 16 -2.4991 -14.4274 39.5879 -2.4842 -16.1287 41.9166 -2.5035 -13.9264 42.2624
3 16 -2.4769 -16.9548 38.5831 -2.4842 -16.1287 41.9166 -2.4991 -14.4274 39.5879
3 16 -2.4917 -15.2777 37.1823 -2.4769 -16.9548 38.5831 -2.4991 -14.4274 39.5879
3 16 -2.4611 -18.4169 36.3034 -2.4769 -16.9548 38.5831 -2.4917 -15.2777 37.1823
3 16 -2.4783 -16.8036 29.1508 -4.907 -19.0637 26.8008 -2.4587 -19.0549 26.7621
3 16 -4.9064 -16.6616 29.2346 -4.907 -19.0637 26.8008 -2.4783 -16.8036 29.1508
3 16 -2.5006 -14.7156 31.9583 -4.9064 -16.6616 29.2346 -2.4783 -16.8036 29.1508
3 16 -4.9514 -14.7928 32.0979 -4.9064 -16.6616 29.2346 -2.5006 -14.7156 31.9583
3 16 -2.5006 -14.7156 31.9583 -5.0103 -13.1089 35.0088 -4.9514 -14.7928 32.0979
3 16 -2.5127 -12.8692 35.1369 -5.0103 -13.1089 35.0088 -2.5006 -14.7156 31.9583
3 16 -2.5127 -12.8692 35.1369 -5.0872 -11.2638 37.1653 -5.0103 -13.1089 35.0088
3 16 -2.5293 -10.9595 37.3353 -5.0872 -11.2638 37.1653 -2.5127 -12.8692 35.1369
3 16 -2.5293 -10.9595 37.3353 -5.2017 -9.1042 38.6078 -5.0872 -11.2638 37.1653
3 16 -2.5625 -8.9699 38.4955 -5.2017 -9.1042 38.6078 -2.5293 -10.9595 37.3353
3 16 -2.4991 -14.4274 39.5879 -2.5293 -10.9595 37.3353 -2.4917 -15.2777 37.1823
3 16 -2.5364 -10.1487 40.3547 -2.5293 -10.9595 37.3353 -2.4991 -14.4274 39.5879
3 16 -2.5127 -12.8692 35.1369 -2.4917 -15.2777 37.1823 -2.5293 -10.9595 37.3353
3 16 -2.4793 -16.6972 35.1551 -2.4917 -15.2777 37.1823 -2.5127 -12.8692 35.1369
3 16 -4.9064 -16.6616 29.2346 -7.3306 -19.0978 26.9856 -4.907 -19.0637 26.8008
3 16 -7.248 -16.6358 29.4241 -7.3306 -19.0978 26.9856 -4.9064 -16.6616 29.2346
3 16 -4.9514 -14.7928 32.0979 -7.248 -16.6358 29.4241 -4.9064 -16.6616 29.2346
3 16 -7.363 -14.9545 32.3407 -7.248 -16.6358 29.4241 -4.9514 -14.7928 32.0979
3 16 -5.0103 -13.1089 35.0088 -7.363 -14.9545 32.3407 -4.9514 -14.7928 32.0979
3 16 -7.5115 -13.2501 35.3915 -7.363 -14.9545 32.3407 -5.0103 -13.1089 35.0088
3 16 -5.0872 -11.2638 37.1653 -7.5115 -13.2501 35.3915 -5.0103 -13.1089 35.0088
3 16 -7.6456 -11.4115 37.362 -7.5115 -13.2501 35.3915 -5.0872 -11.2638 37.1653
3 16 -7.6456 -11.4115 37.362 -5.2017 -9.1042 38.6078 -7.764 -9.2766 38.8833
3 16 -5.0872 -11.2638 37.1653 -5.2017 -9.1042 38.6078 -7.6456 -11.4115 37.362
3 16 -7.9533 -7.6251 39.2292 -5.2017 -9.1042 38.6078 -5.5082 -6.5969 38.6368
3 16 -7.764 -9.2766 38.8833 -5.2017 -9.1042 38.6078 -7.9533 -7.6251 39.2292
3 16 -7.3306 -19.0978 26.9856 -4.8857 -21.9058 24.7395 -4.907 -19.0637 26.8008
3 16 -7.1718 -22.2185 24.7985 -4.8857 -21.9058 24.7395 -7.3306 -19.0978 26.9856
3 16 -4.9948 -24.6355 23.009 -7.1718 -22.2185 24.7985 -6.8294 -24.9755 23.0384
3 16 -4.8857 -21.9058 24.7395 -7.1718 -22.2185 24.7985 -4.9948 -24.6355 23.009
3 16 -2.4112 -24.4985 23.0707 -4.8857 -21.9058 24.7395 -4.9948 -24.6355 23.009
3 16 -2.4428 -21.7439 24.6793 -4.8857 -21.9058 24.7395 -2.4112 -24.4985 23.0707
3 16 -2.4428 -21.7439 24.6793 -4.907 -19.0637 26.8008 -4.8857 -21.9058 24.7395
3 16 -2.4587 -19.0549 26.7621 -4.907 -19.0637 26.8008 -2.4428 -21.7439 24.6793
3 16 -8.9697 -0.0199 37.3602 -9.7152 -0.0199 41.2706 -9.7475 -0.0199 37.8718
3 16 -8.0709 -0.0199 42.4077 -9.7152 -0.0199 41.2706 -8.9697 -0.0199 37.3602
3 16 -9.8125 -0.0199 44.5149 -9.7152 -0.0199 41.2706 -8.0709 -0.0199 42.4077
3 16 -9.8125 -0.0199 44.5149 -9.1843 -0.0199 48.6033 -9.8125 -0.0199 48.0038
3 16 -8.0709 -0.0199 42.4077 -9.1843 -0.0199 48.6033 -9.8125 -0.0199 44.5149
3 16 -9.1843 -0.0199 48.6033 -5.1931 -0.0199 46.1932 -7.1246 -0.0199 48.6872
3 16 -8.0709 -0.0199 42.4077 -5.1931 -0.0199 46.1932 -9.1843 -0.0199 48.6033
3 16 -7.1246 -0.0199 48.6872 -5.1931 -0.0199 46.1932 -4.8107 -0.0199 48.6872
3 16 -3.7637 -0.0199 45.2701 -2.6234 -0.0199 46.0495 -5.1931 -0.0199 46.1932
3 16 -2.6234 -0.0199 46.0495 -4.8107 -0.0199 48.6872 -5.1931 -0.0199 46.1932
3 16 -2.6234 -0.0199 48.6872 -4.8107 -0.0199 48.6872 -2.6234 -0.0199 46.0495
3 16 -8.0709 -0.0199 42.4077 -6.3543 -0.0199 39.3172 -6.2297 -0.0199 41.7047
3 16 -5.3284 -0.0199 43.7191 -8.0709 -0.0199 42.4077 -6.2297 -0.0199 41.7047
3 16 -5.1931 -0.0199 46.1932 -8.0709 -0.0199 42.4077 -5.3284 -0.0199 43.7191
3 16 -5.3284 -0.0199 43.7191 -3.7637 -0.0199 45.2701 -5.1931 -0.0199 46.1932
3 16 -9.8559 -26.9143 35.3551 -9.8437 -25.6705 39.0878 -9.8332 -26.9655 39.9197
3 16 3.4251 -20.3265 37.2619 3.221 -19.8855 40.38 2.1618 -18.8074 39.4635
3 16 4.2314 -21.6799 37.0515 3.221 -19.8855 40.38 3.4251 -20.3265 37.2619
3 16 2.0984 -19.3952 36.6855 2.1618 -18.8074 39.4635 0.9806 -18.4029 38.3047
3 16 3.4251 -20.3265 37.2619 2.1618 -18.8074 39.4635 2.0984 -19.3952 36.6855
3 16 9.8278 -25.82 35.5537 9.7214 -23.2348 35.8239 9.8094 -25.0109 31.0592
3 16 9.8278 -25.82 35.5537 9.7171 -29.4737 32.2229 9.7999 -26.7483 37.0722
3 16 9.8094 -25.0109 31.0592 9.7171 -29.4737 32.2229 9.8278 -25.82 35.5537
3 16 8.7843 -32.9177 25.0135 9.1317 -30.52 27.5717 8.841 -29.7885 23.4059
3 16 9.7999 -26.7483 37.0722 9.7171 -29.4737 32.2229 9.7884 -29.6571 36.7797
3 16 9.7113 -32.0183 36.8916 9.7171 -29.4737 32.2229 9.491 -34.1734 33.6024
3 16 9.7884 -29.6571 36.7797 9.7171 -29.4737 32.2229 9.7113 -32.0183 36.8916
3 16 8.9378 -35.5686 30.1032 9.7171 -29.4737 32.2229 9.1317 -30.52 27.5717
3 16 9.491 -34.1734 33.6024 9.7171 -29.4737 32.2229 8.9378 -35.5686 30.1032
3 16 9.1317 -30.52 27.5717 8.8545 -35.47 26.6436 8.9378 -35.5686 30.1032
3 16 8.7843 -32.9177 25.0135 8.8545 -35.47 26.6436 9.1317 -30.52 27.5717
3 16 -1.8319 -19.7385 -7.5738 0.0065 -22.176 -8.5705 1.8319 -19.7385 -7.5738
3 16 -1.7408 -19.8398 -5.8287 1.8319 -19.7385 -7.5738 1.7408 -19.8398 -5.8287
3 16 -1.8319 -19.7385 -7.5738 1.8319 -19.7385 -7.5738 -1.7408 -19.8398 -5.8287
3 16 1.947 -23.9287 -5.2623 -1.8056 -20.7511 -5.3361 1.9206 -20.6757 -5.3101
3 16 -1.9143 -24.0016 -5.2738 -1.8056 -20.7511 -5.3361 1.947 -23.9287 -5.2623
3 16 -1.8056 -20.7511 -5.3361 1.7408 -19.8398 -5.8287 1.9206 -20.6757 -5.3101
3 16 -1.7408 -19.8398 -5.8287 1.7408 -19.8398 -5.8287 -1.8056 -20.7511 -5.3361
3 16 1.9563 -26.7572 -5.2227 -1.9143 -24.0016 -5.2738 1.947 -23.9287 -5.2623
3 16 -1.9927 -26.6532 -5.2063 -1.9143 -24.0016 -5.2738 1.9563 -26.7572 -5.2227
3 16 -1.9579 -29.2754 -5.1895 1.9563 -26.7572 -5.2227 1.9219 -29.3799 -5.2052
3 16 -1.9927 -26.6532 -5.2063 1.9563 -26.7572 -5.2227 -1.9579 -29.2754 -5.1895
3 16 -1.8973 -31.9713 -5.1836 1.9219 -29.3799 -5.2052 1.8827 -31.9943 -5.1896
3 16 -1.9579 -29.2754 -5.1895 1.9219 -29.3799 -5.2052 -1.8973 -31.9713 -5.1836
3 16 -1.8659 -34.9612 -5.1598 1.8827 -31.9943 -5.1896 1.8383 -34.9753 -5.1706
3 16 -1.8973 -31.9713 -5.1836 1.8827 -31.9943 -5.1896 -1.8659 -34.9612 -5.1598
3 16 -1.8492 -37.9157 -5.1299 1.8383 -34.9753 -5.1706 1.7972 -37.9584 -5.1504
3 16 -1.8659 -34.9612 -5.1598 1.8383 -34.9753 -5.1706 -1.8492 -37.9157 -5.1299
3 16 -1.8195 -40.9931 -5.1044 1.7972 -37.9584 -5.1504 1.7495 -41.0879 -5.1297
3 16 -1.8492 -37.9157 -5.1299 1.7972 -37.9584 -5.1504 -1.8195 -40.9931 -5.1044
3 16 -1.8195 -40.9931 -5.1044 1.6732 -44.3087 -5.1158 -1.7556 -44.4242 -5.0883
3 16 1.7495 -41.0879 -5.1297 1.6732 -44.3087 -5.1158 -1.8195 -40.9931 -5.1044
3 16 2.439 -21.3165 -3.0535 2.3962 -23.8507 -4.7414 2.41 -20.4276 -4.8384
3 16 2.4017 -25.5884 -3.5599 2.3962 -23.8507 -4.7414 2.439 -21.3165 -3.0535
3 16 2.4272 -22.6681 0.2547 2.4017 -25.5884 -3.5599 2.439 -21.3165 -3.0535
3 16 2.3693 -29.2959 -2.4141 2.4017 -25.5884 -3.5599 2.4272 -22.6681 0.2547
3 16 2.4705 -19.4618 10.1349 2.4289 -22.4662 6.6458 2.4584 -19.0837 6.687
3 16 2.4227 -23.1835 9.5721 2.4289 -22.4662 6.6458 2.4705 -19.4618 10.1349
3 16 2.4878 -20.5757 14.0449 2.4227 -23.1835 9.5721 2.4705 -19.4618 10.1349
3 16 2.414 -24.1755 12.8089 2.4227 -23.1835 9.5721 2.4878 -20.5757 14.0449
3 16 2.414 -24.1755 12.8089 2.4662 -21.7724 17.3056 2.4037 -25.3557 15.827
3 16 2.4878 -20.5757 14.0449 2.4662 -21.7724 17.3056 2.414 -24.1755 12.8089
3 16 2.3939 -26.4859 18.8065 2.4662 -21.7724 17.3056 2.4304 -23.1705 20.2923
3 16 2.4037 -25.3557 15.827 2.4662 -21.7724 17.3056 2.3939 -26.4859 18.8065
3 16 2.4227 -23.1835 9.5721 2.3874 -27.2221 11.5729 2.3951 -26.3389 6.9279
3 16 2.414 -24.1755 12.8089 2.3874 -27.2221 11.5729 2.4227 -23.1835 9.5721
3 16 2.3874 -27.2221 11.5729 2.4037 -25.3557 15.827 2.3802 -28.0457 16.5582
3 16 2.414 -24.1755 12.8089 2.4037 -25.3557 15.827 2.3874 -27.2221 11.5729
3 16 2.4037 -25.3557 15.827 2.3939 -26.4859 18.8065 2.3802 -28.0457 16.5582
3 16 2.4616 -18.7239 6.218 2.4289 -22.4662 6.6458 2.4183 -23.6813 3.7838
3 16 2.4584 -19.0837 6.687 2.4289 -22.4662 6.6458 2.4616 -18.7239 6.218
3 16 2.4289 -22.4662 6.6458 2.3951 -26.3389 6.9279 2.4183 -23.6813 3.7838
3 16 2.4227 -23.1835 9.5721 2.3951 -26.3389 6.9279 2.4289 -22.4662 6.6458
3 16 2.4183 -23.6813 3.7838 2.3631 -30.0073 5.2649 2.3471 -31.8441 -1.1179
3 16 2.3951 -26.3389 6.9279 2.3631 -30.0073 5.2649 2.4183 -23.6813 3.7838
3 16 2.4183 -23.6813 3.7838 2.3693 -29.2959 -2.4141 2.4272 -22.6681 0.2547
3 16 2.3471 -31.8441 -1.1179 2.3693 -29.2959 -2.4141 2.4183 -23.6813 3.7838
3 16 2.3576 -30.6452 10.0951 2.3951 -26.3389 6.9279 2.3874 -27.2221 11.5729
3 16 2.3631 -30.0073 5.2649 2.3951 -26.3389 6.9279 2.3576 -30.6452 10.0951
3 16 2.3543 -31.0207 15.2086 2.3874 -27.2221 11.5729 2.3802 -28.0457 16.5582
3 16 2.3576 -30.6452 10.0951 2.3874 -27.2221 11.5729 2.3543 -31.0207 15.2086
3 16 2.3266 -34.194 2.9643 2.3471 -31.8441 -1.1179 2.3631 -30.0073 5.2649
3 16 2.3278 -34.0572 8.6126 2.3631 -30.0073 5.2649 2.3576 -30.6452 10.0951
3 16 2.3266 -34.194 2.9643 2.3631 -30.0073 5.2649 2.3278 -34.0572 8.6126
3 16 2.3286 -33.9685 13.9024 2.3576 -30.6452 10.0951 2.3543 -31.0207 15.2086
3 16 2.3278 -34.0572 8.6126 2.3576 -30.6452 10.0951 2.3286 -33.9685 13.9024
3 16 2.3286 -33.9685 13.9024 2.3041 -36.7589 14.4716 2.2973 -36.85 10.9481
3 16 2.3471 -31.8441 -1.1179 2.3311 -31.7621 -4.6554 2.3693 -29.2959 -2.4141
3 16 2.3005 -34.6889 -4.6513 2.3311 -31.7621 -4.6554 2.3471 -31.8441 -1.1179
3 16 2.3005 -34.6889 -4.6513 2.3138 -35.6583 -2.0811 2.2728 -37.6531 -4.6331
3 16 2.3471 -31.8441 -1.1179 2.3138 -35.6583 -2.0811 2.3005 -34.6889 -4.6513
3 16 -1.7349 -42.9726 -0.7752 1.4914 -47.3245 -2.301 1.736 -42.8775 -0.7192
3 16 -1.5694 -47.2855 -2.2964 1.4914 -47.3245 -2.301 -1.7349 -42.9726 -0.7752
3 16 -1.8351 -38.8895 3.4287 1.736 -42.8775 -0.7192 1.8715 -38.8128 3.5312
3 16 -1.7349 -42.9726 -0.7752 1.736 -42.8775 -0.7192 -1.8351 -38.8895 3.4287
3 16 -1.831 -37.5563 7.456 1.8715 -38.8128 3.5312 1.847 -37.5373 7.5502
3 16 -1.8351 -38.8895 3.4287 1.8715 -38.8128 3.5312 -1.831 -37.5563 7.456
3 16 -1.8342 -37.4445 10.7101 1.847 -37.5373 7.5502 1.9374 -37.3936 10.7436
3 16 -1.831 -37.5563 7.456 1.847 -37.5373 7.5502 -1.8342 -37.4445 10.7101
3 16 -1.907 -37.4105 14.0573 1.9374 -37.3936 10.7436 1.9362 -37.3943 14.1877
3 16 -1.8342 -37.4445 10.7101 1.9374 -37.3936 10.7436 -1.907 -37.4105 14.0573
3 16 3.7089 -7.4147 24.8483 2.572 -6.0708 25.7961 2.5797 -8.6982 25.5709
3 16 4.2428 -3.3323 24.6847 2.572 -6.0708 25.7961 3.7089 -7.4147 24.8483
3 16 5.1501 -6.5013 23.2125 4.2428 -3.3323 24.6847 3.7089 -7.4147 24.8483
3 16 5.6472 -2.9486 22.9504 4.2428 -3.3323 24.6847 5.1501 -6.5013 23.2125
3 16 2.6181 -3.1303 25.9973 2.572 -6.0708 25.7961 4.2428 -3.3323 24.6847
3 16 6.3047 -2.1967 20.6541 5.6472 -2.9486 22.9504 6.1634 -4.2417 20.7795
3 16 6.1634 -4.2417 20.7795 9.1648 -2.2186 20.7702 6.3047 -2.1967 20.6541
3 16 9.2469 -4.3125 20.904 9.1648 -2.2186 20.7702 6.1634 -4.2417 20.7795
3 16 9.8174 -2.1535 21.4464 9.2469 -4.3125 20.904 9.798 -4.2514 21.6436
3 16 9.1648 -2.2186 20.7702 9.2469 -4.3125 20.904 9.8174 -2.1535 21.4464
3 16 9.798 -4.2514 21.6436 9.8402 -2.0793 24.1984 9.8174 -2.1535 21.4464
3 16 9.8366 -4.0673 24.7034 9.8402 -2.0793 24.1984 9.798 -4.2514 21.6436
3 16 9.8393 -3.918 28.4555 9.8226 -1.8235 31.6732 9.8407 -1.9613 28.0224
3 16 9.8237 -3.6842 31.9213 9.8226 -1.8235 31.6732 9.8393 -3.918 28.4555
3 16 9.0974 -1.846 32.516 9.8237 -3.6842 31.9213 9.0965 -3.6414 32.9414
3 16 9.8226 -1.8235 31.6732 9.8237 -3.6842 31.9213 9.0974 -1.846 32.516
3 16 2.6125 -3.4041 33.2869 9.0974 -1.846 32.516 9.0965 -3.6414 32.9414
3 16 2.612 -1.6988 32.8516 9.0974 -1.846 32.516 2.6125 -3.4041 33.2869
3 16 2.6125 -3.4041 33.2869 2.6067 -2.101 31.0459 2.612 -1.6988 32.8516
3 16 2.5821 -4.9118 31.5889 2.6067 -2.101 31.0459 2.6125 -3.4041 33.2869
3 16 2.6018 -2.6553 28.4178 2.5821 -4.9118 31.5889 2.5714 -6.1444 28.6971
3 16 2.6067 -2.101 31.0459 2.5821 -4.9118 31.5889 2.6018 -2.6553 28.4178
3 16 2.572 -6.0708 25.7961 2.5714 -6.1444 28.6971 2.5797 -8.6982 25.5709
3 16 2.6181 -3.1303 25.9973 2.5714 -6.1444 28.6971 2.572 -6.0708 25.7961
3 16 2.6018 -2.6553 28.4178 2.5714 -6.1444 28.6971 2.6181 -3.1303 25.9973
3 16 5.8937 -0.0199 23.1863 6.3047 -2.1967 20.6541 6.3529 -0.0199 20.7007
3 16 5.6472 -2.9486 22.9504 6.3047 -2.1967 20.6541 5.8937 -0.0199 23.1863
3 16 5.6472 -2.9486 22.9504 4.4343 -0.0199 24.7824 4.2428 -3.3323 24.6847
3 16 5.8937 -0.0199 23.1863 4.4343 -0.0199 24.7824 5.6472 -2.9486 22.9504
3 16 4.4343 -0.0199 24.7824 2.6181 -3.1303 25.9973 4.2428 -3.3323 24.6847
3 16 2.6266 -0.0199 26.2197 2.6181 -3.1303 25.9973 4.4343 -0.0199 24.7824
3 16 2.4637 -18.4802 35.7673 2.4249 -20.3198 35.2136 2.464 -18.4435 34.4238
3 16 2.4515 -19.3035 36.5206 2.4249 -20.3198 35.2136 2.4637 -18.4802 35.7673
3 16 2.4479 -20.2981 28.1292 2.464 -18.4435 34.4238 2.4249 -20.3198 35.2136
3 16 2.475 -17.1854 29.0334 2.464 -18.4435 34.4238 2.4479 -20.2981 28.1292
3 16 2.475 -17.1854 29.0334 2.5062 -16.3185 24.0192 2.5106 -13.1045 29.2285
3 16 2.5062 -16.3185 24.0192 2.475 -17.1854 29.0334 2.4612 -18.7682 22.3144
3 16 2.4479 -20.2981 28.1292 2.4612 -18.7682 22.3144 2.475 -17.1854 29.0334
3 16 2.4493 -21.2449 21.0413 2.4612 -18.7682 22.3144 2.4479 -20.2981 28.1292
3 16 2.4479 -20.2981 28.1292 2.4318 -22.142 27.4449 2.4493 -21.2449 21.0413
3 16 2.4225 -22.1005 34.2625 2.4479 -20.2981 28.1292 2.4249 -20.3198 35.2136
3 16 2.4318 -22.142 27.4449 2.4479 -20.2981 28.1292 2.4225 -22.1005 34.2625
3 16 2.4249 -20.3198 35.2136 1.9509 -22.2428 34.8376 2.4225 -22.1005 34.2625
3 16 1.9807 -20.2253 35.9006 1.9509 -22.2428 34.8376 2.4249 -20.3198 35.2136
3 16 1.8986 -25.3472 33.3671 2.4139 -23.8226 33.3621 1.9638 -23.9265 34.0044
3 16 2.4015 -25.1684 32.7428 2.4139 -23.8226 33.3621 1.8986 -25.3472 33.3671
3 16 1.8986 -25.3472 33.3671 2.3726 -27.8496 32.6764 2.4015 -25.1684 32.7428
3 16 1.8298 -27.8916 33.2825 2.3726 -27.8496 32.6764 1.8986 -25.3472 33.3671
3 16 2.4304 -23.1705 20.2923 2.3858 -27.4052 25.5768 2.3939 -26.4859 18.8065
3 16 2.4147 -24.0988 26.6775 2.3858 -27.4052 25.5768 2.4304 -23.1705 20.2923
3 16 2.3939 -26.4859 18.8065 2.3691 -29.3259 25.0744 2.3802 -28.0457 16.5582
3 16 2.3858 -27.4052 25.5768 2.3691 -29.3259 25.0744 2.3939 -26.4859 18.8065
3 16 2.3802 -28.0457 16.5582 2.3491 -31.6162 24.6478 2.3543 -31.0207 15.2086
3 16 2.3691 -29.3259 25.0744 2.3491 -31.6162 24.6478 2.3802 -28.0457 16.5582
3 16 2.3267 -34.185 20.9314 2.3543 -31.0207 15.2086 2.3491 -31.6162 24.6478
3 16 2.3286 -33.9685 13.9024 2.3543 -31.0207 15.2086 2.3267 -34.185 20.9314
3 16 2.3002 -36.8232 18.1287 2.3286 -33.9685 13.9024 2.3267 -34.185 20.9314
3 16 2.3041 -36.7589 14.4716 2.3286 -33.9685 13.9024 2.3002 -36.8232 18.1287
3 16 1.9042 -37.4121 18.0174 2.1859 -37.1526 14.3197 2.1435 -37.2128 18.144
3 16 1.9362 -37.3943 14.1877 2.1859 -37.1526 14.3197 1.9042 -37.4121 18.0174
3 16 2.3041 -36.7589 14.4716 2.1435 -37.2128 18.144 2.1859 -37.1526 14.3197
3 16 2.3002 -36.8232 18.1287 2.1435 -37.2128 18.144 2.3041 -36.7589 14.4716
3 16 2.2973 -36.85 10.9481 2.1859 -37.1526 14.3197 2.1425 -37.214 10.8006
3 16 2.3041 -36.7589 14.4716 2.1859 -37.1526 14.3197 2.2973 -36.85 10.9481
3 16 2.1425 -37.214 10.8006 2.2956 -36.9294 7.7153 2.2973 -36.85 10.9481
3 16 2.1214 -37.3191 7.6625 2.2956 -36.9294 7.7153 2.1425 -37.214 10.8006
3 16 2.2943 -37.8984 3.85 2.1214 -37.3191 7.6625 2.1394 -38.5191 3.6229
3 16 2.2956 -36.9294 7.7153 2.1214 -37.3191 7.6625 2.2943 -37.8984 3.85
3 16 2.2425 -41.9611 -0.781 2.1394 -38.5191 3.6229 2.0034 -42.4682 -0.6344
3 16 2.2943 -37.8984 3.85 2.1394 -38.5191 3.6229 2.2425 -41.9611 -0.781
3 16 2.1457 -47.0924 -2.6969 2.0034 -42.4682 -0.6344 1.836 -47.2316 -2.3772
3 16 2.2425 -41.9611 -0.781 2.0034 -42.4682 -0.6344 2.1457 -47.0924 -2.6969
3 16 1.7495 -41.0879 -5.1297 2.2241 -43.9274 -4.5531 1.6732 -44.3087 -5.1158
3 16 2.2495 -40.8251 -4.587 2.2241 -43.9274 -4.5531 1.7495 -41.0879 -5.1297
3 16 1.7972 -37.9584 -5.1504 2.2495 -40.8251 -4.587 1.7495 -41.0879 -5.1297
3 16 2.2728 -37.6531 -4.6331 2.2495 -40.8251 -4.587 1.7972 -37.9584 -5.1504
3 16 1.8383 -34.9753 -5.1706 2.2728 -37.6531 -4.6331 1.7972 -37.9584 -5.1504
3 16 2.3005 -34.6889 -4.6513 2.2728 -37.6531 -4.6331 1.8383 -34.9753 -5.1706
3 16 2.3005 -34.6889 -4.6513 1.8827 -31.9943 -5.1896 2.3311 -31.7621 -4.6554
3 16 1.8383 -34.9753 -5.1706 1.8827 -31.9943 -5.1896 2.3005 -34.6889 -4.6513
3 16 1.9219 -29.3799 -5.2052 2.3311 -31.7621 -4.6554 1.8827 -31.9943 -5.1896
3 16 2.3587 -29.1866 -4.6499 2.3311 -31.7621 -4.6554 1.9219 -29.3799 -5.2052
3 16 2.3587 -29.1866 -4.6499 1.9563 -26.7572 -5.2227 2.3767 -26.6123 -4.6978
3 16 1.9219 -29.3799 -5.2052 1.9563 -26.7572 -5.2227 2.3587 -29.1866 -4.6499
3 16 1.947 -23.9287 -5.2623 2.3767 -26.6123 -4.6978 1.9563 -26.7572 -5.2227
3 16 2.3962 -23.8507 -4.7414 2.3767 -26.6123 -4.6978 1.947 -23.9287 -5.2623
3 16 2.3962 -23.8507 -4.7414 1.9206 -20.6757 -5.3101 2.41 -20.4276 -4.8384
3 16 1.947 -23.9287 -5.2623 1.9206 -20.6757 -5.3101 2.3962 -23.8507 -4.7414
3 16 2.3776 -19.5171 -5.5549 1.9206 -20.6757 -5.3101 1.7408 -19.8398 -5.8287
3 16 2.41 -20.4276 -4.8384 1.9206 -20.6757 -5.3101 2.3776 -19.5171 -5.5549
3 16 -2.5594 -60.4066 -15.3671 2.5342 -60.4122 -15.3644 -0.008 -59.7289 -17.4686
3 16 2.5342 -60.4122 -15.3644 -3.0109 -60.7817 -13.0164 2.9942 -60.7853 -13.0144
3 16 -2.5594 -60.4066 -15.3671 -3.0109 -60.7817 -13.0164 2.5342 -60.4122 -15.3644
3 16 -3.0109 -60.7817 -13.0164 2.7713 -60.5891 -9.7254 2.9942 -60.7853 -13.0144
3 16 -2.7843 -60.5847 -9.7154 2.7713 -60.5891 -9.7254 -3.0109 -60.7817 -13.0164
3 16 2.7713 -60.5891 -9.7254 -2.7894 -59.6223 -6.7661 2.7955 -59.6211 -6.7683
3 16 -2.7843 -60.5847 -9.7154 -2.7894 -59.6223 -6.7661 2.7713 -60.5891 -9.7254
3 16 2.7955 -59.6211 -6.7683 -2.7501 -58.5372 -5.0957 2.7653 -58.5352 -5.1001
3 16 -2.7894 -59.6223 -6.7661 -2.7501 -58.5372 -5.0957 2.7955 -59.6211 -6.7683
3 16 -2.7501 -58.5372 -5.0957 2.5223 -57.2277 -3.6883 2.7653 -58.5352 -5.1001
3 16 -2.5175 -57.2262 -3.6849 2.5223 -57.2277 -3.6883 -2.7501 -58.5372 -5.0957
3 16 -2.5175 -57.2262 -3.6849 2.338 -55.769 -2.6397 2.5223 -57.2277 -3.6883
3 16 -2.3498 -55.779 -2.6483 2.338 -55.769 -2.6397 -2.5175 -57.2262 -3.6849
3 16 2.338 -55.769 -2.6397 -2.1837 -54.255 -1.8341 2.1825 -54.2328 -1.8244
3 16 -2.3498 -55.779 -2.6483 -2.1837 -54.255 -1.8341 2.338 -55.769 -2.6397
3 16 -2.1837 -54.255 -1.8341 2.0365 -52.0836 -0.7442 2.1825 -54.2328 -1.8244
3 16 -2.0345 -52.0622 -0.7308 2.0365 -52.0836 -0.7442 -2.1837 -54.255 -1.8341
3 16 -2.0345 -52.0622 -0.7308 2.0204 -50.1049 0.435 2.0365 -52.0836 -0.7442
3 16 -2.0428 -50.0685 0.4502 2.0204 -50.1049 0.435 -2.0345 -52.0622 -0.7308
3 16 -2.0428 -50.0685 0.4502 2.1958 -48.2069 1.7564 2.0204 -50.1049 0.435
3 16 -2.2382 -48.2032 1.7421 2.1958 -48.2069 1.7564 -2.0428 -50.0685 0.4502
3 16 -2.2382 -48.2032 1.7421 2.4171 -46.6294 3.3045 2.1958 -48.2069 1.7564
3 16 -2.5244 -46.6205 3.2916 2.4171 -46.6294 3.3045 -2.2382 -48.2032 1.7421
3 16 -2.5244 -46.6205 3.2916 2.4544 -45.9493 4.4809 2.4171 -46.6294 3.3045
3 16 -2.6745 -45.9605 4.4968 2.4544 -45.9493 4.4809 -2.5244 -46.6205 3.2916
3 16 2.3025 -36.797 22.3211 2.1435 -37.2128 18.144 2.3002 -36.8232 18.1287
3 16 2.1338 -37.2249 22.364 2.1435 -37.2128 18.144 2.3025 -36.797 22.3211
3 16 2.1435 -37.2128 18.144 1.8434 -37.4409 22.3006 1.9042 -37.4121 18.0174
3 16 2.1338 -37.2249 22.364 1.8434 -37.4409 22.3006 2.1435 -37.2128 18.144
3 16 2.3025 -36.797 22.3211 2.3002 -36.8232 18.1287 2.3267 -34.185 20.9314
3 16 2.295 -36.8648 26.2597 2.1338 -37.2249 22.364 2.3025 -36.797 22.3211
3 16 2.1298 -37.2294 26.3678 2.1338 -37.2249 22.364 2.295 -36.8648 26.2597
3 16 2.1338 -37.2249 22.364 1.839 -37.4427 26.3419 1.8434 -37.4409 22.3006
3 16 2.1298 -37.2294 26.3678 1.839 -37.4427 26.3419 2.1338 -37.2249 22.364
3 16 2.3267 -34.185 20.9314 2.295 -36.8648 26.2597 2.3025 -36.797 22.3211
3 16 2.3276 -34.0759 27.7027 2.295 -36.8648 26.2597 2.3267 -34.185 20.9314
3 16 2.3276 -34.0759 27.7027 2.3267 -34.185 20.9314 2.3491 -31.6162 24.6478
3 16 2.0938 -37.2597 32.2331 2.3022 -36.803 29.5088 2.2668 -36.4276 32.5027
3 16 2.107 -37.2554 29.5073 2.3022 -36.803 29.5088 2.0938 -37.2597 32.2331
3 16 1.7366 -36.7027 32.9769 2.0938 -37.2597 32.2331 2.2668 -36.4276 32.5027
3 16 1.7566 -37.4015 32.4626 2.0938 -37.2597 32.2331 1.7366 -36.7027 32.9769
3 16 2.2668 -36.4276 32.5027 1.7667 -33.6919 33.083 1.7366 -36.7027 32.9769
3 16 2.2974 -33.5634 32.5848 1.7667 -33.6919 33.083 2.2668 -36.4276 32.5027
3 16 2.1298 -37.2294 26.3678 2.3022 -36.803 29.5088 2.107 -37.2554 29.5073
3 16 2.295 -36.8648 26.2597 2.3022 -36.803 29.5088 2.1298 -37.2294 26.3678
3 16 2.4015 -25.1684 32.7428 2.4147 -24.0988 26.6775 2.4139 -23.8226 33.3621
3 16 2.3858 -27.4052 25.5768 2.4147 -24.0988 26.6775 2.4015 -25.1684 32.7428
3 16 2.3351 -30.6263 32.6454 1.8298 -27.8916 33.2825 1.8141 -30.748 33.18
3 16 2.3726 -27.8496 32.6764 1.8298 -27.8916 33.2825 2.3351 -30.6263 32.6454
3 16 2.3022 -36.803 29.5088 2.295 -36.8648 26.2597 2.3276 -34.0759 27.7027
3 16 2.3022 -36.803 29.5088 2.2974 -33.5634 32.5848 2.2668 -36.4276 32.5027
3 16 2.3276 -34.0759 27.7027 2.2974 -33.5634 32.5848 2.3022 -36.803 29.5088
3 16 2.2974 -33.5634 32.5848 1.8141 -30.748 33.18 1.7667 -33.6919 33.083
3 16 2.3351 -30.6263 32.6454 1.8141 -30.748 33.18 2.2974 -33.5634 32.5848
3 16 2.3276 -34.0759 27.7027 2.3351 -30.6263 32.6454 2.2974 -33.5634 32.5848
3 16 2.3491 -31.6162 24.6478 2.3351 -30.6263 32.6454 2.3276 -34.0759 27.7027
3 16 2.3351 -30.6263 32.6454 2.3691 -29.3259 25.0744 2.3726 -27.8496 32.6764
3 16 2.3491 -31.6162 24.6478 2.3691 -29.3259 25.0744 2.3351 -30.6263 32.6454
3 16 2.3726 -27.8496 32.6764 2.3858 -27.4052 25.5768 2.4015 -25.1684 32.7428
3 16 2.3691 -29.3259 25.0744 2.3858 -27.4052 25.5768 2.3726 -27.8496 32.6764
3 16 1.839 -37.4427 26.3419 2.107 -37.2554 29.5073 1.8056 -37.4555 29.5285
3 16 2.1298 -37.2294 26.3678 2.107 -37.2554 29.5073 1.839 -37.4427 26.3419
3 16 1.8056 -37.4555 29.5285 2.0938 -37.2597 32.2331 1.7566 -37.4015 32.4626
3 16 2.107 -37.2554 29.5073 2.0938 -37.2597 32.2331 1.8056 -37.4555 29.5285
3 16 -1.6947 -37.413 32.4704 1.7366 -36.7027 32.9769 -1.7878 -36.7481 32.9552
3 16 1.7566 -37.4015 32.4626 1.7366 -36.7027 32.9769 -1.6947 -37.413 32.4704
3 16 -1.6947 -37.413 32.4704 1.8056 -37.4555 29.5285 1.7566 -37.4015 32.4626
3 16 -1.7916 -37.46 29.3591 1.8056 -37.4555 29.5285 -1.6947 -37.413 32.4704
3 16 -2.5753 -6.8696 38.6798 -5.2017 -9.1042 38.6078 -2.5625 -8.9699 38.4955
3 16 -5.5082 -6.5969 38.6368 -5.2017 -9.1042 38.6078 -2.5753 -6.8696 38.6798
3 16 -8.5419 -6.1549 38.5552 -9.7458 -4.4955 38.0691 -9.6697 -6.0125 40.1845
3 16 -8.9496 -4.5932 37.5447 -9.7458 -4.4955 38.0691 -8.5419 -6.1549 38.5552
3 16 -9.6697 -6.0125 40.1845 -9.8125 -4.8405 41.5859 -9.6293 -6.4139 42.1852
3 16 -9.7458 -4.4955 38.0691 -9.8125 -4.8405 41.5859 -9.6697 -6.0125 40.1845
3 16 -9.8125 -5.0148 44.5738 -9.6293 -6.4139 42.1852 -9.8125 -4.8405 41.5859
3 16 -9.633 -6.653 44.5951 -9.6293 -6.4139 42.1852 -9.8125 -5.0148 44.5738
3 16 -9.5783 -6.9884 47.1304 -9.8125 -5.0148 44.5738 -9.8125 -5.1429 47.6015
3 16 -9.633 -6.653 44.5951 -9.8125 -5.0148 44.5738 -9.5783 -6.9884 47.1304
3 16 -9.5783 -6.9884 47.1304 -9.1824 -5.2413 48.2916 -8.7078 -7.1324 48.0753
3 16 -9.8125 -5.1429 47.6015 -9.1824 -5.2413 48.2916 -9.5783 -6.9884 47.1304
3 16 -8.7078 -7.1324 48.0753 -9.1824 -5.2413 48.2916 -6.7774 -6.3771 48.2788
3 16 -7.9533 -7.6251 39.2292 -6.0993 -5.8495 38.2001 -8.5419 -6.1549 38.5552
3 16 -5.5082 -6.5969 38.6368 -6.0993 -5.8495 38.2001 -7.9533 -7.6251 39.2292
3 16 -5.5082 -6.5969 38.6368 -2.5801 -5.3668 38.7785 -5.6065 -5.3668 38.6531
3 16 -2.5753 -6.8696 38.6798 -2.5801 -5.3668 38.7785 -5.5082 -6.5969 38.6368
3 16 -5.6065 -5.3668 38.6531 -6.0993 -5.8495 38.2001 -5.5082 -6.5969 38.6368
3 16 -6.1293 -4.9957 38.7962 -6.0993 -5.8495 38.2001 -5.6065 -5.3668 38.6531
3 16 -2.5801 -5.3668 38.7785 -2.5753 -6.8696 38.6798 -2.5778 -5.3668 40.8245
3 16 -6.1293 -4.9957 38.7962 -5.6354 -5.3668 40.7558 -6.1232 -5.013 40.8546
3 16 -5.6065 -5.3668 38.6531 -5.6354 -5.3668 40.7558 -6.1293 -4.9957 38.7962
3 16 -2.5801 -5.3668 38.7785 -5.6354 -5.3668 40.7558 -5.6065 -5.3668 38.6531
3 16 -2.5778 -5.3668 40.8245 -5.6354 -5.3668 40.7558 -2.5801 -5.3668 38.7785
3 16 -2.5778 -5.3668 40.8245 -4.9462 -5.3668 43.2192 -5.6354 -5.3668 40.7558
3 16 -2.5781 -5.3668 43.147 -4.9462 -5.3668 43.2192 -2.5778 -5.3668 40.8245
3 16 -2.5781 -5.3668 43.147 -3.7002 -5.3668 44.6902 -4.9462 -5.3668 43.2192
3 16 -2.5782 -5.3668 45.6092 -3.7002 -5.3668 44.6902 -2.5781 -5.3668 43.147
3 16 -3.9874 -4.9505 44.9151 -2.5782 -5.3668 45.6092 -2.6155 -4.9177 45.9218
3 16 -3.7002 -5.3668 44.6902 -2.5782 -5.3668 45.6092 -3.9874 -4.9505 44.9151
3 16 -4.9462 -5.3668 43.2192 -3.9874 -4.9505 44.9151 -5.3907 -5.0115 43.31
3 16 -3.7002 -5.3668 44.6902 -3.9874 -4.9505 44.9151 -4.9462 -5.3668 43.2192
3 16 -5.6354 -5.3668 40.7558 -5.3907 -5.0115 43.31 -6.1232 -5.013 40.8546
3 16 -4.9462 -5.3668 43.2192 -5.3907 -5.0115 43.31 -5.6354 -5.3668 40.7558
3 16 -2.6056 -2.2203 45.999 -3.7637 -0.0199 45.2701 -3.8188 -2.31 45.0837
3 16 -2.6234 -0.0199 46.0495 -3.7637 -0.0199 45.2701 -2.6056 -2.2203 45.999
3 16 -3.8188 -2.31 45.0837 -2.6155 -4.9177 45.9218 -2.6056 -2.2203 45.999
3 16 -3.9874 -4.9505 44.9151 -2.6155 -4.9177 45.9218 -3.8188 -2.31 45.0837
3 16 -5.3792 -2.4373 43.4756 -3.9874 -4.9505 44.9151 -3.8188 -2.31 45.0837
3 16 -5.3907 -5.0115 43.31 -3.9874 -4.9505 44.9151 -5.3792 -2.4373 43.4756
3 16 -3.8188 -2.31 45.0837 -5.3284 -0.0199 43.7191 -5.3792 -2.4373 43.4756
3 16 -3.7637 -0.0199 45.2701 -5.3284 -0.0199 43.7191 -3.8188 -2.31 45.0837
3 16 -6.2297 -0.0199 41.7047 -5.3792 -2.4373 43.4756 -5.3284 -0.0199 43.7191
3 16 -6.1356 -2.4161 41.3723 -5.3792 -2.4373 43.4756 -6.2297 -0.0199 41.7047
3 16 -5.3907 -5.0115 43.31 -6.1356 -2.4161 41.3723 -6.1232 -5.013 40.8546
3 16 -5.3792 -2.4373 43.4756 -6.1356 -2.4161 41.3723 -5.3907 -5.0115 43.31
3 16 -6.1356 -2.4161 41.3723 -6.3543 -0.0199 39.3172 -6.3097 -2.2493 39.1646
3 16 -6.2297 -0.0199 41.7047 -6.3543 -0.0199 39.3172 -6.1356 -2.4161 41.3723
3 16 -6.3097 -2.2493 39.1646 -6.1232 -5.013 40.8546 -6.1356 -2.4161 41.3723
3 16 -6.1293 -4.9957 38.7962 -6.1232 -5.013 40.8546 -6.3097 -2.2493 39.1646
3 16 -6.3543 -0.0199 39.3172 -8.9697 -0.0199 37.3602 -6.5219 -0.0199 37.1605
3 16 -8.0709 -0.0199 42.4077 -8.9697 -0.0199 37.3602 -6.3543 -0.0199 39.3172
3 16 -8.5419 -6.1549 38.5552 -6.3114 -4.3803 37.3294 -8.9496 -4.5932 37.5447
3 16 -6.0993 -5.8495 38.2001 -6.3114 -4.3803 37.3294 -8.5419 -6.1549 38.5552
3 16 -6.3114 -4.3803 37.3294 -9.0504 -3.3127 37.34 -8.9496 -4.5932 37.5447
3 16 -6.4338 -3.0933 37.1454 -9.0504 -3.3127 37.34 -6.3114 -4.3803 37.3294
3 16 -9.0786 -1.7829 37.3252 -6.4338 -3.0933 37.1454 -6.4768 -1.5762 37.1028
3 16 -9.0504 -3.3127 37.34 -6.4338 -3.0933 37.1454 -9.0786 -1.7829 37.3252
3 16 -6.4768 -1.5762 37.1028 -8.9697 -0.0199 37.3602 -9.0786 -1.7829 37.3252
3 16 -6.5219 -0.0199 37.1605 -8.9697 -0.0199 37.3602 -6.4768 -1.5762 37.1028
3 16 -6.4768 -1.5762 37.1028 -6.3543 -0.0199 39.3172 -6.5219 -0.0199 37.1605
3 16 -6.3097 -2.2493 39.1646 -6.3543 -0.0199 39.3172 -6.4768 -1.5762 37.1028
3 16 -6.3097 -2.2493 39.1646 -6.4338 -3.0933 37.1454 -6.1293 -4.9957 38.7962
3 16 -6.4768 -1.5762 37.1028 -6.4338 -3.0933 37.1454 -6.3097 -2.2493 39.1646
3 16 -6.1293 -4.9957 38.7962 -6.3114 -4.3803 37.3294 -6.0993 -5.8495 38.2001
3 16 -6.4338 -3.0933 37.1454 -6.3114 -4.3803 37.3294 -6.1293 -4.9957 38.7962
3 16 -4.2598 -13.6989 47.5151 -2.4877 -15.7313 47.3519 -4.021 -15.966 47.2267
3 16 -2.5068 -13.5453 47.594 -2.4877 -15.7313 47.3519 -4.2598 -13.6989 47.5151
3 16 -8.7629 -26.7184 22.2732 -8.8474 -27.5151 24.1073 -8.9589 -30.0614 23.5226
3 16 -4.9798 -23.9983 21.1336 -6.8294 -24.9755 23.0384 -7.1612 -24.3148 21.1989
3 16 -4.9948 -24.6355 23.009 -6.8294 -24.9755 23.0384 -4.9798 -23.9983 21.1336
3 16 -2.4112 -24.4985 23.0707 -4.9798 -23.9983 21.1336 -2.445 -23.6848 21.0845
3 16 -4.9948 -24.6355 23.009 -4.9798 -23.9983 21.1336 -2.4112 -24.4985 23.0707
3 16 9.1317 -30.52 27.5717 9.8094 -25.0109 31.0592 9.3789 -25.2572 26.1482
3 16 9.7171 -29.4737 32.2229 9.8094 -25.0109 31.0592 9.1317 -30.52 27.5717
3 16 9.8237 -3.6842 31.9213 9.8088 -5.3286 29.0153 9.7782 -5.1827 32.2008
3 16 9.8393 -3.918 28.4555 9.8088 -5.3286 29.0153 9.8237 -3.6842 31.9213
3 16 9.4431 -7.1112 30.1135 9.7782 -5.1827 32.2008 9.8088 -5.3286 29.0153
3 16 9.5665 -7.03 32.8726 9.7782 -5.1827 32.2008 9.4431 -7.1112 30.1135
3 16 9.7694 -21.0175 30.5166 9.3169 -17.3837 27.7814 9.5035 -21.0931 26.5167
3 16 9.4503 -17.2144 30.9627 9.3169 -17.3837 27.7814 9.7694 -21.0175 30.5166
3 16 9.0596 -13.5151 29.0255 9.4503 -17.2144 30.9627 9.2158 -13.4144 31.8039
3 16 9.3169 -17.3837 27.7814 9.4503 -17.2144 30.9627 9.0596 -13.5151 29.0255
3 16 9.2227 -9.9888 31.3315 9.0596 -13.5151 29.0255 9.2158 -13.4144 31.8039
3 16 9.0651 -9.9926 28.9354 9.0596 -13.5151 29.0255 9.2227 -9.9888 31.3315
3 16 9.0651 -9.9926 28.9354 9.4431 -7.1112 30.1135 9.3624 -7.0497 27.498
3 16 9.2227 -9.9888 31.3315 9.4431 -7.1112 30.1135 9.0651 -9.9926 28.9354
3 16 9.8088 -5.3286 29.0153 9.3624 -7.0497 27.498 9.4431 -7.1112 30.1135
3 16 9.8049 -5.405 25.6387 9.3624 -7.0497 27.498 9.8088 -5.3286 29.0153
3 16 9.8049 -5.405 25.6387 9.8393 -3.918 28.4555 9.8366 -4.0673 24.7034
3 16 9.8088 -5.3286 29.0153 9.8393 -3.918 28.4555 9.8049 -5.405 25.6387
3 16 9.8366 -4.0673 24.7034 9.8407 -1.9613 28.0224 9.8402 -2.0793 24.1984
3 16 9.8393 -3.918 28.4555 9.8407 -1.9613 28.0224 9.8366 -4.0673 24.7034
3 16 9.8375 -0.0199 27.7675 9.8402 -2.0793 24.1984 9.8407 -1.9613 28.0224
3 16 9.8375 -0.0199 24.0199 9.8402 -2.0793 24.1984 9.8375 -0.0199 27.7675
3 16 8.8759 -23.8927 22.6575 8.8292 -26.1242 21.9894 9.3789 -25.2572 26.1482
3 16 8.8759 -23.8927 22.6575 6.8617 -23.531 20.3906 8.8292 -26.1242 21.9894
3 16 6.8697 -21.5 21.2225 6.8617 -23.531 20.3906 8.8759 -23.8927 22.6575
3 16 2.4304 -23.1705 20.2923 6.8697 -21.5 21.2225 2.4493 -21.2449 21.0413
3 16 6.8617 -23.531 20.3906 6.8697 -21.5 21.2225 2.4304 -23.1705 20.2923
3 16 2.4493 -21.2449 21.0413 2.4147 -24.0988 26.6775 2.4304 -23.1705 20.2923
3 16 2.4318 -22.142 27.4449 2.4147 -24.0988 26.6775 2.4493 -21.2449 21.0413
3 16 2.4139 -23.8226 33.3621 2.4318 -22.142 27.4449 2.4225 -22.1005 34.2625
3 16 2.4147 -24.0988 26.6775 2.4318 -22.142 27.4449 2.4139 -23.8226 33.3621
3 16 1.9638 -23.9265 34.0044 2.4225 -22.1005 34.2625 1.9509 -22.2428 34.8376
3 16 2.4139 -23.8226 33.3621 2.4225 -22.1005 34.2625 1.9638 -23.9265 34.0044
3 16 9.5035 -21.0931 26.5167 9.8094 -25.0109 31.0592 9.7694 -21.0175 30.5166
3 16 9.3789 -25.2572 26.1482 9.8094 -25.0109 31.0592 9.5035 -21.0931 26.5167
3 16 7.4417 -0.0199 23.6275 9.8375 -0.0199 21.3993 9.8375 -0.0199 24.0199
3 16 9.012 -0.0199 20.8329 9.8375 -0.0199 21.3993 7.4417 -0.0199 23.6275
3 16 9.8375 -0.0199 24.0199 9.8375 -0.0199 27.7675 7.4417 -0.0199 23.6275
3 16 9.8375 -0.0199 27.7675 5.6606 -0.0199 28.8517 7.4417 -0.0199 23.6275
3 16 9.8102 -0.0199 31.3355 9.0559 0.015 32.0533 5.6606 -0.0199 28.8517
3 16 9.8375 -0.0199 27.7675 9.8102 -0.0199 31.3355 5.6606 -0.0199 28.8517
3 16 2.625 -0.0199 30.6436 5.6606 -0.0199 28.8517 2.6331 0.015 32.3599
3 16 5.6606 -0.0199 28.8517 9.0559 0.015 32.0533 2.6331 0.015 32.3599
3 16 2.6266 -0.0199 26.2197 5.6606 -0.0199 28.8517 2.6388 -0.0199 28.0052
3 16 5.6606 -0.0199 28.8517 4.4343 -0.0199 24.7824 7.4417 -0.0199 23.6275
3 16 2.6266 -0.0199 26.2197 4.4343 -0.0199 24.7824 5.6606 -0.0199 28.8517
3 16 7.4417 -0.0199 23.6275 4.4343 -0.0199 24.7824 5.8937 -0.0199 23.1863
3 16 7.4417 -0.0199 23.6275 5.8937 -0.0199 23.1863 6.3529 -0.0199 20.7007
3 16 6.3529 -0.0199 20.7007 9.012 -0.0199 20.8329 7.4417 -0.0199 23.6275
3 16 5.6606 -0.0199 28.8517 2.625 -0.0199 30.6436 2.6388 -0.0199 28.0052
3 16 -6.8667 -22.8402 42.7084 -8.5092 -21.7226 42.9973 -7.9438 -22.6747 43.6432
3 16 -7.6594 -21.2576 41.9331 -8.5092 -21.7226 42.9973 -6.8667 -22.8402 42.7084
3 16 -8.0225 -19.488 43.2316 -8.5092 -21.7226 42.9973 -7.6594 -21.2576 41.9331
3 16 -8.9131 -20.5174 43.8054 -8.5092 -21.7226 42.9973 -8.0225 -19.488 43.2316
3 16 3.221 -19.8855 40.38 4.6809 -22.9451 38.0242 4.022 -21.879 41.7773
3 16 4.2314 -21.6799 37.0515 4.6809 -22.9451 38.0242 3.221 -19.8855 40.38
3 16 4.022 -21.879 41.7773 0.9231 -17.8896 43.7878 3.221 -19.8855 40.38
3 16 1.434 -18.8109 45.7386 0.9231 -17.8896 43.7878 4.022 -21.879 41.7773
3 16 1.434 -18.8109 45.7386 -2.4473 -16.7295 47.3506 0.9231 -17.8896 43.7878
3 16 -1.9257 -17.4591 48.2814 -2.4473 -16.7295 47.3506 1.434 -18.8109 45.7386
3 16 -2.4473 -16.7295 47.3506 -3.9943 -17.3346 48.028 -3.8512 -16.6692 47.1775
3 16 -1.9257 -17.4591 48.2814 -3.9943 -17.3346 48.028 -2.4473 -16.7295 47.3506
3 16 -3.9943 -17.3346 48.028 -4.8492 -16.7081 46.988 -3.8512 -16.6692 47.1775
3 16 -5.8841 -17.5721 47.2951 -4.8492 -16.7081 46.988 -3.9943 -17.3346 48.028
3 16 -5.8841 -17.5721 47.2951 -6.977 -17.5328 45.7221 -4.8492 -16.7081 46.988
3 16 -7.4931 -18.3063 45.829 -6.977 -17.5328 45.7221 -5.8841 -17.5721 47.2951
3 16 -7.4931 -18.3063 45.829 -7.576 -18.4312 43.7085 -6.977 -17.5328 45.7221
3 16 -8.0225 -19.488 43.2316 -7.576 -18.4312 43.7085 -7.4931 -18.3063 45.829
3 16 4.8038 -25.6927 39.9447 4.6809 -22.9451 38.0242 4.8925 -24.6218 38.2621
3 16 4.022 -21.879 41.7773 4.6809 -22.9451 38.0242 4.8038 -25.6927 39.9447
3 16 2.5672 -41.1733 38.1129 2.2424 -38.6777 40.1958 2.8813 -38.2173 39.3129
3 16 2.0811 -41.5947 38.5697 2.2424 -38.6777 40.1958 2.5672 -41.1733 38.1129
3 16 2.8813 -38.2173 39.3129 2.5956 -35.9704 41.0218 3.303 -35.4105 39.8585
3 16 2.2424 -38.6777 40.1958 2.5956 -35.9704 41.0218 2.8813 -38.2173 39.3129
3 16 3.303 -35.4105 39.8585 3.0936 -32.9516 41.4303 3.9107 -32.5014 39.7501
3 16 2.5956 -35.9704 41.0218 3.0936 -32.9516 41.4303 3.303 -35.4105 39.8585
3 16 3.9107 -32.5014 39.7501 3.7167 -29.8305 41.7125 4.4392 -29.5021 39.6483
3 16 3.0936 -32.9516 41.4303 3.7167 -29.8305 41.7125 3.9107 -32.5014 39.7501
3 16 3.9734 -26.6109 42.5162 4.4392 -29.5021 39.6483 3.7167 -29.8305 41.7125
3 16 4.8038 -25.6927 39.9447 4.4392 -29.5021 39.6483 3.9734 -26.6109 42.5162
3 16 2.6578 -27.3637 44.0758 3.7167 -29.8305 41.7125 2.2257 -30.2228 43.3692
3 16 3.9734 -26.6109 42.5162 3.7167 -29.8305 41.7125 2.6578 -27.3637 44.0758
3 16 4.022 -21.879 41.7773 3.9734 -26.6109 42.5162 3.4347 -22.7828 44.21
3 16 4.8038 -25.6927 39.9447 3.9734 -26.6109 42.5162 4.022 -21.879 41.7773
3 16 2.4406 -24.0852 45.6878 3.9734 -26.6109 42.5162 2.6578 -27.3637 44.0758
3 16 3.4347 -22.7828 44.21 3.9734 -26.6109 42.5162 2.4406 -24.0852 45.6878
3 16 -0.5143 -17.5743 40.1403 -2.154 -17.6192 38.538 -0.9877 -17.9209 38.5544
3 16 -2.2641 -16.7695 41.8177 -2.154 -17.6192 38.538 -0.5143 -17.5743 40.1403
3 16 0.9806 -18.4029 38.3047 -0.9877 -17.9209 38.5544 -0.064 -18.6734 37.2848
3 16 -0.5143 -17.5743 40.1403 -0.9877 -17.9209 38.5544 0.9806 -18.4029 38.3047
3 16 -0.064 -18.6734 37.2848 2.0984 -19.3952 36.6855 0.9806 -18.4029 38.3047
3 16 1.9807 -20.2253 35.9006 2.0984 -19.3952 36.6855 -0.064 -18.6734 37.2848
3 16 -2.6133 -36.6655 42.2898 -3.1384 -39.0447 39.9897 -3.659 -35.9436 41.1257
3 16 -2.136 -39.7432 40.9356 -3.1384 -39.0447 39.9897 -2.6133 -36.6655 42.2898
3 16 -2.848 -33.3692 43.0673 -3.659 -35.9436 41.1257 -3.8316 -32.704 41.8729
3 16 -2.6133 -36.6655 42.2898 -3.659 -35.9436 41.1257 -2.848 -33.3692 43.0673
3 16 -2.6159 -30.2994 43.4594 -3.8316 -32.704 41.8729 -3.4492 -29.6753 42.4149
3 16 -2.848 -33.3692 43.0673 -3.8316 -32.704 41.8729 -2.6159 -30.2994 43.4594
3 16 -1.9423 -27.707 44.1991 -3.4492 -29.6753 42.4149 -2.8537 -27.2263 43.155
3 16 -2.6159 -30.2994 43.4594 -3.4492 -29.6753 42.4149 -1.9423 -27.707 44.1991
3 16 -2.8333 -25.4282 43.8236 -1.9423 -27.707 44.1991 -2.8537 -27.2263 43.155
3 16 -1.682 -25.7717 45.3131 -1.9423 -27.707 44.1991 -2.8333 -25.4282 43.8236
3 16 -1.682 -25.7717 45.3131 -3.4925 -24.0411 45.0546 -2.1736 -24.2171 46.7343
3 16 -2.8333 -25.4282 43.8236 -3.4925 -24.0411 45.0546 -1.682 -25.7717 45.3131
3 16 -1.6504 -44.176 36.3548 -2.3175 -41.8341 38.3579 -1.5367 -42.413 38.8967
3 16 -2.0453 -44.0721 36.2583 -2.3175 -41.8341 38.3579 -1.6504 -44.176 36.3548
3 16 -2.3175 -41.8341 38.3579 -2.136 -39.7432 40.9356 -1.5367 -42.413 38.8967
3 16 -3.1384 -39.0447 39.9897 -2.136 -39.7432 40.9356 -2.3175 -41.8341 38.3579
3 16 2.6128 -43.8968 36.0585 2.0811 -41.5947 38.5697 2.5672 -41.1733 38.1129
3 16 2.2038 -44.0728 36.1264 2.0811 -41.5947 38.5697 2.6128 -43.8968 36.0585
3 16 -3.4925 -24.0411 45.0546 -6.3255 -23.1374 44.9767 -5.0179 -23.2957 46.408
3 16 -4.3326 -23.4002 42.9934 -6.3255 -23.1374 44.9767 -3.4925 -24.0411 45.0546
3 16 -9.0648 -21.9429 44.3765 -7.9438 -22.6747 43.6432 -8.5092 -21.7226 42.9973
3 16 -8.6907 -22.5935 44.913 -7.9438 -22.6747 43.6432 -9.0648 -21.9429 44.3765
3 16 -8.9131 -20.5174 43.8054 -9.0648 -21.9429 44.3765 -8.5092 -21.7226 42.9973
3 16 -9.2983 -21.1634 44.7937 -9.0648 -21.9429 44.3765 -8.9131 -20.5174 43.8054
3 16 -6.8667 -22.8402 42.7084 -6.3255 -23.1374 44.9767 -4.3326 -23.4002 42.9934
3 16 -7.9438 -22.6747 43.6432 -6.3255 -23.1374 44.9767 -6.8667 -22.8402 42.7084
3 16 -9.2983 -21.1634 44.7937 -8.1581 -19.3158 46.1445 -8.6341 -20.6246 46.8165
3 16 -8.9131 -20.5174 43.8054 -8.1581 -19.3158 46.1445 -9.2983 -21.1634 44.7937
3 16 -8.0225 -19.488 43.2316 -8.1581 -19.3158 46.1445 -8.9131 -20.5174 43.8054
3 16 -7.4931 -18.3063 45.829 -8.1581 -19.3158 46.1445 -8.0225 -19.488 43.2316
3 16 -6.3255 -23.1374 44.9767 -8.6907 -22.5935 44.913 -7.9998 -22.6007 46.5163
3 16 -7.9438 -22.6747 43.6432 -8.6907 -22.5935 44.913 -6.3255 -23.1374 44.9767
3 16 -6.6764 -22.6726 47.6646 -6.3255 -23.1374 44.9767 -7.9998 -22.6007 46.5163
3 16 -5.0179 -23.2957 46.408 -6.3255 -23.1374 44.9767 -6.6764 -22.6726 47.6646
3 16 -4.8431 -22.9499 48.1752 -5.0179 -23.2957 46.408 -6.6764 -22.6726 47.6646
3 16 -3.6605 -23.282 47.9245 -5.0179 -23.2957 46.408 -4.8431 -22.9499 48.1752
3 16 -3.6605 -23.282 47.9245 -3.4925 -24.0411 45.0546 -5.0179 -23.2957 46.408
3 16 -2.1736 -24.2171 46.7343 -3.4925 -24.0411 45.0546 -3.6605 -23.282 47.9245
3 16 -3.8512 -16.6692 47.1775 -2.4877 -15.7313 47.3519 -2.4473 -16.7295 47.3506
3 16 -4.021 -15.966 47.2267 -2.4877 -15.7313 47.3519 -3.8512 -16.6692 47.1775
3 16 -2.4863 -15.8939 44.6281 -2.4473 -16.7295 47.3506 -2.4877 -15.7313 47.3519
3 16 -2.2806 -16.4756 44.5539 -2.4473 -16.7295 47.3506 -2.4863 -15.8939 44.6281
3 16 -2.4842 -16.1287 41.9166 -2.2806 -16.4756 44.5539 -2.4863 -15.8939 44.6281
3 16 -2.2641 -16.7695 41.8177 -2.2806 -16.4756 44.5539 -2.4842 -16.1287 41.9166
3 16 -2.4769 -16.9548 38.5831 -2.2641 -16.7695 41.8177 -2.4842 -16.1287 41.9166
3 16 -2.154 -17.6192 38.538 -2.2641 -16.7695 41.8177 -2.4769 -16.9548 38.5831
3 16 -2.4611 -18.4169 36.3034 -2.154 -17.6192 38.538 -2.4769 -16.9548 38.5831
3 16 -2.0845 -18.9162 36.6516 -2.154 -17.6192 38.538 -2.4611 -18.4169 36.3034
3 16 -2.439 -20.2687 35.155 -2.0845 -18.9162 36.6516 -2.4611 -18.4169 36.3034
3 16 -1.9866 -20.5192 35.6731 -2.0845 -18.9162 36.6516 -2.439 -20.2687 35.155
3 16 -0.9877 -17.9209 38.5544 -2.0845 -18.9162 36.6516 -0.064 -18.6734 37.2848
3 16 -2.154 -17.6192 38.538 -2.0845 -18.9162 36.6516 -0.9877 -17.9209 38.5544
3 16 -1.9866 -20.5192 35.6731 -0.064 -18.6734 37.2848 -2.0845 -18.9162 36.6516
3 16 1.9807 -20.2253 35.9006 -0.064 -18.6734 37.2848 -1.9866 -20.5192 35.6731
3 16 1.9509 -22.2428 34.8376 -1.9866 -20.5192 35.6731 -1.9475 -22.1838 34.8681
3 16 1.9807 -20.2253 35.9006 -1.9866 -20.5192 35.6731 1.9509 -22.2428 34.8376
3 16 -2.4186 -21.9043 34.3936 -1.9866 -20.5192 35.6731 -2.439 -20.2687 35.155
3 16 -1.9475 -22.1838 34.8681 -1.9866 -20.5192 35.6731 -2.4186 -21.9043 34.3936
3 16 -2.4793 -16.6972 35.1551 -2.4611 -18.4169 36.3034 -2.4917 -15.2777 37.1823
3 16 -2.439 -20.2687 35.155 -2.4611 -18.4169 36.3034 -2.4793 -16.6972 35.1551
3 16 -2.439 -20.2687 35.155 -2.4651 -18.3212 33.2025 -2.4186 -21.9043 34.3936
3 16 -2.4793 -16.6972 35.1551 -2.4651 -18.3212 33.2025 -2.439 -20.2687 35.155
3 16 -2.5006 -14.7156 31.9583 -2.4793 -16.6972 35.1551 -2.5127 -12.8692 35.1369
3 16 -2.4651 -18.3212 33.2025 -2.4793 -16.6972 35.1551 -2.5006 -14.7156 31.9583
3 16 -1.9475 -22.1838 34.8681 -2.4046 -23.4905 33.6207 -1.9213 -23.7441 34.1125
3 16 -2.4186 -21.9043 34.3936 -2.4046 -23.4905 33.6207 -1.9475 -22.1838 34.8681
3 16 -2.3961 -24.9244 32.8968 -1.9213 -23.7441 34.1125 -2.4046 -23.4905 33.6207
3 16 -1.8727 -25.2038 33.4174 -1.9213 -23.7441 34.1125 -2.3961 -24.9244 32.8968
3 16 -1.9213 -23.7441 34.1125 1.9509 -22.2428 34.8376 -1.9475 -22.1838 34.8681
3 16 1.9638 -23.9265 34.0044 1.9509 -22.2428 34.8376 -1.9213 -23.7441 34.1125
3 16 1.9638 -23.9265 34.0044 -1.8727 -25.2038 33.4174 1.8986 -25.3472 33.3671
3 16 -1.9213 -23.7441 34.1125 -1.8727 -25.2038 33.4174 1.9638 -23.9265 34.0044
3 16 -2.4783 -16.8036 29.1508 -2.4651 -18.3212 33.2025 -2.5006 -14.7156 31.9583
3 16 -2.4483 -20.2475 31.4648 -2.4651 -18.3212 33.2025 -2.4783 -16.8036 29.1508
3 16 -2.4483 -20.2475 31.4648 -2.4186 -21.9043 34.3936 -2.4651 -18.3212 33.2025
3 16 -2.4046 -23.4905 33.6207 -2.4186 -21.9043 34.3936 -2.4483 -20.2475 31.4648
3 16 -2.4046 -23.4905 33.6207 -2.4308 -22.2509 29.9954 -2.3961 -24.9244 32.8968
3 16 -2.4483 -20.2475 31.4648 -2.4308 -22.2509 29.9954 -2.4046 -23.4905 33.6207
3 16 -2.4483 -20.2475 31.4648 -2.4587 -19.0549 26.7621 -2.4308 -22.2509 29.9954
3 16 -2.4783 -16.8036 29.1508 -2.4587 -19.0549 26.7621 -2.4483 -20.2475 31.4648
3 16 2.6128 -43.8968 36.0585 3.2099 -44.9485 34.1811 2.2038 -44.0728 36.1264
3 16 5.2211 -44.8577 34.0857 3.2099 -44.9485 34.1811 2.6128 -43.8968 36.0585
3 16 2.2038 -44.0728 36.1264 1.8453 -45.0008 34.227 1.725 -44.1734 36.3334
3 16 3.2099 -44.9485 34.1811 1.8453 -45.0008 34.227 2.2038 -44.0728 36.1264
3 16 0.1147 -45.1509 34.2457 1.725 -44.1734 36.3334 1.8453 -45.0008 34.227
3 16 -0.0107 -44.2124 36.5678 1.725 -44.1734 36.3334 0.1147 -45.1509 34.2457
3 16 -1.4904 -45.0402 34.242 -2.0453 -44.0721 36.2583 -1.6504 -44.176 36.3548
3 16 -2.8582 -44.9655 34.1829 -2.0453 -44.0721 36.2583 -1.4904 -45.0402 34.242
3 16 -1.4904 -45.0402 34.242 -0.0107 -44.2124 36.5678 0.1147 -45.1509 34.2457
3 16 -1.6504 -44.176 36.3548 -0.0107 -44.2124 36.5678 -1.4904 -45.0402 34.242
3 16 -2.8582 -44.9655 34.1829 -2.4594 -43.9378 36.1479 -2.0453 -44.0721 36.2583
3 16 -4.9818 -44.8328 34.0916 -2.4594 -43.9378 36.1479 -2.8582 -44.9655 34.1829
3 16 -6.0523 -13.986 47.3999 -7.8189 -15.5679 46.9684 -8.0745 -13.3338 47.3739
3 16 -9.2886 -15.3197 45.2632 -7.576 -18.4312 43.7085 -9.5549 -18.0137 41.9274
3 16 -7.8189 -15.5679 46.9684 -7.576 -18.4312 43.7085 -9.2886 -15.3197 45.2632
3 16 -7.576 -18.4312 43.7085 -7.8189 -15.5679 46.9684 -6.977 -17.5328 45.7221
3 16 -4.8492 -16.7081 46.988 -4.021 -15.966 47.2267 -3.8512 -16.6692 47.1775
3 16 -5.5692 -16.2725 47.0129 -4.021 -15.966 47.2267 -4.8492 -16.7081 46.988
3 16 -6.0523 -13.986 47.3999 -4.021 -15.966 47.2267 -5.5692 -16.2725 47.0129
3 16 -4.2598 -13.6989 47.5151 -4.021 -15.966 47.2267 -6.0523 -13.986 47.3999
3 16 -6.0523 -13.986 47.3999 -5.5692 -16.2725 47.0129 -7.8189 -15.5679 46.9684
3 16 -5.5692 -16.2725 47.0129 -6.977 -17.5328 45.7221 -7.8189 -15.5679 46.9684
3 16 -4.8492 -16.7081 46.988 -6.977 -17.5328 45.7221 -5.5692 -16.2725 47.0129
3 16 1.8986 -25.3472 33.3671 -1.9437 -27.5573 33.2538 1.8298 -27.8916 33.2825
3 16 -1.8727 -25.2038 33.4174 -1.9437 -27.5573 33.2538 1.8986 -25.3472 33.3671
3 16 -2.3799 -27.3543 32.6753 -1.8727 -25.2038 33.4174 -2.3961 -24.9244 32.8968
3 16 -1.9437 -27.5573 33.2538 -1.8727 -25.2038 33.4174 -2.3799 -27.3543 32.6753
3 16 -2.3602 -29.855 32.5662 -1.9437 -27.5573 33.2538 -2.3799 -27.3543 32.6753
3 16 -1.8987 -30.1874 33.1718 -1.9437 -27.5573 33.2538 -2.3602 -29.855 32.5662
3 16 -2.3261 -33.3842 32.4728 -1.8987 -30.1874 33.1718 -2.3602 -29.855 32.5662
3 16 -1.847 -33.6301 33.0599 -1.8987 -30.1874 33.1718 -2.3261 -33.3842 32.4728
3 16 1.8141 -30.748 33.18 -1.847 -33.6301 33.0599 1.7667 -33.6919 33.083
3 16 -1.8987 -30.1874 33.1718 -1.847 -33.6301 33.0599 1.8141 -30.748 33.18
3 16 1.8298 -27.8916 33.2825 -1.8987 -30.1874 33.1718 1.8141 -30.748 33.18
3 16 -1.9437 -27.5573 33.2538 -1.8987 -30.1874 33.1718 1.8298 -27.8916 33.2825
3 16 1.7667 -33.6919 33.083 -1.7878 -36.7481 32.9552 1.7366 -36.7027 32.9769
3 16 -1.847 -33.6301 33.0599 -1.7878 -36.7481 32.9552 1.7667 -33.6919 33.083
3 16 -1.847 -33.6301 33.0599 -2.2832 -36.6828 32.4237 -1.7878 -36.7481 32.9552
3 16 -2.3261 -33.3842 32.4728 -2.2832 -36.6828 32.4237 -1.847 -33.6301 33.0599
3 16 -1.6947 -37.413 32.4704 -2.2832 -36.6828 32.4237 -2.0993 -37.2634 32.1385
3 16 -1.7878 -36.7481 32.9552 -2.2832 -36.6828 32.4237 -1.6947 -37.413 32.4704
3 16 -1.7916 -37.46 29.3591 -2.0993 -37.2634 32.1385 -2.1051 -37.2576 29.3575
3 16 -1.6947 -37.413 32.4704 -2.0993 -37.2634 32.1385 -1.7916 -37.46 29.3591
3 16 -6.4743 -60.148 -13.5149 -6.6764 -59.1353 -13.9337 -7.6418 -59.7294 -13.117
3 16 -5.6163 -60.1465 -14.2501 -6.6764 -59.1353 -13.9337 -6.4743 -60.148 -13.5149
3 16 -6.6764 -59.1353 -13.9337 -8.6865 -58.8446 -13.0226 -7.6418 -59.7294 -13.117
3 16 -7.3341 -57.4192 -13.8884 -8.6865 -58.8446 -13.0226 -6.6764 -59.1353 -13.9337
3 16 -7.3341 -57.4192 -13.8884 -9.65 -56.902 -13.0394 -8.6865 -58.8446 -13.0226
3 16 -7.7972 -55.5823 -13.9982 -9.65 -56.902 -13.0394 -7.3341 -57.4192 -13.8884
3 16 -9.9729 -54.233 -13.6307 -7.7972 -55.5823 -13.9982 -8.1063 -53.3783 -14.4979
3 16 -9.65 -56.902 -13.0394 -7.7972 -55.5823 -13.9982 -9.9729 -54.233 -13.6307
3 16 -9.8247 -51.6853 -14.0661 -8.1063 -53.3783 -14.4979 -8.0531 -51.07 -14.8436
3 16 -9.9729 -54.233 -13.6307 -8.1063 -53.3783 -14.4979 -9.8247 -51.6853 -14.0661
3 16 -8.0531 -51.07 -14.8436 -9.2932 -49.4957 -14.2534 -9.8247 -51.6853 -14.0661
3 16 -7.7353 -48.7706 -14.933 -9.2932 -49.4957 -14.2534 -8.0531 -51.07 -14.8436
3 16 -7.7353 -48.7706 -14.933 -8.825 -47.3579 -14.1029 -9.2932 -49.4957 -14.2534
3 16 -7.0174 -46.4697 -14.5778 -8.825 -47.3579 -14.1029 -7.7353 -48.7706 -14.933
3 16 -7.0174 -46.4697 -14.5778 -8.676 -45.5805 -13.6103 -8.825 -47.3579 -14.1029
3 16 -6.663 -44.6153 -13.5206 -8.676 -45.5805 -13.6103 -7.0174 -46.4697 -14.5778
3 16 -8.676 -45.5805 -13.6103 -7.8241 -43.8404 -12.2721 -9.0698 -44.3359 -12.5164
3 16 -6.663 -44.6153 -13.5206 -7.8241 -43.8404 -12.2721 -8.676 -45.5805 -13.6103
3 16 -9.0698 -44.3359 -12.5164 -8.3952 -43.6708 -10.6306 -9.6365 -44.1977 -11.0431
3 16 -7.8241 -43.8404 -12.2721 -8.3952 -43.6708 -10.6306 -9.0698 -44.3359 -12.5164
3 16 -8.8933 -44.3536 -9.2039 -9.6365 -44.1977 -11.0431 -8.3952 -43.6708 -10.6306
3 16 -10.3705 -45.0768 -9.8037 -9.6365 -44.1977 -11.0431 -8.8933 -44.3536 -9.2039
3 16 -10.8208 -47.013 -6.8745 -11.1713 -46.3144 -8.8518 -9.8181 -45.5341 -8.0153
3 16 -12.1171 -47.912 -7.868 -11.1713 -46.3144 -8.8518 -10.8208 -47.013 -6.8745
3 16 -12.1171 -47.912 -7.868 -11.7631 -48.9929 -5.9396 -13.1282 -49.7291 -7.213
3 16 -10.8208 -47.013 -6.8745 -11.7631 -48.9929 -5.9396 -12.1171 -47.912 -7.868
3 16 -13.1282 -49.7291 -7.213 -12.3366 -50.9833 -5.4255 -13.6389 -51.4891 -6.7565
3 16 -11.7631 -48.9929 -5.9396 -12.3366 -50.9833 -5.4255 -13.1282 -49.7291 -7.213
3 16 -13.6389 -51.4891 -6.7565 -11.8924 -52.7702 -5.0558 -13.6195 -53.3009 -6.5054
3 16 -12.3366 -50.9833 -5.4255 -11.8924 -52.7702 -5.0558 -13.6389 -51.4891 -6.7565
3 16 -11.8924 -52.7702 -5.0558 -12.0832 -55.5336 -6.3161 -13.6195 -53.3009 -6.5054
3 16 -10.2066 -54.2276 -4.7645 -12.0832 -55.5336 -6.3161 -11.8924 -52.7702 -5.0558
3 16 -6.663 -44.6153 -13.5206 -7.0472 -43.2761 -11.8099 -7.8241 -43.8404 -12.2721
3 16 -7.0472 -43.2761 -11.8099 -8.3952 -43.6708 -10.6306 -7.8241 -43.8404 -12.2721
3 16 -7.4903 -43.4431 -10.3003 -8.3952 -43.6708 -10.6306 -7.0472 -43.2761 -11.8099
3 16 -7.8916 -44.1968 -8.8854 -8.3952 -43.6708 -10.6306 -7.4903 -43.4431 -10.3003
3 16 -8.8933 -44.3536 -9.2039 -8.3952 -43.6708 -10.6306 -7.8916 -44.1968 -8.8854
3 16 -8.0322 -46.5422 -6.6873 -9.8181 -45.5341 -8.0153 -8.0454 -45.3288 -7.6992
3 16 -10.8208 -47.013 -6.8745 -9.8181 -45.5341 -8.0153 -8.0322 -46.5422 -6.6873
3 16 -7.7201 -48.1549 -5.5662 -10.8208 -47.013 -6.8745 -8.0322 -46.5422 -6.6873
3 16 -11.7631 -48.9929 -5.9396 -10.8208 -47.013 -6.8745 -7.7201 -48.1549 -5.5662
3 16 -11.7631 -48.9929 -5.9396 -7.1176 -49.954 -4.6932 -12.3366 -50.9833 -5.4255
3 16 -7.7201 -48.1549 -5.5662 -7.1176 -49.954 -4.6932 -11.7631 -48.9929 -5.9396
3 16 -7.1176 -49.954 -4.6932 -11.8924 -52.7702 -5.0558 -12.3366 -50.9833 -5.4255
3 16 -6.7041 -51.2828 -4.3907 -11.8924 -52.7702 -5.0558 -7.1176 -49.954 -4.6932
3 16 -10.2066 -54.2276 -4.7645 -6.7041 -51.2828 -4.3907 -6.3898 -52.9892 -4.2559
3 16 -11.8924 -52.7702 -5.0558 -6.7041 -51.2828 -4.3907 -10.2066 -54.2276 -4.7645
3 16 -5.5408 -56.5689 -4.2316 -6.2725 -54.5005 -4.4428 -5.1545 -55.3509 -3.3449
3 16 -6.2475 -57.7847 -5.6731 -6.2725 -54.5005 -4.4428 -5.5408 -56.5689 -4.2316
3 16 -4.7723 -53.9044 -2.5481 -6.2725 -54.5005 -4.4428 -6.3898 -52.9892 -4.2559
3 16 -5.1545 -55.3509 -3.3449 -6.2725 -54.5005 -4.4428 -4.7723 -53.9044 -2.5481
3 16 -4.4208 -51.6772 -1.5336 -6.3898 -52.9892 -4.2559 -6.7041 -51.2828 -4.3907
3 16 -4.7723 -53.9044 -2.5481 -6.3898 -52.9892 -4.2559 -4.4208 -51.6772 -1.5336
3 16 -4.4208 -51.6772 -1.5336 -7.0808 -48.0596 -3.2058 -4.3333 -49.4928 -0.3598
3 16 -7.1176 -49.954 -4.6932 -7.0808 -48.0596 -3.2058 -4.4208 -51.6772 -1.5336
3 16 -4.8728 -47.6195 1.1112 -7.0808 -48.0596 -3.2058 -7.7531 -45.6863 -0.8198
3 16 -4.3333 -49.4928 -0.3598 -7.0808 -48.0596 -3.2058 -4.8728 -47.6195 1.1112
3 16 -7.7531 -45.6863 -0.8198 -5.6877 -46.0416 3.0414 -4.8728 -47.6195 1.1112
3 16 -8.5751 -44.0671 2.0593 -5.6877 -46.0416 3.0414 -7.7531 -45.6863 -0.8198
3 16 -6.1083 -45.3778 4.448 -8.5751 -44.0671 2.0593 -8.9085 -43.3689 4.2701
3 16 -5.6877 -46.0416 3.0414 -8.5751 -44.0671 2.0593 -6.1083 -45.3778 4.448
3 16 -9.0534 -40.5836 2.7464 -8.5751 -44.0671 2.0593 -8.9856 -41.1418 -0.3306
3 16 -8.9085 -43.3689 4.2701 -8.5751 -44.0671 2.0593 -9.0534 -40.5836 2.7464
3 16 -9.0534 -40.5836 2.7464 -8.9856 -41.1418 -0.3306 -9.0426 -37.8922 0.9122
3 16 -9.0426 -37.8922 0.9122 -8.9633 -37.7809 -4.6556 -9.0031 -35.4092 -3.3232
3 16 -8.9856 -41.1418 -0.3306 -8.9633 -37.7809 -4.6556 -9.0426 -37.8922 0.9122
3 16 -8.5308 -33.6458 -7.3709 -8.9633 -37.7809 -4.6556 -8.4171 -35.9787 -8.3303
3 16 -9.0031 -35.4092 -3.3232 -8.9633 -37.7809 -4.6556 -8.5308 -33.6458 -7.3709
3 16 -8.5308 -33.6458 -7.3709 -7.4731 -34.8951 -10.8762 -7.5576 -32.5962 -10.0907
3 16 -8.4171 -35.9787 -8.3303 -7.4731 -34.8951 -10.8762 -8.5308 -33.6458 -7.3709
3 16 -8.9856 -41.1418 -0.3306 -7.7531 -45.6863 -0.8198 -8.5116 -43.5676 -2.8866
3 16 -8.5751 -44.0671 2.0593 -7.7531 -45.6863 -0.8198 -8.9856 -41.1418 -0.3306
3 16 -8.9856 -41.1418 -0.3306 -8.6501 -40.7992 -6.3544 -8.9633 -37.7809 -4.6556
3 16 -8.5116 -43.5676 -2.8866 -8.6501 -40.7992 -6.3544 -8.9856 -41.1418 -0.3306
3 16 -8.9633 -37.7809 -4.6556 -8.0542 -39.1635 -9.3107 -8.4171 -35.9787 -8.3303
3 16 -8.6501 -40.7992 -6.3544 -8.0542 -39.1635 -9.3107 -8.9633 -37.7809 -4.6556
3 16 -8.4171 -35.9787 -8.3303 -7.3382 -38.2149 -11.375 -7.4731 -34.8951 -10.8762
3 16 -8.0542 -39.1635 -9.3107 -7.3382 -38.2149 -11.375 -8.4171 -35.9787 -8.3303
3 16 -8.0542 -39.1635 -9.3107 -6.9925 -41.3832 -11.5267 -7.3382 -38.2149 -11.375
3 16 -7.5009 -41.9655 -9.9405 -6.9925 -41.3832 -11.5267 -8.0542 -39.1635 -9.3107
3 16 -7.0472 -43.2761 -11.8099 -7.5009 -41.9655 -9.9405 -7.4903 -43.4431 -10.3003
3 16 -6.9925 -41.3832 -11.5267 -7.5009 -41.9655 -9.9405 -7.0472 -43.2761 -11.8099
3 16 -8.0454 -45.3288 -7.6992 -7.9516 -45.8727 -4.9949 -8.0322 -46.5422 -6.6873
3 16 -8.051 -43.3407 -7.6582 -7.9516 -45.8727 -4.9949 -8.0454 -45.3288 -7.6992
3 16 -7.8916 -44.1968 -8.8854 -7.5009 -41.9655 -9.9405 -8.051 -43.3407 -7.6582
3 16 -7.4903 -43.4431 -10.3003 -7.5009 -41.9655 -9.9405 -7.8916 -44.1968 -8.8854
3 16 -7.5009 -41.9655 -9.9405 -8.6501 -40.7992 -6.3544 -8.051 -43.3407 -7.6582
3 16 -8.0542 -39.1635 -9.3107 -8.6501 -40.7992 -6.3544 -7.5009 -41.9655 -9.9405
3 16 -8.051 -43.3407 -7.6582 -8.5116 -43.5676 -2.8866 -7.9516 -45.8727 -4.9949
3 16 -8.6501 -40.7992 -6.3544 -8.5116 -43.5676 -2.8866 -8.051 -43.3407 -7.6582
3 16 -8.0322 -46.5422 -6.6873 -7.9516 -45.8727 -4.9949 -7.7201 -48.1549 -5.5662
3 16 -7.9516 -45.8727 -4.9949 -7.7531 -45.6863 -0.8198 -7.0808 -48.0596 -3.2058
3 16 -8.5116 -43.5676 -2.8866 -7.7531 -45.6863 -0.8198 -7.9516 -45.8727 -4.9949
3 16 -6.7041 -51.2828 -4.3907 -7.1176 -49.954 -4.6932 -4.4208 -51.6772 -1.5336
3 16 -7.7201 -48.1549 -5.5662 -7.0808 -48.0596 -3.2058 -7.1176 -49.954 -4.6932
3 16 -7.9516 -45.8727 -4.9949 -7.0808 -48.0596 -3.2058 -7.7201 -48.1549 -5.5662
3 16 -9.0698 -44.3359 -12.5164 -9.6365 -44.1977 -11.0431 -10.1311 -46.4636 -11.4455
3 16 -9.0698 -44.3359 -12.5164 -9.4688 -46.9523 -12.9136 -8.676 -45.5805 -13.6103
3 16 -10.1311 -46.4636 -11.4455 -9.4688 -46.9523 -12.9136 -9.0698 -44.3359 -12.5164
3 16 -8.825 -47.3579 -14.1029 -8.676 -45.5805 -13.6103 -9.4688 -46.9523 -12.9136
3 16 -10.3705 -45.0768 -9.8037 -10.1311 -46.4636 -11.4455 -9.6365 -44.1977 -11.0431
3 16 -10.7907 -46.4178 -9.927 -10.1311 -46.4636 -11.4455 -10.3705 -45.0768 -9.8037
3 16 -10.0101 -49.5734 -13.028 -8.825 -47.3579 -14.1029 -9.4688 -46.9523 -12.9136
3 16 -9.2932 -49.4957 -14.2534 -8.825 -47.3579 -14.1029 -10.0101 -49.5734 -13.028
3 16 -10.0101 -49.5734 -13.028 -9.8247 -51.6853 -14.0661 -9.2932 -49.4957 -14.2534
3 16 -10.4621 -51.7477 -12.7901 -9.8247 -51.6853 -14.0661 -10.0101 -49.5734 -13.028
3 16 -11.9926 -48.5175 -9.0567 -11.1713 -46.3144 -8.8518 -12.1171 -47.912 -7.868
3 16 -10.7907 -46.4178 -9.927 -11.1713 -46.3144 -8.8518 -11.9926 -48.5175 -9.0567
3 16 -11.9926 -48.5175 -9.0567 -13.1282 -49.7291 -7.213 -12.8242 -50.3769 -8.5638
3 16 -12.1171 -47.912 -7.868 -13.1282 -49.7291 -7.213 -11.9926 -48.5175 -9.0567
3 16 -10.4621 -51.7477 -12.7901 -9.9729 -54.233 -13.6307 -9.8247 -51.6853 -14.0661
3 16 -10.5274 -54.1335 -12.4492 -9.9729 -54.233 -13.6307 -10.4621 -51.7477 -12.7901
3 16 -12.8242 -50.3769 -8.5638 -13.6389 -51.4891 -6.7565 -13.1983 -52.4865 -8.1986
3 16 -13.1282 -49.7291 -7.213 -13.6389 -51.4891 -6.7565 -12.8242 -50.3769 -8.5638
3 16 -10.1107 -56.6107 -12.1179 -9.9729 -54.233 -13.6307 -10.5274 -54.1335 -12.4492
3 16 -9.65 -56.902 -13.0394 -9.9729 -54.233 -13.6307 -10.1107 -56.6107 -12.1179
3 16 -9.1286 -58.5358 -11.9053 -9.65 -56.902 -13.0394 -10.1107 -56.6107 -12.1179
3 16 -8.6865 -58.8446 -13.0226 -9.65 -56.902 -13.0394 -9.1286 -58.5358 -11.9053
3 16 -8.6865 -58.8446 -13.0226 -7.5894 -59.7173 -11.8975 -7.6418 -59.7294 -13.117
3 16 -9.1286 -58.5358 -11.9053 -7.5894 -59.7173 -11.8975 -8.6865 -58.8446 -13.0226
3 16 -6.4743 -60.148 -13.5149 -7.5894 -59.7173 -11.8975 -5.6812 -60.4076 -12.2363
3 16 -7.6418 -59.7294 -13.117 -7.5894 -59.7173 -11.8975 -6.4743 -60.148 -13.5149
3 16 -11.6825 -53.5003 -10.4649 -12.8394 -54.4617 -7.8291 -11.1926 -55.825 -10.0493
3 16 -13.1983 -52.4865 -8.1986 -12.8394 -54.4617 -7.8291 -11.6825 -53.5003 -10.4649
3 16 -13.6195 -53.3009 -6.5054 -13.1983 -52.4865 -8.1986 -13.6389 -51.4891 -6.7565
3 16 -12.8394 -54.4617 -7.8291 -13.1983 -52.4865 -8.1986 -13.6195 -53.3009 -6.5054
3 16 -12.8394 -54.4617 -7.8291 -12.0832 -55.5336 -6.3161 -11.1305 -56.5083 -7.6279
3 16 -13.6195 -53.3009 -6.5054 -12.0832 -55.5336 -6.3161 -12.8394 -54.4617 -7.8291
3 16 -11.1305 -56.5083 -7.6279 -9.2714 -57.0893 -6.1002 -8.7594 -57.8511 -7.3736
3 16 -12.0832 -55.5336 -6.3161 -9.2714 -57.0893 -6.1002 -11.1305 -56.5083 -7.6279
3 16 -8.7594 -57.8511 -7.3736 -6.2475 -57.7847 -5.6731 -6.2149 -58.7327 -7.1043
3 16 -9.2714 -57.0893 -6.1002 -6.2475 -57.7847 -5.6731 -8.7594 -57.8511 -7.3736
3 16 -11.1926 -55.825 -10.0493 -11.1305 -56.5083 -7.6279 -9.9567 -57.6332 -9.8097
3 16 -12.8394 -54.4617 -7.8291 -11.1305 -56.5083 -7.6279 -11.1926 -55.825 -10.0493
3 16 -6.2149 -58.7327 -7.1043 -8.1116 -58.8929 -9.6548 -8.7594 -57.8511 -7.3736
3 16 -5.9821 -59.7653 -9.6499 -8.1116 -58.8929 -9.6548 -6.2149 -58.7327 -7.1043
3 16 -8.7594 -57.8511 -7.3736 -9.9567 -57.6332 -9.8097 -11.1305 -56.5083 -7.6279
3 16 -8.1116 -58.8929 -9.6548 -9.9567 -57.6332 -9.8097 -8.7594 -57.8511 -7.3736
3 16 -7.5894 -59.7173 -11.8975 -5.9821 -59.7653 -9.6499 -5.6812 -60.4076 -12.2363
3 16 -8.1116 -58.8929 -9.6548 -5.9821 -59.7653 -9.6499 -7.5894 -59.7173 -11.8975
3 16 -8.1116 -58.8929 -9.6548 -9.1286 -58.5358 -11.9053 -9.9567 -57.6332 -9.8097
3 16 -7.5894 -59.7173 -11.8975 -9.1286 -58.5358 -11.9053 -8.1116 -58.8929 -9.6548
3 16 -9.9567 -57.6332 -9.8097 -10.1107 -56.6107 -12.1179 -11.1926 -55.825 -10.0493
3 16 -9.1286 -58.5358 -11.9053 -10.1107 -56.6107 -12.1179 -9.9567 -57.6332 -9.8097
3 16 -11.1926 -55.825 -10.0493 -10.5274 -54.1335 -12.4492 -11.6825 -53.5003 -10.4649
3 16 -10.1107 -56.6107 -12.1179 -10.5274 -54.1335 -12.4492 -11.1926 -55.825 -10.0493
3 16 -11.5579 -51.2603 -10.7947 -13.1983 -52.4865 -8.1986 -11.6825 -53.5003 -10.4649
3 16 -12.8242 -50.3769 -8.5638 -13.1983 -52.4865 -8.1986 -11.5579 -51.2603 -10.7947
3 16 -10.4621 -51.7477 -12.7901 -11.6825 -53.5003 -10.4649 -10.5274 -54.1335 -12.4492
3 16 -11.5579 -51.2603 -10.7947 -11.6825 -53.5003 -10.4649 -10.4621 -51.7477 -12.7901
3 16 -11.9926 -48.5175 -9.0567 -11.5579 -51.2603 -10.7947 -11.0364 -49.2281 -11.0674
3 16 -12.8242 -50.3769 -8.5638 -11.5579 -51.2603 -10.7947 -11.9926 -48.5175 -9.0567
3 16 -11.0364 -49.2281 -11.0674 -10.4621 -51.7477 -12.7901 -10.0101 -49.5734 -13.028
3 16 -11.5579 -51.2603 -10.7947 -10.4621 -51.7477 -12.7901 -11.0364 -49.2281 -11.0674
3 16 -11.0364 -49.2281 -11.0674 -10.7907 -46.4178 -9.927 -11.9926 -48.5175 -9.0567
3 16 -10.1311 -46.4636 -11.4455 -10.7907 -46.4178 -9.927 -11.0364 -49.2281 -11.0674
3 16 -11.0364 -49.2281 -11.0674 -9.4688 -46.9523 -12.9136 -10.1311 -46.4636 -11.4455
3 16 -10.0101 -49.5734 -13.028 -9.4688 -46.9523 -12.9136 -11.0364 -49.2281 -11.0674
3 16 -7.3382 -38.2149 -11.375 -5.8606 -40.5587 -13.443 -6.1116 -37.5356 -12.961
3 16 -6.9925 -41.3832 -11.5267 -5.8606 -40.5587 -13.443 -7.3382 -38.2149 -11.375
3 16 -7.4731 -34.8951 -10.8762 -6.1116 -37.5356 -12.961 -6.2344 -34.2963 -12.1277
3 16 -7.3382 -38.2149 -11.375 -6.1116 -37.5356 -12.961 -7.4731 -34.8951 -10.8762
3 16 -7.5576 -32.5962 -10.0907 -6.2344 -34.2963 -12.1277 -6.3601 -32.0591 -11.2613
3 16 -7.4731 -34.8951 -10.8762 -6.2344 -34.2963 -12.1277 -7.5576 -32.5962 -10.0907
3 16 -4.7764 -31.5927 -12.2934 -6.2344 -34.2963 -12.1277 -4.6031 -33.8024 -13.2796
3 16 -6.3601 -32.0591 -11.2613 -6.2344 -34.2963 -12.1277 -4.7764 -31.5927 -12.2934
3 16 -6.2344 -34.2963 -12.1277 -4.4551 -36.9743 -14.2535 -4.6031 -33.8024 -13.2796
3 16 -6.1116 -37.5356 -12.961 -4.4551 -36.9743 -14.2535 -6.2344 -34.2963 -12.1277
3 16 -6.1116 -37.5356 -12.961 -4.3548 -39.9089 -14.9589 -4.4551 -36.9743 -14.2535
3 16 -5.8606 -40.5587 -13.443 -4.3548 -39.9089 -14.9589 -6.1116 -37.5356 -12.961
3 16 -5.7285 -42.3612 -13.8873 -4.3606 -43.1877 -16.0183 -4.288 -41.6412 -15.3557
3 16 -5.6474 -43.957 -14.8755 -4.3606 -43.1877 -16.0183 -5.7285 -42.3612 -13.8873
3 16 -4.3606 -43.1877 -16.0183 -6.1979 -45.6115 -15.9155 -4.5 -43.8032 -17.8206
3 16 -5.6474 -43.957 -14.8755 -6.1979 -45.6115 -15.9155 -4.3606 -43.1877 -16.0183
3 16 -6.1979 -45.6115 -15.9155 -6.663 -44.6153 -13.5206 -7.0174 -46.4697 -14.5778
3 16 -5.6474 -43.957 -14.8755 -6.663 -44.6153 -13.5206 -6.1979 -45.6115 -15.9155
3 16 -7.0174 -46.4697 -14.5778 -7.0732 -47.7136 -16.3758 -6.1979 -45.6115 -15.9155
3 16 -7.7353 -48.7706 -14.933 -7.0732 -47.7136 -16.3758 -7.0174 -46.4697 -14.5778
3 16 -6.1979 -45.6115 -15.9155 -6.3547 -46.6172 -18.0784 -4.5 -43.8032 -17.8206
3 16 -7.0732 -47.7136 -16.3758 -6.3547 -46.6172 -18.0784 -6.1979 -45.6115 -15.9155
3 16 -3.7793 -59.4608 -17.4564 -6.0275 -58.7245 -15.7933 -4.5738 -59.935 -15.6988
3 16 -5.4497 -58.0225 -17.7836 -6.0275 -58.7245 -15.7933 -3.7793 -59.4608 -17.4564
3 16 -5.6163 -60.1465 -14.2501 -6.0275 -58.7245 -15.7933 -6.6764 -59.1353 -13.9337
3 16 -4.5738 -59.935 -15.6988 -6.0275 -58.7245 -15.7933 -5.6163 -60.1465 -14.2501
3 16 -6.0275 -58.7245 -15.7933 -7.3341 -57.4192 -13.8884 -6.6764 -59.1353 -13.9337
3 16 -7.2327 -55.7383 -16.0358 -7.3341 -57.4192 -13.8884 -6.0275 -58.7245 -15.7933
3 16 -7.2327 -55.7383 -16.0358 -5.4497 -58.0225 -17.7836 -6.8649 -55.0102 -17.96
3 16 -6.0275 -58.7245 -15.7933 -5.4497 -58.0225 -17.7836 -7.2327 -55.7383 -16.0358
3 16 -7.3341 -57.4192 -13.8884 -7.2327 -55.7383 -16.0358 -7.7972 -55.5823 -13.9982
3 16 -7.6629 -51.2673 -16.376 -7.7353 -48.7706 -14.933 -8.0531 -51.07 -14.8436
3 16 -7.0732 -47.7136 -16.3758 -7.7353 -48.7706 -14.933 -7.6629 -51.2673 -16.376
3 16 -8.0531 -51.07 -14.8436 -8.1063 -53.3783 -14.4979 -7.6629 -51.2673 -16.376
3 16 -7.2327 -55.7383 -16.0358 -8.1063 -53.3783 -14.4979 -7.7972 -55.5823 -13.9982
3 16 -7.6629 -51.2673 -16.376 -8.1063 -53.3783 -14.4979 -7.2327 -55.7383 -16.0358
3 16 -7.0732 -47.7136 -16.3758 -7.202 -50.4047 -18.1299 -6.3547 -46.6172 -18.0784
3 16 -7.6629 -51.2673 -16.376 -7.202 -50.4047 -18.1299 -7.0732 -47.7136 -16.3758
3 16 -7.6629 -51.2673 -16.376 -6.8649 -55.0102 -17.96 -7.202 -50.4047 -18.1299
3 16 -7.2327 -55.7383 -16.0358 -6.8649 -55.0102 -17.96 -7.6629 -51.2673 -16.376
3 16 -2.9411 -58.7204 -19.0553 -5.4497 -58.0225 -17.7836 -3.7793 -59.4608 -17.4564
3 16 -4.6971 -57.0437 -19.3798 -5.4497 -58.0225 -17.7836 -2.9411 -58.7204 -19.0553
3 16 -4.6971 -57.0437 -19.3798 -6.8649 -55.0102 -17.96 -5.4497 -58.0225 -17.7836
3 16 -6.1795 -54.1919 -19.6234 -6.8649 -55.0102 -17.96 -4.6971 -57.0437 -19.3798
3 16 -2.3888 -57.079 -20.5043 -4.6971 -57.0437 -19.3798 -2.9411 -58.7204 -19.0553
3 16 -3.8721 -55.7019 -20.5416 -4.6971 -57.0437 -19.3798 -2.3888 -57.079 -20.5043
3 16 -6.1795 -54.1919 -19.6234 -3.8721 -55.7019 -20.5416 -5.3584 -53.2713 -21.0339
3 16 -4.6971 -57.0437 -19.3798 -3.8721 -55.7019 -20.5416 -6.1795 -54.1919 -19.6234
3 16 -2.0808 -55.0951 -21.6132 -3.8721 -55.7019 -20.5416 -2.3888 -57.079 -20.5043
3 16 -3.22 -54.2605 -21.8434 -3.8721 -55.7019 -20.5416 -2.0808 -55.0951 -21.6132
3 16 -3.22 -54.2605 -21.8434 -5.3584 -53.2713 -21.0339 -3.8721 -55.7019 -20.5416
3 16 -4.6894 -52.4148 -22.4737 -5.3584 -53.2713 -21.0339 -3.22 -54.2605 -21.8434
3 16 -2.9166 -53.2764 -23.6268 -4.6894 -52.4148 -22.4737 -3.22 -54.2605 -21.8434
3 16 -4.2036 -51.7767 -23.9909 -4.6894 -52.4148 -22.4737 -2.9166 -53.2764 -23.6268
3 16 -1.8893 -53.8473 -23.5457 -3.22 -54.2605 -21.8434 -2.0808 -55.0951 -21.6132
3 16 -2.9166 -53.2764 -23.6268 -3.22 -54.2605 -21.8434 -1.8893 -53.8473 -23.5457
3 16 -2.9166 -53.2764 -23.6268 -1.8431 -52.9978 -25.58 -2.7607 -52.525 -25.3988
3 16 -1.8893 -53.8473 -23.5457 -1.8431 -52.9978 -25.58 -2.9166 -53.2764 -23.6268
3 16 -4.2036 -51.7767 -23.9909 -2.7607 -52.525 -25.3988 -3.7851 -51.2762 -25.3879
3 16 -2.9166 -53.2764 -23.6268 -2.7607 -52.525 -25.3988 -4.2036 -51.7767 -23.9909
3 16 -1.8431 -52.9978 -25.58 -2.7501 -51.6618 -26.8944 -2.7607 -52.525 -25.3988
3 16 -1.9406 -52.0486 -27.4337 -2.7501 -51.6618 -26.8944 -1.8431 -52.9978 -25.58
3 16 -2.7501 -51.6618 -26.8944 -3.7851 -51.2762 -25.3879 -2.7607 -52.525 -25.3988
3 16 -3.4335 -50.9125 -26.4775 -3.7851 -51.2762 -25.3879 -2.7501 -51.6618 -26.8944
3 16 -7.202 -50.4047 -18.1299 -6.1795 -54.1919 -19.6234 -6.6364 -49.7474 -19.8507
3 16 -6.8649 -55.0102 -17.96 -6.1795 -54.1919 -19.6234 -7.202 -50.4047 -18.1299
3 16 -5.3584 -53.2713 -21.0339 -6.6364 -49.7474 -19.8507 -6.1795 -54.1919 -19.6234
3 16 -6.0259 -49.248 -21.4827 -6.6364 -49.7474 -19.8507 -5.3584 -53.2713 -21.0339
3 16 -6.0259 -49.248 -21.4827 -4.6894 -52.4148 -22.4737 -5.4378 -48.9072 -23.0314
3 16 -5.3584 -53.2713 -21.0339 -4.6894 -52.4148 -22.4737 -6.0259 -49.248 -21.4827
3 16 -6.6364 -49.7474 -19.8507 -6.3547 -46.6172 -18.0784 -7.202 -50.4047 -18.1299
3 16 -5.8518 -46.1132 -19.9104 -6.3547 -46.6172 -18.0784 -6.6364 -49.7474 -19.8507
3 16 -4.5 -43.8032 -17.8206 -5.8518 -46.1132 -19.9104 -4.3674 -43.7852 -19.8577
3 16 -6.3547 -46.6172 -18.0784 -5.8518 -46.1132 -19.9104 -4.5 -43.8032 -17.8206
3 16 -6.0259 -49.248 -21.4827 -5.8518 -46.1132 -19.9104 -6.6364 -49.7474 -19.8507
3 16 -5.4184 -45.8709 -21.7388 -5.8518 -46.1132 -19.9104 -6.0259 -49.248 -21.4827
3 16 -5.4378 -48.9072 -23.0314 -5.4184 -45.8709 -21.7388 -6.0259 -49.248 -21.4827
3 16 -5.0065 -45.872 -23.5109 -5.4184 -45.8709 -21.7388 -5.4378 -48.9072 -23.0314
3 16 -4.3674 -43.7852 -19.8577 -5.4184 -45.8709 -21.7388 -4.1877 -43.6694 -21.869
3 16 -5.8518 -46.1132 -19.9104 -5.4184 -45.8709 -21.7388 -4.3674 -43.7852 -19.8577
3 16 -4.1877 -43.6694 -21.869 -5.0065 -45.872 -23.5109 -3.9466 -43.7729 -23.8715
3 16 -5.4184 -45.8709 -21.7388 -5.0065 -45.872 -23.5109 -4.1877 -43.6694 -21.869
3 16 -3.9466 -43.7729 -23.8715 -4.5733 -46.1677 -25.191 -3.5666 -44.2707 -25.8869
3 16 -5.0065 -45.872 -23.5109 -4.5733 -46.1677 -25.191 -3.9466 -43.7729 -23.8715
3 16 -5.0065 -45.872 -23.5109 -4.8574 -48.784 -24.5445 -4.5733 -46.1677 -25.191
3 16 -5.4378 -48.9072 -23.0314 -4.8574 -48.784 -24.5445 -5.0065 -45.872 -23.5109
3 16 -5.4378 -48.9072 -23.0314 -4.2036 -51.7767 -23.9909 -4.8574 -48.784 -24.5445
3 16 -4.6894 -52.4148 -22.4737 -4.2036 -51.7767 -23.9909 -5.4378 -48.9072 -23.0314
3 16 -4.8574 -48.784 -24.5445 -3.7851 -51.2762 -25.3879 -4.3144 -48.7807 -25.8732
3 16 -4.2036 -51.7767 -23.9909 -3.7851 -51.2762 -25.3879 -4.8574 -48.784 -24.5445
3 16 -4.5733 -46.1677 -25.191 -4.3144 -48.7807 -25.8732 -4.1108 -46.7813 -26.5838
3 16 -4.8574 -48.784 -24.5445 -4.3144 -48.7807 -25.8732 -4.5733 -46.1677 -25.191
3 16 -3.5666 -44.2707 -25.8869 -4.1108 -46.7813 -26.5838 -3.2009 -45.4036 -27.4306
3 16 -4.5733 -46.1677 -25.191 -4.1108 -46.7813 -26.5838 -3.5666 -44.2707 -25.8869
3 16 -4.3144 -48.7807 -25.8732 -3.4335 -50.9125 -26.4775 -3.8458 -48.8286 -26.9075
3 16 -3.7851 -51.2762 -25.3879 -3.4335 -50.9125 -26.4775 -4.3144 -48.7807 -25.8732
3 16 -4.1108 -46.7813 -26.5838 -3.8458 -48.8286 -26.9075 -3.5554 -47.7977 -27.6726
3 16 -4.3144 -48.7807 -25.8732 -3.8458 -48.8286 -26.9075 -4.1108 -46.7813 -26.5838
3 16 -4.1108 -46.7813 -26.5838 -2.8156 -47.0127 -28.4167 -3.2009 -45.4036 -27.4306
3 16 -3.5554 -47.7977 -27.6726 -2.8156 -47.0127 -28.4167 -4.1108 -46.7813 -26.5838
3 16 -3.5554 -47.7977 -27.6726 -2.4019 -48.7418 -28.8487 -2.8156 -47.0127 -28.4167
3 16 -3.2469 -49.0914 -27.934 -2.4019 -48.7418 -28.8487 -3.5554 -47.7977 -27.6726
3 16 -3.2469 -49.0914 -27.934 -2.0983 -50.6261 -28.8305 -2.4019 -48.7418 -28.8487
3 16 -2.9879 -50.4467 -27.7286 -2.0983 -50.6261 -28.8305 -3.2469 -49.0914 -27.934
3 16 -2.9879 -50.4467 -27.7286 -1.9406 -52.0486 -27.4337 -2.0983 -50.6261 -28.8305
3 16 -2.7501 -51.6618 -26.8944 -1.9406 -52.0486 -27.4337 -2.9879 -50.4467 -27.7286
3 16 -3.8458 -48.8286 -26.9075 -3.2469 -49.0914 -27.934 -3.5554 -47.7977 -27.6726
3 16 -3.8458 -48.8286 -26.9075 -2.9879 -50.4467 -27.7286 -3.2469 -49.0914 -27.934
3 16 -3.4335 -50.9125 -26.4775 -2.9879 -50.4467 -27.7286 -3.8458 -48.8286 -26.9075
3 16 -2.9879 -50.4467 -27.7286 -3.4335 -50.9125 -26.4775 -2.7501 -51.6618 -26.8944
3 16 -1.9406 -52.0486 -27.4337 -0.0009 -50.7169 -29.0896 -2.0983 -50.6261 -28.8305
3 16 -0.0078 -52.0991 -27.5133 -0.0009 -50.7169 -29.0896 -1.9406 -52.0486 -27.4337
3 16 -0.0078 -52.0991 -27.5133 -1.8431 -52.9978 -25.58 0.0046 -53.0787 -25.5594
3 16 -1.9406 -52.0486 -27.4337 -1.8431 -52.9978 -25.58 -0.0078 -52.0991 -27.5133
3 16 -1.8893 -53.8473 -23.5457 0.0046 -53.0787 -25.5594 -1.8431 -52.9978 -25.58
3 16 0.017 -53.9354 -23.5511 0.0046 -53.0787 -25.5594 -1.8893 -53.8473 -23.5457
3 16 0.0235 -55.1868 -21.7008 -1.8893 -53.8473 -23.5457 -2.0808 -55.0951 -21.6132
3 16 0.017 -53.9354 -23.5511 -1.8893 -53.8473 -23.5457 0.0235 -55.1868 -21.7008
3 16 0.0307 -57.1108 -20.6378 -2.0808 -55.0951 -21.6132 -2.3888 -57.079 -20.5043
3 16 0.0235 -55.1868 -21.7008 -2.0808 -55.0951 -21.6132 0.0307 -57.1108 -20.6378
3 16 0.0135 -58.7429 -19.2328 -2.3888 -57.079 -20.5043 -2.9411 -58.7204 -19.0553
3 16 0.0307 -57.1108 -20.6378 -2.3888 -57.079 -20.5043 0.0135 -58.7429 -19.2328
3 16 -0.0007 -48.7397 -29.136 -2.0983 -50.6261 -28.8305 -0.0009 -50.7169 -29.0896
3 16 -2.4019 -48.7418 -28.8487 -2.0983 -50.6261 -28.8305 -0.0007 -48.7397 -29.136
3 16 -0.0001 -46.8966 -28.6376 -2.4019 -48.7418 -28.8487 -0.0007 -48.7397 -29.136
3 16 -2.8156 -47.0127 -28.4167 -2.4019 -48.7418 -28.8487 -0.0001 -46.8966 -28.6376
3 16 0.0039 -45.2575 -27.5344 -2.8156 -47.0127 -28.4167 -0.0001 -46.8966 -28.6376
3 16 -3.2009 -45.4036 -27.4306 -2.8156 -47.0127 -28.4167 0.0039 -45.2575 -27.5344
3 16 -3.2009 -45.4036 -27.4306 0.0126 -44.0596 -25.9225 -3.5666 -44.2707 -25.8869
3 16 0.0039 -45.2575 -27.5344 0.0126 -44.0596 -25.9225 -3.2009 -45.4036 -27.4306
3 16 0.0199 -43.4902 -23.9464 -3.5666 -44.2707 -25.8869 0.0126 -44.0596 -25.9225
3 16 -3.9466 -43.7729 -23.8715 -3.5666 -44.2707 -25.8869 0.0199 -43.4902 -23.9464
3 16 -3.9466 -43.7729 -23.8715 0.0441 -43.4486 -21.9234 -4.1877 -43.6694 -21.869
3 16 0.0199 -43.4902 -23.9464 0.0441 -43.4486 -21.9234 -3.9466 -43.7729 -23.8715
3 16 -4.1877 -43.6694 -21.869 0.0359 -43.5772 -19.9705 -4.3674 -43.7852 -19.8577
3 16 0.0441 -43.4486 -21.9234 0.0359 -43.5772 -19.9705 -4.1877 -43.6694 -21.869
3 16 -4.3674 -43.7852 -19.8577 0.0395 -43.5403 -18.0893 -4.5 -43.8032 -17.8206
3 16 0.0359 -43.5772 -19.9705 0.0395 -43.5403 -18.0893 -4.3674 -43.7852 -19.8577
3 16 -4.5 -43.8032 -17.8206 0.0794 -42.8425 -16.4608 -4.3606 -43.1877 -16.0183
3 16 0.0395 -43.5403 -18.0893 0.0794 -42.8425 -16.4608 -4.5 -43.8032 -17.8206
3 16 -4.288 -41.6412 -15.3557 0.0794 -42.8425 -16.4608 0.0629 -41.3864 -15.622
3 16 -4.3606 -43.1877 -16.0183 0.0794 -42.8425 -16.4608 -4.288 -41.6412 -15.3557
3 16 -4.4551 -36.9743 -14.2535 0.039 -39.6715 -15.192 0.0183 -36.77 -14.5355
3 16 -4.3548 -39.9089 -14.9589 0.039 -39.6715 -15.192 -4.4551 -36.9743 -14.2535
3 16 0.0025 -33.6106 -13.7 -4.4551 -36.9743 -14.2535 0.0183 -36.77 -14.5355
3 16 -4.6031 -33.8024 -13.2796 -4.4551 -36.9743 -14.2535 0.0025 -33.6106 -13.7
3 16 -4.6031 -33.8024 -13.2796 -0.0332 -31.4313 -12.8301 -4.7764 -31.5927 -12.2934
3 16 0.0025 -33.6106 -13.7 -0.0332 -31.4313 -12.8301 -4.6031 -33.8024 -13.2796
3 16 -0.008 -59.7289 -17.4686 -2.9411 -58.7204 -19.0553 -3.7793 -59.4608 -17.4564
3 16 0.0135 -58.7429 -19.2328 -2.9411 -58.7204 -19.0553 -0.008 -59.7289 -17.4686
3 16 -3.7793 -59.4608 -17.4564 -2.5594 -60.4066 -15.3671 -0.008 -59.7289 -17.4686
3 16 -4.5738 -59.935 -15.6988 -2.5594 -60.4066 -15.3671 -3.7793 -59.4608 -17.4564
3 16 -4.5738 -59.935 -15.6988 -3.0109 -60.7817 -13.0164 -2.5594 -60.4066 -15.3671
3 16 -5.6163 -60.1465 -14.2501 -3.0109 -60.7817 -13.0164 -4.5738 -59.935 -15.6988
3 16 -5.6163 -60.1465 -14.2501 -5.6812 -60.4076 -12.2363 -3.0109 -60.7817 -13.0164
3 16 -6.4743 -60.148 -13.5149 -5.6812 -60.4076 -12.2363 -5.6163 -60.1465 -14.2501
3 16 -5.6812 -60.4076 -12.2363 -2.7843 -60.5847 -9.7154 -3.0109 -60.7817 -13.0164
3 16 -5.9821 -59.7653 -9.6499 -2.7843 -60.5847 -9.7154 -5.6812 -60.4076 -12.2363
3 16 -5.9821 -59.7653 -9.6499 -2.7894 -59.6223 -6.7661 -2.7843 -60.5847 -9.7154
3 16 -6.2149 -58.7327 -7.1043 -2.7894 -59.6223 -6.7661 -5.9821 -59.7653 -9.6499
3 16 -2.7501 -58.5372 -5.0957 -6.2149 -58.7327 -7.1043 -6.2475 -57.7847 -5.6731
3 16 -2.7894 -59.6223 -6.7661 -6.2149 -58.7327 -7.1043 -2.7501 -58.5372 -5.0957
3 16 -2.7501 -58.5372 -5.0957 -5.5408 -56.5689 -4.2316 -2.5175 -57.2262 -3.6849
3 16 -6.2475 -57.7847 -5.6731 -5.5408 -56.5689 -4.2316 -2.7501 -58.5372 -5.0957
3 16 -2.5175 -57.2262 -3.6849 -5.1545 -55.3509 -3.3449 -2.3498 -55.779 -2.6483
3 16 -5.5408 -56.5689 -4.2316 -5.1545 -55.3509 -3.3449 -2.5175 -57.2262 -3.6849
3 16 -2.3498 -55.779 -2.6483 -4.7723 -53.9044 -2.5481 -2.1837 -54.255 -1.8341
3 16 -5.1545 -55.3509 -3.3449 -4.7723 -53.9044 -2.5481 -2.3498 -55.779 -2.6483
3 16 -2.1837 -54.255 -1.8341 -4.4208 -51.6772 -1.5336 -2.0345 -52.0622 -0.7308
3 16 -4.7723 -53.9044 -2.5481 -4.4208 -51.6772 -1.5336 -2.1837 -54.255 -1.8341
3 16 -2.0345 -52.0622 -0.7308 -4.3333 -49.4928 -0.3598 -2.0428 -50.0685 0.4502
3 16 -4.4208 -51.6772 -1.5336 -4.3333 -49.4928 -0.3598 -2.0345 -52.0622 -0.7308
3 16 -2.2382 -48.2032 1.7421 -4.3333 -49.4928 -0.3598 -4.8728 -47.6195 1.1112
3 16 -2.0428 -50.0685 0.4502 -4.3333 -49.4928 -0.3598 -2.2382 -48.2032 1.7421
3 16 -2.5244 -46.6205 3.2916 -4.8728 -47.6195 1.1112 -5.6877 -46.0416 3.0414
3 16 -2.2382 -48.2032 1.7421 -4.8728 -47.6195 1.1112 -2.5244 -46.6205 3.2916
3 16 -2.6745 -45.9605 4.4968 -5.6877 -46.0416 3.0414 -6.1083 -45.3778 4.448
3 16 -2.5244 -46.6205 3.2916 -5.6877 -46.0416 3.0414 -2.6745 -45.9605 4.4968
3 16 -7.8916 -44.1968 -8.8854 -8.051 -43.3407 -7.6582 -8.0454 -45.3288 -7.6992
3 16 -8.0454 -45.3288 -7.6992 -8.8933 -44.3536 -9.2039 -7.8916 -44.1968 -8.8854
3 16 -9.8181 -45.5341 -8.0153 -8.8933 -44.3536 -9.2039 -8.0454 -45.3288 -7.6992
3 16 -10.3705 -45.0768 -9.8037 -9.8181 -45.5341 -8.0153 -11.1713 -46.3144 -8.8518
3 16 -8.8933 -44.3536 -9.2039 -9.8181 -45.5341 -8.0153 -10.3705 -45.0768 -9.8037
3 16 -10.3705 -45.0768 -9.8037 -11.1713 -46.3144 -8.8518 -10.7907 -46.4178 -9.927
3 16 -9.2714 -57.0893 -6.1002 -10.2066 -54.2276 -4.7645 -8.0293 -54.8072 -4.6713
3 16 -12.0832 -55.5336 -6.3161 -10.2066 -54.2276 -4.7645 -9.2714 -57.0893 -6.1002
3 16 -8.0293 -54.8072 -4.6713 -6.2475 -57.7847 -5.6731 -9.2714 -57.0893 -6.1002
3 16 -6.2725 -54.5005 -4.4428 -6.2475 -57.7847 -5.6731 -8.0293 -54.8072 -4.6713
3 16 -8.0293 -54.8072 -4.6713 -6.3898 -52.9892 -4.2559 -6.2725 -54.5005 -4.4428
3 16 -10.2066 -54.2276 -4.7645 -6.3898 -52.9892 -4.2559 -8.0293 -54.8072 -4.6713
3 16 -5.7285 -42.3612 -13.8873 -6.663 -44.6153 -13.5206 -5.6474 -43.957 -14.8755
3 16 -7.0472 -43.2761 -11.8099 -6.663 -44.6153 -13.5206 -5.7285 -42.3612 -13.8873
3 16 -4.3548 -39.9089 -14.9589 0.0629 -41.3864 -15.622 0.039 -39.6715 -15.192
3 16 -4.288 -41.6412 -15.3557 0.0629 -41.3864 -15.622 -4.3548 -39.9089 -14.9589
3 16 -5.8606 -40.5587 -13.443 -4.288 -41.6412 -15.3557 -4.3548 -39.9089 -14.9589
3 16 -5.7285 -42.3612 -13.8873 -4.288 -41.6412 -15.3557 -5.8606 -40.5587 -13.443
3 16 -6.9925 -41.3832 -11.5267 -5.7285 -42.3612 -13.8873 -5.8606 -40.5587 -13.443
3 16 -7.0472 -43.2761 -11.8099 -5.7285 -42.3612 -13.8873 -6.9925 -41.3832 -11.5267
3 16 -4.7735 -22.2279 -8.2363 0 -24.3783 -9.4792 0.0065 -22.176 -8.5705
3 16 -4.8812 -24.4648 -9.209 0 -24.3783 -9.4792 -4.7735 -22.2279 -8.2363
3 16 -1.8319 -19.7385 -7.5738 -4.725 -20.0509 -7.4082 -4.7735 -22.2279 -8.2363
3 16 -2.4549 -19.388 -7.4333 -4.725 -20.0509 -7.4082 -1.8319 -19.7385 -7.5738
3 16 -6.6434 -24.68 -8.8593 -4.7735 -22.2279 -8.2363 -6.7906 -22.2948 -7.8147
3 16 -4.8812 -24.4648 -9.209 -4.7735 -22.2279 -8.2363 -6.6434 -24.68 -8.8593
3 16 -6.7906 -22.2948 -7.8147 -4.725 -20.0509 -7.4082 -6.9052 -20.2398 -7.0973
3 16 -4.7735 -22.2279 -8.2363 -4.725 -20.0509 -7.4082 -6.7906 -22.2948 -7.8147
3 16 -8.7115 -24.9572 -6.9277 -6.7906 -22.2948 -7.8147 -8.8054 -22.5924 -6.2123
3 16 -6.6434 -24.68 -8.8593 -6.7906 -22.2948 -7.8147 -8.7115 -24.9572 -6.9277
3 16 -8.8054 -22.5924 -6.2123 -6.9052 -20.2398 -7.0973 -8.7949 -20.4689 -5.6962
3 16 -6.7906 -22.2948 -7.8147 -6.9052 -20.2398 -7.0973 -8.8054 -22.5924 -6.2123
3 16 -7.8981 -19.7863 5.9665 -9.1389 -22.6717 2.7308 -7.5537 -19.0395 5.9284
3 16 -9.1603 -23.6271 2.8476 -9.1389 -22.6717 2.7308 -7.8981 -19.7863 5.9665
3 16 -9.1278 -22.5966 1.1227 -9.1603 -23.6271 2.8476 -9.1795 -24.7018 0.8221
3 16 -9.1389 -22.6717 2.7308 -9.1603 -23.6271 2.8476 -9.1278 -22.5966 1.1227
3 16 -8.9863 -25.0497 -5.019 -8.8054 -22.5924 -6.2123 -9.0044 -22.7405 -4.5385
3 16 -8.7115 -24.9572 -6.9277 -8.8054 -22.5924 -6.2123 -8.9863 -25.0497 -5.019
3 16 -9.0044 -22.7405 -4.5385 -9.1341 -25.0629 -2.0682 -8.9863 -25.0497 -5.019
3 16 -9.0912 -22.7625 -1.6987 -9.1341 -25.0629 -2.0682 -9.0044 -22.7405 -4.5385
3 16 -9.1795 -24.7018 0.8221 -9.0912 -22.7625 -1.6987 -9.1278 -22.5966 1.1227
3 16 -9.1341 -25.0629 -2.0682 -9.0912 -22.7625 -1.6987 -9.1795 -24.7018 0.8221
3 16 -7.5537 -19.0395 5.9284 -5.1395 -19.2815 6.569 -7.8981 -19.7863 5.9665
3 16 -5.0754 -18.8905 6.1158 -5.1395 -19.2815 6.569 -7.5537 -19.0395 5.9284
3 16 -5.0754 -18.8905 6.1158 -2.4584 -19.0837 6.687 -5.1395 -19.2815 6.569
3 16 -2.4616 -18.7239 6.218 -2.4584 -19.0837 6.687 -5.0754 -18.8905 6.1158
3 16 -9.0044 -22.7405 -4.5385 -8.7949 -20.4689 -5.6962 -9.0322 -19.5581 -3.9323
3 16 -8.8054 -22.5924 -6.2123 -8.7949 -20.4689 -5.6962 -9.0044 -22.7405 -4.5385
3 16 -9.0912 -22.7625 -1.6987 -9.0322 -19.5581 -3.9323 -9.1565 -19.5396 -1.1992
3 16 -9.0044 -22.7405 -4.5385 -9.0322 -19.5581 -3.9323 -9.0912 -22.7625 -1.6987
3 16 -9.1278 -22.5966 1.1227 -9.1565 -19.5396 -1.1992 -9.2335 -19.2169 1.8453
3 16 -9.0912 -22.7625 -1.6987 -9.1565 -19.5396 -1.1992 -9.1278 -22.5966 1.1227
3 16 -2.4616 -18.7239 6.218 -5.0686 -16.7529 6.2009 -2.4903 -16.6961 6.3108
3 16 -5.0754 -18.8905 6.1158 -5.0686 -16.7529 6.2009 -2.4616 -18.7239 6.218
3 16 -7.5537 -19.0395 5.9284 -5.0686 -16.7529 6.2009 -5.0754 -18.8905 6.1158
3 16 -8.0815 -16.8318 6.0873 -5.0686 -16.7529 6.2009 -7.5537 -19.0395 5.9284
3 16 -7.5537 -19.0395 5.9284 -9.2913 -17.3957 4.9413 -8.0815 -16.8318 6.0873
3 16 -9.1389 -22.6717 2.7308 -9.2913 -17.3957 4.9413 -7.5537 -19.0395 5.9284
3 16 -9.1389 -22.6717 2.7308 -9.2335 -19.2169 1.8453 -9.2913 -17.3957 4.9413
3 16 -9.1278 -22.5966 1.1227 -9.2335 -19.2169 1.8453 -9.1389 -22.6717 2.7308
3 16 -8.7905 -18.4787 -5.3048 -9.0322 -19.5581 -3.9323 -8.7949 -20.4689 -5.6962
3 16 -6.8963 -18.2773 -6.6381 -8.7949 -20.4689 -5.6962 -6.9052 -20.2398 -7.0973
3 16 -8.7905 -18.4787 -5.3048 -8.7949 -20.4689 -5.6962 -6.8963 -18.2773 -6.6381
3 16 -6.8963 -18.2773 -6.6381 -4.725 -20.0509 -7.4082 -4.7018 -17.3517 -6.7394
3 16 -6.9052 -20.2398 -7.0973 -4.725 -20.0509 -7.4082 -6.8963 -18.2773 -6.6381
3 16 -2.4549 -19.388 -7.4333 -4.7018 -17.3517 -6.7394 -4.725 -20.0509 -7.4082
3 16 -2.4952 -17.2474 -6.8908 -4.7018 -17.3517 -6.7394 -2.4549 -19.388 -7.4333
3 16 -2.4952 -17.2474 -6.8908 -2.3776 -19.5171 -5.5549 -2.471 -17.6488 -3.4532
3 16 -2.4549 -19.388 -7.4333 -2.3776 -19.5171 -5.5549 -2.4952 -17.2474 -6.8908
3 16 -8.0266 -15.6035 4.8681 -9.2913 -17.3957 4.9413 -9.3215 -16.5973 2.8368
3 16 -8.0815 -16.8318 6.0873 -9.2913 -17.3957 4.9413 -8.0266 -15.6035 4.8681
3 16 -9.2913 -17.3957 4.9413 -9.2335 -19.2169 1.8453 -9.3215 -16.5973 2.8368
3 16 -9.2421 -15.7204 -0.9993 -9.2335 -19.2169 1.8453 -9.1565 -19.5396 -1.1992
3 16 -9.2952 -15.5065 1.715 -9.2335 -19.2169 1.8453 -9.2421 -15.7204 -0.9993
3 16 -9.093 -15.7567 -3.5469 -9.1565 -19.5396 -1.1992 -9.0322 -19.5581 -3.9323
3 16 -9.2421 -15.7204 -0.9993 -9.1565 -19.5396 -1.1992 -9.093 -15.7567 -3.5469
3 16 -8.7917 -16.5473 -5.1324 -9.0322 -19.5581 -3.9323 -8.7905 -18.4787 -5.3048
3 16 -9.093 -15.7567 -3.5469 -9.0322 -19.5581 -3.9323 -8.7917 -16.5473 -5.1324
3 16 -6.9271 -16.5067 -6.403 -8.7905 -18.4787 -5.3048 -6.8963 -18.2773 -6.6381
3 16 -8.7917 -16.5473 -5.1324 -8.7905 -18.4787 -5.3048 -6.9271 -16.5067 -6.403
3 16 -6.9271 -16.5067 -6.403 -6.8963 -18.2773 -6.6381 -4.7018 -17.3517 -6.7394
3 16 -5.1663 -15.5035 5.0824 -8.0815 -16.8318 6.0873 -8.0266 -15.6035 4.8681
3 16 -5.0686 -16.7529 6.2009 -8.0815 -16.8318 6.0873 -5.1663 -15.5035 5.0824
3 16 -2.4905 -15.4088 5.1931 -5.0686 -16.7529 6.2009 -5.1663 -15.5035 5.0824
3 16 -2.4903 -16.6961 6.3108 -5.0686 -16.7529 6.2009 -2.4905 -15.4088 5.1931
3 16 -9.2858 -13.8835 4.347 -8.0266 -15.6035 4.8681 -9.3215 -16.5973 2.8368
3 16 -8.1376 -13.3084 5.4714 -8.0266 -15.6035 4.8681 -9.2858 -13.8835 4.347
3 16 -8.1376 -13.3084 5.4714 -5.1663 -15.5035 5.0824 -8.0266 -15.6035 4.8681
3 16 -5.2031 -13.2468 5.6219 -5.1663 -15.5035 5.0824 -8.1376 -13.3084 5.4714
3 16 -5.2031 -13.2468 5.6219 -2.4905 -15.4088 5.1931 -5.1663 -15.5035 5.0824
3 16 -2.5095 -13.238 5.7235 -2.4905 -15.4088 5.1931 -5.2031 -13.2468 5.6219
3 16 -8.8886 -13.9902 -5.0069 -9.093 -15.7567 -3.5469 -8.7917 -16.5473 -5.1324
3 16 -6.9962 -13.8982 -6.155 -8.7917 -16.5473 -5.1324 -6.9271 -16.5067 -6.403
3 16 -8.8886 -13.9902 -5.0069 -8.7917 -16.5473 -5.1324 -6.9962 -13.8982 -6.155
3 16 -6.9271 -16.5067 -6.403 -4.7525 -13.9192 -6.3112 -6.9962 -13.8982 -6.155
3 16 -4.7018 -17.3517 -6.7394 -4.7525 -13.9192 -6.3112 -6.9271 -16.5067 -6.403
3 16 -4.7525 -13.9192 -6.3112 -2.4952 -17.2474 -6.8908 -2.5036 -13.9048 -6.3928
3 16 -4.7018 -17.3517 -6.7394 -2.4952 -17.2474 -6.8908 -4.7525 -13.9192 -6.3112
3 16 -2.5036 -13.9048 -6.3928 -2.471 -17.6488 -3.4532 -2.5 -14.3251 -2.8274
3 16 -2.4952 -17.2474 -6.8908 -2.471 -17.6488 -3.4532 -2.5036 -13.9048 -6.3928
3 16 -9.093 -15.7567 -3.5469 -8.8886 -13.9902 -5.0069 -9.1998 -12.2698 -3.4557
3 16 -9.3074 -12.3343 -1.1722 -9.093 -15.7567 -3.5469 -9.1998 -12.2698 -3.4557
3 16 -9.2421 -15.7204 -0.9993 -9.093 -15.7567 -3.5469 -9.3074 -12.3343 -1.1722
3 16 -9.2989 -12.3652 1.1304 -9.2421 -15.7204 -0.9993 -9.3074 -12.3343 -1.1722
3 16 -9.2952 -15.5065 1.715 -9.2421 -15.7204 -0.9993 -9.2989 -12.3652 1.1304
3 16 -9.2858 -13.8835 4.347 -9.2952 -15.5065 1.715 -9.2742 -13.363 2.5817
3 16 -9.3215 -16.5973 2.8368 -9.2952 -15.5065 1.715 -9.2858 -13.8835 4.347
3 16 -7.2842 -12.0001 3.7563 -9.2858 -13.8835 4.347 -9.2742 -13.363 2.5817
3 16 -8.1376 -13.3084 5.4714 -9.2858 -13.8835 4.347 -7.2842 -12.0001 3.7563
3 16 -7.2842 -12.0001 3.7563 -5.2031 -13.2468 5.6219 -8.1376 -13.3084 5.4714
3 16 -5.1182 -11.939 3.8946 -5.2031 -13.2468 5.6219 -7.2842 -12.0001 3.7563
3 16 -5.1182 -11.939 3.8946 -2.5095 -13.238 5.7235 -5.2031 -13.2468 5.6219
3 16 -2.5267 -11.8324 3.9631 -2.5095 -13.238 5.7235 -5.1182 -11.939 3.8946
3 16 -8.8886 -13.9902 -5.0069 -7.0765 -11.3326 -5.8815 -8.9668 -11.3715 -4.903
3 16 -6.9962 -13.8982 -6.155 -7.0765 -11.3326 -5.8815 -8.8886 -13.9902 -5.0069
3 16 -8.9668 -11.3715 -4.903 -9.1998 -12.2698 -3.4557 -8.8886 -13.9902 -5.0069
3 16 -9.2742 -13.363 2.5817 -9.2989 -12.3652 1.1304 -9.2156 -11.8097 2.384
3 16 -9.2952 -15.5065 1.715 -9.2989 -12.3652 1.1304 -9.2742 -13.363 2.5817
3 16 -9.2156 -11.8097 2.384 -7.2842 -12.0001 3.7563 -9.2742 -13.363 2.5817
3 16 -7.4664 -11.0022 3.4278 -7.2842 -12.0001 3.7563 -9.2156 -11.8097 2.384
3 16 -5.092 -10.7951 3.5492 -7.2842 -12.0001 3.7563 -7.4664 -11.0022 3.4278
3 16 -5.1182 -11.939 3.8946 -7.2842 -12.0001 3.7563 -5.092 -10.7951 3.5492
3 16 -5.092 -10.7951 3.5492 -2.5267 -11.8324 3.9631 -5.1182 -11.939 3.8946
3 16 -2.5318 -10.6763 3.5914 -2.5267 -11.8324 3.9631 -5.092 -10.7951 3.5492
3 16 -4.8059 -11.4046 -6.0408 -6.9962 -13.8982 -6.155 -4.7525 -13.9192 -6.3112
3 16 -7.0765 -11.3326 -5.8815 -6.9962 -13.8982 -6.155 -4.8059 -11.4046 -6.0408
3 16 -4.7525 -13.9192 -6.3112 -2.5251 -11.4518 -6.1187 -4.8059 -11.4046 -6.0408
3 16 -2.5036 -13.9048 -6.3928 -2.5251 -11.4518 -6.1187 -4.7525 -13.9192 -6.3112
3 16 -2.5 -14.3251 -2.8274 -2.5251 -11.4518 -6.1187 -2.5036 -13.9048 -6.3928
3 16 -2.5294 -10.9574 -2.4604 -2.5251 -11.4518 -6.1187 -2.5 -14.3251 -2.8274
3 16 -9.4388 -9.1653 0.6854 -9.2156 -11.8097 2.384 -9.2989 -12.3652 1.1304
3 16 -9.3278 -9.1111 2.1346 -9.2156 -11.8097 2.384 -9.4388 -9.1653 0.6854
3 16 -9.3074 -12.3343 -1.1722 -9.4388 -9.1653 0.6854 -9.2989 -12.3652 1.1304
3 16 -9.4282 -9.1507 -1.5529 -9.4388 -9.1653 0.6854 -9.3074 -12.3343 -1.1722
3 16 -9.4282 -9.1507 -1.5529 -9.1998 -12.2698 -3.4557 -9.2734 -9.0769 -3.6554
3 16 -9.3074 -12.3343 -1.1722 -9.1998 -12.2698 -3.4557 -9.4282 -9.1507 -1.5529
3 16 -9.2734 -9.0769 -3.6554 -8.9668 -11.3715 -4.903 -9.0235 -9.7554 -4.7709
3 16 -9.1998 -12.2698 -3.4557 -8.9668 -11.3715 -4.903 -9.2734 -9.0769 -3.6554
3 16 -7.0822 -9.7692 -5.7567 -8.9668 -11.3715 -4.903 -7.0765 -11.3326 -5.8815
3 16 -9.0235 -9.7554 -4.7709 -8.9668 -11.3715 -4.903 -7.0822 -9.7692 -5.7567
3 16 -7.0765 -11.3326 -5.8815 -4.8409 -9.787 -5.9033 -7.0822 -9.7692 -5.7567
3 16 -4.8059 -11.4046 -6.0408 -4.8409 -9.787 -5.9033 -7.0765 -11.3326 -5.8815
3 16 -2.5388 -9.8756 -5.919 -4.8059 -11.4046 -6.0408 -2.5251 -11.4518 -6.1187
3 16 -4.8409 -9.787 -5.9033 -4.8059 -11.4046 -6.0408 -2.5388 -9.8756 -5.919
3 16 -7.4664 -11.0022 3.4278 -9.3278 -9.1111 2.1346 -7.9038 -8.7062 2.9882
3 16 -9.2156 -11.8097 2.384 -9.3278 -9.1111 2.1346 -7.4664 -11.0022 3.4278
3 16 -5.2942 -8.3745 3.2089 -7.4664 -11.0022 3.4278 -7.9038 -8.7062 2.9882
3 16 -5.092 -10.7951 3.5492 -7.4664 -11.0022 3.4278 -5.2942 -8.3745 3.2089
3 16 -5.2942 -8.3745 3.2089 -2.5318 -10.6763 3.5914 -5.092 -10.7951 3.5492
3 16 -2.554 -8.2233 3.3107 -2.5318 -10.6763 3.5914 -5.2942 -8.3745 3.2089
3 16 -2.5388 -9.8756 -5.919 -2.5251 -11.4518 -6.1187 -2.5294 -10.9574 -2.4604
3 16 -2.5772 -5.3697 2.9713 -5.2942 -8.3745 3.2089 -5.9018 -5.3697 2.9465
3 16 -2.554 -8.2233 3.3107 -5.2942 -8.3745 3.2089 -2.5772 -5.3697 2.9713
3 16 -5.2942 -8.3745 3.2089 -8.4238 -6.2696 2.7721 -5.9018 -5.3697 2.9465
3 16 -7.9038 -8.7062 2.9882 -8.4238 -6.2696 2.7721 -5.2942 -8.3745 3.2089
3 16 -7.9038 -8.7062 2.9882 -9.5615 -6.5806 1.9242 -8.4238 -6.2696 2.7721
3 16 -9.3278 -9.1111 2.1346 -9.5615 -6.5806 1.9242 -7.9038 -8.7062 2.9882
3 16 -9.0235 -9.7554 -4.7709 -9.0677 -8.0927 -4.8295 -9.2734 -9.0769 -3.6554
3 16 -9.4388 -9.1653 0.6854 -9.5615 -6.5806 1.9242 -9.3278 -9.1111 2.1346
3 16 -9.6404 -6.6779 0.4214 -9.5615 -6.5806 1.9242 -9.4388 -9.1653 0.6854
3 16 -9.4282 -9.1507 -1.5529 -9.6404 -6.6779 0.4214 -9.4388 -9.1653 0.6854
3 16 -9.6029 -6.7748 -2.0104 -9.6404 -6.6779 0.4214 -9.4282 -9.1507 -1.5529
3 16 -9.2734 -9.0769 -3.6554 -9.6029 -6.7748 -2.0104 -9.4282 -9.1507 -1.5529
3 16 -9.4265 -6.7253 -4.5373 -9.6029 -6.7748 -2.0104 -9.2734 -9.0769 -3.6554
3 16 -9.0677 -8.0927 -4.8295 -9.4265 -6.7253 -4.5373 -9.2734 -9.0769 -3.6554
3 16 -9.2334 -6.5615 -5.8052 -9.4265 -6.7253 -4.5373 -9.0677 -8.0927 -4.8295
3 16 -9.0235 -9.7554 -4.7709 -7.1743 -8.101 -5.8088 -9.0677 -8.0927 -4.8295
3 16 -7.0822 -9.7692 -5.7567 -7.1743 -8.101 -5.8088 -9.0235 -9.7554 -4.7709
3 16 -7.1743 -8.101 -5.8088 -9.2334 -6.5615 -5.8052 -9.0677 -8.0927 -4.8295
3 16 -7.6694 -6.558 -6.633 -9.2334 -6.5615 -5.8052 -7.1743 -8.101 -5.8088
3 16 -7.0822 -9.7692 -5.7567 -4.9397 -8.0129 -5.9962 -7.1743 -8.101 -5.8088
3 16 -4.8409 -9.787 -5.9033 -4.9397 -8.0129 -5.9962 -7.0822 -9.7692 -5.7567
3 16 -7.1743 -8.101 -5.8088 -5.1766 -6.566 -6.8572 -7.6694 -6.558 -6.633
3 16 -4.9397 -8.0129 -5.9962 -5.1766 -6.566 -6.8572 -7.1743 -8.101 -5.8088
3 16 -4.8409 -9.787 -5.9033 -2.5556 -7.9524 -6.0598 -4.9397 -8.0129 -5.9962
3 16 -2.5388 -9.8756 -5.919 -2.5556 -7.9524 -6.0598 -4.8409 -9.787 -5.9033
3 16 -2.5388 -9.8756 -5.919 -2.5575 -7.7315 -2.0517 -2.5556 -7.9524 -6.0598
3 16 -2.5294 -10.9574 -2.4604 -2.5575 -7.7315 -2.0517 -2.5388 -9.8756 -5.919
3 16 -7.6694 -6.558 -6.633 -9.7341 -5.0738 -7.8561 -9.2334 -6.5615 -5.8052
3 16 -8.6798 -5.2087 -8.4409 -9.7341 -5.0738 -7.8561 -7.6694 -6.558 -6.633
3 16 -9.7997 -5.3353 -5.6992 -9.2334 -6.5615 -5.8052 -9.7341 -5.0738 -7.8561
3 16 -9.4265 -6.7253 -4.5373 -9.2334 -6.5615 -5.8052 -9.7997 -5.3353 -5.6992
3 16 -6.1812 -4.8677 2.8397 -8.4238 -6.2696 2.7721 -8.739 -4.7602 2.7519
3 16 -5.9018 -5.3697 2.9465 -8.4238 -6.2696 2.7721 -6.1812 -4.8677 2.8397
3 16 -8.4238 -6.2696 2.7721 -9.7342 -4.8494 1.8902 -8.739 -4.7602 2.7519
3 16 -9.5615 -6.5806 1.9242 -9.7342 -4.8494 1.8902 -8.4238 -6.2696 2.7721
3 16 -9.7942 -5.045 0.3301 -9.5615 -6.5806 1.9242 -9.6404 -6.6779 0.4214
3 16 -9.7342 -4.8494 1.8902 -9.5615 -6.5806 1.9242 -9.7942 -5.045 0.3301
3 16 -9.7942 -5.045 0.3301 -9.6029 -6.7748 -2.0104 -9.7996 -5.2772 -2.3007
3 16 -9.6404 -6.6779 0.4214 -9.6029 -6.7748 -2.0104 -9.7942 -5.045 0.3301
3 16 -9.7996 -5.2772 -2.3007 -9.4265 -6.7253 -4.5373 -9.7997 -5.3353 -5.6992
3 16 -9.6029 -6.7748 -2.0104 -9.4265 -6.7253 -4.5373 -9.7996 -5.2772 -2.3007
3 16 -7.6694 -6.558 -6.633 -5.7449 -5.2254 -8.6389 -8.6798 -5.2087 -8.4409
3 16 -5.1766 -6.566 -6.8572 -5.7449 -5.2254 -8.6389 -7.6694 -6.558 -6.633
3 16 -5.1766 -6.566 -6.8572 -2.5797 -5.2534 -8.7843 -5.7449 -5.2254 -8.6389
3 16 -2.5831 -6.5602 -7.0168 -2.5797 -5.2534 -8.7843 -5.1766 -6.566 -6.8572
3 16 -9.7341 -5.0738 -7.8561 -9.84 -3.7377 -5.9977 -9.7997 -5.3353 -5.6992
3 16 -9.7374 -3.9404 -8.4821 -9.84 -3.7377 -5.9977 -9.7341 -5.0738 -7.8561
3 16 -8.6798 -5.2087 -8.4409 -9.7374 -3.9404 -8.4821 -9.7341 -5.0738 -7.8561
3 16 -8.8587 -4.0322 -8.9898 -9.7374 -3.9404 -8.4821 -8.6798 -5.2087 -8.4409
3 16 -5.857 -3.9978 -9.1271 -8.6798 -5.2087 -8.4409 -5.7449 -5.2254 -8.6389
3 16 -8.8587 -4.0322 -8.9898 -8.6798 -5.2087 -8.4409 -5.857 -3.9978 -9.1271
3 16 -2.5902 -3.9881 -9.195 -5.7449 -5.2254 -8.6389 -2.5797 -5.2534 -8.7843
3 16 -5.857 -3.9978 -9.1271 -5.7449 -5.2254 -8.6389 -2.5902 -3.9881 -9.195
3 16 -9.8482 -3.5998 -2.6825 -9.7997 -5.3353 -5.6992 -9.84 -3.7377 -5.9977
3 16 -9.7996 -5.2772 -2.3007 -9.7997 -5.3353 -5.6992 -9.8482 -3.5998 -2.6825
3 16 -9.8423 -3.4661 0.1999 -9.7996 -5.2772 -2.3007 -9.8482 -3.5998 -2.6825
3 16 -9.7942 -5.045 0.3301 -9.7996 -5.2772 -2.3007 -9.8423 -3.4661 0.1999
3 16 -9.8423 -3.4661 0.1999 -9.7342 -4.8494 1.8902 -9.7942 -5.045 0.3301
3 16 -9.7855 -3.4439 1.9421 -9.7342 -4.8494 1.8902 -9.8423 -3.4661 0.1999
3 16 -9.0217 -3.4741 2.7162 -9.7342 -4.8494 1.8902 -9.7855 -3.4439 1.9421
3 16 -8.739 -4.7602 2.7519 -9.7342 -4.8494 1.8902 -9.0217 -3.4741 2.7162
3 16 -6.1812 -4.8677 2.8397 -9.0217 -3.4741 2.7162 -6.2138 -2.476 2.7895
3 16 -8.739 -4.7602 2.7519 -9.0217 -3.4741 2.7162 -6.1812 -4.8677 2.8397
3 16 -9.0217 -3.4741 2.7162 -9.1244 -1.7664 2.7062 -6.2138 -2.476 2.7895
3 16 -9.1244 -1.7664 2.7062 -9.7855 -3.4439 1.9421 -9.7901 -1.801 2.0107
3 16 -9.0217 -3.4741 2.7162 -9.7855 -3.4439 1.9421 -9.1244 -1.7664 2.7062
3 16 -6.2628 -0.0199 2.7247 -9.1244 -1.7664 2.7062 -9.0641 -0.0199 2.6838
3 16 -6.2138 -2.476 2.7895 -9.1244 -1.7664 2.7062 -6.2628 -0.0199 2.7247
3 16 -9.1244 -1.7664 2.7062 -9.7603 -0.0199 1.9887 -9.0641 -0.0199 2.6838
3 16 -9.7901 -1.801 2.0107 -9.7603 -0.0199 1.9887 -9.1244 -1.7664 2.7062
3 16 -9.7855 -3.4439 1.9421 -9.8389 -1.8531 0.1247 -9.7901 -1.801 2.0107
3 16 -9.8423 -3.4661 0.1999 -9.8389 -1.8531 0.1247 -9.7855 -3.4439 1.9421
3 16 -9.8389 -1.8531 0.1247 -9.7603 -0.0199 1.9887 -9.7901 -1.801 2.0107
3 16 -9.7603 -0.0199 0.0478 -9.7603 -0.0199 1.9887 -9.8389 -1.8531 0.1247
3 16 -9.8482 -3.5998 -2.6825 -9.8389 -1.8531 0.1247 -9.8423 -3.4661 0.1999
3 16 -9.8419 -1.9139 -2.8601 -9.8389 -1.8531 0.1247 -9.8482 -3.5998 -2.6825
3 16 -9.8419 -1.9139 -2.8601 -9.84 -3.7377 -5.9977 -9.8411 -2.0394 -6.1054
3 16 -9.8482 -3.5998 -2.6825 -9.84 -3.7377 -5.9977 -9.8419 -1.9139 -2.8601
3 16 -9.84 -3.7377 -5.9977 -9.7797 -2.3032 -8.4597 -9.8411 -2.0394 -6.1054
3 16 -9.7374 -3.9404 -8.4821 -9.7797 -2.3032 -8.4597 -9.84 -3.7377 -5.9977
3 16 -9.8411 -2.0394 -6.1054 -9.7603 -0.0199 -8.3347 -9.7603 -0.0199 -6.1216
3 16 -9.7797 -2.3032 -8.4597 -9.7603 -0.0199 -8.3347 -9.8411 -2.0394 -6.1054
3 16 -9.7603 -0.0199 -3.051 -9.8411 -2.0394 -6.1054 -9.7603 -0.0199 -6.1216
3 16 -9.8419 -1.9139 -2.8601 -9.8411 -2.0394 -6.1054 -9.7603 -0.0199 -3.051
3 16 -9.7603 -0.0199 0.0478 -9.8419 -1.9139 -2.8601 -9.7603 -0.0199 -3.051
3 16 -9.8389 -1.8531 0.1247 -9.8419 -1.9139 -2.8601 -9.7603 -0.0199 0.0478
3 16 -9.7374 -3.9404 -8.4821 -8.9328 -2.3468 -8.9851 -9.7797 -2.3032 -8.4597
3 16 -8.8587 -4.0322 -8.9898 -8.9328 -2.3468 -8.9851 -9.7374 -3.9404 -8.4821
3 16 -9.7797 -2.3032 -8.4597 -8.9682 -0.0199 -8.8752 -9.7603 -0.0199 -8.3347
3 16 -8.9328 -2.3468 -8.9851 -8.9682 -0.0199 -8.8752 -9.7797 -2.3032 -8.4597
3 16 -5.9458 -2.2156 -9.1682 -8.8587 -4.0322 -8.9898 -5.857 -3.9978 -9.1271
3 16 -8.9328 -2.3468 -8.9851 -8.8587 -4.0322 -8.9898 -5.9458 -2.2156 -9.1682
3 16 -6.0388 -0.0199 -9.0394 -8.9328 -2.3468 -8.9851 -5.9458 -2.2156 -9.1682
3 16 -8.9682 -0.0199 -8.8752 -8.9328 -2.3468 -8.9851 -6.0388 -0.0199 -9.0394
3 16 -2.6353 -0.0199 -9.2573 -5.9458 -2.2156 -9.1682 -2.6185 -2.2759 -9.2936
3 16 -6.0388 -0.0199 -9.0394 -5.9458 -2.2156 -9.1682 -2.6353 -0.0199 -9.2573
3 16 -5.857 -3.9978 -9.1271 -2.6185 -2.2759 -9.2936 -5.9458 -2.2156 -9.1682
3 16 -2.5902 -3.9881 -9.195 -2.6185 -2.2759 -9.2936 -5.857 -3.9978 -9.1271
3 16 -5.7064 -5.3697 0.9533 -6.1812 -4.8677 2.8397 -6.0448 -4.8559 0.9376
3 16 -5.9018 -5.3697 2.9465 -6.1812 -4.8677 2.8397 -5.7064 -5.3697 0.9533
3 16 -5.7064 -5.3697 0.9533 -5.878 -4.8355 -1.286 -5.5481 -5.3697 -1.2741
3 16 -6.0448 -4.8559 0.9376 -5.878 -4.8355 -1.286 -5.7064 -5.3697 0.9533
3 16 -5.5481 -5.3697 -1.2741 -4.7576 -4.8168 -3.4871 -4.4468 -5.3697 -3.3725
3 16 -5.878 -4.8355 -1.286 -4.7576 -4.8168 -3.4871 -5.5481 -5.3697 -1.2741
3 16 -2.5786 -5.3697 -4.8531 -4.7576 -4.8168 -3.4871 -2.5837 -4.7354 -5.1901
3 16 -4.4468 -5.3697 -3.3725 -4.7576 -4.8168 -3.4871 -2.5786 -5.3697 -4.8531
3 16 -6.2138 -2.476 2.7895 -6.0448 -4.8559 0.9376 -6.1812 -4.8677 2.8397
3 16 -6.0913 -2.4549 0.9531 -6.0448 -4.8559 0.9376 -6.2138 -2.476 2.7895
3 16 -5.878 -4.8355 -1.286 -6.0913 -2.4549 0.9531 -5.9893 -2.4232 -1.2867
3 16 -6.0448 -4.8559 0.9376 -6.0913 -2.4549 0.9531 -5.878 -4.8355 -1.286
3 16 -4.8074 -2.4387 -3.553 -5.878 -4.8355 -1.286 -5.9893 -2.4232 -1.2867
3 16 -4.7576 -4.8168 -3.4871 -5.878 -4.8355 -1.286 -4.8074 -2.4387 -3.553
3 16 -2.5837 -4.7354 -5.1901 -4.8074 -2.4387 -3.553 -2.6153 -2.5072 -5.2625
3 16 -4.7576 -4.8168 -3.4871 -4.8074 -2.4387 -3.553 -2.5837 -4.7354 -5.1901
3 16 -6.2628 -0.0199 2.7247 -6.0913 -2.4549 0.9531 -6.2138 -2.476 2.7895
3 16 -6.1657 -0.0203 0.9673 -6.0913 -2.4549 0.9531 -6.2628 -0.0199 2.7247
3 16 -6.054 -0.02 -1.275 -6.0913 -2.4549 0.9531 -6.1657 -0.0203 0.9673
3 16 -5.9893 -2.4232 -1.2867 -6.0913 -2.4549 0.9531 -6.054 -0.02 -1.275
3 16 -4.8074 -2.4387 -3.553 -6.054 -0.02 -1.275 -4.9442 -0.0196 -3.6917
3 16 -5.9893 -2.4232 -1.2867 -6.054 -0.02 -1.275 -4.8074 -2.4387 -3.553
3 16 -2.6317 -0.0199 -5.2621 -4.8074 -2.4387 -3.553 -4.9442 -0.0196 -3.6917
3 16 -2.6153 -2.5072 -5.2625 -4.8074 -2.4387 -3.553 -2.6317 -0.0199 -5.2621
3 16 -9.7603 -0.0199 0.0478 -9.0641 -0.0199 2.6838 -9.7603 -0.0199 1.9887
3 16 -8.1468 -0.0199 -0.5866 -9.0641 -0.0199 2.6838 -9.7603 -0.0199 0.0478
3 16 -6.1657 -0.0203 0.9673 -9.0641 -0.0199 2.6838 -8.1468 -0.0199 -0.5866
3 16 -6.2628 -0.0199 2.7247 -9.0641 -0.0199 2.6838 -6.1657 -0.0203 0.9673
3 16 -9.7603 -0.0199 0.0478 -9.7603 -0.0199 -3.051 -8.1468 -0.0199 -0.5866
3 16 -6.054 -0.02 -1.275 -6.1657 -0.0203 0.9673 -8.1468 -0.0199 -0.5866
3 16 -6.5986 -0.0199 -5.6347 -6.054 -0.02 -1.275 -8.1468 -0.0199 -0.5866
3 16 -4.9442 -0.0196 -3.6917 -6.054 -0.02 -1.275 -6.5986 -0.0199 -5.6347
3 16 -6.5986 -0.0199 -5.6347 -8.1468 -0.0199 -0.5866 -9.7603 -0.0199 -3.051
3 16 -6.5986 -0.0199 -5.6347 -9.7603 -0.0199 -3.051 -9.7603 -0.0199 -6.1216
3 16 -9.7603 -0.0199 -6.1216 -8.9682 -0.0199 -8.8752 -6.5986 -0.0199 -5.6347
3 16 -9.7603 -0.0199 -8.3347 -8.9682 -0.0199 -8.8752 -9.7603 -0.0199 -6.1216
3 16 -8.9682 -0.0199 -8.8752 -6.0388 -0.0199 -9.0394 -6.5986 -0.0199 -5.6347
3 16 -2.6185 -2.2759 -9.2936 -2.6317 -0.0199 -5.2621 -2.6353 -0.0199 -9.2573
3 16 -2.6153 -2.5072 -5.2625 -2.6317 -0.0199 -5.2621 -2.6185 -2.2759 -9.2936
3 16 -2.6153 -2.5072 -5.2625 -2.6185 -2.2759 -9.2936 -2.5902 -3.9881 -9.195
3 16 -2.5837 -4.7354 -5.1901 -2.5902 -3.9881 -9.195 -2.5797 -5.2534 -8.7843
3 16 -2.6153 -2.5072 -5.2625 -2.5902 -3.9881 -9.195 -2.5837 -4.7354 -5.1901
3 16 -2.5831 -6.5602 -7.0168 -2.5837 -4.7354 -5.1901 -2.5797 -5.2534 -8.7843
3 16 -2.5786 -5.3697 -4.8531 -2.5837 -4.7354 -5.1901 -2.5831 -6.5602 -7.0168
3 16 -2.5778 -5.3697 -0.5129 -2.5779 -5.3697 -2.339 -2.5575 -7.7315 -2.0517
3 16 -2.5778 -5.3697 -0.5129 -2.5556 -7.9554 1.2408 -2.5781 -5.3697 1.5266
3 16 -2.5575 -7.7315 -2.0517 -2.5556 -7.9554 1.2408 -2.5778 -5.3697 -0.5129
3 16 -2.5772 -5.3697 2.9713 -2.5556 -7.9554 1.2408 -2.554 -8.2233 3.3107
3 16 -2.5781 -5.3697 1.5266 -2.5556 -7.9554 1.2408 -2.5772 -5.3697 2.9713
3 16 -2.4649 -18.3502 1.6628 -2.4387 -21.3485 -3.1467 -2.4262 -22.7762 0.1386
3 16 -2.471 -17.6488 -3.4532 -2.4387 -21.3485 -3.1467 -2.4649 -18.3502 1.6628
3 16 -2.4649 -18.3502 1.6628 -2.4903 -16.6961 6.3108 -2.4942 -14.9839 2.153
3 16 -2.4616 -18.7239 6.218 -2.4903 -16.6961 6.3108 -2.4649 -18.3502 1.6628
3 16 -2.5 -14.3251 -2.8274 -2.4649 -18.3502 1.6628 -2.4942 -14.9839 2.153
3 16 -2.471 -17.6488 -3.4532 -2.4649 -18.3502 1.6628 -2.5 -14.3251 -2.8274
3 16 -2.4903 -16.6961 6.3108 -2.4905 -15.4088 5.1931 -2.4942 -14.9839 2.153
3 16 -2.4905 -15.4088 5.1931 -2.5267 -11.8324 3.9631 -2.4942 -14.9839 2.153
3 16 -2.5095 -13.238 5.7235 -2.5267 -11.8324 3.9631 -2.4905 -15.4088 5.1931
3 16 -2.4942 -14.9839 2.153 -2.5267 -11.8324 3.9631 -2.5272 -11.2005 1.1802
3 16 -2.5272 -11.2005 1.1802 -2.5 -14.3251 -2.8274 -2.4942 -14.9839 2.153
3 16 -2.5294 -10.9574 -2.4604 -2.5 -14.3251 -2.8274 -2.5272 -11.2005 1.1802
3 16 -2.5267 -11.8324 3.9631 -2.5318 -10.6763 3.5914 -2.5272 -11.2005 1.1802
3 16 -2.5318 -10.6763 3.5914 -2.5556 -7.9554 1.2408 -2.5272 -11.2005 1.1802
3 16 -2.554 -8.2233 3.3107 -2.5556 -7.9554 1.2408 -2.5318 -10.6763 3.5914
3 16 -2.5575 -7.7315 -2.0517 -2.5272 -11.2005 1.1802 -2.5556 -7.9554 1.2408
3 16 -2.5294 -10.9574 -2.4604 -2.5272 -11.2005 1.1802 -2.5575 -7.7315 -2.0517
3 16 -2.471 -17.6488 -3.4532 -2.3392 -20.4486 -4.9945 -2.4387 -21.3485 -3.1467
3 16 -2.4387 -21.3485 -3.1467 -2.3778 -23.9001 -4.8036 -2.4096 -24.687 -3.8252
3 16 -2.3392 -20.4486 -4.9945 -2.3778 -23.9001 -4.8036 -2.4387 -21.3485 -3.1467
3 16 -2.4262 -22.7762 0.1386 -2.4096 -24.687 -3.8252 -2.3906 -26.8617 -1.6128
3 16 -2.4387 -21.3485 -3.1467 -2.4096 -24.687 -3.8252 -2.4262 -22.7762 0.1386
3 16 -2.4601 -19.5601 10.5319 -2.4287 -22.4924 7.0644 -2.4226 -23.196 9.5942
3 16 -2.4584 -19.0837 6.687 -2.4287 -22.4924 7.0644 -2.4601 -19.5601 10.5319
3 16 -2.4878 -20.5757 14.0449 -2.4226 -23.196 9.5942 -2.4139 -24.1914 12.835
3 16 -2.4601 -19.5601 10.5319 -2.4226 -23.196 9.5942 -2.4878 -20.5757 14.0449
3 16 -2.4139 -24.1914 12.835 -2.4662 -21.7724 17.3056 -2.4878 -20.5757 14.0449
3 16 -2.4032 -25.418 16.0434 -2.4662 -21.7724 17.3056 -2.4139 -24.1914 12.835
3 16 -2.4662 -21.7724 17.3056 -2.395 -26.3567 18.4508 -2.445 -23.6848 21.0845
3 16 -2.4032 -25.418 16.0434 -2.395 -26.3567 18.4508 -2.4662 -21.7724 17.3056
3 16 -2.4226 -23.196 9.5942 -2.4287 -22.4924 7.0644 -2.3925 -26.6379 6.9872
3 16 -2.3817 -27.8824 11.4 -2.4226 -23.196 9.5942 -2.3925 -26.6379 6.9872
3 16 -2.4139 -24.1914 12.835 -2.4226 -23.196 9.5942 -2.3817 -27.8824 11.4
3 16 -2.3817 -27.8824 11.4 -2.4032 -25.418 16.0434 -2.4139 -24.1914 12.835
3 16 -2.3702 -29.1926 16.1939 -2.4032 -25.418 16.0434 -2.3817 -27.8824 11.4
3 16 -2.395 -26.3567 18.4508 -2.4032 -25.418 16.0434 -2.3702 -29.1926 16.1939
3 16 -2.417 -23.8301 3.7188 -2.4584 -19.0837 6.687 -2.4616 -18.7239 6.218
3 16 -2.417 -23.8301 3.7188 -2.4287 -22.4924 7.0644 -2.4584 -19.0837 6.687
3 16 -2.4287 -22.4924 7.0644 -2.417 -23.8301 3.7188 -2.3925 -26.6379 6.9872
3 16 -2.3725 -28.9333 1.5703 -2.3925 -26.6379 6.9872 -2.417 -23.8301 3.7188
3 16 -2.3599 -30.3707 5.5609 -2.3925 -26.6379 6.9872 -2.3725 -28.9333 1.5703
3 16 -2.4649 -18.3502 1.6628 -2.417 -23.8301 3.7188 -2.4616 -18.7239 6.218
3 16 -2.4262 -22.7762 0.1386 -2.417 -23.8301 3.7188 -2.4649 -18.3502 1.6628
3 16 -2.417 -23.8301 3.7188 -2.3906 -26.8617 -1.6128 -2.3725 -28.9333 1.5703
3 16 -2.4262 -22.7762 0.1386 -2.3906 -26.8617 -1.6128 -2.417 -23.8301 3.7188
3 16 -2.3925 -26.6379 6.9872 -2.3464 -31.9261 9.698 -2.3817 -27.8824 11.4
3 16 -2.3599 -30.3707 5.5609 -2.3464 -31.9261 9.698 -2.3925 -26.6379 6.9872
3 16 -2.3817 -27.8824 11.4 -2.3402 -32.6391 14.4828 -2.3702 -29.1926 16.1939
3 16 -2.3464 -31.9261 9.698 -2.3402 -32.6391 14.4828 -2.3817 -27.8824 11.4
3 16 -2.3778 -23.9001 -4.8036 -2.3768 -26.4905 -4.703 -2.4096 -24.687 -3.8252
3 16 -2.3906 -26.8617 -1.6128 -2.3768 -26.4905 -4.703 -2.3633 -29.1222 -4.6271
3 16 -2.4096 -24.687 -3.8252 -2.3768 -26.4905 -4.703 -2.3906 -26.8617 -1.6128
3 16 -2.3633 -29.1222 -4.6271 -2.353 -31.1722 -2.6602 -2.3906 -26.8617 -1.6128
3 16 -2.3725 -28.9333 1.5703 -2.353 -31.1722 -2.6602 -2.321 -34.8306 -2.2423
3 16 -2.3906 -26.8617 -1.6128 -2.353 -31.1722 -2.6602 -2.3725 -28.9333 1.5703
3 16 -2.3725 -28.9333 1.5703 -2.327 -34.1437 3.9997 -2.3599 -30.3707 5.5609
3 16 -2.321 -34.8306 -2.2423 -2.327 -34.1437 3.9997 -2.3725 -28.9333 1.5703
3 16 -2.3464 -31.9261 9.698 -2.327 -34.1437 3.9997 -2.29 -36.9887 7.4261
3 16 -2.3599 -30.3707 5.5609 -2.327 -34.1437 3.9997 -2.3464 -31.9261 9.698
3 16 -2.3464 -31.9261 9.698 -2.3032 -36.779 10.7003 -2.3402 -32.6391 14.4828
3 16 -2.29 -36.9887 7.4261 -2.3032 -36.779 10.7003 -2.3464 -31.9261 9.698
3 16 -2.3032 -36.779 10.7003 -2.3047 -36.7031 14.1865 -2.3402 -32.6391 14.4828
3 16 -2.1786 -37.1637 14.0683 -2.3032 -36.779 10.7003 -2.1246 -37.2354 10.6751
3 16 -2.3047 -36.7031 14.1865 -2.3032 -36.779 10.7003 -2.1786 -37.1637 14.0683
3 16 -2.1246 -37.2354 10.6751 -2.29 -36.9887 7.4261 -2.1075 -37.354 7.4851
3 16 -2.3032 -36.779 10.7003 -2.29 -36.9887 7.4261 -2.1246 -37.2354 10.6751
3 16 -2.3633 -29.1222 -4.6271 -2.3325 -31.8212 -4.6454 -2.353 -31.1722 -2.6602
3 16 -2.321 -34.8306 -2.2423 -2.3325 -31.8212 -4.6454 -2.3037 -34.6958 -4.6375
3 16 -2.353 -31.1722 -2.6602 -2.3325 -31.8212 -4.6454 -2.321 -34.8306 -2.2423
3 16 -2.321 -34.8306 -2.2423 -2.3037 -34.6958 -4.6375 -2.2827 -37.6264 -4.5901
3 16 -2.2827 -37.6264 -4.5901 -2.3003 -37.2049 -1.256 -2.321 -34.8306 -2.2423
3 16 -2.2604 -40.71 -4.536 -2.3003 -37.2049 -1.256 -2.2827 -37.6264 -4.5901
3 16 -2.3539 -31.0682 21.1394 -2.395 -26.3567 18.4508 -2.3702 -29.1926 16.1939
3 16 -2.3814 -27.9172 22.3388 -2.395 -26.3567 18.4508 -2.3539 -31.0682 21.1394
3 16 -2.3337 -33.3781 19.4207 -2.3702 -29.1926 16.1939 -2.3402 -32.6391 14.4828
3 16 -2.3539 -31.0682 21.1394 -2.3702 -29.1926 16.1939 -2.3337 -33.3781 19.4207
3 16 -2.3402 -32.6391 14.4828 -2.3048 -36.6939 17.9982 -2.3337 -33.3781 19.4207
3 16 -2.3047 -36.7031 14.1865 -2.3048 -36.6939 17.9982 -2.3402 -32.6391 14.4828
3 16 -2.3047 -36.7031 14.1865 -2.2047 -37.1221 18.0337 -2.3048 -36.6939 17.9982
3 16 -2.1786 -37.1637 14.0683 -2.2047 -37.1221 18.0337 -2.3047 -36.7031 14.1865
3 16 -1.9563 -37.3815 18.0007 -2.1786 -37.1637 14.0683 -1.907 -37.4105 14.0573
3 16 -2.2047 -37.1221 18.0337 -2.1786 -37.1637 14.0683 -1.9563 -37.3815 18.0007
3 16 -1.8342 -37.4445 10.7101 -2.1786 -37.1637 14.0683 -2.1246 -37.2354 10.6751
3 16 -1.907 -37.4105 14.0573 -2.1786 -37.1637 14.0683 -1.8342 -37.4445 10.7101
3 16 -2.1075 -37.354 7.4851 -1.8342 -37.4445 10.7101 -2.1246 -37.2354 10.6751
3 16 -1.831 -37.5563 7.456 -1.8342 -37.4445 10.7101 -2.1075 -37.354 7.4851
3 16 -1.831 -37.5563 7.456 -2.1214 -38.6493 3.4139 -1.8351 -38.8895 3.4287
3 16 -2.1075 -37.354 7.4851 -2.1214 -38.6493 3.4139 -1.831 -37.5563 7.456
3 16 -1.8351 -38.8895 3.4287 -2.0368 -42.681 -0.8093 -1.7349 -42.9726 -0.7752
3 16 -2.1214 -38.6493 3.4139 -2.0368 -42.681 -0.8093 -1.8351 -38.8895 3.4287
3 16 -1.9711 -47.2089 -2.4754 -1.7349 -42.9726 -0.7752 -2.0368 -42.681 -0.8093
3 16 -1.5694 -47.2855 -2.2964 -1.7349 -42.9726 -0.7752 -1.9711 -47.2089 -2.4754
3 16 -1.8195 -40.9931 -5.1044 -2.2342 -44.0575 -4.488 -2.2604 -40.71 -4.536
3 16 -1.7556 -44.4242 -5.0883 -2.2342 -44.0575 -4.488 -1.8195 -40.9931 -5.1044
3 16 -1.8492 -37.9157 -5.1299 -2.2604 -40.71 -4.536 -2.2827 -37.6264 -4.5901
3 16 -1.8195 -40.9931 -5.1044 -2.2604 -40.71 -4.536 -1.8492 -37.9157 -5.1299
3 16 -1.8659 -34.9612 -5.1598 -2.2827 -37.6264 -4.5901 -2.3037 -34.6958 -4.6375
3 16 -1.8492 -37.9157 -5.1299 -2.2827 -37.6264 -4.5901 -1.8659 -34.9612 -5.1598
3 16 -2.3037 -34.6958 -4.6375 -1.8973 -31.9713 -5.1836 -1.8659 -34.9612 -5.1598
3 16 -2.3325 -31.8212 -4.6454 -1.8973 -31.9713 -5.1836 -2.3037 -34.6958 -4.6375
3 16 -1.9579 -29.2754 -5.1895 -2.3325 -31.8212 -4.6454 -2.3633 -29.1222 -4.6271
3 16 -1.8973 -31.9713 -5.1836 -2.3325 -31.8212 -4.6454 -1.9579 -29.2754 -5.1895
3 16 -1.9927 -26.6532 -5.2063 -2.3633 -29.1222 -4.6271 -2.3768 -26.4905 -4.703
3 16 -1.9579 -29.2754 -5.1895 -2.3633 -29.1222 -4.6271 -1.9927 -26.6532 -5.2063
3 16 -1.9143 -24.0016 -5.2738 -2.3768 -26.4905 -4.703 -2.3778 -23.9001 -4.8036
3 16 -1.9927 -26.6532 -5.2063 -2.3768 -26.4905 -4.703 -1.9143 -24.0016 -5.2738
3 16 -1.8056 -20.7511 -5.3361 -2.3778 -23.9001 -4.8036 -2.3392 -20.4486 -4.9945
3 16 -1.9143 -24.0016 -5.2738 -2.3778 -23.9001 -4.8036 -1.8056 -20.7511 -5.3361
3 16 -1.7408 -19.8398 -5.8287 -2.3392 -20.4486 -4.9945 -2.3776 -19.5171 -5.5549
3 16 -1.8056 -20.7511 -5.3361 -2.3392 -20.4486 -4.9945 -1.7408 -19.8398 -5.8287
3 16 -1.7408 -19.8398 -5.8287 -2.4549 -19.388 -7.4333 -1.8319 -19.7385 -7.5738
3 16 -2.3776 -19.5171 -5.5549 -2.4549 -19.388 -7.4333 -1.7408 -19.8398 -5.8287
3 16 -2.5779 -5.3697 -2.339 -5.5481 -5.3697 -1.2741 -4.4468 -5.3697 -3.3725
3 16 -2.5778 -5.3697 -0.5129 -5.5481 -5.3697 -1.2741 -2.5779 -5.3697 -2.339
3 16 -5.7064 -5.3697 0.9533 -2.5778 -5.3697 -0.5129 -2.5781 -5.3697 1.5266
3 16 -5.5481 -5.3697 -1.2741 -2.5778 -5.3697 -0.5129 -5.7064 -5.3697 0.9533
3 16 -5.9018 -5.3697 2.9465 -2.5781 -5.3697 1.5266 -2.5772 -5.3697 2.9713
3 16 -5.7064 -5.3697 0.9533 -2.5781 -5.3697 1.5266 -5.9018 -5.3697 2.9465
3 16 -2.6317 -0.0199 -5.2621 -4.9442 -0.0196 -3.6917 -6.5986 -0.0199 -5.6347
3 16 -6.0388 -0.0199 -9.0394 -2.6317 -0.0199 -5.2621 -6.5986 -0.0199 -5.6347
3 16 -2.6353 -0.0199 -9.2573 -2.6317 -0.0199 -5.2621 -6.0388 -0.0199 -9.0394
3 16 -4.9397 -8.0129 -5.9962 -2.5831 -6.5602 -7.0168 -5.1766 -6.566 -6.8572
3 16 -2.5556 -7.9524 -6.0598 -2.5831 -6.5602 -7.0168 -4.9397 -8.0129 -5.9962
3 16 -2.5666 -6.6959 -4.6567 -2.5831 -6.5602 -7.0168 -2.5556 -7.9524 -6.0598
3 16 -2.5786 -5.3697 -4.8531 -2.5831 -6.5602 -7.0168 -2.5666 -6.6959 -4.6567
3 16 -2.5556 -7.9524 -6.0598 -2.5575 -7.7315 -2.0517 -2.5666 -6.6959 -4.6567
3 16 -2.5666 -6.6959 -4.6567 -2.5779 -5.3697 -2.339 -2.5786 -5.3697 -4.8531
3 16 -2.5575 -7.7315 -2.0517 -2.5779 -5.3697 -2.339 -2.5666 -6.6959 -4.6567
3 16 -2.5786 -5.3697 -4.8531 -2.5779 -5.3697 -2.339 -4.4468 -5.3697 -3.3725
3 16 -8.7629 -26.7184 22.2732 -6.8294 -24.9755 23.0384 -8.8474 -27.5151 24.1073
3 16 -7.1612 -24.3148 21.1989 -6.8294 -24.9755 23.0384 -8.7629 -26.7184 22.2732
3 16 -2.445 -23.6848 21.0845 -2.3814 -27.9172 22.3388 -2.4112 -24.4985 23.0707
3 16 -2.395 -26.3567 18.4508 -2.3814 -27.9172 22.3388 -2.445 -23.6848 21.0845
3 16 1.839 -37.4427 26.3419 -1.7916 -37.46 29.3591 -1.8528 -37.4369 26.2745
3 16 1.8056 -37.4555 29.5285 -1.7916 -37.46 29.3591 1.839 -37.4427 26.3419
3 16 1.8434 -37.4409 22.3006 -1.8528 -37.4369 26.2745 -1.9063 -37.4109 22.2785
3 16 1.839 -37.4427 26.3419 -1.8528 -37.4369 26.2745 1.8434 -37.4409 22.3006
3 16 -1.9063 -37.4109 22.2785 1.9042 -37.4121 18.0174 1.8434 -37.4409 22.3006
3 16 -1.9563 -37.3815 18.0007 1.9042 -37.4121 18.0174 -1.9063 -37.4109 22.2785
3 16 -2.1051 -37.2576 29.3575 -1.8528 -37.4369 26.2745 -1.7916 -37.46 29.3591
3 16 -2.1515 -37.2024 26.2235 -1.8528 -37.4369 26.2745 -2.1051 -37.2576 29.3575
3 16 -2.1515 -37.2024 26.2235 -1.9063 -37.4109 22.2785 -1.8528 -37.4369 26.2745
3 16 -2.1703 -37.1761 22.2296 -1.9063 -37.4109 22.2785 -2.1515 -37.2024 26.2235
3 16 -2.1703 -37.1761 22.2296 -1.9563 -37.3815 18.0007 -1.9063 -37.4109 22.2785
3 16 -2.2047 -37.1221 18.0337 -1.9563 -37.3815 18.0007 -2.1703 -37.1761 22.2296
3 16 -2.2948 -36.8661 29.3432 -2.0993 -37.2634 32.1385 -2.2832 -36.6828 32.4237
3 16 -2.1051 -37.2576 29.3575 -2.0993 -37.2634 32.1385 -2.2948 -36.8661 29.3432
3 16 -2.1515 -37.2024 26.2235 -2.2948 -36.8661 29.3432 -2.3004 -36.8217 26.0442
3 16 -2.1051 -37.2576 29.3575 -2.2948 -36.8661 29.3432 -2.1515 -37.2024 26.2235
3 16 -2.2948 -36.8661 29.3432 -2.3261 -33.3842 32.4728 -2.3542 -31.026 27.4897
3 16 -2.2832 -36.6828 32.4237 -2.3261 -33.3842 32.4728 -2.2948 -36.8661 29.3432
3 16 -2.3602 -29.855 32.5662 -2.3542 -31.026 27.4897 -2.3261 -33.3842 32.4728
3 16 -2.3839 -27.6223 28.0519 -2.3542 -31.026 27.4897 -2.3602 -29.855 32.5662
3 16 -2.3839 -27.6223 28.0519 -2.3799 -27.3543 32.6753 -2.4095 -24.6936 28.8452
3 16 -2.3602 -29.855 32.5662 -2.3799 -27.3543 32.6753 -2.3839 -27.6223 28.0519
3 16 -2.3961 -24.9244 32.8968 -2.4095 -24.6936 28.8452 -2.3799 -27.3543 32.6753
3 16 -2.4308 -22.2509 29.9954 -2.4095 -24.6936 28.8452 -2.3961 -24.9244 32.8968
3 16 -2.4308 -22.2509 29.9954 -2.4428 -21.7439 24.6793 -2.4095 -24.6936 28.8452
3 16 -2.4587 -19.0549 26.7621 -2.4428 -21.7439 24.6793 -2.4308 -22.2509 29.9954
3 16 -2.4095 -24.6936 28.8452 -2.4112 -24.4985 23.0707 -2.3839 -27.6223 28.0519
3 16 -2.4428 -21.7439 24.6793 -2.4112 -24.4985 23.0707 -2.4095 -24.6936 28.8452
3 16 -2.3839 -27.6223 28.0519 -2.3814 -27.9172 22.3388 -2.3542 -31.026 27.4897
3 16 -2.4112 -24.4985 23.0707 -2.3814 -27.9172 22.3388 -2.3839 -27.6223 28.0519
3 16 -2.3814 -27.9172 22.3388 -2.3318 -33.5978 24.9277 -2.3542 -31.026 27.4897
3 16 -2.3539 -31.0682 21.1394 -2.3318 -33.5978 24.9277 -2.3814 -27.9172 22.3388
3 16 -2.3542 -31.026 27.4897 -2.3318 -33.5978 24.9277 -2.2948 -36.8661 29.3432
3 16 -2.1703 -37.1761 22.2296 -2.3004 -36.8217 26.0442 -2.3043 -36.753 22.2309
3 16 -2.1515 -37.2024 26.2235 -2.3004 -36.8217 26.0442 -2.1703 -37.1761 22.2296
3 16 -2.3539 -31.0682 21.1394 -2.3301 -33.7918 22.3523 -2.3318 -33.5978 24.9277
3 16 -2.3337 -33.3781 19.4207 -2.3301 -33.7918 22.3523 -2.3539 -31.0682 21.1394
3 16 -2.3337 -33.3781 19.4207 -2.3043 -36.753 22.2309 -2.3301 -33.7918 22.3523
3 16 -2.3048 -36.6939 17.9982 -2.3043 -36.753 22.2309 -2.3337 -33.3781 19.4207
3 16 -2.2047 -37.1221 18.0337 -2.3043 -36.753 22.2309 -2.3048 -36.6939 17.9982
3 16 -2.1703 -37.1761 22.2296 -2.3043 -36.753 22.2309 -2.2047 -37.1221 18.0337
3 16 -2.3043 -36.753 22.2309 -2.3318 -33.5978 24.9277 -2.3301 -33.7918 22.3523
3 16 -2.3004 -36.8217 26.0442 -2.3318 -33.5978 24.9277 -2.3043 -36.753 22.2309
3 16 -2.3004 -36.8217 26.0442 -2.2948 -36.8661 29.3432 -2.3318 -33.5978 24.9277
3 16 2.4515 -19.3035 36.5206 1.9807 -20.2253 35.9006 2.4249 -20.3198 35.2136
3 16 2.0984 -19.3952 36.6855 1.9807 -20.2253 35.9006 2.4515 -19.3035 36.5206
3 16 3.4251 -20.3265 37.2619 2.4515 -19.3035 36.5206 2.4637 -18.4802 35.7673
3 16 3.4251 -20.3265 37.2619 2.0984 -19.3952 36.6855 2.4515 -19.3035 36.5206
3 16 -2.1075 -37.354 7.4851 -2.2904 -38.1775 3.3452 -2.1214 -38.6493 3.4139
3 16 -2.29 -36.9887 7.4261 -2.2904 -38.1775 3.3452 -2.1075 -37.354 7.4851
3 16 -2.2481 -42.0628 -0.8951 -2.1214 -38.6493 3.4139 -2.2904 -38.1775 3.3452
3 16 -2.0368 -42.681 -0.8093 -2.1214 -38.6493 3.4139 -2.2481 -42.0628 -0.8951
3 16 -2.327 -34.1437 3.9997 -2.2904 -38.1775 3.3452 -2.29 -36.9887 7.4261
3 16 -2.192 -47.116 -2.8382 -2.0368 -42.681 -0.8093 -2.2481 -42.0628 -0.8951
3 16 -1.9711 -47.2089 -2.4754 -2.0368 -42.681 -0.8093 -2.192 -47.116 -2.8382
3 16 -2.0461 -47.5783 -4.5471 -1.6838 -47.1781 -5.0732 -1.6693 -47.6523 -4.8508
3 16 -2.1973 -46.9663 -4.5278 -1.6838 -47.1781 -5.0732 -2.0461 -47.5783 -4.5471
3 16 1.5664 -47.6922 -4.8428 -1.6838 -47.1781 -5.0732 1.6756 -47.1906 -5.0742
3 16 -1.6693 -47.6523 -4.8508 -1.6838 -47.1781 -5.0732 1.5664 -47.6922 -4.8428
3 16 1.9362 -37.3943 14.1877 2.1425 -37.214 10.8006 2.1859 -37.1526 14.3197
3 16 1.9374 -37.3936 10.7436 2.1425 -37.214 10.8006 1.9362 -37.3943 14.1877
3 16 1.9374 -37.3936 10.7436 2.1214 -37.3191 7.6625 2.1425 -37.214 10.8006
3 16 1.847 -37.5373 7.5502 2.1214 -37.3191 7.6625 1.9374 -37.3936 10.7436
3 16 1.847 -37.5373 7.5502 2.1394 -38.5191 3.6229 2.1214 -37.3191 7.6625
3 16 1.8715 -38.8128 3.5312 2.1394 -38.5191 3.6229 1.847 -37.5373 7.5502
3 16 1.8715 -38.8128 3.5312 2.0034 -42.4682 -0.6344 2.1394 -38.5191 3.6229
3 16 1.736 -42.8775 -0.7192 2.0034 -42.4682 -0.6344 1.8715 -38.8128 3.5312
3 16 1.736 -42.8775 -0.7192 1.836 -47.2316 -2.3772 2.0034 -42.4682 -0.6344
3 16 1.4914 -47.3245 -2.301 1.836 -47.2316 -2.3772 1.736 -42.8775 -0.7192
3 16 1.9722 -47.6556 -4.5705 1.6756 -47.1906 -5.0742 2.1815 -47.0587 -4.5834
3 16 1.5664 -47.6922 -4.8428 1.6756 -47.1906 -5.0742 1.9722 -47.6556 -4.5705
3 16 -1.9563 -37.3815 18.0007 1.9362 -37.3943 14.1877 1.9042 -37.4121 18.0174
3 16 -1.907 -37.4105 14.0573 1.9362 -37.3943 14.1877 -1.9563 -37.3815 18.0007
3 16 -1.7556 -44.4242 -5.0883 1.6756 -47.1906 -5.0742 -1.6838 -47.1781 -5.0732
3 16 1.6732 -44.3087 -5.1158 1.6756 -47.1906 -5.0742 -1.7556 -44.4242 -5.0883
3 16 1.6732 -44.3087 -5.1158 2.1815 -47.0587 -4.5834 1.6756 -47.1906 -5.0742
3 16 2.2241 -43.9274 -4.5531 2.1815 -47.0587 -4.5834 1.6732 -44.3087 -5.1158
3 16 -2.1973 -46.9663 -4.5278 -1.7556 -44.4242 -5.0883 -1.6838 -47.1781 -5.0732
3 16 -2.2342 -44.0575 -4.488 -1.7556 -44.4242 -5.0883 -2.1973 -46.9663 -4.5278
3 16 2.295 -37.8128 -1.571 2.2728 -37.6531 -4.6331 2.3138 -35.6583 -2.0811
3 16 2.2495 -40.8251 -4.587 2.2728 -37.6531 -4.6331 2.295 -37.8128 -1.571
3 16 2.2559 -42.2903 -2.4735 2.2495 -40.8251 -4.587 2.295 -37.8128 -1.571
3 16 2.2241 -43.9274 -4.5531 2.2495 -40.8251 -4.587 2.2559 -42.2903 -2.4735
3 16 2.295 -37.8128 -1.571 2.2845 -39.0125 0.0888 2.2559 -42.2903 -2.4735
3 16 2.2241 -43.9274 -4.5531 2.1457 -47.0924 -2.6969 2.1815 -47.0587 -4.5834
3 16 2.2559 -42.2903 -2.4735 2.1457 -47.0924 -2.6969 2.2241 -43.9274 -4.5531
3 16 2.2425 -41.9611 -0.781 2.2559 -42.2903 -2.4735 2.2845 -39.0125 0.0888
3 16 2.1457 -47.0924 -2.6969 2.2559 -42.2903 -2.4735 2.2425 -41.9611 -0.781
3 16 2.3278 -34.0572 8.6126 2.2973 -36.85 10.9481 2.2956 -36.9294 7.7153
3 16 2.3286 -33.9685 13.9024 2.2973 -36.85 10.9481 2.3278 -34.0572 8.6126
3 16 2.3266 -34.194 2.9643 2.2956 -36.9294 7.7153 2.2943 -37.8984 3.85
3 16 2.3278 -34.0572 8.6126 2.2956 -36.9294 7.7153 2.3266 -34.194 2.9643
3 16 2.3138 -35.6583 -2.0811 2.3266 -34.194 2.9643 2.295 -37.8128 -1.571
3 16 2.3471 -31.8441 -1.1179 2.3266 -34.194 2.9643 2.3138 -35.6583 -2.0811
3 16 2.2845 -39.0125 0.0888 2.295 -37.8128 -1.571 2.3266 -34.194 2.9643
3 16 2.2845 -39.0125 0.0888 2.2943 -37.8984 3.85 2.2425 -41.9611 -0.781
3 16 2.3266 -34.194 2.9643 2.2943 -37.8984 3.85 2.2845 -39.0125 0.0888
3 16 -2.1973 -46.9663 -4.5278 -2.0399 -47.6651 -3.0533 -2.192 -47.116 -2.8382
3 16 -2.0461 -47.5783 -4.5471 -2.0399 -47.6651 -3.0533 -2.1973 -46.9663 -4.5278
3 16 -2.0399 -47.6651 -3.0533 -1.9711 -47.2089 -2.4754 -2.192 -47.116 -2.8382
3 16 -1.7943 -47.7826 -2.7849 -1.9711 -47.2089 -2.4754 -2.0399 -47.6651 -3.0533
3 16 -1.7943 -47.7826 -2.7849 -1.5694 -47.2855 -2.2964 -1.9711 -47.2089 -2.4754
3 16 -1.4522 -47.8237 -2.695 -1.5694 -47.2855 -2.2964 -1.7943 -47.7826 -2.7849
3 16 1.836 -47.2316 -2.3772 1.9608 -47.7364 -2.9904 2.1457 -47.0924 -2.6969
3 16 1.6548 -47.8403 -2.7806 1.9608 -47.7364 -2.9904 1.836 -47.2316 -2.3772
3 16 1.9608 -47.7364 -2.9904 2.1815 -47.0587 -4.5834 2.1457 -47.0924 -2.6969
3 16 1.9722 -47.6556 -4.5705 2.1815 -47.0587 -4.5834 1.9608 -47.7364 -2.9904
3 16 1.4914 -47.3245 -2.301 1.6548 -47.8403 -2.7806 1.836 -47.2316 -2.3772
3 16 1.3186 -47.8354 -2.7152 1.6548 -47.8403 -2.7806 1.4914 -47.3245 -2.301
3 16 -1.5694 -47.2855 -2.2964 1.3186 -47.8354 -2.7152 1.4914 -47.3245 -2.301
3 16 -1.4522 -47.8237 -2.695 1.3186 -47.8354 -2.7152 -1.5694 -47.2855 -2.2964
3 16 1.6548 -47.8403 -2.7806 1.9722 -47.6556 -4.5705 1.9608 -47.7364 -2.9904
3 16 1.5664 -47.6922 -4.8428 1.9722 -47.6556 -4.5705 1.6548 -47.8403 -2.7806
3 16 -1.7943 -47.7826 -2.7849 -2.0461 -47.5783 -4.5471 -1.6693 -47.6523 -4.8508
3 16 -2.0399 -47.6651 -3.0533 -2.0461 -47.5783 -4.5471 -1.7943 -47.7826 -2.7849
3 16 -2.192 -47.116 -2.8382 -2.2342 -44.0575 -4.488 -2.1973 -46.9663 -4.5278
3 16 -2.2481 -42.0628 -0.8951 -2.2342 -44.0575 -4.488 -2.192 -47.116 -2.8382
3 16 -1.6693 -47.6523 -4.8508 -1.4522 -47.8237 -2.695 -1.7943 -47.7826 -2.7849
3 16 1.3186 -47.8354 -2.7152 -1.4522 -47.8237 -2.695 -1.6693 -47.6523 -4.8508
3 16 1.3186 -47.8354 -2.7152 1.5664 -47.6922 -4.8428 1.6548 -47.8403 -2.7806
3 16 1.5664 -47.6922 -4.8428 1.3186 -47.8354 -2.7152 -1.6693 -47.6523 -4.8508
3 16 -2.2481 -42.0628 -0.8951 -2.2604 -40.71 -4.536 -2.2342 -44.0575 -4.488
3 16 -2.3003 -37.2049 -1.256 -2.2604 -40.71 -4.536 -2.2481 -42.0628 -0.8951
3 16 -2.2904 -38.1775 3.3452 -2.3003 -37.2049 -1.256 -2.2481 -42.0628 -0.8951
3 16 -2.327 -34.1437 3.9997 -2.3003 -37.2049 -1.256 -2.2904 -38.1775 3.3452
3 16 -2.321 -34.8306 -2.2423 -2.3003 -37.2049 -1.256 -2.327 -34.1437 3.9997
3 16 2.3693 -29.2959 -2.4141 2.3311 -31.7621 -4.6554 2.3587 -29.1866 -4.6499
3 16 2.3767 -26.6123 -4.6978 2.3693 -29.2959 -2.4141 2.3587 -29.1866 -4.6499
3 16 2.4017 -25.5884 -3.5599 2.3693 -29.2959 -2.4141 2.3767 -26.6123 -4.6978
3 16 2.3767 -26.6123 -4.6978 2.3962 -23.8507 -4.7414 2.4017 -25.5884 -3.5599
3 16 4.7735 -22.2279 -8.2363 1.8319 -19.7385 -7.5738 0.0065 -22.176 -8.5705
3 16 2.4584 -19.0837 6.687 5.0754 -18.8905 6.1158 5.1395 -19.2815 6.569
3 16 2.4616 -18.7239 6.218 5.0754 -18.8905 6.1158 2.4584 -19.0837 6.687
3 16 4.7735 -22.2279 -8.2363 6.6434 -24.68 -8.8593 6.7906 -22.2948 -7.8147
3 16 4.8812 -24.4648 -9.209 6.6434 -24.68 -8.8593 4.7735 -22.2279 -8.2363
3 16 6.7906 -22.2948 -7.8147 8.7115 -24.9572 -6.9277 8.8054 -22.5924 -6.2123
3 16 6.6434 -24.68 -8.8593 8.7115 -24.9572 -6.9277 6.7906 -22.2948 -7.8147
3 16 9.0044 -22.7405 -4.5385 9.1341 -25.0629 -2.0682 9.0912 -22.7625 -1.6987
3 16 8.9863 -25.0497 -5.019 9.1341 -25.0629 -2.0682 9.0044 -22.7405 -4.5385
3 16 9.0912 -22.7625 -1.6987 9.1795 -24.7018 0.8221 9.1278 -22.5966 1.1227
3 16 9.1341 -25.0629 -2.0682 9.1795 -24.7018 0.8221 9.0912 -22.7625 -1.6987
3 16 9.1703 -23.6271 2.8476 9.1278 -22.5966 1.1227 9.1795 -24.7018 0.8221
3 16 9.1389 -22.6717 2.7308 9.1278 -22.5966 1.1227 9.1703 -23.6271 2.8476
3 16 9.1389 -22.6717 2.7308 7.8981 -19.7863 5.9665 7.5537 -19.0395 5.9284
3 16 9.1703 -23.6271 2.8476 7.8981 -19.7863 5.9665 9.1389 -22.6717 2.7308
3 16 2.4649 -18.3502 1.6628 2.439 -21.3165 -3.0535 2.471 -17.6488 -3.4532
3 16 2.4272 -22.6681 0.2547 2.439 -21.3165 -3.0535 2.4649 -18.3502 1.6628
3 16 -6.7164 -44.6636 33.9718 -8.76 -41.4267 34.1478 -6.6965 -43.3303 35.8239
3 16 -8.5225 -42.4356 32.4535 -8.76 -41.4267 34.1478 -6.7164 -44.6636 33.9718
3 16 2.41 -20.4276 -4.8384 2.471 -17.6488 -3.4532 2.439 -21.3165 -3.0535
3 16 -2.3776 -19.5171 -5.5549 -2.3392 -20.4486 -4.9945 -2.471 -17.6488 -3.4532
3 16 4.725 -20.0509 -7.4082 1.8319 -19.7385 -7.5738 4.7735 -22.2279 -8.2363
3 16 2.4549 -19.388 -7.4333 1.8319 -19.7385 -7.5738 4.725 -20.0509 -7.4082
3 16 -1.8319 -19.7385 -7.5738 -4.7735 -22.2279 -8.2363 0.0065 -22.176 -8.5705
3 16 9.2913 -17.3957 4.9413 9.3215 -16.5973 2.8368 9.2335 -19.2169 1.8453
3 16 -9.3215 -16.5973 2.8368 -9.2335 -19.2169 1.8453 -9.2952 -15.5065 1.715
3 368 4.8942 -30.6152 -12.6039 -0.0332 -31.4313 -12.8301 4.7535 -31.5784 -12.2967
3 368 -0.0238 -30.3531 -13.2675 -0.0332 -31.4313 -12.8301 4.8942 -30.6152 -12.6039
3 368 6.3351 -32.0394 -11.2783 4.8942 -30.6152 -12.6039 4.7535 -31.5784 -12.2967
3 368 7.0169 -31.0627 -11.4782 4.8942 -30.6152 -12.6039 6.3351 -32.0394 -11.2783
3 368 7.5567 -32.5842 -10.0898 7.0169 -31.0627 -11.4782 6.3351 -32.0394 -11.2783
3 368 8.7238 -31.7647 -9.7638 7.0169 -31.0627 -11.4782 7.5567 -32.5842 -10.0898
3 368 8.5126 -33.6766 -7.3978 8.7238 -31.7647 -9.7638 7.5567 -32.5842 -10.0898
3 368 9.7501 -32.5117 -7.0436 8.7238 -31.7647 -9.7638 8.5126 -33.6766 -7.3978
3 368 9.8258 -34.2769 -3.2614 8.5126 -33.6766 -7.3978 9.023 -35.4009 -3.3057
3 368 9.7501 -32.5117 -7.0436 8.5126 -33.6766 -7.3978 9.8258 -34.2769 -3.2614
3 368 9.8502 -36.3953 0.687 9.023 -35.4009 -3.3057 9.0426 -37.8922 0.9122
3 368 9.8258 -34.2769 -3.2614 9.023 -35.4009 -3.3057 9.8502 -36.3953 0.687
3 368 9.8644 -38.4942 2.8708 9.0426 -37.8922 0.9122 9.1267 -40.7402 2.7626
3 368 9.8502 -36.3953 0.687 9.0426 -37.8922 0.9122 9.8644 -38.4942 2.8708
3 368 9.8447 -41.4857 4.5544 9.1267 -40.7402 2.7626 8.9085 -43.3689 4.2701
3 368 9.8644 -38.4942 2.8708 9.1267 -40.7402 2.7626 9.8447 -41.4857 4.5544
3 368 0.0043 -28.4456 -12.6737 4.8942 -30.6152 -12.6039 5.0232 -28.6866 -12.0596
3 368 -0.0238 -30.3531 -13.2675 4.8942 -30.6152 -12.6039 0.0043 -28.4456 -12.6737
3 368 5.0232 -28.6866 -12.0596 7.0169 -31.0627 -11.4782 7.2087 -29.1092 -11.0026
3 368 4.8942 -30.6152 -12.6039 7.0169 -31.0627 -11.4782 5.0232 -28.6866 -12.0596
3 368 8.9308 -29.6746 -9.4398 7.0169 -31.0627 -11.4782 8.7238 -31.7647 -9.7638
3 368 7.2087 -29.1092 -11.0026 7.0169 -31.0627 -11.4782 8.9308 -29.6746 -9.4398
3 368 9.8118 -30.8463 -7.3921 8.7238 -31.7647 -9.7638 9.7501 -32.5117 -7.0436
3 368 8.9308 -29.6746 -9.4398 8.7238 -31.7647 -9.7638 9.8118 -30.8463 -7.3921
3 368 9.7501 -32.5117 -7.0436 9.8338 -32.5037 -3.1021 9.8118 -30.8463 -7.3921
3 368 9.8258 -34.2769 -3.2614 9.8338 -32.5037 -3.1021 9.7501 -32.5117 -7.0436
3 368 9.8338 -32.5037 -3.1021 9.8258 -34.2769 -3.2614 9.8502 -36.3953 0.687
3 368 8.9308 -29.6746 -9.4398 9.8118 -30.8463 -7.3921 9.8145 -29.1865 -7.3769
3 368 9.277 -25.9753 -8.0332 9.8223 -27.3961 -7.0832 9.8025 -26.2988 -6.3258
3 368 9.0985 -27.2996 -8.8298 9.8223 -27.3961 -7.0832 9.277 -25.9753 -8.0332
3 368 7.2694 -25.3724 -9.6716 9.0985 -27.2996 -8.8298 9.277 -25.9753 -8.0332
3 368 7.338 -26.8379 -10.3297 9.0985 -27.2996 -8.8298 7.2694 -25.3724 -9.6716
3 368 7.338 -26.8379 -10.3297 5.3357 -25.095 -10.5018 5.15 -26.4977 -11.2637
3 368 7.2694 -25.3724 -9.6716 5.3357 -25.095 -10.5018 7.338 -26.8379 -10.3297
3 368 5.15 -26.4977 -11.2637 0.0713 -24.859 -10.9762 0.0479 -26.2921 -11.7815
3 368 5.3357 -25.095 -10.5018 0.0713 -24.859 -10.9762 5.15 -26.4977 -11.2637
3 368 9.8145 -29.1865 -7.3769 9.8118 -30.8463 -7.3921 9.8338 -32.5037 -3.1021
3 368 9.8174 -44.6937 6.3574 8.9085 -43.3689 4.2701 8.3285 -46.0989 5.8515
3 368 9.8447 -41.4857 4.5544 8.9085 -43.3689 4.2701 9.8174 -44.6937 6.3574
3 368 6.1849 -45.398 4.4789 8.3285 -46.0989 5.8515 8.9085 -43.3689 4.2701
3 368 5.7826 -46.7662 5.4773 8.3285 -46.0989 5.8515 6.1849 -45.398 4.4789
3 368 8.1112 -47.9294 11.6427 9.8025 -45.7087 8.5922 7.8782 -47.9294 8.452
3 368 9.8169 -45.8347 11.6519 9.8025 -45.7087 8.5922 8.1112 -47.9294 11.6427
3 368 8.2153 -47.9294 15.6495 9.8169 -45.8347 11.6519 8.1112 -47.9294 11.6427
3 368 9.8477 -45.8347 15.8199 9.8169 -45.8347 11.6519 8.2153 -47.9294 15.6495
3 368 2.4544 -45.9493 4.4809 5.7826 -46.7662 5.4773 6.1849 -45.398 4.4789
3 368 2.4534 -47.0124 5.3037 5.7826 -46.7662 5.4773 2.4544 -45.9493 4.4809
3 368 8.2362 -47.9294 20.5337 9.8477 -45.8347 15.8199 8.2153 -47.9294 15.6495
3 368 9.864 -45.8347 20.839 9.8477 -45.8347 15.8199 8.2362 -47.9294 20.5337
3 368 8.2255 -47.9294 23.9087 9.864 -45.8347 20.839 8.2362 -47.9294 20.5337
3 368 9.8578 -45.8347 24.1429 9.864 -45.8347 20.839 8.2255 -47.9294 23.9087
3 368 8.2104 -47.9294 26.0347 9.8578 -45.8347 24.1429 8.2255 -47.9294 23.9087
3 368 9.8466 -45.8347 26.1237 9.8578 -45.8347 24.1429 8.2104 -47.9294 26.0347
3 368 9.8223 -27.3961 -7.0832 9.8198 -26.1768 -2.3648 9.8025 -26.2988 -6.3258
3 368 9.8305 -45.8347 27.9759 8.2104 -47.9294 26.0347 8.1508 -47.9294 28.2221
3 368 9.8466 -45.8347 26.1237 8.2104 -47.9294 26.0347 9.8305 -45.8347 27.9759
3 368 5.6792 -20.7006 13.9537 2.4662 -21.7724 17.3056 2.4878 -20.5757 14.0449
3 368 5.9694 -21.9807 17.4036 2.4662 -21.7724 17.3056 5.6792 -20.7006 13.9537
3 368 9.8025 -45.7087 8.5922 8.3285 -46.0989 5.8515 7.8782 -47.9294 8.452
3 368 9.8174 -44.6937 6.3574 8.3285 -46.0989 5.8515 9.8025 -45.7087 8.5922
3 368 -0.0139 -47.9294 18.056 8.2362 -47.9294 20.5337 8.2153 -47.9294 15.6495
3 368 -0.0139 -47.9294 18.056 8.2153 -47.9294 15.6495 8.1112 -47.9294 11.6427
3 368 -0.0139 -47.9294 18.056 8.2255 -47.9294 23.9087 8.2362 -47.9294 20.5337
3 368 5.9694 -21.9807 17.4036 2.4304 -23.1705 20.2923 2.4662 -21.7724 17.3056
3 368 6.8617 -23.531 20.3906 2.4304 -23.1705 20.2923 5.9694 -21.9807 17.4036
3 368 9.8026 -28.3808 21.3725 8.841 -29.7885 23.4059 8.8292 -26.1242 21.9894
3 368 9.8341 -31.651 22.7166 8.841 -29.7885 23.4059 9.8026 -28.3808 21.3725
3 368 9.8341 -31.651 22.7166 8.7843 -32.9177 25.0135 8.841 -29.7885 23.4059
3 368 9.8353 -34.6818 24.1571 8.7843 -32.9177 25.0135 9.8341 -31.651 22.7166
3 368 9.8353 -34.6818 24.1571 8.8545 -35.47 26.6436 8.7843 -32.9177 25.0135
3 368 9.8119 -37.0415 25.8282 8.8545 -35.47 26.6436 9.8353 -34.6818 24.1571
3 368 9.8119 -37.0415 25.8282 8.7819 -38.0623 28.5276 8.8545 -35.47 26.6436
3 368 9.7792 -39.3235 27.6926 8.7819 -38.0623 28.5276 9.8119 -37.0415 25.8282
3 368 9.7792 -39.3235 27.6926 8.7463 -40.2142 30.3713 8.7819 -38.0623 28.5276
3 368 9.7576 -41.3937 29.5482 8.7463 -40.2142 30.3713 9.7792 -39.3235 27.6926
3 368 0.0713 -24.859 -10.9762 4.8812 -24.4648 -9.209 0 -24.3783 -9.4792
3 368 5.3357 -25.095 -10.5018 4.8812 -24.4648 -9.209 0.0713 -24.859 -10.9762
3 368 5.3357 -25.095 -10.5018 6.6434 -24.68 -8.8593 4.8812 -24.4648 -9.209
3 368 7.2694 -25.3724 -9.6716 6.6434 -24.68 -8.8593 5.3357 -25.095 -10.5018
3 368 6.6434 -24.68 -8.8593 9.277 -25.9753 -8.0332 8.7115 -24.9572 -6.9277
3 368 7.2694 -25.3724 -9.6716 9.277 -25.9753 -8.0332 6.6434 -24.68 -8.8593
3 368 8.7115 -24.9572 -6.9277 9.8025 -26.2988 -6.3258 8.9863 -25.0497 -5.019
3 368 9.277 -25.9753 -8.0332 9.8025 -26.2988 -6.3258 8.7115 -24.9572 -6.9277
3 368 6.8617 -23.531 20.3906 8.8051 -22.2614 17.4176 8.6691 -23.6035 20.131
3 368 5.9694 -21.9807 17.4036 8.8051 -22.2614 17.4176 6.8617 -23.531 20.3906
3 368 8.7336 -20.9639 13.9965 5.9694 -21.9807 17.4036 5.6792 -20.7006 13.9537
3 368 8.8051 -22.2614 17.4176 5.9694 -21.9807 17.4036 8.7336 -20.9639 13.9965
3 368 9.8632 -24.1256 17.1131 8.6691 -23.6035 20.131 8.8051 -22.2614 17.4176
3 368 9.835 -25.8504 19.4807 8.6691 -23.6035 20.131 9.8632 -24.1256 17.1131
3 368 9.8446 -22.8455 13.6133 8.8051 -22.2614 17.4176 8.7336 -20.9639 13.9965
3 368 9.8632 -24.1256 17.1131 8.8051 -22.2614 17.4176 9.8446 -22.8455 13.6133
3 368 9.8306 -22.0174 9.9888 8.7336 -20.9639 13.9965 8.6341 -19.8503 10.1628
3 368 9.8446 -22.8455 13.6133 8.7336 -20.9639 13.9965 9.8306 -22.0174 9.9888
3 368 9.8103 -21.8005 6.6269 8.6341 -19.8503 10.1628 7.8981 -19.7863 5.9665
3 368 9.8306 -22.0174 9.9888 8.6341 -19.8503 10.1628 9.8103 -21.8005 6.6269
3 368 0.1147 -45.1509 34.2457 1.8453 -45.0008 34.227 0.1362 -46.6787 33.5151
3 368 8.2255 -47.9294 23.9087 0.0271 -47.9294 28.1951 8.2104 -47.9294 26.0347
3 368 -0.0139 -47.9294 18.056 0.0271 -47.9294 28.1951 8.2255 -47.9294 23.9087
3 368 0.0271 -47.9294 28.1951 8.1508 -47.9294 28.2221 8.2104 -47.9294 26.0347
3 368 -0.0433 -47.9294 9.6612 8.1112 -47.9294 11.6427 7.8782 -47.9294 8.452
3 368 -0.0139 -47.9294 18.056 8.1112 -47.9294 11.6427 -0.0433 -47.9294 9.6612
3 368 -0.0433 -47.9294 9.6612 7.8782 -47.9294 8.452 5.6502 -47.9294 6.8678
3 368 5.6502 -47.9294 6.8678 2.329 -47.9294 6.2704 -0.0433 -47.9294 9.6612
3 368 5.6502 -47.9294 6.8678 2.4534 -47.0124 5.3037 2.329 -47.9294 6.2704
3 368 5.7826 -46.7662 5.4773 2.4534 -47.0124 5.3037 5.6502 -47.9294 6.8678
3 368 5.6502 -47.9294 6.8678 8.3285 -46.0989 5.8515 5.7826 -46.7662 5.4773
3 368 7.8782 -47.9294 8.452 8.3285 -46.0989 5.8515 5.6502 -47.9294 6.8678
3 368 9.835 -25.8504 19.4807 8.8292 -26.1242 21.9894 8.6691 -23.6035 20.131
3 368 9.8026 -28.3808 21.3725 8.8292 -26.1242 21.9894 9.835 -25.8504 19.4807
3 368 6.8617 -23.531 20.3906 8.6691 -23.6035 20.131 8.8292 -26.1242 21.9894
3 368 9.7453 -43.1216 30.8112 9.7576 -41.3937 29.5482 9.8431 -44.5861 30.5127
3 368 8.7463 -40.2142 30.3713 9.7453 -43.1216 30.8112 8.5539 -42.3313 32.4177
3 368 9.7576 -41.3937 29.5482 9.7453 -43.1216 30.8112 8.7463 -40.2142 30.3713
3 368 6.7164 -44.6636 33.9718 5.4971 -46.5574 33.2725 5.2211 -44.8577 34.0857
3 368 7.4492 -46.2146 32.9642 5.4971 -46.5574 33.2725 6.7164 -44.6636 33.9718
3 368 0.0271 -47.9294 28.1951 7.4365 -47.9294 30.4659 8.1508 -47.9294 28.2221
3 368 9.8239 -45.6004 29.5567 8.1508 -47.9294 28.2221 7.4365 -47.9294 30.4659
3 368 9.8305 -45.8347 27.9759 8.1508 -47.9294 28.2221 9.8239 -45.6004 29.5567
3 368 9.7453 -43.1216 30.8112 9.8431 -44.5861 30.5127 7.4492 -46.2146 32.9642
3 368 9.8406 -25.843 1.2199 9.1703 -23.6271 2.8476 9.1795 -24.7018 0.8221
3 368 9.846 -24.6548 4.018 9.1703 -23.6271 2.8476 9.8406 -25.843 1.2199
3 368 5.6792 -20.7006 13.9537 8.6341 -19.8503 10.1628 8.7336 -20.9639 13.9965
3 368 5.5045 -19.6279 10.22 8.6341 -19.8503 10.1628 5.6792 -20.7006 13.9537
3 368 7.8981 -19.7863 5.9665 5.5045 -19.6279 10.22 5.1395 -19.2815 6.569
3 368 8.6341 -19.8503 10.1628 5.5045 -19.6279 10.22 7.8981 -19.7863 5.9665
3 368 2.4705 -19.4618 10.1349 5.1395 -19.2815 6.569 5.5045 -19.6279 10.22
3 368 2.4584 -19.0837 6.687 5.1395 -19.2815 6.569 2.4705 -19.4618 10.1349
3 368 5.5045 -19.6279 10.22 2.4878 -20.5757 14.0449 2.4705 -19.4618 10.1349
3 368 5.6792 -20.7006 13.9537 2.4878 -20.5757 14.0449 5.5045 -19.6279 10.22
3 368 9.1703 -23.6271 2.8476 9.8103 -21.8005 6.6269 7.8981 -19.7863 5.9665
3 368 9.846 -24.6548 4.018 9.8103 -21.8005 6.6269 9.1703 -23.6271 2.8476
3 368 9.1341 -25.0629 -2.0682 9.8406 -25.843 1.2199 9.1795 -24.7018 0.8221
3 368 9.8198 -26.1768 -2.3648 9.8406 -25.843 1.2199 9.1341 -25.0629 -2.0682
3 368 8.9863 -25.0497 -5.019 9.8198 -26.1768 -2.3648 9.1341 -25.0629 -2.0682
3 368 9.8025 -26.2988 -6.3258 9.8198 -26.1768 -2.3648 8.9863 -25.0497 -5.019
3 368 7.4492 -46.2146 32.9642 5.5806 -47.9294 31.8167 5.4971 -46.5574 33.2725
3 368 7.4365 -47.9294 30.4659 5.5806 -47.9294 31.8167 7.4492 -46.2146 32.9642
3 368 9.8431 -44.5861 30.5127 7.4365 -47.9294 30.4659 7.4492 -46.2146 32.9642
3 368 9.8239 -45.6004 29.5567 7.4365 -47.9294 30.4659 9.8431 -44.5861 30.5127
3 368 9.8431 -44.5861 30.5127 9.7576 -41.3937 29.5482 9.8239 -45.6004 29.5567
3 368 9.7576 -41.3937 29.5482 9.8466 -45.8347 26.1237 9.8305 -45.8347 27.9759
3 368 9.7792 -39.3235 27.6926 9.8466 -45.8347 26.1237 9.7576 -41.3937 29.5482
3 368 9.7792 -39.3235 27.6926 9.8578 -45.8347 24.1429 9.8466 -45.8347 26.1237
3 368 9.8119 -37.0415 25.8282 9.8578 -45.8347 24.1429 9.7792 -39.3235 27.6926
3 368 9.864 -45.8347 20.839 9.8119 -37.0415 25.8282 9.8353 -34.6818 24.1571
3 368 9.8578 -45.8347 24.1429 9.8119 -37.0415 25.8282 9.864 -45.8347 20.839
3 368 9.864 -45.8347 20.839 9.8353 -34.6818 24.1571 9.8341 -31.651 22.7166
3 368 9.8477 -45.8347 15.8199 9.8341 -31.651 22.7166 9.8026 -28.3808 21.3725
3 368 9.864 -45.8347 20.839 9.8341 -31.651 22.7166 9.8477 -45.8347 15.8199
3 368 9.8477 -45.8347 15.8199 9.8026 -28.3808 21.3725 9.835 -25.8504 19.4807
3 368 9.8169 -45.8347 11.6519 9.835 -25.8504 19.4807 9.8632 -24.1256 17.1131
3 368 9.8477 -45.8347 15.8199 9.835 -25.8504 19.4807 9.8169 -45.8347 11.6519
3 368 9.8446 -22.8455 13.6133 9.8169 -45.8347 11.6519 9.8632 -24.1256 17.1131
3 368 9.8025 -45.7087 8.5922 9.8169 -45.8347 11.6519 9.8446 -22.8455 13.6133
3 368 9.8174 -44.6937 6.3574 9.8446 -22.8455 13.6133 9.8306 -22.0174 9.9888
3 368 9.8025 -45.7087 8.5922 9.8446 -22.8455 13.6133 9.8174 -44.6937 6.3574
3 368 9.8447 -41.4857 4.5544 9.8306 -22.0174 9.9888 9.8103 -21.8005 6.6269
3 368 9.8174 -44.6937 6.3574 9.8306 -22.0174 9.9888 9.8447 -41.4857 4.5544
3 368 9.846 -24.6548 4.018 9.8447 -41.4857 4.5544 9.8103 -21.8005 6.6269
3 368 9.8644 -38.4942 2.8708 9.8447 -41.4857 4.5544 9.846 -24.6548 4.018
3 368 9.8502 -36.3953 0.687 9.846 -24.6548 4.018 9.8406 -25.843 1.2199
3 368 9.8644 -38.4942 2.8708 9.846 -24.6548 4.018 9.8502 -36.3953 0.687
3 368 9.8406 -25.843 1.2199 9.8338 -32.5037 -3.1021 9.8502 -36.3953 0.687
3 368 9.8198 -26.1768 -2.3648 9.8338 -32.5037 -3.1021 9.8406 -25.843 1.2199
3 368 9.8145 -29.1865 -7.3769 9.8198 -26.1768 -2.3648 9.8223 -27.3961 -7.0832
3 368 9.8338 -32.5037 -3.1021 9.8198 -26.1768 -2.3648 9.8145 -29.1865 -7.3769
3 368 9.0985 -27.2996 -8.8298 9.8145 -29.1865 -7.3769 9.8223 -27.3961 -7.0832
3 368 8.9308 -29.6746 -9.4398 9.8145 -29.1865 -7.3769 9.0985 -27.2996 -8.8298
3 368 7.338 -26.8379 -10.3297 8.9308 -29.6746 -9.4398 9.0985 -27.2996 -8.8298
3 368 7.2087 -29.1092 -11.0026 8.9308 -29.6746 -9.4398 7.338 -26.8379 -10.3297
3 368 7.2087 -29.1092 -11.0026 5.15 -26.4977 -11.2637 5.0232 -28.6866 -12.0596
3 368 7.338 -26.8379 -10.3297 5.15 -26.4977 -11.2637 7.2087 -29.1092 -11.0026
3 368 5.0232 -28.6866 -12.0596 0.0479 -26.2921 -11.7815 0.0043 -28.4456 -12.6737
3 368 5.15 -26.4977 -11.2637 0.0479 -26.2921 -11.7815 5.0232 -28.6866 -12.0596
3 368 2.4544 -45.9493 4.4809 -2.6482 -47.0445 5.347 2.4534 -47.0124 5.3037
3 368 -2.6745 -45.9605 4.4968 -2.6482 -47.0445 5.347 2.4544 -45.9493 4.4809
3 368 -2.6482 -47.0445 5.347 2.329 -47.9294 6.2704 2.4534 -47.0124 5.3037
3 368 -2.5741 -47.9294 6.335 2.329 -47.9294 6.2704 -2.6482 -47.0445 5.347
3 368 -2.5741 -47.9294 6.335 -0.0433 -47.9294 9.6612 2.329 -47.9294 6.2704
3 368 3.6438 -47.9294 32.2021 5.4971 -46.5574 33.2725 5.5806 -47.9294 31.8167
3 368 3.607 -46.6384 33.4305 5.4971 -46.5574 33.2725 3.6438 -47.9294 32.2021
3 368 5.2211 -44.8577 34.0857 3.607 -46.6384 33.4305 3.2099 -44.9485 34.1811
3 368 5.4971 -46.5574 33.2725 3.607 -46.6384 33.4305 5.2211 -44.8577 34.0857
3 368 0.1403 -47.9294 32.3511 3.607 -46.6384 33.4305 3.6438 -47.9294 32.2021
3 368 0.1362 -46.6787 33.5151 3.607 -46.6384 33.4305 0.1403 -47.9294 32.3511
3 368 3.607 -46.6384 33.4305 1.8453 -45.0008 34.227 3.2099 -44.9485 34.1811
3 368 0.1362 -46.6787 33.5151 1.8453 -45.0008 34.227 3.607 -46.6384 33.4305
3 368 0.0271 -47.9294 28.1951 0.1403 -47.9294 32.3511 3.6438 -47.9294 32.2021
3 368 5.5806 -47.9294 31.8167 7.4365 -47.9294 30.4659 0.0271 -47.9294 28.1951
3 368 -1.4904 -45.0402 34.242 0.1147 -45.1509 34.2457 0.1362 -46.6787 33.5151
3 368 -0.0238 -30.3531 -13.2675 -4.7764 -31.5927 -12.2934 -0.0332 -31.4313 -12.8301
3 368 -5.0762 -30.653 -12.5311 -4.7764 -31.5927 -12.2934 -0.0238 -30.3531 -13.2675
3 368 -5.0762 -30.653 -12.5311 -6.3601 -32.0591 -11.2613 -4.7764 -31.5927 -12.2934
3 368 -7.0169 -31.0627 -11.4782 -6.3601 -32.0591 -11.2613 -5.0762 -30.653 -12.5311
3 368 -7.0169 -31.0627 -11.4782 -7.5576 -32.5962 -10.0907 -6.3601 -32.0591 -11.2613
3 368 -8.7341 -31.7494 -9.7586 -7.5576 -32.5962 -10.0907 -7.0169 -31.0627 -11.4782
3 368 -8.7341 -31.7494 -9.7586 -8.5308 -33.6458 -7.3709 -7.5576 -32.5962 -10.0907
3 368 -9.7501 -32.5117 -7.0436 -8.5308 -33.6458 -7.3709 -8.7341 -31.7494 -9.7586
3 368 -8.5308 -33.6458 -7.3709 -9.8216 -34.3111 -3.2735 -9.0031 -35.4092 -3.3232
3 368 -9.7501 -32.5117 -7.0436 -9.8216 -34.3111 -3.2735 -8.5308 -33.6458 -7.3709
3 368 -9.0031 -35.4092 -3.3232 -9.8481 -36.4494 0.7287 -9.0426 -37.8922 0.9122
3 368 -9.8216 -34.3111 -3.2735 -9.8481 -36.4494 0.7287 -9.0031 -35.4092 -3.3232
3 368 -9.0426 -37.8922 0.9122 -9.8644 -38.4942 2.8708 -9.0534 -40.5836 2.7464
3 368 -9.8481 -36.4494 0.7287 -9.8644 -38.4942 2.8708 -9.0426 -37.8922 0.9122
3 368 -9.0534 -40.5836 2.7464 -9.8447 -41.4857 4.5544 -8.9085 -43.3689 4.2701
3 368 -9.8644 -38.4942 2.8708 -9.8447 -41.4857 4.5544 -9.0534 -40.5836 2.7464
3 368 -5.0478 -28.7042 -12.0532 -0.0238 -30.3531 -13.2675 0.0043 -28.4456 -12.6737
3 368 -5.0762 -30.653 -12.5311 -0.0238 -30.3531 -13.2675 -5.0478 -28.7042 -12.0532
3 368 -7.1994 -29.1139 -11.0088 -5.0762 -30.653 -12.5311 -5.0478 -28.7042 -12.0532
3 368 -7.0169 -31.0627 -11.4782 -5.0762 -30.653 -12.5311 -7.1994 -29.1139 -11.0088
3 368 -7.0169 -31.0627 -11.4782 -8.9267 -29.6747 -9.4461 -8.7341 -31.7494 -9.7586
3 368 -7.1994 -29.1139 -11.0088 -8.9267 -29.6747 -9.4461 -7.0169 -31.0627 -11.4782
3 368 -9.8118 -30.8463 -7.3921 -8.7341 -31.7494 -9.7586 -8.9267 -29.6747 -9.4461
3 368 -9.7501 -32.5117 -7.0436 -8.7341 -31.7494 -9.7586 -9.8118 -30.8463 -7.3921
3 368 -9.8338 -32.5037 -3.1021 -9.7501 -32.5117 -7.0436 -9.8118 -30.8463 -7.3921
3 368 -9.8216 -34.3111 -3.2735 -9.7501 -32.5117 -7.0436 -9.8338 -32.5037 -3.1021
3 368 -9.8216 -34.3111 -3.2735 -9.8338 -32.5037 -3.1021 -9.8481 -36.4494 0.7287
3 368 -9.8118 -30.8463 -7.3921 -8.9267 -29.6747 -9.4461 -9.8145 -29.1865 -7.3769
3 368 -9.2472 -25.9406 -8.0601 -9.8223 -27.3961 -7.0832 -9.0874 -27.2977 -8.8445
3 368 -9.7929 -26.2441 -6.2297 -9.8223 -27.3961 -7.0832 -9.2472 -25.9406 -8.0601
3 368 -7.3077 -25.4182 -9.6972 -9.0874 -27.2977 -8.8445 -7.302 -26.8353 -10.3524
3 368 -9.2472 -25.9406 -8.0601 -9.0874 -27.2977 -8.8445 -7.3077 -25.4182 -9.6972
3 368 -7.302 -26.8353 -10.3524 -5.046 -25.0455 -10.561 -7.3077 -25.4182 -9.6972
3 368 -5.0434 -26.4985 -11.2996 -5.046 -25.0455 -10.561 -7.302 -26.8353 -10.3524
3 368 -5.0434 -26.4985 -11.2996 0.0713 -24.859 -10.9762 -5.046 -25.0455 -10.561
3 368 0.0479 -26.2921 -11.7815 0.0713 -24.859 -10.9762 -5.0434 -26.4985 -11.2996
3 368 -9.8118 -30.8463 -7.3921 -9.8145 -29.1865 -7.3769 -9.8338 -32.5037 -3.1021
3 368 -8.9085 -43.3689 4.2701 -9.8174 -44.6937 6.3574 -8.2744 -46.1133 5.8323
3 368 -9.8447 -41.4857 4.5544 -9.8174 -44.6937 6.3574 -8.9085 -43.3689 4.2701
3 368 -6.1083 -45.3778 4.448 -8.2744 -46.1133 5.8323 -5.9507 -46.8689 5.6141
3 368 -8.9085 -43.3689 4.2701 -8.2744 -46.1133 5.8323 -6.1083 -45.3778 4.448
3 368 -9.8025 -45.7087 8.5922 -8.1387 -47.9294 11.7158 -7.7206 -47.9294 8.3724
3 368 -9.8169 -45.8347 11.6519 -8.1387 -47.9294 11.7158 -9.8025 -45.7087 8.5922
3 368 -9.8169 -45.8347 11.6519 -8.2407 -47.9294 15.6614 -8.1387 -47.9294 11.7158
3 368 -9.8477 -45.8347 15.8199 -8.2407 -47.9294 15.6614 -9.8169 -45.8347 11.6519
3 368 -2.6745 -45.9605 4.4968 -5.9507 -46.8689 5.6141 -2.6482 -47.0445 5.347
3 368 -6.1083 -45.3778 4.448 -5.9507 -46.8689 5.6141 -2.6745 -45.9605 4.4968
3 368 -9.8477 -45.8347 15.8199 -8.2256 -47.9294 20.5409 -8.2407 -47.9294 15.6614
3 368 -9.8623 -45.8347 20.8214 -8.2256 -47.9294 20.5409 -9.8477 -45.8347 15.8199
3 368 -9.8623 -45.8347 20.8214 -8.2186 -47.9294 23.9189 -8.2256 -47.9294 20.5409
3 368 -9.8578 -45.8347 24.1429 -8.2186 -47.9294 23.9189 -9.8623 -45.8347 20.8214
3 368 -9.8578 -45.8347 24.1429 -8.2336 -47.9294 26.0765 -8.2186 -47.9294 23.9189
3 368 -9.8466 -45.8347 26.1237 -8.2336 -47.9294 26.0765 -9.8578 -45.8347 24.1429
3 368 -9.825 -26.235 -2.2958 -9.8223 -27.3961 -7.0832 -9.7929 -26.2441 -6.2297
3 368 -8.2336 -47.9294 26.0765 -9.8305 -45.8347 27.9759 -8.1529 -47.9294 28.3514
3 368 -9.8466 -45.8347 26.1237 -9.8305 -45.8347 27.9759 -8.2336 -47.9294 26.0765
3 368 -5.5342 -20.7281 14.0552 -2.4662 -21.7724 17.3056 -5.4777 -22.0269 17.5722
3 368 -2.4878 -20.5757 14.0449 -2.4662 -21.7724 17.3056 -5.5342 -20.7281 14.0552
3 368 -8.2744 -46.1133 5.8323 -9.8025 -45.7087 8.5922 -7.7206 -47.9294 8.3724
3 368 -9.8174 -44.6937 6.3574 -9.8025 -45.7087 8.5922 -8.2744 -46.1133 5.8323
3 368 -2.445 -23.6848 21.0845 -5.4777 -22.0269 17.5722 -2.4662 -21.7724 17.3056
3 368 -4.9798 -23.9983 21.1336 -5.4777 -22.0269 17.5722 -2.445 -23.6848 21.0845
3 368 -8.9589 -30.0614 23.5226 -9.8026 -28.3808 21.3725 -8.7629 -26.7184 22.2732
3 368 -9.8341 -31.651 22.7166 -9.8026 -28.3808 21.3725 -8.9589 -30.0614 23.5226
3 368 -8.825 -33.0189 25.0498 -9.8341 -31.651 22.7166 -8.9589 -30.0614 23.5226
3 368 -9.8353 -34.6818 24.1571 -9.8341 -31.651 22.7166 -8.825 -33.0189 25.0498
3 368 -8.7893 -35.172 26.4949 -9.8353 -34.6818 24.1571 -8.825 -33.0189 25.0498
3 368 -9.8119 -37.0415 25.8282 -9.8353 -34.6818 24.1571 -8.7893 -35.172 26.4949
3 368 -8.7748 -38.0115 28.5604 -9.8119 -37.0415 25.8282 -8.7893 -35.172 26.4949
3 368 -9.7792 -39.3235 27.6926 -9.8119 -37.0415 25.8282 -8.7748 -38.0115 28.5604
3 368 -8.7463 -40.2142 30.3713 -9.7792 -39.3235 27.6926 -8.7748 -38.0115 28.5604
3 368 -9.7576 -41.3937 29.5482 -9.7792 -39.3235 27.6926 -8.7463 -40.2142 30.3713
3 368 -8.5225 -42.4356 32.4535 -7.4767 -46.1409 32.9955 -9.7453 -43.1216 30.8112
3 368 -6.7164 -44.6636 33.9718 -7.4767 -46.1409 32.9955 -8.5225 -42.4356 32.4535
3 368 -5.046 -25.0455 -10.561 0 -24.3783 -9.4792 -4.8812 -24.4648 -9.209
3 368 0.0713 -24.859 -10.9762 0 -24.3783 -9.4792 -5.046 -25.0455 -10.561
3 368 -6.6434 -24.68 -8.8593 -5.046 -25.0455 -10.561 -4.8812 -24.4648 -9.209
3 368 -7.3077 -25.4182 -9.6972 -5.046 -25.0455 -10.561 -6.6434 -24.68 -8.8593
3 368 -9.2472 -25.9406 -8.0601 -6.6434 -24.68 -8.8593 -8.7115 -24.9572 -6.9277
3 368 -7.3077 -25.4182 -9.6972 -6.6434 -24.68 -8.8593 -9.2472 -25.9406 -8.0601
3 368 -9.7929 -26.2441 -6.2297 -8.7115 -24.9572 -6.9277 -8.9863 -25.0497 -5.019
3 368 -9.2472 -25.9406 -8.0601 -8.7115 -24.9572 -6.9277 -9.7929 -26.2441 -6.2297
3 368 -8.6682 -23.5847 20.1049 -5.4777 -22.0269 17.5722 -4.9798 -23.9983 21.1336
3 368 -8.8177 -22.3036 17.4925 -5.4777 -22.0269 17.5722 -8.6682 -23.5847 20.1049
3 368 -5.4777 -22.0269 17.5722 -8.6813 -20.9402 14.0165 -5.5342 -20.7281 14.0552
3 368 -8.8177 -22.3036 17.4925 -8.6813 -20.9402 14.0165 -5.4777 -22.0269 17.5722
3 368 -8.6682 -23.5847 20.1049 -9.8652 -24.1134 16.9355 -8.8177 -22.3036 17.4925
3 368 -9.839 -25.9505 19.4241 -9.8652 -24.1134 16.9355 -8.6682 -23.5847 20.1049
3 368 -8.8177 -22.3036 17.4925 -9.8446 -22.8455 13.6133 -8.6813 -20.9402 14.0165
3 368 -9.8652 -24.1134 16.9355 -9.8446 -22.8455 13.6133 -8.8177 -22.3036 17.4925
3 368 -8.6813 -20.9402 14.0165 -9.835 -22.0858 10.1479 -8.6809 -19.9924 10.6603
3 368 -9.8446 -22.8455 13.6133 -9.835 -22.0858 10.1479 -8.6813 -20.9402 14.0165
3 368 -8.6809 -19.9924 10.6603 -9.7962 -21.7794 6.5692 -7.8981 -19.7863 5.9665
3 368 -9.835 -22.0858 10.1479 -9.7962 -21.7794 6.5692 -8.6809 -19.9924 10.6603
3 368 -2.6482 -47.0445 5.347 -5.6458 -47.9294 6.9215 -2.5741 -47.9294 6.335
3 368 -5.9507 -46.8689 5.6141 -5.6458 -47.9294 6.9215 -2.6482 -47.0445 5.347
3 368 -8.2744 -46.1133 5.8323 -5.6458 -47.9294 6.9215 -5.9507 -46.8689 5.6141
3 368 -7.7206 -47.9294 8.3724 -5.6458 -47.9294 6.9215 -8.2744 -46.1133 5.8323
3 368 -8.7629 -26.7184 22.2732 -9.839 -25.9505 19.4241 -8.6682 -23.5847 20.1049
3 368 -9.8026 -28.3808 21.3725 -9.839 -25.9505 19.4241 -8.7629 -26.7184 22.2732
3 368 -9.7576 -41.3937 29.5482 -9.7453 -43.1216 30.8112 -9.8431 -44.5861 30.5127
3 368 -6.7164 -44.6636 33.9718 -5.3631 -46.5217 33.3129 -7.4767 -46.1409 32.9955
3 368 -4.9818 -44.8328 34.0916 -5.3631 -46.5217 33.3129 -6.7164 -44.6636 33.9718
3 368 -8.1529 -47.9294 28.3514 -9.8239 -45.6004 29.5567 -7.3745 -47.9294 30.4423
3 368 -9.8305 -45.8347 27.9759 -9.8239 -45.6004 29.5567 -8.1529 -47.9294 28.3514
3 368 -9.7453 -43.1216 30.8112 -7.4767 -46.1409 32.9955 -9.8431 -44.5861 30.5127
3 368 -9.1603 -23.6271 2.8476 -9.8465 -25.9027 1.2506 -9.1795 -24.7018 0.8221
3 368 -9.846 -24.6548 4.018 -9.8465 -25.9027 1.2506 -9.1603 -23.6271 2.8476
3 368 -8.6809 -19.9924 10.6603 -5.5342 -20.7281 14.0552 -8.6813 -20.9402 14.0165
3 368 -5.4796 -19.6935 10.4876 -5.5342 -20.7281 14.0552 -8.6809 -19.9924 10.6603
3 368 -5.4796 -19.6935 10.4876 -7.8981 -19.7863 5.9665 -5.1395 -19.2815 6.569
3 368 -8.6809 -19.9924 10.6603 -7.8981 -19.7863 5.9665 -5.4796 -19.6935 10.4876
3 368 -5.1395 -19.2815 6.569 -2.4601 -19.5601 10.5319 -5.4796 -19.6935 10.4876
3 368 -2.4584 -19.0837 6.687 -2.4601 -19.5601 10.5319 -5.1395 -19.2815 6.569
3 368 -5.4796 -19.6935 10.4876 -2.4878 -20.5757 14.0449 -5.5342 -20.7281 14.0552
3 368 -2.4601 -19.5601 10.5319 -2.4878 -20.5757 14.0449 -5.4796 -19.6935 10.4876
3 368 -9.7962 -21.7794 6.5692 -9.1603 -23.6271 2.8476 -7.8981 -19.7863 5.9665
3 368 -9.846 -24.6548 4.018 -9.1603 -23.6271 2.8476 -9.7962 -21.7794 6.5692
3 368 -9.8465 -25.9027 1.2506 -9.1341 -25.0629 -2.0682 -9.1795 -24.7018 0.8221
3 368 -9.825 -26.235 -2.2958 -9.1341 -25.0629 -2.0682 -9.8465 -25.9027 1.2506
3 368 -9.825 -26.235 -2.2958 -8.9863 -25.0497 -5.019 -9.1341 -25.0629 -2.0682
3 368 -9.7929 -26.2441 -6.2297 -8.9863 -25.0497 -5.019 -9.825 -26.235 -2.2958
3 368 -7.4767 -46.1409 32.9955 -5.5215 -47.9294 31.8432 -7.3745 -47.9294 30.4423
3 368 -5.3631 -46.5217 33.3129 -5.5215 -47.9294 31.8432 -7.4767 -46.1409 32.9955
3 368 -7.3745 -47.9294 30.4423 -9.8431 -44.5861 30.5127 -7.4767 -46.1409 32.9955
3 368 -9.8239 -45.6004 29.5567 -9.8431 -44.5861 30.5127 -7.3745 -47.9294 30.4423
3 368 -9.8305 -45.8347 27.9759 -9.8431 -44.5861 30.5127 -9.8239 -45.6004 29.5567
3 368 -9.7576 -41.3937 29.5482 -9.8431 -44.5861 30.5127 -9.8305 -45.8347 27.9759
3 368 -9.8466 -45.8347 26.1237 -9.7576 -41.3937 29.5482 -9.8305 -45.8347 27.9759
3 368 -9.7792 -39.3235 27.6926 -9.7576 -41.3937 29.5482 -9.8466 -45.8347 26.1237
3 368 -9.8578 -45.8347 24.1429 -9.7792 -39.3235 27.6926 -9.8466 -45.8347 26.1237
3 368 -9.8119 -37.0415 25.8282 -9.7792 -39.3235 27.6926 -9.8578 -45.8347 24.1429
3 368 -9.8623 -45.8347 20.8214 -9.8119 -37.0415 25.8282 -9.8578 -45.8347 24.1429
3 368 -9.8353 -34.6818 24.1571 -9.8119 -37.0415 25.8282 -9.8623 -45.8347 20.8214
3 368 -9.8353 -34.6818 24.1571 -9.8623 -45.8347 20.8214 -9.8341 -31.651 22.7166
3 368 -9.8341 -31.651 22.7166 -9.8477 -45.8347 15.8199 -9.8026 -28.3808 21.3725
3 368 -9.8623 -45.8347 20.8214 -9.8477 -45.8347 15.8199 -9.8341 -31.651 22.7166
3 368 -9.8026 -28.3808 21.3725 -9.8477 -45.8347 15.8199 -9.839 -25.9505 19.4241
3 368 -9.8169 -45.8347 11.6519 -9.839 -25.9505 19.4241 -9.8477 -45.8347 15.8199
3 368 -9.8652 -24.1134 16.9355 -9.839 -25.9505 19.4241 -9.8169 -45.8347 11.6519
3 368 -9.8446 -22.8455 13.6133 -9.8169 -45.8347 11.6519 -9.8025 -45.7087 8.5922
3 368 -9.8652 -24.1134 16.9355 -9.8169 -45.8347 11.6519 -9.8446 -22.8455 13.6133
3 368 -9.8446 -22.8455 13.6133 -9.8174 -44.6937 6.3574 -9.835 -22.0858 10.1479
3 368 -9.8025 -45.7087 8.5922 -9.8174 -44.6937 6.3574 -9.8446 -22.8455 13.6133
3 368 -9.835 -22.0858 10.1479 -9.8447 -41.4857 4.5544 -9.7962 -21.7794 6.5692
3 368 -9.8174 -44.6937 6.3574 -9.8447 -41.4857 4.5544 -9.835 -22.0858 10.1479
3 368 -9.846 -24.6548 4.018 -9.8447 -41.4857 4.5544 -9.8644 -38.4942 2.8708
3 368 -9.7962 -21.7794 6.5692 -9.8447 -41.4857 4.5544 -9.846 -24.6548 4.018
3 368 -9.8481 -36.4494 0.7287 -9.846 -24.6548 4.018 -9.8644 -38.4942 2.8708
3 368 -9.8465 -25.9027 1.2506 -9.846 -24.6548 4.018 -9.8481 -36.4494 0.7287
3 368 -9.8338 -32.5037 -3.1021 -9.8465 -25.9027 1.2506 -9.8481 -36.4494 0.7287
3 368 -9.825 -26.235 -2.2958 -9.8465 -25.9027 1.2506 -9.8338 -32.5037 -3.1021
3 368 -9.825 -26.235 -2.2958 -9.8145 -29.1865 -7.3769 -9.8223 -27.3961 -7.0832
3 368 -9.8338 -32.5037 -3.1021 -9.8145 -29.1865 -7.3769 -9.825 -26.235 -2.2958
3 368 -9.0874 -27.2977 -8.8445 -9.8145 -29.1865 -7.3769 -8.9267 -29.6747 -9.4461
3 368 -9.8223 -27.3961 -7.0832 -9.8145 -29.1865 -7.3769 -9.0874 -27.2977 -8.8445
3 368 -7.302 -26.8353 -10.3524 -8.9267 -29.6747 -9.4461 -7.1994 -29.1139 -11.0088
3 368 -9.0874 -27.2977 -8.8445 -8.9267 -29.6747 -9.4461 -7.302 -26.8353 -10.3524
3 368 -5.0478 -28.7042 -12.0532 -7.302 -26.8353 -10.3524 -7.1994 -29.1139 -11.0088
3 368 -5.0434 -26.4985 -11.2996 -7.302 -26.8353 -10.3524 -5.0478 -28.7042 -12.0532
3 368 0.0043 -28.4456 -12.6737 -5.0434 -26.4985 -11.2996 -5.0478 -28.7042 -12.0532
3 368 0.0479 -26.2921 -11.7815 -5.0434 -26.4985 -11.2996 0.0043 -28.4456 -12.6737
3 368 -2.5741 -47.9294 6.335 -5.6458 -47.9294 6.9215 -0.0433 -47.9294 9.6612
3 368 -7.7206 -47.9294 8.3724 -0.0433 -47.9294 9.6612 -5.6458 -47.9294 6.9215
3 368 -8.1387 -47.9294 11.7158 -0.0433 -47.9294 9.6612 -7.7206 -47.9294 8.3724
3 368 -0.0139 -47.9294 18.056 -0.0433 -47.9294 9.6612 -8.1387 -47.9294 11.7158
3 368 -8.2407 -47.9294 15.6614 -0.0139 -47.9294 18.056 -8.1387 -47.9294 11.7158
3 368 -8.2256 -47.9294 20.5409 -0.0139 -47.9294 18.056 -8.2407 -47.9294 15.6614
3 368 -8.2186 -47.9294 23.9189 -0.0139 -47.9294 18.056 -8.2256 -47.9294 20.5409
3 368 -8.2186 -47.9294 23.9189 0.0271 -47.9294 28.1951 -0.0139 -47.9294 18.056
3 368 -8.2336 -47.9294 26.0765 0.0271 -47.9294 28.1951 -8.2186 -47.9294 23.9189
3 368 -8.1529 -47.9294 28.3514 0.0271 -47.9294 28.1951 -8.2336 -47.9294 26.0765
3 368 -7.3745 -47.9294 30.4423 0.0271 -47.9294 28.1951 -8.1529 -47.9294 28.3514
3 368 -5.3631 -46.5217 33.3129 -3.5614 -47.9294 32.2308 -5.5215 -47.9294 31.8432
3 368 -3.3902 -46.6231 33.4517 -3.5614 -47.9294 32.2308 -5.3631 -46.5217 33.3129
3 368 -4.9818 -44.8328 34.0916 -3.3902 -46.6231 33.4517 -5.3631 -46.5217 33.3129
3 368 -2.8582 -44.9655 34.1829 -3.3902 -46.6231 33.4517 -4.9818 -44.8328 34.0916
3 368 -3.3902 -46.6231 33.4517 0.1403 -47.9294 32.3511 -3.5614 -47.9294 32.2308
3 368 0.1362 -46.6787 33.5151 0.1403 -47.9294 32.3511 -3.3902 -46.6231 33.4517
3 368 -3.3902 -46.6231 33.4517 -1.4904 -45.0402 34.242 0.1362 -46.6787 33.5151
3 368 -2.8582 -44.9655 34.1829 -1.4904 -45.0402 34.242 -3.3902 -46.6231 33.4517
3 368 -5.5215 -47.9294 31.8432 0.0271 -47.9294 28.1951 -7.3745 -47.9294 30.4423
3 368 0.1403 -47.9294 32.3511 0.0271 -47.9294 28.1951 -3.5614 -47.9294 32.2308
3 368 -8.7629 -26.7184 22.2732 -8.6682 -23.5847 20.1049 -7.1612 -24.3148 21.1989
3 368 -7.1612 -24.3148 21.1989 -8.6682 -23.5847 20.1049 -4.9798 -23.9983 21.1336
3 368 -9.7453 -43.1216 30.8112 -8.7463 -40.2142 30.3713 -8.5225 -42.4356 32.4535
3 368 -9.7576 -41.3937 29.5482 -8.7463 -40.2142 30.3713 -9.7453 -43.1216 30.8112
3 368 7.4492 -46.2146 32.9642 8.5539 -42.3313 32.4177 9.7453 -43.1216 30.8112
3 368 6.7164 -44.6636 33.9718 8.5539 -42.3313 32.4177 7.4492 -46.2146 32.9642
3 368 9.7576 -41.3937 29.5482 9.8305 -45.8347 27.9759 9.8239 -45.6004 29.5567
3 368 3.6438 -47.9294 32.2021 5.5806 -47.9294 31.8167 0.0271 -47.9294 28.1951
3 368 -3.5614 -47.9294 32.2308 0.0271 -47.9294 28.1951 -5.5215 -47.9294 31.8432
3 368 -3.126 -52.45 25.4144 -5.4144 -48 23.126 -3.126 -48 25.4144
3 368 -5.4144 -52.45 23.126 -5.4144 -48 23.126 -3.126 -52.45 25.4144
3 368 -5.4144 -52.45 23.126 -6.252 -48 20 -5.4144 -48 23.126
3 368 -6.252 -52.45 20 -6.252 -48 20 -5.4144 -52.45 23.126
3 368 -6.252 -52.45 20 -5.4144 -48 16.874 -6.252 -48 20
3 368 -5.4144 -52.45 16.874 -5.4144 -48 16.874 -6.252 -52.45 20
3 368 -5.4144 -52.45 16.874 -3.126 -48 14.5856 -5.4144 -48 16.874
3 368 -3.126 -52.45 14.5856 -3.126 -48 14.5856 -5.4144 -52.45 16.874
3 368 -3.126 -52.45 14.5856 0 -48 13.748 -3.126 -48 14.5856
3 368 0 -52.45 13.748 0 -48 13.748 -3.126 -52.45 14.5856
3 368 0 -52.45 13.748 3.126 -48 14.5856 0 -48 13.748
3 368 3.126 -52.45 14.5856 3.126 -48 14.5856 0 -52.45 13.748
3 368 3.126 -52.45 14.5856 5.4144 -48 16.874 3.126 -48 14.5856
3 368 5.4144 -52.45 16.874 5.4144 -48 16.874 3.126 -52.45 14.5856
3 368 5.4144 -52.45 16.874 6.252 -48 20 5.4144 -48 16.874
3 368 6.252 -52.45 20 6.252 -48 20 5.4144 -52.45 16.874
3 368 6.252 -52.45 20 5.4144 -48 23.126 6.252 -48 20
3 368 5.4144 -52.45 23.126 5.4144 -48 23.126 6.252 -52.45 20
3 368 5.4144 -52.45 23.126 3.126 -48 25.4144 5.4144 -48 23.126
3 368 3.126 -52.45 25.4144 3.126 -48 25.4144 5.4144 -52.45 23.126
3 368 3.126 -52.45 25.4144 0 -48 26.252 3.126 -48 25.4144
3 368 0 -52.45 26.252 0 -48 26.252 3.126 -52.45 25.4144
3 368 0 -52.45 26.252 -3.126 -48 25.4144 0 -48 26.252
3 368 -3.126 -52.45 25.4144 -3.126 -48 25.4144 0 -52.45 26.252
3 368 -2.0378 -52.45 23.5295 -5.4144 -52.45 23.126 -3.126 -52.45 25.4144
3 368 -3.5295 -52.45 22.0377 -5.4144 -52.45 23.126 -2.0378 -52.45 23.5295
3 368 -3.5295 -52.45 22.0377 -6.252 -52.45 20 -5.4144 -52.45 23.126
3 368 -4.0755 -52.45 20 -6.252 -52.45 20 -3.5295 -52.45 22.0377
3 368 -4.0755 -52.45 20 -5.4144 -52.45 16.874 -6.252 -52.45 20
3 368 -3.5295 -52.45 17.9623 -5.4144 -52.45 16.874 -4.0755 -52.45 20
3 368 -3.5295 -52.45 17.9623 -3.126 -52.45 14.5856 -5.4144 -52.45 16.874
3 368 -2.0378 -52.45 16.4705 -3.126 -52.45 14.5856 -3.5295 -52.45 17.9623
3 368 -2.0378 -52.45 16.4705 0 -52.45 13.748 -3.126 -52.45 14.5856
3 368 0 -52.45 15.9245 0 -52.45 13.748 -2.0378 -52.45 16.4705
3 368 0 -52.45 15.9245 3.126 -52.45 14.5856 0 -52.45 13.748
3 368 2.0378 -52.45 16.4705 3.126 -52.45 14.5856 0 -52.45 15.9245
3 368 2.0378 -52.45 16.4705 5.4144 -52.45 16.874 3.126 -52.45 14.5856
3 368 3.5295 -52.45 17.9623 5.4144 -52.45 16.874 2.0378 -52.45 16.4705
3 368 3.5295 -52.45 17.9623 6.252 -52.45 20 5.4144 -52.45 16.874
3 368 4.0755 -52.45 20 6.252 -52.45 20 3.5295 -52.45 17.9623
3 368 4.0755 -52.45 20 5.4144 -52.45 23.126 6.252 -52.45 20
3 368 3.5295 -52.45 22.0377 5.4144 -52.45 23.126 4.0755 -52.45 20
3 368 3.5295 -52.45 22.0377 3.126 -52.45 25.4144 5.4144 -52.45 23.126
3 368 2.0378 -52.45 23.5295 3.126 -52.45 25.4144 3.5295 -52.45 22.0377
3 368 2.0378 -52.45 23.5295 0 -52.45 26.252 3.126 -52.45 25.4144
3 368 0 -52.45 24.0755 0 -52.45 26.252 2.0378 -52.45 23.5295
3 368 0 -52.45 24.0755 -3.126 -52.45 25.4144 0 -52.45 26.252
3 368 -2.0378 -52.45 23.5295 -3.126 -52.45 25.4144 0 -52.45 24.0755
3 368 -2.0378 -48 23.5295 -3.5295 -52.45 22.0377 -2.0378 -52.45 23.5295
3 368 -3.5295 -48 22.0377 -3.5295 -52.45 22.0377 -2.0378 -48 23.5295
3 368 -3.5295 -48 22.0377 -4.0755 -52.45 20 -3.5295 -52.45 22.0377
3 368 -4.0755 -48 20 -4.0755 -52.45 20 -3.5295 -48 22.0377
3 368 -4.0755 -48 20 -3.5295 -52.45 17.9623 -4.0755 -52.45 20
3 368 -3.5295 -48 17.9623 -3.5295 -52.45 17.9623 -4.0755 -48 20
3 368 -3.5295 -48 17.9623 -2.0378 -52.45 16.4705 -3.5295 -52.45 17.9623
3 368 -2.0378 -48 16.4705 -2.0378 -52.45 16.4705 -3.5295 -48 17.9623
3 368 -2.0378 -48 16.4705 0 -52.45 15.9245 -2.0378 -52.45 16.4705
3 368 0 -48 15.9245 0 -52.45 15.9245 -2.0378 -48 16.4705
3 368 0 -48 15.9245 2.0378 -52.45 16.4705 0 -52.45 15.9245
3 368 2.0378 -48 16.4705 2.0378 -52.45 16.4705 0 -48 15.9245
3 368 2.0378 -48 16.4705 3.5295 -52.45 17.9623 2.0378 -52.45 16.4705
3 368 3.5295 -48 17.9623 3.5295 -52.45 17.9623 2.0378 -48 16.4705
3 368 3.5295 -48 17.9623 4.0755 -52.45 20 3.5295 -52.45 17.9623
3 368 4.0755 -48 20 4.0755 -52.45 20 3.5295 -48 17.9623
3 368 4.0755 -48 20 3.5295 -52.45 22.0377 4.0755 -52.45 20
3 368 3.5295 -48 22.0377 3.5295 -52.45 22.0377 4.0755 -48 20
3 368 3.5295 -48 22.0377 2.0378 -52.45 23.5295 3.5295 -52.45 22.0377
3 368 2.0378 -48 23.5295 2.0378 -52.45 23.5295 3.5295 -48 22.0377
3 368 2.0378 -48 23.5295 0 -52.45 24.0755 2.0378 -52.45 23.5295
3 368 0 -48 24.0755 0 -52.45 24.0755 2.0378 -48 23.5295
3 368 0 -48 24.0755 -2.0378 -52.45 23.5295 0 -52.45 24.0755
3 368 -2.0378 -48 23.5295 -2.0378 -52.45 23.5295 0 -48 24.0755
2 24 0 -24.3783 -9.4792 4.8812 -24.4648 -9.209
2 24 6.9052 -20.2398 -7.0973 6.7906 -22.2948 -7.8147
2 24 8.7949 -20.4689 -5.6962 8.8054 -22.5924 -6.2123
2 24 6.9052 -20.2398 -7.0973 6.7906 -22.2948 -7.8147
2 24 8.9863 -25.0497 -5.019 8.7115 -24.9572 -6.9277
2 24 8.8054 -22.5924 -6.2123 8.7115 -24.9572 -6.9277
2 24 5.0754 -18.8905 6.1158 7.5537 -19.0395 5.9284
2 24 5.1395 -19.2815 6.569 7.8981 -19.7863 5.9665
2 24 7.5537 -19.0395 5.9284 7.8981 -19.7863 5.9665
2 24 8.8054 -22.5924 -6.2123 8.7949 -20.4689 -5.6962
2 24 9.1389 -22.6717 2.7308 9.2913 -17.3957 4.9413
2 24 9.1389 -22.6717 2.7308 9.2913 -17.3957 4.9413
2 24 9.1389 -22.6717 2.7308 7.5537 -19.0395 5.9284
2 24 9.2913 -17.3957 4.9413 8.0815 -16.8318 6.0873
2 24 7.5537 -19.0395 5.9284 8.0815 -16.8318 6.0873
2 24 5.0754 -18.8905 6.1158 7.5537 -19.0395 5.9284
2 24 7.5537 -19.0395 5.9284 8.0815 -16.8318 6.0873
2 24 5.0686 -16.7529 6.2009 8.0815 -16.8318 6.0873
2 24 5.0754 -18.8905 6.1158 2.4616 -18.7239 6.218
2 24 5.0686 -16.7529 6.2009 2.4903 -16.6961 6.3108
2 24 2.4616 -18.7239 6.218 2.4903 -16.6961 6.3108
2 24 8.7949 -20.4689 -5.6962 8.7905 -18.4787 -5.3048
2 24 8.7949 -20.4689 -5.6962 8.7905 -18.4787 -5.3048
2 24 6.9052 -20.2398 -7.0973 6.8963 -18.2773 -6.6381
2 24 6.9052 -20.2398 -7.0973 6.8963 -18.2773 -6.6381
2 24 2.4952 -17.2474 -6.8908 2.4549 -19.388 -7.4333
2 24 2.4952 -17.2474 -6.8908 2.4549 -19.388 -7.4333
2 24 2.3776 -19.5171 -5.5549 2.4549 -19.388 -7.4333
2 24 9.3215 -16.5973 2.8368 8.0266 -15.6035 4.8681
2 24 9.3215 -16.5973 2.8368 9.2913 -17.3957 4.9413
2 24 8.0266 -15.6035 4.8681 8.0815 -16.8318 6.0873
2 24 9.2913 -17.3957 4.9413 8.0815 -16.8318 6.0873
2 24 8.7905 -18.4787 -5.3048 8.7917 -16.5473 -5.1324
2 24 8.7905 -18.4787 -5.3048 8.7917 -16.5473 -5.1324
2 24 6.8963 -18.2773 -6.6381 6.9271 -16.5067 -6.403
2 24 6.8963 -18.2773 -6.6381 6.9271 -16.5067 -6.403
2 24 8.0266 -15.6035 4.8681 5.1663 -15.5035 5.0824
2 24 8.0266 -15.6035 4.8681 8.0815 -16.8318 6.0873
2 24 8.0815 -16.8318 6.0873 5.0686 -16.7529 6.2009
2 24 5.1663 -15.5035 5.0824 2.4905 -15.4088 5.1931
2 24 2.4905 -15.4088 5.1931 2.4903 -16.6961 6.3108
2 24 5.0686 -16.7529 6.2009 2.4903 -16.6961 6.3108
2 24 9.3215 -16.5973 2.8368 9.2858 -13.8835 4.347
2 24 9.3215 -16.5973 2.8368 8.0266 -15.6035 4.8681
2 24 9.2858 -13.8835 4.347 8.1376 -13.3084 5.4714
2 24 8.0266 -15.6035 4.8681 8.1376 -13.3084 5.4714
2 24 5.2031 -13.2468 5.6219 8.1376 -13.3084 5.4714
2 24 5.1663 -15.5035 5.0824 8.0266 -15.6035 4.8681
2 24 8.1376 -13.3084 5.4714 8.0266 -15.6035 4.8681
2 24 2.5095 -13.238 5.7235 2.4905 -15.4088 5.1931
2 24 5.2031 -13.2468 5.6219 2.5095 -13.238 5.7235
2 24 5.1663 -15.5035 5.0824 2.4905 -15.4088 5.1931
2 24 9.3215 -16.5973 2.8368 9.2858 -13.8835 4.347
2 24 9.2858 -13.8835 4.347 9.2742 -13.363 2.5817
2 24 8.7917 -16.5473 -5.1324 8.8886 -13.9902 -5.0069
2 24 8.7917 -16.5473 -5.1324 8.8886 -13.9902 -5.0069
2 24 6.9271 -16.5067 -6.403 6.9962 -13.8982 -6.155
2 24 6.9271 -16.5067 -6.403 6.9962 -13.8982 -6.155
2 24 2.4952 -17.2474 -6.8908 2.5036 -13.9048 -6.3928
2 24 2.4952 -17.2474 -6.8908 2.5036 -13.9048 -6.3928
2 24 9.2742 -13.363 2.5817 9.2156 -11.8097 2.384
2 24 9.2742 -13.363 2.5817 7.2842 -12.0001 3.7563
2 24 9.2742 -13.363 2.5817 9.2858 -13.8835 4.347
2 24 7.2842 -12.0001 3.7563 8.1376 -13.3084 5.4714
2 24 9.2858 -13.8835 4.347 8.1376 -13.3084 5.4714
2 24 5.1182 -11.939 3.8946 7.2842 -12.0001 3.7563
2 24 5.2031 -13.2468 5.6219 8.1376 -13.3084 5.4714
2 24 7.2842 -12.0001 3.7563 8.1376 -13.3084 5.4714
2 24 2.5267 -11.8324 3.9631 2.5095 -13.238 5.7235
2 24 5.1182 -11.939 3.8946 2.5267 -11.8324 3.9631
2 24 5.2031 -13.2468 5.6219 2.5095 -13.238 5.7235
2 24 8.8886 -13.9902 -5.0069 8.9668 -11.3715 -4.903
2 24 6.9962 -13.8982 -6.155 7.0765 -11.3326 -5.8815
2 24 8.8886 -13.9902 -5.0069 8.9668 -11.3715 -4.903
2 24 7.4664 -11.0022 3.4278 7.2842 -12.0001 3.7563
2 24 7.2842 -12.0001 3.7563 9.2742 -13.363 2.5817
2 24 9.2156 -11.8097 2.384 9.2742 -13.363 2.5817
2 24 7.4664 -11.0022 3.4278 7.2842 -12.0001 3.7563
2 24 7.2842 -12.0001 3.7563 5.1182 -11.939 3.8946
2 24 2.5318 -10.6763 3.5914 2.5267 -11.8324 3.9631
2 24 5.1182 -11.939 3.8946 2.5267 -11.8324 3.9631
2 24 6.9962 -13.8982 -6.155 7.0765 -11.3326 -5.8815
2 24 2.5036 -13.9048 -6.3928 2.5251 -11.4518 -6.1187
2 24 2.5036 -13.9048 -6.3928 2.5251 -11.4518 -6.1187
2 24 9.2156 -11.8097 2.384 9.3278 -9.1111 2.1346
2 24 8.9668 -11.3715 -4.903 9.0235 -9.7554 -4.7709
2 24 8.9668 -11.3715 -4.903 9.0235 -9.7554 -4.7709
2 24 7.0765 -11.3326 -5.8815 7.0822 -9.7692 -5.7567
2 24 7.0765 -11.3326 -5.8815 7.0822 -9.7692 -5.7567
2 24 2.5251 -11.4518 -6.1187 2.5388 -9.8756 -5.919
2 24 7.4664 -11.0022 3.4278 7.9038 -8.7062 2.9882
2 24 9.2156 -11.8097 2.384 9.3278 -9.1111 2.1346
2 24 7.4664 -11.0022 3.4278 7.9038 -8.7062 2.9882
2 24 2.5318 -10.6763 3.5914 2.554 -8.2233 3.3107
2 24 2.5251 -11.4518 -6.1187 2.5388 -9.8756 -5.919
2 24 5.9018 -5.3697 2.9465 2.5772 -5.3697 2.9713
2 24 2.554 -8.2233 3.3107 2.5772 -5.3697 2.9713
2 24 7.9038 -8.7062 2.9882 8.4238 -6.2696 2.7721
2 24 9.3278 -9.1111 2.1346 9.5615 -6.5806 1.9242
2 24 7.9038 -8.7062 2.9882 8.4238 -6.2696 2.7721
2 24 9.0235 -9.7554 -4.7709 9.0677 -8.0927 -4.8295
2 24 9.3278 -9.1111 2.1346 9.5615 -6.5806 1.9242
2 24 9.0677 -8.0927 -4.8295 9.2334 -6.5615 -5.8052
2 24 7.0822 -9.7692 -5.7567 7.1743 -8.101 -5.8088
2 24 9.0235 -9.7554 -4.7709 9.0677 -8.0927 -4.8295
2 24 9.0677 -8.0927 -4.8295 9.2334 -6.5615 -5.8052
2 24 7.1743 -8.101 -5.8088 7.6694 -6.558 -6.633
2 24 7.0822 -9.7692 -5.7567 7.1743 -8.101 -5.8088
2 24 7.1743 -8.101 -5.8088 7.6694 -6.558 -6.633
2 24 2.5388 -9.8756 -5.919 2.5556 -7.9524 -6.0598
2 24 2.5388 -9.8756 -5.919 2.5556 -7.9524 -6.0598
2 24 9.2334 -6.5615 -5.8052 9.7341 -5.0738 -7.8561
2 24 7.6694 -6.558 -6.633 8.6555 -5.2087 -8.4431
2 24 9.2334 -6.5615 -5.8052 9.7341 -5.0738 -7.8561
2 24 8.4238 -6.2696 2.7721 8.739 -4.7602 2.7519
2 24 5.9018 -5.3697 2.9465 6.1812 -4.8677 2.8397
2 24 9.5615 -6.5806 1.9242 9.7342 -4.8494 1.8902
2 24 8.4238 -6.2696 2.7721 8.739 -4.7602 2.7519
2 24 9.5615 -6.5806 1.9242 9.7342 -4.8494 1.8902
2 24 7.6694 -6.558 -6.633 8.6555 -5.2087 -8.4431
2 24 2.5831 -6.5602 -7.0168 2.5797 -5.2534 -8.7843
2 24 9.7341 -5.0738 -7.8561 9.7374 -3.9404 -8.4821
2 24 8.6555 -5.2087 -8.4431 8.8344 -4.0322 -8.9919
2 24 9.7341 -5.0738 -7.8561 9.7374 -3.9404 -8.4821
2 24 8.6555 -5.2087 -8.4431 8.8344 -4.0322 -8.9919
2 24 2.5797 -5.2534 -8.7843 2.5902 -3.9881 -9.195
2 24 9.7342 -4.8494 1.8902 9.7855 -3.4439 1.9421
2 24 9.7342 -4.8494 1.8902 9.7855 -3.4439 1.9421
2 24 8.739 -4.7602 2.7519 9.0217 -3.4741 2.7162
2 24 8.739 -4.7602 2.7519 9.0217 -3.4741 2.7162
2 24 6.1812 -4.8677 2.8397 6.2138 -2.476 2.7895
2 24 9.0217 -3.4741 2.7162 9.1244 -1.7664 2.7062
2 24 9.7855 -3.4439 1.9421 9.7901 -1.801 2.0107
2 24 9.0217 -3.4741 2.7162 9.1244 -1.7664 2.7062
2 24 9.0641 -0.0199 2.6838 6.2628 -0.0199 2.7247
2 24 9.1244 -1.7664 2.7062 9.0641 -0.0199 2.6838
2 24 6.2138 -2.476 2.7895 6.2628 -0.0199 2.7247
2 24 9.1244 -1.7664 2.7062 9.0641 -0.0199 2.6838
2 24 9.0641 -0.0199 2.6838 9.7603 -0.0199 1.9887
2 24 9.7901 -1.801 2.0107 9.7603 -0.0199 1.9887
2 24 9.7855 -3.4439 1.9421 9.7901 -1.801 2.0107
2 24 9.7603 -0.0199 0.0478 9.7603 -0.0199 1.9887
2 24 9.7901 -1.801 2.0107 9.7603 -0.0199 1.9887
2 24 9.7374 -3.9404 -8.4821 9.7797 -2.3032 -8.4597
2 24 9.7797 -2.3032 -8.4597 9.7603 -0.0199 -8.3347
2 24 9.7603 -0.0199 -8.3347 9.7603 -0.0199 -6.1216
2 24 9.7603 -0.0199 -6.1216 9.7603 -0.0199 -3.051
2 24 9.7603 -0.0199 0.0478 9.7603 -0.0199 -3.051
2 24 8.8344 -4.0322 -8.9919 8.9328 -2.3468 -8.9851
2 24 9.7374 -3.9404 -8.4821 9.7797 -2.3032 -8.4597
2 24 9.7797 -2.3032 -8.4597 9.7603 -0.0199 -8.3347
2 24 9.7603 -0.0199 -8.3347 8.9682 -0.0199 -8.8752
2 24 8.9328 -2.3468 -8.9851 8.9682 -0.0199 -8.8752
2 24 8.8344 -4.0322 -8.9919 8.9328 -2.3468 -8.9851
2 24 8.9328 -2.3468 -8.9851 8.9682 -0.0199 -8.8752
2 24 8.9682 -0.0199 -8.8752 6.0388 -0.0199 -9.0394
2 24 6.0388 -0.0199 -9.0394 2.6353 -0.0199 -9.2573
2 24 2.6353 -0.0199 -9.2573 2.6185 -2.2759 -9.2936
2 24 2.5902 -3.9881 -9.195 2.6185 -2.2759 -9.2936
2 24 5.9018 -5.3697 2.9465 6.1812 -4.8677 2.8397
2 24 5.9018 -5.3697 2.9465 5.7064 -5.3697 0.9533
2 24 5.7064 -5.3697 0.9533 5.5481 -5.3697 -1.2741
2 24 5.5481 -5.3697 -1.2741 4.4468 -5.3697 -3.3725
2 24 4.4468 -5.3697 -3.3725 2.5786 -5.3697 -4.8531
2 24 2.5786 -5.3697 -4.8531 2.5837 -4.7354 -5.1901
2 24 6.1812 -4.8677 2.8397 6.2138 -2.476 2.7895
2 24 2.5837 -4.7354 -5.1901 2.6153 -2.5072 -5.2625
2 24 6.1657 -0.0203 0.9673 6.2628 -0.0199 2.7247
2 24 6.2138 -2.476 2.7895 6.2628 -0.0199 2.7247
2 24 6.1657 -0.0203 0.9673 6.054 -0.02 -1.275
2 24 6.054 -0.02 -1.275 4.9442 -0.0196 -3.6917
2 24 4.9442 -0.0196 -3.6917 2.6317 -0.0199 -5.2621
2 24 2.6153 -2.5072 -5.2625 2.6317 -0.0199 -5.2621
2 24 9.7603 -0.0199 1.9887 9.7603 -0.0199 0.0478
2 24 9.7603 -0.0199 1.9887 9.0641 -0.0199 2.6838
2 24 6.1657 -0.0203 0.9673 6.2628 -0.0199 2.7247
2 24 9.0641 -0.0199 2.6838 6.2628 -0.0199 2.7247
2 24 9.7603 -0.0199 0.0478 9.7603 -0.0199 -3.051
2 24 6.1657 -0.0203 0.9673 6.054 -0.02 -1.275
2 24 6.054 -0.02 -1.275 4.9442 -0.0196 -3.6917
2 24 9.7603 -0.0199 -3.051 9.7603 -0.0199 -6.1216
2 24 9.7603 -0.0199 -6.1216 9.7603 -0.0199 -8.3347
2 24 8.9682 -0.0199 -8.8752 9.7603 -0.0199 -8.3347
2 24 8.9682 -0.0199 -8.8752 6.0388 -0.0199 -9.0394
2 24 2.6153 -2.5072 -5.2625 2.6317 -0.0199 -5.2621
2 24 2.6317 -0.0199 -5.2621 2.6353 -0.0199 -9.2573
2 24 2.6185 -2.2759 -9.2936 2.6353 -0.0199 -9.2573
2 24 2.6185 -2.2759 -9.2936 2.5902 -3.9881 -9.195
2 24 2.5902 -3.9881 -9.195 2.5797 -5.2534 -8.7843
2 24 2.6153 -2.5072 -5.2625 2.5837 -4.7354 -5.1901
2 24 2.5837 -4.7354 -5.1901 2.5786 -5.3697 -4.8531
2 24 2.5797 -5.2534 -8.7843 2.5831 -6.5602 -7.0168
2 24 2.5778 -5.3697 -0.5129 2.5779 -5.3697 -2.339
2 24 2.5778 -5.3697 -0.5129 2.5781 -5.3697 1.5266
2 24 2.5781 -5.3697 1.5266 2.5772 -5.3697 2.9713
2 24 2.5772 -5.3697 2.9713 2.554 -8.2233 3.3107
2 24 2.4616 -18.7239 6.218 2.4903 -16.6961 6.3108
2 24 2.4903 -16.6961 6.3108 2.4905 -15.4088 5.1931
2 24 2.5095 -13.238 5.7235 2.5267 -11.8324 3.9631
2 24 2.4905 -15.4088 5.1931 2.5095 -13.238 5.7235
2 24 2.5267 -11.8324 3.9631 2.5318 -10.6763 3.5914
2 24 2.554 -8.2233 3.3107 2.5318 -10.6763 3.5914
2 24 2.3776 -19.5171 -5.5549 2.41 -20.4276 -4.8384
2 24 1.8319 -19.7385 -7.5738 2.4549 -19.388 -7.4333
2 24 1.7408 -19.8398 -5.8287 2.3776 -19.5171 -5.5549
2 24 2.4549 -19.388 -7.4333 2.3776 -19.5171 -5.5549
2 24 2.5778 -5.3697 -0.5129 2.5779 -5.3697 -2.339
2 24 5.5481 -5.3697 -1.2741 4.4468 -5.3697 -3.3725
2 24 2.5778 -5.3697 -0.5129 2.5781 -5.3697 1.5266
2 24 5.5481 -5.3697 -1.2741 5.7064 -5.3697 0.9533
2 24 5.7064 -5.3697 0.9533 5.9018 -5.3697 2.9465
2 24 2.5781 -5.3697 1.5266 2.5772 -5.3697 2.9713
2 24 5.9018 -5.3697 2.9465 2.5772 -5.3697 2.9713
2 24 4.9442 -0.0196 -3.6917 2.6317 -0.0199 -5.2621
2 24 6.0388 -0.0199 -9.0394 2.6353 -0.0199 -9.2573
2 24 2.6317 -0.0199 -5.2621 2.6353 -0.0199 -9.2573
2 24 2.5556 -7.9524 -6.0598 2.5831 -6.5602 -7.0168
2 24 2.5556 -7.9524 -6.0598 2.5831 -6.5602 -7.0168
2 24 2.5786 -5.3697 -4.8531 2.5779 -5.3697 -2.339
2 24 2.5779 -5.3697 -2.339 2.5786 -5.3697 -4.8531
2 24 4.4468 -5.3697 -3.3725 2.5786 -5.3697 -4.8531
2 24 7.6418 -59.7294 -13.117 6.4743 -60.148 -13.5149
2 24 6.4743 -60.148 -13.5149 5.6163 -60.1465 -14.2501
2 24 6.6764 -59.1353 -13.9337 5.6163 -60.1465 -14.2501
2 24 7.6418 -59.7294 -13.117 8.6865 -58.8446 -13.0226
2 24 6.6764 -59.1353 -13.9337 7.3341 -57.4192 -13.8884
2 24 8.6865 -58.8446 -13.0226 9.65 -56.902 -13.0394
2 24 7.3341 -57.4192 -13.8884 7.7972 -55.5823 -13.9982
2 24 9.65 -56.902 -13.0394 9.9729 -54.233 -13.6307
2 24 7.7972 -55.5823 -13.9982 8.1063 -53.3783 -14.4979
2 24 8.1063 -53.3783 -14.4979 8.0531 -51.07 -14.8436
2 24 9.9729 -54.233 -13.6307 9.8247 -51.6853 -14.0661
2 24 8.0531 -51.07 -14.8436 7.7353 -48.7706 -14.933
2 24 9.8247 -51.6853 -14.0661 9.2932 -49.4957 -14.2534
2 24 9.2932 -49.4957 -14.2534 8.825 -47.3579 -14.1029
2 24 7.7353 -48.7706 -14.933 7.0174 -46.4697 -14.5778
2 24 8.825 -47.3579 -14.1029 8.676 -45.5805 -13.6103
2 24 7.0174 -46.4697 -14.5778 6.663 -44.6153 -13.5206
2 24 8.676 -45.5805 -13.6103 9.0698 -44.3359 -12.5164
2 24 9.0698 -44.3359 -12.5164 9.6365 -44.1977 -11.0431
2 24 9.6365 -44.1977 -11.0431 10.3705 -45.0768 -9.8037
2 24 9.8181 -45.5341 -8.0153 10.8208 -47.013 -6.8745
2 24 11.1713 -46.3144 -8.8518 12.1171 -47.912 -7.868
2 24 12.1171 -47.912 -7.868 13.1282 -49.7291 -7.213
2 24 10.8208 -47.013 -6.8745 11.7631 -48.9929 -5.9396
2 24 11.7631 -48.9929 -5.9396 12.3366 -50.9833 -5.4255
2 24 13.1282 -49.7291 -7.213 13.6389 -51.4891 -6.7565
2 24 13.6389 -51.4891 -6.7565 13.6195 -53.3009 -6.5054
2 24 12.3366 -50.9833 -5.4255 11.8924 -52.7702 -5.0558
2 24 13.6195 -53.3009 -6.5054 12.0832 -55.5336 -6.3161
2 24 11.8924 -52.7702 -5.0558 10.2066 -54.2276 -4.7645
2 24 6.663 -44.6153 -13.5206 7.0472 -43.2761 -11.8099
2 24 7.0472 -43.2761 -11.8099 7.4903 -43.4431 -10.3003
2 24 7.4903 -43.4431 -10.3003 7.8916 -44.1968 -8.8854
2 24 8.0454 -45.3288 -7.6992 8.0322 -46.5422 -6.6873
2 24 9.8181 -45.5341 -8.0153 10.8208 -47.013 -6.8745
2 24 8.0322 -46.5422 -6.6873 7.7772 -48.2458 -5.5752
2 24 10.8208 -47.013 -6.8745 11.7631 -48.9929 -5.9396
2 24 7.7772 -48.2458 -5.5752 7.1593 -50.0136 -4.7162
2 24 11.7631 -48.9929 -5.9396 12.3366 -50.9833 -5.4255
2 24 7.1593 -50.0136 -4.7162 6.6546 -51.5284 -4.3604
2 24 12.3366 -50.9833 -5.4255 11.8924 -52.7702 -5.0558
2 24 11.8924 -52.7702 -5.0558 10.2066 -54.2276 -4.7645
2 24 6.6546 -51.5284 -4.3604 6.4475 -53.0116 -4.2884
2 24 5.1668 -55.2717 -3.3228 5.4918 -56.5879 -4.2124
2 24 5.4918 -56.5879 -4.2124 6.3304 -57.7682 -5.7038
2 24 6.2725 -54.5005 -4.4428 6.3304 -57.7682 -5.7038
2 24 5.1668 -55.2717 -3.3228 4.8004 -53.743 -2.5213
2 24 6.2725 -54.5005 -4.4428 6.4475 -53.0116 -4.2884
2 24 4.8004 -53.743 -2.5213 4.4184 -51.6621 -1.5285
2 24 6.4475 -53.0116 -4.2884 6.6546 -51.5284 -4.3604
2 24 4.4184 -51.6621 -1.5285 4.3299 -49.6127 -0.4395
2 24 7.0829 -48.0975 -3.2583 7.1593 -50.0136 -4.7162
2 24 7.0829 -48.0975 -3.2583 7.7639 -45.6701 -0.8589
2 24 4.3299 -49.6127 -0.4395 4.9148 -47.5778 1.1375
2 24 4.9148 -47.5778 1.1375 5.7188 -46.0169 3.0585
2 24 7.7639 -45.6701 -0.8589 8.558 -44.0909 2.0705
2 24 5.7188 -46.0169 3.0585 6.1849 -45.398 4.4789
2 24 8.558 -44.0909 2.0705 8.9085 -43.3689 4.2701
2 24 6.1849 -45.398 4.4789 8.9085 -43.3689 4.2701
2 24 9.1267 -40.7402 2.7626 8.9085 -43.3689 4.2701
2 24 8.558 -44.0909 2.0705 8.9085 -43.3689 4.2701
2 24 9.1267 -40.7402 2.7626 9.0426 -37.8922 0.9122
2 24 9.0426 -37.8922 0.9122 9.023 -35.4009 -3.3057
2 24 9.023 -35.4009 -3.3057 8.5126 -33.6766 -7.3978
2 24 8.5126 -33.6766 -7.3978 7.5567 -32.5842 -10.0898
2 24 7.5567 -32.5842 -10.0898 7.4731 -34.8951 -10.8762
2 24 8.558 -44.0909 2.0705 7.7639 -45.6701 -0.8589
2 24 7.4731 -34.8951 -10.8762 7.3379 -38.2826 -11.3753
2 24 7.3379 -38.2826 -11.3753 6.9925 -41.3832 -11.5267
2 24 7.4903 -43.4431 -10.3003 7.0472 -43.2761 -11.8099
2 24 6.9925 -41.3832 -11.5267 7.0472 -43.2761 -11.8099
2 24 8.0322 -46.5422 -6.6873 8.0454 -45.3288 -7.6992
2 24 7.4903 -43.4431 -10.3003 7.8916 -44.1968 -8.8854
2 24 8.0322 -46.5422 -6.6873 7.7772 -48.2458 -5.5752
2 24 7.7639 -45.6701 -0.8589 7.0829 -48.0975 -3.2583
2 24 6.6546 -51.5284 -4.3604 7.1593 -50.0136 -4.7162
2 24 7.7772 -48.2458 -5.5752 7.1593 -50.0136 -4.7162
2 24 7.0829 -48.0975 -3.2583 7.1593 -50.0136 -4.7162
2 24 9.0698 -44.3359 -12.5164 9.6365 -44.1977 -11.0431
2 24 9.0698 -44.3359 -12.5164 8.676 -45.5805 -13.6103
2 24 8.676 -45.5805 -13.6103 8.825 -47.3579 -14.1029
2 24 9.6365 -44.1977 -11.0431 10.3705 -45.0768 -9.8037
2 24 8.825 -47.3579 -14.1029 9.2932 -49.4957 -14.2534
2 24 9.2932 -49.4957 -14.2534 9.8247 -51.6853 -14.0661
2 24 11.1713 -46.3144 -8.8518 12.1171 -47.912 -7.868
2 24 12.1171 -47.912 -7.868 13.1282 -49.7291 -7.213
2 24 9.8247 -51.6853 -14.0661 9.9729 -54.233 -13.6307
2 24 13.1282 -49.7291 -7.213 13.6389 -51.4891 -6.7565
2 24 9.9729 -54.233 -13.6307 9.65 -56.902 -13.0394
2 24 9.65 -56.902 -13.0394 8.6865 -58.8446 -13.0226
2 24 8.6865 -58.8446 -13.0226 7.6418 -59.7294 -13.117
2 24 7.6418 -59.7294 -13.117 6.4743 -60.148 -13.5149
2 24 13.6389 -51.4891 -6.7565 13.6195 -53.3009 -6.5054
2 24 13.6195 -53.3009 -6.5054 12.0832 -55.5336 -6.3161
2 24 12.0832 -55.5336 -6.3161 9.2714 -57.0893 -6.1002
2 24 9.2714 -57.0893 -6.1002 6.3304 -57.7682 -5.7038
2 24 6.9925 -41.3832 -11.5267 7.3379 -38.2826 -11.3753
2 24 7.3379 -38.2826 -11.3753 7.4731 -34.8951 -10.8762
2 24 7.4731 -34.8951 -10.8762 7.5567 -32.5842 -10.0898
2 24 7.5567 -32.5842 -10.0898 6.3351 -32.0394 -11.2783
2 24 4.6063 -33.8537 -13.296 4.7535 -31.5784 -12.2967
2 24 6.3351 -32.0394 -11.2783 4.7535 -31.5784 -12.2967
2 24 4.6063 -33.8537 -13.296 4.4179 -36.9726 -14.275
2 24 4.4179 -36.9726 -14.275 4.2854 -39.8021 -14.9782
2 24 4.2923 -41.6369 -15.3519 4.3606 -43.1877 -16.0183
2 24 4.3606 -43.1877 -16.0183 4.417 -43.7543 -17.8406
2 24 6.663 -44.6153 -13.5206 7.0174 -46.4697 -14.5778
2 24 7.0174 -46.4697 -14.5778 7.7353 -48.7706 -14.933
2 24 3.7793 -59.4608 -17.4564 4.5738 -59.935 -15.6988
2 24 4.5738 -59.935 -15.6988 5.6163 -60.1465 -14.2501
2 24 5.6163 -60.1465 -14.2501 6.6764 -59.1353 -13.9337
2 24 6.6764 -59.1353 -13.9337 7.3341 -57.4192 -13.8884
2 24 7.3341 -57.4192 -13.8884 7.7972 -55.5823 -13.9982
2 24 7.7353 -48.7706 -14.933 8.0531 -51.07 -14.8436
2 24 8.0531 -51.07 -14.8436 8.1063 -53.3783 -14.4979
2 24 7.7972 -55.5823 -13.9982 8.1063 -53.3783 -14.4979
2 24 3.7793 -59.4608 -17.4564 2.9411 -58.7204 -19.0553
2 24 2.9411 -58.7204 -19.0553 2.3888 -57.079 -20.5043
2 24 2.3888 -57.079 -20.5043 2.0808 -55.0951 -21.6132
2 24 2.0808 -55.0951 -21.6132 1.8893 -53.8473 -23.5457
2 24 1.8893 -53.8473 -23.5457 1.8431 -52.9978 -25.58
2 24 1.8431 -52.9978 -25.58 1.9406 -52.0486 -27.4337
2 24 4.417 -43.7543 -17.8406 4.3546 -43.776 -19.8494
2 24 4.3546 -43.776 -19.8494 4.1493 -43.6437 -21.8561
2 24 4.1493 -43.6437 -21.8561 3.9466 -43.7729 -23.8715
2 24 3.9466 -43.7729 -23.8715 3.5666 -44.2707 -25.8869
2 24 3.5666 -44.2707 -25.8869 3.2009 -45.4036 -27.4306
2 24 3.2009 -45.4036 -27.4306 2.8156 -47.0127 -28.4167
2 24 2.8156 -47.0127 -28.4167 2.4025 -48.7415 -28.8485
2 24 2.4025 -48.7415 -28.8485 2.1163 -50.604 -28.8271
2 24 1.9406 -52.0486 -27.4337 2.1163 -50.604 -28.8271
2 24 2.1163 -50.604 -28.8271 1.9406 -52.0486 -27.4337
2 24 1.9406 -52.0486 -27.4337 1.8431 -52.9978 -25.58
2 24 1.8431 -52.9978 -25.58 1.8893 -53.8473 -23.5457
2 24 1.8893 -53.8473 -23.5457 2.0808 -55.0951 -21.6132
2 24 2.0808 -55.0951 -21.6132 2.3888 -57.079 -20.5043
2 24 2.3888 -57.079 -20.5043 2.9411 -58.7204 -19.0553
2 24 2.1163 -50.604 -28.8271 2.4025 -48.7415 -28.8485
2 24 2.4025 -48.7415 -28.8485 2.8156 -47.0127 -28.4167
2 24 2.8156 -47.0127 -28.4167 3.2009 -45.4036 -27.4306
2 24 3.2009 -45.4036 -27.4306 3.5666 -44.2707 -25.8869
2 24 3.5666 -44.2707 -25.8869 3.9466 -43.7729 -23.8715
2 24 3.9466 -43.7729 -23.8715 4.1493 -43.6437 -21.8561
2 24 4.1493 -43.6437 -21.8561 4.3546 -43.776 -19.8494
2 24 4.3546 -43.776 -19.8494 4.417 -43.7543 -17.8406
2 24 0.0794 -42.8425 -16.4608 4.3606 -43.1877 -16.0183
2 24 4.417 -43.7543 -17.8406 4.3606 -43.1877 -16.0183
2 24 4.3606 -43.1877 -16.0183 4.2923 -41.6369 -15.3519
2 24 4.4179 -36.9726 -14.275 4.2854 -39.8021 -14.9782
2 24 4.4179 -36.9726 -14.275 4.6063 -33.8537 -13.296
2 24 -0.0332 -31.4313 -12.8301 4.7535 -31.5784 -12.2967
2 24 4.6063 -33.8537 -13.296 4.7535 -31.5784 -12.2967
2 24 2.9411 -58.7204 -19.0553 3.7793 -59.4608 -17.4564
2 24 3.7793 -59.4608 -17.4564 4.5738 -59.935 -15.6988
2 24 4.5738 -59.935 -15.6988 5.6163 -60.1465 -14.2501
2 24 6.4743 -60.148 -13.5149 5.6163 -60.1465 -14.2501
2 24 6.3304 -57.7682 -5.7038 5.4918 -56.5879 -4.2124
2 24 5.4918 -56.5879 -4.2124 5.1668 -55.2717 -3.3228
2 24 5.1668 -55.2717 -3.3228 4.8004 -53.743 -2.5213
2 24 4.8004 -53.743 -2.5213 4.4184 -51.6621 -1.5285
2 24 4.4184 -51.6621 -1.5285 4.3299 -49.6127 -0.4395
2 24 4.3299 -49.6127 -0.4395 4.9148 -47.5778 1.1375
2 24 4.9148 -47.5778 1.1375 5.7188 -46.0169 3.0585
2 24 5.7188 -46.0169 3.0585 6.1849 -45.398 4.4789
2 24 2.4544 -45.9493 4.4809 6.1849 -45.398 4.4789
2 24 8.0454 -45.3288 -7.6992 7.8916 -44.1968 -8.8854
2 24 7.8916 -44.1968 -8.8854 8.0454 -45.3288 -7.6992
2 24 8.8933 -44.3536 -9.2039 9.8181 -45.5341 -8.0153
2 24 10.3705 -45.0768 -9.8037 11.1713 -46.3144 -8.8518
2 24 8.8933 -44.3536 -9.2039 9.8181 -45.5341 -8.0153
2 24 10.3705 -45.0768 -9.8037 11.1713 -46.3144 -8.8518
2 24 10.2066 -54.2276 -4.7645 8.0293 -54.8072 -4.6713
2 24 12.0832 -55.5336 -6.3161 9.2714 -57.0893 -6.1002
2 24 9.2714 -57.0893 -6.1002 6.3304 -57.7682 -5.7038
2 24 8.0293 -54.8072 -4.6713 6.2725 -54.5005 -4.4428
2 24 6.3304 -57.7682 -5.7038 6.2725 -54.5005 -4.4428
2 24 6.2725 -54.5005 -4.4428 8.0293 -54.8072 -4.6713
2 24 6.4475 -53.0116 -4.2884 6.2725 -54.5005 -4.4428
2 24 10.2066 -54.2276 -4.7645 8.0293 -54.8072 -4.6713
2 24 6.8216 -43.3499 35.8497 6.7164 -44.6636 33.9718
2 24 6.7164 -44.6636 33.9718 8.5539 -42.3313 32.4177
2 24 8.7114 -41.38 34.1469 8.5539 -42.3313 32.4177
2 24 6.9524 -40.8437 37.67 7.0752 -38.0964 38.9597
2 24 9.1881 -39.484 35.8498 9.4138 -37.346 37.0481
2 24 7.0752 -38.0964 38.9597 7.3889 -35.0624 39.4209
2 24 9.4138 -37.346 37.0481 9.616 -34.7089 37.2485
2 24 7.3889 -35.0624 39.4209 7.475 -32.3113 39.2119
2 24 9.616 -34.7089 37.2485 9.7113 -32.0183 36.8916
2 24 7.475 -32.3113 39.2119 7.5049 -29.4902 38.9791
2 24 9.7113 -32.0183 36.8916 9.7884 -29.6571 36.7797
2 24 7.5049 -29.4902 38.9791 7.5334 -26.2458 39.1534
2 24 7.5334 -26.2458 39.1534 9.7999 -26.7483 37.0722
2 24 9.7884 -29.6571 36.7797 9.7999 -26.7483 37.0722
2 24 8.7114 -41.38 34.1469 8.5539 -42.3313 32.4177
2 24 8.5539 -42.3313 32.4177 8.7463 -40.2142 30.3713
2 24 9.4138 -37.346 37.0481 9.1881 -39.484 35.8498
2 24 9.4138 -37.346 37.0481 9.616 -34.7089 37.2485
2 24 9.616 -34.7089 37.2485 9.7113 -32.0183 36.8916
2 24 8.8759 -23.8927 22.6575 8.9954 -21.7935 23.1489
2 24 8.9954 -21.7935 23.1489 9.1453 -20.0892 23.9712
2 24 6.8697 -21.5 21.2225 7.0994 -19.1224 22.3435
2 24 7.0994 -19.1224 22.3435 7.3039 -16.7725 24.0042
2 24 9.1453 -20.0892 23.9712 9.117 -17.3807 25.7392
2 24 7.3039 -16.7725 24.0042 7.4999 -14.164 25.7587
2 24 9.117 -17.3807 25.7392 8.95 -14.3602 27.441
2 24 7.4999 -14.164 25.7587 7.4859 -12.443 26.5024
2 24 8.95 -14.3602 27.441 8.9052 -12.5166 27.9187
2 24 7.5334 -26.2458 39.1534 9.7999 -26.7483 37.0722
2 24 7.5334 -26.2458 39.1534 7.3527 -25.1566 37.6202
2 24 9.7999 -26.7483 37.0722 9.8278 -25.82 35.5537
2 24 7.3527 -25.1566 37.6202 9.8278 -25.82 35.5537
2 24 7.4035 -22.9441 37.4516 7.3527 -25.1566 37.6202
2 24 7.4035 -22.9441 37.4516 9.7214 -23.2348 35.8239
2 24 7.3527 -25.1566 37.6202 9.8278 -25.82 35.5537
2 24 9.7214 -23.2348 35.8239 9.8278 -25.82 35.5537
2 24 7.4035 -22.9441 37.4516 9.7214 -23.2348 35.8239
2 24 7.4035 -22.9441 37.4516 7.422 -21.4695 35.9886
2 24 9.7214 -23.2348 35.8239 9.8088 -21.909 33.8177
2 24 7.422 -21.4695 35.9886 9.8088 -21.909 33.8177
2 24 7.3641 -20.0425 36.0374 7.422 -21.4695 35.9886
2 24 7.3641 -20.0425 36.0374 9.5487 -19.8224 34.1078
2 24 7.422 -21.4695 35.9886 9.8088 -21.909 33.8177
2 24 9.5487 -19.8224 34.1078 9.8088 -21.909 33.8177
2 24 7.3641 -20.0425 36.0374 9.5487 -19.8224 34.1078
2 24 7.3641 -20.0425 36.0374 7.6342 -18.2918 35.2677
2 24 9.5487 -19.8224 34.1078 9.5282 -17.9475 33.2644
2 24 7.6342 -18.2918 35.2677 9.5282 -17.9475 33.2644
2 24 7.9476 -13.7634 36.8112 7.8386 -16.249 36.0047
2 24 7.9476 -13.7634 36.8112 9.1231 -14.0043 35.7027
2 24 9.1231 -14.0043 35.7027 9.3351 -16.1466 34.2733
2 24 7.9476 -13.7634 36.8112 9.1231 -14.0043 35.7027
2 24 7.9476 -13.7634 36.8112 8.257 -11.8854 36.1338
2 24 9.1231 -14.0043 35.7027 9.2484 -12.135 35.0989
2 24 9.2484 -12.135 35.0989 9.3466 -9.7295 34.067
2 24 8.257 -11.8854 36.1338 8.4876 -9.5961 35.186
2 24 8.4876 -9.5961 35.186 8.8067 -6.8663 33.9702
2 24 9.3466 -9.7295 34.067 9.5665 -7.03 32.8726
2 24 9.8237 -3.6842 31.9213 9.7782 -5.1827 32.2008
2 24 9.0965 -3.6414 32.9414 8.9996 -4.9186 33.2918
2 24 9.0974 -1.846 32.516 9.0559 0.015 32.0533
2 24 9.8226 -1.8235 31.6732 9.8102 -0.0199 31.3355
2 24 9.0559 0.015 32.0533 9.8102 -0.0199 31.3355
2 24 7.8386 -16.249 36.0047 7.6342 -18.2918 35.2677
2 24 7.6342 -18.2918 35.2677 9.5282 -17.9475 33.2644
2 24 9.3351 -16.1466 34.2733 9.5282 -17.9475 33.2644
2 24 7.4859 -12.443 26.5024 7.5718 -10.6611 26.5684
2 24 8.9052 -12.5166 27.9187 8.9307 -10.7347 27.9527
2 24 8.9307 -10.7347 27.9527 9.0282 -8.9541 27.5325
2 24 7.5718 -10.6611 26.5684 7.7841 -9.0063 26.0937
2 24 9.0282 -8.9541 27.5325 9.1924 -7.4434 26.7162
2 24 7.7841 -9.0063 26.0937 8.0545 -7.2361 25.0339
2 24 9.1924 -7.4434 26.7162 9.4342 -6.3127 25.413
2 24 8.0545 -7.2361 25.0339 8.5517 -6.4469 23.3475
2 24 9.4342 -6.3127 25.413 9.719 -5.279 22.3244
2 24 8.5517 -6.4469 23.3475 9.0513 -5.6477 21.6971
2 24 9.0513 -5.6477 21.6971 9.2469 -4.3125 20.904
2 24 9.719 -5.279 22.3244 9.798 -4.2514 21.6436
2 24 9.8375 -0.0199 21.3993 9.8174 -2.1535 21.4464
2 24 9.8375 -0.0199 21.3993 9.012 -0.0199 20.8329
2 24 9.012 -0.0199 20.8329 9.1648 -2.2186 20.7702
2 24 9.798 -4.2514 21.6436 9.719 -5.279 22.3244
2 24 9.719 -5.279 22.3244 9.4342 -6.3127 25.413
2 24 9.5665 -7.03 32.8726 9.7782 -5.1827 32.2008
2 24 8.8067 -6.8663 33.9702 8.9996 -4.9186 33.2918
2 24 9.8375 -0.0199 21.3993 9.8375 -0.0199 24.0199
2 24 9.8375 -0.0199 21.3993 9.8174 -2.1535 21.4464
2 24 9.8375 -0.0199 27.7675 9.8102 -0.0199 31.3355
2 24 9.8102 -0.0199 31.3355 9.8226 -1.8235 31.6732
2 24 9.4342 -6.3127 25.413 9.1924 -7.4434 26.7162
2 24 9.1924 -7.4434 26.7162 9.0282 -8.9541 27.5325
2 24 9.5665 -7.03 32.8726 9.3466 -9.7295 34.067
2 24 9.0282 -8.9541 27.5325 8.9307 -10.7347 27.9527
2 24 9.3466 -9.7295 34.067 9.2484 -12.135 35.0989
2 24 8.9307 -10.7347 27.9527 8.9052 -12.5166 27.9187
2 24 9.2484 -12.135 35.0989 9.1231 -14.0043 35.7027
2 24 8.9052 -12.5166 27.9187 8.95 -14.3602 27.441
2 24 9.1231 -14.0043 35.7027 9.3351 -16.1466 34.2733
2 24 8.95 -14.3602 27.441 9.117 -17.3807 25.7392
2 24 9.3351 -16.1466 34.2733 9.5282 -17.9475 33.2644
2 24 9.5282 -17.9475 33.2644 9.5487 -19.8224 34.1078
2 24 9.117 -17.3807 25.7392 9.1453 -20.0892 23.9712
2 24 9.5487 -19.8224 34.1078 9.8088 -21.909 33.8177
2 24 9.1453 -20.0892 23.9712 8.9954 -21.7935 23.1489
2 24 8.9954 -21.7935 23.1489 8.8759 -23.8927 22.6575
2 24 9.8088 -21.909 33.8177 9.7214 -23.2348 35.8239
2 24 8.8292 -26.1242 21.9894 8.841 -29.7885 23.4059
2 24 8.7819 -38.0623 28.5276 8.8545 -35.47 26.6436
2 24 6.8216 -43.3499 35.8497 6.9524 -40.8437 37.67
2 24 8.7114 -41.38 34.1469 9.1881 -39.484 35.8498
2 24 8.7114 -41.38 34.1469 9.1881 -39.484 35.8498
2 24 8.7463 -40.2142 30.3713 8.7819 -38.0623 28.5276
2 24 5.2211 -44.8577 34.0857 6.7164 -44.6636 33.9718
2 24 6.8216 -43.3499 35.8497 6.7164 -44.6636 33.9718
2 24 1.725 -44.1734 36.3334 1.2662 -42.337 39.0085
2 24 2.6128 -43.8968 36.0585 2.5672 -41.1733 38.1129
2 24 6.8216 -43.3499 35.8497 6.9524 -40.8437 37.67
2 24 1.725 -44.1734 36.3334 1.2662 -42.337 39.0085
2 24 2.5672 -41.1733 38.1129 2.8813 -38.2173 39.3129
2 24 6.9524 -40.8437 37.67 7.0752 -38.0964 38.9597
2 24 1.2662 -42.337 39.0085 0.9579 -39.5002 41.1933
2 24 2.8813 -38.2173 39.3129 3.303 -35.4105 39.8585
2 24 7.0752 -38.0964 38.9597 7.3889 -35.0624 39.4209
2 24 0.9579 -39.5002 41.1933 1.135 -36.4923 42.4584
2 24 3.303 -35.4105 39.8585 3.9107 -32.5014 39.7501
2 24 7.3889 -35.0624 39.4209 7.475 -32.3113 39.2119
2 24 1.135 -36.4923 42.4584 1.7489 -33.3642 42.9851
2 24 3.9107 -32.5014 39.7501 4.4392 -29.5021 39.6483
2 24 7.475 -32.3113 39.2119 7.5049 -29.4902 38.9791
2 24 1.7489 -33.3642 42.9851 2.2257 -30.2228 43.3692
2 24 4.4392 -29.5021 39.6483 4.8038 -25.6927 39.9447
2 24 4.8038 -25.6927 39.9447 7.5334 -26.2458 39.1534
2 24 7.5049 -29.4902 38.9791 7.5334 -26.2458 39.1534
2 24 4.8038 -25.6927 39.9447 7.5334 -26.2458 39.1534
2 24 4.8038 -25.6927 39.9447 4.8925 -24.6218 38.2621
2 24 7.5334 -26.2458 39.1534 7.3527 -25.1566 37.6202
2 24 4.8925 -24.6218 38.2621 7.3527 -25.1566 37.6202
2 24 4.6809 -22.9451 38.0242 4.8925 -24.6218 38.2621
2 24 4.6809 -22.9451 38.0242 7.4035 -22.9441 37.4516
2 24 4.8925 -24.6218 38.2621 7.3527 -25.1566 37.6202
2 24 7.4035 -22.9441 37.4516 7.3527 -25.1566 37.6202
2 24 4.6809 -22.9451 38.0242 7.4035 -22.9441 37.4516
2 24 4.6809 -22.9451 38.0242 4.2314 -21.6799 37.0515
2 24 7.4035 -22.9441 37.4516 7.422 -21.4695 35.9886
2 24 4.2314 -21.6799 37.0515 7.422 -21.4695 35.9886
2 24 3.4251 -20.3265 37.2619 4.2314 -21.6799 37.0515
2 24 3.4251 -20.3265 37.2619 7.3641 -20.0425 36.0374
2 24 4.2314 -21.6799 37.0515 7.422 -21.4695 35.9886
2 24 7.3641 -20.0425 36.0374 7.422 -21.4695 35.9886
2 24 2.4637 -18.4802 35.7673 7.6342 -18.2918 35.2677
2 24 3.4251 -20.3265 37.2619 7.3641 -20.0425 36.0374
2 24 7.6342 -18.2918 35.2677 7.3641 -20.0425 36.0374
2 24 2.4637 -18.4802 35.7673 7.6342 -18.2918 35.2677
2 24 2.4637 -18.4802 35.7673 2.4836 -16.2005 36.522
2 24 7.6342 -18.2918 35.2677 7.8386 -16.249 36.0047
2 24 2.4836 -16.2005 36.522 2.5059 -13.65 37.1486
2 24 2.5059 -13.65 37.1486 7.9476 -13.7634 36.8112
2 24 7.8386 -16.249 36.0047 7.9476 -13.7634 36.8112
2 24 2.5059 -13.65 37.1486 7.9476 -13.7634 36.8112
2 24 2.5059 -13.65 37.1486 2.525 -11.7987 36.7289
2 24 7.9476 -13.7634 36.8112 8.257 -11.8854 36.1338
2 24 8.257 -11.8854 36.1338 8.4876 -9.5961 35.186
2 24 2.525 -11.7987 36.7289 2.5503 -9.5384 35.7342
2 24 2.5503 -9.5384 35.7342 2.5763 -6.6541 34.4025
2 24 8.4876 -9.5961 35.186 8.8067 -6.8663 33.9702
2 24 8.8067 -6.8663 33.9702 8.9996 -4.9186 33.2918
2 24 2.5763 -6.6541 34.4025 2.6014 -4.6944 33.6564
2 24 2.6014 -4.6944 33.6564 2.6125 -3.4041 33.2869
2 24 8.9996 -4.9186 33.2918 9.0965 -3.6414 32.9414
2 24 2.6331 0.015 32.3599 2.612 -1.6988 32.8516
2 24 2.6331 0.015 32.3599 9.0559 0.015 32.0533
2 24 9.0559 0.015 32.0533 9.0974 -1.846 32.516
2 24 1.2662 -42.337 39.0085 0.9579 -39.5002 41.1933
2 24 0.9579 -39.5002 41.1933 1.135 -36.4923 42.4584
2 24 1.135 -36.4923 42.4584 1.7489 -33.3642 42.9851
2 24 1.7489 -33.3642 42.9851 2.2257 -30.2228 43.3692
2 24 2.2257 -30.2228 43.3692 2.6578 -27.3637 44.0758
2 24 1.1696 -21.4762 48.1409 -1.99 -19.967 49.8756
2 24 -1.99 -19.967 49.8756 -4.7461 -19.5096 49.8328
2 24 2.6578 -27.3637 44.0758 2.4406 -24.0852 45.6878
2 24 2.4406 -24.0852 45.6878 1.1696 -21.4762 48.1409
2 24 1.1696 -21.4762 48.1409 -1.99 -19.967 49.8756
2 24 -1.99 -19.967 49.8756 -4.7461 -19.5096 49.8328
2 24 -4.7461 -19.5096 49.8328 -7.1063 -19.8523 48.5962
2 24 -7.1063 -19.8523 48.5962 -8.6341 -20.6246 46.8165
2 24 -4.7461 -19.5096 49.8328 -7.1063 -19.8523 48.5962
2 24 -7.1063 -19.8523 48.5962 -8.6341 -20.6246 46.8165
2 24 -2.4473 -16.7295 47.3506 -2.2806 -16.4756 44.5539
2 24 6.3529 -0.0199 20.7007 9.012 -0.0199 20.8329
2 24 6.3529 -0.0199 20.7007 6.3047 -2.1967 20.6541
2 24 9.012 -0.0199 20.8329 9.1648 -2.2186 20.7702
2 24 9.2469 -4.3125 20.904 9.0513 -5.6477 21.6971
2 24 6.1634 -4.2417 20.7795 6.0171 -5.5861 21.4332
2 24 6.0171 -5.5861 21.4332 5.1501 -6.5013 23.2125
2 24 9.0513 -5.6477 21.6971 8.5517 -6.4469 23.3475
2 24 8.5517 -6.4469 23.3475 8.0545 -7.2361 25.0339
2 24 5.1501 -6.5013 23.2125 3.7089 -7.4147 24.8483
2 24 3.7089 -7.4147 24.8483 2.5797 -8.6982 25.5709
2 24 8.0545 -7.2361 25.0339 7.7841 -9.0063 26.0937
2 24 2.5797 -8.6982 25.5709 2.5349 -10.3253 26.0415
2 24 7.7841 -9.0063 26.0937 7.5718 -10.6611 26.5684
2 24 7.5718 -10.6611 26.5684 7.4859 -12.443 26.5024
2 24 2.5349 -10.3253 26.0415 2.5726 -12.0415 26.2076
2 24 2.5726 -12.0415 26.2076 2.5146 -13.7182 25.6117
2 24 7.4859 -12.443 26.5024 7.4999 -14.164 25.7587
2 24 2.5146 -13.7182 25.6117 2.5062 -16.3185 24.0192
2 24 7.4999 -14.164 25.7587 7.3039 -16.7725 24.0042
2 24 7.3039 -16.7725 24.0042 7.0994 -19.1224 22.3435
2 24 2.5062 -16.3185 24.0192 2.4612 -18.7682 22.3144
2 24 2.4612 -18.7682 22.3144 2.4493 -21.2449 21.0413
2 24 7.0994 -19.1224 22.3435 6.8697 -21.5 21.2225
2 24 5.1501 -6.5013 23.2125 6.0171 -5.5861 21.4332
2 24 6.0171 -5.5861 21.4332 6.1634 -4.2417 20.7795
2 24 2.6014 -4.6944 33.6564 2.5763 -6.6541 34.4025
2 24 2.6014 -4.6944 33.6564 2.6125 -3.4041 33.2869
2 24 2.5349 -10.3253 26.0415 2.5797 -8.6982 25.5709
2 24 2.5349 -10.3253 26.0415 2.5726 -12.0415 26.2076
2 24 2.625 -0.0199 30.6436 2.6388 -0.0199 28.0052
2 24 2.6181 -3.1303 25.9973 2.6266 -0.0199 26.2197
2 24 2.6388 -0.0199 28.0052 2.6266 -0.0199 26.2197
2 24 2.5726 -12.0415 26.2076 2.5146 -13.7182 25.6117
2 24 2.5763 -6.6541 34.4025 2.5503 -9.5384 35.7342
2 24 2.5146 -13.7182 25.6117 2.5062 -16.3185 24.0192
2 24 2.5059 -13.65 37.1486 2.525 -11.7987 36.7289
2 24 2.5059 -13.65 37.1486 2.4836 -16.2005 36.522
2 24 2.4836 -16.2005 36.522 2.4637 -18.4802 35.7673
2 24 2.625 -0.0199 30.6436 2.6331 0.015 32.3599
2 24 2.6331 0.015 32.3599 2.612 -1.6988 32.8516
2 24 2.5503 -9.5384 35.7342 2.525 -11.7987 36.7289
2 24 -9.402 -37.2738 37.0252 -9.2056 -39.484 35.8498
2 24 -7.3219 -38.1047 38.9336 -6.9624 -40.8153 37.6842
2 24 -9.402 -37.2738 37.0252 -9.5639 -35.0431 37.7015
2 24 -7.3219 -38.1047 38.9336 -7.5113 -35.301 39.7075
2 24 -9.5639 -35.0431 37.7015 -9.7089 -32.4671 38.2364
2 24 -7.5113 -35.301 39.7075 -7.5272 -32.0426 40.2509
2 24 -7.4502 -28.8089 40.6183 -9.8326 -29.3168 38.5817
2 24 -7.5272 -32.0426 40.2509 -7.4502 -28.8089 40.6183
2 24 -9.7089 -32.4671 38.2364 -9.8326 -29.3168 38.5817
2 24 -9.8326 -29.3168 38.5817 -7.4502 -28.8089 40.6183
2 24 -9.8326 -29.3168 38.5817 -9.8332 -26.9655 39.9197
2 24 -7.4502 -28.8089 40.6183 -7.4678 -26.2698 41.816
2 24 -9.8332 -26.9655 39.9197 -7.4678 -26.2698 41.816
2 24 -8.7463 -40.2142 30.3713 -8.5225 -42.4356 32.4535
2 24 -8.76 -41.4267 34.1478 -8.5225 -42.4356 32.4535
2 24 -9.402 -37.2738 37.0252 -9.2056 -39.484 35.8498
2 24 -9.402 -37.2738 37.0252 -9.5639 -35.0431 37.7015
2 24 -9.5639 -35.0431 37.7015 -9.7089 -32.4671 38.2364
2 24 -9.7089 -32.4671 38.2364 -9.8326 -29.3168 38.5817
2 24 -9.8326 -29.3168 38.5817 -9.8332 -26.9655 39.9197
2 24 -8.9589 -30.0614 23.5226 -8.825 -33.0189 25.0498
2 24 -8.825 -33.0189 25.0498 -8.7893 -35.172 26.4949
2 24 -8.7893 -35.172 26.4949 -8.7748 -38.0115 28.5604
2 24 -9.2056 -39.484 35.8498 -8.76 -41.4267 34.1478
2 24 -6.9624 -40.8153 37.6842 -6.6965 -43.3303 35.8239
2 24 -8.76 -41.4267 34.1478 -9.2056 -39.484 35.8498
2 24 -8.7463 -40.2142 30.3713 -8.7748 -38.0115 28.5604
2 24 -6.7164 -44.6636 33.9718 -4.9818 -44.8328 34.0916
2 24 -6.7164 -44.6636 33.9718 -6.6965 -43.3303 35.8239
2 24 -6.6965 -43.3303 35.8239 -6.9624 -40.8153 37.6842
2 24 -2.4594 -43.9378 36.1479 -2.9035 -41.3344 37.9818
2 24 -6.9624 -40.8153 37.6842 -7.3219 -38.1047 38.9336
2 24 -2.9035 -41.3344 37.9818 -3.9883 -38.3934 39.2211
2 24 -7.3219 -38.1047 38.9336 -7.5113 -35.301 39.7075
2 24 -3.9883 -38.3934 39.2211 -4.5179 -35.2021 40.0003
2 24 -7.5113 -35.301 39.7075 -7.5272 -32.0426 40.2509
2 24 -4.5179 -35.2021 40.0003 -4.7026 -31.808 40.4862
2 24 -7.5272 -32.0426 40.2509 -7.4502 -28.8089 40.6183
2 24 -4.7026 -31.808 40.4862 -4.2728 -28.4921 41.0786
2 24 -7.4502 -28.8089 40.6183 -4.2728 -28.4921 41.0786
2 24 -8.8474 -27.5151 24.1073 -9.2887 -23.3904 26.6243
2 24 -8.8474 -27.5151 24.1073 -6.8294 -24.9755 23.0384
2 24 -6.8294 -24.9755 23.0384 -7.1718 -22.2185 24.7985
2 24 -7.4502 -28.8089 40.6183 -4.2728 -28.4921 41.0786
2 24 -7.4502 -28.8089 40.6183 -7.4678 -26.2698 41.816
2 24 -4.2728 -28.4921 41.0786 -3.4221 -26.0436 42.3147
2 24 -7.4678 -26.2698 41.816 -3.4221 -26.0436 42.3147
2 24 -9.8332 -26.9655 39.9197 -7.4678 -26.2698 41.816
2 24 -9.8332 -26.9655 39.9197 -9.8437 -25.6705 39.0878
2 24 -7.4678 -26.2698 41.816 -7.0026 -24.9925 41.4549
2 24 -9.8437 -25.6705 39.0878 -7.0026 -24.9925 41.4549
2 24 -3.536 -24.8294 41.9954 -7.0026 -24.9925 41.4549
2 24 -3.536 -24.8294 41.9954 -3.4221 -26.0436 42.3147
2 24 -7.0026 -24.9925 41.4549 -7.4678 -26.2698 41.816
2 24 -3.4221 -26.0436 42.3147 -7.4678 -26.2698 41.816
2 24 -9.8437 -25.6705 39.0878 -7.0026 -24.9925 41.4549
2 24 -9.8437 -25.6705 39.0878 -9.677 -22.92 41.0952
2 24 -7.0026 -24.9925 41.4549 -6.8667 -22.8402 42.7084
2 24 -9.677 -22.92 41.0952 -6.8667 -22.8402 42.7084
2 24 -9.677 -22.92 41.0952 -9.8437 -25.6705 39.0878
2 24 -9.677 -22.92 41.0952 -9.7443 -21.1307 40.2162
2 24 -9.7443 -21.1307 40.2162 -9.677 -22.92 41.0952
2 24 -9.7443 -21.1307 40.2162 -7.6594 -21.2576 41.9331
2 24 -9.677 -22.92 41.0952 -6.8667 -22.8402 42.7084
2 24 -7.6594 -21.2576 41.9331 -6.8667 -22.8402 42.7084
2 24 -7.1718 -22.2185 24.7985 -7.3306 -19.0978 26.9856
2 24 -9.2887 -23.3904 26.6243 -9.5388 -20.4106 28.5533
2 24 -8.8474 -27.5151 24.1073 -9.2887 -23.3904 26.6243
2 24 -9.2887 -23.3904 26.6243 -9.5388 -20.4106 28.5533
2 24 -7.3306 -19.0978 26.9856 -7.248 -16.6358 29.4241
2 24 -9.5388 -20.4106 28.5533 -9.5871 -18.146 31.3384
2 24 -9.5388 -20.4106 28.5533 -9.5871 -18.146 31.3384
2 24 -9.7443 -21.1307 40.2162 -7.6594 -21.2576 41.9331
2 24 -9.7443 -21.1307 40.2162 -9.6041 -19.205 41.9218
2 24 -7.6594 -21.2576 41.9331 -8.0225 -19.488 43.2316
2 24 -9.6041 -19.205 41.9218 -8.0225 -19.488 43.2316
2 24 -9.7443 -21.1307 40.2162 -9.6041 -19.205 41.9218
2 24 -9.6041 -19.205 41.9218 -8.0225 -19.488 43.2316
2 24 -9.6041 -19.205 41.9218 -9.5549 -18.0137 41.9274
2 24 -8.0225 -19.488 43.2316 -7.576 -18.4312 43.7085
2 24 -9.5549 -18.0137 41.9274 -7.576 -18.4312 43.7085
2 24 -9.6041 -19.205 41.9218 -9.5549 -18.0137 41.9274
2 24 -9.5871 -18.146 31.3384 -9.3563 -16.2686 34.0223
2 24 -7.248 -16.6358 29.4241 -7.363 -14.9545 32.3407
2 24 -9.5871 -18.146 31.3384 -9.3563 -16.2686 34.0223
2 24 -7.363 -14.9545 32.3407 -7.5115 -13.2501 35.3915
2 24 -9.3563 -16.2686 34.0223 -9.2688 -14.2542 36.9883
2 24 -9.2688 -14.2542 36.9883 -9.2484 -12.1578 39.1
2 24 -7.5115 -13.2501 35.3915 -7.6456 -11.4115 37.362
2 24 -9.3563 -16.2686 34.0223 -9.2688 -14.2542 36.9883
2 24 -9.5549 -18.0137 41.9274 -9.2886 -15.3197 45.2632
2 24 -8.0745 -13.3338 47.3739 -7.8189 -15.5679 46.9684
2 24 -9.3076 -13.329 45.9065 -9.2886 -15.3197 45.2632
2 24 -7.8189 -15.5679 46.9684 -9.2886 -15.3197 45.2632
2 24 -9.2886 -15.3197 45.2632 -9.3076 -13.329 45.9065
2 24 -9.2688 -14.2542 36.9883 -9.2484 -12.1578 39.1
2 24 -7.6456 -11.4115 37.362 -7.764 -9.2766 38.8833
2 24 -9.2484 -12.1578 39.1 -9.3211 -9.8172 40.6531
2 24 -8.0745 -13.3338 47.3739 -8.2855 -10.0963 47.7504
2 24 -9.3076 -13.329 45.9065 -9.3962 -9.9996 46.5492
2 24 -9.3076 -13.329 45.9065 -9.3962 -9.9996 46.5492
2 24 -9.2484 -12.1578 39.1 -9.3211 -9.8172 40.6531
2 24 -9.3211 -9.8172 40.6531 -9.4394 -7.8242 41.0585
2 24 -9.3211 -9.8172 40.6531 -9.4394 -7.8242 41.0585
2 24 -7.764 -9.2766 38.8833 -7.9533 -7.6251 39.2292
2 24 -9.4394 -7.8242 41.0585 -9.6697 -6.0125 40.1845
2 24 -7.9533 -7.6251 39.2292 -8.5419 -6.1549 38.5552
2 24 -9.4394 -7.8242 41.0585 -9.6697 -6.0125 40.1845
2 24 -9.3962 -9.9996 46.5492 -9.5783 -6.9884 47.1304
2 24 -9.3962 -9.9996 46.5492 -9.5783 -6.9884 47.1304
2 24 -8.2855 -10.0963 47.7504 -8.7078 -7.1324 48.0753
2 24 -8.9496 -4.5932 37.5447 -9.0504 -3.3127 37.34
2 24 -9.7458 -4.4955 38.0691 -9.793 -3.2184 37.9063
2 24 -9.7458 -4.4955 38.0691 -9.793 -3.2184 37.9063
2 24 -9.8144 -2.8047 47.9619 -9.8125 -5.1429 47.6015
2 24 -9.1824 -5.2413 48.2916 -9.2439 -2.8474 48.4631
2 24 -9.8125 -5.1429 47.6015 -9.8144 -2.8047 47.9619
2 24 -9.793 -3.2184 37.9063 -9.7865 -1.7843 37.8437
2 24 -9.0504 -3.3127 37.34 -9.0786 -1.7829 37.3252
2 24 -9.793 -3.2184 37.9063 -9.7865 -1.7843 37.8437
2 24 -9.0786 -1.7829 37.3252 -8.9697 -0.0199 37.3602
2 24 -8.9697 -0.0199 37.3602 -9.7475 -0.0199 37.8718
2 24 -9.7865 -1.7843 37.8437 -9.7475 -0.0199 37.8718
2 24 -9.7865 -1.7843 37.8437 -9.7475 -0.0199 37.8718
2 24 -9.7475 -0.0199 37.8718 -9.7152 -0.0199 41.2706
2 24 -9.7152 -0.0199 41.2706 -9.8125 -0.0199 44.5149
2 24 -9.8125 -0.0199 44.5149 -9.8125 -0.0199 48.0038
2 24 -9.8144 -2.8047 47.9619 -9.8125 -0.0199 48.0038
2 24 -9.1843 -0.0199 48.6033 -9.8125 -0.0199 48.0038
2 24 -9.2439 -2.8474 48.4631 -9.1843 -0.0199 48.6033
2 24 -9.8144 -2.8047 47.9619 -9.8125 -0.0199 48.0038
2 24 6.663 -44.6153 -13.5206 7.0472 -43.2761 -11.8099
2 24 4.2923 -41.6369 -15.3519 4.2854 -39.8021 -14.9782
2 24 4.2854 -39.8021 -14.9782 4.2923 -41.6369 -15.3519
2 24 6.9925 -41.3832 -11.5267 7.0472 -43.2761 -11.8099
2 24 -1.5367 -42.413 38.8967 -1.6504 -44.176 36.3548
2 24 -2.4594 -43.9378 36.1479 -2.9035 -41.3344 37.9818
2 24 -1.5367 -42.413 38.8967 -2.136 -39.7432 40.9356
2 24 -2.136 -39.7432 40.9356 -2.6133 -36.6655 42.2898
2 24 -2.6133 -36.6655 42.2898 -2.848 -33.3692 43.0673
2 24 -2.848 -33.3692 43.0673 -2.6159 -30.2994 43.4594
2 24 -2.6159 -30.2994 43.4594 -1.9423 -27.707 44.1991
2 24 -1.9423 -27.707 44.1991 -1.682 -25.7717 45.3131
2 24 -1.682 -25.7717 45.3131 -2.1736 -24.2171 46.7343
2 24 -2.1736 -24.2171 46.7343 -3.6605 -23.282 47.9245
2 24 -3.6605 -23.282 47.9245 -4.8431 -22.9499 48.1752
2 24 -4.8431 -22.9499 48.1752 -6.6764 -22.6726 47.6646
2 24 -2.9035 -41.3344 37.9818 -3.9883 -38.3934 39.2211
2 24 -3.9883 -38.3934 39.2211 -4.5179 -35.2021 40.0003
2 24 -4.5179 -35.2021 40.0003 -4.7026 -31.808 40.4862
2 24 -4.7026 -31.808 40.4862 -4.2728 -28.4921 41.0786
2 24 -4.2728 -28.4921 41.0786 -3.4221 -26.0436 42.3147
2 24 -3.4221 -26.0436 42.3147 -3.536 -24.8294 41.9954
2 24 -3.536 -24.8294 41.9954 -4.3326 -23.4002 42.9934
2 24 -6.8667 -22.8402 42.7084 -7.0026 -24.9925 41.4549
2 24 -6.8667 -22.8402 42.7084 -4.3326 -23.4002 42.9934
2 24 -7.0026 -24.9925 41.4549 -3.536 -24.8294 41.9954
2 24 -4.3326 -23.4002 42.9934 -3.536 -24.8294 41.9954
2 24 -6.6764 -22.6726 47.6646 -7.9998 -22.6007 46.5163
2 24 -7.9998 -22.6007 46.5163 -8.6907 -22.5935 44.913
2 24 -8.6907 -22.5935 44.913 -9.0648 -21.9429 44.3765
2 24 -9.0648 -21.9429 44.3765 -9.2983 -21.1634 44.7937
2 24 -8.6341 -20.6246 46.8165 -9.2983 -21.1634 44.7937
2 24 1.1696 -21.4762 48.1409 2.4406 -24.0852 45.6878
2 24 -2.5068 -13.5453 47.594 -2.5358 -10.2168 47.9451
2 24 -8.0745 -13.3338 47.3739 -8.2855 -10.0963 47.7504
2 24 -2.5358 -10.2168 47.9451 -2.5676 -6.5777 48.3716
2 24 -8.2855 -10.0963 47.7504 -8.7078 -7.1324 48.0753
2 24 -9.2439 -2.8474 48.4631 -9.1824 -5.2413 48.2916
2 24 -2.5676 -6.5777 48.3716 -2.5995 -2.9159 48.6806
2 24 -7.1246 -0.0199 48.6872 -9.1843 -0.0199 48.6033
2 24 -9.2439 -2.8474 48.4631 -9.1843 -0.0199 48.6033
2 24 -7.1246 -0.0199 48.6872 -4.8107 -0.0199 48.6872
2 24 -4.8107 -0.0199 48.6872 -2.6234 -0.0199 48.6872
2 24 -2.5995 -2.9159 48.6806 -2.6234 -0.0199 48.6872
2 24 -2.5068 -13.5453 47.594 -2.5358 -10.2168 47.9451
2 24 -2.5358 -10.2168 47.9451 -2.5676 -6.5777 48.3716
2 24 -2.5782 -5.3668 45.6092 -2.6155 -4.9177 45.9218
2 24 -2.5676 -6.5777 48.3716 -2.5995 -2.9159 48.6806
2 24 -2.6155 -4.9177 45.9218 -2.6056 -2.2203 45.999
2 24 -2.6234 -0.0199 46.0495 -2.6234 -0.0199 48.6872
2 24 -2.6056 -2.2203 45.999 -2.6234 -0.0199 46.0495
2 24 -2.5995 -2.9159 48.6806 -2.6234 -0.0199 48.6872
2 24 -2.5782 -5.3668 45.6092 -2.5781 -5.3668 43.147
2 24 -2.5781 -5.3668 43.147 -2.5778 -5.3668 40.8245
2 24 -2.5625 -8.9699 38.4955 -2.5753 -6.8696 38.6798
2 24 -2.5625 -8.9699 38.4955 -2.5293 -10.9595 37.3353
2 24 -2.2806 -16.4756 44.5539 -2.2641 -16.7695 41.8177
2 24 -2.5068 -13.5453 47.594 -2.4877 -15.7313 47.3519
2 24 -2.4587 -19.0549 26.7621 -2.4783 -16.8036 29.1508
2 24 -2.4783 -16.8036 29.1508 -2.5006 -14.7156 31.9583
2 24 -2.5006 -14.7156 31.9583 -2.5127 -12.8692 35.1369
2 24 -2.5127 -12.8692 35.1369 -2.5293 -10.9595 37.3353
2 24 -2.5293 -10.9595 37.3353 -2.5625 -8.9699 38.4955
2 24 -2.5293 -10.9595 37.3353 -2.5127 -12.8692 35.1369
2 24 -7.3306 -19.0978 26.9856 -7.248 -16.6358 29.4241
2 24 -7.248 -16.6358 29.4241 -7.363 -14.9545 32.3407
2 24 -7.363 -14.9545 32.3407 -7.5115 -13.2501 35.3915
2 24 -7.5115 -13.2501 35.3915 -7.6456 -11.4115 37.362
2 24 -7.6456 -11.4115 37.362 -7.764 -9.2766 38.8833
2 24 -7.764 -9.2766 38.8833 -7.9533 -7.6251 39.2292
2 24 -7.3306 -19.0978 26.9856 -7.1718 -22.2185 24.7985
2 24 -7.1718 -22.2185 24.7985 -6.8294 -24.9755 23.0384
2 24 -6.8294 -24.9755 23.0384 -4.9948 -24.6355 23.009
2 24 -4.9948 -24.6355 23.009 -2.4112 -24.4985 23.0707
2 24 -2.4112 -24.4985 23.0707 -2.4428 -21.7439 24.6793
2 24 -2.4587 -19.0549 26.7621 -2.4428 -21.7439 24.6793
2 24 -9.7475 -0.0199 37.8718 -9.7152 -0.0199 41.2706
2 24 -9.7475 -0.0199 37.8718 -8.9697 -0.0199 37.3602
2 24 -9.7152 -0.0199 41.2706 -9.8125 -0.0199 44.5149
2 24 -9.8125 -0.0199 48.0038 -9.1843 -0.0199 48.6033
2 24 -9.8125 -0.0199 44.5149 -9.8125 -0.0199 48.0038
2 24 -9.1843 -0.0199 48.6033 -7.1246 -0.0199 48.6872
2 24 -7.1246 -0.0199 48.6872 -4.8107 -0.0199 48.6872
2 24 -2.6234 -0.0199 46.0495 -3.7637 -0.0199 45.2701
2 24 -4.8107 -0.0199 48.6872 -2.6234 -0.0199 48.6872
2 24 -2.6234 -0.0199 46.0495 -2.6234 -0.0199 48.6872
2 24 -6.2297 -0.0199 41.7047 -6.3543 -0.0199 39.3172
2 24 -6.2297 -0.0199 41.7047 -5.3284 -0.0199 43.7191
2 24 -3.7637 -0.0199 45.2701 -5.3284 -0.0199 43.7191
2 24 -9.8332 -26.9655 39.9197 -9.8437 -25.6705 39.0878
2 24 3.4251 -20.3265 37.2619 4.2314 -21.6799 37.0515
2 24 3.4251 -20.3265 37.2619 2.0984 -19.3952 36.6855
2 24 9.7214 -23.2348 35.8239 9.8278 -25.82 35.5537
2 24 9.8278 -25.82 35.5537 9.7999 -26.7483 37.0722
2 24 8.841 -29.7885 23.4059 8.7843 -32.9177 25.0135
2 24 9.7999 -26.7483 37.0722 9.7884 -29.6571 36.7797
2 24 9.7113 -32.0183 36.8916 9.7884 -29.6571 36.7797
2 24 8.8545 -35.47 26.6436 8.7843 -32.9177 25.0135
2 24 1.8319 -19.7385 -7.5738 -1.8319 -19.7385 -7.5738
2 24 1.7408 -19.8398 -5.8287 -1.7408 -19.8398 -5.8287
2 24 1.8319 -19.7385 -7.5738 -1.8319 -19.7385 -7.5738
2 24 1.9206 -20.6757 -5.3101 1.947 -23.9287 -5.2623
2 24 -1.8056 -20.7511 -5.3361 -1.9143 -24.0016 -5.2738
2 24 1.7408 -19.8398 -5.8287 -1.7408 -19.8398 -5.8287
2 24 1.947 -23.9287 -5.2623 1.9563 -26.7572 -5.2227
2 24 -1.9143 -24.0016 -5.2738 -1.9927 -26.6532 -5.2063
2 24 1.9563 -26.7572 -5.2227 1.9219 -29.3799 -5.2052
2 24 -1.9927 -26.6532 -5.2063 -1.9579 -29.2754 -5.1895
2 24 1.9219 -29.3799 -5.2052 1.8827 -31.9943 -5.1896
2 24 -1.9579 -29.2754 -5.1895 -1.8973 -31.9713 -5.1836
2 24 1.8827 -31.9943 -5.1896 1.8383 -34.9753 -5.1706
2 24 -1.8973 -31.9713 -5.1836 -1.8659 -34.9612 -5.1598
2 24 1.8383 -34.9753 -5.1706 1.7972 -37.9584 -5.1504
2 24 -1.8659 -34.9612 -5.1598 -1.8492 -37.9157 -5.1299
2 24 1.7972 -37.9584 -5.1504 1.7495 -41.0879 -5.1297
2 24 -1.8492 -37.9157 -5.1299 -1.8195 -40.9931 -5.1044
2 24 -1.8195 -40.9931 -5.1044 -1.7556 -44.4242 -5.0883
2 24 1.7495 -41.0879 -5.1297 1.6732 -44.3087 -5.1158
2 24 2.41 -20.4276 -4.8384 2.3962 -23.8507 -4.7414
2 24 2.4584 -19.0837 6.687 2.4705 -19.4618 10.1349
2 24 2.4705 -19.4618 10.1349 2.4878 -20.5757 14.0449
2 24 2.4878 -20.5757 14.0449 2.4662 -21.7724 17.3056
2 24 2.4662 -21.7724 17.3056 2.4304 -23.1705 20.2923
2 24 2.4616 -18.7239 6.218 2.4584 -19.0837 6.687
2 24 2.2973 -36.85 10.9481 2.3041 -36.7589 14.4716
2 24 2.3311 -31.7621 -4.6554 2.3005 -34.6889 -4.6513
2 24 2.3005 -34.6889 -4.6513 2.2728 -37.6531 -4.6331
2 24 2.5797 -8.6982 25.5709 2.572 -6.0708 25.7961
2 24 2.5797 -8.6982 25.5709 3.7089 -7.4147 24.8483
2 24 5.1501 -6.5013 23.2125 3.7089 -7.4147 24.8483
2 24 2.572 -6.0708 25.7961 2.6181 -3.1303 25.9973
2 24 6.1634 -4.2417 20.7795 6.3047 -2.1967 20.6541
2 24 6.3047 -2.1967 20.6541 6.1634 -4.2417 20.7795
2 24 9.1648 -2.2186 20.7702 9.2469 -4.3125 20.904
2 24 9.798 -4.2514 21.6436 9.8174 -2.1535 21.4464
2 24 9.2469 -4.3125 20.904 9.1648 -2.2186 20.7702
2 24 9.798 -4.2514 21.6436 9.8174 -2.1535 21.4464
2 24 9.8226 -1.8235 31.6732 9.8237 -3.6842 31.9213
2 24 9.0965 -3.6414 32.9414 9.0974 -1.846 32.516
2 24 9.8237 -3.6842 31.9213 9.8226 -1.8235 31.6732
2 24 9.0965 -3.6414 32.9414 9.0974 -1.846 32.516
2 24 2.6125 -3.4041 33.2869 2.612 -1.6988 32.8516
2 24 2.6125 -3.4041 33.2869 2.612 -1.6988 32.8516
2 24 2.5797 -8.6982 25.5709 2.572 -6.0708 25.7961
2 24 2.6181 -3.1303 25.9973 2.572 -6.0708 25.7961
2 24 6.3047 -2.1967 20.6541 6.3529 -0.0199 20.7007
2 24 6.3529 -0.0199 20.7007 5.8937 -0.0199 23.1863
2 24 5.8937 -0.0199 23.1863 4.4343 -0.0199 24.7824
2 24 2.6181 -3.1303 25.9973 2.6266 -0.0199 26.2197
2 24 4.4343 -0.0199 24.7824 2.6266 -0.0199 26.2197
2 24 2.4249 -20.3198 35.2136 2.4515 -19.3035 36.5206
2 24 2.4637 -18.4802 35.7673 2.4515 -19.3035 36.5206
2 24 2.5062 -16.3185 24.0192 2.4612 -18.7682 22.3144
2 24 2.4612 -18.7682 22.3144 2.4493 -21.2449 21.0413
2 24 1.9509 -22.2428 34.8376 1.9807 -20.2253 35.9006
2 24 1.9638 -23.9265 34.0044 1.8986 -25.3472 33.3671
2 24 1.8986 -25.3472 33.3671 1.8298 -27.8916 33.2825
2 24 2.3041 -36.7589 14.4716 2.3002 -36.8232 18.1287
2 24 2.3041 -36.7589 14.4716 2.3002 -36.8232 18.1287
2 24 2.3041 -36.7589 14.4716 2.2973 -36.85 10.9481
2 24 2.2973 -36.85 10.9481 2.2956 -36.9294 7.7153
2 24 2.2956 -36.9294 7.7153 2.2943 -37.8984 3.85
2 24 2.2943 -37.8984 3.85 2.2425 -41.9611 -0.781
2 24 2.2425 -41.9611 -0.781 2.1457 -47.0924 -2.6969
2 24 2.2241 -43.9274 -4.5531 2.2495 -40.8251 -4.587
2 24 2.2495 -40.8251 -4.587 2.2728 -37.6531 -4.6331
2 24 2.2728 -37.6531 -4.6331 2.3005 -34.6889 -4.6513
2 24 2.3005 -34.6889 -4.6513 2.3311 -31.7621 -4.6554
2 24 2.3311 -31.7621 -4.6554 2.3587 -29.1866 -4.6499
2 24 2.3587 -29.1866 -4.6499 2.3767 -26.6123 -4.6978
2 24 2.3767 -26.6123 -4.6978 2.3962 -23.8507 -4.7414
2 24 2.3962 -23.8507 -4.7414 2.41 -20.4276 -4.8384
2 24 1.7408 -19.8398 -5.8287 2.3776 -19.5171 -5.5549
2 24 2.41 -20.4276 -4.8384 2.3776 -19.5171 -5.5549
2 24 2.4544 -45.9493 4.4809 -2.6745 -45.9605 4.4968
2 24 2.3002 -36.8232 18.1287 2.3025 -36.797 22.3211
2 24 2.3002 -36.8232 18.1287 2.3025 -36.797 22.3211
2 24 2.3025 -36.797 22.3211 2.295 -36.8648 26.2597
2 24 2.3025 -36.797 22.3211 2.295 -36.8648 26.2597
2 24 2.2668 -36.4276 32.5027 2.3022 -36.803 29.5088
2 24 2.2668 -36.4276 32.5027 1.7366 -36.7027 32.9769
2 24 2.0938 -37.2597 32.2331 1.7566 -37.4015 32.4626
2 24 1.7366 -36.7027 32.9769 1.7667 -33.6919 33.083
2 24 1.7366 -36.7027 32.9769 2.2668 -36.4276 32.5027
2 24 2.2668 -36.4276 32.5027 2.2974 -33.5634 32.5848
2 24 2.295 -36.8648 26.2597 2.3022 -36.803 29.5088
2 24 1.8298 -27.8916 33.2825 1.8141 -30.748 33.18
2 24 2.295 -36.8648 26.2597 2.3022 -36.803 29.5088
2 24 2.2668 -36.4276 32.5027 2.3022 -36.803 29.5088
2 24 1.7667 -33.6919 33.083 1.8141 -30.748 33.18
2 24 1.7366 -36.7027 32.9769 -1.7878 -36.7481 32.9552
2 24 1.7566 -37.4015 32.4626 -1.6947 -37.413 32.4704
2 24 -2.5625 -8.9699 38.4955 -2.5753 -6.8696 38.6798
2 24 -9.6697 -6.0125 40.1845 -9.7458 -4.4955 38.0691
2 24 -8.5419 -6.1549 38.5552 -8.9496 -4.5932 37.5447
2 24 -9.6697 -6.0125 40.1845 -9.7458 -4.4955 38.0691
2 24 -9.5783 -6.9884 47.1304 -9.8125 -5.1429 47.6015
2 24 -8.7078 -7.1324 48.0753 -9.1824 -5.2413 48.2916
2 24 -9.5783 -6.9884 47.1304 -9.8125 -5.1429 47.6015
2 24 -8.7078 -7.1324 48.0753 -9.1824 -5.2413 48.2916
2 24 -7.9533 -7.6251 39.2292 -8.5419 -6.1549 38.5552
2 24 -5.5082 -6.5969 38.6368 -6.0993 -5.8495 38.2001
2 24 -5.6065 -5.3668 38.6531 -2.5801 -5.3668 38.7785
2 24 -2.5753 -6.8696 38.6798 -2.5801 -5.3668 38.7785
2 24 -5.5082 -6.5969 38.6368 -6.0993 -5.8495 38.2001
2 24 -6.0993 -5.8495 38.2001 -6.1293 -4.9957 38.7962
2 24 -5.6065 -5.3668 38.6531 -6.1293 -4.9957 38.7962
2 24 -2.5753 -6.8696 38.6798 -2.5801 -5.3668 38.7785
2 24 -2.5778 -5.3668 40.8245 -2.5801 -5.3668 38.7785
2 24 -6.1293 -4.9957 38.7962 -6.1232 -5.013 40.8546
2 24 -5.6354 -5.3668 40.7558 -5.6065 -5.3668 38.6531
2 24 -6.1293 -4.9957 38.7962 -5.6065 -5.3668 38.6531
2 24 -5.6065 -5.3668 38.6531 -5.6354 -5.3668 40.7558
2 24 -5.6065 -5.3668 38.6531 -2.5801 -5.3668 38.7785
2 24 -2.5801 -5.3668 38.7785 -2.5778 -5.3668 40.8245
2 24 -5.6354 -5.3668 40.7558 -4.9462 -5.3668 43.2192
2 24 -2.5778 -5.3668 40.8245 -2.5781 -5.3668 43.147
2 24 -4.9462 -5.3668 43.2192 -3.7002 -5.3668 44.6902
2 24 -3.7002 -5.3668 44.6902 -2.5782 -5.3668 45.6092
2 24 -2.5781 -5.3668 43.147 -2.5782 -5.3668 45.6092
2 24 -2.6155 -4.9177 45.9218 -2.5782 -5.3668 45.6092
2 24 -2.5782 -5.3668 45.6092 -3.7002 -5.3668 44.6902
2 24 -3.9874 -4.9505 44.9151 -5.3907 -5.0115 43.31
2 24 -3.7002 -5.3668 44.6902 -4.9462 -5.3668 43.2192
2 24 -6.1232 -5.013 40.8546 -5.3907 -5.0115 43.31
2 24 -5.6354 -5.3668 40.7558 -4.9462 -5.3668 43.2192
2 24 -3.7637 -0.0199 45.2701 -2.6234 -0.0199 46.0495
2 24 -2.6056 -2.2203 45.999 -2.6234 -0.0199 46.0495
2 24 -2.6155 -4.9177 45.9218 -2.6056 -2.2203 45.999
2 24 -3.7637 -0.0199 45.2701 -5.3284 -0.0199 43.7191
2 24 -5.3284 -0.0199 43.7191 -6.2297 -0.0199 41.7047
2 24 -6.2297 -0.0199 41.7047 -6.3543 -0.0199 39.3172
2 24 -8.9697 -0.0199 37.3602 -6.5219 -0.0199 37.1605
2 24 -6.3543 -0.0199 39.3172 -6.5219 -0.0199 37.1605
2 24 -8.5419 -6.1549 38.5552 -8.9496 -4.5932 37.5447
2 24 -6.0993 -5.8495 38.2001 -6.3114 -4.3803 37.3294
2 24 -8.9496 -4.5932 37.5447 -9.0504 -3.3127 37.34
2 24 -6.3114 -4.3803 37.3294 -6.4338 -3.0933 37.1454
2 24 -6.4338 -3.0933 37.1454 -6.4768 -1.5762 37.1028
2 24 -9.0504 -3.3127 37.34 -9.0786 -1.7829 37.3252
2 24 -9.0786 -1.7829 37.3252 -8.9697 -0.0199 37.3602
2 24 -8.9697 -0.0199 37.3602 -6.5219 -0.0199 37.1605
2 24 -6.4768 -1.5762 37.1028 -6.5219 -0.0199 37.1605
2 24 -6.3543 -0.0199 39.3172 -6.5219 -0.0199 37.1605
2 24 -6.5219 -0.0199 37.1605 -6.4768 -1.5762 37.1028
2 24 -6.4768 -1.5762 37.1028 -6.4338 -3.0933 37.1454
2 24 -6.0993 -5.8495 38.2001 -6.3114 -4.3803 37.3294
2 24 -6.4338 -3.0933 37.1454 -6.3114 -4.3803 37.3294
2 24 -2.5068 -13.5453 47.594 -2.4877 -15.7313 47.3519
2 24 -8.8474 -27.5151 24.1073 -8.7629 -26.7184 22.2732
2 24 -8.9589 -30.0614 23.5226 -8.7629 -26.7184 22.2732
2 24 -7.1612 -24.3148 21.1989 -6.8294 -24.9755 23.0384
2 24 -7.1612 -24.3148 21.1989 -4.9798 -23.9983 21.1336
2 24 -6.8294 -24.9755 23.0384 -4.9948 -24.6355 23.009
2 24 -4.9798 -23.9983 21.1336 -2.445 -23.6848 21.0845
2 24 -2.445 -23.6848 21.0845 -2.4112 -24.4985 23.0707
2 24 -4.9948 -24.6355 23.009 -2.4112 -24.4985 23.0707
2 24 9.8237 -3.6842 31.9213 9.7782 -5.1827 32.2008
2 24 9.5665 -7.03 32.8726 9.7782 -5.1827 32.2008
2 24 9.8375 -0.0199 24.0199 9.8375 -0.0199 27.7675
2 24 8.8759 -23.8927 22.6575 8.8292 -26.1242 21.9894
2 24 8.8292 -26.1242 21.9894 6.8617 -23.531 20.3906
2 24 8.8759 -23.8927 22.6575 8.8292 -26.1242 21.9894
2 24 6.8697 -21.5 21.2225 6.8617 -23.531 20.3906
2 24 2.4493 -21.2449 21.0413 2.4304 -23.1705 20.2923
2 24 6.8697 -21.5 21.2225 6.8617 -23.531 20.3906
2 24 2.4304 -23.1705 20.2923 6.8617 -23.531 20.3906
2 24 2.4304 -23.1705 20.2923 2.4493 -21.2449 21.0413
2 24 1.9509 -22.2428 34.8376 1.9638 -23.9265 34.0044
2 24 9.8375 -0.0199 24.0199 9.8375 -0.0199 21.3993
2 24 9.8375 -0.0199 21.3993 9.012 -0.0199 20.8329
2 24 9.8375 -0.0199 24.0199 9.8375 -0.0199 27.7675
2 24 9.0559 0.015 32.0533 9.8102 -0.0199 31.3355
2 24 9.8375 -0.0199 27.7675 9.8102 -0.0199 31.3355
2 24 2.6331 0.015 32.3599 2.625 -0.0199 30.6436
2 24 9.0559 0.015 32.0533 2.6331 0.015 32.3599
2 24 2.6388 -0.0199 28.0052 2.6266 -0.0199 26.2197
2 24 2.6266 -0.0199 26.2197 4.4343 -0.0199 24.7824
2 24 4.4343 -0.0199 24.7824 5.8937 -0.0199 23.1863
2 24 5.8937 -0.0199 23.1863 6.3529 -0.0199 20.7007
2 24 9.012 -0.0199 20.8329 6.3529 -0.0199 20.7007
2 24 2.625 -0.0199 30.6436 2.6388 -0.0199 28.0052
2 24 -8.5092 -21.7226 42.9973 -7.6594 -21.2576 41.9331
2 24 -6.8667 -22.8402 42.7084 -7.6594 -21.2576 41.9331
2 24 -7.6594 -21.2576 41.9331 -8.0225 -19.488 43.2316
2 24 4.2314 -21.6799 37.0515 4.6809 -22.9451 38.0242
2 24 -2.4473 -16.7295 47.3506 -3.8512 -16.6692 47.1775
2 24 -3.8512 -16.6692 47.1775 -4.8492 -16.7081 46.988
2 24 -4.8492 -16.7081 46.988 -6.977 -17.5328 45.7221
2 24 -6.977 -17.5328 45.7221 -7.576 -18.4312 43.7085
2 24 -8.0225 -19.488 43.2316 -7.576 -18.4312 43.7085
2 24 4.6809 -22.9451 38.0242 4.8925 -24.6218 38.2621
2 24 4.8925 -24.6218 38.2621 4.8038 -25.6927 39.9447
2 24 2.8813 -38.2173 39.3129 2.5672 -41.1733 38.1129
2 24 2.8813 -38.2173 39.3129 3.303 -35.4105 39.8585
2 24 3.303 -35.4105 39.8585 3.9107 -32.5014 39.7501
2 24 3.9107 -32.5014 39.7501 4.4392 -29.5021 39.6483
2 24 4.8038 -25.6927 39.9447 4.4392 -29.5021 39.6483
2 24 2.2257 -30.2228 43.3692 2.6578 -27.3637 44.0758
2 24 2.4406 -24.0852 45.6878 2.6578 -27.3637 44.0758
2 24 -2.2641 -16.7695 41.8177 -2.154 -17.6192 38.538
2 24 2.0984 -19.3952 36.6855 1.9807 -20.2253 35.9006
2 24 -2.6133 -36.6655 42.2898 -2.136 -39.7432 40.9356
2 24 -2.6133 -36.6655 42.2898 -2.848 -33.3692 43.0673
2 24 -2.848 -33.3692 43.0673 -2.6159 -30.2994 43.4594
2 24 -2.6159 -30.2994 43.4594 -1.9423 -27.707 44.1991
2 24 -1.9423 -27.707 44.1991 -1.682 -25.7717 45.3131
2 24 -1.682 -25.7717 45.3131 -2.1736 -24.2171 46.7343
2 24 -1.6504 -44.176 36.3548 -1.5367 -42.413 38.8967
2 24 -2.136 -39.7432 40.9356 -1.5367 -42.413 38.8967
2 24 2.6128 -43.8968 36.0585 2.5672 -41.1733 38.1129
2 24 -9.0648 -21.9429 44.3765 -8.6907 -22.5935 44.913
2 24 -9.0648 -21.9429 44.3765 -9.2983 -21.1634 44.7937
2 24 -4.3326 -23.4002 42.9934 -6.8667 -22.8402 42.7084
2 24 -8.6341 -20.6246 46.8165 -9.2983 -21.1634 44.7937
2 24 -8.6907 -22.5935 44.913 -7.9998 -22.6007 46.5163
2 24 -7.9998 -22.6007 46.5163 -6.6764 -22.6726 47.6646
2 24 -6.6764 -22.6726 47.6646 -4.8431 -22.9499 48.1752
2 24 -4.8431 -22.9499 48.1752 -3.6605 -23.282 47.9245
2 24 -2.1736 -24.2171 46.7343 -3.6605 -23.282 47.9245
2 24 -2.4877 -15.7313 47.3519 -2.4473 -16.7295 47.3506
2 24 -2.4473 -16.7295 47.3506 -3.8512 -16.6692 47.1775
2 24 -2.4877 -15.7313 47.3519 -2.4473 -16.7295 47.3506
2 24 -2.4473 -16.7295 47.3506 -2.2806 -16.4756 44.5539
2 24 -2.2806 -16.4756 44.5539 -2.2641 -16.7695 41.8177
2 24 -2.2641 -16.7695 41.8177 -2.154 -17.6192 38.538
2 24 -2.154 -17.6192 38.538 -2.0845 -18.9162 36.6516
2 24 -2.0845 -18.9162 36.6516 -1.9866 -20.5192 35.6731
2 24 -2.154 -17.6192 38.538 -2.0845 -18.9162 36.6516
2 24 -2.0845 -18.9162 36.6516 -1.9866 -20.5192 35.6731
2 24 -1.9866 -20.5192 35.6731 -1.9475 -22.1838 34.8681
2 24 1.9807 -20.2253 35.9006 1.9509 -22.2428 34.8376
2 24 -1.9866 -20.5192 35.6731 -1.9475 -22.1838 34.8681
2 24 -2.5127 -12.8692 35.1369 -2.5006 -14.7156 31.9583
2 24 -1.9475 -22.1838 34.8681 -1.9213 -23.7441 34.1125
2 24 -1.9213 -23.7441 34.1125 -1.8727 -25.2038 33.4174
2 24 -1.9475 -22.1838 34.8681 -1.9213 -23.7441 34.1125
2 24 1.9509 -22.2428 34.8376 1.9638 -23.9265 34.0044
2 24 1.8986 -25.3472 33.3671 -1.8727 -25.2038 33.4174
2 24 1.9638 -23.9265 34.0044 1.8986 -25.3472 33.3671
2 24 -1.9213 -23.7441 34.1125 -1.8727 -25.2038 33.4174
2 24 -2.5006 -14.7156 31.9583 -2.4783 -16.8036 29.1508
2 24 -2.4783 -16.8036 29.1508 -2.4587 -19.0549 26.7621
2 24 5.2211 -44.8577 34.0857 3.2099 -44.9485 34.1811
2 24 3.2099 -44.9485 34.1811 1.8453 -45.0008 34.227
2 24 1.8453 -45.0008 34.227 0.1147 -45.1509 34.2457
2 24 -1.4904 -45.0402 34.242 -2.8582 -44.9655 34.1829
2 24 0.1147 -45.1509 34.2457 -1.4904 -45.0402 34.242
2 24 -4.9818 -44.8328 34.0916 -2.8582 -44.9655 34.1829
2 24 -8.0745 -13.3338 47.3739 -7.8189 -15.5679 46.9684
2 24 -9.5549 -18.0137 41.9274 -7.576 -18.4312 43.7085
2 24 -9.5549 -18.0137 41.9274 -9.2886 -15.3197 45.2632
2 24 -7.576 -18.4312 43.7085 -7.8189 -15.5679 46.9684
2 24 -9.2886 -15.3197 45.2632 -7.8189 -15.5679 46.9684
2 24 -7.8189 -15.5679 46.9684 -7.576 -18.4312 43.7085
2 24 -6.977 -17.5328 45.7221 -7.576 -18.4312 43.7085
2 24 -3.8512 -16.6692 47.1775 -4.8492 -16.7081 46.988
2 24 -4.8492 -16.7081 46.988 -5.5692 -16.2725 47.0129
2 24 -7.8189 -15.5679 46.9684 -5.5692 -16.2725 47.0129
2 24 -7.8189 -15.5679 46.9684 -5.5692 -16.2725 47.0129
2 24 -6.977 -17.5328 45.7221 -4.8492 -16.7081 46.988
2 24 -5.5692 -16.2725 47.0129 -4.8492 -16.7081 46.988
2 24 1.8298 -27.8916 33.2825 1.8986 -25.3472 33.3671
2 24 -1.9437 -27.5573 33.2538 -1.8727 -25.2038 33.4174
2 24 1.8986 -25.3472 33.3671 -1.8727 -25.2038 33.4174
2 24 -1.8727 -25.2038 33.4174 -1.9437 -27.5573 33.2538
2 24 -1.9437 -27.5573 33.2538 -1.8987 -30.1874 33.1718
2 24 -1.8987 -30.1874 33.1718 -1.847 -33.6301 33.0599
2 24 1.7667 -33.6919 33.083 1.8141 -30.748 33.18
2 24 -1.847 -33.6301 33.0599 -1.8987 -30.1874 33.1718
2 24 1.8298 -27.8916 33.2825 1.8141 -30.748 33.18
2 24 -1.9437 -27.5573 33.2538 -1.8987 -30.1874 33.1718
2 24 1.7366 -36.7027 32.9769 -1.7878 -36.7481 32.9552
2 24 1.7667 -33.6919 33.083 1.7366 -36.7027 32.9769
2 24 -1.847 -33.6301 33.0599 -1.7878 -36.7481 32.9552
2 24 -1.7878 -36.7481 32.9552 -2.2832 -36.6828 32.4237
2 24 -1.847 -33.6301 33.0599 -1.7878 -36.7481 32.9552
2 24 -1.6947 -37.413 32.4704 -2.0993 -37.2634 32.1385
2 24 -1.7878 -36.7481 32.9552 -2.2832 -36.6828 32.4237
2 24 -7.6418 -59.7294 -13.117 -6.4743 -60.148 -13.5149
2 24 -6.6764 -59.1353 -13.9337 -5.6163 -60.1465 -14.2501
2 24 -6.4743 -60.148 -13.5149 -5.6163 -60.1465 -14.2501
2 24 -7.6418 -59.7294 -13.117 -8.6865 -58.8446 -13.0226
2 24 -6.6764 -59.1353 -13.9337 -7.3341 -57.4192 -13.8884
2 24 -8.6865 -58.8446 -13.0226 -9.65 -56.902 -13.0394
2 24 -7.3341 -57.4192 -13.8884 -7.7972 -55.5823 -13.9982
2 24 -7.7972 -55.5823 -13.9982 -8.1063 -53.3783 -14.4979
2 24 -9.65 -56.902 -13.0394 -9.9729 -54.233 -13.6307
2 24 -8.1063 -53.3783 -14.4979 -8.0531 -51.07 -14.8436
2 24 -9.9729 -54.233 -13.6307 -9.8247 -51.6853 -14.0661
2 24 -9.8247 -51.6853 -14.0661 -9.2932 -49.4957 -14.2534
2 24 -8.0531 -51.07 -14.8436 -7.7353 -48.7706 -14.933
2 24 -9.2932 -49.4957 -14.2534 -8.825 -47.3579 -14.1029
2 24 -7.7353 -48.7706 -14.933 -7.0174 -46.4697 -14.5778
2 24 -8.825 -47.3579 -14.1029 -8.676 -45.5805 -13.6103
2 24 -7.0174 -46.4697 -14.5778 -6.663 -44.6153 -13.5206
2 24 -8.676 -45.5805 -13.6103 -9.0698 -44.3359 -12.5164
2 24 -9.0698 -44.3359 -12.5164 -9.6365 -44.1977 -11.0431
2 24 -9.6365 -44.1977 -11.0431 -10.3705 -45.0768 -9.8037
2 24 -9.8181 -45.5341 -8.0153 -10.8208 -47.013 -6.8745
2 24 -11.1713 -46.3144 -8.8518 -12.1171 -47.912 -7.868
2 24 -12.1171 -47.912 -7.868 -13.1282 -49.7291 -7.213
2 24 -10.8208 -47.013 -6.8745 -11.7631 -48.9929 -5.9396
2 24 -13.1282 -49.7291 -7.213 -13.6389 -51.4891 -6.7565
2 24 -11.7631 -48.9929 -5.9396 -12.3366 -50.9833 -5.4255
2 24 -13.6389 -51.4891 -6.7565 -13.6195 -53.3009 -6.5054
2 24 -12.3366 -50.9833 -5.4255 -11.8924 -52.7702 -5.0558
2 24 -13.6195 -53.3009 -6.5054 -12.0832 -55.5336 -6.3161
2 24 -11.8924 -52.7702 -5.0558 -10.2066 -54.2276 -4.7645
2 24 -6.663 -44.6153 -13.5206 -7.0472 -43.2761 -11.8099
2 24 -7.0472 -43.2761 -11.8099 -7.4903 -43.4431 -10.3003
2 24 -7.4903 -43.4431 -10.3003 -7.8916 -44.1968 -8.8854
2 24 -8.0454 -45.3288 -7.6992 -8.0322 -46.5422 -6.6873
2 24 -9.8181 -45.5341 -8.0153 -10.8208 -47.013 -6.8745
2 24 -8.0322 -46.5422 -6.6873 -7.7201 -48.1549 -5.5662
2 24 -10.8208 -47.013 -6.8745 -11.7631 -48.9929 -5.9396
2 24 -11.7631 -48.9929 -5.9396 -12.3366 -50.9833 -5.4255
2 24 -7.7201 -48.1549 -5.5662 -7.1176 -49.954 -4.6932
2 24 -12.3366 -50.9833 -5.4255 -11.8924 -52.7702 -5.0558
2 24 -7.1176 -49.954 -4.6932 -6.7041 -51.2828 -4.3907
2 24 -6.7041 -51.2828 -4.3907 -6.3898 -52.9892 -4.2559
2 24 -11.8924 -52.7702 -5.0558 -10.2066 -54.2276 -4.7645
2 24 -5.1545 -55.3509 -3.3449 -5.5408 -56.5689 -4.2316
2 24 -6.2725 -54.5005 -4.4428 -6.2475 -57.7847 -5.6731
2 24 -5.5408 -56.5689 -4.2316 -6.2475 -57.7847 -5.6731
2 24 -6.2725 -54.5005 -4.4428 -6.3898 -52.9892 -4.2559
2 24 -5.1545 -55.3509 -3.3449 -4.7723 -53.9044 -2.5481
2 24 -6.3898 -52.9892 -4.2559 -6.7041 -51.2828 -4.3907
2 24 -4.7723 -53.9044 -2.5481 -4.4208 -51.6772 -1.5336
2 24 -4.4208 -51.6772 -1.5336 -4.3333 -49.4928 -0.3598
2 24 -7.0808 -48.0596 -3.2058 -7.1176 -49.954 -4.6932
2 24 -7.0808 -48.0596 -3.2058 -7.7531 -45.6863 -0.8198
2 24 -4.3333 -49.4928 -0.3598 -4.8728 -47.6195 1.1112
2 24 -4.8728 -47.6195 1.1112 -5.6877 -46.0416 3.0414
2 24 -7.7531 -45.6863 -0.8198 -8.5751 -44.0671 2.0593
2 24 -8.5751 -44.0671 2.0593 -8.9085 -43.3689 4.2701
2 24 -8.9085 -43.3689 4.2701 -6.1083 -45.3778 4.448
2 24 -5.6877 -46.0416 3.0414 -6.1083 -45.3778 4.448
2 24 -8.5751 -44.0671 2.0593 -8.9085 -43.3689 4.2701
2 24 -9.0534 -40.5836 2.7464 -8.9085 -43.3689 4.2701
2 24 -9.0534 -40.5836 2.7464 -9.0426 -37.8922 0.9122
2 24 -9.0426 -37.8922 0.9122 -9.0031 -35.4092 -3.3232
2 24 -9.0031 -35.4092 -3.3232 -8.5308 -33.6458 -7.3709
2 24 -7.5576 -32.5962 -10.0907 -7.4731 -34.8951 -10.8762
2 24 -8.5308 -33.6458 -7.3709 -7.5576 -32.5962 -10.0907
2 24 -8.5751 -44.0671 2.0593 -7.7531 -45.6863 -0.8198
2 24 -7.4731 -34.8951 -10.8762 -7.3382 -38.2149 -11.375
2 24 -7.3382 -38.2149 -11.375 -6.9925 -41.3832 -11.5267
2 24 -7.4903 -43.4431 -10.3003 -7.0472 -43.2761 -11.8099
2 24 -6.9925 -41.3832 -11.5267 -7.0472 -43.2761 -11.8099
2 24 -8.0322 -46.5422 -6.6873 -8.0454 -45.3288 -7.6992
2 24 -7.4903 -43.4431 -10.3003 -7.8916 -44.1968 -8.8854
2 24 -8.0322 -46.5422 -6.6873 -7.7201 -48.1549 -5.5662
2 24 -7.7531 -45.6863 -0.8198 -7.0808 -48.0596 -3.2058
2 24 -6.7041 -51.2828 -4.3907 -7.1176 -49.954 -4.6932
2 24 -7.0808 -48.0596 -3.2058 -7.1176 -49.954 -4.6932
2 24 -7.7201 -48.1549 -5.5662 -7.1176 -49.954 -4.6932
2 24 -9.6365 -44.1977 -11.0431 -9.0698 -44.3359 -12.5164
2 24 -9.0698 -44.3359 -12.5164 -8.676 -45.5805 -13.6103
2 24 -8.676 -45.5805 -13.6103 -8.825 -47.3579 -14.1029
2 24 -9.6365 -44.1977 -11.0431 -10.3705 -45.0768 -9.8037
2 24 -8.825 -47.3579 -14.1029 -9.2932 -49.4957 -14.2534
2 24 -9.2932 -49.4957 -14.2534 -9.8247 -51.6853 -14.0661
2 24 -12.1171 -47.912 -7.868 -11.1713 -46.3144 -8.8518
2 24 -12.1171 -47.912 -7.868 -13.1282 -49.7291 -7.213
2 24 -9.8247 -51.6853 -14.0661 -9.9729 -54.233 -13.6307
2 24 -13.1282 -49.7291 -7.213 -13.6389 -51.4891 -6.7565
2 24 -9.9729 -54.233 -13.6307 -9.65 -56.902 -13.0394
2 24 -9.65 -56.902 -13.0394 -8.6865 -58.8446 -13.0226
2 24 -8.6865 -58.8446 -13.0226 -7.6418 -59.7294 -13.117
2 24 -7.6418 -59.7294 -13.117 -6.4743 -60.148 -13.5149
2 24 -13.6389 -51.4891 -6.7565 -13.6195 -53.3009 -6.5054
2 24 -13.6195 -53.3009 -6.5054 -12.0832 -55.5336 -6.3161
2 24 -12.0832 -55.5336 -6.3161 -9.2714 -57.0893 -6.1002
2 24 -9.2714 -57.0893 -6.1002 -6.2475 -57.7847 -5.6731
2 24 -7.3382 -38.2149 -11.375 -6.9925 -41.3832 -11.5267
2 24 -7.3382 -38.2149 -11.375 -7.4731 -34.8951 -10.8762
2 24 -6.3601 -32.0591 -11.2613 -7.5576 -32.5962 -10.0907
2 24 -7.4731 -34.8951 -10.8762 -7.5576 -32.5962 -10.0907
2 24 -4.6031 -33.8024 -13.2796 -4.7764 -31.5927 -12.2934
2 24 -6.3601 -32.0591 -11.2613 -4.7764 -31.5927 -12.2934
2 24 -4.6031 -33.8024 -13.2796 -4.4551 -36.9743 -14.2535
2 24 -4.4551 -36.9743 -14.2535 -4.3548 -39.9089 -14.9589
2 24 -4.288 -41.6412 -15.3557 -4.3606 -43.1877 -16.0183
2 24 -4.3606 -43.1877 -16.0183 -4.5 -43.8032 -17.8206
2 24 -7.0174 -46.4697 -14.5778 -6.663 -44.6153 -13.5206
2 24 -7.0174 -46.4697 -14.5778 -7.7353 -48.7706 -14.933
2 24 -4.5738 -59.935 -15.6988 -3.7793 -59.4608 -17.4564
2 24 -6.6764 -59.1353 -13.9337 -5.6163 -60.1465 -14.2501
2 24 -4.5738 -59.935 -15.6988 -5.6163 -60.1465 -14.2501
2 24 -6.6764 -59.1353 -13.9337 -7.3341 -57.4192 -13.8884
2 24 -7.3341 -57.4192 -13.8884 -7.7972 -55.5823 -13.9982
2 24 -7.7353 -48.7706 -14.933 -8.0531 -51.07 -14.8436
2 24 -8.0531 -51.07 -14.8436 -8.1063 -53.3783 -14.4979
2 24 -7.7972 -55.5823 -13.9982 -8.1063 -53.3783 -14.4979
2 24 -3.7793 -59.4608 -17.4564 -2.9411 -58.7204 -19.0553
2 24 -2.9411 -58.7204 -19.0553 -2.3888 -57.079 -20.5043
2 24 -2.3888 -57.079 -20.5043 -2.0808 -55.0951 -21.6132
2 24 -2.0808 -55.0951 -21.6132 -1.8893 -53.8473 -23.5457
2 24 -1.8893 -53.8473 -23.5457 -1.8431 -52.9978 -25.58
2 24 -1.8431 -52.9978 -25.58 -1.9406 -52.0486 -27.4337
2 24 -4.5 -43.8032 -17.8206 -4.3674 -43.7852 -19.8577
2 24 -4.3674 -43.7852 -19.8577 -4.1877 -43.6694 -21.869
2 24 -4.1877 -43.6694 -21.869 -3.9466 -43.7729 -23.8715
2 24 -3.9466 -43.7729 -23.8715 -3.5666 -44.2707 -25.8869
2 24 -3.5666 -44.2707 -25.8869 -3.2009 -45.4036 -27.4306
2 24 -3.2009 -45.4036 -27.4306 -2.8156 -47.0127 -28.4167
2 24 -2.8156 -47.0127 -28.4167 -2.4019 -48.7418 -28.8487
2 24 -2.4019 -48.7418 -28.8487 -2.0983 -50.6261 -28.8305
2 24 -1.9406 -52.0486 -27.4337 -2.0983 -50.6261 -28.8305
2 24 -2.0983 -50.6261 -28.8305 -1.9406 -52.0486 -27.4337
2 24 -1.9406 -52.0486 -27.4337 -1.8431 -52.9978 -25.58
2 24 -1.8431 -52.9978 -25.58 -1.8893 -53.8473 -23.5457
2 24 -1.8893 -53.8473 -23.5457 -2.0808 -55.0951 -21.6132
2 24 -2.0808 -55.0951 -21.6132 -2.3888 -57.079 -20.5043
2 24 -2.3888 -57.079 -20.5043 -2.9411 -58.7204 -19.0553
2 24 -2.0983 -50.6261 -28.8305 -2.4019 -48.7418 -28.8487
2 24 -2.4019 -48.7418 -28.8487 -2.8156 -47.0127 -28.4167
2 24 -2.8156 -47.0127 -28.4167 -3.2009 -45.4036 -27.4306
2 24 -3.2009 -45.4036 -27.4306 -3.5666 -44.2707 -25.8869
2 24 -3.5666 -44.2707 -25.8869 -3.9466 -43.7729 -23.8715
2 24 -3.9466 -43.7729 -23.8715 -4.1877 -43.6694 -21.869
2 24 -4.1877 -43.6694 -21.869 -4.3674 -43.7852 -19.8577
2 24 -4.3674 -43.7852 -19.8577 -4.5 -43.8032 -17.8206
2 24 0.0794 -42.8425 -16.4608 -4.3606 -43.1877 -16.0183
2 24 -4.5 -43.8032 -17.8206 -4.3606 -43.1877 -16.0183
2 24 -4.3606 -43.1877 -16.0183 -4.288 -41.6412 -15.3557
2 24 -4.4551 -36.9743 -14.2535 -4.3548 -39.9089 -14.9589
2 24 -4.4551 -36.9743 -14.2535 -4.6031 -33.8024 -13.2796
2 24 -0.0332 -31.4313 -12.8301 -4.7764 -31.5927 -12.2934
2 24 -4.6031 -33.8024 -13.2796 -4.7764 -31.5927 -12.2934
2 24 -2.9411 -58.7204 -19.0553 -3.7793 -59.4608 -17.4564
2 24 -3.7793 -59.4608 -17.4564 -4.5738 -59.935 -15.6988
2 24 -4.5738 -59.935 -15.6988 -5.6163 -60.1465 -14.2501
2 24 -6.4743 -60.148 -13.5149 -5.6163 -60.1465 -14.2501
2 24 -6.2475 -57.7847 -5.6731 -5.5408 -56.5689 -4.2316
2 24 -5.5408 -56.5689 -4.2316 -5.1545 -55.3509 -3.3449
2 24 -5.1545 -55.3509 -3.3449 -4.7723 -53.9044 -2.5481
2 24 -4.7723 -53.9044 -2.5481 -4.4208 -51.6772 -1.5336
2 24 -4.4208 -51.6772 -1.5336 -4.3333 -49.4928 -0.3598
2 24 -4.3333 -49.4928 -0.3598 -4.8728 -47.6195 1.1112
2 24 -4.8728 -47.6195 1.1112 -5.6877 -46.0416 3.0414
2 24 -5.6877 -46.0416 3.0414 -6.1083 -45.3778 4.448
2 24 -2.6745 -45.9605 4.4968 -6.1083 -45.3778 4.448
2 24 -8.0454 -45.3288 -7.6992 -7.8916 -44.1968 -8.8854
2 24 -7.8916 -44.1968 -8.8854 -8.0454 -45.3288 -7.6992
2 24 -8.8933 -44.3536 -9.2039 -9.8181 -45.5341 -8.0153
2 24 -10.3705 -45.0768 -9.8037 -11.1713 -46.3144 -8.8518
2 24 -8.8933 -44.3536 -9.2039 -9.8181 -45.5341 -8.0153
2 24 -10.3705 -45.0768 -9.8037 -11.1713 -46.3144 -8.8518
2 24 -10.2066 -54.2276 -4.7645 -8.0293 -54.8072 -4.6713
2 24 -12.0832 -55.5336 -6.3161 -9.2714 -57.0893 -6.1002
2 24 -9.2714 -57.0893 -6.1002 -6.2475 -57.7847 -5.6731
2 24 -6.2475 -57.7847 -5.6731 -6.2725 -54.5005 -4.4428
2 24 -8.0293 -54.8072 -4.6713 -6.2725 -54.5005 -4.4428
2 24 -6.3898 -52.9892 -4.2559 -6.2725 -54.5005 -4.4428
2 24 -6.2725 -54.5005 -4.4428 -8.0293 -54.8072 -4.6713
2 24 -10.2066 -54.2276 -4.7645 -8.0293 -54.8072 -4.6713
2 24 -6.663 -44.6153 -13.5206 -7.0472 -43.2761 -11.8099
2 24 -4.288 -41.6412 -15.3557 -4.3548 -39.9089 -14.9589
2 24 -4.3548 -39.9089 -14.9589 -4.288 -41.6412 -15.3557
2 24 -6.9925 -41.3832 -11.5267 -7.0472 -43.2761 -11.8099
2 24 0 -24.3783 -9.4792 -4.8812 -24.4648 -9.209
2 24 -1.8319 -19.7385 -7.5738 -2.4549 -19.388 -7.4333
2 24 -6.7906 -22.2948 -7.8147 -6.6434 -24.68 -8.8593
2 24 -4.8812 -24.4648 -9.209 -6.6434 -24.68 -8.8593
2 24 -6.7906 -22.2948 -7.8147 -6.9052 -20.2398 -7.0973
2 24 -8.8054 -22.5924 -6.2123 -8.7115 -24.9572 -6.9277
2 24 -6.7906 -22.2948 -7.8147 -6.6434 -24.68 -8.8593
2 24 -8.7115 -24.9572 -6.9277 -6.6434 -24.68 -8.8593
2 24 -8.8054 -22.5924 -6.2123 -8.7949 -20.4689 -5.6962
2 24 -6.7906 -22.2948 -7.8147 -6.9052 -20.2398 -7.0973
2 24 -7.5537 -19.0395 5.9284 -9.1389 -22.6717 2.7308
2 24 -7.5537 -19.0395 5.9284 -7.8981 -19.7863 5.9665
2 24 -9.1389 -22.6717 2.7308 -9.1603 -23.6271 2.8476
2 24 -7.8981 -19.7863 5.9665 -9.1603 -23.6271 2.8476
2 24 -9.1795 -24.7018 0.8221 -9.1603 -23.6271 2.8476
2 24 -9.1603 -23.6271 2.8476 -9.1389 -22.6717 2.7308
2 24 -8.8054 -22.5924 -6.2123 -8.7115 -24.9572 -6.9277
2 24 -8.9863 -25.0497 -5.019 -8.7115 -24.9572 -6.9277
2 24 -8.9863 -25.0497 -5.019 -9.1341 -25.0629 -2.0682
2 24 -9.1795 -24.7018 0.8221 -9.1341 -25.0629 -2.0682
2 24 -7.8981 -19.7863 5.9665 -5.1395 -19.2815 6.569
2 24 -7.8981 -19.7863 5.9665 -7.5537 -19.0395 5.9284
2 24 -7.5537 -19.0395 5.9284 -5.0754 -18.8905 6.1158
2 24 -5.1395 -19.2815 6.569 -2.4584 -19.0837 6.687
2 24 -2.4584 -19.0837 6.687 -2.4616 -18.7239 6.218
2 24 -5.0754 -18.8905 6.1158 -2.4616 -18.7239 6.218
2 24 -8.8054 -22.5924 -6.2123 -8.7949 -20.4689 -5.6962
2 24 -2.4903 -16.6961 6.3108 -5.0686 -16.7529 6.2009
2 24 -2.4903 -16.6961 6.3108 -2.4616 -18.7239 6.218
2 24 -2.4616 -18.7239 6.218 -5.0754 -18.8905 6.1158
2 24 -5.0754 -18.8905 6.1158 -7.5537 -19.0395 5.9284
2 24 -5.0686 -16.7529 6.2009 -8.0815 -16.8318 6.0873
2 24 -7.5537 -19.0395 5.9284 -8.0815 -16.8318 6.0873
2 24 -8.0815 -16.8318 6.0873 -9.2913 -17.3957 4.9413
2 24 -8.0815 -16.8318 6.0873 -7.5537 -19.0395 5.9284
2 24 -9.2913 -17.3957 4.9413 -9.1389 -22.6717 2.7308
2 24 -7.5537 -19.0395 5.9284 -9.1389 -22.6717 2.7308
2 24 -9.1389 -22.6717 2.7308 -9.2913 -17.3957 4.9413
2 24 -8.7949 -20.4689 -5.6962 -8.7905 -18.4787 -5.3048
2 24 -6.9052 -20.2398 -7.0973 -6.8963 -18.2773 -6.6381
2 24 -8.7949 -20.4689 -5.6962 -8.7905 -18.4787 -5.3048
2 24 -6.9052 -20.2398 -7.0973 -6.8963 -18.2773 -6.6381
2 24 -2.4549 -19.388 -7.4333 -2.4952 -17.2474 -6.8908
2 24 -2.3776 -19.5171 -5.5549 -2.4549 -19.388 -7.4333
2 24 -2.4952 -17.2474 -6.8908 -2.4549 -19.388 -7.4333
2 24 -9.3215 -16.5973 2.8368 -9.2913 -17.3957 4.9413
2 24 -9.3215 -16.5973 2.8368 -8.0266 -15.6035 4.8681
2 24 -9.2913 -17.3957 4.9413 -8.0815 -16.8318 6.0873
2 24 -8.0266 -15.6035 4.8681 -8.0815 -16.8318 6.0873
2 24 -9.2913 -17.3957 4.9413 -9.3215 -16.5973 2.8368
2 24 -8.7905 -18.4787 -5.3048 -8.7917 -16.5473 -5.1324
2 24 -6.8963 -18.2773 -6.6381 -6.9271 -16.5067 -6.403
2 24 -8.7905 -18.4787 -5.3048 -8.7917 -16.5473 -5.1324
2 24 -6.8963 -18.2773 -6.6381 -6.9271 -16.5067 -6.403
2 24 -8.0266 -15.6035 4.8681 -8.0815 -16.8318 6.0873
2 24 -8.0266 -15.6035 4.8681 -5.1663 -15.5035 5.0824
2 24 -8.0815 -16.8318 6.0873 -5.0686 -16.7529 6.2009
2 24 -5.1663 -15.5035 5.0824 -2.4905 -15.4088 5.1931
2 24 -5.0686 -16.7529 6.2009 -2.4903 -16.6961 6.3108
2 24 -2.4905 -15.4088 5.1931 -2.4903 -16.6961 6.3108
2 24 -9.3215 -16.5973 2.8368 -8.0266 -15.6035 4.8681
2 24 -9.3215 -16.5973 2.8368 -9.2858 -13.8835 4.347
2 24 -8.0266 -15.6035 4.8681 -8.1376 -13.3084 5.4714
2 24 -9.2858 -13.8835 4.347 -8.1376 -13.3084 5.4714
2 24 -8.0266 -15.6035 4.8681 -5.1663 -15.5035 5.0824
2 24 -8.0266 -15.6035 4.8681 -8.1376 -13.3084 5.4714
2 24 -8.1376 -13.3084 5.4714 -5.2031 -13.2468 5.6219
2 24 -5.1663 -15.5035 5.0824 -2.4905 -15.4088 5.1931
2 24 -2.4905 -15.4088 5.1931 -2.5095 -13.238 5.7235
2 24 -5.2031 -13.2468 5.6219 -2.5095 -13.238 5.7235
2 24 -8.7917 -16.5473 -5.1324 -8.8886 -13.9902 -5.0069
2 24 -6.9271 -16.5067 -6.403 -6.9962 -13.8982 -6.155
2 24 -8.7917 -16.5473 -5.1324 -8.8886 -13.9902 -5.0069
2 24 -6.9271 -16.5067 -6.403 -6.9962 -13.8982 -6.155
2 24 -2.4952 -17.2474 -6.8908 -2.5036 -13.9048 -6.3928
2 24 -2.4952 -17.2474 -6.8908 -2.5036 -13.9048 -6.3928
2 24 -9.2742 -13.363 2.5817 -9.2858 -13.8835 4.347
2 24 -9.3215 -16.5973 2.8368 -9.2858 -13.8835 4.347
2 24 -9.2742 -13.363 2.5817 -9.2858 -13.8835 4.347
2 24 -9.2742 -13.363 2.5817 -7.2842 -12.0001 3.7563
2 24 -9.2858 -13.8835 4.347 -8.1376 -13.3084 5.4714
2 24 -7.2842 -12.0001 3.7563 -8.1376 -13.3084 5.4714
2 24 -8.1376 -13.3084 5.4714 -5.2031 -13.2468 5.6219
2 24 -8.1376 -13.3084 5.4714 -7.2842 -12.0001 3.7563
2 24 -7.2842 -12.0001 3.7563 -5.1182 -11.939 3.8946
2 24 -5.2031 -13.2468 5.6219 -2.5095 -13.238 5.7235
2 24 -2.5095 -13.238 5.7235 -2.5267 -11.8324 3.9631
2 24 -5.1182 -11.939 3.8946 -2.5267 -11.8324 3.9631
2 24 -8.8886 -13.9902 -5.0069 -8.9668 -11.3715 -4.903
2 24 -6.9962 -13.8982 -6.155 -7.0765 -11.3326 -5.8815
2 24 -8.8886 -13.9902 -5.0069 -8.9668 -11.3715 -4.903
2 24 -9.2742 -13.363 2.5817 -9.2156 -11.8097 2.384
2 24 -9.2742 -13.363 2.5817 -7.2842 -12.0001 3.7563
2 24 -9.2742 -13.363 2.5817 -9.2156 -11.8097 2.384
2 24 -7.2842 -12.0001 3.7563 -7.4664 -11.0022 3.4278
2 24 -7.4664 -11.0022 3.4278 -7.2842 -12.0001 3.7563
2 24 -7.2842 -12.0001 3.7563 -5.1182 -11.939 3.8946
2 24 -5.1182 -11.939 3.8946 -2.5267 -11.8324 3.9631
2 24 -2.5267 -11.8324 3.9631 -2.5318 -10.6763 3.5914
2 24 -6.9962 -13.8982 -6.155 -7.0765 -11.3326 -5.8815
2 24 -2.5036 -13.9048 -6.3928 -2.5251 -11.4518 -6.1187
2 24 -2.5036 -13.9048 -6.3928 -2.5251 -11.4518 -6.1187
2 24 -9.2156 -11.8097 2.384 -9.3278 -9.1111 2.1346
2 24 -8.9668 -11.3715 -4.903 -9.0235 -9.7554 -4.7709
2 24 -7.0765 -11.3326 -5.8815 -7.0822 -9.7692 -5.7567
2 24 -8.9668 -11.3715 -4.903 -9.0235 -9.7554 -4.7709
2 24 -7.0765 -11.3326 -5.8815 -7.0822 -9.7692 -5.7567
2 24 -2.5251 -11.4518 -6.1187 -2.5388 -9.8756 -5.919
2 24 -7.4664 -11.0022 3.4278 -7.9038 -8.7062 2.9882
2 24 -9.2156 -11.8097 2.384 -9.3278 -9.1111 2.1346
2 24 -7.4664 -11.0022 3.4278 -7.9038 -8.7062 2.9882
2 24 -2.5318 -10.6763 3.5914 -2.554 -8.2233 3.3107
2 24 -2.5251 -11.4518 -6.1187 -2.5388 -9.8756 -5.919
2 24 -5.9018 -5.3697 2.9465 -2.5772 -5.3697 2.9713
2 24 -2.554 -8.2233 3.3107 -2.5772 -5.3697 2.9713
2 24 -7.9038 -8.7062 2.9882 -8.4238 -6.2696 2.7721
2 24 -7.9038 -8.7062 2.9882 -8.4238 -6.2696 2.7721
2 24 -9.3278 -9.1111 2.1346 -9.5615 -6.5806 1.9242
2 24 -9.0235 -9.7554 -4.7709 -9.0677 -8.0927 -4.8295
2 24 -9.3278 -9.1111 2.1346 -9.5615 -6.5806 1.9242
2 24 -9.0677 -8.0927 -4.8295 -9.2334 -6.5615 -5.8052
2 24 -9.0235 -9.7554 -4.7709 -9.0677 -8.0927 -4.8295
2 24 -7.0822 -9.7692 -5.7567 -7.1743 -8.101 -5.8088
2 24 -9.0677 -8.0927 -4.8295 -9.2334 -6.5615 -5.8052
2 24 -7.1743 -8.101 -5.8088 -7.6694 -6.558 -6.633
2 24 -7.0822 -9.7692 -5.7567 -7.1743 -8.101 -5.8088
2 24 -7.1743 -8.101 -5.8088 -7.6694 -6.558 -6.633
2 24 -2.5388 -9.8756 -5.919 -2.5556 -7.9524 -6.0598
2 24 -2.5388 -9.8756 -5.919 -2.5556 -7.9524 -6.0598
2 24 -9.2334 -6.5615 -5.8052 -9.7341 -5.0738 -7.8561
2 24 -7.6694 -6.558 -6.633 -8.6798 -5.2087 -8.4409
2 24 -9.2334 -6.5615 -5.8052 -9.7341 -5.0738 -7.8561
2 24 -8.4238 -6.2696 2.7721 -8.739 -4.7602 2.7519
2 24 -5.9018 -5.3697 2.9465 -6.1812 -4.8677 2.8397
2 24 -8.4238 -6.2696 2.7721 -8.739 -4.7602 2.7519
2 24 -9.5615 -6.5806 1.9242 -9.7342 -4.8494 1.8902
2 24 -9.5615 -6.5806 1.9242 -9.7342 -4.8494 1.8902
2 24 -7.6694 -6.558 -6.633 -8.6798 -5.2087 -8.4409
2 24 -2.5797 -5.2534 -8.7843 -2.5831 -6.5602 -7.0168
2 24 -9.7341 -5.0738 -7.8561 -9.7374 -3.9404 -8.4821
2 24 -9.7341 -5.0738 -7.8561 -9.7374 -3.9404 -8.4821
2 24 -8.6798 -5.2087 -8.4409 -8.8587 -4.0322 -8.9898
2 24 -8.6798 -5.2087 -8.4409 -8.8587 -4.0322 -8.9898
2 24 -2.5797 -5.2534 -8.7843 -2.5902 -3.9881 -9.195
2 24 -9.7342 -4.8494 1.8902 -9.7855 -3.4439 1.9421
2 24 -9.7342 -4.8494 1.8902 -9.7855 -3.4439 1.9421
2 24 -8.739 -4.7602 2.7519 -9.0217 -3.4741 2.7162
2 24 -6.1812 -4.8677 2.8397 -6.2138 -2.476 2.7895
2 24 -8.739 -4.7602 2.7519 -9.0217 -3.4741 2.7162
2 24 -9.0217 -3.4741 2.7162 -9.1244 -1.7664 2.7062
2 24 -9.7855 -3.4439 1.9421 -9.7901 -1.801 2.0107
2 24 -9.0217 -3.4741 2.7162 -9.1244 -1.7664 2.7062
2 24 -9.1244 -1.7664 2.7062 -9.0641 -0.0199 2.6838
2 24 -9.0641 -0.0199 2.6838 -6.2628 -0.0199 2.7247
2 24 -6.2138 -2.476 2.7895 -6.2628 -0.0199 2.7247
2 24 -9.0641 -0.0199 2.6838 -9.7603 -0.0199 1.9887
2 24 -9.1244 -1.7664 2.7062 -9.0641 -0.0199 2.6838
2 24 -9.7901 -1.801 2.0107 -9.7603 -0.0199 1.9887
2 24 -9.7855 -3.4439 1.9421 -9.7901 -1.801 2.0107
2 24 -9.7901 -1.801 2.0107 -9.7603 -0.0199 1.9887
2 24 -9.7603 -0.0199 1.9887 -9.7603 -0.0199 0.0478
2 24 -9.7374 -3.9404 -8.4821 -9.7797 -2.3032 -8.4597
2 24 -9.7603 -0.0199 -6.1216 -9.7603 -0.0199 -8.3347
2 24 -9.7797 -2.3032 -8.4597 -9.7603 -0.0199 -8.3347
2 24 -9.7603 -0.0199 -6.1216 -9.7603 -0.0199 -3.051
2 24 -9.7603 -0.0199 0.0478 -9.7603 -0.0199 -3.051
2 24 -9.7374 -3.9404 -8.4821 -9.7797 -2.3032 -8.4597
2 24 -8.8587 -4.0322 -8.9898 -8.9328 -2.3468 -8.9851
2 24 -9.7603 -0.0199 -8.3347 -8.9682 -0.0199 -8.8752
2 24 -9.7797 -2.3032 -8.4597 -9.7603 -0.0199 -8.3347
2 24 -8.9328 -2.3468 -8.9851 -8.9682 -0.0199 -8.8752
2 24 -8.8587 -4.0322 -8.9898 -8.9328 -2.3468 -8.9851
2 24 -8.9328 -2.3468 -8.9851 -8.9682 -0.0199 -8.8752
2 24 -6.0388 -0.0199 -9.0394 -8.9682 -0.0199 -8.8752
2 24 -2.6185 -2.2759 -9.2936 -2.6353 -0.0199 -9.2573
2 24 -6.0388 -0.0199 -9.0394 -2.6353 -0.0199 -9.2573
2 24 -2.5902 -3.9881 -9.195 -2.6185 -2.2759 -9.2936
2 24 -6.1812 -4.8677 2.8397 -5.9018 -5.3697 2.9465
2 24 -5.7064 -5.3697 0.9533 -5.9018 -5.3697 2.9465
2 24 -5.7064 -5.3697 0.9533 -5.5481 -5.3697 -1.2741
2 24 -5.5481 -5.3697 -1.2741 -4.4468 -5.3697 -3.3725
2 24 -2.5837 -4.7354 -5.1901 -2.5786 -5.3697 -4.8531
2 24 -4.4468 -5.3697 -3.3725 -2.5786 -5.3697 -4.8531
2 24 -6.1812 -4.8677 2.8397 -6.2138 -2.476 2.7895
2 24 -2.5837 -4.7354 -5.1901 -2.6153 -2.5072 -5.2625
2 24 -6.2138 -2.476 2.7895 -6.2628 -0.0199 2.7247
2 24 -6.2628 -0.0199 2.7247 -6.1657 -0.0203 0.9673
2 24 -6.1657 -0.0203 0.9673 -6.054 -0.02 -1.275
2 24 -6.054 -0.02 -1.275 -4.9442 -0.0196 -3.6917
2 24 -4.9442 -0.0196 -3.6917 -2.6317 -0.0199 -5.2621
2 24 -2.6153 -2.5072 -5.2625 -2.6317 -0.0199 -5.2621
2 24 -9.7603 -0.0199 1.9887 -9.0641 -0.0199 2.6838
2 24 -9.7603 -0.0199 1.9887 -9.7603 -0.0199 0.0478
2 24 -9.0641 -0.0199 2.6838 -6.2628 -0.0199 2.7247
2 24 -6.1657 -0.0203 0.9673 -6.2628 -0.0199 2.7247
2 24 -9.7603 -0.0199 0.0478 -9.7603 -0.0199 -3.051
2 24 -6.1657 -0.0203 0.9673 -6.054 -0.02 -1.275
2 24 -6.054 -0.02 -1.275 -4.9442 -0.0196 -3.6917
2 24 -9.7603 -0.0199 -3.051 -9.7603 -0.0199 -6.1216
2 24 -8.9682 -0.0199 -8.8752 -9.7603 -0.0199 -8.3347
2 24 -9.7603 -0.0199 -6.1216 -9.7603 -0.0199 -8.3347
2 24 -8.9682 -0.0199 -8.8752 -6.0388 -0.0199 -9.0394
2 24 -2.6353 -0.0199 -9.2573 -2.6317 -0.0199 -5.2621
2 24 -2.6353 -0.0199 -9.2573 -2.6185 -2.2759 -9.2936
2 24 -2.6317 -0.0199 -5.2621 -2.6153 -2.5072 -5.2625
2 24 -2.6185 -2.2759 -9.2936 -2.5902 -3.9881 -9.195
2 24 -2.5902 -3.9881 -9.195 -2.5797 -5.2534 -8.7843
2 24 -2.6153 -2.5072 -5.2625 -2.5837 -4.7354 -5.1901
2 24 -2.5797 -5.2534 -8.7843 -2.5831 -6.5602 -7.0168
2 24 -2.5837 -4.7354 -5.1901 -2.5786 -5.3697 -4.8531
2 24 -2.5779 -5.3697 -2.339 -2.5778 -5.3697 -0.5129
2 24 -2.5778 -5.3697 -0.5129 -2.5781 -5.3697 1.5266
2 24 -2.554 -8.2233 3.3107 -2.5772 -5.3697 2.9713
2 24 -2.5781 -5.3697 1.5266 -2.5772 -5.3697 2.9713
2 24 -2.4903 -16.6961 6.3108 -2.4616 -18.7239 6.218
2 24 -2.4903 -16.6961 6.3108 -2.4905 -15.4088 5.1931
2 24 -2.5267 -11.8324 3.9631 -2.5095 -13.238 5.7235
2 24 -2.4905 -15.4088 5.1931 -2.5095 -13.238 5.7235
2 24 -2.5267 -11.8324 3.9631 -2.5318 -10.6763 3.5914
2 24 -2.554 -8.2233 3.3107 -2.5318 -10.6763 3.5914
2 24 -2.3392 -20.4486 -4.9945 -2.3778 -23.9001 -4.8036
2 24 -2.4601 -19.5601 10.5319 -2.4584 -19.0837 6.687
2 24 -2.4601 -19.5601 10.5319 -2.4878 -20.5757 14.0449
2 24 -2.4878 -20.5757 14.0449 -2.4662 -21.7724 17.3056
2 24 -2.4662 -21.7724 17.3056 -2.445 -23.6848 21.0845
2 24 -2.4616 -18.7239 6.218 -2.4584 -19.0837 6.687
2 24 -2.3778 -23.9001 -4.8036 -2.3768 -26.4905 -4.703
2 24 -2.3768 -26.4905 -4.703 -2.3633 -29.1222 -4.6271
2 24 -2.29 -36.9887 7.4261 -2.3032 -36.779 10.7003
2 24 -2.3032 -36.779 10.7003 -2.3047 -36.7031 14.1865
2 24 -2.3032 -36.779 10.7003 -2.3047 -36.7031 14.1865
2 24 -2.3032 -36.779 10.7003 -2.29 -36.9887 7.4261
2 24 -2.3633 -29.1222 -4.6271 -2.3325 -31.8212 -4.6454
2 24 -2.3325 -31.8212 -4.6454 -2.3037 -34.6958 -4.6375
2 24 -2.3037 -34.6958 -4.6375 -2.2827 -37.6264 -4.5901
2 24 -2.2827 -37.6264 -4.5901 -2.2604 -40.71 -4.536
2 24 -2.3047 -36.7031 14.1865 -2.3048 -36.6939 17.9982
2 24 -2.3047 -36.7031 14.1865 -2.3048 -36.6939 17.9982
2 24 -2.2604 -40.71 -4.536 -2.2342 -44.0575 -4.488
2 24 -2.2604 -40.71 -4.536 -2.2827 -37.6264 -4.5901
2 24 -2.2827 -37.6264 -4.5901 -2.3037 -34.6958 -4.6375
2 24 -2.3037 -34.6958 -4.6375 -2.3325 -31.8212 -4.6454
2 24 -2.3325 -31.8212 -4.6454 -2.3633 -29.1222 -4.6271
2 24 -2.3633 -29.1222 -4.6271 -2.3768 -26.4905 -4.703
2 24 -2.3768 -26.4905 -4.703 -2.3778 -23.9001 -4.8036
2 24 -2.3778 -23.9001 -4.8036 -2.3392 -20.4486 -4.9945
2 24 -2.3392 -20.4486 -4.9945 -2.3776 -19.5171 -5.5549
2 24 -1.7408 -19.8398 -5.8287 -2.3776 -19.5171 -5.5549
2 24 -1.8319 -19.7385 -7.5738 -2.4549 -19.388 -7.4333
2 24 -2.4549 -19.388 -7.4333 -2.3776 -19.5171 -5.5549
2 24 -1.7408 -19.8398 -5.8287 -2.3776 -19.5171 -5.5549
2 24 -4.4468 -5.3697 -3.3725 -5.5481 -5.3697 -1.2741
2 24 -2.5779 -5.3697 -2.339 -2.5778 -5.3697 -0.5129
2 24 -2.5778 -5.3697 -0.5129 -2.5781 -5.3697 1.5266
2 24 -5.5481 -5.3697 -1.2741 -5.7064 -5.3697 0.9533
2 24 -2.5781 -5.3697 1.5266 -2.5772 -5.3697 2.9713
2 24 -2.5772 -5.3697 2.9713 -5.9018 -5.3697 2.9465
2 24 -5.7064 -5.3697 0.9533 -5.9018 -5.3697 2.9465
2 24 -4.9442 -0.0196 -3.6917 -2.6317 -0.0199 -5.2621
2 24 -2.6317 -0.0199 -5.2621 -2.6353 -0.0199 -9.2573
2 24 -6.0388 -0.0199 -9.0394 -2.6353 -0.0199 -9.2573
2 24 -2.5556 -7.9524 -6.0598 -2.5831 -6.5602 -7.0168
2 24 -2.5556 -7.9524 -6.0598 -2.5831 -6.5602 -7.0168
2 24 -2.5786 -5.3697 -4.8531 -2.5779 -5.3697 -2.339
2 24 -2.5779 -5.3697 -2.339 -2.5786 -5.3697 -4.8531
2 24 -4.4468 -5.3697 -3.3725 -2.5786 -5.3697 -4.8531
2 24 -8.8474 -27.5151 24.1073 -6.8294 -24.9755 23.0384
2 24 -8.8474 -27.5151 24.1073 -8.7629 -26.7184 22.2732
2 24 -6.8294 -24.9755 23.0384 -7.1612 -24.3148 21.1989
2 24 -8.7629 -26.7184 22.2732 -7.1612 -24.3148 21.1989
2 24 -2.445 -23.6848 21.0845 -2.4112 -24.4985 23.0707
2 24 -2.2832 -36.6828 32.4237 -2.2948 -36.8661 29.3432
2 24 -2.2948 -36.8661 29.3432 -2.3004 -36.8217 26.0442
2 24 -2.2832 -36.6828 32.4237 -2.2948 -36.8661 29.3432
2 24 -2.4587 -19.0549 26.7621 -2.4428 -21.7439 24.6793
2 24 -2.4112 -24.4985 23.0707 -2.4428 -21.7439 24.6793
2 24 -2.3004 -36.8217 26.0442 -2.3043 -36.753 22.2309
2 24 -2.3048 -36.6939 17.9982 -2.3043 -36.753 22.2309
2 24 -2.3048 -36.6939 17.9982 -2.3043 -36.753 22.2309
2 24 -2.3043 -36.753 22.2309 -2.3004 -36.8217 26.0442
2 24 -2.2948 -36.8661 29.3432 -2.3004 -36.8217 26.0442
2 24 1.9807 -20.2253 35.9006 2.0984 -19.3952 36.6855
2 24 2.4515 -19.3035 36.5206 2.0984 -19.3952 36.6855
2 24 2.4637 -18.4802 35.7673 2.4515 -19.3035 36.5206
2 24 3.4251 -20.3265 37.2619 2.0984 -19.3952 36.6855
2 24 2.4515 -19.3035 36.5206 2.0984 -19.3952 36.6855
2 24 -2.29 -36.9887 7.4261 -2.2904 -38.1775 3.3452
2 24 -2.2904 -38.1775 3.3452 -2.2481 -42.0628 -0.8951
2 24 -2.29 -36.9887 7.4261 -2.2904 -38.1775 3.3452
2 24 -2.2481 -42.0628 -0.8951 -2.192 -47.116 -2.8382
2 24 -1.6693 -47.6523 -4.8508 -2.0461 -47.5783 -4.5471
2 24 -2.0461 -47.5783 -4.5471 -2.1973 -46.9663 -4.5278
2 24 -1.6693 -47.6523 -4.8508 1.5664 -47.6922 -4.8428
2 24 2.1815 -47.0587 -4.5834 1.9722 -47.6556 -4.5705
2 24 1.5664 -47.6922 -4.8428 1.9722 -47.6556 -4.5705
2 24 -1.7556 -44.4242 -5.0883 -1.6838 -47.1781 -5.0732
2 24 2.2241 -43.9274 -4.5531 2.1815 -47.0587 -4.5834
2 24 -2.2342 -44.0575 -4.488 -2.1973 -46.9663 -4.5278
2 24 2.2728 -37.6531 -4.6331 2.2495 -40.8251 -4.587
2 24 2.2495 -40.8251 -4.587 2.2241 -43.9274 -4.5531
2 24 2.2241 -43.9274 -4.5531 2.1815 -47.0587 -4.5834
2 24 2.1457 -47.0924 -2.6969 2.2425 -41.9611 -0.781
2 24 2.2973 -36.85 10.9481 2.2956 -36.9294 7.7153
2 24 2.2956 -36.9294 7.7153 2.2943 -37.8984 3.85
2 24 2.2425 -41.9611 -0.781 2.2943 -37.8984 3.85
2 24 -2.192 -47.116 -2.8382 -2.0399 -47.6651 -3.0533
2 24 -2.0399 -47.6651 -3.0533 -2.0461 -47.5783 -4.5471
2 24 -2.1973 -46.9663 -4.5278 -2.0461 -47.5783 -4.5471
2 24 -2.192 -47.116 -2.8382 -2.0399 -47.6651 -3.0533
2 24 -2.0399 -47.6651 -3.0533 -1.7943 -47.7826 -2.7849
2 24 -1.7943 -47.7826 -2.7849 -1.4522 -47.8237 -2.695
2 24 2.1457 -47.0924 -2.6969 1.9608 -47.7364 -2.9904
2 24 1.9608 -47.7364 -2.9904 1.6548 -47.8403 -2.7806
2 24 2.1457 -47.0924 -2.6969 1.9608 -47.7364 -2.9904
2 24 2.1815 -47.0587 -4.5834 1.9722 -47.6556 -4.5705
2 24 1.9608 -47.7364 -2.9904 1.9722 -47.6556 -4.5705
2 24 1.6548 -47.8403 -2.7806 1.3186 -47.8354 -2.7152
2 24 -1.4522 -47.8237 -2.695 1.3186 -47.8354 -2.7152
2 24 1.9608 -47.7364 -2.9904 1.9722 -47.6556 -4.5705
2 24 1.9608 -47.7364 -2.9904 1.6548 -47.8403 -2.7806
2 24 1.9722 -47.6556 -4.5705 1.5664 -47.6922 -4.8428
2 24 -1.6693 -47.6523 -4.8508 -2.0461 -47.5783 -4.5471
2 24 -2.0461 -47.5783 -4.5471 -2.0399 -47.6651 -3.0533
2 24 -1.7943 -47.7826 -2.7849 -2.0399 -47.6651 -3.0533
2 24 -2.1973 -46.9663 -4.5278 -2.2342 -44.0575 -4.488
2 24 -2.192 -47.116 -2.8382 -2.2481 -42.0628 -0.8951
2 24 -1.7943 -47.7826 -2.7849 -1.4522 -47.8237 -2.695
2 24 -1.4522 -47.8237 -2.695 1.3186 -47.8354 -2.7152
2 24 1.6548 -47.8403 -2.7806 1.3186 -47.8354 -2.7152
2 24 1.5664 -47.6922 -4.8428 -1.6693 -47.6523 -4.8508
2 24 -2.2604 -40.71 -4.536 -2.2342 -44.0575 -4.488
2 24 -2.2904 -38.1775 3.3452 -2.2481 -42.0628 -0.8951
2 24 2.3311 -31.7621 -4.6554 2.3587 -29.1866 -4.6499
2 24 2.3587 -29.1866 -4.6499 2.3767 -26.6123 -4.6978
2 24 2.3962 -23.8507 -4.7414 2.3767 -26.6123 -4.6978
2 24 5.1395 -19.2815 6.569 2.4584 -19.0837 6.687
2 24 5.0754 -18.8905 6.1158 2.4616 -18.7239 6.218
2 24 2.4584 -19.0837 6.687 2.4616 -18.7239 6.218
2 24 6.7906 -22.2948 -7.8147 6.6434 -24.68 -8.8593
2 24 4.8812 -24.4648 -9.209 6.6434 -24.68 -8.8593
2 24 8.8054 -22.5924 -6.2123 8.7115 -24.9572 -6.9277
2 24 8.7115 -24.9572 -6.9277 6.6434 -24.68 -8.8593
2 24 6.7906 -22.2948 -7.8147 6.6434 -24.68 -8.8593
2 24 8.9863 -25.0497 -5.019 9.1341 -25.0629 -2.0682
2 24 9.1341 -25.0629 -2.0682 9.1795 -24.7018 0.8221
2 24 9.1795 -24.7018 0.8221 9.1703 -23.6271 2.8476
2 24 9.1389 -22.6717 2.7308 9.1703 -23.6271 2.8476
2 24 7.5537 -19.0395 5.9284 7.8981 -19.7863 5.9665
2 24 7.5537 -19.0395 5.9284 9.1389 -22.6717 2.7308
2 24 7.8981 -19.7863 5.9665 9.1703 -23.6271 2.8476
2 24 9.1389 -22.6717 2.7308 9.1703 -23.6271 2.8476
2 24 -6.6965 -43.3303 35.8239 -6.7164 -44.6636 33.9718
2 24 -8.76 -41.4267 34.1478 -8.5225 -42.4356 32.4535
2 24 -6.7164 -44.6636 33.9718 -8.5225 -42.4356 32.4535
2 24 -2.3776 -19.5171 -5.5549 -2.3392 -20.4486 -4.9945
2 24 2.4549 -19.388 -7.4333 1.8319 -19.7385 -7.5738
2 24 9.2913 -17.3957 4.9413 9.3215 -16.5973 2.8368
2 24 -0.0002 -24.36 -9.4961 4.8839 -24.4471 -9.2265
2 24 6.9151 -20.2337 -7.1194 6.8014 -22.2871 -7.8359
2 24 8.8164 -20.4661 -5.7087 8.8272 -22.5894 -6.2242
2 24 6.9151 -20.2337 -7.1194 6.8014 -22.2871 -7.8359
2 24 9.0101 -25.0422 -5.0206 8.7326 -24.9488 -6.938
2 24 8.8272 -22.5894 -6.2242 8.7326 -24.9488 -6.938
2 24 5.0774 -18.8805 6.1386 7.5681 -19.0373 5.9488
2 24 5.1427 -19.259 6.5793 7.9156 -19.7687 5.9697
2 24 7.5681 -19.0373 5.9488 7.9156 -19.7687 5.9697
2 24 8.8272 -22.5894 -6.2242 8.8164 -20.4661 -5.7087
2 24 9.1623 -22.6739 2.7394 9.3144 -17.3934 4.9508
2 24 9.1623 -22.6739 2.7394 9.3144 -17.3934 4.9508
2 24 9.1623 -22.6739 2.7394 7.5681 -19.0373 5.9488
2 24 9.3144 -17.3934 4.9508 8.092 -16.825 6.109
2 24 7.5681 -19.0373 5.9488 8.092 -16.825 6.109
2 24 5.0774 -18.8805 6.1386 7.5681 -19.0373 5.9488
2 24 7.5681 -19.0373 5.9488 8.092 -16.825 6.109
2 24 5.0698 -16.7447 6.2245 8.092 -16.825 6.109
2 24 5.0774 -18.8805 6.1386 2.4504 -18.7143 6.2383
2 24 5.0698 -16.7447 6.2245 2.4793 -16.6886 6.332
2 24 2.4504 -18.7143 6.2383 2.4793 -16.6886 6.332
2 24 8.8164 -20.4661 -5.7087 8.8117 -18.4767 -5.3179
2 24 8.8164 -20.4661 -5.7087 8.8117 -18.4767 -5.3179
2 24 6.9151 -20.2337 -7.1194 6.9056 -18.2729 -6.6609
2 24 6.9151 -20.2337 -7.1194 6.9056 -18.2729 -6.6609
2 24 2.4782 -17.2439 -6.9089 2.4378 -19.3741 -7.4452
2 24 2.4782 -17.2439 -6.9089 2.4378 -19.3741 -7.4452
2 24 2.3573 -19.5043 -5.5478 2.4378 -19.3741 -7.4452
2 24 9.3451 -16.5953 2.8446 8.0392 -15.5981 4.889
2 24 9.3451 -16.5953 2.8446 9.3144 -17.3934 4.9508
2 24 8.0392 -15.5981 4.889 8.092 -16.825 6.109
2 24 9.3144 -17.3934 4.9508 8.092 -16.825 6.109
2 24 8.8117 -18.4767 -5.3179 8.8125 -16.5466 -5.1462
2 24 8.8117 -18.4767 -5.3179 8.8125 -16.5466 -5.1462
2 24 6.9056 -18.2729 -6.6609 6.9356 -16.5042 -6.4263
2 24 6.9056 -18.2729 -6.6609 6.9356 -16.5042 -6.4263
2 24 8.0392 -15.5981 4.889 5.1677 -15.4974 5.1066
2 24 8.0392 -15.5981 4.889 8.092 -16.825 6.109
2 24 8.092 -16.825 6.109 5.0698 -16.7447 6.2245
2 24 5.1677 -15.4974 5.1066 2.479 -15.4034 5.2147
2 24 2.479 -15.4034 5.2147 2.4793 -16.6886 6.332
2 24 5.0698 -16.7447 6.2245 2.4793 -16.6886 6.332
2 24 9.3451 -16.5953 2.8446 9.3086 -13.8789 4.356
2 24 9.3451 -16.5953 2.8446 8.0392 -15.5981 4.889
2 24 9.3086 -13.8789 4.356 8.1485 -13.2997 5.4922
2 24 8.0392 -15.5981 4.889 8.1485 -13.2997 5.4922
2 24 5.2043 -13.2383 5.6454 8.1485 -13.2997 5.4922
2 24 5.1677 -15.4974 5.1066 8.0392 -15.5981 4.889
2 24 8.1485 -13.2997 5.4922 8.0392 -15.5981 4.889
2 24 2.4974 -13.2307 5.7441 2.479 -15.4034 5.2147
2 24 5.2043 -13.2383 5.6454 2.4974 -13.2307 5.7441
2 24 5.1677 -15.4974 5.1066 2.479 -15.4034 5.2147
2 24 9.3451 -16.5953 2.8446 9.3086 -13.8789 4.356
2 24 9.3086 -13.8789 4.356 9.2955 -13.3545 2.5918
2 24 8.8125 -16.5466 -5.1462 8.9091 -13.99 -5.0211
2 24 8.8125 -16.5466 -5.1462 8.9091 -13.99 -5.0211
2 24 6.9356 -16.5042 -6.4263 7.0039 -13.8961 -6.1787
2 24 6.9356 -16.5042 -6.4263 7.0039 -13.8961 -6.1787
2 24 2.4782 -17.2439 -6.9089 2.4863 -13.9023 -6.4106
2 24 2.4782 -17.2439 -6.9089 2.4863 -13.9023 -6.4106
2 24 9.2955 -13.3545 2.5918 9.2372 -11.8086 2.3966
2 24 9.2955 -13.3545 2.5918 7.2935 -11.986 3.7747
2 24 9.2955 -13.3545 2.5918 9.3086 -13.8789 4.356
2 24 7.2935 -11.986 3.7747 8.1485 -13.2997 5.4922
2 24 9.3086 -13.8789 4.356 8.1485 -13.2997 5.4922
2 24 5.1195 -11.9248 3.9151 7.2935 -11.986 3.7747
2 24 5.2043 -13.2383 5.6454 8.1485 -13.2997 5.4922
2 24 7.2935 -11.986 3.7747 8.1485 -13.2997 5.4922
2 24 2.5159 -11.8196 3.9816 2.4974 -13.2307 5.7441
2 24 5.1195 -11.9248 3.9151 2.5159 -11.8196 3.9816
2 24 5.2043 -13.2383 5.6454 2.4974 -13.2307 5.7441
2 24 8.9091 -13.99 -5.0211 8.9869 -11.3714 -4.9179
2 24 7.0039 -13.8961 -6.1787 7.0834 -11.3307 -5.9054
2 24 8.9091 -13.99 -5.0211 8.9869 -11.3714 -4.9179
2 24 7.4744 -10.9986 3.4512 7.2935 -11.986 3.7747
2 24 7.2935 -11.986 3.7747 9.2955 -13.3545 2.5918
2 24 9.2372 -11.8086 2.3966 9.2955 -13.3545 2.5918
2 24 7.4744 -10.9986 3.4512 7.2935 -11.986 3.7747
2 24 7.2935 -11.986 3.7747 5.1195 -11.9248 3.9151
2 24 2.5145 -10.6729 3.609 2.5159 -11.8196 3.9816
2 24 5.1195 -11.9248 3.9151 2.5159 -11.8196 3.9816
2 24 7.0039 -13.8961 -6.1787 7.0834 -11.3307 -5.9054
2 24 2.4863 -13.9023 -6.4106 2.5077 -11.4495 -6.1365
2 24 2.4863 -13.9023 -6.4106 2.5077 -11.4495 -6.1365
2 24 9.2372 -11.8086 2.3966 9.3491 -9.1113 2.1477
2 24 8.9869 -11.3714 -4.9179 9.0433 -9.7557 -4.786
2 24 8.9869 -11.3714 -4.9179 9.0433 -9.7557 -4.786
2 24 7.0834 -11.3307 -5.9054 7.0889 -9.7689 -5.7807
2 24 7.0834 -11.3307 -5.9054 7.0889 -9.7689 -5.7807
2 24 2.5077 -11.4495 -6.1365 2.5213 -9.8752 -5.9368
2 24 7.4744 -10.9986 3.4512 7.9119 -8.7044 3.0117
2 24 9.2372 -11.8086 2.3966 9.3491 -9.1113 2.1477
2 24 7.4744 -10.9986 3.4512 7.9119 -8.7044 3.0117
2 24 2.5145 -10.6729 3.609 2.5367 -8.2211 3.3286
2 24 2.5077 -11.4495 -6.1365 2.5213 -9.8752 -5.9368
2 24 5.892 -5.3507 2.9595 2.5635 -5.3542 2.9853
2 24 2.5367 -8.2211 3.3286 2.5635 -5.3542 2.9853
2 24 7.9119 -8.7044 3.0117 8.4326 -6.2697 2.7955
2 24 9.3491 -9.1113 2.1477 9.5832 -6.5822 1.9364
2 24 7.9119 -8.7044 3.0117 8.4326 -6.2697 2.7955
2 24 9.0433 -9.7557 -4.786 9.0867 -8.0987 -4.8446
2 24 9.3491 -9.1113 2.1477 9.5832 -6.5822 1.9364
2 24 9.0867 -8.0987 -4.8446 9.2508 -6.5758 -5.8161
2 24 7.0889 -9.7689 -5.7807 7.1809 -8.1085 -5.8317
2 24 9.0433 -9.7557 -4.786 9.0867 -8.0987 -4.8446
2 24 9.0867 -8.0987 -4.8446 9.2508 -6.5758 -5.8161
2 24 7.1809 -8.1085 -5.8317 7.6745 -6.5759 -6.6497
2 24 7.0889 -9.7689 -5.7807 7.1809 -8.1085 -5.8317
2 24 7.1809 -8.1085 -5.8317 7.6745 -6.5759 -6.6497
2 24 2.5213 -9.8752 -5.9368 2.538 -7.958 -6.0767
2 24 2.5213 -9.8752 -5.9368 2.538 -7.958 -6.0767
2 24 9.2508 -6.5758 -5.8161 9.7539 -5.0861 -7.8651
2 24 7.6745 -6.5759 -6.6497 8.6612 -5.2264 -8.4598
2 24 9.2508 -6.5758 -5.8161 9.7539 -5.0861 -7.8651
2 24 8.4326 -6.2697 2.7955 8.748 -4.7616 2.7752
2 24 5.892 -5.3507 2.9595 6.1648 -4.8648 2.8584
2 24 9.5832 -6.5822 1.9364 9.7566 -4.8514 1.9012
2 24 8.4326 -6.2697 2.7955 8.748 -4.7616 2.7752
2 24 9.5832 -6.5822 1.9364 9.7566 -4.8514 1.9012
2 24 7.6745 -6.5759 -6.6497 8.6612 -5.2264 -8.4598
2 24 2.5656 -6.5729 -7.0296 2.5624 -5.2648 -8.7983
2 24 9.7539 -5.0861 -7.8651 9.7588 -3.9438 -8.4946
2 24 8.6612 -5.2264 -8.4598 8.8414 -4.0373 -9.0153
2 24 9.7539 -5.0861 -7.8651 9.7588 -3.9438 -8.4946
2 24 8.6612 -5.2264 -8.4598 8.8414 -4.0373 -9.0153
2 24 2.5624 -5.2648 -8.7983 2.5727 -3.991 -9.2127
2 24 9.7566 -4.8514 1.9012 9.8085 -3.4448 1.9519
2 24 9.7566 -4.8514 1.9012 9.8085 -3.4448 1.9519
2 24 8.748 -4.7616 2.7752 9.0314 -3.4748 2.7392
2 24 8.748 -4.7616 2.7752 9.0314 -3.4748 2.7392
2 24 6.1648 -4.8648 2.8584 6.197 -2.4753 2.808
2 24 9.0314 -3.4748 2.7392 9.1344 -1.7663 2.7291
2 24 9.8085 -3.4448 1.9519 9.8132 -1.8009 2.0203
2 24 9.0314 -3.4748 2.7392 9.1344 -1.7663 2.7291
2 24 9.0725 -0.0076 2.7038 6.2491 -0.0051 2.7396
2 24 9.1344 -1.7663 2.7291 9.0725 -0.0076 2.7038
2 24 6.197 -2.4753 2.808 6.2491 -0.0051 2.7396
2 24 9.1344 -1.7663 2.7291 9.0725 -0.0076 2.7038
2 24 9.0725 -0.0076 2.7038 9.7803 -0.0075 1.9971
2 24 9.8132 -1.8009 2.0203 9.7803 -0.0075 1.9971
2 24 9.8085 -3.4448 1.9519 9.8132 -1.8009 2.0203
2 24 9.7775 -0.0018 0.0478 9.7803 -0.0075 1.9971
2 24 9.8132 -1.8009 2.0203 9.7803 -0.0075 1.9971
2 24 9.7588 -3.9438 -8.4946 9.8014 -2.303 -8.4721
2 24 9.8014 -2.303 -8.4721 9.7791 -0.0069 -8.3449
2 24 9.7791 -0.0069 -8.3449 9.7776 -0.0018 -6.1216
2 24 9.7776 -0.0018 -6.1216 9.7776 -0.0018 -3.051
2 24 9.7775 -0.0018 0.0478 9.7776 -0.0018 -3.051
2 24 8.8414 -4.0373 -9.0153 8.9403 -2.3462 -9.009
2 24 9.7588 -3.9438 -8.4946 9.8014 -2.303 -8.4721
2 24 9.8014 -2.303 -8.4721 9.7791 -0.0069 -8.3449
2 24 9.7791 -0.0069 -8.3449 8.9751 -0.0075 -8.8958
2 24 8.9403 -2.3462 -9.009 8.9751 -0.0075 -8.8958
2 24 8.8414 -4.0373 -9.0153 8.9403 -2.3462 -9.009
2 24 8.9403 -2.3462 -9.009 8.9751 -0.0075 -8.8958
2 24 8.9751 -0.0075 -8.8958 6.0399 -0.0017 -9.0566
2 24 6.0399 -0.0017 -9.0566 2.6215 -0.0048 -9.2718
2 24 2.6215 -0.0048 -9.2718 2.6011 -2.2759 -9.3115
2 24 2.5727 -3.991 -9.2127 2.6011 -2.2759 -9.3115
2 24 5.892 -5.3507 2.9595 6.1648 -4.8648 2.8584
2 24 5.892 -5.3507 2.9595 5.6945 -5.3478 0.9542
2 24 5.6945 -5.3478 0.9542 5.5363 -5.348 -1.2705
2 24 5.5363 -5.348 -1.2705 4.4373 -5.3482 -3.3642
2 24 4.4373 -5.3482 -3.3642 2.561 -5.3539 -4.845
2 24 2.561 -5.3539 -4.845 2.5612 -4.7338 -5.1792
2 24 6.1648 -4.8648 2.8584 6.197 -2.4753 2.808
2 24 2.5612 -4.7338 -5.1792 2.5928 -2.5068 -5.2516
2 24 6.1483 -0.0023 0.9682 6.2491 -0.0051 2.7396
2 24 6.197 -2.4753 2.808 6.2491 -0.0051 2.7396
2 24 6.1483 -0.0023 0.9682 6.0373 -0.002 -1.2705
2 24 6.0373 -0.002 -1.2705 4.9313 -0.0013 -3.6807
2 24 4.9313 -0.0013 -3.6807 2.6125 -0.0072 -5.2523
2 24 2.5928 -2.5068 -5.2516 2.6125 -0.0072 -5.2523
2 24 9.7803 -0.0075 1.9971 9.7775 -0.0018 0.0478
2 24 9.7803 -0.0075 1.9971 9.0725 -0.0076 2.7038
2 24 6.1483 -0.0023 0.9682 6.2491 -0.0051 2.7396
2 24 9.0725 -0.0076 2.7038 6.2491 -0.0051 2.7396
2 24 9.7775 -0.0018 0.0478 9.7776 -0.0018 -3.051
2 24 6.1483 -0.0023 0.9682 6.0373 -0.002 -1.2705
2 24 6.0373 -0.002 -1.2705 4.9313 -0.0013 -3.6807
2 24 9.7776 -0.0018 -3.051 9.7776 -0.0018 -6.1216
2 24 9.7776 -0.0018 -6.1216 9.7791 -0.0069 -8.3449
2 24 8.9751 -0.0075 -8.8958 9.7791 -0.0069 -8.3449
2 24 8.9751 -0.0075 -8.8958 6.0399 -0.0017 -9.0566
2 24 2.5928 -2.5068 -5.2516 2.6125 -0.0072 -5.2523
2 24 2.6125 -0.0072 -5.2523 2.6215 -0.0048 -9.2718
2 24 2.6011 -2.2759 -9.3115 2.6215 -0.0048 -9.2718
2 24 2.6011 -2.2759 -9.3115 2.5727 -3.991 -9.2127
2 24 2.5727 -3.991 -9.2127 2.5624 -5.2648 -8.7983
2 24 2.5928 -2.5068 -5.2516 2.5612 -4.7338 -5.1792
2 24 2.5612 -4.7338 -5.1792 2.561 -5.3539 -4.845
2 24 2.5624 -5.2648 -8.7983 2.5656 -6.5729 -7.0296
2 24 2.5602 -5.352 -0.5129 2.5603 -5.352 -2.339
2 24 2.5602 -5.352 -0.5129 2.5605 -5.352 1.5266
2 24 2.5605 -5.352 1.5266 2.5635 -5.3542 2.9853
2 24 2.5635 -5.3542 2.9853 2.5367 -8.2211 3.3286
2 24 2.4504 -18.7143 6.2383 2.4793 -16.6886 6.332
2 24 2.4793 -16.6886 6.332 2.479 -15.4034 5.2147
2 24 2.4974 -13.2307 5.7441 2.5159 -11.8196 3.9816
2 24 2.479 -15.4034 5.2147 2.4974 -13.2307 5.7441
2 24 2.5159 -11.8196 3.9816 2.5145 -10.6729 3.609
2 24 2.5367 -8.2211 3.3286 2.5145 -10.6729 3.609
2 24 2.3573 -19.5043 -5.5478 2.3869 -20.4257 -4.8289
2 24 1.8315 -19.7177 -7.5875 2.4378 -19.3741 -7.4452
2 24 1.7381 -19.8186 -5.8157 2.3573 -19.5043 -5.5478
2 24 2.4378 -19.3741 -7.4452 2.3573 -19.5043 -5.5478
2 24 2.5602 -5.352 -0.5129 2.5603 -5.352 -2.339
2 24 5.5363 -5.348 -1.2705 4.4373 -5.3482 -3.3642
2 24 2.5602 -5.352 -0.5129 2.5605 -5.352 1.5266
2 24 5.5363 -5.348 -1.2705 5.6945 -5.3478 0.9542
2 24 5.6945 -5.3478 0.9542 5.892 -5.3507 2.9595
2 24 2.5605 -5.352 1.5266 2.5635 -5.3542 2.9853
2 24 5.892 -5.3507 2.9595 2.5635 -5.3542 2.9853
2 24 4.9313 -0.0013 -3.6807 2.6125 -0.0072 -5.2523
2 24 6.0399 -0.0017 -9.0566 2.6215 -0.0048 -9.2718
2 24 2.6125 -0.0072 -5.2523 2.6215 -0.0048 -9.2718
2 24 2.538 -7.958 -6.0767 2.5656 -6.5729 -7.0296
2 24 2.538 -7.958 -6.0767 2.5656 -6.5729 -7.0296
2 24 2.561 -5.3539 -4.845 2.5603 -5.352 -2.339
2 24 2.5603 -5.352 -2.339 2.561 -5.3539 -4.845
2 24 4.4373 -5.3482 -3.3642 2.561 -5.3539 -4.845
2 24 7.6547 -59.7477 -13.128 6.4851 -60.1676 -13.5261
2 24 6.4851 -60.1676 -13.5261 5.6286 -60.1648 -14.2619
2 24 6.693 -59.1448 -13.9498 5.6286 -60.1648 -14.2619
2 24 7.6547 -59.7477 -13.128 8.7029 -58.857 -13.0369
2 24 6.693 -59.1448 -13.9498 7.3514 -57.426 -13.9051
2 24 8.7029 -58.857 -13.0369 9.6668 -56.9093 -13.0564
2 24 7.3514 -57.426 -13.9051 7.8151 -55.5884 -14.0146
2 24 9.6668 -56.9093 -13.0564 9.9896 -54.2374 -13.6488
2 24 7.8151 -55.5884 -14.0146 8.124 -53.3824 -14.515
2 24 8.124 -53.3824 -14.515 8.072 -51.0698 -14.8599
2 24 9.9896 -54.2374 -13.6488 9.8416 -51.6856 -14.0845
2 24 8.072 -51.0698 -14.8599 7.7539 -48.7659 -14.9491
2 24 9.8416 -51.6856 -14.0845 9.3099 -49.4923 -14.2717
2 24 9.3099 -49.4923 -14.2717 8.841 -47.3521 -14.1213
2 24 7.7539 -48.7659 -14.9491 7.0339 -46.4596 -14.5936
2 24 8.841 -47.3521 -14.1213 8.6906 -45.5711 -13.6282
2 24 7.0339 -46.4596 -14.5936 6.6749 -44.6013 -13.5376
2 24 8.6906 -45.5711 -13.6282 9.0852 -44.3212 -12.5294
2 24 9.0852 -44.3212 -12.5294 9.6551 -44.1815 -11.0472
2 24 9.6551 -44.1815 -11.0472 10.3907 -45.0621 -9.8041
2 24 9.8282 -45.5158 -8.0015 10.8322 -46.9976 -6.8584
2 24 11.1921 -46.3005 -8.8513 12.1385 -47.8993 -7.8663
2 24 12.1385 -47.8993 -7.8663 13.151 -49.7193 -7.21
2 24 10.8322 -46.9976 -6.8584 11.7752 -48.9816 -5.9208
2 24 11.7752 -48.9816 -5.9208 12.3486 -50.9779 -5.4043
2 24 13.151 -49.7193 -7.21 13.6631 -51.4855 -6.7512
2 24 13.6631 -51.4855 -6.7512 13.6422 -53.3072 -6.497
2 24 12.3486 -50.9779 -5.4043 11.9018 -52.7716 -5.0327
2 24 13.6422 -53.3072 -6.497 12.0988 -55.549 -6.3041
2 24 11.9018 -52.7716 -5.0327 10.2125 -54.2331 -4.7408
2 24 6.6749 -44.6013 -13.5376 7.0674 -43.2656 -11.8202
2 24 7.0674 -43.2656 -11.8202 7.5101 -43.4278 -10.3012
2 24 7.5101 -43.4278 -10.3012 7.9119 -44.1832 -8.8803
2 24 8.0648 -45.3178 -7.688 8.0509 -46.5334 -6.6733
2 24 9.8282 -45.5158 -8.0015 10.8322 -46.9976 -6.8584
2 24 8.0509 -46.5334 -6.6733 7.7944 -48.2413 -5.5577
2 24 10.8322 -46.9976 -6.8584 11.7752 -48.9816 -5.9208
2 24 7.7944 -48.2413 -5.5577 7.1775 -50.0158 -4.6992
2 24 11.7752 -48.9816 -5.9208 12.3486 -50.9779 -5.4043
2 24 7.1775 -50.0158 -4.6992 6.6672 -51.5286 -4.3388
2 24 12.3486 -50.9779 -5.4043 11.9018 -52.7716 -5.0327
2 24 11.9018 -52.7716 -5.0327 10.2125 -54.2331 -4.7408
2 24 6.6672 -51.5286 -4.3388 6.4592 -53.0133 -4.2664
2 24 5.1803 -55.2802 -3.3035 5.5054 -56.5991 -4.1946
2 24 5.5054 -56.5991 -4.1946 6.3413 -57.7808 -5.6852
2 24 6.2808 -54.5064 -4.42 6.3413 -57.7808 -5.6852
2 24 5.1803 -55.2802 -3.3035 4.8144 -53.7499 -2.5017
2 24 6.2808 -54.5064 -4.42 6.4592 -53.0133 -4.2664
2 24 4.8144 -53.7499 -2.5017 4.4328 -51.6704 -1.5099
2 24 6.4592 -53.0133 -4.2664 6.6672 -51.5286 -4.3388
2 24 4.4328 -51.6704 -1.5099 4.3442 -49.6251 -0.4232
2 24 7.1047 -48.1068 -3.2503 7.1775 -50.0158 -4.6992
2 24 7.1047 -48.1068 -3.2503 7.7852 -45.6824 -0.8544
2 24 4.3442 -49.6251 -0.4232 4.9272 -47.5951 1.1506
2 24 4.9272 -47.5951 1.1506 5.7291 -46.0377 3.0677
2 24 7.7852 -45.6824 -0.8544 8.5793 -44.104 2.072
2 24 5.7291 -46.0377 3.0677 6.1945 -45.4209 4.4762
2 24 8.5793 -44.104 2.072 8.9294 -43.3815 4.2647
2 24 6.1945 -45.4209 4.4762 8.9294 -43.3815 4.2647
2 24 9.1504 -40.745 2.7562 8.9294 -43.3815 4.2647
2 24 8.5793 -44.104 2.072 8.9294 -43.3815 4.2647
2 24 9.1504 -40.745 2.7562 9.0663 -37.898 0.9067
2 24 9.0663 -37.898 0.9067 9.0465 -35.4078 -3.3105
2 24 9.0465 -35.4078 -3.3105 8.5351 -33.6844 -7.4055
2 24 8.5351 -33.6844 -7.4055 7.5771 -32.5869 -10.104
2 24 7.5771 -32.5869 -10.104 7.4947 -34.8928 -10.8885
2 24 8.5793 -44.104 2.072 7.7852 -45.6824 -0.8544
2 24 7.4947 -34.8928 -10.8885 7.36 -38.2828 -11.387
2 24 7.36 -38.2828 -11.387 7.0151 -41.3838 -11.5373
2 24 7.5101 -43.4278 -10.3012 7.0674 -43.2656 -11.8202
2 24 7.0151 -41.3838 -11.5373 7.0674 -43.2656 -11.8202
2 24 8.0509 -46.5334 -6.6733 8.0648 -45.3178 -7.688
2 24 7.5101 -43.4278 -10.3012 7.9119 -44.1832 -8.8803
2 24 8.0509 -46.5334 -6.6733 7.7944 -48.2413 -5.5577
2 24 7.7852 -45.6824 -0.8544 7.1047 -48.1068 -3.2503
2 24 6.6672 -51.5286 -4.3388 7.1775 -50.0158 -4.6992
2 24 7.7944 -48.2413 -5.5577 7.1775 -50.0158 -4.6992
2 24 7.1047 -48.1068 -3.2503 7.1775 -50.0158 -4.6992
2 24 9.0852 -44.3212 -12.5294 9.6551 -44.1815 -11.0472
2 24 9.0852 -44.3212 -12.5294 8.6906 -45.5711 -13.6282
2 24 8.6906 -45.5711 -13.6282 8.841 -47.3521 -14.1213
2 24 9.6551 -44.1815 -11.0472 10.3907 -45.0621 -9.8041
2 24 8.841 -47.3521 -14.1213 9.3099 -49.4923 -14.2717
2 24 9.3099 -49.4923 -14.2717 9.8416 -51.6856 -14.0845
2 24 11.1921 -46.3005 -8.8513 12.1385 -47.8993 -7.8663
2 24 12.1385 -47.8993 -7.8663 13.151 -49.7193 -7.21
2 24 9.8416 -51.6856 -14.0845 9.9896 -54.2374 -13.6488
2 24 13.151 -49.7193 -7.21 13.6631 -51.4855 -6.7512
2 24 9.9896 -54.2374 -13.6488 9.6668 -56.9093 -13.0564
2 24 9.6668 -56.9093 -13.0564 8.7029 -58.857 -13.0369
2 24 8.7029 -58.857 -13.0369 7.6547 -59.7477 -13.128
2 24 7.6547 -59.7477 -13.128 6.4851 -60.1676 -13.5261
2 24 13.6631 -51.4855 -6.7512 13.6422 -53.3072 -6.497
2 24 13.6422 -53.3072 -6.497 12.0988 -55.549 -6.3041
2 24 12.0988 -55.549 -6.3041 9.2799 -57.1066 -6.0843
2 24 9.2799 -57.1066 -6.0843 6.3413 -57.7808 -5.6852
2 24 7.0151 -41.3838 -11.5373 7.36 -38.2828 -11.387
2 24 7.36 -38.2828 -11.387 7.4947 -34.8928 -10.8885
2 24 7.4947 -34.8928 -10.8885 7.5771 -32.5869 -10.104
2 24 7.5771 -32.5869 -10.104 6.3495 -32.042 -11.2985
2 24 4.6154 -33.8463 -13.318 4.7616 -31.5753 -12.3201
2 24 6.3495 -32.042 -11.2985 4.7616 -31.5753 -12.3201
2 24 4.6154 -33.8463 -13.318 4.4271 -36.9669 -14.2976
2 24 4.4271 -36.9669 -14.2976 4.2955 -39.7976 -15.0006
2 24 4.3035 -41.6301 -15.3732 4.3729 -43.1708 -16.0321
2 24 4.3729 -43.1708 -16.0321 4.4293 -43.7329 -17.8446
2 24 6.6749 -44.6013 -13.5376 7.0339 -46.4596 -14.5936
2 24 7.0339 -46.4596 -14.5936 7.7539 -48.7659 -14.9491
2 24 3.787 -59.4816 -17.4679 4.5829 -59.9563 -15.708
2 24 4.5829 -59.9563 -15.708 5.6286 -60.1648 -14.2619
2 24 5.6286 -60.1648 -14.2619 6.693 -59.1448 -13.9498
2 24 6.693 -59.1448 -13.9498 7.3514 -57.426 -13.9051
2 24 7.3514 -57.426 -13.9051 7.8151 -55.5884 -14.0146
2 24 7.7539 -48.7659 -14.9491 8.072 -51.0698 -14.8599
2 24 8.072 -51.0698 -14.8599 8.124 -53.3824 -14.515
2 24 7.8151 -55.5884 -14.0146 8.124 -53.3824 -14.515
2 24 3.787 -59.4816 -17.4679 2.9474 -58.7386 -19.0713
2 24 2.9474 -58.7386 -19.0713 2.3943 -57.0925 -20.5247
2 24 2.3943 -57.0925 -20.5247 2.0862 -55.1109 -21.6318
2 24 2.0862 -55.1109 -21.6318 1.8953 -53.8685 -23.5575
2 24 1.8953 -53.8685 -23.5575 1.8499 -53.0195 -25.5904
2 24 1.8499 -53.0195 -25.5904 1.9498 -52.0676 -27.4472
2 24 4.4293 -43.7329 -17.8446 4.3673 -43.7545 -19.8499
2 24 4.3673 -43.7545 -19.8499 4.1626 -43.6226 -21.8576
2 24 4.1626 -43.6226 -21.8576 3.9605 -43.7527 -23.8764
2 24 3.9605 -43.7527 -23.8764 3.5802 -44.2525 -25.8976
2 24 3.5802 -44.2525 -25.8976 3.2134 -45.3904 -27.4477
2 24 3.2134 -45.3904 -27.4477 2.8271 -47.0055 -28.4378
2 24 2.8271 -47.0055 -28.4378 2.4134 -48.7407 -28.871
2 24 2.4134 -48.7407 -28.871 2.1252 -50.6135 -28.8485
2 24 1.9498 -52.0676 -27.4472 2.1252 -50.6135 -28.8485
2 24 2.1252 -50.6135 -28.8485 1.9498 -52.0676 -27.4472
2 24 1.9498 -52.0676 -27.4472 1.8499 -53.0195 -25.5904
2 24 1.8499 -53.0195 -25.5904 1.8953 -53.8685 -23.5575
2 24 1.8953 -53.8685 -23.5575 2.0862 -55.1109 -21.6318
2 24 2.0862 -55.1109 -21.6318 2.3943 -57.0925 -20.5247
2 24 2.3943 -57.0925 -20.5247 2.9474 -58.7386 -19.0713
2 24 2.1252 -50.6135 -28.8485 2.4134 -48.7407 -28.871
2 24 2.4134 -48.7407 -28.871 2.8271 -47.0055 -28.4378
2 24 2.8271 -47.0055 -28.4378 3.2134 -45.3904 -27.4477
2 24 3.2134 -45.3904 -27.4477 3.5802 -44.2525 -25.8976
2 24 3.5802 -44.2525 -25.8976 3.9605 -43.7527 -23.8764
2 24 3.9605 -43.7527 -23.8764 4.1626 -43.6226 -21.8576
2 24 4.1626 -43.6226 -21.8576 4.3673 -43.7545 -19.8499
2 24 4.3673 -43.7545 -19.8499 4.4293 -43.7329 -17.8446
2 24 0.0794 -42.8234 -16.477 4.3729 -43.1708 -16.0321
2 24 4.4293 -43.7329 -17.8446 4.3729 -43.1708 -16.0321
2 24 4.3729 -43.1708 -16.0321 4.3035 -41.6301 -15.3732
2 24 4.4271 -36.9669 -14.2976 4.2955 -39.7976 -15.0006
2 24 4.4271 -36.9669 -14.2976 4.6154 -33.8463 -13.318
2 24 -0.0331 -31.4313 -12.8551 4.7616 -31.5753 -12.3201
2 24 4.6154 -33.8463 -13.318 4.7616 -31.5753 -12.3201
2 24 2.9474 -58.7386 -19.0713 3.787 -59.4816 -17.4679
2 24 3.787 -59.4816 -17.4679 4.5829 -59.9563 -15.708
2 24 4.5829 -59.9563 -15.708 5.6286 -60.1648 -14.2619
2 24 6.4851 -60.1676 -13.5261 5.6286 -60.1648 -14.2619
2 24 6.3413 -57.7808 -5.6852 5.5054 -56.5991 -4.1946
2 24 5.5054 -56.5991 -4.1946 5.1803 -55.2802 -3.3035
2 24 5.1803 -55.2802 -3.3035 4.8144 -53.7499 -2.5017
2 24 4.8144 -53.7499 -2.5017 4.4328 -51.6704 -1.5099
2 24 4.4328 -51.6704 -1.5099 4.3442 -49.6251 -0.4232
2 24 4.3442 -49.6251 -0.4232 4.9272 -47.5951 1.1506
2 24 4.9272 -47.5951 1.1506 5.7291 -46.0377 3.0677
2 24 5.7291 -46.0377 3.0677 6.1945 -45.4209 4.4762
2 24 2.4563 -45.9737 4.4758 6.1945 -45.4209 4.4762
2 24 8.0648 -45.3178 -7.688 7.9119 -44.1832 -8.8803
2 24 7.9119 -44.1832 -8.8803 8.0648 -45.3178 -7.688
2 24 8.9028 -44.333 -9.1934 9.8282 -45.5158 -8.0015
2 24 10.3907 -45.0621 -9.8041 11.1921 -46.3005 -8.8513
2 24 8.9028 -44.333 -9.1934 9.8282 -45.5158 -8.0015
2 24 10.3907 -45.0621 -9.8041 11.1921 -46.3005 -8.8513
2 24 4.7616 -31.5753 -12.3201 -0.0331 -31.4313 -12.8551
2 24 4.8999 -30.6164 -12.6282 -0.0237 -30.3542 -13.2924
2 24 4.7616 -31.5753 -12.3201 6.3495 -32.042 -11.2985
2 24 4.8999 -30.6164 -12.6282 7.0304 -31.0669 -11.4988
2 24 6.3495 -32.042 -11.2985 7.5771 -32.5869 -10.104
2 24 7.0304 -31.0669 -11.4988 8.7427 -31.7727 -9.7781
2 24 7.5771 -32.5869 -10.104 8.5351 -33.6844 -7.4055
2 24 8.7427 -31.7727 -9.7781 9.7732 -32.5185 -7.0503
2 24 8.5351 -33.6844 -7.4055 9.0465 -35.4078 -3.3105
2 24 9.7732 -32.5185 -7.0503 9.8492 -34.2844 -3.2658
2 24 9.0465 -35.4078 -3.3105 9.0663 -37.898 0.9067
2 24 9.8492 -34.2844 -3.2658 9.874 -36.4017 0.6828
2 24 9.0663 -37.898 0.9067 9.1504 -40.745 2.7562
2 24 9.874 -36.4017 0.6828 9.8884 -38.4981 2.8651
2 24 9.1504 -40.745 2.7562 8.9294 -43.3815 4.2647
2 24 9.8884 -38.4981 2.8651 9.8685 -41.4898 4.5482
2 24 4.8999 -30.6164 -12.6282 -0.0237 -30.3542 -13.2924
2 24 4.8999 -30.6164 -12.6282 7.0304 -31.0669 -11.4988
2 24 7.0304 -31.0669 -11.4988 8.7427 -31.7727 -9.7781
2 24 8.7427 -31.7727 -9.7781 9.7732 -32.5185 -7.0503
2 24 9.7732 -32.5185 -7.0503 9.8363 -30.8472 -7.3972
2 24 9.8363 -30.8472 -7.3972 9.7732 -32.5185 -7.0503
2 24 9.7732 -32.5185 -7.0503 9.8492 -34.2844 -3.2658
2 24 9.8492 -34.2844 -3.2658 9.874 -36.4017 0.6828
2 24 9.8363 -30.8472 -7.3972 9.8389 -29.1861 -7.3819
2 24 9.8264 -26.2919 -6.3287 9.8469 -27.3948 -7.0876
2 24 9.8264 -26.2919 -6.3287 9.2954 -25.9628 -8.0445
2 24 9.2954 -25.9628 -8.0445 7.2823 -25.3568 -9.6864
2 24 7.2823 -25.3568 -9.6864 5.3401 -25.0772 -10.5188
2 24 5.3401 -25.0772 -10.5188 0.0713 -24.8398 -10.9922
2 24 9.8363 -30.8472 -7.3972 9.8389 -29.1861 -7.3819
2 24 9.8685 -41.4898 4.5482 9.8391 -44.7032 6.3491
2 24 8.9294 -43.3815 4.2647 6.1945 -45.4209 4.4762
2 24 7.887 -47.9525 8.4484 8.1218 -47.952 11.6423
2 24 9.8259 -45.7172 8.5899 9.8404 -45.843 11.6516
2 24 8.1218 -47.952 11.6423 8.2262 -47.9519 15.6494
2 24 9.8404 -45.843 11.6516 9.8713 -45.8427 15.8197
2 24 6.1945 -45.4209 4.4762 2.4563 -45.9737 4.4758
2 24 8.2262 -47.9519 15.6494 8.2472 -47.9518 20.5337
2 24 9.8713 -45.8427 15.8197 9.8877 -45.8427 20.839
2 24 10.2125 -54.2331 -4.7408 8.0323 -54.8142 -4.6474
2 24 12.0988 -55.549 -6.3041 9.2799 -57.1066 -6.0843
2 24 9.2799 -57.1066 -6.0843 6.3413 -57.7808 -5.6852
2 24 8.0323 -54.8142 -4.6474 6.2808 -54.5064 -4.42
2 24 6.3413 -57.7808 -5.6852 6.2808 -54.5064 -4.42
2 24 6.2808 -54.5064 -4.42 8.0323 -54.8142 -4.6474
2 24 6.4592 -53.0133 -4.2664 6.2808 -54.5064 -4.42
2 24 10.2125 -54.2331 -4.7408 8.0323 -54.8142 -4.6474
2 24 8.2472 -47.9518 20.5337 8.2364 -47.9518 23.9088
2 24 9.8877 -45.8427 20.839 9.8815 -45.8427 24.143
2 24 8.2364 -47.9518 23.9088 8.2213 -47.9519 26.0348
2 24 9.8815 -45.8427 24.143 9.8702 -45.8427 26.1239
2 24 9.8264 -26.2919 -6.3287 9.8438 -26.1697 -2.3654
2 24 9.8264 -26.2919 -6.3287 9.8469 -27.3948 -7.0876
2 24 8.2213 -47.9519 26.0348 8.1612 -47.952 28.2239
2 24 9.8702 -45.8427 26.1239 9.8542 -45.8427 27.9767
2 24 2.4707 -20.5583 14.0504 2.4491 -21.7556 17.3124
2 24 9.8391 -44.7032 6.3491 9.8259 -45.7172 8.5899
2 24 8.2262 -47.9519 15.6494 8.2472 -47.9518 20.5337
2 24 8.2262 -47.9519 15.6494 8.1218 -47.952 11.6423
2 24 8.2472 -47.9518 20.5337 8.2364 -47.9518 23.9088
2 24 2.4491 -21.7556 17.3124 2.4168 -23.1509 20.2847
2 24 2.4168 -23.1509 20.2847 6.8728 -23.5128 20.3776
2 24 6.8344 -43.3649 35.8651 6.7303 -44.6779 33.9868
2 24 6.7303 -44.6779 33.9868 8.5774 -42.3364 32.4246
2 24 8.7348 -41.3881 34.1507 8.5774 -42.3364 32.4246
2 24 6.9638 -40.8556 37.6887 7.0855 -38.104 38.9812
2 24 9.211 -39.4918 35.856 9.4367 -37.3507 37.0569
2 24 8.8524 -26.1156 21.9932 8.8652 -29.7862 23.4118
2 24 9.8265 -28.3778 21.3791 9.8579 -31.6478 22.7233
2 24 8.8652 -29.7862 23.4118 8.8085 -32.9148 25.0187
2 24 9.8579 -31.6478 22.7233 9.8593 -34.6781 24.1631
2 24 8.8085 -32.9148 25.0187 8.8787 -35.4667 26.6487
2 24 9.8593 -34.6781 24.1631 9.8359 -37.0375 25.834
2 24 8.8787 -35.4667 26.6487 8.806 -38.0584 28.533
2 24 9.8359 -37.0375 25.834 9.803 -39.3187 27.6986
2 24 8.806 -38.0584 28.533 8.7703 -40.2102 30.377
2 24 9.803 -39.3187 27.6986 9.7813 -41.3888 29.5545
2 24 7.0855 -38.104 38.9812 7.3995 -35.064 39.4434
2 24 9.4367 -37.3507 37.0569 9.6393 -34.7099 37.2576
2 24 7.3995 -35.064 39.4434 7.4865 -32.31 39.234
2 24 9.6393 -34.7099 37.2576 9.7346 -32.0183 36.9008
2 24 7.4865 -32.31 39.234 7.5167 -29.4903 39.0011
2 24 9.7346 -32.0183 36.9008 9.8115 -29.6578 36.7893
2 24 7.5167 -29.4903 39.0011 7.5462 -26.236 39.1725
2 24 7.5462 -26.236 39.1725 9.8214 -26.7422 37.0834
2 24 9.8115 -29.6578 36.7893 9.8214 -26.7422 37.0834
2 24 8.7348 -41.3881 34.1507 8.5774 -42.3364 32.4246
2 24 8.5774 -42.3364 32.4246 8.7703 -40.2102 30.377
2 24 9.4367 -37.3507 37.0569 9.211 -39.4918 35.856
2 24 9.4367 -37.3507 37.0569 9.6393 -34.7099 37.2576
2 24 9.6393 -34.7099 37.2576 9.7346 -32.0183 36.9008
2 24 8.8984 -23.8904 22.647 9.0175 -21.791 23.1375
2 24 9.0175 -21.791 23.1375 9.1676 -20.0841 23.9611
2 24 6.8798 -21.4915 21.2012 7.1091 -19.1112 22.3233
2 24 7.1091 -19.1112 22.3233 7.3139 -16.76 23.985
2 24 9.1676 -20.0841 23.9611 9.1394 -17.3745 25.73
2 24 7.3139 -16.76 23.985 7.5104 -14.1529 25.739
2 24 9.1394 -17.3745 25.73 8.9725 -14.3547 27.4315
2 24 7.5104 -14.1529 25.739 7.4965 -12.4383 26.4803
2 24 8.9725 -14.3547 27.4315 8.9276 -12.5152 27.9078
2 24 7.5462 -26.236 39.1725 9.8214 -26.7422 37.0834
2 24 7.5462 -26.236 39.1725 7.3649 -25.1458 37.6391
2 24 9.8214 -26.7422 37.0834 9.8489 -25.8138 35.5654
2 24 7.3649 -25.1458 37.6391 9.8489 -25.8138 35.5654
2 24 7.4137 -22.9345 37.4724 7.3649 -25.1458 37.6391
2 24 7.4137 -22.9345 37.4724 9.7421 -23.2286 35.8366
2 24 7.3649 -25.1458 37.6391 9.8489 -25.8138 35.5654
2 24 9.7421 -23.2286 35.8366 9.8489 -25.8138 35.5654
2 24 7.4137 -22.9345 37.4724 9.7421 -23.2286 35.8366
2 24 7.4137 -22.9345 37.4724 7.4337 -21.4606 36.0088
2 24 9.7421 -23.2286 35.8366 9.83 -21.9025 33.8293
2 24 7.4337 -21.4606 36.0088 9.83 -21.9025 33.8293
2 24 7.3761 -20.0388 36.059 7.4337 -21.4606 36.0088
2 24 7.3761 -20.0388 36.059 9.5696 -19.8192 34.1211
2 24 7.4337 -21.4606 36.0088 9.83 -21.9025 33.8293
2 24 9.5696 -19.8192 34.1211 9.83 -21.9025 33.8293
2 24 7.3761 -20.0388 36.059 9.5696 -19.8192 34.1211
2 24 7.3761 -20.0388 36.059 7.6457 -18.2907 35.2899
2 24 9.5696 -19.8192 34.1211 9.5502 -17.9467 33.2764
2 24 7.6457 -18.2907 35.2899 9.5502 -17.9467 33.2764
2 24 7.9579 -13.7642 36.834 7.8493 -16.2574 36.0257
2 24 7.9579 -13.7642 36.834 9.1447 -14.0055 35.7153
2 24 9.1447 -14.0055 35.7153 9.3583 -16.1498 34.282
2 24 7.9579 -13.7642 36.834 9.1447 -14.0055 35.7153
2 24 7.9579 -13.7642 36.834 8.2679 -11.8783 36.1552
2 24 9.1447 -14.0055 35.7153 9.2718 -12.1331 35.1077
2 24 9.2718 -12.1331 35.1077 9.3705 -9.7276 34.0744
2 24 8.2679 -11.8783 36.1552 8.4994 -9.5881 35.2066
2 24 8.4994 -9.5881 35.2066 8.819 -6.8591 33.9907
2 24 9.3705 -9.7276 34.0744 9.5905 -7.0295 32.8794
2 24 9.8474 -3.683 31.9291 9.8021 -5.1828 32.2081
2 24 9.1086 -3.6365 32.9627 9.0119 -4.913 33.3129
2 24 9.1086 -1.8409 32.5378 9.0642 0.0303 32.0712
2 24 9.8459 -1.8217 31.6821 9.8297 -0.0066 31.3437
2 24 9.0642 0.0303 32.0712 9.8297 -0.0066 31.3437
2 24 7.8493 -16.2574 36.0257 7.6457 -18.2907 35.2899
2 24 7.6457 -18.2907 35.2899 9.5502 -17.9467 33.2764
2 24 9.3583 -16.1498 34.282 9.5502 -17.9467 33.2764
2 24 7.4965 -12.4383 26.4803 7.5824 -10.6646 26.546
2 24 8.9276 -12.5152 27.9078 8.9532 -10.7364 27.942
2 24 8.9532 -10.7364 27.942 9.0502 -8.9601 27.5224
2 24 7.5824 -10.6646 26.546 7.7947 -9.0166 26.0736
2 24 9.0502 -8.9601 27.5224 9.214 -7.4529 26.7078
2 24 7.7947 -9.0166 26.0736 8.0638 -7.2544 25.0197
2 24 9.214 -7.4529 26.7078 9.454 -6.3271 25.4082
2 24 8.0638 -7.2544 25.0197 8.5599 -6.4691 23.3392
2 24 9.454 -6.3271 25.4082 9.7411 -5.2898 22.3202
2 24 8.5599 -6.4691 23.3392 9.0609 -5.6661 21.6832
2 24 9.0609 -5.6661 21.6832 9.2581 -4.3187 20.8826
2 24 9.7411 -5.2898 22.3202 9.8215 -4.2548 21.6359
2 24 9.8569 -0.0079 21.389 9.8405 -2.1535 21.4368
2 24 9.8569 -0.0079 21.389 9.0196 -0.008 20.8122
2 24 9.0196 -0.008 20.8122 9.175 -2.2185 20.7473
2 24 9.8215 -4.2548 21.6359 9.7411 -5.2898 22.3202
2 24 9.7411 -5.2898 22.3202 9.454 -6.3271 25.4082
2 24 9.5905 -7.0295 32.8794 9.8021 -5.1828 32.2081
2 24 8.819 -6.8591 33.9907 9.0119 -4.913 33.3129
2 24 9.8569 -0.0079 21.389 9.8552 -0.0022 24.0199
2 24 9.8569 -0.0079 21.389 9.8405 -2.1535 21.4368
2 24 9.8551 -0.0022 27.7676 9.8297 -0.0066 31.3437
2 24 9.8297 -0.0066 31.3437 9.8459 -1.8217 31.6821
2 24 9.454 -6.3271 25.4082 9.214 -7.4529 26.7078
2 24 9.214 -7.4529 26.7078 9.0502 -8.9601 27.5224
2 24 9.5905 -7.0295 32.8794 9.3705 -9.7276 34.0744
2 24 9.0502 -8.9601 27.5224 8.9532 -10.7364 27.942
2 24 9.3705 -9.7276 34.0744 9.2718 -12.1331 35.1077
2 24 8.9532 -10.7364 27.942 8.9276 -12.5152 27.9078
2 24 9.2718 -12.1331 35.1077 9.1447 -14.0055 35.7153
2 24 8.9276 -12.5152 27.9078 8.9725 -14.3547 27.4315
2 24 9.1447 -14.0055 35.7153 9.3583 -16.1498 34.282
2 24 8.9725 -14.3547 27.4315 9.1394 -17.3745 25.73
2 24 9.3583 -16.1498 34.282 9.5502 -17.9467 33.2764
2 24 9.5502 -17.9467 33.2764 9.5696 -19.8192 34.1211
2 24 9.1394 -17.3745 25.73 9.1676 -20.0841 23.9611
2 24 9.5696 -19.8192 34.1211 9.83 -21.9025 33.8293
2 24 9.1676 -20.0841 23.9611 9.0175 -21.791 23.1375
2 24 9.0175 -21.791 23.1375 8.8984 -23.8904 22.647
2 24 9.83 -21.9025 33.8293 9.7421 -23.2286 35.8366
2 24 8.8524 -26.1156 21.9932 8.8652 -29.7862 23.4118
2 24 8.806 -38.0584 28.533 8.8787 -35.4667 26.6487
2 24 6.8344 -43.3649 35.8651 6.9638 -40.8556 37.6887
2 24 8.7348 -41.3881 34.1507 9.211 -39.4918 35.856
2 24 8.7348 -41.3881 34.1507 9.211 -39.4918 35.856
2 24 8.7703 -40.2102 30.377 8.806 -38.0584 28.533
2 24 -0.0002 -24.36 -9.4961 4.8839 -24.4471 -9.2265
2 24 0.0713 -24.8398 -10.9922 5.3401 -25.0772 -10.5188
2 24 4.8839 -24.4471 -9.2265 6.6549 -24.6667 -8.8771
2 24 5.3401 -25.0772 -10.5188 7.2823 -25.3568 -9.6864
2 24 6.6549 -24.6667 -8.8771 8.7326 -24.9488 -6.938
2 24 7.2823 -25.3568 -9.6864 9.2954 -25.9628 -8.0445
2 24 8.7326 -24.9488 -6.938 9.0101 -25.0422 -5.0206
2 24 9.2954 -25.9628 -8.0445 9.8264 -26.2919 -6.3287
2 24 8.683 -23.5875 20.1442 8.8185 -22.2421 17.4259
2 24 8.8185 -22.2421 17.4259 8.747 -20.9438 14.0028
2 24 8.8185 -22.2421 17.4259 8.683 -23.5875 20.1442
2 24 9.8873 -24.12 17.116 9.8592 -25.8461 19.4853
2 24 8.8185 -22.2421 17.4259 8.747 -20.9438 14.0028
2 24 9.8873 -24.12 17.116 9.8687 -22.8393 13.6151
2 24 8.747 -20.9438 14.0028 8.647 -19.829 10.1652
2 24 9.8687 -22.8393 13.6151 9.8548 -22.0112 9.9897
2 24 8.647 -19.829 10.1652 7.9156 -19.7687 5.9697
2 24 9.8548 -22.0112 9.9897 9.8328 -21.7904 6.6226
2 24 5.2241 -44.8754 34.1032 6.7303 -44.6779 33.9868
2 24 6.8344 -43.3649 35.8651 6.7303 -44.6779 33.9868
2 24 1.73 -44.1943 36.3461 1.2766 -42.3527 39.025
2 24 2.6169 -43.9137 36.0764 2.5796 -41.1847 38.1314
2 24 6.8344 -43.3649 35.8651 6.9638 -40.8556 37.6887
2 24 1.73 -44.1943 36.3461 1.2766 -42.3527 39.025
2 24 2.5796 -41.1847 38.1314 2.8946 -38.2253 39.3326
2 24 6.9638 -40.8556 37.6887 7.0855 -38.104 38.9812
2 24 1.2766 -42.3527 39.025 0.9686 -39.5114 41.2128
2 24 2.8946 -38.2253 39.3326 3.3171 -35.4148 39.8787
2 24 7.0855 -38.104 38.9812 7.3995 -35.064 39.4434
2 24 0.9686 -39.5114 41.2128 1.1465 -36.4999 42.4793
2 24 3.3171 -35.4148 39.8787 3.9259 -32.5037 39.7699
2 24 7.3995 -35.064 39.4434 7.4865 -32.31 39.234
2 24 1.1465 -36.4999 42.4793 1.7614 -33.3691 43.0062
2 24 3.9259 -32.5037 39.7699 4.4559 -29.5044 39.6668
2 24 7.4865 -32.31 39.234 7.5167 -29.4903 39.0011
2 24 1.7614 -33.3691 43.0062 2.2378 -30.2286 43.3904
2 24 4.4559 -29.5044 39.6668 4.8196 -25.6853 39.9625
2 24 4.8196 -25.6853 39.9625 7.5462 -26.236 39.1725
2 24 7.5167 -29.4903 39.0011 7.5462 -26.236 39.1725
2 24 4.8196 -25.6853 39.9625 7.5462 -26.236 39.1725
2 24 4.8196 -25.6853 39.9625 4.9079 -24.6111 38.2786
2 24 7.5462 -26.236 39.1725 7.3649 -25.1458 37.6391
2 24 4.9079 -24.6111 38.2786 7.3649 -25.1458 37.6391
2 24 4.6942 -22.9345 38.0425 4.9079 -24.6111 38.2786
2 24 4.6942 -22.9345 38.0425 7.4137 -22.9345 37.4724
2 24 4.9079 -24.6111 38.2786 7.3649 -25.1458 37.6391
2 24 7.4137 -22.9345 37.4724 7.3649 -25.1458 37.6391
2 24 4.6942 -22.9345 38.0425 7.4137 -22.9345 37.4724
2 24 4.6942 -22.9345 38.0425 4.2453 -21.6687 37.069
2 24 7.4137 -22.9345 37.4724 7.4337 -21.4606 36.0088
2 24 4.2453 -21.6687 37.069 7.4337 -21.4606 36.0088
2 24 3.4371 -20.3132 37.2793 4.2453 -21.6687 37.069
2 24 3.4371 -20.3132 37.2793 7.3761 -20.0388 36.059
2 24 4.2453 -21.6687 37.069 7.4337 -21.4606 36.0088
2 24 7.3761 -20.0388 36.059 7.4337 -21.4606 36.0088
2 24 2.4528 -18.4757 35.7893 7.6457 -18.2907 35.2899
2 24 3.4371 -20.3132 37.2793 7.3761 -20.0388 36.059
2 24 7.6457 -18.2907 35.2899 7.3761 -20.0388 36.059
2 24 2.4528 -18.4757 35.7893 7.6457 -18.2907 35.2899
2 24 2.4528 -18.4757 35.7893 2.4666 -16.2056 36.5396
2 24 7.6457 -18.2907 35.2899 7.8493 -16.2574 36.0257
2 24 2.4666 -16.2056 36.5396 2.4956 -13.6501 37.1714
2 24 2.4956 -13.6501 37.1714 7.9579 -13.7642 36.834
2 24 7.8493 -16.2574 36.0257 7.9579 -13.7642 36.834
2 24 2.4956 -13.6501 37.1714 7.9579 -13.7642 36.834
2 24 2.4956 -13.6501 37.1714 2.5081 -11.7924 36.7462
2 24 7.9579 -13.7642 36.834 8.2679 -11.8783 36.1552
2 24 8.2679 -11.8783 36.1552 8.4994 -9.5881 35.2066
2 24 2.5081 -11.7924 36.7462 2.5335 -9.5306 35.751
2 24 2.5335 -9.5306 35.751 2.5594 -6.6467 34.4194
2 24 8.4994 -9.5881 35.2066 8.819 -6.8591 33.9907
2 24 8.819 -6.8591 33.9907 9.0119 -4.913 33.3129
2 24 2.5594 -6.6467 34.4194 2.5845 -4.6884 33.6738
2 24 2.5845 -4.6884 33.6738 2.5955 -3.3993 33.3045
2 24 9.0119 -4.913 33.3129 9.1086 -3.6365 32.9627
2 24 2.6203 0.0322 32.3726 2.5948 -1.694 32.8691
2 24 2.6203 0.0322 32.3726 9.0642 0.0303 32.0712
2 24 9.0642 0.0303 32.0712 9.1086 -1.8409 32.5378
2 24 1.2766 -42.3527 39.025 0.9686 -39.5114 41.2128
2 24 0.9686 -39.5114 41.2128 1.1465 -36.4999 42.4793
2 24 1.1465 -36.4999 42.4793 1.7614 -33.3691 43.0062
2 24 1.7614 -33.3691 43.0062 2.2378 -30.2286 43.3904
2 24 2.2378 -30.2286 43.3904 2.6705 -27.3716 44.0959
2 24 1.1847 -21.4806 48.1603 -1.9827 -19.9669 49.8995
2 24 -1.9827 -19.9669 49.8995 -4.7518 -19.5049 49.8567
2 24 2.6705 -27.3716 44.0959 2.4556 -24.0932 45.7062
2 24 2.4556 -24.0932 45.7062 1.1847 -21.4806 48.1603
2 24 1.1847 -21.4806 48.1603 -1.9827 -19.9669 49.8995
2 24 -1.9827 -19.9669 49.8995 -4.7518 -19.5049 49.8567
2 24 -4.7518 -19.5049 49.8567 -7.1221 -19.8473 48.615
2 24 -7.1221 -19.8473 48.615 -8.6557 -20.6203 46.8282
2 24 -4.7518 -19.5049 49.8567 -7.1221 -19.8473 48.615
2 24 -7.1221 -19.8473 48.615 -8.6557 -20.6203 46.8282
2 24 -2.4316 -16.7183 47.3664 -2.2623 -16.4586 44.555
2 24 1.847 -45.0207 34.2421 0.115 -45.1691 34.2628
2 24 8.2364 -47.9518 23.9088 8.2213 -47.9519 26.0348
2 24 8.2213 -47.9519 26.0348 8.1612 -47.952 28.2239
2 24 8.1218 -47.952 11.6423 7.887 -47.9525 8.4484
2 24 7.887 -47.9525 8.4484 5.6534 -47.953 6.8602
2 24 5.6534 -47.953 6.8602 2.3297 -47.9526 6.2612
2 24 2.3297 -47.9526 6.2612 5.6534 -47.953 6.8602
2 24 7.887 -47.9525 8.4484 5.6534 -47.953 6.8602
2 24 6.3402 -0.0056 20.6846 9.0196 -0.008 20.8122
2 24 6.3402 -0.0056 20.6846 6.2896 -2.196 20.6342
2 24 9.0196 -0.008 20.8122 9.175 -2.2185 20.7473
2 24 9.2581 -4.3187 20.8826 9.0609 -5.6661 21.6832
2 24 6.1484 -4.2454 20.7599 6.0023 -5.5978 21.4168
2 24 6.0023 -5.5978 21.4168 5.1373 -6.5148 23.1958
2 24 9.0609 -5.6661 21.6832 8.5599 -6.4691 23.3392
2 24 8.5599 -6.4691 23.3392 8.0638 -7.2544 25.0197
2 24 5.1373 -6.5148 23.1958 3.6999 -7.4232 24.8266
2 24 3.6999 -7.4232 24.8266 2.5634 -8.7014 25.5523
2 24 8.0638 -7.2544 25.0197 7.7947 -9.0166 26.0736
2 24 2.5634 -8.7014 25.5523 2.518 -10.3288 26.0234
2 24 7.7947 -9.0166 26.0736 7.5824 -10.6646 26.546
2 24 7.5824 -10.6646 26.546 7.4965 -12.4383 26.4803
2 24 2.518 -10.3288 26.0234 2.5558 -12.0389 26.1892
2 24 2.5558 -12.0389 26.1892 2.4977 -13.7096 25.5954
2 24 7.4965 -12.4383 26.4803 7.5104 -14.1529 25.739
2 24 2.4977 -13.7096 25.5954 2.4891 -16.3083 24.004
2 24 7.5104 -14.1529 25.739 7.3139 -16.76 23.985
2 24 7.3139 -16.76 23.985 7.1091 -19.1112 22.3233
2 24 2.4891 -16.3083 24.004 2.444 -18.7586 22.299
2 24 2.444 -18.7586 22.299 2.4321 -21.2373 21.0248
2 24 7.1091 -19.1112 22.3233 6.8798 -21.4915 21.2012
2 24 5.1373 -6.5148 23.1958 6.0023 -5.5978 21.4168
2 24 6.0023 -5.5978 21.4168 6.1484 -4.2454 20.7599
2 24 2.5845 -4.6884 33.6738 2.5594 -6.6467 34.4194
2 24 2.5845 -4.6884 33.6738 2.5955 -3.3993 33.3045
2 24 2.518 -10.3288 26.0234 2.5634 -8.7014 25.5523
2 24 2.518 -10.3288 26.0234 2.5558 -12.0389 26.1892
2 24 2.6074 -0.0021 30.6434 2.6212 -0.0021 28.0052
2 24 2.5957 -3.1294 25.9864 2.6072 -0.0071 26.2104
2 24 2.6212 -0.0021 28.0052 2.6072 -0.0071 26.2104
2 24 2.5558 -12.0389 26.1892 2.4977 -13.7096 25.5954
2 24 2.5594 -6.6467 34.4194 2.5335 -9.5306 35.751
2 24 2.4977 -13.7096 25.5954 2.4891 -16.3083 24.004
2 24 2.4956 -13.6501 37.1714 2.5081 -11.7924 36.7462
2 24 2.4956 -13.6501 37.1714 2.4666 -16.2056 36.5396
2 24 2.4666 -16.2056 36.5396 2.4528 -18.4757 35.7893
2 24 2.6074 -0.0021 30.6434 2.6203 0.0322 32.3726
2 24 2.6203 0.0322 32.3726 2.5948 -1.694 32.8691
2 24 2.5335 -9.5306 35.751 2.5081 -11.7924 36.7462
2 24 8.8524 -26.1156 21.9932 8.683 -23.5875 20.1442
2 24 9.8265 -28.3778 21.3791 9.8592 -25.8461 19.4853
2 24 8.683 -23.5875 20.1442 8.8524 -26.1156 21.9932
2 24 6.8728 -23.5128 20.3776 8.8524 -26.1156 21.9932
2 24 9.7813 -41.3888 29.5545 9.7687 -43.1202 30.8199
2 24 9.8654 -44.5921 30.5222 9.7687 -43.1202 30.8199
2 24 8.7703 -40.2102 30.377 8.5774 -42.3364 32.4246
2 24 9.7813 -41.3888 29.5545 9.7687 -43.1202 30.8199
2 24 5.2241 -44.8754 34.1032 6.7303 -44.6779 33.9868
2 24 8.1612 -47.952 28.2239 7.4458 -47.952 30.4712
2 24 8.1612 -47.952 28.2239 7.4458 -47.952 30.4712
2 24 9.8542 -45.8427 27.9767 9.8472 -45.608 29.5612
2 24 9.7687 -43.1202 30.8199 9.8654 -44.5921 30.5222
2 24 -9.4251 -37.279 37.0333 -9.2287 -39.4916 35.8557
2 24 -7.3327 -38.1133 38.9544 -6.9739 -40.8279 37.7025
2 24 -9.4251 -37.279 37.0333 -9.5869 -35.0469 37.7106
2 24 -7.3327 -38.1133 38.9544 -7.5216 -35.3063 39.7296
2 24 -9.5869 -35.0469 37.7106 -9.7317 -32.4695 38.2463
2 24 -7.5216 -35.3063 39.7296 -7.5368 -32.0457 40.2737
2 24 -7.4591 -28.8157 40.6406 -9.8529 -29.3217 38.5954
2 24 -7.5368 -32.0457 40.2737 -7.4591 -28.8157 40.6406
2 24 -9.7317 -32.4695 38.2463 -9.8529 -29.3217 38.5954
2 24 -9.8529 -29.3217 38.5954 -7.4591 -28.8157 40.6406
2 24 -9.8529 -29.3217 38.5954 -9.8542 -26.9653 39.9333
2 24 -7.4591 -28.8157 40.6406 -7.4774 -26.2703 41.839
2 24 -9.8542 -26.9653 39.9333 -7.4774 -26.2703 41.839
2 24 -8.7703 -40.2101 30.377 -8.5459 -42.4413 32.4603
2 24 -8.7833 -41.4348 34.1518 -8.5459 -42.4413 32.4603
2 24 -9.4251 -37.279 37.0333 -9.2287 -39.4916 35.8557
2 24 -9.4251 -37.279 37.0333 -9.5869 -35.0469 37.7106
2 24 -9.5869 -35.0469 37.7106 -9.7317 -32.4695 38.2463
2 24 -9.7317 -32.4695 38.2463 -9.8529 -29.3217 38.5954
2 24 -9.8529 -29.3217 38.5954 -9.8542 -26.9653 39.9333
2 24 -8.9825 -30.0583 23.5302 -8.8491 -33.0159 25.0555
2 24 -8.8491 -33.0159 25.0555 -8.8135 -35.1686 26.4999
2 24 -8.8135 -35.1686 26.4999 -8.799 -38.0077 28.5657
2 24 -9.2287 -39.4916 35.8557 -8.7833 -41.4348 34.1518
2 24 -6.9739 -40.8279 37.7025 -6.7088 -43.3456 35.8394
2 24 -8.7833 -41.4348 34.1518 -9.2287 -39.4916 35.8557
2 24 -8.7703 -40.2101 30.377 -8.799 -38.0077 28.5657
2 24 -6.7295 -44.6779 33.9876 -4.985 -44.8505 34.109
2 24 -6.7295 -44.6779 33.9876 -6.7088 -43.3456 35.8394
2 24 -6.7088 -43.3456 35.8394 -6.9739 -40.8279 37.7025
2 24 -2.464 -43.9551 36.1654 -2.9151 -41.3479 37.9994
2 24 -6.9739 -40.8279 37.7025 -7.3327 -38.1133 38.9544
2 24 -2.9151 -41.3479 37.9994 -4.0004 -38.4033 39.2406
2 24 -7.3327 -38.1133 38.9544 -7.5216 -35.3063 39.7296
2 24 -4.0004 -38.4033 39.2406 -4.531 -35.2076 40.0209
2 24 -7.5216 -35.3063 39.7296 -7.5368 -32.0457 40.2737
2 24 -4.531 -35.2076 40.0209 -4.7158 -31.8105 40.5073
2 24 -7.5368 -32.0457 40.2737 -7.4591 -28.8157 40.6406
2 24 -4.7158 -31.8105 40.5073 -4.2825 -28.4973 41.1011
2 24 -7.4591 -28.8157 40.6406 -4.2825 -28.4973 41.1011
2 24 -8.8704 -27.5063 24.1028 -9.3113 -23.386 26.6145
2 24 -8.8704 -27.5063 24.1028 -6.8432 -24.9558 23.0318
2 24 -6.8432 -24.9558 23.0318 -7.1827 -22.2065 24.7794
2 24 -7.4591 -28.8157 40.6406 -4.2825 -28.4973 41.1011
2 24 -7.4591 -28.8157 40.6406 -7.4774 -26.2703 41.839
2 24 -4.2825 -28.4973 41.1011 -3.433 -26.0455 42.3371
2 24 -7.4774 -26.2703 41.839 -3.433 -26.0455 42.3371
2 24 -9.8542 -26.9653 39.9333 -7.4774 -26.2703 41.839
2 24 -9.8542 -26.9653 39.9333 -9.8646 -25.6712 39.1015
2 24 -7.4774 -26.2703 41.839 -7.0126 -24.9945 41.4777
2 24 -9.8646 -25.6712 39.1015 -7.0126 -24.9945 41.4777
2 24 -3.5479 -24.8376 42.0158 -7.0126 -24.9945 41.4777
2 24 -3.5479 -24.8376 42.0158 -3.433 -26.0455 42.3371
2 24 -7.0126 -24.9945 41.4777 -7.4774 -26.2703 41.839
2 24 -3.433 -26.0455 42.3371 -7.4774 -26.2703 41.839
2 24 -9.8646 -25.6712 39.1015 -7.0126 -24.9945 41.4777
2 24 -9.8646 -25.6712 39.1015 -9.6968 -22.9217 41.1105
2 24 -7.0126 -24.9945 41.4777 -6.878 -22.8534 42.7263
2 24 -9.6968 -22.9217 41.1105 -6.878 -22.8534 42.7263
2 24 -9.6968 -22.9217 41.1105 -9.8646 -25.6712 39.1015
2 24 -9.6968 -22.9217 41.1105 -9.7652 -21.1324 40.2299
2 24 -9.7652 -21.1324 40.2299 -9.6968 -22.9217 41.1105
2 24 -9.7652 -21.1324 40.2299 -7.6837 -21.2633 41.9343
2 24 -9.6968 -22.9217 41.1105 -6.878 -22.8534 42.7263
2 24 -7.6837 -21.2633 41.9343 -6.878 -22.8534 42.7263
2 24 -7.1827 -22.2065 24.7794 -7.3407 -19.0833 26.968
2 24 -9.3113 -23.386 26.6145 -9.5615 -20.4045 28.5447
2 24 -8.8704 -27.5063 24.1028 -9.3113 -23.386 26.6145
2 24 -9.3113 -23.386 26.6145 -9.5615 -20.4045 28.5447
2 24 -7.3407 -19.0833 26.968 -7.2581 -16.6177 29.4101
2 24 -9.5615 -20.4045 28.5447 -9.6099 -18.1376 31.3325
2 24 -9.5615 -20.4045 28.5447 -9.6099 -18.1376 31.3325
2 24 -9.7652 -21.1324 40.2299 -7.6837 -21.2633 41.9343
2 24 -9.7652 -21.1324 40.2299 -9.6248 -19.2094 41.9351
2 24 -7.6837 -21.2633 41.9343 -8.0447 -19.4891 43.2432
2 24 -9.6248 -19.2094 41.9351 -8.0447 -19.4891 43.2432
2 24 -9.7652 -21.1324 40.2299 -9.6248 -19.2094 41.9351
2 24 -9.6248 -19.2094 41.9351 -8.0447 -19.4891 43.2432
2 24 -9.6248 -19.2094 41.9351 -9.5759 -18.0189 41.9398
2 24 -8.0447 -19.4891 43.2432 -7.5969 -18.4371 43.721
2 24 -9.5759 -18.0189 41.9398 -7.5969 -18.4371 43.721
2 24 -9.6248 -19.2094 41.9351 -9.5759 -18.0189 41.9398
2 24 -9.6099 -18.1376 31.3325 -9.3786 -16.2588 34.0169
2 24 -7.2581 -16.6177 29.4101 -7.3738 -14.9351 32.3292
2 24 -9.6099 -18.1376 31.3325 -9.3786 -16.2588 34.0169
2 24 -7.3738 -14.9351 32.3292 -7.5225 -13.232 35.3783
2 24 -9.3786 -16.2588 34.0169 -9.2914 -14.2455 36.9819
2 24 -9.2914 -14.2455 36.9819 -9.2715 -12.1521 39.0925
2 24 -7.5225 -13.232 35.3783 -7.657 -11.3971 37.345
2 24 -9.3786 -16.2588 34.0169 -9.2914 -14.2455 36.9819
2 24 -9.5759 -18.0189 41.9398 -9.3102 -15.3268 45.2735
2 24 -8.0855 -13.3379 47.3959 -7.8311 -15.5786 46.9873
2 24 -9.3309 -13.3316 45.9151 -9.3102 -15.3268 45.2735
2 24 -7.8311 -15.5786 46.9873 -9.3102 -15.3268 45.2735
2 24 -9.3102 -15.3268 45.2735 -9.3309 -13.3316 45.9151
2 24 -9.2914 -14.2455 36.9819 -9.2715 -12.1521 39.0925
2 24 -7.657 -11.3971 37.345 -7.776 -9.2676 38.8633
2 24 -9.2715 -12.1521 39.0925 -9.3444 -9.8142 40.6445
2 24 -8.0855 -13.3379 47.3959 -8.2962 -10.0999 47.7727
2 24 -9.3309 -13.3316 45.9151 -9.4194 -10.0022 46.5582
2 24 -9.3309 -13.3316 45.9151 -9.4194 -10.0022 46.5582
2 24 -9.2715 -12.1521 39.0925 -9.3444 -9.8142 40.6445
2 24 -9.3444 -9.8142 40.6445 -9.4626 -7.827 41.0495
2 24 -9.3444 -9.8142 40.6445 -9.4626 -7.827 41.0495
2 24 -7.776 -9.2676 38.8633 -7.9655 -7.6292 39.2078
2 24 -9.4626 -7.827 41.0495 -9.6923 -6.0205 40.1774
2 24 -7.9655 -7.6292 39.2078 -8.552 -6.1692 38.5373
2 24 -9.4626 -7.827 41.0495 -9.6923 -6.0205 40.1774
2 24 -9.4194 -10.0022 46.5582 -9.6014 -6.9922 47.1392
2 24 -9.4194 -10.0022 46.5582 -9.6014 -6.9922 47.1392
2 24 -8.2962 -10.0999 47.7727 -8.7185 -7.1367 48.0974
2 24 -8.9571 -4.6037 37.5233 -9.0592 -3.3148 37.3166
2 24 -9.7681 -4.5027 38.0606 -9.8154 -3.2196 37.8953
2 24 -9.7681 -4.5027 38.0606 -9.8154 -3.2196 37.8953
2 24 -9.8372 -2.8055 47.9721 -9.8358 -5.1456 47.6104
2 24 -9.193 -5.2448 48.314 -9.2535 -2.8489 48.4861
2 24 -9.8358 -5.1456 47.6104 -9.8372 -2.8055 47.9721
2 24 -9.8154 -3.2196 37.8953 -9.8088 -1.784 37.8324
2 24 -9.0592 -3.3148 37.3166 -9.0873 -1.7828 37.3017
2 24 -9.8154 -3.2196 37.8953 -9.8088 -1.784 37.8324
2 24 -9.0873 -1.7828 37.3017 -8.9769 -0.0077 37.3396
2 24 -8.9769 -0.0077 37.3396 -9.7664 -0.0069 37.8619
2 24 -9.8088 -1.784 37.8324 -9.7664 -0.0069 37.8619
2 24 -9.8088 -1.784 37.8324 -9.7664 -0.0069 37.8619
2 24 -9.7664 -0.0069 37.8619 -9.7326 -0.0019 41.2703
2 24 -9.7326 -0.0019 41.2703 -9.8302 -0.0021 44.5147
2 24 -9.8302 -0.0021 44.5147 -9.8328 -0.0081 48.0126
2 24 -9.8372 -2.8055 47.9721 -9.8328 -0.0081 48.0126
2 24 -9.193 -0.0087 48.6239 -9.8328 -0.0081 48.0126
2 24 -9.2535 -2.8489 48.4861 -9.193 -0.0087 48.6239
2 24 -9.8372 -2.8055 47.9721 -9.8328 -0.0081 48.0126
2 24 6.6749 -44.6013 -13.5376 7.0674 -43.2656 -11.8202
2 24 4.3035 -41.6301 -15.3732 4.2955 -39.7976 -15.0006
2 24 4.2955 -39.7976 -15.0006 4.3035 -41.6301 -15.3732
2 24 7.0151 -41.3838 -11.5373 7.0674 -43.2656 -11.8202
2 24 -1.5475 -42.4299 38.9117 -1.6547 -44.1972 36.3672
2 24 -2.464 -43.9551 36.1654 -2.9151 -41.3479 37.9994
2 24 -1.5475 -42.4299 38.9117 -2.1483 -39.7559 40.9533
2 24 -2.1483 -39.7559 40.9533 -2.6264 -36.6736 42.3095
2 24 -2.6264 -36.6736 42.3095 -2.8608 -33.373 43.0884
2 24 -2.8608 -33.373 43.0884 -2.628 -30.3015 43.4812
2 24 -2.628 -30.3015 43.4812 -1.954 -27.713 44.2203
2 24 -1.954 -27.713 44.2203 -1.6919 -25.7857 45.3313
2 24 -1.6919 -25.7857 45.3313 -2.1793 -24.2369 46.7483
2 24 -2.1793 -24.2369 46.7483 -3.6638 -23.3034 47.937
2 24 -3.6638 -23.3034 47.937 -4.8485 -22.9705 48.1884
2 24 -4.8485 -22.9705 48.1884 -6.6853 -22.6928 47.6764
2 24 -2.9151 -41.3479 37.9994 -4.0004 -38.4033 39.2406
2 24 -4.0004 -38.4033 39.2406 -4.531 -35.2076 40.0209
2 24 -4.531 -35.2076 40.0209 -4.7158 -31.8105 40.5073
2 24 -4.7158 -31.8105 40.5073 -4.2825 -28.4973 41.1011
2 24 -4.2825 -28.4973 41.1011 -3.433 -26.0455 42.3371
2 24 -3.433 -26.0455 42.3371 -3.5479 -24.8376 42.0158
2 24 -3.5479 -24.8376 42.0158 -4.3417 -23.4206 43.0046
2 24 -6.878 -22.8534 42.7263 -7.0126 -24.9945 41.4777
2 24 -6.878 -22.8534 42.7263 -4.3417 -23.4206 43.0046
2 24 -7.0126 -24.9945 41.4777 -3.5479 -24.8376 42.0158
2 24 -4.3417 -23.4206 43.0046 -3.5479 -24.8376 42.0158
2 24 -6.6853 -22.6928 47.6764 -8.012 -22.6207 46.5249
2 24 -8.012 -22.6207 46.5249 -8.7074 -22.6118 44.9162
2 24 -8.7074 -22.6118 44.9162 -9.0873 -21.9527 44.3718
2 24 -9.0873 -21.9527 44.3718 -9.3231 -21.1626 44.797
2 24 -8.6557 -20.6203 46.8282 -9.3231 -21.1626 44.797
2 24 1.1847 -21.4806 48.1603 2.4556 -24.0932 45.7062
2 24 -2.4894 -13.547 47.6119 -2.5184 -10.2187 47.9629
2 24 -8.0855 -13.3379 47.3959 -8.2962 -10.0999 47.7727
2 24 -2.5184 -10.2187 47.9629 -2.5501 -6.5793 48.3894
2 24 -8.2962 -10.0999 47.7727 -8.7185 -7.1367 48.0974
2 24 -9.2535 -2.8489 48.4861 -9.193 -5.2448 48.314
2 24 -2.5501 -6.5793 48.3894 -2.582 -2.9167 48.6984
2 24 -7.1249 -0.0025 48.7052 -9.193 -0.0087 48.6239
2 24 -9.2535 -2.8489 48.4861 -9.193 -0.0087 48.6239
2 24 -7.1249 -0.0025 48.7052 -4.8108 -0.0024 48.7051
2 24 -4.8108 -0.0024 48.7051 -2.609 -0.0054 48.7017
2 24 -2.582 -2.9167 48.6984 -2.609 -0.0054 48.7017
2 24 -2.4894 -13.547 47.6119 -2.5184 -10.2187 47.9629
2 24 -2.5184 -10.2187 47.9629 -2.5501 -6.5793 48.3894
2 24 -2.5616 -5.3495 45.6017 -2.5954 -4.9159 45.907
2 24 -2.5501 -6.5793 48.3894 -2.582 -2.9167 48.6984
2 24 -2.5954 -4.9159 45.907 -2.5833 -2.2198 45.9878
2 24 -2.6043 -0.0073 46.0394 -2.609 -0.0054 48.7017
2 24 -2.5833 -2.2198 45.9878 -2.6043 -0.0073 46.0394
2 24 -2.582 -2.9167 48.6984 -2.609 -0.0054 48.7017
2 24 -2.5616 -5.3495 45.6017 -2.5605 -5.349 43.147
2 24 -2.5605 -5.349 43.147 -2.5602 -5.349 40.8245
2 24 -2.5454 -8.9641 38.4782 -2.5577 -6.8685 38.6622
2 24 -2.5454 -8.9641 38.4782 -2.5121 -10.9476 37.3216
2 24 -2.2623 -16.4586 44.555 -2.2471 -16.7514 41.8148
2 24 -2.4894 -13.547 47.6119 -2.4706 -15.7328 47.3701
2 24 -2.4412 -19.0428 26.7489 -2.4606 -16.7901 29.1395
2 24 -2.4606 -16.7901 29.1395 -2.4833 -14.7002 31.9486
2 24 -2.4833 -14.7002 31.9486 -2.4955 -12.8543 35.1265
2 24 -2.4955 -12.8543 35.1265 -2.5121 -10.9476 37.3216
2 24 -2.5121 -10.9476 37.3216 -2.5454 -8.9641 38.4782
2 24 -2.5121 -10.9476 37.3216 -2.4955 -12.8543 35.1265
2 24 -7.3407 -19.0833 26.968 -7.2581 -16.6177 29.4101
2 24 -7.2581 -16.6177 29.4101 -7.3738 -14.9351 32.3292
2 24 -7.3738 -14.9351 32.3292 -7.5225 -13.232 35.3783
2 24 -7.5225 -13.232 35.3783 -7.657 -11.3971 37.345
2 24 -7.657 -11.3971 37.345 -7.776 -9.2676 38.8633
2 24 -7.776 -9.2676 38.8633 -7.9655 -7.6292 39.2078
2 24 -7.3407 -19.0833 26.968 -7.1827 -22.2065 24.7794
2 24 -7.1827 -22.2065 24.7794 -6.8432 -24.9558 23.0318
2 24 -6.8432 -24.9558 23.0318 -4.9974 -24.6121 23.0007
2 24 -4.9974 -24.6121 23.0007 -2.3988 -24.478 23.0637
2 24 -2.3988 -24.478 23.0637 -2.4256 -21.7337 24.6642
2 24 -2.4412 -19.0428 26.7489 -2.4256 -21.7337 24.6642
2 24 -9.7664 -0.0069 37.8619 -9.7326 -0.0019 41.2703
2 24 -9.7664 -0.0069 37.8619 -8.9769 -0.0077 37.3396
2 24 -9.7326 -0.0019 41.2703 -9.8302 -0.0021 44.5147
2 24 -9.8328 -0.0081 48.0126 -9.193 -0.0087 48.6239
2 24 -9.8302 -0.0021 44.5147 -9.8328 -0.0081 48.0126
2 24 -9.193 -0.0087 48.6239 -7.1249 -0.0025 48.7052
2 24 -7.1249 -0.0025 48.7052 -4.8108 -0.0024 48.7051
2 24 -2.6043 -0.0073 46.0394 -3.7523 -0.0018 45.257
2 24 -4.8108 -0.0024 48.7051 -2.609 -0.0054 48.7017
2 24 -2.6043 -0.0073 46.0394 -2.609 -0.0054 48.7017
2 24 -6.2129 -0.0017 41.7009 -6.3369 -0.0019 39.316
2 24 -6.2129 -0.0017 41.7009 -5.3141 -0.0019 43.7092
2 24 -3.7523 -0.0018 45.257 -5.3141 -0.0019 43.7092
2 24 -9.8542 -26.9653 39.9333 -9.8646 -25.6712 39.1015
2 24 3.4371 -20.3132 37.2793 4.2453 -21.6687 37.069
2 24 3.4371 -20.3132 37.2793 2.0994 -19.3704 36.682
2 24 9.7421 -23.2286 35.8366 9.8489 -25.8138 35.5654
2 24 9.8489 -25.8138 35.5654 9.8214 -26.7422 37.0834
2 24 8.8652 -29.7862 23.4118 8.8085 -32.9148 25.0187
2 24 9.8214 -26.7422 37.0834 9.8115 -29.6578 36.7893
2 24 9.7346 -32.0183 36.9008 9.8115 -29.6578 36.7893
2 24 8.8787 -35.4667 26.6487 8.8085 -32.9148 25.0187
2 24 9.2036 -24.6956 0.8201 9.1949 -23.6226 2.8477
2 24 9.8648 -25.8371 1.2181 9.8705 -24.6507 4.0149
2 24 8.747 -20.9438 14.0028 8.647 -19.829 10.1652
2 24 5.1427 -19.259 6.5793 7.9156 -19.7687 5.9697
2 24 8.647 -19.829 10.1652 7.9156 -19.7687 5.9697
2 24 5.1427 -19.259 6.5793 2.4484 -19.0625 6.6956
2 24 2.4534 -19.4439 10.1385 2.4484 -19.0625 6.6956
2 24 2.4707 -20.5583 14.0504 2.4534 -19.4439 10.1385
2 24 1.8315 -19.7177 -7.5875 -1.8315 -19.7177 -7.5875
2 24 7.9156 -19.7687 5.9697 9.1949 -23.6226 2.8477
2 24 9.8328 -21.7904 6.6226 9.8705 -24.6507 4.0149
2 24 9.2036 -24.6956 0.8201 9.158 -25.0558 -2.0693
2 24 9.8648 -25.8371 1.2181 9.8438 -26.1697 -2.3654
2 24 9.0101 -25.0422 -5.0206 9.158 -25.0558 -2.0693
2 24 9.8264 -26.2919 -6.3287 9.8438 -26.1697 -2.3654
2 24 1.7381 -19.8186 -5.8157 -1.7379 -19.8188 -5.8154
2 24 1.8315 -19.7177 -7.5875 -1.8315 -19.7177 -7.5875
2 24 1.9168 -20.6724 -5.2856 1.9439 -23.9283 -5.2375
2 24 -1.803 -20.7482 -5.3114 -1.9117 -24.0011 -5.249
2 24 1.7381 -19.8186 -5.8157 -1.7379 -19.8188 -5.8154
2 24 1.9439 -23.9283 -5.2375 1.9533 -26.7569 -5.1978
2 24 -1.9117 -24.0011 -5.249 -1.9896 -26.6528 -5.1815
2 24 1.9533 -26.7569 -5.1978 1.9188 -29.3797 -5.1804
2 24 -1.9896 -26.6528 -5.1815 -1.9545 -29.2753 -5.1647
2 24 1.9188 -29.3797 -5.1804 1.8796 -31.9941 -5.1648
2 24 -1.9545 -29.2753 -5.1647 -1.8941 -31.9711 -5.1588
2 24 1.8796 -31.9941 -5.1648 1.8353 -34.9751 -5.1458
2 24 -1.8941 -31.9711 -5.1588 -1.8627 -34.9609 -5.135
2 24 1.8353 -34.9751 -5.1458 1.7941 -37.9582 -5.1256
2 24 -1.8627 -34.9609 -5.135 -1.8458 -37.9154 -5.1051
2 24 1.7941 -37.9582 -5.1256 1.7463 -41.0877 -5.1049
2 24 -1.8458 -37.9154 -5.1051 -1.8157 -40.9929 -5.0797
2 24 -1.8157 -40.9929 -5.0797 -1.7517 -44.424 -5.0636
2 24 1.7463 -41.0877 -5.1049 1.67 -44.3085 -5.091
2 24 2.3869 -20.4257 -4.8289 2.3728 -23.8505 -4.7324
2 24 2.4484 -19.0625 6.6956 2.4534 -19.4439 10.1385
2 24 2.4534 -19.4439 10.1385 2.4707 -20.5583 14.0504
2 24 2.4707 -20.5583 14.0504 2.4491 -21.7556 17.3124
2 24 2.4491 -21.7556 17.3124 2.4168 -23.1509 20.2847
2 24 2.4504 -18.7143 6.2383 2.4484 -19.0625 6.6956
2 24 2.2729 -36.8449 10.9481 2.2794 -36.7551 14.4715
2 24 2.3076 -31.7618 -4.6469 2.2771 -34.6886 -4.6424
2 24 2.2771 -34.6886 -4.6424 2.2495 -37.6528 -4.624
2 24 7.4458 -47.952 30.4712 5.5843 -47.9527 31.8249
2 24 9.8472 -45.608 29.5612 9.8654 -44.5921 30.5222
2 24 9.8654 -44.5921 30.5222 9.8472 -45.608 29.5612
2 24 9.8542 -45.8427 27.9767 9.8702 -45.8427 26.1239
2 24 9.7813 -41.3888 29.5545 9.803 -39.3187 27.6986
2 24 9.8702 -45.8427 26.1239 9.8815 -45.8427 24.143
2 24 9.803 -39.3187 27.6986 9.8359 -37.0375 25.834
2 24 9.8359 -37.0375 25.834 9.8593 -34.6781 24.1631
2 24 9.8815 -45.8427 24.143 9.8877 -45.8427 20.839
2 24 9.8593 -34.6781 24.1631 9.8579 -31.6478 22.7233
2 24 9.8579 -31.6478 22.7233 9.8265 -28.3778 21.3791
2 24 9.8877 -45.8427 20.839 9.8713 -45.8427 15.8197
2 24 9.8265 -28.3778 21.3791 9.8592 -25.8461 19.4853
2 24 9.8592 -25.8461 19.4853 9.8873 -24.12 17.116
2 24 9.8713 -45.8427 15.8197 9.8404 -45.843 11.6516
2 24 9.8873 -24.12 17.116 9.8687 -22.8393 13.6151
2 24 9.8404 -45.843 11.6516 9.8259 -45.7172 8.5899
2 24 9.8687 -22.8393 13.6151 9.8548 -22.0112 9.9897
2 24 9.8259 -45.7172 8.5899 9.8391 -44.7032 6.3491
2 24 9.8548 -22.0112 9.9897 9.8328 -21.7904 6.6226
2 24 9.8391 -44.7032 6.3491 9.8685 -41.4898 4.5482
2 24 9.8328 -21.7904 6.6226 9.8705 -24.6507 4.0149
2 24 9.8685 -41.4898 4.5482 9.8884 -38.4981 2.8651
2 24 9.8705 -24.6507 4.0149 9.8648 -25.8371 1.2181
2 24 9.874 -36.4017 0.6828 9.8884 -38.4981 2.8651
2 24 9.8438 -26.1697 -2.3654 9.8648 -25.8371 1.2181
2 24 9.8389 -29.1861 -7.3819 9.8469 -27.3948 -7.0876
2 24 9.8389 -29.1861 -7.3819 9.8469 -27.3948 -7.0876
2 24 2.5634 -8.7014 25.5523 2.5496 -6.07 25.785
2 24 2.5634 -8.7014 25.5523 3.6999 -7.4232 24.8266
2 24 5.1373 -6.5148 23.1958 3.6999 -7.4232 24.8266
2 24 2.5496 -6.07 25.785 2.5957 -3.1294 25.9864
2 24 6.1484 -4.2454 20.7599 6.2896 -2.196 20.6342
2 24 6.2896 -2.196 20.6342 6.1484 -4.2454 20.7599
2 24 9.175 -2.2185 20.7473 9.2581 -4.3187 20.8826
2 24 9.8215 -4.2548 21.6359 9.8405 -2.1535 21.4368
2 24 9.2581 -4.3187 20.8826 9.175 -2.2185 20.7473
2 24 9.8215 -4.2548 21.6359 9.8405 -2.1535 21.4368
2 24 9.8459 -1.8217 31.6821 9.8474 -3.683 31.9291
2 24 9.1086 -3.6365 32.9627 9.1086 -1.8409 32.5378
2 24 9.8474 -3.683 31.9291 9.8459 -1.8217 31.6821
2 24 9.1086 -3.6365 32.9627 9.1086 -1.8409 32.5378
2 24 2.5955 -3.3993 33.3045 2.5948 -1.694 32.8691
2 24 2.5955 -3.3993 33.3045 2.5948 -1.694 32.8691
2 24 2.5634 -8.7014 25.5523 2.5496 -6.07 25.785
2 24 2.5957 -3.1294 25.9864 2.5496 -6.07 25.785
2 24 6.2896 -2.196 20.6342 6.3402 -0.0056 20.6846
2 24 6.3402 -0.0056 20.6846 5.8788 -0.0013 23.1785
2 24 5.8788 -0.0013 23.1785 4.4225 -0.0015 24.7702
2 24 2.5957 -3.1294 25.9864 2.6072 -0.0071 26.2104
2 24 4.4225 -0.0015 24.7702 2.6072 -0.0071 26.2104
2 24 2.4 -20.3185 35.2119 2.4361 -19.2869 36.5312
2 24 2.4528 -18.4757 35.7893 2.4361 -19.2869 36.5312
2 24 2.4891 -16.3083 24.004 2.444 -18.7586 22.299
2 24 2.444 -18.7586 22.299 2.4321 -21.2373 21.0248
2 24 1.9402 -22.2325 34.8175 1.9713 -20.2112 35.8822
2 24 1.9526 -23.9166 33.9843 1.8914 -25.342 33.3438
2 24 1.8914 -25.342 33.3438 1.8198 -27.8907 33.2596
2 24 2.2794 -36.7551 14.4715 2.2757 -36.8183 18.1288
2 24 1.9348 -37.3693 14.1877 1.9032 -37.3871 18.0176
2 24 2.2794 -36.7551 14.4715 2.2757 -36.8183 18.1288
2 24 2.2794 -36.7551 14.4715 2.2729 -36.8449 10.9481
2 24 2.2729 -36.8449 10.9481 2.2712 -36.924 7.7146
2 24 2.2712 -36.924 7.7146 2.2696 -37.8947 3.8485
2 24 2.2696 -37.8947 3.8485 2.2183 -41.9568 -0.7856
2 24 2.2183 -41.9568 -0.7856 2.1224 -47.0882 -2.7051
2 24 2.2009 -43.9269 -4.5438 2.2262 -40.8248 -4.5779
2 24 2.2262 -40.8248 -4.5779 2.2495 -37.6528 -4.624
2 24 2.2495 -37.6528 -4.624 2.2771 -34.6886 -4.6424
2 24 2.2771 -34.6886 -4.6424 2.3076 -31.7618 -4.6469
2 24 2.3076 -31.7618 -4.6469 2.3351 -29.1863 -4.6416
2 24 2.3351 -29.1863 -4.6416 2.3532 -26.612 -4.6893
2 24 2.3532 -26.612 -4.6893 2.3728 -23.8505 -4.7324
2 24 2.3728 -23.8505 -4.7324 2.3869 -20.4257 -4.8289
2 24 1.7381 -19.8186 -5.8157 2.3573 -19.5043 -5.5478
2 24 2.3869 -20.4257 -4.8289 2.3573 -19.5043 -5.5478
2 24 2.4563 -45.9737 4.4758 -2.6765 -45.9849 4.4916
2 24 2.4563 -45.9737 4.4758 -2.6765 -45.9849 4.4916
2 24 2.3297 -47.9526 6.2612 -2.5748 -47.9527 6.3262
2 24 2.3297 -47.9526 6.2612 -2.5748 -47.9527 6.3262
2 24 2.2757 -36.8183 18.1288 2.2779 -36.7922 22.3211
2 24 2.2757 -36.8183 18.1288 2.2779 -36.7922 22.3211
2 24 2.2779 -36.7922 22.3211 2.2706 -36.8594 26.2596
2 24 2.2779 -36.7922 22.3211 2.2706 -36.8594 26.2596
2 24 2.2424 -36.4242 32.4982 2.2777 -36.7982 29.5086
2 24 2.2424 -36.4242 32.4982 1.7294 -36.6968 32.9537
2 24 2.0724 -37.2471 32.2302 1.7555 -37.3771 32.4572
2 24 1.7294 -36.6968 32.9537 1.7575 -33.691 33.0598
2 24 1.7294 -36.6968 32.9537 2.2424 -36.4242 32.4982
2 24 2.2424 -36.4242 32.4982 2.2726 -33.563 32.582
2 24 2.2706 -36.8594 26.2596 2.2777 -36.7982 29.5086
2 24 1.8198 -27.8907 33.2596 1.8044 -30.7472 33.1569
2 24 2.2706 -36.8594 26.2596 2.2777 -36.7982 29.5086
2 24 2.2424 -36.4242 32.4982 2.2777 -36.7982 29.5086
2 24 1.7575 -33.691 33.0598 1.8044 -30.7472 33.1569
2 24 1.7294 -36.6968 32.9537 -1.78 -36.742 32.9323
2 24 1.7555 -37.3771 32.4572 -1.6937 -37.3886 32.465
2 24 -2.5454 -8.9641 38.4782 -2.5577 -6.8685 38.6622
2 24 -9.6923 -6.0205 40.1774 -9.7681 -4.5027 38.0606
2 24 -8.552 -6.1692 38.5373 -8.9571 -4.6037 37.5233
2 24 -9.6923 -6.0205 40.1774 -9.7681 -4.5027 38.0606
2 24 -9.6014 -6.9922 47.1392 -9.8358 -5.1456 47.6104
2 24 -8.7185 -7.1367 48.0974 -9.193 -5.2448 48.314
2 24 -9.6014 -6.9922 47.1392 -9.8358 -5.1456 47.6104
2 24 -8.7185 -7.1367 48.0974 -9.193 -5.2448 48.314
2 24 -7.9655 -7.6292 39.2078 -8.552 -6.1692 38.5373
2 24 -5.5092 -6.5984 38.6119 -6.0862 -5.8549 38.1795
2 24 -5.5993 -5.3497 38.6363 -2.5657 -5.3519 38.7645
2 24 -2.5577 -6.8685 38.6622 -2.5657 -5.3519 38.7645
2 24 -5.5092 -6.5984 38.6119 -6.0862 -5.8549 38.1795
2 24 -6.0862 -5.8549 38.1795 -6.1048 -4.9909 38.7947
2 24 -5.5993 -5.3497 38.6363 -6.1048 -4.9909 38.7947
2 24 -2.5577 -6.8685 38.6622 -2.5657 -5.3519 38.7645
2 24 -2.5602 -5.349 40.8245 -2.5657 -5.3519 38.7645
2 24 -6.1048 -4.9909 38.7947 -6.099 -5.0081 40.8508
2 24 -5.6279 -5.3429 40.7546 -5.5993 -5.3497 38.6363
2 24 -6.1048 -4.9909 38.7947 -5.5993 -5.3497 38.6363
2 24 -5.5993 -5.3497 38.6363 -5.6279 -5.3429 40.7546
2 24 -5.5993 -5.3497 38.6363 -2.5657 -5.3519 38.7645
2 24 -2.5657 -5.3519 38.7645 -2.5602 -5.349 40.8245
2 24 -5.6279 -5.3429 40.7546 -4.9388 -5.3433 43.2149
2 24 -2.5602 -5.349 40.8245 -2.5605 -5.349 43.147
2 24 -4.9388 -5.3433 43.2149 -3.6929 -5.344 44.6828
2 24 -3.6929 -5.344 44.6828 -2.5616 -5.3495 45.6017
2 24 -2.5605 -5.349 43.147 -2.5616 -5.3495 45.6017
2 24 -2.5954 -4.9159 45.907 -2.5616 -5.3495 45.6017
2 24 -2.5616 -5.3495 45.6017 -3.6929 -5.344 44.6828
2 24 -3.9704 -4.9476 44.897 -5.369 -5.007 43.2984
2 24 -3.6929 -5.344 44.6828 -4.9388 -5.3433 43.2149
2 24 -6.099 -5.0081 40.8508 -5.369 -5.007 43.2984
2 24 -5.6279 -5.3429 40.7546 -4.9388 -5.3433 43.2149
2 24 -3.7523 -0.0018 45.257 -2.6043 -0.0073 46.0394
2 24 -2.5833 -2.2198 45.9878 -2.6043 -0.0073 46.0394
2 24 -2.5954 -4.9159 45.907 -2.5833 -2.2198 45.9878
2 24 -3.7523 -0.0018 45.257 -5.3141 -0.0019 43.7092
2 24 -5.3141 -0.0019 43.7092 -6.2129 -0.0017 41.7009
2 24 -6.2129 -0.0017 41.7009 -6.3369 -0.0019 39.316
2 24 -8.9769 -0.0077 37.3396 -6.5089 -0.0048 37.1453
2 24 -6.3369 -0.0019 39.316 -6.5089 -0.0048 37.1453
2 24 -8.552 -6.1692 38.5373 -8.9571 -4.6037 37.5233
2 24 -6.0862 -5.8549 38.1795 -6.2948 -4.3854 37.3114
2 24 -8.9571 -4.6037 37.5233 -9.0592 -3.3148 37.3166
2 24 -6.2948 -4.3854 37.3114 -6.4124 -3.0928 37.1324
2 24 -6.4124 -3.0928 37.1324 -6.4606 -1.5757 37.0838
2 24 -9.0592 -3.3148 37.3166 -9.0873 -1.7828 37.3017
2 24 -9.0873 -1.7828 37.3017 -8.9769 -0.0077 37.3396
2 24 -8.9769 -0.0077 37.3396 -6.5089 -0.0048 37.1453
2 24 -6.4606 -1.5757 37.0838 -6.5089 -0.0048 37.1453
2 24 -6.3369 -0.0019 39.316 -6.5089 -0.0048 37.1453
2 24 -6.5089 -0.0048 37.1453 -6.4606 -1.5757 37.0838
2 24 -6.4606 -1.5757 37.0838 -6.4124 -3.0928 37.1324
2 24 -6.0862 -5.8549 38.1795 -6.2948 -4.3854 37.3114
2 24 -6.4124 -3.0928 37.1324 -6.2948 -4.3854 37.3114
2 24 -2.4894 -13.547 47.6119 -2.4706 -15.7328 47.3701
2 24 -8.8704 -27.5063 24.1028 -8.7829 -26.7076 22.2836
2 24 -8.9825 -30.0583 23.5302 -8.7829 -26.7076 22.2836
2 24 -7.1704 -24.2953 21.2116 -6.8432 -24.9558 23.0318
2 24 -7.1704 -24.2953 21.2116 -4.982 -23.9757 21.1441
2 24 -6.8432 -24.9558 23.0318 -4.9974 -24.6121 23.0007
2 24 -4.982 -23.9757 21.1441 -2.4355 -23.6639 21.0943
2 24 -2.4355 -23.6639 21.0943 -2.3988 -24.478 23.0637
2 24 -4.9974 -24.6121 23.0007 -2.3988 -24.478 23.0637
2 24 9.8474 -3.683 31.9291 9.8021 -5.1828 32.2081
2 24 9.5905 -7.0295 32.8794 9.8021 -5.1828 32.2081
2 24 9.8552 -0.0022 24.0199 9.8551 -0.0022 27.7676
2 24 8.8984 -23.8904 22.647 8.8524 -26.1156 21.9932
2 24 8.8524 -26.1156 21.9932 6.8728 -23.5128 20.3776
2 24 8.8984 -23.8904 22.647 8.8524 -26.1156 21.9932
2 24 6.8798 -21.4915 21.2012 6.8728 -23.5128 20.3776
2 24 2.4321 -21.2373 21.0248 2.4168 -23.1509 20.2847
2 24 6.8798 -21.4915 21.2012 6.8728 -23.5128 20.3776
2 24 2.4168 -23.1509 20.2847 6.8728 -23.5128 20.3776
2 24 2.4168 -23.1509 20.2847 2.4321 -21.2373 21.0248
2 24 1.9402 -22.2325 34.8175 1.9526 -23.9166 33.9843
2 24 9.8552 -0.0022 24.0199 9.8569 -0.0079 21.389
2 24 9.8569 -0.0079 21.389 9.0196 -0.008 20.8122
2 24 9.8552 -0.0022 24.0199 9.8551 -0.0022 27.7676
2 24 9.0642 0.0303 32.0712 9.8297 -0.0066 31.3437
2 24 9.8551 -0.0022 27.7676 9.8297 -0.0066 31.3437
2 24 2.6203 0.0322 32.3726 2.6074 -0.0021 30.6434
2 24 9.0642 0.0303 32.0712 2.6203 0.0322 32.3726
2 24 2.6212 -0.0021 28.0052 2.6072 -0.0071 26.2104
2 24 2.6072 -0.0071 26.2104 4.4225 -0.0015 24.7702
2 24 4.4225 -0.0015 24.7702 5.8788 -0.0013 23.1785
2 24 5.8788 -0.0013 23.1785 6.3402 -0.0056 20.6846
2 24 9.0196 -0.008 20.8122 6.3402 -0.0056 20.6846
2 24 2.6074 -0.0021 30.6434 2.6212 -0.0021 28.0052
2 24 -8.5286 -21.7285 42.9827 -7.6837 -21.2633 41.9343
2 24 -6.878 -22.8534 42.7263 -7.6837 -21.2633 41.9343
2 24 -7.6837 -21.2633 41.9343 -8.0447 -19.4891 43.2432
2 24 4.2453 -21.6687 37.069 4.6942 -22.9345 38.0425
2 24 -2.4316 -16.7183 47.3664 -3.854 -16.659 47.2002
2 24 -3.854 -16.659 47.2002 -4.857 -16.7079 47.0118
2 24 -4.857 -16.7079 47.0118 -6.9972 -17.5327 45.7368
2 24 -6.9972 -17.5327 45.7368 -7.5969 -18.4371 43.721
2 24 -8.0447 -19.4891 43.2432 -7.5969 -18.4371 43.721
2 24 4.6942 -22.9345 38.0425 4.9079 -24.6111 38.2786
2 24 4.9079 -24.6111 38.2786 4.8196 -25.6853 39.9625
2 24 2.8946 -38.2253 39.3326 2.5796 -41.1847 38.1314
2 24 2.8946 -38.2253 39.3326 3.3171 -35.4148 39.8787
2 24 3.3171 -35.4148 39.8787 3.9259 -32.5037 39.7699
2 24 3.9259 -32.5037 39.7699 4.4559 -29.5044 39.6668
2 24 4.8196 -25.6853 39.9625 4.4559 -29.5044 39.6668
2 24 2.2378 -30.2286 43.3904 2.6705 -27.3716 44.0959
2 24 2.4556 -24.0932 45.7062 2.6705 -27.3716 44.0959
2 24 -2.2471 -16.7514 41.8148 -2.139 -17.6007 38.5304
2 24 2.0994 -19.3704 36.682 1.9713 -20.2112 35.8822
2 24 -2.6264 -36.6736 42.3095 -2.1483 -39.7559 40.9533
2 24 -2.6264 -36.6736 42.3095 -2.8608 -33.373 43.0884
2 24 -2.8608 -33.373 43.0884 -2.628 -30.3015 43.4812
2 24 -2.628 -30.3015 43.4812 -1.954 -27.713 44.2203
2 24 -1.954 -27.713 44.2203 -1.6919 -25.7857 45.3313
2 24 -1.6919 -25.7857 45.3313 -2.1793 -24.2369 46.7483
2 24 -1.6547 -44.1972 36.3672 -1.5475 -42.4299 38.9117
2 24 -2.1483 -39.7559 40.9533 -1.5475 -42.4299 38.9117
2 24 2.6169 -43.9137 36.0764 2.5796 -41.1847 38.1314
2 24 -9.0873 -21.9527 44.3718 -8.7074 -22.6118 44.9162
2 24 -9.0873 -21.9527 44.3718 -9.3231 -21.1626 44.797
2 24 -4.3417 -23.4206 43.0046 -6.878 -22.8534 42.7263
2 24 -8.6557 -20.6203 46.8282 -9.3231 -21.1626 44.797
2 24 -8.7074 -22.6118 44.9162 -8.012 -22.6207 46.5249
2 24 -8.012 -22.6207 46.5249 -6.6853 -22.6928 47.6764
2 24 -6.6853 -22.6928 47.6764 -4.8485 -22.9705 48.1884
2 24 -4.8485 -22.9705 48.1884 -3.6638 -23.3034 47.937
2 24 -2.1793 -24.2369 46.7483 -3.6638 -23.3034 47.937
2 24 -2.4706 -15.7328 47.3701 -2.4316 -16.7183 47.3664
2 24 -2.4316 -16.7183 47.3664 -3.854 -16.659 47.2002
2 24 -2.4706 -15.7328 47.3701 -2.4316 -16.7183 47.3664
2 24 -2.4316 -16.7183 47.3664 -2.2623 -16.4586 44.555
2 24 -2.2623 -16.4586 44.555 -2.2471 -16.7514 41.8148
2 24 -2.2471 -16.7514 41.8148 -2.139 -17.6007 38.5304
2 24 -2.139 -17.6007 38.5304 -2.0707 -18.902 36.6364
2 24 -2.0707 -18.902 36.6364 -1.9755 -20.5076 35.654
2 24 -2.139 -17.6007 38.5304 -2.0707 -18.902 36.6364
2 24 -2.0707 -18.902 36.6364 -1.9755 -20.5076 35.654
2 24 -1.9755 -20.5076 35.654 -1.937 -22.1738 34.8477
2 24 1.9713 -20.2112 35.8822 1.9402 -22.2325 34.8175
2 24 -1.9755 -20.5076 35.654 -1.937 -22.1738 34.8477
2 24 -2.4955 -12.8543 35.1265 -2.4833 -14.7002 31.9486
2 24 -1.937 -22.1738 34.8477 -1.911 -23.734 34.092
2 24 -1.911 -23.734 34.092 -1.866 -25.1979 33.3941
2 24 -1.937 -22.1738 34.8477 -1.911 -23.734 34.092
2 24 1.9402 -22.2325 34.8175 1.9526 -23.9166 33.9843
2 24 1.8914 -25.342 33.3438 -1.866 -25.1979 33.3941
2 24 1.9526 -23.9166 33.9843 1.8914 -25.342 33.3438
2 24 -1.911 -23.734 34.092 -1.866 -25.1979 33.3941
2 24 -2.4833 -14.7002 31.9486 -2.4606 -16.7901 29.1395
2 24 -2.4606 -16.7901 29.1395 -2.4412 -19.0428 26.7489
2 24 5.2241 -44.8754 34.1032 3.2115 -44.9652 34.1996
2 24 3.2115 -44.9652 34.1996 1.847 -45.0207 34.2421
2 24 1.847 -45.0207 34.2421 0.115 -45.1691 34.2628
2 24 -1.4919 -45.0602 34.257 -2.8601 -44.9824 34.2012
2 24 0.115 -45.1691 34.2628 -1.4919 -45.0602 34.257
2 24 -4.985 -44.8505 34.109 -2.8601 -44.9824 34.2012
2 24 5.5843 -47.9527 31.8249 3.6447 -47.9524 32.2118
2 24 5.2241 -44.8754 34.1032 3.2115 -44.9652 34.1996
2 24 3.6447 -47.9524 32.2118 0.1403 -47.9523 32.3611
2 24 1.847 -45.0207 34.2421 3.2115 -44.9652 34.1996
2 24 3.6447 -47.9524 32.2118 0.1403 -47.9523 32.3611
2 24 7.4458 -47.952 30.4712 5.5843 -47.9527 31.8249
2 24 0.115 -45.1691 34.2628 -1.4919 -45.0602 34.257
2 24 -8.0855 -13.3379 47.3959 -7.8311 -15.5786 46.9873
2 24 -9.5759 -18.0189 41.9398 -7.5969 -18.4371 43.721
2 24 -9.5759 -18.0189 41.9398 -9.3102 -15.3268 45.2735
2 24 -7.5969 -18.4371 43.721 -7.8311 -15.5786 46.9873
2 24 -9.3102 -15.3268 45.2735 -7.8311 -15.5786 46.9873
2 24 -7.8311 -15.5786 46.9873 -7.5969 -18.4371 43.721
2 24 -6.9972 -17.5327 45.7368 -7.5969 -18.4371 43.721
2 24 -3.854 -16.659 47.2002 -4.857 -16.7079 47.0118
2 24 -4.857 -16.7079 47.0118 -5.5733 -16.282 47.0356
2 24 -7.8311 -15.5786 46.9873 -5.5733 -16.282 47.0356
2 24 -7.8311 -15.5786 46.9873 -5.5733 -16.282 47.0356
2 24 -6.9972 -17.5327 45.7368 -4.857 -16.7079 47.0118
2 24 -5.5733 -16.282 47.0356 -4.857 -16.7079 47.0118
2 24 1.8198 -27.8907 33.2596 1.8914 -25.342 33.3438
2 24 -1.9325 -27.5563 33.2315 -1.866 -25.1979 33.3941
2 24 1.8914 -25.342 33.3438 -1.866 -25.1979 33.3941
2 24 -1.866 -25.1979 33.3941 -1.9325 -27.5563 33.2315
2 24 -1.9325 -27.5563 33.2315 -1.8874 -30.1865 33.1495
2 24 -1.8874 -30.1865 33.1495 -1.8362 -33.6293 33.0374
2 24 1.7575 -33.691 33.0598 1.8044 -30.7472 33.1569
2 24 -1.8362 -33.6293 33.0374 -1.8874 -30.1865 33.1495
2 24 1.8198 -27.8907 33.2596 1.8044 -30.7472 33.1569
2 24 -1.9325 -27.5563 33.2315 -1.8874 -30.1865 33.1495
2 24 1.7294 -36.6968 32.9537 -1.78 -36.742 32.9323
2 24 1.7575 -33.691 33.0598 1.7294 -36.6968 32.9537
2 24 -1.8362 -33.6293 33.0374 -1.78 -36.742 32.9323
2 24 -1.78 -36.742 32.9323 -2.259 -36.6777 32.4196
2 24 -1.8362 -33.6293 33.0374 -1.78 -36.742 32.9323
2 24 -1.78 -36.742 32.9323 -2.259 -36.6777 32.4196
2 24 -7.6547 -59.7477 -13.128 -6.4851 -60.1676 -13.5261
2 24 -6.693 -59.1448 -13.9498 -5.6286 -60.1648 -14.2619
2 24 -6.4851 -60.1676 -13.5261 -5.6286 -60.1648 -14.2619
2 24 -7.6547 -59.7477 -13.128 -8.7029 -58.857 -13.0369
2 24 -6.693 -59.1448 -13.9498 -7.3514 -57.426 -13.9051
2 24 -8.7029 -58.857 -13.0369 -9.6668 -56.9093 -13.0564
2 24 -7.3514 -57.426 -13.9051 -7.8151 -55.5884 -14.0146
2 24 -7.8151 -55.5884 -14.0146 -8.124 -53.3824 -14.515
2 24 -9.6668 -56.9093 -13.0564 -9.9896 -54.2374 -13.6488
2 24 -8.124 -53.3824 -14.515 -8.072 -51.0698 -14.8599
2 24 -9.9896 -54.2374 -13.6488 -9.8416 -51.6856 -14.0845
2 24 -9.8416 -51.6856 -14.0845 -9.3099 -49.4923 -14.2717
2 24 -8.072 -51.0698 -14.8599 -7.7539 -48.7659 -14.9491
2 24 -9.3099 -49.4923 -14.2717 -8.841 -47.3521 -14.1213
2 24 -7.7539 -48.7659 -14.9491 -7.0339 -46.4596 -14.5936
2 24 -8.841 -47.3521 -14.1213 -8.6906 -45.571 -13.6282
2 24 -7.0339 -46.4596 -14.5936 -6.675 -44.6012 -13.5375
2 24 -8.6906 -45.571 -13.6282 -9.0851 -44.3212 -12.5296
2 24 -9.0851 -44.3212 -12.5296 -9.6551 -44.1815 -11.0472
2 24 -9.6551 -44.1815 -11.0472 -10.3907 -45.0621 -9.8041
2 24 -9.8282 -45.5158 -8.0015 -10.8322 -46.9976 -6.8585
2 24 -11.1921 -46.3005 -8.8513 -12.1385 -47.8993 -7.8663
2 24 -12.1385 -47.8993 -7.8663 -13.151 -49.7193 -7.21
2 24 -10.8322 -46.9976 -6.8585 -11.7752 -48.9816 -5.9208
2 24 -13.151 -49.7193 -7.21 -13.6631 -51.4855 -6.7512
2 24 -11.7752 -48.9816 -5.9208 -12.3486 -50.9779 -5.4043
2 24 -13.6631 -51.4855 -6.7512 -13.6422 -53.3072 -6.497
2 24 -12.3486 -50.9779 -5.4043 -11.9018 -52.7716 -5.0327
2 24 -13.6422 -53.3072 -6.497 -12.0988 -55.549 -6.3041
2 24 -11.9018 -52.7716 -5.0327 -10.2125 -54.233 -4.7408
2 24 -6.675 -44.6012 -13.5375 -7.0673 -43.2656 -11.8203
2 24 -7.0673 -43.2656 -11.8203 -7.5101 -43.4278 -10.3012
2 24 -7.5101 -43.4278 -10.3012 -7.9119 -44.1832 -8.8803
2 24 -8.0649 -45.3178 -7.688 -8.051 -46.5334 -6.6734
2 24 -9.8282 -45.5158 -8.0015 -10.8322 -46.9976 -6.8585
2 24 -8.051 -46.5334 -6.6734 -7.7375 -48.1506 -5.5489
2 24 -10.8322 -46.9976 -6.8585 -11.7752 -48.9816 -5.9208
2 24 -11.7752 -48.9816 -5.9208 -12.3486 -50.9779 -5.4043
2 24 -7.7375 -48.1506 -5.5489 -7.1361 -49.9563 -4.6766
2 24 -12.3486 -50.9779 -5.4043 -11.9018 -52.7716 -5.0327
2 24 -7.1361 -49.9563 -4.6766 -6.7169 -51.2827 -4.3692
2 24 -6.7169 -51.2827 -4.3692 -6.402 -52.991 -4.2342
2 24 -11.9018 -52.7716 -5.0327 -10.2125 -54.233 -4.7408
2 24 -5.1679 -55.3594 -3.3257 -5.5547 -56.5801 -4.2141
2 24 -6.2808 -54.5064 -4.42 -6.2587 -57.7973 -5.6546
2 24 -5.5547 -56.5801 -4.2141 -6.2587 -57.7973 -5.6546
2 24 -6.2808 -54.5064 -4.42 -6.402 -52.991 -4.2342
2 24 -5.1679 -55.3594 -3.3257 -4.786 -53.9115 -2.5284
2 24 -6.402 -52.991 -4.2342 -6.7169 -51.2827 -4.3692
2 24 -4.786 -53.9115 -2.5284 -4.4352 -51.6857 -1.515
2 24 -4.4352 -51.6857 -1.515 -4.3476 -49.5051 -0.3433
2 24 -7.1026 -48.0691 -3.198 -7.1361 -49.9563 -4.6766
2 24 -7.1026 -48.0691 -3.198 -7.7743 -45.6987 -0.8152
2 24 -4.3476 -49.5051 -0.3433 -4.8851 -47.6369 1.1243
2 24 -4.8851 -47.6369 1.1243 -5.6981 -46.0622 3.0509
2 24 -7.7743 -45.6987 -0.8152 -8.5964 -44.0801 2.0609
2 24 -8.5964 -44.0801 2.0609 -8.9295 -43.3814 4.2646
2 24 -8.9295 -43.3814 4.2646 -6.1181 -45.4007 4.4458
2 24 -5.6981 -46.0622 3.0509 -6.1181 -45.4007 4.4458
2 24 -8.5964 -44.0801 2.0609 -8.9295 -43.3814 4.2646
2 24 -9.077 -40.5886 2.7396 -8.9295 -43.3814 4.2646
2 24 -9.077 -40.5886 2.7396 -9.0662 -37.8982 0.9068
2 24 -9.0662 -37.8982 0.9068 -9.0266 -35.4163 -3.3281
2 24 -9.0266 -35.4163 -3.3281 -8.5532 -33.6537 -7.3786
2 24 -7.5781 -32.5989 -10.1048 -7.4947 -34.8927 -10.8885
2 24 -8.5532 -33.6537 -7.3786 -7.5781 -32.5989 -10.1048
2 24 -8.5964 -44.0801 2.0609 -7.7743 -45.6987 -0.8152
2 24 -7.4947 -34.8927 -10.8885 -7.3602 -38.215 -11.3867
2 24 -7.3602 -38.215 -11.3867 -7.0151 -41.3838 -11.5373
2 24 -7.5101 -43.4278 -10.3012 -7.0673 -43.2656 -11.8203
2 24 -7.0151 -41.3838 -11.5373 -7.0673 -43.2656 -11.8203
2 24 -8.051 -46.5334 -6.6734 -8.0649 -45.3178 -7.688
2 24 -7.5101 -43.4278 -10.3012 -7.9119 -44.1832 -8.8803
2 24 -8.051 -46.5334 -6.6734 -7.7375 -48.1506 -5.5489
2 24 -7.7743 -45.6987 -0.8152 -7.1026 -48.0691 -3.198
2 24 -6.7169 -51.2827 -4.3692 -7.1361 -49.9563 -4.6766
2 24 -7.1026 -48.0691 -3.198 -7.1361 -49.9563 -4.6766
2 24 -7.7375 -48.1506 -5.5489 -7.1361 -49.9563 -4.6766
2 24 -9.6551 -44.1815 -11.0472 -9.0851 -44.3212 -12.5296
2 24 -9.0851 -44.3212 -12.5296 -8.6906 -45.571 -13.6282
2 24 -8.6906 -45.571 -13.6282 -8.841 -47.3521 -14.1213
2 24 -9.6551 -44.1815 -11.0472 -10.3907 -45.0621 -9.8041
2 24 -8.841 -47.3521 -14.1213 -9.3099 -49.4923 -14.2717
2 24 -9.3099 -49.4923 -14.2717 -9.8416 -51.6856 -14.0845
2 24 -12.1385 -47.8993 -7.8663 -11.1921 -46.3005 -8.8513
2 24 -12.1385 -47.8993 -7.8663 -13.151 -49.7193 -7.21
2 24 -9.8416 -51.6856 -14.0845 -9.9896 -54.2374 -13.6488
2 24 -13.151 -49.7193 -7.21 -13.6631 -51.4855 -6.7512
2 24 -9.9896 -54.2374 -13.6488 -9.6668 -56.9093 -13.0564
2 24 -9.6668 -56.9093 -13.0564 -8.7029 -58.857 -13.0369
2 24 -8.7029 -58.857 -13.0369 -7.6547 -59.7477 -13.128
2 24 -7.6547 -59.7477 -13.128 -6.4851 -60.1676 -13.5261
2 24 -13.6631 -51.4855 -6.7512 -13.6422 -53.3072 -6.497
2 24 -13.6422 -53.3072 -6.497 -12.0988 -55.549 -6.3041
2 24 -12.0988 -55.549 -6.3041 -9.2799 -57.1066 -6.0843
2 24 -9.2799 -57.1066 -6.0843 -6.2587 -57.7973 -5.6546
2 24 -7.3602 -38.215 -11.3867 -7.0151 -41.3838 -11.5373
2 24 -7.3602 -38.215 -11.3867 -7.4947 -34.8927 -10.8885
2 24 -6.3746 -32.0617 -11.2814 -7.5781 -32.5989 -10.1048
2 24 -7.4947 -34.8927 -10.8885 -7.5781 -32.5989 -10.1048
2 24 -4.6123 -33.795 -13.3016 -4.7847 -31.5894 -12.3168
2 24 -6.3746 -32.0617 -11.2814 -4.7847 -31.5894 -12.3168
2 24 -4.6123 -33.795 -13.3016 -4.4645 -36.9687 -14.2761
2 24 -4.4645 -36.9687 -14.2761 -4.3651 -39.9044 -14.9812
2 24 -4.2993 -41.6343 -15.377 -4.3729 -43.1708 -16.0321
2 24 -4.3729 -43.1708 -16.0321 -4.5124 -43.7818 -17.8245
2 24 -7.0339 -46.4596 -14.5936 -6.675 -44.6012 -13.5375
2 24 -7.0339 -46.4596 -14.5936 -7.7539 -48.7659 -14.9491
2 24 -4.5829 -59.9563 -15.708 -3.787 -59.4816 -17.4679
2 24 -6.693 -59.1448 -13.9498 -5.6286 -60.1648 -14.2619
2 24 -4.5829 -59.9563 -15.708 -5.6286 -60.1648 -14.2619
2 24 -6.693 -59.1448 -13.9498 -7.3514 -57.426 -13.9051
2 24 -7.3514 -57.426 -13.9051 -7.8151 -55.5884 -14.0146
2 24 -7.7539 -48.7659 -14.9491 -8.072 -51.0698 -14.8599
2 24 -8.072 -51.0698 -14.8599 -8.124 -53.3824 -14.515
2 24 -7.8151 -55.5884 -14.0146 -8.124 -53.3824 -14.515
2 24 -3.787 -59.4816 -17.4679 -2.9474 -58.7386 -19.0713
2 24 -2.9474 -58.7386 -19.0713 -2.3943 -57.0925 -20.5247
2 24 -2.3943 -57.0925 -20.5247 -2.0861 -55.1109 -21.6318
2 24 -2.0861 -55.1109 -21.6318 -1.8952 -53.8685 -23.5575
2 24 -1.8952 -53.8685 -23.5575 -1.8499 -53.0195 -25.5904
2 24 -1.8499 -53.0195 -25.5904 -1.9498 -52.0676 -27.4472
2 24 -4.5124 -43.7818 -17.8245 -4.3801 -43.7637 -19.8583
2 24 -4.3801 -43.7637 -19.8583 -4.2011 -43.6483 -21.8705
2 24 -4.2011 -43.6483 -21.8705 -3.9605 -43.7527 -23.8764
2 24 -3.9605 -43.7527 -23.8764 -3.5802 -44.2525 -25.8975
2 24 -3.5802 -44.2525 -25.8975 -3.2134 -45.3903 -27.4477
2 24 -3.2134 -45.3903 -27.4477 -2.8271 -47.0055 -28.4378
2 24 -2.8271 -47.0055 -28.4378 -2.4128 -48.741 -28.8712
2 24 -2.4128 -48.741 -28.8712 -2.1071 -50.6357 -28.8518
2 24 -1.9498 -52.0676 -27.4472 -2.1071 -50.6357 -28.8518
2 24 -2.1071 -50.6357 -28.8518 -1.9498 -52.0676 -27.4472
2 24 -1.9498 -52.0676 -27.4472 -1.8499 -53.0195 -25.5904
2 24 -1.8499 -53.0195 -25.5904 -1.8952 -53.8685 -23.5575
2 24 -1.8952 -53.8685 -23.5575 -2.0861 -55.1109 -21.6318
2 24 -2.0861 -55.1109 -21.6318 -2.3943 -57.0925 -20.5247
2 24 -2.3943 -57.0925 -20.5247 -2.9474 -58.7386 -19.0713
2 24 -2.1071 -50.6357 -28.8518 -2.4128 -48.741 -28.8712
2 24 -2.4128 -48.741 -28.8712 -2.8271 -47.0055 -28.4378
2 24 -2.8271 -47.0055 -28.4378 -3.2134 -45.3903 -27.4477
2 24 -3.2134 -45.3903 -27.4477 -3.5802 -44.2525 -25.8975
2 24 -3.5802 -44.2525 -25.8975 -3.9605 -43.7527 -23.8764
2 24 -3.9605 -43.7527 -23.8764 -4.2011 -43.6483 -21.8705
2 24 -4.2011 -43.6483 -21.8705 -4.3801 -43.7637 -19.8583
2 24 -4.3801 -43.7637 -19.8583 -4.5124 -43.7818 -17.8245
2 24 0.0794 -42.8234 -16.477 -4.3729 -43.1708 -16.0321
2 24 -4.5124 -43.7818 -17.8245 -4.3729 -43.1708 -16.0321
2 24 -4.3729 -43.1708 -16.0321 -4.2993 -41.6343 -15.377
2 24 -4.4645 -36.9687 -14.2761 -4.3651 -39.9044 -14.9812
2 24 -4.4645 -36.9687 -14.2761 -4.6123 -33.795 -13.3016
2 24 -0.0331 -31.4313 -12.8551 -4.7847 -31.5894 -12.3168
2 24 -4.6123 -33.795 -13.3016 -4.7847 -31.5894 -12.3168
2 24 -2.9474 -58.7386 -19.0713 -3.787 -59.4816 -17.4679
2 24 -3.787 -59.4816 -17.4679 -4.5829 -59.9563 -15.708
2 24 -4.5829 -59.9563 -15.708 -5.6286 -60.1648 -14.2619
2 24 -6.4851 -60.1676 -13.5261 -5.6286 -60.1648 -14.2619
2 24 -6.2587 -57.7973 -5.6546 -5.5547 -56.5801 -4.2141
2 24 -5.5547 -56.5801 -4.2141 -5.1679 -55.3594 -3.3257
2 24 -5.1679 -55.3594 -3.3257 -4.786 -53.9115 -2.5284
2 24 -4.786 -53.9115 -2.5284 -4.4352 -51.6857 -1.515
2 24 -4.4352 -51.6857 -1.515 -4.3476 -49.5051 -0.3433
2 24 -4.3476 -49.5051 -0.3433 -4.8851 -47.6369 1.1243
2 24 -4.8851 -47.6369 1.1243 -5.6981 -46.0622 3.0509
2 24 -5.6981 -46.0622 3.0509 -6.1181 -45.4007 4.4458
2 24 -2.6765 -45.9849 4.4916 -6.1181 -45.4007 4.4458
2 24 -8.0649 -45.3178 -7.688 -7.9119 -44.1832 -8.8803
2 24 -7.9119 -44.1832 -8.8803 -8.0649 -45.3178 -7.688
2 24 -8.9028 -44.333 -9.1934 -9.8282 -45.5158 -8.0015
2 24 -10.3907 -45.0621 -9.8041 -11.1921 -46.3005 -8.8513
2 24 -8.9028 -44.333 -9.1934 -9.8282 -45.5158 -8.0015
2 24 -10.3907 -45.0621 -9.8041 -11.1921 -46.3005 -8.8513
2 24 -0.0331 -31.4313 -12.8551 -4.7847 -31.5894 -12.3168
2 24 -0.0237 -30.3542 -13.2924 -5.0825 -30.6541 -12.5553
2 24 -4.7847 -31.5894 -12.3168 -6.3746 -32.0617 -11.2814
2 24 -5.0825 -30.6541 -12.5553 -7.0307 -31.0671 -11.4986
2 24 -6.3746 -32.0617 -11.2814 -7.5781 -32.5989 -10.1048
2 24 -7.0307 -31.0671 -11.4986 -8.753 -31.7574 -9.7728
2 24 -7.5781 -32.5989 -10.1048 -8.5532 -33.6537 -7.3786
2 24 -8.753 -31.7574 -9.7728 -9.7731 -32.5186 -7.0504
2 24 -8.5532 -33.6537 -7.3786 -9.0266 -35.4163 -3.3281
2 24 -9.7731 -32.5186 -7.0504 -9.8449 -34.3188 -3.2779
2 24 -9.0266 -35.4163 -3.3281 -9.0662 -37.8982 0.9068
2 24 -9.8449 -34.3188 -3.2779 -9.8718 -36.456 0.7244
2 24 -9.0662 -37.8982 0.9068 -9.077 -40.5886 2.7396
2 24 -9.8718 -36.456 0.7244 -9.8883 -38.4985 2.8649
2 24 -9.077 -40.5886 2.7396 -8.9295 -43.3814 4.2646
2 24 -9.8883 -38.4985 2.8649 -9.8684 -41.4898 4.5477
2 24 -0.0237 -30.3542 -13.2924 -5.0825 -30.6541 -12.5553
2 24 -5.0825 -30.6541 -12.5553 -7.0307 -31.0671 -11.4986
2 24 -7.0307 -31.0671 -11.4986 -8.753 -31.7574 -9.7728
2 24 -8.753 -31.7574 -9.7728 -9.7731 -32.5186 -7.0504
2 24 -9.8363 -30.8472 -7.3972 -9.7731 -32.5186 -7.0504
2 24 -9.8363 -30.8472 -7.3972 -9.7731 -32.5186 -7.0504
2 24 -9.7731 -32.5186 -7.0504 -9.8449 -34.3188 -3.2779
2 24 -9.8449 -34.3188 -3.2779 -9.8718 -36.456 0.7244
2 24 -9.8363 -30.8472 -7.3972 -9.8389 -29.1861 -7.382
2 24 -9.8469 -27.3946 -7.0875 -9.8167 -26.237 -6.2325
2 24 -9.2656 -25.9279 -8.0713 -9.8167 -26.237 -6.2325
2 24 -9.2656 -25.9279 -8.0713 -7.3202 -25.4028 -9.7124
2 24 -7.3202 -25.4028 -9.7124 -5.0498 -25.0274 -10.5778
2 24 0.0713 -24.8398 -10.9922 -5.0498 -25.0274 -10.5778
2 24 -9.8363 -30.8472 -7.3972 -9.8389 -29.1861 -7.382
2 24 -9.8684 -41.4898 4.5477 -9.839 -44.7033 6.3491
2 24 -8.9295 -43.3814 4.2646 -6.1181 -45.4007 4.4458
2 24 -7.7292 -47.9526 8.3687 -8.1493 -47.952 11.7152
2 24 -9.8257 -45.7175 8.5898 -9.8405 -45.8429 11.6516
2 24 -8.1493 -47.952 11.7152 -8.2517 -47.9518 15.6613
2 24 -9.8405 -45.8429 11.6516 -9.8714 -45.8427 15.8198
2 24 -2.6765 -45.9849 4.4916 -6.1181 -45.4007 4.4458
2 24 -8.2517 -47.9518 15.6613 -8.2366 -47.9518 20.5409
2 24 -9.8714 -45.8427 15.8198 -9.8859 -45.8428 20.8214
2 24 -10.2125 -54.233 -4.7408 -8.0323 -54.8143 -4.6475
2 24 -12.0988 -55.549 -6.3041 -9.2799 -57.1066 -6.0843
2 24 -9.2799 -57.1066 -6.0843 -6.2587 -57.7973 -5.6546
2 24 -6.2587 -57.7973 -5.6546 -6.2808 -54.5064 -4.42
2 24 -8.0323 -54.8143 -4.6475 -6.2808 -54.5064 -4.42
2 24 -6.402 -52.991 -4.2342 -6.2808 -54.5064 -4.42
2 24 -6.2808 -54.5064 -4.42 -8.0323 -54.8143 -4.6475
2 24 -10.2125 -54.233 -4.7408 -8.0323 -54.8143 -4.6475
2 24 -8.2366 -47.9518 20.5409 -8.2295 -47.9518 23.9189
2 24 -9.8859 -45.8428 20.8214 -9.8815 -45.8427 24.143
2 24 -8.2295 -47.9518 23.9189 -8.2445 -47.9518 26.0767
2 24 -9.8815 -45.8427 24.143 -9.8703 -45.8426 26.1239
2 24 -9.8167 -26.237 -6.2325 -9.8469 -27.3946 -7.0875
2 24 -9.8167 -26.237 -6.2325 -9.8491 -26.2282 -2.2964
2 24 -8.2445 -47.9518 26.0767 -8.1633 -47.952 28.3535
2 24 -9.8703 -45.8426 26.1239 -9.8542 -45.8426 27.9766
2 24 -2.4491 -21.7557 17.3128 -2.4707 -20.5584 14.0505
2 24 -9.839 -44.7033 6.3491 -9.8257 -45.7175 8.5898
2 24 -2.4355 -23.6639 21.0943 -2.4491 -21.7557 17.3128
2 24 -2.4355 -23.6639 21.0943 -4.982 -23.9757 21.1441
2 24 -8.7829 -26.7076 22.2836 -8.9825 -30.0583 23.5302
2 24 -9.8265 -28.3774 21.3788 -9.8581 -31.6481 22.723
2 24 -8.9825 -30.0583 23.5302 -8.8491 -33.0159 25.0555
2 24 -9.8581 -31.6481 22.723 -9.8593 -34.6782 24.1632
2 24 -8.8491 -33.0159 25.0555 -8.8135 -35.1686 26.4999
2 24 -9.8593 -34.6782 24.1632 -9.8359 -37.0374 25.834
2 24 -8.8135 -35.1686 26.4999 -8.799 -38.0077 28.5657
2 24 -9.8359 -37.0374 25.834 -9.803 -39.3189 27.6986
2 24 -8.799 -38.0077 28.5657 -8.7703 -40.2101 30.377
2 24 -9.803 -39.3189 27.6986 -9.7813 -41.3888 29.5545
2 24 -8.5459 -42.4413 32.4603 -6.7295 -44.6779 33.9876
2 24 -0.0002 -24.36 -9.4961 -4.8836 -24.447 -9.2265
2 24 0.0713 -24.8398 -10.9922 -5.0498 -25.0274 -10.5778
2 24 -4.8836 -24.447 -9.2265 -6.6548 -24.6667 -8.8772
2 24 -5.0498 -25.0274 -10.5778 -7.3202 -25.4028 -9.7124
2 24 -6.6548 -24.6667 -8.8772 -8.7326 -24.9487 -6.938
2 24 -7.3202 -25.4028 -9.7124 -9.2656 -25.9279 -8.0713
2 24 -8.7326 -24.9487 -6.938 -9.0101 -25.0422 -5.0205
2 24 -9.2656 -25.9279 -8.0713 -9.8167 -26.237 -6.2325
2 24 -8.6821 -23.5679 20.1172 -8.8312 -22.2843 17.501
2 24 -8.8312 -22.2843 17.501 -8.6945 -20.92 14.0228
2 24 -8.8312 -22.2843 17.501 -8.6821 -23.5679 20.1172
2 24 -9.8894 -24.108 16.9383 -9.8632 -25.9463 19.4288
2 24 -8.8312 -22.2843 17.501 -8.6945 -20.92 14.0228
2 24 -9.8894 -24.108 16.9383 -9.8687 -22.8392 13.615
2 24 -8.6945 -20.92 14.0228 -8.6939 -19.9712 10.663
2 24 -9.8687 -22.8392 13.615 -9.8592 -22.0797 10.1488
2 24 -8.6939 -19.9712 10.663 -7.9155 -19.7687 5.97
2 24 -9.8592 -22.0797 10.1488 -9.8186 -21.769 6.565
2 24 -2.5748 -47.9527 6.3262 -5.649 -47.953 6.9141
2 24 -7.7292 -47.9526 8.3687 -5.649 -47.953 6.9141
2 24 -8.7829 -26.7076 22.2836 -8.6821 -23.5679 20.1172
2 24 -9.8265 -28.3774 21.3788 -9.8632 -25.9463 19.4288
2 24 -9.7687 -43.12 30.8199 -9.7813 -41.3888 29.5545
2 24 -9.8654 -44.5923 30.5222 -9.7687 -43.12 30.8199
2 24 -6.7295 -44.6779 33.9876 -4.985 -44.8505 34.109
2 24 -8.1633 -47.952 28.3535 -7.3835 -47.952 30.4477
2 24 -9.8542 -45.8426 27.9766 -9.847 -45.6085 29.5616
2 24 -9.7687 -43.12 30.8199 -9.8654 -44.5923 30.5222
2 24 -6.675 -44.6012 -13.5375 -7.0673 -43.2656 -11.8203
2 24 -4.2993 -41.6343 -15.377 -4.3651 -39.9044 -14.9812
2 24 -4.3651 -39.9044 -14.9812 -4.2993 -41.6343 -15.377
2 24 -7.0151 -41.3838 -11.5373 -7.0673 -43.2656 -11.8203
2 24 -9.2037 -24.6958 0.8202 -9.1849 -23.6227 2.8478
2 24 -9.8708 -25.897 1.2489 -9.8705 -24.6507 4.0149
2 24 -8.6945 -20.92 14.0228 -8.6939 -19.9712 10.663
2 24 -5.1427 -19.259 6.5795 -7.9155 -19.7687 5.97
2 24 -8.6939 -19.9712 10.663 -7.9155 -19.7687 5.97
2 24 -2.443 -19.5422 10.5355 -2.4484 -19.0625 6.6958
2 24 -5.1427 -19.259 6.5795 -2.4484 -19.0625 6.6958
2 24 -2.4707 -20.5584 14.0505 -2.443 -19.5422 10.5355
2 24 -0.0002 -24.36 -9.4961 -4.8836 -24.447 -9.2265
2 24 -1.8315 -19.7177 -7.5875 -2.4378 -19.3741 -7.4452
2 24 -6.8014 -22.2871 -7.8359 -6.6548 -24.6667 -8.8772
2 24 -4.8836 -24.447 -9.2265 -6.6548 -24.6667 -8.8772
2 24 -6.8014 -22.2871 -7.8359 -6.9151 -20.2337 -7.1194
2 24 -8.8272 -22.5894 -6.2242 -8.7326 -24.9487 -6.938
2 24 -6.8014 -22.2871 -7.8359 -6.6548 -24.6667 -8.8772
2 24 -8.7326 -24.9487 -6.938 -6.6548 -24.6667 -8.8772
2 24 -8.8272 -22.5894 -6.2242 -8.8164 -20.4661 -5.7087
2 24 -6.8014 -22.2871 -7.8359 -6.9151 -20.2337 -7.1194
2 24 -7.9155 -19.7687 5.97 -9.1849 -23.6227 2.8478
2 24 -9.8186 -21.769 6.565 -9.8705 -24.6507 4.0149
2 24 -7.5681 -19.0373 5.9488 -9.1623 -22.674 2.7394
2 24 -7.5681 -19.0373 5.9488 -7.9155 -19.7687 5.97
2 24 -9.1623 -22.674 2.7394 -9.1849 -23.6227 2.8478
2 24 -7.9155 -19.7687 5.97 -9.1849 -23.6227 2.8478
2 24 -9.2037 -24.6958 0.8202 -9.1849 -23.6227 2.8478
2 24 -9.1849 -23.6227 2.8478 -9.1623 -22.674 2.7394
2 24 -8.8272 -22.5894 -6.2242 -8.7326 -24.9487 -6.938
2 24 -9.0101 -25.0422 -5.0205 -8.7326 -24.9487 -6.938
2 24 -9.2037 -24.6958 0.8202 -9.1581 -25.0561 -2.0692
2 24 -9.8708 -25.897 1.2489 -9.8491 -26.2282 -2.2964
2 24 -9.0101 -25.0422 -5.0205 -9.1581 -25.0561 -2.0692
2 24 -9.8167 -26.237 -6.2325 -9.8491 -26.2282 -2.2964
2 24 -9.0101 -25.0422 -5.0205 -9.1581 -25.0561 -2.0692
2 24 -9.2037 -24.6958 0.8202 -9.1581 -25.0561 -2.0692
2 24 -7.9155 -19.7687 5.97 -5.1427 -19.259 6.5795
2 24 -7.9155 -19.7687 5.97 -7.5681 -19.0373 5.9488
2 24 -7.5681 -19.0373 5.9488 -5.0774 -18.8805 6.1386
2 24 -5.1427 -19.259 6.5795 -2.4484 -19.0625 6.6958
2 24 -2.4484 -19.0625 6.6958 -2.4504 -18.7143 6.2383
2 24 -5.0774 -18.8805 6.1386 -2.4504 -18.7143 6.2383
2 24 -8.8272 -22.5894 -6.2242 -8.8164 -20.4661 -5.7087
2 24 -2.4793 -16.6886 6.332 -5.0698 -16.7447 6.2245
2 24 -2.4793 -16.6886 6.332 -2.4504 -18.7143 6.2383
2 24 -2.4504 -18.7143 6.2383 -5.0774 -18.8805 6.1386
2 24 -5.0774 -18.8805 6.1386 -7.5681 -19.0373 5.9488
2 24 -5.0698 -16.7447 6.2245 -8.092 -16.825 6.109
2 24 -7.5681 -19.0373 5.9488 -8.092 -16.825 6.109
2 24 -8.092 -16.825 6.109 -9.3144 -17.3934 4.9508
2 24 -8.092 -16.825 6.109 -7.5681 -19.0373 5.9488
2 24 -9.3144 -17.3934 4.9508 -9.1623 -22.674 2.7394
2 24 -7.5681 -19.0373 5.9488 -9.1623 -22.674 2.7394
2 24 -9.1623 -22.674 2.7394 -9.3144 -17.3934 4.9508
2 24 -8.8164 -20.4661 -5.7087 -8.8117 -18.4767 -5.3179
2 24 -6.9151 -20.2337 -7.1194 -6.9056 -18.2729 -6.6609
2 24 -8.8164 -20.4661 -5.7087 -8.8117 -18.4767 -5.3179
2 24 -6.9151 -20.2337 -7.1194 -6.9056 -18.2729 -6.6609
2 24 -2.4378 -19.3741 -7.4452 -2.4782 -17.2439 -6.9089
2 24 -2.3579 -19.5035 -5.5476 -2.4378 -19.3741 -7.4452
2 24 -2.4782 -17.2439 -6.9089 -2.4378 -19.3741 -7.4452
2 24 -9.3451 -16.5953 2.8446 -9.3144 -17.3934 4.9508
2 24 -9.3451 -16.5953 2.8446 -8.0392 -15.5981 4.889
2 24 -9.3144 -17.3934 4.9508 -8.092 -16.825 6.109
2 24 -8.0392 -15.5981 4.889 -8.092 -16.825 6.109
2 24 -9.3144 -17.3934 4.9508 -9.3451 -16.5953 2.8446
2 24 -8.8117 -18.4767 -5.3179 -8.8125 -16.5466 -5.1462
2 24 -6.9056 -18.2729 -6.6609 -6.9356 -16.5042 -6.4263
2 24 -8.8117 -18.4767 -5.3179 -8.8125 -16.5466 -5.1462
2 24 -6.9056 -18.2729 -6.6609 -6.9356 -16.5042 -6.4263
2 24 -8.0392 -15.5981 4.889 -8.092 -16.825 6.109
2 24 -8.0392 -15.5981 4.889 -5.1677 -15.4974 5.1066
2 24 -8.092 -16.825 6.109 -5.0698 -16.7447 6.2245
2 24 -5.1677 -15.4974 5.1066 -2.479 -15.4034 5.2147
2 24 -5.0698 -16.7447 6.2245 -2.4793 -16.6886 6.332
2 24 -2.479 -15.4034 5.2147 -2.4793 -16.6886 6.332
2 24 -9.3451 -16.5953 2.8446 -8.0392 -15.5981 4.889
2 24 -9.3451 -16.5953 2.8446 -9.3086 -13.8789 4.356
2 24 -8.0392 -15.5981 4.889 -8.1485 -13.2997 5.4922
2 24 -9.3086 -13.8789 4.356 -8.1485 -13.2997 5.4922
2 24 -8.0392 -15.5981 4.889 -5.1677 -15.4974 5.1066
2 24 -8.0392 -15.5981 4.889 -8.1485 -13.2997 5.4922
2 24 -8.1485 -13.2997 5.4922 -5.2043 -13.2383 5.6454
2 24 -5.1677 -15.4974 5.1066 -2.479 -15.4034 5.2147
2 24 -2.479 -15.4034 5.2147 -2.4974 -13.2307 5.7441
2 24 -5.2043 -13.2383 5.6454 -2.4974 -13.2307 5.7441
2 24 -8.8125 -16.5466 -5.1462 -8.9091 -13.99 -5.0211
2 24 -6.9356 -16.5042 -6.4263 -7.0039 -13.8961 -6.1787
2 24 -8.8125 -16.5466 -5.1462 -8.9091 -13.99 -5.0211
2 24 -6.9356 -16.5042 -6.4263 -7.0039 -13.8961 -6.1787
2 24 -2.4782 -17.2439 -6.9089 -2.4863 -13.9023 -6.4106
2 24 -2.4782 -17.2439 -6.9089 -2.4863 -13.9023 -6.4106
2 24 -9.2955 -13.3545 2.5918 -9.3086 -13.8789 4.356
2 24 -9.3451 -16.5953 2.8446 -9.3086 -13.8789 4.356
2 24 -9.2955 -13.3545 2.5918 -9.3086 -13.8789 4.356
2 24 -9.2955 -13.3545 2.5918 -7.2935 -11.986 3.7747
2 24 -9.3086 -13.8789 4.356 -8.1485 -13.2997 5.4922
2 24 -7.2935 -11.986 3.7747 -8.1485 -13.2997 5.4922
2 24 -8.1485 -13.2997 5.4922 -5.2043 -13.2383 5.6454
2 24 -8.1485 -13.2997 5.4922 -7.2935 -11.986 3.7747
2 24 -7.2935 -11.986 3.7747 -5.1195 -11.9248 3.9151
2 24 -5.2043 -13.2383 5.6454 -2.4974 -13.2307 5.7441
2 24 -2.4974 -13.2307 5.7441 -2.5159 -11.8196 3.9816
2 24 -5.1195 -11.9248 3.9151 -2.5159 -11.8196 3.9816
2 24 -8.9091 -13.99 -5.0211 -8.9869 -11.3714 -4.9179
2 24 -7.0039 -13.8961 -6.1787 -7.0834 -11.3307 -5.9054
2 24 -8.9091 -13.99 -5.0211 -8.9869 -11.3714 -4.9179
2 24 -9.2955 -13.3545 2.5918 -9.2372 -11.8086 2.3966
2 24 -9.2955 -13.3545 2.5918 -7.2935 -11.986 3.7747
2 24 -9.2955 -13.3545 2.5918 -9.2372 -11.8086 2.3966
2 24 -7.2935 -11.986 3.7747 -7.4744 -10.9986 3.4512
2 24 -7.4744 -10.9986 3.4512 -7.2935 -11.986 3.7747
2 24 -7.2935 -11.986 3.7747 -5.1195 -11.9248 3.9151
2 24 -5.1195 -11.9248 3.9151 -2.5159 -11.8196 3.9816
2 24 -2.5159 -11.8196 3.9816 -2.5145 -10.6729 3.609
2 24 -7.0039 -13.8961 -6.1787 -7.0834 -11.3307 -5.9054
2 24 -2.4863 -13.9023 -6.4106 -2.5077 -11.4495 -6.1365
2 24 -2.4863 -13.9023 -6.4106 -2.5077 -11.4495 -6.1365
2 24 -9.2372 -11.8086 2.3966 -9.3491 -9.1113 2.1477
2 24 -8.9869 -11.3714 -4.9179 -9.0433 -9.7557 -4.786
2 24 -7.0834 -11.3307 -5.9054 -7.0889 -9.7689 -5.7807
2 24 -8.9869 -11.3714 -4.9179 -9.0433 -9.7557 -4.786
2 24 -7.0834 -11.3307 -5.9054 -7.0889 -9.7689 -5.7807
2 24 -2.5077 -11.4495 -6.1365 -2.5213 -9.8752 -5.9368
2 24 -7.4744 -10.9986 3.4512 -7.9119 -8.7044 3.0117
2 24 -9.2372 -11.8086 2.3966 -9.3491 -9.1113 2.1477
2 24 -7.4744 -10.9986 3.4512 -7.9119 -8.7044 3.0117
2 24 -2.5145 -10.6729 3.609 -2.5367 -8.2211 3.3286
2 24 -2.5077 -11.4495 -6.1365 -2.5213 -9.8752 -5.9368
2 24 -5.892 -5.3507 2.9595 -2.5635 -5.3542 2.9853
2 24 -2.5367 -8.2211 3.3286 -2.5635 -5.3542 2.9853
2 24 -7.9119 -8.7044 3.0117 -8.4326 -6.2697 2.7955
2 24 -7.9119 -8.7044 3.0117 -8.4326 -6.2697 2.7955
2 24 -9.3491 -9.1113 2.1477 -9.5832 -6.5822 1.9364
2 24 -9.0433 -9.7557 -4.786 -9.0867 -8.0987 -4.8446
2 24 -9.3491 -9.1113 2.1477 -9.5832 -6.5822 1.9364
2 24 -9.0867 -8.0987 -4.8446 -9.2508 -6.5758 -5.8161
2 24 -9.0433 -9.7557 -4.786 -9.0867 -8.0987 -4.8446
2 24 -7.0889 -9.7689 -5.7807 -7.1809 -8.1085 -5.8317
2 24 -9.0867 -8.0987 -4.8446 -9.2508 -6.5758 -5.8161
2 24 -7.1809 -8.1085 -5.8317 -7.6745 -6.5759 -6.6497
2 24 -7.0889 -9.7689 -5.7807 -7.1809 -8.1085 -5.8317
2 24 -7.1809 -8.1085 -5.8317 -7.6745 -6.5759 -6.6497
2 24 -2.5213 -9.8752 -5.9368 -2.538 -7.958 -6.0767
2 24 -2.5213 -9.8752 -5.9368 -2.538 -7.958 -6.0767
2 24 -9.2508 -6.5758 -5.8161 -9.754 -5.0861 -7.8651
2 24 -7.6745 -6.5759 -6.6497 -8.6855 -5.2264 -8.4576
2 24 -9.2508 -6.5758 -5.8161 -9.754 -5.0861 -7.8651
2 24 -8.4326 -6.2697 2.7955 -8.748 -4.7616 2.7752
2 24 -5.892 -5.3507 2.9595 -6.1648 -4.8648 2.8584
2 24 -8.4326 -6.2697 2.7955 -8.748 -4.7616 2.7752
2 24 -9.5832 -6.5822 1.9364 -9.7566 -4.8514 1.9012
2 24 -9.5832 -6.5822 1.9364 -9.7566 -4.8514 1.9012
2 24 -7.6745 -6.5759 -6.6497 -8.6855 -5.2264 -8.4576
2 24 -2.5624 -5.2648 -8.7983 -2.5656 -6.5729 -7.0295
2 24 -9.754 -5.0861 -7.8651 -9.7588 -3.9438 -8.4945
2 24 -9.754 -5.0861 -7.8651 -9.7588 -3.9438 -8.4945
2 24 -8.6855 -5.2264 -8.4576 -8.8658 -4.0373 -9.0132
2 24 -8.6855 -5.2264 -8.4576 -8.8658 -4.0373 -9.0132
2 24 -2.5624 -5.2648 -8.7983 -2.5727 -3.991 -9.2127
2 24 -9.7566 -4.8514 1.9012 -9.8085 -3.4448 1.9519
2 24 -9.7566 -4.8514 1.9012 -9.8085 -3.4448 1.9519
2 24 -8.748 -4.7616 2.7752 -9.0314 -3.4748 2.7392
2 24 -6.1648 -4.8648 2.8584 -6.197 -2.4753 2.808
2 24 -8.748 -4.7616 2.7752 -9.0314 -3.4748 2.7392
2 24 -9.0314 -3.4748 2.7392 -9.1344 -1.7663 2.7291
2 24 -9.8085 -3.4448 1.9519 -9.8132 -1.8009 2.0203
2 24 -9.0314 -3.4748 2.7392 -9.1344 -1.7663 2.7291
2 24 -9.1344 -1.7663 2.7291 -9.0725 -0.0076 2.7038
2 24 -9.0725 -0.0076 2.7038 -6.2491 -0.0051 2.7396
2 24 -6.197 -2.4753 2.808 -6.2491 -0.0051 2.7396
2 24 -9.0725 -0.0076 2.7038 -9.7803 -0.0075 1.9971
2 24 -9.1344 -1.7663 2.7291 -9.0725 -0.0076 2.7038
2 24 -9.8132 -1.8009 2.0203 -9.7803 -0.0075 1.9971
2 24 -9.8085 -3.4448 1.9519 -9.8132 -1.8009 2.0203
2 24 -9.8132 -1.8009 2.0203 -9.7803 -0.0075 1.9971
2 24 -9.7803 -0.0075 1.9971 -9.7775 -0.0018 0.0478
2 24 -9.7588 -3.9438 -8.4945 -9.8014 -2.303 -8.4721
2 24 -9.7776 -0.0018 -6.1216 -9.7791 -0.0069 -8.3449
2 24 -9.8014 -2.303 -8.4721 -9.7791 -0.0069 -8.3449
2 24 -9.7776 -0.0018 -6.1216 -9.7776 -0.0018 -3.051
2 24 -9.7775 -0.0018 0.0478 -9.7776 -0.0018 -3.051
2 24 -9.7588 -3.9438 -8.4945 -9.8014 -2.303 -8.4721
2 24 -8.8658 -4.0373 -9.0132 -8.9403 -2.3462 -9.0089
2 24 -9.7791 -0.0069 -8.3449 -8.9751 -0.0075 -8.8958
2 24 -9.8014 -2.303 -8.4721 -9.7791 -0.0069 -8.3449
2 24 -8.9403 -2.3462 -9.0089 -8.9751 -0.0075 -8.8958
2 24 -8.8658 -4.0373 -9.0132 -8.9403 -2.3462 -9.0089
2 24 -8.9403 -2.3462 -9.0089 -8.9751 -0.0075 -8.8958
2 24 -6.0399 -0.0017 -9.0566 -8.9751 -0.0075 -8.8958
2 24 -2.6011 -2.2759 -9.3115 -2.6215 -0.0048 -9.2718
2 24 -6.0399 -0.0017 -9.0566 -2.6215 -0.0048 -9.2718
2 24 -2.5727 -3.991 -9.2127 -2.6011 -2.2759 -9.3115
2 24 -6.1648 -4.8648 2.8584 -5.892 -5.3507 2.9595
2 24 -5.6945 -5.3478 0.9542 -5.892 -5.3507 2.9595
2 24 -5.6945 -5.3478 0.9542 -5.5363 -5.348 -1.2705
2 24 -5.5363 -5.348 -1.2705 -4.4373 -5.3482 -3.3642
2 24 -2.5612 -4.7338 -5.1792 -2.561 -5.3539 -4.845
2 24 -4.4373 -5.3482 -3.3642 -2.561 -5.3539 -4.845
2 24 -6.1648 -4.8648 2.8584 -6.197 -2.4753 2.808
2 24 -2.5612 -4.7338 -5.1792 -2.5928 -2.5068 -5.2516
2 24 -6.197 -2.4753 2.808 -6.2491 -0.0051 2.7396
2 24 -6.2491 -0.0051 2.7396 -6.1483 -0.0023 0.9682
2 24 -6.1483 -0.0023 0.9682 -6.0373 -0.002 -1.2705
2 24 -6.0373 -0.002 -1.2705 -4.9313 -0.0013 -3.6807
2 24 -4.9313 -0.0013 -3.6807 -2.6125 -0.0072 -5.2523
2 24 -2.5928 -2.5068 -5.2516 -2.6125 -0.0072 -5.2523
2 24 -9.7803 -0.0075 1.9971 -9.0725 -0.0076 2.7038
2 24 -9.7803 -0.0075 1.9971 -9.7775 -0.0018 0.0478
2 24 -9.0725 -0.0076 2.7038 -6.2491 -0.0051 2.7396
2 24 -6.1483 -0.0023 0.9682 -6.2491 -0.0051 2.7396
2 24 -9.7775 -0.0018 0.0478 -9.7776 -0.0018 -3.051
2 24 -6.1483 -0.0023 0.9682 -6.0373 -0.002 -1.2705
2 24 -6.0373 -0.002 -1.2705 -4.9313 -0.0013 -3.6807
2 24 -9.7776 -0.0018 -3.051 -9.7776 -0.0018 -6.1216
2 24 -8.9751 -0.0075 -8.8958 -9.7791 -0.0069 -8.3449
2 24 -9.7776 -0.0018 -6.1216 -9.7791 -0.0069 -8.3449
2 24 -8.9751 -0.0075 -8.8958 -6.0399 -0.0017 -9.0566
2 24 -2.6215 -0.0048 -9.2718 -2.6125 -0.0072 -5.2523
2 24 -2.6215 -0.0048 -9.2718 -2.6011 -2.2759 -9.3115
2 24 -2.6125 -0.0072 -5.2523 -2.5928 -2.5068 -5.2516
2 24 -2.6011 -2.2759 -9.3115 -2.5727 -3.991 -9.2127
2 24 -2.5727 -3.991 -9.2127 -2.5624 -5.2648 -8.7983
2 24 -2.5928 -2.5068 -5.2516 -2.5612 -4.7338 -5.1792
2 24 -2.5624 -5.2648 -8.7983 -2.5656 -6.5729 -7.0295
2 24 -2.5612 -4.7338 -5.1792 -2.561 -5.3539 -4.845
2 24 -2.5603 -5.352 -2.339 -2.5602 -5.352 -0.5129
2 24 -2.5602 -5.352 -0.5129 -2.5605 -5.352 1.5266
2 24 -2.5367 -8.2211 3.3286 -2.5635 -5.3542 2.9853
2 24 -2.5605 -5.352 1.5266 -2.5635 -5.3542 2.9853
2 24 -2.4793 -16.6886 6.332 -2.4504 -18.7143 6.2383
2 24 -2.4793 -16.6886 6.332 -2.479 -15.4034 5.2147
2 24 -2.5159 -11.8196 3.9816 -2.4974 -13.2307 5.7441
2 24 -2.479 -15.4034 5.2147 -2.4974 -13.2307 5.7441
2 24 -2.5159 -11.8196 3.9816 -2.5145 -10.6729 3.609
2 24 -2.5367 -8.2211 3.3286 -2.5145 -10.6729 3.609
2 24 -2.3172 -20.4463 -4.9827 -2.3549 -23.9 -4.7936
2 24 -2.443 -19.5422 10.5355 -2.4484 -19.0625 6.6958
2 24 -2.443 -19.5422 10.5355 -2.4707 -20.5584 14.0505
2 24 -2.4707 -20.5584 14.0505 -2.4491 -21.7557 17.3128
2 24 -2.4491 -21.7557 17.3128 -2.4355 -23.6639 21.0943
2 24 -2.4504 -18.7143 6.2383 -2.4484 -19.0625 6.6958
2 24 -2.3549 -23.9 -4.7936 -2.3531 -26.4903 -4.6948
2 24 -2.3531 -26.4903 -4.6948 -2.3395 -29.1219 -4.6193
2 24 -2.2657 -36.9831 7.4251 -2.2787 -36.7743 10.7002
2 24 -2.2787 -36.7743 10.7002 -2.2799 -36.6997 14.1865
2 24 -2.2787 -36.7743 10.7002 -2.2799 -36.6997 14.1865
2 24 -2.2787 -36.7743 10.7002 -2.2657 -36.9831 7.4251
2 24 -2.3395 -29.1219 -4.6193 -2.309 -31.8209 -4.6371
2 24 -2.309 -31.8209 -4.6371 -2.2802 -34.6955 -4.6289
2 24 -2.2802 -34.6955 -4.6289 -2.2591 -37.6261 -4.5818
2 24 -2.2591 -37.6261 -4.5818 -2.2368 -40.7097 -4.5279
2 24 -7.3835 -47.952 30.4477 -5.5252 -47.9527 31.8515
2 24 -9.847 -45.6085 29.5616 -9.8654 -44.5923 30.5222
2 24 -9.8654 -44.5923 30.5222 -9.847 -45.6085 29.5616
2 24 -9.847 -45.6085 29.5616 -9.8542 -45.8426 27.9766
2 24 -9.8542 -45.8426 27.9766 -9.8703 -45.8426 26.1239
2 24 -9.7813 -41.3888 29.5545 -9.803 -39.3189 27.6986
2 24 -9.8703 -45.8426 26.1239 -9.8815 -45.8427 24.143
2 24 -9.803 -39.3189 27.6986 -9.8359 -37.0374 25.834
2 24 -9.8815 -45.8427 24.143 -9.8859 -45.8428 20.8214
2 24 -9.8359 -37.0374 25.834 -9.8593 -34.6782 24.1632
2 24 -9.8593 -34.6782 24.1632 -9.8581 -31.6481 22.723
2 24 -9.8581 -31.6481 22.723 -9.8265 -28.3774 21.3788
2 24 -9.8859 -45.8428 20.8214 -9.8714 -45.8427 15.8198
2 24 -9.8265 -28.3774 21.3788 -9.8632 -25.9463 19.4288
2 24 -9.8714 -45.8427 15.8198 -9.8405 -45.8429 11.6516
2 24 -9.8632 -25.9463 19.4288 -9.8894 -24.108 16.9383
2 24 -9.8405 -45.8429 11.6516 -9.8257 -45.7175 8.5898
2 24 -9.8894 -24.108 16.9383 -9.8687 -22.8392 13.615
2 24 -9.8687 -22.8392 13.615 -9.8592 -22.0797 10.1488
2 24 -9.8257 -45.7175 8.5898 -9.839 -44.7033 6.3491
2 24 -9.8592 -22.0797 10.1488 -9.8186 -21.769 6.565
2 24 -9.839 -44.7033 6.3491 -9.8684 -41.4898 4.5477
2 24 -9.8684 -41.4898 4.5477 -9.8883 -38.4985 2.8649
2 24 -9.8186 -21.769 6.565 -9.8705 -24.6507 4.0149
2 24 -9.8718 -36.456 0.7244 -9.8883 -38.4985 2.8649
2 24 -9.8705 -24.6507 4.0149 -9.8708 -25.897 1.2489
2 24 -9.8491 -26.2282 -2.2964 -9.8708 -25.897 1.2489
2 24 -9.8389 -29.1861 -7.382 -9.8469 -27.3946 -7.0875
2 24 -9.8389 -29.1861 -7.382 -9.8469 -27.3946 -7.0875
2 24 -2.2799 -36.6997 14.1865 -2.2799 -36.6909 17.9982
2 24 -2.2799 -36.6997 14.1865 -2.2799 -36.6909 17.9982
2 24 -2.2368 -40.7097 -4.5279 -2.2106 -44.0572 -4.4799
2 24 -2.2368 -40.7097 -4.5279 -2.2591 -37.6261 -4.5818
2 24 -2.2591 -37.6261 -4.5818 -2.2802 -34.6955 -4.6289
2 24 -2.2802 -34.6955 -4.6289 -2.309 -31.8209 -4.6371
2 24 -2.309 -31.8209 -4.6371 -2.3395 -29.1219 -4.6193
2 24 -2.3395 -29.1219 -4.6193 -2.3531 -26.4903 -4.6948
2 24 -2.3531 -26.4903 -4.6948 -2.3549 -23.9 -4.7936
2 24 -2.3549 -23.9 -4.7936 -2.3172 -20.4463 -4.9827
2 24 -2.3172 -20.4463 -4.9827 -2.3579 -19.5035 -5.5476
2 24 -1.7379 -19.8188 -5.8154 -2.3579 -19.5035 -5.5476
2 24 -1.8315 -19.7177 -7.5875 -2.4378 -19.3741 -7.4452
2 24 -2.4378 -19.3741 -7.4452 -2.3579 -19.5035 -5.5476
2 24 -1.7379 -19.8188 -5.8154 -2.3579 -19.5035 -5.5476
2 24 -2.5748 -47.9527 6.3262 -5.649 -47.953 6.9141
2 24 -5.649 -47.953 6.9141 -7.7292 -47.9526 8.3687
2 24 -7.7292 -47.9526 8.3687 -8.1493 -47.952 11.7152
2 24 -8.1493 -47.952 11.7152 -8.2517 -47.9518 15.6613
2 24 -8.2517 -47.9518 15.6613 -8.2366 -47.9518 20.5409
2 24 -8.2366 -47.9518 20.5409 -8.2295 -47.9518 23.9189
2 24 -8.2295 -47.9518 23.9189 -8.2445 -47.9518 26.0767
2 24 -8.2445 -47.9518 26.0767 -8.1633 -47.952 28.3535
2 24 -8.1633 -47.952 28.3535 -7.3835 -47.952 30.4477
2 24 -5.5252 -47.9527 31.8515 -3.5623 -47.9523 32.2406
2 24 -4.985 -44.8505 34.109 -2.8601 -44.9824 34.2012
2 24 0.1403 -47.9523 32.3611 -3.5623 -47.9523 32.2406
2 24 -1.4919 -45.0602 34.257 -2.8601 -44.9824 34.2012
2 24 -4.4373 -5.3482 -3.3642 -5.5363 -5.348 -1.2705
2 24 -2.5603 -5.352 -2.339 -2.5602 -5.352 -0.5129
2 24 -2.5602 -5.352 -0.5129 -2.5605 -5.352 1.5266
2 24 -5.5363 -5.348 -1.2705 -5.6945 -5.3478 0.9542
2 24 -2.5605 -5.352 1.5266 -2.5635 -5.3542 2.9853
2 24 -2.5635 -5.3542 2.9853 -5.892 -5.3507 2.9595
2 24 -5.6945 -5.3478 0.9542 -5.892 -5.3507 2.9595
2 24 -4.9313 -0.0013 -3.6807 -2.6125 -0.0072 -5.2523
2 24 -2.6125 -0.0072 -5.2523 -2.6215 -0.0048 -9.2718
2 24 -6.0399 -0.0017 -9.0566 -2.6215 -0.0048 -9.2718
2 24 -2.538 -7.958 -6.0767 -2.5656 -6.5729 -7.0295
2 24 -2.538 -7.958 -6.0767 -2.5656 -6.5729 -7.0295
2 24 -2.561 -5.3539 -4.845 -2.5603 -5.352 -2.339
2 24 -2.5603 -5.352 -2.339 -2.561 -5.3539 -4.845
2 24 -4.4373 -5.3482 -3.3642 -2.561 -5.3539 -4.845
2 24 -8.8704 -27.5063 24.1028 -6.8432 -24.9558 23.0318
2 24 -8.8704 -27.5063 24.1028 -8.7829 -26.7076 22.2836
2 24 -6.8432 -24.9558 23.0318 -7.1704 -24.2953 21.2116
2 24 -8.7829 -26.7076 22.2836 -7.1704 -24.2953 21.2116
2 24 -2.4355 -23.6639 21.0943 -2.3988 -24.478 23.0637
2 24 -7.3835 -47.952 30.4477 -5.5252 -47.9527 31.8515
2 24 0.1403 -47.9523 32.3611 -3.5623 -47.9523 32.2406
2 24 -8.6821 -23.5679 20.1172 -8.7829 -26.7076 22.2836
2 24 -7.1704 -24.2953 21.2116 -8.7829 -26.7076 22.2836
2 24 -2.259 -36.6777 32.4196 -2.2704 -36.8606 29.3431
2 24 -2.2704 -36.8606 29.3431 -2.2758 -36.817 26.0442
2 24 -2.259 -36.6777 32.4196 -2.2704 -36.8606 29.3431
2 24 -2.4412 -19.0428 26.7489 -2.4256 -21.7337 24.6642
2 24 -2.3988 -24.478 23.0637 -2.4256 -21.7337 24.6642
2 24 -2.2758 -36.817 26.0442 -2.2796 -36.7491 22.2309
2 24 -2.2799 -36.6909 17.9982 -2.2796 -36.7491 22.2309
2 24 -2.2799 -36.6909 17.9982 -2.2796 -36.7491 22.2309
2 24 -2.2796 -36.7491 22.2309 -2.2758 -36.817 26.0442
2 24 -2.2704 -36.8606 29.3431 -2.2758 -36.817 26.0442
2 24 1.9713 -20.2112 35.8822 2.0994 -19.3704 36.682
2 24 2.4361 -19.2869 36.5312 2.0994 -19.3704 36.682
2 24 2.4528 -18.4757 35.7893 2.4361 -19.2869 36.5312
2 24 3.4371 -20.3132 37.2793 2.0994 -19.3704 36.682
2 24 2.4361 -19.2869 36.5312 2.0994 -19.3704 36.682
2 24 -2.2657 -36.9831 7.4251 -2.2658 -38.1734 3.3431
2 24 -2.2658 -38.1734 3.3431 -2.2237 -42.0592 -0.8988
2 24 -2.2657 -36.9831 7.4251 -2.2658 -38.1734 3.3431
2 24 -2.2237 -42.0592 -0.8988 -2.168 -47.1129 -2.8443
2 24 -1.6676 -47.6318 -4.8367 -2.0268 -47.5642 -4.5397
2 24 -2.0268 -47.5642 -4.5397 -2.1739 -46.9652 -4.5188
2 24 -1.6676 -47.6318 -4.8367 1.5655 -47.6716 -4.8287
2 24 2.1584 -47.0574 -4.5739 1.9549 -47.6392 -4.5628
2 24 1.5655 -47.6716 -4.8287 1.9549 -47.6392 -4.5628
2 24 -1.7517 -44.424 -5.0636 -1.6808 -47.1763 -5.0484
2 24 1.67 -44.3085 -5.091 1.6727 -47.1888 -5.0494
2 24 2.2009 -43.9269 -4.5438 2.1584 -47.0574 -4.5739
2 24 -2.2106 -44.0572 -4.4799 -2.1739 -46.9652 -4.5188
2 24 2.2495 -37.6528 -4.624 2.2262 -40.8248 -4.5779
2 24 2.2262 -40.8248 -4.5779 2.2009 -43.9269 -4.5438
2 24 2.2009 -43.9269 -4.5438 2.1584 -47.0574 -4.5739
2 24 2.1224 -47.0882 -2.7051 2.2183 -41.9568 -0.7856
2 24 2.2729 -36.8449 10.9481 2.2712 -36.924 7.7146
2 24 2.2712 -36.924 7.7146 2.2696 -37.8947 3.8485
2 24 2.2183 -41.9568 -0.7856 2.2696 -37.8947 3.8485
2 24 -2.168 -47.1129 -2.8443 -2.0203 -47.6501 -3.0568
2 24 -2.0203 -47.6501 -3.0568 -2.0268 -47.5642 -4.5397
2 24 -2.1739 -46.9652 -4.5188 -2.0268 -47.5642 -4.5397
2 24 -2.168 -47.1129 -2.8443 -2.0203 -47.6501 -3.0568
2 24 -2.0203 -47.6501 -3.0568 -1.7846 -47.761 -2.793
2 24 -1.7846 -47.761 -2.793 -1.4517 -47.8009 -2.7053
2 24 2.1224 -47.0882 -2.7051 1.9428 -47.7197 -2.9953
2 24 1.9428 -47.7197 -2.9953 1.6482 -47.8178 -2.7892
2 24 2.1224 -47.0882 -2.7051 1.9428 -47.7197 -2.9953
2 24 2.1584 -47.0574 -4.5739 1.9549 -47.6392 -4.5628
2 24 1.9428 -47.7197 -2.9953 1.9549 -47.6392 -4.5628
2 24 1.6482 -47.8178 -2.7892 1.3186 -47.8124 -2.7252
2 24 -1.4517 -47.8009 -2.7053 1.3186 -47.8124 -2.7252
2 24 1.9428 -47.7197 -2.9953 1.9549 -47.6392 -4.5628
2 24 1.9428 -47.7197 -2.9953 1.6482 -47.8178 -2.7892
2 24 1.9549 -47.6392 -4.5628 1.5655 -47.6716 -4.8287
2 24 -1.6676 -47.6318 -4.8367 -2.0268 -47.5642 -4.5397
2 24 -2.0268 -47.5642 -4.5397 -2.0203 -47.6501 -3.0568
2 24 -1.7846 -47.761 -2.793 -2.0203 -47.6501 -3.0568
2 24 -2.1739 -46.9652 -4.5188 -2.2106 -44.0572 -4.4799
2 24 -2.168 -47.1129 -2.8443 -2.2237 -42.0592 -0.8988
2 24 -1.7846 -47.761 -2.793 -1.4517 -47.8009 -2.7053
2 24 -1.4517 -47.8009 -2.7053 1.3186 -47.8124 -2.7252
2 24 1.6482 -47.8178 -2.7892 1.3186 -47.8124 -2.7252
2 24 1.5655 -47.6716 -4.8287 -1.6676 -47.6318 -4.8367
2 24 -2.2368 -40.7097 -4.5279 -2.2106 -44.0572 -4.4799
2 24 -2.2658 -38.1734 3.3431 -2.2237 -42.0592 -0.8988
2 24 2.3076 -31.7618 -4.6469 2.3351 -29.1863 -4.6416
2 24 2.3351 -29.1863 -4.6416 2.3532 -26.612 -4.6893
2 24 2.3728 -23.8505 -4.7324 2.3532 -26.612 -4.6893
2 24 -4.982 -23.9757 21.1441 -7.1704 -24.2953 21.2116
2 24 5.1427 -19.259 6.5793 2.4484 -19.0625 6.6956
2 24 5.0774 -18.8805 6.1386 2.4504 -18.7143 6.2383
2 24 2.4484 -19.0625 6.6956 2.4504 -18.7143 6.2383
2 24 6.8014 -22.2871 -7.8359 6.6549 -24.6667 -8.8771
2 24 4.8839 -24.4471 -9.2265 6.6549 -24.6667 -8.8771
2 24 8.8272 -22.5894 -6.2242 8.7326 -24.9488 -6.938
2 24 8.7326 -24.9488 -6.938 6.6549 -24.6667 -8.8771
2 24 6.8014 -22.2871 -7.8359 6.6549 -24.6667 -8.8771
2 24 9.0101 -25.0422 -5.0206 9.158 -25.0558 -2.0693
2 24 9.158 -25.0558 -2.0693 9.2036 -24.6956 0.8201
2 24 9.2036 -24.6956 0.8201 9.1949 -23.6226 2.8477
2 24 9.1623 -22.6739 2.7394 9.1949 -23.6226 2.8477
2 24 7.5681 -19.0373 5.9488 7.9156 -19.7687 5.9697
2 24 7.5681 -19.0373 5.9488 9.1623 -22.6739 2.7394
2 24 7.9156 -19.7687 5.9697 9.1949 -23.6226 2.8477
2 24 9.1623 -22.6739 2.7394 9.1949 -23.6226 2.8477
2 24 -6.7088 -43.3456 35.8394 -6.7295 -44.6779 33.9876
2 24 -8.7833 -41.4348 34.1518 -8.5459 -42.4413 32.4603
2 24 -6.7295 -44.6779 33.9876 -8.5459 -42.4413 32.4603
2 24 -8.7703 -40.2101 30.377 -8.5459 -42.4413 32.4603
2 24 -9.7813 -41.3888 29.5545 -9.7687 -43.12 30.8199
2 24 8.5774 -42.3364 32.4246 6.7303 -44.6779 33.9868
2 24 -2.3579 -19.5035 -5.5476 -2.3172 -20.4463 -4.9827
2 24 9.8472 -45.608 29.5612 9.8542 -45.8427 27.9767
2 24 2.4378 -19.3741 -7.4452 1.8315 -19.7177 -7.5875
2 24 9.3144 -17.3934 4.9508 9.3451 -16.5953 2.8446
2 24 3.6447 -47.9524 32.2118 5.5843 -47.9527 31.8249
2 24 -5.5252 -47.9527 31.8515 -3.5623 -47.9523 32.2406
2 24 4.7535 -31.5784 -12.2967 -0.0332 -31.4313 -12.8301
2 24 4.8942 -30.6152 -12.6039 -0.0238 -30.3531 -13.2675
2 24 4.7535 -31.5784 -12.2967 6.3351 -32.0394 -11.2783
2 24 4.8942 -30.6152 -12.6039 7.0169 -31.0627 -11.4782
2 24 6.3351 -32.0394 -11.2783 7.5567 -32.5842 -10.0898
2 24 7.0169 -31.0627 -11.4782 8.7238 -31.7647 -9.7638
2 24 7.5567 -32.5842 -10.0898 8.5126 -33.6766 -7.3978
2 24 8.7238 -31.7647 -9.7638 9.7501 -32.5117 -7.0436
2 24 8.5126 -33.6766 -7.3978 9.023 -35.4009 -3.3057
2 24 9.7501 -32.5117 -7.0436 9.8258 -34.2769 -3.2614
2 24 9.023 -35.4009 -3.3057 9.0426 -37.8922 0.9122
2 24 9.8258 -34.2769 -3.2614 9.8502 -36.3953 0.687
2 24 9.0426 -37.8922 0.9122 9.1267 -40.7402 2.7626
2 24 9.8502 -36.3953 0.687 9.8644 -38.4942 2.8708
2 24 9.1267 -40.7402 2.7626 8.9085 -43.3689 4.2701
2 24 9.8644 -38.4942 2.8708 9.8447 -41.4857 4.5544
2 24 4.8942 -30.6152 -12.6039 -0.0238 -30.3531 -13.2675
2 24 4.8942 -30.6152 -12.6039 7.0169 -31.0627 -11.4782
2 24 7.0169 -31.0627 -11.4782 8.7238 -31.7647 -9.7638
2 24 8.7238 -31.7647 -9.7638 9.7501 -32.5117 -7.0436
2 24 9.7501 -32.5117 -7.0436 9.8118 -30.8463 -7.3921
2 24 9.8118 -30.8463 -7.3921 9.7501 -32.5117 -7.0436
2 24 9.7501 -32.5117 -7.0436 9.8258 -34.2769 -3.2614
2 24 9.8258 -34.2769 -3.2614 9.8502 -36.3953 0.687
2 24 9.8118 -30.8463 -7.3921 9.8145 -29.1865 -7.3769
2 24 9.8025 -26.2988 -6.3258 9.8223 -27.3961 -7.0832
2 24 9.8025 -26.2988 -6.3258 9.277 -25.9753 -8.0332
2 24 9.277 -25.9753 -8.0332 7.2694 -25.3724 -9.6716
2 24 7.2694 -25.3724 -9.6716 5.3357 -25.095 -10.5018
2 24 5.3357 -25.095 -10.5018 0.0713 -24.859 -10.9762
2 24 9.8118 -30.8463 -7.3921 9.8145 -29.1865 -7.3769
2 24 9.8447 -41.4857 4.5544 9.8174 -44.6937 6.3574
2 24 8.9085 -43.3689 4.2701 6.1849 -45.398 4.4789
2 24 7.8782 -47.9294 8.452 8.1112 -47.9294 11.6427
2 24 9.8025 -45.7087 8.5922 9.8169 -45.8347 11.6519
2 24 8.1112 -47.9294 11.6427 8.2153 -47.9294 15.6495
2 24 9.8169 -45.8347 11.6519 9.8477 -45.8347 15.8199
2 24 6.1849 -45.398 4.4789 2.4544 -45.9493 4.4809
2 24 8.2153 -47.9294 15.6495 8.2362 -47.9294 20.5337
2 24 9.8477 -45.8347 15.8199 9.864 -45.8347 20.839
2 24 8.2362 -47.9294 20.5337 8.2255 -47.9294 23.9087
2 24 9.864 -45.8347 20.839 9.8578 -45.8347 24.1429
2 24 8.2255 -47.9294 23.9087 8.2104 -47.9294 26.0347
2 24 9.8578 -45.8347 24.1429 9.8466 -45.8347 26.1237
2 24 9.8025 -26.2988 -6.3258 9.8198 -26.1768 -2.3648
2 24 9.8025 -26.2988 -6.3258 9.8223 -27.3961 -7.0832
2 24 8.2104 -47.9294 26.0347 8.1508 -47.9294 28.2221
2 24 9.8466 -45.8347 26.1237 9.8305 -45.8347 27.9759
2 24 2.4878 -20.5757 14.0449 2.4662 -21.7724 17.3056
2 24 9.8174 -44.6937 6.3574 9.8025 -45.7087 8.5922
2 24 8.2153 -47.9294 15.6495 8.2362 -47.9294 20.5337
2 24 8.2153 -47.9294 15.6495 8.1112 -47.9294 11.6427
2 24 8.2362 -47.9294 20.5337 8.2255 -47.9294 23.9087
2 24 2.4662 -21.7724 17.3056 2.4304 -23.1705 20.2923
2 24 2.4304 -23.1705 20.2923 6.8617 -23.531 20.3906
2 24 8.8292 -26.1242 21.9894 8.841 -29.7885 23.4059
2 24 9.8026 -28.3808 21.3725 9.8341 -31.651 22.7166
2 24 8.841 -29.7885 23.4059 8.7843 -32.9177 25.0135
2 24 9.8341 -31.651 22.7166 9.8353 -34.6818 24.1571
2 24 8.7843 -32.9177 25.0135 8.8545 -35.47 26.6436
2 24 9.8353 -34.6818 24.1571 9.8119 -37.0415 25.8282
2 24 8.8545 -35.47 26.6436 8.7819 -38.0623 28.5276
2 24 9.8119 -37.0415 25.8282 9.7792 -39.3235 27.6926
2 24 8.7819 -38.0623 28.5276 8.7463 -40.2142 30.3713
2 24 9.7792 -39.3235 27.6926 9.7576 -41.3937 29.5482
2 24 0 -24.3783 -9.4792 4.8812 -24.4648 -9.209
2 24 0.0713 -24.859 -10.9762 5.3357 -25.095 -10.5018
2 24 4.8812 -24.4648 -9.209 6.6434 -24.68 -8.8593
2 24 5.3357 -25.095 -10.5018 7.2694 -25.3724 -9.6716
2 24 6.6434 -24.68 -8.8593 8.7115 -24.9572 -6.9277
2 24 7.2694 -25.3724 -9.6716 9.277 -25.9753 -8.0332
2 24 8.7115 -24.9572 -6.9277 8.9863 -25.0497 -5.019
2 24 9.277 -25.9753 -8.0332 9.8025 -26.2988 -6.3258
2 24 8.6691 -23.6035 20.131 8.8051 -22.2614 17.4176
2 24 8.8051 -22.2614 17.4176 8.7336 -20.9639 13.9965
2 24 8.8051 -22.2614 17.4176 8.6691 -23.6035 20.131
2 24 9.8632 -24.1256 17.1131 9.835 -25.8504 19.4807
2 24 8.8051 -22.2614 17.4176 8.7336 -20.9639 13.9965
2 24 9.8632 -24.1256 17.1131 9.8446 -22.8455 13.6133
2 24 8.7336 -20.9639 13.9965 8.6341 -19.8503 10.1628
2 24 9.8446 -22.8455 13.6133 9.8306 -22.0174 9.9888
2 24 8.6341 -19.8503 10.1628 7.8981 -19.7863 5.9665
2 24 9.8306 -22.0174 9.9888 9.8103 -21.8005 6.6269
2 24 1.8453 -45.0008 34.227 0.1147 -45.1509 34.2457
2 24 8.2255 -47.9294 23.9087 8.2104 -47.9294 26.0347
2 24 8.2104 -47.9294 26.0347 8.1508 -47.9294 28.2221
2 24 8.1112 -47.9294 11.6427 7.8782 -47.9294 8.452
2 24 7.8782 -47.9294 8.452 5.6502 -47.9294 6.8678
2 24 5.6502 -47.9294 6.8678 2.329 -47.9294 6.2704
2 24 2.329 -47.9294 6.2704 5.6502 -47.9294 6.8678
2 24 7.8782 -47.9294 8.452 5.6502 -47.9294 6.8678
2 24 8.8292 -26.1242 21.9894 8.6691 -23.6035 20.131
2 24 9.8026 -28.3808 21.3725 9.835 -25.8504 19.4807
2 24 8.6691 -23.6035 20.131 8.8292 -26.1242 21.9894
2 24 6.8617 -23.531 20.3906 8.8292 -26.1242 21.9894
2 24 9.7576 -41.3937 29.5482 9.7453 -43.1216 30.8112
2 24 9.8431 -44.5861 30.5127 9.7453 -43.1216 30.8112
2 24 8.7463 -40.2142 30.3713 8.5539 -42.3313 32.4177
2 24 9.7576 -41.3937 29.5482 9.7453 -43.1216 30.8112
2 24 5.2211 -44.8577 34.0857 6.7164 -44.6636 33.9718
2 24 8.1508 -47.9294 28.2221 7.4365 -47.9294 30.4659
2 24 8.1508 -47.9294 28.2221 7.4365 -47.9294 30.4659
2 24 9.8305 -45.8347 27.9759 9.8239 -45.6004 29.5567
2 24 9.7453 -43.1216 30.8112 9.8431 -44.5861 30.5127
2 24 9.1795 -24.7018 0.8221 9.1703 -23.6271 2.8476
2 24 9.8406 -25.843 1.2199 9.846 -24.6548 4.018
2 24 8.7336 -20.9639 13.9965 8.6341 -19.8503 10.1628
2 24 5.1395 -19.2815 6.569 7.8981 -19.7863 5.9665
2 24 8.6341 -19.8503 10.1628 7.8981 -19.7863 5.9665
2 24 5.1395 -19.2815 6.569 2.4584 -19.0837 6.687
2 24 2.4705 -19.4618 10.1349 2.4584 -19.0837 6.687
2 24 2.4878 -20.5757 14.0449 2.4705 -19.4618 10.1349
2 24 7.8981 -19.7863 5.9665 9.1703 -23.6271 2.8476
2 24 9.8103 -21.8005 6.6269 9.846 -24.6548 4.018
2 24 9.1795 -24.7018 0.8221 9.1341 -25.0629 -2.0682
2 24 9.8406 -25.843 1.2199 9.8198 -26.1768 -2.3648
2 24 8.9863 -25.0497 -5.019 9.1341 -25.0629 -2.0682
2 24 9.8025 -26.2988 -6.3258 9.8198 -26.1768 -2.3648
2 24 7.4365 -47.9294 30.4659 5.5806 -47.9294 31.8167
2 24 9.8239 -45.6004 29.5567 9.8431 -44.5861 30.5127
2 24 9.8431 -44.5861 30.5127 9.8239 -45.6004 29.5567
2 24 9.8305 -45.8347 27.9759 9.8466 -45.8347 26.1237
2 24 9.7576 -41.3937 29.5482 9.7792 -39.3235 27.6926
2 24 9.8466 -45.8347 26.1237 9.8578 -45.8347 24.1429
2 24 9.7792 -39.3235 27.6926 9.8119 -37.0415 25.8282
2 24 9.8119 -37.0415 25.8282 9.8353 -34.6818 24.1571
2 24 9.8578 -45.8347 24.1429 9.864 -45.8347 20.839
2 24 9.8353 -34.6818 24.1571 9.8341 -31.651 22.7166
2 24 9.8341 -31.651 22.7166 9.8026 -28.3808 21.3725
2 24 9.864 -45.8347 20.839 9.8477 -45.8347 15.8199
2 24 9.8026 -28.3808 21.3725 9.835 -25.8504 19.4807
2 24 9.835 -25.8504 19.4807 9.8632 -24.1256 17.1131
2 24 9.8477 -45.8347 15.8199 9.8169 -45.8347 11.6519
2 24 9.8632 -24.1256 17.1131 9.8446 -22.8455 13.6133
2 24 9.8169 -45.8347 11.6519 9.8025 -45.7087 8.5922
2 24 9.8446 -22.8455 13.6133 9.8306 -22.0174 9.9888
2 24 9.8025 -45.7087 8.5922 9.8174 -44.6937 6.3574
2 24 9.8306 -22.0174 9.9888 9.8103 -21.8005 6.6269
2 24 9.8174 -44.6937 6.3574 9.8447 -41.4857 4.5544
2 24 9.8103 -21.8005 6.6269 9.846 -24.6548 4.018
2 24 9.8447 -41.4857 4.5544 9.8644 -38.4942 2.8708
2 24 9.846 -24.6548 4.018 9.8406 -25.843 1.2199
2 24 9.8502 -36.3953 0.687 9.8644 -38.4942 2.8708
2 24 9.8198 -26.1768 -2.3648 9.8406 -25.843 1.2199
2 24 9.8145 -29.1865 -7.3769 9.8223 -27.3961 -7.0832
2 24 9.8145 -29.1865 -7.3769 9.8223 -27.3961 -7.0832
2 24 2.4544 -45.9493 4.4809 -2.6745 -45.9605 4.4968
2 24 2.329 -47.9294 6.2704 -2.5741 -47.9294 6.335
2 24 2.329 -47.9294 6.2704 -2.5741 -47.9294 6.335
2 24 5.5806 -47.9294 31.8167 3.6438 -47.9294 32.2021
2 24 5.2211 -44.8577 34.0857 3.2099 -44.9485 34.1811
2 24 3.6438 -47.9294 32.2021 0.1403 -47.9294 32.3511
2 24 1.8453 -45.0008 34.227 3.2099 -44.9485 34.1811
2 24 3.6438 -47.9294 32.2021 0.1403 -47.9294 32.3511
2 24 7.4365 -47.9294 30.4659 5.5806 -47.9294 31.8167
2 24 0.1147 -45.1509 34.2457 -1.4904 -45.0402 34.242
2 24 -0.0332 -31.4313 -12.8301 -4.7764 -31.5927 -12.2934
2 24 -0.0238 -30.3531 -13.2675 -5.0762 -30.653 -12.5311
2 24 -4.7764 -31.5927 -12.2934 -6.3601 -32.0591 -11.2613
2 24 -5.0762 -30.653 -12.5311 -7.0169 -31.0627 -11.4782
2 24 -6.3601 -32.0591 -11.2613 -7.5576 -32.5962 -10.0907
2 24 -7.0169 -31.0627 -11.4782 -8.7341 -31.7494 -9.7586
2 24 -7.5576 -32.5962 -10.0907 -8.5308 -33.6458 -7.3709
2 24 -8.7341 -31.7494 -9.7586 -9.7501 -32.5117 -7.0436
2 24 -8.5308 -33.6458 -7.3709 -9.0031 -35.4092 -3.3232
2 24 -9.7501 -32.5117 -7.0436 -9.8216 -34.3111 -3.2735
2 24 -9.0031 -35.4092 -3.3232 -9.0426 -37.8922 0.9122
2 24 -9.8216 -34.3111 -3.2735 -9.8481 -36.4494 0.7287
2 24 -9.0426 -37.8922 0.9122 -9.0534 -40.5836 2.7464
2 24 -9.8481 -36.4494 0.7287 -9.8644 -38.4942 2.8708
2 24 -9.0534 -40.5836 2.7464 -8.9085 -43.3689 4.2701
2 24 -9.8644 -38.4942 2.8708 -9.8447 -41.4857 4.5544
2 24 -0.0238 -30.3531 -13.2675 -5.0762 -30.653 -12.5311
2 24 -5.0762 -30.653 -12.5311 -7.0169 -31.0627 -11.4782
2 24 -7.0169 -31.0627 -11.4782 -8.7341 -31.7494 -9.7586
2 24 -8.7341 -31.7494 -9.7586 -9.7501 -32.5117 -7.0436
2 24 -9.8118 -30.8463 -7.3921 -9.7501 -32.5117 -7.0436
2 24 -9.8118 -30.8463 -7.3921 -9.7501 -32.5117 -7.0436
2 24 -9.7501 -32.5117 -7.0436 -9.8216 -34.3111 -3.2735
2 24 -9.8216 -34.3111 -3.2735 -9.8481 -36.4494 0.7287
2 24 -9.8118 -30.8463 -7.3921 -9.8145 -29.1865 -7.3769
2 24 -9.8223 -27.3961 -7.0832 -9.7929 -26.2441 -6.2297
2 24 -9.2472 -25.9406 -8.0601 -9.7929 -26.2441 -6.2297
2 24 -9.2472 -25.9406 -8.0601 -7.3077 -25.4182 -9.6972
2 24 -7.3077 -25.4182 -9.6972 -5.046 -25.0455 -10.561
2 24 0.0713 -24.859 -10.9762 -5.046 -25.0455 -10.561
2 24 -9.8118 -30.8463 -7.3921 -9.8145 -29.1865 -7.3769
2 24 -9.8447 -41.4857 4.5544 -9.8174 -44.6937 6.3574
2 24 -8.9085 -43.3689 4.2701 -6.1083 -45.3778 4.448
2 24 -7.7206 -47.9294 8.3724 -8.1387 -47.9294 11.7158
2 24 -9.8025 -45.7087 8.5922 -9.8169 -45.8347 11.6519
2 24 -8.1387 -47.9294 11.7158 -8.2407 -47.9294 15.6614
2 24 -9.8169 -45.8347 11.6519 -9.8477 -45.8347 15.8199
2 24 -2.6745 -45.9605 4.4968 -6.1083 -45.3778 4.448
2 24 -8.2407 -47.9294 15.6614 -8.2256 -47.9294 20.5409
2 24 -9.8477 -45.8347 15.8199 -9.8623 -45.8347 20.8214
2 24 -8.2256 -47.9294 20.5409 -8.2186 -47.9294 23.9189
2 24 -9.8623 -45.8347 20.8214 -9.8578 -45.8347 24.1429
2 24 -8.2186 -47.9294 23.9189 -8.2336 -47.9294 26.0765
2 24 -9.8578 -45.8347 24.1429 -9.8466 -45.8347 26.1237
2 24 -9.7929 -26.2441 -6.2297 -9.8223 -27.3961 -7.0832
2 24 -9.7929 -26.2441 -6.2297 -9.825 -26.235 -2.2958
2 24 -8.2336 -47.9294 26.0765 -8.1529 -47.9294 28.3514
2 24 -9.8466 -45.8347 26.1237 -9.8305 -45.8347 27.9759
2 24 -2.4662 -21.7724 17.3056 -2.4878 -20.5757 14.0449
2 24 -9.8174 -44.6937 6.3574 -9.8025 -45.7087 8.5922
2 24 -2.445 -23.6848 21.0845 -2.4662 -21.7724 17.3056
2 24 -2.445 -23.6848 21.0845 -4.9798 -23.9983 21.1336
2 24 -8.7629 -26.7184 22.2732 -8.9589 -30.0614 23.5226
2 24 -9.8026 -28.3808 21.3725 -9.8341 -31.651 22.7166
2 24 -8.9589 -30.0614 23.5226 -8.825 -33.0189 25.0498
2 24 -9.8341 -31.651 22.7166 -9.8353 -34.6818 24.1571
2 24 -8.825 -33.0189 25.0498 -8.7893 -35.172 26.4949
2 24 -9.8353 -34.6818 24.1571 -9.8119 -37.0415 25.8282
2 24 -8.7893 -35.172 26.4949 -8.7748 -38.0115 28.5604
2 24 -9.8119 -37.0415 25.8282 -9.7792 -39.3235 27.6926
2 24 -8.7748 -38.0115 28.5604 -8.7463 -40.2142 30.3713
2 24 -9.7792 -39.3235 27.6926 -9.7576 -41.3937 29.5482
2 24 -8.5225 -42.4356 32.4535 -6.7164 -44.6636 33.9718
2 24 0 -24.3783 -9.4792 -4.8812 -24.4648 -9.209
2 24 0.0713 -24.859 -10.9762 -5.046 -25.0455 -10.561
2 24 -4.8812 -24.4648 -9.209 -6.6434 -24.68 -8.8593
2 24 -5.046 -25.0455 -10.561 -7.3077 -25.4182 -9.6972
2 24 -6.6434 -24.68 -8.8593 -8.7115 -24.9572 -6.9277
2 24 -7.3077 -25.4182 -9.6972 -9.2472 -25.9406 -8.0601
2 24 -8.7115 -24.9572 -6.9277 -8.9863 -25.0497 -5.019
2 24 -9.2472 -25.9406 -8.0601 -9.7929 -26.2441 -6.2297
2 24 -8.6682 -23.5847 20.1049 -8.8177 -22.3036 17.4925
2 24 -8.8177 -22.3036 17.4925 -8.6813 -20.9402 14.0165
2 24 -8.8177 -22.3036 17.4925 -8.6682 -23.5847 20.1049
2 24 -9.8652 -24.1134 16.9355 -9.839 -25.9505 19.4241
2 24 -8.8177 -22.3036 17.4925 -8.6813 -20.9402 14.0165
2 24 -9.8652 -24.1134 16.9355 -9.8446 -22.8455 13.6133
2 24 -8.6813 -20.9402 14.0165 -8.6809 -19.9924 10.6603
2 24 -9.8446 -22.8455 13.6133 -9.835 -22.0858 10.1479
2 24 -8.6809 -19.9924 10.6603 -7.8981 -19.7863 5.9665
2 24 -9.835 -22.0858 10.1479 -9.7962 -21.7794 6.5692
2 24 -2.5741 -47.9294 6.335 -5.6458 -47.9294 6.9215
2 24 -7.7206 -47.9294 8.3724 -5.6458 -47.9294 6.9215
2 24 -8.7629 -26.7184 22.2732 -8.6682 -23.5847 20.1049
2 24 -9.8026 -28.3808 21.3725 -9.839 -25.9505 19.4241
2 24 -9.7453 -43.1216 30.8112 -9.7576 -41.3937 29.5482
2 24 -9.8431 -44.5861 30.5127 -9.7453 -43.1216 30.8112
2 24 -6.7164 -44.6636 33.9718 -4.9818 -44.8328 34.0916
2 24 -8.1529 -47.9294 28.3514 -7.3745 -47.9294 30.4423
2 24 -9.8305 -45.8347 27.9759 -9.8239 -45.6004 29.5567
2 24 -9.7453 -43.1216 30.8112 -9.8431 -44.5861 30.5127
2 24 -9.1795 -24.7018 0.8221 -9.1603 -23.6271 2.8476
2 24 -9.8465 -25.9027 1.2506 -9.846 -24.6548 4.018
2 24 -8.6813 -20.9402 14.0165 -8.6809 -19.9924 10.6603
2 24 -5.1395 -19.2815 6.569 -7.8981 -19.7863 5.9665
2 24 -8.6809 -19.9924 10.6603 -7.8981 -19.7863 5.9665
2 24 -2.4601 -19.5601 10.5319 -2.4584 -19.0837 6.687
2 24 -5.1395 -19.2815 6.569 -2.4584 -19.0837 6.687
2 24 -2.4878 -20.5757 14.0449 -2.4601 -19.5601 10.5319
2 24 -7.8981 -19.7863 5.9665 -9.1603 -23.6271 2.8476
2 24 -9.7962 -21.7794 6.5692 -9.846 -24.6548 4.018
2 24 -9.1795 -24.7018 0.8221 -9.1341 -25.0629 -2.0682
2 24 -9.8465 -25.9027 1.2506 -9.825 -26.235 -2.2958
2 24 -8.9863 -25.0497 -5.019 -9.1341 -25.0629 -2.0682
2 24 -9.7929 -26.2441 -6.2297 -9.825 -26.235 -2.2958
2 24 -7.3745 -47.9294 30.4423 -5.5215 -47.9294 31.8432
2 24 -9.8239 -45.6004 29.5567 -9.8431 -44.5861 30.5127
2 24 -9.8431 -44.5861 30.5127 -9.8239 -45.6004 29.5567
2 24 -9.8239 -45.6004 29.5567 -9.8305 -45.8347 27.9759
2 24 -9.8305 -45.8347 27.9759 -9.8466 -45.8347 26.1237
2 24 -9.7576 -41.3937 29.5482 -9.7792 -39.3235 27.6926
2 24 -9.8466 -45.8347 26.1237 -9.8578 -45.8347 24.1429
2 24 -9.7792 -39.3235 27.6926 -9.8119 -37.0415 25.8282
2 24 -9.8578 -45.8347 24.1429 -9.8623 -45.8347 20.8214
2 24 -9.8119 -37.0415 25.8282 -9.8353 -34.6818 24.1571
2 24 -9.8353 -34.6818 24.1571 -9.8341 -31.651 22.7166
2 24 -9.8341 -31.651 22.7166 -9.8026 -28.3808 21.3725
2 24 -9.8623 -45.8347 20.8214 -9.8477 -45.8347 15.8199
2 24 -9.8026 -28.3808 21.3725 -9.839 -25.9505 19.4241
2 24 -9.8477 -45.8347 15.8199 -9.8169 -45.8347 11.6519
2 24 -9.839 -25.9505 19.4241 -9.8652 -24.1134 16.9355
2 24 -9.8169 -45.8347 11.6519 -9.8025 -45.7087 8.5922
2 24 -9.8652 -24.1134 16.9355 -9.8446 -22.8455 13.6133
2 24 -9.8446 -22.8455 13.6133 -9.835 -22.0858 10.1479
2 24 -9.8025 -45.7087 8.5922 -9.8174 -44.6937 6.3574
2 24 -9.835 -22.0858 10.1479 -9.7962 -21.7794 6.5692
2 24 -9.8174 -44.6937 6.3574 -9.8447 -41.4857 4.5544
2 24 -9.8447 -41.4857 4.5544 -9.8644 -38.4942 2.8708
2 24 -9.7962 -21.7794 6.5692 -9.846 -24.6548 4.018
2 24 -9.8481 -36.4494 0.7287 -9.8644 -38.4942 2.8708
2 24 -9.846 -24.6548 4.018 -9.8465 -25.9027 1.2506
2 24 -9.825 -26.235 -2.2958 -9.8465 -25.9027 1.2506
2 24 -9.8145 -29.1865 -7.3769 -9.8223 -27.3961 -7.0832
2 24 -9.8145 -29.1865 -7.3769 -9.8223 -27.3961 -7.0832
2 24 -2.5741 -47.9294 6.335 -5.6458 -47.9294 6.9215
2 24 -5.6458 -47.9294 6.9215 -7.7206 -47.9294 8.3724
2 24 -7.7206 -47.9294 8.3724 -8.1387 -47.9294 11.7158
2 24 -8.1387 -47.9294 11.7158 -8.2407 -47.9294 15.6614
2 24 -8.2407 -47.9294 15.6614 -8.2256 -47.9294 20.5409
2 24 -8.2256 -47.9294 20.5409 -8.2186 -47.9294 23.9189
2 24 -8.2186 -47.9294 23.9189 -8.2336 -47.9294 26.0765
2 24 -8.2336 -47.9294 26.0765 -8.1529 -47.9294 28.3514
2 24 -8.1529 -47.9294 28.3514 -7.3745 -47.9294 30.4423
2 24 -5.5215 -47.9294 31.8432 -3.5614 -47.9294 32.2308
2 24 -4.9818 -44.8328 34.0916 -2.8582 -44.9655 34.1829
2 24 0.1403 -47.9294 32.3511 -3.5614 -47.9294 32.2308
2 24 -1.4904 -45.0402 34.242 -2.8582 -44.9655 34.1829
2 24 -7.3745 -47.9294 30.4423 -5.5215 -47.9294 31.8432
2 24 0.1403 -47.9294 32.3511 -3.5614 -47.9294 32.2308
2 24 -8.6682 -23.5847 20.1049 -8.7629 -26.7184 22.2732
2 24 -7.1612 -24.3148 21.1989 -8.7629 -26.7184 22.2732
2 24 -4.9798 -23.9983 21.1336 -7.1612 -24.3148 21.1989
2 24 -8.7463 -40.2142 30.3713 -8.5225 -42.4356 32.4535
2 24 -9.7576 -41.3937 29.5482 -9.7453 -43.1216 30.8112
2 24 8.5539 -42.3313 32.4177 6.7164 -44.6636 33.9718
2 24 9.8239 -45.6004 29.5567 9.8305 -45.8347 27.9759
2 24 3.6438 -47.9294 32.2021 5.5806 -47.9294 31.8167
2 24 -5.5215 -47.9294 31.8432 -3.5614 -47.9294 32.2308
2 24 -3.126 -48 25.4144 -5.4144 -48 23.126
2 24 -3.126 -52.45 25.4144 -5.4144 -52.45 23.126
2 24 -5.4144 -48 23.126 -6.252 -48 20
2 24 -5.4144 -52.45 23.126 -6.252 -52.45 20
2 24 -6.252 -48 20 -5.4144 -48 16.874
2 24 -6.252 -52.45 20 -5.4144 -52.45 16.874
2 24 -5.4144 -48 16.874 -3.126 -48 14.5856
2 24 -5.4144 -52.45 16.874 -3.126 -52.45 14.5856
2 24 -3.126 -48 14.5856 0 -48 13.748
2 24 -3.126 -52.45 14.5856 0 -52.45 13.748
2 24 0 -48 13.748 3.126 -48 14.5856
2 24 0 -52.45 13.748 3.126 -52.45 14.5856
2 24 3.126 -48 14.5856 5.4144 -48 16.874
2 24 3.126 -52.45 14.5856 5.4144 -52.45 16.874
2 24 5.4144 -48 16.874 6.252 -48 20
2 24 5.4144 -52.45 16.874 6.252 -52.45 20
2 24 6.252 -48 20 5.4144 -48 23.126
2 24 6.252 -52.45 20 5.4144 -52.45 23.126
2 24 5.4144 -48 23.126 3.126 -48 25.4144
2 24 5.4144 -52.45 23.126 3.126 -52.45 25.4144
2 24 3.126 -48 25.4144 0 -48 26.252
2 24 3.126 -52.45 25.4144 0 -52.45 26.252
2 24 -3.126 -48 25.4144 0 -48 26.252
2 24 -3.126 -52.45 25.4144 0 -52.45 26.252
2 24 -3.126 -52.45 25.4144 -5.4144 -52.45 23.126
2 24 -2.0378 -52.45 23.5295 -3.5295 -52.45 22.0377
2 24 -5.4144 -52.45 23.126 -6.252 -52.45 20
2 24 -3.5295 -52.45 22.0377 -4.0755 -52.45 20
2 24 -6.252 -52.45 20 -5.4144 -52.45 16.874
2 24 -4.0755 -52.45 20 -3.5295 -52.45 17.9623
2 24 -5.4144 -52.45 16.874 -3.126 -52.45 14.5856
2 24 -3.5295 -52.45 17.9623 -2.0378 -52.45 16.4705
2 24 -3.126 -52.45 14.5856 0 -52.45 13.748
2 24 -2.0378 -52.45 16.4705 0 -52.45 15.9245
2 24 0 -52.45 13.748 3.126 -52.45 14.5856
2 24 0 -52.45 15.9245 2.0378 -52.45 16.4705
2 24 3.126 -52.45 14.5856 5.4144 -52.45 16.874
2 24 2.0378 -52.45 16.4705 3.5295 -52.45 17.9623
2 24 5.4144 -52.45 16.874 6.252 -52.45 20
2 24 3.5295 -52.45 17.9623 4.0755 -52.45 20
2 24 6.252 -52.45 20 5.4144 -52.45 23.126
2 24 4.0755 -52.45 20 3.5295 -52.45 22.0377
2 24 5.4144 -52.45 23.126 3.126 -52.45 25.4144
2 24 3.5295 -52.45 22.0377 2.0378 -52.45 23.5295
2 24 3.126 -52.45 25.4144 0 -52.45 26.252
2 24 2.0378 -52.45 23.5295 0 -52.45 24.0755
2 24 -3.126 -52.45 25.4144 0 -52.45 26.252
2 24 -2.0378 -52.45 23.5295 0 -52.45 24.0755
2 24 -2.0378 -52.45 23.5295 -3.5295 -52.45 22.0377
2 24 -2.0378 -48 23.5295 -3.5295 -48 22.0377
2 24 -3.5295 -52.45 22.0377 -4.0755 -52.45 20
2 24 -3.5295 -48 22.0377 -4.0755 -48 20
2 24 -4.0755 -52.45 20 -3.5295 -52.45 17.9623
2 24 -4.0755 -48 20 -3.5295 -48 17.9623
2 24 -3.5295 -52.45 17.9623 -2.0378 -52.45 16.4705
2 24 -3.5295 -48 17.9623 -2.0378 -48 16.4705
2 24 -2.0378 -52.45 16.4705 0 -52.45 15.9245
2 24 -2.0378 -48 16.4705 0 -48 15.9245
2 24 0 -52.45 15.9245 2.0378 -52.45 16.4705
2 24 0 -48 15.9245 2.0378 -48 16.4705
2 24 2.0378 -52.45 16.4705 3.5295 -52.45 17.9623
2 24 2.0378 -48 16.4705 3.5295 -48 17.9623
2 24 3.5295 -52.45 17.9623 4.0755 -52.45 20
2 24 3.5295 -48 17.9623 4.0755 -48 20
2 24 4.0755 -52.45 20 3.5295 -52.45 22.0377
2 24 4.0755 -48 20 3.5295 -48 22.0377
2 24 3.5295 -52.45 22.0377 2.0378 -52.45 23.5295
2 24 3.5295 -48 22.0377 2.0378 -48 23.5295
2 24 2.0378 -52.45 23.5295 0 -52.45 24.0755
2 24 2.0378 -48 23.5295 0 -48 24.0755
2 24 -2.0378 -52.45 23.5295 0 -52.45 24.0755
2 24 -2.0378 -48 23.5295 0 -48 24.0755
0 STEP
