0 Untitled Model
0 Name: Untitled Model
0 Author: 
0 BFC CERTIFY CCW
3 16 -6.25 -5.3011 -6.055 -6.25 -0.0028 -6.0521 -6.25 -5.3011 6.0622
3 16 -6.25 -5.3011 6.0622 -6.25 -0.0028 -6.0521 -6.25 -0.0081 6.1121
3 16 -8.8739 -0.0016 7.9728 -6.25 -0.0081 6.1121 -9.0003 -0.0015 7.4393
3 16 -9.0164 -0.0004 -7.4755 -6.25 -0.0028 -6.0521 -8.9012 -0.0004 -8.034
3 16 -6.25 -5.3011 -6.055 -1.4835 -5.3011 -6.5251 -6.25 -0.0028 -6.0521
3 16 -6.25 -0.0028 -6.0521 -1.4835 -5.3011 -6.5251 -1.4835 0.0005 -6.5546
3 16 5.8813 -5.3011 -7.7551 5.8837 0.0005 -7.1886 5.8799 0.0005 -7.8103
3 16 5.8799 0.0005 -7.8103 1.533 0.0005 -7.0172 5.8813 -5.3011 -7.7551
3 16 5.8813 -5.3011 -7.7551 1.533 0.0005 -7.0172 1.5336 -5.3011 -6.9705
3 16 8.7142 0.0005 -12.0012 1.9829 0.0005 -10.21 5.8799 0.0005 -7.8103
3 16 5.8799 0.0005 -7.8103 1.9829 0.0005 -10.21 1.533 0.0005 -7.0172
3 16 8.704 0.0005 3.1313 5.8528 0.0005 3.7125 8.6735 0.0005 3.7556
3 16 8.6735 0.0005 3.7556 5.8528 0.0005 3.7125 5.8511 0.0005 4.3201
3 16 5.8528 0.0005 3.7125 8.704 0.0005 3.1313 5.8837 0.0005 -7.1886
3 16 5.8837 0.0005 -7.1886 8.704 0.0005 3.1313 8.7066 0.0005 -8.0694
3 16 5.8528 0.0005 3.7125 5.8837 0.0005 -7.1886 5.8659 -5.3011 4.248
3 16 5.8659 -5.3011 4.248 5.8837 0.0005 -7.1886 5.8813 -5.3011 -7.7551
3 16 5.8659 -5.3011 4.248 5.8511 0.0005 4.3201 5.8528 0.0005 3.7125
3 16 30.9415 -5.2854 -20.5492 30.9415 0.0005 -20.5492 39.4517 -5.2854 -12.039
3 16 39.4517 -5.2854 -12.039 30.9415 0.0005 -20.5492 39.4517 0.0005 -12.039
3 16 8.7066 -5.3011 -8.6944 8.7066 0.0005 -8.0694 8.6735 -5.2712 3.7556
3 16 8.6735 -5.2712 3.7556 8.7066 0.0005 -8.0694 8.704 0.0005 3.1313
3 16 12.6542 0.0005 2.6917 8.6735 -5.2712 3.7556 8.6735 0.0005 3.7556
3 16 12.6542 0.0005 2.6917 8.6735 0.0005 3.7556 13.6813 0.0005 5.2412
3 16 13.6813 0.0005 5.2412 8.6735 0.0005 3.7556 8.8733 0.0005 6.4722
3 16 8.6735 -5.2712 3.7556 13.9685 -3.8889 2.3731 14.2449 -4.8023 2.166
3 16 13.8123 -1.2067 2.4065 14.9094 -1.2067 5.1103 13.9685 -1.9132 2.3731
3 16 13.9685 -1.9132 2.3731 14.9094 -1.2067 5.1103 15.1728 -2.0033 5.2504
3 16 5.8837 0.0005 -7.1886 8.7066 0.0005 -8.0694 5.8799 0.0005 -7.8103
3 16 5.8799 0.0005 -7.8103 8.7066 0.0005 -8.0694 8.7066 0.0005 -8.6944
3 16 13.4993 -0.3567 2.4905 8.6735 -5.2712 3.7556 12.6542 0.0005 2.6917
3 16 8.6735 -5.2712 3.7556 14.2449 -4.8023 2.166 14.5928 -5.3011 1.5277
3 16 12.6542 0.0005 2.6917 13.6813 0.0005 5.2412 13.4993 -0.3567 2.4905
3 16 13.4993 -0.3567 2.4905 13.6813 0.0005 5.2412 14.4714 -0.3539 4.9842
3 16 13.4993 -0.3567 2.4905 14.4714 -0.3539 4.9842 13.8123 -1.2067 2.4065
3 16 13.8123 -1.2067 2.4065 14.4714 -0.3539 4.9842 14.9094 -1.2067 5.1103
3 16 8.7066 0.0005 -8.0694 8.7066 -5.3011 -8.6944 8.7066 0.0005 -8.6944
3 16 8.6735 -5.2712 3.7556 8.704 0.0005 3.1313 8.6735 0.0005 3.7556
3 16 13.9685 -3.8889 2.3731 15.2428 -4.0107 5.2043 14.2449 -4.8023 2.166
3 16 14.2449 -4.8023 2.166 15.2428 -4.0107 5.2043 15.6603 -4.8023 5.0541
3 16 14.5928 -5.3011 1.5277 14.2449 -4.8023 2.166 16.3275 -5.3011 4.7708
3 16 16.3275 -5.3011 4.7708 14.2449 -4.8023 2.166 15.6603 -4.8023 5.0541
3 16 8.6735 -5.2712 3.7556 14.5928 -5.3011 1.5277 15.1028 -5.3011 -0.1455
3 16 15.1028 -5.3011 -0.1455 14.5928 -5.3011 1.5277 17.6146 -5.3011 4.2652
3 16 17.6146 -5.3011 4.2652 14.5928 -5.3011 1.5277 16.3275 -5.3011 4.7708
3 16 37.2299 -5.3011 -10.7489 28.1686 -4.7945 -19.6686 30.4734 -5.2854 -5.9402
3 16 13.1951 -1.1849 -14.636 13.01 -7.4974 -14.5532 8.2624 -1.1849 -12.8419
3 16 8.2624 -1.1849 -12.8419 13.01 -7.4974 -14.5532 8.2624 -7.4968 -12.8419
3 16 1.7498 -1.1849 -11.162 8.2624 -1.1849 -12.8419 1.7498 -7.4968 -11.162
3 16 1.7498 -7.4968 -11.162 8.2624 -1.1849 -12.8419 8.2624 -7.4968 -12.8419
3 16 -4.91 -1.1849 -10.2218 1.7498 -1.1849 -11.162 -4.91 -7.4968 -10.2218
3 16 -4.91 -7.4968 -10.2218 1.7498 -1.1849 -11.162 1.7498 -7.4968 -11.162
3 16 13.01 -7.4974 -14.5532 14.695 -1.6133 -15.3072 15.1265 -2.553 -15.5003
3 16 20.4855 -5.2697 -18.3885 20.4905 -7.497 -18.3943 15.9591 -5.2697 -15.8902
3 16 15.9591 -5.2697 -15.8902 20.4905 -7.497 -18.3943 13.01 -7.4974 -14.5532
3 16 20.4855 -5.2697 -18.3885 25.0798 -5.2697 -21.3078 20.4905 -7.497 -18.3943
3 16 20.4905 -7.497 -18.3943 25.0798 -5.2697 -21.3078 27.4583 -7.4979 -23.076
3 16 25.8261 -4.7161 -21.8476 26.1322 -3.8245 -22.0781 27.4583 -7.4979 -23.076
3 16 25.0798 -5.2697 -21.3078 25.8261 -4.7161 -21.8476 27.4583 -7.4979 -23.076
3 16 15.3637 -4.0946 -15.6064 15.9591 -5.2697 -15.8902 13.01 -7.4974 -14.5532
3 16 26.175 -2.4645 -22.0925 27.4583 -7.4979 -23.076 26.1322 -3.8245 -22.0781
3 16 28.252 -1.633 0.2848 31.4659 -7.4995 -1.598 29.0264 -1.1849 -0.1304
3 16 27.496 -4.1637 0.6878 26.6519 -5.3011 1.1269 31.4659 -7.4995 -1.598
3 16 23.714 -5.3011 2.539 23.72 -7.5 2.5361 26.6519 -5.3011 1.1269
3 16 26.6519 -5.3011 1.1269 23.72 -7.5 2.5361 31.4659 -7.4995 -1.598
3 16 23.714 -5.3011 2.539 17.9302 -5.3011 4.9846 23.72 -7.5 2.5361
3 16 23.72 -7.5 2.5361 17.9302 -5.3011 4.9846 16.9544 -7.5035 5.3242
3 16 17.9302 -5.3011 4.9846 16.6415 -5.3011 5.4432 16.9544 -7.5035 5.3242
3 16 15.9246 -4.8186 5.6932 15.5207 -3.9664 5.8319 13.9723 -7.5001 6.3536
3 16 16.6415 -5.3011 5.4432 15.9246 -4.8186 5.6932 16.9544 -7.5035 5.3242
3 16 16.9544 -7.5035 5.3242 15.9246 -4.8186 5.6932 13.9723 -7.5001 6.3536
3 16 27.7371 -2.5173 0.5601 27.496 -4.1637 0.6878 31.4659 -7.4995 -1.598
3 16 13.9723 -1.1849 6.3536 13.9723 -7.5001 6.3536 14.7374 -1.2755 6.0961
3 16 14.7374 -1.2755 6.0961 13.9723 -7.5001 6.3536 15.3244 -2.0247 5.8986
3 16 15.5207 -3.9664 5.8319 15.3244 -2.0247 5.8986 13.9723 -7.5001 6.3536
3 16 27.4583 -7.4979 -23.076 27.7531 -1.1849 -23.3249 32.4753 -7.4968 -27.5595
3 16 32.4753 -7.4968 -27.5595 27.7531 -1.1849 -23.3249 32.4753 -1.1849 -27.5595
3 16 41.0125 -1.1849 -8.382 41.0125 -7.5001 -8.382 46.6053 -1.1849 -13.4296
3 16 46.6053 -1.1849 -13.4296 41.0125 -7.5001 -8.382 46.6053 -7.5001 -13.4295
3 16 31.4659 -7.4995 -1.598 41.0125 -7.5001 -8.382 33.6107 -1.1849 -2.9067
3 16 33.6107 -1.1849 -2.9067 41.0125 -7.5001 -8.382 41.0125 -1.1849 -8.382
3 16 31.4659 -7.4995 -1.598 33.6107 -1.1849 -2.9067 29.0264 -1.1849 -0.1304
3 16 9.1275 -1.1849 7.688 9.1275 -7.5001 7.688 13.9723 -1.1849 6.3536
3 16 13.9723 -1.1849 6.3536 9.1275 -7.5001 7.688 13.9723 -7.5001 6.3536
3 16 2.561 -1.1849 9.0121 2.561 -7.5001 9.0121 9.1275 -1.1849 7.688
3 16 9.1275 -1.1849 7.688 2.561 -7.5001 9.0121 9.1275 -7.5001 7.688
3 16 -4.0932 -1.1849 9.782 -4.0932 -7.5 9.782 2.561 -1.1849 9.0121
3 16 2.561 -1.1849 9.0121 -4.0932 -7.5 9.782 2.561 -7.5001 9.0121
3 16 -10 -7.5001 10 -10 -1.1849 10 -10 -7.5 -10
3 16 -10 -7.5 -10 -10 -1.1849 10 -10 -1.1849 -10
3 16 1.8473 -7.9968 -10.6717 2.4828 -7.9999 8.5183 -4.8685 -7.9968 -9.7236
3 16 -4.8685 -7.9968 -9.7236 2.4828 -7.9999 8.5183 -4.1287 -7.9999 9.2833
3 16 2.4828 -7.9999 8.5183 1.8473 -7.9968 -10.6717 9.0083 -7.9999 7.2025
3 16 13.8208 -7.9999 5.8769 9.0083 -7.9999 7.2025 8.4142 -7.9968 -12.3656
3 16 8.4142 -7.9968 -12.3656 9.0083 -7.9999 7.2025 1.8473 -7.9968 -10.6717
3 16 31.2078 -7.9999 -2.0261 23.5082 -7.9999 2.0835 20.7441 -7.9968 -17.9646
3 16 20.7441 -7.9968 -17.9646 23.5082 -7.9999 2.0835 13.2037 -7.9968 -14.0927
3 16 40.694 -7.9999 -8.767 31.2078 -7.9999 -2.0261 27.7673 -7.9968 -22.684
3 16 27.7673 -7.9968 -22.684 31.2078 -7.9999 -2.0261 20.7441 -7.9968 -17.9646
3 16 46.2518 -7.9999 -13.7831 40.694 -7.9999 -8.767 32.829 -7.9968 -27.2059
3 16 32.829 -7.9968 -27.2059 40.694 -7.9999 -8.767 27.7673 -7.9968 -22.684
3 16 -9.5001 -8 9.4887 -9.5 -7.9995 -9.5117 -4.1287 -7.9999 9.2833
3 16 -4.1287 -7.9999 9.2833 -9.5 -7.9995 -9.5117 -4.8685 -7.9968 -9.7236
3 16 13.8208 -7.9999 5.8769 8.4142 -7.9968 -12.3656 16.755 -7.9999 4.8597
3 16 23.5082 -7.9999 2.0835 16.755 -7.9999 4.8597 13.2037 -7.9968 -14.0927
3 16 13.2037 -7.9968 -14.0927 16.755 -7.9999 4.8597 8.4142 -7.9968 -12.3656
3 16 -4.91 -1.1849 -10.2218 -4.91 -7.4968 -10.2218 -10 -1.1849 -10
3 16 -10 -1.1849 -10 -4.91 -7.4968 -10.2218 -10 -7.5 -10
3 16 -10 -7.5001 10 -4.0932 -7.5 9.782 -10 -1.1849 10
3 16 -10 -1.1849 10 -4.0932 -7.5 9.782 -4.0932 -1.1849 9.782
3 16 46.6053 -7.5001 -13.4295 41.0125 -7.5001 -8.382 46.2518 -7.9999 -13.7831
3 16 46.2518 -7.9999 -13.7831 41.0125 -7.5001 -8.382 40.694 -7.9999 -8.767
3 16 31.2078 -7.9999 -2.0261 40.694 -7.9999 -8.767 31.4659 -7.4995 -1.598
3 16 31.4659 -7.4995 -1.598 40.694 -7.9999 -8.767 41.0125 -7.5001 -8.382
3 16 23.5082 -7.9999 2.0835 31.2078 -7.9999 -2.0261 23.72 -7.5 2.5361
3 16 23.72 -7.5 2.5361 31.2078 -7.9999 -2.0261 31.4659 -7.4995 -1.598
3 16 16.755 -7.9999 4.8597 23.5082 -7.9999 2.0835 16.9544 -7.5035 5.3242
3 16 16.9544 -7.5035 5.3242 23.5082 -7.9999 2.0835 23.72 -7.5 2.5361
3 16 13.8208 -7.9999 5.8769 16.755 -7.9999 4.8597 13.9723 -7.5001 6.3536
3 16 13.9723 -7.5001 6.3536 16.755 -7.9999 4.8597 16.9544 -7.5035 5.3242
3 16 9.0083 -7.9999 7.2025 13.8208 -7.9999 5.8769 9.1275 -7.5001 7.688
3 16 9.1275 -7.5001 7.688 13.8208 -7.9999 5.8769 13.9723 -7.5001 6.3536
3 16 2.4828 -7.9999 8.5183 9.0083 -7.9999 7.2025 2.561 -7.5001 9.0121
3 16 2.561 -7.5001 9.0121 9.0083 -7.9999 7.2025 9.1275 -7.5001 7.688
3 16 -4.1287 -7.9999 9.2833 2.4828 -7.9999 8.5183 -4.0932 -7.5 9.782
3 16 -4.0932 -7.5 9.782 2.4828 -7.9999 8.5183 2.561 -7.5001 9.0121
3 16 -4.1287 -7.9999 9.2833 -4.0932 -7.5 9.782 -9.5001 -8 9.4887
3 16 -9.5001 -8 9.4887 -4.0932 -7.5 9.782 -10 -7.5001 10
3 16 -10 -7.5001 10 -10 -7.5 -10 -9.5001 -8 9.4887
3 16 -9.5001 -8 9.4887 -10 -7.5 -10 -9.5 -7.9995 -9.5117
3 16 -10 -7.5 -10 -4.91 -7.4968 -10.2218 -9.5 -7.9995 -9.5117
3 16 -9.5 -7.9995 -9.5117 -4.91 -7.4968 -10.2218 -4.8685 -7.9968 -9.7236
3 16 1.8473 -7.9968 -10.6717 -4.8685 -7.9968 -9.7236 1.7498 -7.4968 -11.162
3 16 1.7498 -7.4968 -11.162 -4.8685 -7.9968 -9.7236 -4.91 -7.4968 -10.2218
3 16 8.4142 -7.9968 -12.3656 1.8473 -7.9968 -10.6717 8.2624 -7.4968 -12.8419
3 16 8.2624 -7.4968 -12.8419 1.8473 -7.9968 -10.6717 1.7498 -7.4968 -11.162
3 16 13.2037 -7.9968 -14.0927 8.4142 -7.9968 -12.3656 13.01 -7.4974 -14.5532
3 16 13.01 -7.4974 -14.5532 8.4142 -7.9968 -12.3656 8.2624 -7.4968 -12.8419
3 16 13.2037 -7.9968 -14.0927 13.01 -7.4974 -14.5532 20.7441 -7.9968 -17.9646
3 16 20.7441 -7.9968 -17.9646 13.01 -7.4974 -14.5532 20.4905 -7.497 -18.3943
3 16 27.7673 -7.9968 -22.684 20.7441 -7.9968 -17.9646 27.4583 -7.4979 -23.076
3 16 27.4583 -7.4979 -23.076 20.7441 -7.9968 -17.9646 20.4905 -7.497 -18.3943
3 16 27.7673 -7.9968 -22.684 27.4583 -7.4979 -23.076 32.829 -7.9968 -27.2059
3 16 32.829 -7.9968 -27.2059 27.4583 -7.4979 -23.076 32.4753 -7.4968 -27.5595
3 16 -6.25 -5.3011 6.0622 -6.25 -0.0081 6.1121 2.252 -5.3011 6.1168
3 16 2.252 -5.3011 6.1168 -6.25 -0.0081 6.1121 2.252 0.0005 6.1168
3 16 -6.25 -5.3011 6.0622 2.252 -5.3011 6.1168 2.7572 -5.3011 2.9399
3 16 5.8813 -5.3011 -7.7551 2.7572 -5.3011 2.9399 5.8659 -5.3011 4.248
3 16 39.4517 0.0005 -12.039 40.263 0.0005 -9.4277 41.2343 0.0005 -13.5525
3 16 45.8052 0.0005 -14.2296 40.263 0.0005 -9.4277 46.1491 -1.1849 -13.8858
3 16 46.1491 -1.1849 -13.8858 40.263 0.0005 -9.4277 40.5488 -1.1849 -9.0347
3 16 33.1891 -1.1849 -3.5946 32.9173 0.0005 -3.9955 28.7195 -1.1849 -0.689
3 16 28.7195 -1.1849 -0.689 32.9173 0.0005 -3.9955 28.2604 0.0005 -1.0028
3 16 33.1891 -1.1849 -3.5946 40.5488 -1.1849 -9.0347 32.9173 0.0005 -3.9955
3 16 32.9173 0.0005 -3.9955 40.5488 -1.1849 -9.0347 40.263 0.0005 -9.4277
3 16 40.263 0.0005 -9.4277 37.2299 0.0005 -10.7489 32.9173 0.0005 -3.9955
3 16 32.9173 0.0005 -3.9955 37.2299 0.0005 -10.7489 30.4734 0.0005 -5.9402
3 16 37.2299 0.0005 -10.7489 40.263 0.0005 -9.4277 39.4517 0.0005 -12.039
3 16 27.8401 -1.5944 -0.2721 28.7195 -1.1849 -0.689 27.4402 -0.5835 -0.4663
3 16 27.4402 -0.5835 -0.4663 28.7195 -1.1849 -0.689 28.2604 0.0005 -1.0028
3 16 27.8401 -1.5944 -0.2721 27.4402 -0.5835 -0.4663 27.257 -1.6014 -0.1499
3 16 27.8401 -1.5944 -0.2721 27.257 -1.6014 -0.1499 27.3563 -2.4249 0.0127
3 16 14.9094 -1.2067 5.1103 14.5674 -1.3097 5.4661 15.1728 -2.0033 5.2504
3 16 8.8733 0.0005 6.4722 8.6735 0.0005 3.7556 5.8511 0.0005 4.3201
3 16 14.4714 -0.3539 4.9842 14.5674 -1.3097 5.4661 14.9094 -1.2067 5.1103
3 16 24.7355 -4.1277 -5.3298 27.0884 -4.139 0.1245 25.0188 -2.5492 -5.2112
3 16 25.0188 -2.5492 -5.2112 27.0884 -4.139 0.1245 27.3563 -2.4249 0.0127
3 16 27.0884 -4.139 0.1245 24.7355 -4.1277 -5.3298 26.347 -5.3011 0.4273
3 16 26.347 -5.3011 0.4273 24.7355 -4.1277 -5.3298 23.4989 -5.2697 -5.8475
3 16 13.9685 -1.9132 2.3731 15.1728 -2.0033 5.2504 13.9685 -3.8889 2.3731
3 16 13.9685 -3.8889 2.3731 15.1728 -2.0033 5.2504 15.2428 -4.0107 5.2043
3 16 5.8799 0.0005 -7.8103 8.7066 0.0005 -8.6944 8.7142 0.0005 -12.0012
3 16 -6.25 -0.0081 6.1121 -6.25 -0.0028 -6.0521 -9.0003 -0.0015 7.4393
3 16 -9.0003 -0.0015 7.4393 -6.25 -0.0028 -6.0521 -9.0164 -0.0004 -7.4755
3 16 -4.419 -0.001 8.5403 -6.25 -0.0081 6.1121 -7.525 -0.0014 8.7796
3 16 -8.5612 -0.0016 8.4262 -6.25 -0.0081 6.1121 -8.8739 -0.0016 7.9728
3 16 -8.0767 -0.0015 8.6972 -6.25 -0.0081 6.1121 -8.5612 -0.0016 8.4262
3 16 -8.9012 -0.0004 -8.034 -6.25 -0.0028 -6.0521 -8.6119 -0.0003 -8.5238
3 16 -8.6119 -0.0003 -8.5238 -6.25 -0.0028 -6.0521 -8.1517 -0.0002 -8.8539
3 16 -7.525 -0.0014 8.7796 -6.25 -0.0081 6.1121 -8.0767 -0.0015 8.6972
3 16 27.9969 0.028 -22.4316 33.1474 0.0005 -26.8874 28.1023 -1.1849 -22.9211
3 16 28.1023 -1.1849 -22.9211 33.1474 0.0005 -26.8874 32.9544 -1.1849 -27.0804
3 16 26.5688 -2.4478 -21.6425 26.7207 -1.6199 -21.5536 26.9182 -1.717 -21.892
3 16 33.1474 0.0005 -26.8874 27.9969 0.028 -22.4316 30.9415 0.0005 -20.5492
3 16 30.4734 -5.2854 -5.9402 25.5331 -5.2706 -20.91 20.8413 -5.2705 -17.8583
3 16 26.2636 -4.7869 -21.406 25.5331 -5.2706 -20.91 28.1686 -4.7945 -19.6686
3 16 25.5331 -5.2706 -20.91 30.4734 -5.2854 -5.9402 28.1686 -4.7945 -19.6686
3 16 46.1491 -1.1849 -13.8858 40.5488 -1.1849 -9.0347 46.6053 -1.1849 -13.4296
3 16 46.6053 -1.1849 -13.4296 40.5488 -1.1849 -9.0347 41.0125 -1.1849 -8.382
3 16 33.6107 -1.1849 -2.9067 41.0125 -1.1849 -8.382 33.1891 -1.1849 -3.5946
3 16 33.1891 -1.1849 -3.5946 41.0125 -1.1849 -8.382 40.5488 -1.1849 -9.0347
3 16 29.0264 -1.1849 -0.1304 33.6107 -1.1849 -2.9067 28.7195 -1.1849 -0.689
3 16 28.7195 -1.1849 -0.689 33.6107 -1.1849 -2.9067 33.1891 -1.1849 -3.5946
3 16 29.0264 -1.1849 -0.1304 28.7195 -1.1849 -0.689 28.252 -1.633 0.2848
3 16 28.252 -1.633 0.2848 28.7195 -1.1849 -0.689 27.8401 -1.5944 -0.2721
3 16 27.7371 -2.5173 0.5601 28.252 -1.633 0.2848 27.3563 -2.4249 0.0127
3 16 27.3563 -2.4249 0.0127 28.252 -1.633 0.2848 27.8401 -1.5944 -0.2721
3 16 27.496 -4.1637 0.6878 27.7371 -2.5173 0.5601 27.0884 -4.139 0.1245
3 16 27.0884 -4.139 0.1245 27.7371 -2.5173 0.5601 27.3563 -2.4249 0.0127
3 16 27.496 -4.1637 0.6878 27.0884 -4.139 0.1245 26.6519 -5.3011 1.1269
3 16 26.6519 -5.3011 1.1269 27.0884 -4.139 0.1245 26.347 -5.3011 0.4273
3 16 26.6519 -5.3011 1.1269 26.347 -5.3011 0.4273 23.714 -5.3011 2.539
3 16 23.714 -5.3011 2.539 26.347 -5.3011 0.4273 23.3347 -5.3011 1.8222
3 16 23.714 -5.3011 2.539 23.3347 -5.3011 1.8222 17.9302 -5.3011 4.9846
3 16 17.9302 -5.3011 4.9846 23.3347 -5.3011 1.8222 17.6146 -5.3011 4.2652
3 16 17.9302 -5.3011 4.9846 17.6146 -5.3011 4.2652 16.6415 -5.3011 5.4432
3 16 16.6415 -5.3011 5.4432 17.6146 -5.3011 4.2652 16.3275 -5.3011 4.7708
3 16 16.6415 -5.3011 5.4432 16.3275 -5.3011 4.7708 15.9246 -4.8186 5.6932
3 16 15.9246 -4.8186 5.6932 16.3275 -5.3011 4.7708 15.6603 -4.8023 5.0541
3 16 15.9246 -4.8186 5.6932 15.6603 -4.8023 5.0541 15.5207 -3.9664 5.8319
3 16 15.5207 -3.9664 5.8319 15.6603 -4.8023 5.0541 15.2428 -4.0107 5.2043
3 16 15.3244 -2.0247 5.8986 15.5207 -3.9664 5.8319 15.1728 -2.0033 5.2504
3 16 15.1728 -2.0033 5.2504 15.5207 -3.9664 5.8319 15.2428 -4.0107 5.2043
3 16 14.7374 -1.2755 6.0961 15.3244 -2.0247 5.8986 14.5674 -1.3097 5.4661
3 16 14.5674 -1.3097 5.4661 15.3244 -2.0247 5.8986 15.1728 -2.0033 5.2504
3 16 13.9723 -1.1849 6.3536 14.7374 -1.2755 6.0961 13.7536 -1.1849 5.7216
3 16 13.7536 -1.1849 5.7216 14.7374 -1.2755 6.0961 14.5674 -1.3097 5.4661
3 16 13.9723 -1.1849 6.3536 13.7536 -1.1849 5.7216 9.1275 -1.1849 7.688
3 16 9.1275 -1.1849 7.688 13.7536 -1.1849 5.7216 8.9491 -1.1849 6.9467
3 16 9.1275 -1.1849 7.688 8.9491 -1.1849 6.9467 2.561 -1.1849 9.0121
3 16 2.561 -1.1849 9.0121 8.9491 -1.1849 6.9467 2.3917 -1.1849 8.2776
3 16 2.561 -1.1849 9.0121 2.3917 -1.1849 8.2776 -4.0932 -1.1849 9.782
3 16 -4.0932 -1.1849 9.782 2.3917 -1.1849 8.2776 -4.206 -1.1849 8.9675
3 16 -10 -1.1849 10 -4.0932 -1.1849 9.782 -7.9329 -1.1849 9.2284
3 16 -7.9329 -1.1849 9.2284 -4.0932 -1.1849 9.782 -4.206 -1.1849 8.9675
3 16 -10 -1.1849 10 -7.9329 -1.1849 9.2284 -8.4853 -1.1849 9.1425
3 16 -10 -1.1849 10 -8.4853 -1.1849 9.1425 -8.9696 -1.1849 8.8684
3 16 -10 -1.1849 10 -8.9696 -1.1849 8.8684 -9.282 -1.1849 8.413
3 16 -10 -1.1849 10 -9.282 -1.1849 8.413 -9.4083 -1.1849 7.8778
3 16 -9.4083 -1.1849 7.8778 -9.4312 -1.1849 -7.8575 -10 -1.1849 10
3 16 -10 -1.1849 10 -9.4312 -1.1849 -7.8575 -10 -1.1849 -10
3 16 -10 -1.1849 -10 -9.4312 -1.1849 -7.8575 -9.3158 -1.1849 -8.4141
3 16 -10 -1.1849 -10 -9.3158 -1.1849 -8.4141 -9.0256 -1.1849 -8.9013
3 16 -10 -1.1849 -10 -9.0256 -1.1849 -8.9013 -8.5646 -1.1849 -9.2277
3 16 -10 -1.1849 -10 -8.5646 -1.1849 -9.2277 -8.0229 -1.1849 -9.3827
3 16 -10 -1.1849 -10 -8.0229 -1.1849 -9.3827 -4.91 -1.1849 -10.2218
3 16 -4.91 -1.1849 -10.2218 -8.0229 -1.1849 -9.3827 -4.7676 -1.1849 -9.6229
3 16 -4.91 -1.1849 -10.2218 -4.7676 -1.1849 -9.6229 1.7498 -1.1849 -11.162
3 16 1.7498 -1.1849 -11.162 -4.7676 -1.1849 -9.6229 1.9161 -1.1849 -10.5814
3 16 1.7498 -1.1849 -11.162 1.9161 -1.1849 -10.5814 8.2624 -1.1849 -12.8419
3 16 8.2624 -1.1849 -12.8419 1.9161 -1.1849 -10.5814 8.5045 -1.1849 -12.3025
3 16 8.2624 -1.1849 -12.8419 8.5045 -1.1849 -12.3025 13.1951 -1.1849 -14.636
3 16 13.1951 -1.1849 -14.636 8.5045 -1.1849 -12.3025 13.4301 -1.1849 -14.1879
3 16 13.1951 -1.1849 -14.636 13.4301 -1.1849 -14.1879 13.907 -1.1849 -14.9546
3 16 13.907 -1.1849 -14.9546 13.4301 -1.1849 -14.1879 14.6228 -1.3706 -14.6465
3 16 14.695 -1.6133 -15.3072 13.907 -1.1849 -14.9546 14.6228 -1.3706 -14.6465
3 16 15.1265 -2.553 -15.5003 14.695 -1.6133 -15.3072 15.5526 -2.5668 -14.8759
3 16 15.5526 -2.5668 -14.8759 14.695 -1.6133 -15.3072 14.6228 -1.3706 -14.6465
3 16 15.1265 -2.553 -15.5003 15.5526 -2.5668 -14.8759 15.3637 -4.0946 -15.6064
3 16 15.3637 -4.0946 -15.6064 15.5526 -2.5668 -14.8759 15.7707 -4.157 -14.957
3 16 15.3637 -4.0946 -15.6064 15.7707 -4.157 -14.957 15.9591 -5.2697 -15.8902
3 16 15.9591 -5.2697 -15.8902 15.7707 -4.157 -14.957 16.39 -5.2697 -15.37
3 16 15.9591 -5.2697 -15.8902 16.39 -5.2697 -15.37 20.4855 -5.2697 -18.3885
3 16 20.4855 -5.2697 -18.3885 16.39 -5.2697 -15.37 20.8413 -5.2705 -17.8583
3 16 20.4855 -5.2697 -18.3885 20.8413 -5.2705 -17.8583 25.0798 -5.2697 -21.3078
3 16 25.0798 -5.2697 -21.3078 20.8413 -5.2705 -17.8583 25.5331 -5.2706 -20.91
3 16 25.0798 -5.2697 -21.3078 25.5331 -5.2706 -20.91 25.8261 -4.7161 -21.8476
3 16 25.8261 -4.7161 -21.8476 25.5331 -5.2706 -20.91 26.2636 -4.7869 -21.406
3 16 26.1322 -3.8245 -22.0781 25.8261 -4.7161 -21.8476 26.5665 -3.8976 -21.6152
3 16 26.5665 -3.8976 -21.6152 25.8261 -4.7161 -21.8476 26.2636 -4.7869 -21.406
3 16 26.175 -2.4645 -22.0925 26.1322 -3.8245 -22.0781 26.5688 -2.4478 -21.6425
3 16 26.5688 -2.4478 -21.6425 26.1322 -3.8245 -22.0781 26.5665 -3.8976 -21.6152
3 16 26.175 -2.4645 -22.0925 26.5688 -2.4478 -21.6425 26.4747 -1.7203 -22.3358
3 16 26.4747 -1.7203 -22.3358 26.5688 -2.4478 -21.6425 26.9182 -1.717 -21.892
3 16 26.4747 -1.7203 -22.3358 26.9182 -1.717 -21.892 26.9397 -1.3349 -22.6883
3 16 26.9397 -1.3349 -22.6883 26.9182 -1.717 -21.892 27.3884 -1.3204 -22.2762
3 16 26.9397 -1.3349 -22.6883 27.3884 -1.3204 -22.2762 27.7531 -1.1849 -23.3249
3 16 27.7531 -1.1849 -23.3249 27.3884 -1.3204 -22.2762 28.1023 -1.1849 -22.9211
3 16 32.9544 -1.1849 -27.0804 32.4753 -1.1849 -27.5595 28.1023 -1.1849 -22.9211
3 16 28.1023 -1.1849 -22.9211 32.4753 -1.1849 -27.5595 27.7531 -1.1849 -23.3249
3 16 14.5674 -1.3097 5.4661 14.4714 -0.3539 4.9842 13.7536 -1.1849 5.7216
3 16 13.7536 -1.1849 5.7216 14.4714 -0.3539 4.9842 13.6813 0.0005 5.2412
3 16 8.9491 -1.1849 6.9467 13.7536 -1.1849 5.7216 8.8733 0.0005 6.4722
3 16 8.8733 0.0005 6.4722 13.7536 -1.1849 5.7216 13.6813 0.0005 5.2412
3 16 2.3917 -1.1849 8.2776 8.9491 -1.1849 6.9467 2.3643 0.0005 7.7982
3 16 2.3643 0.0005 7.7982 8.9491 -1.1849 6.9467 8.8733 0.0005 6.4722
3 16 2.3917 -1.1849 8.2776 2.3643 0.0005 7.7982 -4.206 -1.1849 8.9675
3 16 -4.206 -1.1849 8.9675 2.3643 0.0005 7.7982 -4.419 -0.001 8.5403
3 16 -7.9329 -1.1849 9.2284 -4.206 -1.1849 8.9675 -7.525 -0.0014 8.7796
3 16 -7.525 -0.0014 8.7796 -4.206 -1.1849 8.9675 -4.419 -0.001 8.5403
3 16 -8.4853 -1.1849 9.1425 -7.9329 -1.1849 9.2284 -8.0767 -0.0015 8.6972
3 16 -8.0767 -0.0015 8.6972 -7.9329 -1.1849 9.2284 -7.525 -0.0014 8.7796
3 16 -8.9696 -1.1849 8.8684 -8.4853 -1.1849 9.1425 -8.5612 -0.0016 8.4262
3 16 -8.5612 -0.0016 8.4262 -8.4853 -1.1849 9.1425 -8.0767 -0.0015 8.6972
3 16 -8.9696 -1.1849 8.8684 -8.5612 -0.0016 8.4262 -9.282 -1.1849 8.413
3 16 -9.282 -1.1849 8.413 -8.5612 -0.0016 8.4262 -8.8739 -0.0016 7.9728
3 16 -9.282 -1.1849 8.413 -8.8739 -0.0016 7.9728 -9.4083 -1.1849 7.8778
3 16 -9.4083 -1.1849 7.8778 -8.8739 -0.0016 7.9728 -9.0003 -0.0015 7.4393
3 16 -9.4083 -1.1849 7.8778 -9.0003 -0.0015 7.4393 -9.4312 -1.1849 -7.8575
3 16 -9.4312 -1.1849 -7.8575 -9.0003 -0.0015 7.4393 -9.0164 -0.0004 -7.4755
3 16 -9.3158 -1.1849 -8.4141 -9.4312 -1.1849 -7.8575 -8.9012 -0.0004 -8.034
3 16 -8.9012 -0.0004 -8.034 -9.4312 -1.1849 -7.8575 -9.0164 -0.0004 -7.4755
3 16 -9.0256 -1.1849 -8.9013 -9.3158 -1.1849 -8.4141 -8.6119 -0.0003 -8.5238
3 16 -8.6119 -0.0003 -8.5238 -9.3158 -1.1849 -8.4141 -8.9012 -0.0004 -8.034
3 16 -9.0256 -1.1849 -8.9013 -8.6119 -0.0003 -8.5238 -8.5646 -1.1849 -9.2277
3 16 -8.5646 -1.1849 -9.2277 -8.6119 -0.0003 -8.5238 -8.1517 -0.0002 -8.8539
3 16 -8.5646 -1.1849 -9.2277 -8.1517 -0.0002 -8.8539 -8.0229 -1.1849 -9.3827
3 16 -8.0229 -1.1849 -9.3827 -8.1517 -0.0002 -8.8539 -7.6098 -0.0002 -9.0137
3 16 -8.0229 -1.1849 -9.3827 -7.6098 -0.0002 -9.0137 -4.7676 -1.1849 -9.6229
3 16 -4.7676 -1.1849 -9.6229 -7.6098 -0.0002 -9.0137 -4.7107 0.0001 -9.2446
3 16 -4.7676 -1.1849 -9.6229 -4.7107 0.0001 -9.2446 1.9161 -1.1849 -10.5814
3 16 1.9161 -1.1849 -10.5814 -4.7107 0.0001 -9.2446 1.9829 0.0005 -10.21
3 16 1.9161 -1.1849 -10.5814 1.9829 0.0005 -10.21 8.5045 -1.1849 -12.3025
3 16 8.5045 -1.1849 -12.3025 1.9829 0.0005 -10.21 8.7142 0.0005 -12.0012
3 16 8.5045 -1.1849 -12.3025 8.7142 0.0005 -12.0012 13.4301 -1.1849 -14.1879
3 16 13.4301 -1.1849 -14.1879 8.7142 0.0005 -12.0012 14.5609 0.0005 -14.1773
3 16 44.4143 0.0005 -15.6205 42.9757 0.0005 -14.1629 45.8052 0.0005 -14.2296
3 16 42.9757 0.0005 -14.1629 44.4143 0.0005 -15.6205 42.9757 -5.2854 -14.1629
3 16 42.9757 -5.2854 -14.1629 44.4143 0.0005 -15.6205 44.4143 -5.2854 -15.6205
3 16 41.2343 0.0005 -13.5525 42.9757 0.0005 -14.1629 41.2343 -5.2854 -13.5525
3 16 41.2343 -5.2854 -13.5525 42.9757 0.0005 -14.1629 42.9757 -5.2854 -14.1629
3 16 39.4517 -5.2854 -12.039 39.4517 0.0005 -12.039 41.2343 -5.2854 -13.5525
3 16 41.2343 -5.2854 -13.5525 39.4517 0.0005 -12.039 41.2343 0.0005 -13.5525
3 16 45.8052 0.0005 -14.2296 42.9757 0.0005 -14.1629 40.263 0.0005 -9.4277
3 16 42.9757 0.0005 -14.1629 41.2343 0.0005 -13.5525 40.263 0.0005 -9.4277
3 16 2.7572 -5.3011 2.9399 4.5362 -5.3011 4.7209 5.8659 -5.3011 4.248
3 16 4.5362 -5.3011 4.7209 2.252 -5.3011 6.1168 4.5782 0.0005 4.804
3 16 4.5782 0.0005 4.804 2.252 -5.3011 6.1168 2.252 0.0005 6.1168
3 16 2.7572 -5.3011 2.9399 2.252 -5.3011 6.1168 4.5362 -5.3011 4.7209
3 16 5.8659 -5.3011 4.248 4.5362 -5.3011 4.7209 5.8511 0.0005 4.3201
3 16 5.8511 0.0005 4.3201 4.5362 -5.3011 4.7209 4.5782 0.0005 4.804
3 16 5.8511 0.0005 4.3201 4.5782 0.0005 4.804 8.8733 0.0005 6.4722
3 16 14.6228 -1.3706 -14.6465 15.2879 -0.9771 -14.6969 15.5526 -2.5668 -14.8759
3 16 37.2299 -5.3011 -10.7489 30.4734 -5.2854 -5.9402 37.2299 0.0005 -10.7489
3 16 37.2299 0.0005 -10.7489 30.4734 -5.2854 -5.9402 30.4734 0.0005 -5.9402
3 16 15.7707 -4.157 -14.957 17.9597 -4.4314 -11.3136 16.39 -5.2697 -15.37
3 16 16.39 -5.2697 -15.37 17.9597 -4.4314 -11.3136 18.7174 -5.1457 -10.9884
3 16 30.4734 -5.2854 -5.9402 20.8413 -5.2705 -17.8583 18.7174 -5.1457 -10.9884
3 16 18.7174 -5.1457 -10.9884 20.8413 -5.2705 -17.8583 16.39 -5.2697 -15.37
3 16 17.9597 -4.4314 -11.3136 30.4734 -5.2854 -5.9402 18.7174 -5.1457 -10.9884
3 16 17.592 -2.8531 -11.4734 30.4734 -5.2854 -5.9402 17.9597 -4.4314 -11.3136
3 16 17.2188 -1.0599 -11.64 30.4734 -5.2854 -5.9402 17.592 -2.8531 -11.4734
3 16 30.4734 -5.2854 -5.9402 17.2188 -1.0599 -11.64 30.4734 0.0005 -5.9402
3 16 30.4734 0.0005 -5.9402 17.2188 -1.0599 -11.64 15.9748 0.0005 -12.1952
3 16 17.2188 -1.0599 -11.64 15.2879 -0.9771 -14.6969 15.9748 0.0005 -12.1952
3 16 15.9748 0.0005 -12.1952 15.2879 -0.9771 -14.6969 14.5609 0.0005 -14.1773
3 16 17.592 -2.8531 -11.4734 15.5526 -2.5668 -14.8759 17.2188 -1.0599 -11.64
3 16 17.2188 -1.0599 -11.64 15.5526 -2.5668 -14.8759 15.2879 -0.9771 -14.6969
3 16 17.9597 -4.4314 -11.3136 15.7707 -4.157 -14.957 17.592 -2.8531 -11.4734
3 16 17.592 -2.8531 -11.4734 15.7707 -4.157 -14.957 15.5526 -2.5668 -14.8759
3 16 26.6419 0.0005 -4.5318 28.2604 0.0005 -1.0028 30.4734 0.0005 -5.9402
3 16 30.4734 0.0005 -5.9402 28.2604 0.0005 -1.0028 32.9173 0.0005 -3.9955
3 16 25.0886 -1.6487 -5.182 27.257 -1.6014 -0.1499 25.4051 -0.7156 -5.0495
3 16 25.4051 -0.7156 -5.0495 27.257 -1.6014 -0.1499 27.4402 -0.5835 -0.4663
3 16 27.3563 -2.4249 0.0127 27.257 -1.6014 -0.1499 25.0188 -2.5492 -5.2112
3 16 25.0188 -2.5492 -5.2112 27.257 -1.6014 -0.1499 25.0886 -1.6487 -5.182
3 16 25.4051 -0.7156 -5.0495 27.4402 -0.5835 -0.4663 26.6419 0.0005 -4.5318
3 16 26.6419 0.0005 -4.5318 27.4402 -0.5835 -0.4663 28.2604 0.0005 -1.0028
3 16 26.347 -5.3011 0.4273 23.4989 -5.2697 -5.8475 23.3347 -5.3011 1.8222
3 16 23.3347 -5.3011 1.8222 23.4989 -5.2697 -5.8475 13.1122 -5.3011 -10.1955
3 16 13.1122 -5.3011 -10.1955 8.7066 -5.3011 -8.6944 15.1028 -5.3011 -0.1455
3 16 15.1028 -5.3011 -0.1455 8.7066 -5.3011 -8.6944 8.6735 -5.2712 3.7556
3 16 15.9748 0.0005 -12.1952 14.5609 0.0005 -14.1773 13.1122 0.0005 -10.1955
3 16 13.1122 0.0005 -10.1955 14.5609 0.0005 -14.1773 8.7142 0.0005 -12.0012
3 16 8.7066 -5.3011 -8.6944 13.1122 -5.3011 -10.1955 8.7066 0.0005 -8.6944
3 16 8.7066 0.0005 -8.6944 13.1122 -5.3011 -10.1955 13.1122 0.0005 -10.1955
3 16 8.6735 -5.2712 3.7556 13.8123 -1.2067 2.4065 13.9685 -1.9132 2.3731
3 16 8.6735 -5.2712 3.7556 13.4993 -0.3567 2.4905 13.8123 -1.2067 2.4065
3 16 8.6735 -5.2712 3.7556 13.9685 -1.9132 2.3731 13.9685 -3.8889 2.3731
3 16 26.6419 0.0005 -4.5318 13.1122 0.0005 -10.1955 25.4051 -0.7156 -5.0495
3 16 25.4051 -0.7156 -5.0495 13.1122 0.0005 -10.1955 13.1122 -5.3011 -10.1955
3 16 25.4051 -0.7156 -5.0495 13.1122 -5.3011 -10.1955 25.0886 -1.6487 -5.182
3 16 25.0886 -1.6487 -5.182 13.1122 -5.3011 -10.1955 25.0188 -2.5492 -5.2112
3 16 25.0188 -2.5492 -5.2112 13.1122 -5.3011 -10.1955 24.7355 -4.1277 -5.3298
3 16 24.7355 -4.1277 -5.3298 13.1122 -5.3011 -10.1955 23.4989 -5.2697 -5.8475
3 16 13.1122 -5.3011 -10.1955 15.1028 -5.3011 -0.1455 23.3347 -5.3011 1.8222
3 16 23.3347 -5.3011 1.8222 15.1028 -5.3011 -0.1455 17.6146 -5.3011 4.2652
3 16 13.1122 0.0005 -10.1955 26.6419 0.0005 -4.5318 15.9748 0.0005 -12.1952
3 16 15.9748 0.0005 -12.1952 26.6419 0.0005 -4.5318 30.4734 0.0005 -5.9402
3 16 35.7409 -5.2854 -24.2939 34.6962 -5.2854 -23.2492 44.4143 -5.2854 -15.6205
3 16 44.4143 -5.2854 -15.6205 34.6962 -5.2854 -23.2492 42.9757 -5.2854 -14.1629
3 16 35.7409 0.0005 -24.2939 34.6962 0.0005 -23.2492 35.7409 -5.2854 -24.2939
3 16 35.7409 -5.2854 -24.2939 34.6962 0.0005 -23.2492 34.6962 -5.2854 -23.2492
3 16 34.6962 0.0005 -23.2492 35.7409 0.0005 -24.2939 34.3179 0.0005 -23.6274
3 16 34.3179 0.0005 -23.6274 35.7409 0.0005 -24.2939 33.1474 0.0005 -26.8874
3 16 30.9415 0.0005 -20.5492 30.9415 -5.2854 -20.5492 34.3179 0.0005 -23.6274
3 16 34.3179 0.0005 -23.6274 30.9415 -5.2854 -20.5492 34.3082 -5.2854 -23.6372
3 16 34.6962 -5.2854 -23.2492 34.3082 -5.2854 -23.6372 30.9415 -5.2854 -20.5492
3 16 34.6962 -5.2854 -23.2492 34.6962 0.0005 -23.2492 34.3082 -5.2854 -23.6372
3 16 34.3082 -5.2854 -23.6372 34.6962 0.0005 -23.2492 34.3179 0.0005 -23.6274
3 16 33.1474 0.0005 -26.8874 30.9415 0.0005 -20.5492 34.3179 0.0005 -23.6274
3 16 39.4517 -5.2854 -12.039 41.2343 -5.2854 -13.5525 30.9415 -5.2854 -20.5492
3 16 30.9415 -5.2854 -20.5492 41.2343 -5.2854 -13.5525 34.6962 -5.2854 -23.2492
3 16 34.6962 -5.2854 -23.2492 41.2343 -5.2854 -13.5525 42.9757 -5.2854 -14.1629
3 16 1.533 0.0005 -6.0373 -1.4835 0.0005 -6.0373 1.533 -5.3011 -6.0373
3 16 1.533 -5.3011 -6.0373 -1.4835 0.0005 -6.0373 -1.4835 -5.3011 -6.0373
3 16 1.533 -5.3011 -6.0373 -1.4835 -5.3011 -6.0373 2.7572 -5.3011 2.9399
3 16 2.7572 -5.3011 2.9399 -1.4835 -5.3011 -6.0373 -6.25 -5.3011 6.0622
3 16 1.533 0.0005 -7.0172 1.533 0.0005 -6.0373 1.5336 -5.3011 -6.9705
3 16 1.5336 -5.3011 -6.9705 1.533 0.0005 -6.0373 1.533 -5.3011 -6.0373
3 16 1.5336 -5.3011 -6.9705 1.533 -5.3011 -6.0373 5.8813 -5.3011 -7.7551
3 16 2.7572 -5.3011 2.9399 5.8813 -5.3011 -7.7551 1.533 -5.3011 -6.0373
3 16 1.533 0.0005 -7.0172 -1.4835 0.0005 -6.5546 1.533 0.0005 -6.0373
3 16 1.533 0.0005 -6.0373 -1.4835 0.0005 -6.5546 -1.4835 0.0005 -6.0373
3 16 -1.4835 -5.3011 -6.0373 -1.4835 0.0005 -6.0373 -1.4835 -5.3011 -6.5251
3 16 -1.4835 -5.3011 -6.5251 -1.4835 0.0005 -6.0373 -1.4835 0.0005 -6.5546
3 16 -1.4835 -5.3011 -6.5251 -6.25 -5.3011 -6.055 -1.4835 -5.3011 -6.0373
3 16 -1.4835 -5.3011 -6.0373 -6.25 -5.3011 -6.055 -6.25 -5.3011 6.0622
3 16 26.5665 -3.8976 -21.6152 26.2636 -4.7869 -21.406 28.1686 -4.7945 -19.6686
3 16 26.5688 -2.4478 -21.6425 26.5665 -3.8976 -21.6152 28.1686 -4.7945 -19.6686
3 16 26.7207 -1.6199 -21.5536 26.5688 -2.4478 -21.6425 28.1686 -4.7945 -19.6686
3 16 28.4346 -0.3108 -19.8548 28.1686 -4.7945 -19.6686 37.2299 0.0005 -10.7489
3 16 37.2299 0.0005 -10.7489 28.1686 -4.7945 -19.6686 37.2299 -5.3011 -10.7489
3 16 28.4346 -0.3108 -19.8548 37.2299 0.0005 -10.7489 30.9415 0.0005 -20.5492
3 16 30.9415 0.0005 -20.5492 37.2299 0.0005 -10.7489 39.4517 0.0005 -12.039
3 16 26.9182 -1.717 -21.892 26.7207 -1.6199 -21.5536 27.2198 -0.5073 -21.8031
3 16 30.9415 0.0005 -20.5492 27.9969 0.028 -22.4316 27.5505 -0.1919 -22.0549
3 16 30.9415 0.0005 -20.5492 27.5505 -0.1919 -22.0549 28.4346 -0.3108 -19.8548
3 16 28.4346 -0.3108 -19.8548 27.5505 -0.1919 -22.0549 27.2198 -0.5073 -21.8031
3 16 27.2198 -0.5073 -21.8031 26.7207 -1.6199 -21.5536 28.4346 -0.3108 -19.8548
3 16 28.4346 -0.3108 -19.8548 26.7207 -1.6199 -21.5536 28.1686 -4.7945 -19.6686
3 16 26.9182 -1.717 -21.892 27.2198 -0.5073 -21.8031 27.3884 -1.3204 -22.2762
3 16 27.3884 -1.3204 -22.2762 27.2198 -0.5073 -21.8031 27.5505 -0.1919 -22.0549
3 16 27.3884 -1.3204 -22.2762 27.5505 -0.1919 -22.0549 28.1023 -1.1849 -22.9211
3 16 28.1023 -1.1849 -22.9211 27.5505 -0.1919 -22.0549 27.9969 0.028 -22.4316
3 16 47.9959 -5.2854 -20.5832 47.9959 0.0005 -20.5832 39.4857 -5.2854 -29.0934
3 16 39.4857 -5.2854 -29.0934 47.9959 0.0005 -20.5832 39.4857 0.0005 -29.0934
3 16 51.3404 -5.3011 -51.3282 63.7904 -5.2712 -51.3614 51.9654 0.0005 -51.3282
3 16 51.9654 0.0005 -51.3282 63.7904 -5.2712 -51.3614 63.1661 0.0005 -51.3308
3 16 62.7266 0.0005 -47.3806 63.7904 0.0005 -51.3614 63.7904 -5.2712 -51.3614
3 16 51.3404 0.0005 -51.3282 51.9654 0.0005 -51.3282 52.2245 0.0005 -54.1549
3 16 52.2245 0.0005 -54.1549 51.9654 0.0005 -51.3282 52.8462 0.0005 -54.1512
3 16 51.9654 0.0005 -51.3282 63.1661 0.0005 -51.3308 52.8462 0.0005 -54.1512
3 16 52.8462 0.0005 -54.1512 63.1661 0.0005 -51.3308 63.7473 0.0005 -54.182
3 16 51.9654 0.0005 -51.3282 51.3404 0.0005 -51.3282 51.3404 -5.3011 -51.3282
3 16 51.3404 -5.3011 -51.3282 51.3404 0.0005 -51.3282 49.8394 -5.3011 -46.9227
3 16 49.8394 -5.3011 -46.9227 51.3404 0.0005 -51.3282 49.8394 0.0005 -46.9227
3 16 63.7904 -5.2712 -51.3614 63.7904 0.0005 -51.3614 63.1661 0.0005 -51.3308
3 16 63.7904 -5.2712 -51.3614 62.2009 -4.8023 -45.7899 62.408 -3.8889 -46.0664
3 16 62.408 -1.9132 -46.0664 62.408 -3.8889 -46.0664 65.2852 -2.0033 -44.8621
3 16 65.2852 -2.0033 -44.8621 62.408 -3.8889 -46.0664 65.2391 -4.0107 -44.792
3 16 61.5625 -5.3011 -45.4421 62.2009 -4.8023 -45.7899 63.7904 -5.2712 -51.3614
3 16 40.18 -0.3108 -31.6003 49.286 0.0005 -22.805 40.3663 -4.7945 -31.8663
3 16 40.3663 -4.7945 -31.8663 49.286 0.0005 -22.805 49.286 -5.3011 -22.805
3 16 65.089 -4.8023 -44.3746 65.2391 -4.0107 -44.792 62.2009 -4.8023 -45.7899
3 16 62.2009 -4.8023 -45.7899 65.2391 -4.0107 -44.792 62.408 -3.8889 -46.0664
3 16 61.5625 -5.3011 -45.4421 64.8056 -5.3011 -43.7073 62.2009 -4.8023 -45.7899
3 16 62.2009 -4.8023 -45.7899 64.8056 -5.3011 -43.7073 65.089 -4.8023 -44.3746
3 16 59.8893 -5.3011 -44.9321 64.3001 -5.3011 -42.4202 61.5625 -5.3011 -45.4421
3 16 61.5625 -5.3011 -45.4421 64.3001 -5.3011 -42.4202 64.8056 -5.3011 -43.7073
3 16 63.1661 0.0005 -51.3308 63.7904 0.0005 -51.3614 63.7473 0.0005 -54.182
3 16 63.7473 0.0005 -54.182 63.7904 0.0005 -51.3614 64.3549 0.0005 -54.1837
3 16 40.3663 -4.7945 -31.8663 38.4196 -3.8976 -33.4683 38.3923 -2.4478 -33.4661
3 16 40.3663 -4.7945 -31.8663 38.6288 -4.7869 -33.7713 38.4196 -3.8976 -33.4683
3 16 38.6288 -4.7869 -33.7713 40.3663 -4.7945 -31.8663 39.1249 -5.2706 -34.5017
3 16 40.3663 -4.7945 -31.8663 54.0946 -5.2854 -29.5614 39.1249 -5.2706 -34.5017
3 16 39.1249 -5.2706 -34.5017 54.0946 -5.2854 -29.5614 42.1766 -5.2705 -39.1936
3 16 62.5253 -0.3567 -46.5356 62.7266 0.0005 -47.3806 63.7904 -5.2712 -51.3614
3 16 44.5346 -2.553 -44.9083 45.4817 -7.4974 -47.0249 44.4284 -4.0946 -44.6712
3 16 38.1872 -4.7161 -34.2088 36.9588 -7.4979 -32.5765 37.9568 -3.8245 -33.9026
3 16 36.7099 -1.1849 -32.2818 32.4753 -1.1849 -27.5595 37.1138 -1.1849 -31.9325
3 16 37.1138 -1.1849 -31.9325 32.4753 -1.1849 -27.5595 32.9544 -1.1849 -27.0804
3 16 37.1138 -1.1849 -31.9325 37.7587 -1.3204 -32.6465 36.7099 -1.1849 -32.2818
3 16 36.7099 -1.1849 -32.2818 37.7587 -1.3204 -32.6465 37.3466 -1.3349 -33.0951
3 16 45.3883 -1.3706 -45.412 45.847 -1.1849 -46.6048 45.0803 -1.1849 -46.1279
3 16 45.0803 -1.1849 -46.1279 45.847 -1.1849 -46.6048 45.3988 -1.1849 -46.8397
3 16 45.847 -1.1849 -46.6048 47.7323 -1.1849 -51.5303 45.3988 -1.1849 -46.8397
3 16 45.3988 -1.1849 -46.8397 47.7323 -1.1849 -51.5303 47.1929 -1.1849 -51.7724
3 16 47.7323 -1.1849 -51.5303 49.4534 -1.1849 -58.1187 47.1929 -1.1849 -51.7724
3 16 47.1929 -1.1849 -51.7724 49.4534 -1.1849 -58.1187 48.8729 -1.1849 -58.2851
3 16 49.4534 -1.1849 -58.1187 50.4119 -1.1849 -64.8024 48.8729 -1.1849 -58.2851
3 16 48.8729 -1.1849 -58.2851 50.4119 -1.1849 -64.8024 49.8131 -1.1849 -64.9448
3 16 45.3883 -1.3706 -45.412 45.0803 -1.1849 -46.1279 44.7277 -1.6133 -45.3399
3 16 45.3883 -1.3706 -45.412 44.7277 -1.6133 -45.3399 45.159 -2.5668 -44.4822
3 16 45.159 -2.5668 -44.4822 44.7277 -1.6133 -45.3399 44.5346 -2.553 -44.9083
3 16 45.0779 -4.157 -44.2641 45.159 -2.5668 -44.4822 44.4284 -4.0946 -44.6712
3 16 44.4284 -4.0946 -44.6712 45.159 -2.5668 -44.4822 44.5346 -2.553 -44.9083
3 16 37.7587 -1.3204 -32.6465 38.1429 -1.717 -33.1166 37.3466 -1.3349 -33.0951
3 16 37.3466 -1.3349 -33.0951 38.1429 -1.717 -33.1166 37.699 -1.7203 -33.5601
3 16 38.1429 -1.717 -33.1166 38.3923 -2.4478 -33.4661 37.699 -1.7203 -33.5601
3 16 37.699 -1.7203 -33.5601 38.3923 -2.4478 -33.4661 37.9424 -2.4645 -33.8599
3 16 42.1766 -5.2705 -39.1936 44.6649 -5.2697 -43.6448 41.6464 -5.2697 -39.5493
3 16 41.6464 -5.2697 -39.5493 44.6649 -5.2697 -43.6448 44.1447 -5.2697 -44.0758
3 16 39.1249 -5.2706 -34.5017 42.1766 -5.2705 -39.1936 38.7271 -5.2697 -34.9551
3 16 38.7271 -5.2697 -34.9551 42.1766 -5.2705 -39.1936 41.6464 -5.2697 -39.5493
3 16 38.6288 -4.7869 -33.7713 38.1872 -4.7161 -34.2088 38.4196 -3.8976 -33.4683
3 16 38.4196 -3.8976 -33.4683 38.1872 -4.7161 -34.2088 37.9568 -3.8245 -33.9026
3 16 38.6288 -4.7869 -33.7713 39.1249 -5.2706 -34.5017 38.1872 -4.7161 -34.2088
3 16 38.1872 -4.7161 -34.2088 39.1249 -5.2706 -34.5017 38.7271 -5.2697 -34.9551
3 16 38.4196 -3.8976 -33.4683 37.9568 -3.8245 -33.9026 38.3923 -2.4478 -33.4661
3 16 38.3923 -2.4478 -33.4661 37.9568 -3.8245 -33.9026 37.9424 -2.4645 -33.8599
3 16 51.6529 -1.1849 -19.0223 46.6053 -1.1849 -13.4296 51.6529 -7.5001 -19.0223
3 16 51.6529 -7.5001 -19.0223 46.6053 -1.1849 -13.4296 46.6053 -7.5001 -13.4295
3 16 51.6529 -1.1849 -19.0223 51.6529 -7.5001 -19.0223 57.1281 -1.1849 -26.4242
3 16 57.1281 -1.1849 -26.4242 51.6529 -7.5001 -19.0223 58.4369 -7.4995 -28.569
3 16 60.3196 -1.633 -31.7829 58.4369 -7.4995 -28.569 60.5949 -2.5173 -32.2977
3 16 66.3884 -1.1849 -46.0625 66.1309 -1.2755 -45.2974 66.3884 -7.5001 -46.0625
3 16 66.1309 -1.2755 -45.2974 65.9334 -2.0247 -44.7105 66.3884 -7.5001 -46.0625
3 16 65.8667 -3.9664 -44.5142 66.3884 -7.5001 -46.0625 65.9334 -2.0247 -44.7105
3 16 67.7229 -1.1849 -50.9073 66.3884 -1.1849 -46.0625 67.7229 -7.5001 -50.9073
3 16 67.7229 -7.5001 -50.9073 66.3884 -1.1849 -46.0625 66.3884 -7.5001 -46.0625
3 16 69.0469 -1.1849 -57.4738 67.7229 -1.1849 -50.9073 69.0469 -7.5001 -57.4738
3 16 69.0469 -7.5001 -57.4738 67.7229 -1.1849 -50.9073 67.7229 -7.5001 -50.9073
3 16 69.8168 -1.1849 -64.1281 69.0469 -1.1849 -57.4738 69.8168 -7.5 -64.1281
3 16 69.8168 -7.5 -64.1281 69.0469 -1.1849 -57.4738 69.0469 -7.5001 -57.4738
3 16 65.5009 -1.3097 -45.4674 66.1309 -1.2755 -45.2974 65.7564 -1.1849 -46.2812
3 16 65.7564 -1.1849 -46.2812 66.1309 -1.2755 -45.2974 66.3884 -1.1849 -46.0625
3 16 65.2391 -4.0107 -44.792 65.8667 -3.9664 -44.5142 65.2852 -2.0033 -44.8621
3 16 65.2852 -2.0033 -44.8621 65.8667 -3.9664 -44.5142 65.9334 -2.0247 -44.7105
3 16 65.2391 -4.0107 -44.792 65.089 -4.8023 -44.3746 65.8667 -3.9664 -44.5142
3 16 65.8667 -3.9664 -44.5142 65.089 -4.8023 -44.3746 65.7281 -4.8186 -44.1103
3 16 65.089 -4.8023 -44.3746 64.8056 -5.3011 -43.7073 65.7281 -4.8186 -44.1103
3 16 65.7281 -4.8186 -44.1103 64.8056 -5.3011 -43.7073 65.478 -5.3011 -43.3934
3 16 69.0024 -1.1849 -64.2409 68.3125 -1.1849 -57.6431 69.8168 -1.1849 -64.1281
3 16 69.8168 -1.1849 -64.1281 68.3125 -1.1849 -57.6431 69.0469 -1.1849 -57.4738
3 16 64.8056 -5.3011 -43.7073 64.3001 -5.3011 -42.4202 65.478 -5.3011 -43.3934
3 16 65.478 -5.3011 -43.3934 64.3001 -5.3011 -42.4202 65.0194 -5.3011 -42.1047
3 16 60.4621 -5.3011 -33.6879 60.1593 -4.139 -32.9464 61.1617 -5.3011 -33.3829
3 16 61.1617 -5.3011 -33.3829 60.1593 -4.139 -32.9464 60.7227 -4.1637 -32.5388
3 16 61.857 -5.3011 -36.7001 60.4621 -5.3011 -33.6879 62.5739 -5.3011 -36.3208
3 16 62.5739 -5.3011 -36.3208 60.4621 -5.3011 -33.6879 61.1617 -5.3011 -33.3829
3 16 59.7628 -1.5944 -32.1948 60.3196 -1.633 -31.7829 60.0476 -2.4249 -32.6785
3 16 60.0476 -2.4249 -32.6785 60.3196 -1.633 -31.7829 60.5949 -2.5173 -32.2977
3 16 59.7628 -1.5944 -32.1948 59.3459 -1.1849 -31.3154 60.3196 -1.633 -31.7829
3 16 60.3196 -1.633 -31.7829 59.3459 -1.1849 -31.3154 59.9044 -1.1849 -31.0084
3 16 59.9044 -1.1849 -31.0084 59.3459 -1.1849 -31.3154 57.1281 -1.1849 -26.4242
3 16 57.1281 -1.1849 -26.4242 59.3459 -1.1849 -31.3154 56.4402 -1.1849 -26.8457
3 16 51.0002 -1.1849 -19.486 51.6529 -1.1849 -19.0223 56.4402 -1.1849 -26.8457
3 16 56.4402 -1.1849 -26.8457 51.6529 -1.1849 -19.0223 57.1281 -1.1849 -26.4242
3 16 64.3001 -5.3011 -42.4202 61.857 -5.3011 -36.7001 65.0194 -5.3011 -42.1047
3 16 65.0194 -5.3011 -42.1047 61.857 -5.3011 -36.7001 62.5739 -5.3011 -36.3208
3 16 46.1491 -1.1849 -13.8858 46.6053 -1.1849 -13.4296 51.0002 -1.1849 -19.486
3 16 51.0002 -1.1849 -19.486 46.6053 -1.1849 -13.4296 51.6529 -1.1849 -19.0223
3 16 66.9815 -1.1849 -51.0858 65.7564 -1.1849 -46.2812 67.7229 -1.1849 -50.9073
3 16 67.7229 -1.1849 -50.9073 65.7564 -1.1849 -46.2812 66.3884 -1.1849 -46.0625
3 16 68.3125 -1.1849 -57.6431 66.9815 -1.1849 -51.0858 69.0469 -1.1849 -57.4738
3 16 69.0469 -1.1849 -57.4738 66.9815 -1.1849 -51.0858 67.7229 -1.1849 -50.9073
3 16 44.4284 -4.0946 -44.6712 45.4817 -7.4974 -47.0249 44.1447 -5.2697 -44.0758
3 16 38.7271 -5.2697 -34.9551 36.9588 -7.4979 -32.5765 38.1872 -4.7161 -34.2088
3 16 60.7227 -4.1637 -32.5388 58.4369 -7.4995 -28.569 61.1617 -5.3011 -33.3829
3 16 65.7281 -4.8186 -44.1103 66.3884 -7.5001 -46.0625 65.8667 -3.9664 -44.5142
3 16 36.9588 -7.4979 -32.5765 37.699 -1.7203 -33.5601 37.9424 -2.4645 -33.8599
3 16 61.5625 -5.3011 -45.4421 63.7904 -5.2712 -51.3614 59.8893 -5.3011 -44.9321
3 16 49.8131 -1.1849 -64.9448 50.0348 -1.1849 -70.0348 49.8131 -7.4968 -64.9448
3 16 49.8131 -7.4968 -64.9448 50.0348 -1.1849 -70.0348 50.0348 -7.5 -70.0348
3 16 37.3509 -7.9968 -32.2676 32.829 -7.9968 -27.2059 36.9588 -7.4979 -32.5765
3 16 36.9588 -7.4979 -32.5765 32.829 -7.9968 -27.2059 32.4753 -7.4968 -27.5595
3 16 32.4753 -1.1849 -27.5595 36.7099 -1.1849 -32.2818 32.4753 -7.4968 -27.5595
3 16 32.4753 -7.4968 -27.5595 36.7099 -1.1849 -32.2818 36.9588 -7.4979 -32.5765
3 16 50.0348 -7.5 -70.0348 50.5232 -7.9995 -69.5349 49.8131 -7.4968 -64.9448
3 16 49.8131 -7.4968 -64.9448 50.5232 -7.9995 -69.5349 50.3113 -7.9968 -64.9034
3 16 69.3181 -7.9999 -64.1636 69.5236 -8 -69.5349 69.8168 -7.5 -64.1281
3 16 69.8168 -7.5 -64.1281 69.5236 -8 -69.5349 70.0348 -7.5001 -70.0348
3 16 70.0348 -7.5001 -70.0348 69.5236 -8 -69.5349 50.0348 -7.5 -70.0348
3 16 50.0348 -7.5 -70.0348 69.5236 -8 -69.5349 50.5232 -7.9995 -69.5349
3 16 69.8168 -1.1849 -64.1281 69.8168 -7.5 -64.1281 70.0348 -1.1849 -70.0348
3 16 70.0348 -1.1849 -70.0348 69.8168 -7.5 -64.1281 70.0348 -7.5001 -70.0348
3 16 41.6406 -7.497 -39.5444 42.0703 -7.9968 -39.2907 36.9588 -7.4979 -32.5765
3 16 36.9588 -7.4979 -32.5765 42.0703 -7.9968 -39.2907 37.3509 -7.9968 -32.2676
3 16 41.6464 -5.2697 -39.5493 41.6406 -7.497 -39.5444 38.7271 -5.2697 -34.9551
3 16 38.7271 -5.2697 -34.9551 41.6406 -7.497 -39.5444 36.9588 -7.4979 -32.5765
3 16 46.2518 -7.9999 -13.7831 32.829 -7.9968 -27.2059 51.2678 -7.9999 -19.3409
3 16 51.2678 -7.9999 -19.3409 32.829 -7.9968 -27.2059 37.3509 -7.9968 -32.2676
3 16 62.571 -7.5 -36.3148 62.1183 -7.9999 -36.5267 65.359 -7.5035 -43.0804
3 16 65.359 -7.5035 -43.0804 62.1183 -7.9999 -36.5267 64.8945 -7.9999 -43.2799
3 16 62.5739 -5.3011 -36.3208 62.571 -7.5 -36.3148 65.0194 -5.3011 -42.1047
3 16 65.0194 -5.3011 -42.1047 62.571 -7.5 -36.3148 65.359 -7.5035 -43.0804
3 16 65.9118 -7.9999 -46.214 64.8945 -7.9999 -43.2799 47.6693 -7.9968 -51.6206
3 16 65.0194 -5.3011 -42.1047 65.359 -7.5035 -43.0804 65.478 -5.3011 -43.3934
3 16 65.478 -5.3011 -43.3934 65.359 -7.5035 -43.0804 65.7281 -4.8186 -44.1103
3 16 65.7281 -4.8186 -44.1103 65.359 -7.5035 -43.0804 66.3884 -7.5001 -46.0625
3 16 65.359 -7.5035 -43.0804 64.8945 -7.9999 -43.2799 66.3884 -7.5001 -46.0625
3 16 66.3884 -7.5001 -46.0625 64.8945 -7.9999 -43.2799 65.9118 -7.9999 -46.214
3 16 42.0703 -7.9968 -39.2907 58.0087 -7.9999 -28.8271 37.3509 -7.9968 -32.2676
3 16 37.3509 -7.9968 -32.2676 58.0087 -7.9999 -28.8271 51.2678 -7.9999 -19.3409
3 16 41.6406 -7.497 -39.5444 45.4817 -7.4974 -47.0249 42.0703 -7.9968 -39.2907
3 16 42.0703 -7.9968 -39.2907 45.4817 -7.4974 -47.0249 45.9422 -7.9968 -46.8312
3 16 45.4817 -7.4974 -47.0249 41.6406 -7.497 -39.5444 44.1447 -5.2697 -44.0758
3 16 44.1447 -5.2697 -44.0758 41.6406 -7.497 -39.5444 41.6464 -5.2697 -39.5493
3 16 47.1929 -7.4968 -51.7724 47.6693 -7.9968 -51.6206 45.4817 -7.4974 -47.0249
3 16 45.4817 -7.4974 -47.0249 47.6693 -7.9968 -51.6206 45.9422 -7.9968 -46.8312
3 16 47.1929 -7.4968 -51.7724 45.4817 -7.4974 -47.0249 47.1929 -1.1849 -51.7724
3 16 47.1929 -1.1849 -51.7724 45.4817 -7.4974 -47.0249 45.3988 -1.1849 -46.8397
3 16 45.9422 -7.9968 -46.8312 62.1183 -7.9999 -36.5267 42.0703 -7.9968 -39.2907
3 16 42.0703 -7.9968 -39.2907 62.1183 -7.9999 -36.5267 58.0087 -7.9999 -28.8271
3 16 62.1183 -7.9999 -36.5267 45.9422 -7.9968 -46.8312 64.8945 -7.9999 -43.2799
3 16 64.8945 -7.9999 -43.2799 45.9422 -7.9968 -46.8312 47.6693 -7.9968 -51.6206
3 16 47.1929 -7.4968 -51.7724 48.8729 -7.4968 -58.2851 47.6693 -7.9968 -51.6206
3 16 47.6693 -7.9968 -51.6206 48.8729 -7.4968 -58.2851 49.3632 -7.9968 -58.1875
3 16 48.8729 -1.1849 -58.2851 48.8729 -7.4968 -58.2851 47.1929 -1.1849 -51.7724
3 16 47.1929 -1.1849 -51.7724 48.8729 -7.4968 -58.2851 47.1929 -7.4968 -51.7724
3 16 49.3632 -7.9968 -58.1875 67.2374 -7.9999 -51.0266 47.6693 -7.9968 -51.6206
3 16 47.6693 -7.9968 -51.6206 67.2374 -7.9999 -51.0266 65.9118 -7.9999 -46.214
3 16 48.8729 -7.4968 -58.2851 49.8131 -7.4968 -64.9448 49.3632 -7.9968 -58.1875
3 16 49.3632 -7.9968 -58.1875 49.8131 -7.4968 -64.9448 50.3113 -7.9968 -64.9034
3 16 49.8131 -1.1849 -64.9448 49.8131 -7.4968 -64.9448 48.8729 -1.1849 -58.2851
3 16 48.8729 -1.1849 -58.2851 49.8131 -7.4968 -64.9448 48.8729 -7.4968 -58.2851
3 16 49.3632 -7.9968 -58.1875 50.3113 -7.9968 -64.9034 68.5531 -7.9999 -57.552
3 16 68.5531 -7.9999 -57.552 50.3113 -7.9968 -64.9034 69.3181 -7.9999 -64.1636
3 16 46.6053 -7.5001 -13.4295 46.2518 -7.9999 -13.7831 51.6529 -7.5001 -19.0223
3 16 51.6529 -7.5001 -19.0223 46.2518 -7.9999 -13.7831 51.2678 -7.9999 -19.3409
3 16 58.4369 -7.4995 -28.569 51.6529 -7.5001 -19.0223 58.0087 -7.9999 -28.8271
3 16 58.0087 -7.9999 -28.8271 51.6529 -7.5001 -19.0223 51.2678 -7.9999 -19.3409
3 16 58.4369 -7.4995 -28.569 62.571 -7.5 -36.3148 61.1617 -5.3011 -33.3829
3 16 61.1617 -5.3011 -33.3829 62.571 -7.5 -36.3148 62.5739 -5.3011 -36.3208
3 16 62.571 -7.5 -36.3148 58.4369 -7.4995 -28.569 62.1183 -7.9999 -36.5267
3 16 62.1183 -7.9999 -36.5267 58.4369 -7.4995 -28.569 58.0087 -7.9999 -28.8271
3 16 66.3884 -7.5001 -46.0625 65.9118 -7.9999 -46.214 67.7229 -7.5001 -50.9073
3 16 67.7229 -7.5001 -50.9073 65.9118 -7.9999 -46.214 67.2374 -7.9999 -51.0266
3 16 68.5531 -7.9999 -57.552 67.2374 -7.9999 -51.0266 49.3632 -7.9968 -58.1875
3 16 69.0469 -7.5001 -57.4738 67.7229 -7.5001 -50.9073 68.5531 -7.9999 -57.552
3 16 68.5531 -7.9999 -57.552 67.7229 -7.5001 -50.9073 67.2374 -7.9999 -51.0266
3 16 69.8168 -7.5 -64.1281 69.0469 -7.5001 -57.4738 69.3181 -7.9999 -64.1636
3 16 69.3181 -7.9999 -64.1636 69.0469 -7.5001 -57.4738 68.5531 -7.9999 -57.552
3 16 50.3113 -7.9968 -64.9034 50.5232 -7.9995 -69.5349 69.3181 -7.9999 -64.1636
3 16 69.3181 -7.9999 -64.1636 50.5232 -7.9995 -69.5349 69.5236 -8 -69.5349
3 16 52.2798 -5.3011 -54.1536 64.2828 -5.3011 -54.1689 62.9747 -5.3011 -57.2776
3 16 52.2798 -5.3011 -54.1536 52.8462 0.0005 -54.1512 64.2828 -5.3011 -54.1689
3 16 64.2828 -5.3011 -54.1689 52.8462 0.0005 -54.1512 63.7473 0.0005 -54.182
3 16 66.147 -0.0081 -66.2848 53.9827 -0.0028 -66.2848 66.0971 -5.3011 -66.2848
3 16 66.0971 -5.3011 -66.2848 53.9827 -0.0028 -66.2848 53.9798 -5.3011 -66.2849
3 16 64.2828 -5.3011 -54.1689 63.7473 0.0005 -54.182 64.3549 0.0005 -54.1837
3 16 62.9747 -5.3011 -57.2776 64.2828 -5.3011 -54.1689 64.7557 -5.3011 -55.4986
3 16 53.5097 -5.3011 -61.5183 53.9975 -5.3011 -61.5183 53.9798 -5.3011 -66.2849
3 16 53.9975 -5.3011 -61.5183 66.0971 -5.3011 -66.2848 53.9798 -5.3011 -66.2849
3 16 52.2798 -5.3011 -54.1536 52.2245 0.0005 -54.1549 52.8462 0.0005 -54.1512
3 16 44.4143 0.0005 -15.6205 45.8052 0.0005 -14.2296 45.872 0.0005 -17.0592
3 16 45.8052 0.0005 -14.2296 46.1491 -1.1849 -13.8858 50.6072 0.0005 -19.7718
3 16 50.6072 0.0005 -19.7718 46.1491 -1.1849 -13.8858 51.0002 -1.1849 -19.486
3 16 45.8052 0.0005 -14.2296 50.6072 0.0005 -19.7718 45.872 0.0005 -17.0592
3 16 50.6072 0.0005 -19.7718 46.4824 0.0005 -18.8005 45.872 0.0005 -17.0592
3 16 59.032 0.0005 -31.7745 56.0394 0.0005 -27.1176 59.3459 -1.1849 -31.3154
3 16 59.3459 -1.1849 -31.3154 56.0394 0.0005 -27.1176 56.4402 -1.1849 -26.8457
3 16 50.6072 0.0005 -19.7718 51.0002 -1.1849 -19.486 56.0394 0.0005 -27.1176
3 16 56.0394 0.0005 -27.1176 51.0002 -1.1849 -19.486 56.4402 -1.1849 -26.8457
3 16 50.6072 0.0005 -19.7718 56.0394 0.0005 -27.1176 49.286 0.0005 -22.805
3 16 49.286 0.0005 -22.805 56.0394 0.0005 -27.1176 54.0946 0.0005 -29.5614
3 16 49.286 0.0005 -22.805 47.9959 0.0005 -20.5832 50.6072 0.0005 -19.7718
3 16 59.7628 -1.5944 -32.1948 59.8849 -1.6014 -32.7778 59.5685 -0.5835 -32.5946
3 16 59.032 0.0005 -31.7745 59.3459 -1.1849 -31.3154 59.5685 -0.5835 -32.5946
3 16 59.5685 -0.5835 -32.5946 59.3459 -1.1849 -31.3154 59.7628 -1.5944 -32.1948
3 16 60.0476 -2.4249 -32.6785 60.5949 -2.5173 -32.2977 60.1593 -4.139 -32.9464
3 16 60.1593 -4.139 -32.9464 60.5949 -2.5173 -32.2977 60.7227 -4.1637 -32.5388
3 16 59.7628 -1.5944 -32.1948 60.0476 -2.4249 -32.6785 59.8849 -1.6014 -32.7778
3 16 65.2852 -2.0033 -44.8621 65.1451 -1.2067 -45.1254 62.408 -1.9132 -46.0664
3 16 62.408 -1.9132 -46.0664 65.1451 -1.2067 -45.1254 62.4413 -1.2067 -46.2226
3 16 65.1451 -1.2067 -45.1254 65.2852 -2.0033 -44.8621 65.5009 -1.3097 -45.4674
3 16 65.2761 0.0005 -46.3536 65.7564 -1.1849 -46.2812 66.5071 0.0005 -51.1615
3 16 66.5071 0.0005 -51.1615 65.7564 -1.1849 -46.2812 66.9815 -1.1849 -51.0858
3 16 62.7266 0.0005 -47.3806 65.2761 0.0005 -46.3536 63.7904 0.0005 -51.3614
3 16 63.7904 0.0005 -51.3614 65.2761 0.0005 -46.3536 66.5071 0.0005 -51.1615
3 16 66.5071 0.0005 -51.1615 64.3549 0.0005 -54.1837 63.7904 0.0005 -51.3614
3 16 64.3549 0.0005 -54.1837 66.5071 0.0005 -51.1615 64.8388 0.0005 -55.4567
3 16 65.1451 -1.2067 -45.1254 65.0191 -0.3539 -45.5635 62.4413 -1.2067 -46.2226
3 16 62.4413 -1.2067 -46.2226 65.0191 -0.3539 -45.5635 62.5253 -0.3567 -46.5356
3 16 65.0191 -0.3539 -45.5635 65.1451 -1.2067 -45.1254 65.5009 -1.3097 -45.4674
3 16 65.0191 -0.3539 -45.5635 65.2761 0.0005 -46.3536 62.5253 -0.3567 -46.5356
3 16 62.5253 -0.3567 -46.5356 65.2761 0.0005 -46.3536 62.7266 0.0005 -47.3806
3 16 65.2761 0.0005 -46.3536 65.0191 -0.3539 -45.5635 65.7564 -1.1849 -46.2812
3 16 65.7564 -1.1849 -46.2812 65.0191 -0.3539 -45.5635 65.5009 -1.3097 -45.4674
3 16 66.5071 0.0005 -51.1615 66.9815 -1.1849 -51.0858 67.8331 0.0005 -57.6705
3 16 67.8331 0.0005 -57.6705 66.9815 -1.1849 -51.0858 68.3125 -1.1849 -57.6431
3 16 68.5752 -0.001 -64.4539 67.8331 0.0005 -57.6705 69.0024 -1.1849 -64.2409
3 16 69.0024 -1.1849 -64.2409 67.8331 0.0005 -57.6705 68.3125 -1.1849 -57.6431
3 16 65.2852 -2.0033 -44.8621 65.9334 -2.0247 -44.7105 65.5009 -1.3097 -45.4674
3 16 65.5009 -1.3097 -45.4674 65.9334 -2.0247 -44.7105 66.1309 -1.2755 -45.2974
3 16 49.4724 0.0005 -56.4068 50.7902 0.0001 -64.7455 49.4534 -1.1849 -58.1187
3 16 49.4534 -1.1849 -58.1187 50.7902 0.0001 -64.7455 50.4119 -1.1849 -64.8024
3 16 48.0337 0.0005 -51.3207 49.8394 0.0005 -46.9227 51.3404 0.0005 -51.3282
3 16 53.0176 0.0005 -58.5019 53.4802 0.0005 -61.5183 49.4724 0.0005 -56.4068
3 16 66.147 -0.0081 -66.2848 67.4742 -0.0015 -69.0352 53.9827 -0.0028 -66.2848
3 16 53.9827 -0.0028 -66.2848 67.4742 -0.0015 -69.0352 52.5594 -0.0004 -69.0512
3 16 52.2245 0.0005 -54.1549 48.0337 0.0005 -51.3207 51.3404 0.0005 -51.3282
3 16 52.2245 0.0005 -54.1549 53.0176 0.0005 -58.5019 49.4724 0.0005 -56.4068
3 16 48.0337 0.0005 -51.3207 49.4724 0.0005 -56.4068 47.7323 -1.1849 -51.5303
3 16 47.7323 -1.1849 -51.5303 49.4724 0.0005 -56.4068 49.4534 -1.1849 -58.1187
3 16 68.8145 -0.0014 -67.5599 69.2633 -1.1849 -67.9678 68.7321 -0.0015 -68.1115
3 16 68.7321 -0.0015 -68.1115 69.2633 -1.1849 -67.9678 69.1773 -1.1849 -68.5201
3 16 68.7321 -0.0015 -68.1115 69.1773 -1.1849 -68.5201 68.461 -0.0016 -68.596
3 16 68.461 -0.0016 -68.596 69.1773 -1.1849 -68.5201 68.9033 -1.1849 -69.0045
3 16 68.0076 -0.0016 -68.9088 68.461 -0.0016 -68.596 68.4478 -1.1849 -69.3168
3 16 68.4478 -1.1849 -69.3168 68.461 -0.0016 -68.596 68.9033 -1.1849 -69.0045
3 16 67.4742 -0.0015 -69.0352 68.0076 -0.0016 -68.9088 67.9127 -1.1849 -69.4431
3 16 67.9127 -1.1849 -69.4431 68.0076 -0.0016 -68.9088 68.4478 -1.1849 -69.3168
3 16 52.0008 -0.0004 -68.9361 51.511 -0.0003 -68.6467 53.9827 -0.0028 -66.2848
3 16 51.511 -0.0003 -68.6467 51.181 -0.0002 -68.1865 53.9827 -0.0028 -66.2848
3 16 68.5752 -0.001 -64.4539 69.0024 -1.1849 -64.2409 68.8145 -0.0014 -67.5599
3 16 68.8145 -0.0014 -67.5599 69.0024 -1.1849 -64.2409 69.2633 -1.1849 -67.9678
3 16 66.147 -0.0081 -66.2848 68.5752 -0.001 -64.4539 68.8145 -0.0014 -67.5599
3 16 50.7902 0.0001 -64.7455 51.0211 -0.0002 -67.6446 50.4119 -1.1849 -64.8024
3 16 50.4119 -1.1849 -64.8024 51.0211 -0.0002 -67.6446 50.6521 -1.1849 -68.0577
3 16 52.5594 -0.0004 -69.0512 52.1774 -1.1849 -69.466 52.0008 -0.0004 -68.9361
3 16 52.0008 -0.0004 -68.9361 52.1774 -1.1849 -69.466 51.6208 -1.1849 -69.3506
3 16 52.0008 -0.0004 -68.9361 51.6208 -1.1849 -69.3506 51.511 -0.0003 -68.6467
3 16 51.511 -0.0003 -68.6467 51.6208 -1.1849 -69.3506 51.1335 -1.1849 -69.0605
3 16 51.181 -0.0002 -68.1865 51.511 -0.0003 -68.6467 50.8072 -1.1849 -68.5995
3 16 50.8072 -1.1849 -68.5995 51.511 -0.0003 -68.6467 51.1335 -1.1849 -69.0605
3 16 51.0211 -0.0002 -67.6446 51.181 -0.0002 -68.1865 50.6521 -1.1849 -68.0577
3 16 50.6521 -1.1849 -68.0577 51.181 -0.0002 -68.1865 50.8072 -1.1849 -68.5995
3 16 68.0076 -0.0016 -68.9088 67.4742 -0.0015 -69.0352 66.147 -0.0081 -66.2848
3 16 68.461 -0.0016 -68.596 68.0076 -0.0016 -68.9088 66.147 -0.0081 -66.2848
3 16 68.7321 -0.0015 -68.1115 68.461 -0.0016 -68.596 66.147 -0.0081 -66.2848
3 16 68.8145 -0.0014 -67.5599 68.7321 -0.0015 -68.1115 66.147 -0.0081 -66.2848
3 16 50.4119 -1.1849 -64.8024 50.6521 -1.1849 -68.0577 49.8131 -1.1849 -64.9448
3 16 49.8131 -1.1849 -64.9448 50.6521 -1.1849 -68.0577 50.0348 -1.1849 -70.0348
3 16 51.1335 -1.1849 -69.0605 51.6208 -1.1849 -69.3506 50.0348 -1.1849 -70.0348
3 16 67.9127 -1.1849 -69.4431 70.0348 -1.1849 -70.0348 52.1774 -1.1849 -69.466
3 16 52.1774 -1.1849 -69.466 70.0348 -1.1849 -70.0348 50.0348 -1.1849 -70.0348
3 16 69.0024 -1.1849 -64.2409 69.8168 -1.1849 -64.1281 69.2633 -1.1849 -67.9678
3 16 69.2633 -1.1849 -67.9678 69.8168 -1.1849 -64.1281 70.0348 -1.1849 -70.0348
3 16 67.9127 -1.1849 -69.4431 68.4478 -1.1849 -69.3168 70.0348 -1.1849 -70.0348
3 16 68.4478 -1.1849 -69.3168 68.9033 -1.1849 -69.0045 70.0348 -1.1849 -70.0348
3 16 68.9033 -1.1849 -69.0045 69.1773 -1.1849 -68.5201 70.0348 -1.1849 -70.0348
3 16 69.1773 -1.1849 -68.5201 69.2633 -1.1849 -67.9678 70.0348 -1.1849 -70.0348
3 16 50.8072 -1.1849 -68.5995 51.1335 -1.1849 -69.0605 50.0348 -1.1849 -70.0348
3 16 51.6208 -1.1849 -69.3506 52.1774 -1.1849 -69.466 50.0348 -1.1849 -70.0348
3 16 50.0348 -7.5 -70.0348 50.0348 -1.1849 -70.0348 70.0348 -7.5001 -70.0348
3 16 70.0348 -7.5001 -70.0348 50.0348 -1.1849 -70.0348 70.0348 -1.1849 -70.0348
3 16 50.6521 -1.1849 -68.0577 50.8072 -1.1849 -68.5995 50.0348 -1.1849 -70.0348
3 16 67.9127 -1.1849 -69.4431 52.1774 -1.1849 -69.466 67.4742 -0.0015 -69.0352
3 16 67.4742 -0.0015 -69.0352 52.1774 -1.1849 -69.466 52.5594 -0.0004 -69.0512
3 16 32.9544 -1.1849 -27.0804 33.1474 0.0005 -26.8874 37.1138 -1.1849 -31.9325
3 16 37.1138 -1.1849 -31.9325 33.1474 0.0005 -26.8874 37.6032 0.028 -32.0379
3 16 33.1474 0.0005 -26.8874 36.4074 0.0005 -25.7169 39.4857 0.0005 -29.0934
3 16 33.1474 0.0005 -26.8874 39.4857 0.0005 -29.0934 37.6032 0.028 -32.0379
3 16 40.3663 -4.7945 -31.8663 38.3923 -2.4478 -33.4661 38.4812 -1.6199 -33.3141
3 16 38.3923 -2.4478 -33.4661 38.1429 -1.717 -33.1166 38.4812 -1.6199 -33.3141
3 16 45.872 0.0005 -17.0592 45.872 -5.2854 -17.0592 44.4143 0.0005 -15.6205
3 16 44.4143 0.0005 -15.6205 45.872 -5.2854 -17.0592 44.4143 -5.2854 -15.6205
3 16 46.4824 0.0005 -18.8005 46.4824 -5.2854 -18.8005 45.872 0.0005 -17.0592
3 16 45.872 0.0005 -17.0592 46.4824 -5.2854 -18.8005 45.872 -5.2854 -17.0592
3 16 46.4824 -5.2854 -18.8005 46.4824 0.0005 -18.8005 47.9959 -5.2854 -20.5832
3 16 47.9959 -5.2854 -20.5832 46.4824 0.0005 -18.8005 47.9959 0.0005 -20.5832
3 16 60.5949 -2.5173 -32.2977 58.4369 -7.4995 -28.569 60.7227 -4.1637 -32.5388
3 16 58.4369 -7.4995 -28.569 59.9044 -1.1849 -31.0084 57.1281 -1.1849 -26.4242
3 16 64.8388 0.0005 -55.4567 64.7557 -5.3011 -55.4986 64.3549 0.0005 -54.1837
3 16 64.3549 0.0005 -54.1837 64.7557 -5.3011 -55.4986 64.2828 -5.3011 -54.1689
3 16 66.0971 -5.3011 -66.2848 62.9747 -5.3011 -57.2776 66.1516 -5.3011 -57.7829
3 16 62.9747 -5.3011 -57.2776 64.7557 -5.3011 -55.4986 66.1516 -5.3011 -57.7829
3 16 66.0971 -5.3011 -66.2848 66.1516 -5.3011 -57.7829 66.147 -0.0081 -66.2848
3 16 66.147 -0.0081 -66.2848 66.1516 -5.3011 -57.7829 66.1516 0.0005 -57.7829
3 16 64.7557 -5.3011 -55.4986 64.8388 0.0005 -55.4567 66.1516 -5.3011 -57.7829
3 16 66.1516 -5.3011 -57.7829 64.8388 0.0005 -55.4567 66.1516 0.0005 -57.7829
3 16 45.3379 -0.9771 -44.747 45.8575 0.0005 -45.4739 45.3883 -1.3706 -45.412
3 16 45.3883 -1.3706 -45.412 45.8575 0.0005 -45.4739 45.847 -1.1849 -46.6048
3 16 45.3883 -1.3706 -45.412 45.159 -2.5668 -44.4822 45.3379 -0.9771 -44.747
3 16 49.286 -5.3011 -22.805 54.0946 -5.2854 -29.5614 40.3663 -4.7945 -31.8663
3 16 54.0946 0.0005 -29.5614 54.0946 -5.2854 -29.5614 49.286 0.0005 -22.805
3 16 49.286 0.0005 -22.805 54.0946 -5.2854 -29.5614 49.286 -5.3011 -22.805
3 16 56.0394 0.0005 -27.1176 59.032 0.0005 -31.7745 54.0946 0.0005 -29.5614
3 16 54.0946 0.0005 -29.5614 59.032 0.0005 -31.7745 55.5031 0.0005 -33.3929
3 16 44.6649 -5.2697 -43.6448 45.0779 -4.157 -44.2641 44.1447 -5.2697 -44.0758
3 16 44.1447 -5.2697 -44.0758 45.0779 -4.157 -44.2641 44.4284 -4.0946 -44.6712
3 16 44.6649 -5.2697 -43.6448 42.1766 -5.2705 -39.1936 49.0465 -5.1457 -41.3174
3 16 49.0465 -5.1457 -41.3174 42.1766 -5.2705 -39.1936 54.0946 -5.2854 -29.5614
3 16 48.7213 -4.4314 -42.0752 48.5615 -2.8531 -42.4428 45.0779 -4.157 -44.2641
3 16 45.0779 -4.157 -44.2641 48.5615 -2.8531 -42.4428 45.159 -2.5668 -44.4822
3 16 48.5615 -2.8531 -42.4428 48.7213 -4.4314 -42.0752 54.0946 -5.2854 -29.5614
3 16 49.8394 0.0005 -46.9227 47.8396 0.0005 -44.06 55.5031 0.0005 -33.3929
3 16 55.5031 0.0005 -33.3929 47.8396 0.0005 -44.06 54.0946 0.0005 -29.5614
3 16 49.0465 -5.1457 -41.3174 48.7213 -4.4314 -42.0752 44.6649 -5.2697 -43.6448
3 16 44.6649 -5.2697 -43.6448 48.7213 -4.4314 -42.0752 45.0779 -4.157 -44.2641
3 16 48.7213 -4.4314 -42.0752 49.0465 -5.1457 -41.3174 54.0946 -5.2854 -29.5614
3 16 47.8396 0.0005 -44.06 48.3949 -1.0599 -42.8161 54.0946 0.0005 -29.5614
3 16 54.0946 0.0005 -29.5614 48.3949 -1.0599 -42.8161 54.0946 -5.2854 -29.5614
3 16 48.3949 -1.0599 -42.8161 47.8396 0.0005 -44.06 45.3379 -0.9771 -44.747
3 16 45.3379 -0.9771 -44.747 47.8396 0.0005 -44.06 45.8575 0.0005 -45.4739
3 16 48.3949 -1.0599 -42.8161 48.5615 -2.8531 -42.4428 54.0946 -5.2854 -29.5614
3 16 48.5615 -2.8531 -42.4428 48.3949 -1.0599 -42.8161 45.159 -2.5668 -44.4822
3 16 45.159 -2.5668 -44.4822 48.3949 -1.0599 -42.8161 45.3379 -0.9771 -44.747
3 16 54.705 -4.1277 -35.2994 54.1874 -5.2697 -36.536 49.8394 -5.3011 -46.9227
3 16 54.1874 -5.2697 -36.536 54.705 -4.1277 -35.2994 60.4621 -5.3011 -33.6879
3 16 60.4621 -5.3011 -33.6879 54.705 -4.1277 -35.2994 60.1593 -4.139 -32.9464
3 16 54.9853 -0.7156 -34.6297 55.5031 0.0005 -33.3929 59.5685 -0.5835 -32.5946
3 16 59.5685 -0.5835 -32.5946 55.5031 0.0005 -33.3929 59.032 0.0005 -31.7745
3 16 55.5031 0.0005 -33.3929 54.9853 -0.7156 -34.6297 49.8394 0.0005 -46.9227
3 16 49.8394 0.0005 -46.9227 54.9853 -0.7156 -34.6297 49.8394 -5.3011 -46.9227
3 16 54.9853 -0.7156 -34.6297 54.8528 -1.6487 -34.9463 49.8394 -5.3011 -46.9227
3 16 54.8528 -1.6487 -34.9463 54.9853 -0.7156 -34.6297 59.8849 -1.6014 -32.7778
3 16 59.8849 -1.6014 -32.7778 54.9853 -0.7156 -34.6297 59.5685 -0.5835 -32.5946
3 16 54.705 -4.1277 -35.2994 54.8236 -2.5492 -35.016 60.1593 -4.139 -32.9464
3 16 60.1593 -4.139 -32.9464 54.8236 -2.5492 -35.016 60.0476 -2.4249 -32.6785
3 16 54.8236 -2.5492 -35.016 54.705 -4.1277 -35.2994 49.8394 -5.3011 -46.9227
3 16 54.8528 -1.6487 -34.9463 54.8236 -2.5492 -35.016 49.8394 -5.3011 -46.9227
3 16 54.8528 -1.6487 -34.9463 59.8849 -1.6014 -32.7778 54.8236 -2.5492 -35.016
3 16 54.8236 -2.5492 -35.016 59.8849 -1.6014 -32.7778 60.0476 -2.4249 -32.6785
3 16 49.8394 -5.3011 -46.9227 59.8893 -5.3011 -44.9321 51.3404 -5.3011 -51.3282
3 16 51.3404 -5.3011 -51.3282 59.8893 -5.3011 -44.9321 63.7904 -5.2712 -51.3614
3 16 63.7904 -5.2712 -51.3614 62.408 -3.8889 -46.0664 62.408 -1.9132 -46.0664
3 16 63.7904 -5.2712 -51.3614 62.408 -1.9132 -46.0664 62.4413 -1.2067 -46.2226
3 16 63.7904 -5.2712 -51.3614 62.4413 -1.2067 -46.2226 62.5253 -0.3567 -46.5356
3 16 49.8394 -5.3011 -46.9227 54.1874 -5.2697 -36.536 61.857 -5.3011 -36.7001
3 16 61.857 -5.3011 -36.7001 54.1874 -5.2697 -36.536 60.4621 -5.3011 -33.6879
3 16 49.8394 -5.3011 -46.9227 61.857 -5.3011 -36.7001 59.8893 -5.3011 -44.9321
3 16 59.8893 -5.3011 -44.9321 61.857 -5.3011 -36.7001 64.3001 -5.3011 -42.4202
3 16 33.1474 0.0005 -26.8874 35.7409 0.0005 -24.2939 36.4074 0.0005 -25.7169
3 16 36.4074 0.0005 -25.7169 35.7409 0.0005 -24.2939 36.7857 0.0005 -25.3387
3 16 35.7409 0.0005 -24.2939 35.7409 -5.2854 -24.2939 36.7857 0.0005 -25.3387
3 16 36.7857 0.0005 -25.3387 35.7409 -5.2854 -24.2939 36.7857 -5.2854 -25.3387
3 16 39.4857 -5.2854 -29.0934 36.7857 -5.2854 -25.3387 46.4824 -5.2854 -18.8005
3 16 46.4824 -5.2854 -18.8005 36.7857 -5.2854 -25.3387 45.872 -5.2854 -17.0592
3 16 35.7409 -5.2854 -24.2939 44.4143 -5.2854 -15.6205 36.7857 -5.2854 -25.3387
3 16 36.7857 -5.2854 -25.3387 44.4143 -5.2854 -15.6205 45.872 -5.2854 -17.0592
3 16 36.7857 -5.2854 -25.3387 39.4857 -5.2854 -29.0934 36.3976 -5.2854 -25.7267
3 16 36.4074 0.0005 -25.7169 36.3976 -5.2854 -25.7267 39.4857 0.0005 -29.0934
3 16 39.4857 0.0005 -29.0934 36.3976 -5.2854 -25.7267 39.4857 -5.2854 -29.0934
3 16 36.7857 0.0005 -25.3387 36.7857 -5.2854 -25.3387 36.4074 0.0005 -25.7169
3 16 36.4074 0.0005 -25.7169 36.7857 -5.2854 -25.3387 36.3976 -5.2854 -25.7267
3 16 46.4824 -5.2854 -18.8005 47.9959 -5.2854 -20.5832 39.4857 -5.2854 -29.0934
3 16 53.0644 -5.3011 -58.5013 53.0176 0.0005 -58.5019 52.2798 -5.3011 -54.1536
3 16 52.2798 -5.3011 -54.1536 53.0176 0.0005 -58.5019 52.2245 0.0005 -54.1549
3 16 53.9975 -5.3011 -58.5019 53.9975 0.0005 -58.5019 53.0644 -5.3011 -58.5013
3 16 53.0644 -5.3011 -58.5013 53.9975 0.0005 -58.5019 53.0176 0.0005 -58.5019
3 16 53.9975 0.0005 -61.5183 53.9975 0.0005 -58.5019 53.9975 -5.3011 -61.5183
3 16 53.9975 -5.3011 -61.5183 53.9975 0.0005 -58.5019 53.9975 -5.3011 -58.5019
3 16 53.0176 0.0005 -58.5019 53.9975 0.0005 -58.5019 53.4802 0.0005 -61.5183
3 16 53.4802 0.0005 -61.5183 53.9975 0.0005 -58.5019 53.9975 0.0005 -61.5183
3 16 53.0644 -5.3011 -58.5013 52.2798 -5.3011 -54.1536 53.9975 -5.3011 -58.5019
3 16 62.9747 -5.3011 -57.2776 53.9975 -5.3011 -58.5019 52.2798 -5.3011 -54.1536
3 16 53.9975 -5.3011 -58.5019 62.9747 -5.3011 -57.2776 53.9975 -5.3011 -61.5183
3 16 53.9975 -5.3011 -61.5183 62.9747 -5.3011 -57.2776 66.0971 -5.3011 -66.2848
3 16 53.4802 0.0005 -61.5183 53.5097 -5.3011 -61.5183 53.9827 -0.0028 -66.2848
3 16 53.9827 -0.0028 -66.2848 53.5097 -5.3011 -61.5183 53.9798 -5.3011 -66.2849
3 16 53.4802 0.0005 -61.5183 53.9975 0.0005 -61.5183 53.5097 -5.3011 -61.5183
3 16 53.5097 -5.3011 -61.5183 53.9975 0.0005 -61.5183 53.9975 -5.3011 -61.5183
3 16 37.6032 0.028 -32.0379 37.9799 -0.1919 -32.4843 37.1138 -1.1849 -31.9325
3 16 37.1138 -1.1849 -31.9325 37.9799 -0.1919 -32.4843 37.7587 -1.3204 -32.6465
3 16 37.9799 -0.1919 -32.4843 38.2318 -0.5073 -32.815 37.7587 -1.3204 -32.6465
3 16 37.7587 -1.3204 -32.6465 38.2318 -0.5073 -32.815 38.1429 -1.717 -33.1166
3 16 38.2318 -0.5073 -32.815 38.4812 -1.6199 -33.3141 38.1429 -1.717 -33.1166
3 16 47.9959 0.0005 -20.5832 49.286 0.0005 -22.805 39.4857 0.0005 -29.0934
3 16 39.4857 0.0005 -29.0934 49.286 0.0005 -22.805 40.18 -0.3108 -31.6003
3 16 38.2318 -0.5073 -32.815 40.18 -0.3108 -31.6003 38.4812 -1.6199 -33.3141
3 16 38.4812 -1.6199 -33.3141 40.18 -0.3108 -31.6003 40.3663 -4.7945 -31.8663
3 16 39.4857 0.0005 -29.0934 40.18 -0.3108 -31.6003 37.9799 -0.1919 -32.4843
3 16 37.9799 -0.1919 -32.4843 40.18 -0.3108 -31.6003 38.2318 -0.5073 -32.815
3 16 39.4857 0.0005 -29.0934 37.9799 -0.1919 -32.4843 37.6032 0.028 -32.0379
3 16 60.3196 -1.633 -31.7829 59.9044 -1.1849 -31.0084 58.4369 -7.4995 -28.569
3 16 28.252 -1.633 0.2848 27.7371 -2.5173 0.5601 31.4659 -7.4995 -1.598
3 16 47.9959 0.0005 -20.5832 46.4824 0.0005 -18.8005 50.6072 0.0005 -19.7718
3 16 36.9588 -7.4979 -32.5765 37.9424 -2.4645 -33.8599 37.9568 -3.8245 -33.9026
3 16 37.3466 -1.3349 -33.0951 36.9588 -7.4979 -32.5765 36.7099 -1.1849 -32.2818
3 16 26.9397 -1.3349 -22.6883 27.4583 -7.4979 -23.076 26.4747 -1.7203 -22.3358
3 16 26.4747 -1.7203 -22.3358 27.4583 -7.4979 -23.076 26.175 -2.4645 -22.0925
3 16 37.3466 -1.3349 -33.0951 37.699 -1.7203 -33.5601 36.9588 -7.4979 -32.5765
3 16 26.9397 -1.3349 -22.6883 27.7531 -1.1849 -23.3249 27.4583 -7.4979 -23.076
3 16 53.9827 -0.0028 -66.2848 52.5594 -0.0004 -69.0512 52.0008 -0.0004 -68.9361
3 16 45.0803 -1.1849 -46.1279 45.4817 -7.4974 -47.0249 44.7277 -1.6133 -45.3399
3 16 44.7277 -1.6133 -45.3399 45.4817 -7.4974 -47.0249 44.5346 -2.553 -44.9083
3 16 13.01 -7.4974 -14.5532 15.1265 -2.553 -15.5003 15.3637 -4.0946 -15.6064
3 16 13.907 -1.1849 -14.9546 13.01 -7.4974 -14.5532 13.1951 -1.1849 -14.636
3 16 45.0803 -1.1849 -46.1279 45.3988 -1.1849 -46.8397 45.4817 -7.4974 -47.0249
3 16 13.907 -1.1849 -14.9546 14.695 -1.6133 -15.3072 13.01 -7.4974 -14.5532
3 16 13.1122 0.0005 -10.1955 8.7142 0.0005 -12.0012 8.7066 0.0005 -8.6944
3 16 48.0337 0.0005 -51.3207 45.8575 0.0005 -45.4739 49.8394 0.0005 -46.9227
3 16 49.8394 0.0005 -46.9227 45.8575 0.0005 -45.4739 47.8396 0.0005 -44.06
3 16 13.4301 -1.1849 -14.1879 14.5609 0.0005 -14.1773 14.6228 -1.3706 -14.6465
3 16 14.6228 -1.3706 -14.6465 14.5609 0.0005 -14.1773 15.2879 -0.9771 -14.6969
3 16 45.8575 0.0005 -45.4739 48.0337 0.0005 -51.3207 45.847 -1.1849 -46.6048
3 16 45.847 -1.1849 -46.6048 48.0337 0.0005 -51.3207 47.7323 -1.1849 -51.5303
3 16 52.2245 0.0005 -54.1549 49.4724 0.0005 -56.4068 48.0337 0.0005 -51.3207
3 16 67.8331 0.0005 -57.6705 68.5752 -0.001 -64.4539 66.1516 0.0005 -57.7829
3 16 66.1516 0.0005 -57.7829 68.5752 -0.001 -64.4539 66.147 -0.0081 -66.2848
3 16 66.5071 0.0005 -51.1615 67.8331 0.0005 -57.6705 64.8388 0.0005 -55.4567
3 16 64.8388 0.0005 -55.4567 67.8331 0.0005 -57.6705 66.1516 0.0005 -57.7829
3 16 50.7902 0.0001 -64.7455 53.9827 -0.0028 -66.2848 51.0211 -0.0002 -67.6446
3 16 51.0211 -0.0002 -67.6446 53.9827 -0.0028 -66.2848 51.181 -0.0002 -68.1865
3 16 49.4724 0.0005 -56.4068 53.4802 0.0005 -61.5183 50.7902 0.0001 -64.7455
3 16 50.7902 0.0001 -64.7455 53.4802 0.0005 -61.5183 53.9827 -0.0028 -66.2848
3 16 2.3643 0.0005 7.7982 2.252 0.0005 6.1168 -4.419 -0.001 8.5403
3 16 -4.419 -0.001 8.5403 2.252 0.0005 6.1168 -6.25 -0.0081 6.1121
3 16 8.8733 0.0005 6.4722 4.5782 0.0005 4.804 2.3643 0.0005 7.7982
3 16 2.3643 0.0005 7.7982 4.5782 0.0005 4.804 2.252 0.0005 6.1168
3 16 -4.7107 0.0001 -9.2446 -1.4835 0.0005 -6.5546 1.9829 0.0005 -10.21
3 16 1.9829 0.0005 -10.21 -1.4835 0.0005 -6.5546 1.533 0.0005 -7.0172
3 16 -7.6098 -0.0002 -9.0137 -6.25 -0.0028 -6.0521 -4.7107 0.0001 -9.2446
3 16 -4.7107 0.0001 -9.2446 -6.25 -0.0028 -6.0521 -1.4835 0.0005 -6.5546
3 16 -7.6098 -0.0002 -9.0137 -8.1517 -0.0002 -8.8539 -6.25 -0.0028 -6.0521
2 24 -6.25 -5.3011 -6.055 -6.25 -0.0028 -6.0521
2 24 -6.25 -5.3011 -6.055 -6.25 -5.3011 6.0622
2 24 -6.25 -0.0028 -6.0521 -6.25 -0.0081 6.1121
2 24 -6.25 -5.3011 6.0622 -6.25 -0.0081 6.1121
2 24 -8.8739 -0.0016 7.9728 -9.0003 -0.0015 7.4393
2 24 -9.0164 -0.0004 -7.4755 -8.9012 -0.0004 -8.034
2 24 -6.25 -5.3011 -6.055 -1.4835 -5.3011 -6.5251
2 24 -6.25 -5.3011 -6.055 -6.25 -0.0028 -6.0521
2 24 -1.4835 -5.3011 -6.5251 -1.4835 0.0005 -6.5546
2 24 -6.25 -0.0028 -6.0521 -1.4835 0.0005 -6.5546
2 24 5.8837 0.0005 -7.1886 5.8799 0.0005 -7.8103
2 24 5.8813 -5.3011 -7.7551 5.8799 0.0005 -7.8103
2 24 5.8799 0.0005 -7.8103 1.533 0.0005 -7.0172
2 24 5.8799 0.0005 -7.8103 5.8813 -5.3011 -7.7551
2 24 1.533 0.0005 -7.0172 1.5336 -5.3011 -6.9705
2 24 5.8813 -5.3011 -7.7551 1.5336 -5.3011 -6.9705
2 24 8.7142 0.0005 -12.0012 1.9829 0.0005 -10.21
2 24 5.8799 0.0005 -7.8103 1.533 0.0005 -7.0172
2 24 8.704 0.0005 3.1313 8.6735 0.0005 3.7556
2 24 5.8528 0.0005 3.7125 5.8511 0.0005 4.3201
2 24 5.8528 0.0005 3.7125 5.8837 0.0005 -7.1886
2 24 8.704 0.0005 3.1313 8.7066 0.0005 -8.0694
2 24 5.8837 0.0005 -7.1886 5.8528 0.0005 3.7125
2 24 5.8813 -5.3011 -7.7551 5.8659 -5.3011 4.248
2 24 5.8528 0.0005 3.7125 5.8511 0.0005 4.3201
2 24 5.8659 -5.3011 4.248 5.8511 0.0005 4.3201
2 24 30.9415 -5.2854 -20.5492 30.9415 0.0005 -20.5492
2 24 30.9415 -5.2854 -20.5492 39.4517 -5.2854 -12.039
2 24 30.9415 0.0005 -20.5492 39.4517 0.0005 -12.039
2 24 39.4517 -5.2854 -12.039 39.4517 0.0005 -12.039
2 24 8.7066 -5.3011 -8.6944 8.6735 -5.2712 3.7556
2 24 8.7066 0.0005 -8.0694 8.704 0.0005 3.1313
2 24 8.6735 -5.2712 3.7556 8.6735 0.0005 3.7556
2 24 12.6542 0.0005 2.6917 8.6735 0.0005 3.7556
2 24 8.6735 0.0005 3.7556 12.6542 0.0005 2.6917
2 24 13.6813 0.0005 5.2412 8.8733 0.0005 6.4722
2 24 13.9685 -3.8889 2.3731 14.2449 -4.8023 2.166
2 24 8.6735 -5.2712 3.7556 14.2449 -4.8023 2.166
2 24 13.8123 -1.2067 2.4065 13.9685 -1.9132 2.3731
2 24 14.9094 -1.2067 5.1103 15.1728 -2.0033 5.2504
2 24 5.8799 0.0005 -7.8103 5.8837 0.0005 -7.1886
2 24 8.7066 0.0005 -8.0694 8.7066 0.0005 -8.6944
2 24 12.6542 0.0005 2.6917 13.4993 -0.3567 2.4905
2 24 14.2449 -4.8023 2.166 14.5928 -5.3011 1.5277
2 24 8.6735 -5.2712 3.7556 14.2449 -4.8023 2.166
2 24 8.6735 -5.2712 3.7556 14.5928 -5.3011 1.5277
2 24 12.6542 0.0005 2.6917 13.4993 -0.3567 2.4905
2 24 13.6813 0.0005 5.2412 14.4714 -0.3539 4.9842
2 24 13.4993 -0.3567 2.4905 14.4714 -0.3539 4.9842
2 24 13.8123 -1.2067 2.4065 13.4993 -0.3567 2.4905
2 24 14.9094 -1.2067 5.1103 14.4714 -0.3539 4.9842
2 24 8.7066 -5.3011 -8.6944 8.7066 0.0005 -8.6944
2 24 8.7066 0.0005 -8.0694 8.7066 0.0005 -8.6944
2 24 8.704 0.0005 3.1313 8.6735 0.0005 3.7556
2 24 8.6735 -5.2712 3.7556 8.6735 0.0005 3.7556
2 24 14.2449 -4.8023 2.166 13.9685 -3.8889 2.3731
2 24 37.2299 -5.3011 -10.7489 28.1686 -4.7945 -19.6686
2 24 37.2299 -5.3011 -10.7489 30.4734 -5.2854 -5.9402
2 24 13.1951 -1.1849 -14.636 8.2624 -1.1849 -12.8419
2 24 13.01 -7.4974 -14.5532 8.2624 -7.4968 -12.8419
2 24 8.2624 -1.1849 -12.8419 1.7498 -1.1849 -11.162
2 24 8.2624 -7.4968 -12.8419 1.7498 -7.4968 -11.162
2 24 1.7498 -1.1849 -11.162 -4.91 -1.1849 -10.2218
2 24 1.7498 -7.4968 -11.162 -4.91 -7.4968 -10.2218
2 24 14.695 -1.6133 -15.3072 15.1265 -2.553 -15.5003
2 24 20.4855 -5.2697 -18.3885 15.9591 -5.2697 -15.8902
2 24 13.01 -7.4974 -14.5532 20.4905 -7.497 -18.3943
2 24 20.4855 -5.2697 -18.3885 25.0798 -5.2697 -21.3078
2 24 20.4905 -7.497 -18.3943 27.4583 -7.4979 -23.076
2 24 25.8261 -4.7161 -21.8476 26.1322 -3.8245 -22.0781
2 24 25.0798 -5.2697 -21.3078 25.8261 -4.7161 -21.8476
2 24 15.9591 -5.2697 -15.8902 15.3637 -4.0946 -15.6064
2 24 26.1322 -3.8245 -22.0781 26.175 -2.4645 -22.0925
2 24 28.252 -1.633 0.2848 29.0264 -1.1849 -0.1304
2 24 27.496 -4.1637 0.6878 26.6519 -5.3011 1.1269
2 24 26.6519 -5.3011 1.1269 23.714 -5.3011 2.539
2 24 31.4659 -7.4995 -1.598 23.72 -7.5 2.5361
2 24 23.714 -5.3011 2.539 17.9302 -5.3011 4.9846
2 24 23.72 -7.5 2.5361 16.9544 -7.5035 5.3242
2 24 17.9302 -5.3011 4.9846 16.6415 -5.3011 5.4432
2 24 15.9246 -4.8186 5.6932 15.5207 -3.9664 5.8319
2 24 16.6415 -5.3011 5.4432 15.9246 -4.8186 5.6932
2 24 16.9544 -7.5035 5.3242 13.9723 -7.5001 6.3536
2 24 27.496 -4.1637 0.6878 27.7371 -2.5173 0.5601
2 24 13.9723 -1.1849 6.3536 14.7374 -1.2755 6.0961
2 24 14.7374 -1.2755 6.0961 15.3244 -2.0247 5.8986
2 24 15.5207 -3.9664 5.8319 15.3244 -2.0247 5.8986
2 24 27.4583 -7.4979 -23.076 32.4753 -7.4968 -27.5595
2 24 27.7531 -1.1849 -23.3249 32.4753 -1.1849 -27.5595
2 24 41.0125 -1.1849 -8.382 46.6053 -1.1849 -13.4296
2 24 41.0125 -7.5001 -8.382 46.6053 -7.5001 -13.4295
2 24 31.4659 -7.4995 -1.598 41.0125 -7.5001 -8.382
2 24 41.0125 -1.1849 -8.382 33.6107 -1.1849 -2.9067
2 24 29.0264 -1.1849 -0.1304 33.6107 -1.1849 -2.9067
2 24 13.9723 -1.1849 6.3536 9.1275 -1.1849 7.688
2 24 13.9723 -7.5001 6.3536 9.1275 -7.5001 7.688
2 24 9.1275 -1.1849 7.688 2.561 -1.1849 9.0121
2 24 9.1275 -7.5001 7.688 2.561 -7.5001 9.0121
2 24 2.561 -1.1849 9.0121 -4.0932 -1.1849 9.782
2 24 2.561 -7.5001 9.0121 -4.0932 -7.5 9.782
2 24 -10 -7.5001 10 -10 -1.1849 10
2 24 -10 -7.5001 10 -10 -7.5 -10
2 24 -10 -1.1849 10 -10 -1.1849 -10
2 24 -10 -7.5 -10 -10 -1.1849 -10
2 24 1.8473 -7.9968 -10.6717 -4.8685 -7.9968 -9.7236
2 24 2.4828 -7.9999 8.5183 -4.1287 -7.9999 9.2833
2 24 2.4828 -7.9999 8.5183 9.0083 -7.9999 7.2025
2 24 9.0083 -7.9999 7.2025 13.8208 -7.9999 5.8769
2 24 1.8473 -7.9968 -10.6717 8.4142 -7.9968 -12.3656
2 24 31.2078 -7.9999 -2.0261 23.5082 -7.9999 2.0835
2 24 20.7441 -7.9968 -17.9646 13.2037 -7.9968 -14.0927
2 24 31.2078 -7.9999 -2.0261 40.694 -7.9999 -8.767
2 24 20.7441 -7.9968 -17.9646 27.7673 -7.9968 -22.684
2 24 40.694 -7.9999 -8.767 46.2518 -7.9999 -13.7831
2 24 27.7673 -7.9968 -22.684 32.829 -7.9968 -27.2059
2 24 -9.5001 -8 9.4887 -9.5 -7.9995 -9.5117
2 24 -4.1287 -7.9999 9.2833 -9.5001 -8 9.4887
2 24 -4.8685 -7.9968 -9.7236 -9.5 -7.9995 -9.5117
2 24 13.8208 -7.9999 5.8769 16.755 -7.9999 4.8597
2 24 23.5082 -7.9999 2.0835 16.755 -7.9999 4.8597
2 24 8.4142 -7.9968 -12.3656 13.2037 -7.9968 -14.0927
2 24 -4.91 -1.1849 -10.2218 -10 -1.1849 -10
2 24 -4.91 -7.4968 -10.2218 -10 -7.5 -10
2 24 -10 -1.1849 -10 -10 -7.5 -10
2 24 -4.0932 -7.5 9.782 -10 -7.5001 10
2 24 -10 -7.5001 10 -10 -1.1849 10
2 24 -4.0932 -1.1849 9.782 -10 -1.1849 10
2 24 46.6053 -7.5001 -13.4295 41.0125 -7.5001 -8.382
2 24 46.2518 -7.9999 -13.7831 40.694 -7.9999 -8.767
2 24 40.694 -7.9999 -8.767 31.2078 -7.9999 -2.0261
2 24 41.0125 -7.5001 -8.382 31.4659 -7.4995 -1.598
2 24 31.2078 -7.9999 -2.0261 23.5082 -7.9999 2.0835
2 24 31.4659 -7.4995 -1.598 23.72 -7.5 2.5361
2 24 23.5082 -7.9999 2.0835 16.755 -7.9999 4.8597
2 24 23.72 -7.5 2.5361 16.9544 -7.5035 5.3242
2 24 16.755 -7.9999 4.8597 13.8208 -7.9999 5.8769
2 24 16.9544 -7.5035 5.3242 13.9723 -7.5001 6.3536
2 24 13.8208 -7.9999 5.8769 9.0083 -7.9999 7.2025
2 24 13.9723 -7.5001 6.3536 9.1275 -7.5001 7.688
2 24 9.0083 -7.9999 7.2025 2.4828 -7.9999 8.5183
2 24 9.1275 -7.5001 7.688 2.561 -7.5001 9.0121
2 24 2.4828 -7.9999 8.5183 -4.1287 -7.9999 9.2833
2 24 2.561 -7.5001 9.0121 -4.0932 -7.5 9.782
2 24 -4.1287 -7.9999 9.2833 -9.5001 -8 9.4887
2 24 -4.0932 -7.5 9.782 -10 -7.5001 10
2 24 -9.5001 -8 9.4887 -10 -7.5001 10
2 24 -10 -7.5001 10 -10 -7.5 -10
2 24 -10 -7.5001 10 -9.5001 -8 9.4887
2 24 -10 -7.5 -10 -9.5 -7.9995 -9.5117
2 24 -9.5001 -8 9.4887 -9.5 -7.9995 -9.5117
2 24 -10 -7.5 -10 -4.91 -7.4968 -10.2218
2 24 -10 -7.5 -10 -9.5 -7.9995 -9.5117
2 24 -9.5 -7.9995 -9.5117 -4.8685 -7.9968 -9.7236
2 24 -4.8685 -7.9968 -9.7236 1.8473 -7.9968 -10.6717
2 24 -4.91 -7.4968 -10.2218 1.7498 -7.4968 -11.162
2 24 1.8473 -7.9968 -10.6717 8.4142 -7.9968 -12.3656
2 24 1.7498 -7.4968 -11.162 8.2624 -7.4968 -12.8419
2 24 8.4142 -7.9968 -12.3656 13.2037 -7.9968 -14.0927
2 24 8.2624 -7.4968 -12.8419 13.01 -7.4974 -14.5532
2 24 13.2037 -7.9968 -14.0927 20.7441 -7.9968 -17.9646
2 24 13.01 -7.4974 -14.5532 20.4905 -7.497 -18.3943
2 24 20.7441 -7.9968 -17.9646 27.7673 -7.9968 -22.684
2 24 20.4905 -7.497 -18.3943 27.4583 -7.4979 -23.076
2 24 27.7673 -7.9968 -22.684 32.829 -7.9968 -27.2059
2 24 27.4583 -7.4979 -23.076 32.4753 -7.4968 -27.5595
2 24 -6.25 -5.3011 6.0622 -6.25 -0.0081 6.1121
2 24 -6.25 -5.3011 6.0622 2.252 -5.3011 6.1168
2 24 -6.25 -0.0081 6.1121 2.252 0.0005 6.1168
2 24 2.252 -5.3011 6.1168 2.252 0.0005 6.1168
2 24 -6.25 -5.3011 6.0622 2.252 -5.3011 6.1168
2 24 5.8813 -5.3011 -7.7551 5.8659 -5.3011 4.248
2 24 39.4517 0.0005 -12.039 41.2343 0.0005 -13.5525
2 24 45.8052 0.0005 -14.2296 40.263 0.0005 -9.4277
2 24 46.1491 -1.1849 -13.8858 40.5488 -1.1849 -9.0347
2 24 33.1891 -1.1849 -3.5946 28.7195 -1.1849 -0.689
2 24 32.9173 0.0005 -3.9955 28.2604 0.0005 -1.0028
2 24 40.5488 -1.1849 -9.0347 33.1891 -1.1849 -3.5946
2 24 40.263 0.0005 -9.4277 32.9173 0.0005 -3.9955
2 24 40.263 0.0005 -9.4277 32.9173 0.0005 -3.9955
2 24 37.2299 0.0005 -10.7489 30.4734 0.0005 -5.9402
2 24 28.7195 -1.1849 -0.689 27.8401 -1.5944 -0.2721
2 24 28.2604 0.0005 -1.0028 27.4402 -0.5835 -0.4663
2 24 27.4402 -0.5835 -0.4663 27.257 -1.6014 -0.1499
2 24 27.257 -1.6014 -0.1499 27.3563 -2.4249 0.0127
2 24 27.8401 -1.5944 -0.2721 27.3563 -2.4249 0.0127
2 24 14.5674 -1.3097 5.4661 15.1728 -2.0033 5.2504
2 24 14.9094 -1.2067 5.1103 15.1728 -2.0033 5.2504
2 24 14.9094 -1.2067 5.1103 14.4714 -0.3539 4.9842
2 24 24.7355 -4.1277 -5.3298 25.0188 -2.5492 -5.2112
2 24 24.7355 -4.1277 -5.3298 23.4989 -5.2697 -5.8475
2 24 26.347 -5.3011 0.4273 23.4989 -5.2697 -5.8475
2 24 13.9685 -1.9132 2.3731 13.9685 -3.8889 2.3731
2 24 -6.25 -0.0081 6.1121 -6.25 -0.0028 -6.0521
2 24 -9.0003 -0.0015 7.4393 -9.0164 -0.0004 -7.4755
2 24 -4.419 -0.001 8.5403 -7.525 -0.0014 8.7796
2 24 -8.8739 -0.0016 7.9728 -8.5612 -0.0016 8.4262
2 24 -8.5612 -0.0016 8.4262 -8.0767 -0.0015 8.6972
2 24 -8.9012 -0.0004 -8.034 -8.6119 -0.0003 -8.5238
2 24 -8.6119 -0.0003 -8.5238 -8.1517 -0.0002 -8.8539
2 24 -7.525 -0.0014 8.7796 -8.0767 -0.0015 8.6972
2 24 27.9969 0.028 -22.4316 33.1474 0.0005 -26.8874
2 24 28.1023 -1.1849 -22.9211 32.9544 -1.1849 -27.0804
2 24 26.5688 -2.4478 -21.6425 26.7207 -1.6199 -21.5536
2 24 26.5688 -2.4478 -21.6425 26.9182 -1.717 -21.892
2 24 33.1474 0.0005 -26.8874 27.9969 0.028 -22.4316
2 24 28.1686 -4.7945 -19.6686 26.2636 -4.7869 -21.406
2 24 46.1491 -1.1849 -13.8858 40.5488 -1.1849 -9.0347
2 24 46.6053 -1.1849 -13.4296 41.0125 -1.1849 -8.382
2 24 41.0125 -1.1849 -8.382 33.6107 -1.1849 -2.9067
2 24 40.5488 -1.1849 -9.0347 33.1891 -1.1849 -3.5946
2 24 33.6107 -1.1849 -2.9067 29.0264 -1.1849 -0.1304
2 24 33.1891 -1.1849 -3.5946 28.7195 -1.1849 -0.689
2 24 29.0264 -1.1849 -0.1304 28.252 -1.633 0.2848
2 24 28.7195 -1.1849 -0.689 27.8401 -1.5944 -0.2721
2 24 28.252 -1.633 0.2848 27.7371 -2.5173 0.5601
2 24 27.3563 -2.4249 0.0127 27.8401 -1.5944 -0.2721
2 24 27.7371 -2.5173 0.5601 27.496 -4.1637 0.6878
2 24 27.496 -4.1637 0.6878 26.6519 -5.3011 1.1269
2 24 26.347 -5.3011 0.4273 26.6519 -5.3011 1.1269
2 24 26.6519 -5.3011 1.1269 23.714 -5.3011 2.539
2 24 23.714 -5.3011 2.539 17.9302 -5.3011 4.9846
2 24 17.9302 -5.3011 4.9846 16.6415 -5.3011 5.4432
2 24 16.6415 -5.3011 5.4432 15.9246 -4.8186 5.6932
2 24 15.9246 -4.8186 5.6932 15.5207 -3.9664 5.8319
2 24 15.5207 -3.9664 5.8319 15.3244 -2.0247 5.8986
2 24 15.3244 -2.0247 5.8986 14.7374 -1.2755 6.0961
2 24 15.1728 -2.0033 5.2504 14.5674 -1.3097 5.4661
2 24 14.7374 -1.2755 6.0961 13.9723 -1.1849 6.3536
2 24 14.5674 -1.3097 5.4661 13.7536 -1.1849 5.7216
2 24 13.9723 -1.1849 6.3536 9.1275 -1.1849 7.688
2 24 13.7536 -1.1849 5.7216 8.9491 -1.1849 6.9467
2 24 9.1275 -1.1849 7.688 2.561 -1.1849 9.0121
2 24 8.9491 -1.1849 6.9467 2.3917 -1.1849 8.2776
2 24 2.561 -1.1849 9.0121 -4.0932 -1.1849 9.782
2 24 2.3917 -1.1849 8.2776 -4.206 -1.1849 8.9675
2 24 -4.0932 -1.1849 9.782 -10 -1.1849 10
2 24 -4.206 -1.1849 8.9675 -7.9329 -1.1849 9.2284
2 24 -7.9329 -1.1849 9.2284 -8.4853 -1.1849 9.1425
2 24 -8.4853 -1.1849 9.1425 -8.9696 -1.1849 8.8684
2 24 -8.9696 -1.1849 8.8684 -9.282 -1.1849 8.413
2 24 -9.282 -1.1849 8.413 -9.4083 -1.1849 7.8778
2 24 -9.4083 -1.1849 7.8778 -9.4312 -1.1849 -7.8575
2 24 -10 -1.1849 10 -10 -1.1849 -10
2 24 -9.4312 -1.1849 -7.8575 -9.3158 -1.1849 -8.4141
2 24 -9.3158 -1.1849 -8.4141 -9.0256 -1.1849 -8.9013
2 24 -9.0256 -1.1849 -8.9013 -8.5646 -1.1849 -9.2277
2 24 -8.5646 -1.1849 -9.2277 -8.0229 -1.1849 -9.3827
2 24 -10 -1.1849 -10 -4.91 -1.1849 -10.2218
2 24 -8.0229 -1.1849 -9.3827 -4.7676 -1.1849 -9.6229
2 24 -4.91 -1.1849 -10.2218 1.7498 -1.1849 -11.162
2 24 -4.7676 -1.1849 -9.6229 1.9161 -1.1849 -10.5814
2 24 1.7498 -1.1849 -11.162 8.2624 -1.1849 -12.8419
2 24 1.9161 -1.1849 -10.5814 8.5045 -1.1849 -12.3025
2 24 8.2624 -1.1849 -12.8419 13.1951 -1.1849 -14.636
2 24 8.5045 -1.1849 -12.3025 13.4301 -1.1849 -14.1879
2 24 13.1951 -1.1849 -14.636 13.907 -1.1849 -14.9546
2 24 13.4301 -1.1849 -14.1879 14.6228 -1.3706 -14.6465
2 24 13.907 -1.1849 -14.9546 14.695 -1.6133 -15.3072
2 24 14.695 -1.6133 -15.3072 15.1265 -2.553 -15.5003
2 24 14.6228 -1.3706 -14.6465 15.5526 -2.5668 -14.8759
2 24 15.1265 -2.553 -15.5003 15.3637 -4.0946 -15.6064
2 24 15.3637 -4.0946 -15.6064 15.9591 -5.2697 -15.8902
2 24 15.9591 -5.2697 -15.8902 16.39 -5.2697 -15.37
2 24 15.9591 -5.2697 -15.8902 20.4855 -5.2697 -18.3885
2 24 20.4855 -5.2697 -18.3885 25.0798 -5.2697 -21.3078
2 24 25.0798 -5.2697 -21.3078 25.8261 -4.7161 -21.8476
2 24 25.8261 -4.7161 -21.8476 26.1322 -3.8245 -22.0781
2 24 26.2636 -4.7869 -21.406 26.5665 -3.8976 -21.6152
2 24 26.1322 -3.8245 -22.0781 26.175 -2.4645 -22.0925
2 24 26.5665 -3.8976 -21.6152 26.5688 -2.4478 -21.6425
2 24 26.175 -2.4645 -22.0925 26.4747 -1.7203 -22.3358
2 24 26.5688 -2.4478 -21.6425 26.9182 -1.717 -21.892
2 24 26.4747 -1.7203 -22.3358 26.9397 -1.3349 -22.6883
2 24 26.9182 -1.717 -21.892 27.3884 -1.3204 -22.2762
2 24 26.9397 -1.3349 -22.6883 27.7531 -1.1849 -23.3249
2 24 27.3884 -1.3204 -22.2762 28.1023 -1.1849 -22.9211
2 24 28.1023 -1.1849 -22.9211 32.9544 -1.1849 -27.0804
2 24 27.7531 -1.1849 -23.3249 32.4753 -1.1849 -27.5595
2 24 14.5674 -1.3097 5.4661 13.7536 -1.1849 5.7216
2 24 14.4714 -0.3539 4.9842 13.6813 0.0005 5.2412
2 24 13.7536 -1.1849 5.7216 8.9491 -1.1849 6.9467
2 24 13.6813 0.0005 5.2412 8.8733 0.0005 6.4722
2 24 8.9491 -1.1849 6.9467 2.3917 -1.1849 8.2776
2 24 8.8733 0.0005 6.4722 2.3643 0.0005 7.7982
2 24 2.3917 -1.1849 8.2776 -4.206 -1.1849 8.9675
2 24 2.3643 0.0005 7.7982 -4.419 -0.001 8.5403
2 24 -4.206 -1.1849 8.9675 -7.9329 -1.1849 9.2284
2 24 -4.419 -0.001 8.5403 -7.525 -0.0014 8.7796
2 24 -7.9329 -1.1849 9.2284 -8.4853 -1.1849 9.1425
2 24 -7.525 -0.0014 8.7796 -8.0767 -0.0015 8.6972
2 24 -8.4853 -1.1849 9.1425 -8.9696 -1.1849 8.8684
2 24 -8.0767 -0.0015 8.6972 -8.5612 -0.0016 8.4262
2 24 -8.9696 -1.1849 8.8684 -9.282 -1.1849 8.413
2 24 -8.5612 -0.0016 8.4262 -8.8739 -0.0016 7.9728
2 24 -9.282 -1.1849 8.413 -9.4083 -1.1849 7.8778
2 24 -8.8739 -0.0016 7.9728 -9.0003 -0.0015 7.4393
2 24 -9.4083 -1.1849 7.8778 -9.4312 -1.1849 -7.8575
2 24 -9.0003 -0.0015 7.4393 -9.0164 -0.0004 -7.4755
2 24 -9.4312 -1.1849 -7.8575 -9.3158 -1.1849 -8.4141
2 24 -9.0164 -0.0004 -7.4755 -8.9012 -0.0004 -8.034
2 24 -9.3158 -1.1849 -8.4141 -9.0256 -1.1849 -8.9013
2 24 -8.9012 -0.0004 -8.034 -8.6119 -0.0003 -8.5238
2 24 -9.0256 -1.1849 -8.9013 -8.5646 -1.1849 -9.2277
2 24 -8.6119 -0.0003 -8.5238 -8.1517 -0.0002 -8.8539
2 24 -8.5646 -1.1849 -9.2277 -8.0229 -1.1849 -9.3827
2 24 -8.1517 -0.0002 -8.8539 -7.6098 -0.0002 -9.0137
2 24 -8.0229 -1.1849 -9.3827 -4.7676 -1.1849 -9.6229
2 24 -7.6098 -0.0002 -9.0137 -4.7107 0.0001 -9.2446
2 24 -4.7676 -1.1849 -9.6229 1.9161 -1.1849 -10.5814
2 24 -4.7107 0.0001 -9.2446 1.9829 0.0005 -10.21
2 24 1.9161 -1.1849 -10.5814 8.5045 -1.1849 -12.3025
2 24 1.9829 0.0005 -10.21 8.7142 0.0005 -12.0012
2 24 8.5045 -1.1849 -12.3025 13.4301 -1.1849 -14.1879
2 24 8.7142 0.0005 -12.0012 14.5609 0.0005 -14.1773
2 24 44.4143 0.0005 -15.6205 42.9757 0.0005 -14.1629
2 24 42.9757 0.0005 -14.1629 44.4143 0.0005 -15.6205
2 24 42.9757 -5.2854 -14.1629 44.4143 -5.2854 -15.6205
2 24 42.9757 0.0005 -14.1629 41.2343 0.0005 -13.5525
2 24 42.9757 -5.2854 -14.1629 41.2343 -5.2854 -13.5525
2 24 39.4517 -5.2854 -12.039 39.4517 0.0005 -12.039
2 24 41.2343 -5.2854 -13.5525 39.4517 -5.2854 -12.039
2 24 41.2343 0.0005 -13.5525 39.4517 0.0005 -12.039
2 24 40.263 0.0005 -9.4277 45.8052 0.0005 -14.2296
2 24 41.2343 0.0005 -13.5525 42.9757 0.0005 -14.1629
2 24 5.8659 -5.3011 4.248 4.5362 -5.3011 4.7209
2 24 4.5362 -5.3011 4.7209 2.252 -5.3011 6.1168
2 24 2.252 -5.3011 6.1168 2.252 0.0005 6.1168
2 24 4.5782 0.0005 4.804 2.252 0.0005 6.1168
2 24 2.252 -5.3011 6.1168 4.5362 -5.3011 4.7209
2 24 4.5362 -5.3011 4.7209 5.8659 -5.3011 4.248
2 24 5.8659 -5.3011 4.248 5.8511 0.0005 4.3201
2 24 4.5782 0.0005 4.804 5.8511 0.0005 4.3201
2 24 5.8511 0.0005 4.3201 4.5782 0.0005 4.804
2 24 15.2879 -0.9771 -14.6969 15.5526 -2.5668 -14.8759
2 24 14.6228 -1.3706 -14.6465 15.5526 -2.5668 -14.8759
2 24 37.2299 -5.3011 -10.7489 30.4734 -5.2854 -5.9402
2 24 37.2299 -5.3011 -10.7489 37.2299 0.0005 -10.7489
2 24 30.4734 -5.2854 -5.9402 30.4734 0.0005 -5.9402
2 24 37.2299 0.0005 -10.7489 30.4734 0.0005 -5.9402
2 24 17.9597 -4.4314 -11.3136 18.7174 -5.1457 -10.9884
2 24 16.39 -5.2697 -15.37 18.7174 -5.1457 -10.9884
2 24 30.4734 -5.2854 -5.9402 18.7174 -5.1457 -10.9884
2 24 30.4734 -5.2854 -5.9402 18.7174 -5.1457 -10.9884
2 24 17.9597 -4.4314 -11.3136 18.7174 -5.1457 -10.9884
2 24 17.9597 -4.4314 -11.3136 17.592 -2.8531 -11.4734
2 24 17.592 -2.8531 -11.4734 17.2188 -1.0599 -11.64
2 24 30.4734 -5.2854 -5.9402 30.4734 0.0005 -5.9402
2 24 17.2188 -1.0599 -11.64 15.9748 0.0005 -12.1952
2 24 30.4734 0.0005 -5.9402 15.9748 0.0005 -12.1952
2 24 17.2188 -1.0599 -11.64 15.9748 0.0005 -12.1952
2 24 15.2879 -0.9771 -14.6969 14.5609 0.0005 -14.1773
2 24 15.9748 0.0005 -12.1952 14.5609 0.0005 -14.1773
2 24 17.2188 -1.0599 -11.64 17.592 -2.8531 -11.4734
2 24 15.5526 -2.5668 -14.8759 15.2879 -0.9771 -14.6969
2 24 17.9597 -4.4314 -11.3136 17.592 -2.8531 -11.4734
2 24 32.9173 0.0005 -3.9955 28.2604 0.0005 -1.0028
2 24 25.0886 -1.6487 -5.182 25.4051 -0.7156 -5.0495
2 24 27.257 -1.6014 -0.1499 27.4402 -0.5835 -0.4663
2 24 27.3563 -2.4249 0.0127 27.257 -1.6014 -0.1499
2 24 25.0188 -2.5492 -5.2112 25.0886 -1.6487 -5.182
2 24 26.6419 0.0005 -4.5318 25.4051 -0.7156 -5.0495
2 24 28.2604 0.0005 -1.0028 27.4402 -0.5835 -0.4663
2 24 23.4989 -5.2697 -5.8475 13.1122 -5.3011 -10.1955
2 24 13.1122 -5.3011 -10.1955 8.7066 -5.3011 -8.6944
2 24 8.6735 -5.2712 3.7556 8.7066 -5.3011 -8.6944
2 24 8.7142 0.0005 -12.0012 14.5609 0.0005 -14.1773
2 24 8.7066 -5.3011 -8.6944 13.1122 -5.3011 -10.1955
2 24 8.7066 -5.3011 -8.6944 8.7066 0.0005 -8.6944
2 24 13.1122 -5.3011 -10.1955 13.1122 0.0005 -10.1955
2 24 8.7066 0.0005 -8.6944 13.1122 0.0005 -10.1955
2 24 13.8123 -1.2067 2.4065 13.9685 -1.9132 2.3731
2 24 13.4993 -0.3567 2.4905 13.8123 -1.2067 2.4065
2 24 13.9685 -3.8889 2.3731 13.9685 -1.9132 2.3731
2 24 26.6419 0.0005 -4.5318 13.1122 0.0005 -10.1955
2 24 26.6419 0.0005 -4.5318 25.4051 -0.7156 -5.0495
2 24 13.1122 0.0005 -10.1955 13.1122 -5.3011 -10.1955
2 24 25.4051 -0.7156 -5.0495 25.0886 -1.6487 -5.182
2 24 25.0886 -1.6487 -5.182 25.0188 -2.5492 -5.2112
2 24 25.0188 -2.5492 -5.2112 24.7355 -4.1277 -5.3298
2 24 13.1122 -5.3011 -10.1955 23.4989 -5.2697 -5.8475
2 24 24.7355 -4.1277 -5.3298 23.4989 -5.2697 -5.8475
2 24 26.6419 0.0005 -4.5318 13.1122 0.0005 -10.1955
2 24 30.4734 0.0005 -5.9402 15.9748 0.0005 -12.1952
2 24 35.7409 -5.2854 -24.2939 34.6962 -5.2854 -23.2492
2 24 44.4143 -5.2854 -15.6205 42.9757 -5.2854 -14.1629
2 24 35.7409 0.0005 -24.2939 34.6962 0.0005 -23.2492
2 24 34.6962 0.0005 -23.2492 34.6962 -5.2854 -23.2492
2 24 35.7409 -5.2854 -24.2939 34.6962 -5.2854 -23.2492
2 24 34.6962 0.0005 -23.2492 35.7409 0.0005 -24.2939
2 24 34.6962 0.0005 -23.2492 34.3179 0.0005 -23.6274
2 24 30.9415 0.0005 -20.5492 34.3179 0.0005 -23.6274
2 24 30.9415 -5.2854 -20.5492 34.3082 -5.2854 -23.6372
2 24 34.3179 0.0005 -23.6274 34.3082 -5.2854 -23.6372
2 24 34.3082 -5.2854 -23.6372 30.9415 -5.2854 -20.5492
2 24 34.6962 -5.2854 -23.2492 34.3082 -5.2854 -23.6372
2 24 34.6962 -5.2854 -23.2492 34.6962 0.0005 -23.2492
2 24 34.6962 -5.2854 -23.2492 34.3082 -5.2854 -23.6372
2 24 34.6962 0.0005 -23.2492 34.3179 0.0005 -23.6274
2 24 34.3082 -5.2854 -23.6372 34.3179 0.0005 -23.6274
2 24 30.9415 0.0005 -20.5492 34.3179 0.0005 -23.6274
2 24 39.4517 -5.2854 -12.039 41.2343 -5.2854 -13.5525
2 24 30.9415 -5.2854 -20.5492 39.4517 -5.2854 -12.039
2 24 42.9757 -5.2854 -14.1629 41.2343 -5.2854 -13.5525
2 24 1.533 0.0005 -6.0373 -1.4835 0.0005 -6.0373
2 24 1.533 0.0005 -6.0373 1.533 -5.3011 -6.0373
2 24 -1.4835 0.0005 -6.0373 -1.4835 -5.3011 -6.0373
2 24 1.533 -5.3011 -6.0373 -1.4835 -5.3011 -6.0373
2 24 1.533 -5.3011 -6.0373 -1.4835 -5.3011 -6.0373
2 24 1.533 0.0005 -7.0172 1.533 0.0005 -6.0373
2 24 1.533 0.0005 -7.0172 1.5336 -5.3011 -6.9705
2 24 1.533 0.0005 -6.0373 1.533 -5.3011 -6.0373
2 24 1.5336 -5.3011 -6.9705 1.533 -5.3011 -6.0373
2 24 1.533 -5.3011 -6.0373 1.5336 -5.3011 -6.9705
2 24 5.8813 -5.3011 -7.7551 1.5336 -5.3011 -6.9705
2 24 1.533 0.0005 -7.0172 1.533 0.0005 -6.0373
2 24 -1.4835 0.0005 -6.5546 -1.4835 0.0005 -6.0373
2 24 1.533 0.0005 -6.0373 -1.4835 0.0005 -6.0373
2 24 -1.4835 -5.3011 -6.0373 -1.4835 0.0005 -6.0373
2 24 -1.4835 -5.3011 -6.0373 -1.4835 -5.3011 -6.5251
2 24 -1.4835 0.0005 -6.0373 -1.4835 0.0005 -6.5546
2 24 -1.4835 -5.3011 -6.5251 -1.4835 0.0005 -6.5546
2 24 -1.4835 -5.3011 -6.5251 -6.25 -5.3011 -6.055
2 24 -1.4835 -5.3011 -6.0373 -1.4835 -5.3011 -6.5251
2 24 -6.25 -5.3011 6.0622 -6.25 -5.3011 -6.055
2 24 26.2636 -4.7869 -21.406 28.1686 -4.7945 -19.6686
2 24 26.5665 -3.8976 -21.6152 26.2636 -4.7869 -21.406
2 24 26.5665 -3.8976 -21.6152 26.5688 -2.4478 -21.6425
2 24 26.5688 -2.4478 -21.6425 26.7207 -1.6199 -21.5536
2 24 28.4346 -0.3108 -19.8548 37.2299 0.0005 -10.7489
2 24 28.1686 -4.7945 -19.6686 37.2299 -5.3011 -10.7489
2 24 37.2299 0.0005 -10.7489 37.2299 -5.3011 -10.7489
2 24 37.2299 0.0005 -10.7489 28.4346 -0.3108 -19.8548
2 24 39.4517 0.0005 -12.039 30.9415 0.0005 -20.5492
2 24 26.7207 -1.6199 -21.5536 27.2198 -0.5073 -21.8031
2 24 27.9969 0.028 -22.4316 27.5505 -0.1919 -22.0549
2 24 27.5505 -0.1919 -22.0549 27.2198 -0.5073 -21.8031
2 24 28.4346 -0.3108 -19.8548 27.2198 -0.5073 -21.8031
2 24 26.7207 -1.6199 -21.5536 27.2198 -0.5073 -21.8031
2 24 28.4346 -0.3108 -19.8548 27.2198 -0.5073 -21.8031
2 24 26.9182 -1.717 -21.892 27.3884 -1.3204 -22.2762
2 24 27.2198 -0.5073 -21.8031 27.5505 -0.1919 -22.0549
2 24 28.1023 -1.1849 -22.9211 27.3884 -1.3204 -22.2762
2 24 27.9969 0.028 -22.4316 27.5505 -0.1919 -22.0549
2 24 47.9959 -5.2854 -20.5832 47.9959 0.0005 -20.5832
2 24 47.9959 -5.2854 -20.5832 39.4857 -5.2854 -29.0934
2 24 47.9959 0.0005 -20.5832 39.4857 0.0005 -29.0934
2 24 39.4857 -5.2854 -29.0934 39.4857 0.0005 -29.0934
2 24 51.3404 -5.3011 -51.3282 63.7904 -5.2712 -51.3614
2 24 51.9654 0.0005 -51.3282 63.1661 0.0005 -51.3308
2 24 63.7904 0.0005 -51.3614 63.7904 -5.2712 -51.3614
2 24 62.7266 0.0005 -47.3806 63.7904 0.0005 -51.3614
2 24 51.3404 0.0005 -51.3282 51.9654 0.0005 -51.3282
2 24 52.2245 0.0005 -54.1549 52.8462 0.0005 -54.1512
2 24 51.9654 0.0005 -51.3282 63.1661 0.0005 -51.3308
2 24 52.8462 0.0005 -54.1512 63.7473 0.0005 -54.182
2 24 51.3404 -5.3011 -51.3282 51.3404 0.0005 -51.3282
2 24 51.9654 0.0005 -51.3282 51.3404 0.0005 -51.3282
2 24 51.3404 -5.3011 -51.3282 51.3404 0.0005 -51.3282
2 24 51.3404 -5.3011 -51.3282 49.8394 -5.3011 -46.9227
2 24 51.3404 0.0005 -51.3282 49.8394 0.0005 -46.9227
2 24 49.8394 -5.3011 -46.9227 49.8394 0.0005 -46.9227
2 24 63.1661 0.0005 -51.3308 63.7904 0.0005 -51.3614
2 24 63.7904 -5.2712 -51.3614 63.7904 0.0005 -51.3614
2 24 62.2009 -4.8023 -45.7899 62.408 -3.8889 -46.0664
2 24 63.7904 -5.2712 -51.3614 62.2009 -4.8023 -45.7899
2 24 62.408 -1.9132 -46.0664 62.408 -3.8889 -46.0664
2 24 62.2009 -4.8023 -45.7899 63.7904 -5.2712 -51.3614
2 24 61.5625 -5.3011 -45.4421 62.2009 -4.8023 -45.7899
2 24 61.5625 -5.3011 -45.4421 63.7904 -5.2712 -51.3614
2 24 40.18 -0.3108 -31.6003 49.286 0.0005 -22.805
2 24 49.286 0.0005 -22.805 49.286 -5.3011 -22.805
2 24 40.3663 -4.7945 -31.8663 49.286 -5.3011 -22.805
2 24 62.408 -3.8889 -46.0664 62.2009 -4.8023 -45.7899
2 24 63.1661 0.0005 -51.3308 63.7904 0.0005 -51.3614
2 24 63.7473 0.0005 -54.182 64.3549 0.0005 -54.1837
2 24 38.4196 -3.8976 -33.4683 38.3923 -2.4478 -33.4661
2 24 38.4196 -3.8976 -33.4683 38.6288 -4.7869 -33.7713
2 24 40.3663 -4.7945 -31.8663 38.6288 -4.7869 -33.7713
2 24 38.6288 -4.7869 -33.7713 40.3663 -4.7945 -31.8663
2 24 62.7266 0.0005 -47.3806 62.5253 -0.3567 -46.5356
2 24 44.5346 -2.553 -44.9083 44.4284 -4.0946 -44.6712
2 24 38.1872 -4.7161 -34.2088 37.9568 -3.8245 -33.9026
2 24 32.4753 -1.1849 -27.5595 36.7099 -1.1849 -32.2818
2 24 32.9544 -1.1849 -27.0804 37.1138 -1.1849 -31.9325
2 24 37.1138 -1.1849 -31.9325 37.7587 -1.3204 -32.6465
2 24 36.7099 -1.1849 -32.2818 37.3466 -1.3349 -33.0951
2 24 45.3883 -1.3706 -45.412 45.847 -1.1849 -46.6048
2 24 45.0803 -1.1849 -46.1279 45.3988 -1.1849 -46.8397
2 24 45.847 -1.1849 -46.6048 47.7323 -1.1849 -51.5303
2 24 45.3988 -1.1849 -46.8397 47.1929 -1.1849 -51.7724
2 24 47.7323 -1.1849 -51.5303 49.4534 -1.1849 -58.1187
2 24 47.1929 -1.1849 -51.7724 48.8729 -1.1849 -58.2851
2 24 49.4534 -1.1849 -58.1187 50.4119 -1.1849 -64.8024
2 24 48.8729 -1.1849 -58.2851 49.8131 -1.1849 -64.9448
2 24 45.0803 -1.1849 -46.1279 44.7277 -1.6133 -45.3399
2 24 45.3883 -1.3706 -45.412 45.159 -2.5668 -44.4822
2 24 44.7277 -1.6133 -45.3399 44.5346 -2.553 -44.9083
2 24 44.5346 -2.553 -44.9083 44.4284 -4.0946 -44.6712
2 24 37.7587 -1.3204 -32.6465 38.1429 -1.717 -33.1166
2 24 37.3466 -1.3349 -33.0951 37.699 -1.7203 -33.5601
2 24 38.1429 -1.717 -33.1166 38.3923 -2.4478 -33.4661
2 24 37.699 -1.7203 -33.5601 37.9424 -2.4645 -33.8599
2 24 44.6649 -5.2697 -43.6448 44.1447 -5.2697 -44.0758
2 24 41.6464 -5.2697 -39.5493 44.1447 -5.2697 -44.0758
2 24 41.6464 -5.2697 -39.5493 38.7271 -5.2697 -34.9551
2 24 38.4196 -3.8976 -33.4683 38.6288 -4.7869 -33.7713
2 24 38.1872 -4.7161 -34.2088 37.9568 -3.8245 -33.9026
2 24 38.7271 -5.2697 -34.9551 38.1872 -4.7161 -34.2088
2 24 38.4196 -3.8976 -33.4683 38.3923 -2.4478 -33.4661
2 24 37.9424 -2.4645 -33.8599 37.9568 -3.8245 -33.9026
2 24 46.6053 -1.1849 -13.4296 51.6529 -1.1849 -19.0223
2 24 46.6053 -7.5001 -13.4295 51.6529 -7.5001 -19.0223
2 24 51.6529 -1.1849 -19.0223 57.1281 -1.1849 -26.4242
2 24 51.6529 -7.5001 -19.0223 58.4369 -7.4995 -28.569
2 24 60.3196 -1.633 -31.7829 60.5949 -2.5173 -32.2977
2 24 66.3884 -1.1849 -46.0625 66.1309 -1.2755 -45.2974
2 24 66.1309 -1.2755 -45.2974 65.9334 -2.0247 -44.7105
2 24 65.9334 -2.0247 -44.7105 65.8667 -3.9664 -44.5142
2 24 66.3884 -1.1849 -46.0625 67.7229 -1.1849 -50.9073
2 24 66.3884 -7.5001 -46.0625 67.7229 -7.5001 -50.9073
2 24 67.7229 -1.1849 -50.9073 69.0469 -1.1849 -57.4738
2 24 67.7229 -7.5001 -50.9073 69.0469 -7.5001 -57.4738
2 24 69.0469 -1.1849 -57.4738 69.8168 -1.1849 -64.1281
2 24 69.0469 -7.5001 -57.4738 69.8168 -7.5 -64.1281
2 24 65.5009 -1.3097 -45.4674 65.7564 -1.1849 -46.2812
2 24 66.1309 -1.2755 -45.2974 66.3884 -1.1849 -46.0625
2 24 65.8667 -3.9664 -44.5142 65.9334 -2.0247 -44.7105
2 24 65.8667 -3.9664 -44.5142 65.7281 -4.8186 -44.1103
2 24 65.7281 -4.8186 -44.1103 65.478 -5.3011 -43.3934
2 24 69.0024 -1.1849 -64.2409 68.3125 -1.1849 -57.6431
2 24 69.8168 -1.1849 -64.1281 69.0469 -1.1849 -57.4738
2 24 65.478 -5.3011 -43.3934 65.0194 -5.3011 -42.1047
2 24 60.4621 -5.3011 -33.6879 61.1617 -5.3011 -33.3829
2 24 61.1617 -5.3011 -33.3829 60.7227 -4.1637 -32.5388
2 24 61.1617 -5.3011 -33.3829 62.5739 -5.3011 -36.3208
2 24 59.7628 -1.5944 -32.1948 60.0476 -2.4249 -32.6785
2 24 60.3196 -1.633 -31.7829 60.5949 -2.5173 -32.2977
2 24 59.7628 -1.5944 -32.1948 59.3459 -1.1849 -31.3154
2 24 60.3196 -1.633 -31.7829 59.9044 -1.1849 -31.0084
2 24 59.9044 -1.1849 -31.0084 57.1281 -1.1849 -26.4242
2 24 59.3459 -1.1849 -31.3154 56.4402 -1.1849 -26.8457
2 24 56.4402 -1.1849 -26.8457 51.0002 -1.1849 -19.486
2 24 57.1281 -1.1849 -26.4242 51.6529 -1.1849 -19.0223
2 24 65.0194 -5.3011 -42.1047 62.5739 -5.3011 -36.3208
2 24 46.1491 -1.1849 -13.8858 51.0002 -1.1849 -19.486
2 24 46.6053 -1.1849 -13.4296 51.6529 -1.1849 -19.0223
2 24 65.7564 -1.1849 -46.2812 66.9815 -1.1849 -51.0858
2 24 66.3884 -1.1849 -46.0625 67.7229 -1.1849 -50.9073
2 24 68.3125 -1.1849 -57.6431 66.9815 -1.1849 -51.0858
2 24 69.0469 -1.1849 -57.4738 67.7229 -1.1849 -50.9073
2 24 44.4284 -4.0946 -44.6712 44.1447 -5.2697 -44.0758
2 24 38.1872 -4.7161 -34.2088 38.7271 -5.2697 -34.9551
2 24 60.7227 -4.1637 -32.5388 61.1617 -5.3011 -33.3829
2 24 65.8667 -3.9664 -44.5142 65.7281 -4.8186 -44.1103
2 24 37.699 -1.7203 -33.5601 37.9424 -2.4645 -33.8599
2 24 49.8131 -1.1849 -64.9448 50.0348 -1.1849 -70.0348
2 24 50.0348 -1.1849 -70.0348 50.0348 -7.5 -70.0348
2 24 49.8131 -7.4968 -64.9448 50.0348 -7.5 -70.0348
2 24 32.829 -7.9968 -27.2059 37.3509 -7.9968 -32.2676
2 24 32.4753 -7.4968 -27.5595 36.9588 -7.4979 -32.5765
2 24 32.4753 -1.1849 -27.5595 36.7099 -1.1849 -32.2818
2 24 32.4753 -7.4968 -27.5595 36.9588 -7.4979 -32.5765
2 24 50.0348 -7.5 -70.0348 50.5232 -7.9995 -69.5349
2 24 50.0348 -7.5 -70.0348 49.8131 -7.4968 -64.9448
2 24 50.5232 -7.9995 -69.5349 50.3113 -7.9968 -64.9034
2 24 69.3181 -7.9999 -64.1636 69.5236 -8 -69.5349
2 24 69.5236 -8 -69.5349 70.0348 -7.5001 -70.0348
2 24 69.8168 -7.5 -64.1281 70.0348 -7.5001 -70.0348
2 24 70.0348 -7.5001 -70.0348 69.5236 -8 -69.5349
2 24 70.0348 -7.5001 -70.0348 50.0348 -7.5 -70.0348
2 24 69.5236 -8 -69.5349 50.5232 -7.9995 -69.5349
2 24 50.0348 -7.5 -70.0348 50.5232 -7.9995 -69.5349
2 24 69.8168 -1.1849 -64.1281 70.0348 -1.1849 -70.0348
2 24 69.8168 -7.5 -64.1281 70.0348 -7.5001 -70.0348
2 24 70.0348 -1.1849 -70.0348 70.0348 -7.5001 -70.0348
2 24 36.9588 -7.4979 -32.5765 41.6406 -7.497 -39.5444
2 24 37.3509 -7.9968 -32.2676 42.0703 -7.9968 -39.2907
2 24 38.7271 -5.2697 -34.9551 41.6464 -5.2697 -39.5493
2 24 36.9588 -7.4979 -32.5765 41.6406 -7.497 -39.5444
2 24 46.2518 -7.9999 -13.7831 51.2678 -7.9999 -19.3409
2 24 32.829 -7.9968 -27.2059 37.3509 -7.9968 -32.2676
2 24 62.571 -7.5 -36.3148 65.359 -7.5035 -43.0804
2 24 62.1183 -7.9999 -36.5267 64.8945 -7.9999 -43.2799
2 24 62.5739 -5.3011 -36.3208 65.0194 -5.3011 -42.1047
2 24 62.571 -7.5 -36.3148 65.359 -7.5035 -43.0804
2 24 65.9118 -7.9999 -46.214 64.8945 -7.9999 -43.2799
2 24 65.0194 -5.3011 -42.1047 65.478 -5.3011 -43.3934
2 24 65.7281 -4.8186 -44.1103 65.478 -5.3011 -43.3934
2 24 66.3884 -7.5001 -46.0625 65.359 -7.5035 -43.0804
2 24 65.359 -7.5035 -43.0804 66.3884 -7.5001 -46.0625
2 24 64.8945 -7.9999 -43.2799 65.9118 -7.9999 -46.214
2 24 37.3509 -7.9968 -32.2676 42.0703 -7.9968 -39.2907
2 24 51.2678 -7.9999 -19.3409 58.0087 -7.9999 -28.8271
2 24 41.6406 -7.497 -39.5444 45.4817 -7.4974 -47.0249
2 24 42.0703 -7.9968 -39.2907 45.9422 -7.9968 -46.8312
2 24 45.4817 -7.4974 -47.0249 41.6406 -7.497 -39.5444
2 24 44.1447 -5.2697 -44.0758 41.6464 -5.2697 -39.5493
2 24 45.4817 -7.4974 -47.0249 47.1929 -7.4968 -51.7724
2 24 45.9422 -7.9968 -46.8312 47.6693 -7.9968 -51.6206
2 24 45.4817 -7.4974 -47.0249 47.1929 -7.4968 -51.7724
2 24 47.1929 -1.1849 -51.7724 45.3988 -1.1849 -46.8397
2 24 42.0703 -7.9968 -39.2907 45.9422 -7.9968 -46.8312
2 24 58.0087 -7.9999 -28.8271 62.1183 -7.9999 -36.5267
2 24 64.8945 -7.9999 -43.2799 62.1183 -7.9999 -36.5267
2 24 47.6693 -7.9968 -51.6206 45.9422 -7.9968 -46.8312
2 24 47.1929 -7.4968 -51.7724 48.8729 -7.4968 -58.2851
2 24 47.6693 -7.9968 -51.6206 49.3632 -7.9968 -58.1875
2 24 47.1929 -1.1849 -51.7724 48.8729 -1.1849 -58.2851
2 24 47.1929 -7.4968 -51.7724 48.8729 -7.4968 -58.2851
2 24 47.6693 -7.9968 -51.6206 49.3632 -7.9968 -58.1875
2 24 65.9118 -7.9999 -46.214 67.2374 -7.9999 -51.0266
2 24 49.8131 -7.4968 -64.9448 48.8729 -7.4968 -58.2851
2 24 50.3113 -7.9968 -64.9034 49.3632 -7.9968 -58.1875
2 24 49.8131 -1.1849 -64.9448 48.8729 -1.1849 -58.2851
2 24 49.8131 -7.4968 -64.9448 48.8729 -7.4968 -58.2851
2 24 49.3632 -7.9968 -58.1875 50.3113 -7.9968 -64.9034
2 24 68.5531 -7.9999 -57.552 69.3181 -7.9999 -64.1636
2 24 46.6053 -7.5001 -13.4295 51.6529 -7.5001 -19.0223
2 24 46.2518 -7.9999 -13.7831 51.2678 -7.9999 -19.3409
2 24 51.6529 -7.5001 -19.0223 58.4369 -7.4995 -28.569
2 24 51.2678 -7.9999 -19.3409 58.0087 -7.9999 -28.8271
2 24 58.4369 -7.4995 -28.569 62.571 -7.5 -36.3148
2 24 61.1617 -5.3011 -33.3829 62.5739 -5.3011 -36.3208
2 24 62.571 -7.5 -36.3148 58.4369 -7.4995 -28.569
2 24 62.1183 -7.9999 -36.5267 58.0087 -7.9999 -28.8271
2 24 66.3884 -7.5001 -46.0625 67.7229 -7.5001 -50.9073
2 24 65.9118 -7.9999 -46.214 67.2374 -7.9999 -51.0266
2 24 67.2374 -7.9999 -51.0266 68.5531 -7.9999 -57.552
2 24 67.7229 -7.5001 -50.9073 69.0469 -7.5001 -57.4738
2 24 67.2374 -7.9999 -51.0266 68.5531 -7.9999 -57.552
2 24 69.8168 -7.5 -64.1281 69.0469 -7.5001 -57.4738
2 24 69.3181 -7.9999 -64.1636 68.5531 -7.9999 -57.552
2 24 50.3113 -7.9968 -64.9034 50.5232 -7.9995 -69.5349
2 24 50.5232 -7.9995 -69.5349 69.5236 -8 -69.5349
2 24 69.3181 -7.9999 -64.1636 69.5236 -8 -69.5349
2 24 52.2798 -5.3011 -54.1536 64.2828 -5.3011 -54.1689
2 24 52.2798 -5.3011 -54.1536 64.2828 -5.3011 -54.1689
2 24 52.8462 0.0005 -54.1512 63.7473 0.0005 -54.182
2 24 66.147 -0.0081 -66.2848 53.9827 -0.0028 -66.2848
2 24 66.147 -0.0081 -66.2848 66.0971 -5.3011 -66.2848
2 24 53.9827 -0.0028 -66.2848 53.9798 -5.3011 -66.2849
2 24 66.0971 -5.3011 -66.2848 53.9798 -5.3011 -66.2849
2 24 63.7473 0.0005 -54.182 64.3549 0.0005 -54.1837
2 24 64.2828 -5.3011 -54.1689 64.3549 0.0005 -54.1837
2 24 64.2828 -5.3011 -54.1689 64.7557 -5.3011 -55.4986
2 24 53.5097 -5.3011 -61.5183 53.9975 -5.3011 -61.5183
2 24 53.5097 -5.3011 -61.5183 53.9798 -5.3011 -66.2849
2 24 53.9798 -5.3011 -66.2849 66.0971 -5.3011 -66.2848
2 24 52.8462 0.0005 -54.1512 52.2245 0.0005 -54.1549
2 24 52.2798 -5.3011 -54.1536 52.2245 0.0005 -54.1549
2 24 44.4143 0.0005 -15.6205 45.872 0.0005 -17.0592
2 24 45.8052 0.0005 -14.2296 50.6072 0.0005 -19.7718
2 24 46.1491 -1.1849 -13.8858 51.0002 -1.1849 -19.486
2 24 45.8052 0.0005 -14.2296 50.6072 0.0005 -19.7718
2 24 45.872 0.0005 -17.0592 46.4824 0.0005 -18.8005
2 24 59.032 0.0005 -31.7745 56.0394 0.0005 -27.1176
2 24 59.3459 -1.1849 -31.3154 56.4402 -1.1849 -26.8457
2 24 50.6072 0.0005 -19.7718 56.0394 0.0005 -27.1176
2 24 51.0002 -1.1849 -19.486 56.4402 -1.1849 -26.8457
2 24 50.6072 0.0005 -19.7718 56.0394 0.0005 -27.1176
2 24 49.286 0.0005 -22.805 54.0946 0.0005 -29.5614
2 24 59.8849 -1.6014 -32.7778 59.5685 -0.5835 -32.5946
2 24 59.032 0.0005 -31.7745 59.5685 -0.5835 -32.5946
2 24 59.3459 -1.1849 -31.3154 59.7628 -1.5944 -32.1948
2 24 60.7227 -4.1637 -32.5388 60.5949 -2.5173 -32.2977
2 24 59.8849 -1.6014 -32.7778 60.0476 -2.4249 -32.6785
2 24 59.7628 -1.5944 -32.1948 60.0476 -2.4249 -32.6785
2 24 65.2852 -2.0033 -44.8621 65.1451 -1.2067 -45.1254
2 24 62.408 -1.9132 -46.0664 62.4413 -1.2067 -46.2226
2 24 65.2852 -2.0033 -44.8621 65.5009 -1.3097 -45.4674
2 24 65.1451 -1.2067 -45.1254 65.2852 -2.0033 -44.8621
2 24 65.2761 0.0005 -46.3536 66.5071 0.0005 -51.1615
2 24 65.7564 -1.1849 -46.2812 66.9815 -1.1849 -51.0858
2 24 63.7904 0.0005 -51.3614 62.7266 0.0005 -47.3806
2 24 65.2761 0.0005 -46.3536 66.5071 0.0005 -51.1615
2 24 64.3549 0.0005 -54.1837 64.8388 0.0005 -55.4567
2 24 65.1451 -1.2067 -45.1254 65.0191 -0.3539 -45.5635
2 24 65.0191 -0.3539 -45.5635 62.5253 -0.3567 -46.5356
2 24 62.4413 -1.2067 -46.2226 62.5253 -0.3567 -46.5356
2 24 65.1451 -1.2067 -45.1254 65.0191 -0.3539 -45.5635
2 24 65.2761 0.0005 -46.3536 65.0191 -0.3539 -45.5635
2 24 62.7266 0.0005 -47.3806 62.5253 -0.3567 -46.5356
2 24 65.2761 0.0005 -46.3536 65.0191 -0.3539 -45.5635
2 24 65.5009 -1.3097 -45.4674 65.7564 -1.1849 -46.2812
2 24 66.5071 0.0005 -51.1615 67.8331 0.0005 -57.6705
2 24 66.9815 -1.1849 -51.0858 68.3125 -1.1849 -57.6431
2 24 67.8331 0.0005 -57.6705 68.5752 -0.001 -64.4539
2 24 68.3125 -1.1849 -57.6431 69.0024 -1.1849 -64.2409
2 24 65.2852 -2.0033 -44.8621 65.5009 -1.3097 -45.4674
2 24 66.1309 -1.2755 -45.2974 65.9334 -2.0247 -44.7105
2 24 49.4724 0.0005 -56.4068 50.7902 0.0001 -64.7455
2 24 49.4534 -1.1849 -58.1187 50.4119 -1.1849 -64.8024
2 24 51.3404 0.0005 -51.3282 49.8394 0.0005 -46.9227
2 24 66.147 -0.0081 -66.2848 53.9827 -0.0028 -66.2848
2 24 67.4742 -0.0015 -69.0352 52.5594 -0.0004 -69.0512
2 24 52.2245 0.0005 -54.1549 53.0176 0.0005 -58.5019
2 24 49.4724 0.0005 -56.4068 48.0337 0.0005 -51.3207
2 24 49.4534 -1.1849 -58.1187 47.7323 -1.1849 -51.5303
2 24 68.8145 -0.0014 -67.5599 68.7321 -0.0015 -68.1115
2 24 69.2633 -1.1849 -67.9678 69.1773 -1.1849 -68.5201
2 24 68.7321 -0.0015 -68.1115 68.461 -0.0016 -68.596
2 24 69.1773 -1.1849 -68.5201 68.9033 -1.1849 -69.0045
2 24 68.461 -0.0016 -68.596 68.0076 -0.0016 -68.9088
2 24 68.9033 -1.1849 -69.0045 68.4478 -1.1849 -69.3168
2 24 68.0076 -0.0016 -68.9088 67.4742 -0.0015 -69.0352
2 24 68.4478 -1.1849 -69.3168 67.9127 -1.1849 -69.4431
2 24 52.0008 -0.0004 -68.9361 51.511 -0.0003 -68.6467
2 24 51.511 -0.0003 -68.6467 51.181 -0.0002 -68.1865
2 24 68.5752 -0.001 -64.4539 68.8145 -0.0014 -67.5599
2 24 69.0024 -1.1849 -64.2409 69.2633 -1.1849 -67.9678
2 24 68.5752 -0.001 -64.4539 68.8145 -0.0014 -67.5599
2 24 50.7902 0.0001 -64.7455 51.0211 -0.0002 -67.6446
2 24 50.4119 -1.1849 -64.8024 50.6521 -1.1849 -68.0577
2 24 52.5594 -0.0004 -69.0512 52.0008 -0.0004 -68.9361
2 24 52.1774 -1.1849 -69.466 51.6208 -1.1849 -69.3506
2 24 52.0008 -0.0004 -68.9361 51.511 -0.0003 -68.6467
2 24 51.6208 -1.1849 -69.3506 51.1335 -1.1849 -69.0605
2 24 51.511 -0.0003 -68.6467 51.181 -0.0002 -68.1865
2 24 51.1335 -1.1849 -69.0605 50.8072 -1.1849 -68.5995
2 24 51.0211 -0.0002 -67.6446 51.181 -0.0002 -68.1865
2 24 50.6521 -1.1849 -68.0577 50.8072 -1.1849 -68.5995
2 24 67.4742 -0.0015 -69.0352 68.0076 -0.0016 -68.9088
2 24 68.0076 -0.0016 -68.9088 68.461 -0.0016 -68.596
2 24 68.461 -0.0016 -68.596 68.7321 -0.0015 -68.1115
2 24 68.8145 -0.0014 -67.5599 68.7321 -0.0015 -68.1115
2 24 50.4119 -1.1849 -64.8024 50.6521 -1.1849 -68.0577
2 24 49.8131 -1.1849 -64.9448 50.0348 -1.1849 -70.0348
2 24 51.1335 -1.1849 -69.0605 51.6208 -1.1849 -69.3506
2 24 67.9127 -1.1849 -69.4431 52.1774 -1.1849 -69.466
2 24 50.0348 -1.1849 -70.0348 70.0348 -1.1849 -70.0348
2 24 69.0024 -1.1849 -64.2409 69.2633 -1.1849 -67.9678
2 24 69.8168 -1.1849 -64.1281 70.0348 -1.1849 -70.0348
2 24 67.9127 -1.1849 -69.4431 68.4478 -1.1849 -69.3168
2 24 68.4478 -1.1849 -69.3168 68.9033 -1.1849 -69.0045
2 24 68.9033 -1.1849 -69.0045 69.1773 -1.1849 -68.5201
2 24 69.2633 -1.1849 -67.9678 69.1773 -1.1849 -68.5201
2 24 51.1335 -1.1849 -69.0605 50.8072 -1.1849 -68.5995
2 24 51.6208 -1.1849 -69.3506 52.1774 -1.1849 -69.466
2 24 50.0348 -7.5 -70.0348 50.0348 -1.1849 -70.0348
2 24 50.0348 -7.5 -70.0348 70.0348 -7.5001 -70.0348
2 24 50.0348 -1.1849 -70.0348 70.0348 -1.1849 -70.0348
2 24 70.0348 -7.5001 -70.0348 70.0348 -1.1849 -70.0348
2 24 50.6521 -1.1849 -68.0577 50.8072 -1.1849 -68.5995
2 24 67.9127 -1.1849 -69.4431 52.1774 -1.1849 -69.466
2 24 67.4742 -0.0015 -69.0352 52.5594 -0.0004 -69.0512
2 24 32.9544 -1.1849 -27.0804 37.1138 -1.1849 -31.9325
2 24 33.1474 0.0005 -26.8874 37.6032 0.028 -32.0379
2 24 36.4074 0.0005 -25.7169 39.4857 0.0005 -29.0934
2 24 33.1474 0.0005 -26.8874 37.6032 0.028 -32.0379
2 24 38.3923 -2.4478 -33.4661 38.4812 -1.6199 -33.3141
2 24 38.3923 -2.4478 -33.4661 38.1429 -1.717 -33.1166
2 24 38.3923 -2.4478 -33.4661 38.4812 -1.6199 -33.3141
2 24 44.4143 0.0005 -15.6205 45.872 0.0005 -17.0592
2 24 44.4143 -5.2854 -15.6205 45.872 -5.2854 -17.0592
2 24 45.872 0.0005 -17.0592 46.4824 0.0005 -18.8005
2 24 45.872 -5.2854 -17.0592 46.4824 -5.2854 -18.8005
2 24 46.4824 -5.2854 -18.8005 47.9959 -5.2854 -20.5832
2 24 46.4824 0.0005 -18.8005 47.9959 0.0005 -20.5832
2 24 47.9959 -5.2854 -20.5832 47.9959 0.0005 -20.5832
2 24 60.5949 -2.5173 -32.2977 60.7227 -4.1637 -32.5388
2 24 57.1281 -1.1849 -26.4242 59.9044 -1.1849 -31.0084
2 24 64.8388 0.0005 -55.4567 64.3549 0.0005 -54.1837
2 24 64.7557 -5.3011 -55.4986 64.2828 -5.3011 -54.1689
2 24 64.3549 0.0005 -54.1837 64.2828 -5.3011 -54.1689
2 24 66.0971 -5.3011 -66.2848 66.1516 -5.3011 -57.7829
2 24 64.7557 -5.3011 -55.4986 66.1516 -5.3011 -57.7829
2 24 66.0971 -5.3011 -66.2848 66.1516 -5.3011 -57.7829
2 24 66.0971 -5.3011 -66.2848 66.147 -0.0081 -66.2848
2 24 66.1516 -5.3011 -57.7829 66.1516 0.0005 -57.7829
2 24 66.147 -0.0081 -66.2848 66.1516 0.0005 -57.7829
2 24 64.7557 -5.3011 -55.4986 66.1516 -5.3011 -57.7829
2 24 64.8388 0.0005 -55.4567 66.1516 0.0005 -57.7829
2 24 66.1516 -5.3011 -57.7829 66.1516 0.0005 -57.7829
2 24 45.3379 -0.9771 -44.747 45.8575 0.0005 -45.4739
2 24 45.3883 -1.3706 -45.412 45.847 -1.1849 -46.6048
2 24 45.3379 -0.9771 -44.747 45.159 -2.5668 -44.4822
2 24 45.3883 -1.3706 -45.412 45.159 -2.5668 -44.4822
2 24 54.0946 -5.2854 -29.5614 49.286 -5.3011 -22.805
2 24 40.3663 -4.7945 -31.8663 49.286 -5.3011 -22.805
2 24 54.0946 0.0005 -29.5614 54.0946 -5.2854 -29.5614
2 24 54.0946 0.0005 -29.5614 49.286 0.0005 -22.805
2 24 54.0946 -5.2854 -29.5614 49.286 -5.3011 -22.805
2 24 49.286 0.0005 -22.805 49.286 -5.3011 -22.805
2 24 56.0394 0.0005 -27.1176 59.032 0.0005 -31.7745
2 24 44.4284 -4.0946 -44.6712 44.1447 -5.2697 -44.0758
2 24 44.6649 -5.2697 -43.6448 49.0465 -5.1457 -41.3174
2 24 54.0946 -5.2854 -29.5614 49.0465 -5.1457 -41.3174
2 24 48.7213 -4.4314 -42.0752 48.5615 -2.8531 -42.4428
2 24 48.5615 -2.8531 -42.4428 48.7213 -4.4314 -42.0752
2 24 49.8394 0.0005 -46.9227 55.5031 0.0005 -33.3929
2 24 54.0946 0.0005 -29.5614 47.8396 0.0005 -44.06
2 24 49.0465 -5.1457 -41.3174 48.7213 -4.4314 -42.0752
2 24 54.0946 -5.2854 -29.5614 49.0465 -5.1457 -41.3174
2 24 48.7213 -4.4314 -42.0752 49.0465 -5.1457 -41.3174
2 24 47.8396 0.0005 -44.06 48.3949 -1.0599 -42.8161
2 24 47.8396 0.0005 -44.06 54.0946 0.0005 -29.5614
2 24 54.0946 -5.2854 -29.5614 54.0946 0.0005 -29.5614
2 24 47.8396 0.0005 -44.06 48.3949 -1.0599 -42.8161
2 24 47.8396 0.0005 -44.06 45.8575 0.0005 -45.4739
2 24 45.3379 -0.9771 -44.747 45.8575 0.0005 -45.4739
2 24 48.5615 -2.8531 -42.4428 48.3949 -1.0599 -42.8161
2 24 48.5615 -2.8531 -42.4428 48.3949 -1.0599 -42.8161
2 24 45.159 -2.5668 -44.4822 45.3379 -0.9771 -44.747
2 24 54.1874 -5.2697 -36.536 49.8394 -5.3011 -46.9227
2 24 54.705 -4.1277 -35.2994 54.1874 -5.2697 -36.536
2 24 54.1874 -5.2697 -36.536 54.705 -4.1277 -35.2994
2 24 60.4621 -5.3011 -33.6879 54.1874 -5.2697 -36.536
2 24 55.5031 0.0005 -33.3929 54.9853 -0.7156 -34.6297
2 24 59.032 0.0005 -31.7745 59.5685 -0.5835 -32.5946
2 24 55.5031 0.0005 -33.3929 54.9853 -0.7156 -34.6297
2 24 55.5031 0.0005 -33.3929 49.8394 0.0005 -46.9227
2 24 49.8394 -5.3011 -46.9227 49.8394 0.0005 -46.9227
2 24 54.9853 -0.7156 -34.6297 54.8528 -1.6487 -34.9463
2 24 54.9853 -0.7156 -34.6297 54.8528 -1.6487 -34.9463
2 24 59.5685 -0.5835 -32.5946 59.8849 -1.6014 -32.7778
2 24 54.705 -4.1277 -35.2994 54.8236 -2.5492 -35.016
2 24 54.705 -4.1277 -35.2994 54.8236 -2.5492 -35.016
2 24 54.8528 -1.6487 -34.9463 54.8236 -2.5492 -35.016
2 24 54.8528 -1.6487 -34.9463 54.8236 -2.5492 -35.016
2 24 60.0476 -2.4249 -32.6785 59.8849 -1.6014 -32.7778
2 24 49.8394 -5.3011 -46.9227 51.3404 -5.3011 -51.3282
2 24 63.7904 -5.2712 -51.3614 51.3404 -5.3011 -51.3282
2 24 62.408 -3.8889 -46.0664 62.408 -1.9132 -46.0664
2 24 62.408 -1.9132 -46.0664 62.4413 -1.2067 -46.2226
2 24 62.5253 -0.3567 -46.5356 62.4413 -1.2067 -46.2226
2 24 54.1874 -5.2697 -36.536 49.8394 -5.3011 -46.9227
2 24 35.7409 0.0005 -24.2939 36.7857 0.0005 -25.3387
2 24 36.4074 0.0005 -25.7169 36.7857 0.0005 -25.3387
2 24 35.7409 0.0005 -24.2939 36.7857 0.0005 -25.3387
2 24 35.7409 -5.2854 -24.2939 36.7857 -5.2854 -25.3387
2 24 36.7857 0.0005 -25.3387 36.7857 -5.2854 -25.3387
2 24 46.4824 -5.2854 -18.8005 45.872 -5.2854 -17.0592
2 24 35.7409 -5.2854 -24.2939 36.7857 -5.2854 -25.3387
2 24 44.4143 -5.2854 -15.6205 45.872 -5.2854 -17.0592
2 24 39.4857 -5.2854 -29.0934 36.3976 -5.2854 -25.7267
2 24 36.7857 -5.2854 -25.3387 36.3976 -5.2854 -25.7267
2 24 36.4074 0.0005 -25.7169 36.3976 -5.2854 -25.7267
2 24 39.4857 0.0005 -29.0934 36.4074 0.0005 -25.7169
2 24 39.4857 -5.2854 -29.0934 36.3976 -5.2854 -25.7267
2 24 36.7857 0.0005 -25.3387 36.7857 -5.2854 -25.3387
2 24 36.7857 0.0005 -25.3387 36.4074 0.0005 -25.7169
2 24 36.7857 -5.2854 -25.3387 36.3976 -5.2854 -25.7267
2 24 36.4074 0.0005 -25.7169 36.3976 -5.2854 -25.7267
2 24 39.4857 -5.2854 -29.0934 47.9959 -5.2854 -20.5832
2 24 46.4824 -5.2854 -18.8005 47.9959 -5.2854 -20.5832
2 24 53.0644 -5.3011 -58.5013 53.0176 0.0005 -58.5019
2 24 53.0644 -5.3011 -58.5013 52.2798 -5.3011 -54.1536
2 24 53.0176 0.0005 -58.5019 52.2245 0.0005 -54.1549
2 24 52.2798 -5.3011 -54.1536 52.2245 0.0005 -54.1549
2 24 53.9975 -5.3011 -58.5019 53.9975 0.0005 -58.5019
2 24 53.9975 -5.3011 -58.5019 53.0644 -5.3011 -58.5013
2 24 53.9975 0.0005 -58.5019 53.0176 0.0005 -58.5019
2 24 53.0644 -5.3011 -58.5013 53.0176 0.0005 -58.5019
2 24 53.9975 0.0005 -61.5183 53.9975 0.0005 -58.5019
2 24 53.9975 0.0005 -61.5183 53.9975 -5.3011 -61.5183
2 24 53.9975 0.0005 -58.5019 53.9975 -5.3011 -58.5019
2 24 53.9975 -5.3011 -61.5183 53.9975 -5.3011 -58.5019
2 24 53.0176 0.0005 -58.5019 53.9975 0.0005 -58.5019
2 24 53.9975 0.0005 -58.5019 53.9975 0.0005 -61.5183
2 24 53.4802 0.0005 -61.5183 53.9975 0.0005 -61.5183
2 24 52.2798 -5.3011 -54.1536 53.0644 -5.3011 -58.5013
2 24 53.0644 -5.3011 -58.5013 53.9975 -5.3011 -58.5019
2 24 53.9975 -5.3011 -61.5183 53.9975 -5.3011 -58.5019
2 24 53.4802 0.0005 -61.5183 53.5097 -5.3011 -61.5183
2 24 53.4802 0.0005 -61.5183 53.9827 -0.0028 -66.2848
2 24 53.5097 -5.3011 -61.5183 53.9798 -5.3011 -66.2849
2 24 53.9827 -0.0028 -66.2848 53.9798 -5.3011 -66.2849
2 24 53.4802 0.0005 -61.5183 53.9975 0.0005 -61.5183
2 24 53.4802 0.0005 -61.5183 53.5097 -5.3011 -61.5183
2 24 53.9975 0.0005 -61.5183 53.9975 -5.3011 -61.5183
2 24 53.5097 -5.3011 -61.5183 53.9975 -5.3011 -61.5183
2 24 37.6032 0.028 -32.0379 37.9799 -0.1919 -32.4843
2 24 37.1138 -1.1849 -31.9325 37.7587 -1.3204 -32.6465
2 24 37.9799 -0.1919 -32.4843 38.2318 -0.5073 -32.815
2 24 38.1429 -1.717 -33.1166 37.7587 -1.3204 -32.6465
2 24 38.4812 -1.6199 -33.3141 38.2318 -0.5073 -32.815
2 24 47.9959 0.0005 -20.5832 39.4857 0.0005 -29.0934
2 24 49.286 0.0005 -22.805 40.18 -0.3108 -31.6003
2 24 40.18 -0.3108 -31.6003 38.2318 -0.5073 -32.815
2 24 38.4812 -1.6199 -33.3141 38.2318 -0.5073 -32.815
2 24 40.18 -0.3108 -31.6003 38.2318 -0.5073 -32.815
2 24 37.9799 -0.1919 -32.4843 38.2318 -0.5073 -32.815
2 24 37.6032 0.028 -32.0379 37.9799 -0.1919 -32.4843
2 24 60.3196 -1.633 -31.7829 59.9044 -1.1849 -31.0084
2 24 28.252 -1.633 0.2848 27.7371 -2.5173 0.5601
2 24 46.4824 0.0005 -18.8005 47.9959 0.0005 -20.5832
2 24 37.9568 -3.8245 -33.9026 37.9424 -2.4645 -33.8599
2 24 36.7099 -1.1849 -32.2818 37.3466 -1.3349 -33.0951
2 24 26.9397 -1.3349 -22.6883 26.4747 -1.7203 -22.3358
2 24 26.175 -2.4645 -22.0925 26.4747 -1.7203 -22.3358
2 24 37.699 -1.7203 -33.5601 37.3466 -1.3349 -33.0951
2 24 27.7531 -1.1849 -23.3249 26.9397 -1.3349 -22.6883
2 24 52.5594 -0.0004 -69.0512 52.0008 -0.0004 -68.9361
2 24 45.0803 -1.1849 -46.1279 44.7277 -1.6133 -45.3399
2 24 44.5346 -2.553 -44.9083 44.7277 -1.6133 -45.3399
2 24 15.1265 -2.553 -15.5003 15.3637 -4.0946 -15.6064
2 24 13.1951 -1.1849 -14.636 13.907 -1.1849 -14.9546
2 24 45.3988 -1.1849 -46.8397 45.0803 -1.1849 -46.1279
2 24 14.695 -1.6133 -15.3072 13.907 -1.1849 -14.9546
2 24 8.7066 0.0005 -8.6944 13.1122 0.0005 -10.1955
2 24 48.0337 0.0005 -51.3207 45.8575 0.0005 -45.4739
2 24 13.4301 -1.1849 -14.1879 14.6228 -1.3706 -14.6465
2 24 14.5609 0.0005 -14.1773 15.2879 -0.9771 -14.6969
2 24 48.0337 0.0005 -51.3207 45.8575 0.0005 -45.4739
2 24 47.7323 -1.1849 -51.5303 45.847 -1.1849 -46.6048
2 24 48.0337 0.0005 -51.3207 49.4724 0.0005 -56.4068
2 24 68.5752 -0.001 -64.4539 67.8331 0.0005 -57.6705
2 24 66.147 -0.0081 -66.2848 66.1516 0.0005 -57.7829
2 24 66.5071 0.0005 -51.1615 67.8331 0.0005 -57.6705
2 24 64.8388 0.0005 -55.4567 66.1516 0.0005 -57.7829
2 24 50.7902 0.0001 -64.7455 51.0211 -0.0002 -67.6446
2 24 51.181 -0.0002 -68.1865 51.0211 -0.0002 -67.6446
2 24 49.4724 0.0005 -56.4068 50.7902 0.0001 -64.7455
2 24 53.4802 0.0005 -61.5183 53.9827 -0.0028 -66.2848
2 24 -4.419 -0.001 8.5403 2.3643 0.0005 7.7982
2 24 -6.25 -0.0081 6.1121 2.252 0.0005 6.1168
2 24 8.8733 0.0005 6.4722 2.3643 0.0005 7.7982
2 24 4.5782 0.0005 4.804 2.252 0.0005 6.1168
2 24 1.9829 0.0005 -10.21 -4.7107 0.0001 -9.2446
2 24 -4.7107 0.0001 -9.2446 -7.6098 -0.0002 -9.0137
2 24 -6.25 -0.0028 -6.0521 -1.4835 0.0005 -6.5546
2 24 -8.1517 -0.0002 -8.8539 -7.6098 -0.0002 -9.0137
2 24 1.8473 -8.0218 -10.6717 -4.8685 -8.0218 -9.7236
2 24 2.4828 -8.0249 8.5183 -4.1287 -8.0249 9.2833
2 24 2.4828 -8.0249 8.5183 9.0083 -8.0249 7.2025
2 24 9.0083 -8.0249 7.2025 13.8208 -8.0249 5.8769
2 24 1.8473 -8.0218 -10.6717 8.4142 -8.0218 -12.3656
2 24 31.2078 -8.0249 -2.0261 23.5082 -8.0249 2.0835
2 24 20.7441 -8.0218 -17.9646 13.2037 -8.0218 -14.0927
2 24 31.2078 -8.0249 -2.0261 40.694 -8.0249 -8.767
2 24 20.7441 -8.0218 -17.9646 27.7673 -8.0218 -22.684
2 24 40.694 -8.0249 -8.767 46.2518 -8.0249 -13.7831
2 24 27.7673 -8.0218 -22.684 32.829 -8.0218 -27.2059
2 24 -9.5001 -8.025 9.4887 -9.5 -8.0245 -9.5117
2 24 -4.1287 -8.0249 9.2833 -9.5001 -8.025 9.4887
2 24 -4.8685 -8.0218 -9.7236 -9.5 -8.0245 -9.5117
2 24 13.8208 -8.0249 5.8769 16.755 -8.0249 4.8597
2 24 23.5082 -8.0249 2.0835 16.755 -8.0249 4.8597
2 24 8.4142 -8.0218 -12.3656 13.2037 -8.0218 -14.0927
2 24 46.2518 -8.0249 -13.7831 51.2678 -8.0249 -19.3409
2 24 32.829 -8.0218 -27.2059 37.3509 -8.0218 -32.2676
2 24 65.9118 -8.0249 -46.214 64.8945 -8.0249 -43.2799
2 24 37.3509 -8.0218 -32.2676 42.0703 -8.0218 -39.2907
2 24 51.2678 -8.0249 -19.3409 58.0087 -8.0249 -28.8271
2 24 42.0703 -8.0218 -39.2907 45.9422 -8.0218 -46.8312
2 24 58.0087 -8.0249 -28.8271 62.1183 -8.0249 -36.5267
2 24 64.8945 -8.0249 -43.2799 62.1183 -8.0249 -36.5267
2 24 47.6693 -8.0218 -51.6206 45.9422 -8.0218 -46.8312
2 24 47.6693 -8.0218 -51.6206 49.3632 -8.0218 -58.1875
2 24 65.9118 -8.0249 -46.214 67.2374 -8.0249 -51.0266
2 24 49.3632 -8.0218 -58.1875 50.3113 -8.0218 -64.9034
2 24 68.5531 -8.0249 -57.552 69.3181 -8.0249 -64.1636
2 24 67.2374 -8.0249 -51.0266 68.5531 -8.0249 -57.552
2 24 50.3113 -8.0218 -64.9034 50.5232 -8.0245 -69.5349
2 24 50.5232 -8.0245 -69.5349 69.5236 -8.025 -69.5349
2 24 69.3181 -8.0249 -64.1636 69.5236 -8.025 -69.5349
0 STEP
