0 Untitled Model
0 Name: Untitled Model
0 Author: 
0 BFC CERTIFY CCW
3 16 -13.1663 -8.9925 -1.25 -11.0421 -8.5873 -1.3701 -13.229 -9.0111 -1.7801
3 16 -13.229 -9.0111 -1.7801 -11.0421 -8.5873 -1.3701 -10.8909 -8.5784 -3.7529
3 16 -11.3634 -8.648 0.779 -11.0421 -8.5873 -1.3701 -13.6078 -9.1097 -0.8349
3 16 -13.6078 -9.1097 -0.8349 -11.0421 -8.5873 -1.3701 -13.1663 -8.9925 -1.25
3 16 -17.0844 -10.4431 10.4505 -15.5839 -9.818 11.3615 -16.1653 -10.0402 8.6218
3 16 -16.1653 -10.0402 8.6218 -15.5839 -9.818 11.3615 -14.074 -9.3106 9.9701
3 16 -10.5038 -8.5452 13.5935 -12.2353 -8.8278 11.4699 -14.0252 -9.3217 14.6473
3 16 -14.0252 -9.3217 14.6473 -12.2353 -8.8278 11.4699 -14.4379 -9.4294 12.4836
3 16 -16.1653 -10.0402 8.6218 -14.074 -9.3106 9.9701 -14.9727 -9.618 6.5653
3 16 -14.9727 -9.618 6.5653 -14.074 -9.3106 9.9701 -12.2544 -8.8447 8.1934
3 16 -7.5272 -8.2636 12.2301 -9.7595 -8.4192 10.2684 -10.5038 -8.5452 13.5935
3 16 -10.5038 -8.5452 13.5935 -9.7595 -8.4192 10.2684 -12.2353 -8.8278 11.4699
3 16 -14.9727 -9.618 6.5653 -12.2544 -8.8447 8.1934 -13.7532 -9.2082 4.2615
3 16 -13.7532 -9.2082 4.2615 -12.2544 -8.8447 8.1934 -10.0127 -8.4569 6.0809
3 16 -9.7595 -8.4192 10.2684 -7.5272 -8.2636 12.2301 -6.9535 -8.2506 8.7077
3 16 -6.9535 -8.2506 8.7077 -7.5272 -8.2636 12.2301 -4.4445 -8.3868 10.3192
3 16 -1.9088 -8.7961 7.8812 -4.0625 -8.1949 7.0365 -4.4445 -8.3868 10.3192
3 16 -4.4445 -8.3868 10.3192 -4.0625 -8.1949 7.0365 -6.9535 -8.2506 8.7077
3 16 -15.5839 -9.818 11.3615 -14.4379 -9.4294 12.4836 -14.074 -9.3106 9.9701
3 16 -14.074 -9.3106 9.9701 -14.4379 -9.4294 12.4836 -12.2353 -8.8278 11.4699
3 16 -19.2629 -11.5125 10.5643 -17.0844 -10.4431 10.4505 -18.7191 -11.1583 7.5242
3 16 -18.7191 -11.1583 7.5242 -17.0844 -10.4431 10.4505 -16.1653 -10.0402 8.6218
3 16 -16.1653 -10.0402 8.6218 -14.9727 -9.618 6.5653 -18.7191 -11.1583 7.5242
3 16 -18.7191 -11.1583 7.5242 -14.9727 -9.618 6.5653 -18.0874 -10.7802 4.8737
3 16 -14.9727 -9.618 6.5653 -13.7532 -9.2082 4.2615 -18.0874 -10.7802 4.8737
3 16 -18.0874 -10.7802 4.8737 -13.7532 -9.2082 4.2615 -17.3189 -10.4091 2.3095
3 16 -17.3189 -10.4091 2.3095 -13.7532 -9.2082 4.2615 -15.8088 -9.8459 0.1929
3 16 -15.8088 -9.8459 0.1929 -13.7532 -9.2082 4.2615 -12.8693 -8.9948 2.053
3 16 -19.2327 -11.477 12.6404 -17.3645 -10.5465 11.8395 -19.2629 -11.5125 10.5643
3 16 -19.2629 -11.5125 10.5643 -17.3645 -10.5465 11.8395 -17.0844 -10.4431 10.4505
3 16 -17.0844 -10.4431 10.4505 -17.3645 -10.5465 11.8395 -15.5839 -9.818 11.3615
3 16 -15.5839 -9.818 11.3615 -17.3645 -10.5465 11.8395 -16.7286 -10.2754 12.5674
3 16 -14.4379 -9.4294 12.4836 -15.5839 -9.818 11.3615 -15.9162 -9.9436 13.0707
3 16 -15.9162 -9.9436 13.0707 -15.5839 -9.818 11.3615 -16.7286 -10.2754 12.5674
3 16 -14.4379 -9.4294 12.4836 -15.9162 -9.9436 13.0707 -14.0252 -9.3217 14.6473
3 16 -14.0252 -9.3217 14.6473 -15.9162 -9.9436 13.0707 -17.2811 -10.4634 14.7686
3 16 -15.9162 -9.9436 13.0707 -16.7286 -10.2754 12.5674 -17.2811 -10.4634 14.7686
3 16 -17.2811 -10.4634 14.7686 -16.7286 -10.2754 12.5674 -18.6699 -11.1718 13.9581
3 16 -16.7286 -10.2754 12.5674 -17.3645 -10.5465 11.8395 -18.6699 -11.1718 13.9581
3 16 -18.6699 -11.1718 13.9581 -17.3645 -10.5465 11.8395 -19.2327 -11.477 12.6404
3 16 -15.8088 -9.8459 0.1929 -12.8693 -8.9948 2.053 -13.6078 -9.1097 -0.8349
3 16 -13.6078 -9.1097 -0.8349 -12.8693 -8.9948 2.053 -11.3634 -8.648 0.779
3 16 -16.0644 -10.0127 -10.069 -13.1065 -9.0344 -8.7317 -13.7802 -9.2005 -12.7852
3 16 -13.7802 -9.2005 -12.7852 -13.1065 -9.0344 -8.7317 -12.0675 -8.7925 -9.9194
3 16 -13.7371 -9.2025 -7.1445 -13.1065 -9.0344 -8.7317 -16.2717 -10.077 -6.953
3 16 -16.2717 -10.077 -6.953 -13.1065 -9.0344 -8.7317 -16.0644 -10.0127 -10.069
3 16 -12.6323 -8.9202 -5.7198 -13.7371 -9.2025 -7.1445 -14.9919 -9.4793 -3.8155
3 16 -14.9919 -9.4793 -3.8155 -13.7371 -9.2025 -7.1445 -16.2717 -10.077 -6.953
3 16 -12.6323 -8.9202 -5.7198 -11.4341 -8.6575 -7.6461 -13.7371 -9.2025 -7.1445
3 16 -13.7371 -9.2025 -7.1445 -11.4341 -8.6575 -7.6461 -13.1065 -9.0344 -8.7317
3 16 -13.1065 -9.0344 -8.7317 -11.4341 -8.6575 -7.6461 -12.0675 -8.7925 -9.9194
3 16 -12.0675 -8.7925 -9.9194 -11.4341 -8.6575 -7.6461 -10.4673 -8.5095 -9.9067
3 16 -13.7802 -9.2005 -12.7852 -12.0675 -8.7925 -9.9194 -10.2218 -8.4424 -13.83
3 16 -10.2218 -8.4424 -13.83 -12.0675 -8.7925 -9.9194 -10.4673 -8.5095 -9.9067
3 16 -10.2218 -8.4424 -13.83 -10.4673 -8.5095 -9.9067 -6.5695 -8.2401 -13.1755
3 16 -6.5695 -8.2401 -13.1755 -10.4673 -8.5095 -9.9067 -8.223 -8.2773 -8.7473
3 16 -10.4673 -8.5095 -9.9067 -11.4341 -8.6575 -7.6461 -8.223 -8.2773 -8.7473
3 16 -8.223 -8.2773 -8.7473 -11.4341 -8.6575 -7.6461 -9.4951 -8.3748 -6.2181
3 16 -10.8909 -8.5784 -3.7529 -9.4951 -8.3748 -6.2181 -12.6323 -8.9202 -5.7198
3 16 -12.6323 -8.9202 -5.7198 -9.4951 -8.3748 -6.2181 -11.4341 -8.6575 -7.6461
3 16 -10.8909 -8.5784 -3.7529 -12.6323 -8.9202 -5.7198 -13.229 -9.0111 -1.7801
3 16 -13.229 -9.0111 -1.7801 -12.6323 -8.9202 -5.7198 -14.9919 -9.4793 -3.8155
3 16 -13.1663 -13.051 -1.25 -13.229 -13.0695 -1.7801 -10.0309 -12.4476 -1.1872
3 16 -10.0309 -12.4476 -1.1872 -13.229 -13.0695 -1.7801 -10.0567 -12.4461 -3.7882
3 16 -13.6078 -13.1681 -0.8349 -13.1663 -13.051 -1.25 -10.7228 -12.5606 0.7431
3 16 -10.7228 -12.5606 0.7431 -13.1663 -13.051 -1.25 -10.0309 -12.4476 -1.1872
3 16 -14.9919 -13.5377 -3.8155 -12.3157 -12.859 -5.774 -13.229 -13.0695 -1.7801
3 16 -13.229 -13.0695 -1.7801 -12.3157 -12.859 -5.774 -10.0567 -12.4461 -3.7882
3 16 -16.2717 -14.1354 -6.953 -13.7615 -13.2618 -7.146 -14.9919 -13.5377 -3.8155
3 16 -14.9919 -13.5377 -3.8155 -13.7615 -13.2618 -7.146 -12.3157 -12.859 -5.774
3 16 -16.2717 -14.1354 -6.953 -16.0644 -14.0711 -10.069 -13.7615 -13.2618 -7.146
3 16 -13.7615 -13.2618 -7.146 -16.0644 -14.0711 -10.069 -13.1062 -13.0536 -8.7947
3 16 -16.0644 -14.0711 -10.069 -13.7802 -13.259 -12.7852 -13.1062 -13.0536 -8.7947
3 16 -13.1062 -13.0536 -8.7947 -13.7802 -13.259 -12.7852 -12.1196 -12.8139 -9.9206
3 16 -13.7802 -13.259 -12.7852 -10.2218 -12.5009 -13.83 -12.1196 -12.8139 -9.9206
3 16 -12.1196 -12.8139 -9.9206 -10.2218 -12.5009 -13.83 -10.3991 -12.4977 -9.6756
3 16 -10.2218 -12.5009 -13.83 -6.5695 -12.2139 -13.1755 -10.3991 -12.4977 -9.6756
3 16 -10.3991 -12.4977 -9.6756 -6.5695 -12.2139 -13.1755 -7.7808 -12.2222 -9.0359
3 16 -6.5695 -12.2139 -13.1755 -3.9459 -12.2563 -11.6971 -7.7808 -12.2222 -9.0359
3 16 -7.7808 -12.2222 -9.0359 -3.9459 -12.2563 -11.6971 -5.091 -12.1632 -8.048
3 16 -3.9459 -12.2563 -11.6971 -1.5837 -12.3314 -8.7635 -5.091 -12.1632 -8.048
3 16 -5.091 -12.1632 -8.048 -1.5837 -12.3314 -8.7635 -2.4347 -12.2839 -7.5246
3 16 -15.8088 -13.9044 0.1929 -13.6078 -13.1681 -0.8349 -12.0549 -12.8179 2.4831
3 16 -12.0549 -12.8179 2.4831 -13.6078 -13.1681 -0.8349 -10.7228 -12.5606 0.7431
3 16 -17.3189 -14.4676 2.3095 -15.8088 -13.9044 0.1929 -13.5188 -13.1939 4.4327
3 16 -13.5188 -13.1939 4.4327 -15.8088 -13.9044 0.1929 -12.0549 -12.8179 2.4831
3 16 -17.3189 -14.4676 2.3095 -13.5188 -13.1939 4.4327 -18.0874 -14.8387 4.8737
3 16 -18.0874 -14.8387 4.8737 -13.5188 -13.1939 4.4327 -14.764 -13.5635 6.6285
3 16 -18.0874 -14.8387 4.8737 -14.764 -13.5635 6.6285 -18.7191 -15.2167 7.5242
3 16 -18.7191 -15.2167 7.5242 -14.764 -13.5635 6.6285 -15.8352 -13.9797 8.7368
3 16 -19.2629 -15.5709 10.5643 -18.7191 -15.2167 7.5242 -16.7588 -14.3935 10.6448
3 16 -16.7588 -14.3935 10.6448 -18.7191 -15.2167 7.5242 -15.8352 -13.9797 8.7368
3 16 -19.2327 -15.5354 12.6404 -19.2629 -15.5709 10.5643 -17.2658 -14.6473 11.8167
3 16 -17.2658 -14.6473 11.8167 -19.2629 -15.5709 10.5643 -16.7588 -14.3935 10.6448
3 16 -19.2327 -15.5354 12.6404 -17.2658 -14.6473 11.8167 -18.6699 -15.2303 13.9581
3 16 -18.6699 -15.2303 13.9581 -17.2658 -14.6473 11.8167 -16.5351 -14.2915 12.3257
3 16 -18.6699 -15.2303 13.9581 -16.5351 -14.2915 12.3257 -17.2811 -14.5218 14.7686
3 16 -17.2811 -14.5218 14.7686 -16.5351 -14.2915 12.3257 -15.9178 -14.012 12.9907
3 16 -17.2811 -14.5218 14.7686 -15.9178 -14.012 12.9907 -14.0252 -13.3802 14.6473
3 16 -14.0252 -13.3802 14.6473 -15.9178 -14.012 12.9907 -14.5638 -13.4959 12.3363
3 16 -10.5038 -12.6037 13.5935 -14.0252 -13.3802 14.6473 -12.4835 -12.8945 11.1473
3 16 -12.4835 -12.8945 11.1473 -14.0252 -13.3802 14.6473 -14.5638 -13.4959 12.3363
3 16 -7.5272 -12.322 12.2301 -10.5038 -12.6037 13.5935 -10.3471 -12.4881 9.5813
3 16 -10.3471 -12.4881 9.5813 -10.5038 -12.6037 13.5935 -12.4835 -12.8945 11.1473
3 16 -4.4445 -12.1823 10.3192 -7.5272 -12.322 12.2301 -8.0795 -12.2524 7.68
3 16 -8.0795 -12.2524 7.68 -7.5272 -12.322 12.2301 -10.3471 -12.4881 9.5813
3 16 -1.8447 -12.2961 7.6353 -4.4445 -12.1823 10.3192 -5.5041 -12.1716 5.2109
3 16 -5.5041 -12.1716 5.2109 -4.4445 -12.1823 10.3192 -8.0795 -12.2524 7.68
3 16 0 -12.2719 -7.7169 -0.4947 -12.1451 -7.6517 0 -11.9661 -9.1563
3 16 0 -11.9661 -9.1563 -0.4947 -12.1451 -7.6517 -0.653 -11.5933 -9.0992
3 16 -0.7625 -10.5953 -9.4268 0 -10.5574 -9.6996 -0.653 -11.5933 -9.0992
3 16 -0.653 -11.5933 -9.0992 0 -10.5574 -9.6996 0 -11.9661 -9.1563
3 16 0 -10.5574 -9.6996 -0.7625 -10.5953 -9.4268 0 -9.5044 -9.3387
3 16 0 -9.5044 -9.3387 -0.7625 -10.5953 -9.4268 -0.7036 -9.5574 -9.0787
3 16 0 -9.5044 -9.3387 -0.7036 -9.5574 -9.0787 0 -9.0989 -8.3046
3 16 0 -9.0989 -8.3046 -0.7036 -9.5574 -9.0787 -0.629 -9.1362 -8.2799
3 16 -0.5854 -12.4183 -5.6841 -0.4947 -12.1451 -7.6517 0 -12.5653 -5.7353
3 16 0 -12.5653 -5.7353 -0.4947 -12.1451 -7.6517 0 -12.2719 -7.7169
3 16 0 -12.5653 -5.7353 0 -12.8667 -3.7579 -0.5854 -12.4183 -5.6841
3 16 -0.5854 -12.4183 -5.6841 0 -12.8667 -3.7579 -0.6859 -12.6777 -3.7313
3 16 -1.9513 -12.3499 0.4258 -1.6754 -12.381 -1.6092 -1.0029 -13.015 0.2972
3 16 -1.0029 -13.015 0.2972 -1.6754 -12.381 -1.6092 -0.8718 -12.9 -1.7031
3 16 -2.0072 -12.363 2.5919 -1.9513 -12.3499 0.4258 -1.0857 -13.0522 2.5612
3 16 -1.0857 -13.0522 2.5612 -1.9513 -12.3499 0.4258 -1.0029 -13.015 0.2972
3 16 -2.0072 -12.363 2.5919 -1.0857 -13.0522 2.5612 -1.8466 -12.4011 4.6739
3 16 -1.8466 -12.4011 4.6739 -1.0857 -13.0522 2.5612 -0.9408 -13.0271 4.6716
3 16 -0.9408 -13.0271 4.6716 -0.9012 -12.7734 6.614 -1.8466 -12.4011 4.6739
3 16 -1.8466 -12.4011 4.6739 -0.9012 -12.7734 6.614 -1.5605 -12.3319 6.9938
3 16 0 -13.2357 4.7331 0 -13.01 6.5089 -0.9408 -13.0271 4.6716
3 16 -0.9408 -13.0271 4.6716 0 -13.01 6.5089 -0.9012 -12.7734 6.614
3 16 0 -13.2357 4.7331 -0.9408 -13.0271 4.6716 0 -13.3205 2.5565
3 16 0 -13.3205 2.5565 -0.9408 -13.0271 4.6716 -1.0857 -13.0522 2.5612
3 16 0 -13.2537 0.2949 0 -13.3205 2.5565 -1.0029 -13.015 0.2972
3 16 -1.0029 -13.015 0.2972 0 -13.3205 2.5565 -1.0857 -13.0522 2.5612
3 16 -1.0029 -13.015 0.2972 -0.8718 -12.9 -1.7031 0 -13.2537 0.2949
3 16 0 -13.2537 0.2949 -0.8718 -12.9 -1.7031 0 -13.0949 -1.6995
3 16 -1.5837 -12.3314 -8.7635 -1.2682 -11.5956 -8.7664 -1.3168 -12.3623 -7.6282
3 16 -1.3168 -12.3623 -7.6282 -1.2682 -11.5956 -8.7664 -0.9473 -12.0567 -7.566
3 16 -1.1102 -12.3727 -5.6412 -1.3168 -12.3623 -7.6282 -0.9473 -12.0567 -7.566
3 16 -3.6403 -12.2213 -4.5248 -1.2811 -12.3894 -3.769 -4.2217 -12.1951 -2.347
3 16 -4.2217 -12.1951 -2.347 -1.2811 -12.3894 -3.769 -1.6754 -12.381 -1.6092
3 16 -4.2217 -12.1951 -2.347 -1.6754 -12.381 -1.6092 -4.6575 -12.1767 -0.0941
3 16 -4.6575 -12.1767 -0.0941 -1.6754 -12.381 -1.6092 -1.9513 -12.3499 0.4258
3 16 -2.0072 -12.363 2.5919 -5.0902 -12.1631 2.243 -1.9513 -12.3499 0.4258
3 16 -1.9513 -12.3499 0.4258 -5.0902 -12.1631 2.243 -4.6575 -12.1767 -0.0941
3 16 -4.2217 -12.1951 -2.347 -6.9456 -12.2008 -3.0997 -3.6403 -12.2213 -4.5248
3 16 -3.6403 -12.2213 -4.5248 -6.9456 -12.2008 -3.0997 -6.0539 -12.183 -5.5354
3 16 -4.6575 -12.1767 -0.0941 -7.4251 -12.2112 -0.7166 -4.2217 -12.1951 -2.347
3 16 -4.2217 -12.1951 -2.347 -7.4251 -12.2112 -0.7166 -6.9456 -12.2008 -3.0997
3 16 -8.0968 -12.2541 1.5237 -7.4251 -12.2112 -0.7166 -5.0902 -12.1631 2.243
3 16 -5.0902 -12.1631 2.243 -7.4251 -12.2112 -0.7166 -4.6575 -12.1767 -0.0941
3 16 -16.7588 -14.3935 10.6448 -15.8352 -13.9797 8.7368 -15.512 -13.8507 11.3055
3 16 -15.512 -13.8507 11.3055 -15.8352 -13.9797 8.7368 -14.1025 -13.3509 9.8138
3 16 -15.8352 -13.9797 8.7368 -14.764 -13.5635 6.6285 -14.1025 -13.3509 9.8138
3 16 -14.1025 -13.3509 9.8138 -14.764 -13.5635 6.6285 -12.5307 -12.9056 8.004
3 16 -13.5188 -13.1939 4.4327 -12.0549 -12.8179 2.4831 -10.8334 -12.582 5.9868
3 16 -10.8334 -12.582 5.9868 -12.0549 -12.8179 2.4831 -9.1305 -12.3587 3.8022
3 16 -14.764 -13.5635 6.6285 -13.5188 -13.1939 4.4327 -12.5307 -12.9056 8.004
3 16 -12.5307 -12.9056 8.004 -13.5188 -13.1939 4.4327 -10.8334 -12.582 5.9868
3 16 -1.8447 -12.2961 7.6353 -2.0525 -11.3616 8.5153 -4.4445 -12.1823 10.3192
3 16 -12.4835 -12.8945 11.1473 -14.5638 -13.4959 12.3363 -14.1025 -13.3509 9.8138
3 16 -14.1025 -13.3509 9.8138 -14.5638 -13.4959 12.3363 -15.512 -13.8507 11.3055
3 16 -10.3471 -12.4881 9.5813 -12.4835 -12.8945 11.1473 -12.5307 -12.9056 8.004
3 16 -12.5307 -12.9056 8.004 -12.4835 -12.8945 11.1473 -14.1025 -13.3509 9.8138
3 16 -8.0795 -12.2524 7.68 -10.3471 -12.4881 9.5813 -10.8334 -12.582 5.9868
3 16 -10.8334 -12.582 5.9868 -10.3471 -12.4881 9.5813 -12.5307 -12.9056 8.004
3 16 -5.5041 -12.1716 5.2109 -8.0795 -12.2524 7.68 -9.1305 -12.3587 3.8022
3 16 -9.1305 -12.3587 3.8022 -8.0795 -12.2524 7.68 -10.8334 -12.582 5.9868
3 16 -5.5041 -12.1716 5.2109 -9.1305 -12.3587 3.8022 -5.0902 -12.1631 2.243
3 16 -5.0902 -12.1631 2.243 -9.1305 -12.3587 3.8022 -8.0968 -12.2541 1.5237
3 16 -15.512 -13.8507 11.3055 -16.5351 -14.2915 12.3257 -16.7588 -14.3935 10.6448
3 16 -16.7588 -14.3935 10.6448 -16.5351 -14.2915 12.3257 -17.2658 -14.6473 11.8167
3 16 -14.5638 -13.4959 12.3363 -15.9178 -14.012 12.9907 -15.512 -13.8507 11.3055
3 16 -15.512 -13.8507 11.3055 -15.9178 -14.012 12.9907 -16.5351 -14.2915 12.3257
3 16 -5.5041 -12.1716 5.2109 -5.0902 -12.1631 2.243 -1.8466 -12.4011 4.6739
3 16 -1.8466 -12.4011 4.6739 -5.0902 -12.1631 2.243 -2.0072 -12.363 2.5919
3 16 -10.0567 -12.4461 -3.7882 -6.9456 -12.2008 -3.0997 -10.0309 -12.4476 -1.1872
3 16 -10.0309 -12.4476 -1.1872 -6.9456 -12.2008 -3.0997 -7.4251 -12.2112 -0.7166
3 16 -10.7228 -12.5606 0.7431 -10.0309 -12.4476 -1.1872 -8.0968 -12.2541 1.5237
3 16 -8.0968 -12.2541 1.5237 -10.0309 -12.4476 -1.1872 -7.4251 -12.2112 -0.7166
3 16 -8.0968 -12.2541 1.5237 -9.1305 -12.3587 3.8022 -10.7228 -12.5606 0.7431
3 16 -10.7228 -12.5606 0.7431 -9.1305 -12.3587 3.8022 -12.0549 -12.8179 2.4831
3 16 -12.3157 -12.859 -5.774 -13.7615 -13.2618 -7.146 -11.1798 -12.6465 -7.6997
3 16 -11.1798 -12.6465 -7.6997 -13.7615 -13.2618 -7.146 -13.1062 -13.0536 -8.7947
3 16 -10.3991 -12.4977 -9.6756 -11.1798 -12.6465 -7.6997 -12.1196 -12.8139 -9.9206
3 16 -12.1196 -12.8139 -9.9206 -11.1798 -12.6465 -7.6997 -13.1062 -13.0536 -8.7947
3 16 -8.774 -12.3226 -6.5151 -7.7808 -12.2222 -9.0359 -6.0539 -12.183 -5.5354
3 16 -6.0539 -12.183 -5.5354 -7.7808 -12.2222 -9.0359 -5.091 -12.1632 -8.048
3 16 -7.7808 -12.2222 -9.0359 -8.774 -12.3226 -6.5151 -10.3991 -12.4977 -9.6756
3 16 -10.3991 -12.4977 -9.6756 -8.774 -12.3226 -6.5151 -11.1798 -12.6465 -7.6997
3 16 -11.1798 -12.6465 -7.6997 -8.774 -12.3226 -6.5151 -12.3157 -12.859 -5.774
3 16 -12.3157 -12.859 -5.774 -8.774 -12.3226 -6.5151 -10.0567 -12.4461 -3.7882
3 16 -10.0567 -12.4461 -3.7882 -8.774 -12.3226 -6.5151 -6.9456 -12.2008 -3.0997
3 16 -6.9456 -12.2008 -3.0997 -8.774 -12.3226 -6.5151 -6.0539 -12.183 -5.5354
3 16 -1.1102 -12.3727 -5.6412 -2.4347 -12.2839 -7.5246 -1.3168 -12.3623 -7.6282
3 16 -13.229 -13.0695 -1.7801 -13.1663 -13.051 -1.25 -13.229 -11.2706 -1.7801
3 16 -13.229 -11.2706 -1.7801 -13.1663 -13.051 -1.25 -13.1663 -11.2521 -1.25
3 16 -13.6078 -13.1681 -0.8349 -13.6078 -11.3692 -0.8349 -13.1663 -13.051 -1.25
3 16 -13.1663 -13.051 -1.25 -13.6078 -11.3692 -0.8349 -13.1663 -11.2521 -1.25
3 16 -14.9919 -13.5377 -3.8155 -13.229 -13.0695 -1.7801 -14.9919 -11.7388 -3.8155
3 16 -14.9919 -11.7388 -3.8155 -13.229 -13.0695 -1.7801 -13.229 -11.2706 -1.7801
3 16 -16.2717 -14.1354 -6.953 -14.9919 -13.5377 -3.8155 -16.2717 -12.1778 -6.953
3 16 -16.2717 -12.1778 -6.953 -14.9919 -13.5377 -3.8155 -14.9919 -11.7388 -3.8155
3 16 -16.2717 -14.1354 -6.953 -16.2717 -12.1778 -6.953 -16.0644 -14.0711 -10.069
3 16 -16.0644 -14.0711 -10.069 -16.2717 -12.1778 -6.953 -16.0644 -12.1135 -10.069
3 16 -16.0644 -14.0711 -10.069 -16.0644 -12.1135 -10.069 -13.7802 -13.259 -12.7852
3 16 -13.7802 -13.259 -12.7852 -16.0644 -12.1135 -10.069 -13.7802 -11.3821 -12.7852
3 16 -13.7802 -13.259 -12.7852 -13.7802 -11.3821 -12.7852 -10.2218 -12.5009 -13.83
3 16 -10.2218 -12.5009 -13.83 -13.7802 -11.3821 -12.7852 -10.2218 -10.702 -13.83
3 16 -10.2218 -12.5009 -13.83 -10.2218 -10.702 -13.83 -6.5695 -12.2139 -13.1755
3 16 -6.5695 -12.2139 -13.1755 -10.2218 -10.702 -13.83 -6.5695 -10.415 -13.1755
3 16 -3.9459 -12.2563 -11.6971 -6.5695 -12.2139 -13.1755 -3.9459 -10.4887 -11.6971
3 16 -3.9459 -10.4887 -11.6971 -6.5695 -12.2139 -13.1755 -6.5695 -10.415 -13.1755
3 16 -1.5837 -12.3314 -8.7635 -3.9459 -12.2563 -11.6971 -1.2682 -11.5956 -8.7664
3 16 -3.9459 -12.2563 -11.6971 -3.9459 -10.4887 -11.6971 -1.2682 -11.5956 -8.7664
3 16 -1.2682 -11.5956 -8.7664 -3.9459 -10.4887 -11.6971 -1.3208 -10.6435 -9.1011
3 16 -15.8088 -13.9044 0.1929 -15.8088 -12.1055 0.1929 -13.6078 -13.1681 -0.8349
3 16 -13.6078 -13.1681 -0.8349 -15.8088 -12.1055 0.1929 -13.6078 -11.3692 -0.8349
3 16 -17.3189 -14.4676 2.3095 -17.3189 -12.6687 2.3095 -15.8088 -13.9044 0.1929
3 16 -15.8088 -13.9044 0.1929 -17.3189 -12.6687 2.3095 -15.8088 -12.1055 0.1929
3 16 -18.0874 -14.8387 4.8737 -18.0874 -13.0398 4.8737 -17.3189 -14.4676 2.3095
3 16 -17.3189 -14.4676 2.3095 -18.0874 -13.0398 4.8737 -17.3189 -12.6687 2.3095
3 16 -18.7191 -15.2167 7.5242 -18.7191 -13.4178 7.5242 -18.0874 -14.8387 4.8737
3 16 -18.0874 -14.8387 4.8737 -18.7191 -13.4178 7.5242 -18.0874 -13.0398 4.8737
3 16 -19.2629 -15.5709 10.5643 -19.2629 -13.6992 10.5643 -18.7191 -15.2167 7.5242
3 16 -18.7191 -15.2167 7.5242 -19.2629 -13.6992 10.5643 -18.7191 -13.4178 7.5242
3 16 -19.2629 -15.5709 10.5643 -19.2327 -15.5354 12.6404 -19.2629 -13.6992 10.5643
3 16 -19.2629 -13.6992 10.5643 -19.2327 -15.5354 12.6404 -19.2327 -13.6637 12.6404
3 16 -19.2327 -15.5354 12.6404 -18.6699 -15.2303 13.9581 -19.2327 -13.6637 12.6404
3 16 -19.2327 -13.6637 12.6404 -18.6699 -15.2303 13.9581 -18.6681 -13.3585 13.9936
3 16 -18.6699 -15.2303 13.9581 -17.2811 -14.5218 14.7686 -18.6681 -13.3585 13.9936
3 16 -18.6681 -13.3585 13.9936 -17.2811 -14.5218 14.7686 -17.1872 -12.7229 14.8041
3 16 -17.2811 -14.5218 14.7686 -14.0252 -13.3802 14.6473 -17.1872 -12.7229 14.8041
3 16 -17.1872 -12.7229 14.8041 -14.0252 -13.3802 14.6473 -13.9314 -11.5813 14.6828
3 16 -14.0252 -13.3802 14.6473 -10.5038 -12.6037 13.5935 -13.9314 -11.5813 14.6828
3 16 -13.9314 -11.5813 14.6828 -10.5038 -12.6037 13.5935 -10.41 -10.8048 13.6289
3 16 -10.5038 -12.6037 13.5935 -7.5272 -12.322 12.2301 -10.41 -10.8048 13.6289
3 16 -10.41 -10.8048 13.6289 -7.5272 -12.322 12.2301 -7.4334 -10.5231 12.2655
3 16 -7.5272 -12.322 12.2301 -4.4445 -12.1823 10.3192 -7.4334 -10.5231 12.2655
3 16 -7.4334 -10.5231 12.2655 -4.4445 -12.1823 10.3192 -4.3963 -10.2789 10.4049
3 16 -2.0011 -10.1145 8.5827 -4.3963 -10.2789 10.4049 -2.0525 -11.3616 8.5153
3 16 -2.0525 -11.3616 8.5153 -4.3963 -10.2789 10.4049 -4.4445 -12.1823 10.3192
3 16 -13.229 -11.2706 -1.7801 -13.1663 -11.2521 -1.25 -13.229 -9.0111 -1.7801
3 16 -13.229 -9.0111 -1.7801 -13.1663 -11.2521 -1.25 -13.1663 -8.9925 -1.25
3 16 -13.6078 -11.3692 -0.8349 -13.6078 -9.1097 -0.8349 -13.1663 -11.2521 -1.25
3 16 -13.1663 -11.2521 -1.25 -13.6078 -9.1097 -0.8349 -13.1663 -8.9925 -1.25
3 16 -14.9919 -11.7388 -3.8155 -13.229 -11.2706 -1.7801 -14.9919 -9.4793 -3.8155
3 16 -14.9919 -9.4793 -3.8155 -13.229 -11.2706 -1.7801 -13.229 -9.0111 -1.7801
3 16 -16.2717 -12.1778 -6.953 -14.9919 -11.7388 -3.8155 -16.2717 -10.077 -6.953
3 16 -16.2717 -10.077 -6.953 -14.9919 -11.7388 -3.8155 -14.9919 -9.4793 -3.8155
3 16 -16.2717 -12.1778 -6.953 -16.2717 -10.077 -6.953 -16.0644 -12.1135 -10.069
3 16 -16.0644 -12.1135 -10.069 -16.2717 -10.077 -6.953 -16.0644 -10.0127 -10.069
3 16 -16.0644 -12.1135 -10.069 -16.0644 -10.0127 -10.069 -13.7802 -11.3821 -12.7852
3 16 -13.7802 -11.3821 -12.7852 -16.0644 -10.0127 -10.069 -13.7802 -9.2005 -12.7852
3 16 -13.7802 -11.3821 -12.7852 -13.7802 -9.2005 -12.7852 -10.2218 -10.702 -13.83
3 16 -10.2218 -10.702 -13.83 -13.7802 -9.2005 -12.7852 -10.2218 -8.4424 -13.83
3 16 -10.2218 -10.702 -13.83 -10.2218 -8.4424 -13.83 -6.5695 -10.415 -13.1755
3 16 -6.5695 -10.415 -13.1755 -10.2218 -8.4424 -13.83 -6.5695 -8.2401 -13.1755
3 16 -3.9459 -10.4887 -11.6971 -6.5695 -10.415 -13.1755 -3.9459 -8.4034 -11.6971
3 16 -3.9459 -8.4034 -11.6971 -6.5695 -10.415 -13.1755 -6.5695 -8.2401 -13.1755
3 16 -3.9459 -10.4887 -11.6971 -3.9459 -8.4034 -11.6971 -1.3208 -10.6435 -9.1011
3 16 -1.4283 -8.8243 -8.006 -1.1452 -9.5694 -8.8372 -3.9459 -8.4034 -11.6971
3 16 -1.1452 -9.5694 -8.8372 -1.3208 -10.6435 -9.1011 -3.9459 -8.4034 -11.6971
3 16 -15.8088 -12.1055 0.1929 -15.8088 -9.8459 0.1929 -13.6078 -11.3692 -0.8349
3 16 -13.6078 -11.3692 -0.8349 -15.8088 -9.8459 0.1929 -13.6078 -9.1097 -0.8349
3 16 -17.3189 -12.6687 2.3095 -17.3189 -10.4091 2.3095 -15.8088 -12.1055 0.1929
3 16 -15.8088 -12.1055 0.1929 -17.3189 -10.4091 2.3095 -15.8088 -9.8459 0.1929
3 16 -18.0874 -13.0398 4.8737 -18.0874 -10.7802 4.8737 -17.3189 -12.6687 2.3095
3 16 -17.3189 -12.6687 2.3095 -18.0874 -10.7802 4.8737 -17.3189 -10.4091 2.3095
3 16 -18.7191 -13.4178 7.5242 -18.7191 -11.1583 7.5242 -18.0874 -13.0398 4.8737
3 16 -18.0874 -13.0398 4.8737 -18.7191 -11.1583 7.5242 -18.0874 -10.7802 4.8737
3 16 -19.2629 -13.6992 10.5643 -19.2629 -11.5125 10.5643 -18.7191 -13.4178 7.5242
3 16 -18.7191 -13.4178 7.5242 -19.2629 -11.5125 10.5643 -18.7191 -11.1583 7.5242
3 16 -19.2629 -13.6992 10.5643 -19.2327 -13.6637 12.6404 -19.2629 -11.5125 10.5643
3 16 -19.2629 -11.5125 10.5643 -19.2327 -13.6637 12.6404 -19.2327 -11.477 12.6404
3 16 -19.2327 -13.6637 12.6404 -18.6681 -13.3585 13.9936 -19.2327 -11.477 12.6404
3 16 -19.2327 -11.477 12.6404 -18.6681 -13.3585 13.9936 -18.6699 -11.1718 13.9581
3 16 -18.6681 -13.3585 13.9936 -17.1872 -12.7229 14.8041 -18.6699 -11.1718 13.9581
3 16 -18.6699 -11.1718 13.9581 -17.1872 -12.7229 14.8041 -17.2811 -10.4634 14.7686
3 16 -17.1872 -12.7229 14.8041 -13.9314 -11.5813 14.6828 -17.2811 -10.4634 14.7686
3 16 -17.2811 -10.4634 14.7686 -13.9314 -11.5813 14.6828 -14.0252 -9.3217 14.6473
3 16 -13.9314 -11.5813 14.6828 -10.41 -10.8048 13.6289 -14.0252 -9.3217 14.6473
3 16 -14.0252 -9.3217 14.6473 -10.41 -10.8048 13.6289 -10.5038 -8.5452 13.5935
3 16 -10.41 -10.8048 13.6289 -7.4334 -10.5231 12.2655 -10.5038 -8.5452 13.5935
3 16 -10.5038 -8.5452 13.5935 -7.4334 -10.5231 12.2655 -7.5272 -8.2636 12.2301
3 16 -7.4334 -10.5231 12.2655 -4.3963 -10.2789 10.4049 -7.5272 -8.2636 12.2301
3 16 -7.5272 -8.2636 12.2301 -4.3963 -10.2789 10.4049 -4.4445 -8.3868 10.3192
3 16 -2.4347 -12.2839 -7.5246 -1.5837 -12.3314 -8.7635 -1.3168 -12.3623 -7.6282
3 16 -2.4347 -12.2839 -7.5246 -1.1102 -12.3727 -5.6412 -3.6403 -12.2213 -4.5248
3 16 -3.6403 -12.2213 -4.5248 -1.1102 -12.3727 -5.6412 -1.2811 -12.3894 -3.769
3 16 -2.4347 -12.2839 -7.5246 -3.6403 -12.2213 -4.5248 -5.091 -12.1632 -8.048
3 16 -5.091 -12.1632 -8.048 -3.6403 -12.2213 -4.5248 -6.0539 -12.183 -5.5354
3 16 -1.6903 -11.3436 8.5552 -1.4537 -11.9808 8.0387 -1.06 -11.6914 9.1079
3 16 -1.06 -11.6914 9.1079 -1.4537 -11.9808 8.0387 -0.9365 -12.2417 8.3341
3 16 -1.1163 -8.838 8.4518 -1.0903 -9.5345 9.256 -0.0001 -8.6048 8.6159
3 16 -0.0001 -8.6048 8.6159 -1.0903 -9.5345 9.256 -0.0014 -9.503 9.5638
3 16 -1.0903 -9.5345 9.256 -1.1163 -8.838 8.4518 -1.6575 -10.1438 8.6778
3 16 -1.6575 -10.1438 8.6778 -1.1163 -8.838 8.4518 -1.4204 -9.0004 7.9511
3 16 -1.6575 -10.1438 8.6778 -1.1323 -10.6559 9.4753 -1.0903 -9.5345 9.256
3 16 -1.0903 -9.5345 9.256 -1.1323 -10.6559 9.4753 -0.0014 -9.503 9.5638
3 16 -0.0014 -9.503 9.5638 -1.1323 -10.6559 9.4753 -0.0012 -10.7229 9.8457
3 16 0 -11.8911 9.2824 -0.0012 -10.7229 9.8457 -1.06 -11.6914 9.1079
3 16 -1.06 -11.6914 9.1079 -0.0012 -10.7229 9.8457 -1.1323 -10.6559 9.4753
3 16 0 -12.5772 8.38 0 -11.8911 9.2824 -0.9365 -12.2417 8.3341
3 16 -0.9365 -12.2417 8.3341 0 -11.8911 9.2824 -1.06 -11.6914 9.1079
3 16 -0.8775 -12.5637 7.4971 -0.9012 -12.7734 6.614 0 -12.7881 7.4937
3 16 0 -12.7881 7.4937 -0.9012 -12.7734 6.614 0 -13.01 6.5089
3 16 0 -12.7881 7.4937 0 -12.5772 8.38 -0.8775 -12.5637 7.4971
3 16 -0.8775 -12.5637 7.4971 0 -12.5772 8.38 -0.9365 -12.2417 8.3341
3 16 -0.8775 -12.5637 7.4971 -0.9365 -12.2417 8.3341 -1.3862 -12.2257 7.5395
3 16 -1.3862 -12.2257 7.5395 -0.9365 -12.2417 8.3341 -1.4537 -11.9808 8.0387
3 16 -0.9012 -12.7734 6.614 -0.8775 -12.5637 7.4971 -1.5605 -12.3319 6.9938
3 16 -1.5605 -12.3319 6.9938 -0.8775 -12.5637 7.4971 -1.3862 -12.2257 7.5395
3 16 -1.06 -11.6914 9.1079 -1.1323 -10.6559 9.4753 -1.6903 -11.3436 8.5552
3 16 -1.6903 -11.3436 8.5552 -1.1323 -10.6559 9.4753 -1.6575 -10.1438 8.6778
3 16 -8.223 -8.2773 -8.7473 -5.7452 -8.1949 -5.7452 -5.3433 -8.345 -9.6151
3 16 -5.3433 -8.345 -9.6151 -5.7452 -8.1949 -5.7452 -4.0625 -8.4301 -7.0365
3 16 -7.8481 -8.1949 -2.1029 -7.0364 -8.1949 -4.0625 -10.8909 -8.5784 -3.7529
3 16 -10.8909 -8.5784 -3.7529 -7.0364 -8.1949 -4.0625 -9.4951 -8.3748 -6.2181
3 16 -8.125 -8.1949 0 -7.8481 -8.1949 -2.1029 -11.0421 -8.5873 -1.3701
3 16 -11.0421 -8.5873 -1.3701 -7.8481 -8.1949 -2.1029 -10.8909 -8.5784 -3.7529
3 16 -7.8481 -8.1949 2.1029 -8.125 -8.1949 0 -11.3634 -8.648 0.779
3 16 -11.3634 -8.648 0.779 -8.125 -8.1949 0 -11.0421 -8.5873 -1.3701
3 16 -7.0364 -8.1949 4.0625 -7.8481 -8.1949 2.1029 -10.5098 -8.5272 3.274
3 16 -10.5098 -8.5272 3.274 -7.8481 -8.1949 2.1029 -11.3634 -8.648 0.779
3 16 -5.7452 -8.1949 5.7452 -7.0364 -8.1949 4.0625 -10.0127 -8.4569 6.0809
3 16 -10.0127 -8.4569 6.0809 -7.0364 -8.1949 4.0625 -10.5098 -8.5272 3.274
3 16 -1.8447 -12.2961 7.6353 -5.5041 -12.1716 5.2109 -1.5605 -12.3319 6.9938
3 16 -1.5605 -12.3319 6.9938 -5.5041 -12.1716 5.2109 -1.8466 -12.4011 4.6739
3 16 -0.5854 -12.4183 -5.6841 -0.6859 -12.6777 -3.7313 -1.1102 -12.3727 -5.6412
3 16 -1.1102 -12.3727 -5.6412 -0.6859 -12.6777 -3.7313 -1.2811 -12.3894 -3.769
3 16 -1.1102 -12.3727 -5.6412 -0.9473 -12.0567 -7.566 -0.5854 -12.4183 -5.6841
3 16 -0.5854 -12.4183 -5.6841 -0.9473 -12.0567 -7.566 -0.4947 -12.1451 -7.6517
3 16 -0.653 -11.5933 -9.0992 -0.4947 -12.1451 -7.6517 -1.2682 -11.5956 -8.7664
3 16 -1.2682 -11.5956 -8.7664 -0.4947 -12.1451 -7.6517 -0.9473 -12.0567 -7.566
3 16 -0.7625 -10.5953 -9.4268 -0.653 -11.5933 -9.0992 -1.3208 -10.6435 -9.1011
3 16 -1.3208 -10.6435 -9.1011 -0.653 -11.5933 -9.0992 -1.2682 -11.5956 -8.7664
3 16 -0.7036 -9.5574 -9.0787 -0.7625 -10.5953 -9.4268 -1.1452 -9.5694 -8.8372
3 16 -1.1452 -9.5694 -8.8372 -0.7625 -10.5953 -9.4268 -1.3208 -10.6435 -9.1011
3 16 -0.7036 -9.5574 -9.0787 -1.1452 -9.5694 -8.8372 -0.629 -9.1362 -8.2799
3 16 -0.629 -9.1362 -8.2799 -1.1452 -9.5694 -8.8372 -1.1732 -9.0471 -8.027
3 16 -3.9459 -8.4034 -11.6971 -5.3433 -8.345 -9.6151 -1.4283 -8.8243 -8.006
3 16 -1.4283 -8.8243 -8.006 -5.3433 -8.345 -9.6151 -4.0625 -8.4301 -7.0365
3 16 -1.4283 -8.8243 -8.006 -1.1732 -9.0471 -8.027 -1.1452 -9.5694 -8.8372
3 16 -8.223 -8.2773 -8.7473 -9.4951 -8.3748 -6.2181 -5.7452 -8.1949 -5.7452
3 16 -5.7452 -8.1949 -5.7452 -9.4951 -8.3748 -6.2181 -7.0364 -8.1949 -4.0625
3 16 -0.6859 -12.6777 -3.7313 -0.8718 -12.9 -1.7031 -1.2811 -12.3894 -3.769
3 16 -1.2811 -12.3894 -3.769 -0.8718 -12.9 -1.7031 -1.6754 -12.381 -1.6092
3 16 -0.8718 -12.9 -1.7031 -0.6859 -12.6777 -3.7313 0 -13.0949 -1.6995
3 16 0 -13.0949 -1.6995 -0.6859 -12.6777 -3.7313 0 -12.8667 -3.7579
3 16 -1.4283 -8.8243 -8.006 0 -8.5565 -8.125 -1.1732 -9.0471 -8.027
3 16 -1.1732 -9.0471 -8.027 0 -8.5565 -8.125 0 -8.8785 -8.1194
3 16 -4.0625 -8.1949 7.0365 -5.7452 -8.1949 5.7452 -6.9535 -8.2506 8.7077
3 16 -6.9535 -8.2506 8.7077 -5.7452 -8.1949 5.7452 -10.0127 -8.4569 6.0809
3 16 -4.0625 0 7.0365 -4.0625 -7.3754 7.0365 -2.1029 0 7.8481
3 16 -2.1029 0 7.8481 -4.0625 -7.3754 7.0365 -1.9282 -7.9165 7.8779
3 16 -1.4537 -11.9808 8.0387 -1.8447 -12.2961 7.6353 -1.3862 -12.2257 7.5395
3 16 -1.3862 -12.2257 7.5395 -1.8447 -12.2961 7.6353 -1.5605 -12.3319 6.9938
3 16 -1.8447 -12.2961 7.6353 -1.4537 -11.9808 8.0387 -2.0525 -11.3616 8.5153
3 16 -2.0525 -11.3616 8.5153 -1.4537 -11.9808 8.0387 -1.6903 -11.3436 8.5552
3 16 -2.0525 -11.3616 8.5153 -1.6903 -11.3436 8.5552 -2.0011 -10.1145 8.5827
3 16 -2.0011 -10.1145 8.5827 -1.6903 -11.3436 8.5552 -1.6575 -10.1438 8.6778
3 16 -3.0585 0 5.506 -5.506 0 3.0585 -5.7452 0 5.7452
3 16 -5.7452 0 5.7452 -5.506 0 3.0585 -7.0364 0 4.0625
3 16 -7.0364 0 4.0625 -5.506 0 3.0585 -7.8481 0 2.1029
3 16 -7.8481 0 2.1029 -5.506 0 3.0585 -6.3966 0 0
3 16 -6.3966 0 0 -5.4844 0 -3.0801 -7.8481 0 -2.1029
3 16 -7.8481 0 -2.1029 -5.4844 0 -3.0801 -7.0364 0 -4.0625
3 16 -7.0364 0 -4.0625 -5.4844 0 -3.0801 -5.7452 0 -5.7452
3 16 -5.7452 0 -5.7452 -5.4844 0 -3.0801 -3.0801 0 -5.4844
3 16 -3.0801 0 -5.4844 0 0 -6.3966 -2.1029 0 -7.8481
3 16 -2.1029 0 -7.8481 0 0 -6.3966 0 0 -8.125
3 16 -3.0585 0 5.506 -2.1029 0 7.8481 0 0 6.3966
3 16 0 0 6.3966 -2.1029 0 7.8481 0 0 8.125
3 16 -4.0625 0 -7.0365 -3.0801 0 -5.4844 -2.1029 0 -7.8481
3 16 -8.125 0 0 -6.3966 0 0 -7.8481 0 -2.1029
3 16 -4.0625 0 7.0365 -3.0585 0 5.506 -5.7452 0 5.7452
3 16 0 0 8.125 -2.1029 0 7.8481 0 -7.282 8.125
3 16 0 -7.282 8.125 -2.1029 0 7.8481 -1.9282 -7.9165 7.8779
3 16 -4.0625 0 7.0365 -5.7452 0 5.7452 -4.0625 -7.3754 7.0365
3 16 -4.0625 -7.3754 7.0365 -5.7452 0 5.7452 -5.7452 -7.3754 5.7452
3 16 -7.0364 0 4.0625 -7.8481 0 2.1029 -7.0364 -7.3754 4.0625
3 16 -7.0364 -7.3754 4.0625 -7.8481 0 2.1029 -7.8481 -7.3754 2.1029
3 16 -8.125 0 0 -7.8481 0 -2.1029 -8.125 -7.3754 0
3 16 -8.125 -7.3754 0 -7.8481 0 -2.1029 -7.8481 -7.3754 -2.1029
3 16 -7.0364 0 -4.0625 -5.7452 0 -5.7452 -7.0364 -7.3754 -4.0625
3 16 -7.0364 -7.3754 -4.0625 -5.7452 0 -5.7452 -5.7452 -7.3754 -5.7452
3 16 -4.0625 0 -7.0365 -2.1029 0 -7.8481 -4.0625 -7.5871 -7.0365
3 16 -4.0625 -7.5871 -7.0365 -2.1029 0 -7.8481 -1.4958 -7.9419 -7.9902
3 16 0 -9.7498 6.3966 -3.0585 -9.7498 5.506 0 0 6.3966
3 16 0 0 6.3966 -3.0585 -9.7498 5.506 -3.0585 0 5.506
3 16 -3.0585 -9.7498 5.506 -5.506 -9.7498 3.0585 -3.0585 0 5.506
3 16 -3.0585 0 5.506 -5.506 -9.7498 3.0585 -5.506 0 3.0585
3 16 -5.506 -9.7498 3.0585 -6.3967 -9.7498 0 -5.506 0 3.0585
3 16 -5.506 0 3.0585 -6.3967 -9.7498 0 -6.3966 0 0
3 16 -6.3967 -9.7498 0 -5.4844 -9.7498 -3.0801 -6.3966 0 0
3 16 -6.3966 0 0 -5.4844 -9.7498 -3.0801 -5.4844 0 -3.0801
3 16 -5.4844 0 -3.0801 -5.4844 -9.7498 -3.0801 -3.0801 0 -5.4844
3 16 -3.0801 0 -5.4844 -5.4844 -9.7498 -3.0801 -3.0801 -9.7498 -5.4844
3 16 -3.0801 -9.7498 -5.4844 0 -9.7498 -6.3966 -3.0801 0 -5.4844
3 16 -3.0801 0 -5.4844 0 -9.7498 -6.3966 0 0 -6.3966
3 16 0 -9.7498 6.3966 0 -9.7498 4.1313 -3.0585 -9.7498 5.506
3 16 -3.0585 -9.7498 5.506 0 -9.7498 4.1313 -1.9754 -9.7498 3.5561
3 16 -3.0585 -9.7498 5.506 -1.9754 -9.7498 3.5561 -5.506 -9.7498 3.0585
3 16 -5.506 -9.7498 3.0585 -1.9754 -9.7498 3.5561 -3.5561 -9.7498 1.9754
3 16 -3.5561 -9.7498 1.9754 -4.1313 -9.7498 0 -5.506 -9.7498 3.0585
3 16 -5.506 -9.7498 3.0585 -4.1313 -9.7498 0 -6.3967 -9.7498 0
3 16 -6.3967 -9.7498 0 -4.1313 -9.7498 0 -5.4844 -9.7498 -3.0801
3 16 -5.4844 -9.7498 -3.0801 -4.1313 -9.7498 0 -3.5422 -9.7498 -1.9893
3 16 -5.4844 -9.7498 -3.0801 -3.5422 -9.7498 -1.9893 -3.0801 -9.7498 -5.4844
3 16 -3.0801 -9.7498 -5.4844 -3.5422 -9.7498 -1.9893 -1.9893 -9.7498 -3.5422
3 16 -1.9893 -9.7498 -3.5422 0 -9.7498 -4.1313 -3.0801 -9.7498 -5.4844
3 16 -3.0801 -9.7498 -5.4844 0 -9.7498 -4.1313 0 -9.7498 -6.3966
3 16 -3.0585 0 5.506 -4.0625 0 7.0365 -2.1029 0 7.8481
3 16 -5.7452 0 5.7452 -7.0364 0 4.0625 -5.7452 -7.3754 5.7452
3 16 -5.7452 -7.3754 5.7452 -7.0364 0 4.0625 -7.0364 -7.3754 4.0625
3 16 -6.3966 0 0 -8.125 0 0 -7.8481 0 2.1029
3 16 -7.8481 0 2.1029 -8.125 0 0 -7.8481 -7.3754 2.1029
3 16 -7.8481 -7.3754 2.1029 -8.125 0 0 -8.125 -7.3754 0
3 16 -7.8481 0 -2.1029 -7.0364 0 -4.0625 -7.8481 -7.3754 -2.1029
3 16 -7.8481 -7.3754 -2.1029 -7.0364 0 -4.0625 -7.0364 -7.3754 -4.0625
3 16 -3.0801 0 -5.4844 -4.0625 0 -7.0365 -5.7452 0 -5.7452
3 16 -5.7452 0 -5.7452 -4.0625 0 -7.0365 -5.7452 -7.3754 -5.7452
3 16 -5.7452 -7.3754 -5.7452 -4.0625 0 -7.0365 -4.0625 -7.5871 -7.0365
3 16 0 0 -8.125 0 -7.7009 -8.125 -2.1029 0 -7.8481
3 16 -2.1029 0 -7.8481 0 -7.7009 -8.125 -1.4958 -7.9419 -7.9902
3 16 -1.0186 -8.773 8.0021 -1.1163 -8.838 8.4518 0 -8.5339 8.1377
3 16 0 -8.5339 8.1377 -1.1163 -8.838 8.4518 -0.0001 -8.6048 8.6159
3 16 -1.4204 -9.0004 7.9511 -1.1163 -8.838 8.4518 -1.0186 -8.773 8.0021
3 16 -1.9088 -8.7961 7.8812 -2.0011 -10.1145 8.5827 -1.4204 -9.0004 7.9511
3 16 -1.4204 -9.0004 7.9511 -2.0011 -10.1145 8.5827 -1.6575 -10.1438 8.6778
3 16 -4.3963 -10.2789 10.4049 -2.0011 -10.1145 8.5827 -4.4445 -8.3868 10.3192
3 16 -4.4445 -8.3868 10.3192 -2.0011 -10.1145 8.5827 -1.9088 -8.7961 7.8812
3 16 0 -8.5339 8.1377 0 -8.0911 8.125 -1.0186 -8.773 8.0021
3 16 -1.1732 -9.0471 -8.027 0 -8.8785 -8.1194 -0.629 -9.1362 -8.2799
3 16 -0.629 -9.1362 -8.2799 0 -8.8785 -8.1194 0 -9.0989 -8.3046
3 16 -6.9535 -8.2506 8.7077 -10.0127 -8.4569 6.0809 -9.7595 -8.4192 10.2684
3 16 -9.7595 -8.4192 10.2684 -10.0127 -8.4569 6.0809 -12.2544 -8.8447 8.1934
3 16 -9.7595 -8.4192 10.2684 -12.2544 -8.8447 8.1934 -12.2353 -8.8278 11.4699
3 16 -12.2353 -8.8278 11.4699 -12.2544 -8.8447 8.1934 -14.074 -9.3106 9.9701
3 16 -10.0127 -8.4569 6.0809 -10.5098 -8.5272 3.274 -13.7532 -9.2082 4.2615
3 16 -13.7532 -9.2082 4.2615 -10.5098 -8.5272 3.274 -12.8693 -8.9948 2.053
3 16 -11.3634 -8.648 0.779 -12.8693 -8.9948 2.053 -10.5098 -8.5272 3.274
3 16 -8.223 -8.2773 -8.7473 -5.3433 -8.345 -9.6151 -6.5695 -8.2401 -13.1755
3 16 -6.5695 -8.2401 -13.1755 -5.3433 -8.345 -9.6151 -3.9459 -8.4034 -11.6971
3 16 -0.75 -10.5 -1.8307 0 -10.5 -1.9677 -0.75 -5.325 -1.8307
3 16 -0.75 -5.325 -1.8307 0 -10.5 -1.9677 0 -5.325 -1.9677
3 16 -1.8307 -10.5 -0.75 -0.75 -10.5 -1.8307 -1.8307 -5.325 -0.75
3 16 -1.8307 -5.325 -0.75 -0.75 -10.5 -1.8307 -0.75 -5.325 -1.8307
3 16 -1.9677 -10.5 0 -1.8307 -10.5 -0.75 -1.9677 -5.325 0
3 16 -1.9677 -5.325 0 -1.8307 -10.5 -0.75 -1.8307 -5.325 -0.75
3 16 -1.8467 -10.5 0.734 -1.9677 -10.5 0 -1.8467 -5.325 0.734
3 16 -1.8467 -5.325 0.734 -1.9677 -10.5 0 -1.9677 -5.325 0
3 16 -0.734 -10.5 1.8467 -1.8467 -10.5 0.734 -0.734 -5.325 1.8467
3 16 -0.734 -5.325 1.8467 -1.8467 -10.5 0.734 -1.8467 -5.325 0.734
3 16 0 -10.5 1.9677 -0.734 -10.5 1.8467 0 -5.325 1.9677
3 16 0 -5.325 1.9677 -0.734 -10.5 1.8467 -0.734 -5.325 1.8467
3 16 0 -5.325 -1.9677 0 -5.325 -4.1313 -0.75 -5.325 -1.8307
3 16 -0.75 -5.325 -1.8307 0 -5.325 -4.1313 -1.9893 -5.325 -3.5422
3 16 -1.8307 -5.325 -0.75 -0.75 -5.325 -1.8307 -3.5422 -5.325 -1.9893
3 16 -3.5422 -5.325 -1.9893 -0.75 -5.325 -1.8307 -1.9893 -5.325 -3.5422
3 16 -1.9677 -5.325 0 -1.8307 -5.325 -0.75 -4.1313 -5.325 0
3 16 -4.1313 -5.325 0 -1.8307 -5.325 -0.75 -3.5422 -5.325 -1.9893
3 16 -1.9677 -5.325 0 -4.1313 -5.325 0 -1.8467 -5.325 0.734
3 16 -1.8467 -5.325 0.734 -4.1313 -5.325 0 -3.5561 -5.325 1.9754
3 16 -0.734 -5.325 1.8467 -1.8467 -5.325 0.734 -1.9754 -5.325 3.5561
3 16 -1.9754 -5.325 3.5561 -1.8467 -5.325 0.734 -3.5561 -5.325 1.9754
3 16 0 -5.325 1.9677 -0.734 -5.325 1.8467 0 -5.325 4.1313
3 16 0 -5.325 4.1313 -0.734 -5.325 1.8467 -1.9754 -5.325 3.5561
3 16 -1.9893 -5.325 -3.5422 0 -5.325 -4.1313 -1.9893 -9.7498 -3.5422
3 16 -1.9893 -9.7498 -3.5422 0 -5.325 -4.1313 0 -9.7498 -4.1313
3 16 -3.5422 -5.325 -1.9893 -1.9893 -5.325 -3.5422 -3.5422 -9.7498 -1.9893
3 16 -3.5422 -9.7498 -1.9893 -1.9893 -5.325 -3.5422 -1.9893 -9.7498 -3.5422
3 16 -4.1313 -5.325 0 -3.5422 -5.325 -1.9893 -4.1313 -9.7498 0
3 16 -4.1313 -9.7498 0 -3.5422 -5.325 -1.9893 -3.5422 -9.7498 -1.9893
3 16 -3.5561 -5.325 1.9754 -4.1313 -5.325 0 -3.5561 -9.7498 1.9754
3 16 -3.5561 -9.7498 1.9754 -4.1313 -5.325 0 -4.1313 -9.7498 0
3 16 -1.9754 -5.325 3.5561 -3.5561 -5.325 1.9754 -1.9754 -9.7498 3.5561
3 16 -1.9754 -9.7498 3.5561 -3.5561 -5.325 1.9754 -3.5561 -9.7498 1.9754
3 16 0 -5.325 4.1313 -1.9754 -5.325 3.5561 0 -9.7498 4.1313
3 16 0 -9.7498 4.1313 -1.9754 -5.325 3.5561 -1.9754 -9.7498 3.5561
3 16 0 -10.5 1.9677 0 -10.5 0.0004 -0.734 -10.5 1.8467
3 16 -0.734 -10.5 1.8467 0 -10.5 0.0004 -1.8467 -10.5 0.734
3 16 -1.8467 -10.5 0.734 0 -10.5 0.0004 -1.9677 -10.5 0
3 16 -1.9677 -10.5 0 0 -10.5 0.0004 -1.8307 -10.5 -0.75
3 16 -1.8307 -10.5 -0.75 0 -10.5 0.0004 -0.75 -10.5 -1.8307
3 16 -0.75 -10.5 -1.8307 0 -10.5 0.0004 0 -10.5 -1.9677
3 16 13.1663 -8.9925 -1.25 13.229 -9.0111 -1.7801 11.0421 -8.5873 -1.3701
3 16 11.0421 -8.5873 -1.3701 13.229 -9.0111 -1.7801 10.8909 -8.5784 -3.7529
3 16 13.1663 -8.9925 -1.25 11.0421 -8.5873 -1.3701 13.6078 -9.1097 -0.8349
3 16 13.6078 -9.1097 -0.8349 11.0421 -8.5873 -1.3701 11.3634 -8.648 0.779
3 16 14.9919 -9.4793 -3.8155 12.6323 -8.9202 -5.7198 13.229 -9.0111 -1.7801
3 16 13.229 -9.0111 -1.7801 12.6323 -8.9202 -5.7198 10.8909 -8.5784 -3.7529
3 16 16.2717 -10.077 -6.953 13.7371 -9.2025 -7.1445 14.9919 -9.4793 -3.8155
3 16 14.9919 -9.4793 -3.8155 13.7371 -9.2025 -7.1445 12.6323 -8.9202 -5.7198
3 16 16.0644 -10.0127 -10.069 13.1065 -9.0344 -8.7317 16.2717 -10.077 -6.953
3 16 16.2717 -10.077 -6.953 13.1065 -9.0344 -8.7317 13.7371 -9.2025 -7.1445
3 16 16.0644 -10.0127 -10.069 13.7802 -9.2005 -12.7852 13.1065 -9.0344 -8.7317
3 16 13.1065 -9.0344 -8.7317 13.7802 -9.2005 -12.7852 12.0675 -8.7925 -9.9194
3 16 13.7802 -9.2005 -12.7852 10.2218 -8.4424 -13.83 12.0675 -8.7925 -9.9194
3 16 12.0675 -8.7925 -9.9194 10.2218 -8.4424 -13.83 10.4673 -8.5095 -9.9067
3 16 10.2218 -8.4424 -13.83 6.5695 -8.2401 -13.1755 10.4673 -8.5095 -9.9067
3 16 10.4673 -8.5095 -9.9067 6.5695 -8.2401 -13.1755 8.223 -8.2773 -8.7473
3 16 3.9459 -8.4034 -11.6971 5.3433 -8.345 -9.6151 6.5695 -8.2401 -13.1755
3 16 6.5695 -8.2401 -13.1755 5.3433 -8.345 -9.6151 8.223 -8.2773 -8.7473
3 16 15.8088 -9.8459 0.1929 13.6078 -9.1097 -0.8349 12.8693 -8.9948 2.053
3 16 12.8693 -8.9948 2.053 13.6078 -9.1097 -0.8349 11.3634 -8.648 0.779
3 16 17.3189 -10.4091 2.3095 15.8088 -9.8459 0.1929 13.7532 -9.2082 4.2615
3 16 13.7532 -9.2082 4.2615 15.8088 -9.8459 0.1929 12.8693 -8.9948 2.053
3 16 17.3189 -10.4091 2.3095 13.7532 -9.2082 4.2615 18.0874 -10.7802 4.8737
3 16 18.0874 -10.7802 4.8737 13.7532 -9.2082 4.2615 14.9727 -9.618 6.5653
3 16 18.0874 -10.7802 4.8737 14.9727 -9.618 6.5653 18.7191 -11.1583 7.5242
3 16 18.7191 -11.1583 7.5242 14.9727 -9.618 6.5653 16.1653 -10.0402 8.6218
3 16 19.2629 -11.5125 10.5643 18.7191 -11.1583 7.5242 17.0844 -10.4431 10.4505
3 16 17.0844 -10.4431 10.4505 18.7191 -11.1583 7.5242 16.1653 -10.0402 8.6218
3 16 19.2327 -11.477 12.6404 19.2629 -11.5125 10.5643 17.3645 -10.5465 11.8395
3 16 17.3645 -10.5465 11.8395 19.2629 -11.5125 10.5643 17.0844 -10.4431 10.4505
3 16 19.2327 -11.477 12.6404 17.3645 -10.5465 11.8395 18.6699 -11.1718 13.9581
3 16 18.6699 -11.1718 13.9581 17.3645 -10.5465 11.8395 16.7286 -10.2754 12.5674
3 16 18.6699 -11.1718 13.9581 16.7286 -10.2754 12.5674 17.2811 -10.4634 14.7686
3 16 17.2811 -10.4634 14.7686 16.7286 -10.2754 12.5674 15.9162 -9.9436 13.0707
3 16 17.2811 -10.4634 14.7686 15.9162 -9.9436 13.0707 14.0252 -9.3217 14.6473
3 16 14.0252 -9.3217 14.6473 15.9162 -9.9436 13.0707 14.4379 -9.4294 12.4836
3 16 10.5038 -8.5452 13.5935 14.0252 -9.3217 14.6473 12.2353 -8.8278 11.4699
3 16 12.2353 -8.8278 11.4699 14.0252 -9.3217 14.6473 14.4379 -9.4294 12.4836
3 16 7.5272 -8.2636 12.2301 10.5038 -8.5452 13.5935 9.7595 -8.4192 10.2684
3 16 9.7595 -8.4192 10.2684 10.5038 -8.5452 13.5935 12.2353 -8.8278 11.4699
3 16 4.4445 -8.3868 10.3192 7.5272 -8.2636 12.2301 6.9535 -8.2506 8.7077
3 16 6.9535 -8.2506 8.7077 7.5272 -8.2636 12.2301 9.7595 -8.4192 10.2684
3 16 4.0625 -8.4301 -7.0365 5.3433 -8.345 -9.6151 1.4283 -8.8243 -8.006
3 16 1.4283 -8.8243 -8.006 5.3433 -8.345 -9.6151 3.9459 -8.4034 -11.6971
3 16 17.0844 -10.4431 10.4505 16.1653 -10.0402 8.6218 15.5839 -9.818 11.3615
3 16 15.5839 -9.818 11.3615 16.1653 -10.0402 8.6218 14.074 -9.3106 9.9701
3 16 16.1653 -10.0402 8.6218 14.9727 -9.618 6.5653 14.074 -9.3106 9.9701
3 16 14.074 -9.3106 9.9701 14.9727 -9.618 6.5653 12.2544 -8.8447 8.1934
3 16 5.7452 -8.1949 5.7452 10.0127 -8.4569 6.0809 7.0364 -8.1949 4.0625
3 16 7.0364 -8.1949 4.0625 10.0127 -8.4569 6.0809 10.5098 -8.5272 3.274
3 16 14.9727 -9.618 6.5653 13.7532 -9.2082 4.2615 12.2544 -8.8447 8.1934
3 16 12.2544 -8.8447 8.1934 13.7532 -9.2082 4.2615 10.0127 -8.4569 6.0809
3 16 12.2353 -8.8278 11.4699 14.4379 -9.4294 12.4836 14.074 -9.3106 9.9701
3 16 14.074 -9.3106 9.9701 14.4379 -9.4294 12.4836 15.5839 -9.818 11.3615
3 16 16.7286 -10.2754 12.5674 17.3645 -10.5465 11.8395 15.5839 -9.818 11.3615
3 16 15.5839 -9.818 11.3615 17.3645 -10.5465 11.8395 17.0844 -10.4431 10.4505
3 16 14.4379 -9.4294 12.4836 15.9162 -9.9436 13.0707 15.5839 -9.818 11.3615
3 16 15.5839 -9.818 11.3615 15.9162 -9.9436 13.0707 16.7286 -10.2754 12.5674
3 16 12.6323 -8.9202 -5.7198 13.7371 -9.2025 -7.1445 11.4341 -8.6575 -7.6461
3 16 11.4341 -8.6575 -7.6461 13.7371 -9.2025 -7.1445 13.1065 -9.0344 -8.7317
3 16 10.4673 -8.5095 -9.9067 11.4341 -8.6575 -7.6461 12.0675 -8.7925 -9.9194
3 16 12.0675 -8.7925 -9.9194 11.4341 -8.6575 -7.6461 13.1065 -9.0344 -8.7317
3 16 10.4673 -8.5095 -9.9067 8.223 -8.2773 -8.7473 11.4341 -8.6575 -7.6461
3 16 11.4341 -8.6575 -7.6461 8.223 -8.2773 -8.7473 9.4951 -8.3748 -6.2181
3 16 11.4341 -8.6575 -7.6461 9.4951 -8.3748 -6.2181 12.6323 -8.9202 -5.7198
3 16 12.6323 -8.9202 -5.7198 9.4951 -8.3748 -6.2181 10.8909 -8.5784 -3.7529
3 16 8.223 -8.2773 -8.7473 5.3433 -8.345 -9.6151 5.7452 -8.1949 -5.7452
3 16 5.7452 -8.1949 -5.7452 5.3433 -8.345 -9.6151 4.0625 -8.4301 -7.0365
3 16 0 -12.2719 -7.7169 0 -11.9661 -9.1563 0.4947 -12.1451 -7.6517
3 16 0.4947 -12.1451 -7.6517 0 -11.9661 -9.1563 0.653 -11.5933 -9.0992
3 16 0 -11.9661 -9.1563 0 -10.5574 -9.6996 0.653 -11.5933 -9.0992
3 16 0.653 -11.5933 -9.0992 0 -10.5574 -9.6996 0.7625 -10.5953 -9.4268
3 16 0 -10.5574 -9.6996 0 -9.5044 -9.3387 0.7625 -10.5953 -9.4268
3 16 0.7625 -10.5953 -9.4268 0 -9.5044 -9.3387 0.7036 -9.5574 -9.0787
3 16 0 -9.5044 -9.3387 0 -9.0989 -8.3046 0.7036 -9.5574 -9.0787
3 16 0.7036 -9.5574 -9.0787 0 -9.0989 -8.3046 0.629 -9.1362 -8.2799
3 16 0.5854 -12.4183 -5.6841 0 -12.5653 -5.7353 0.4947 -12.1451 -7.6517
3 16 0.4947 -12.1451 -7.6517 0 -12.5653 -5.7353 0 -12.2719 -7.7169
3 16 0 -12.5653 -5.7353 0.5854 -12.4183 -5.6841 0 -12.8667 -3.7579
3 16 0 -12.8667 -3.7579 0.5854 -12.4183 -5.6841 0.6859 -12.6777 -3.7313
3 16 1.9513 -12.3499 0.4258 1.0029 -13.015 0.2972 1.6754 -12.381 -1.6092
3 16 1.6754 -12.381 -1.6092 1.0029 -13.015 0.2972 0.8718 -12.9 -1.7031
3 16 2.0072 -12.363 2.5919 1.0857 -13.0522 2.5612 1.9513 -12.3499 0.4258
3 16 1.9513 -12.3499 0.4258 1.0857 -13.0522 2.5612 1.0029 -13.015 0.2972
3 16 0.9408 -13.0271 4.6716 1.0857 -13.0522 2.5612 1.8466 -12.4011 4.6739
3 16 1.8466 -12.4011 4.6739 1.0857 -13.0522 2.5612 2.0072 -12.363 2.5919
3 16 0.9408 -13.0271 4.6716 1.8466 -12.4011 4.6739 0.9012 -12.7734 6.614
3 16 0.9012 -12.7734 6.614 1.8466 -12.4011 4.6739 1.5605 -12.3319 6.9938
3 16 0 -13.2357 4.7331 0.9408 -13.0271 4.6716 0 -13.01 6.5089
3 16 0 -13.01 6.5089 0.9408 -13.0271 4.6716 0.9012 -12.7734 6.614
3 16 1.0857 -13.0522 2.5612 0.9408 -13.0271 4.6716 0 -13.3205 2.5565
3 16 0 -13.3205 2.5565 0.9408 -13.0271 4.6716 0 -13.2357 4.7331
3 16 0 -13.2537 0.2949 1.0029 -13.015 0.2972 0 -13.3205 2.5565
3 16 0 -13.3205 2.5565 1.0029 -13.015 0.2972 1.0857 -13.0522 2.5612
3 16 1.0029 -13.015 0.2972 0 -13.2537 0.2949 0.8718 -12.9 -1.7031
3 16 0.8718 -12.9 -1.7031 0 -13.2537 0.2949 0 -13.0949 -1.6995
3 16 0.9473 -12.0567 -7.566 1.2682 -11.5956 -8.7664 1.3168 -12.3623 -7.6282
3 16 1.3168 -12.3623 -7.6282 1.2682 -11.5956 -8.7664 1.5837 -12.3314 -8.7635
3 16 1.1102 -12.3727 -5.6412 0.9473 -12.0567 -7.566 1.3168 -12.3623 -7.6282
3 16 1.6754 -12.381 -1.6092 1.2811 -12.3894 -3.769 4.2217 -12.1951 -2.347
3 16 4.2217 -12.1951 -2.347 1.2811 -12.3894 -3.769 3.6403 -12.2213 -4.5248
3 16 4.2217 -12.1951 -2.347 4.6575 -12.1767 -0.0941 1.6754 -12.381 -1.6092
3 16 1.6754 -12.381 -1.6092 4.6575 -12.1767 -0.0941 1.9513 -12.3499 0.4258
3 16 2.0072 -12.363 2.5919 1.9513 -12.3499 0.4258 5.0902 -12.1631 2.243
3 16 5.0902 -12.1631 2.243 1.9513 -12.3499 0.4258 4.6575 -12.1767 -0.0941
3 16 6.5695 -12.2139 -13.1755 7.7808 -12.2222 -9.0359 3.9459 -12.2563 -11.6971
3 16 3.9459 -12.2563 -11.6971 7.7808 -12.2222 -9.0359 5.091 -12.1632 -8.048
3 16 4.2217 -12.1951 -2.347 3.6403 -12.2213 -4.5248 6.9456 -12.2008 -3.0997
3 16 6.9456 -12.2008 -3.0997 3.6403 -12.2213 -4.5248 6.0539 -12.183 -5.5354
3 16 13.1663 -13.051 -1.25 10.0309 -12.4476 -1.1872 13.229 -13.0695 -1.7801
3 16 13.229 -13.0695 -1.7801 10.0309 -12.4476 -1.1872 10.0567 -12.4461 -3.7882
3 16 4.6575 -12.1767 -0.0941 4.2217 -12.1951 -2.347 7.4251 -12.2112 -0.7166
3 16 7.4251 -12.2112 -0.7166 4.2217 -12.1951 -2.347 6.9456 -12.2008 -3.0997
3 16 13.6078 -13.1681 -0.8349 10.7228 -12.5606 0.7431 13.1663 -13.051 -1.25
3 16 13.1663 -13.051 -1.25 10.7228 -12.5606 0.7431 10.0309 -12.4476 -1.1872
3 16 4.6575 -12.1767 -0.0941 7.4251 -12.2112 -0.7166 5.0902 -12.1631 2.243
3 16 5.0902 -12.1631 2.243 7.4251 -12.2112 -0.7166 8.0968 -12.2541 1.5237
3 16 16.7588 -14.3935 10.6448 15.512 -13.8507 11.3055 15.8352 -13.9797 8.7368
3 16 15.8352 -13.9797 8.7368 15.512 -13.8507 11.3055 14.1025 -13.3509 9.8138
3 16 10.5038 -12.6037 13.5935 12.4835 -12.8945 11.1473 14.0252 -13.3802 14.6473
3 16 14.0252 -13.3802 14.6473 12.4835 -12.8945 11.1473 14.5638 -13.4959 12.3363
3 16 15.8352 -13.9797 8.7368 14.1025 -13.3509 9.8138 14.764 -13.5635 6.6285
3 16 14.764 -13.5635 6.6285 14.1025 -13.3509 9.8138 12.5307 -12.9056 8.004
3 16 7.5272 -12.322 12.2301 10.3471 -12.4881 9.5813 10.5038 -12.6037 13.5935
3 16 10.5038 -12.6037 13.5935 10.3471 -12.4881 9.5813 12.4835 -12.8945 11.1473
3 16 13.5188 -13.1939 4.4327 10.8334 -12.582 5.9868 12.0549 -12.8179 2.4831
3 16 12.0549 -12.8179 2.4831 10.8334 -12.582 5.9868 9.1305 -12.3587 3.8022
3 16 14.764 -13.5635 6.6285 12.5307 -12.9056 8.004 13.5188 -13.1939 4.4327
3 16 13.5188 -13.1939 4.4327 12.5307 -12.9056 8.004 10.8334 -12.582 5.9868
3 16 4.4445 -12.1823 10.3192 8.0795 -12.2524 7.68 7.5272 -12.322 12.2301
3 16 7.5272 -12.322 12.2301 8.0795 -12.2524 7.68 10.3471 -12.4881 9.5813
3 16 8.0795 -12.2524 7.68 4.4445 -12.1823 10.3192 5.5041 -12.1716 5.2109
3 16 5.5041 -12.1716 5.2109 4.4445 -12.1823 10.3192 1.8447 -12.2961 7.6353
3 16 15.512 -13.8507 11.3055 14.5638 -13.4959 12.3363 14.1025 -13.3509 9.8138
3 16 14.1025 -13.3509 9.8138 14.5638 -13.4959 12.3363 12.4835 -12.8945 11.1473
3 16 10.3471 -12.4881 9.5813 12.5307 -12.9056 8.004 12.4835 -12.8945 11.1473
3 16 12.4835 -12.8945 11.1473 12.5307 -12.9056 8.004 14.1025 -13.3509 9.8138
3 16 8.0795 -12.2524 7.68 10.8334 -12.582 5.9868 10.3471 -12.4881 9.5813
3 16 10.3471 -12.4881 9.5813 10.8334 -12.582 5.9868 12.5307 -12.9056 8.004
3 16 5.5041 -12.1716 5.2109 9.1305 -12.3587 3.8022 8.0795 -12.2524 7.68
3 16 8.0795 -12.2524 7.68 9.1305 -12.3587 3.8022 10.8334 -12.582 5.9868
3 16 5.5041 -12.1716 5.2109 5.0902 -12.1631 2.243 9.1305 -12.3587 3.8022
3 16 9.1305 -12.3587 3.8022 5.0902 -12.1631 2.243 8.0968 -12.2541 1.5237
3 16 19.2629 -15.5709 10.5643 16.7588 -14.3935 10.6448 18.7191 -15.2167 7.5242
3 16 18.7191 -15.2167 7.5242 16.7588 -14.3935 10.6448 15.8352 -13.9797 8.7368
3 16 15.8352 -13.9797 8.7368 14.764 -13.5635 6.6285 18.7191 -15.2167 7.5242
3 16 18.7191 -15.2167 7.5242 14.764 -13.5635 6.6285 18.0874 -14.8387 4.8737
3 16 14.764 -13.5635 6.6285 13.5188 -13.1939 4.4327 18.0874 -14.8387 4.8737
3 16 18.0874 -14.8387 4.8737 13.5188 -13.1939 4.4327 17.3189 -14.4676 2.3095
3 16 17.3189 -14.4676 2.3095 13.5188 -13.1939 4.4327 15.8088 -13.9044 0.1929
3 16 15.8088 -13.9044 0.1929 13.5188 -13.1939 4.4327 12.0549 -12.8179 2.4831
3 16 19.2327 -15.5354 12.6404 17.2658 -14.6473 11.8167 19.2629 -15.5709 10.5643
3 16 19.2629 -15.5709 10.5643 17.2658 -14.6473 11.8167 16.7588 -14.3935 10.6448
3 16 15.512 -13.8507 11.3055 16.7588 -14.3935 10.6448 16.5351 -14.2915 12.3257
3 16 16.5351 -14.2915 12.3257 16.7588 -14.3935 10.6448 17.2658 -14.6473 11.8167
3 16 14.5638 -13.4959 12.3363 15.512 -13.8507 11.3055 15.9178 -14.012 12.9907
3 16 15.9178 -14.012 12.9907 15.512 -13.8507 11.3055 16.5351 -14.2915 12.3257
3 16 14.5638 -13.4959 12.3363 15.9178 -14.012 12.9907 14.0252 -13.3802 14.6473
3 16 14.0252 -13.3802 14.6473 15.9178 -14.012 12.9907 17.2811 -14.5218 14.7686
3 16 15.9178 -14.012 12.9907 16.5351 -14.2915 12.3257 17.2811 -14.5218 14.7686
3 16 17.2811 -14.5218 14.7686 16.5351 -14.2915 12.3257 18.6699 -15.2303 13.9581
3 16 16.5351 -14.2915 12.3257 17.2658 -14.6473 11.8167 18.6699 -15.2303 13.9581
3 16 18.6699 -15.2303 13.9581 17.2658 -14.6473 11.8167 19.2327 -15.5354 12.6404
3 16 2.0072 -12.363 2.5919 5.0902 -12.1631 2.243 1.8466 -12.4011 4.6739
3 16 1.8466 -12.4011 4.6739 5.0902 -12.1631 2.243 5.5041 -12.1716 5.2109
3 16 1.8447 -12.2961 7.6353 1.5605 -12.3319 6.9938 5.5041 -12.1716 5.2109
3 16 1.5605 -12.3319 6.9938 1.8466 -12.4011 4.6739 5.5041 -12.1716 5.2109
3 16 7.4251 -12.2112 -0.7166 6.9456 -12.2008 -3.0997 10.0309 -12.4476 -1.1872
3 16 10.0309 -12.4476 -1.1872 6.9456 -12.2008 -3.0997 10.0567 -12.4461 -3.7882
3 16 7.4251 -12.2112 -0.7166 10.0309 -12.4476 -1.1872 8.0968 -12.2541 1.5237
3 16 8.0968 -12.2541 1.5237 10.0309 -12.4476 -1.1872 10.7228 -12.5606 0.7431
3 16 12.0549 -12.8179 2.4831 9.1305 -12.3587 3.8022 10.7228 -12.5606 0.7431
3 16 10.7228 -12.5606 0.7431 9.1305 -12.3587 3.8022 8.0968 -12.2541 1.5237
3 16 15.8088 -13.9044 0.1929 12.0549 -12.8179 2.4831 13.6078 -13.1681 -0.8349
3 16 13.6078 -13.1681 -0.8349 12.0549 -12.8179 2.4831 10.7228 -12.5606 0.7431
3 16 16.0644 -14.0711 -10.069 13.1062 -13.0536 -8.7947 13.7802 -13.259 -12.7852
3 16 13.7802 -13.259 -12.7852 13.1062 -13.0536 -8.7947 12.1196 -12.8139 -9.9206
3 16 16.2717 -14.1354 -6.953 13.7615 -13.2618 -7.146 16.0644 -14.0711 -10.069
3 16 16.0644 -14.0711 -10.069 13.7615 -13.2618 -7.146 13.1062 -13.0536 -8.7947
3 16 12.3157 -12.859 -5.774 13.7615 -13.2618 -7.146 14.9919 -13.5377 -3.8155
3 16 14.9919 -13.5377 -3.8155 13.7615 -13.2618 -7.146 16.2717 -14.1354 -6.953
3 16 12.3157 -12.859 -5.774 11.1798 -12.6465 -7.6997 13.7615 -13.2618 -7.146
3 16 13.7615 -13.2618 -7.146 11.1798 -12.6465 -7.6997 13.1062 -13.0536 -8.7947
3 16 13.1062 -13.0536 -8.7947 11.1798 -12.6465 -7.6997 12.1196 -12.8139 -9.9206
3 16 12.1196 -12.8139 -9.9206 11.1798 -12.6465 -7.6997 10.3991 -12.4977 -9.6756
3 16 13.7802 -13.259 -12.7852 12.1196 -12.8139 -9.9206 10.2218 -12.5009 -13.83
3 16 10.2218 -12.5009 -13.83 12.1196 -12.8139 -9.9206 10.3991 -12.4977 -9.6756
3 16 8.774 -12.3226 -6.5151 6.0539 -12.183 -5.5354 7.7808 -12.2222 -9.0359
3 16 7.7808 -12.2222 -9.0359 6.0539 -12.183 -5.5354 5.091 -12.1632 -8.048
3 16 10.2218 -12.5009 -13.83 10.3991 -12.4977 -9.6756 6.5695 -12.2139 -13.1755
3 16 6.5695 -12.2139 -13.1755 10.3991 -12.4977 -9.6756 7.7808 -12.2222 -9.0359
3 16 11.1798 -12.6465 -7.6997 8.774 -12.3226 -6.5151 10.3991 -12.4977 -9.6756
3 16 10.3991 -12.4977 -9.6756 8.774 -12.3226 -6.5151 7.7808 -12.2222 -9.0359
3 16 10.0567 -12.4461 -3.7882 8.774 -12.3226 -6.5151 12.3157 -12.859 -5.774
3 16 12.3157 -12.859 -5.774 8.774 -12.3226 -6.5151 11.1798 -12.6465 -7.6997
3 16 10.0567 -12.4461 -3.7882 12.3157 -12.859 -5.774 13.229 -13.0695 -1.7801
3 16 13.229 -13.0695 -1.7801 12.3157 -12.859 -5.774 14.9919 -13.5377 -3.8155
3 16 6.0539 -12.183 -5.5354 8.774 -12.3226 -6.5151 6.9456 -12.2008 -3.0997
3 16 6.9456 -12.2008 -3.0997 8.774 -12.3226 -6.5151 10.0567 -12.4461 -3.7882
3 16 3.9459 -12.2563 -11.6971 5.091 -12.1632 -8.048 1.5837 -12.3314 -8.7635
3 16 1.5837 -12.3314 -8.7635 5.091 -12.1632 -8.048 2.4347 -12.2839 -7.5246
3 16 1.1102 -12.3727 -5.6412 1.3168 -12.3623 -7.6282 2.4347 -12.2839 -7.5246
3 16 13.229 -13.0695 -1.7801 13.229 -11.2706 -1.7801 13.1663 -13.051 -1.25
3 16 13.1663 -13.051 -1.25 13.229 -11.2706 -1.7801 13.1663 -11.2521 -1.25
3 16 13.1663 -11.2521 -1.25 13.6078 -11.3692 -0.8349 13.1663 -13.051 -1.25
3 16 13.1663 -13.051 -1.25 13.6078 -11.3692 -0.8349 13.6078 -13.1681 -0.8349
3 16 14.9919 -13.5377 -3.8155 14.9919 -11.7388 -3.8155 13.229 -13.0695 -1.7801
3 16 13.229 -13.0695 -1.7801 14.9919 -11.7388 -3.8155 13.229 -11.2706 -1.7801
3 16 16.2717 -14.1354 -6.953 16.2717 -12.1778 -6.953 14.9919 -13.5377 -3.8155
3 16 14.9919 -13.5377 -3.8155 16.2717 -12.1778 -6.953 14.9919 -11.7388 -3.8155
3 16 16.0644 -12.1135 -10.069 16.2717 -12.1778 -6.953 16.0644 -14.0711 -10.069
3 16 16.0644 -14.0711 -10.069 16.2717 -12.1778 -6.953 16.2717 -14.1354 -6.953
3 16 13.7802 -11.3821 -12.7852 16.0644 -12.1135 -10.069 13.7802 -13.259 -12.7852
3 16 13.7802 -13.259 -12.7852 16.0644 -12.1135 -10.069 16.0644 -14.0711 -10.069
3 16 10.2218 -10.702 -13.83 13.7802 -11.3821 -12.7852 10.2218 -12.5009 -13.83
3 16 10.2218 -12.5009 -13.83 13.7802 -11.3821 -12.7852 13.7802 -13.259 -12.7852
3 16 6.5695 -10.415 -13.1755 10.2218 -10.702 -13.83 6.5695 -12.2139 -13.1755
3 16 6.5695 -12.2139 -13.1755 10.2218 -10.702 -13.83 10.2218 -12.5009 -13.83
3 16 3.9459 -12.2563 -11.6971 3.9459 -10.4887 -11.6971 6.5695 -12.2139 -13.1755
3 16 6.5695 -12.2139 -13.1755 3.9459 -10.4887 -11.6971 6.5695 -10.415 -13.1755
3 16 1.5837 -12.3314 -8.7635 1.2682 -11.5956 -8.7664 3.9459 -12.2563 -11.6971
3 16 3.9459 -12.2563 -11.6971 1.2682 -11.5956 -8.7664 3.9459 -10.4887 -11.6971
3 16 1.2682 -11.5956 -8.7664 1.3208 -10.6435 -9.1011 3.9459 -10.4887 -11.6971
3 16 13.6078 -11.3692 -0.8349 15.8088 -12.1055 0.1929 13.6078 -13.1681 -0.8349
3 16 13.6078 -13.1681 -0.8349 15.8088 -12.1055 0.1929 15.8088 -13.9044 0.1929
3 16 15.8088 -12.1055 0.1929 17.3189 -12.6687 2.3095 15.8088 -13.9044 0.1929
3 16 15.8088 -13.9044 0.1929 17.3189 -12.6687 2.3095 17.3189 -14.4676 2.3095
3 16 17.3189 -12.6687 2.3095 18.0874 -13.0398 4.8737 17.3189 -14.4676 2.3095
3 16 17.3189 -14.4676 2.3095 18.0874 -13.0398 4.8737 18.0874 -14.8387 4.8737
3 16 18.0874 -13.0398 4.8737 18.7191 -13.4178 7.5242 18.0874 -14.8387 4.8737
3 16 18.0874 -14.8387 4.8737 18.7191 -13.4178 7.5242 18.7191 -15.2167 7.5242
3 16 18.7191 -13.4178 7.5242 19.2629 -13.6992 10.5643 18.7191 -15.2167 7.5242
3 16 18.7191 -15.2167 7.5242 19.2629 -13.6992 10.5643 19.2629 -15.5709 10.5643
3 16 19.2629 -15.5709 10.5643 19.2629 -13.6992 10.5643 19.2327 -15.5354 12.6404
3 16 19.2327 -15.5354 12.6404 19.2629 -13.6992 10.5643 19.2327 -13.6637 12.6404
3 16 19.2327 -15.5354 12.6404 19.2327 -13.6637 12.6404 18.6699 -15.2303 13.9581
3 16 18.6699 -15.2303 13.9581 19.2327 -13.6637 12.6404 18.6681 -13.3585 13.9936
3 16 18.6699 -15.2303 13.9581 18.6681 -13.3585 13.9936 17.2811 -14.5218 14.7686
3 16 17.2811 -14.5218 14.7686 18.6681 -13.3585 13.9936 17.1872 -12.7229 14.8041
3 16 17.2811 -14.5218 14.7686 17.1872 -12.7229 14.8041 14.0252 -13.3802 14.6473
3 16 14.0252 -13.3802 14.6473 17.1872 -12.7229 14.8041 13.9314 -11.5813 14.6828
3 16 14.0252 -13.3802 14.6473 13.9314 -11.5813 14.6828 10.5038 -12.6037 13.5935
3 16 10.5038 -12.6037 13.5935 13.9314 -11.5813 14.6828 10.41 -10.8048 13.6289
3 16 10.5038 -12.6037 13.5935 10.41 -10.8048 13.6289 7.5272 -12.322 12.2301
3 16 7.5272 -12.322 12.2301 10.41 -10.8048 13.6289 7.4334 -10.5231 12.2655
3 16 7.5272 -12.322 12.2301 7.4334 -10.5231 12.2655 4.4445 -12.1823 10.3192
3 16 4.4445 -12.1823 10.3192 7.4334 -10.5231 12.2655 4.3963 -10.2789 10.4049
3 16 7.4334 -10.5231 12.2655 7.5272 -8.2636 12.2301 4.3963 -10.2789 10.4049
3 16 4.3963 -10.2789 10.4049 7.5272 -8.2636 12.2301 4.4445 -8.3868 10.3192
3 16 10.41 -10.8048 13.6289 10.5038 -8.5452 13.5935 7.4334 -10.5231 12.2655
3 16 7.4334 -10.5231 12.2655 10.5038 -8.5452 13.5935 7.5272 -8.2636 12.2301
3 16 13.9314 -11.5813 14.6828 14.0252 -9.3217 14.6473 10.41 -10.8048 13.6289
3 16 10.41 -10.8048 13.6289 14.0252 -9.3217 14.6473 10.5038 -8.5452 13.5935
3 16 17.1872 -12.7229 14.8041 17.2811 -10.4634 14.7686 13.9314 -11.5813 14.6828
3 16 13.9314 -11.5813 14.6828 17.2811 -10.4634 14.7686 14.0252 -9.3217 14.6473
3 16 18.6681 -13.3585 13.9936 18.6699 -11.1718 13.9581 17.1872 -12.7229 14.8041
3 16 17.1872 -12.7229 14.8041 18.6699 -11.1718 13.9581 17.2811 -10.4634 14.7686
3 16 19.2327 -13.6637 12.6404 19.2327 -11.477 12.6404 18.6681 -13.3585 13.9936
3 16 18.6681 -13.3585 13.9936 19.2327 -11.477 12.6404 18.6699 -11.1718 13.9581
3 16 19.2629 -13.6992 10.5643 19.2629 -11.5125 10.5643 19.2327 -13.6637 12.6404
3 16 19.2327 -13.6637 12.6404 19.2629 -11.5125 10.5643 19.2327 -11.477 12.6404
3 16 18.7191 -11.1583 7.5242 19.2629 -11.5125 10.5643 18.7191 -13.4178 7.5242
3 16 18.7191 -13.4178 7.5242 19.2629 -11.5125 10.5643 19.2629 -13.6992 10.5643
3 16 18.0874 -10.7802 4.8737 18.7191 -11.1583 7.5242 18.0874 -13.0398 4.8737
3 16 18.0874 -13.0398 4.8737 18.7191 -11.1583 7.5242 18.7191 -13.4178 7.5242
3 16 17.3189 -10.4091 2.3095 18.0874 -10.7802 4.8737 17.3189 -12.6687 2.3095
3 16 17.3189 -12.6687 2.3095 18.0874 -10.7802 4.8737 18.0874 -13.0398 4.8737
3 16 15.8088 -9.8459 0.1929 17.3189 -10.4091 2.3095 15.8088 -12.1055 0.1929
3 16 15.8088 -12.1055 0.1929 17.3189 -10.4091 2.3095 17.3189 -12.6687 2.3095
3 16 13.6078 -9.1097 -0.8349 15.8088 -9.8459 0.1929 13.6078 -11.3692 -0.8349
3 16 13.6078 -11.3692 -0.8349 15.8088 -9.8459 0.1929 15.8088 -12.1055 0.1929
3 16 13.1663 -8.9925 -1.25 13.6078 -9.1097 -0.8349 13.1663 -11.2521 -1.25
3 16 13.1663 -11.2521 -1.25 13.6078 -9.1097 -0.8349 13.6078 -11.3692 -0.8349
3 16 13.229 -11.2706 -1.7801 13.229 -9.0111 -1.7801 13.1663 -11.2521 -1.25
3 16 13.1663 -11.2521 -1.25 13.229 -9.0111 -1.7801 13.1663 -8.9925 -1.25
3 16 14.9919 -11.7388 -3.8155 14.9919 -9.4793 -3.8155 13.229 -11.2706 -1.7801
3 16 13.229 -11.2706 -1.7801 14.9919 -9.4793 -3.8155 13.229 -9.0111 -1.7801
3 16 16.2717 -12.1778 -6.953 16.2717 -10.077 -6.953 14.9919 -11.7388 -3.8155
3 16 14.9919 -11.7388 -3.8155 16.2717 -10.077 -6.953 14.9919 -9.4793 -3.8155
3 16 16.0644 -10.0127 -10.069 16.2717 -10.077 -6.953 16.0644 -12.1135 -10.069
3 16 16.0644 -12.1135 -10.069 16.2717 -10.077 -6.953 16.2717 -12.1778 -6.953
3 16 13.7802 -9.2005 -12.7852 16.0644 -10.0127 -10.069 13.7802 -11.3821 -12.7852
3 16 13.7802 -11.3821 -12.7852 16.0644 -10.0127 -10.069 16.0644 -12.1135 -10.069
3 16 10.2218 -8.4424 -13.83 13.7802 -9.2005 -12.7852 10.2218 -10.702 -13.83
3 16 10.2218 -10.702 -13.83 13.7802 -9.2005 -12.7852 13.7802 -11.3821 -12.7852
3 16 6.5695 -8.2401 -13.1755 10.2218 -8.4424 -13.83 6.5695 -10.415 -13.1755
3 16 6.5695 -10.415 -13.1755 10.2218 -8.4424 -13.83 10.2218 -10.702 -13.83
3 16 3.9459 -10.4887 -11.6971 3.9459 -8.4034 -11.6971 6.5695 -10.415 -13.1755
3 16 6.5695 -10.415 -13.1755 3.9459 -8.4034 -11.6971 6.5695 -8.2401 -13.1755
3 16 3.9459 -10.4887 -11.6971 1.3208 -10.6435 -9.1011 3.9459 -8.4034 -11.6971
3 16 1.4283 -8.8243 -8.006 3.9459 -8.4034 -11.6971 1.1452 -9.5694 -8.8372
3 16 1.1452 -9.5694 -8.8372 3.9459 -8.4034 -11.6971 1.3208 -10.6435 -9.1011
3 16 2.4347 -12.2839 -7.5246 1.3168 -12.3623 -7.6282 1.5837 -12.3314 -8.7635
3 16 1.2811 -12.3894 -3.769 1.1102 -12.3727 -5.6412 3.6403 -12.2213 -4.5248
3 16 3.6403 -12.2213 -4.5248 1.1102 -12.3727 -5.6412 2.4347 -12.2839 -7.5246
3 16 6.0539 -12.183 -5.5354 3.6403 -12.2213 -4.5248 5.091 -12.1632 -8.048
3 16 5.091 -12.1632 -8.048 3.6403 -12.2213 -4.5248 2.4347 -12.2839 -7.5246
3 16 0.9365 -12.2417 8.3341 1.4537 -11.9808 8.0387 1.0601 -11.6909 9.1081
3 16 1.0601 -11.6909 9.1081 1.4537 -11.9808 8.0387 1.6903 -11.3436 8.5552
3 16 -0.0014 -9.503 9.5638 1.0945 -9.5258 9.2479 -0.0001 -8.6048 8.6159
3 16 -0.0001 -8.6048 8.6159 1.0945 -9.5258 9.2479 1.1166 -8.838 8.4517
3 16 1.4204 -9.0004 7.9511 1.1166 -8.838 8.4517 1.6428 -10.1446 8.6852
3 16 1.6428 -10.1446 8.6852 1.1166 -8.838 8.4517 1.0945 -9.5258 9.2479
3 16 1.6428 -10.1446 8.6852 1.0945 -9.5258 9.2479 1.1101 -10.6533 9.4802
3 16 -0.0012 -10.7229 9.8457 1.1101 -10.6533 9.4802 -0.0014 -9.503 9.5638
3 16 -0.0014 -9.503 9.5638 1.1101 -10.6533 9.4802 1.0945 -9.5258 9.2479
3 16 0 -11.8911 9.2824 1.0601 -11.6909 9.1081 -0.0012 -10.7229 9.8457
3 16 -0.0012 -10.7229 9.8457 1.0601 -11.6909 9.1081 1.1101 -10.6533 9.4802
3 16 0 -12.5772 8.38 0.9365 -12.2417 8.3341 0 -11.8911 9.2824
3 16 0 -11.8911 9.2824 0.9365 -12.2417 8.3341 1.0601 -11.6909 9.1081
3 16 0.8775 -12.5637 7.4971 0 -12.7881 7.4937 0.9012 -12.7734 6.614
3 16 0.9012 -12.7734 6.614 0 -12.7881 7.4937 0 -13.01 6.5089
3 16 0 -12.7881 7.4937 0.8775 -12.5637 7.4971 0 -12.5772 8.38
3 16 0 -12.5772 8.38 0.8775 -12.5637 7.4971 0.9365 -12.2417 8.3341
3 16 1.4537 -11.9808 8.0387 0.9365 -12.2417 8.3341 1.3862 -12.2257 7.5395
3 16 1.3862 -12.2257 7.5395 0.9365 -12.2417 8.3341 0.8775 -12.5637 7.4971
3 16 1.3862 -12.2257 7.5395 0.8775 -12.5637 7.4971 1.5605 -12.3319 6.9938
3 16 1.5605 -12.3319 6.9938 0.8775 -12.5637 7.4971 0.9012 -12.7734 6.614
3 16 1.0601 -11.6909 9.1081 1.6903 -11.3436 8.5552 1.1101 -10.6533 9.4802
3 16 1.1101 -10.6533 9.4802 1.6903 -11.3436 8.5552 1.6428 -10.1446 8.6852
3 16 1.5605 -12.3319 6.9938 1.8447 -12.2961 7.6353 1.3862 -12.2257 7.5395
3 16 1.3862 -12.2257 7.5395 1.8447 -12.2961 7.6353 1.4537 -11.9808 8.0387
3 16 8.223 -8.2773 -8.7473 5.7452 -8.1949 -5.7452 9.4951 -8.3748 -6.2181
3 16 9.4951 -8.3748 -6.2181 5.7452 -8.1949 -5.7452 7.0364 -8.1949 -4.0625
3 16 1.4204 -9.0004 7.9511 1.9088 -8.7961 7.8812 1.0186 -8.773 8.0021
3 16 1.0186 -8.773 8.0021 1.9088 -8.7961 7.8812 0 -8.0911 8.125
3 16 1.9088 -8.7961 7.8812 4.4445 -8.3868 10.3192 4.0625 -8.1949 7.0365
3 16 4.0625 -8.1949 7.0365 4.4445 -8.3868 10.3192 6.9535 -8.2506 8.7077
3 16 4.3963 -10.2789 10.4049 4.4445 -8.3868 10.3192 1.9773 -10.145 8.5896
3 16 1.9773 -10.145 8.5896 4.4445 -8.3868 10.3192 1.9088 -8.7961 7.8812
3 16 4.4445 -12.1823 10.3192 4.3963 -10.2789 10.4049 2.0525 -11.3616 8.5153
3 16 2.0525 -11.3616 8.5153 4.3963 -10.2789 10.4049 1.9773 -10.145 8.5896
3 16 4.4445 -12.1823 10.3192 2.0525 -11.3616 8.5153 1.8447 -12.2961 7.6353
3 16 0.5854 -12.4183 -5.6841 1.1102 -12.3727 -5.6412 0.6859 -12.6777 -3.7313
3 16 0.6859 -12.6777 -3.7313 1.1102 -12.3727 -5.6412 1.2811 -12.3894 -3.769
3 16 1.1102 -12.3727 -5.6412 0.5854 -12.4183 -5.6841 0.9473 -12.0567 -7.566
3 16 0.9473 -12.0567 -7.566 0.5854 -12.4183 -5.6841 0.4947 -12.1451 -7.6517
3 16 0.653 -11.5933 -9.0992 1.2682 -11.5956 -8.7664 0.4947 -12.1451 -7.6517
3 16 0.4947 -12.1451 -7.6517 1.2682 -11.5956 -8.7664 0.9473 -12.0567 -7.566
3 16 1.2682 -11.5956 -8.7664 0.653 -11.5933 -9.0992 1.3208 -10.6435 -9.1011
3 16 1.3208 -10.6435 -9.1011 0.653 -11.5933 -9.0992 0.7625 -10.5953 -9.4268
3 16 0.7036 -9.5574 -9.0787 1.1452 -9.5694 -8.8372 0.7625 -10.5953 -9.4268
3 16 0.7625 -10.5953 -9.4268 1.1452 -9.5694 -8.8372 1.3208 -10.6435 -9.1011
3 16 1.1732 -9.0471 -8.027 1.1452 -9.5694 -8.8372 0.629 -9.1362 -8.2799
3 16 0.629 -9.1362 -8.2799 1.1452 -9.5694 -8.8372 0.7036 -9.5574 -9.0787
3 16 1.4283 -8.8243 -8.006 1.1452 -9.5694 -8.8372 1.1732 -9.0471 -8.027
3 16 11.3634 -8.648 0.779 7.8481 -8.1949 2.1029 10.5098 -8.5272 3.274
3 16 10.5098 -8.5272 3.274 7.8481 -8.1949 2.1029 7.0364 -8.1949 4.0625
3 16 11.0421 -8.5873 -1.3701 8.125 -8.1949 0 11.3634 -8.648 0.779
3 16 11.3634 -8.648 0.779 8.125 -8.1949 0 7.8481 -8.1949 2.1029
3 16 10.8909 -8.5784 -3.7529 7.8481 -8.1949 -2.1029 11.0421 -8.5873 -1.3701
3 16 11.0421 -8.5873 -1.3701 7.8481 -8.1949 -2.1029 8.125 -8.1949 0
3 16 9.4951 -8.3748 -6.2181 7.0364 -8.1949 -4.0625 10.8909 -8.5784 -3.7529
3 16 10.8909 -8.5784 -3.7529 7.0364 -8.1949 -4.0625 7.8481 -8.1949 -2.1029
3 16 0.6859 -12.6777 -3.7313 1.2811 -12.3894 -3.769 0.8718 -12.9 -1.7031
3 16 0.8718 -12.9 -1.7031 1.2811 -12.3894 -3.769 1.6754 -12.381 -1.6092
3 16 0.8718 -12.9 -1.7031 0 -13.0949 -1.6995 0.6859 -12.6777 -3.7313
3 16 0.6859 -12.6777 -3.7313 0 -13.0949 -1.6995 0 -12.8667 -3.7579
3 16 1.4283 -8.8243 -8.006 1.1732 -9.0471 -8.027 0 -8.5565 -8.125
3 16 0 -8.5565 -8.125 1.1732 -9.0471 -8.027 0 -8.8785 -8.1194
3 16 1.4958 -7.9419 -7.9902 2.1029 0 -7.8481 4.0625 -7.5871 -7.0365
3 16 4.0625 -7.5871 -7.0365 2.1029 0 -7.8481 4.0625 0 -7.0365
3 16 1.6903 -11.3436 8.5552 1.4537 -11.9808 8.0387 2.0525 -11.3616 8.5153
3 16 2.0525 -11.3616 8.5153 1.4537 -11.9808 8.0387 1.8447 -12.2961 7.6353
3 16 1.6428 -10.1446 8.6852 1.6903 -11.3436 8.5552 1.9773 -10.145 8.5896
3 16 1.9773 -10.145 8.5896 1.6903 -11.3436 8.5552 2.0525 -11.3616 8.5153
3 16 0 0 8.125 2.1029 0 7.8481 0 0 6.3966
3 16 0 0 6.3966 2.1029 0 7.8481 3.0585 0 5.506
3 16 3.0801 0 -5.4844 4.0625 0 -7.0365 2.1029 0 -7.8481
3 16 7.0364 0 -4.0625 5.7452 0 -5.7452 5.4844 0 -3.0801
3 16 5.4844 0 -3.0801 5.7452 0 -5.7452 3.0801 0 -5.4844
3 16 6.3966 0 0 8.125 0 0 7.8481 0 -2.1029
3 16 7.0364 0 4.0625 7.8481 0 2.1029 5.506 0 3.0585
3 16 5.506 0 3.0585 7.8481 0 2.1029 6.3966 0 0
3 16 3.0585 0 5.506 4.0625 0 7.0365 5.7452 0 5.7452
3 16 3.0585 -9.7498 5.506 0 -9.7498 6.3966 3.0585 0 5.506
3 16 3.0585 0 5.506 0 -9.7498 6.3966 0 0 6.3966
3 16 5.506 -9.7498 3.0585 3.0585 -9.7498 5.506 5.506 0 3.0585
3 16 5.506 0 3.0585 3.0585 -9.7498 5.506 3.0585 0 5.506
3 16 6.3967 -9.7498 0 5.506 -9.7498 3.0585 6.3966 0 0
3 16 6.3966 0 0 5.506 -9.7498 3.0585 5.506 0 3.0585
3 16 5.4844 -9.7498 -3.0801 6.3967 -9.7498 0 5.4844 0 -3.0801
3 16 5.4844 0 -3.0801 6.3967 -9.7498 0 6.3966 0 0
3 16 3.0801 -9.7498 -5.4844 5.4844 -9.7498 -3.0801 3.0801 0 -5.4844
3 16 3.0801 0 -5.4844 5.4844 -9.7498 -3.0801 5.4844 0 -3.0801
3 16 0 -9.7498 -6.3966 3.0801 -9.7498 -5.4844 0 0 -6.3966
3 16 0 0 -6.3966 3.0801 -9.7498 -5.4844 3.0801 0 -5.4844
3 16 0 -9.7498 6.3966 3.0585 -9.7498 5.506 0 -9.7498 4.1313
3 16 0 -9.7498 4.1313 3.0585 -9.7498 5.506 1.9754 -9.7498 3.5561
3 16 3.0585 -9.7498 5.506 5.506 -9.7498 3.0585 1.9754 -9.7498 3.5561
3 16 1.9754 -9.7498 3.5561 5.506 -9.7498 3.0585 3.5561 -9.7498 1.9754
3 16 6.3967 -9.7498 0 4.1313 -9.7498 0 5.506 -9.7498 3.0585
3 16 5.506 -9.7498 3.0585 4.1313 -9.7498 0 3.5561 -9.7498 1.9754
3 16 6.3967 -9.7498 0 5.4844 -9.7498 -3.0801 4.1313 -9.7498 0
3 16 4.1313 -9.7498 0 5.4844 -9.7498 -3.0801 3.5422 -9.7498 -1.9893
3 16 5.4844 -9.7498 -3.0801 3.0801 -9.7498 -5.4844 3.5422 -9.7498 -1.9893
3 16 3.5422 -9.7498 -1.9893 3.0801 -9.7498 -5.4844 1.9893 -9.7498 -3.5422
3 16 0 -9.7498 -6.3966 0 -9.7498 -4.1313 3.0801 -9.7498 -5.4844
3 16 3.0801 -9.7498 -5.4844 0 -9.7498 -4.1313 1.9893 -9.7498 -3.5422
3 16 0 -5.325 4.1313 0 -9.7498 4.1313 1.9754 -5.325 3.5561
3 16 1.9754 -5.325 3.5561 0 -9.7498 4.1313 1.9754 -9.7498 3.5561
3 16 1.9754 -9.7498 3.5561 3.5561 -9.7498 1.9754 1.9754 -5.325 3.5561
3 16 1.9754 -5.325 3.5561 3.5561 -9.7498 1.9754 3.5561 -5.325 1.9754
3 16 3.5561 -9.7498 1.9754 4.1313 -9.7498 0 3.5561 -5.325 1.9754
3 16 3.5561 -5.325 1.9754 4.1313 -9.7498 0 4.1313 -5.325 0
3 16 4.1313 -9.7498 0 3.5422 -9.7498 -1.9893 4.1313 -5.325 0
3 16 4.1313 -5.325 0 3.5422 -9.7498 -1.9893 3.5422 -5.325 -1.9893
3 16 3.5422 -9.7498 -1.9893 1.9893 -9.7498 -3.5422 3.5422 -5.325 -1.9893
3 16 3.5422 -5.325 -1.9893 1.9893 -9.7498 -3.5422 1.9893 -5.325 -3.5422
3 16 1.9893 -9.7498 -3.5422 0 -9.7498 -4.1313 1.9893 -5.325 -3.5422
3 16 1.9893 -5.325 -3.5422 0 -9.7498 -4.1313 0 -5.325 -4.1313
3 16 0 -5.325 1.9677 0 -5.325 4.1313 0.734 -5.325 1.8467
3 16 0.734 -5.325 1.8467 0 -5.325 4.1313 1.9754 -5.325 3.5561
3 16 1.9754 -5.325 3.5561 3.5561 -5.325 1.9754 0.734 -5.325 1.8467
3 16 0.734 -5.325 1.8467 3.5561 -5.325 1.9754 1.8467 -5.325 0.734
3 16 3.5561 -5.325 1.9754 4.1313 -5.325 0 1.8467 -5.325 0.734
3 16 1.8467 -5.325 0.734 4.1313 -5.325 0 1.9677 -5.325 0
3 16 3.5422 -5.325 -1.9893 1.8307 -5.325 -0.75 4.1313 -5.325 0
3 16 4.1313 -5.325 0 1.8307 -5.325 -0.75 1.9677 -5.325 0
3 16 3.5422 -5.325 -1.9893 1.9893 -5.325 -3.5422 1.8307 -5.325 -0.75
3 16 1.8307 -5.325 -0.75 1.9893 -5.325 -3.5422 0.75 -5.325 -1.8307
3 16 1.9893 -5.325 -3.5422 0 -5.325 -4.1313 0.75 -5.325 -1.8307
3 16 0.75 -5.325 -1.8307 0 -5.325 -4.1313 0 -5.325 -1.9677
3 16 0 -10.5 1.9677 0 -5.325 1.9677 0.734 -10.5 1.8467
3 16 0.734 -10.5 1.8467 0 -5.325 1.9677 0.734 -5.325 1.8467
3 16 0.734 -5.325 1.8467 1.8467 -5.325 0.734 0.734 -10.5 1.8467
3 16 0.734 -10.5 1.8467 1.8467 -5.325 0.734 1.8467 -10.5 0.734
3 16 1.8467 -5.325 0.734 1.9677 -5.325 0 1.8467 -10.5 0.734
3 16 1.8467 -10.5 0.734 1.9677 -5.325 0 1.9677 -10.5 0
3 16 1.9677 -5.325 0 1.8307 -5.325 -0.75 1.9677 -10.5 0
3 16 1.9677 -10.5 0 1.8307 -5.325 -0.75 1.8307 -10.5 -0.75
3 16 1.8307 -5.325 -0.75 0.75 -5.325 -1.8307 1.8307 -10.5 -0.75
3 16 1.8307 -10.5 -0.75 0.75 -5.325 -1.8307 0.75 -10.5 -1.8307
3 16 0.75 -5.325 -1.8307 0 -5.325 -1.9677 0.75 -10.5 -1.8307
3 16 0.75 -10.5 -1.8307 0 -5.325 -1.9677 0 -10.5 -1.9677
3 16 3.0585 0 5.506 2.1029 0 7.8481 4.0625 0 7.0365
3 16 3.0585 0 5.506 5.7452 0 5.7452 5.506 0 3.0585
3 16 5.506 0 3.0585 5.7452 0 5.7452 7.0364 0 4.0625
3 16 6.3966 0 0 7.8481 0 2.1029 8.125 0 0
3 16 6.3966 0 0 7.8481 0 -2.1029 5.4844 0 -3.0801
3 16 5.4844 0 -3.0801 7.8481 0 -2.1029 7.0364 0 -4.0625
3 16 3.0801 0 -5.4844 5.7452 0 -5.7452 4.0625 0 -7.0365
3 16 3.0801 0 -5.4844 2.1029 0 -7.8481 0 0 -6.3966
3 16 0 0 -6.3966 2.1029 0 -7.8481 0 0 -8.125
3 16 4.0625 0 7.0365 2.1029 0 7.8481 4.0625 -7.3754 7.0365
3 16 4.0625 -7.3754 7.0365 2.1029 0 7.8481 1.9282 -7.9165 7.8779
3 16 0 0 8.125 0 -7.282 8.125 2.1029 0 7.8481
3 16 2.1029 0 7.8481 0 -7.282 8.125 1.9282 -7.9165 7.8779
3 16 4.0625 -7.5871 -7.0365 4.0625 0 -7.0365 5.7452 -7.3754 -5.7452
3 16 5.7452 -7.3754 -5.7452 4.0625 0 -7.0365 5.7452 0 -5.7452
3 16 7.0364 -7.3754 -4.0625 5.7452 -7.3754 -5.7452 7.0364 0 -4.0625
3 16 7.0364 0 -4.0625 5.7452 -7.3754 -5.7452 5.7452 0 -5.7452
3 16 7.8481 -7.3754 -2.1029 7.0364 -7.3754 -4.0625 7.8481 0 -2.1029
3 16 7.8481 0 -2.1029 7.0364 -7.3754 -4.0625 7.0364 0 -4.0625
3 16 8.125 -7.3754 0 7.8481 -7.3754 -2.1029 8.125 0 0
3 16 8.125 0 0 7.8481 -7.3754 -2.1029 7.8481 0 -2.1029
3 16 7.8481 -7.3754 2.1029 8.125 -7.3754 0 7.8481 0 2.1029
3 16 7.8481 0 2.1029 8.125 -7.3754 0 8.125 0 0
3 16 7.0364 -7.3754 4.0625 7.8481 -7.3754 2.1029 7.0364 0 4.0625
3 16 7.0364 0 4.0625 7.8481 -7.3754 2.1029 7.8481 0 2.1029
3 16 5.7452 -7.3754 5.7452 7.0364 -7.3754 4.0625 5.7452 0 5.7452
3 16 5.7452 0 5.7452 7.0364 -7.3754 4.0625 7.0364 0 4.0625
3 16 4.0625 0 7.0365 4.0625 -7.3754 7.0365 5.7452 0 5.7452
3 16 5.7452 0 5.7452 4.0625 -7.3754 7.0365 5.7452 -7.3754 5.7452
3 16 1.0186 -8.773 8.0021 0 -8.5339 8.1377 1.1166 -8.838 8.4517
3 16 1.1166 -8.838 8.4517 0 -8.5339 8.1377 -0.0001 -8.6048 8.6159
3 16 1.4204 -9.0004 7.9511 1.0186 -8.773 8.0021 1.1166 -8.838 8.4517
3 16 1.9088 -8.7961 7.8812 1.4204 -9.0004 7.9511 1.9773 -10.145 8.5896
3 16 1.9773 -10.145 8.5896 1.4204 -9.0004 7.9511 1.6428 -10.1446 8.6852
3 16 0 -8.5339 8.1377 1.0186 -8.773 8.0021 0 -8.0911 8.125
3 16 1.1732 -9.0471 -8.027 0.629 -9.1362 -8.2799 0 -8.8785 -8.1194
3 16 0 -8.8785 -8.1194 0.629 -9.1362 -8.2799 0 -9.0989 -8.3046
3 16 1.4958 -7.9419 -7.9902 0 -7.7009 -8.125 2.1029 0 -7.8481
3 16 2.1029 0 -7.8481 0 -7.7009 -8.125 0 0 -8.125
3 16 4.0625 -8.1949 7.0365 6.9535 -8.2506 8.7077 5.7452 -8.1949 5.7452
3 16 5.7452 -8.1949 5.7452 6.9535 -8.2506 8.7077 10.0127 -8.4569 6.0809
3 16 6.9535 -8.2506 8.7077 9.7595 -8.4192 10.2684 10.0127 -8.4569 6.0809
3 16 10.0127 -8.4569 6.0809 9.7595 -8.4192 10.2684 12.2544 -8.8447 8.1934
3 16 9.7595 -8.4192 10.2684 12.2353 -8.8278 11.4699 12.2544 -8.8447 8.1934
3 16 12.2544 -8.8447 8.1934 12.2353 -8.8278 11.4699 14.074 -9.3106 9.9701
3 16 12.8693 -8.9948 2.053 10.5098 -8.5272 3.274 13.7532 -9.2082 4.2615
3 16 13.7532 -9.2082 4.2615 10.5098 -8.5272 3.274 10.0127 -8.4569 6.0809
3 16 11.3634 -8.648 0.779 10.5098 -8.5272 3.274 12.8693 -8.9948 2.053
3 16 0 -10.5 1.9677 0.734 -10.5 1.8467 0 -10.5 0.0004
3 16 0.734 -10.5 1.8467 1.8467 -10.5 0.734 0 -10.5 0.0004
3 16 1.8467 -10.5 0.734 1.9677 -10.5 0 0 -10.5 0.0004
3 16 1.9677 -10.5 0 1.8307 -10.5 -0.75 0 -10.5 0.0004
3 16 1.8307 -10.5 -0.75 0.75 -10.5 -1.8307 0 -10.5 0.0004
3 16 0.75 -10.5 -1.8307 0 -10.5 -1.9677 0 -10.5 0.0004
3 16 0 -8.0911 8.125 -1.9088 -8.7961 7.8812 -1.0186 -8.773 8.0021
3 16 -1.0186 -8.773 8.0021 -1.9088 -8.7961 7.8812 -1.4204 -9.0004 7.9511
3 16 -4.0625 -7.5871 -7.0365 -1.4958 -7.9419 -7.9902 -4.0625 -8.4301 -7.0365
3 16 -4.0625 -8.4301 -7.0365 -1.4958 -7.9419 -7.9902 -1.4283 -8.8243 -8.006
3 16 -5.7452 -7.3754 -5.7452 -4.0625 -7.5871 -7.0365 -5.7452 -8.1949 -5.7452
3 16 -5.7452 -8.1949 -5.7452 -4.0625 -7.5871 -7.0365 -4.0625 -8.4301 -7.0365
3 16 -7.0364 -7.3754 -4.0625 -5.7452 -7.3754 -5.7452 -7.0364 -8.1949 -4.0625
3 16 -7.0364 -8.1949 -4.0625 -5.7452 -7.3754 -5.7452 -5.7452 -8.1949 -5.7452
3 16 -7.8481 -7.3754 -2.1029 -7.0364 -7.3754 -4.0625 -7.8481 -8.1949 -2.1029
3 16 -7.8481 -8.1949 -2.1029 -7.0364 -7.3754 -4.0625 -7.0364 -8.1949 -4.0625
3 16 -8.125 -7.3754 0 -7.8481 -7.3754 -2.1029 -8.125 -8.1949 0
3 16 -8.125 -8.1949 0 -7.8481 -7.3754 -2.1029 -7.8481 -8.1949 -2.1029
3 16 -7.8481 -7.3754 2.1029 -8.125 -7.3754 0 -7.8481 -8.1949 2.1029
3 16 -7.8481 -8.1949 2.1029 -8.125 -7.3754 0 -8.125 -8.1949 0
3 16 -7.0364 -7.3754 4.0625 -7.8481 -7.3754 2.1029 -7.0364 -8.1949 4.0625
3 16 -7.0364 -8.1949 4.0625 -7.8481 -7.3754 2.1029 -7.8481 -8.1949 2.1029
3 16 -5.7452 -7.3754 5.7452 -7.0364 -7.3754 4.0625 -5.7452 -8.1949 5.7452
3 16 -5.7452 -8.1949 5.7452 -7.0364 -7.3754 4.0625 -7.0364 -8.1949 4.0625
3 16 -4.0625 -7.3754 7.0365 -5.7452 -7.3754 5.7452 -4.0625 -8.1949 7.0365
3 16 -4.0625 -8.1949 7.0365 -5.7452 -7.3754 5.7452 -5.7452 -8.1949 5.7452
3 16 -4.0625 -7.3754 7.0365 -4.0625 -8.1949 7.0365 -1.9282 -7.9165 7.8779
3 16 -1.9282 -7.9165 7.8779 -4.0625 -8.1949 7.0365 -1.9088 -8.7961 7.8812
3 16 0 -7.282 8.125 -1.9282 -7.9165 7.8779 0 -8.0911 8.125
3 16 0 -8.0911 8.125 -1.9282 -7.9165 7.8779 -1.9088 -8.7961 7.8812
3 16 0 -7.282 8.125 0 -8.0911 8.125 1.9282 -7.9165 7.8779
3 16 1.9282 -7.9165 7.8779 0 -8.0911 8.125 1.9088 -8.7961 7.8812
3 16 4.0625 -7.3754 7.0365 1.9282 -7.9165 7.8779 4.0625 -8.1949 7.0365
3 16 4.0625 -8.1949 7.0365 1.9282 -7.9165 7.8779 1.9088 -8.7961 7.8812
3 16 5.7452 -7.3754 5.7452 4.0625 -7.3754 7.0365 5.7452 -8.1949 5.7452
3 16 5.7452 -8.1949 5.7452 4.0625 -7.3754 7.0365 4.0625 -8.1949 7.0365
3 16 5.7452 -8.1949 5.7452 7.0364 -8.1949 4.0625 5.7452 -7.3754 5.7452
3 16 5.7452 -7.3754 5.7452 7.0364 -8.1949 4.0625 7.0364 -7.3754 4.0625
3 16 7.0364 -8.1949 4.0625 7.8481 -8.1949 2.1029 7.0364 -7.3754 4.0625
3 16 7.0364 -7.3754 4.0625 7.8481 -8.1949 2.1029 7.8481 -7.3754 2.1029
3 16 7.8481 -8.1949 2.1029 8.125 -8.1949 0 7.8481 -7.3754 2.1029
3 16 7.8481 -7.3754 2.1029 8.125 -8.1949 0 8.125 -7.3754 0
3 16 8.125 -8.1949 0 7.8481 -8.1949 -2.1029 8.125 -7.3754 0
3 16 8.125 -7.3754 0 7.8481 -8.1949 -2.1029 7.8481 -7.3754 -2.1029
3 16 7.8481 -8.1949 -2.1029 7.0364 -8.1949 -4.0625 7.8481 -7.3754 -2.1029
3 16 7.8481 -7.3754 -2.1029 7.0364 -8.1949 -4.0625 7.0364 -7.3754 -4.0625
3 16 7.0364 -8.1949 -4.0625 5.7452 -8.1949 -5.7452 7.0364 -7.3754 -4.0625
3 16 7.0364 -7.3754 -4.0625 5.7452 -8.1949 -5.7452 5.7452 -7.3754 -5.7452
3 16 4.0625 -8.4301 -7.0365 4.0625 -7.5871 -7.0365 5.7452 -8.1949 -5.7452
3 16 5.7452 -8.1949 -5.7452 4.0625 -7.5871 -7.0365 5.7452 -7.3754 -5.7452
3 16 1.4283 -8.8243 -8.006 1.4958 -7.9419 -7.9902 4.0625 -8.4301 -7.0365
3 16 4.0625 -8.4301 -7.0365 1.4958 -7.9419 -7.9902 4.0625 -7.5871 -7.0365
3 16 0 -7.7009 -8.125 1.4958 -7.9419 -7.9902 0 -8.5565 -8.125
3 16 0 -8.5565 -8.125 1.4958 -7.9419 -7.9902 1.4283 -8.8243 -8.006
3 16 0 -7.7009 -8.125 0 -8.5565 -8.125 -1.4958 -7.9419 -7.9902
3 16 -1.4958 -7.9419 -7.9902 0 -8.5565 -8.125 -1.4283 -8.8243 -8.006
2 24 -13.1663 -8.9925 -1.25 -13.229 -9.0111 -1.7801
2 24 -13.1663 -8.9925 -1.25 -13.6078 -9.1097 -0.8349
2 24 -10.5038 -8.5452 13.5935 -14.0252 -9.3217 14.6473
2 24 -10.5038 -8.5452 13.5935 -7.5272 -8.2636 12.2301
2 24 -7.5272 -8.2636 12.2301 -4.4445 -8.3868 10.3192
2 24 -1.9088 -8.7961 7.8812 -4.0625 -8.1949 7.0365
2 24 -4.4445 -8.3868 10.3192 -1.9088 -8.7961 7.8812
2 24 -19.2629 -11.5125 10.5643 -18.7191 -11.1583 7.5242
2 24 -18.7191 -11.1583 7.5242 -18.0874 -10.7802 4.8737
2 24 -18.0874 -10.7802 4.8737 -17.3189 -10.4091 2.3095
2 24 -17.3189 -10.4091 2.3095 -15.8088 -9.8459 0.1929
2 24 -19.2629 -11.5125 10.5643 -19.2327 -11.477 12.6404
2 24 -14.0252 -9.3217 14.6473 -17.2811 -10.4634 14.7686
2 24 -17.2811 -10.4634 14.7686 -18.6699 -11.1718 13.9581
2 24 -19.2327 -11.477 12.6404 -18.6699 -11.1718 13.9581
2 24 -13.6078 -9.1097 -0.8349 -15.8088 -9.8459 0.1929
2 24 -16.0644 -10.0127 -10.069 -13.7802 -9.2005 -12.7852
2 24 -16.0644 -10.0127 -10.069 -16.2717 -10.077 -6.953
2 24 -16.2717 -10.077 -6.953 -14.9919 -9.4793 -3.8155
2 24 -13.7802 -9.2005 -12.7852 -10.2218 -8.4424 -13.83
2 24 -10.2218 -8.4424 -13.83 -6.5695 -8.2401 -13.1755
2 24 -13.229 -9.0111 -1.7801 -14.9919 -9.4793 -3.8155
2 24 -13.1663 -13.051 -1.25 -13.229 -13.0695 -1.7801
2 24 -13.1663 -13.051 -1.25 -13.6078 -13.1681 -0.8349
2 24 -13.229 -13.0695 -1.7801 -14.9919 -13.5377 -3.8155
2 24 -14.9919 -13.5377 -3.8155 -16.2717 -14.1354 -6.953
2 24 -16.2717 -14.1354 -6.953 -16.0644 -14.0711 -10.069
2 24 -16.0644 -14.0711 -10.069 -13.7802 -13.259 -12.7852
2 24 -13.7802 -13.259 -12.7852 -10.2218 -12.5009 -13.83
2 24 -10.2218 -12.5009 -13.83 -6.5695 -12.2139 -13.1755
2 24 -6.5695 -12.2139 -13.1755 -3.9459 -12.2563 -11.6971
2 24 -3.9459 -12.2563 -11.6971 -1.5837 -12.3314 -8.7635
2 24 -13.6078 -13.1681 -0.8349 -15.8088 -13.9044 0.1929
2 24 -15.8088 -13.9044 0.1929 -17.3189 -14.4676 2.3095
2 24 -17.3189 -14.4676 2.3095 -18.0874 -14.8387 4.8737
2 24 -18.0874 -14.8387 4.8737 -18.7191 -15.2167 7.5242
2 24 -18.7191 -15.2167 7.5242 -19.2629 -15.5709 10.5643
2 24 -19.2629 -15.5709 10.5643 -19.2327 -15.5354 12.6404
2 24 -19.2327 -15.5354 12.6404 -18.6699 -15.2303 13.9581
2 24 -18.6699 -15.2303 13.9581 -17.2811 -14.5218 14.7686
2 24 -17.2811 -14.5218 14.7686 -14.0252 -13.3802 14.6473
2 24 -14.0252 -13.3802 14.6473 -10.5038 -12.6037 13.5935
2 24 -10.5038 -12.6037 13.5935 -7.5272 -12.322 12.2301
2 24 -7.5272 -12.322 12.2301 -4.4445 -12.1823 10.3192
2 24 -4.4445 -12.1823 10.3192 -1.8447 -12.2961 7.6353
2 24 0 -11.9661 -9.1563 -0.653 -11.5933 -9.0992
2 24 0 -9.5044 -9.3387 -0.7036 -9.5574 -9.0787
2 24 -1.9513 -12.3499 0.4258 -1.6754 -12.381 -1.6092
2 24 -1.9513 -12.3499 0.4258 -2.0072 -12.363 2.5919
2 24 -2.0072 -12.363 2.5919 -1.8466 -12.4011 4.6739
2 24 -1.8466 -12.4011 4.6739 -1.5605 -12.3319 6.9938
2 24 -1.5837 -12.3314 -8.7635 -1.3168 -12.3623 -7.6282
2 24 -1.2682 -11.5956 -8.7664 -0.9473 -12.0567 -7.566
2 24 -1.3168 -12.3623 -7.6282 -1.1102 -12.3727 -5.6412
2 24 -0.9473 -12.0567 -7.566 -1.1102 -12.3727 -5.6412
2 24 -1.2811 -12.3894 -3.769 -1.6754 -12.381 -1.6092
2 24 -1.6754 -12.381 -1.6092 -1.9513 -12.3499 0.4258
2 24 -1.9513 -12.3499 0.4258 -2.0072 -12.363 2.5919
2 24 -1.8447 -12.2961 7.6353 -2.0525 -11.3616 8.5153
2 24 -1.8447 -12.2961 7.6353 -4.4445 -12.1823 10.3192
2 24 -2.0072 -12.363 2.5919 -1.8466 -12.4011 4.6739
2 24 -1.1102 -12.3727 -5.6412 -1.3168 -12.3623 -7.6282
2 24 -13.229 -13.0695 -1.7801 -13.1663 -13.051 -1.25
2 24 -13.1663 -13.051 -1.25 -13.1663 -11.2521 -1.25
2 24 -13.6078 -13.1681 -0.8349 -13.1663 -13.051 -1.25
2 24 -13.1663 -13.051 -1.25 -13.1663 -11.2521 -1.25
2 24 -13.229 -13.0695 -1.7801 -14.9919 -13.5377 -3.8155
2 24 -14.9919 -13.5377 -3.8155 -16.2717 -14.1354 -6.953
2 24 -16.2717 -14.1354 -6.953 -16.0644 -14.0711 -10.069
2 24 -16.0644 -14.0711 -10.069 -13.7802 -13.259 -12.7852
2 24 -13.7802 -13.259 -12.7852 -10.2218 -12.5009 -13.83
2 24 -10.2218 -12.5009 -13.83 -6.5695 -12.2139 -13.1755
2 24 -6.5695 -12.2139 -13.1755 -3.9459 -12.2563 -11.6971
2 24 -1.5837 -12.3314 -8.7635 -3.9459 -12.2563 -11.6971
2 24 -1.2682 -11.5956 -8.7664 -1.3208 -10.6435 -9.1011
2 24 -13.6078 -13.1681 -0.8349 -15.8088 -13.9044 0.1929
2 24 -15.8088 -13.9044 0.1929 -17.3189 -14.4676 2.3095
2 24 -17.3189 -14.4676 2.3095 -18.0874 -14.8387 4.8737
2 24 -18.0874 -14.8387 4.8737 -18.7191 -15.2167 7.5242
2 24 -18.7191 -15.2167 7.5242 -19.2629 -15.5709 10.5643
2 24 -19.2629 -15.5709 10.5643 -19.2327 -15.5354 12.6404
2 24 -19.2327 -15.5354 12.6404 -18.6699 -15.2303 13.9581
2 24 -18.6699 -15.2303 13.9581 -17.2811 -14.5218 14.7686
2 24 -17.2811 -14.5218 14.7686 -14.0252 -13.3802 14.6473
2 24 -14.0252 -13.3802 14.6473 -10.5038 -12.6037 13.5935
2 24 -10.5038 -12.6037 13.5935 -7.5272 -12.322 12.2301
2 24 -4.4445 -12.1823 10.3192 -7.5272 -12.322 12.2301
2 24 -13.1663 -11.2521 -1.25 -13.1663 -8.9925 -1.25
2 24 -13.229 -9.0111 -1.7801 -13.1663 -8.9925 -1.25
2 24 -13.6078 -9.1097 -0.8349 -13.1663 -8.9925 -1.25
2 24 -13.1663 -11.2521 -1.25 -13.1663 -8.9925 -1.25
2 24 -13.229 -9.0111 -1.7801 -14.9919 -9.4793 -3.8155
2 24 -14.9919 -9.4793 -3.8155 -16.2717 -10.077 -6.953
2 24 -16.2717 -10.077 -6.953 -16.0644 -10.0127 -10.069
2 24 -16.0644 -10.0127 -10.069 -13.7802 -9.2005 -12.7852
2 24 -13.7802 -9.2005 -12.7852 -10.2218 -8.4424 -13.83
2 24 -10.2218 -8.4424 -13.83 -6.5695 -8.2401 -13.1755
2 24 -6.5695 -8.2401 -13.1755 -3.9459 -8.4034 -11.6971
2 24 -3.9459 -8.4034 -11.6971 -1.4283 -8.8243 -8.006
2 24 -1.3208 -10.6435 -9.1011 -1.1452 -9.5694 -8.8372
2 24 -13.6078 -9.1097 -0.8349 -15.8088 -9.8459 0.1929
2 24 -15.8088 -9.8459 0.1929 -17.3189 -10.4091 2.3095
2 24 -17.3189 -10.4091 2.3095 -18.0874 -10.7802 4.8737
2 24 -18.0874 -10.7802 4.8737 -18.7191 -11.1583 7.5242
2 24 -18.7191 -11.1583 7.5242 -19.2629 -11.5125 10.5643
2 24 -19.2629 -11.5125 10.5643 -19.2327 -11.477 12.6404
2 24 -19.2327 -11.477 12.6404 -18.6699 -11.1718 13.9581
2 24 -18.6699 -11.1718 13.9581 -17.2811 -10.4634 14.7686
2 24 -17.2811 -10.4634 14.7686 -14.0252 -9.3217 14.6473
2 24 -14.0252 -9.3217 14.6473 -10.5038 -8.5452 13.5935
2 24 -10.5038 -8.5452 13.5935 -7.5272 -8.2636 12.2301
2 24 -7.5272 -8.2636 12.2301 -4.4445 -8.3868 10.3192
2 24 -1.5837 -12.3314 -8.7635 -1.3168 -12.3623 -7.6282
2 24 -1.2811 -12.3894 -3.769 -1.1102 -12.3727 -5.6412
2 24 -1.6903 -11.3436 8.5552 -1.4537 -11.9808 8.0387
2 24 -1.6575 -10.1438 8.6778 -1.4204 -9.0004 7.9511
2 24 -1.4537 -11.9808 8.0387 -1.3862 -12.2257 7.5395
2 24 -1.5605 -12.3319 6.9938 -1.3862 -12.2257 7.5395
2 24 -1.6903 -11.3436 8.5552 -1.6575 -10.1438 8.6778
2 24 -5.7452 -8.1949 -5.7452 -4.0625 -8.4301 -7.0365
2 24 -7.8481 -8.1949 -2.1029 -7.0364 -8.1949 -4.0625
2 24 -7.8481 -8.1949 -2.1029 -8.125 -8.1949 0
2 24 -8.125 -8.1949 0 -7.8481 -8.1949 2.1029
2 24 -7.8481 -8.1949 2.1029 -7.0364 -8.1949 4.0625
2 24 -7.0364 -8.1949 4.0625 -5.7452 -8.1949 5.7452
2 24 -1.8447 -12.2961 7.6353 -1.5605 -12.3319 6.9938
2 24 -1.8466 -12.4011 4.6739 -1.5605 -12.3319 6.9938
2 24 -1.1102 -12.3727 -5.6412 -1.2811 -12.3894 -3.769
2 24 -1.1102 -12.3727 -5.6412 -0.9473 -12.0567 -7.566
2 24 -0.653 -11.5933 -9.0992 -1.2682 -11.5956 -8.7664
2 24 -0.9473 -12.0567 -7.566 -1.2682 -11.5956 -8.7664
2 24 -1.2682 -11.5956 -8.7664 -1.3208 -10.6435 -9.1011
2 24 -1.3208 -10.6435 -9.1011 -1.1452 -9.5694 -8.8372
2 24 -1.1452 -9.5694 -8.8372 -1.1732 -9.0471 -8.027
2 24 -3.9459 -8.4034 -11.6971 -1.4283 -8.8243 -8.006
2 24 -4.0625 -8.4301 -7.0365 -1.4283 -8.8243 -8.006
2 24 -1.1452 -9.5694 -8.8372 -1.1732 -9.0471 -8.027
2 24 -1.4283 -8.8243 -8.006 -1.1732 -9.0471 -8.027
2 24 -5.7452 -8.1949 -5.7452 -7.0364 -8.1949 -4.0625
2 24 -1.6754 -12.381 -1.6092 -1.2811 -12.3894 -3.769
2 24 -1.4283 -8.8243 -8.006 -1.1732 -9.0471 -8.027
2 24 -1.1732 -9.0471 -8.027 0 -8.8785 -8.1194
2 24 -4.0625 -8.1949 7.0365 -5.7452 -8.1949 5.7452
2 24 -4.0625 0 7.0365 -2.1029 0 7.8481
2 24 -1.4537 -11.9808 8.0387 -1.3862 -12.2257 7.5395
2 24 -1.8447 -12.2961 7.6353 -1.5605 -12.3319 6.9938
2 24 -1.3862 -12.2257 7.5395 -1.5605 -12.3319 6.9938
2 24 -1.4537 -11.9808 8.0387 -1.6903 -11.3436 8.5552
2 24 -1.6903 -11.3436 8.5552 -1.6575 -10.1438 8.6778
2 24 -3.0585 0 5.506 -5.506 0 3.0585
2 24 -5.7452 0 5.7452 -7.0364 0 4.0625
2 24 -7.0364 0 4.0625 -7.8481 0 2.1029
2 24 -5.506 0 3.0585 -6.3966 0 0
2 24 -6.3966 0 0 -5.4844 0 -3.0801
2 24 -7.8481 0 -2.1029 -7.0364 0 -4.0625
2 24 -7.0364 0 -4.0625 -5.7452 0 -5.7452
2 24 -5.4844 0 -3.0801 -3.0801 0 -5.4844
2 24 -3.0801 0 -5.4844 0 0 -6.3966
2 24 -2.1029 0 -7.8481 0 0 -8.125
2 24 -3.0585 0 5.506 0 0 6.3966
2 24 -2.1029 0 7.8481 0 0 8.125
2 24 -2.1029 0 -7.8481 -4.0625 0 -7.0365
2 24 -7.8481 0 -2.1029 -8.125 0 0
2 24 -5.7452 0 5.7452 -4.0625 0 7.0365
2 24 -2.1029 0 7.8481 0 0 8.125
2 24 -4.0625 0 7.0365 -5.7452 0 5.7452
2 24 -7.0364 0 4.0625 -7.8481 0 2.1029
2 24 -8.125 0 0 -7.8481 0 -2.1029
2 24 -7.0364 0 -4.0625 -5.7452 0 -5.7452
2 24 -4.0625 0 -7.0365 -2.1029 0 -7.8481
2 24 0 -9.7498 6.3966 -3.0585 -9.7498 5.506
2 24 0 0 6.3966 -3.0585 0 5.506
2 24 -3.0585 -9.7498 5.506 -5.506 -9.7498 3.0585
2 24 -3.0585 0 5.506 -5.506 0 3.0585
2 24 -5.506 -9.7498 3.0585 -6.3967 -9.7498 0
2 24 -5.506 0 3.0585 -6.3966 0 0
2 24 -6.3967 -9.7498 0 -5.4844 -9.7498 -3.0801
2 24 -6.3966 0 0 -5.4844 0 -3.0801
2 24 -5.4844 0 -3.0801 -3.0801 0 -5.4844
2 24 -5.4844 -9.7498 -3.0801 -3.0801 -9.7498 -5.4844
2 24 -3.0801 -9.7498 -5.4844 0 -9.7498 -6.3966
2 24 -3.0801 0 -5.4844 0 0 -6.3966
2 24 0 -9.7498 6.3966 -3.0585 -9.7498 5.506
2 24 0 -9.7498 4.1313 -1.9754 -9.7498 3.5561
2 24 -3.0585 -9.7498 5.506 -5.506 -9.7498 3.0585
2 24 -1.9754 -9.7498 3.5561 -3.5561 -9.7498 1.9754
2 24 -3.5561 -9.7498 1.9754 -4.1313 -9.7498 0
2 24 -5.506 -9.7498 3.0585 -6.3967 -9.7498 0
2 24 -6.3967 -9.7498 0 -5.4844 -9.7498 -3.0801
2 24 -4.1313 -9.7498 0 -3.5422 -9.7498 -1.9893
2 24 -5.4844 -9.7498 -3.0801 -3.0801 -9.7498 -5.4844
2 24 -3.5422 -9.7498 -1.9893 -1.9893 -9.7498 -3.5422
2 24 -1.9893 -9.7498 -3.5422 0 -9.7498 -4.1313
2 24 -3.0801 -9.7498 -5.4844 0 -9.7498 -6.3966
2 24 -2.1029 0 7.8481 -4.0625 0 7.0365
2 24 -5.7452 0 5.7452 -7.0364 0 4.0625
2 24 -7.8481 0 2.1029 -8.125 0 0
2 24 -7.8481 0 2.1029 -8.125 0 0
2 24 -7.8481 0 -2.1029 -7.0364 0 -4.0625
2 24 -5.7452 0 -5.7452 -4.0625 0 -7.0365
2 24 -5.7452 0 -5.7452 -4.0625 0 -7.0365
2 24 -2.1029 0 -7.8481 0 0 -8.125
2 24 -1.0186 -8.773 8.0021 0 -8.5339 8.1377
2 24 -1.4204 -9.0004 7.9511 -1.0186 -8.773 8.0021
2 24 -1.9088 -8.7961 7.8812 -1.4204 -9.0004 7.9511
2 24 -1.6575 -10.1438 8.6778 -1.4204 -9.0004 7.9511
2 24 -4.4445 -8.3868 10.3192 -1.9088 -8.7961 7.8812
2 24 0 -8.5339 8.1377 -1.0186 -8.773 8.0021
2 24 -1.1732 -9.0471 -8.027 0 -8.8785 -8.1194
2 24 -6.5695 -8.2401 -13.1755 -3.9459 -8.4034 -11.6971
2 24 -0.75 -10.5 -1.8307 0 -10.5 -1.9677
2 24 -0.75 -5.325 -1.8307 0 -5.325 -1.9677
2 24 -0.75 -10.5 -1.8307 -1.8307 -10.5 -0.75
2 24 -0.75 -5.325 -1.8307 -1.8307 -5.325 -0.75
2 24 -1.8307 -10.5 -0.75 -1.9677 -10.5 0
2 24 -1.8307 -5.325 -0.75 -1.9677 -5.325 0
2 24 -1.9677 -10.5 0 -1.8467 -10.5 0.734
2 24 -1.9677 -5.325 0 -1.8467 -5.325 0.734
2 24 -1.8467 -10.5 0.734 -0.734 -10.5 1.8467
2 24 -1.8467 -5.325 0.734 -0.734 -5.325 1.8467
2 24 -0.734 -10.5 1.8467 0 -10.5 1.9677
2 24 -0.734 -5.325 1.8467 0 -5.325 1.9677
2 24 0 -5.325 -1.9677 -0.75 -5.325 -1.8307
2 24 0 -5.325 -4.1313 -1.9893 -5.325 -3.5422
2 24 -0.75 -5.325 -1.8307 -1.8307 -5.325 -0.75
2 24 -1.9893 -5.325 -3.5422 -3.5422 -5.325 -1.9893
2 24 -1.8307 -5.325 -0.75 -1.9677 -5.325 0
2 24 -3.5422 -5.325 -1.9893 -4.1313 -5.325 0
2 24 -1.9677 -5.325 0 -1.8467 -5.325 0.734
2 24 -4.1313 -5.325 0 -3.5561 -5.325 1.9754
2 24 -1.8467 -5.325 0.734 -0.734 -5.325 1.8467
2 24 -3.5561 -5.325 1.9754 -1.9754 -5.325 3.5561
2 24 -0.734 -5.325 1.8467 0 -5.325 1.9677
2 24 -1.9754 -5.325 3.5561 0 -5.325 4.1313
2 24 -1.9893 -5.325 -3.5422 0 -5.325 -4.1313
2 24 -1.9893 -9.7498 -3.5422 0 -9.7498 -4.1313
2 24 -1.9893 -5.325 -3.5422 -3.5422 -5.325 -1.9893
2 24 -1.9893 -9.7498 -3.5422 -3.5422 -9.7498 -1.9893
2 24 -3.5422 -5.325 -1.9893 -4.1313 -5.325 0
2 24 -3.5422 -9.7498 -1.9893 -4.1313 -9.7498 0
2 24 -4.1313 -5.325 0 -3.5561 -5.325 1.9754
2 24 -4.1313 -9.7498 0 -3.5561 -9.7498 1.9754
2 24 -3.5561 -5.325 1.9754 -1.9754 -5.325 3.5561
2 24 -3.5561 -9.7498 1.9754 -1.9754 -9.7498 3.5561
2 24 -1.9754 -5.325 3.5561 0 -5.325 4.1313
2 24 -1.9754 -9.7498 3.5561 0 -9.7498 4.1313
2 24 0 -10.5 1.9677 -0.734 -10.5 1.8467
2 24 -0.734 -10.5 1.8467 -1.8467 -10.5 0.734
2 24 -1.8467 -10.5 0.734 -1.9677 -10.5 0
2 24 -1.9677 -10.5 0 -1.8307 -10.5 -0.75
2 24 -1.8307 -10.5 -0.75 -0.75 -10.5 -1.8307
2 24 -0.75 -10.5 -1.8307 0 -10.5 -1.9677
2 24 13.1663 -8.9925 -1.25 13.229 -9.0111 -1.7801
2 24 13.1663 -8.9925 -1.25 13.6078 -9.1097 -0.8349
2 24 13.229 -9.0111 -1.7801 14.9919 -9.4793 -3.8155
2 24 14.9919 -9.4793 -3.8155 16.2717 -10.077 -6.953
2 24 16.2717 -10.077 -6.953 16.0644 -10.0127 -10.069
2 24 16.0644 -10.0127 -10.069 13.7802 -9.2005 -12.7852
2 24 13.7802 -9.2005 -12.7852 10.2218 -8.4424 -13.83
2 24 10.2218 -8.4424 -13.83 6.5695 -8.2401 -13.1755
2 24 6.5695 -8.2401 -13.1755 3.9459 -8.4034 -11.6971
2 24 13.6078 -9.1097 -0.8349 15.8088 -9.8459 0.1929
2 24 15.8088 -9.8459 0.1929 17.3189 -10.4091 2.3095
2 24 17.3189 -10.4091 2.3095 18.0874 -10.7802 4.8737
2 24 18.0874 -10.7802 4.8737 18.7191 -11.1583 7.5242
2 24 18.7191 -11.1583 7.5242 19.2629 -11.5125 10.5643
2 24 19.2629 -11.5125 10.5643 19.2327 -11.477 12.6404
2 24 19.2327 -11.477 12.6404 18.6699 -11.1718 13.9581
2 24 18.6699 -11.1718 13.9581 17.2811 -10.4634 14.7686
2 24 17.2811 -10.4634 14.7686 14.0252 -9.3217 14.6473
2 24 14.0252 -9.3217 14.6473 10.5038 -8.5452 13.5935
2 24 10.5038 -8.5452 13.5935 7.5272 -8.2636 12.2301
2 24 7.5272 -8.2636 12.2301 4.4445 -8.3868 10.3192
2 24 4.0625 -8.4301 -7.0365 1.4283 -8.8243 -8.006
2 24 3.9459 -8.4034 -11.6971 1.4283 -8.8243 -8.006
2 24 5.7452 -8.1949 5.7452 7.0364 -8.1949 4.0625
2 24 4.0625 -8.4301 -7.0365 5.7452 -8.1949 -5.7452
2 24 0 -11.9661 -9.1563 0.653 -11.5933 -9.0992
2 24 0 -9.5044 -9.3387 0.7036 -9.5574 -9.0787
2 24 1.9513 -12.3499 0.4258 1.6754 -12.381 -1.6092
2 24 1.9513 -12.3499 0.4258 2.0072 -12.363 2.5919
2 24 2.0072 -12.363 2.5919 1.8466 -12.4011 4.6739
2 24 1.8466 -12.4011 4.6739 1.5605 -12.3319 6.9938
2 24 0.9473 -12.0567 -7.566 1.2682 -11.5956 -8.7664
2 24 1.3168 -12.3623 -7.6282 1.5837 -12.3314 -8.7635
2 24 0.9473 -12.0567 -7.566 1.1102 -12.3727 -5.6412
2 24 1.3168 -12.3623 -7.6282 1.1102 -12.3727 -5.6412
2 24 1.6754 -12.381 -1.6092 1.2811 -12.3894 -3.769
2 24 1.6754 -12.381 -1.6092 1.9513 -12.3499 0.4258
2 24 1.9513 -12.3499 0.4258 2.0072 -12.363 2.5919
2 24 6.5695 -12.2139 -13.1755 3.9459 -12.2563 -11.6971
2 24 13.1663 -13.051 -1.25 13.229 -13.0695 -1.7801
2 24 13.1663 -13.051 -1.25 13.6078 -13.1681 -0.8349
2 24 10.5038 -12.6037 13.5935 14.0252 -13.3802 14.6473
2 24 10.5038 -12.6037 13.5935 7.5272 -12.322 12.2301
2 24 7.5272 -12.322 12.2301 4.4445 -12.1823 10.3192
2 24 4.4445 -12.1823 10.3192 1.8447 -12.2961 7.6353
2 24 19.2629 -15.5709 10.5643 18.7191 -15.2167 7.5242
2 24 18.7191 -15.2167 7.5242 18.0874 -14.8387 4.8737
2 24 18.0874 -14.8387 4.8737 17.3189 -14.4676 2.3095
2 24 17.3189 -14.4676 2.3095 15.8088 -13.9044 0.1929
2 24 19.2629 -15.5709 10.5643 19.2327 -15.5354 12.6404
2 24 14.0252 -13.3802 14.6473 17.2811 -14.5218 14.7686
2 24 17.2811 -14.5218 14.7686 18.6699 -15.2303 13.9581
2 24 19.2327 -15.5354 12.6404 18.6699 -15.2303 13.9581
2 24 2.0072 -12.363 2.5919 1.8466 -12.4011 4.6739
2 24 1.8447 -12.2961 7.6353 1.5605 -12.3319 6.9938
2 24 1.8466 -12.4011 4.6739 1.5605 -12.3319 6.9938
2 24 13.6078 -13.1681 -0.8349 15.8088 -13.9044 0.1929
2 24 16.0644 -14.0711 -10.069 13.7802 -13.259 -12.7852
2 24 16.0644 -14.0711 -10.069 16.2717 -14.1354 -6.953
2 24 16.2717 -14.1354 -6.953 14.9919 -13.5377 -3.8155
2 24 13.7802 -13.259 -12.7852 10.2218 -12.5009 -13.83
2 24 6.5695 -12.2139 -13.1755 10.2218 -12.5009 -13.83
2 24 13.229 -13.0695 -1.7801 14.9919 -13.5377 -3.8155
2 24 3.9459 -12.2563 -11.6971 1.5837 -12.3314 -8.7635
2 24 1.1102 -12.3727 -5.6412 1.3168 -12.3623 -7.6282
2 24 13.229 -13.0695 -1.7801 13.1663 -13.051 -1.25
2 24 13.1663 -13.051 -1.25 13.1663 -11.2521 -1.25
2 24 13.1663 -11.2521 -1.25 13.1663 -13.051 -1.25
2 24 13.1663 -13.051 -1.25 13.6078 -13.1681 -0.8349
2 24 13.229 -13.0695 -1.7801 14.9919 -13.5377 -3.8155
2 24 14.9919 -13.5377 -3.8155 16.2717 -14.1354 -6.953
2 24 16.2717 -14.1354 -6.953 16.0644 -14.0711 -10.069
2 24 16.0644 -14.0711 -10.069 13.7802 -13.259 -12.7852
2 24 13.7802 -13.259 -12.7852 10.2218 -12.5009 -13.83
2 24 10.2218 -12.5009 -13.83 6.5695 -12.2139 -13.1755
2 24 6.5695 -12.2139 -13.1755 3.9459 -12.2563 -11.6971
2 24 1.5837 -12.3314 -8.7635 3.9459 -12.2563 -11.6971
2 24 1.2682 -11.5956 -8.7664 1.3208 -10.6435 -9.1011
2 24 13.6078 -13.1681 -0.8349 15.8088 -13.9044 0.1929
2 24 15.8088 -13.9044 0.1929 17.3189 -14.4676 2.3095
2 24 17.3189 -14.4676 2.3095 18.0874 -14.8387 4.8737
2 24 18.0874 -14.8387 4.8737 18.7191 -15.2167 7.5242
2 24 18.7191 -15.2167 7.5242 19.2629 -15.5709 10.5643
2 24 19.2629 -15.5709 10.5643 19.2327 -15.5354 12.6404
2 24 19.2327 -15.5354 12.6404 18.6699 -15.2303 13.9581
2 24 18.6699 -15.2303 13.9581 17.2811 -14.5218 14.7686
2 24 17.2811 -14.5218 14.7686 14.0252 -13.3802 14.6473
2 24 14.0252 -13.3802 14.6473 10.5038 -12.6037 13.5935
2 24 10.5038 -12.6037 13.5935 7.5272 -12.322 12.2301
2 24 7.5272 -12.322 12.2301 4.4445 -12.1823 10.3192
2 24 7.5272 -8.2636 12.2301 4.4445 -8.3868 10.3192
2 24 7.5272 -8.2636 12.2301 10.5038 -8.5452 13.5935
2 24 10.5038 -8.5452 13.5935 14.0252 -9.3217 14.6473
2 24 14.0252 -9.3217 14.6473 17.2811 -10.4634 14.7686
2 24 17.2811 -10.4634 14.7686 18.6699 -11.1718 13.9581
2 24 18.6699 -11.1718 13.9581 19.2327 -11.477 12.6404
2 24 19.2327 -11.477 12.6404 19.2629 -11.5125 10.5643
2 24 19.2629 -11.5125 10.5643 18.7191 -11.1583 7.5242
2 24 18.7191 -11.1583 7.5242 18.0874 -10.7802 4.8737
2 24 18.0874 -10.7802 4.8737 17.3189 -10.4091 2.3095
2 24 17.3189 -10.4091 2.3095 15.8088 -9.8459 0.1929
2 24 15.8088 -9.8459 0.1929 13.6078 -9.1097 -0.8349
2 24 13.6078 -9.1097 -0.8349 13.1663 -8.9925 -1.25
2 24 13.1663 -11.2521 -1.25 13.1663 -8.9925 -1.25
2 24 13.229 -9.0111 -1.7801 13.1663 -8.9925 -1.25
2 24 13.1663 -11.2521 -1.25 13.1663 -8.9925 -1.25
2 24 13.229 -9.0111 -1.7801 14.9919 -9.4793 -3.8155
2 24 14.9919 -9.4793 -3.8155 16.2717 -10.077 -6.953
2 24 16.2717 -10.077 -6.953 16.0644 -10.0127 -10.069
2 24 16.0644 -10.0127 -10.069 13.7802 -9.2005 -12.7852
2 24 13.7802 -9.2005 -12.7852 10.2218 -8.4424 -13.83
2 24 10.2218 -8.4424 -13.83 6.5695 -8.2401 -13.1755
2 24 6.5695 -8.2401 -13.1755 3.9459 -8.4034 -11.6971
2 24 3.9459 -8.4034 -11.6971 1.4283 -8.8243 -8.006
2 24 1.3208 -10.6435 -9.1011 1.1452 -9.5694 -8.8372
2 24 1.5837 -12.3314 -8.7635 1.3168 -12.3623 -7.6282
2 24 1.2811 -12.3894 -3.769 1.1102 -12.3727 -5.6412
2 24 1.4537 -11.9808 8.0387 1.6903 -11.3436 8.5552
2 24 1.4204 -9.0004 7.9511 1.6428 -10.1446 8.6852
2 24 1.4537 -11.9808 8.0387 1.3862 -12.2257 7.5395
2 24 1.5605 -12.3319 6.9938 1.3862 -12.2257 7.5395
2 24 1.6903 -11.3436 8.5552 1.6428 -10.1446 8.6852
2 24 1.5605 -12.3319 6.9938 1.8447 -12.2961 7.6353
2 24 1.5605 -12.3319 6.9938 1.3862 -12.2257 7.5395
2 24 1.3862 -12.2257 7.5395 1.4537 -11.9808 8.0387
2 24 5.7452 -8.1949 -5.7452 7.0364 -8.1949 -4.0625
2 24 1.4204 -9.0004 7.9511 1.9088 -8.7961 7.8812
2 24 1.4204 -9.0004 7.9511 1.0186 -8.773 8.0021
2 24 4.4445 -8.3868 10.3192 1.9088 -8.7961 7.8812
2 24 1.9088 -8.7961 7.8812 4.0625 -8.1949 7.0365
2 24 4.4445 -8.3868 10.3192 1.9088 -8.7961 7.8812
2 24 1.8447 -12.2961 7.6353 2.0525 -11.3616 8.5153
2 24 4.4445 -12.1823 10.3192 1.8447 -12.2961 7.6353
2 24 1.1102 -12.3727 -5.6412 1.2811 -12.3894 -3.769
2 24 1.1102 -12.3727 -5.6412 0.9473 -12.0567 -7.566
2 24 0.653 -11.5933 -9.0992 1.2682 -11.5956 -8.7664
2 24 0.9473 -12.0567 -7.566 1.2682 -11.5956 -8.7664
2 24 1.2682 -11.5956 -8.7664 1.3208 -10.6435 -9.1011
2 24 1.3208 -10.6435 -9.1011 1.1452 -9.5694 -8.8372
2 24 1.1452 -9.5694 -8.8372 1.1732 -9.0471 -8.027
2 24 1.1452 -9.5694 -8.8372 1.1732 -9.0471 -8.027
2 24 1.4283 -8.8243 -8.006 1.1732 -9.0471 -8.027
2 24 7.0364 -8.1949 4.0625 7.8481 -8.1949 2.1029
2 24 7.8481 -8.1949 2.1029 8.125 -8.1949 0
2 24 8.125 -8.1949 0 7.8481 -8.1949 -2.1029
2 24 7.0364 -8.1949 -4.0625 7.8481 -8.1949 -2.1029
2 24 1.6754 -12.381 -1.6092 1.2811 -12.3894 -3.769
2 24 1.4283 -8.8243 -8.006 1.1732 -9.0471 -8.027
2 24 0 -8.8785 -8.1194 1.1732 -9.0471 -8.027
2 24 2.1029 0 -7.8481 4.0625 0 -7.0365
2 24 1.4537 -11.9808 8.0387 1.6903 -11.3436 8.5552
2 24 1.6903 -11.3436 8.5552 1.6428 -10.1446 8.6852
2 24 0 0 8.125 2.1029 0 7.8481
2 24 0 0 6.3966 3.0585 0 5.506
2 24 4.0625 0 -7.0365 2.1029 0 -7.8481
2 24 7.0364 0 -4.0625 5.7452 0 -5.7452
2 24 3.0801 0 -5.4844 5.4844 0 -3.0801
2 24 8.125 0 0 7.8481 0 -2.1029
2 24 7.0364 0 4.0625 7.8481 0 2.1029
2 24 6.3966 0 0 5.506 0 3.0585
2 24 4.0625 0 7.0365 5.7452 0 5.7452
2 24 0 -9.7498 6.3966 3.0585 -9.7498 5.506
2 24 0 0 6.3966 3.0585 0 5.506
2 24 3.0585 -9.7498 5.506 5.506 -9.7498 3.0585
2 24 3.0585 0 5.506 5.506 0 3.0585
2 24 5.506 -9.7498 3.0585 6.3967 -9.7498 0
2 24 5.506 0 3.0585 6.3966 0 0
2 24 6.3967 -9.7498 0 5.4844 -9.7498 -3.0801
2 24 6.3966 0 0 5.4844 0 -3.0801
2 24 5.4844 -9.7498 -3.0801 3.0801 -9.7498 -5.4844
2 24 5.4844 0 -3.0801 3.0801 0 -5.4844
2 24 0 -9.7498 -6.3966 3.0801 -9.7498 -5.4844
2 24 0 0 -6.3966 3.0801 0 -5.4844
2 24 0 -9.7498 6.3966 3.0585 -9.7498 5.506
2 24 0 -9.7498 4.1313 1.9754 -9.7498 3.5561
2 24 3.0585 -9.7498 5.506 5.506 -9.7498 3.0585
2 24 1.9754 -9.7498 3.5561 3.5561 -9.7498 1.9754
2 24 5.506 -9.7498 3.0585 6.3967 -9.7498 0
2 24 3.5561 -9.7498 1.9754 4.1313 -9.7498 0
2 24 6.3967 -9.7498 0 5.4844 -9.7498 -3.0801
2 24 4.1313 -9.7498 0 3.5422 -9.7498 -1.9893
2 24 5.4844 -9.7498 -3.0801 3.0801 -9.7498 -5.4844
2 24 3.5422 -9.7498 -1.9893 1.9893 -9.7498 -3.5422
2 24 0 -9.7498 -6.3966 3.0801 -9.7498 -5.4844
2 24 0 -9.7498 -4.1313 1.9893 -9.7498 -3.5422
2 24 0 -5.325 4.1313 1.9754 -5.325 3.5561
2 24 0 -9.7498 4.1313 1.9754 -9.7498 3.5561
2 24 1.9754 -9.7498 3.5561 3.5561 -9.7498 1.9754
2 24 1.9754 -5.325 3.5561 3.5561 -5.325 1.9754
2 24 3.5561 -9.7498 1.9754 4.1313 -9.7498 0
2 24 3.5561 -5.325 1.9754 4.1313 -5.325 0
2 24 4.1313 -9.7498 0 3.5422 -9.7498 -1.9893
2 24 4.1313 -5.325 0 3.5422 -5.325 -1.9893
2 24 3.5422 -9.7498 -1.9893 1.9893 -9.7498 -3.5422
2 24 3.5422 -5.325 -1.9893 1.9893 -5.325 -3.5422
2 24 0 -9.7498 -4.1313 1.9893 -9.7498 -3.5422
2 24 0 -5.325 -4.1313 1.9893 -5.325 -3.5422
2 24 0 -5.325 1.9677 0.734 -5.325 1.8467
2 24 0 -5.325 4.1313 1.9754 -5.325 3.5561
2 24 1.9754 -5.325 3.5561 3.5561 -5.325 1.9754
2 24 0.734 -5.325 1.8467 1.8467 -5.325 0.734
2 24 3.5561 -5.325 1.9754 4.1313 -5.325 0
2 24 1.8467 -5.325 0.734 1.9677 -5.325 0
2 24 4.1313 -5.325 0 3.5422 -5.325 -1.9893
2 24 1.9677 -5.325 0 1.8307 -5.325 -0.75
2 24 3.5422 -5.325 -1.9893 1.9893 -5.325 -3.5422
2 24 1.8307 -5.325 -0.75 0.75 -5.325 -1.8307
2 24 0 -5.325 -4.1313 1.9893 -5.325 -3.5422
2 24 0 -5.325 -1.9677 0.75 -5.325 -1.8307
2 24 0 -10.5 1.9677 0.734 -10.5 1.8467
2 24 0 -5.325 1.9677 0.734 -5.325 1.8467
2 24 0.734 -5.325 1.8467 1.8467 -5.325 0.734
2 24 0.734 -10.5 1.8467 1.8467 -10.5 0.734
2 24 1.8467 -5.325 0.734 1.9677 -5.325 0
2 24 1.8467 -10.5 0.734 1.9677 -10.5 0
2 24 1.9677 -5.325 0 1.8307 -5.325 -0.75
2 24 1.9677 -10.5 0 1.8307 -10.5 -0.75
2 24 1.8307 -5.325 -0.75 0.75 -5.325 -1.8307
2 24 1.8307 -10.5 -0.75 0.75 -10.5 -1.8307
2 24 0 -5.325 -1.9677 0.75 -5.325 -1.8307
2 24 0 -10.5 -1.9677 0.75 -10.5 -1.8307
2 24 2.1029 0 7.8481 4.0625 0 7.0365
2 24 3.0585 0 5.506 5.506 0 3.0585
2 24 7.0364 0 4.0625 5.7452 0 5.7452
2 24 8.125 0 0 7.8481 0 2.1029
2 24 5.4844 0 -3.0801 6.3966 0 0
2 24 7.0364 0 -4.0625 7.8481 0 -2.1029
2 24 4.0625 0 -7.0365 5.7452 0 -5.7452
2 24 0 0 -6.3966 3.0801 0 -5.4844
2 24 0 0 -8.125 2.1029 0 -7.8481
2 24 4.0625 0 7.0365 2.1029 0 7.8481
2 24 0 0 8.125 2.1029 0 7.8481
2 24 4.0625 0 -7.0365 5.7452 0 -5.7452
2 24 5.7452 0 -5.7452 7.0364 0 -4.0625
2 24 7.0364 0 -4.0625 7.8481 0 -2.1029
2 24 7.8481 0 -2.1029 8.125 0 0
2 24 8.125 0 0 7.8481 0 2.1029
2 24 7.8481 0 2.1029 7.0364 0 4.0625
2 24 7.0364 0 4.0625 5.7452 0 5.7452
2 24 4.0625 0 7.0365 5.7452 0 5.7452
2 24 0 -8.5339 8.1377 1.0186 -8.773 8.0021
2 24 1.4204 -9.0004 7.9511 1.0186 -8.773 8.0021
2 24 1.9088 -8.7961 7.8812 1.4204 -9.0004 7.9511
2 24 1.6428 -10.1446 8.6852 1.4204 -9.0004 7.9511
2 24 0 -8.5339 8.1377 1.0186 -8.773 8.0021
2 24 0 -8.8785 -8.1194 1.1732 -9.0471 -8.027
2 24 0 0 -8.125 2.1029 0 -7.8481
2 24 5.7452 -8.1949 5.7452 4.0625 -8.1949 7.0365
2 24 0 -10.5 1.9677 0.734 -10.5 1.8467
2 24 0.734 -10.5 1.8467 1.8467 -10.5 0.734
2 24 1.8467 -10.5 0.734 1.9677 -10.5 0
2 24 1.9677 -10.5 0 1.8307 -10.5 -0.75
2 24 1.8307 -10.5 -0.75 0.75 -10.5 -1.8307
2 24 0 -10.5 -1.9677 0.75 -10.5 -1.8307
2 24 -1.9088 -8.7961 7.8812 -1.4204 -9.0004 7.9511
2 24 -1.0186 -8.773 8.0021 -1.4204 -9.0004 7.9511
2 24 -1.4283 -8.8243 -8.006 -4.0625 -8.4301 -7.0365
2 24 -4.0625 -8.4301 -7.0365 -5.7452 -8.1949 -5.7452
2 24 -5.7452 -8.1949 -5.7452 -7.0364 -8.1949 -4.0625
2 24 -7.0364 -8.1949 -4.0625 -7.8481 -8.1949 -2.1029
2 24 -7.8481 -8.1949 -2.1029 -8.125 -8.1949 0
2 24 -8.125 -8.1949 0 -7.8481 -8.1949 2.1029
2 24 -7.8481 -8.1949 2.1029 -7.0364 -8.1949 4.0625
2 24 -7.0364 -8.1949 4.0625 -5.7452 -8.1949 5.7452
2 24 -5.7452 -8.1949 5.7452 -4.0625 -8.1949 7.0365
2 24 -1.9088 -8.7961 7.8812 -4.0625 -8.1949 7.0365
2 24 1.9088 -8.7961 7.8812 4.0625 -8.1949 7.0365
2 24 4.0625 -8.1949 7.0365 5.7452 -8.1949 5.7452
2 24 5.7452 -8.1949 5.7452 7.0364 -8.1949 4.0625
2 24 7.0364 -8.1949 4.0625 7.8481 -8.1949 2.1029
2 24 7.8481 -8.1949 2.1029 8.125 -8.1949 0
2 24 8.125 -8.1949 0 7.8481 -8.1949 -2.1029
2 24 7.8481 -8.1949 -2.1029 7.0364 -8.1949 -4.0625
2 24 7.0364 -8.1949 -4.0625 5.7452 -8.1949 -5.7452
2 24 5.7452 -8.1949 -5.7452 4.0625 -8.4301 -7.0365
2 24 1.4283 -8.8243 -8.006 4.0625 -8.4301 -7.0365
2 24 -13.2089 -8.97 -1.2631 -13.2627 -8.979 -1.7618
2 24 -13.2089 -8.97 -1.2631 -13.6331 -9.0772 -0.8633
2 24 -10.497 -8.5092 13.6275 -14.0281 -9.2867 14.6829
2 24 -10.497 -8.5092 13.6275 -7.5122 -8.2274 12.2612
2 24 -7.5122 -8.2274 12.2612 -4.4232 -8.3515 10.3474
2 24 -1.8953 -8.7675 7.9199 -4.0761 -8.1598 7.0694
2 24 -4.4232 -8.3515 10.3474 -1.8953 -8.7675 7.9199
2 24 -19.3053 -11.486 10.5616 -18.7604 -11.1306 7.5186
2 24 -18.7604 -11.1306 7.5186 -18.1278 -10.7516 4.8666
2 24 -18.1278 -10.7516 4.8666 -17.357 -10.3797 2.2962
2 24 -17.357 -10.3797 2.2962 -15.839 -9.8149 0.1678
2 24 -19.3053 -11.486 10.5616 -19.2749 -11.4506 12.6455
2 24 -14.0281 -9.2867 14.6829 -17.2979 -10.4311 14.8029
2 24 -17.2979 -10.4311 14.8029 -18.7049 -11.1438 13.9802
2 24 -19.2749 -11.4506 12.6455 -18.7049 -11.1438 13.9802
2 24 -13.6331 -9.0772 -0.8633 -15.839 -9.8149 0.1678
2 24 -16.1027 -9.9831 -10.0818 -13.8054 -9.1683 -12.814
2 24 -16.1027 -9.9831 -10.0818 -16.312 -10.0478 -6.9482
2 24 -16.312 -10.0478 -6.9482 -15.0278 -9.4484 -3.7995
2 24 -13.8054 -9.1683 -12.814 -10.2271 -8.4073 -13.8651
2 24 -10.2271 -8.4073 -13.8651 -6.5589 -8.2045 -13.209
2 24 -13.2627 -8.979 -1.7618 -15.0278 -9.4484 -3.7995
2 24 -13.2056 -13.0771 -1.2664 -13.2522 -13.1075 -1.7573
2 24 -13.2056 -13.0771 -1.2664 -13.6151 -13.204 -0.869
2 24 -13.2522 -13.1075 -1.7573 -15.016 -13.5765 -3.795
2 24 -15.016 -13.5765 -3.795 -16.3 -14.176 -6.9453
2 24 -16.3 -14.176 -6.9453 -16.09 -14.1111 -10.0847
2 24 -16.09 -14.1111 -10.0847 -13.7925 -13.2962 -12.8162
2 24 -13.7925 -13.2962 -12.8162 -10.22 -12.5363 -13.8652
2 24 -10.22 -12.5363 -13.8652 -6.5569 -12.2491 -13.2087
2 24 -6.5569 -12.2491 -13.2087 -3.9239 -12.2921 -11.7241
2 24 -3.9239 -12.2921 -11.7241 -1.561 -12.3729 -8.7796
2 24 -13.6151 -13.204 -0.869 -15.8235 -13.9419 0.1633
2 24 -15.8235 -13.9419 0.1633 -17.343 -14.5071 2.2908
2 24 -17.343 -14.5071 2.2908 -18.114 -14.8792 4.8614
2 24 -18.114 -14.8792 4.8614 -18.7454 -15.258 7.5142
2 24 -18.7454 -15.258 7.5142 -19.2895 -15.613 10.559
2 24 -19.2895 -15.613 10.559 -19.2589 -15.5772 12.6485
2 24 -19.2589 -15.5772 12.6485 -18.6851 -15.2689 13.986
2 24 -18.6851 -15.2689 13.986 -17.2749 -14.5558 14.8048
2 24 -17.2749 -14.5558 14.8048 -14.0108 -13.4147 14.6805
2 24 -14.0108 -13.4147 14.6805 -10.4868 -12.639 13.6246
2 24 -10.4868 -12.639 13.6246 -7.5088 -12.3579 12.2596
2 24 -7.5088 -12.3579 12.2596 -4.4248 -12.219 10.3468
2 24 -4.4248 -12.219 10.3468 -1.831 -12.3406 7.6536
2 24 0 -12.0053 -9.1873 -0.6722 -11.6254 -9.1324
2 24 0 -9.472 -9.3767 -0.7202 -9.5262 -9.1142
2 24 -1.9681 -12.3969 0.4246 -1.6916 -12.4283 -1.6115
2 24 -1.9681 -12.3969 0.4246 -2.0245 -12.4099 2.5918
2 24 -2.0245 -12.4099 2.5918 -1.8629 -12.4483 4.6761
2 24 -1.8629 -12.4483 4.6761 -1.5672 -12.3811 6.9992
2 24 -1.561 -12.3729 -8.7796 -1.299 -12.4087 -7.6343
2 24 -1.2547 -11.626 -8.8038 -0.9353 -12.1038 -7.5777
2 24 -1.299 -12.4087 -7.6343 -1.1024 -12.4219 -5.6451
2 24 -0.9353 -12.1038 -7.5777 -1.1024 -12.4219 -5.6451
2 24 -1.2944 -12.4375 -3.7716 -1.6916 -12.4283 -1.6115
2 24 -1.6916 -12.4283 -1.6115 -1.9681 -12.3969 0.4246
2 24 -1.9681 -12.3969 0.4246 -2.0245 -12.4099 2.5918
2 24 -1.831 -12.3406 7.6536 -2.023 -11.375 8.5534
2 24 -1.831 -12.3406 7.6536 -4.4248 -12.219 10.3468
2 24 -2.0245 -12.4099 2.5918 -1.8629 -12.4483 4.6761
2 24 -1.1024 -12.4219 -5.6451 -1.299 -12.4087 -7.6343
2 24 -13.2522 -13.1075 -1.7573 -13.2056 -13.0771 -1.2664
2 24 -13.2056 -13.0771 -1.2664 -13.2132 -11.2521 -1.2671
2 24 -13.6151 -13.204 -0.869 -13.2056 -13.0771 -1.2664
2 24 -13.2056 -13.0771 -1.2664 -13.2132 -11.2521 -1.2671
2 24 -13.2522 -13.1075 -1.7573 -15.016 -13.5765 -3.795
2 24 -15.016 -13.5765 -3.795 -16.3 -14.176 -6.9453
2 24 -16.3 -14.176 -6.9453 -16.09 -14.1111 -10.0847
2 24 -16.09 -14.1111 -10.0847 -13.7925 -13.2962 -12.8162
2 24 -13.7925 -13.2962 -12.8162 -10.22 -12.5363 -13.8652
2 24 -10.22 -12.5363 -13.8652 -6.5569 -12.2491 -13.2087
2 24 -6.5569 -12.2491 -13.2087 -3.9239 -12.2921 -11.7241
2 24 -1.561 -12.3729 -8.7796 -3.9239 -12.2921 -11.7241
2 24 -1.2547 -11.626 -8.8038 -1.3143 -10.6468 -9.1506
2 24 -13.6151 -13.204 -0.869 -15.8235 -13.9419 0.1633
2 24 -15.8235 -13.9419 0.1633 -17.343 -14.5071 2.2908
2 24 -17.343 -14.5071 2.2908 -18.114 -14.8792 4.8614
2 24 -18.114 -14.8792 4.8614 -18.7454 -15.258 7.5142
2 24 -18.7454 -15.258 7.5142 -19.2895 -15.613 10.559
2 24 -19.2895 -15.613 10.559 -19.2589 -15.5772 12.6485
2 24 -19.2589 -15.5772 12.6485 -18.6851 -15.2689 13.986
2 24 -18.6851 -15.2689 13.986 -17.2749 -14.5558 14.8048
2 24 -17.2749 -14.5558 14.8048 -14.0108 -13.4147 14.6805
2 24 -14.0108 -13.4147 14.6805 -10.4868 -12.639 13.6246
2 24 -10.4868 -12.639 13.6246 -7.5088 -12.3579 12.2596
2 24 -4.4248 -12.219 10.3468 -7.5088 -12.3579 12.2596
2 24 -2.023 -11.375 8.5534 -1.9712 -10.1073 8.6221
2 24 -13.2132 -11.2521 -1.2671 -13.2089 -8.97 -1.2631
2 24 -13.2627 -8.979 -1.7618 -13.2089 -8.97 -1.2631
2 24 -13.6331 -9.0772 -0.8633 -13.2089 -8.97 -1.2631
2 24 -13.2132 -11.2521 -1.2671 -13.2089 -8.97 -1.2631
2 24 -13.2627 -8.979 -1.7618 -15.0278 -9.4484 -3.7995
2 24 -15.0278 -9.4484 -3.7995 -16.312 -10.0478 -6.9482
2 24 -16.312 -10.0478 -6.9482 -16.1027 -9.9831 -10.0818
2 24 -16.1027 -9.9831 -10.0818 -13.8054 -9.1683 -12.814
2 24 -13.8054 -9.1683 -12.814 -10.2271 -8.4073 -13.8651
2 24 -10.2271 -8.4073 -13.8651 -6.5589 -8.2045 -13.209
2 24 -6.5589 -8.2045 -13.209 -3.9222 -8.3679 -11.7232
2 24 -3.9222 -8.3679 -11.7232 -1.4163 -8.7866 -8.0366
2 24 -1.3143 -10.6468 -9.1506 -1.1343 -9.5389 -8.8754
2 24 -13.6331 -9.0772 -0.8633 -15.839 -9.8149 0.1678
2 24 -15.839 -9.8149 0.1678 -17.357 -10.3797 2.2962
2 24 -17.357 -10.3797 2.2962 -18.1278 -10.7516 4.8666
2 24 -18.1278 -10.7516 4.8666 -18.7604 -11.1306 7.5186
2 24 -18.7604 -11.1306 7.5186 -19.3053 -11.486 10.5616
2 24 -19.3053 -11.486 10.5616 -19.2749 -11.4506 12.6455
2 24 -19.2749 -11.4506 12.6455 -18.7049 -11.1438 13.9802
2 24 -18.7049 -11.1438 13.9802 -17.2979 -10.4311 14.8029
2 24 -17.2979 -10.4311 14.8029 -14.0281 -9.2867 14.6829
2 24 -14.0281 -9.2867 14.6829 -10.497 -8.5092 13.6275
2 24 -10.497 -8.5092 13.6275 -7.5122 -8.2274 12.2612
2 24 -7.5122 -8.2274 12.2612 -4.4232 -8.3515 10.3474
2 24 -1.561 -12.3729 -8.7796 -1.299 -12.4087 -7.6343
2 24 -1.2944 -12.4375 -3.7716 -1.1024 -12.4219 -5.6451
2 24 -1.7142 -11.3607 8.5956 -1.4725 -12.0179 8.0664
2 24 -1.6864 -10.1322 8.7169 -1.4378 -8.9815 7.9939
2 24 -1.4725 -12.0179 8.0664 -1.3948 -12.2724 7.5552
2 24 -1.5672 -12.3811 6.9992 -1.3948 -12.2724 7.5552
2 24 -1.7142 -11.3607 8.5956 -1.6864 -10.1322 8.7169
2 24 -5.7699 -8.1598 -5.7709 -4.0743 -8.3945 -7.0695
2 24 -7.8843 -8.1617 -2.1124 -7.0686 -8.1609 -4.0802
2 24 -7.8843 -8.1617 -2.1124 -8.1626 -8.1619 0.0001
2 24 -8.1626 -8.1619 0.0001 -7.8844 -8.1617 2.1123
2 24 -7.8844 -8.1617 2.1123 -7.0686 -8.161 4.0805
2 24 -7.0686 -8.161 4.0805 -5.7713 -8.1603 5.7702
2 24 -1.831 -12.3406 7.6536 -1.5672 -12.3811 6.9992
2 24 -1.8629 -12.4483 4.6761 -1.5672 -12.3811 6.9992
2 24 -1.1024 -12.4219 -5.6451 -1.2944 -12.4375 -3.7716
2 24 -1.1024 -12.4219 -5.6451 -0.9353 -12.1038 -7.5777
2 24 -0.6722 -11.6254 -9.1324 -1.2547 -11.626 -8.8038
2 24 -0.9353 -12.1038 -7.5777 -1.2547 -11.626 -8.8038
2 24 -1.2547 -11.626 -8.8038 -1.3143 -10.6468 -9.1506
2 24 -1.3143 -10.6468 -9.1506 -1.1343 -9.5389 -8.8754
2 24 -1.1343 -9.5389 -8.8754 -1.1659 -9.017 -8.0663
2 24 -3.9222 -8.3679 -11.7232 -1.4163 -8.7866 -8.0366
2 24 -4.0743 -8.3945 -7.0695 -1.4163 -8.7866 -8.0366
2 24 -1.1343 -9.5389 -8.8754 -1.1659 -9.017 -8.0663
2 24 -1.4163 -8.7866 -8.0366 -1.1659 -9.017 -8.0663
2 24 -5.7699 -8.1598 -5.7709 -7.0686 -8.1609 -4.0802
2 24 -1.6916 -12.4283 -1.6115 -1.2944 -12.4375 -3.7716
2 24 -1.4163 -8.7866 -8.0366 -1.1659 -9.017 -8.0663
2 24 -1.1659 -9.017 -8.0663 0 -8.8666 -8.168
2 24 -4.0761 -8.1598 7.0694 -5.7713 -8.1603 5.7702
2 24 -4.0802 0.0354 7.0671 -2.1121 0.0353 7.8823
2 24 -1.4725 -12.0179 8.0664 -1.3948 -12.2724 7.5552
2 24 -1.831 -12.3406 7.6536 -1.5672 -12.3811 6.9992
2 24 -1.3948 -12.2724 7.5552 -1.5672 -12.3811 6.9992
2 24 -1.4725 -12.0179 8.0664 -1.7142 -11.3607 8.5956
2 24 -1.7142 -11.3607 8.5956 -1.6864 -10.1322 8.7169
2 24 -3.0402 0.0354 5.4757 -5.4757 0.0354 3.0402
2 24 -5.7702 0.0354 5.7702 -7.0671 0.0354 4.0802
2 24 -7.0671 0.0354 4.0802 -7.8823 0.0354 2.1121
2 24 -5.4757 0.0354 3.0402 -6.3613 0.0354 0.0001
2 24 -6.3613 0.0354 0.0001 -5.4542 0.0354 -3.0618
2 24 -7.8823 0.0354 -2.1121 -7.0671 0.0354 -4.0802
2 24 -7.0671 0.0354 -4.0802 -5.7702 0.0354 -5.7702
2 24 -5.4542 0.0354 -3.0618 -3.0618 0.0354 -5.4542
2 24 -3.0618 0.0354 -5.4542 0 0.0354 -6.3613
2 24 -2.1122 0.0353 -7.8823 0 0.0224 -8.1697
2 24 -3.0402 0.0354 5.4757 0 0.0224 6.3519
2 24 -2.1121 0.0353 7.8823 0 0.0354 8.1604
2 24 -2.1122 0.0353 -7.8823 -4.0801 0.0354 -7.0671
2 24 -7.8823 0.0354 -2.1121 -8.1604 0.0354 0
2 24 -5.7702 0.0354 5.7702 -4.0802 0.0354 7.0671
2 24 -2.1121 0.0353 7.8823 0 0.0354 8.1604
2 24 -4.0802 0.0354 7.0671 -5.7702 0.0354 5.7702
2 24 -7.0671 0.0354 4.0802 -7.8823 0.0354 2.1121
2 24 -8.1604 0.0354 0 -7.8823 0.0354 -2.1121
2 24 -7.0671 0.0354 -4.0802 -5.7702 0.0354 -5.7702
2 24 -4.0801 0.0354 -7.0671 -2.1122 0.0353 -7.8823
2 24 0 -9.7275 6.3519 -3.0402 -9.7145 5.4757
2 24 0 0.0224 6.3519 -3.0402 0.0354 5.4757
2 24 -3.0402 -9.7145 5.4757 -5.4758 -9.7145 3.0402
2 24 -3.0402 0.0354 5.4757 -5.4757 0.0354 3.0402
2 24 -5.4758 -9.7145 3.0402 -6.3613 -9.7145 0.0001
2 24 -5.4757 0.0354 3.0402 -6.3613 0.0354 0.0001
2 24 -6.3613 -9.7145 0.0001 -5.4542 -9.7145 -3.0618
2 24 -6.3613 0.0354 0.0001 -5.4542 0.0354 -3.0618
2 24 -5.4542 0.0354 -3.0618 -3.0618 0.0354 -5.4542
2 24 -5.4542 -9.7145 -3.0618 -3.0618 -9.7145 -5.4542
2 24 -3.0618 -9.7145 -5.4542 0 -9.7145 -6.3613
2 24 -3.0618 0.0354 -5.4542 0 0.0354 -6.3613
2 24 0 -9.7275 6.3519 -3.0402 -9.7145 5.4757
2 24 0 -9.7275 4.1761 -1.9937 -9.7145 3.5863
2 24 -3.0402 -9.7145 5.4757 -5.4758 -9.7145 3.0402
2 24 -1.9937 -9.7145 3.5863 -3.5863 -9.7145 1.9937
2 24 -3.5863 -9.7145 1.9937 -4.1667 -9.7145 -0.0001
2 24 -5.4758 -9.7145 3.0402 -6.3613 -9.7145 0.0001
2 24 -6.3613 -9.7145 0.0001 -5.4542 -9.7145 -3.0618
2 24 -4.1667 -9.7145 -0.0001 -3.5724 -9.7145 -2.0076
2 24 -5.4542 -9.7145 -3.0618 -3.0618 -9.7145 -5.4542
2 24 -3.5724 -9.7145 -2.0076 -2.0076 -9.7145 -3.5724
2 24 -2.0076 -9.7145 -3.5724 0 -9.7145 -4.1667
2 24 -3.0618 -9.7145 -5.4542 0 -9.7145 -6.3613
2 24 -2.1121 0.0353 7.8823 -4.0802 0.0354 7.0671
2 24 -5.7702 0.0354 5.7702 -7.0671 0.0354 4.0802
2 24 -7.8823 0.0354 2.1121 -8.1604 0.0354 0
2 24 -7.8823 0.0354 2.1121 -8.1604 0.0354 0
2 24 -7.8823 0.0354 -2.1121 -7.0671 0.0354 -4.0802
2 24 -5.7702 0.0354 -5.7702 -4.0801 0.0354 -7.0671
2 24 -5.7702 0.0354 -5.7702 -4.0801 0.0354 -7.0671
2 24 -2.1122 0.0353 -7.8823 0 0.0224 -8.1697
2 24 -1.0335 -8.7408 8.0373 0 -8.5005 8.1749
2 24 -1.4378 -8.9815 7.9939 -1.0335 -8.7408 8.0373
2 24 -1.8953 -8.7675 7.9199 -1.4378 -8.9815 7.9939
2 24 -1.6864 -10.1322 8.7169 -1.4378 -8.9815 7.9939
2 24 -4.4232 -8.3515 10.3474 -1.8953 -8.7675 7.9199
2 24 0 -8.5005 8.1749 -1.0335 -8.7408 8.0373
2 24 -1.1659 -9.017 -8.0663 0 -8.8666 -8.168
2 24 -6.5589 -8.2045 -13.209 -3.9222 -8.3679 -11.7232
2 24 -0.7305 -10.4646 -1.8012 0 -10.4776 -1.923
2 24 -0.7305 -5.2896 -1.8012 0 -5.3026 -1.923
2 24 -0.7305 -10.4646 -1.8012 -1.8012 -10.4646 -0.7304
2 24 -0.7305 -5.2896 -1.8012 -1.8012 -5.2896 -0.7304
2 24 -1.8012 -10.4646 -0.7304 -1.9324 -10.4646 0.0004
2 24 -1.8012 -5.2896 -0.7304 -1.9324 -5.2896 0.0004
2 24 -1.9324 -10.4646 0.0004 -1.8173 -10.4646 0.7144
2 24 -1.9324 -5.2896 0.0004 -1.8173 -5.2896 0.7144
2 24 -1.8173 -10.4646 0.7144 -0.7144 -10.4646 1.8173
2 24 -1.8173 -5.2896 0.7144 -0.7144 -5.2896 1.8173
2 24 -0.7144 -10.4646 1.8173 0 -10.4646 1.9324
2 24 -0.7144 -5.2896 1.8173 0 -5.2896 1.9324
2 24 0 -5.3026 -1.923 -0.7305 -5.2896 -1.8012
2 24 0 -5.2896 -4.1667 -2.0076 -5.2896 -3.5724
2 24 -0.7305 -5.2896 -1.8012 -1.8012 -5.2896 -0.7304
2 24 -2.0076 -5.2896 -3.5724 -3.5724 -5.2896 -2.0076
2 24 -1.8012 -5.2896 -0.7304 -1.9324 -5.2896 0.0004
2 24 -3.5724 -5.2896 -2.0076 -4.1667 -5.2896 -0.0001
2 24 -1.9324 -5.2896 0.0004 -1.8173 -5.2896 0.7144
2 24 -4.1667 -5.2896 -0.0001 -3.5863 -5.2896 1.9937
2 24 -1.8173 -5.2896 0.7144 -0.7144 -5.2896 1.8173
2 24 -3.5863 -5.2896 1.9937 -1.9937 -5.2896 3.5863
2 24 -0.7144 -5.2896 1.8173 0 -5.2896 1.9324
2 24 -1.9937 -5.2896 3.5863 0 -5.3026 4.1761
2 24 -2.0076 -5.2896 -3.5724 0 -5.2896 -4.1667
2 24 -2.0076 -9.7145 -3.5724 0 -9.7145 -4.1667
2 24 -2.0076 -5.2896 -3.5724 -3.5724 -5.2896 -2.0076
2 24 -2.0076 -9.7145 -3.5724 -3.5724 -9.7145 -2.0076
2 24 -3.5724 -5.2896 -2.0076 -4.1667 -5.2896 -0.0001
2 24 -3.5724 -9.7145 -2.0076 -4.1667 -9.7145 -0.0001
2 24 -4.1667 -5.2896 -0.0001 -3.5863 -5.2896 1.9937
2 24 -4.1667 -9.7145 -0.0001 -3.5863 -9.7145 1.9937
2 24 -3.5863 -5.2896 1.9937 -1.9937 -5.2896 3.5863
2 24 -3.5863 -9.7145 1.9937 -1.9937 -9.7145 3.5863
2 24 -1.9937 -5.2896 3.5863 0 -5.3026 4.1761
2 24 -1.9937 -9.7145 3.5863 0 -9.7275 4.1761
2 24 0 -10.4646 1.9324 -0.7144 -10.4646 1.8173
2 24 -0.7144 -10.4646 1.8173 -1.8173 -10.4646 0.7144
2 24 -1.8173 -10.4646 0.7144 -1.9324 -10.4646 0.0004
2 24 -1.9324 -10.4646 0.0004 -1.8012 -10.4646 -0.7304
2 24 -1.8012 -10.4646 -0.7304 -0.7305 -10.4646 -1.8012
2 24 -0.7305 -10.4646 -1.8012 0 -10.4776 -1.923
2 24 13.2089 -8.97 -1.2631 13.2627 -8.979 -1.7618
2 24 13.2089 -8.97 -1.2631 13.6331 -9.0772 -0.8633
2 24 13.2627 -8.979 -1.7618 15.0278 -9.4484 -3.7995
2 24 15.0278 -9.4484 -3.7995 16.312 -10.0478 -6.9482
2 24 16.312 -10.0478 -6.9482 16.1027 -9.9831 -10.0818
2 24 16.1027 -9.9831 -10.0818 13.8054 -9.1683 -12.814
2 24 13.8054 -9.1683 -12.814 10.2271 -8.4073 -13.8651
2 24 10.2271 -8.4073 -13.8651 6.5589 -8.2045 -13.209
2 24 6.5589 -8.2045 -13.209 3.9222 -8.3679 -11.7232
2 24 13.6331 -9.0772 -0.8633 15.839 -9.8149 0.1678
2 24 15.839 -9.8149 0.1678 17.357 -10.3797 2.2962
2 24 17.357 -10.3797 2.2962 18.1278 -10.7516 4.8666
2 24 18.1278 -10.7516 4.8666 18.7604 -11.1306 7.5186
2 24 18.7604 -11.1306 7.5186 19.3053 -11.486 10.5616
2 24 19.3053 -11.486 10.5616 19.2749 -11.4506 12.6455
2 24 19.2749 -11.4506 12.6455 18.7049 -11.1438 13.9802
2 24 18.7049 -11.1438 13.9802 17.2979 -10.4311 14.8029
2 24 17.2979 -10.4311 14.8029 14.0281 -9.2867 14.6829
2 24 14.0281 -9.2867 14.6829 10.497 -8.5092 13.6275
2 24 10.497 -8.5092 13.6275 7.5122 -8.2274 12.2612
2 24 7.5122 -8.2274 12.2612 4.4233 -8.3514 10.3474
2 24 4.0743 -8.3945 -7.0695 1.4163 -8.7866 -8.0366
2 24 3.9222 -8.3679 -11.7232 1.4163 -8.7866 -8.0366
2 24 5.7713 -8.1603 5.7702 7.0686 -8.161 4.0805
2 24 4.0743 -8.3945 -7.0695 5.7699 -8.1598 -5.7709
2 24 0 -12.0053 -9.1873 0.6722 -11.6254 -9.1324
2 24 0 -9.472 -9.3767 0.7202 -9.5262 -9.1142
2 24 1.9681 -12.3969 0.4246 1.6916 -12.4283 -1.6115
2 24 1.9681 -12.3969 0.4246 2.0245 -12.4099 2.5918
2 24 2.0245 -12.4099 2.5918 1.8629 -12.4483 4.6761
2 24 1.8629 -12.4483 4.6761 1.5672 -12.3811 6.9992
2 24 0.9353 -12.1038 -7.5777 1.2547 -11.626 -8.8038
2 24 1.299 -12.4087 -7.6343 1.561 -12.3729 -8.7796
2 24 0.9353 -12.1038 -7.5777 1.1024 -12.4219 -5.6451
2 24 1.299 -12.4087 -7.6343 1.1024 -12.4219 -5.6451
2 24 1.6916 -12.4283 -1.6115 1.2944 -12.4375 -3.7716
2 24 1.6916 -12.4283 -1.6115 1.9681 -12.3969 0.4246
2 24 1.9681 -12.3969 0.4246 2.0245 -12.4099 2.5918
2 24 6.5569 -12.2491 -13.2087 3.9239 -12.2921 -11.7241
2 24 13.2056 -13.0771 -1.2664 13.2522 -13.1075 -1.7573
2 24 13.2056 -13.0771 -1.2664 13.6151 -13.204 -0.869
2 24 10.4868 -12.639 13.6246 14.0108 -13.4147 14.6805
2 24 10.4868 -12.639 13.6246 7.5088 -12.3579 12.2596
2 24 7.5088 -12.3579 12.2596 4.4248 -12.219 10.3468
2 24 4.4248 -12.219 10.3468 1.831 -12.3406 7.6536
2 24 19.2895 -15.613 10.559 18.7454 -15.258 7.5142
2 24 18.7454 -15.258 7.5142 18.114 -14.8792 4.8614
2 24 18.114 -14.8792 4.8614 17.343 -14.5071 2.2908
2 24 17.343 -14.5071 2.2908 15.8235 -13.9419 0.1633
2 24 19.2895 -15.613 10.559 19.2589 -15.5772 12.6485
2 24 14.0108 -13.4147 14.6805 17.2749 -14.5558 14.8048
2 24 17.2749 -14.5558 14.8048 18.6851 -15.2689 13.986
2 24 19.2589 -15.5772 12.6485 18.6851 -15.2689 13.986
2 24 2.0245 -12.4099 2.5918 1.8629 -12.4483 4.6761
2 24 1.831 -12.3406 7.6536 1.5672 -12.3811 6.9992
2 24 1.8629 -12.4483 4.6761 1.5672 -12.3811 6.9992
2 24 13.6151 -13.204 -0.869 15.8235 -13.9419 0.1633
2 24 16.09 -14.1111 -10.0847 13.7925 -13.2962 -12.8162
2 24 16.09 -14.1111 -10.0847 16.3 -14.176 -6.9453
2 24 16.3 -14.176 -6.9453 15.016 -13.5765 -3.795
2 24 13.7925 -13.2962 -12.8162 10.22 -12.5363 -13.8652
2 24 6.5569 -12.2491 -13.2087 10.22 -12.5363 -13.8652
2 24 13.2522 -13.1075 -1.7573 15.016 -13.5765 -3.795
2 24 3.9239 -12.2921 -11.7241 1.561 -12.3729 -8.7796
2 24 1.1024 -12.4219 -5.6451 1.299 -12.4087 -7.6343
2 24 13.2522 -13.1075 -1.7573 13.2056 -13.0771 -1.2664
2 24 13.2056 -13.0771 -1.2664 13.2132 -11.2521 -1.2671
2 24 13.2132 -11.2521 -1.2671 13.2056 -13.0771 -1.2664
2 24 13.2056 -13.0771 -1.2664 13.6151 -13.204 -0.869
2 24 13.2522 -13.1075 -1.7573 15.016 -13.5765 -3.795
2 24 15.016 -13.5765 -3.795 16.3 -14.176 -6.9453
2 24 16.3 -14.176 -6.9453 16.09 -14.1111 -10.0847
2 24 16.09 -14.1111 -10.0847 13.7925 -13.2962 -12.8162
2 24 13.7925 -13.2962 -12.8162 10.22 -12.5363 -13.8652
2 24 10.22 -12.5363 -13.8652 6.5569 -12.2491 -13.2087
2 24 6.5569 -12.2491 -13.2087 3.9239 -12.2921 -11.7241
2 24 1.561 -12.3729 -8.7796 3.9239 -12.2921 -11.7241
2 24 1.2547 -11.626 -8.8038 1.3143 -10.6468 -9.1506
2 24 13.6151 -13.204 -0.869 15.8235 -13.9419 0.1633
2 24 15.8235 -13.9419 0.1633 17.343 -14.5071 2.2908
2 24 17.343 -14.5071 2.2908 18.114 -14.8792 4.8614
2 24 18.114 -14.8792 4.8614 18.7454 -15.258 7.5142
2 24 18.7454 -15.258 7.5142 19.2895 -15.613 10.559
2 24 19.2895 -15.613 10.559 19.2589 -15.5772 12.6485
2 24 19.2589 -15.5772 12.6485 18.6851 -15.2689 13.986
2 24 18.6851 -15.2689 13.986 17.2749 -14.5558 14.8048
2 24 17.2749 -14.5558 14.8048 14.0108 -13.4147 14.6805
2 24 14.0108 -13.4147 14.6805 10.4868 -12.639 13.6246
2 24 10.4868 -12.639 13.6246 7.5088 -12.3579 12.2596
2 24 7.5088 -12.3579 12.2596 4.4248 -12.219 10.3468
2 24 7.5122 -8.2274 12.2612 4.4233 -8.3514 10.3474
2 24 7.5122 -8.2274 12.2612 10.497 -8.5092 13.6275
2 24 10.497 -8.5092 13.6275 14.0281 -9.2867 14.6829
2 24 14.0281 -9.2867 14.6829 17.2979 -10.4311 14.8029
2 24 17.2979 -10.4311 14.8029 18.7049 -11.1438 13.9802
2 24 18.7049 -11.1438 13.9802 19.2749 -11.4506 12.6455
2 24 19.2749 -11.4506 12.6455 19.3053 -11.486 10.5616
2 24 19.3053 -11.486 10.5616 18.7604 -11.1306 7.5186
2 24 18.7604 -11.1306 7.5186 18.1278 -10.7516 4.8666
2 24 18.1278 -10.7516 4.8666 17.357 -10.3797 2.2962
2 24 17.357 -10.3797 2.2962 15.839 -9.8149 0.1678
2 24 15.839 -9.8149 0.1678 13.6331 -9.0772 -0.8633
2 24 13.6331 -9.0772 -0.8633 13.2089 -8.97 -1.2631
2 24 13.2132 -11.2521 -1.2671 13.2089 -8.97 -1.2631
2 24 13.2627 -8.979 -1.7618 13.2089 -8.97 -1.2631
2 24 13.2132 -11.2521 -1.2671 13.2089 -8.97 -1.2631
2 24 13.2627 -8.979 -1.7618 15.0278 -9.4484 -3.7995
2 24 15.0278 -9.4484 -3.7995 16.312 -10.0478 -6.9482
2 24 16.312 -10.0478 -6.9482 16.1027 -9.9831 -10.0818
2 24 16.1027 -9.9831 -10.0818 13.8054 -9.1683 -12.814
2 24 13.8054 -9.1683 -12.814 10.2271 -8.4073 -13.8651
2 24 10.2271 -8.4073 -13.8651 6.5589 -8.2045 -13.209
2 24 6.5589 -8.2045 -13.209 3.9222 -8.3679 -11.7232
2 24 3.9222 -8.3679 -11.7232 1.4163 -8.7866 -8.0366
2 24 1.3143 -10.6468 -9.1506 1.1343 -9.5389 -8.8754
2 24 1.561 -12.3729 -8.7796 1.299 -12.4087 -7.6343
2 24 1.2944 -12.4375 -3.7716 1.1024 -12.4219 -5.6451
2 24 1.4725 -12.0179 8.0664 1.7141 -11.3607 8.5956
2 24 1.4379 -8.9817 7.994 1.6722 -10.1328 8.7238
2 24 1.4725 -12.0179 8.0664 1.3948 -12.2724 7.5552
2 24 1.5672 -12.3811 6.9992 1.3948 -12.2724 7.5552
2 24 1.7141 -11.3607 8.5956 1.6722 -10.1328 8.7238
2 24 1.5672 -12.3811 6.9992 1.831 -12.3406 7.6536
2 24 1.5672 -12.3811 6.9992 1.3948 -12.2724 7.5552
2 24 1.3948 -12.2724 7.5552 1.4725 -12.0179 8.0664
2 24 5.7699 -8.1598 -5.7709 7.0686 -8.1609 -4.0802
2 24 1.4379 -8.9817 7.994 1.8953 -8.7674 7.9198
2 24 1.4379 -8.9817 7.994 1.0335 -8.7408 8.0373
2 24 4.4233 -8.3514 10.3474 1.8953 -8.7674 7.9198
2 24 1.8953 -8.7674 7.9198 4.0761 -8.1598 7.0694
2 24 4.4233 -8.3514 10.3474 1.8953 -8.7674 7.9198
2 24 1.831 -12.3406 7.6536 2.0231 -11.3752 8.5534
2 24 4.4248 -12.219 10.3468 1.831 -12.3406 7.6536
2 24 1.1024 -12.4219 -5.6451 1.2944 -12.4375 -3.7716
2 24 1.1024 -12.4219 -5.6451 0.9353 -12.1038 -7.5777
2 24 0.6722 -11.6254 -9.1324 1.2547 -11.626 -8.8038
2 24 0.9353 -12.1038 -7.5777 1.2547 -11.626 -8.8038
2 24 1.2547 -11.626 -8.8038 1.3143 -10.6468 -9.1506
2 24 1.3143 -10.6468 -9.1506 1.1343 -9.5389 -8.8754
2 24 1.1343 -9.5389 -8.8754 1.1659 -9.017 -8.0663
2 24 1.1343 -9.5389 -8.8754 1.1659 -9.017 -8.0663
2 24 1.4163 -8.7866 -8.0366 1.1659 -9.017 -8.0663
2 24 7.0686 -8.161 4.0805 7.8844 -8.1617 2.1123
2 24 7.8844 -8.1617 2.1123 8.1626 -8.1619 0.0001
2 24 8.1626 -8.1619 0.0001 7.8843 -8.1617 -2.1124
2 24 7.0686 -8.1609 -4.0802 7.8843 -8.1617 -2.1124
2 24 1.6916 -12.4283 -1.6115 1.2944 -12.4375 -3.7716
2 24 1.4163 -8.7866 -8.0366 1.1659 -9.017 -8.0663
2 24 0 -8.8666 -8.168 1.1659 -9.017 -8.0663
2 24 2.1122 0.0353 -7.8823 4.0801 0.0354 -7.0671
2 24 1.4725 -12.0179 8.0664 1.7141 -11.3607 8.5956
2 24 1.7141 -11.3607 8.5956 1.6722 -10.1328 8.7238
2 24 0 0.0354 8.1604 2.1121 0.0353 7.8823
2 24 0 0.0224 6.3519 3.0402 0.0354 5.4757
2 24 4.0801 0.0354 -7.0671 2.1122 0.0353 -7.8823
2 24 7.0671 0.0354 -4.0802 5.7702 0.0354 -5.7702
2 24 3.0618 0.0354 -5.4542 5.4542 0.0354 -3.0618
2 24 8.1604 0.0354 0 7.8823 0.0354 -2.1121
2 24 7.0671 0.0354 4.0802 7.8823 0.0354 2.1121
2 24 6.3613 0.0354 0.0001 5.4757 0.0354 3.0402
2 24 4.0802 0.0354 7.0671 5.7702 0.0354 5.7702
2 24 0 -9.7275 6.3519 3.0402 -9.7145 5.4757
2 24 0 0.0224 6.3519 3.0402 0.0354 5.4757
2 24 3.0402 -9.7145 5.4757 5.4758 -9.7145 3.0402
2 24 3.0402 0.0354 5.4757 5.4757 0.0354 3.0402
2 24 5.4758 -9.7145 3.0402 6.3613 -9.7145 0.0001
2 24 5.4757 0.0354 3.0402 6.3613 0.0354 0.0001
2 24 6.3613 -9.7145 0.0001 5.4542 -9.7145 -3.0618
2 24 6.3613 0.0354 0.0001 5.4542 0.0354 -3.0618
2 24 5.4542 -9.7145 -3.0618 3.0618 -9.7145 -5.4542
2 24 5.4542 0.0354 -3.0618 3.0618 0.0354 -5.4542
2 24 0 -9.7145 -6.3613 3.0618 -9.7145 -5.4542
2 24 0 0.0354 -6.3613 3.0618 0.0354 -5.4542
2 24 0 -9.7275 6.3519 3.0402 -9.7145 5.4757
2 24 0 -9.7275 4.1761 1.9937 -9.7145 3.5863
2 24 3.0402 -9.7145 5.4757 5.4758 -9.7145 3.0402
2 24 1.9937 -9.7145 3.5863 3.5863 -9.7145 1.9937
2 24 5.4758 -9.7145 3.0402 6.3613 -9.7145 0.0001
2 24 3.5863 -9.7145 1.9937 4.1667 -9.7145 -0.0001
2 24 6.3613 -9.7145 0.0001 5.4542 -9.7145 -3.0618
2 24 4.1667 -9.7145 -0.0001 3.5724 -9.7145 -2.0076
2 24 5.4542 -9.7145 -3.0618 3.0618 -9.7145 -5.4542
2 24 3.5724 -9.7145 -2.0076 2.0076 -9.7145 -3.5724
2 24 0 -9.7145 -6.3613 3.0618 -9.7145 -5.4542
2 24 0 -9.7145 -4.1667 2.0076 -9.7145 -3.5724
2 24 0 -5.3026 4.1761 1.9937 -5.2896 3.5863
2 24 0 -9.7275 4.1761 1.9937 -9.7145 3.5863
2 24 1.9937 -9.7145 3.5863 3.5863 -9.7145 1.9937
2 24 1.9937 -5.2896 3.5863 3.5863 -5.2896 1.9937
2 24 3.5863 -9.7145 1.9937 4.1667 -9.7145 -0.0001
2 24 3.5863 -5.2896 1.9937 4.1667 -5.2896 -0.0001
2 24 4.1667 -9.7145 -0.0001 3.5724 -9.7145 -2.0076
2 24 4.1667 -5.2896 -0.0001 3.5724 -5.2896 -2.0076
2 24 3.5724 -9.7145 -2.0076 2.0076 -9.7145 -3.5724
2 24 3.5724 -5.2896 -2.0076 2.0076 -5.2896 -3.5724
2 24 0 -9.7145 -4.1667 2.0076 -9.7145 -3.5724
2 24 0 -5.2896 -4.1667 2.0076 -5.2896 -3.5724
2 24 0 -5.2896 1.9324 0.7144 -5.2896 1.8173
2 24 0 -5.3026 4.1761 1.9937 -5.2896 3.5863
2 24 1.9937 -5.2896 3.5863 3.5863 -5.2896 1.9937
2 24 0.7144 -5.2896 1.8173 1.8173 -5.2896 0.7144
2 24 3.5863 -5.2896 1.9937 4.1667 -5.2896 -0.0001
2 24 1.8173 -5.2896 0.7144 1.9324 -5.2896 0.0004
2 24 4.1667 -5.2896 -0.0001 3.5724 -5.2896 -2.0076
2 24 1.9324 -5.2896 0.0004 1.8012 -5.2896 -0.7304
2 24 3.5724 -5.2896 -2.0076 2.0076 -5.2896 -3.5724
2 24 1.8012 -5.2896 -0.7304 0.7305 -5.2896 -1.8012
2 24 0 -5.2896 -4.1667 2.0076 -5.2896 -3.5724
2 24 0 -5.3026 -1.923 0.7305 -5.2896 -1.8012
2 24 0 -10.4646 1.9324 0.7144 -10.4646 1.8173
2 24 0 -5.2896 1.9324 0.7144 -5.2896 1.8173
2 24 0.7144 -5.2896 1.8173 1.8173 -5.2896 0.7144
2 24 0.7144 -10.4646 1.8173 1.8173 -10.4646 0.7144
2 24 1.8173 -5.2896 0.7144 1.9324 -5.2896 0.0004
2 24 1.8173 -10.4646 0.7144 1.9324 -10.4646 0.0004
2 24 1.9324 -5.2896 0.0004 1.8012 -5.2896 -0.7304
2 24 1.9324 -10.4646 0.0004 1.8012 -10.4646 -0.7304
2 24 1.8012 -5.2896 -0.7304 0.7305 -5.2896 -1.8012
2 24 1.8012 -10.4646 -0.7304 0.7305 -10.4646 -1.8012
2 24 0 -5.3026 -1.923 0.7305 -5.2896 -1.8012
2 24 0 -10.4776 -1.923 0.7305 -10.4646 -1.8012
2 24 2.1121 0.0353 7.8823 4.0802 0.0354 7.0671
2 24 3.0402 0.0354 5.4757 5.4757 0.0354 3.0402
2 24 7.0671 0.0354 4.0802 5.7702 0.0354 5.7702
2 24 8.1604 0.0354 0 7.8823 0.0354 2.1121
2 24 5.4542 0.0354 -3.0618 6.3613 0.0354 0.0001
2 24 7.0671 0.0354 -4.0802 7.8823 0.0354 -2.1121
2 24 4.0801 0.0354 -7.0671 5.7702 0.0354 -5.7702
2 24 0 0.0354 -6.3613 3.0618 0.0354 -5.4542
2 24 0 0.0224 -8.1697 2.1122 0.0353 -7.8823
2 24 4.0802 0.0354 7.0671 2.1121 0.0353 7.8823
2 24 0 0.0354 8.1604 2.1121 0.0353 7.8823
2 24 4.0801 0.0354 -7.0671 5.7702 0.0354 -5.7702
2 24 5.7702 0.0354 -5.7702 7.0671 0.0354 -4.0802
2 24 7.0671 0.0354 -4.0802 7.8823 0.0354 -2.1121
2 24 7.8823 0.0354 -2.1121 8.1604 0.0354 0
2 24 8.1604 0.0354 0 7.8823 0.0354 2.1121
2 24 7.8823 0.0354 2.1121 7.0671 0.0354 4.0802
2 24 7.0671 0.0354 4.0802 5.7702 0.0354 5.7702
2 24 4.0802 0.0354 7.0671 5.7702 0.0354 5.7702
2 24 0 -8.5005 8.1749 1.0335 -8.7408 8.0373
2 24 1.4379 -8.9817 7.994 1.0335 -8.7408 8.0373
2 24 1.8953 -8.7674 7.9198 1.4379 -8.9817 7.994
2 24 1.6722 -10.1328 8.7238 1.4379 -8.9817 7.994
2 24 0 -8.5005 8.1749 1.0335 -8.7408 8.0373
2 24 0 -8.8666 -8.168 1.1659 -9.017 -8.0663
2 24 0 0.0224 -8.1697 2.1122 0.0353 -7.8823
2 24 5.7713 -8.1603 5.7702 4.0761 -8.1598 7.0694
2 24 0 -10.4646 1.9324 0.7144 -10.4646 1.8173
2 24 0.7144 -10.4646 1.8173 1.8173 -10.4646 0.7144
2 24 1.8173 -10.4646 0.7144 1.9324 -10.4646 0.0004
2 24 1.9324 -10.4646 0.0004 1.8012 -10.4646 -0.7304
2 24 1.8012 -10.4646 -0.7304 0.7305 -10.4646 -1.8012
2 24 0 -10.4776 -1.923 0.7305 -10.4646 -1.8012
2 24 -1.8953 -8.7675 7.9199 -1.4378 -8.9815 7.9939
2 24 -1.0335 -8.7408 8.0373 -1.4378 -8.9815 7.9939
2 24 -1.4163 -8.7866 -8.0366 -4.0743 -8.3945 -7.0695
2 24 -4.0743 -8.3945 -7.0695 -5.7699 -8.1598 -5.7709
2 24 -5.7699 -8.1598 -5.7709 -7.0686 -8.1609 -4.0802
2 24 -7.0686 -8.1609 -4.0802 -7.8843 -8.1617 -2.1124
2 24 -7.8843 -8.1617 -2.1124 -8.1626 -8.1619 0.0001
2 24 -8.1626 -8.1619 0.0001 -7.8844 -8.1617 2.1123
2 24 -7.8844 -8.1617 2.1123 -7.0686 -8.161 4.0805
2 24 -7.0686 -8.161 4.0805 -5.7713 -8.1603 5.7702
2 24 -5.7713 -8.1603 5.7702 -4.0761 -8.1598 7.0694
2 24 -1.8953 -8.7675 7.9199 -4.0761 -8.1598 7.0694
2 24 1.8953 -8.7674 7.9198 4.0761 -8.1598 7.0694
2 24 4.0761 -8.1598 7.0694 5.7713 -8.1603 5.7702
2 24 5.7713 -8.1603 5.7702 7.0686 -8.161 4.0805
2 24 7.0686 -8.161 4.0805 7.8844 -8.1617 2.1123
2 24 7.8844 -8.1617 2.1123 8.1626 -8.1619 0.0001
2 24 8.1626 -8.1619 0.0001 7.8843 -8.1617 -2.1124
2 24 7.8843 -8.1617 -2.1124 7.0686 -8.1609 -4.0802
2 24 7.0686 -8.1609 -4.0802 5.7699 -8.1598 -5.7709
2 24 5.7699 -8.1598 -5.7709 4.0743 -8.3945 -7.0695
2 24 1.4163 -8.7866 -8.0366 4.0743 -8.3945 -7.0695
0 STEP
